{
"type": "FeatureCollection",
"name": "pilot_roads",
"crs": { "type": "name", "properties": { "name": "urn:ogc:def:crs:OGC:1.3:CRS84" } },
"features": [
{ "type": "Feature", "properties": { "u": 245659919, "v": 10282040400, "key": 0, "name": "Bhoiwada Samshan Bhoomi Road", "highway": "residential", "length": 9.1476161634807447, "grade": 0.011239882614641976, "slope_pct": 1.12 }, "geometry": { "type": "LineString", "coordinates": [ [ 72.8471717, 19.0076954 ], [ 72.8472558, 19.0076743 ] ] } },
{ "type": "Feature", "properties": { "u": 245659919, "v": 13686749227, "key": 0, "name": "G.D. Ambedkar Marg", "highway": "secondary", "length": 76.609493831329274, "grade": 0.023915714741018158, "slope_pct": 2.39 }, "geometry": { "type": "LineString", "coordinates": [ [ 72.8471717, 19.0076954 ], [ 72.8472654, 19.0081549 ], [ 72.8473548, 19.0083591 ] ] } },
{ "type": "Feature", "properties": { "u": 245659953, "v": 12438616459, "key": 0, "name": "Govindji Keni Road", "highway": "tertiary", "length": 42.852283810657163, "grade": 0.019103866719850912, "slope_pct": 1.91 }, "geometry": { "type": "LineString", "coordinates": [ [ 72.8443818, 19.0079282 ], [ 72.8446119, 19.0076101 ] ] } },
{ "type": "Feature", "properties": { "u": 245659953, "v": 245660007, "key": 0, "name": "Govindji Keni Road", "highway": "tertiary", "length": 105.00846961431344, "grade": 0.016170486652334806, "slope_pct": 1.62 }, "geometry": { "type": "LineString", "coordinates": [ [ 72.8443818, 19.0079282 ], [ 72.8436319, 19.008552 ] ] } },
{ "type": "Feature", "properties": { "u": 245659954, "v": 245660063, "key": 0, "name": "V V D Buva Road", "highway": "residential", "length": 196.2914947924867, "grade": 0.0064324100897336037, "slope_pct": 0.64 }, "geometry": { "type": "LineString", "coordinates": [ [ 72.8454421, 19.0077614 ], [ 72.8455679, 19.0080235 ], [ 72.8460087, 19.0090348 ], [ 72.8461431, 19.0093968 ] ] } },
{ "type": "Feature", "properties": { "u": 245659974, "v": 471942850, "key": 0, "name": "Fitwala Road", "highway": "residential", "length": 19.909352399422577, "grade": 0.0064318794473964581, "slope_pct": 0.64 }, "geometry": { "type": "LineString", "coordinates": [ [ 72.8325509, 19.0084338 ], [ 72.8327036, 19.0083279 ] ] } },
{ "type": "Feature", "properties": { "u": 245659974, "v": 2444311214, "key": 0, "name": "Senapati Bapat Marg", "highway": "primary", "length": 20.444559573241971, "grade": 0.0042778394677003883, "slope_pct": 0.43 }, "geometry": { "type": "LineString", "coordinates": [ [ 72.8325509, 19.0084338 ], [ 72.832655, 19.0085891 ] ] } },
{ "type": "Feature", "properties": { "u": 245659990, "v": 13686749225, "key": 0, "name": "G.D. Ambedkar Marg", "highway": "secondary", "length": 43.777670744699556, "grade": 0.022055875207048575, "slope_pct": 2.21 }, "geometry": { "type": "LineString", "coordinates": [ [ 72.8475472, 19.0087983 ], [ 72.8477038, 19.0091631 ] ] } },
{ "type": "Feature", "properties": { "u": 245659990, "v": 245660031, "key": 0, "name": "B J Deorukhkar Marg", "highway": "residential", "length": 80.677808819689304, "grade": 0.016224530258350595, "slope_pct": 1.62 }, "geometry": { "type": "LineString", "coordinates": [ [ 72.8475472, 19.0087983 ], [ 72.846846, 19.0090931 ] ] } },
{ "type": "Feature", "properties": { "u": 245659990, "v": 12260497090, "key": 0, "name": null, "highway": "residential", "length": 9.3115596507616711, "grade": 0.018577596711513003, "slope_pct": 1.86 }, "geometry": { "type": "LineString", "coordinates": [ [ 72.8475472, 19.0087983 ], [ 72.847628, 19.008764 ] ] } },
{ "type": "Feature", "properties": { "u": 245660007, "v": 245660116, "key": 0, "name": "Jyotiba Phule Marg", "highway": "residential", "length": 203.96122548828916, "grade": 0.0034528588745076538, "slope_pct": 0.35 }, "geometry": { "type": "LineString", "coordinates": [ [ 72.8436319, 19.008552 ], [ 72.8446512, 19.0101127 ] ] } },
{ "type": "Feature", "properties": { "u": 245660007, "v": 245660045, "key": 0, "name": null, "highway": "tertiary", "length": 80.303761229950965, "grade": 0.024338016747563876, "slope_pct": 2.43 }, "geometry": { "type": "LineString", "coordinates": [ [ 72.8436319, 19.008552 ], [ 72.8429923, 19.0089468 ] ] } },
{ "type": "Feature", "properties": { "u": 245660007, "v": 245659953, "key": 0, "name": "Govindji Keni Road", "highway": "tertiary", "length": 105.00846961431344, "grade": 0.021313738097609281, "slope_pct": 2.13 }, "geometry": { "type": "LineString", "coordinates": [ [ 72.8436319, 19.008552 ], [ 72.8443818, 19.0079282 ] ] } },
{ "type": "Feature", "properties": { "u": 245660020, "v": 245660045, "key": 0, "name": "S M Jadhav Road (Road No 2)", "highway": "residential", "length": 31.927973629940219, "grade": 0.0076714604349220755, "slope_pct": 0.77 }, "geometry": { "type": "LineString", "coordinates": [ [ 72.8428243, 19.0087076 ], [ 72.8429923, 19.0089468 ] ] } },
{ "type": "Feature", "properties": { "u": 245660030, "v": 245660066, "key": 0, "name": "Senapati Bapat Marg", "highway": "primary", "length": 69.572535308716084, "grade": 0.0070001492785562143, "slope_pct": 0.7 }, "geometry": { "type": "LineString", "coordinates": [ [ 72.8328383, 19.0088432 ], [ 72.8330467, 19.0090251 ], [ 72.8332775, 19.0093083 ] ] } },
{ "type": "Feature", "properties": { "u": 245660031, "v": 245660063, "key": 0, "name": "B J Deorukhkar Marg", "highway": "residential", "length": 81.247350509240007, "grade": 0.0070348992167755444, "slope_pct": 0.7 }, "geometry": { "type": "LineString", "coordinates": [ [ 72.846846, 19.0090931 ], [ 72.8461431, 19.0093968 ] ] } },
{ "type": "Feature", "properties": { "u": 245660031, "v": 245659990, "key": 0, "name": "B J Deorukhkar Marg", "highway": "residential", "length": 80.677808819689304, "grade": 0.0096933293451098301, "slope_pct": 0.97 }, "geometry": { "type": "LineString", "coordinates": [ [ 72.846846, 19.0090931 ], [ 72.8475472, 19.0087983 ] ] } },
{ "type": "Feature", "properties": { "u": 245660031, "v": 245660144, "key": 0, "name": "P Pednekar Marg", "highway": "residential", "length": 205.39239157273104, "grade": 0.014544641495909234, "slope_pct": 1.45 }, "geometry": { "type": "LineString", "coordinates": [ [ 72.846846, 19.0090931 ], [ 72.8473122, 19.0101203 ], [ 72.8473849, 19.0102708 ], [ 72.8476131, 19.0107918 ] ] } },
{ "type": "Feature", "properties": { "u": 245660045, "v": 12566268246, "key": 0, "name": null, "highway": "tertiary", "length": 113.37082516904191, "grade": 0.012502790410126547, "slope_pct": 1.25 }, "geometry": { "type": "LineString", "coordinates": [ [ 72.8429923, 19.0089468 ], [ 72.842106, 19.0095276 ] ] } },
{ "type": "Feature", "properties": { "u": 245660045, "v": 245660007, "key": 0, "name": null, "highway": "tertiary", "length": 80.303761229950965, "grade": 0.0094070410843569222, "slope_pct": 0.94 }, "geometry": { "type": "LineString", "coordinates": [ [ 72.8429923, 19.0089468 ], [ 72.8436319, 19.008552 ] ] } },
{ "type": "Feature", "properties": { "u": 245660045, "v": 245660070, "key": 0, "name": "S M Jadhav Road (Road No 2)", "highway": "residential", "length": 69.240926944643533, "grade": 0.016460763683892349, "slope_pct": 1.65 }, "geometry": { "type": "LineString", "coordinates": [ [ 72.8429923, 19.0089468 ], [ 72.8433575, 19.009465 ] ] } },
{ "type": "Feature", "properties": { "u": 245660045, "v": 245660020, "key": 0, "name": "S M Jadhav Road (Road No 2)", "highway": "residential", "length": 31.927973629940219, "grade": 0.0060688649343449211, "slope_pct": 0.61 }, "geometry": { "type": "LineString", "coordinates": [ [ 72.8429923, 19.0089468 ], [ 72.8428243, 19.0087076 ] ] } },
{ "type": "Feature", "properties": { "u": 245660063, "v": 7453717285, "key": 0, "name": "B J Deorukhkar Marg", "highway": "residential", "length": 51.063946537669651, "grade": 0.0094271822677747998, "slope_pct": 0.94 }, "geometry": { "type": "LineString", "coordinates": [ [ 72.8461431, 19.0093968 ], [ 72.8456958, 19.0095758 ] ] } },
{ "type": "Feature", "properties": { "u": 245660063, "v": 245660031, "key": 0, "name": "B J Deorukhkar Marg", "highway": "residential", "length": 81.247350509240007, "grade": 0.01105996055246122, "slope_pct": 1.11 }, "geometry": { "type": "LineString", "coordinates": [ [ 72.8461431, 19.0093968 ], [ 72.846846, 19.0090931 ] ] } },
{ "type": "Feature", "properties": { "u": 245660063, "v": 245660184, "key": 0, "name": "V V D Buva Road", "highway": "residential", "length": 204.20553202484399, "grade": 0.013033539652774793, "slope_pct": 1.3 }, "geometry": { "type": "LineString", "coordinates": [ [ 72.8461431, 19.0093968 ], [ 72.8466732, 19.0105596 ], [ 72.8469313, 19.011075 ] ] } },
{ "type": "Feature", "properties": { "u": 245660063, "v": 245659954, "key": 0, "name": "V V D Buva Road", "highway": "residential", "length": 196.2914947924867, "grade": 0.0202738711506463, "slope_pct": 2.03 }, "geometry": { "type": "LineString", "coordinates": [ [ 72.8461431, 19.0093968 ], [ 72.8460087, 19.0090348 ], [ 72.8455679, 19.0080235 ], [ 72.8454421, 19.0077614 ] ] } },
{ "type": "Feature", "properties": { "u": 245660066, "v": 2444311224, "key": 0, "name": "J Bhatankar Marg", "highway": "secondary", "length": 34.603597761704187, "grade": 0.0073928232074839144, "slope_pct": 0.74 }, "geometry": { "type": "LineString", "coordinates": [ [ 72.8332775, 19.0093083 ], [ 72.8329485, 19.0093176 ] ] } },
{ "type": "Feature", "properties": { "u": 245660066, "v": 471942852, "key": 0, "name": "Jagannath Bhatnagar Road", "highway": "secondary", "length": 22.794233236561457, "grade": 0.014313157645099456, "slope_pct": 1.43 }, "geometry": { "type": "LineString", "coordinates": [ [ 72.8332775, 19.0093083 ], [ 72.8334559, 19.0091918 ] ] } },
{ "type": "Feature", "properties": { "u": 245660066, "v": 11384605403, "key": 0, "name": "Senapati Bapat Marg", "highway": "primary", "length": 108.69553685244759, "grade": 0.016033120514964937, "slope_pct": 1.6 }, "geometry": { "type": "LineString", "coordinates": [ [ 72.8332775, 19.0093083 ], [ 72.8339971, 19.0100102 ] ] } },
{ "type": "Feature", "properties": { "u": 245660069, "v": 1179221116, "key": 0, "name": null, "highway": "trunk_link", "length": 24.322662029954241, "grade": 0.0040219090798399504, "slope_pct": 0.4 }, "geometry": { "type": "LineString", "coordinates": [ [ 72.8418546, 19.0095545 ], [ 72.8420602, 19.0094542 ] ] } },
{ "type": "Feature", "properties": { "u": 245660069, "v": 2258304456, "key": 0, "name": "Dr Babasaheb Ambedkar Marg (Vincent Road)", "highway": "trunk", "length": 209.66561826697134, "grade": 0.016365986741831644, "slope_pct": 1.64 }, "geometry": { "type": "LineString", "coordinates": [ [ 72.8418546, 19.0095545 ], [ 72.8422077, 19.0101324 ], [ 72.8424216, 19.0104558 ], [ 72.8424566, 19.0105111 ], [ 72.8425927, 19.0107263 ], [ 72.8428243, 19.0110563 ], [ 72.8429443, 19.01111 ] ] } },
{ "type": "Feature", "properties": { "u": 245660070, "v": 245660099, "key": 0, "name": "S M Jadhav Road (Road No 2)", "highway": "residential", "length": 104.51338712195496, "grade": 0.0067515307211204138, "slope_pct": 0.68 }, "geometry": { "type": "LineString", "coordinates": [ [ 72.8433575, 19.009465 ], [ 72.8438814, 19.0102638 ] ] } },
{ "type": "Feature", "properties": { "u": 245660070, "v": 245660045, "key": 0, "name": "S M Jadhav Road (Road No 2)", "highway": "residential", "length": 69.240926944643533, "grade": 0.0044311350456761496, "slope_pct": 0.44 }, "geometry": { "type": "LineString", "coordinates": [ [ 72.8433575, 19.009465 ], [ 72.8429923, 19.0089468 ] ] } },
{ "type": "Feature", "properties": { "u": 245660070, "v": 245660094, "key": 0, "name": null, "highway": "residential", "length": 100.59725149777951, "grade": 0.023875481819573333, "slope_pct": 2.39 }, "geometry": { "type": "LineString", "coordinates": [ [ 72.8433575, 19.009465 ], [ 72.8428605, 19.0097495 ], [ 72.8430482, 19.0100574 ] ] } },
{ "type": "Feature", "properties": { "u": 245660094, "v": 1179221113, "key": 0, "name": null, "highway": "residential", "length": 54.337535764891307, "grade": 0.024243904727640306, "slope_pct": 2.42 }, "geometry": { "type": "LineString", "coordinates": [ [ 72.8430482, 19.0100574 ], [ 72.8426174, 19.0103274 ] ] } },
{ "type": "Feature", "properties": { "u": 245660094, "v": 245660070, "key": 0, "name": null, "highway": "residential", "length": 100.59725149777951, "grade": 0.020784741658562145, "slope_pct": 2.08 }, "geometry": { "type": "LineString", "coordinates": [ [ 72.8430482, 19.0100574 ], [ 72.8428605, 19.0097495 ], [ 72.8433575, 19.009465 ] ] } },
{ "type": "Feature", "properties": { "u": 245660094, "v": 245660099, "key": 0, "name": null, "highway": "residential", "length": 106.68167563474438, "grade": 0.009701502921814157, "slope_pct": 0.97 }, "geometry": { "type": "LineString", "coordinates": [ [ 72.8430482, 19.0100574 ], [ 72.8432238, 19.0102777 ], [ 72.8435549, 19.0104126 ], [ 72.8438814, 19.0102638 ] ] } },
{ "type": "Feature", "properties": { "u": 245660099, "v": 245660143, "key": 0, "name": "S M Jadhav Road (Road No 2)", "highway": "residential", "length": 31.267469021786368, "grade": 0.0051487865081404453, "slope_pct": 0.51 }, "geometry": { "type": "LineString", "coordinates": [ [ 72.8438814, 19.0102638 ], [ 72.8440381, 19.0105028 ] ] } },
{ "type": "Feature", "properties": { "u": 245660099, "v": 245660070, "key": 0, "name": "S M Jadhav Road (Road No 2)", "highway": "residential", "length": 104.51338712195496, "grade": 0.018053126583267454, "slope_pct": 1.81 }, "geometry": { "type": "LineString", "coordinates": [ [ 72.8438814, 19.0102638 ], [ 72.8433575, 19.009465 ] ] } },
{ "type": "Feature", "properties": { "u": 245660099, "v": 245660094, "key": 0, "name": null, "highway": "residential", "length": 106.68167563474439, "grade": 0.012683354862271231, "slope_pct": 1.27 }, "geometry": { "type": "LineString", "coordinates": [ [ 72.8438814, 19.0102638 ], [ 72.8435549, 19.0104126 ], [ 72.8432238, 19.0102777 ], [ 72.8430482, 19.0100574 ] ] } },
{ "type": "Feature", "properties": { "u": 245660116, "v": 245660143, "key": 0, "name": "B J Deorukhkar Marg", "highway": "residential", "length": 77.692307140132471, "grade": 0.0056848411665851341, "slope_pct": 0.57 }, "geometry": { "type": "LineString", "coordinates": [ [ 72.8446512, 19.0101127 ], [ 72.8440381, 19.0105028 ] ] } },
{ "type": "Feature", "properties": { "u": 245660116, "v": 7453717285, "key": 0, "name": "B J Deorukhkar Marg", "highway": "residential", "length": 124.99806965526511, "grade": 0.013893892022447944, "slope_pct": 1.39 }, "geometry": { "type": "LineString", "coordinates": [ [ 72.8446512, 19.0101127 ], [ 72.8456958, 19.0095758 ] ] } },
{ "type": "Feature", "properties": { "u": 245660116, "v": 245660257, "key": 0, "name": "Jyotiba Phule Marg", "highway": "residential", "length": 201.67890037559786, "grade": 0.003756547464534805, "slope_pct": 0.38 }, "geometry": { "type": "LineString", "coordinates": [ [ 72.8446512, 19.0101127 ], [ 72.8456781, 19.0116447 ] ] } },
{ "type": "Feature", "properties": { "u": 245660116, "v": 245660007, "key": 0, "name": "Jyotiba Phule Marg", "highway": "residential", "length": 203.96122548828916, "grade": 0.023005048845733206, "slope_pct": 2.3 }, "geometry": { "type": "LineString", "coordinates": [ [ 72.8446512, 19.0101127 ], [ 72.8436319, 19.008552 ] ] } },
{ "type": "Feature", "properties": { "u": 245660117, "v": 13671676552, "key": 0, "name": "G.D. Ambedkar Marg", "highway": "secondary", "length": 60.917914367979712, "grade": 0.008693159595200374, "slope_pct": 0.87 }, "geometry": { "type": "LineString", "coordinates": [ [ 72.8482768, 19.0105341 ], [ 72.8485032, 19.0110384 ] ] } },
{ "type": "Feature", "properties": { "u": 245660117, "v": 245660144, "key": 0, "name": "S S Wagh Road (Morbaugh Road)", "highway": "residential", "length": 75.42979056510211, "grade": 0.017575490255787606, "slope_pct": 1.76 }, "geometry": { "type": "LineString", "coordinates": [ [ 72.8482768, 19.0105341 ], [ 72.8478601, 19.0106959 ], [ 72.8476131, 19.0107918 ] ] } },
{ "type": "Feature", "properties": { "u": 245660124, "v": 245660066, "key": 0, "name": "Sayani Marg", "highway": "secondary", "length": 36.053415492458512, "grade": 0.0098576436739670412, "slope_pct": 0.99 }, "geometry": { "type": "LineString", "coordinates": [ [ 72.8330317, 19.0095344 ], [ 72.8332775, 19.0093083 ] ] } },
{ "type": "Feature", "properties": { "u": 245660124, "v": 2444311224, "key": 0, "name": null, "highway": "secondary_link", "length": 27.150570284240509, "grade": 0.014441496465911838, "slope_pct": 1.44 }, "geometry": { "type": "LineString", "coordinates": [ [ 72.8330317, 19.0095344 ], [ 72.8330309, 19.0094148 ], [ 72.8329485, 19.0093176 ] ] } },
{ "type": "Feature", "properties": { "u": 245660143, "v": 245660183, "key": 0, "name": "B J Deorukhkar Marg", "highway": "residential", "length": 123.63808154615334, "grade": 0.015027626145552152, "slope_pct": 1.5 }, "geometry": { "type": "LineString", "coordinates": [ [ 72.8440381, 19.0105028 ], [ 72.843054, 19.0111116 ] ] } },
{ "type": "Feature", "properties": { "u": 245660143, "v": 245660116, "key": 0, "name": "B J Deorukhkar Marg", "highway": "residential", "length": 77.692307140132471, "grade": 0.0070667980215615954, "slope_pct": 0.71 }, "geometry": { "type": "LineString", "coordinates": [ [ 72.8440381, 19.0105028 ], [ 72.8446512, 19.0101127 ] ] } },
{ "type": "Feature", "properties": { "u": 245660143, "v": 245660099, "key": 0, "name": "S M Jadhav Road (Road No 2)", "highway": "residential", "length": 31.267469021786368, "grade": 0.024330861810820288, "slope_pct": 2.43 }, "geometry": { "type": "LineString", "coordinates": [ [ 72.8440381, 19.0105028 ], [ 72.8438814, 19.0102638 ] ] } },
{ "type": "Feature", "properties": { "u": 245660143, "v": 11068350822, "key": 0, "name": "S M Jadhav Road (Road No 2)", "highway": "residential", "length": 76.581465195607464, "grade": 0.020052922113944521, "slope_pct": 2.01 }, "geometry": { "type": "LineString", "coordinates": [ [ 72.8440381, 19.0105028 ], [ 72.8441871, 19.0107305 ], [ 72.8442826, 19.0108763 ], [ 72.8443026, 19.0109068 ], [ 72.8443122, 19.0109215 ], [ 72.8444215, 19.0110884 ] ] } },
{ "type": "Feature", "properties": { "u": 245660144, "v": 245660031, "key": 0, "name": "P Pednekar Marg", "highway": "residential", "length": 205.39239157273101, "grade": 0.023668976714412163, "slope_pct": 2.37 }, "geometry": { "type": "LineString", "coordinates": [ [ 72.8476131, 19.0107918 ], [ 72.8473849, 19.0102708 ], [ 72.8473122, 19.0101203 ], [ 72.846846, 19.0090931 ] ] } },
{ "type": "Feature", "properties": { "u": 245660144, "v": 245660184, "key": 0, "name": "S S Wagh Road (Morbaugh Road)", "highway": "residential", "length": 78.290114433090238, "grade": 0.022686201709408275, "slope_pct": 2.27 }, "geometry": { "type": "LineString", "coordinates": [ [ 72.8476131, 19.0107918 ], [ 72.8471508, 19.0109838 ], [ 72.8469313, 19.011075 ] ] } },
{ "type": "Feature", "properties": { "u": 245660144, "v": 245660117, "key": 0, "name": "S S Wagh Road (Morbaugh Road)", "highway": "residential", "length": 75.42979056510211, "grade": 0.016153799533843875, "slope_pct": 1.62 }, "geometry": { "type": "LineString", "coordinates": [ [ 72.8476131, 19.0107918 ], [ 72.8478601, 19.0106959 ], [ 72.8482768, 19.0105341 ] ] } },
{ "type": "Feature", "properties": { "u": 245660183, "v": 245660143, "key": 0, "name": "B J Deorukhkar Marg", "highway": "residential", "length": 123.63808154615334, "grade": 0.023281233170508571, "slope_pct": 2.33 }, "geometry": { "type": "LineString", "coordinates": [ [ 72.843054, 19.0111116 ], [ 72.8440381, 19.0105028 ] ] } },
{ "type": "Feature", "properties": { "u": 245660183, "v": 2258304455, "key": 0, "name": "Dr Babasaheb Ambedkar Marg (Vincent Road)", "highway": "trunk", "length": 16.681578801078093, "grade": 0.0049468350451422295, "slope_pct": 0.49 }, "geometry": { "type": "LineString", "coordinates": [ [ 72.843054, 19.0111116 ], [ 72.8429687, 19.0109851 ] ] } },
{ "type": "Feature", "properties": { "u": 245660184, "v": 11068349071, "key": 0, "name": "V V D Buva Road", "highway": "residential", "length": 66.376803540482953, "grade": 0.0073116229732211949, "slope_pct": 0.73 }, "geometry": { "type": "LineString", "coordinates": [ [ 72.8469313, 19.011075 ], [ 72.8471747, 19.0116258 ] ] } },
{ "type": "Feature", "properties": { "u": 245660184, "v": 245660063, "key": 0, "name": "V V D Buva Road", "highway": "residential", "length": 204.20553202484399, "grade": 0.003995000356031838, "slope_pct": 0.4 }, "geometry": { "type": "LineString", "coordinates": [ [ 72.8469313, 19.011075 ], [ 72.8466732, 19.0105596 ], [ 72.8461431, 19.0093968 ] ] } },
{ "type": "Feature", "properties": { "u": 245660184, "v": 245660144, "key": 0, "name": "S S Wagh Road (Morbaugh Road)", "highway": "residential", "length": 78.290114433090238, "grade": 0.010157267276791816, "slope_pct": 1.02 }, "geometry": { "type": "LineString", "coordinates": [ [ 72.8469313, 19.011075 ], [ 72.8471508, 19.0109838 ], [ 72.8476131, 19.0107918 ] ] } },
{ "type": "Feature", "properties": { "u": 245660184, "v": 245660257, "key": 0, "name": "S S Wagh Road (Morbaugh Road)", "highway": "residential", "length": 146.19329953885156, "grade": 0.011550900373168606, "slope_pct": 1.16 }, "geometry": { "type": "LineString", "coordinates": [ [ 72.8469313, 19.011075 ], [ 72.8464743, 19.0112763 ], [ 72.8456781, 19.0116447 ] ] } },
{ "type": "Feature", "properties": { "u": 245660229, "v": 13661562623, "key": 0, "name": "Road No 26", "highway": "tertiary", "length": 6.8855686295672101, "grade": 0.0089696786990257106, "slope_pct": 0.9 }, "geometry": { "type": "LineString", "coordinates": [ [ 72.8535644, 19.0114576 ], [ 72.8535011, 19.0114735 ] ] } },
{ "type": "Feature", "properties": { "u": 245660237, "v": 245660274, "key": 0, "name": "Shankar Abaji Palav Marg", "highway": "residential", "length": 146.10838276543637, "grade": 0.021232225201342447, "slope_pct": 2.12 }, "geometry": { "type": "LineString", "coordinates": [ [ 72.8435421, 19.0120149 ], [ 72.8431577, 19.0119923 ], [ 72.8428414, 19.0120171 ], [ 72.8421632, 19.0121223 ] ] } },
{ "type": "Feature", "properties": { "u": 245660237, "v": 1179273102, "key": 0, "name": "Dr Babasaheb Ambedkar Marg (Vincent Road)", "highway": "trunk", "length": 116.76539053012868, "grade": 0.010848573187258966, "slope_pct": 1.08 }, "geometry": { "type": "LineString", "coordinates": [ [ 72.8435421, 19.0120149 ], [ 72.8436545, 19.0121856 ], [ 72.8441292, 19.0129063 ] ] } },
{ "type": "Feature", "properties": { "u": 245660256, "v": 13533480573, "key": 0, "name": "Kakasaheb Gadgil Marg", "highway": "residential", "length": 99.25034336352374, "grade": 0.0091805592131223787, "slope_pct": 0.92 }, "geometry": { "type": "LineString", "coordinates": [ [ 72.8342351, 19.0118209 ], [ 72.8338515, 19.0122355 ], [ 72.8336135, 19.0124927 ] ] } },
{ "type": "Feature", "properties": { "u": 245660256, "v": 5354533138, "key": 0, "name": "Kakasaheb Gadgil Marg", "highway": "residential", "length": 117.30228402284789, "grade": 0.014939313829481469, "slope_pct": 1.49 }, "geometry": { "type": "LineString", "coordinates": [ [ 72.8342351, 19.0118209 ], [ 72.8343261, 19.0117356 ], [ 72.8343702, 19.0116943 ], [ 72.8345819, 19.011496 ], [ 72.8350276, 19.0110783 ] ] } },
{ "type": "Feature", "properties": { "u": 245660256, "v": 1645886286, "key": 0, "name": null, "highway": "residential", "length": 314.85780401522635, "grade": 0.006100332949444778, "slope_pct": 0.61 }, "geometry": { "type": "LineString", "coordinates": [ [ 72.8342351, 19.0118209 ], [ 72.8347738, 19.0122998 ], [ 72.8352111, 19.0126884 ], [ 72.8355998, 19.0130339 ], [ 72.8356658, 19.0130907 ], [ 72.8359426, 19.0133231 ], [ 72.8361905, 19.013428 ], [ 72.8364608, 19.0136949 ] ] } },
{ "type": "Feature", "properties": { "u": 245660257, "v": 245660116, "key": 0, "name": "Jyotiba Phule Marg", "highway": "residential", "length": 201.67890037559786, "grade": 0.020648333576588875, "slope_pct": 2.06 }, "geometry": { "type": "LineString", "coordinates": [ [ 72.8456781, 19.0116447 ], [ 72.8446512, 19.0101127 ] ] } },
{ "type": "Feature", "properties": { "u": 245660257, "v": 245660290, "key": 0, "name": "S S Wagh Road (Morbaugh Road)", "highway": "residential", "length": 79.723207612247876, "grade": 0.0046401141609549584, "slope_pct": 0.46 }, "geometry": { "type": "LineString", "coordinates": [ [ 72.8456781, 19.0116447 ], [ 72.8450145, 19.0119917 ] ] } },
{ "type": "Feature", "properties": { "u": 245660257, "v": 245660348, "key": 0, "name": "Jyotiba Phule Marg", "highway": "residential", "length": 163.77135695325231, "grade": 0.024711512605211382, "slope_pct": 2.47 }, "geometry": { "type": "LineString", "coordinates": [ [ 72.8456781, 19.0116447 ], [ 72.8460781, 19.012265 ], [ 72.8463993, 19.012763 ], [ 72.8464338, 19.0128165 ], [ 72.8464891, 19.0129022 ] ] } },
{ "type": "Feature", "properties": { "u": 245660257, "v": 245660184, "key": 0, "name": "S S Wagh Road (Morbaugh Road)", "highway": "residential", "length": 146.19329953885156, "grade": 0.019989384924526465, "slope_pct": 2.0 }, "geometry": { "type": "LineString", "coordinates": [ [ 72.8456781, 19.0116447 ], [ 72.8464743, 19.0112763 ], [ 72.8469313, 19.011075 ] ] } },
{ "type": "Feature", "properties": { "u": 245660274, "v": 13671745695, "key": 0, "name": "Dadasaheb Phalke Marg", "highway": "tertiary", "length": 132.62873926456743, "grade": 0.007371744993751793, "slope_pct": 0.74 }, "geometry": { "type": "LineString", "coordinates": [ [ 72.8421632, 19.0121223 ], [ 72.8419111, 19.0109536 ] ] } },
{ "type": "Feature", "properties": { "u": 245660274, "v": 245660237, "key": 0, "name": "Shankar Abaji Palav Marg", "highway": "residential", "length": 146.10838276543635, "grade": 0.0031214865767192528, "slope_pct": 0.31 }, "geometry": { "type": "LineString", "coordinates": [ [ 72.8421632, 19.0121223 ], [ 72.8428414, 19.0120171 ], [ 72.8431577, 19.0119923 ], [ 72.8435421, 19.0120149 ] ] } },
{ "type": "Feature", "properties": { "u": 245660274, "v": 245660386, "key": 0, "name": "Dadasaheb Phalke Marg", "highway": "tertiary", "length": 164.94163877842169, "grade": 0.020940151426006352, "slope_pct": 2.09 }, "geometry": { "type": "LineString", "coordinates": [ [ 72.8421632, 19.0121223 ], [ 72.8421935, 19.0122698 ], [ 72.8423479, 19.0130223 ], [ 72.8423799, 19.0131616 ], [ 72.8424749, 19.013576 ] ] } },
{ "type": "Feature", "properties": { "u": 245660275, "v": 13658722656, "key": 0, "name": "G.D. Ambedkar Marg", "highway": "secondary", "length": 80.527330911534165, "grade": 0.018550861564647577, "slope_pct": 1.86 }, "geometry": { "type": "LineString", "coordinates": [ [ 72.8489069, 19.0119372 ], [ 72.8492025, 19.0126053 ] ] } },
{ "type": "Feature", "properties": { "u": 245660275, "v": 13671676545, "key": 0, "name": null, "highway": "residential", "length": 7.5966612594586334, "grade": 0.01903815769690172, "slope_pct": 1.9 }, "geometry": { "type": "LineString", "coordinates": [ [ 72.8489069, 19.0119372 ], [ 72.8489714, 19.0119064 ] ] } },
{ "type": "Feature", "properties": { "u": 245660275, "v": 7453717288, "key": 0, "name": "Road No 5", "highway": [ "living_street", "residential" ], "length": 151.06319751383478, "grade": 0.019967947627090806, "slope_pct": 2.0 }, "geometry": { "type": "LineString", "coordinates": [ [ 72.8489069, 19.0119372 ], [ 72.8484487, 19.0121282 ], [ 72.848253, 19.0122137 ], [ 72.8483425, 19.0128897 ] ] } },
{ "type": "Feature", "properties": { "u": 245660290, "v": 7453712181, "key": 0, "name": "S M Jadhav Road (Road No 2)", "highway": "residential", "length": 51.283670974607148, "grade": 0.0046289823381499883, "slope_pct": 0.46 }, "geometry": { "type": "LineString", "coordinates": [ [ 72.8450145, 19.0119917 ], [ 72.844758, 19.0115994 ] ] } },
{ "type": "Feature", "properties": { "u": 245660290, "v": 245660257, "key": 0, "name": "S S Wagh Road (Morbaugh Road)", "highway": "residential", "length": 79.723207612247876, "grade": 0.010886246027973997, "slope_pct": 1.09 }, "geometry": { "type": "LineString", "coordinates": [ [ 72.8450145, 19.0119917 ], [ 72.8456781, 19.0116447 ] ] } },
{ "type": "Feature", "properties": { "u": 245660290, "v": 245660324, "key": 0, "name": "S S Wagh Road (Morbaugh Road)", "highway": "residential", "length": 117.92104903213217, "grade": 0.0055491193095528538, "slope_pct": 0.55 }, "geometry": { "type": "LineString", "coordinates": [ [ 72.8450145, 19.0119917 ], [ 72.8440507, 19.0125342 ] ] } },
{ "type": "Feature", "properties": { "u": 245660296, "v": 245660552, "key": 0, "name": "Balaram Khedekar Marg", "highway": "residential", "length": 372.98353179045506, "grade": 0.021988275369263059, "slope_pct": 2.2 }, "geometry": { "type": "LineString", "coordinates": [ [ 72.8499322, 19.0124147 ], [ 72.8501995, 19.0128231 ], [ 72.8503912, 19.013116 ], [ 72.8504901, 19.0132549 ], [ 72.850733, 19.0135838 ], [ 72.8508661, 19.013764 ], [ 72.8509831, 19.0139225 ], [ 72.8515182, 19.0146538 ], [ 72.8515245, 19.0146597 ], [ 72.8520138, 19.0151168 ] ] } },
{ "type": "Feature", "properties": { "u": 245660296, "v": 13658722651, "key": 0, "name": "Road No 26", "highway": "tertiary", "length": 54.254465136712177, "grade": 0.016712558790206274, "slope_pct": 1.67 }, "geometry": { "type": "LineString", "coordinates": [ [ 72.8499322, 19.0124147 ], [ 72.8497331, 19.0124841 ], [ 72.8494439, 19.0125723 ] ] } },
{ "type": "Feature", "properties": { "u": 245660296, "v": 13661562614, "key": 0, "name": "Road No 26", "highway": "tertiary", "length": 372.79893687556057, "grade": 0.010279756546758282, "slope_pct": 1.03 }, "geometry": { "type": "LineString", "coordinates": [ [ 72.8499322, 19.0124147 ], [ 72.8501833, 19.0123487 ], [ 72.8503416, 19.0123013 ], [ 72.8508669, 19.0121425 ], [ 72.8517009, 19.011929 ], [ 72.8521817, 19.011806 ], [ 72.8524466, 19.011743 ], [ 72.8533511, 19.011528 ] ] } },
{ "type": "Feature", "properties": { "u": 245660316, "v": 10282040392, "key": 0, "name": "Road No 26", "highway": "tertiary", "length": 10.85477590097392, "grade": 0.0043982837062925204, "slope_pct": 0.44 }, "geometry": { "type": "LineString", "coordinates": [ [ 72.8492446, 19.0126874 ], [ 72.8493393, 19.0126485 ] ] } },
{ "type": "Feature", "properties": { "u": 245660316, "v": 12298775319, "key": 0, "name": "G.D. Ambedkar Marg", "highway": "secondary", "length": 89.751640329768236, "grade": 0.0098416110777445696, "slope_pct": 0.98 }, "geometry": { "type": "LineString", "coordinates": [ [ 72.8492446, 19.0126874 ], [ 72.8496809, 19.0133346 ], [ 72.8497042, 19.0133676 ] ] } },
{ "type": "Feature", "properties": { "u": 245660324, "v": 245660290, "key": 0, "name": "S S Wagh Road (Morbaugh Road)", "highway": "residential", "length": 117.92104903213217, "grade": 0.010154033084588437, "slope_pct": 1.02 }, "geometry": { "type": "LineString", "coordinates": [ [ 72.8440507, 19.0125342 ], [ 72.8450145, 19.0119917 ] ] } },
{ "type": "Feature", "properties": { "u": 245660324, "v": 245660183, "key": 0, "name": "Dr Babasaheb Ambedkar Marg (Vincent Road)", "highway": "trunk", "length": 189.78120052708255, "grade": 0.019051335923437409, "slope_pct": 1.91 }, "geometry": { "type": "LineString", "coordinates": [ [ 72.8440507, 19.0125342 ], [ 72.8436704, 19.0119609 ], [ 72.843054, 19.0111116 ] ] } },
{ "type": "Feature", "properties": { "u": 245660334, "v": 245660396, "key": 0, "name": "M Sanghi Marg", "highway": "residential", "length": 139.43100359662546, "grade": 0.017026264369814689, "slope_pct": 1.7 }, "geometry": { "type": "LineString", "coordinates": [ [ 72.8321562, 19.0131058 ], [ 72.8327225, 19.0133617 ], [ 72.8330678, 19.0135215 ], [ 72.8333469, 19.0136579 ] ] } },
{ "type": "Feature", "properties": { "u": 245660347, "v": 245660409, "key": 0, "name": "Madhavdas Pasta Marg", "highway": "residential", "length": 65.480367252092478, "grade": 0.022518680336679184, "slope_pct": 2.25 }, "geometry": { "type": "LineString", "coordinates": [ [ 72.8436951, 19.0132483 ], [ 72.8439836, 19.0137702 ] ] } },
{ "type": "Feature", "properties": { "u": 245660348, "v": 13671655117, "key": 0, "name": "Road No 5", "highway": "residential", "length": 81.56539103846589, "grade": 0.013388728353562886, "slope_pct": 1.34 }, "geometry": { "type": "LineString", "coordinates": [ [ 72.8464891, 19.0129022 ], [ 72.8472032, 19.0126154 ] ] } },
{ "type": "Feature", "properties": { "u": 245660348, "v": 245660388, "key": 0, "name": "Jyotiba Phule Marg", "highway": "residential", "length": 88.010724124713633, "grade": 0.0056310734106426383, "slope_pct": 0.56 }, "geometry": { "type": "LineString", "coordinates": [ [ 72.8464891, 19.0129022 ], [ 72.8466021, 19.0130775 ], [ 72.8466359, 19.0131299 ], [ 72.8466976, 19.0132256 ], [ 72.8467581, 19.0133193 ], [ 72.8467936, 19.0133744 ], [ 72.8469249, 19.013578 ] ] } },
{ "type": "Feature", "properties": { "u": 245660348, "v": 245660257, "key": 0, "name": "Jyotiba Phule Marg", "highway": "residential", "length": 163.77135695325234, "grade": 0.018691385318905889, "slope_pct": 1.87 }, "geometry": { "type": "LineString", "coordinates": [ [ 72.8464891, 19.0129022 ], [ 72.8464338, 19.0128165 ], [ 72.8463993, 19.012763 ], [ 72.8460781, 19.012265 ], [ 72.8456781, 19.0116447 ] ] } },
{ "type": "Feature", "properties": { "u": 245660381, "v": 2442886081, "key": 0, "name": "Gokhale Road", "highway": "secondary", "length": 11.264787361305869, "grade": 0.019737271069571745, "slope_pct": 1.97 }, "geometry": { "type": "LineString", "coordinates": [ [ 72.8336388, 19.0133383 ], [ 72.8336808, 19.0134315 ] ] } },
{ "type": "Feature", "properties": { "u": 245660381, "v": 13535811790, "key": 0, "name": "Kakasaheb Gadgil Marg", "highway": "secondary", "length": 21.087670308565635, "grade": 0.015348098346528918, "slope_pct": 1.53 }, "geometry": { "type": "LineString", "coordinates": [ [ 72.8336388, 19.0133383 ], [ 72.8335183, 19.0133971 ], [ 72.8334911, 19.0134529 ] ] } },
{ "type": "Feature", "properties": { "u": 245660386, "v": 587976179, "key": 0, "name": "Dadasaheb Phalke Marg", "highway": "tertiary", "length": 77.139815813773311, "grade": 0.019961277959000344, "slope_pct": 2.0 }, "geometry": { "type": "LineString", "coordinates": [ [ 72.8424749, 19.013576 ], [ 72.8426478, 19.0142502 ] ] } },
{ "type": "Feature", "properties": { "u": 245660386, "v": 11054660367, "key": 0, "name": "G Maharaj Marg", "highway": "residential", "length": 179.50414770050367, "grade": 0.013863503120016597, "slope_pct": 1.39 }, "geometry": { "type": "LineString", "coordinates": [ [ 72.8424749, 19.013576 ], [ 72.8413133, 19.013938 ], [ 72.8410318, 19.0135653 ] ] } },
{ "type": "Feature", "properties": { "u": 245660386, "v": 245660274, "key": 0, "name": "Dadasaheb Phalke Marg", "highway": "tertiary", "length": 164.94163877842169, "grade": 0.01450012224640387, "slope_pct": 1.45 }, "geometry": { "type": "LineString", "coordinates": [ [ 72.8424749, 19.013576 ], [ 72.8423799, 19.0131616 ], [ 72.8423479, 19.0130223 ], [ 72.8421935, 19.0122698 ], [ 72.8421632, 19.0121223 ] ] } },
{ "type": "Feature", "properties": { "u": 245660388, "v": 1179261850, "key": 0, "name": "Mumbai Marathi Granth Sangrahalaya Marg", "highway": "tertiary", "length": 187.40721783762956, "grade": 0.012405902403888093, "slope_pct": 1.24 }, "geometry": { "type": "LineString", "coordinates": [ [ 72.8469249, 19.013578 ], [ 72.8468706, 19.0136416 ], [ 72.8466772, 19.0138409 ], [ 72.8465981, 19.0138962 ], [ 72.8461469, 19.0142119 ], [ 72.8460058, 19.0143147 ], [ 72.8459049, 19.0143883 ], [ 72.8455526, 19.0146451 ] ] } },
{ "type": "Feature", "properties": { "u": 245660388, "v": 13671655126, "key": 0, "name": "Mumbai Marathi Granth Sangrahalaya Marg", "highway": "tertiary", "length": 135.37859948322958, "grade": 0.0035592207883700941, "slope_pct": 0.36 }, "geometry": { "type": "LineString", "coordinates": [ [ 72.8469249, 19.013578 ], [ 72.8473981, 19.0131713 ], [ 72.8476114, 19.0131047 ], [ 72.8479589, 19.0129962 ], [ 72.8480142, 19.0129808 ] ] } },
{ "type": "Feature", "properties": { "u": 245660388, "v": 245660348, "key": 0, "name": "Jyotiba Phule Marg", "highway": "residential", "length": 88.010724124713619, "grade": 0.0053736113938526982, "slope_pct": 0.54 }, "geometry": { "type": "LineString", "coordinates": [ [ 72.8469249, 19.013578 ], [ 72.8467936, 19.0133744 ], [ 72.8467581, 19.0133193 ], [ 72.8466976, 19.0132256 ], [ 72.8466359, 19.0131299 ], [ 72.8466021, 19.0130775 ], [ 72.8464891, 19.0129022 ] ] } },
{ "type": "Feature", "properties": { "u": 245660396, "v": 13535811790, "key": 0, "name": "Kakasaheb Gadgil Marg", "highway": "secondary", "length": 27.375587435220016, "grade": 0.0036914420851081537, "slope_pct": 0.37 }, "geometry": { "type": "LineString", "coordinates": [ [ 72.8333469, 19.0136579 ], [ 72.8334911, 19.0134529 ] ] } },
{ "type": "Feature", "properties": { "u": 245660396, "v": 245660417, "key": 0, "name": "Kakasaheb Gadgil Marg", "highway": "secondary", "length": 8.8264276120631866, "grade": 0.017001029047803169, "slope_pct": 1.7 }, "geometry": { "type": "LineString", "coordinates": [ [ 72.8333469, 19.0136579 ], [ 72.8333111, 19.0137297 ] ] } },
{ "type": "Feature", "properties": { "u": 245660396, "v": 245660334, "key": 0, "name": "M Sanghi Marg", "highway": "residential", "length": 139.43100359662543, "grade": 0.0099158315836791883, "slope_pct": 0.99 }, "geometry": { "type": "LineString", "coordinates": [ [ 72.8333469, 19.0136579 ], [ 72.8330678, 19.0135215 ], [ 72.8327225, 19.0133617 ], [ 72.8321562, 19.0131058 ] ] } },
{ "type": "Feature", "properties": { "u": 245660409, "v": 245660347, "key": 0, "name": "Madhavdas Pasta Marg", "highway": "residential", "length": 65.480367252092478, "grade": 0.014188555205623461, "slope_pct": 1.42 }, "geometry": { "type": "LineString", "coordinates": [ [ 72.8439836, 19.0137702 ], [ 72.8436951, 19.0132483 ] ] } },
{ "type": "Feature", "properties": { "u": 245660409, "v": 587976179, "key": 0, "name": null, "highway": "residential", "length": 150.23110914405669, "grade": 0.022966462426374047, "slope_pct": 2.3 }, "geometry": { "type": "LineString", "coordinates": [ [ 72.8439836, 19.0137702 ], [ 72.8426478, 19.0142502 ] ] } },
{ "type": "Feature", "properties": { "u": 245660409, "v": 587976171, "key": 0, "name": null, "highway": "residential", "length": 60.319396598235386, "grade": 0.0084844290412752488, "slope_pct": 0.85 }, "geometry": { "type": "LineString", "coordinates": [ [ 72.8439836, 19.0137702 ], [ 72.8444749, 19.01349 ] ] } },
{ "type": "Feature", "properties": { "u": 245660409, "v": 13658768489, "key": 0, "name": "Madhavdas Pasta Marg", "highway": "residential", "length": 141.17741873709892, "grade": 0.012028424306783855, "slope_pct": 1.2 }, "geometry": { "type": "LineString", "coordinates": [ [ 72.8439836, 19.0137702 ], [ 72.8443152, 19.014291 ], [ 72.8445778, 19.0146898 ], [ 72.8446851, 19.0148528 ] ] } },
{ "type": "Feature", "properties": { "u": 245660417, "v": 245660396, "key": 0, "name": "Kakasaheb Gadgil Marg", "highway": "secondary", "length": 8.8264276120631866, "grade": 0.019622125047947071, "slope_pct": 1.96 }, "geometry": { "type": "LineString", "coordinates": [ [ 72.8333111, 19.0137297 ], [ 72.8333469, 19.0136579 ] ] } },
{ "type": "Feature", "properties": { "u": 245660417, "v": 12069646399, "key": 0, "name": "Kakasaheb Gadgil Marg", "highway": "secondary", "length": 98.889430550200075, "grade": 0.0080335596408156948, "slope_pct": 0.8 }, "geometry": { "type": "LineString", "coordinates": [ [ 72.8333111, 19.0137297 ], [ 72.8328145, 19.014485 ] ] } },
{ "type": "Feature", "properties": { "u": 245660417, "v": 13540004666, "key": 0, "name": "Anant Patil Marg", "highway": "residential", "length": 148.88731915804496, "grade": 0.0046935580162334456, "slope_pct": 0.47 }, "geometry": { "type": "LineString", "coordinates": [ [ 72.8333111, 19.0137297 ], [ 72.8331787, 19.0138195 ], [ 72.8330469, 19.0138657 ], [ 72.8328833, 19.0138876 ], [ 72.8327172, 19.0138619 ], [ 72.8322121, 19.0136471 ], [ 72.8320078, 19.0135572 ] ] } },
{ "type": "Feature", "properties": { "u": 245660437, "v": 13661562634, "key": 0, "name": "Tilak Road Extension", "highway": "secondary", "length": 6.6733735637835361, "grade": 0.0093745319641028967, "slope_pct": 0.94 }, "geometry": { "type": "LineString", "coordinates": [ [ 72.8541872, 19.0137549 ], [ 72.8542423, 19.0137251 ] ] } },
{ "type": "Feature", "properties": { "u": 245660437, "v": 13661562630, "key": 0, "name": "Ganesh Mandir Marg", "highway": "residential", "length": 20.052945284574058, "grade": 0.0065468683195880981, "slope_pct": 0.65 }, "geometry": { "type": "LineString", "coordinates": [ [ 72.8541872, 19.0137549 ], [ 72.8542492, 19.0138642 ], [ 72.854297, 19.0138978 ] ] } },
{ "type": "Feature", "properties": { "u": 245660483, "v": 6429049755, "key": 0, "name": "Baburao Parulekar Marg", "highway": "residential", "length": 16.451225507254925, "grade": 0.023453348351536608, "slope_pct": 2.35 }, "geometry": { "type": "LineString", "coordinates": [ [ 72.8385995, 19.0147902 ], [ 72.8387172, 19.0146927 ] ] } },
{ "type": "Feature", "properties": { "u": 245660483, "v": 245660550, "key": 0, "name": "Baburao Parulekar Marg", "highway": "residential", "length": 108.51278945905996, "grade": 0.020778648350417175, "slope_pct": 2.08 }, "geometry": { "type": "LineString", "coordinates": [ [ 72.8385995, 19.0147902 ], [ 72.8383185, 19.0150525 ], [ 72.8381212, 19.0152367 ], [ 72.8380796, 19.0152883 ], [ 72.8378926, 19.0154996 ] ] } },
{ "type": "Feature", "properties": { "u": 245660483, "v": 13584470505, "key": 0, "name": "Senapati Bapat Marg", "highway": "primary", "length": 102.06903907291694, "grade": 0.016934882643229319, "slope_pct": 1.69 }, "geometry": { "type": "LineString", "coordinates": [ [ 72.8385995, 19.0147902 ], [ 72.8389904, 19.0151968 ], [ 72.8390943, 19.0153049 ], [ 72.839184, 19.0153983 ], [ 72.8392525, 19.0154695 ] ] } },
{ "type": "Feature", "properties": { "u": 245660499, "v": 13539897241, "key": 0, "name": "V. S. Matkar Marg", "highway": "residential", "length": 127.11665804869583, "grade": 0.022172132984129792, "slope_pct": 2.22 }, "geometry": { "type": "LineString", "coordinates": [ [ 72.835821, 19.014473 ], [ 72.8354307, 19.0147576 ], [ 72.8352106, 19.014918 ], [ 72.8351503, 19.0150021 ], [ 72.8349647, 19.0152611 ] ] } },
{ "type": "Feature", "properties": { "u": 245660499, "v": 1645886286, "key": 0, "name": "V. S. Matkar Marg", "highway": "residential", "length": 109.71218860009046, "grade": 0.020680785691780518, "slope_pct": 2.07 }, "geometry": { "type": "LineString", "coordinates": [ [ 72.835821, 19.014473 ], [ 72.8361798, 19.0139993 ], [ 72.8364608, 19.0136949 ] ] } },
{ "type": "Feature", "properties": { "u": 245660499, "v": 245660586, "key": 0, "name": "Bhawani Shankar Marg", "highway": "secondary", "length": 226.40042275307854, "grade": 0.0071045412954927889, "slope_pct": 0.71 }, "geometry": { "type": "LineString", "coordinates": [ [ 72.835821, 19.014473 ], [ 72.8359914, 19.0145384 ], [ 72.836164, 19.0146046 ], [ 72.836397, 19.014694 ], [ 72.8365449, 19.0147747 ], [ 72.8365918, 19.0148124 ], [ 72.8367652, 19.0149519 ], [ 72.8368295, 19.0150038 ], [ 72.8370454, 19.015219 ], [ 72.8372333, 19.0155418 ], [ 72.8373702, 19.015777 ] ] } },
{ "type": "Feature", "properties": { "u": 245660499, "v": 6491605226, "key": 0, "name": "Bhawani Shankar Marg", "highway": "secondary", "length": 191.3246416908535, "grade": 0.022636297966779514, "slope_pct": 2.26 }, "geometry": { "type": "LineString", "coordinates": [ [ 72.835821, 19.014473 ], [ 72.8352127, 19.0142228 ], [ 72.8344601, 19.0138519 ], [ 72.8341858, 19.0137198 ] ] } },
{ "type": "Feature", "properties": { "u": 245660522, "v": 1645886286, "key": 0, "name": null, "highway": "residential", "length": 153.34042026806296, "grade": 0.014865529322144317, "slope_pct": 1.49 }, "geometry": { "type": "LineString", "coordinates": [ [ 72.8374855, 19.0146763 ], [ 72.8364608, 19.0136949 ] ] } },
{ "type": "Feature", "properties": { "u": 245660530, "v": 13658768489, "key": 0, "name": "Madhavdas Pasta Marg", "highway": "residential", "length": 43.027089073042255, "grade": 0.020763683413609377, "slope_pct": 2.08 }, "geometry": { "type": "LineString", "coordinates": [ [ 72.8449014, 19.0151813 ], [ 72.8446851, 19.0148528 ] ] } },
{ "type": "Feature", "properties": { "u": 245660530, "v": 587976199, "key": 0, "name": "Mumbai Marathi Granth Sangrahalaya Marg", "highway": "tertiary", "length": 64.560529756853612, "grade": 0.022714008598316852, "slope_pct": 2.27 }, "geometry": { "type": "LineString", "coordinates": [ [ 72.8449014, 19.0151813 ], [ 72.8453833, 19.0148214 ] ] } },
{ "type": "Feature", "properties": { "u": 245660540, "v": 10277717591, "key": 0, "name": "Kakasaheb Gadgil Marg", "highway": "secondary", "length": 12.006485136740821, "grade": 0.0099960764493810059, "slope_pct": 1.0 }, "geometry": { "type": "LineString", "coordinates": [ [ 72.8323361, 19.0152128 ], [ 72.8323964, 19.0151211 ] ] } },
{ "type": "Feature", "properties": { "u": 245660540, "v": 2442886089, "key": 0, "name": "Shankar Ghanekar Marg", "highway": "primary", "length": 268.38389115188102, "grade": 0.0054211423396088891, "slope_pct": 0.54 }, "geometry": { "type": "LineString", "coordinates": [ [ 72.8323361, 19.0152128 ], [ 72.8324398, 19.015271 ], [ 72.8331575, 19.0156547 ], [ 72.8335083, 19.0157616 ], [ 72.8345395, 19.0159398 ], [ 72.8347261, 19.0159783 ] ] } },
{ "type": "Feature", "properties": { "u": 245660550, "v": 7438502693, "key": 0, "name": "Baburao Parulekar Marg", "highway": "residential", "length": 65.910730355435845, "grade": 0.0080145735759227163, "slope_pct": 0.8 }, "geometry": { "type": "LineString", "coordinates": [ [ 72.8378926, 19.0154996 ], [ 72.837669, 19.015726 ], [ 72.8376364, 19.0157576 ], [ 72.8374599, 19.0159285 ] ] } },
{ "type": "Feature", "properties": { "u": 245660550, "v": 245660483, "key": 0, "name": "Baburao Parulekar Marg", "highway": "residential", "length": 108.51278945905996, "grade": 0.012396371349777641, "slope_pct": 1.24 }, "geometry": { "type": "LineString", "coordinates": [ [ 72.8378926, 19.0154996 ], [ 72.8380796, 19.0152883 ], [ 72.8381212, 19.0152367 ], [ 72.8383185, 19.0150525 ], [ 72.8385995, 19.0147902 ] ] } },
{ "type": "Feature", "properties": { "u": 245660550, "v": 13154919175, "key": 0, "name": "Dr Narayan Joshi Rd", "highway": "residential", "length": 70.992221081440576, "grade": 0.020996324850294849, "slope_pct": 2.1 }, "geometry": { "type": "LineString", "coordinates": [ [ 72.8378926, 19.0154996 ], [ 72.8381526, 19.0157936 ], [ 72.8382984, 19.0160084 ] ] } },
{ "type": "Feature", "properties": { "u": 245660552, "v": 13658722772, "key": 0, "name": "Tilak Road Extension", "highway": "secondary", "length": 52.862332830387217, "grade": 0.021936072831639557, "slope_pct": 2.19 }, "geometry": { "type": "LineString", "coordinates": [ [ 72.8520138, 19.0151168 ], [ 72.8516011, 19.0153884 ] ] } },
{ "type": "Feature", "properties": { "u": 245660552, "v": 8898483049, "key": 0, "name": "Balaram Khedekar Marg", "highway": "residential", "length": 204.54531522251594, "grade": 0.0031529468716861957, "slope_pct": 0.32 }, "geometry": { "type": "LineString", "coordinates": [ [ 72.8520138, 19.0151168 ], [ 72.8523358, 19.0154356 ], [ 72.8526852, 19.0157338 ], [ 72.8534426, 19.0163637 ] ] } },
{ "type": "Feature", "properties": { "u": 245660552, "v": 245660296, "key": 0, "name": "Balaram Khedekar Marg", "highway": "residential", "length": 372.98353179045512, "grade": 0.014236440656706446, "slope_pct": 1.42 }, "geometry": { "type": "LineString", "coordinates": [ [ 72.8520138, 19.0151168 ], [ 72.8515245, 19.0146597 ], [ 72.8515182, 19.0146538 ], [ 72.8509831, 19.0139225 ], [ 72.8508661, 19.013764 ], [ 72.850733, 19.0135838 ], [ 72.8504901, 19.0132549 ], [ 72.8503912, 19.013116 ], [ 72.8501995, 19.0128231 ], [ 72.8499322, 19.0124147 ] ] } },
{ "type": "Feature", "properties": { "u": 245660552, "v": 13661562635, "key": 0, "name": "Tilak Road Extension", "highway": "secondary", "length": 259.31568068182042, "grade": 0.012183042069273137, "slope_pct": 1.22 }, "geometry": { "type": "LineString", "coordinates": [ [ 72.8520138, 19.0151168 ], [ 72.8528406, 19.0145881 ], [ 72.8536729, 19.014064 ], [ 72.8540544, 19.0138069 ] ] } },
{ "type": "Feature", "properties": { "u": 245660585, "v": 245660747, "key": 0, "name": null, "highway": "residential", "length": 152.37002094892387, "grade": 0.0078863718303560648, "slope_pct": 0.79 }, "geometry": { "type": "LineString", "coordinates": [ [ 72.8367866, 19.0159598 ], [ 72.8368585, 19.0161755 ], [ 72.8369206, 19.0163559 ], [ 72.8369442, 19.0164258 ], [ 72.8369668, 19.0164927 ], [ 72.837228, 19.017265 ] ] } },
{ "type": "Feature", "properties": { "u": 245660585, "v": 245660586, "key": 0, "name": "Baburao Parulekar Marg", "highway": "residential", "length": 64.631622227310672, "grade": 0.0056370380813410221, "slope_pct": 0.56 }, "geometry": { "type": "LineString", "coordinates": [ [ 72.8367866, 19.0159598 ], [ 72.8369049, 19.0159227 ], [ 72.8371605, 19.0158427 ], [ 72.8373702, 19.015777 ] ] } },
{ "type": "Feature", "properties": { "u": 245660585, "v": 13537133202, "key": 0, "name": "Baburao Parulekar Marg", "highway": "residential", "length": 24.048541745770784, "grade": 0.010427533770879816, "slope_pct": 1.04 }, "geometry": { "type": "LineString", "coordinates": [ [ 72.8367866, 19.0159598 ], [ 72.8366209, 19.0160039 ], [ 72.8365664, 19.0160184 ] ] } },
{ "type": "Feature", "properties": { "u": 245660586, "v": 7438502693, "key": 0, "name": "Bhawani Shankar Marg", "highway": "secondary", "length": 19.305761603651487, "grade": 0.023744013486075424, "slope_pct": 2.37 }, "geometry": { "type": "LineString", "coordinates": [ [ 72.8373702, 19.015777 ], [ 72.8374599, 19.0159285 ] ] } },
{ "type": "Feature", "properties": { "u": 245660586, "v": 245660499, "key": 0, "name": "Bhawani Shankar Marg", "highway": "secondary", "length": 226.40042275307854, "grade": 0.010110464504456615, "slope_pct": 1.01 }, "geometry": { "type": "LineString", "coordinates": [ [ 72.8373702, 19.015777 ], [ 72.8372333, 19.0155418 ], [ 72.8370454, 19.015219 ], [ 72.8368295, 19.0150038 ], [ 72.8367652, 19.0149519 ], [ 72.8365918, 19.0148124 ], [ 72.8365449, 19.0147747 ], [ 72.836397, 19.014694 ], [ 72.836164, 19.0146046 ], [ 72.8359914, 19.0145384 ], [ 72.835821, 19.014473 ] ] } },
{ "type": "Feature", "properties": { "u": 245660586, "v": 245660585, "key": 0, "name": "Baburao Parulekar Marg", "highway": "residential", "length": 64.631622227310686, "grade": 0.014413393678354057, "slope_pct": 1.44 }, "geometry": { "type": "LineString", "coordinates": [ [ 72.8373702, 19.015777 ], [ 72.8371605, 19.0158427 ], [ 72.8369049, 19.0159227 ], [ 72.8367866, 19.0159598 ] ] } },
{ "type": "Feature", "properties": { "u": 245660595, "v": 10877451382, "key": 0, "name": "Gokhale Road", "highway": "primary", "length": 8.5399378739315512, "grade": 0.018466417095693913, "slope_pct": 1.85 }, "geometry": { "type": "LineString", "coordinates": [ [ 72.8348437, 19.0160062 ], [ 72.8348172, 19.0159336 ] ] } },
{ "type": "Feature", "properties": { "u": 245660610, "v": 245660636, "key": 0, "name": "Parsi Colony Road No 4", "highway": "residential", "length": 61.400772265262255, "grade": 0.01099985125234447, "slope_pct": 1.1 }, "geometry": { "type": "LineString", "coordinates": [ [ 72.850998, 19.0157736 ], [ 72.8513219, 19.0162331 ] ] } },
{ "type": "Feature", "properties": { "u": 245660610, "v": 13658722774, "key": 0, "name": "Tilak Road", "highway": "primary", "length": 32.778979487721301, "grade": 0.024379205819861135, "slope_pct": 2.44 }, "geometry": { "type": "LineString", "coordinates": [ [ 72.850998, 19.0157736 ], [ 72.8512585, 19.0156116 ] ] } },
{ "type": "Feature", "properties": { "u": 245660610, "v": 13658722789, "key": 0, "name": "Tilak Road", "highway": "primary", "length": 278.24951454523261, "grade": 0.024173840488726447, "slope_pct": 2.42 }, "geometry": { "type": "LineString", "coordinates": [ [ 72.850998, 19.0157736 ], [ 72.8509731, 19.0157919 ], [ 72.8488065, 19.0171767 ] ] } },
{ "type": "Feature", "properties": { "u": 245660619, "v": 7442452603, "key": 0, "name": "Mumbai Marathi Granth Sangrahalaya Marg", "highway": "tertiary", "length": 38.957031965875871, "grade": 0.0085392105081580124, "slope_pct": 0.85 }, "geometry": { "type": "LineString", "coordinates": [ [ 72.8432892, 19.0165631 ], [ 72.8435666, 19.0163308 ] ] } },
{ "type": "Feature", "properties": { "u": 245660619, "v": 587976179, "key": 0, "name": "Dadasaheb Phalke Marg", "highway": "tertiary", "length": 265.87548432490104, "grade": 0.013939467129632482, "slope_pct": 1.39 }, "geometry": { "type": "LineString", "coordinates": [ [ 72.8432892, 19.0165631 ], [ 72.8431805, 19.016171 ], [ 72.8430855, 19.0158287 ], [ 72.8426478, 19.0142502 ] ] } },
{ "type": "Feature", "properties": { "u": 245660632, "v": 13529108268, "key": 0, "name": "D Raul Marg", "highway": "residential", "length": 31.323010202538793, "grade": 0.0096193228159689344, "slope_pct": 0.96 }, "geometry": { "type": "LineString", "coordinates": [ [ 72.8325822, 19.0164606 ], [ 72.8326744, 19.0165272 ], [ 72.832775, 19.0165699 ], [ 72.8328418, 19.0165944 ] ] } },
{ "type": "Feature", "properties": { "u": 245660632, "v": 7438485777, "key": 0, "name": null, "highway": "residential", "length": 58.29940551353549, "grade": 0.0092664908763042883, "slope_pct": 0.93 }, "geometry": { "type": "LineString", "coordinates": [ [ 72.8325822, 19.0164606 ], [ 72.8325245, 19.0167615 ], [ 72.832414, 19.0169534 ] ] } },
{ "type": "Feature", "properties": { "u": 245660634, "v": 1645876426, "key": 0, "name": "Prof V.S. Agashe Marg", "highway": "secondary", "length": 15.134653204398106, "grade": 0.0038115128417997215, "slope_pct": 0.38 }, "geometry": { "type": "LineString", "coordinates": [ [ 72.8398745, 19.0161166 ], [ 72.8399825, 19.0160266 ] ] } },
{ "type": "Feature", "properties": { "u": 245660634, "v": 13565929609, "key": 0, "name": "Senapati Bapat Marg", "highway": "primary", "length": 45.574556757837257, "grade": 0.01641041534755773, "slope_pct": 1.64 }, "geometry": { "type": "LineString", "coordinates": [ [ 72.8398745, 19.0161166 ], [ 72.8401604, 19.0164247 ] ] } },
{ "type": "Feature", "properties": { "u": 245660634, "v": 245660691, "key": 0, "name": "Prof V.S. Agashe Marg", "highway": "secondary", "length": 132.98751660608758, "grade": 0.014058938511034954, "slope_pct": 1.41 }, "geometry": { "type": "LineString", "coordinates": [ [ 72.8398745, 19.0161166 ], [ 72.8395254, 19.0163232 ], [ 72.8394086, 19.0163898 ], [ 72.8387949, 19.0167399 ] ] } },
{ "type": "Feature", "properties": { "u": 245660636, "v": 245660694, "key": 0, "name": "Parsi Colony Road No 4", "highway": "residential", "length": 113.65205458466181, "grade": 0.0041325325274997656, "slope_pct": 0.41 }, "geometry": { "type": "LineString", "coordinates": [ [ 72.8513219, 19.0162331 ], [ 72.8519218, 19.0170834 ] ] } },
{ "type": "Feature", "properties": { "u": 245660636, "v": 245660610, "key": 0, "name": "Parsi Colony Road No 4", "highway": "residential", "length": 61.400772265262255, "grade": 0.0091302222132054519, "slope_pct": 0.91 }, "geometry": { "type": "LineString", "coordinates": [ [ 72.8513219, 19.0162331 ], [ 72.850998, 19.0157736 ] ] } },
{ "type": "Feature", "properties": { "u": 245660636, "v": 245660653, "key": 0, "name": "Dr Ghanti Road", "highway": "residential", "length": 48.320459247095798, "grade": 0.022981849491266384, "slope_pct": 2.3 }, "geometry": { "type": "LineString", "coordinates": [ [ 72.8513219, 19.0162331 ], [ 72.850939, 19.0164735 ] ] } },
{ "type": "Feature", "properties": { "u": 245660651, "v": 13532358231, "key": 0, "name": "N.M. Kale Marg", "highway": "residential", "length": 100.02944218235237, "grade": 0.0082703615946733942, "slope_pct": 0.83 }, "geometry": { "type": "LineString", "coordinates": [ [ 72.8346507, 19.0164525 ], [ 72.8341368, 19.0172096 ] ] } },
{ "type": "Feature", "properties": { "u": 245660651, "v": 12086930048, "key": 0, "name": "N.M. Kale Marg", "highway": "residential", "length": 15.703475017732684, "grade": 0.0061876871860069085, "slope_pct": 0.62 }, "geometry": { "type": "LineString", "coordinates": [ [ 72.8346507, 19.0164525 ], [ 72.8347286, 19.016332 ] ] } },
{ "type": "Feature", "properties": { "u": 245660651, "v": 245660688, "key": 0, "name": "D Raul Marg", "highway": "residential", "length": 172.3845675540876, "grade": 0.013767960726106386, "slope_pct": 1.38 }, "geometry": { "type": "LineString", "coordinates": [ [ 72.8346507, 19.0164525 ], [ 72.8345772, 19.0164755 ], [ 72.8344567, 19.0165132 ], [ 72.834323, 19.016555 ], [ 72.8342641, 19.0165735 ], [ 72.8342238, 19.0165861 ], [ 72.8341272, 19.0166166 ], [ 72.8337924, 19.0167222 ], [ 72.833541, 19.0168382 ], [ 72.8330996, 19.0169448 ] ] } },
{ "type": "Feature", "properties": { "u": 245660653, "v": 245660739, "key": 0, "name": "Dr Ghanti Road", "highway": "residential", "length": 135.12564482576155, "grade": 0.024684309990433216, "slope_pct": 2.47 }, "geometry": { "type": "LineString", "coordinates": [ [ 72.850939, 19.0164735 ], [ 72.8498663, 19.017143 ] ] } },
{ "type": "Feature", "properties": { "u": 245660653, "v": 245660636, "key": 0, "name": "Dr Ghanti Road", "highway": "residential", "length": 48.320459247095798, "grade": 0.0083252159732530098, "slope_pct": 0.83 }, "geometry": { "type": "LineString", "coordinates": [ [ 72.850939, 19.0164735 ], [ 72.8513219, 19.0162331 ] ] } },
{ "type": "Feature", "properties": { "u": 245660653, "v": 245660693, "key": 0, "name": "Parsi Colony Road No 5", "highway": "residential", "length": 70.097191781369787, "grade": 0.01778698204292933, "slope_pct": 1.78 }, "geometry": { "type": "LineString", "coordinates": [ [ 72.850939, 19.0164735 ], [ 72.851083, 19.0166703 ], [ 72.8513299, 19.0169841 ] ] } },
{ "type": "Feature", "properties": { "u": 245660688, "v": 245660651, "key": 0, "name": "D Raul Marg", "highway": "residential", "length": 172.3845675540876, "grade": 0.019755631537231786, "slope_pct": 1.98 }, "geometry": { "type": "LineString", "coordinates": [ [ 72.8330996, 19.0169448 ], [ 72.833541, 19.0168382 ], [ 72.8337924, 19.0167222 ], [ 72.8341272, 19.0166166 ], [ 72.8342238, 19.0165861 ], [ 72.8342641, 19.0165735 ], [ 72.834323, 19.016555 ], [ 72.8344567, 19.0165132 ], [ 72.8345772, 19.0164755 ], [ 72.8346507, 19.0164525 ] ] } },
{ "type": "Feature", "properties": { "u": 245660688, "v": 13529108268, "key": 0, "name": "D Raul Marg", "highway": "residential", "length": 50.359198754347773, "grade": 0.008228025967832793, "slope_pct": 0.82 }, "geometry": { "type": "LineString", "coordinates": [ [ 72.8330996, 19.0169448 ], [ 72.8329876, 19.0166709 ], [ 72.8329234, 19.0166244 ], [ 72.8328418, 19.0165944 ] ] } },
{ "type": "Feature", "properties": { "u": 245660688, "v": 13529108268, "key": 1, "name": null, "highway": "residential", "length": 53.271826814770868, "grade": 0.019020759669460912, "slope_pct": 1.9 }, "geometry": { "type": "LineString", "coordinates": [ [ 72.8330996, 19.0169448 ], [ 72.8330155, 19.01688 ], [ 72.8328854, 19.016781 ], [ 72.8328288, 19.0167361 ], [ 72.8328139, 19.0167144 ], [ 72.8328184, 19.0166898 ], [ 72.8328418, 19.0165944 ] ] } },
{ "type": "Feature", "properties": { "u": 245660688, "v": 7374036806, "key": 0, "name": null, "highway": "residential", "length": 59.339298623988974, "grade": 0.011091228919823573, "slope_pct": 1.11 }, "geometry": { "type": "LineString", "coordinates": [ [ 72.8330996, 19.0169448 ], [ 72.8330236, 19.0170673 ], [ 72.8329651, 19.0171617 ], [ 72.8328985, 19.0172689 ], [ 72.832814, 19.0174051 ] ] } },
{ "type": "Feature", "properties": { "u": 245660691, "v": 245660731, "key": 0, "name": "Prof V.S. Agashe Marg", "highway": "secondary", "length": 83.896214490294611, "grade": 0.016910728273058749, "slope_pct": 1.69 }, "geometry": { "type": "LineString", "coordinates": [ [ 72.8387949, 19.0167399 ], [ 72.8380555, 19.0170238 ] ] } },
{ "type": "Feature", "properties": { "u": 245660691, "v": 13154919176, "key": 0, "name": "Dr Narayan Joshi Rd", "highway": "residential", "length": 61.016285581070647, "grade": 0.016937653636739686, "slope_pct": 1.69 }, "geometry": { "type": "LineString", "coordinates": [ [ 72.8387949, 19.0167399 ], [ 72.8384814, 19.0162781 ] ] } },
{ "type": "Feature", "properties": { "u": 245660691, "v": 245660634, "key": 0, "name": "Prof V.S. Agashe Marg", "highway": "secondary", "length": 132.98751660608758, "grade": 0.014787043049644687, "slope_pct": 1.48 }, "geometry": { "type": "LineString", "coordinates": [ [ 72.8387949, 19.0167399 ], [ 72.8394086, 19.0163898 ], [ 72.8395254, 19.0163232 ], [ 72.8398745, 19.0161166 ] ] } },
{ "type": "Feature", "properties": { "u": 245660693, "v": 245660750, "key": 0, "name": "Parsi Colony Road No 5", "highway": "residential", "length": 44.922346916971293, "grade": 0.0049863749411969832, "slope_pct": 0.5 }, "geometry": { "type": "LineString", "coordinates": [ [ 72.8513299, 19.0169841 ], [ 72.8515749, 19.0173151 ] ] } },
{ "type": "Feature", "properties": { "u": 245660693, "v": 13659168057, "key": 0, "name": "Parsi Colony Road No 6", "highway": "residential", "length": 69.083477281455316, "grade": 0.021376654902963237, "slope_pct": 2.14 }, "geometry": { "type": "LineString", "coordinates": [ [ 72.8513299, 19.0169841 ], [ 72.8507764, 19.017319 ] ] } },
{ "type": "Feature", "properties": { "u": 245660693, "v": 245660653, "key": 0, "name": "Parsi Colony Road No 5", "highway": "residential", "length": 70.097191781369787, "grade": 0.010057161429378189, "slope_pct": 1.01 }, "geometry": { "type": "LineString", "coordinates": [ [ 72.8513299, 19.0169841 ], [ 72.851083, 19.0166703 ], [ 72.850939, 19.0164735 ] ] } },
{ "type": "Feature", "properties": { "u": 245660694, "v": 245660777, "key": 0, "name": "Parsi Colony Road No 4", "highway": "residential", "length": 69.877415091039893, "grade": 0.007103407228796794, "slope_pct": 0.71 }, "geometry": { "type": "LineString", "coordinates": [ [ 72.8519218, 19.0170834 ], [ 72.8522919, 19.0176054 ] ] } },
{ "type": "Feature", "properties": { "u": 245660694, "v": 245660636, "key": 0, "name": "Parsi Colony Road No 4", "highway": "residential", "length": 113.65205458466181, "grade": 0.0038970531142048064, "slope_pct": 0.39 }, "geometry": { "type": "LineString", "coordinates": [ [ 72.8519218, 19.0170834 ], [ 72.8513219, 19.0162331 ] ] } },
{ "type": "Feature", "properties": { "u": 245660694, "v": 245660750, "key": 0, "name": "Jehangir Vimadalal Road", "highway": "residential", "length": 44.651008535755253, "grade": 0.015999644750141321, "slope_pct": 1.6 }, "geometry": { "type": "LineString", "coordinates": [ [ 72.8519218, 19.0170834 ], [ 72.8515749, 19.0173151 ] ] } },
{ "type": "Feature", "properties": { "u": 245660731, "v": 245660691, "key": 0, "name": "Prof V.S. Agashe Marg", "highway": "secondary", "length": 83.896214490294611, "grade": 0.017906415960530216, "slope_pct": 1.79 }, "geometry": { "type": "LineString", "coordinates": [ [ 72.8380555, 19.0170238 ], [ 72.8387949, 19.0167399 ] ] } },
{ "type": "Feature", "properties": { "u": 245660731, "v": 6428701793, "key": 0, "name": "Bhawani Shankar Marg", "highway": "secondary", "length": 68.553959505541997, "grade": 0.0033649322364128357, "slope_pct": 0.34 }, "geometry": { "type": "LineString", "coordinates": [ [ 72.8380555, 19.0170238 ], [ 72.8384276, 19.0175301 ] ] } },
{ "type": "Feature", "properties": { "u": 245660731, "v": 13536010789, "key": 0, "name": "Bhawani Shankar Marg", "highway": "secondary", "length": 63.172488651018952, "grade": 0.014266047282584182, "slope_pct": 1.43 }, "geometry": { "type": "LineString", "coordinates": [ [ 72.8380555, 19.0170238 ], [ 72.8379467, 19.0168181 ], [ 72.8379364, 19.0167987 ], [ 72.8379045, 19.0167418 ], [ 72.8378728, 19.0166849 ], [ 72.8377915, 19.0165375 ], [ 72.8377813, 19.0165183 ] ] } },
{ "type": "Feature", "properties": { "u": 245660731, "v": 13536579625, "key": 0, "name": "Professor V.S. Agashe Marg", "highway": "tertiary", "length": 35.344209956824983, "grade": 0.0079829070543546363, "slope_pct": 0.8 }, "geometry": { "type": "LineString", "coordinates": [ [ 72.8380555, 19.0170238 ], [ 72.8378119, 19.0170948 ], [ 72.8377342, 19.0171174 ] ] } },
{ "type": "Feature", "properties": { "u": 245660732, "v": 245660757, "key": 0, "name": "Swami Gyan Jiwandas Marg", "highway": "tertiary", "length": 60.835387621334597, "grade": 0.017193801389007897, "slope_pct": 1.72 }, "geometry": { "type": "LineString", "coordinates": [ [ 72.8456614, 19.0168315 ], [ 72.8451546, 19.0170956 ] ] } },
{ "type": "Feature", "properties": { "u": 245660732, "v": 11919249646, "key": 0, "name": "Swami Gyan Jiwandas Marg", "highway": "tertiary", "length": 57.516105660252535, "grade": 0.0068360614381098124, "slope_pct": 0.68 }, "geometry": { "type": "LineString", "coordinates": [ [ 72.8456614, 19.0168315 ], [ 72.8461406, 19.0165819 ] ] } },
{ "type": "Feature", "properties": { "u": 245660732, "v": 245660820, "key": 0, "name": "Sir Bhalchandra Road", "highway": "residential", "length": 112.63454287374313, "grade": 0.018200630238254252, "slope_pct": 1.82 }, "geometry": { "type": "LineString", "coordinates": [ [ 72.8456614, 19.0168315 ], [ 72.8462844, 19.0176556 ] ] } },
{ "type": "Feature", "properties": { "u": 245660738, "v": 2440089989, "key": 0, "name": "Jam-e-Jamshed Lane", "highway": "residential", "length": 198.68178918381057, "grade": 0.011508177618611823, "slope_pct": 1.15 }, "geometry": { "type": "LineString", "coordinates": [ [ 72.8487738, 19.0171976 ], [ 72.8476506, 19.0157606 ] ] } },
{ "type": "Feature", "properties": { "u": 245660738, "v": 13658722789, "key": 0, "name": "Tilak Road", "highway": "primary", "length": 4.1494743385506352, "grade": 0.023608059752208161, "slope_pct": 2.36 }, "geometry": { "type": "LineString", "coordinates": [ [ 72.8487738, 19.0171976 ], [ 72.8488065, 19.0171767 ] ] } },
{ "type": "Feature", "properties": { "u": 245660738, "v": 13658722788, "key": 0, "name": "Tilak Road", "highway": "primary", "length": 2.9496457621287724, "grade": 0.006025460771211852, "slope_pct": 0.6 }, "geometry": { "type": "LineString", "coordinates": [ [ 72.8487738, 19.0171976 ], [ 72.848752, 19.0172143 ] ] } },
{ "type": "Feature", "properties": { "u": 245660739, "v": 245660896, "key": 0, "name": "Dr Ghanti Road", "highway": "residential", "length": 76.827725727840189, "grade": 0.010503459723105688, "slope_pct": 1.05 }, "geometry": { "type": "LineString", "coordinates": [ [ 72.8498663, 19.017143 ], [ 72.8492572, 19.0175248 ] ] } },
{ "type": "Feature", "properties": { "u": 245660739, "v": 245660653, "key": 0, "name": "Dr Ghanti Road", "highway": "residential", "length": 135.12564482576155, "grade": 0.0054964174672929595, "slope_pct": 0.55 }, "geometry": { "type": "LineString", "coordinates": [ [ 72.8498663, 19.017143 ], [ 72.850939, 19.0164735 ] ] } },
{ "type": "Feature", "properties": { "u": 245660739, "v": 536763648, "key": 0, "name": "Parsi Colony Road No 7", "highway": "residential", "length": 75.905751877980705, "grade": 0.023343259602128383, "slope_pct": 2.33 }, "geometry": { "type": "LineString", "coordinates": [ [ 72.8498663, 19.017143 ], [ 72.850081, 19.0172686 ], [ 72.8502896, 19.0173859 ], [ 72.8504846, 19.0174955 ] ] } },
{ "type": "Feature", "properties": { "u": 245660747, "v": 13536579625, "key": 0, "name": "Professor V.S. Agashe Marg", "highway": "tertiary", "length": 55.688308739512394, "grade": 0.022301465774381583, "slope_pct": 2.23 }, "geometry": { "type": "LineString", "coordinates": [ [ 72.837228, 19.017265 ], [ 72.8377342, 19.0171174 ] ] } },
{ "type": "Feature", "properties": { "u": 245660747, "v": 245660585, "key": 0, "name": null, "highway": "residential", "length": 152.37002094892387, "grade": 0.0086747158097334239, "slope_pct": 0.87 }, "geometry": { "type": "LineString", "coordinates": [ [ 72.837228, 19.017265 ], [ 72.8369668, 19.0164927 ], [ 72.8369442, 19.0164258 ], [ 72.8369206, 19.0163559 ], [ 72.8368585, 19.0161755 ], [ 72.8367866, 19.0159598 ] ] } },
{ "type": "Feature", "properties": { "u": 245660747, "v": 245660755, "key": 0, "name": "Professor V.S. Agashe Marg", "highway": "tertiary", "length": 44.850901854793207, "grade": 0.01751964901275194, "slope_pct": 1.75 }, "geometry": { "type": "LineString", "coordinates": [ [ 72.837228, 19.017265 ], [ 72.8368475, 19.0173721 ], [ 72.8368191, 19.0173801 ] ] } },
{ "type": "Feature", "properties": { "u": 245660750, "v": 245660693, "key": 0, "name": "Parsi Colony Road No 5", "highway": "residential", "length": 44.922346916971293, "grade": 0.02097888840442675, "slope_pct": 2.1 }, "geometry": { "type": "LineString", "coordinates": [ [ 72.8515749, 19.0173151 ], [ 72.8513299, 19.0169841 ] ] } },
{ "type": "Feature", "properties": { "u": 245660750, "v": 276769539, "key": 0, "name": "Jehangir Vimadalal Road", "highway": "residential", "length": 83.087985693141476, "grade": 0.015214417855188171, "slope_pct": 1.52 }, "geometry": { "type": "LineString", "coordinates": [ [ 72.8515749, 19.0173151 ], [ 72.8509328, 19.0177508 ] ] } },
{ "type": "Feature", "properties": { "u": 245660750, "v": 245660694, "key": 0, "name": "Jehangir Vimadalal Road", "highway": "residential", "length": 44.651008535755253, "grade": 0.014652312723832144, "slope_pct": 1.47 }, "geometry": { "type": "LineString", "coordinates": [ [ 72.8515749, 19.0173151 ], [ 72.8519218, 19.0170834 ] ] } },
{ "type": "Feature", "properties": { "u": 245660755, "v": 7371570214, "key": 0, "name": "Professor V.S. Agashe Marg", "highway": "tertiary", "length": 19.799733086137671, "grade": 0.0083207503998099369, "slope_pct": 0.83 }, "geometry": { "type": "LineString", "coordinates": [ [ 72.8368191, 19.0173801 ], [ 72.836642, 19.0174407 ] ] } },
{ "type": "Feature", "properties": { "u": 245660755, "v": 245660940, "key": 0, "name": "V R C Bhide Marg", "highway": "residential", "length": 111.24270776392657, "grade": 0.0050482608917297826, "slope_pct": 0.5 }, "geometry": { "type": "LineString", "coordinates": [ [ 72.8368191, 19.0173801 ], [ 72.8369641, 19.0178874 ], [ 72.8370951, 19.0183459 ] ] } },
{ "type": "Feature", "properties": { "u": 245660755, "v": 245660747, "key": 0, "name": "Professor V.S. Agashe Marg", "highway": "tertiary", "length": 44.850901854793207, "grade": 0.022738746674973189, "slope_pct": 2.27 }, "geometry": { "type": "LineString", "coordinates": [ [ 72.8368191, 19.0173801 ], [ 72.8368475, 19.0173721 ], [ 72.837228, 19.017265 ] ] } },
{ "type": "Feature", "properties": { "u": 245660757, "v": 1365570187, "key": 0, "name": "Swami Gyan Jiwandas Marg", "highway": "tertiary", "length": 61.924986489691463, "grade": 0.022809197257593269, "slope_pct": 2.28 }, "geometry": { "type": "LineString", "coordinates": [ [ 72.8451546, 19.0170956 ], [ 72.8446026, 19.01729 ] ] } },
{ "type": "Feature", "properties": { "u": 245660757, "v": 245660732, "key": 0, "name": "Swami Gyan Jiwandas Marg", "highway": "tertiary", "length": 60.835387621334597, "grade": 0.016928232060011896, "slope_pct": 1.69 }, "geometry": { "type": "LineString", "coordinates": [ [ 72.8451546, 19.0170956 ], [ 72.8456614, 19.0168315 ] ] } },
{ "type": "Feature", "properties": { "u": 245660777, "v": 245660694, "key": 0, "name": "Parsi Colony Road No 4", "highway": "residential", "length": 69.877415091039893, "grade": 0.010458655403071416, "slope_pct": 1.05 }, "geometry": { "type": "LineString", "coordinates": [ [ 72.8522919, 19.0176054 ], [ 72.8519218, 19.0170834 ] ] } },
{ "type": "Feature", "properties": { "u": 245660777, "v": 245660945, "key": 0, "name": "Dinshaw Master Road", "highway": "residential", "length": 168.3399129387569, "grade": 0.010682610641478541, "slope_pct": 1.07 }, "geometry": { "type": "LineString", "coordinates": [ [ 72.8522919, 19.0176054 ], [ 72.8509898, 19.0184866 ] ] } },
{ "type": "Feature", "properties": { "u": 245660777, "v": 10277719243, "key": 0, "name": "Dinshaw Master Road", "highway": "residential", "length": 104.09681176474, "grade": 0.018971024935145266, "slope_pct": 1.9 }, "geometry": { "type": "LineString", "coordinates": [ [ 72.8522919, 19.0176054 ], [ 72.8530862, 19.0170464 ] ] } },
{ "type": "Feature", "properties": { "u": 245660807, "v": 2247988281, "key": 0, "name": "K,W, Chitale Marg", "highway": "residential", "length": 39.756725104172617, "grade": 0.022736425718956697, "slope_pct": 2.27 }, "geometry": { "type": "LineString", "coordinates": [ [ 72.8389463, 19.0179653 ], [ 72.8385912, 19.0180883 ] ] } },
{ "type": "Feature", "properties": { "u": 245660807, "v": 2247988277, "key": 0, "name": "Bhawani Shankar Marg", "highway": "secondary", "length": 38.37162826316419, "grade": 0.022515901333832581, "slope_pct": 2.25 }, "geometry": { "type": "LineString", "coordinates": [ [ 72.8389463, 19.0179653 ], [ 72.8392631, 19.0181367 ] ] } },
{ "type": "Feature", "properties": { "u": 245660807, "v": 6428701793, "key": 0, "name": "Bhawani Shankar Marg", "highway": "secondary", "length": 72.905282002628027, "grade": 0.020157262008867725, "slope_pct": 2.02 }, "geometry": { "type": "LineString", "coordinates": [ [ 72.8389463, 19.0179653 ], [ 72.8384276, 19.0175301 ] ] } },
{ "type": "Feature", "properties": { "u": 245660818, "v": 11036603529, "key": 0, "name": "Gokhale Road", "highway": "primary", "length": 115.1109091241228, "grade": 0.017124696215394333, "slope_pct": 1.71 }, "geometry": { "type": "LineString", "coordinates": [ [ 72.8355669, 19.0177596 ], [ 72.8352842, 19.0170461 ], [ 72.8351767, 19.0167924 ] ] } },
{ "type": "Feature", "properties": { "u": 245660818, "v": 7371570214, "key": 0, "name": "Professor V.S. Agashe Marg", "highway": "tertiary", "length": 118.4588285739691, "grade": 0.0048510792298910744, "slope_pct": 0.49 }, "geometry": { "type": "LineString", "coordinates": [ [ 72.8355669, 19.0177596 ], [ 72.8362525, 19.0175551 ], [ 72.8362867, 19.0175446 ], [ 72.8364045, 19.0175128 ], [ 72.8365811, 19.0174599 ], [ 72.836642, 19.0174407 ] ] } },
{ "type": "Feature", "properties": { "u": 245660820, "v": 245660846, "key": 0, "name": "Sir Bhalchandra Road", "highway": "residential", "length": 101.09046792428779, "grade": 0.0065558317100815038, "slope_pct": 0.66 }, "geometry": { "type": "LineString", "coordinates": [ [ 72.8462844, 19.0176556 ], [ 72.8464674, 19.0178919 ], [ 72.8468531, 19.0183887 ] ] } },
{ "type": "Feature", "properties": { "u": 245660822, "v": 276769539, "key": 0, "name": "Jehangir Vimadalal Road", "highway": "residential", "length": 75.036264597792524, "grade": 0.022768192147595744, "slope_pct": 2.28 }, "geometry": { "type": "LineString", "coordinates": [ [ 72.8503512, 19.018142 ], [ 72.8509328, 19.0177508 ] ] } },
{ "type": "Feature", "properties": { "u": 245660822, "v": 6435703225, "key": 0, "name": "Mancherji Joshi Road", "highway": "residential", "length": 128.00442548357876, "grade": 0.016341439312510978, "slope_pct": 1.63 }, "geometry": { "type": "LineString", "coordinates": [ [ 72.8503512, 19.018142 ], [ 72.8492809, 19.0175931 ] ] } },
{ "type": "Feature", "properties": { "u": 245660822, "v": 245660945, "key": 0, "name": "Mancherji Joshi Road", "highway": "residential", "length": 77.298835445910214, "grade": 0.0032023351355658525, "slope_pct": 0.32 }, "geometry": { "type": "LineString", "coordinates": [ [ 72.8503512, 19.018142 ], [ 72.8505216, 19.018234 ], [ 72.850682, 19.0183205 ], [ 72.8507735, 19.0183699 ], [ 72.8508821, 19.0184285 ], [ 72.8509898, 19.0184866 ] ] } },
{ "type": "Feature", "properties": { "u": 245660832, "v": 245660846, "key": 0, "name": "Tilak Road", "highway": "primary", "length": 77.664710117799643, "grade": 0.0052323739430527065, "slope_pct": 0.52 }, "geometry": { "type": "LineString", "coordinates": [ [ 72.8474218, 19.0179501 ], [ 72.8472769, 19.0181091 ], [ 72.8468531, 19.0183887 ] ] } },
{ "type": "Feature", "properties": { "u": 245660832, "v": 536726906, "key": 0, "name": "Khodadad Circle", "highway": "trunk", "length": 23.06869609419245, "grade": 0.017597038920377228, "slope_pct": 1.76 }, "geometry": { "type": "LineString", "coordinates": [ [ 72.8474218, 19.0179501 ], [ 72.8474797, 19.0180382 ], [ 72.8475601, 19.0181088 ] ] } },
{ "type": "Feature", "properties": { "u": 245660846, "v": 1645886293, "key": 0, "name": [ "Tilak Road", "Tilak Bridge" ], "highway": "primary", "length": 526.63977937271977, "grade": 0.0031113548446168112, "slope_pct": 0.31 }, "geometry": { "type": "LineString", "coordinates": [ [ 72.8468531, 19.0183887 ], [ 72.8455885, 19.0192229 ], [ 72.8441792, 19.0201273 ], [ 72.8440772, 19.0201973 ], [ 72.8440393, 19.0202232 ], [ 72.8439452, 19.0202854 ], [ 72.8438129, 19.0203694 ], [ 72.8433646, 19.0206587 ], [ 72.8430353, 19.0208596 ], [ 72.842966, 19.0208916 ], [ 72.8428681, 19.0209368 ], [ 72.8426816, 19.0209956 ] ] } },
{ "type": "Feature", "properties": { "u": 245660858, "v": 245660757, "key": 0, "name": "Marg No 2", "highway": "residential", "length": 118.99869589700164, "grade": 0.0065377771311849707, "slope_pct": 0.65 }, "geometry": { "type": "LineString", "coordinates": [ [ 72.8457515, 19.0180049 ], [ 72.8451546, 19.0170956 ] ] } },
{ "type": "Feature", "properties": { "u": 245660858, "v": 245660820, "key": 0, "name": "Lokmanya Tilak Vasahat Road No. 1", "highway": "residential", "length": 68.168831563737101, "grade": 0.015072143366064897, "slope_pct": 1.51 }, "geometry": { "type": "LineString", "coordinates": [ [ 72.8457515, 19.0180049 ], [ 72.8462844, 19.0176556 ] ] } },
{ "type": "Feature", "properties": { "u": 245660896, "v": 245660739, "key": 0, "name": "Dr Ghanti Road", "highway": "residential", "length": 76.827725727840189, "grade": 0.018221694349239252, "slope_pct": 1.82 }, "geometry": { "type": "LineString", "coordinates": [ [ 72.8492572, 19.0175248 ], [ 72.8498663, 19.017143 ] ] } },
{ "type": "Feature", "properties": { "u": 245660896, "v": 6435703234, "key": 0, "name": "Mancherji Joshi Road", "highway": "residential", "length": 18.3104025824783, "grade": 0.017343147709057212, "slope_pct": 1.73 }, "geometry": { "type": "LineString", "coordinates": [ [ 72.8492572, 19.0175248 ], [ 72.8492317, 19.017508 ], [ 72.8492031, 19.0174965 ], [ 72.8491727, 19.017491 ], [ 72.8491416, 19.0174915 ], [ 72.8491114, 19.0174981 ], [ 72.8490931, 19.0175028 ] ] } },
{ "type": "Feature", "properties": { "u": 245660908, "v": 6490463696, "key": 0, "name": "Lokmanya Tilak Vasahat Road No. 1", "highway": "residential", "length": 60.836200342967388, "grade": 0.0079339248081323165, "slope_pct": 0.79 }, "geometry": { "type": "LineString", "coordinates": [ [ 72.8448319, 19.0186076 ], [ 72.8453075, 19.0182959 ] ] } },
{ "type": "Feature", "properties": { "u": 245660908, "v": 13528895060, "key": 0, "name": "Lakhamasi Nappu Road", "highway": "tertiary", "length": 79.59552036113584, "grade": 0.018667942869645789, "slope_pct": 1.87 }, "geometry": { "type": "LineString", "coordinates": [ [ 72.8448319, 19.0186076 ], [ 72.8452541, 19.0192018 ] ] } },
{ "type": "Feature", "properties": { "u": 245660908, "v": 13686797151, "key": 0, "name": [ "Lakhamasi Nappu Road", "Dadasaheb Phalke Marg" ], "highway": "tertiary", "length": 135.94179643813229, "grade": 0.0082194799249296034, "slope_pct": 0.82 }, "geometry": { "type": "LineString", "coordinates": [ [ 72.8448319, 19.0186076 ], [ 72.84451, 19.0181427 ], [ 72.8442579, 19.0178125 ], [ 72.8440807, 19.0176141 ] ] } },
{ "type": "Feature", "properties": { "u": 245660921, "v": 13543285311, "key": 0, "name": "Gokhale Road", "highway": "primary", "length": 10.806856434612124, "grade": 0.010158793359503891, "slope_pct": 1.02 }, "geometry": { "type": "LineString", "coordinates": [ [ 72.835894, 19.0185126 ], [ 72.8358527, 19.0184236 ] ] } },
{ "type": "Feature", "properties": { "u": 245660922, "v": 2163592463, "key": 0, "name": "Sir Bhalchandra Road", "highway": "tertiary", "length": 45.721097017907049, "grade": 0.019422810912596532, "slope_pct": 1.94 }, "geometry": { "type": "LineString", "coordinates": [ [ 72.8471568, 19.0187833 ], [ 72.8469099, 19.0184448 ] ] } },
{ "type": "Feature", "properties": { "u": 245660922, "v": 245660997, "key": 0, "name": "Sir Bhalchandra Road", "highway": "tertiary", "length": 47.820278994332512, "grade": 0.017291923779038723, "slope_pct": 1.73 }, "geometry": { "type": "LineString", "coordinates": [ [ 72.8471568, 19.0187833 ], [ 72.8474151, 19.0191373 ] ] } },
{ "type": "Feature", "properties": { "u": 245660922, "v": 245661059, "key": 0, "name": "D.V. Pradhan Road", "highway": "residential", "length": 192.21289039590363, "grade": 0.021682915030871917, "slope_pct": 2.17 }, "geometry": { "type": "LineString", "coordinates": [ [ 72.8471568, 19.0187833 ], [ 72.8465706, 19.019156 ], [ 72.8465002, 19.0192008 ], [ 72.8464618, 19.0192252 ], [ 72.8464184, 19.0192534 ], [ 72.8462859, 19.0193368 ], [ 72.8456396, 19.019748 ] ] } },
{ "type": "Feature", "properties": { "u": 245660938, "v": 13545135274, "key": 0, "name": null, "highway": "tertiary", "length": 5.3105946407990183, "grade": 0.017467483630607555, "slope_pct": 1.75 }, "geometry": { "type": "LineString", "coordinates": [ [ 72.8331378, 19.0185648 ], [ 72.8331246, 19.0186109 ] ] } },
{ "type": "Feature", "properties": { "u": 245660938, "v": 13545135272, "key": 0, "name": "Raobahadur S.K. Bole Marg", "highway": "primary", "length": 15.21956929088099, "grade": 0.015502789273380377, "slope_pct": 1.55 }, "geometry": { "type": "LineString", "coordinates": [ [ 72.8331378, 19.0185648 ], [ 72.8330481, 19.0184976 ], [ 72.8330184, 19.0185034 ] ] } },
{ "type": "Feature", "properties": { "u": 245660940, "v": 536673200, "key": 0, "name": "K,W, Chitale Marg", "highway": "residential", "length": 101.49006295108721, "grade": 0.0050608448922180348, "slope_pct": 0.51 }, "geometry": { "type": "LineString", "coordinates": [ [ 72.8370951, 19.0183459 ], [ 72.8365307, 19.0190864 ] ] } },
{ "type": "Feature", "properties": { "u": 245660940, "v": 245660755, "key": 0, "name": "V R C Bhide Marg", "highway": "residential", "length": 111.24270776392657, "grade": 0.01108974766730754, "slope_pct": 1.11 }, "geometry": { "type": "LineString", "coordinates": [ [ 72.8370951, 19.0183459 ], [ 72.8369641, 19.0178874 ], [ 72.8368191, 19.0173801 ] ] } },
{ "type": "Feature", "properties": { "u": 245660940, "v": 1490200561, "key": 0, "name": "K,W, Chitale Marg", "highway": "residential", "length": 47.06512154318024, "grade": 0.0088344520889979614, "slope_pct": 0.88 }, "geometry": { "type": "LineString", "coordinates": [ [ 72.8370951, 19.0183459 ], [ 72.8371988, 19.0183134 ], [ 72.8372588, 19.0182917 ], [ 72.8373188, 19.0182699 ], [ 72.8373426, 19.0182629 ], [ 72.8375114, 19.0181913 ] ] } },
{ "type": "Feature", "properties": { "u": 245660940, "v": 245661055, "key": 0, "name": "V R C Bhide Marg", "highway": "residential", "length": 49.031663433996968, "grade": 0.0083677721543398385, "slope_pct": 0.84 }, "geometry": { "type": "LineString", "coordinates": [ [ 72.8370951, 19.0183459 ], [ 72.8372189, 19.018588 ], [ 72.8372521, 19.0186529 ], [ 72.8372956, 19.018744 ] ] } },
{ "type": "Feature", "properties": { "u": 245660945, "v": 245660777, "key": 0, "name": "Dinshaw Master Road", "highway": "residential", "length": 168.3399129387569, "grade": 0.024406232204553804, "slope_pct": 2.44 }, "geometry": { "type": "LineString", "coordinates": [ [ 72.8509898, 19.0184866 ], [ 72.8522919, 19.0176054 ] ] } },
{ "type": "Feature", "properties": { "u": 245660945, "v": 13659211316, "key": 0, "name": "Mancherji Joshi Road", "highway": "residential", "length": 58.73374555856995, "grade": 0.011648149942668731, "slope_pct": 1.16 }, "geometry": { "type": "LineString", "coordinates": [ [ 72.8509898, 19.0184866 ], [ 72.8510817, 19.0185401 ], [ 72.8512876, 19.0186599 ], [ 72.8514683, 19.0187592 ] ] } },
{ "type": "Feature", "properties": { "u": 245660945, "v": 245660822, "key": 0, "name": "Mancherji Joshi Road", "highway": "residential", "length": 77.298835445910214, "grade": 0.022625024213896495, "slope_pct": 2.26 }, "geometry": { "type": "LineString", "coordinates": [ [ 72.8509898, 19.0184866 ], [ 72.8508821, 19.0184285 ], [ 72.8507735, 19.0183699 ], [ 72.850682, 19.0183205 ], [ 72.8505216, 19.018234 ], [ 72.8503512, 19.018142 ] ] } },
{ "type": "Feature", "properties": { "u": 245660983, "v": 13659211326, "key": 0, "name": "Khareghat Road", "highway": "residential", "length": 7.6995607154141785, "grade": 0.016885049771939786, "slope_pct": 1.69 }, "geometry": { "type": "LineString", "coordinates": [ [ 72.8516452, 19.0188985 ], [ 72.8517043, 19.0188576 ] ] } },
{ "type": "Feature", "properties": { "u": 245660983, "v": 13659211314, "key": 0, "name": "Mancherji Joshi Road", "highway": "residential", "length": 17.605439222717401, "grade": 0.020485848677916266, "slope_pct": 2.05 }, "geometry": { "type": "LineString", "coordinates": [ [ 72.8516452, 19.0188985 ], [ 72.8517281, 19.0189396 ], [ 72.8518017, 19.0189455 ] ] } },
{ "type": "Feature", "properties": { "u": 245660997, "v": 245660922, "key": 0, "name": "Sir Bhalchandra Road", "highway": "tertiary", "length": 47.820278994332512, "grade": 0.014058016048314227, "slope_pct": 1.41 }, "geometry": { "type": "LineString", "coordinates": [ [ 72.8474151, 19.0191373 ], [ 72.8471568, 19.0187833 ] ] } },
{ "type": "Feature", "properties": { "u": 245660997, "v": 245661042, "key": 0, "name": "Sir Bhalchandra Road", "highway": "tertiary", "length": 51.122077098389099, "grade": 0.015691885461779902, "slope_pct": 1.57 }, "geometry": { "type": "LineString", "coordinates": [ [ 72.8474151, 19.0191373 ], [ 72.8476913, 19.0195157 ] ] } },
{ "type": "Feature", "properties": { "u": 245660997, "v": 245661106, "key": 0, "name": "Scheme 5 Road no.2", "highway": "residential", "length": 193.06170510754558, "grade": 0.013835389264015008, "slope_pct": 1.38 }, "geometry": { "type": "LineString", "coordinates": [ [ 72.8474151, 19.0191373 ], [ 72.846684, 19.0196203 ], [ 72.8464283, 19.0197877 ], [ 72.8459059, 19.0201266 ] ] } },
{ "type": "Feature", "properties": { "u": 245660999, "v": 245661089, "key": 0, "name": "Lady Jehangir Road", "highway": "residential", "length": 48.676682295022168, "grade": 0.0072953457315569799, "slope_pct": 0.73 }, "geometry": { "type": "LineString", "coordinates": [ [ 72.854081, 19.0191317 ], [ 72.853618, 19.0191262 ] ] } },
{ "type": "Feature", "properties": { "u": 245660999, "v": 536771758, "key": 0, "name": "Sohrab Palamkote Road", "highway": "residential", "length": 17.536966993012481, "grade": 0.018893946535753117, "slope_pct": 1.89 }, "geometry": { "type": "LineString", "coordinates": [ [ 72.854081, 19.0191317 ], [ 72.8540663, 19.0189746 ] ] } },
{ "type": "Feature", "properties": { "u": 245661014, "v": 1650385417, "key": 0, "name": "N.M. Kale Marg", "highway": "tertiary", "length": 41.066001978411336, "grade": 0.0091769919736988288, "slope_pct": 0.92 }, "geometry": { "type": "LineString", "coordinates": [ [ 72.8330797, 19.019084 ], [ 72.8331327, 19.0187181 ] ] } },
{ "type": "Feature", "properties": { "u": 245661014, "v": 7374019688, "key": 0, "name": "College Street", "highway": "residential", "length": 77.657995875879209, "grade": 0.0035349512614919845, "slope_pct": 0.35 }, "geometry": { "type": "LineString", "coordinates": [ [ 72.8330797, 19.019084 ], [ 72.8332997, 19.0193811 ], [ 72.8335034, 19.0196561 ] ] } },
{ "type": "Feature", "properties": { "u": 245661014, "v": 7394094907, "key": 0, "name": "N.M. Kale Marg", "highway": "tertiary", "length": 118.93731949543351, "grade": 0.017200390509957694, "slope_pct": 1.72 }, "geometry": { "type": "LineString", "coordinates": [ [ 72.8330797, 19.019084 ], [ 72.8330415, 19.0191967 ], [ 72.8329573, 19.0192976 ], [ 72.8329141, 19.0193302 ], [ 72.832401, 19.0197316 ], [ 72.8322861, 19.0198213 ] ] } },
{ "type": "Feature", "properties": { "u": 245661018, "v": 1490200570, "key": 0, "name": "Bhawani Shankar Marg", "highway": "primary", "length": 47.283663234405125, "grade": 0.0068964349469550768, "slope_pct": 0.69 }, "geometry": { "type": "LineString", "coordinates": [ [ 72.8404158, 19.0194359 ], [ 72.8404667, 19.0190134 ] ] } },
{ "type": "Feature", "properties": { "u": 245661018, "v": 6165604808, "key": 0, "name": null, "highway": "primary", "length": 7.1423559043614055, "grade": 0.023690088855764117, "slope_pct": 2.37 }, "geometry": { "type": "LineString", "coordinates": [ [ 72.8404158, 19.0194359 ], [ 72.8403846, 19.0194232 ], [ 72.8403507, 19.0194211 ] ] } },
{ "type": "Feature", "properties": { "u": 245661031, "v": 13532334025, "key": 0, "name": null, "highway": "residential", "length": 109.27248715932916, "grade": 0.023986428694056924, "slope_pct": 2.4 }, "geometry": { "type": "LineString", "coordinates": [ [ 72.8357292, 19.0196791 ], [ 72.8355815, 19.0194938 ], [ 72.8355697, 19.0194554 ], [ 72.8355702, 19.0194145 ], [ 72.8356299, 19.0188678 ], [ 72.8356286, 19.0188382 ], [ 72.8356201, 19.0188188 ], [ 72.8355981, 19.0188042 ], [ 72.8355518, 19.0187984 ] ] } },
{ "type": "Feature", "properties": { "u": 245661031, "v": 6165603880, "key": 0, "name": "V Manjrekar Marg", "highway": "residential", "length": 35.041885803827512, "grade": 0.02312701658484987, "slope_pct": 2.31 }, "geometry": { "type": "LineString", "coordinates": [ [ 72.8357292, 19.0196791 ], [ 72.8358069, 19.0195729 ], [ 72.8358884, 19.0194036 ] ] } },
{ "type": "Feature", "properties": { "u": 245661031, "v": 12408769835, "key": 0, "name": "V Manjrekar Marg", "highway": "residential", "length": 73.761276905521967, "grade": 0.011143491405619779, "slope_pct": 1.11 }, "geometry": { "type": "LineString", "coordinates": [ [ 72.8357292, 19.0196791 ], [ 72.8355609, 19.019852 ], [ 72.8352476, 19.0201244 ], [ 72.8352274, 19.020142 ] ] } },
{ "type": "Feature", "properties": { "u": 245661042, "v": 245660997, "key": 0, "name": "Sir Bhalchandra Road", "highway": "tertiary", "length": 51.122077098389099, "grade": 0.0033400455636350837, "slope_pct": 0.33 }, "geometry": { "type": "LineString", "coordinates": [ [ 72.8476913, 19.0195157 ], [ 72.8474151, 19.0191373 ] ] } },
{ "type": "Feature", "properties": { "u": 245661042, "v": 245661078, "key": 0, "name": "Sir Bhalchandra Road", "highway": "tertiary", "length": 51.249384429824325, "grade": 0.023423008376929958, "slope_pct": 2.34 }, "geometry": { "type": "LineString", "coordinates": [ [ 72.8476913, 19.0195157 ], [ 72.8479681, 19.0198951 ] ] } },
{ "type": "Feature", "properties": { "u": 245661042, "v": 245661145, "key": 0, "name": "Scheme 5 Road no.3", "highway": "residential", "length": 193.93360131040791, "grade": 0.012420051262980916, "slope_pct": 1.24 }, "geometry": { "type": "LineString", "coordinates": [ [ 72.8476913, 19.0195157 ], [ 72.8469528, 19.0200019 ], [ 72.8466957, 19.020173 ], [ 72.8461775, 19.0205125 ] ] } },
{ "type": "Feature", "properties": { "u": 245661055, "v": 11032149185, "key": 0, "name": "V R C Bhide Marg", "highway": "residential", "length": 78.49165446610931, "grade": 0.024266406018960733, "slope_pct": 2.43 }, "geometry": { "type": "LineString", "coordinates": [ [ 72.8372956, 19.018744 ], [ 72.8367816, 19.019256 ] ] } },
{ "type": "Feature", "properties": { "u": 245661055, "v": 13542637396, "key": 0, "name": "V R C Bhide Marg", "highway": "residential", "length": 17.019330911445643, "grade": 0.024199639495963564, "slope_pct": 2.42 }, "geometry": { "type": "LineString", "coordinates": [ [ 72.8372956, 19.018744 ], [ 72.8373413, 19.0188273 ], [ 72.8373686, 19.0188806 ] ] } },
{ "type": "Feature", "properties": { "u": 245661055, "v": 245660940, "key": 0, "name": "V R C Bhide Marg", "highway": "residential", "length": 49.031663433996968, "grade": 0.021766208020281924, "slope_pct": 2.18 }, "geometry": { "type": "LineString", "coordinates": [ [ 72.8372956, 19.018744 ], [ 72.8372521, 19.0186529 ], [ 72.8372189, 19.018588 ], [ 72.8370951, 19.0183459 ] ] } },
{ "type": "Feature", "properties": { "u": 245661059, "v": 245661106, "key": 0, "name": "Lakhamasi Nappu Road", "highway": "tertiary", "length": 50.556696985897204, "grade": 0.009477875625530886, "slope_pct": 0.95 }, "geometry": { "type": "LineString", "coordinates": [ [ 72.8456396, 19.019748 ], [ 72.8459059, 19.0201266 ] ] } },
{ "type": "Feature", "properties": { "u": 245661059, "v": 10207278292, "key": 0, "name": "Lakhamasi Nappu Road", "highway": "tertiary", "length": 22.608316688027326, "grade": 0.011472150029242355, "slope_pct": 1.15 }, "geometry": { "type": "LineString", "coordinates": [ [ 72.8456396, 19.019748 ], [ 72.8455226, 19.0195774 ] ] } },
{ "type": "Feature", "properties": { "u": 245661060, "v": 1650753925, "key": 0, "name": "Jam-e-Jamshed Road", "highway": "residential", "length": 225.59875800082543, "grade": 0.021725006773370852, "slope_pct": 2.17 }, "geometry": { "type": "LineString", "coordinates": [ [ 72.8505775, 19.0195919 ], [ 72.8518224, 19.0212445 ] ] } },
{ "type": "Feature", "properties": { "u": 245661060, "v": 12127441647, "key": 0, "name": "Khareghat Road", "highway": "residential", "length": 119.45913401662361, "grade": 0.0099722841134381093, "slope_pct": 1.0 }, "geometry": { "type": "LineString", "coordinates": [ [ 72.8505775, 19.0195919 ], [ 72.8496521, 19.0202154 ] ] } },
{ "type": "Feature", "properties": { "u": 245661060, "v": 536785095, "key": 0, "name": "Khareghat Road", "highway": "residential", "length": 43.934676101248918, "grade": 0.0067288404270940353, "slope_pct": 0.67 }, "geometry": { "type": "LineString", "coordinates": [ [ 72.8505775, 19.0195919 ], [ 72.8509177, 19.0193624 ] ] } },
{ "type": "Feature", "properties": { "u": 245661060, "v": 6435703231, "key": 0, "name": "Jam-e-Jamshed Road", "highway": "residential", "length": 258.67515424814525, "grade": 0.015249627774083705, "slope_pct": 1.52 }, "geometry": { "type": "LineString", "coordinates": [ [ 72.8505775, 19.0195919 ], [ 72.8497182, 19.0184401 ], [ 72.8496615, 19.0183641 ], [ 72.8491592, 19.0176909 ] ] } },
{ "type": "Feature", "properties": { "u": 245661074, "v": 7394094907, "key": 0, "name": "N.M. Kale Marg", "highway": "tertiary", "length": 9.7182527068699383, "grade": 0.023595405031537182, "slope_pct": 2.36 }, "geometry": { "type": "LineString", "coordinates": [ [ 72.8322146, 19.0198767 ], [ 72.8322447, 19.0198534 ], [ 72.8322861, 19.0198213 ] ] } },
{ "type": "Feature", "properties": { "u": 245661074, "v": 296355514, "key": 0, "name": "Swatantrya Veer Savarkar Marg", "highway": "secondary", "length": 110.91054885901204, "grade": 0.018312655526849408, "slope_pct": 1.83 }, "geometry": { "type": "LineString", "coordinates": [ [ 72.8322146, 19.0198767 ], [ 72.8322366, 19.0199065 ], [ 72.832324, 19.0200246 ], [ 72.8323714, 19.0200855 ], [ 72.8324188, 19.0201463 ], [ 72.8325874, 19.0203536 ], [ 72.8328455, 19.020676 ] ] } },
{ "type": "Feature", "properties": { "u": 245661075, "v": 7442381755, "key": 0, "name": null, "highway": "residential", "length": 84.31452376677062, "grade": 0.015541345741966032, "slope_pct": 1.55 }, "geometry": { "type": "LineString", "coordinates": [ [ 72.8338605, 19.0200031 ], [ 72.8332076, 19.0204435 ] ] } },
{ "type": "Feature", "properties": { "u": 245661075, "v": 7374019688, "key": 0, "name": "College Street", "highway": "residential", "length": 53.8333228156975, "grade": 0.0051378828629569081, "slope_pct": 0.51 }, "geometry": { "type": "LineString", "coordinates": [ [ 72.8338605, 19.0200031 ], [ 72.8335034, 19.0196561 ] ] } },
{ "type": "Feature", "properties": { "u": 245661075, "v": 245661126, "key": 0, "name": "College Street", "highway": "residential", "length": 115.59807400820998, "grade": 0.016530158987381735, "slope_pct": 1.65 }, "geometry": { "type": "LineString", "coordinates": [ [ 72.8338605, 19.0200031 ], [ 72.8340745, 19.0201539 ], [ 72.8343051, 19.0203164 ], [ 72.8348138, 19.0205016 ] ] } },
{ "type": "Feature", "properties": { "u": 245661076, "v": 1348028146, "key": 0, "name": "Ashoka Vriksh Path", "highway": "residential", "length": 166.80988644307868, "grade": 0.024781184702293794, "slope_pct": 2.48 }, "geometry": { "type": "LineString", "coordinates": [ [ 72.8391985, 19.0199593 ], [ 72.8398476, 19.0213282 ] ] } },
{ "type": "Feature", "properties": { "u": 245661076, "v": 7371570218, "key": 0, "name": "Raobahadur S.K. Bole Marg", "highway": "primary", "length": 59.22215848757012, "grade": 0.0060818483352035289, "slope_pct": 0.61 }, "geometry": { "type": "LineString", "coordinates": [ [ 72.8391985, 19.0199593 ], [ 72.8386686, 19.0201401 ] ] } },
{ "type": "Feature", "properties": { "u": 245661076, "v": 2295481165, "key": 0, "name": "Raobahadur S.K. Bole Marg", "highway": "primary", "length": 121.52339405748238, "grade": 0.01440325235200221, "slope_pct": 1.44 }, "geometry": { "type": "LineString", "coordinates": [ [ 72.8391985, 19.0199593 ], [ 72.8402666, 19.0195413 ] ] } },
{ "type": "Feature", "properties": { "u": 245661078, "v": 245661042, "key": 0, "name": "Sir Bhalchandra Road", "highway": "tertiary", "length": 51.249384429824325, "grade": 0.02230220758241502, "slope_pct": 2.23 }, "geometry": { "type": "LineString", "coordinates": [ [ 72.8479681, 19.0198951 ], [ 72.8476913, 19.0195157 ] ] } },
{ "type": "Feature", "properties": { "u": 245661078, "v": 245661114, "key": 0, "name": "Sir Bhalchandra Road", "highway": "tertiary", "length": 64.081376286830462, "grade": 0.019296909590592499, "slope_pct": 1.93 }, "geometry": { "type": "LineString", "coordinates": [ [ 72.8479681, 19.0198951 ], [ 72.8483142, 19.0203695 ] ] } },
{ "type": "Feature", "properties": { "u": 245661078, "v": 245661181, "key": 0, "name": "Scheme 5 Road no.4", "highway": "residential", "length": 194.86484987855965, "grade": 0.018334346301895899, "slope_pct": 1.83 }, "geometry": { "type": "LineString", "coordinates": [ [ 72.8479681, 19.0198951 ], [ 72.8464932, 19.0208936 ], [ 72.846461, 19.0209154 ] ] } },
{ "type": "Feature", "properties": { "u": 245661083, "v": 1645876450, "key": 0, "name": "Dr D'Silva Marg", "highway": "residential", "length": 197.37678247238918, "grade": 0.018454649847716404, "slope_pct": 1.85 }, "geometry": { "type": "LineString", "coordinates": [ [ 72.8406901, 19.0197571 ], [ 72.8407203, 19.0197382 ], [ 72.8417843, 19.0190733 ], [ 72.84197, 19.0189573 ], [ 72.8422564, 19.0187783 ] ] } },
{ "type": "Feature", "properties": { "u": 245661083, "v": 245661018, "key": 0, "name": "N C Kelkar Marg", "highway": "primary", "length": 46.01327254774251, "grade": 0.010908805326834616, "slope_pct": 1.09 }, "geometry": { "type": "LineString", "coordinates": [ [ 72.8406901, 19.0197571 ], [ 72.8405121, 19.0195498 ], [ 72.840456, 19.0194865 ], [ 72.8404405, 19.0194579 ], [ 72.8404158, 19.0194359 ] ] } },
{ "type": "Feature", "properties": { "u": 245661084, "v": 245661113, "key": 0, "name": "Chhabildas Road", "highway": "residential", "length": 48.687604480279276, "grade": 0.0094590205738188556, "slope_pct": 0.95 }, "geometry": { "type": "LineString", "coordinates": [ [ 72.8421063, 19.0197533 ], [ 72.8423656, 19.0201161 ] ] } },
{ "type": "Feature", "properties": { "u": 245661084, "v": 1645876454, "key": 0, "name": "Ranade Road Extension", "highway": "tertiary", "length": 67.436672885508955, "grade": 0.0208059454205273, "slope_pct": 2.08 }, "geometry": { "type": "LineString", "coordinates": [ [ 72.8421063, 19.0197533 ], [ 72.842639, 19.0194154 ] ] } },
{ "type": "Feature", "properties": { "u": 245661086, "v": 245661116, "key": 0, "name": "Mancherji Joshi Road", "highway": "residential", "length": 80.761529375862096, "grade": 0.020822494682941978, "slope_pct": 2.08 }, "geometry": { "type": "LineString", "coordinates": [ [ 72.8528749, 19.0196213 ], [ 72.8535234, 19.0200107 ] ] } },
{ "type": "Feature", "properties": { "u": 245661086, "v": 536784033, "key": 0, "name": "Lady Jehangir Road", "highway": "residential", "length": 82.090459243851313, "grade": 0.022075591008762281, "slope_pct": 2.21 }, "geometry": { "type": "LineString", "coordinates": [ [ 72.8528749, 19.0196213 ], [ 72.852837, 19.0196833 ], [ 72.8527876, 19.0198081 ], [ 72.8527561, 19.0199381 ], [ 72.8527433, 19.0200709 ], [ 72.8527492, 19.0202041 ], [ 72.8527739, 19.0203354 ] ] } },
{ "type": "Feature", "properties": { "u": 245661089, "v": 536771057, "key": 0, "name": "Firdausi Road", "highway": "residential", "length": 160.24059808298182, "grade": 0.023091292156242369, "slope_pct": 2.31 }, "geometry": { "type": "LineString", "coordinates": [ [ 72.853618, 19.0191262 ], [ 72.8533223, 19.0177125 ] ] } },
{ "type": "Feature", "properties": { "u": 245661089, "v": 13662153790, "key": 0, "name": "Lady Jehangir Road", "highway": "residential", "length": 86.507068506106009, "grade": 0.014249532774940631, "slope_pct": 1.42 }, "geometry": { "type": "LineString", "coordinates": [ [ 72.853618, 19.0191262 ], [ 72.8535071, 19.0191737 ], [ 72.8532743, 19.0192807 ], [ 72.8531682, 19.0193413 ], [ 72.8530929, 19.019399 ], [ 72.8529784, 19.0194955 ], [ 72.8529367, 19.0195463 ] ] } },
{ "type": "Feature", "properties": { "u": 245661106, "v": 245661145, "key": 0, "name": "Lakhamasi Nappu Road", "highway": "tertiary", "length": 51.541098111706674, "grade": 0.014033358483118392, "slope_pct": 1.4 }, "geometry": { "type": "LineString", "coordinates": [ [ 72.8459059, 19.0201266 ], [ 72.8461775, 19.0205125 ] ] } },
{ "type": "Feature", "properties": { "u": 245661106, "v": 245661059, "key": 0, "name": "Lakhamasi Nappu Road", "highway": "tertiary", "length": 50.556696985897204, "grade": 0.020562493937269055, "slope_pct": 2.06 }, "geometry": { "type": "LineString", "coordinates": [ [ 72.8459059, 19.0201266 ], [ 72.8456396, 19.019748 ] ] } },
{ "type": "Feature", "properties": { "u": 245661106, "v": 245660997, "key": 0, "name": "Scheme 5 Road no.2", "highway": "residential", "length": 193.06170510754558, "grade": 0.017299206477110834, "slope_pct": 1.73 }, "geometry": { "type": "LineString", "coordinates": [ [ 72.8459059, 19.0201266 ], [ 72.8464283, 19.0197877 ], [ 72.846684, 19.0196203 ], [ 72.8474151, 19.0191373 ] ] } },
{ "type": "Feature", "properties": { "u": 245661107, "v": 12127441648, "key": 0, "name": "Dr Babasaheb Ambedkar Marg (Vincent Road)", "highway": "trunk", "length": 20.854328023612645, "grade": 0.018443271299669474, "slope_pct": 1.84 }, "geometry": { "type": "LineString", "coordinates": [ [ 72.8494579, 19.0201255 ], [ 72.8495744, 19.0202773 ] ] } },
{ "type": "Feature", "properties": { "u": 245661112, "v": 7371570218, "key": 0, "name": "Raobahadur S.K. Bole Marg", "highway": "primary", "length": 9.7050356151881001, "grade": 0.020507438727594224, "slope_pct": 2.05 }, "geometry": { "type": "LineString", "coordinates": [ [ 72.8385763, 19.0201419 ], [ 72.8386686, 19.0201401 ] ] } },
{ "type": "Feature", "properties": { "u": 245661112, "v": 6428843057, "key": 0, "name": "Raobahadur S.K. Bole Marg", "highway": "primary", "length": 92.072595721572867, "grade": 0.02258011751998646, "slope_pct": 2.26 }, "geometry": { "type": "LineString", "coordinates": [ [ 72.8385763, 19.0201419 ], [ 72.8382855, 19.0201364 ], [ 72.8380749, 19.0200663 ], [ 72.8380101, 19.0200447 ], [ 72.8377724, 19.0199378 ], [ 72.8377474, 19.0199225 ] ] } },
{ "type": "Feature", "properties": { "u": 245661113, "v": 245661084, "key": 0, "name": "Chhabildas Road", "highway": "residential", "length": 48.687604480279276, "grade": 0.010435893450733789, "slope_pct": 1.04 }, "geometry": { "type": "LineString", "coordinates": [ [ 72.8423656, 19.0201161 ], [ 72.8421063, 19.0197533 ] ] } },
{ "type": "Feature", "properties": { "u": 245661113, "v": 7371481520, "key": 0, "name": "Chhabildas Road", "highway": "residential", "length": 69.469275435295586, "grade": 0.01126282495807877, "slope_pct": 1.13 }, "geometry": { "type": "LineString", "coordinates": [ [ 72.8423656, 19.0201161 ], [ 72.8424558, 19.0202506 ], [ 72.8427036, 19.0206017 ], [ 72.8427242, 19.0206405 ] ] } },
{ "type": "Feature", "properties": { "u": 245661113, "v": 245661155, "key": 0, "name": "D Vachanalaya Marg", "highway": "residential", "length": 113.6168423741717, "grade": 0.0050676026764991181, "slope_pct": 0.51 }, "geometry": { "type": "LineString", "coordinates": [ [ 72.8423656, 19.0201161 ], [ 72.841487, 19.0206542 ], [ 72.8414592, 19.0206726 ] ] } },
{ "type": "Feature", "properties": { "u": 245661114, "v": 245661078, "key": 0, "name": "Sir Bhalchandra Road", "highway": "tertiary", "length": 64.081376286830462, "grade": 0.015722163101915827, "slope_pct": 1.57 }, "geometry": { "type": "LineString", "coordinates": [ [ 72.8483142, 19.0203695 ], [ 72.8479681, 19.0198951 ] ] } },
{ "type": "Feature", "properties": { "u": 245661114, "v": 1494132036, "key": 0, "name": "Sir Bhalchandra Road", "highway": "tertiary", "length": 53.309108396868176, "grade": 0.003790730023528326, "slope_pct": 0.38 }, "geometry": { "type": "LineString", "coordinates": [ [ 72.8483142, 19.0203695 ], [ 72.8486022, 19.0207641 ] ] } },
{ "type": "Feature", "properties": { "u": 245661114, "v": 245661207, "key": 0, "name": "Scheme 5 Road no.5", "highway": "residential", "length": 171.92950070551962, "grade": 0.013243156398914123, "slope_pct": 1.32 }, "geometry": { "type": "LineString", "coordinates": [ [ 72.8483142, 19.0203695 ], [ 72.8470159, 19.0212387 ], [ 72.8469795, 19.0212631 ] ] } },
{ "type": "Feature", "properties": { "u": 245661116, "v": 245661148, "key": 0, "name": null, "highway": "tertiary", "length": 40.1455991514079, "grade": 0.014938181963566687, "slope_pct": 1.49 }, "geometry": { "type": "LineString", "coordinates": [ [ 72.8535234, 19.0200107 ], [ 72.8534463, 19.0201388 ], [ 72.8534401, 19.0202212 ], [ 72.8534595, 19.0203016 ], [ 72.8534815, 19.0203455 ] ] } },
{ "type": "Feature", "properties": { "u": 245661117, "v": 1252257092, "key": 0, "name": null, "highway": "tertiary", "length": 66.491896963939723, "grade": 0.0093039075468222578, "slope_pct": 0.93 }, "geometry": { "type": "LineString", "coordinates": [ [ 72.8541704, 19.0199026 ], [ 72.8539777, 19.0198518 ], [ 72.8538263, 19.0198459 ], [ 72.8537255, 19.0198643 ], [ 72.8535697, 19.0199462 ] ] } },
{ "type": "Feature", "properties": { "u": 245661126, "v": 11052129699, "key": 0, "name": "College Street", "highway": "residential", "length": 24.198223323403461, "grade": 0.015998331732518238, "slope_pct": 1.6 }, "geometry": { "type": "LineString", "coordinates": [ [ 72.8348138, 19.0205016 ], [ 72.8348858, 19.0207083 ] ] } },
{ "type": "Feature", "properties": { "u": 245661126, "v": 12408769835, "key": 0, "name": "V Manjrekar Marg", "highway": "residential", "length": 59.07042299904375, "grade": 0.0036710054986590877, "slope_pct": 0.37 }, "geometry": { "type": "LineString", "coordinates": [ [ 72.8348138, 19.0205016 ], [ 72.8350242, 19.0203187 ], [ 72.8352274, 19.020142 ] ] } },
{ "type": "Feature", "properties": { "u": 245661126, "v": 245661075, "key": 0, "name": "College Street", "highway": "residential", "length": 115.59807400820998, "grade": 0.0038216601524827176, "slope_pct": 0.38 }, "geometry": { "type": "LineString", "coordinates": [ [ 72.8348138, 19.0205016 ], [ 72.8343051, 19.0203164 ], [ 72.8340745, 19.0201539 ], [ 72.8338605, 19.0200031 ] ] } },
{ "type": "Feature", "properties": { "u": 245661134, "v": 2442886106, "key": 0, "name": "Ranade Road", "highway": "tertiary", "length": 7.5020212374920705, "grade": 0.021097212334512484, "slope_pct": 2.11 }, "geometry": { "type": "LineString", "coordinates": [ [ 72.841158, 19.0203509 ], [ 72.8411019, 19.0203926 ] ] } },
{ "type": "Feature", "properties": { "u": 245661134, "v": 245661083, "key": 0, "name": "N C Kelkar Marg", "highway": "primary", "length": 82.335150862111234, "grade": 0.010924194111047784, "slope_pct": 1.09 }, "geometry": { "type": "LineString", "coordinates": [ [ 72.841158, 19.0203509 ], [ 72.8406901, 19.0197571 ] ] } },
{ "type": "Feature", "properties": { "u": 245661134, "v": 245661084, "key": 0, "name": "Ranade Road Extension", "highway": "tertiary", "length": 119.8100866355303, "grade": 0.0057953312783414652, "slope_pct": 0.58 }, "geometry": { "type": "LineString", "coordinates": [ [ 72.841158, 19.0203509 ], [ 72.8411852, 19.0203354 ], [ 72.8421063, 19.0197533 ] ] } },
{ "type": "Feature", "properties": { "u": 245661145, "v": 245661181, "key": 0, "name": "Lakhamasi Nappu Road", "highway": "tertiary", "length": 53.807821057094614, "grade": 0.014489351721205697, "slope_pct": 1.45 }, "geometry": { "type": "LineString", "coordinates": [ [ 72.8461775, 19.0205125 ], [ 72.846461, 19.0209154 ] ] } },
{ "type": "Feature", "properties": { "u": 245661145, "v": 245661106, "key": 0, "name": "Lakhamasi Nappu Road", "highway": "tertiary", "length": 51.541098111706674, "grade": 0.019939858168169438, "slope_pct": 1.99 }, "geometry": { "type": "LineString", "coordinates": [ [ 72.8461775, 19.0205125 ], [ 72.8459059, 19.0201266 ] ] } },
{ "type": "Feature", "properties": { "u": 245661145, "v": 245661042, "key": 0, "name": "Scheme 5 Road no.3", "highway": "residential", "length": 193.93360131040791, "grade": 0.0077480626049305501, "slope_pct": 0.77 }, "geometry": { "type": "LineString", "coordinates": [ [ 72.8461775, 19.0205125 ], [ 72.8466957, 19.020173 ], [ 72.8469528, 19.0200019 ], [ 72.8476913, 19.0195157 ] ] } },
{ "type": "Feature", "properties": { "u": 245661148, "v": 12069873596, "key": 0, "name": "Lady Jehangir Road", "highway": "tertiary", "length": 68.027500698685614, "grade": 0.016703590468018007, "slope_pct": 1.67 }, "geometry": { "type": "LineString", "coordinates": [ [ 72.8534815, 19.0203455 ], [ 72.8529443, 19.0206866 ] ] } },
{ "type": "Feature", "properties": { "u": 245661148, "v": 13658722671, "key": 0, "name": null, "highway": "tertiary", "length": 7.1244809002787814, "grade": 0.0048776442298628965, "slope_pct": 0.49 }, "geometry": { "type": "LineString", "coordinates": [ [ 72.8534815, 19.0203455 ], [ 72.8535205, 19.0203979 ] ] } },
{ "type": "Feature", "properties": { "u": 245661149, "v": 1280220822, "key": 0, "name": "Hormusji Adenwala Road", "highway": "residential", "length": 73.165208629563665, "grade": 0.0041369978657093695, "slope_pct": 0.41 }, "geometry": { "type": "LineString", "coordinates": [ [ 72.8538875, 19.0204269 ], [ 72.854046, 19.0210676 ] ] } },
{ "type": "Feature", "properties": { "u": 245661149, "v": 7374320622, "key": 0, "name": null, "highway": "tertiary", "length": 61.908028459525255, "grade": 0.014689801894499258, "slope_pct": 1.47 }, "geometry": { "type": "LineString", "coordinates": [ [ 72.8538875, 19.0204269 ], [ 72.8539694, 19.0203759 ], [ 72.8540292, 19.0203324 ], [ 72.8541117, 19.0202123 ], [ 72.8542044, 19.0199787 ] ] } },
{ "type": "Feature", "properties": { "u": 245661155, "v": 245661134, "key": 0, "name": "N C Kelkar Marg", "highway": "primary", "length": 47.772019617109493, "grade": 0.014893972675422345, "slope_pct": 1.49 }, "geometry": { "type": "LineString", "coordinates": [ [ 72.8414592, 19.0206726 ], [ 72.8412404, 19.0204389 ], [ 72.841158, 19.0203509 ] ] } },
{ "type": "Feature", "properties": { "u": 245661181, "v": 245661207, "key": 0, "name": "Lakhamasi Nappu Road", "highway": "tertiary", "length": 66.82637253030191, "grade": 0.017023457832960547, "slope_pct": 1.7 }, "geometry": { "type": "LineString", "coordinates": [ [ 72.846461, 19.0209154 ], [ 72.8469795, 19.0212631 ] ] } },
{ "type": "Feature", "properties": { "u": 245661181, "v": 245661145, "key": 0, "name": "Lakhamasi Nappu Road", "highway": "tertiary", "length": 53.807821057094614, "grade": 0.018974009341898555, "slope_pct": 1.9 }, "geometry": { "type": "LineString", "coordinates": [ [ 72.846461, 19.0209154 ], [ 72.8461775, 19.0205125 ] ] } },
{ "type": "Feature", "properties": { "u": 245661181, "v": 245661078, "key": 0, "name": "Scheme 5 Road no.4", "highway": "residential", "length": 194.86484987855965, "grade": 0.024468745748175761, "slope_pct": 2.45 }, "geometry": { "type": "LineString", "coordinates": [ [ 72.846461, 19.0209154 ], [ 72.8464932, 19.0208936 ], [ 72.8479681, 19.0198951 ] ] } },
{ "type": "Feature", "properties": { "u": 245661185, "v": 1645886338, "key": 0, "name": null, "highway": "primary", "length": 36.961125165788808, "grade": 0.014358607662626297, "slope_pct": 1.44 }, "geometry": { "type": "LineString", "coordinates": [ [ 72.8421558, 19.0210296 ], [ 72.8420325, 19.021066 ], [ 72.8419739, 19.0211232 ], [ 72.8419575, 19.0211817 ], [ 72.8419635, 19.0212516 ] ] } },
{ "type": "Feature", "properties": { "u": 245661185, "v": 7371481525, "key": 0, "name": "N C Kelkar Marg", "highway": "primary", "length": 59.108394812978034, "grade": 0.010105042404707412, "slope_pct": 1.01 }, "geometry": { "type": "LineString", "coordinates": [ [ 72.8421558, 19.0210296 ], [ 72.8419975, 19.0210114 ], [ 72.8418214, 19.0209547 ], [ 72.8416414, 19.0208405 ] ] } },
{ "type": "Feature", "properties": { "u": 245661207, "v": 245661181, "key": 0, "name": "Lakhamasi Nappu Road", "highway": "tertiary", "length": 66.82637253030191, "grade": 0.020494096284911483, "slope_pct": 2.05 }, "geometry": { "type": "LineString", "coordinates": [ [ 72.8469795, 19.0212631 ], [ 72.846461, 19.0209154 ] ] } },
{ "type": "Feature", "properties": { "u": 245661207, "v": 245661114, "key": 0, "name": "Scheme 5 Road no.5", "highway": "residential", "length": 171.92950070551962, "grade": 0.0089583095277656344, "slope_pct": 0.9 }, "geometry": { "type": "LineString", "coordinates": [ [ 72.8469795, 19.0212631 ], [ 72.8470159, 19.0212387 ], [ 72.8483142, 19.0203695 ] ] } },
{ "type": "Feature", "properties": { "u": 245661207, "v": 1633262413, "key": 0, "name": "Lakhamasi Nappu Road", "highway": "tertiary", "length": 71.416282382673302, "grade": 0.012657371255523995, "slope_pct": 1.27 }, "geometry": { "type": "LineString", "coordinates": [ [ 72.8469795, 19.0212631 ], [ 72.8472996, 19.0214778 ], [ 72.8475336, 19.0216347 ] ] } },
{ "type": "Feature", "properties": { "u": 245661208, "v": 245661371, "key": 0, "name": "R K Parekh Road", "highway": "residential", "length": 244.71117749897232, "grade": 0.004726040389529851, "slope_pct": 0.47 }, "geometry": { "type": "LineString", "coordinates": [ [ 72.8532368, 19.020966 ], [ 72.8532776, 19.0211569 ], [ 72.8535582, 19.0228024 ], [ 72.8535464, 19.0229528 ], [ 72.8534078, 19.0230882 ] ] } },
{ "type": "Feature", "properties": { "u": 245661208, "v": 1280220822, "key": 0, "name": "Lady Jehangir Road", "highway": "residential", "length": 87.330861424026409, "grade": 0.0035577163551400656, "slope_pct": 0.36 }, "geometry": { "type": "LineString", "coordinates": [ [ 72.8532368, 19.020966 ], [ 72.8533566, 19.0210101 ], [ 72.8534431, 19.0210362 ], [ 72.8535324, 19.0210576 ], [ 72.8536406, 19.0210835 ], [ 72.8537697, 19.0210902 ], [ 72.8538441, 19.0210941 ], [ 72.8539531, 19.0210798 ], [ 72.854046, 19.0210676 ] ] } },
{ "type": "Feature", "properties": { "u": 245661232, "v": 1645886348, "key": 0, "name": "N C Kelkar Marg", "highway": "primary", "length": 22.996006706323826, "grade": 0.024178265122914353, "slope_pct": 2.42 }, "geometry": { "type": "LineString", "coordinates": [ [ 72.8421895, 19.0215258 ], [ 72.8423074, 19.0217 ] ] } },
{ "type": "Feature", "properties": { "u": 245661232, "v": 245661279, "key": 0, "name": "Rajaram Keshav Vaidya Marg", "highway": "residential", "length": 110.5757774975559, "grade": 0.021391562651268528, "slope_pct": 2.14 }, "geometry": { "type": "LineString", "coordinates": [ [ 72.8421895, 19.0215258 ], [ 72.8421284, 19.0215551 ], [ 72.8414113, 19.0218993 ], [ 72.8413836, 19.0219126 ], [ 72.8412516, 19.021976 ] ] } },
{ "type": "Feature", "properties": { "u": 245661253, "v": 245661316, "key": 0, "name": "Scheme 5 Road no.6", "highway": "residential", "length": 107.47466948255114, "grade": 0.018311432534061357, "slope_pct": 1.83 }, "geometry": { "type": "LineString", "coordinates": [ [ 72.8493161, 19.0217099 ], [ 72.8484973, 19.0222639 ], [ 72.8484847, 19.0222724 ] ] } },
{ "type": "Feature", "properties": { "u": 245661253, "v": 245661298, "key": 0, "name": "Sir Bhalchandra Road", "highway": "tertiary", "length": 113.30868340708726, "grade": 0.011996964777113938, "slope_pct": 1.2 }, "geometry": { "type": "LineString", "coordinates": [ [ 72.8493161, 19.0217099 ], [ 72.8499027, 19.022535 ], [ 72.8499194, 19.0225542 ] ] } },
{ "type": "Feature", "properties": { "u": 245661262, "v": 13658722680, "key": 0, "name": "Dr Babasaheb Ambedkar Marg (Vincent Road)", "highway": "trunk", "length": 40.517584149143801, "grade": 0.0068124750415586074, "slope_pct": 0.68 }, "geometry": { "type": "LineString", "coordinates": [ [ 72.8506235, 19.0218044 ], [ 72.8507172, 19.0219372 ], [ 72.850841, 19.0221052 ] ] } },
{ "type": "Feature", "properties": { "u": 245661262, "v": 13366751079, "key": 0, "name": null, "highway": "residential", "length": 38.658168793551923, "grade": 0.006441614938763893, "slope_pct": 0.64 }, "geometry": { "type": "LineString", "coordinates": [ [ 72.8506235, 19.0218044 ], [ 72.8505699, 19.0218357 ], [ 72.8503105, 19.0219869 ] ] } },
{ "type": "Feature", "properties": { "u": 245661270, "v": 245661277, "key": 0, "name": "P L K Marg", "highway": "residential", "length": 67.18418567366831, "grade": 0.0085053437596210972, "slope_pct": 0.85 }, "geometry": { "type": "LineString", "coordinates": [ [ 72.8384163, 19.0215978 ], [ 72.8379241, 19.0219832 ] ] } },
{ "type": "Feature", "properties": { "u": 245661270, "v": 13542966944, "key": 0, "name": "SJ Joshi Marg", "highway": "residential", "length": 143.05176992405129, "grade": 0.015082986623534651, "slope_pct": 1.51 }, "geometry": { "type": "LineString", "coordinates": [ [ 72.8384163, 19.0215978 ], [ 72.8384031, 19.0211052 ], [ 72.8384906, 19.0208057 ], [ 72.838517, 19.0207153 ], [ 72.8385406, 19.0206345 ], [ 72.8385627, 19.0203298 ] ] } },
{ "type": "Feature", "properties": { "u": 245661277, "v": 245661270, "key": 0, "name": "P L K Marg", "highway": "residential", "length": 67.18418567366831, "grade": 0.018721110299401371, "slope_pct": 1.87 }, "geometry": { "type": "LineString", "coordinates": [ [ 72.8379241, 19.0219832 ], [ 72.8384163, 19.0215978 ] ] } },
{ "type": "Feature", "properties": { "u": 245661277, "v": 13543845437, "key": 0, "name": "Gokhale Road", "highway": "primary", "length": 86.3694107353909, "grade": 0.017524342287790089, "slope_pct": 1.75 }, "geometry": { "type": "LineString", "coordinates": [ [ 72.8379241, 19.0219832 ], [ 72.8377027, 19.0217004 ], [ 72.8376543, 19.0216357 ], [ 72.8375805, 19.021537 ], [ 72.8374586, 19.021344 ] ] } },
{ "type": "Feature", "properties": { "u": 245661279, "v": 13565683099, "key": 0, "name": "Rajaram Keshav Vaidya Marg", "highway": "residential", "length": 61.081043545425118, "grade": 0.0091585457328107432, "slope_pct": 0.92 }, "geometry": { "type": "LineString", "coordinates": [ [ 72.8412516, 19.021976 ], [ 72.8406924, 19.0221252 ] ] } },
{ "type": "Feature", "properties": { "u": 245661279, "v": 13434036151, "key": 0, "name": "Ganesh Peth Lane", "highway": "residential", "length": 65.588161820475619, "grade": 0.024007036174590272, "slope_pct": 2.4 }, "geometry": { "type": "LineString", "coordinates": [ [ 72.8412516, 19.021976 ], [ 72.8414742, 19.0224386 ], [ 72.8415111, 19.0225124 ] ] } },
{ "type": "Feature", "properties": { "u": 245661285, "v": 6571717275, "key": 0, "name": "Rajaram Keshav Vaidya Marg", "highway": "residential", "length": 80.008588669101513, "grade": 0.019233732167306908, "slope_pct": 1.92 }, "geometry": { "type": "LineString", "coordinates": [ [ 72.8403112, 19.0222269 ], [ 72.840213, 19.022151 ], [ 72.8397466, 19.0218715 ], [ 72.8396797, 19.0218266 ] ] } },
{ "type": "Feature", "properties": { "u": 245661285, "v": 1288965243, "key": 0, "name": "Ram Maruti Marg", "highway": "residential", "length": 148.85073229703045, "grade": 0.015195789155250817, "slope_pct": 1.52 }, "geometry": { "type": "LineString", "coordinates": [ [ 72.8403112, 19.0222269 ], [ 72.8408435, 19.0228133 ], [ 72.8408676, 19.0228399 ], [ 72.8408858, 19.0228599 ], [ 72.8409908, 19.0229756 ], [ 72.841128, 19.0233029 ] ] } },
{ "type": "Feature", "properties": { "u": 245661288, "v": 1650753970, "key": 0, "name": "Lady Jehangir Road", "highway": "tertiary", "length": 31.442398634747629, "grade": 0.016457856417155751, "slope_pct": 1.65 }, "geometry": { "type": "LineString", "coordinates": [ [ 72.8508854, 19.0221655 ], [ 72.8511283, 19.0220005 ] ] } },
{ "type": "Feature", "properties": { "u": 245661288, "v": 7453717332, "key": 0, "name": "Dr Babasaheb Ambedkar Marg (Vincent Road)", "highway": "trunk", "length": 38.285053355929819, "grade": 0.012231201373411379, "slope_pct": 1.22 }, "geometry": { "type": "LineString", "coordinates": [ [ 72.8508854, 19.0221655 ], [ 72.8510963, 19.0224462 ] ] } },
{ "type": "Feature", "properties": { "u": 245661295, "v": 13541377676, "key": 0, "name": "D S Babrekar Marg", "highway": "tertiary", "length": 56.672683888669525, "grade": 0.0084500817690254647, "slope_pct": 0.85 }, "geometry": { "type": "LineString", "coordinates": [ [ 72.836347, 19.0217944 ], [ 72.8368856, 19.0217723 ] ] } },
{ "type": "Feature", "properties": { "u": 245661295, "v": 13541377666, "key": 0, "name": null, "highway": "residential", "length": 44.518172681831402, "grade": 0.010831398930327755, "slope_pct": 1.08 }, "geometry": { "type": "LineString", "coordinates": [ [ 72.836347, 19.0217944 ], [ 72.8362209, 19.0214122 ] ] } },
{ "type": "Feature", "properties": { "u": 245661295, "v": 245661401, "key": 0, "name": "HM Patil Road", "highway": "residential", "length": 161.72197928444388, "grade": 0.019672614430216121, "slope_pct": 1.97 }, "geometry": { "type": "LineString", "coordinates": [ [ 72.836347, 19.0217944 ], [ 72.8364487, 19.0219538 ], [ 72.8366027, 19.0221982 ], [ 72.8368683, 19.0227631 ], [ 72.8370288, 19.0230957 ] ] } },
{ "type": "Feature", "properties": { "u": 245661295, "v": 245661313, "key": 0, "name": "D S Babrekar Marg", "highway": "tertiary", "length": 111.72405092124507, "grade": 0.0033166567498546292, "slope_pct": 0.33 }, "geometry": { "type": "LineString", "coordinates": [ [ 72.836347, 19.0217944 ], [ 72.8361502, 19.0217896 ], [ 72.8358184, 19.0217881 ], [ 72.8356191, 19.0218374 ], [ 72.8353197, 19.0219643 ] ] } },
{ "type": "Feature", "properties": { "u": 245661298, "v": 14014178667, "key": 0, "name": "L J Marg", "highway": "tertiary", "length": 24.078422862942098, "grade": 0.0055535980911521569, "slope_pct": 0.56 }, "geometry": { "type": "LineString", "coordinates": [ [ 72.8499194, 19.0225542 ], [ 72.8498814, 19.0225266 ], [ 72.8498336, 19.022524 ], [ 72.8497926, 19.0225474 ], [ 72.8497726, 19.0225885 ], [ 72.8497825, 19.0226227 ] ] } },
{ "type": "Feature", "properties": { "u": 245661313, "v": 245661337, "key": 0, "name": "D S Babrekar Marg", "highway": "tertiary", "length": 42.850962969191485, "grade": 0.0040120581244785609, "slope_pct": 0.4 }, "geometry": { "type": "LineString", "coordinates": [ [ 72.8353197, 19.0219643 ], [ 72.8352611, 19.0220073 ], [ 72.8351757, 19.0220979 ], [ 72.8350392, 19.0222426 ] ] } },
{ "type": "Feature", "properties": { "u": 245661313, "v": 245661295, "key": 0, "name": "D S Babrekar Marg", "highway": "tertiary", "length": 111.72405092124507, "grade": 0.003896033651017343, "slope_pct": 0.39 }, "geometry": { "type": "LineString", "coordinates": [ [ 72.8353197, 19.0219643 ], [ 72.8356191, 19.0218374 ], [ 72.8358184, 19.0217881 ], [ 72.8361502, 19.0217896 ], [ 72.836347, 19.0217944 ] ] } },
{ "type": "Feature", "properties": { "u": 245661313, "v": 7371013041, "key": 0, "name": "College Street", "highway": "residential", "length": 114.22649001965581, "grade": 0.02182013284824216, "slope_pct": 2.18 }, "geometry": { "type": "LineString", "coordinates": [ [ 72.8353197, 19.0219643 ], [ 72.8352399, 19.0217328 ], [ 72.8351022, 19.0213334 ], [ 72.834983, 19.0209876 ] ] } },
{ "type": "Feature", "properties": { "u": 245661316, "v": 245661253, "key": 0, "name": "Scheme 5 Road no.6", "highway": "residential", "length": 107.47466948255114, "grade": 0.018480472906360523, "slope_pct": 1.85 }, "geometry": { "type": "LineString", "coordinates": [ [ 72.8484847, 19.0222724 ], [ 72.8484973, 19.0222639 ], [ 72.8493161, 19.0217099 ] ] } },
{ "type": "Feature", "properties": { "u": 245661316, "v": 14014178669, "key": 0, "name": "Lakhamasi Nappu Road", "highway": "tertiary", "length": 76.782331607855767, "grade": 0.013431824239921154, "slope_pct": 1.34 }, "geometry": { "type": "LineString", "coordinates": [ [ 72.8484847, 19.0222724 ], [ 72.848979, 19.0227074 ], [ 72.8490183, 19.0227439 ] ] } },
{ "type": "Feature", "properties": { "u": 245661316, "v": 1633262413, "key": 0, "name": "Lakhamasi Nappu Road", "highway": "tertiary", "length": 122.57497712071233, "grade": 0.0051523515343220323, "slope_pct": 0.52 }, "geometry": { "type": "LineString", "coordinates": [ [ 72.8484847, 19.0222724 ], [ 72.8482648, 19.0221249 ], [ 72.8475336, 19.0216347 ] ] } },
{ "type": "Feature", "properties": { "u": 245661328, "v": 6571717272, "key": 0, "name": "D L Vaidya Marg", "highway": "residential", "length": 58.259923900476444, "grade": 0.013815549252570312, "slope_pct": 1.38 }, "geometry": { "type": "LineString", "coordinates": [ [ 72.8389689, 19.0221112 ], [ 72.8393271, 19.022511 ] ] } },
{ "type": "Feature", "properties": { "u": 245661328, "v": 245661342, "key": 0, "name": "Ranade Road", "highway": "tertiary", "length": 31.938251114447439, "grade": 0.013416378957172445, "slope_pct": 1.34 }, "geometry": { "type": "LineString", "coordinates": [ [ 72.8389689, 19.0221112 ], [ 72.8388933, 19.0222427 ], [ 72.8388321, 19.0223675 ] ] } },
{ "type": "Feature", "properties": { "u": 245661328, "v": 1288965251, "key": 0, "name": "Ranade Road", "highway": "tertiary", "length": 69.712457559870401, "grade": 0.0068104411380203343, "slope_pct": 0.68 }, "geometry": { "type": "LineString", "coordinates": [ [ 72.8389689, 19.0221112 ], [ 72.8389868, 19.0220794 ], [ 72.8394162, 19.02165 ] ] } },
{ "type": "Feature", "properties": { "u": 245661337, "v": 7394094903, "key": 0, "name": "D S Babrekar Marg", "highway": "tertiary", "length": 79.991459918902819, "grade": 0.012544736283235408, "slope_pct": 1.25 }, "geometry": { "type": "LineString", "coordinates": [ [ 72.8350392, 19.0222426 ], [ 72.834419, 19.0226594 ] ] } },
{ "type": "Feature", "properties": { "u": 245661337, "v": 245661313, "key": 0, "name": "D S Babrekar Marg", "highway": "tertiary", "length": 42.850962969191492, "grade": 0.011767104156742217, "slope_pct": 1.18 }, "geometry": { "type": "LineString", "coordinates": [ [ 72.8350392, 19.0222426 ], [ 72.8351757, 19.0220979 ], [ 72.8352611, 19.0220073 ], [ 72.8353197, 19.0219643 ] ] } },
{ "type": "Feature", "properties": { "u": 245661337, "v": 1289148286, "key": 0, "name": "Bhikoba Waman Pathare Marg", "highway": "residential", "length": 225.18639512952564, "grade": 0.016548702157148765, "slope_pct": 1.65 }, "geometry": { "type": "LineString", "coordinates": [ [ 72.8350392, 19.0222426 ], [ 72.8353974, 19.0227691 ], [ 72.836, 19.0238289 ], [ 72.8361134, 19.0239929 ] ] } },
{ "type": "Feature", "properties": { "u": 245661342, "v": 245661403, "key": 0, "name": "Shiv Sena Bhavan Path", "highway": "residential", "length": 138.43956718975048, "grade": 0.016972060319088166, "slope_pct": 1.7 }, "geometry": { "type": "LineString", "coordinates": [ [ 72.8388321, 19.0223675 ], [ 72.8389596, 19.0225174 ], [ 72.8396582, 19.0233371 ] ] } },
{ "type": "Feature", "properties": { "u": 245661342, "v": 6165604800, "key": 0, "name": "Ranade Road", "highway": "tertiary", "length": 51.802662553551663, "grade": 0.0039966882149849794, "slope_pct": 0.4 }, "geometry": { "type": "LineString", "coordinates": [ [ 72.8388321, 19.0223675 ], [ 72.8386956, 19.0225766 ], [ 72.8386458, 19.0226648 ], [ 72.8385859, 19.0227708 ] ] } },
{ "type": "Feature", "properties": { "u": 245661342, "v": 245661328, "key": 0, "name": "Ranade Road", "highway": "tertiary", "length": 31.938251114447439, "grade": 0.011241477521782367, "slope_pct": 1.12 }, "geometry": { "type": "LineString", "coordinates": [ [ 72.8388321, 19.0223675 ], [ 72.8388933, 19.0222427 ], [ 72.8389689, 19.0221112 ] ] } },
{ "type": "Feature", "properties": { "u": 245661350, "v": 245661487, "key": 0, "name": "Hormusji Adenwala Road", "highway": "residential", "length": 55.507866402573903, "grade": 0.016768918145713203, "slope_pct": 1.68 }, "geometry": { "type": "LineString", "coordinates": [ [ 72.8543923, 19.0225969 ], [ 72.854503, 19.023085 ] ] } },
{ "type": "Feature", "properties": { "u": 245661350, "v": 1280220822, "key": 0, "name": "Hormusji Adenwala Road", "highway": "residential", "length": 173.90411943697961, "grade": 0.014068997688761929, "slope_pct": 1.41 }, "geometry": { "type": "LineString", "coordinates": [ [ 72.8543923, 19.0225969 ], [ 72.8543306, 19.0223247 ], [ 72.854297, 19.0221763 ], [ 72.8541298, 19.0214385 ], [ 72.854082, 19.0212228 ], [ 72.854046, 19.0210676 ] ] } },
{ "type": "Feature", "properties": { "u": 245661369, "v": 13421207902, "key": 0, "name": "Swatantrya Veer Savarkar Marg", "highway": "secondary", "length": 13.938226117208698, "grade": 0.02184277650614309, "slope_pct": 2.18 }, "geometry": { "type": "LineString", "coordinates": [ [ 72.8343582, 19.0227558 ], [ 72.8344206, 19.0228664 ] ] } },
{ "type": "Feature", "properties": { "u": 245661369, "v": 7394094903, "key": 0, "name": "D S Babrekar Marg", "highway": "tertiary", "length": 12.480068581172963, "grade": 0.017491259895616791, "slope_pct": 1.75 }, "geometry": { "type": "LineString", "coordinates": [ [ 72.8343582, 19.0227558 ], [ 72.834419, 19.0226594 ] ] } },
{ "type": "Feature", "properties": { "u": 245661369, "v": 10628394017, "key": 0, "name": "S K S Marg", "highway": "residential", "length": 22.300984560184141, "grade": 0.006584557395791453, "slope_pct": 0.66 }, "geometry": { "type": "LineString", "coordinates": [ [ 72.8343582, 19.0227558 ], [ 72.8343015, 19.022844 ], [ 72.8342577, 19.0229321 ] ] } },
{ "type": "Feature", "properties": { "u": 245661371, "v": 3217559375, "key": 0, "name": "Jam-e-Jamshed Road", "highway": "residential", "length": 78.754282648488669, "grade": 0.0045525124428094565, "slope_pct": 0.46 }, "geometry": { "type": "LineString", "coordinates": [ [ 72.8534078, 19.0230882 ], [ 72.8538815, 19.0236369 ] ] } },
{ "type": "Feature", "properties": { "u": 245661371, "v": 7371919128, "key": 0, "name": "Jam-e-Jamshed Road", "highway": "residential", "length": 73.70140522633605, "grade": 0.017133224120538946, "slope_pct": 1.71 }, "geometry": { "type": "LineString", "coordinates": [ [ 72.8534078, 19.0230882 ], [ 72.8529645, 19.0225747 ] ] } },
{ "type": "Feature", "properties": { "u": 245661371, "v": 245661208, "key": 0, "name": "R K Parekh Road", "highway": "residential", "length": 244.71117749897232, "grade": 0.0035832488319156803, "slope_pct": 0.36 }, "geometry": { "type": "LineString", "coordinates": [ [ 72.8534078, 19.0230882 ], [ 72.8535464, 19.0229528 ], [ 72.8535582, 19.0228024 ], [ 72.8532776, 19.0211569 ], [ 72.8532368, 19.020966 ] ] } },
{ "type": "Feature", "properties": { "u": 245661383, "v": 245661403, "key": 0, "name": null, "highway": "residential", "length": 32.850944203959294, "grade": 0.015887062788016194, "slope_pct": 1.59 }, "geometry": { "type": "LineString", "coordinates": [ [ 72.8398884, 19.0231373 ], [ 72.8396582, 19.0233371 ] ] } },
{ "type": "Feature", "properties": { "u": 245661383, "v": 1288965354, "key": 0, "name": "D L Vaidya Marg", "highway": "residential", "length": 51.978014798505384, "grade": 0.02368506531134907, "slope_pct": 2.37 }, "geometry": { "type": "LineString", "coordinates": [ [ 72.8398884, 19.0231373 ], [ 72.8400134, 19.0232789 ], [ 72.8402052, 19.0234962 ] ] } },
{ "type": "Feature", "properties": { "u": 245661384, "v": 13434036151, "key": 0, "name": "Ganesh Peth Lane", "highway": "residential", "length": 96.141147535752907, "grade": 0.015660431913269338, "slope_pct": 1.57 }, "geometry": { "type": "LineString", "coordinates": [ [ 72.8418912, 19.0232988 ], [ 72.8418659, 19.0232459 ], [ 72.8417109, 19.0229274 ], [ 72.8417009, 19.0229067 ], [ 72.8416904, 19.0228843 ], [ 72.8416802, 19.0228623 ], [ 72.8416711, 19.0228434 ], [ 72.8415111, 19.0225124 ] ] } },
{ "type": "Feature", "properties": { "u": 245661384, "v": 245661453, "key": 0, "name": "N C Kelkar Marg", "highway": "primary", "length": 83.741916200499247, "grade": 0.011539738376543481, "slope_pct": 1.15 }, "geometry": { "type": "LineString", "coordinates": [ [ 72.8418912, 19.0232988 ], [ 72.8415288, 19.0235317 ], [ 72.8412324, 19.0237222 ] ] } },
{ "type": "Feature", "properties": { "u": 245661401, "v": 6165604794, "key": 0, "name": "Anant Patil Marg", "highway": "residential", "length": 141.08321336521919, "grade": 0.017152340805731772, "slope_pct": 1.72 }, "geometry": { "type": "LineString", "coordinates": [ [ 72.8370288, 19.0230957 ], [ 72.8382123, 19.0224974 ] ] } },
{ "type": "Feature", "properties": { "u": 245661401, "v": 1348056646, "key": 0, "name": "HM Patil Road", "highway": "residential", "length": 142.94269414721865, "grade": 0.013081563590813368, "slope_pct": 1.31 }, "geometry": { "type": "LineString", "coordinates": [ [ 72.8370288, 19.0230957 ], [ 72.8371507, 19.023369 ], [ 72.8372589, 19.0236145 ], [ 72.8374158, 19.0239725 ], [ 72.8374228, 19.0239888 ], [ 72.8374544, 19.024063 ], [ 72.8375469, 19.0242842 ] ] } },
{ "type": "Feature", "properties": { "u": 245661401, "v": 245661295, "key": 0, "name": "HM Patil Road", "highway": "residential", "length": 161.72197928444388, "grade": 0.015003569364950571, "slope_pct": 1.5 }, "geometry": { "type": "LineString", "coordinates": [ [ 72.8370288, 19.0230957 ], [ 72.8368683, 19.0227631 ], [ 72.8366027, 19.0221982 ], [ 72.8364487, 19.0219538 ], [ 72.836347, 19.0217944 ] ] } },
{ "type": "Feature", "properties": { "u": 245661403, "v": 245661430, "key": 0, "name": null, "highway": "residential", "length": 49.430646190443184, "grade": 0.023712225793083554, "slope_pct": 2.37 }, "geometry": { "type": "LineString", "coordinates": [ [ 72.8396582, 19.0233371 ], [ 72.8393263, 19.023652 ] ] } },
{ "type": "Feature", "properties": { "u": 245661403, "v": 245661383, "key": 0, "name": null, "highway": "residential", "length": 32.850944203959294, "grade": 0.011494258031617036, "slope_pct": 1.15 }, "geometry": { "type": "LineString", "coordinates": [ [ 72.8396582, 19.0233371 ], [ 72.8398884, 19.0231373 ] ] } },
{ "type": "Feature", "properties": { "u": 245661403, "v": 245661503, "key": 0, "name": "Shiv Sena Bhavan Path", "highway": "residential", "length": 178.25605659147953, "grade": 0.024146192404126115, "slope_pct": 2.41 }, "geometry": { "type": "LineString", "coordinates": [ [ 72.8396582, 19.0233371 ], [ 72.8397766, 19.0234629 ], [ 72.8399594, 19.023657 ], [ 72.8407565, 19.0245583 ] ] } },
{ "type": "Feature", "properties": { "u": 245661403, "v": 245661342, "key": 0, "name": "Shiv Sena Bhavan Path", "highway": "residential", "length": 138.43956718975048, "grade": 0.022917714123033405, "slope_pct": 2.29 }, "geometry": { "type": "LineString", "coordinates": [ [ 72.8396582, 19.0233371 ], [ 72.8389596, 19.0225174 ], [ 72.8388321, 19.0223675 ] ] } },
{ "type": "Feature", "properties": { "u": 245661418, "v": 245661462, "key": 0, "name": "S K S Marg", "highway": "residential", "length": 93.227841595987826, "grade": 0.0073074049653645218, "slope_pct": 0.73 }, "geometry": { "type": "LineString", "coordinates": [ [ 72.8335725, 19.0234343 ], [ 72.8328721, 19.0239486 ] ] } },
{ "type": "Feature", "properties": { "u": 245661418, "v": 7370896114, "key": 0, "name": "Jambhekar Path", "highway": "residential", "length": 63.169839334434023, "grade": 0.0045259486192536398, "slope_pct": 0.45 }, "geometry": { "type": "LineString", "coordinates": [ [ 72.8335725, 19.0234343 ], [ 72.8338979, 19.0239119 ] ] } },
{ "type": "Feature", "properties": { "u": 245661418, "v": 10628394017, "key": 0, "name": "S K S Marg", "highway": "residential", "length": 91.140803959715285, "grade": 0.0052171160303033865, "slope_pct": 0.52 }, "geometry": { "type": "LineString", "coordinates": [ [ 72.8335725, 19.0234343 ], [ 72.8339094, 19.0231874 ], [ 72.8340888, 19.0230559 ], [ 72.8342461, 19.0229406 ], [ 72.8342577, 19.0229321 ] ] } },
{ "type": "Feature", "properties": { "u": 245661420, "v": 7371795865, "key": 0, "name": "Sir Bhalchandra Road", "highway": "residential", "length": 73.084358164941634, "grade": 0.0034008801643340943, "slope_pct": 0.34 }, "geometry": { "type": "LineString", "coordinates": [ [ 72.850623, 19.0233611 ], [ 72.8505078, 19.0232386 ], [ 72.8502809, 19.0229972 ], [ 72.85016, 19.0228708 ] ] } },
{ "type": "Feature", "properties": { "u": 245661420, "v": 245661545, "key": 0, "name": "Sir Bhalchandra Road", "highway": "residential", "length": 159.50818813109404, "grade": 0.0050777451366304256, "slope_pct": 0.51 }, "geometry": { "type": "LineString", "coordinates": [ [ 72.850623, 19.0233611 ], [ 72.8506628, 19.023407 ], [ 72.8515848, 19.0244706 ] ] } },
{ "type": "Feature", "properties": { "u": 245661420, "v": 245661617, "key": 0, "name": "Telang Road", "highway": "residential", "length": 213.97366162060473, "grade": 0.018026149015159851, "slope_pct": 1.8 }, "geometry": { "type": "LineString", "coordinates": [ [ 72.850623, 19.0233611 ], [ 72.8503968, 19.0235277 ], [ 72.8507918, 19.0251382 ] ] } },
{ "type": "Feature", "properties": { "u": 245661430, "v": 245661403, "key": 0, "name": null, "highway": "residential", "length": 49.430646190443184, "grade": 0.0045661502661250384, "slope_pct": 0.46 }, "geometry": { "type": "LineString", "coordinates": [ [ 72.8393263, 19.023652 ], [ 72.8396582, 19.0233371 ] ] } },
{ "type": "Feature", "properties": { "u": 245661430, "v": 6165604800, "key": 0, "name": "Gokhale Road", "highway": "primary", "length": 125.13589534886754, "grade": 0.01001746386646275, "slope_pct": 1.0 }, "geometry": { "type": "LineString", "coordinates": [ [ 72.8393263, 19.023652 ], [ 72.8390121, 19.023278 ], [ 72.8385859, 19.0227708 ] ] } },
{ "type": "Feature", "properties": { "u": 245661453, "v": 1288965243, "key": 0, "name": "Ram Maruti Marg", "highway": "residential", "length": 47.898348275266493, "grade": 0.021587256841328003, "slope_pct": 2.16 }, "geometry": { "type": "LineString", "coordinates": [ [ 72.8412324, 19.0237222 ], [ 72.841128, 19.0233029 ] ] } },
{ "type": "Feature", "properties": { "u": 245661453, "v": 245661477, "key": 0, "name": "N C Kelkar Marg", "highway": "primary", "length": 71.874583550348802, "grade": 0.003511982586188169, "slope_pct": 0.35 }, "geometry": { "type": "LineString", "coordinates": [ [ 72.8412324, 19.0237222 ], [ 72.8409084, 19.0242914 ] ] } },
{ "type": "Feature", "properties": { "u": 245661462, "v": 245661418, "key": 0, "name": "S K S Marg", "highway": "residential", "length": 93.227841595987826, "grade": 0.020918306616956588, "slope_pct": 2.09 }, "geometry": { "type": "LineString", "coordinates": [ [ 72.8328721, 19.0239486 ], [ 72.8335725, 19.0234343 ] ] } },
{ "type": "Feature", "properties": { "u": 245661477, "v": 245661503, "key": 0, "name": "N C Kelkar Marg", "highway": "primary", "length": 33.701005235007564, "grade": 0.0092008050450148003, "slope_pct": 0.92 }, "geometry": { "type": "LineString", "coordinates": [ [ 72.8409084, 19.0242914 ], [ 72.8407565, 19.0245583 ] ] } },
{ "type": "Feature", "properties": { "u": 245661487, "v": 245661350, "key": 0, "name": "Hormusji Adenwala Road", "highway": "residential", "length": 55.507866402573903, "grade": 0.0055996262076764385, "slope_pct": 0.56 }, "geometry": { "type": "LineString", "coordinates": [ [ 72.854503, 19.023085 ], [ 72.8543923, 19.0225969 ] ] } },
{ "type": "Feature", "properties": { "u": 245661487, "v": 3217559375, "key": 0, "name": "Bhagwandas Narottamdas Marg", "highway": "residential", "length": 89.635730735055688, "grade": 0.018328217638011315, "slope_pct": 1.83 }, "geometry": { "type": "LineString", "coordinates": [ [ 72.854503, 19.023085 ], [ 72.8538815, 19.0236369 ] ] } },
{ "type": "Feature", "properties": { "u": 245661503, "v": 6165604812, "key": 0, "name": "N C Kelkar Marg", "highway": "primary", "length": 54.27162979647737, "grade": 0.01683674262915745, "slope_pct": 1.68 }, "geometry": { "type": "LineString", "coordinates": [ [ 72.8407565, 19.0245583 ], [ 72.8405398, 19.0250013 ] ] } },
{ "type": "Feature", "properties": { "u": 245661503, "v": 245661403, "key": 0, "name": "Shiv Sena Bhavan Path", "highway": "residential", "length": 178.25605659147953, "grade": 0.022304384297595167, "slope_pct": 2.23 }, "geometry": { "type": "LineString", "coordinates": [ [ 72.8407565, 19.0245583 ], [ 72.8399594, 19.023657 ], [ 72.8397766, 19.0234629 ], [ 72.8396582, 19.0233371 ] ] } },
{ "type": "Feature", "properties": { "u": 245661511, "v": 245661583, "key": 0, "name": "Deodhar Road", "highway": "residential", "length": 98.597195891346416, "grade": 0.019171562963685489, "slope_pct": 1.92 }, "geometry": { "type": "LineString", "coordinates": [ [ 72.852717, 19.0243793 ], [ 72.8526677, 19.0244225 ], [ 72.8523886, 19.0246504 ], [ 72.8520222, 19.0249747 ] ] } },
{ "type": "Feature", "properties": { "u": 245661511, "v": 245661656, "key": 0, "name": "Dr Babasaheb Ambedkar Marg (Vincent Road)", "highway": "trunk", "length": 197.8099012102532, "grade": 0.020676580468466668, "slope_pct": 2.07 }, "geometry": { "type": "LineString", "coordinates": [ [ 72.852717, 19.0243793 ], [ 72.8535737, 19.025266 ], [ 72.8539879, 19.0256912 ] ] } },
{ "type": "Feature", "properties": { "u": 245661545, "v": 245661583, "key": 0, "name": "Sir Bhalchandra Road", "highway": "residential", "length": 72.499361525754566, "grade": 0.0092047605965687434, "slope_pct": 0.92 }, "geometry": { "type": "LineString", "coordinates": [ [ 72.8515848, 19.0244706 ], [ 72.8520222, 19.0249747 ] ] } },
{ "type": "Feature", "properties": { "u": 245661545, "v": 245661617, "key": 0, "name": "U Bhat Marg", "highway": "residential", "length": 111.62327473834277, "grade": 0.0069036699631539024, "slope_pct": 0.69 }, "geometry": { "type": "LineString", "coordinates": [ [ 72.8515848, 19.0244706 ], [ 72.8507918, 19.0251382 ] ] } },
{ "type": "Feature", "properties": { "u": 245661545, "v": 245661420, "key": 0, "name": "Sir Bhalchandra Road", "highway": "residential", "length": 159.50818813109404, "grade": 0.019513524536098885, "slope_pct": 1.95 }, "geometry": { "type": "LineString", "coordinates": [ [ 72.8515848, 19.0244706 ], [ 72.8506628, 19.023407 ], [ 72.850623, 19.0233611 ] ] } },
{ "type": "Feature", "properties": { "u": 245661583, "v": 245661545, "key": 0, "name": "Sir Bhalchandra Road", "highway": "residential", "length": 72.499361525754566, "grade": 0.020750364263879811, "slope_pct": 2.08 }, "geometry": { "type": "LineString", "coordinates": [ [ 72.8520222, 19.0249747 ], [ 72.8515848, 19.0244706 ] ] } },
{ "type": "Feature", "properties": { "u": 245661583, "v": 245661618, "key": 0, "name": "Sir Bhalchandra Road", "highway": "residential", "length": 69.918135418873192, "grade": 0.024791113124014812, "slope_pct": 2.48 }, "geometry": { "type": "LineString", "coordinates": [ [ 72.8520222, 19.0249747 ], [ 72.8524874, 19.0254241 ] ] } },
{ "type": "Feature", "properties": { "u": 245661583, "v": 245661678, "key": 0, "name": "Deodhar Road", "highway": "residential", "length": 108.52589693590586, "grade": 0.012077588892051384, "slope_pct": 1.21 }, "geometry": { "type": "LineString", "coordinates": [ [ 72.8520222, 19.0249747 ], [ 72.851349, 19.0255788 ], [ 72.8512734, 19.0256466 ] ] } },
{ "type": "Feature", "properties": { "u": 245661583, "v": 245661511, "key": 0, "name": "Deodhar Road", "highway": "residential", "length": 98.597195891346402, "grade": 0.01118439788744123, "slope_pct": 1.12 }, "geometry": { "type": "LineString", "coordinates": [ [ 72.8520222, 19.0249747 ], [ 72.8523886, 19.0246504 ], [ 72.8526677, 19.0244225 ], [ 72.852717, 19.0243793 ] ] } },
{ "type": "Feature", "properties": { "u": 245661595, "v": 6165604823, "key": 0, "name": "Bal Govind Das Road", "highway": "tertiary", "length": 10.211507559187623, "grade": 0.02008108513632393, "slope_pct": 2.01 }, "geometry": { "type": "LineString", "coordinates": [ [ 72.8456289, 19.0251444 ], [ 72.8455399, 19.0251812 ] ] } },
{ "type": "Feature", "properties": { "u": 245661595, "v": 1645876460, "key": 0, "name": "Senapati Bapat Marg", "highway": "secondary", "length": 578.21432183946774, "grade": 0.010497677885566393, "slope_pct": 1.05 }, "geometry": { "type": "LineString", "coordinates": [ [ 72.8456289, 19.0251444 ], [ 72.8453259, 19.0243998 ], [ 72.8449709, 19.0235221 ], [ 72.8448572, 19.023241 ], [ 72.844719, 19.0229656 ], [ 72.8444165, 19.0223627 ], [ 72.8443868, 19.0223034 ], [ 72.8440629, 19.0216202 ], [ 72.8440356, 19.0215646 ], [ 72.8433751, 19.0204086 ] ] } },
{ "type": "Feature", "properties": { "u": 245661617, "v": 245661545, "key": 0, "name": "U Bhat Marg", "highway": "residential", "length": 111.62327473834277, "grade": 0.023476661163278425, "slope_pct": 2.35 }, "geometry": { "type": "LineString", "coordinates": [ [ 72.8507918, 19.0251382 ], [ 72.8515848, 19.0244706 ] ] } },
{ "type": "Feature", "properties": { "u": 245661617, "v": 245661712, "key": 0, "name": "U Bhat Marg", "highway": "residential", "length": 91.120356620807186, "grade": 0.021885080540546262, "slope_pct": 2.19 }, "geometry": { "type": "LineString", "coordinates": [ [ 72.8507918, 19.0251382 ], [ 72.8501834, 19.0257219 ] ] } },
{ "type": "Feature", "properties": { "u": 245661617, "v": 245661678, "key": 0, "name": "Telang Road", "highway": "residential", "length": 75.887004463458823, "grade": 0.012437868602250404, "slope_pct": 1.24 }, "geometry": { "type": "LineString", "coordinates": [ [ 72.8507918, 19.0251382 ], [ 72.8512062, 19.0255757 ], [ 72.8512734, 19.0256466 ] ] } },
{ "type": "Feature", "properties": { "u": 245661617, "v": 245661420, "key": 0, "name": "Telang Road", "highway": "residential", "length": 213.97366162060473, "grade": 0.019519163491412944, "slope_pct": 1.95 }, "geometry": { "type": "LineString", "coordinates": [ [ 72.8507918, 19.0251382 ], [ 72.8503968, 19.0235277 ], [ 72.850623, 19.0233611 ] ] } },
{ "type": "Feature", "properties": { "u": 245661618, "v": 245661583, "key": 0, "name": "Sir Bhalchandra Road", "highway": "residential", "length": 69.918135418873192, "grade": 0.019599943229863012, "slope_pct": 1.96 }, "geometry": { "type": "LineString", "coordinates": [ [ 72.8524874, 19.0254241 ], [ 72.8520222, 19.0249747 ] ] } },
{ "type": "Feature", "properties": { "u": 245661618, "v": 245661693, "key": 0, "name": "Sir Bhalchandra Road", "highway": "residential", "length": 64.367864422829371, "grade": 0.005268725114390518, "slope_pct": 0.53 }, "geometry": { "type": "LineString", "coordinates": [ [ 72.8524874, 19.0254241 ], [ 72.8527171, 19.0256459 ], [ 72.8529157, 19.0258378 ] ] } },
{ "type": "Feature", "properties": { "u": 245661618, "v": 12070892824, "key": 0, "name": "Matunga Station Road", "highway": "residential", "length": 82.10649172767701, "grade": 0.022856163946950468, "slope_pct": 2.29 }, "geometry": { "type": "LineString", "coordinates": [ [ 72.8524874, 19.0254241 ], [ 72.8521001, 19.0257509 ], [ 72.8519031, 19.0259141 ] ] } },
{ "type": "Feature", "properties": { "u": 245661627, "v": 7394094897, "key": 0, "name": "Ranade Road", "highway": "tertiary", "length": 11.495357928042273, "grade": 0.014115552193852857, "slope_pct": 1.41 }, "geometry": { "type": "LineString", "coordinates": [ [ 72.8357626, 19.0254641 ], [ 72.8358579, 19.0254134 ] ] } },
{ "type": "Feature", "properties": { "u": 245661627, "v": 245661706, "key": 0, "name": "Dnanyeshwar Mandir Marg", "highway": "residential", "length": 102.79460402709893, "grade": 0.021182064254370317, "slope_pct": 2.12 }, "geometry": { "type": "LineString", "coordinates": [ [ 72.8357626, 19.0254641 ], [ 72.8354433, 19.0256453 ], [ 72.8349218, 19.0259361 ] ] } },
{ "type": "Feature", "properties": { "u": 245661627, "v": 631537700, "key": 0, "name": "Swatantrya Veer Savarkar Marg", "highway": "secondary", "length": 97.873342578094849, "grade": 0.010041091222673458, "slope_pct": 1.0 }, "geometry": { "type": "LineString", "coordinates": [ [ 72.8357626, 19.0254641 ], [ 72.8359905, 19.0258653 ], [ 72.8362032, 19.0262395 ] ] } },
{ "type": "Feature", "properties": { "u": 245661656, "v": 245661728, "key": 0, "name": "Chandavarkar Marg", "highway": "residential", "length": 91.965348850603561, "grade": 0.022701511026916411, "slope_pct": 2.27 }, "geometry": { "type": "LineString", "coordinates": [ [ 72.8539879, 19.0256912 ], [ 72.8539072, 19.0257614 ], [ 72.8538073, 19.0258483 ], [ 72.8537457, 19.0259018 ], [ 72.8537081, 19.0259345 ], [ 72.8536698, 19.0259678 ], [ 72.853344, 19.0262511 ] ] } },
{ "type": "Feature", "properties": { "u": 245661656, "v": 245661694, "key": 0, "name": "Dr Babasaheb Ambedkar Marg (Vincent Road)", "highway": "trunk", "length": 64.624750821450775, "grade": 0.011562436932151591, "slope_pct": 1.16 }, "geometry": { "type": "LineString", "coordinates": [ [ 72.8539879, 19.0256912 ], [ 72.8541121, 19.0258131 ], [ 72.8541996, 19.0258991 ], [ 72.8544126, 19.0261114 ] ] } },
{ "type": "Feature", "properties": { "u": 245661678, "v": 7466305113, "key": 0, "name": "Telang Road", "highway": "residential", "length": 65.998008762256489, "grade": 0.0032384283325665639, "slope_pct": 0.32 }, "geometry": { "type": "LineString", "coordinates": [ [ 72.8512734, 19.0256466 ], [ 72.8516943, 19.026087 ] ] } },
{ "type": "Feature", "properties": { "u": 245661678, "v": 245661765, "key": 0, "name": "Deodhar Road", "highway": "residential", "length": 107.33100288141128, "grade": 0.022918403481223801, "slope_pct": 2.29 }, "geometry": { "type": "LineString", "coordinates": [ [ 72.8512734, 19.0256466 ], [ 72.8504982, 19.0262748 ] ] } },
{ "type": "Feature", "properties": { "u": 245661678, "v": 245661617, "key": 0, "name": "Telang Road", "highway": "residential", "length": 75.887004463458823, "grade": 0.0050083068892949386, "slope_pct": 0.5 }, "geometry": { "type": "LineString", "coordinates": [ [ 72.8512734, 19.0256466 ], [ 72.8512062, 19.0255757 ], [ 72.8507918, 19.0251382 ] ] } },
{ "type": "Feature", "properties": { "u": 245661678, "v": 245661583, "key": 0, "name": "Deodhar Road", "highway": "residential", "length": 108.52589693590586, "grade": 0.010024900026989128, "slope_pct": 1.0 }, "geometry": { "type": "LineString", "coordinates": [ [ 72.8512734, 19.0256466 ], [ 72.851349, 19.0255788 ], [ 72.8520222, 19.0249747 ] ] } },
{ "type": "Feature", "properties": { "u": 245661693, "v": 245661618, "key": 0, "name": "Sir Bhalchandra Road", "highway": "residential", "length": 64.367864422829371, "grade": 0.023901363275117708, "slope_pct": 2.39 }, "geometry": { "type": "LineString", "coordinates": [ [ 72.8529157, 19.0258378 ], [ 72.8527171, 19.0256459 ], [ 72.8524874, 19.0254241 ] ] } },
{ "type": "Feature", "properties": { "u": 245661693, "v": 245661728, "key": 0, "name": "Sir Bhalchandra Road", "highway": "residential", "length": 64.336005982244828, "grade": 0.023913357232626234, "slope_pct": 2.39 }, "geometry": { "type": "LineString", "coordinates": [ [ 72.8529157, 19.0258378 ], [ 72.8531317, 19.0260462 ], [ 72.853344, 19.0262511 ] ] } },
{ "type": "Feature", "properties": { "u": 245661693, "v": 12070892830, "key": 0, "name": "Bhimani Street", "highway": "residential", "length": 77.239240360093802, "grade": 0.015615633538712297, "slope_pct": 1.56 }, "geometry": { "type": "LineString", "coordinates": [ [ 72.8529157, 19.0258378 ], [ 72.8525179, 19.0261899 ], [ 72.8523818, 19.026315 ] ] } },
{ "type": "Feature", "properties": { "u": 245661694, "v": 245661781, "key": 0, "name": null, "highway": "residential", "length": 98.502532600970113, "grade": 0.016900418667735586, "slope_pct": 1.69 }, "geometry": { "type": "LineString", "coordinates": [ [ 72.8544126, 19.0261114 ], [ 72.8543625, 19.0261611 ], [ 72.8542907, 19.0262497 ], [ 72.8542161, 19.0263657 ], [ 72.8541757, 19.0264498 ], [ 72.8541597, 19.0265014 ], [ 72.8541106, 19.0266672 ], [ 72.8540849, 19.0267528 ], [ 72.8540381, 19.0269092 ] ] } },
{ "type": "Feature", "properties": { "u": 245661706, "v": 11452078510, "key": 0, "name": "Dnanyeshwar Mandir Marg", "highway": "residential", "length": 50.951490666722258, "grade": 0.012865801483523037, "slope_pct": 1.29 }, "geometry": { "type": "LineString", "coordinates": [ [ 72.8349218, 19.0259361 ], [ 72.834508, 19.0261747 ] ] } },
{ "type": "Feature", "properties": { "u": 245661706, "v": 245661627, "key": 0, "name": "Dnanyeshwar Mandir Marg", "highway": "residential", "length": 102.79460402709893, "grade": 0.0094506369773574208, "slope_pct": 0.95 }, "geometry": { "type": "LineString", "coordinates": [ [ 72.8349218, 19.0259361 ], [ 72.8354433, 19.0256453 ], [ 72.8357626, 19.0254641 ] ] } },
{ "type": "Feature", "properties": { "u": 245661706, "v": 4364457154, "key": 0, "name": "Jambhekar Path", "highway": "residential", "length": 213.3366946804021, "grade": 0.010230619998138152, "slope_pct": 1.02 }, "geometry": { "type": "LineString", "coordinates": [ [ 72.8349218, 19.0259361 ], [ 72.8348365, 19.0254217 ], [ 72.834101, 19.024209 ] ] } },
{ "type": "Feature", "properties": { "u": 245661712, "v": 245661617, "key": 0, "name": "U Bhat Marg", "highway": "residential", "length": 91.120356620807186, "grade": 0.017795406033694845, "slope_pct": 1.78 }, "geometry": { "type": "LineString", "coordinates": [ [ 72.8501834, 19.0257219 ], [ 72.8507918, 19.0251382 ] ] } },
{ "type": "Feature", "properties": { "u": 245661712, "v": 13658722685, "key": 0, "name": "U Bhat Marg", "highway": "residential", "length": 8.972181868713923, "grade": 0.01955223964762896, "slope_pct": 1.96 }, "geometry": { "type": "LineString", "coordinates": [ [ 72.8501834, 19.0257219 ], [ 72.850134, 19.0257877 ] ] } },
{ "type": "Feature", "properties": { "u": 245661712, "v": 7371796085, "key": 0, "name": "Lakhamsi Nappu Road", "highway": "tertiary", "length": 22.311542897217237, "grade": 0.02041473896196867, "slope_pct": 2.04 }, "geometry": { "type": "LineString", "coordinates": [ [ 72.8501834, 19.0257219 ], [ 72.8501331, 19.0255863 ], [ 72.8500865, 19.0255502 ] ] } },
{ "type": "Feature", "properties": { "u": 245661728, "v": 245661836, "key": 0, "name": "Chandavarkar Marg", "highway": "residential", "length": 117.41262601483767, "grade": 0.020371599141480186, "slope_pct": 2.04 }, "geometry": { "type": "LineString", "coordinates": [ [ 72.853344, 19.0262511 ], [ 72.8525219, 19.0269659 ] ] } },
{ "type": "Feature", "properties": { "u": 245661728, "v": 245661693, "key": 0, "name": "Sir Bhalchandra Road", "highway": "residential", "length": 64.336005982244828, "grade": 0.0050065342670711881, "slope_pct": 0.5 }, "geometry": { "type": "LineString", "coordinates": [ [ 72.853344, 19.0262511 ], [ 72.8531317, 19.0260462 ], [ 72.8529157, 19.0258378 ] ] } },
{ "type": "Feature", "properties": { "u": 245661728, "v": 245661751, "key": 0, "name": "Sir Bhalchandra Road", "highway": "residential", "length": 51.721502316832073, "grade": 0.013877246703456792, "slope_pct": 1.39 }, "geometry": { "type": "LineString", "coordinates": [ [ 72.853344, 19.0262511 ], [ 72.853411, 19.0263159 ], [ 72.85369, 19.0265818 ] ] } },
{ "type": "Feature", "properties": { "u": 245661728, "v": 245661656, "key": 0, "name": "Chandavarkar Marg", "highway": "residential", "length": 91.965348850603561, "grade": 0.0042662927203661744, "slope_pct": 0.43 }, "geometry": { "type": "LineString", "coordinates": [ [ 72.853344, 19.0262511 ], [ 72.8536698, 19.0259678 ], [ 72.8537081, 19.0259345 ], [ 72.8537457, 19.0259018 ], [ 72.8538073, 19.0258483 ], [ 72.8539072, 19.0257614 ], [ 72.8539879, 19.0256912 ] ] } },
{ "type": "Feature", "properties": { "u": 245661751, "v": 245661728, "key": 0, "name": "Sir Bhalchandra Road", "highway": "residential", "length": 51.721502316832073, "grade": 0.015089635411122182, "slope_pct": 1.51 }, "geometry": { "type": "LineString", "coordinates": [ [ 72.85369, 19.0265818 ], [ 72.853411, 19.0263159 ], [ 72.853344, 19.0262511 ] ] } },
{ "type": "Feature", "properties": { "u": 245661751, "v": 245661781, "key": 0, "name": "Sir Bhalchandra Road", "highway": "residential", "length": 51.617253826685101, "grade": 0.012713671030214296, "slope_pct": 1.27 }, "geometry": { "type": "LineString", "coordinates": [ [ 72.85369, 19.0265818 ], [ 72.8538841, 19.0267643 ], [ 72.8540381, 19.0269092 ] ] } },
{ "type": "Feature", "properties": { "u": 245661751, "v": 245661858, "key": 0, "name": "Telang Cross Road", "highway": "residential", "length": 135.07446847187629, "grade": 0.022529492020682596, "slope_pct": 2.25 }, "geometry": { "type": "LineString", "coordinates": [ [ 72.85369, 19.0265818 ], [ 72.8533196, 19.0268728 ], [ 72.8529512, 19.0271623 ], [ 72.8527001, 19.0273563 ] ] } },
{ "type": "Feature", "properties": { "u": 245661765, "v": 245661712, "key": 0, "name": "Lakhamsi Nappu Road", "highway": "tertiary", "length": 69.820046013040255, "grade": 0.010720130276145733, "slope_pct": 1.07 }, "geometry": { "type": "LineString", "coordinates": [ [ 72.8504982, 19.0262748 ], [ 72.8501834, 19.0257219 ] ] } },
{ "type": "Feature", "properties": { "u": 245661765, "v": 9985832424, "key": 0, "name": null, "highway": "residential", "length": 8.4682108850346598, "grade": 0.0055754743614073298, "slope_pct": 0.56 }, "geometry": { "type": "LineString", "coordinates": [ [ 72.8504982, 19.0262748 ], [ 72.8504368, 19.0263241 ] ] } },
{ "type": "Feature", "properties": { "u": 245661765, "v": 245661678, "key": 0, "name": "Deodhar Road", "highway": "residential", "length": 107.33100288141128, "grade": 0.0061458170051623892, "slope_pct": 0.61 }, "geometry": { "type": "LineString", "coordinates": [ [ 72.8504982, 19.0262748 ], [ 72.8512734, 19.0256466 ] ] } },
{ "type": "Feature", "properties": { "u": 245661781, "v": 7371796091, "key": 0, "name": null, "highway": "residential", "length": 41.485463063806911, "grade": 0.01975323389778439, "slope_pct": 1.98 }, "geometry": { "type": "LineString", "coordinates": [ [ 72.8540381, 19.0269092 ], [ 72.8541692, 19.0272611 ] ] } },
{ "type": "Feature", "properties": { "u": 245661781, "v": 245661751, "key": 0, "name": "Sir Bhalchandra Road", "highway": "residential", "length": 51.617253826685101, "grade": 0.016600797392957743, "slope_pct": 1.66 }, "geometry": { "type": "LineString", "coordinates": [ [ 72.8540381, 19.0269092 ], [ 72.8538841, 19.0267643 ], [ 72.85369, 19.0265818 ] ] } },
{ "type": "Feature", "properties": { "u": 245661781, "v": 245661694, "key": 0, "name": null, "highway": "residential", "length": 98.502532600970099, "grade": 0.0052246988747013858, "slope_pct": 0.52 }, "geometry": { "type": "LineString", "coordinates": [ [ 72.8540381, 19.0269092 ], [ 72.8540849, 19.0267528 ], [ 72.8541106, 19.0266672 ], [ 72.8541597, 19.0265014 ], [ 72.8541757, 19.0264498 ], [ 72.8542161, 19.0263657 ], [ 72.8542907, 19.0262497 ], [ 72.8543625, 19.0261611 ], [ 72.8544126, 19.0261114 ] ] } },
{ "type": "Feature", "properties": { "u": 245661824, "v": 245661765, "key": 0, "name": "Lakhamsi Nappu Road", "highway": "tertiary", "length": 72.361215240800135, "grade": 0.0048503497345299441, "slope_pct": 0.49 }, "geometry": { "type": "LineString", "coordinates": [ [ 72.8508153, 19.0268524 ], [ 72.8504982, 19.0262748 ] ] } },
{ "type": "Feature", "properties": { "u": 245661824, "v": 12070892818, "key": 0, "name": "Matunga Station Road", "highway": "residential", "length": 96.623358251906154, "grade": 0.018421320892100641, "slope_pct": 1.84 }, "geometry": { "type": "LineString", "coordinates": [ [ 72.8508153, 19.0268524 ], [ 72.8509847, 19.0267038 ], [ 72.8513042, 19.0264236 ], [ 72.8514905, 19.0262628 ] ] } },
{ "type": "Feature", "properties": { "u": 245661836, "v": 245661858, "key": 0, "name": "Telang Road", "highway": "residential", "length": 47.279783711842185, "grade": 0.0046007861400122578, "slope_pct": 0.46 }, "geometry": { "type": "LineString", "coordinates": [ [ 72.8525219, 19.0269659 ], [ 72.8527001, 19.0273563 ] ] } },
{ "type": "Feature", "properties": { "u": 245661836, "v": 7466305109, "key": 0, "name": "Telang Road", "highway": "residential", "length": 62.189266467500971, "grade": 0.021080921304387837, "slope_pct": 2.11 }, "geometry": { "type": "LineString", "coordinates": [ [ 72.8525219, 19.0269659 ], [ 72.8521201, 19.0265554 ] ] } },
{ "type": "Feature", "properties": { "u": 245661836, "v": 245661728, "key": 0, "name": "Chandavarkar Marg", "highway": "residential", "length": 117.41262601483767, "grade": 0.018537328997442919, "slope_pct": 1.85 }, "geometry": { "type": "LineString", "coordinates": [ [ 72.8525219, 19.0269659 ], [ 72.853344, 19.0262511 ] ] } },
{ "type": "Feature", "properties": { "u": 245661836, "v": 245661920, "key": 0, "name": "Chandavarkar Marg", "highway": "residential", "length": 150.78149245414485, "grade": 0.0047896731741217946, "slope_pct": 0.48 }, "geometry": { "type": "LineString", "coordinates": [ [ 72.8525219, 19.0269659 ], [ 72.8514885, 19.0279063 ] ] } },
{ "type": "Feature", "properties": { "u": 245661853, "v": 13542582004, "key": 0, "name": "Keluskar Road North", "highway": "residential", "length": 7.673018687077402, "grade": 0.0048664297098742221, "slope_pct": 0.49 }, "geometry": { "type": "LineString", "coordinates": [ [ 72.8400523, 19.0279534 ], [ 72.8400317, 19.0280196 ] ] } },
{ "type": "Feature", "properties": { "u": 245661853, "v": 631537709, "key": 0, "name": "Keluskar Road South", "highway": "residential", "length": 232.67790037206333, "grade": 0.02470607072702586, "slope_pct": 2.47 }, "geometry": { "type": "LineString", "coordinates": [ [ 72.8400523, 19.0279534 ], [ 72.8400484, 19.0279167 ], [ 72.8400111, 19.0277196 ], [ 72.8399814, 19.0275628 ], [ 72.8398112, 19.0266636 ], [ 72.8395935, 19.026172 ], [ 72.8394384, 19.0259699 ] ] } },
{ "type": "Feature", "properties": { "u": 245661853, "v": 13550987097, "key": 0, "name": "Shivaji Park Road no.2", "highway": "residential", "length": 66.608843449489655, "grade": 0.011233957506634647, "slope_pct": 1.12 }, "geometry": { "type": "LineString", "coordinates": [ [ 72.8400523, 19.0279534 ], [ 72.8401336, 19.0279834 ], [ 72.8406425, 19.0281714 ] ] } },
{ "type": "Feature", "properties": { "u": 245661858, "v": 7371796094, "key": 0, "name": "Telang Road", "highway": "residential", "length": 45.161848811391167, "grade": 0.0111541272354716, "slope_pct": 1.12 }, "geometry": { "type": "LineString", "coordinates": [ [ 72.8527001, 19.0273563 ], [ 72.8529032, 19.0277142 ] ] } },
{ "type": "Feature", "properties": { "u": 245661858, "v": 245661836, "key": 0, "name": "Telang Road", "highway": "residential", "length": 47.279783711842185, "grade": 0.020881590479665056, "slope_pct": 2.09 }, "geometry": { "type": "LineString", "coordinates": [ [ 72.8527001, 19.0273563 ], [ 72.8525219, 19.0269659 ] ] } },
{ "type": "Feature", "properties": { "u": 245661858, "v": 245661751, "key": 0, "name": "Telang Cross Road", "highway": "residential", "length": 135.07446847187629, "grade": 0.023839468702444893, "slope_pct": 2.38 }, "geometry": { "type": "LineString", "coordinates": [ [ 72.8527001, 19.0273563 ], [ 72.8529512, 19.0271623 ], [ 72.8533196, 19.0268728 ], [ 72.85369, 19.0265818 ] ] } },
{ "type": "Feature", "properties": { "u": 245661871, "v": 7371092122, "key": 0, "name": "Lady Jamshedji Road", "highway": "primary", "length": 22.755520359186868, "grade": 0.024692023404103161, "slope_pct": 2.47 }, "geometry": { "type": "LineString", "coordinates": [ [ 72.8413737, 19.0281605 ], [ 72.8413314, 19.0279598 ] ] } },
{ "type": "Feature", "properties": { "u": 245661871, "v": 5921458230, "key": 0, "name": "Bal Govind Das Road", "highway": "tertiary", "length": 29.312623363432301, "grade": 0.019574320075696715, "slope_pct": 1.96 }, "geometry": { "type": "LineString", "coordinates": [ [ 72.8413737, 19.0281605 ], [ 72.8414713, 19.0280391 ], [ 72.8415424, 19.0279506 ] ] } },
{ "type": "Feature", "properties": { "u": 245661873, "v": 12070892823, "key": 0, "name": "Bhimani Street", "highway": "residential", "length": 107.87097074953348, "grade": 0.011277710881680149, "slope_pct": 1.13 }, "geometry": { "type": "LineString", "coordinates": [ [ 72.851171, 19.0274235 ], [ 72.8517408, 19.026883 ], [ 72.8519025, 19.0267434 ] ] } },
{ "type": "Feature", "properties": { "u": 245661873, "v": 245661824, "key": 0, "name": "Lakhamsi Nappu Road", "highway": "tertiary", "length": 73.759104828523633, "grade": 0.004837015767370713, "slope_pct": 0.48 }, "geometry": { "type": "LineString", "coordinates": [ [ 72.851171, 19.0274235 ], [ 72.8509721, 19.0271316 ], [ 72.8508153, 19.0268524 ] ] } },
{ "type": "Feature", "properties": { "u": 245661890, "v": 13542582004, "key": 0, "name": "Keluskar Road North", "highway": "residential", "length": 38.644716148060887, "grade": 0.020097232150403609, "slope_pct": 2.01 }, "geometry": { "type": "LineString", "coordinates": [ [ 72.8397408, 19.0282321 ], [ 72.8400317, 19.0280196 ] ] } },
{ "type": "Feature", "properties": { "u": 245661890, "v": 2294332770, "key": 0, "name": "Lt Dilip Gupte Marg", "highway": "residential", "length": 69.692002546669215, "grade": 0.015284893494187712, "slope_pct": 1.53 }, "geometry": { "type": "LineString", "coordinates": [ [ 72.8397408, 19.0282321 ], [ 72.8398093, 19.0288555 ] ] } },
{ "type": "Feature", "properties": { "u": 245661897, "v": 13995093690, "key": 0, "name": "Taikalwadi Marg", "highway": "residential", "length": 40.385316126168362, "grade": 0.012332884203433481, "slope_pct": 1.23 }, "geometry": { "type": "LineString", "coordinates": [ [ 72.8437927, 19.0282203 ], [ 72.8434128, 19.0282744 ] ] } },
{ "type": "Feature", "properties": { "u": 245661897, "v": 11043651338, "key": 0, "name": null, "highway": "residential", "length": 66.428491205668877, "grade": 0.022939796472084193, "slope_pct": 2.29 }, "geometry": { "type": "LineString", "coordinates": [ [ 72.8437927, 19.0282203 ], [ 72.8444048, 19.0280718 ] ] } },
{ "type": "Feature", "properties": { "u": 245661897, "v": 1348001336, "key": 0, "name": "J K Sawant Marg", "highway": "tertiary", "length": 227.55695502179447, "grade": 0.0054463446107353292, "slope_pct": 0.54 }, "geometry": { "type": "LineString", "coordinates": [ [ 72.8437927, 19.0282203 ], [ 72.8436434, 19.0276945 ], [ 72.8435895, 19.0275048 ], [ 72.8433525, 19.0266699 ], [ 72.8432315, 19.0262438 ] ] } },
{ "type": "Feature", "properties": { "u": 245661905, "v": 245661919, "key": 0, "name": "Taikalwadi Marg", "highway": "residential", "length": 47.754385542498191, "grade": 0.013837752294398903, "slope_pct": 1.38 }, "geometry": { "type": "LineString", "coordinates": [ [ 72.8425285, 19.0284005 ], [ 72.8420793, 19.0284646 ] ] } },
{ "type": "Feature", "properties": { "u": 245661905, "v": 13995093686, "key": 0, "name": "Taikalwadi Marg", "highway": "residential", "length": 58.47944469794011, "grade": 0.0032497801848832197, "slope_pct": 0.32 }, "geometry": { "type": "LineString", "coordinates": [ [ 72.8425285, 19.0284005 ], [ 72.8425839, 19.0283926 ], [ 72.8430786, 19.0283221 ] ] } },
{ "type": "Feature", "properties": { "u": 245661918, "v": 5271602095, "key": 0, "name": "Taikalwadi Marg", "highway": "residential", "length": 9.8819598522264407, "grade": 0.013310534123870781, "slope_pct": 1.33 }, "geometry": { "type": "LineString", "coordinates": [ [ 72.8413672, 19.0285586 ], [ 72.841461, 19.0285527 ] ] } },
{ "type": "Feature", "properties": { "u": 245661919, "v": 5271602095, "key": 0, "name": "Taikalwadi Marg", "highway": "residential", "length": 65.729191889929197, "grade": 0.0042386720650004223, "slope_pct": 0.42 }, "geometry": { "type": "LineString", "coordinates": [ [ 72.8420793, 19.0284646 ], [ 72.841461, 19.0285527 ] ] } },
{ "type": "Feature", "properties": { "u": 245661919, "v": 245661905, "key": 0, "name": "Taikalwadi Marg", "highway": "residential", "length": 47.754385542498191, "grade": 0.0056139941578975828, "slope_pct": 0.56 }, "geometry": { "type": "LineString", "coordinates": [ [ 72.8420793, 19.0284646 ], [ 72.8425285, 19.0284005 ] ] } },
{ "type": "Feature", "properties": { "u": 245661920, "v": 245661873, "key": 0, "name": "Lakhamsi Nappu Road", "highway": "tertiary", "length": 63.21390970616509, "grade": 0.0055855774290963075, "slope_pct": 0.56 }, "geometry": { "type": "LineString", "coordinates": [ [ 72.8514885, 19.0279063 ], [ 72.851171, 19.0274235 ] ] } },
{ "type": "Feature", "properties": { "u": 245661920, "v": 245661836, "key": 0, "name": "Chandavarkar Marg", "highway": "residential", "length": 150.78149245414485, "grade": 0.0172826266465534, "slope_pct": 1.73 }, "geometry": { "type": "LineString", "coordinates": [ [ 72.8514885, 19.0279063 ], [ 72.8525219, 19.0269659 ] ] } },
{ "type": "Feature", "properties": { "u": 245661960, "v": 7371796089, "key": 0, "name": "Laxmi Narayan Lane", "highway": "residential", "length": 9.7205001465995924, "grade": 0.019412987343839314, "slope_pct": 1.94 }, "geometry": { "type": "LineString", "coordinates": [ [ 72.8516856, 19.0281023 ], [ 72.8516649, 19.0281875 ] ] } },
{ "type": "Feature", "properties": { "u": 245661960, "v": 245661920, "key": 0, "name": "Lakhamsi Nappu Road", "highway": "tertiary", "length": 30.097161548327918, "grade": 0.015834112832137513, "slope_pct": 1.58 }, "geometry": { "type": "LineString", "coordinates": [ [ 72.8516856, 19.0281023 ], [ 72.8516188, 19.0280435 ], [ 72.8514885, 19.0279063 ] ] } },
{ "type": "Feature", "properties": { "u": 245661988, "v": 245661918, "key": 0, "name": "Pandurang Naik Marg", "highway": "residential", "length": 84.839846553626998, "grade": 0.024167796066439925, "slope_pct": 2.42 }, "geometry": { "type": "LineString", "coordinates": [ [ 72.8406851, 19.028966 ], [ 72.8409126, 19.0288249 ], [ 72.8411436, 19.0286816 ], [ 72.8413672, 19.0285586 ] ] } },
{ "type": "Feature", "properties": { "u": 276769539, "v": 245660822, "key": 0, "name": "Jehangir Vimadalal Road", "highway": "residential", "length": 75.036264597792524, "grade": 0.01124715274952149, "slope_pct": 1.12 }, "geometry": { "type": "LineString", "coordinates": [ [ 72.8509328, 19.0177508 ], [ 72.8503512, 19.018142 ] ] } },
{ "type": "Feature", "properties": { "u": 276769539, "v": 245660750, "key": 0, "name": "Jehangir Vimadalal Road", "highway": "residential", "length": 83.087985693141476, "grade": 0.0092856658982009357, "slope_pct": 0.93 }, "geometry": { "type": "LineString", "coordinates": [ [ 72.8509328, 19.0177508 ], [ 72.8515749, 19.0173151 ] ] } },
{ "type": "Feature", "properties": { "u": 276769539, "v": 536763648, "key": 0, "name": "Parsi Colony Road No 7", "highway": "residential", "length": 55.00850474836075, "grade": 0.022109180820168127, "slope_pct": 2.21 }, "geometry": { "type": "LineString", "coordinates": [ [ 72.8509328, 19.0177508 ], [ 72.8504846, 19.0174955 ] ] } },
{ "type": "Feature", "properties": { "u": 296355514, "v": 7394094906, "key": 0, "name": null, "highway": "residential", "length": 10.30544064961251, "grade": 0.0079191084474279586, "slope_pct": 0.79 }, "geometry": { "type": "LineString", "coordinates": [ [ 72.8328455, 19.020676 ], [ 72.8329312, 19.020631 ] ] } },
{ "type": "Feature", "properties": { "u": 296355514, "v": 245661369, "key": 0, "name": "Swatantrya Veer Savarkar Marg", "highway": "secondary", "length": 281.08793827371704, "grade": 0.024190895867693449, "slope_pct": 2.42 }, "geometry": { "type": "LineString", "coordinates": [ [ 72.8328455, 19.020676 ], [ 72.8329957, 19.0208689 ], [ 72.8342674, 19.0225635 ], [ 72.8343582, 19.0227558 ] ] } },
{ "type": "Feature", "properties": { "u": 471942850, "v": 245659974, "key": 0, "name": "Fitwala Road", "highway": "residential", "length": 19.909352399422577, "grade": 0.0032673984431759598, "slope_pct": 0.33 }, "geometry": { "type": "LineString", "coordinates": [ [ 72.8327036, 19.0083279 ], [ 72.8325509, 19.0084338 ] ] } },
{ "type": "Feature", "properties": { "u": 471942850, "v": 13822935060, "key": 0, "name": "Senapati Bapat Marg", "highway": "primary", "length": 8.2225395954100815, "grade": 0.02433733418756806, "slope_pct": 2.43 }, "geometry": { "type": "LineString", "coordinates": [ [ 72.8327036, 19.0083279 ], [ 72.8326673, 19.0082624 ] ] } },
{ "type": "Feature", "properties": { "u": 471942850, "v": 9175044706, "key": 0, "name": "Fitwala Road", "highway": "residential", "length": 231.78068106170835, "grade": 0.003949518062912675, "slope_pct": 0.39 }, "geometry": { "type": "LineString", "coordinates": [ [ 72.8327036, 19.0083279 ], [ 72.8333888, 19.0079807 ], [ 72.8341345, 19.0077414 ], [ 72.8347337, 19.0075294 ] ] } },
{ "type": "Feature", "properties": { "u": 471942852, "v": 245660066, "key": 0, "name": "Jagannath Bhatnagar Road", "highway": "secondary", "length": 22.794233236561457, "grade": 0.022605148501357565, "slope_pct": 2.26 }, "geometry": { "type": "LineString", "coordinates": [ [ 72.8334559, 19.0091918 ], [ 72.8332775, 19.0093083 ] ] } },
{ "type": "Feature", "properties": { "u": 471942852, "v": 13822935059, "key": 0, "name": "Senapati Bapat Marg", "highway": "primary", "length": 102.04849481725867, "grade": 0.0146094243998986, "slope_pct": 1.46 }, "geometry": { "type": "LineString", "coordinates": [ [ 72.8334559, 19.0091918 ], [ 72.8331619, 19.0089184 ], [ 72.832908, 19.0086147 ], [ 72.8328248, 19.008498 ] ] } },
{ "type": "Feature", "properties": { "u": 471942852, "v": 10536657610, "key": 0, "name": "Acharya Donde Marg", "highway": "secondary", "length": 85.520912302772473, "grade": 0.024845225514624609, "slope_pct": 2.48 }, "geometry": { "type": "LineString", "coordinates": [ [ 72.8334559, 19.0091918 ], [ 72.8336049, 19.0091538 ], [ 72.833646, 19.0091363 ], [ 72.8341384, 19.0088513 ], [ 72.834169, 19.0088321 ] ] } },
{ "type": "Feature", "properties": { "u": 528873053, "v": 13672136778, "key": 0, "name": "Sewri Cross Road", "highway": "residential", "length": 35.8635438674441, "grade": 0.004623524424178775, "slope_pct": 0.46 }, "geometry": { "type": "LineString", "coordinates": [ [ 72.8545128, 19.0086851 ], [ 72.8543543, 19.0089707 ] ] } },
{ "type": "Feature", "properties": { "u": 536673200, "v": 11032149185, "key": 0, "name": "Raobahadur S.K. Bole Marg", "highway": "primary", "length": 32.424293680453303, "grade": 0.015184794256829059, "slope_pct": 1.52 }, "geometry": { "type": "LineString", "coordinates": [ [ 72.8365307, 19.0190864 ], [ 72.8367816, 19.019256 ] ] } },
{ "type": "Feature", "properties": { "u": 536673200, "v": 7371481515, "key": 0, "name": "Raobahadur S.K. Bole Marg", "highway": "primary", "length": 7.1577898617159672, "grade": 0.02432465578362018, "slope_pct": 2.43 }, "geometry": { "type": "LineString", "coordinates": [ [ 72.8365307, 19.0190864 ], [ 72.8364813, 19.0190421 ] ] } },
{ "type": "Feature", "properties": { "u": 536673200, "v": 245660940, "key": 0, "name": "K,W, Chitale Marg", "highway": "residential", "length": 101.49006295108721, "grade": 0.014508152571743274, "slope_pct": 1.45 }, "geometry": { "type": "LineString", "coordinates": [ [ 72.8365307, 19.0190864 ], [ 72.8370951, 19.0183459 ] ] } },
{ "type": "Feature", "properties": { "u": 536673794, "v": 13539897252, "key": 0, "name": "Gokhale Road", "highway": "secondary", "length": 68.407284751628126, "grade": 0.016846770038975778, "slope_pct": 1.68 }, "geometry": { "type": "LineString", "coordinates": [ [ 72.8346983, 19.0156328 ], [ 72.8344639, 19.0150589 ] ] } },
{ "type": "Feature", "properties": { "u": 536673794, "v": 13539897241, "key": 0, "name": "V. S. Matkar Marg", "highway": "residential", "length": 49.925942461783038, "grade": 0.018306471157661579, "slope_pct": 1.83 }, "geometry": { "type": "LineString", "coordinates": [ [ 72.8346983, 19.0156328 ], [ 72.8348736, 19.0153883 ], [ 72.8349647, 19.0152611 ] ] } },
{ "type": "Feature", "properties": { "u": 536726906, "v": 536726910, "key": 0, "name": "Khodadad Circle", "highway": "trunk", "length": 26.05146787298025, "grade": 0.012999903424891011, "slope_pct": 1.3 }, "geometry": { "type": "LineString", "coordinates": [ [ 72.8475601, 19.0181088 ], [ 72.8476709, 19.0181613 ], [ 72.8477931, 19.0181805 ] ] } },
{ "type": "Feature", "properties": { "u": 536726910, "v": 14091199430, "key": 0, "name": "Dr Babasaheb Ambedkar Marg (Vincent Road)", "highway": "trunk", "length": 33.903296079393542, "grade": 0.016806277761849397, "slope_pct": 1.68 }, "geometry": { "type": "LineString", "coordinates": [ [ 72.8477931, 19.0181805 ], [ 72.8479376, 19.0182502 ], [ 72.847979, 19.0182778 ], [ 72.8480043, 19.0183006 ], [ 72.8480485, 19.0183575 ] ] } },
{ "type": "Feature", "properties": { "u": 536726910, "v": 2163592452, "key": 0, "name": "Khodadad Circle", "highway": "trunk", "length": 50.901699688556704, "grade": 0.015854914862308205, "slope_pct": 1.59 }, "geometry": { "type": "LineString", "coordinates": [ [ 72.8477931, 19.0181805 ], [ 72.8479131, 19.0181653 ], [ 72.8480233, 19.018118 ], [ 72.8481142, 19.0180425 ], [ 72.8481782, 19.0179453 ] ] } },
{ "type": "Feature", "properties": { "u": 536726942, "v": 5921458183, "key": 0, "name": "Dr Babasaheb Ambedkar Marg (Vincent Road)", "highway": "trunk", "length": 78.54408181619263, "grade": 0.02282547623080176, "slope_pct": 2.28 }, "geometry": { "type": "LineString", "coordinates": [ [ 72.8477426, 19.0174022 ], [ 72.8476451, 19.0173573 ], [ 72.8475888, 19.0173026 ], [ 72.8472665, 19.016872 ] ] } },
{ "type": "Feature", "properties": { "u": 536726942, "v": 1179269788, "key": 0, "name": "Khodadad Circle", "highway": "trunk", "length": 47.105576989297248, "grade": 0.0039998203675120731, "slope_pct": 0.4 }, "geometry": { "type": "LineString", "coordinates": [ [ 72.8477426, 19.0174022 ], [ 72.8476347, 19.0174307 ], [ 72.8475389, 19.0174855 ], [ 72.8474621, 19.0175626 ], [ 72.84741, 19.0176564 ] ] } },
{ "type": "Feature", "properties": { "u": 536763648, "v": 13659168057, "key": 0, "name": "Parsi Colony Road No 6", "highway": "residential", "length": 36.416756215998689, "grade": 0.0091811901710290682, "slope_pct": 0.92 }, "geometry": { "type": "LineString", "coordinates": [ [ 72.8504846, 19.0174955 ], [ 72.8507764, 19.017319 ] ] } },
{ "type": "Feature", "properties": { "u": 536763648, "v": 276769539, "key": 0, "name": "Parsi Colony Road No 7", "highway": "residential", "length": 55.00850474836075, "grade": 0.023909052649684293, "slope_pct": 2.39 }, "geometry": { "type": "LineString", "coordinates": [ [ 72.8504846, 19.0174955 ], [ 72.8509328, 19.0177508 ] ] } },
{ "type": "Feature", "properties": { "u": 536763648, "v": 245660739, "key": 0, "name": "Parsi Colony Road No 7", "highway": "residential", "length": 75.905751877980705, "grade": 0.02258580324560016, "slope_pct": 2.26 }, "geometry": { "type": "LineString", "coordinates": [ [ 72.8504846, 19.0174955 ], [ 72.8502896, 19.0173859 ], [ 72.850081, 19.0172686 ], [ 72.8498663, 19.017143 ] ] } },
{ "type": "Feature", "properties": { "u": 536771057, "v": 536771058, "key": 0, "name": "Khareghat Road", "highway": "residential", "length": 83.664132439897585, "grade": 0.013024448561285686, "slope_pct": 1.3 }, "geometry": { "type": "LineString", "coordinates": [ [ 72.8533223, 19.0177125 ], [ 72.852693, 19.0181731 ] ] } },
{ "type": "Feature", "properties": { "u": 536771057, "v": 245661089, "key": 0, "name": "Firdausi Road", "highway": "residential", "length": 160.24059808298182, "grade": 0.01664291715163381, "slope_pct": 1.66 }, "geometry": { "type": "LineString", "coordinates": [ [ 72.8533223, 19.0177125 ], [ 72.853618, 19.0191262 ] ] } },
{ "type": "Feature", "properties": { "u": 536771057, "v": 13658722664, "key": 0, "name": "Firdausi Road", "highway": "residential", "length": 10.306193825589233, "grade": 0.0091023860255849201, "slope_pct": 0.91 }, "geometry": { "type": "LineString", "coordinates": [ [ 72.8533223, 19.0177125 ], [ 72.8533002, 19.0176222 ] ] } },
{ "type": "Feature", "properties": { "u": 536771058, "v": 8699820416, "key": 0, "name": "Khareghat Road", "highway": "residential", "length": 71.294369823809461, "grade": 0.0071386655139227496, "slope_pct": 0.71 }, "geometry": { "type": "LineString", "coordinates": [ [ 72.852693, 19.0181731 ], [ 72.8521372, 19.0185405 ] ] } },
{ "type": "Feature", "properties": { "u": 536771058, "v": 8699820416, "key": 1, "name": [ "Parsi Colony Road No 10", "Parsi Colony Road No 9" ], "highway": "residential", "length": 158.01969694732819, "grade": 0.013201364908679607, "slope_pct": 1.32 }, "geometry": { "type": "LineString", "coordinates": [ [ 72.852693, 19.0181731 ], [ 72.8528352, 19.0188515 ], [ 72.8521372, 19.0185405 ] ] } },
{ "type": "Feature", "properties": { "u": 536771058, "v": 536771057, "key": 0, "name": "Khareghat Road", "highway": "residential", "length": 83.664132439897585, "grade": 0.010773749016573162, "slope_pct": 1.08 }, "geometry": { "type": "LineString", "coordinates": [ [ 72.852693, 19.0181731 ], [ 72.8533223, 19.0177125 ] ] } },
{ "type": "Feature", "properties": { "u": 536771060, "v": 10277719240, "key": 0, "name": "Sohrab Palamkote Road", "highway": "residential", "length": 15.824382467615226, "grade": 0.015840434460719185, "slope_pct": 1.58 }, "geometry": { "type": "LineString", "coordinates": [ [ 72.8537783, 19.0174188 ], [ 72.8538101, 19.0175579 ] ] } },
{ "type": "Feature", "properties": { "u": 536771060, "v": 13658722667, "key": 0, "name": "Katrak Road", "highway": "primary", "length": 66.818083033100692, "grade": 0.0047101620132296669, "slope_pct": 0.47 }, "geometry": { "type": "LineString", "coordinates": [ [ 72.8537783, 19.0174188 ], [ 72.8532705, 19.0170574 ] ] } },
{ "type": "Feature", "properties": { "u": 536771756, "v": 536771758, "key": 0, "name": "Parsi Colony Road No.13", "highway": "residential", "length": 89.093655238827424, "grade": 0.024436685768655663, "slope_pct": 2.44 }, "geometry": { "type": "LineString", "coordinates": [ [ 72.8547683, 19.0185257 ], [ 72.8540663, 19.0189746 ] ] } },
{ "type": "Feature", "properties": { "u": 536771756, "v": 536771773, "key": 0, "name": "Parsi Colony Road No.14", "highway": "residential", "length": 101.15030804475063, "grade": 0.024696636378551264, "slope_pct": 2.47 }, "geometry": { "type": "LineString", "coordinates": [ [ 72.8547683, 19.0185257 ], [ 72.8539294, 19.0180802 ] ] } },
{ "type": "Feature", "properties": { "u": 536771758, "v": 536771756, "key": 0, "name": "Parsi Colony Road No.13", "highway": "residential", "length": 89.093655238827424, "grade": 0.018359557708434393, "slope_pct": 1.84 }, "geometry": { "type": "LineString", "coordinates": [ [ 72.8540663, 19.0189746 ], [ 72.8547683, 19.0185257 ] ] } },
{ "type": "Feature", "properties": { "u": 536771758, "v": 536771773, "key": 0, "name": "Sohrab Palamkote Road", "highway": "residential", "length": 100.48878359034499, "grade": 0.014794120059570651, "slope_pct": 1.48 }, "geometry": { "type": "LineString", "coordinates": [ [ 72.8540663, 19.0189746 ], [ 72.8539294, 19.0180802 ] ] } },
{ "type": "Feature", "properties": { "u": 536771758, "v": 245660999, "key": 0, "name": "Sohrab Palamkote Road", "highway": "residential", "length": 17.536966993012481, "grade": 0.0098096075582992104, "slope_pct": 0.98 }, "geometry": { "type": "LineString", "coordinates": [ [ 72.8540663, 19.0189746 ], [ 72.854081, 19.0191317 ] ] } },
{ "type": "Feature", "properties": { "u": 536771773, "v": 10277719240, "key": 0, "name": "Sohrab Palamkote Road", "highway": "residential", "length": 59.415903081981973, "grade": 0.020903490433552871, "slope_pct": 2.09 }, "geometry": { "type": "LineString", "coordinates": [ [ 72.8539294, 19.0180802 ], [ 72.8538101, 19.0175579 ] ] } },
{ "type": "Feature", "properties": { "u": 536771773, "v": 536771758, "key": 0, "name": "Sohrab Palamkote Road", "highway": "residential", "length": 100.48878359034499, "grade": 0.018064085796185344, "slope_pct": 1.81 }, "geometry": { "type": "LineString", "coordinates": [ [ 72.8539294, 19.0180802 ], [ 72.8540663, 19.0189746 ] ] } },
{ "type": "Feature", "properties": { "u": 536771773, "v": 536771756, "key": 0, "name": "Parsi Colony Road No.14", "highway": "residential", "length": 101.15030804475063, "grade": 0.0065775726655876096, "slope_pct": 0.66 }, "geometry": { "type": "LineString", "coordinates": [ [ 72.8539294, 19.0180802 ], [ 72.8547683, 19.0185257 ] ] } },
{ "type": "Feature", "properties": { "u": 536784018, "v": 7374320619, "key": 0, "name": "Lady Jehangir Road", "highway": "residential", "length": 7.8242179323752215, "grade": 0.023040398058864535, "slope_pct": 2.3 }, "geometry": { "type": "LineString", "coordinates": [ [ 72.8547134, 19.0196186 ], [ 72.8546827, 19.0195545 ] ] } },
{ "type": "Feature", "properties": { "u": 536784033, "v": 536785095, "key": 0, "name": "Ardeshir B Homavazir Road", "highway": "residential", "length": 223.1192478347493, "grade": 0.021095819344309718, "slope_pct": 2.11 }, "geometry": { "type": "LineString", "coordinates": [ [ 72.8527739, 19.0203354 ], [ 72.8509177, 19.0193624 ] ] } },
{ "type": "Feature", "properties": { "u": 536784033, "v": 12069873596, "key": 0, "name": "Lady Jehangir Road", "highway": "residential", "length": 43.176583095497953, "grade": 0.023895598092422331, "slope_pct": 2.39 }, "geometry": { "type": "LineString", "coordinates": [ [ 72.8527739, 19.0203354 ], [ 72.8528059, 19.0204351 ], [ 72.8528487, 19.0205311 ], [ 72.8529018, 19.0206224 ], [ 72.8529443, 19.0206866 ] ] } },
{ "type": "Feature", "properties": { "u": 536785095, "v": 536784033, "key": 0, "name": "Ardeshir B Homavazir Road", "highway": "residential", "length": 223.1192478347493, "grade": 0.018965829184543918, "slope_pct": 1.9 }, "geometry": { "type": "LineString", "coordinates": [ [ 72.8509177, 19.0193624 ], [ 72.8527739, 19.0203354 ] ] } },
{ "type": "Feature", "properties": { "u": 536785095, "v": 245661060, "key": 0, "name": "Khareghat Road", "highway": "residential", "length": 43.934676101248918, "grade": 0.016495134310587377, "slope_pct": 1.65 }, "geometry": { "type": "LineString", "coordinates": [ [ 72.8509177, 19.0193624 ], [ 72.8505775, 19.0195919 ] ] } },
{ "type": "Feature", "properties": { "u": 536785095, "v": 13659211313, "key": 0, "name": "Khareghat Road", "highway": "residential", "length": 71.792996628976681, "grade": 0.012201346798393617, "slope_pct": 1.22 }, "geometry": { "type": "LineString", "coordinates": [ [ 72.8509177, 19.0193624 ], [ 72.8512451, 19.0191416 ], [ 72.8513366, 19.0190799 ], [ 72.8514731, 19.0189867 ] ] } },
{ "type": "Feature", "properties": { "u": 536809869, "v": 7371796097, "key": 0, "name": null, "highway": "residential", "length": 65.551178229948476, "grade": 0.023520026633788292, "slope_pct": 2.35 }, "geometry": { "type": "LineString", "coordinates": [ [ 72.8516929, 19.0283746 ], [ 72.8521716, 19.0279968 ] ] } },
{ "type": "Feature", "properties": { "u": 587976149, "v": 11919249646, "key": 0, "name": "Swami Gyan Jiwandas Marg", "highway": "tertiary", "length": 46.124892778694857, "grade": 0.022053405569008984, "slope_pct": 2.21 }, "geometry": { "type": "LineString", "coordinates": [ [ 72.8464754, 19.0163138 ], [ 72.8461406, 19.0165819 ] ] } },
{ "type": "Feature", "properties": { "u": 587976149, "v": 11919249649, "key": 0, "name": "Dr Babasaheb Ambedkar Marg (Vincent Road)", "highway": "trunk", "length": 49.081524975514341, "grade": 0.003994810742336167, "slope_pct": 0.4 }, "geometry": { "type": "LineString", "coordinates": [ [ 72.8464754, 19.0163138 ], [ 72.846746, 19.0166735 ] ] } },
{ "type": "Feature", "properties": { "u": 587976149, "v": 5848596628, "key": 0, "name": "Swami Gyan Jiwandas Marg", "highway": "tertiary", "length": 27.864073370441972, "grade": 0.003580073438939544, "slope_pct": 0.36 }, "geometry": { "type": "LineString", "coordinates": [ [ 72.8464754, 19.0163138 ], [ 72.8466987, 19.0161788 ] ] } },
{ "type": "Feature", "properties": { "u": 587976171, "v": 245660409, "key": 0, "name": null, "highway": "residential", "length": 60.319396598235386, "grade": 0.011282194071317093, "slope_pct": 1.13 }, "geometry": { "type": "LineString", "coordinates": [ [ 72.8444749, 19.01349 ], [ 72.8439836, 19.0137702 ] ] } },
{ "type": "Feature", "properties": { "u": 587976171, "v": 587976199, "key": 0, "name": "Dr Babasaheb Ambedkar Marg (Vincent Road)", "highway": "trunk", "length": 176.18435515912168, "grade": 0.020832173277200324, "slope_pct": 2.08 }, "geometry": { "type": "LineString", "coordinates": [ [ 72.8444749, 19.01349 ], [ 72.8446451, 19.0137488 ], [ 72.8447802, 19.0139524 ], [ 72.8453833, 19.0148214 ] ] } },
{ "type": "Feature", "properties": { "u": 587976179, "v": 245660386, "key": 0, "name": "Dadasaheb Phalke Marg", "highway": "tertiary", "length": 77.139815813773311, "grade": 0.024720074844928778, "slope_pct": 2.47 }, "geometry": { "type": "LineString", "coordinates": [ [ 72.8426478, 19.0142502 ], [ 72.8424749, 19.013576 ] ] } },
{ "type": "Feature", "properties": { "u": 587976179, "v": 245660409, "key": 0, "name": null, "highway": "residential", "length": 150.23110914405669, "grade": 0.0063091716042776198, "slope_pct": 0.63 }, "geometry": { "type": "LineString", "coordinates": [ [ 72.8426478, 19.0142502 ], [ 72.8439836, 19.0137702 ] ] } },
{ "type": "Feature", "properties": { "u": 587976179, "v": 245660619, "key": 0, "name": "Dadasaheb Phalke Marg", "highway": "tertiary", "length": 265.87548432490104, "grade": 0.016070875737746973, "slope_pct": 1.61 }, "geometry": { "type": "LineString", "coordinates": [ [ 72.8426478, 19.0142502 ], [ 72.8430855, 19.0158287 ], [ 72.8431805, 19.016171 ], [ 72.8432892, 19.0165631 ] ] } },
{ "type": "Feature", "properties": { "u": 587976199, "v": 1179261850, "key": 0, "name": "Mumbai Marathi Granth Sangrahalaya Marg", "highway": "tertiary", "length": 26.477875281604796, "grade": 0.011379598845882473, "slope_pct": 1.14 }, "geometry": { "type": "LineString", "coordinates": [ [ 72.8453833, 19.0148214 ], [ 72.8455526, 19.0146451 ] ] } },
{ "type": "Feature", "properties": { "u": 587976199, "v": 5921458189, "key": 0, "name": "Dr Babasaheb Ambedkar Marg (Vincent Road)", "highway": "trunk", "length": 116.58083381229841, "grade": 0.024338116751921272, "slope_pct": 2.43 }, "geometry": { "type": "LineString", "coordinates": [ [ 72.8453833, 19.0148214 ], [ 72.8454827, 19.014971 ], [ 72.8458932, 19.0155253 ], [ 72.8460116, 19.0156851 ] ] } },
{ "type": "Feature", "properties": { "u": 587984765, "v": 245660619, "key": 0, "name": "Dadasaheb Phalke Marg", "highway": "tertiary", "length": 130.40884489245246, "grade": 0.021526616308985592, "slope_pct": 2.15 }, "geometry": { "type": "LineString", "coordinates": [ [ 72.8439863, 19.0175026 ], [ 72.8436934, 19.0172978 ], [ 72.8435622, 19.017079 ], [ 72.8432892, 19.0165631 ] ] } },
{ "type": "Feature", "properties": { "u": 587984765, "v": 13686797151, "key": 0, "name": null, "highway": "tertiary", "length": 21.609337646672405, "grade": 0.021443231503645032, "slope_pct": 2.14 }, "geometry": { "type": "LineString", "coordinates": [ [ 72.8439863, 19.0175026 ], [ 72.8439746, 19.0175232 ], [ 72.8439704, 19.0175461 ], [ 72.8439739, 19.0175691 ], [ 72.8439848, 19.01759 ], [ 72.8440039, 19.0176077 ], [ 72.8440282, 19.0176183 ], [ 72.8440548, 19.0176206 ], [ 72.8440807, 19.0176141 ] ] } },
{ "type": "Feature", "properties": { "u": 631537694, "v": 7394094895, "key": 0, "name": "Keluskar Road South", "highway": "residential", "length": 195.37359236569532, "grade": 0.013311249515489346, "slope_pct": 1.33 }, "geometry": { "type": "LineString", "coordinates": [ [ 72.8379118, 19.0253754 ], [ 72.8374257, 19.0255343 ], [ 72.8365213, 19.0260594 ], [ 72.8362797, 19.0261985 ] ] } },
{ "type": "Feature", "properties": { "u": 631537694, "v": 10617808477, "key": 0, "name": "Keluskar Road South", "highway": "residential", "length": 170.48877289169144, "grade": 0.012126029051428636, "slope_pct": 1.21 }, "geometry": { "type": "LineString", "coordinates": [ [ 72.8379118, 19.0253754 ], [ 72.8383623, 19.0253867 ], [ 72.8386911, 19.025464 ], [ 72.838945, 19.0255798 ], [ 72.8393744, 19.0259054 ] ] } },
{ "type": "Feature", "properties": { "u": 631537694, "v": 1289124430, "key": 0, "name": "Shivaji Park Road no.1", "highway": "residential", "length": 43.583944637689029, "grade": 0.0090149555824755381, "slope_pct": 0.9 }, "geometry": { "type": "LineString", "coordinates": [ [ 72.8379118, 19.0253754 ], [ 72.837899, 19.0253369 ], [ 72.8377874, 19.0250015 ] ] } },
{ "type": "Feature", "properties": { "u": 631537700, "v": 7394094895, "key": 0, "name": "Keluskar Road South", "highway": "residential", "length": 9.244113010185993, "grade": 0.0042402609263203963, "slope_pct": 0.42 }, "geometry": { "type": "LineString", "coordinates": [ [ 72.8362032, 19.0262395 ], [ 72.8362797, 19.0261985 ] ] } },
{ "type": "Feature", "properties": { "u": 631537700, "v": 1930232483, "key": 0, "name": "Keluskar Road South", "highway": "residential", "length": 134.669704849521, "grade": 0.022023892277611173, "slope_pct": 2.2 }, "geometry": { "type": "LineString", "coordinates": [ [ 72.8362032, 19.0262395 ], [ 72.8359843, 19.0263382 ], [ 72.8354491, 19.0265795 ], [ 72.8350557, 19.0267774 ] ] } },
{ "type": "Feature", "properties": { "u": 631537709, "v": 10617808477, "key": 0, "name": "Keluskar Road South", "highway": "residential", "length": 9.8336662196985891, "grade": 0.020883822200861709, "slope_pct": 2.09 }, "geometry": { "type": "LineString", "coordinates": [ [ 72.8394384, 19.0259699 ], [ 72.8394105, 19.0259418 ], [ 72.8393987, 19.0259299 ], [ 72.8393744, 19.0259054 ] ] } },
{ "type": "Feature", "properties": { "u": 631537709, "v": 245661853, "key": 0, "name": "Keluskar Road South", "highway": "residential", "length": 232.67790037206333, "grade": 0.024993788812294873, "slope_pct": 2.5 }, "geometry": { "type": "LineString", "coordinates": [ [ 72.8394384, 19.0259699 ], [ 72.8395935, 19.026172 ], [ 72.8398112, 19.0266636 ], [ 72.8399814, 19.0275628 ], [ 72.8400111, 19.0277196 ], [ 72.8400484, 19.0279167 ], [ 72.8400523, 19.0279534 ] ] } },
{ "type": "Feature", "properties": { "u": 631537709, "v": 1289110957, "key": 0, "name": "N C Kelkar Marg", "highway": "residential", "length": 56.925833530273223, "grade": 0.024926010415625921, "slope_pct": 2.49 }, "geometry": { "type": "LineString", "coordinates": [ [ 72.8394384, 19.0259699 ], [ 72.8394672, 19.0259463 ], [ 72.8398478, 19.0256348 ] ] } },
{ "type": "Feature", "properties": { "u": 631537715, "v": 13550987097, "key": 0, "name": "Shivaji Park Road no.2", "highway": "residential", "length": 11.164479056711183, "grade": 0.015219497523257804, "slope_pct": 1.52 }, "geometry": { "type": "LineString", "coordinates": [ [ 72.8407414, 19.028208 ], [ 72.8406425, 19.0281714 ] ] } },
{ "type": "Feature", "properties": { "u": 631537715, "v": 1289110957, "key": 0, "name": "Dr Madhukar B. Raut Marg", "highway": "residential", "length": 304.56620219544675, "grade": 0.019917723133971232, "slope_pct": 1.99 }, "geometry": { "type": "LineString", "coordinates": [ [ 72.8407414, 19.028208 ], [ 72.8403056, 19.0265198 ], [ 72.8402182, 19.0261815 ], [ 72.8400331, 19.0258439 ], [ 72.8398478, 19.0256348 ] ] } },
{ "type": "Feature", "properties": { "u": 1165504242, "v": 3217559375, "key": 0, "name": "Bhagwandas Narottamdas Marg", "highway": "residential", "length": 112.16635856877841, "grade": 0.023784846057413416, "slope_pct": 2.38 }, "geometry": { "type": "LineString", "coordinates": [ [ 72.8530999, 19.0243236 ], [ 72.8533154, 19.0241343 ], [ 72.8533397, 19.0241129 ], [ 72.8534193, 19.024043 ], [ 72.8538815, 19.0236369 ] ] } },
{ "type": "Feature", "properties": { "u": 1165504242, "v": 1179090909, "key": 0, "name": "Dr Babasaheb Ambedkar Marg (Vincent Road)", "highway": "trunk", "length": 99.200332526976183, "grade": 0.021692242594903054, "slope_pct": 2.17 }, "geometry": { "type": "LineString", "coordinates": [ [ 72.8530999, 19.0243236 ], [ 72.8530589, 19.0242837 ], [ 72.8526997, 19.0238917 ], [ 72.8526702, 19.0238595 ], [ 72.8524796, 19.0236514 ] ] } },
{ "type": "Feature", "properties": { "u": 1179088379, "v": 245661262, "key": 0, "name": "Dr Babasaheb Ambedkar Marg (Vincent Road)", "highway": "trunk", "length": 184.25243826526463, "grade": 0.0084416582383503493, "slope_pct": 0.84 }, "geometry": { "type": "LineString", "coordinates": [ [ 72.8496865, 19.0204234 ], [ 72.8497319, 19.0206153 ], [ 72.8497862, 19.0207318 ], [ 72.8499868, 19.0209878 ], [ 72.8506235, 19.0218044 ] ] } },
{ "type": "Feature", "properties": { "u": 1179089888, "v": 12127441647, "key": 0, "name": "Dr Babasaheb Ambedkar Marg (Vincent Road)", "highway": "trunk", "length": 23.049654969803726, "grade": 0.012911970976822059, "slope_pct": 1.29 }, "geometry": { "type": "LineString", "coordinates": [ [ 72.8497851, 19.0203802 ], [ 72.8496521, 19.0202154 ] ] } },
{ "type": "Feature", "properties": { "u": 1179090909, "v": 7371919133, "key": 0, "name": null, "highway": "residential", "length": 35.254621562294311, "grade": 0.00584150713333289, "slope_pct": 0.58 }, "geometry": { "type": "LineString", "coordinates": [ [ 72.8524796, 19.0236514 ], [ 72.8527216, 19.0234319 ] ] } },
{ "type": "Feature", "properties": { "u": 1179090909, "v": 7371919135, "key": 0, "name": "Dr Babasaheb Ambedkar Marg (Vincent Road)", "highway": "trunk", "length": 126.09824168481552, "grade": 0.023989122599691895, "slope_pct": 2.4 }, "geometry": { "type": "LineString", "coordinates": [ [ 72.8524796, 19.0236514 ], [ 72.8521922, 19.0233262 ], [ 72.8521028, 19.0232335 ], [ 72.8520732, 19.0231971 ], [ 72.8519209, 19.0230022 ], [ 72.8517244, 19.022771 ] ] } },
{ "type": "Feature", "properties": { "u": 1179221113, "v": 245660094, "key": 0, "name": null, "highway": "residential", "length": 54.337535764891307, "grade": 0.016335841957919362, "slope_pct": 1.63 }, "geometry": { "type": "LineString", "coordinates": [ [ 72.8426174, 19.0103274 ], [ 72.8430482, 19.0100574 ] ] } },
{ "type": "Feature", "properties": { "u": 1179221113, "v": 12566268246, "key": 0, "name": "Dr Babasaheb Ambedkar Marg (Vincent Road)", "highway": "trunk", "length": 103.93097564309434, "grade": 0.0080301417210761807, "slope_pct": 0.8 }, "geometry": { "type": "LineString", "coordinates": [ [ 72.8426174, 19.0103274 ], [ 72.8424108, 19.0100159 ], [ 72.842106, 19.0095276 ] ] } },
{ "type": "Feature", "properties": { "u": 1179221116, "v": 1179221118, "key": 0, "name": "Dr Babasaheb Ambedkar Marg (Vincent Road)", "highway": "trunk", "length": 8.5384980796586003, "grade": 0.017777415056928848, "slope_pct": 1.78 }, "geometry": { "type": "LineString", "coordinates": [ [ 72.8420602, 19.0094542 ], [ 72.8420209, 19.009387 ] ] } },
{ "type": "Feature", "properties": { "u": 1179221116, "v": 245660069, "key": 0, "name": null, "highway": "trunk_link", "length": 24.322662029954241, "grade": 0.016598821290073711, "slope_pct": 1.66 }, "geometry": { "type": "LineString", "coordinates": [ [ 72.8420602, 19.0094542 ], [ 72.8418546, 19.0095545 ] ] } },
{ "type": "Feature", "properties": { "u": 1179221118, "v": 2258304448, "key": 0, "name": null, "highway": "trunk_link", "length": 25.322483556504093, "grade": 0.01087957979672249, "slope_pct": 1.09 }, "geometry": { "type": "LineString", "coordinates": [ [ 72.8420209, 19.009387 ], [ 72.841807, 19.0094917 ] ] } },
{ "type": "Feature", "properties": { "u": 1179221118, "v": 1179221121, "key": 0, "name": "Dr Babasaheb Ambedkar Marg (Vincent Road)", "highway": "trunk", "length": 43.723072001960055, "grade": 0.0054982670283918386, "slope_pct": 0.55 }, "geometry": { "type": "LineString", "coordinates": [ [ 72.8420209, 19.009387 ], [ 72.8418249, 19.0090721 ], [ 72.8418144, 19.0090461 ] ] } },
{ "type": "Feature", "properties": { "u": 1179221121, "v": 245660020, "key": 0, "name": null, "highway": "residential", "length": 114.03999850410818, "grade": 0.017774610303041592, "slope_pct": 1.78 }, "geometry": { "type": "LineString", "coordinates": [ [ 72.8418144, 19.0090461 ], [ 72.8426123, 19.008722 ], [ 72.8426573, 19.0087068 ], [ 72.8426962, 19.0086979 ], [ 72.8428243, 19.0087076 ] ] } },
{ "type": "Feature", "properties": { "u": 1179257896, "v": 14091199431, "key": 0, "name": "Dr Babasaheb Ambedkar Marg (Vincent Road)", "highway": "trunk", "length": 242.62804224017199, "grade": 0.014446769419883453, "slope_pct": 1.44 }, "geometry": { "type": "LineString", "coordinates": [ [ 72.8495085, 19.0200374 ], [ 72.849466, 19.019851 ], [ 72.8490057, 19.0192541 ], [ 72.8489546, 19.0191841 ], [ 72.8488379, 19.0190287 ], [ 72.8484245, 19.0184746 ], [ 72.8483224, 19.018337 ], [ 72.8482748, 19.01827 ], [ 72.8482452, 19.0182284 ] ] } },
{ "type": "Feature", "properties": { "u": 1179257896, "v": 1179273129, "key": 0, "name": [ "Dadar TT flyover", "Jaganath Shankur Seth (Dadar TT) Flyover" ], "highway": "trunk", "length": 974.38501239813536, "grade": 0.019991004618184066, "slope_pct": 2.0 }, "geometry": { "type": "LineString", "coordinates": [ [ 72.8495085, 19.0200374 ], [ 72.8493129, 19.0198005 ], [ 72.8490665, 19.0194777 ], [ 72.8488022, 19.0191315 ], [ 72.8483044, 19.0184404 ], [ 72.8475727, 19.0174406 ], [ 72.8466268, 19.0162334 ], [ 72.8462598, 19.0157684 ], [ 72.8458858, 19.0152372 ], [ 72.8455497, 19.0147845 ], [ 72.8451098, 19.0141614 ], [ 72.8444536, 19.013184 ], [ 72.8444073, 19.0131046 ], [ 72.8442467, 19.0128296 ] ] } },
{ "type": "Feature", "properties": { "u": 1179261850, "v": 587976199, "key": 0, "name": "Mumbai Marathi Granth Sangrahalaya Marg", "highway": "tertiary", "length": 26.477875281604796, "grade": 0.014443597024463857, "slope_pct": 1.44 }, "geometry": { "type": "LineString", "coordinates": [ [ 72.8455526, 19.0146451 ], [ 72.8453833, 19.0148214 ] ] } },
{ "type": "Feature", "properties": { "u": 1179261850, "v": 245660388, "key": 0, "name": "Mumbai Marathi Granth Sangrahalaya Marg", "highway": "tertiary", "length": 187.40721783762959, "grade": 0.021747993007007884, "slope_pct": 2.17 }, "geometry": { "type": "LineString", "coordinates": [ [ 72.8455526, 19.0146451 ], [ 72.8459049, 19.0143883 ], [ 72.8460058, 19.0143147 ], [ 72.8461469, 19.0142119 ], [ 72.8465981, 19.0138962 ], [ 72.8466772, 19.0138409 ], [ 72.8468706, 19.0136416 ], [ 72.8469249, 19.013578 ] ] } },
{ "type": "Feature", "properties": { "u": 1179261850, "v": 13658795066, "key": 0, "name": "Dr Babasaheb Ambedkar Marg (Vincent Road)", "highway": "trunk", "length": 106.41446690391854, "grade": 0.015141950453038684, "slope_pct": 1.51 }, "geometry": { "type": "LineString", "coordinates": [ [ 72.8455526, 19.0146451 ], [ 72.8454029, 19.014427 ], [ 72.8450016, 19.0138423 ] ] } },
{ "type": "Feature", "properties": { "u": 1179269788, "v": 245660832, "key": 0, "name": "Khodadad Circle", "highway": "trunk", "length": 33.412702035348865, "grade": 0.0153406353737785, "slope_pct": 1.53 }, "geometry": { "type": "LineString", "coordinates": [ [ 72.84741, 19.0176564 ], [ 72.847387, 19.0177542 ], [ 72.847391, 19.0178543 ], [ 72.8474218, 19.0179501 ] ] } },
{ "type": "Feature", "properties": { "u": 1179273102, "v": 245661107, "key": 0, "name": [ "Dadar TT flyover", "Jaganath Shankur Seth (Dadar TT) Flyover" ], "highway": "trunk", "length": 979.19699036923384, "grade": 0.022286379258483591, "slope_pct": 2.23 }, "geometry": { "type": "LineString", "coordinates": [ [ 72.8441292, 19.0129063 ], [ 72.8443855, 19.0132249 ], [ 72.8450421, 19.014203 ], [ 72.8454831, 19.0148276 ], [ 72.8458191, 19.0152803 ], [ 72.8459596, 19.0154798 ], [ 72.8461937, 19.0158124 ], [ 72.846562, 19.016279 ], [ 72.847507, 19.017485 ], [ 72.8482378, 19.0184836 ], [ 72.8487359, 19.0191751 ], [ 72.8492472, 19.0198559 ], [ 72.8494579, 19.0201255 ] ] } },
{ "type": "Feature", "properties": { "u": 1179273102, "v": 587976171, "key": 0, "name": "Dr Babasaheb Ambedkar Marg (Vincent Road)", "highway": "trunk", "length": 74.441453945049389, "grade": 0.011876623056672735, "slope_pct": 1.19 }, "geometry": { "type": "LineString", "coordinates": [ [ 72.8441292, 19.0129063 ], [ 72.8443238, 19.0132606 ], [ 72.8444749, 19.01349 ] ] } },
{ "type": "Feature", "properties": { "u": 1179273129, "v": 245660324, "key": 0, "name": "Dr Babasaheb Ambedkar Marg (Vincent Road)", "highway": "trunk", "length": 38.775056072495588, "grade": 0.0059483350259140963, "slope_pct": 0.59 }, "geometry": { "type": "LineString", "coordinates": [ [ 72.8442467, 19.0128296 ], [ 72.8440507, 19.0125342 ] ] } },
{ "type": "Feature", "properties": { "u": 1252257092, "v": 245661116, "key": 0, "name": null, "highway": "tertiary", "length": 8.6676977767396579, "grade": 0.0036332188788934577, "slope_pct": 0.36 }, "geometry": { "type": "LineString", "coordinates": [ [ 72.8535697, 19.0199462 ], [ 72.8535234, 19.0200107 ] ] } },
{ "type": "Feature", "properties": { "u": 1252257092, "v": 13662153790, "key": 0, "name": "Mancherji Joshi Road", "highway": "residential", "length": 80.033666649264461, "grade": 0.019613019624819619, "slope_pct": 1.96 }, "geometry": { "type": "LineString", "coordinates": [ [ 72.8535697, 19.0199462 ], [ 72.8529367, 19.0195463 ] ] } },
{ "type": "Feature", "properties": { "u": 1280220822, "v": 245661149, "key": 0, "name": "Hormusji Adenwala Road", "highway": "residential", "length": 73.165208629563665, "grade": 0.016646810129776222, "slope_pct": 1.66 }, "geometry": { "type": "LineString", "coordinates": [ [ 72.854046, 19.0210676 ], [ 72.8538875, 19.0204269 ] ] } },
{ "type": "Feature", "properties": { "u": 1280220822, "v": 245661350, "key": 0, "name": "Hormusji Adenwala Road", "highway": "residential", "length": 173.90411943697961, "grade": 0.018489754898182921, "slope_pct": 1.85 }, "geometry": { "type": "LineString", "coordinates": [ [ 72.854046, 19.0210676 ], [ 72.854082, 19.0212228 ], [ 72.8541298, 19.0214385 ], [ 72.854297, 19.0221763 ], [ 72.8543306, 19.0223247 ], [ 72.8543923, 19.0225969 ] ] } },
{ "type": "Feature", "properties": { "u": 1286752654, "v": 6929407484, "key": 0, "name": "Jagannath Bhatnagar Road", "highway": "secondary", "length": 37.074581577291539, "grade": 0.0076852115531960367, "slope_pct": 0.77 }, "geometry": { "type": "LineString", "coordinates": [ [ 72.8343507, 19.0086362 ], [ 72.8340615, 19.008827 ] ] } },
{ "type": "Feature", "properties": { "u": 1288965243, "v": 245661453, "key": 0, "name": "Ram Maruti Marg", "highway": "residential", "length": 47.898348275266493, "grade": 0.0060001724629089349, "slope_pct": 0.6 }, "geometry": { "type": "LineString", "coordinates": [ [ 72.841128, 19.0233029 ], [ 72.8412324, 19.0237222 ] ] } },
{ "type": "Feature", "properties": { "u": 1288965243, "v": 12069837102, "key": 0, "name": "Ram Maruti Marg", "highway": "residential", "length": 61.296294123142758, "grade": 0.0033199826446934024, "slope_pct": 0.33 }, "geometry": { "type": "LineString", "coordinates": [ [ 72.841128, 19.0233029 ], [ 72.8405587, 19.0234221 ] ] } },
{ "type": "Feature", "properties": { "u": 1288965243, "v": 245661285, "key": 0, "name": "Ram Maruti Marg", "highway": "residential", "length": 148.85073229703045, "grade": 0.010712926293745133, "slope_pct": 1.07 }, "geometry": { "type": "LineString", "coordinates": [ [ 72.841128, 19.0233029 ], [ 72.8409908, 19.0229756 ], [ 72.8408858, 19.0228599 ], [ 72.8408676, 19.0228399 ], [ 72.8408435, 19.0228133 ], [ 72.8403112, 19.0222269 ] ] } },
{ "type": "Feature", "properties": { "u": 1288965251, "v": 1348028146, "key": 0, "name": "Ranade Road", "highway": "tertiary", "length": 57.767100811451151, "grade": 0.01597818911080193, "slope_pct": 1.6 }, "geometry": { "type": "LineString", "coordinates": [ [ 72.8394162, 19.02165 ], [ 72.8398476, 19.0213282 ] ] } },
{ "type": "Feature", "properties": { "u": 1288965251, "v": 245661270, "key": 0, "name": "P L K Marg", "highway": "residential", "length": 112.22935867743891, "grade": 0.011629368992194113, "slope_pct": 1.16 }, "geometry": { "type": "LineString", "coordinates": [ [ 72.8394162, 19.02165 ], [ 72.8390269, 19.0214774 ], [ 72.838658, 19.0214871 ], [ 72.8384163, 19.0215978 ] ] } },
{ "type": "Feature", "properties": { "u": 1288965251, "v": 245661328, "key": 0, "name": "Ranade Road", "highway": "tertiary", "length": 69.712457559870401, "grade": 0.012624448284522041, "slope_pct": 1.26 }, "geometry": { "type": "LineString", "coordinates": [ [ 72.8394162, 19.02165 ], [ 72.8389868, 19.0220794 ], [ 72.8389689, 19.0221112 ] ] } },
{ "type": "Feature", "properties": { "u": 1288965354, "v": 12069837102, "key": 0, "name": "Ram Maruti Marg", "highway": "residential", "length": 38.063202232869777, "grade": 0.022891491278862468, "slope_pct": 2.29 }, "geometry": { "type": "LineString", "coordinates": [ [ 72.8402052, 19.0234962 ], [ 72.8405587, 19.0234221 ] ] } },
{ "type": "Feature", "properties": { "u": 1288965354, "v": 245661477, "key": 0, "name": "D L Vaidya Marg", "highway": "residential", "length": 115.25159683792086, "grade": 0.010661620274512607, "slope_pct": 1.07 }, "geometry": { "type": "LineString", "coordinates": [ [ 72.8402052, 19.0234962 ], [ 72.8404575, 19.0237816 ], [ 72.8409084, 19.0242914 ] ] } },
{ "type": "Feature", "properties": { "u": 1289110957, "v": 10617808476, "key": 0, "name": "Dr Madhukar B. Raut Marg", "highway": "residential", "length": 10.153793456720072, "grade": 0.014307768761515838, "slope_pct": 1.43 }, "geometry": { "type": "LineString", "coordinates": [ [ 72.8398478, 19.0256348 ], [ 72.8397849, 19.0255655 ] ] } },
{ "type": "Feature", "properties": { "u": 1289110957, "v": 631537715, "key": 0, "name": "Dr Madhukar B. Raut Marg", "highway": "residential", "length": 304.56620219544675, "grade": 0.02024036628030515, "slope_pct": 2.02 }, "geometry": { "type": "LineString", "coordinates": [ [ 72.8398478, 19.0256348 ], [ 72.8400331, 19.0258439 ], [ 72.8402182, 19.0261815 ], [ 72.8403056, 19.0265198 ], [ 72.8407414, 19.028208 ] ] } },
{ "type": "Feature", "properties": { "u": 1289110957, "v": 14055485769, "key": 0, "name": "N C Kelkar Marg", "highway": "residential", "length": 75.747518891661286, "grade": 0.011723941211067946, "slope_pct": 1.17 }, "geometry": { "type": "LineString", "coordinates": [ [ 72.8398478, 19.0256348 ], [ 72.8402021, 19.0253498 ], [ 72.8403662, 19.0252388 ], [ 72.84041, 19.0252096 ] ] } },
{ "type": "Feature", "properties": { "u": 1289124423, "v": 6165604795, "key": 0, "name": "D.V Deshpande Marg", "highway": "residential", "length": 135.95037669172956, "grade": 0.016685907405013217, "slope_pct": 1.67 }, "geometry": { "type": "LineString", "coordinates": [ [ 72.838276, 19.0244007 ], [ 72.8388173, 19.0235406 ], [ 72.8389373, 19.02335 ] ] } },
{ "type": "Feature", "properties": { "u": 1289124423, "v": 14055485768, "key": 0, "name": "Dada Rege Marg", "highway": "residential", "length": 239.61508743622312, "grade": 0.021972001592428396, "slope_pct": 2.2 }, "geometry": { "type": "LineString", "coordinates": [ [ 72.838276, 19.0244007 ], [ 72.8385755, 19.0244091 ], [ 72.8387226, 19.0244246 ], [ 72.8394192, 19.0245897 ], [ 72.8399659, 19.0248682 ], [ 72.8402122, 19.0249854 ], [ 72.84032, 19.0250741 ], [ 72.8403628, 19.0251311 ] ] } },
{ "type": "Feature", "properties": { "u": 1289124430, "v": 1348056649, "key": 0, "name": "Shivaji Park Road no.1", "highway": "residential", "length": 52.286375481514092, "grade": 0.023889453720468128, "slope_pct": 2.39 }, "geometry": { "type": "LineString", "coordinates": [ [ 72.8377874, 19.0250015 ], [ 72.837647, 19.0245504 ] ] } },
{ "type": "Feature", "properties": { "u": 1289124430, "v": 631537694, "key": 0, "name": "Shivaji Park Road no.1", "highway": "residential", "length": 43.583944637689029, "grade": 0.0062356165804388353, "slope_pct": 0.62 }, "geometry": { "type": "LineString", "coordinates": [ [ 72.8377874, 19.0250015 ], [ 72.837899, 19.0253369 ], [ 72.8379118, 19.0253754 ] ] } },
{ "type": "Feature", "properties": { "u": 1289124430, "v": 10617808476, "key": 0, "name": "Dr Madhukar B. Raut Marg", "highway": "residential", "length": 233.89794931231478, "grade": 0.02338492775355288, "slope_pct": 2.34 }, "geometry": { "type": "LineString", "coordinates": [ [ 72.8377874, 19.0250015 ], [ 72.8380663, 19.0249454 ], [ 72.8382894, 19.0249199 ], [ 72.8385227, 19.0249162 ], [ 72.8385872, 19.0249154 ], [ 72.8387776, 19.0249491 ], [ 72.8389461, 19.0249887 ], [ 72.83912, 19.0250631 ], [ 72.8394447, 19.0252411 ], [ 72.8396346, 19.0254065 ], [ 72.8397849, 19.0255655 ] ] } },
{ "type": "Feature", "properties": { "u": 1289124430, "v": 7394094896, "key": 0, "name": "Dr Madhukar B. Raut Marg", "highway": "residential", "length": 201.58098251818765, "grade": 0.01382655844774984, "slope_pct": 1.38 }, "geometry": { "type": "LineString", "coordinates": [ [ 72.8377874, 19.0250015 ], [ 72.8372769, 19.0252321 ], [ 72.8360923, 19.0258478 ] ] } },
{ "type": "Feature", "properties": { "u": 1289148286, "v": 1289148292, "key": 0, "name": "Shankar Rao H. Parelkar Marg", "highway": "residential", "length": 47.271780589124482, "grade": 0.008681376542577085, "slope_pct": 0.87 }, "geometry": { "type": "LineString", "coordinates": [ [ 72.8361134, 19.0239929 ], [ 72.8365478, 19.0241028 ] ] } },
{ "type": "Feature", "properties": { "u": 1289148286, "v": 7394094899, "key": 0, "name": "Shankar Rao H. Parelkar Marg", "highway": "residential", "length": 97.664630332723192, "grade": 0.013100986637241751, "slope_pct": 1.31 }, "geometry": { "type": "LineString", "coordinates": [ [ 72.8361134, 19.0239929 ], [ 72.8352582, 19.0243361 ] ] } },
{ "type": "Feature", "properties": { "u": 1289148286, "v": 245661337, "key": 0, "name": "Bhikoba Waman Pathare Marg", "highway": "residential", "length": 225.18639512952564, "grade": 0.024560716656280495, "slope_pct": 2.46 }, "geometry": { "type": "LineString", "coordinates": [ [ 72.8361134, 19.0239929 ], [ 72.836, 19.0238289 ], [ 72.8353974, 19.0227691 ], [ 72.8350392, 19.0222426 ] ] } },
{ "type": "Feature", "properties": { "u": 1289148292, "v": 1289148286, "key": 0, "name": "Shankar Rao H. Parelkar Marg", "highway": "residential", "length": 47.271780589124482, "grade": 0.013837598067843133, "slope_pct": 1.38 }, "geometry": { "type": "LineString", "coordinates": [ [ 72.8365478, 19.0241028 ], [ 72.8361134, 19.0239929 ] ] } },
{ "type": "Feature", "properties": { "u": 1289148292, "v": 13543289109, "key": 0, "name": "Dr V.J. Rath Path", "highway": "residential", "length": 31.909338867400283, "grade": 0.010232535426325181, "slope_pct": 1.02 }, "geometry": { "type": "LineString", "coordinates": [ [ 72.8365478, 19.0241028 ], [ 72.8363323, 19.0243049 ] ] } },
{ "type": "Feature", "properties": { "u": 1289148292, "v": 13553535104, "key": 0, "name": "Shankar Rao H. Parelkar Marg", "highway": "residential", "length": 73.8846894516318, "grade": 0.016934818794967967, "slope_pct": 1.69 }, "geometry": { "type": "LineString", "coordinates": [ [ 72.8365478, 19.0241028 ], [ 72.8366929, 19.0241517 ], [ 72.8370395, 19.0242685 ], [ 72.8372043, 19.0243389 ] ] } },
{ "type": "Feature", "properties": { "u": 1344777949, "v": 5271602088, "key": 0, "name": null, "highway": "residential", "length": 44.037197275787179, "grade": 0.0082832036131202484, "slope_pct": 0.83 }, "geometry": { "type": "LineString", "coordinates": [ [ 72.841451, 19.0264622 ], [ 72.841041, 19.0265435 ] ] } },
{ "type": "Feature", "properties": { "u": 1344777949, "v": 1344777957, "key": 0, "name": null, "highway": "residential", "length": 144.24250602409313, "grade": 0.0046689932183906066, "slope_pct": 0.47 }, "geometry": { "type": "LineString", "coordinates": [ [ 72.841451, 19.0264622 ], [ 72.8417254, 19.0277332 ] ] } },
{ "type": "Feature", "properties": { "u": 1344777949, "v": 1344777999, "key": 0, "name": null, "highway": "residential", "length": 119.64048951087275, "grade": 0.0058353538820342839, "slope_pct": 0.58 }, "geometry": { "type": "LineString", "coordinates": [ [ 72.841451, 19.0264622 ], [ 72.8415825, 19.0264326 ], [ 72.8418794, 19.026384 ], [ 72.8419572, 19.0263586 ], [ 72.8420002, 19.0262674 ], [ 72.8421775, 19.0258116 ] ] } },
{ "type": "Feature", "properties": { "u": 1344777957, "v": 1344777949, "key": 0, "name": null, "highway": "residential", "length": 144.24250602409313, "grade": 0.0058170084570709941, "slope_pct": 0.58 }, "geometry": { "type": "LineString", "coordinates": [ [ 72.8417254, 19.0277332 ], [ 72.841451, 19.0264622 ] ] } },
{ "type": "Feature", "properties": { "u": 1344777957, "v": 5921458230, "key": 0, "name": "Bal Govind Das Road", "highway": "tertiary", "length": 30.893844804698798, "grade": 0.0063418592572704758, "slope_pct": 0.63 }, "geometry": { "type": "LineString", "coordinates": [ [ 72.8417254, 19.0277332 ], [ 72.8415424, 19.0279506 ] ] } },
{ "type": "Feature", "properties": { "u": 1344777957, "v": 1348001271, "key": 0, "name": "Bal Govind Das Road", "highway": "tertiary", "length": 224.12731670479585, "grade": 0.0060541977982870232, "slope_pct": 0.61 }, "geometry": { "type": "LineString", "coordinates": [ [ 72.8417254, 19.0277332 ], [ 72.8431407, 19.0262257 ] ] } },
{ "type": "Feature", "properties": { "u": 1344777999, "v": 1348001396, "key": 0, "name": "Bai Padmabai Thakkar Marg", "highway": "tertiary", "length": 103.57808619119712, "grade": 0.017099244385670724, "slope_pct": 1.71 }, "geometry": { "type": "LineString", "coordinates": [ [ 72.8421775, 19.0258116 ], [ 72.8424167, 19.025891 ], [ 72.8427965, 19.0260352 ], [ 72.8430154, 19.0261096 ], [ 72.8431021, 19.0261321 ] ] } },
{ "type": "Feature", "properties": { "u": 1344777999, "v": 1344777949, "key": 0, "name": null, "highway": "residential", "length": 119.64048951087277, "grade": 0.007001361856781187, "slope_pct": 0.7 }, "geometry": { "type": "LineString", "coordinates": [ [ 72.8421775, 19.0258116 ], [ 72.8420002, 19.0262674 ], [ 72.8419572, 19.0263586 ], [ 72.8418794, 19.026384 ], [ 72.8415825, 19.0264326 ], [ 72.841451, 19.0264622 ] ] } },
{ "type": "Feature", "properties": { "u": 1348001271, "v": 1344777957, "key": 0, "name": "Bal Govind Das Road", "highway": "tertiary", "length": 224.12731670479585, "grade": 0.010604680233124992, "slope_pct": 1.06 }, "geometry": { "type": "LineString", "coordinates": [ [ 72.8431407, 19.0262257 ], [ 72.8417254, 19.0277332 ] ] } },
{ "type": "Feature", "properties": { "u": 1348001271, "v": 1348001336, "key": 0, "name": null, "highway": "tertiary", "length": 10.06396999780609, "grade": 0.022729345017932261, "slope_pct": 2.27 }, "geometry": { "type": "LineString", "coordinates": [ [ 72.8431407, 19.0262257 ], [ 72.8431726, 19.0262419 ], [ 72.8431954, 19.0262465 ], [ 72.8432315, 19.0262438 ] ] } },
{ "type": "Feature", "properties": { "u": 1348001336, "v": 2294332758, "key": 0, "name": null, "highway": "tertiary", "length": 19.118297333207455, "grade": 0.013427156085783192, "slope_pct": 1.34 }, "geometry": { "type": "LineString", "coordinates": [ [ 72.8432315, 19.0262438 ], [ 72.8432646, 19.0262297 ], [ 72.8432906, 19.0262057 ], [ 72.8433002, 19.0261904 ], [ 72.8433098, 19.0261572 ], [ 72.8433068, 19.0261228 ], [ 72.843301, 19.0261072 ] ] } },
{ "type": "Feature", "properties": { "u": 1348001336, "v": 245661897, "key": 0, "name": "J K Sawant Marg", "highway": "tertiary", "length": 227.55695502179447, "grade": 0.017686270247462599, "slope_pct": 1.77 }, "geometry": { "type": "LineString", "coordinates": [ [ 72.8432315, 19.0262438 ], [ 72.8433525, 19.0266699 ], [ 72.8435895, 19.0275048 ], [ 72.8436434, 19.0276945 ], [ 72.8437927, 19.0282203 ] ] } },
{ "type": "Feature", "properties": { "u": 1348001396, "v": 1348001271, "key": 0, "name": null, "highway": "tertiary", "length": 11.653398219554317, "grade": 0.0067910371664358571, "slope_pct": 0.68 }, "geometry": { "type": "LineString", "coordinates": [ [ 72.8431021, 19.0261321 ], [ 72.843103, 19.0261682 ], [ 72.8431165, 19.0262001 ], [ 72.8431407, 19.0262257 ] ] } },
{ "type": "Feature", "properties": { "u": 1348028146, "v": 1348056619, "key": 0, "name": "Ranade Road", "highway": "tertiary", "length": 50.212868648658329, "grade": 0.0072303584137907578, "slope_pct": 0.72 }, "geometry": { "type": "LineString", "coordinates": [ [ 72.8398476, 19.0213282 ], [ 72.8402226, 19.0210485 ] ] } },
{ "type": "Feature", "properties": { "u": 1348028146, "v": 1288965251, "key": 0, "name": "Ranade Road", "highway": "tertiary", "length": 57.767100811451151, "grade": 0.0038991095578625352, "slope_pct": 0.39 }, "geometry": { "type": "LineString", "coordinates": [ [ 72.8398476, 19.0213282 ], [ 72.8394162, 19.02165 ] ] } },
{ "type": "Feature", "properties": { "u": 1348056609, "v": 1348056648, "key": 0, "name": null, "highway": "tertiary", "length": 12.934388473157172, "grade": 0.006716571387587621, "slope_pct": 0.67 }, "geometry": { "type": "LineString", "coordinates": [ [ 72.8377761, 19.0243802 ], [ 72.8377696, 19.0243604 ], [ 72.8377362, 19.0243193 ], [ 72.8377044, 19.0242875 ] ] } },
{ "type": "Feature", "properties": { "u": 1348056609, "v": 13552431991, "key": 0, "name": "Dada Rege Marg", "highway": "residential", "length": 21.544715276203405, "grade": 0.009128987458703091, "slope_pct": 0.91 }, "geometry": { "type": "LineString", "coordinates": [ [ 72.8377761, 19.0243802 ], [ 72.8379362, 19.0243914 ], [ 72.8379692, 19.0244195 ] ] } },
{ "type": "Feature", "properties": { "u": 1348056619, "v": 2442886104, "key": 0, "name": "Deobai Lane", "highway": "residential", "length": 158.74793629130548, "grade": 0.0068942306540884304, "slope_pct": 0.69 }, "geometry": { "type": "LineString", "coordinates": [ [ 72.8402226, 19.0210485 ], [ 72.840458, 19.0196383 ] ] } },
{ "type": "Feature", "properties": { "u": 1348056619, "v": 2442886106, "key": 0, "name": "Ranade Road", "highway": "tertiary", "length": 117.74343299726353, "grade": 0.0049514557426552242, "slope_pct": 0.5 }, "geometry": { "type": "LineString", "coordinates": [ [ 72.8402226, 19.0210485 ], [ 72.8410237, 19.0204509 ], [ 72.8411019, 19.0203926 ] ] } },
{ "type": "Feature", "properties": { "u": 1348056619, "v": 7371481538, "key": 0, "name": null, "highway": "living_street", "length": 59.448465137864673, "grade": 0.0056539891642132176, "slope_pct": 0.57 }, "geometry": { "type": "LineString", "coordinates": [ [ 72.8402226, 19.0210485 ], [ 72.8403316, 19.0212192 ], [ 72.84045, 19.0215352 ] ] } },
{ "type": "Feature", "properties": { "u": 1348056645, "v": 1348056649, "key": 0, "name": null, "highway": "tertiary", "length": 18.200580019328594, "grade": 0.013137132896719968, "slope_pct": 1.31 }, "geometry": { "type": "LineString", "coordinates": [ [ 72.8374843, 19.0245103 ], [ 72.8375563, 19.0245482 ], [ 72.837647, 19.0245504 ] ] } },
{ "type": "Feature", "properties": { "u": 1348056646, "v": 245661401, "key": 0, "name": "HM Patil Road", "highway": "residential", "length": 142.94269414721865, "grade": 0.0075393418049274361, "slope_pct": 0.75 }, "geometry": { "type": "LineString", "coordinates": [ [ 72.8375469, 19.0242842 ], [ 72.8374544, 19.024063 ], [ 72.8374228, 19.0239888 ], [ 72.8374158, 19.0239725 ], [ 72.8372589, 19.0236145 ], [ 72.8371507, 19.023369 ], [ 72.8370288, 19.0230957 ] ] } },
{ "type": "Feature", "properties": { "u": 1348056646, "v": 3808239215, "key": 0, "name": null, "highway": "tertiary", "length": 14.576005928400036, "grade": 0.011013936943057662, "slope_pct": 1.1 }, "geometry": { "type": "LineString", "coordinates": [ [ 72.8375469, 19.0242842 ], [ 72.8375133, 19.0242976 ], [ 72.8374743, 19.0243327 ], [ 72.8374513, 19.0243729 ] ] } },
{ "type": "Feature", "properties": { "u": 1348056648, "v": 7370958932, "key": 0, "name": "Ranade Road", "highway": "tertiary", "length": 132.8376998393565, "grade": 0.014075179958806854, "slope_pct": 1.41 }, "geometry": { "type": "LineString", "coordinates": [ [ 72.8377044, 19.0242875 ], [ 72.8383133, 19.0232407 ] ] } },
{ "type": "Feature", "properties": { "u": 1348056648, "v": 1348056646, "key": 0, "name": null, "highway": "tertiary", "length": 16.996407495157364, "grade": 0.018188686229846037, "slope_pct": 1.82 }, "geometry": { "type": "LineString", "coordinates": [ [ 72.8377044, 19.0242875 ], [ 72.8376584, 19.0242725 ], [ 72.8375964, 19.0242725 ], [ 72.8375469, 19.0242842 ] ] } },
{ "type": "Feature", "properties": { "u": 1348056649, "v": 1289124430, "key": 0, "name": "Shivaji Park Road no.1", "highway": "residential", "length": 52.286375481514092, "grade": 0.0038648670765041768, "slope_pct": 0.39 }, "geometry": { "type": "LineString", "coordinates": [ [ 72.837647, 19.0245504 ], [ 72.8377874, 19.0250015 ] ] } },
{ "type": "Feature", "properties": { "u": 1348056649, "v": 13552431993, "key": 0, "name": null, "highway": "tertiary", "length": 17.193630423670243, "grade": 0.020587028775998939, "slope_pct": 2.06 }, "geometry": { "type": "LineString", "coordinates": [ [ 72.837647, 19.0245504 ], [ 72.8377223, 19.024512 ], [ 72.8377723, 19.0244554 ] ] } },
{ "type": "Feature", "properties": { "u": 1365570187, "v": 245660757, "key": 0, "name": "Swami Gyan Jiwandas Marg", "highway": "tertiary", "length": 61.924986489691463, "grade": 0.016813808568799972, "slope_pct": 1.68 }, "geometry": { "type": "LineString", "coordinates": [ [ 72.8446026, 19.01729 ], [ 72.8451546, 19.0170956 ] ] } },
{ "type": "Feature", "properties": { "u": 1365570187, "v": 6490463696, "key": 0, "name": null, "highway": "residential", "length": 134.17136037595463, "grade": 0.0047986987028751822, "slope_pct": 0.48 }, "geometry": { "type": "LineString", "coordinates": [ [ 72.8446026, 19.01729 ], [ 72.8453075, 19.0182959 ] ] } },
{ "type": "Feature", "properties": { "u": 1365570187, "v": 13686797158, "key": 0, "name": "Swami Gyan Jiwandas Marg", "highway": "tertiary", "length": 61.933536581329918, "grade": 0.0222187297303491, "slope_pct": 2.22 }, "geometry": { "type": "LineString", "coordinates": [ [ 72.8446026, 19.01729 ], [ 72.8441739, 19.0174026 ], [ 72.8440508, 19.0174736 ] ] } },
{ "type": "Feature", "properties": { "u": 1365570226, "v": 6165604817, "key": 0, "name": "Kavi Keshavsut Flyover", "highway": "primary", "length": 41.333266655874866, "grade": 0.023259192811699893, "slope_pct": 2.33 }, "geometry": { "type": "LineString", "coordinates": [ [ 72.84315, 19.0201077 ], [ 72.8432969, 19.0204525 ] ] } },
{ "type": "Feature", "properties": { "u": 1365570226, "v": 1645876432, "key": 0, "name": "Kavi Keshavsut Flyover", "highway": "primary", "length": 385.87173159597847, "grade": 0.004343715116807003, "slope_pct": 0.43 }, "geometry": { "type": "LineString", "coordinates": [ [ 72.84315, 19.0201077 ], [ 72.8421214, 19.0183934 ], [ 72.8417683, 19.0179771 ], [ 72.8410757, 19.0172673 ] ] } },
{ "type": "Feature", "properties": { "u": 1489511132, "v": 1645886286, "key": 0, "name": "V. S. Matkar Marg", "highway": "residential", "length": 84.534551559360338, "grade": 0.0090913082592384824, "slope_pct": 0.91 }, "geometry": { "type": "LineString", "coordinates": [ [ 72.8370347, 19.0131624 ], [ 72.8364608, 19.0136949 ] ] } },
{ "type": "Feature", "properties": { "u": 1489511132, "v": 245660483, "key": 0, "name": "Senapati Bapat Marg", "highway": "primary", "length": 244.5893959183158, "grade": 0.020736428155447351, "slope_pct": 2.07 }, "geometry": { "type": "LineString", "coordinates": [ [ 72.8370347, 19.0131624 ], [ 72.8385995, 19.0147902 ] ] } },
{ "type": "Feature", "properties": { "u": 1490200561, "v": 13540690849, "key": 0, "name": null, "highway": "residential", "length": 18.445541725576305, "grade": 0.019461713188440484, "slope_pct": 1.95 }, "geometry": { "type": "LineString", "coordinates": [ [ 72.8375114, 19.0181913 ], [ 72.8375058, 19.0180255 ] ] } },
{ "type": "Feature", "properties": { "u": 1490200561, "v": 245660940, "key": 0, "name": "K,W, Chitale Marg", "highway": "residential", "length": 47.06512154318024, "grade": 0.0070594624258403012, "slope_pct": 0.71 }, "geometry": { "type": "LineString", "coordinates": [ [ 72.8375114, 19.0181913 ], [ 72.8373426, 19.0182629 ], [ 72.8373188, 19.0182699 ], [ 72.8372588, 19.0182917 ], [ 72.8371988, 19.0183134 ], [ 72.8370951, 19.0183459 ] ] } },
{ "type": "Feature", "properties": { "u": 1490200561, "v": 2247988281, "key": 0, "name": "K,W, Chitale Marg", "highway": "residential", "length": 115.69522046813994, "grade": 0.0076056851134076271, "slope_pct": 0.76 }, "geometry": { "type": "LineString", "coordinates": [ [ 72.8375114, 19.0181913 ], [ 72.8376081, 19.0181724 ], [ 72.8380437, 19.0181835 ], [ 72.8382106, 19.0181978 ], [ 72.8383158, 19.0181773 ], [ 72.8385912, 19.0180883 ] ] } },
{ "type": "Feature", "properties": { "u": 1490200570, "v": 1490200676, "key": 0, "name": "Kabutarkhana", "highway": "primary", "length": 22.347084457614251, "grade": 0.011150386261410405, "slope_pct": 1.12 }, "geometry": { "type": "LineString", "coordinates": [ [ 72.8404667, 19.0190134 ], [ 72.8405077, 19.0190025 ], [ 72.8405411, 19.0189777 ], [ 72.840562, 19.0189427 ], [ 72.8405671, 19.0189028 ], [ 72.8405557, 19.0188641 ] ] } },
{ "type": "Feature", "properties": { "u": 1490200632, "v": 6165604807, "key": 0, "name": "Kabutarkhana", "highway": "primary", "length": 15.191528190219731, "grade": 0.01365950567420247, "slope_pct": 1.37 }, "geometry": { "type": "LineString", "coordinates": [ [ 72.840356, 19.0188756 ], [ 72.8403495, 19.0189092 ], [ 72.8403549, 19.0189429 ], [ 72.8403718, 19.0189731 ], [ 72.8403982, 19.0189965 ] ] } },
{ "type": "Feature", "properties": { "u": 1490200676, "v": 1490200677, "key": 0, "name": "Kabutarkhana", "highway": "primary", "length": 19.003171869695372, "grade": 0.016601604973666511, "slope_pct": 1.66 }, "geometry": { "type": "LineString", "coordinates": [ [ 72.8405557, 19.0188641 ], [ 72.8405385, 19.0188407 ], [ 72.8405152, 19.0188227 ], [ 72.8404875, 19.0188113 ], [ 72.8404577, 19.0188076 ], [ 72.8404279, 19.0188117 ], [ 72.8404004, 19.0188234 ] ] } },
{ "type": "Feature", "properties": { "u": 1490200676, "v": 10877430387, "key": 0, "name": "Moreshwar Chintaman Jawle Marg", "highway": "primary", "length": 151.81581648263554, "grade": 0.011116100070534995, "slope_pct": 1.11 }, "geometry": { "type": "LineString", "coordinates": [ [ 72.8405557, 19.0188641 ], [ 72.8408179, 19.018724 ], [ 72.8415477, 19.0181864 ], [ 72.8417187, 19.0180589 ] ] } },
{ "type": "Feature", "properties": { "u": 1490200677, "v": 10617498617, "key": 0, "name": "Bhawani Shankar Marg", "highway": "secondary", "length": 37.723299730371053, "grade": 0.013175763754929255, "slope_pct": 1.32 }, "geometry": { "type": "LineString", "coordinates": [ [ 72.8404004, 19.0188234 ], [ 72.8401604, 19.0186573 ], [ 72.840099, 19.0186582 ] ] } },
{ "type": "Feature", "properties": { "u": 1490200677, "v": 1490200632, "key": 0, "name": "Kabutarkhana", "highway": "primary", "length": 7.5510374794171753, "grade": 0.019444360638942646, "slope_pct": 1.94 }, "geometry": { "type": "LineString", "coordinates": [ [ 72.8404004, 19.0188234 ], [ 72.8403736, 19.018846 ], [ 72.840356, 19.0188756 ] ] } },
{ "type": "Feature", "properties": { "u": 1494132036, "v": 245661114, "key": 0, "name": "Sir Bhalchandra Road", "highway": "tertiary", "length": 53.309108396868176, "grade": 0.0038070304635931538, "slope_pct": 0.38 }, "geometry": { "type": "LineString", "coordinates": [ [ 72.8486022, 19.0207641 ], [ 72.8483142, 19.0203695 ] ] } },
{ "type": "Feature", "properties": { "u": 1494132036, "v": 1494132209, "key": 0, "name": null, "highway": "tertiary", "length": 26.012156973522828, "grade": 0.008553612775568457, "slope_pct": 0.86 }, "geometry": { "type": "LineString", "coordinates": [ [ 72.8486022, 19.0207641 ], [ 72.8485611, 19.0207924 ], [ 72.8485322, 19.0208326 ], [ 72.8485194, 19.020881 ], [ 72.8485254, 19.0209312 ], [ 72.8485414, 19.0209648 ] ] } },
{ "type": "Feature", "properties": { "u": 1494132165, "v": 1494132036, "key": 0, "name": null, "highway": "tertiary", "length": 21.527092177496542, "grade": 0.018693690889460154, "slope_pct": 1.87 }, "geometry": { "type": "LineString", "coordinates": [ [ 72.8487871, 19.0208052 ], [ 72.8487511, 19.0207734 ], [ 72.8487063, 19.0207542 ], [ 72.8486573, 19.0207499 ], [ 72.8486022, 19.0207641 ] ] } },
{ "type": "Feature", "properties": { "u": 1494132165, "v": 12127441648, "key": 0, "name": "Khareghat Road", "highway": "residential", "length": 101.46714256032715, "grade": 0.022694550429118387, "slope_pct": 2.27 }, "geometry": { "type": "LineString", "coordinates": [ [ 72.8487871, 19.0208052 ], [ 72.84946, 19.020354 ], [ 72.8495744, 19.0202773 ] ] } },
{ "type": "Feature", "properties": { "u": 1494132209, "v": 1633262408, "key": 0, "name": null, "highway": "tertiary", "length": 28.208993018275553, "grade": 0.014256903726544656, "slope_pct": 1.43 }, "geometry": { "type": "LineString", "coordinates": [ [ 72.8485414, 19.0209648 ], [ 72.8485781, 19.021003 ], [ 72.8486272, 19.0210263 ], [ 72.8486815, 19.0210313 ], [ 72.8487335, 19.0210175 ], [ 72.8487744, 19.0209899 ] ] } },
{ "type": "Feature", "properties": { "u": 1514261993, "v": 13541377666, "key": 0, "name": null, "highway": [ "living_street", "residential" ], "length": 204.20974849742754, "grade": 0.014706496675836945, "slope_pct": 1.47 }, "geometry": { "type": "LineString", "coordinates": [ [ 72.836366, 19.0197737 ], [ 72.8360958, 19.0200173 ], [ 72.8359793, 19.020155 ], [ 72.8359256, 19.0203147 ], [ 72.8359281, 19.0204726 ], [ 72.8360019, 19.0208203 ], [ 72.8362209, 19.0214122 ] ] } },
{ "type": "Feature", "properties": { "u": 1514261993, "v": 10267076994, "key": 0, "name": "Gokhale Road", "highway": "primary", "length": 127.13493104698219, "grade": 0.0053577842494750734, "slope_pct": 0.54 }, "geometry": { "type": "LineString", "coordinates": [ [ 72.836366, 19.0197737 ], [ 72.8365112, 19.0200705 ], [ 72.8365992, 19.0202078 ], [ 72.836956, 19.0207702 ] ] } },
{ "type": "Feature", "properties": { "u": 1531070134, "v": 7371481520, "key": 0, "name": "Chhabildas Road", "highway": "residential", "length": 20.499268554367305, "grade": 0.012843072070116004, "slope_pct": 1.28 }, "geometry": { "type": "LineString", "coordinates": [ [ 72.8428116, 19.0208053 ], [ 72.8427242, 19.0206405 ] ] } },
{ "type": "Feature", "properties": { "u": 1633262408, "v": 245661253, "key": 0, "name": "Sir Bhalchandra Road", "highway": "tertiary", "length": 98.246919156535114, "grade": 0.01471757986201051, "slope_pct": 1.47 }, "geometry": { "type": "LineString", "coordinates": [ [ 72.8487744, 19.0209899 ], [ 72.8493161, 19.0217099 ] ] } },
{ "type": "Feature", "properties": { "u": 1633262408, "v": 1494132165, "key": 0, "name": null, "highway": "tertiary", "length": 22.339699916876732, "grade": 0.008334351079964053, "slope_pct": 0.83 }, "geometry": { "type": "LineString", "coordinates": [ [ 72.8487744, 19.0209899 ], [ 72.8488038, 19.0209495 ], [ 72.8488141, 19.0209201 ], [ 72.8488161, 19.0208723 ], [ 72.8488017, 19.0208274 ], [ 72.8487871, 19.0208052 ] ] } },
{ "type": "Feature", "properties": { "u": 1633262413, "v": 13658722766, "key": 0, "name": "Khareghat Road", "highway": "residential", "length": 129.34245143839181, "grade": 0.0089233510808863822, "slope_pct": 0.89 }, "geometry": { "type": "LineString", "coordinates": [ [ 72.8475336, 19.0216347 ], [ 72.8470831, 19.0219386 ], [ 72.8470677, 19.0219583 ], [ 72.8470608, 19.0219834 ], [ 72.8470603, 19.0220119 ], [ 72.847074, 19.0220417 ], [ 72.8473767, 19.0224861 ] ] } },
{ "type": "Feature", "properties": { "u": 1633262413, "v": 245661316, "key": 0, "name": "Lakhamasi Nappu Road", "highway": "tertiary", "length": 122.57497712071233, "grade": 0.0113002515883017, "slope_pct": 1.13 }, "geometry": { "type": "LineString", "coordinates": [ [ 72.8475336, 19.0216347 ], [ 72.8482648, 19.0221249 ], [ 72.8484847, 19.0222724 ] ] } },
{ "type": "Feature", "properties": { "u": 1633262413, "v": 245661207, "key": 0, "name": "Lakhamasi Nappu Road", "highway": "tertiary", "length": 71.416282382673302, "grade": 0.0034415663511099801, "slope_pct": 0.34 }, "geometry": { "type": "LineString", "coordinates": [ [ 72.8475336, 19.0216347 ], [ 72.8472996, 19.0214778 ], [ 72.8469795, 19.0212631 ] ] } },
{ "type": "Feature", "properties": { "u": 1633262413, "v": 1494132209, "key": 0, "name": "Khareghat Road", "highway": "residential", "length": 129.50956833908006, "grade": 0.010085741642829923, "slope_pct": 1.01 }, "geometry": { "type": "LineString", "coordinates": [ [ 72.8475336, 19.0216347 ], [ 72.8475555, 19.0216202 ], [ 72.8485414, 19.0209648 ] ] } },
{ "type": "Feature", "properties": { "u": 1645876418, "v": 1489511132, "key": 0, "name": "Senapati Bapat Marg", "highway": "primary", "length": 148.94144874654108, "grade": 0.0076518561539239823, "slope_pct": 0.77 }, "geometry": { "type": "LineString", "coordinates": [ [ 72.8360819, 19.0121711 ], [ 72.8363772, 19.0124783 ], [ 72.8370347, 19.0131624 ] ] } },
{ "type": "Feature", "properties": { "u": 1645876420, "v": 9140646107, "key": 0, "name": "Senapati Bapat Marg", "highway": "primary", "length": 158.93938175635699, "grade": 0.010204941747914123, "slope_pct": 1.02 }, "geometry": { "type": "LineString", "coordinates": [ [ 72.8362182, 19.0120581 ], [ 72.8352354, 19.0110619 ], [ 72.8351882, 19.0110118 ] ] } },
{ "type": "Feature", "properties": { "u": 1645876426, "v": 245660634, "key": 0, "name": "Prof V.S. Agashe Marg", "highway": "secondary", "length": 15.134653204398106, "grade": 0.0056347669000235273, "slope_pct": 0.56 }, "geometry": { "type": "LineString", "coordinates": [ [ 72.8399825, 19.0160266 ], [ 72.8398745, 19.0161166 ] ] } },
{ "type": "Feature", "properties": { "u": 1645876426, "v": 6429005901, "key": 0, "name": "Senapati Bapat Marg", "highway": "primary", "length": 76.70586288714064, "grade": 0.02259160017627769, "slope_pct": 2.26 }, "geometry": { "type": "LineString", "coordinates": [ [ 72.8399825, 19.0160266 ], [ 72.8395321, 19.0155508 ], [ 72.8394954, 19.015513 ] ] } },
{ "type": "Feature", "properties": { "u": 1645876427, "v": 13565885391, "key": 0, "name": "Senapati Bapat Marg", "highway": "primary", "length": 6.0882264868436922, "grade": 0.016059033978189072, "slope_pct": 1.61 }, "geometry": { "type": "LineString", "coordinates": [ [ 72.8410193, 19.017158 ], [ 72.8409814, 19.0171166 ] ] } },
{ "type": "Feature", "properties": { "u": 1645876429, "v": 1645876432, "key": 0, "name": "Kavi Keshavsut Flyover", "highway": "primary", "length": 11.634419025904926, "grade": 0.017940251021178771, "slope_pct": 1.79 }, "geometry": { "type": "LineString", "coordinates": [ [ 72.8409831, 19.01721 ], [ 72.8410757, 19.0172673 ] ] } },
{ "type": "Feature", "properties": { "u": 1645876429, "v": 10877430387, "key": 0, "name": null, "highway": "primary", "length": 122.89114091388986, "grade": 0.020361767249361444, "slope_pct": 2.04 }, "geometry": { "type": "LineString", "coordinates": [ [ 72.8409831, 19.01721 ], [ 72.8410378, 19.0173313 ], [ 72.8410627, 19.0173735 ], [ 72.8411376, 19.017469 ], [ 72.8413321, 19.0176668 ], [ 72.8416922, 19.018033 ], [ 72.8417187, 19.0180589 ] ] } },
{ "type": "Feature", "properties": { "u": 1645876432, "v": 1645876427, "key": 0, "name": "Kavi Keshavsut Flyover", "highway": "primary", "length": 13.522756293992629, "grade": 0.013965728376439262, "slope_pct": 1.4 }, "geometry": { "type": "LineString", "coordinates": [ [ 72.8410757, 19.0172673 ], [ 72.8410193, 19.017158 ] ] } },
{ "type": "Feature", "properties": { "u": 1645876432, "v": 1365570226, "key": 0, "name": "Kavi Keshavsut Flyover", "highway": "primary", "length": 385.87173159597847, "grade": 0.0049122463379233216, "slope_pct": 0.49 }, "geometry": { "type": "LineString", "coordinates": [ [ 72.8410757, 19.0172673 ], [ 72.8417683, 19.0179771 ], [ 72.8421214, 19.0183934 ], [ 72.84315, 19.0201077 ] ] } },
{ "type": "Feature", "properties": { "u": 1645876435, "v": 10877430387, "key": 0, "name": "Moreshwar Chintaman Jawle Marg", "highway": "primary_link", "length": 20.178945578688804, "grade": 0.014816343920008052, "slope_pct": 1.48 }, "geometry": { "type": "LineString", "coordinates": [ [ 72.8418398, 19.0179181 ], [ 72.8417187, 19.0180589 ] ] } },
{ "type": "Feature", "properties": { "u": 1645876435, "v": 1645876427, "key": 0, "name": null, "highway": "primary", "length": 121.5784305920279, "grade": 0.015910504596459343, "slope_pct": 1.59 }, "geometry": { "type": "LineString", "coordinates": [ [ 72.8418398, 19.0179181 ], [ 72.8412767, 19.0173465 ], [ 72.8411393, 19.0172133 ], [ 72.8410193, 19.017158 ] ] } },
{ "type": "Feature", "properties": { "u": 1645876449, "v": 1645876450, "key": 0, "name": "Dr D'Silva Marg", "highway": "residential", "length": 17.744564630693272, "grade": 0.019399668432055261, "slope_pct": 1.94 }, "geometry": { "type": "LineString", "coordinates": [ [ 72.842397, 19.01869 ], [ 72.8422564, 19.0187783 ] ] } },
{ "type": "Feature", "properties": { "u": 1645876449, "v": 1645876435, "key": 0, "name": null, "highway": "primary", "length": 104.1903632317354, "grade": 0.012496510017052948, "slope_pct": 1.25 }, "geometry": { "type": "LineString", "coordinates": [ [ 72.842397, 19.01869 ], [ 72.8421884, 19.0183412 ], [ 72.8418398, 19.0179181 ] ] } },
{ "type": "Feature", "properties": { "u": 1645876450, "v": 1645876449, "key": 0, "name": "Dr D'Silva Marg", "highway": "residential", "length": 17.744564630693272, "grade": 0.0058067666615024029, "slope_pct": 0.58 }, "geometry": { "type": "LineString", "coordinates": [ [ 72.8422564, 19.0187783 ], [ 72.842397, 19.01869 ] ] } },
{ "type": "Feature", "properties": { "u": 1645876450, "v": 1645876454, "key": 0, "name": null, "highway": "primary", "length": 81.463838563433626, "grade": 0.009243069927571939, "slope_pct": 0.92 }, "geometry": { "type": "LineString", "coordinates": [ [ 72.8422564, 19.0187783 ], [ 72.842639, 19.0194154 ] ] } },
{ "type": "Feature", "properties": { "u": 1645876454, "v": 6165604817, "key": 0, "name": null, "highway": "primary", "length": 134.55694729733756, "grade": 0.010987810520769973, "slope_pct": 1.1 }, "geometry": { "type": "LineString", "coordinates": [ [ 72.842639, 19.0194154 ], [ 72.8430781, 19.0201466 ], [ 72.8432969, 19.0204525 ] ] } },
{ "type": "Feature", "properties": { "u": 1645876460, "v": 1365570226, "key": 0, "name": "Kavi Keshavsut Flyover", "highway": "primary", "length": 40.980938155036135, "grade": 0.017210179309295227, "slope_pct": 1.72 }, "geometry": { "type": "LineString", "coordinates": [ [ 72.8433751, 19.0204086 ], [ 72.84315, 19.0201077 ] ] } },
{ "type": "Feature", "properties": { "u": 1645876460, "v": 1645876449, "key": 0, "name": null, "highway": "primary", "length": 217.26229726456526, "grade": 0.015557122702716062, "slope_pct": 1.56 }, "geometry": { "type": "LineString", "coordinates": [ [ 72.8433751, 19.0204086 ], [ 72.8432218, 19.0200689 ], [ 72.8427789, 19.0193284 ], [ 72.8427223, 19.0192339 ], [ 72.8424826, 19.018855 ], [ 72.842397, 19.01869 ] ] } },
{ "type": "Feature", "properties": { "u": 1645886286, "v": 1489511132, "key": 0, "name": "V. S. Matkar Marg", "highway": "residential", "length": 84.534551559360338, "grade": 0.010834127969752617, "slope_pct": 1.08 }, "geometry": { "type": "LineString", "coordinates": [ [ 72.8364608, 19.0136949 ], [ 72.8370347, 19.0131624 ] ] } },
{ "type": "Feature", "properties": { "u": 1645886286, "v": 245660522, "key": 0, "name": null, "highway": "residential", "length": 153.34042026806296, "grade": 0.024703335473445553, "slope_pct": 2.47 }, "geometry": { "type": "LineString", "coordinates": [ [ 72.8364608, 19.0136949 ], [ 72.8374855, 19.0146763 ] ] } },
{ "type": "Feature", "properties": { "u": 1645886286, "v": 245660499, "key": 0, "name": "V. S. Matkar Marg", "highway": "residential", "length": 109.71218860009046, "grade": 0.01632704602585152, "slope_pct": 1.63 }, "geometry": { "type": "LineString", "coordinates": [ [ 72.8364608, 19.0136949 ], [ 72.8361798, 19.0139993 ], [ 72.835821, 19.014473 ] ] } },
{ "type": "Feature", "properties": { "u": 1645886286, "v": 245660256, "key": 0, "name": null, "highway": "residential", "length": 314.85780401522635, "grade": 0.0082189894181918799, "slope_pct": 0.82 }, "geometry": { "type": "LineString", "coordinates": [ [ 72.8364608, 19.0136949 ], [ 72.8361905, 19.013428 ], [ 72.8359426, 19.0133231 ], [ 72.8356658, 19.0130907 ], [ 72.8355998, 19.0130339 ], [ 72.8352111, 19.0126884 ], [ 72.8347738, 19.0122998 ], [ 72.8342351, 19.0118209 ] ] } },
{ "type": "Feature", "properties": { "u": 1645886293, "v": 245661185, "key": 0, "name": "N C Kelkar Marg", "highway": "primary", "length": 55.427151162363913, "grade": 0.0052392143976488824, "slope_pct": 0.52 }, "geometry": { "type": "LineString", "coordinates": [ [ 72.8426816, 19.0209956 ], [ 72.8425668, 19.0210091 ], [ 72.8421558, 19.0210296 ] ] } },
{ "type": "Feature", "properties": { "u": 1645886337, "v": 5122630382, "key": 0, "name": [ "Tilak Road", "Tilak Bridge" ], "highway": "primary", "length": 169.59500024469867, "grade": 0.0063629010620553051, "slope_pct": 0.64 }, "geometry": { "type": "LineString", "coordinates": [ [ 72.8428459, 19.0212303 ], [ 72.8429198, 19.021102 ], [ 72.8429741, 19.0210358 ], [ 72.8430283, 19.0209697 ], [ 72.843036, 19.0209603 ], [ 72.8434006, 19.0207077 ], [ 72.8438453, 19.0204191 ], [ 72.8439809, 19.0203312 ], [ 72.8440743, 19.0202706 ] ] } },
{ "type": "Feature", "properties": { "u": 1645886337, "v": 1645886293, "key": 0, "name": "N C Kelkar Marg", "highway": "primary", "length": 35.341850295050044, "grade": 0.0084110700244591791, "slope_pct": 0.84 }, "geometry": { "type": "LineString", "coordinates": [ [ 72.8428459, 19.0212303 ], [ 72.8428373, 19.0211109 ], [ 72.8428024, 19.0210487 ], [ 72.8427399, 19.0210095 ], [ 72.8426816, 19.0209956 ] ] } },
{ "type": "Feature", "properties": { "u": 1645886338, "v": 245661232, "key": 0, "name": "N C Kelkar Marg", "highway": "primary", "length": 38.653067205415731, "grade": 0.0065349902117102249, "slope_pct": 0.65 }, "geometry": { "type": "LineString", "coordinates": [ [ 72.8419635, 19.0212516 ], [ 72.8421895, 19.0215258 ] ] } },
{ "type": "Feature", "properties": { "u": 1645886344, "v": 1645886337, "key": 0, "name": "N C Kelkar Marg", "highway": "primary", "length": 55.369250308181222, "grade": 0.0071044745291287273, "slope_pct": 0.71 }, "geometry": { "type": "LineString", "coordinates": [ [ 72.8426372, 19.0216853 ], [ 72.8426953, 19.0215189 ], [ 72.842719, 19.0214508 ], [ 72.8428459, 19.0212303 ] ] } },
{ "type": "Feature", "properties": { "u": 1645886348, "v": 1645886344, "key": 0, "name": null, "highway": "primary", "length": 38.834182025048747, "grade": 0.0092720937112646361, "slope_pct": 0.93 }, "geometry": { "type": "LineString", "coordinates": [ [ 72.8423074, 19.0217 ], [ 72.842408, 19.0217545 ], [ 72.8424768, 19.0217667 ], [ 72.8425578, 19.0217378 ], [ 72.8426372, 19.0216853 ] ] } },
{ "type": "Feature", "properties": { "u": 1645886348, "v": 245661384, "key": 0, "name": "N C Kelkar Marg", "highway": "primary", "length": 205.95121461598882, "grade": 0.0068142190964846066, "slope_pct": 0.68 }, "geometry": { "type": "LineString", "coordinates": [ [ 72.8423074, 19.0217 ], [ 72.8424232, 19.0218712 ], [ 72.8424567, 19.0219857 ], [ 72.8424836, 19.0221474 ], [ 72.8424815, 19.0223832 ], [ 72.842466, 19.0224762 ], [ 72.8424455, 19.0226114 ], [ 72.8424034, 19.0227829 ], [ 72.8423559, 19.0228761 ], [ 72.8423084, 19.0229693 ], [ 72.8421376, 19.0231404 ], [ 72.8418912, 19.0232988 ] ] } },
{ "type": "Feature", "properties": { "u": 1650385414, "v": 6491779234, "key": 0, "name": "N.M. Kale Marg", "highway": "residential", "length": 75.729299780104697, "grade": 0.022728839341781354, "slope_pct": 2.27 }, "geometry": { "type": "LineString", "coordinates": [ [ 72.833357, 19.0186191 ], [ 72.8336444, 19.0179946 ] ] } },
{ "type": "Feature", "properties": { "u": 1650385414, "v": 6574207446, "key": 0, "name": "Raobahadur S.K. Bole Marg", "highway": "primary", "length": 123.73358219053065, "grade": 0.004765142404556129, "slope_pct": 0.48 }, "geometry": { "type": "LineString", "coordinates": [ [ 72.833357, 19.0186191 ], [ 72.8338621, 19.0186661 ], [ 72.8345315, 19.0186569 ] ] } },
{ "type": "Feature", "properties": { "u": 1650385414, "v": 13545135282, "key": 0, "name": "Raobahadur S.K. Bole Marg", "highway": "primary", "length": 16.907727295345936, "grade": 0.014539250570545604, "slope_pct": 1.45 }, "geometry": { "type": "LineString", "coordinates": [ [ 72.833357, 19.0186191 ], [ 72.8333043, 19.01859 ], [ 72.8332046, 19.0185857 ] ] } },
{ "type": "Feature", "properties": { "u": 1650385417, "v": 245661014, "key": 0, "name": "N.M. Kale Marg", "highway": "tertiary", "length": 41.066001978411336, "grade": 0.012028730193772555, "slope_pct": 1.2 }, "geometry": { "type": "LineString", "coordinates": [ [ 72.8331327, 19.0187181 ], [ 72.8330797, 19.019084 ] ] } },
{ "type": "Feature", "properties": { "u": 1650385417, "v": 13545135281, "key": 0, "name": "N.M. Kale Marg", "highway": "tertiary", "length": 12.50373614105643, "grade": 0.024612329571989344, "slope_pct": 2.46 }, "geometry": { "type": "LineString", "coordinates": [ [ 72.8331327, 19.0187181 ], [ 72.8331748, 19.0186893 ], [ 72.8331893, 19.0186428 ], [ 72.8331931, 19.0186284 ] ] } },
{ "type": "Feature", "properties": { "u": 1650753925, "v": 245661060, "key": 0, "name": "Jam-e-Jamshed Road", "highway": "residential", "length": 225.59875800082543, "grade": 0.0054648558476971514, "slope_pct": 0.55 }, "geometry": { "type": "LineString", "coordinates": [ [ 72.8518224, 19.0212445 ], [ 72.8505775, 19.0195919 ] ] } },
{ "type": "Feature", "properties": { "u": 1650753925, "v": 1650753960, "key": 0, "name": null, "highway": "tertiary", "length": 34.954160843116483, "grade": 0.011752823179006316, "slope_pct": 1.18 }, "geometry": { "type": "LineString", "coordinates": [ [ 72.8518224, 19.0212445 ], [ 72.8517913, 19.0212647 ], [ 72.8517473, 19.0213159 ], [ 72.8517319, 19.0213519 ], [ 72.8517259, 19.0214189 ], [ 72.8517585, 19.0215014 ], [ 72.8517709, 19.0215158 ] ] } },
{ "type": "Feature", "properties": { "u": 1650753935, "v": 1650753925, "key": 0, "name": null, "highway": "tertiary", "length": 24.928068334908655, "grade": 0.024328349532058115, "slope_pct": 2.43 }, "geometry": { "type": "LineString", "coordinates": [ [ 72.8520453, 19.0212692 ], [ 72.8520181, 19.0212537 ], [ 72.8519608, 19.0212288 ], [ 72.8519157, 19.0212228 ], [ 72.8518504, 19.0212328 ], [ 72.8518224, 19.0212445 ] ] } },
{ "type": "Feature", "properties": { "u": 1650753960, "v": 13658722674, "key": 0, "name": "Lady Jehangir Road", "highway": "tertiary", "length": 57.165593353194595, "grade": 0.022041156769667569, "slope_pct": 2.2 }, "geometry": { "type": "LineString", "coordinates": [ [ 72.8517709, 19.0215158 ], [ 72.851632, 19.0216161 ], [ 72.8514516, 19.0217358 ], [ 72.8514025, 19.0217683 ], [ 72.8513307, 19.0218175 ] ] } },
{ "type": "Feature", "properties": { "u": 1650753960, "v": 1650753961, "key": 0, "name": null, "highway": "tertiary", "length": 27.122868040807354, "grade": 0.02097558556088416, "slope_pct": 2.1 }, "geometry": { "type": "LineString", "coordinates": [ [ 72.8517709, 19.0215158 ], [ 72.8517948, 19.0215382 ], [ 72.8518828, 19.0215752 ], [ 72.8519477, 19.0215742 ], [ 72.8520068, 19.0215532 ] ] } },
{ "type": "Feature", "properties": { "u": 1650753961, "v": 7371919128, "key": 0, "name": "Jam-e-Jamshed Road", "highway": "residential", "length": 152.25413668963506, "grade": 0.0086738621949886772, "slope_pct": 0.87 }, "geometry": { "type": "LineString", "coordinates": [ [ 72.8520068, 19.0215532 ], [ 72.8522423, 19.0217381 ], [ 72.8523943, 19.0219142 ], [ 72.8524077, 19.0219298 ], [ 72.8524276, 19.0219528 ], [ 72.8524662, 19.0219975 ], [ 72.8525116, 19.0220501 ], [ 72.8525753, 19.0221239 ], [ 72.8529645, 19.0225747 ] ] } },
{ "type": "Feature", "properties": { "u": 1650753961, "v": 13658722670, "key": 0, "name": null, "highway": "tertiary", "length": 30.290937743068518, "grade": 0.0067595269225814488, "slope_pct": 0.68 }, "geometry": { "type": "LineString", "coordinates": [ [ 72.8520068, 19.0215532 ], [ 72.8520848, 19.0214697 ], [ 72.8520999, 19.0214006 ], [ 72.8520947, 19.0213449 ], [ 72.8520807, 19.021313 ] ] } },
{ "type": "Feature", "properties": { "u": 1650753970, "v": 13658722681, "key": 0, "name": "Dr Babasaheb Ambedkar Marg (Vincent Road)", "highway": "trunk", "length": 8.3089563360124217, "grade": 0.017710150838337484, "slope_pct": 1.77 }, "geometry": { "type": "LineString", "coordinates": [ [ 72.8511283, 19.0220005 ], [ 72.8510831, 19.0219392 ] ] } },
{ "type": "Feature", "properties": { "u": 1650753970, "v": 13658722674, "key": 0, "name": "Lady Jehangir Road", "highway": "tertiary", "length": 30.140142349482517, "grade": 0.023446271760806887, "slope_pct": 2.34 }, "geometry": { "type": "LineString", "coordinates": [ [ 72.8511283, 19.0220005 ], [ 72.8512731, 19.0219057 ], [ 72.8512815, 19.0219002 ], [ 72.8513307, 19.0218175 ] ] } },
{ "type": "Feature", "properties": { "u": 1650770679, "v": 13658722673, "key": 0, "name": "Lady Jehangir Road", "highway": "tertiary", "length": 82.557632529674081, "grade": 0.015248783646306458, "slope_pct": 1.52 }, "geometry": { "type": "LineString", "coordinates": [ [ 72.8500692, 19.0226462 ], [ 72.8507184, 19.0222284 ] ] } },
{ "type": "Feature", "properties": { "u": 1650770681, "v": 7371795865, "key": 0, "name": "Lady Jehangir Road", "highway": "tertiary", "length": 21.075552823674986, "grade": 0.015575479168337798, "slope_pct": 1.56 }, "geometry": { "type": "LineString", "coordinates": [ [ 72.8500245, 19.0229302 ], [ 72.8500572, 19.0229521 ], [ 72.8500972, 19.0229556 ], [ 72.8501335, 19.0229396 ], [ 72.8501565, 19.0229086 ], [ 72.85016, 19.0228708 ] ] } },
{ "type": "Feature", "properties": { "u": 1930232483, "v": 631537700, "key": 0, "name": "Keluskar Road South", "highway": "residential", "length": 134.66970484952103, "grade": 0.0091595400605262514, "slope_pct": 0.92 }, "geometry": { "type": "LineString", "coordinates": [ [ 72.8350557, 19.0267774 ], [ 72.8354491, 19.0265795 ], [ 72.8359843, 19.0263382 ], [ 72.8362032, 19.0262395 ] ] } },
{ "type": "Feature", "properties": { "u": 1930232489, "v": 11452078510, "key": 0, "name": "Dnanyeshwar Mandir Marg", "highway": "residential", "length": 20.687683284799576, "grade": 0.019928844530222613, "slope_pct": 1.99 }, "geometry": { "type": "LineString", "coordinates": [ [ 72.83434, 19.0262716 ], [ 72.834508, 19.0261747 ] ] } },
{ "type": "Feature", "properties": { "u": 2163592436, "v": 536726942, "key": 0, "name": "Khodadad Circle", "highway": "trunk", "length": 42.910061925435208, "grade": 0.0071149624682655148, "slope_pct": 0.71 }, "geometry": { "type": "LineString", "coordinates": [ [ 72.8481109, 19.017533 ], [ 72.848006, 19.0174511 ], [ 72.8478786, 19.0174059 ], [ 72.8477426, 19.0174022 ] ] } },
{ "type": "Feature", "properties": { "u": 2163592452, "v": 6072268838, "key": 0, "name": "Khodadad Circle", "highway": "trunk", "length": 31.38371360940787, "grade": 0.010120943200893361, "slope_pct": 1.01 }, "geometry": { "type": "LineString", "coordinates": [ [ 72.8481782, 19.0179453 ], [ 72.8482016, 19.0178783 ], [ 72.8482119, 19.0178084 ], [ 72.8482088, 19.0177379 ], [ 72.8481923, 19.0176691 ] ] } },
{ "type": "Feature", "properties": { "u": 2163592463, "v": 245660922, "key": 0, "name": "Sir Bhalchandra Road", "highway": "tertiary", "length": 45.721097017907049, "grade": 0.01235960164956117, "slope_pct": 1.24 }, "geometry": { "type": "LineString", "coordinates": [ [ 72.8469099, 19.0184448 ], [ 72.8471568, 19.0187833 ] ] } },
{ "type": "Feature", "properties": { "u": 2163592463, "v": 536726906, "key": 0, "name": "Tilak Road", "highway": "primary", "length": 78.599313674500721, "grade": 0.01416742833105801, "slope_pct": 1.42 }, "geometry": { "type": "LineString", "coordinates": [ [ 72.8469099, 19.0184448 ], [ 72.8473231, 19.0181807 ], [ 72.8474738, 19.018135 ], [ 72.8475601, 19.0181088 ] ] } },
{ "type": "Feature", "properties": { "u": 2247988277, "v": 13542861483, "key": 0, "name": null, "highway": "residential", "length": 52.386387277557404, "grade": 0.0083330141131317658, "slope_pct": 0.83 }, "geometry": { "type": "LineString", "coordinates": [ [ 72.8392631, 19.0181367 ], [ 72.8393569, 19.0185994 ] ] } },
{ "type": "Feature", "properties": { "u": 2247988277, "v": 245660807, "key": 0, "name": "Bhawani Shankar Marg", "highway": "secondary", "length": 38.37162826316419, "grade": 0.0055264101442624777, "slope_pct": 0.55 }, "geometry": { "type": "LineString", "coordinates": [ [ 72.8392631, 19.0181367 ], [ 72.8389463, 19.0179653 ] ] } },
{ "type": "Feature", "properties": { "u": 2247988277, "v": 2247988294, "key": 0, "name": "Bhawani Shankar Marg", "highway": "secondary", "length": 85.484095418351544, "grade": 0.01643364093371592, "slope_pct": 1.64 }, "geometry": { "type": "LineString", "coordinates": [ [ 72.8392631, 19.0181367 ], [ 72.8394713, 19.0182483 ], [ 72.8399211, 19.0185162 ], [ 72.8399545, 19.0185406 ] ] } },
{ "type": "Feature", "properties": { "u": 2247988281, "v": 245660807, "key": 0, "name": "K,W, Chitale Marg", "highway": "residential", "length": 39.756725104172617, "grade": 0.0093498721712856267, "slope_pct": 0.93 }, "geometry": { "type": "LineString", "coordinates": [ [ 72.8385912, 19.0180883 ], [ 72.8389463, 19.0179653 ] ] } },
{ "type": "Feature", "properties": { "u": 2247988281, "v": 1490200561, "key": 0, "name": "K,W, Chitale Marg", "highway": "residential", "length": 115.69522046813994, "grade": 0.015787240871297473, "slope_pct": 1.58 }, "geometry": { "type": "LineString", "coordinates": [ [ 72.8385912, 19.0180883 ], [ 72.8383158, 19.0181773 ], [ 72.8382106, 19.0181978 ], [ 72.8380437, 19.0181835 ], [ 72.8376081, 19.0181724 ], [ 72.8375114, 19.0181913 ] ] } },
{ "type": "Feature", "properties": { "u": 2247988281, "v": 11052171039, "key": 0, "name": null, "highway": "residential", "length": 108.84074704900884, "grade": 0.0063959797360324516, "slope_pct": 0.64 }, "geometry": { "type": "LineString", "coordinates": [ [ 72.8385912, 19.0180883 ], [ 72.838763, 19.0186659 ], [ 72.8387831, 19.0187333 ], [ 72.8388793, 19.0190284 ] ] } },
{ "type": "Feature", "properties": { "u": 2247988292, "v": 11052171039, "key": 0, "name": "Dr Ratnakar Bhaindarkar Rd", "highway": "residential", "length": 19.070755752180649, "grade": 0.013585082240805985, "slope_pct": 1.36 }, "geometry": { "type": "LineString", "coordinates": [ [ 72.8386998, 19.0190532 ], [ 72.8387497, 19.0190468 ], [ 72.8388793, 19.0190284 ] ] } },
{ "type": "Feature", "properties": { "u": 2247988292, "v": 6428843057, "key": 0, "name": "Dr Ratnakar Bhaindarkar Rd", "highway": "residential", "length": 199.12161572118845, "grade": 0.014716967516134889, "slope_pct": 1.47 }, "geometry": { "type": "LineString", "coordinates": [ [ 72.8386998, 19.0190532 ], [ 72.838682, 19.0190554 ], [ 72.8386074, 19.0190649 ], [ 72.8384195, 19.0190886 ], [ 72.838277, 19.0191065 ], [ 72.8382195, 19.0191138 ], [ 72.8381346, 19.0191245 ], [ 72.8380188, 19.0191426 ], [ 72.8378805, 19.0191642 ], [ 72.8378041, 19.0191859 ], [ 72.8377334, 19.0192166 ], [ 72.837663, 19.0192513 ], [ 72.8376455, 19.0192979 ], [ 72.837634, 19.0193521 ], [ 72.8376474, 19.0194658 ], [ 72.8376933, 19.0195507 ], [ 72.8377582, 19.019623 ], [ 72.8378671, 19.0197133 ], [ 72.8377904, 19.0198519 ], [ 72.8377474, 19.0199225 ] ] } },
{ "type": "Feature", "properties": { "u": 2247988292, "v": 13542925089, "key": 0, "name": "SJ Joshi Marg", "highway": "residential", "length": 28.883154269052383, "grade": 0.0041401178100933921, "slope_pct": 0.41 }, "geometry": { "type": "LineString", "coordinates": [ [ 72.8386998, 19.0190532 ], [ 72.8387203, 19.019239 ], [ 72.8387288, 19.0193115 ] ] } },
{ "type": "Feature", "properties": { "u": 2247988294, "v": 2247988302, "key": 0, "name": "Dr Ratnakar Bhaindarkar Rd", "highway": "residential", "length": 39.336351003006016, "grade": 0.010405294120266254, "slope_pct": 1.04 }, "geometry": { "type": "LineString", "coordinates": [ [ 72.8399545, 19.0185406 ], [ 72.8397455, 19.0187107 ], [ 72.8396898, 19.0187874 ] ] } },
{ "type": "Feature", "properties": { "u": 2247988294, "v": 10617498617, "key": 0, "name": "Bhawani Shankar Marg", "highway": "secondary", "length": 20.043717812536958, "grade": 0.0059571228926574337, "slope_pct": 0.6 }, "geometry": { "type": "LineString", "coordinates": [ [ 72.8399545, 19.0185406 ], [ 72.8399777, 19.0185594 ], [ 72.840099, 19.0186582 ] ] } },
{ "type": "Feature", "properties": { "u": 2247988294, "v": 2247988277, "key": 0, "name": "Bhawani Shankar Marg", "highway": "secondary", "length": 85.484095418351558, "grade": 0.0043942493504008908, "slope_pct": 0.44 }, "geometry": { "type": "LineString", "coordinates": [ [ 72.8399545, 19.0185406 ], [ 72.8399211, 19.0185162 ], [ 72.8394713, 19.0182483 ], [ 72.8392631, 19.0181367 ] ] } },
{ "type": "Feature", "properties": { "u": 2247988302, "v": 13542939666, "key": 0, "name": "Dr Ratnakar Bhaindarkar Rd", "highway": "residential", "length": 8.8533520988416239, "grade": 0.024779125112578796, "slope_pct": 2.48 }, "geometry": { "type": "LineString", "coordinates": [ [ 72.8396898, 19.0187874 ], [ 72.8396134, 19.0188209 ] ] } },
{ "type": "Feature", "properties": { "u": 2247988302, "v": 13542939656, "key": 0, "name": null, "highway": "living_street", "length": 17.587024166246785, "grade": 0.010091784589443906, "slope_pct": 1.01 }, "geometry": { "type": "LineString", "coordinates": [ [ 72.8396898, 19.0187874 ], [ 72.8397734, 19.0189244 ] ] } },
{ "type": "Feature", "properties": { "u": 2247988302, "v": 2247988294, "key": 0, "name": "Dr Ratnakar Bhaindarkar Rd", "highway": "residential", "length": 39.336351003006016, "grade": 0.020817237808801969, "slope_pct": 2.08 }, "geometry": { "type": "LineString", "coordinates": [ [ 72.8396898, 19.0187874 ], [ 72.8397455, 19.0187107 ], [ 72.8399545, 19.0185406 ] ] } },
{ "type": "Feature", "properties": { "u": 2247988308, "v": 13542861483, "key": 0, "name": null, "highway": "residential", "length": 33.621345856447064, "grade": 0.0086020944048028052, "slope_pct": 0.86 }, "geometry": { "type": "LineString", "coordinates": [ [ 72.8394868, 19.0188757 ], [ 72.8393569, 19.0185994 ] ] } },
{ "type": "Feature", "properties": { "u": 2247988308, "v": 13542939666, "key": 0, "name": "Dr Ratnakar Bhaindarkar Rd", "highway": "residential", "length": 14.63762861555603, "grade": 0.017993059888926445, "slope_pct": 1.8 }, "geometry": { "type": "LineString", "coordinates": [ [ 72.8394868, 19.0188757 ], [ 72.8395445, 19.018851 ], [ 72.8395635, 19.0188428 ], [ 72.8395987, 19.0188274 ], [ 72.8396134, 19.0188209 ] ] } },
{ "type": "Feature", "properties": { "u": 2247988308, "v": 13542861481, "key": 0, "name": "Dr Ratnakar Bhaindarkar Rd", "highway": "residential", "length": 23.326305520175751, "grade": 0.019725012917573104, "slope_pct": 1.97 }, "geometry": { "type": "LineString", "coordinates": [ [ 72.8394868, 19.0188757 ], [ 72.8393495, 19.0189349 ], [ 72.8392824, 19.0189568 ] ] } },
{ "type": "Feature", "properties": { "u": 2258304448, "v": 245660069, "key": 0, "name": "Dr Babasaheb Ambedkar Marg (Vincent Road)", "highway": "trunk", "length": 8.5910056555988419, "grade": 0.016104052293372577, "slope_pct": 1.61 }, "geometry": { "type": "LineString", "coordinates": [ [ 72.841807, 19.0094917 ], [ 72.8418546, 19.0095545 ] ] } },
{ "type": "Feature", "properties": { "u": 2258304448, "v": 12774725661, "key": 0, "name": "Dadasaheb Phalke Marg", "highway": "trunk_link", "length": 22.271442492792961, "grade": 0.013374676148103486, "slope_pct": 1.34 }, "geometry": { "type": "LineString", "coordinates": [ [ 72.841807, 19.0094917 ], [ 72.8416178, 19.0095818 ] ] } },
{ "type": "Feature", "properties": { "u": 2258304448, "v": 1179221118, "key": 0, "name": null, "highway": "trunk_link", "length": 25.322483556504093, "grade": 0.012060500111239908, "slope_pct": 1.21 }, "geometry": { "type": "LineString", "coordinates": [ [ 72.841807, 19.0094917 ], [ 72.8420209, 19.009387 ] ] } },
{ "type": "Feature", "properties": { "u": 2258304455, "v": 1179221113, "key": 0, "name": "Dr Babasaheb Ambedkar Marg (Vincent Road)", "highway": "trunk", "length": 83.364569764923971, "grade": 0.010675101863945897, "slope_pct": 1.07 }, "geometry": { "type": "LineString", "coordinates": [ [ 72.8429687, 19.0109851 ], [ 72.842951, 19.0108277 ], [ 72.8427985, 19.0105967 ], [ 72.8426174, 19.0103274 ] ] } },
{ "type": "Feature", "properties": { "u": 2258304456, "v": 245660237, "key": 0, "name": "Dr Babasaheb Ambedkar Marg (Vincent Road)", "highway": "trunk", "length": 118.63455995749904, "grade": 0.02344964117345217, "slope_pct": 2.34 }, "geometry": { "type": "LineString", "coordinates": [ [ 72.8429443, 19.01111 ], [ 72.8435421, 19.0120149 ] ] } },
{ "type": "Feature", "properties": { "u": 2294332738, "v": 3808239216, "key": 0, "name": null, "highway": "tertiary", "length": 4.7021510479682878, "grade": 0.021273626971330041, "slope_pct": 2.13 }, "geometry": { "type": "LineString", "coordinates": [ [ 72.8374442, 19.0244264 ], [ 72.8374584, 19.0244665 ] ] } },
{ "type": "Feature", "properties": { "u": 2294332756, "v": 6428872826, "key": 0, "name": "J K Sawant Marg", "highway": "tertiary", "length": 263.72438290498599, "grade": 0.024230592034663278, "slope_pct": 2.42 }, "geometry": { "type": "LineString", "coordinates": [ [ 72.8431997, 19.0260491 ], [ 72.8431212, 19.0250013 ], [ 72.8431103, 19.0248967 ], [ 72.8430939, 19.0247406 ], [ 72.8430787, 19.0245952 ], [ 72.8430647, 19.0244614 ], [ 72.843054, 19.0243588 ], [ 72.8430447, 19.0242703 ], [ 72.8430286, 19.0241946 ], [ 72.8429798, 19.0239649 ], [ 72.8429023, 19.0236996 ] ] } },
{ "type": "Feature", "properties": { "u": 2294332756, "v": 1348001396, "key": 0, "name": null, "highway": "tertiary", "length": 14.851223494116805, "grade": 0.0057345389166819846, "slope_pct": 0.57 }, "geometry": { "type": "LineString", "coordinates": [ [ 72.8431997, 19.0260491 ], [ 72.843189, 19.0260502 ], [ 72.8431685, 19.0260553 ], [ 72.8431372, 19.0260729 ], [ 72.8431141, 19.0260996 ], [ 72.8431021, 19.0261321 ] ] } },
{ "type": "Feature", "properties": { "u": 2294332758, "v": 11042119116, "key": 0, "name": "Bal Govind Das Road", "highway": "tertiary", "length": 180.36975315815704, "grade": 0.019079084454480175, "slope_pct": 1.91 }, "geometry": { "type": "LineString", "coordinates": [ [ 72.843301, 19.0261072 ], [ 72.843619, 19.0259726 ], [ 72.8437088, 19.0259346 ], [ 72.8438015, 19.025896 ], [ 72.8439181, 19.0258475 ], [ 72.8441917, 19.0257302 ], [ 72.8442805, 19.0256926 ], [ 72.8446813, 19.025523 ], [ 72.8447463, 19.0254955 ], [ 72.844775, 19.0254834 ], [ 72.844821, 19.0254639 ], [ 72.8448676, 19.0254456 ] ] } },
{ "type": "Feature", "properties": { "u": 2294332758, "v": 2294332756, "key": 0, "name": null, "highway": "tertiary", "length": 13.186547408328209, "grade": 0.023643490050062832, "slope_pct": 2.36 }, "geometry": { "type": "LineString", "coordinates": [ [ 72.843301, 19.0261072 ], [ 72.843287, 19.0260857 ], [ 72.8432595, 19.0260631 ], [ 72.8432255, 19.0260507 ], [ 72.8431997, 19.0260491 ] ] } },
{ "type": "Feature", "properties": { "u": 2294332770, "v": 245661890, "key": 0, "name": "Lt Dilip Gupte Marg", "highway": "residential", "length": 69.692002546669215, "grade": 0.0069871274556445239, "slope_pct": 0.7 }, "geometry": { "type": "LineString", "coordinates": [ [ 72.8398093, 19.0288555 ], [ 72.8397408, 19.0282321 ] ] } },
{ "type": "Feature", "properties": { "u": 2294332770, "v": 13550987094, "key": 0, "name": "Dr Madhukar B. Raut Marg", "highway": "residential", "length": 83.970119238820757, "grade": 0.0044629178820691055, "slope_pct": 0.45 }, "geometry": { "type": "LineString", "coordinates": [ [ 72.8398093, 19.0288555 ], [ 72.8398809, 19.028811 ], [ 72.8404404, 19.0285045 ], [ 72.8404931, 19.0284662 ] ] } },
{ "type": "Feature", "properties": { "u": 2295481165, "v": 245661076, "key": 0, "name": "Raobahadur S.K. Bole Marg", "highway": "primary", "length": 121.52339405748238, "grade": 0.019304654284381301, "slope_pct": 1.93 }, "geometry": { "type": "LineString", "coordinates": [ [ 72.8402666, 19.0195413 ], [ 72.8391985, 19.0199593 ] ] } },
{ "type": "Feature", "properties": { "u": 2295481165, "v": 2442886104, "key": 0, "name": "N C Kelkar Marg", "highway": "primary", "length": 24.368461131676469, "grade": 0.015638408489958063, "slope_pct": 1.56 }, "geometry": { "type": "LineString", "coordinates": [ [ 72.8402666, 19.0195413 ], [ 72.8402799, 19.0195675 ], [ 72.8403012, 19.0195886 ], [ 72.8403283, 19.0196025 ], [ 72.8403586, 19.0196078 ], [ 72.8403891, 19.0196041 ], [ 72.840458, 19.0196383 ] ] } },
{ "type": "Feature", "properties": { "u": 2440089989, "v": 245660738, "key": 0, "name": "Jam-e-Jamshed Lane", "highway": "residential", "length": 198.68178918381057, "grade": 0.021520233088681985, "slope_pct": 2.15 }, "geometry": { "type": "LineString", "coordinates": [ [ 72.8476506, 19.0157606 ], [ 72.8487738, 19.0171976 ] ] } },
{ "type": "Feature", "properties": { "u": 2442886081, "v": 6165603878, "key": 0, "name": "Gokhale Road", "highway": "secondary", "length": 18.054921417147877, "grade": 0.0060749922857783693, "slope_pct": 0.61 }, "geometry": { "type": "LineString", "coordinates": [ [ 72.8336808, 19.0134315 ], [ 72.833745, 19.0135821 ] ] } },
{ "type": "Feature", "properties": { "u": 2442886081, "v": 14139489717, "key": 0, "name": null, "highway": "secondary", "length": 11.569167640189201, "grade": 0.020495880860917585, "slope_pct": 2.05 }, "geometry": { "type": "LineString", "coordinates": [ [ 72.8336808, 19.0134315 ], [ 72.8337763, 19.0133798 ] ] } },
{ "type": "Feature", "properties": { "u": 2442886089, "v": 2442886090, "key": 0, "name": "Gokhale Road", "highway": "primary", "length": 26.106185905677073, "grade": 0.0074358010410503798, "slope_pct": 0.74 }, "geometry": { "type": "LineString", "coordinates": [ [ 72.8347261, 19.0159783 ], [ 72.8348156, 19.0161973 ] ] } },
{ "type": "Feature", "properties": { "u": 2442886089, "v": 245660595, "key": 0, "name": "Shankar Ghanekar Marg", "highway": "primary", "length": 12.746232072489166, "grade": 0.0066004307430454993, "slope_pct": 0.66 }, "geometry": { "type": "LineString", "coordinates": [ [ 72.8347261, 19.0159783 ], [ 72.8348437, 19.0160062 ] ] } },
{ "type": "Feature", "properties": { "u": 2442886090, "v": 12086930051, "key": 0, "name": "Gokhale Road", "highway": "primary", "length": 17.96675380813932, "grade": 0.0066138475544818449, "slope_pct": 0.66 }, "geometry": { "type": "LineString", "coordinates": [ [ 72.8348156, 19.0161973 ], [ 72.8348767, 19.0163482 ] ] } },
{ "type": "Feature", "properties": { "u": 2442886090, "v": 12086930048, "key": 0, "name": "N.M. Kale Marg", "highway": "residential", "length": 17.549632788801691, "grade": 0.020920643845090407, "slope_pct": 2.09 }, "geometry": { "type": "LineString", "coordinates": [ [ 72.8348156, 19.0161973 ], [ 72.8347286, 19.016332 ] ] } },
{ "type": "Feature", "properties": { "u": 2442886101, "v": 245660921, "key": 0, "name": "Raobahadur S.K. Bole Marg", "highway": "primary", "length": 11.793525524182536, "grade": 0.017634338855316404, "slope_pct": 1.76 }, "geometry": { "type": "LineString", "coordinates": [ [ 72.8357847, 19.0185365 ], [ 72.835894, 19.0185126 ] ] } },
{ "type": "Feature", "properties": { "u": 2442886101, "v": 7371481513, "key": 0, "name": "Gokhale Road", "highway": "primary", "length": 35.717492441002342, "grade": 0.014507439344920627, "slope_pct": 1.45 }, "geometry": { "type": "LineString", "coordinates": [ [ 72.8357847, 19.0185365 ], [ 72.8359206, 19.0188309 ] ] } },
{ "type": "Feature", "properties": { "u": 2442886104, "v": 1348056619, "key": 0, "name": "Deobai Lane", "highway": "residential", "length": 158.74793629130548, "grade": 0.010894270650717054, "slope_pct": 1.09 }, "geometry": { "type": "LineString", "coordinates": [ [ 72.840458, 19.0196383 ], [ 72.8402226, 19.0210485 ] ] } },
{ "type": "Feature", "properties": { "u": 2442886104, "v": 2442886106, "key": 0, "name": "N C Kelkar Marg", "highway": "primary", "length": 108.09766537414549, "grade": 0.022298411897888382, "slope_pct": 2.23 }, "geometry": { "type": "LineString", "coordinates": [ [ 72.840458, 19.0196383 ], [ 72.8406489, 19.0198103 ], [ 72.8410359, 19.0203078 ], [ 72.8411019, 19.0203926 ] ] } },
{ "type": "Feature", "properties": { "u": 2442886106, "v": 245661134, "key": 0, "name": "Ranade Road", "highway": "tertiary", "length": 7.5020212374920705, "grade": 0.011633792363297979, "slope_pct": 1.16 }, "geometry": { "type": "LineString", "coordinates": [ [ 72.8411019, 19.0203926 ], [ 72.841158, 19.0203509 ] ] } },
{ "type": "Feature", "properties": { "u": 2442886106, "v": 7371481535, "key": 0, "name": "N C Kelkar Marg", "highway": "primary", "length": 101.22009356085039, "grade": 0.020965187668374696, "slope_pct": 2.1 }, "geometry": { "type": "LineString", "coordinates": [ [ 72.8411019, 19.0203926 ], [ 72.8415173, 19.02085 ], [ 72.8417528, 19.021062 ] ] } },
{ "type": "Feature", "properties": { "u": 2443987340, "v": 6929407478, "key": 0, "name": "Balasheth Mandurkar Marg", "highway": "residential", "length": 75.027834610039747, "grade": 0.012660967988544807, "slope_pct": 1.27 }, "geometry": { "type": "LineString", "coordinates": [ [ 72.8361977, 19.0084289 ], [ 72.8359133, 19.0079678 ], [ 72.8357918, 19.0078861 ] ] } },
{ "type": "Feature", "properties": { "u": 2444311214, "v": 245660030, "key": 0, "name": "Senapati Bapat Marg", "highway": "primary", "length": 34.200623666881171, "grade": 0.011292777447347968, "slope_pct": 1.13 }, "geometry": { "type": "LineString", "coordinates": [ [ 72.832655, 19.0085891 ], [ 72.8328383, 19.0088432 ] ] } },
{ "type": "Feature", "properties": { "u": 2444311214, "v": 13822935059, "key": 0, "name": null, "highway": "residential", "length": 20.525227411508155, "grade": 0.013178955284731342, "slope_pct": 1.32 }, "geometry": { "type": "LineString", "coordinates": [ [ 72.832655, 19.0085891 ], [ 72.8328248, 19.008498 ] ] } },
{ "type": "Feature", "properties": { "u": 2444311230, "v": 6429979657, "key": 0, "name": "Sayani Marg", "highway": "secondary", "length": 22.408837575990038, "grade": 0.0096303132316111276, "slope_pct": 0.96 }, "geometry": { "type": "LineString", "coordinates": [ [ 72.8320222, 19.011051 ], [ 72.8321355, 19.0108803 ] ] } },
{ "type": "Feature", "properties": { "u": 2444311231, "v": 2444311230, "key": 0, "name": "Gokhale Road", "highway": "secondary", "length": 228.50929768234056, "grade": 0.019447406363877526, "slope_pct": 1.94 }, "geometry": { "type": "LineString", "coordinates": [ [ 72.8332855, 19.0127233 ], [ 72.8320344, 19.0110671 ], [ 72.8320222, 19.011051 ] ] } },
{ "type": "Feature", "properties": { "u": 2444311234, "v": 7371570195, "key": 0, "name": "Gokhale Road", "highway": "secondary", "length": 25.207411110725761, "grade": 0.014059848582034542, "slope_pct": 1.41 }, "geometry": { "type": "LineString", "coordinates": [ [ 72.833866, 19.0136249 ], [ 72.8338006, 19.0134068 ] ] } },
{ "type": "Feature", "properties": { "u": 2444311234, "v": 6491605226, "key": 0, "name": "Bhawani Shankar Marg", "highway": "secondary", "length": 35.357705672861037, "grade": 0.0081086792932299825, "slope_pct": 0.81 }, "geometry": { "type": "LineString", "coordinates": [ [ 72.833866, 19.0136249 ], [ 72.8340376, 19.0136895 ], [ 72.8341858, 19.0137198 ] ] } },
{ "type": "Feature", "properties": { "u": 2444311234, "v": 6165603878, "key": 0, "name": "Bhawani Shankar Marg", "highway": "secondary", "length": 13.586534083418581, "grade": 0.022790640612040506, "slope_pct": 2.28 }, "geometry": { "type": "LineString", "coordinates": [ [ 72.833866, 19.0136249 ], [ 72.8337925, 19.0135972 ], [ 72.833745, 19.0135821 ] ] } },
{ "type": "Feature", "properties": { "u": 2446180078, "v": 7371796094, "key": 0, "name": "Telang Road", "highway": "residential", "length": 4.4036327393092929, "grade": 0.011445606870210651, "slope_pct": 1.14 }, "geometry": { "type": "LineString", "coordinates": [ [ 72.852923, 19.0277491 ], [ 72.8529032, 19.0277142 ] ] } },
{ "type": "Feature", "properties": { "u": 2446180078, "v": 11029940641, "key": 0, "name": "Telang Road", "highway": "residential", "length": 73.675080402706683, "grade": 0.01495816294450775, "slope_pct": 1.5 }, "geometry": { "type": "LineString", "coordinates": [ [ 72.852923, 19.0277491 ], [ 72.8530401, 19.0281008 ], [ 72.8531575, 19.0283729 ] ] } },
{ "type": "Feature", "properties": { "u": 2629791018, "v": 10230450595, "key": 0, "name": null, "highway": "residential", "length": 75.603003731925369, "grade": 0.022942386441220035, "slope_pct": 2.29 }, "geometry": { "type": "LineString", "coordinates": [ [ 72.8338082, 19.0150659 ], [ 72.8336594, 19.0157311 ] ] } },
{ "type": "Feature", "properties": { "u": 3217559375, "v": 245661371, "key": 0, "name": "Jam-e-Jamshed Road", "highway": "residential", "length": 78.754282648488669, "grade": 0.016733235910107828, "slope_pct": 1.67 }, "geometry": { "type": "LineString", "coordinates": [ [ 72.8538815, 19.0236369 ], [ 72.8534078, 19.0230882 ] ] } },
{ "type": "Feature", "properties": { "u": 3217559375, "v": 245661487, "key": 0, "name": "Bhagwandas Narottamdas Marg", "highway": "residential", "length": 89.635730735055688, "grade": 0.0055717568955840104, "slope_pct": 0.56 }, "geometry": { "type": "LineString", "coordinates": [ [ 72.8538815, 19.0236369 ], [ 72.854503, 19.023085 ] ] } },
{ "type": "Feature", "properties": { "u": 3217559375, "v": 1165504242, "key": 0, "name": "Bhagwandas Narottamdas Marg", "highway": "residential", "length": 112.16635856877841, "grade": 0.023676306719496453, "slope_pct": 2.37 }, "geometry": { "type": "LineString", "coordinates": [ [ 72.8538815, 19.0236369 ], [ 72.8534193, 19.024043 ], [ 72.8533397, 19.0241129 ], [ 72.8533154, 19.0241343 ], [ 72.8530999, 19.0243236 ] ] } },
{ "type": "Feature", "properties": { "u": 3808239215, "v": 2294332738, "key": 0, "name": null, "highway": "tertiary", "length": 5.9955741470893953, "grade": 0.016809577167571196, "slope_pct": 1.68 }, "geometry": { "type": "LineString", "coordinates": [ [ 72.8374513, 19.0243729 ], [ 72.8374442, 19.0244264 ] ] } },
{ "type": "Feature", "properties": { "u": 3808239215, "v": 13553535104, "key": 0, "name": null, "highway": "residential", "length": 26.596751161642938, "grade": 0.010367923522455896, "slope_pct": 1.04 }, "geometry": { "type": "LineString", "coordinates": [ [ 72.8374513, 19.0243729 ], [ 72.8372712, 19.0243307 ], [ 72.8372043, 19.0243389 ] ] } },
{ "type": "Feature", "properties": { "u": 3808239216, "v": 1348056645, "key": 0, "name": null, "highway": "tertiary", "length": 5.5797014230955311, "grade": 0.0060639855985945203, "slope_pct": 0.61 }, "geometry": { "type": "LineString", "coordinates": [ [ 72.8374584, 19.0244665 ], [ 72.8374843, 19.0245103 ] ] } },
{ "type": "Feature", "properties": { "u": 3808239216, "v": 13552431988, "key": 0, "name": null, "highway": "tertiary", "length": 19.438391486599262, "grade": 0.020468554163946513, "slope_pct": 2.05 }, "geometry": { "type": "LineString", "coordinates": [ [ 72.8374584, 19.0244665 ], [ 72.8373358, 19.0245359 ], [ 72.8373284, 19.024575 ] ] } },
{ "type": "Feature", "properties": { "u": 4364457154, "v": 7370896114, "key": 0, "name": "Jambhekar Path", "highway": "residential", "length": 39.334640109759178, "grade": 0.0166416006304273, "slope_pct": 1.66 }, "geometry": { "type": "LineString", "coordinates": [ [ 72.834101, 19.024209 ], [ 72.8338979, 19.0239119 ] ] } },
{ "type": "Feature", "properties": { "u": 4364457154, "v": 245661706, "key": 0, "name": "Jambhekar Path", "highway": "residential", "length": 213.3366946804021, "grade": 0.014736144023479076, "slope_pct": 1.47 }, "geometry": { "type": "LineString", "coordinates": [ [ 72.834101, 19.024209 ], [ 72.8348365, 19.0254217 ], [ 72.8349218, 19.0259361 ] ] } },
{ "type": "Feature", "properties": { "u": 4364457154, "v": 4364457156, "key": 0, "name": null, "highway": "residential", "length": 117.05723607338975, "grade": 0.022665636827121069, "slope_pct": 2.27 }, "geometry": { "type": "LineString", "coordinates": [ [ 72.834101, 19.024209 ], [ 72.8343539, 19.0240985 ], [ 72.8343861, 19.0241017 ], [ 72.8344101, 19.0241227 ], [ 72.8347974, 19.0247517 ] ] } },
{ "type": "Feature", "properties": { "u": 4364457156, "v": 4364457154, "key": 0, "name": null, "highway": "residential", "length": 117.05723607338973, "grade": 0.020349138646939678, "slope_pct": 2.03 }, "geometry": { "type": "LineString", "coordinates": [ [ 72.8347974, 19.0247517 ], [ 72.8344101, 19.0241227 ], [ 72.8343861, 19.0241017 ], [ 72.8343539, 19.0240985 ], [ 72.834101, 19.024209 ] ] } },
{ "type": "Feature", "properties": { "u": 4364457157, "v": 7394094897, "key": 0, "name": "Ranade Road", "highway": "tertiary", "length": 117.02444078457007, "grade": 0.0063368473541205259, "slope_pct": 0.63 }, "geometry": { "type": "LineString", "coordinates": [ [ 72.8368029, 19.0248571 ], [ 72.8360355, 19.0253088 ], [ 72.8358579, 19.0254134 ] ] } },
{ "type": "Feature", "properties": { "u": 4364457157, "v": 13552431988, "key": 0, "name": "Ranade Road", "highway": "tertiary", "length": 63.528651862072451, "grade": 0.0098578854915020615, "slope_pct": 0.99 }, "geometry": { "type": "LineString", "coordinates": [ [ 72.8368029, 19.0248571 ], [ 72.8369461, 19.0247827 ], [ 72.8369654, 19.0247726 ], [ 72.8373284, 19.024575 ] ] } },
{ "type": "Feature", "properties": { "u": 4364457157, "v": 4364457160, "key": 0, "name": null, "highway": "residential", "length": 116.61948253897779, "grade": 0.0084667610759182471, "slope_pct": 0.85 }, "geometry": { "type": "LineString", "coordinates": [ [ 72.8368029, 19.0248571 ], [ 72.836723, 19.0247171 ], [ 72.8366318, 19.0245573 ], [ 72.8362343, 19.0247586 ], [ 72.8360971, 19.0245084 ] ] } },
{ "type": "Feature", "properties": { "u": 4364457160, "v": 7394094898, "key": 0, "name": "Dr V.J. Rath Path", "highway": "residential", "length": 70.885577135060018, "grade": 0.019366818436598893, "slope_pct": 1.94 }, "geometry": { "type": "LineString", "coordinates": [ [ 72.8360971, 19.0245084 ], [ 72.8355208, 19.0248394 ] ] } },
{ "type": "Feature", "properties": { "u": 4364457160, "v": 13543289109, "key": 0, "name": "Dr V.J. Rath Path", "highway": "residential", "length": 33.554979490362641, "grade": 0.0037377135641871468, "slope_pct": 0.37 }, "geometry": { "type": "LineString", "coordinates": [ [ 72.8360971, 19.0245084 ], [ 72.836199, 19.0244299 ], [ 72.8363323, 19.0243049 ] ] } },
{ "type": "Feature", "properties": { "u": 4364457160, "v": 4364457157, "key": 0, "name": null, "highway": "residential", "length": 116.61948253897781, "grade": 0.015537573067168964, "slope_pct": 1.55 }, "geometry": { "type": "LineString", "coordinates": [ [ 72.8360971, 19.0245084 ], [ 72.8362343, 19.0247586 ], [ 72.8366318, 19.0245573 ], [ 72.836723, 19.0247171 ], [ 72.8368029, 19.0248571 ] ] } },
{ "type": "Feature", "properties": { "u": 5122630382, "v": 2163592463, "key": 0, "name": [ "Tilak Road", "Tilak Bridge" ], "highway": "primary", "length": 360.66444082886017, "grade": 0.019774091086295194, "slope_pct": 1.98 }, "geometry": { "type": "LineString", "coordinates": [ [ 72.8440743, 19.0202706 ], [ 72.8441156, 19.0202421 ], [ 72.8456217, 19.0192683 ], [ 72.8469099, 19.0184448 ] ] } },
{ "type": "Feature", "properties": { "u": 5122630382, "v": 10722794863, "key": 0, "name": null, "highway": "tertiary", "length": 403.37962845451375, "grade": 0.022288844008758489, "slope_pct": 2.23 }, "geometry": { "type": "LineString", "coordinates": [ [ 72.8440743, 19.0202706 ], [ 72.8441002, 19.0203041 ], [ 72.8449559, 19.0219515 ], [ 72.8451074, 19.0223369 ], [ 72.8456053, 19.0235912 ] ] } },
{ "type": "Feature", "properties": { "u": 5271602084, "v": 1344777999, "key": 0, "name": "Bai Padmabai Thakkar Marg", "highway": "tertiary", "length": 164.53396288312371, "grade": 0.010525798471749965, "slope_pct": 1.05 }, "geometry": { "type": "LineString", "coordinates": [ [ 72.8407153, 19.0252851 ], [ 72.8409827, 19.0253762 ], [ 72.841387, 19.0255138 ], [ 72.8414547, 19.0255368 ], [ 72.8415445, 19.0255645 ], [ 72.8419786, 19.025736 ], [ 72.8421775, 19.0258116 ] ] } },
{ "type": "Feature", "properties": { "u": 5271602084, "v": 5271613101, "key": 0, "name": "Lady Jamshedji Road", "highway": "primary", "length": 26.359766754943905, "grade": 0.021067660702784284, "slope_pct": 2.11 }, "geometry": { "type": "LineString", "coordinates": [ [ 72.8407153, 19.0252851 ], [ 72.840642, 19.0251581 ], [ 72.8405952, 19.025077 ] ] } },
{ "type": "Feature", "properties": { "u": 5271602088, "v": 1344777949, "key": 0, "name": null, "highway": "residential", "length": 44.037197275787179, "grade": 0.0054338982130145595, "slope_pct": 0.54 }, "geometry": { "type": "LineString", "coordinates": [ [ 72.841041, 19.0265435 ], [ 72.841451, 19.0264622 ] ] } },
{ "type": "Feature", "properties": { "u": 5271602088, "v": 5271602084, "key": 0, "name": "Lady Jamshedji Road", "highway": "primary", "length": 144.98722319352882, "grade": 0.0216219504181594, "slope_pct": 2.16 }, "geometry": { "type": "LineString", "coordinates": [ [ 72.841041, 19.0265435 ], [ 72.8408682, 19.0256017 ], [ 72.8407153, 19.0252851 ] ] } },
{ "type": "Feature", "properties": { "u": 5271602095, "v": 245661919, "key": 0, "name": "Taikalwadi Marg", "highway": "residential", "length": 65.729191889929197, "grade": 0.0058047505713036129, "slope_pct": 0.58 }, "geometry": { "type": "LineString", "coordinates": [ [ 72.841461, 19.0285527 ], [ 72.8420793, 19.0284646 ] ] } },
{ "type": "Feature", "properties": { "u": 5271602095, "v": 13542582002, "key": 0, "name": "Lady Jamshedji Road", "highway": "primary", "length": 9.1577168584248074, "grade": 0.011740320392328082, "slope_pct": 1.17 }, "geometry": { "type": "LineString", "coordinates": [ [ 72.841461, 19.0285527 ], [ 72.8414431, 19.0284721 ] ] } },
{ "type": "Feature", "properties": { "u": 5271602095, "v": 245661918, "key": 0, "name": "Taikalwadi Marg", "highway": "residential", "length": 9.8819598522264407, "grade": 0.02054049804715018, "slope_pct": 2.05 }, "geometry": { "type": "LineString", "coordinates": [ [ 72.841461, 19.0285527 ], [ 72.8413672, 19.0285586 ] ] } },
{ "type": "Feature", "properties": { "u": 5271613087, "v": 6428872826, "key": 0, "name": "J K Sawant Marg", "highway": "tertiary", "length": 109.27551649068241, "grade": 0.0062981834016730236, "slope_pct": 0.63 }, "geometry": { "type": "LineString", "coordinates": [ [ 72.8424691, 19.0228066 ], [ 72.8425205, 19.0228961 ], [ 72.8426542, 19.0231881 ], [ 72.842866, 19.0236248 ], [ 72.8429023, 19.0236996 ] ] } },
{ "type": "Feature", "properties": { "u": 5271613087, "v": 1645886344, "key": 0, "name": "N C Kelkar Marg", "highway": "primary", "length": 126.56186698744523, "grade": 0.0080435306951181125, "slope_pct": 0.8 }, "geometry": { "type": "LineString", "coordinates": [ [ 72.8424691, 19.0228066 ], [ 72.8425272, 19.0225017 ], [ 72.8425577, 19.0221796 ], [ 72.8425586, 19.0221456 ], [ 72.8425581, 19.0220894 ], [ 72.8425572, 19.0219744 ], [ 72.842576, 19.0218605 ], [ 72.8426372, 19.0216853 ] ] } },
{ "type": "Feature", "properties": { "u": 5271613101, "v": 6165604812, "key": 0, "name": "Lady Jamshedji Road", "highway": "primary", "length": 10.235692766622, "grade": 0.018889556504647458, "slope_pct": 1.89 }, "geometry": { "type": "LineString", "coordinates": [ [ 72.8405952, 19.025077 ], [ 72.8405398, 19.0250013 ] ] } },
{ "type": "Feature", "properties": { "u": 5271613101, "v": 5271613087, "key": 0, "name": "N C Kelkar Marg", "highway": "primary", "length": 329.56192348839767, "grade": 0.018840803804013637, "slope_pct": 1.88 }, "geometry": { "type": "LineString", "coordinates": [ [ 72.8405952, 19.025077 ], [ 72.8409561, 19.0243779 ], [ 72.8410013, 19.0242903 ], [ 72.8410496, 19.0241965 ], [ 72.8411257, 19.0240519 ], [ 72.8412879, 19.0237747 ], [ 72.8419229, 19.023364 ], [ 72.8421798, 19.0231978 ], [ 72.8423662, 19.0230089 ], [ 72.8423987, 19.0229687 ], [ 72.8424691, 19.0228066 ] ] } },
{ "type": "Feature", "properties": { "u": 5354533138, "v": 1645876418, "key": 0, "name": "Senapati Bapat Marg", "highway": "primary", "length": 164.47114705895351, "grade": 0.017105247923476542, "slope_pct": 1.71 }, "geometry": { "type": "LineString", "coordinates": [ [ 72.8350276, 19.0110783 ], [ 72.8360819, 19.0121711 ] ] } },
{ "type": "Feature", "properties": { "u": 5354533138, "v": 5354533140, "key": 0, "name": "Bhausaheb Todankar Marg", "highway": "residential", "length": 17.539871853475219, "grade": 0.018266865778276201, "slope_pct": 1.83 }, "geometry": { "type": "LineString", "coordinates": [ [ 72.8350276, 19.0110783 ], [ 72.8351483, 19.0109694 ] ] } },
{ "type": "Feature", "properties": { "u": 5354533138, "v": 245660256, "key": 0, "name": "Kakasaheb Gadgil Marg", "highway": "residential", "length": 117.30228402284789, "grade": 0.014939937753647117, "slope_pct": 1.49 }, "geometry": { "type": "LineString", "coordinates": [ [ 72.8350276, 19.0110783 ], [ 72.8345819, 19.011496 ], [ 72.8343702, 19.0116943 ], [ 72.8343261, 19.0117356 ], [ 72.8342351, 19.0118209 ] ] } },
{ "type": "Feature", "properties": { "u": 5354533140, "v": 5354533138, "key": 0, "name": "Bhausaheb Todankar Marg", "highway": "residential", "length": 17.539871853475219, "grade": 0.0085395792959529621, "slope_pct": 0.85 }, "geometry": { "type": "LineString", "coordinates": [ [ 72.8351483, 19.0109694 ], [ 72.8350276, 19.0110783 ] ] } },
{ "type": "Feature", "properties": { "u": 5354533140, "v": 11384605400, "key": 0, "name": "Senapati Bapat Marg", "highway": "primary", "length": 111.07483130099095, "grade": 0.010605311857086228, "slope_pct": 1.06 }, "geometry": { "type": "LineString", "coordinates": [ [ 72.8351483, 19.0109694 ], [ 72.8351147, 19.0109333 ], [ 72.83506, 19.0108753 ], [ 72.8344508, 19.0102191 ] ] } },
{ "type": "Feature", "properties": { "u": 5354533140, "v": 13565939546, "key": 0, "name": null, "highway": "tertiary", "length": 122.90316730260399, "grade": 0.0069951497696313656, "slope_pct": 0.7 }, "geometry": { "type": "LineString", "coordinates": [ [ 72.8351483, 19.0109694 ], [ 72.835148, 19.0108801 ], [ 72.8351055, 19.0108334 ], [ 72.8350453, 19.0107673 ], [ 72.8346861, 19.0103726 ], [ 72.8346469, 19.0103295 ], [ 72.8345212, 19.0101914 ], [ 72.8344088, 19.0101757 ] ] } },
{ "type": "Feature", "properties": { "u": 5848596628, "v": 587976149, "key": 0, "name": "Swami Gyan Jiwandas Marg", "highway": "tertiary", "length": 27.864073370441972, "grade": 0.022985912349339825, "slope_pct": 2.3 }, "geometry": { "type": "LineString", "coordinates": [ [ 72.8466987, 19.0161788 ], [ 72.8464754, 19.0163138 ] ] } },
{ "type": "Feature", "properties": { "u": 5848596628, "v": 5921458188, "key": 0, "name": "Dr Babasaheb Ambedkar Marg (Vincent Road)", "highway": "trunk", "length": 84.552820193909085, "grade": 0.015834619484854651, "slope_pct": 1.58 }, "geometry": { "type": "LineString", "coordinates": [ [ 72.8466987, 19.0161788 ], [ 72.8466753, 19.0161483 ], [ 72.8462344, 19.0155579 ] ] } },
{ "type": "Feature", "properties": { "u": 5921458183, "v": 5848596628, "key": 0, "name": "Dr Babasaheb Ambedkar Marg (Vincent Road)", "highway": "trunk", "length": 97.490474602995874, "grade": 0.011818731168800077, "slope_pct": 1.18 }, "geometry": { "type": "LineString", "coordinates": [ [ 72.8472665, 19.016872 ], [ 72.8466987, 19.0161788 ] ] } },
{ "type": "Feature", "properties": { "u": 5921458183, "v": 5921458184, "key": 0, "name": null, "highway": "trunk_link", "length": 32.01684880576402, "grade": 0.013164127680170921, "slope_pct": 1.32 }, "geometry": { "type": "LineString", "coordinates": [ [ 72.8472665, 19.016872 ], [ 72.847004, 19.017018 ] ] } },
{ "type": "Feature", "properties": { "u": 5921458184, "v": 5921458183, "key": 0, "name": null, "highway": "trunk_link", "length": 32.01684880576402, "grade": 0.023840233471459939, "slope_pct": 2.38 }, "geometry": { "type": "LineString", "coordinates": [ [ 72.847004, 19.017018 ], [ 72.8472665, 19.016872 ] ] } },
{ "type": "Feature", "properties": { "u": 5921458184, "v": 1179269788, "key": 0, "name": "Dr Babasaheb Ambedkar Marg (Vincent Road)", "highway": "trunk", "length": 83.657001350056078, "grade": 0.0063737308685537647, "slope_pct": 0.64 }, "geometry": { "type": "LineString", "coordinates": [ [ 72.847004, 19.017018 ], [ 72.8470498, 19.0170808 ], [ 72.8472336, 19.0173374 ], [ 72.8472489, 19.0173587 ], [ 72.847347, 19.0174777 ], [ 72.8473903, 19.0175672 ], [ 72.84741, 19.0176564 ] ] } },
{ "type": "Feature", "properties": { "u": 5921458188, "v": 5921458189, "key": 0, "name": null, "highway": "trunk_link", "length": 27.361625945362125, "grade": 0.01589705630436954, "slope_pct": 1.59 }, "geometry": { "type": "LineString", "coordinates": [ [ 72.8462344, 19.0155579 ], [ 72.8460116, 19.0156851 ] ] } },
{ "type": "Feature", "properties": { "u": 5921458188, "v": 1179261850, "key": 0, "name": "Dr Babasaheb Ambedkar Marg (Vincent Road)", "highway": "trunk", "length": 124.25561253621771, "grade": 0.014129550935458254, "slope_pct": 1.41 }, "geometry": { "type": "LineString", "coordinates": [ [ 72.8462344, 19.0155579 ], [ 72.8461006, 19.0153788 ], [ 72.8455526, 19.0146451 ] ] } },
{ "type": "Feature", "properties": { "u": 5921458189, "v": 5921458188, "key": 0, "name": null, "highway": "trunk_link", "length": 27.361625945362125, "grade": 0.016451993179562252, "slope_pct": 1.65 }, "geometry": { "type": "LineString", "coordinates": [ [ 72.8460116, 19.0156851 ], [ 72.8462344, 19.0155579 ] ] } },
{ "type": "Feature", "properties": { "u": 5921458189, "v": 11919249642, "key": 0, "name": "Dr Babasaheb Ambedkar Marg (Vincent Road)", "highway": "trunk", "length": 51.213989166641881, "grade": 0.0033984240440584914, "slope_pct": 0.34 }, "geometry": { "type": "LineString", "coordinates": [ [ 72.8460116, 19.0156851 ], [ 72.846291, 19.0160624 ] ] } },
{ "type": "Feature", "properties": { "u": 5921458230, "v": 1344777957, "key": 0, "name": "Bal Govind Das Road", "highway": "tertiary", "length": 30.893844804698798, "grade": 0.022186725996771333, "slope_pct": 2.22 }, "geometry": { "type": "LineString", "coordinates": [ [ 72.8415424, 19.0279506 ], [ 72.8417254, 19.0277332 ] ] } },
{ "type": "Feature", "properties": { "u": 5921458230, "v": 7371092122, "key": 0, "name": null, "highway": "tertiary", "length": 22.203760150822617, "grade": 0.023506602214639474, "slope_pct": 2.35 }, "geometry": { "type": "LineString", "coordinates": [ [ 72.8415424, 19.0279506 ], [ 72.841435, 19.0279553 ], [ 72.8413314, 19.0279598 ] ] } },
{ "type": "Feature", "properties": { "u": 6072268838, "v": 8867307187, "key": 0, "name": "Tilak Road", "highway": "primary", "length": 33.910877752710874, "grade": 0.015432930038962598, "slope_pct": 1.54 }, "geometry": { "type": "LineString", "coordinates": [ [ 72.8481923, 19.0176691 ], [ 72.8483932, 19.0174305 ] ] } },
{ "type": "Feature", "properties": { "u": 6072268838, "v": 2163592436, "key": 0, "name": "Khodadad Circle", "highway": "trunk", "length": 17.474054916327603, "grade": 0.018326318125291632, "slope_pct": 1.83 }, "geometry": { "type": "LineString", "coordinates": [ [ 72.8481923, 19.0176691 ], [ 72.8481589, 19.0175972 ], [ 72.8481109, 19.017533 ] ] } },
{ "type": "Feature", "properties": { "u": 6165603878, "v": 13535835272, "key": 0, "name": "Gokhale Road", "highway": "secondary", "length": 166.61040678785366, "grade": 0.023294986385900506, "slope_pct": 2.33 }, "geometry": { "type": "LineString", "coordinates": [ [ 72.833745, 19.0135821 ], [ 72.834318, 19.0149791 ] ] } },
{ "type": "Feature", "properties": { "u": 6165603878, "v": 2444311234, "key": 0, "name": "Bhawani Shankar Marg", "highway": "secondary", "length": 13.586534083418581, "grade": 0.018559249954894771, "slope_pct": 1.86 }, "geometry": { "type": "LineString", "coordinates": [ [ 72.833745, 19.0135821 ], [ 72.8337925, 19.0135972 ], [ 72.833866, 19.0136249 ] ] } },
{ "type": "Feature", "properties": { "u": 6165603880, "v": 6429079591, "key": 0, "name": "V Manjrekar Marg", "highway": "residential", "length": 29.213571718870362, "grade": 0.0063558589441137497, "slope_pct": 0.64 }, "geometry": { "type": "LineString", "coordinates": [ [ 72.8358884, 19.0194036 ], [ 72.8361587, 19.0193426 ] ] } },
{ "type": "Feature", "properties": { "u": 6165603880, "v": 245661031, "key": 0, "name": "V Manjrekar Marg", "highway": "residential", "length": 35.041885803827512, "grade": 0.015678343923669891, "slope_pct": 1.57 }, "geometry": { "type": "LineString", "coordinates": [ [ 72.8358884, 19.0194036 ], [ 72.8358069, 19.0195729 ], [ 72.8357292, 19.0196791 ] ] } },
{ "type": "Feature", "properties": { "u": 6165604792, "v": 6165604794, "key": 0, "name": "Gokhale Road", "highway": "primary", "length": 101.70263698119052, "grade": 0.016347731020422831, "slope_pct": 1.63 }, "geometry": { "type": "LineString", "coordinates": [ [ 72.8376082, 19.021783 ], [ 72.8378079, 19.0220161 ], [ 72.8380798, 19.0223397 ], [ 72.8381836, 19.0224633 ], [ 72.8382123, 19.0224974 ] ] } },
{ "type": "Feature", "properties": { "u": 6165604794, "v": 245661401, "key": 0, "name": "Anant Patil Marg", "highway": "residential", "length": 141.08321336521919, "grade": 0.012330874768652494, "slope_pct": 1.23 }, "geometry": { "type": "LineString", "coordinates": [ [ 72.8382123, 19.0224974 ], [ 72.8370288, 19.0230957 ] ] } },
{ "type": "Feature", "properties": { "u": 6165604794, "v": 6165604799, "key": 0, "name": "Gokhale Road", "highway": "primary", "length": 53.199157193206162, "grade": 0.019201773183743904, "slope_pct": 1.92 }, "geometry": { "type": "LineString", "coordinates": [ [ 72.8382123, 19.0224974 ], [ 72.8385007, 19.0228406 ], [ 72.8385271, 19.022872 ] ] } },
{ "type": "Feature", "properties": { "u": 6165604795, "v": 1289124423, "key": 0, "name": "D.V Deshpande Marg", "highway": "residential", "length": 135.95037669172956, "grade": 0.023556074324918328, "slope_pct": 2.36 }, "geometry": { "type": "LineString", "coordinates": [ [ 72.8389373, 19.02335 ], [ 72.8388173, 19.0235406 ], [ 72.838276, 19.0244007 ] ] } },
{ "type": "Feature", "properties": { "u": 6165604795, "v": 7371092120, "key": 0, "name": "Gokhale Road", "highway": "primary", "length": 248.28738459217053, "grade": 0.023362507283949081, "slope_pct": 2.34 }, "geometry": { "type": "LineString", "coordinates": [ [ 72.8389373, 19.02335 ], [ 72.8392101, 19.0236849 ], [ 72.8404096, 19.0250959 ] ] } },
{ "type": "Feature", "properties": { "u": 6165604797, "v": 7371481514, "key": 0, "name": "Gokhale Road", "highway": "primary", "length": 9.4068354068364286, "grade": 0.012918466170890909, "slope_pct": 1.29 }, "geometry": { "type": "LineString", "coordinates": [ [ 72.8360765, 19.0189086 ], [ 72.8360462, 19.018829 ] ] } },
{ "type": "Feature", "properties": { "u": 6165604797, "v": 7371481515, "key": 0, "name": "Raobahadur S.K. Bole Marg", "highway": "primary", "length": 45.372662677404172, "grade": 0.0054912370084966161, "slope_pct": 0.55 }, "geometry": { "type": "LineString", "coordinates": [ [ 72.8360765, 19.0189086 ], [ 72.8361415, 19.0189225 ], [ 72.8363487, 19.0190157 ], [ 72.8364813, 19.0190421 ] ] } },
{ "type": "Feature", "properties": { "u": 6165604798, "v": 6165604797, "key": 0, "name": "Raobahadur S.K. Bole Marg", "highway": "primary", "length": 12.161251168095644, "grade": 0.024666506377171361, "slope_pct": 2.47 }, "geometry": { "type": "LineString", "coordinates": [ [ 72.8359669, 19.0189436 ], [ 72.8360765, 19.0189086 ] ] } },
{ "type": "Feature", "properties": { "u": 6165604798, "v": 11023548623, "key": 0, "name": "Gokhale Road", "highway": "primary", "length": 11.969270177173577, "grade": 0.021455757901810552, "slope_pct": 2.15 }, "geometry": { "type": "LineString", "coordinates": [ [ 72.8359669, 19.0189436 ], [ 72.836014, 19.0190416 ] ] } },
{ "type": "Feature", "properties": { "u": 6165604799, "v": 7370958932, "key": 0, "name": "Ranade Road", "highway": "tertiary", "length": 46.754027303568314, "grade": 0.0057425789864718711, "slope_pct": 0.57 }, "geometry": { "type": "LineString", "coordinates": [ [ 72.8385271, 19.022872 ], [ 72.8383133, 19.0232407 ] ] } },
{ "type": "Feature", "properties": { "u": 6165604799, "v": 6165604800, "key": 0, "name": "Ranade Road", "highway": "tertiary", "length": 12.838849241075081, "grade": 0.023258521417582192, "slope_pct": 2.33 }, "geometry": { "type": "LineString", "coordinates": [ [ 72.8385271, 19.022872 ], [ 72.8385859, 19.0227708 ] ] } },
{ "type": "Feature", "properties": { "u": 6165604799, "v": 6165604795, "key": 0, "name": "Gokhale Road", "highway": "primary", "length": 68.463525198067728, "grade": 0.022137719965366825, "slope_pct": 2.21 }, "geometry": { "type": "LineString", "coordinates": [ [ 72.8385271, 19.022872 ], [ 72.8388707, 19.0232809 ], [ 72.8389373, 19.02335 ] ] } },
{ "type": "Feature", "properties": { "u": 6165604800, "v": 6165604799, "key": 0, "name": "Ranade Road", "highway": "tertiary", "length": 12.838849241075081, "grade": 0.014414437256773587, "slope_pct": 1.44 }, "geometry": { "type": "LineString", "coordinates": [ [ 72.8385859, 19.0227708 ], [ 72.8385271, 19.022872 ] ] } },
{ "type": "Feature", "properties": { "u": 6165604800, "v": 245661342, "key": 0, "name": "Ranade Road", "highway": "tertiary", "length": 51.802662553551663, "grade": 0.016008059586388446, "slope_pct": 1.6 }, "geometry": { "type": "LineString", "coordinates": [ [ 72.8385859, 19.0227708 ], [ 72.8386458, 19.0226648 ], [ 72.8386956, 19.0225766 ], [ 72.8388321, 19.0223675 ] ] } },
{ "type": "Feature", "properties": { "u": 6165604800, "v": 245661277, "key": 0, "name": "Gokhale Road", "highway": "primary", "length": 111.84723206794871, "grade": 0.011778059485142867, "slope_pct": 1.18 }, "geometry": { "type": "LineString", "coordinates": [ [ 72.8385859, 19.0227708 ], [ 72.8382998, 19.0224304 ], [ 72.8379241, 19.0219832 ] ] } },
{ "type": "Feature", "properties": { "u": 6165604807, "v": 6165604808, "key": 0, "name": "Bhawani Shankar Marg", "highway": "primary", "length": 47.476758225016241, "grade": 0.0042047560540846894, "slope_pct": 0.42 }, "geometry": { "type": "LineString", "coordinates": [ [ 72.8403982, 19.0189965 ], [ 72.8403507, 19.0194211 ] ] } },
{ "type": "Feature", "properties": { "u": 6165604807, "v": 1490200570, "key": 0, "name": "Kabutarkhana", "highway": "primary", "length": 7.5428900255066722, "grade": 0.010374339316209822, "slope_pct": 1.04 }, "geometry": { "type": "LineString", "coordinates": [ [ 72.8403982, 19.0189965 ], [ 72.840431, 19.0190103 ], [ 72.8404667, 19.0190134 ] ] } },
{ "type": "Feature", "properties": { "u": 6165604808, "v": 2295481165, "key": 0, "name": null, "highway": "primary", "length": 18.223322908739149, "grade": 0.020662775869156252, "slope_pct": 2.07 }, "geometry": { "type": "LineString", "coordinates": [ [ 72.8403507, 19.0194211 ], [ 72.8403227, 19.019428 ], [ 72.8403151, 19.0194324 ], [ 72.8402981, 19.0194422 ], [ 72.8402788, 19.0194625 ], [ 72.8402665, 19.0194873 ], [ 72.8402623, 19.0195143 ], [ 72.8402666, 19.0195413 ] ] } },
{ "type": "Feature", "properties": { "u": 6165604811, "v": 5271613101, "key": 0, "name": "N C Kelkar Marg", "highway": "primary", "length": 18.46839920614477, "grade": 0.0031019045061012628, "slope_pct": 0.31 }, "geometry": { "type": "LineString", "coordinates": [ [ 72.8404563, 19.0251787 ], [ 72.8405952, 19.025077 ] ] } },
{ "type": "Feature", "properties": { "u": 6165604811, "v": 13542582014, "key": 0, "name": "Lady Jamshedji Road", "highway": "primary", "length": 361.87248524913718, "grade": 0.010336981777205174, "slope_pct": 1.03 }, "geometry": { "type": "LineString", "coordinates": [ [ 72.8404563, 19.0251787 ], [ 72.8406363, 19.0254694 ], [ 72.8407445, 19.0256393 ], [ 72.8409478, 19.0265614 ], [ 72.8412489, 19.0280023 ], [ 72.8413164, 19.0283042 ] ] } },
{ "type": "Feature", "properties": { "u": 6165604812, "v": 245661430, "key": 0, "name": "Gokhale Road", "highway": "primary", "length": 196.93530833550088, "grade": 0.011759711259000754, "slope_pct": 1.18 }, "geometry": { "type": "LineString", "coordinates": [ [ 72.8405398, 19.0250013 ], [ 72.8393263, 19.023652 ] ] } },
{ "type": "Feature", "properties": { "u": 6165604812, "v": 7371092120, "key": 0, "name": "N C Kelkar Marg", "highway": "primary", "length": 17.262050870959314, "grade": 0.014822703264634304, "slope_pct": 1.48 }, "geometry": { "type": "LineString", "coordinates": [ [ 72.8405398, 19.0250013 ], [ 72.8404096, 19.0250959 ] ] } },
{ "type": "Feature", "properties": { "u": 6165604817, "v": 7371382974, "key": 0, "name": "Senapati Bapat Marg", "highway": "secondary", "length": 83.836433945036433, "grade": 0.023236823561080731, "slope_pct": 2.32 }, "geometry": { "type": "LineString", "coordinates": [ [ 72.8432969, 19.0204525 ], [ 72.8436731, 19.0211173 ] ] } },
{ "type": "Feature", "properties": { "u": 6165604823, "v": 245661595, "key": 0, "name": "Bal Govind Das Road", "highway": "tertiary", "length": 10.211507559187623, "grade": 0.010619611876051149, "slope_pct": 1.06 }, "geometry": { "type": "LineString", "coordinates": [ [ 72.8455399, 19.0251812 ], [ 72.8456289, 19.0251444 ] ] } },
{ "type": "Feature", "properties": { "u": 6165604823, "v": 11042119116, "key": 0, "name": "Bal Govind Das Road", "highway": "tertiary", "length": 76.544180549660268, "grade": 0.01063297044171701, "slope_pct": 1.06 }, "geometry": { "type": "LineString", "coordinates": [ [ 72.8455399, 19.0251812 ], [ 72.844978, 19.0254022 ], [ 72.8448676, 19.0254456 ] ] } },
{ "type": "Feature", "properties": { "u": 6165604823, "v": 10277480024, "key": 0, "name": "Senapati Bapat Marg", "highway": "secondary", "length": 179.38393393273648, "grade": 0.019225027458414465, "slope_pct": 1.92 }, "geometry": { "type": "LineString", "coordinates": [ [ 72.8455399, 19.0251812 ], [ 72.8459194, 19.0263362 ], [ 72.8460472, 19.0267215 ] ] } },
{ "type": "Feature", "properties": { "u": 6428701791, "v": 6428701793, "key": 0, "name": null, "highway": "residential", "length": 123.0903165764836, "grade": 0.012948794699575758, "slope_pct": 1.29 }, "geometry": { "type": "LineString", "coordinates": [ [ 72.8392696, 19.0175506 ], [ 72.839102, 19.0171969 ], [ 72.838648, 19.0174212 ], [ 72.8384276, 19.0175301 ] ] } },
{ "type": "Feature", "properties": { "u": 6428701793, "v": 245660807, "key": 0, "name": "Bhawani Shankar Marg", "highway": "secondary", "length": 72.905282002628027, "grade": 0.0079413061046796039, "slope_pct": 0.79 }, "geometry": { "type": "LineString", "coordinates": [ [ 72.8384276, 19.0175301 ], [ 72.8389463, 19.0179653 ] ] } },
{ "type": "Feature", "properties": { "u": 6428701793, "v": 245660731, "key": 0, "name": "Bhawani Shankar Marg", "highway": "secondary", "length": 68.553959505541997, "grade": 0.012953669354919255, "slope_pct": 1.3 }, "geometry": { "type": "LineString", "coordinates": [ [ 72.8384276, 19.0175301 ], [ 72.8380555, 19.0170238 ] ] } },
{ "type": "Feature", "properties": { "u": 6428701793, "v": 6428701791, "key": 0, "name": null, "highway": "residential", "length": 123.09031657648359, "grade": 0.0060988544483555973, "slope_pct": 0.61 }, "geometry": { "type": "LineString", "coordinates": [ [ 72.8384276, 19.0175301 ], [ 72.838648, 19.0174212 ], [ 72.839102, 19.0171969 ], [ 72.8392696, 19.0175506 ] ] } },
{ "type": "Feature", "properties": { "u": 6428843057, "v": 13543220371, "key": 0, "name": "Raobahadur S.K. Bole Marg", "highway": "primary", "length": 23.494952572347017, "grade": 0.0068805137031369128, "slope_pct": 0.69 }, "geometry": { "type": "LineString", "coordinates": [ [ 72.8377474, 19.0199225 ], [ 72.8375597, 19.0198078 ] ] } },
{ "type": "Feature", "properties": { "u": 6428843057, "v": 245661112, "key": 0, "name": "Raobahadur S.K. Bole Marg", "highway": "primary", "length": 92.072595721572881, "grade": 0.013964091000268554, "slope_pct": 1.4 }, "geometry": { "type": "LineString", "coordinates": [ [ 72.8377474, 19.0199225 ], [ 72.8377724, 19.0199378 ], [ 72.8380101, 19.0200447 ], [ 72.8380749, 19.0200663 ], [ 72.8382855, 19.0201364 ], [ 72.8385763, 19.0201419 ] ] } },
{ "type": "Feature", "properties": { "u": 6428843057, "v": 2247988292, "key": 0, "name": "Dr Ratnakar Bhaindarkar Rd", "highway": "residential", "length": 199.12161572118845, "grade": 0.012216359889100054, "slope_pct": 1.22 }, "geometry": { "type": "LineString", "coordinates": [ [ 72.8377474, 19.0199225 ], [ 72.8377904, 19.0198519 ], [ 72.8378671, 19.0197133 ], [ 72.8377582, 19.019623 ], [ 72.8376933, 19.0195507 ], [ 72.8376474, 19.0194658 ], [ 72.837634, 19.0193521 ], [ 72.8376455, 19.0192979 ], [ 72.837663, 19.0192513 ], [ 72.8377334, 19.0192166 ], [ 72.8378041, 19.0191859 ], [ 72.8378805, 19.0191642 ], [ 72.8380188, 19.0191426 ], [ 72.8381346, 19.0191245 ], [ 72.8382195, 19.0191138 ], [ 72.838277, 19.0191065 ], [ 72.8384195, 19.0190886 ], [ 72.8386074, 19.0190649 ], [ 72.838682, 19.0190554 ], [ 72.8386998, 19.0190532 ] ] } },
{ "type": "Feature", "properties": { "u": 6428872826, "v": 6490402441, "key": 0, "name": null, "highway": "residential", "length": 104.05099166827574, "grade": 0.023126609823498203, "slope_pct": 2.31 }, "geometry": { "type": "LineString", "coordinates": [ [ 72.8429023, 19.0236996 ], [ 72.843815, 19.0233375 ] ] } },
{ "type": "Feature", "properties": { "u": 6428872826, "v": 2294332756, "key": 0, "name": "J K Sawant Marg", "highway": "tertiary", "length": 263.72438290498599, "grade": 0.010972665780565931, "slope_pct": 1.1 }, "geometry": { "type": "LineString", "coordinates": [ [ 72.8429023, 19.0236996 ], [ 72.8429798, 19.0239649 ], [ 72.8430286, 19.0241946 ], [ 72.8430447, 19.0242703 ], [ 72.843054, 19.0243588 ], [ 72.8430647, 19.0244614 ], [ 72.8430787, 19.0245952 ], [ 72.8430939, 19.0247406 ], [ 72.8431103, 19.0248967 ], [ 72.8431212, 19.0250013 ], [ 72.8431997, 19.0260491 ] ] } },
{ "type": "Feature", "properties": { "u": 6428872826, "v": 5271613087, "key": 0, "name": "J K Sawant Marg", "highway": "tertiary", "length": 109.27551649068241, "grade": 0.015772943706116958, "slope_pct": 1.58 }, "geometry": { "type": "LineString", "coordinates": [ [ 72.8429023, 19.0236996 ], [ 72.842866, 19.0236248 ], [ 72.8426542, 19.0231881 ], [ 72.8425205, 19.0228961 ], [ 72.8424691, 19.0228066 ] ] } },
{ "type": "Feature", "properties": { "u": 6429005901, "v": 13584470506, "key": 0, "name": "Senapati Bapat Marg", "highway": "primary", "length": 20.19727350402923, "grade": 0.01690981433422967, "slope_pct": 1.69 }, "geometry": { "type": "LineString", "coordinates": [ [ 72.8394954, 19.015513 ], [ 72.8393671, 19.0153778 ] ] } },
{ "type": "Feature", "properties": { "u": 6429005901, "v": 6429005902, "key": 0, "name": null, "highway": "primary_link", "length": 15.646310945713992, "grade": 0.0032880780449433401, "slope_pct": 0.33 }, "geometry": { "type": "LineString", "coordinates": [ [ 72.8394954, 19.015513 ], [ 72.8393859, 19.0156083 ] ] } },
{ "type": "Feature", "properties": { "u": 6429005902, "v": 6429005901, "key": 0, "name": null, "highway": "primary_link", "length": 15.646310945713992, "grade": 0.017597822184367635, "slope_pct": 1.76 }, "geometry": { "type": "LineString", "coordinates": [ [ 72.8393859, 19.0156083 ], [ 72.8394954, 19.015513 ] ] } },
{ "type": "Feature", "properties": { "u": 6429005902, "v": 245660634, "key": 0, "name": "Senapati Bapat Marg", "highway": "primary", "length": 76.373625279277462, "grade": 0.0069167912711345318, "slope_pct": 0.69 }, "geometry": { "type": "LineString", "coordinates": [ [ 72.8393859, 19.0156083 ], [ 72.8395299, 19.0157581 ], [ 72.8398745, 19.0161166 ] ] } },
{ "type": "Feature", "properties": { "u": 6429049755, "v": 245660483, "key": 0, "name": "Baburao Parulekar Marg", "highway": "residential", "length": 16.451225507254925, "grade": 0.024143546984328013, "slope_pct": 2.41 }, "geometry": { "type": "LineString", "coordinates": [ [ 72.8387172, 19.0146927 ], [ 72.8385995, 19.0147902 ] ] } },
{ "type": "Feature", "properties": { "u": 6429049755, "v": 1645876420, "key": 0, "name": "Senapati Bapat Marg", "highway": "primary", "length": 393.51552705934722, "grade": 0.0062705800105684849, "slope_pct": 0.63 }, "geometry": { "type": "LineString", "coordinates": [ [ 72.8387172, 19.0146927 ], [ 72.8371642, 19.0130554 ], [ 72.836574, 19.0124473 ], [ 72.83649, 19.0123554 ], [ 72.836396, 19.0122525 ], [ 72.8363804, 19.0122355 ], [ 72.8362182, 19.0120581 ] ] } },
{ "type": "Feature", "properties": { "u": 6429079591, "v": 1514261993, "key": 0, "name": "Gokhale Road", "highway": "primary", "length": 52.657244887735075, "grade": 0.012121730721994524, "slope_pct": 1.21 }, "geometry": { "type": "LineString", "coordinates": [ [ 72.8361587, 19.0193426 ], [ 72.836366, 19.0197737 ] ] } },
{ "type": "Feature", "properties": { "u": 6429979657, "v": 245660124, "key": 0, "name": "Sayani Marg", "highway": "secondary", "length": 176.88673528291389, "grade": 0.0048776926977301648, "slope_pct": 0.49 }, "geometry": { "type": "LineString", "coordinates": [ [ 72.8321355, 19.0108803 ], [ 72.8322965, 19.0106581 ], [ 72.8325036, 19.0103258 ], [ 72.8330317, 19.0095344 ] ] } },
{ "type": "Feature", "properties": { "u": 6429979657, "v": 13545848445, "key": 0, "name": null, "highway": "residential", "length": 76.300421805045289, "grade": 0.024931233540610845, "slope_pct": 2.49 }, "geometry": { "type": "LineString", "coordinates": [ [ 72.8321355, 19.0108803 ], [ 72.8324175, 19.0110261 ], [ 72.8328, 19.0111501 ] ] } },
{ "type": "Feature", "properties": { "u": 6430837133, "v": 7371570191, "key": 0, "name": "Gokhale Road", "highway": "secondary", "length": 49.03656002228027, "grade": 0.01404829022728734, "slope_pct": 1.4 }, "geometry": { "type": "LineString", "coordinates": [ [ 72.8337052, 19.0132998 ], [ 72.8334382, 19.0129382 ] ] } },
{ "type": "Feature", "properties": { "u": 6430837133, "v": 245660381, "key": 0, "name": "Kakasaheb Gadgil Marg", "highway": "secondary", "length": 8.188710341224235, "grade": 0.016098470381040966, "slope_pct": 1.61 }, "geometry": { "type": "LineString", "coordinates": [ [ 72.8337052, 19.0132998 ], [ 72.8336388, 19.0133383 ] ] } },
{ "type": "Feature", "properties": { "u": 6435703225, "v": 245660822, "key": 0, "name": "Mancherji Joshi Road", "highway": "residential", "length": 128.00442548357876, "grade": 0.0044756825025454045, "slope_pct": 0.45 }, "geometry": { "type": "LineString", "coordinates": [ [ 72.8492809, 19.0175931 ], [ 72.8503512, 19.018142 ] ] } },
{ "type": "Feature", "properties": { "u": 6435703225, "v": 245660896, "key": 0, "name": null, "highway": "residential", "length": 8.2005357126491845, "grade": 0.019499130348781913, "slope_pct": 1.95 }, "geometry": { "type": "LineString", "coordinates": [ [ 72.8492809, 19.0175931 ], [ 72.8492771, 19.0175557 ], [ 72.8492572, 19.0175248 ] ] } },
{ "type": "Feature", "properties": { "u": 6435703231, "v": 245661060, "key": 0, "name": "Jam-e-Jamshed Road", "highway": "residential", "length": 258.67515424814525, "grade": 0.0076179230481028875, "slope_pct": 0.76 }, "geometry": { "type": "LineString", "coordinates": [ [ 72.8491592, 19.0176909 ], [ 72.8496615, 19.0183641 ], [ 72.8497182, 19.0184401 ], [ 72.8505775, 19.0195919 ] ] } },
{ "type": "Feature", "properties": { "u": 6435703231, "v": 6435703225, "key": 0, "name": null, "highway": "residential", "length": 18.541016427152243, "grade": 0.022757194367695705, "slope_pct": 2.28 }, "geometry": { "type": "LineString", "coordinates": [ [ 72.8491592, 19.0176909 ], [ 72.849203, 19.0176862 ], [ 72.8492415, 19.0176659 ], [ 72.8492689, 19.0176332 ], [ 72.8492809, 19.0175931 ] ] } },
{ "type": "Feature", "properties": { "u": 6435703234, "v": 13658722785, "key": 0, "name": "Jame Jamshed Road", "highway": "residential", "length": 19.886050376009294, "grade": 0.0075130720906041578, "slope_pct": 0.75 }, "geometry": { "type": "LineString", "coordinates": [ [ 72.8490931, 19.0175028 ], [ 72.8489611, 19.0173747 ] ] } },
{ "type": "Feature", "properties": { "u": 6435703234, "v": 6435703231, "key": 0, "name": "Jame Jamshed Road", "highway": "residential", "length": 27.382927030461445, "grade": 0.0071951298546006652, "slope_pct": 0.72 }, "geometry": { "type": "LineString", "coordinates": [ [ 72.8490931, 19.0175028 ], [ 72.8490653, 19.0175314 ], [ 72.8490539, 19.0175702 ], [ 72.8490629, 19.0176111 ], [ 72.8490852, 19.0176472 ], [ 72.8491184, 19.0176747 ], [ 72.8491592, 19.0176909 ] ] } },
{ "type": "Feature", "properties": { "u": 6490402441, "v": 6428872826, "key": 0, "name": null, "highway": "residential", "length": 104.05099166827574, "grade": 0.0038040926926580874, "slope_pct": 0.38 }, "geometry": { "type": "LineString", "coordinates": [ [ 72.843815, 19.0233375 ], [ 72.8429023, 19.0236996 ] ] } },
{ "type": "Feature", "properties": { "u": 6490463696, "v": 245660858, "key": 0, "name": "Lokmanya Tilak Vasahat Road No. 1", "highway": "residential", "length": 56.794807049559125, "grade": 0.013385472792419986, "slope_pct": 1.34 }, "geometry": { "type": "LineString", "coordinates": [ [ 72.8453075, 19.0182959 ], [ 72.8456516, 19.0180704 ], [ 72.8457515, 19.0180049 ] ] } },
{ "type": "Feature", "properties": { "u": 6491197973, "v": 6165604797, "key": 0, "name": "Gokhale Road", "highway": "primary", "length": 51.838926991701896, "grade": 0.015426504931777562, "slope_pct": 1.54 }, "geometry": { "type": "LineString", "coordinates": [ [ 72.8362822, 19.0193323 ], [ 72.8360765, 19.0189086 ] ] } },
{ "type": "Feature", "properties": { "u": 6491197973, "v": 536673200, "key": 0, "name": "K,W, Chitale Marg", "highway": "primary_link", "length": 39.949107747099987, "grade": 0.0044455900674237525, "slope_pct": 0.44 }, "geometry": { "type": "LineString", "coordinates": [ [ 72.8362822, 19.0193323 ], [ 72.8363071, 19.0192763 ], [ 72.8363541, 19.0191951 ], [ 72.8363846, 19.0191544 ], [ 72.8364457, 19.0191117 ], [ 72.8365307, 19.0190864 ] ] } },
{ "type": "Feature", "properties": { "u": 6491605226, "v": 245660499, "key": 0, "name": "Bhawani Shankar Marg", "highway": "secondary", "length": 191.32464169085347, "grade": 0.020061607567290234, "slope_pct": 2.01 }, "geometry": { "type": "LineString", "coordinates": [ [ 72.8341858, 19.0137198 ], [ 72.8344601, 19.0138519 ], [ 72.8352127, 19.0142228 ], [ 72.835821, 19.014473 ] ] } },
{ "type": "Feature", "properties": { "u": 6491605226, "v": 7371570195, "key": 0, "name": null, "highway": "secondary", "length": 53.412466838113787, "grade": 0.012972354364456609, "slope_pct": 1.3 }, "geometry": { "type": "LineString", "coordinates": [ [ 72.8341858, 19.0137198 ], [ 72.8339522, 19.0135225 ], [ 72.8338006, 19.0134068 ] ] } },
{ "type": "Feature", "properties": { "u": 6491605232, "v": 2444311234, "key": 0, "name": "Gokhale Road", "highway": "secondary", "length": 31.752854668155678, "grade": 0.014536585925206763, "slope_pct": 1.45 }, "geometry": { "type": "LineString", "coordinates": [ [ 72.8339854, 19.0138872 ], [ 72.833866, 19.0136249 ] ] } },
{ "type": "Feature", "properties": { "u": 6491605232, "v": 6491605226, "key": 0, "name": null, "highway": "secondary_link", "length": 33.072901893757987, "grade": 0.012696780432641021, "slope_pct": 1.27 }, "geometry": { "type": "LineString", "coordinates": [ [ 72.8339854, 19.0138872 ], [ 72.833983, 19.0138306 ], [ 72.8340031, 19.0137925 ], [ 72.8340273, 19.0137634 ], [ 72.8340715, 19.0137406 ], [ 72.8341252, 19.0137165 ], [ 72.8341858, 19.0137198 ] ] } },
{ "type": "Feature", "properties": { "u": 6491779234, "v": 1650385414, "key": 0, "name": "N.M. Kale Marg", "highway": "residential", "length": 75.729299780104697, "grade": 0.011816787339257173, "slope_pct": 1.18 }, "geometry": { "type": "LineString", "coordinates": [ [ 72.8336444, 19.0179946 ], [ 72.833357, 19.0186191 ] ] } },
{ "type": "Feature", "properties": { "u": 6491779234, "v": 13532358231, "key": 0, "name": "N.M. Kale Marg", "highway": "residential", "length": 101.50733477000605, "grade": 0.015312087288780796, "slope_pct": 1.53 }, "geometry": { "type": "LineString", "coordinates": [ [ 72.8336444, 19.0179946 ], [ 72.8337769, 19.0177765 ], [ 72.8339898, 19.0174262 ], [ 72.8341368, 19.0172096 ] ] } },
{ "type": "Feature", "properties": { "u": 6491779234, "v": 7374036806, "key": 0, "name": null, "highway": "residential", "length": 109.16740990245276, "grade": 0.0064152854104756758, "slope_pct": 0.64 }, "geometry": { "type": "LineString", "coordinates": [ [ 72.8336444, 19.0179946 ], [ 72.8333617, 19.0177932 ], [ 72.8332547, 19.017717 ], [ 72.8332369, 19.0177043 ], [ 72.8332012, 19.0176789 ], [ 72.8330034, 19.017538 ], [ 72.832814, 19.0174051 ] ] } },
{ "type": "Feature", "properties": { "u": 6571717272, "v": 13569482439, "key": 0, "name": "D L Vaidya Marg", "highway": "residential", "length": 59.319203661142197, "grade": 0.0070024188708959654, "slope_pct": 0.7 }, "geometry": { "type": "LineString", "coordinates": [ [ 72.8393271, 19.022511 ], [ 72.8396919, 19.022918 ] ] } },
{ "type": "Feature", "properties": { "u": 6571717272, "v": 6571717275, "key": 0, "name": null, "highway": "residential", "length": 87.150060534160545, "grade": 0.021959283662297383, "slope_pct": 2.2 }, "geometry": { "type": "LineString", "coordinates": [ [ 72.8393271, 19.022511 ], [ 72.8394869, 19.022375 ], [ 72.839562, 19.022238 ], [ 72.8396797, 19.0218266 ] ] } },
{ "type": "Feature", "properties": { "u": 6571717275, "v": 1288965251, "key": 0, "name": "Rajaram Keshav Vaidya Marg", "highway": "residential", "length": 33.954423166421996, "grade": 0.023814540166939922, "slope_pct": 2.38 }, "geometry": { "type": "LineString", "coordinates": [ [ 72.8396797, 19.0218266 ], [ 72.8394911, 19.0217002 ], [ 72.8394162, 19.02165 ] ] } },
{ "type": "Feature", "properties": { "u": 6571717275, "v": 6571717272, "key": 0, "name": null, "highway": "residential", "length": 87.150060534160545, "grade": 0.011212804958154566, "slope_pct": 1.12 }, "geometry": { "type": "LineString", "coordinates": [ [ 72.8396797, 19.0218266 ], [ 72.839562, 19.022238 ], [ 72.8394869, 19.022375 ], [ 72.8393271, 19.022511 ] ] } },
{ "type": "Feature", "properties": { "u": 6574207446, "v": 1650385414, "key": 0, "name": "Raobahadur S.K. Bole Marg", "highway": "primary", "length": 123.73358219053065, "grade": 0.0089563828091581837, "slope_pct": 0.9 }, "geometry": { "type": "LineString", "coordinates": [ [ 72.8345315, 19.0186569 ], [ 72.8338621, 19.0186661 ], [ 72.833357, 19.0186191 ] ] } },
{ "type": "Feature", "properties": { "u": 6574207446, "v": 11023548634, "key": 0, "name": "Raobahadur S.K. Bole Marg", "highway": "primary", "length": 108.58876179595106, "grade": 0.017167989951258348, "slope_pct": 1.72 }, "geometry": { "type": "LineString", "coordinates": [ [ 72.8345315, 19.0186569 ], [ 72.8350076, 19.018584 ], [ 72.8355503, 19.0184959 ] ] } },
{ "type": "Feature", "properties": { "u": 6574207446, "v": 13540136696, "key": 0, "name": null, "highway": "residential", "length": 100.5679706221288, "grade": 0.011992151764158122, "slope_pct": 1.2 }, "geometry": { "type": "LineString", "coordinates": [ [ 72.8345315, 19.0186569 ], [ 72.8347507, 19.0192955 ], [ 72.8348138, 19.0194835 ], [ 72.8348266, 19.0195172 ] ] } },
{ "type": "Feature", "properties": { "u": 6606882582, "v": 6606882583, "key": 0, "name": null, "highway": "residential", "length": 10.263504088705675, "grade": 0.003558499824527587, "slope_pct": 0.36 }, "geometry": { "type": "LineString", "coordinates": [ [ 72.8464944, 19.0277988 ], [ 72.8463995, 19.0278205 ] ] } },
{ "type": "Feature", "properties": { "u": 6606882582, "v": 245661595, "key": 0, "name": "Senapati Bapat Marg", "highway": "secondary", "length": 308.87864179405199, "grade": 0.0064353571420561889, "slope_pct": 0.64 }, "geometry": { "type": "LineString", "coordinates": [ [ 72.8464944, 19.0277988 ], [ 72.8464067, 19.0274978 ], [ 72.8463633, 19.027367 ], [ 72.8460105, 19.026304 ], [ 72.8456289, 19.0251444 ] ] } },
{ "type": "Feature", "properties": { "u": 6606882583, "v": 6606882582, "key": 0, "name": null, "highway": "residential", "length": 10.263504088705675, "grade": 0.018751389034642747, "slope_pct": 1.88 }, "geometry": { "type": "LineString", "coordinates": [ [ 72.8463995, 19.0278205 ], [ 72.8464944, 19.0277988 ] ] } },
{ "type": "Feature", "properties": { "u": 6606882583, "v": 13569250101, "key": 0, "name": "Senapati Bapat Marg", "highway": "secondary", "length": 37.813005897105377, "grade": 0.017496326722023333, "slope_pct": 1.75 }, "geometry": { "type": "LineString", "coordinates": [ [ 72.8463995, 19.0278205 ], [ 72.8464956, 19.0281482 ] ] } },
{ "type": "Feature", "properties": { "u": 6606882583, "v": 11043651339, "key": 0, "name": null, "highway": "residential", "length": 51.413145257399648, "grade": 0.0035961118350766371, "slope_pct": 0.36 }, "geometry": { "type": "LineString", "coordinates": [ [ 72.8463995, 19.0278205 ], [ 72.8463192, 19.0278439 ], [ 72.8462557, 19.0278533 ], [ 72.8460728, 19.0278643 ], [ 72.8459158, 19.0278764 ] ] } },
{ "type": "Feature", "properties": { "u": 6862284569, "v": 10578361568, "key": 0, "name": "Khareghat Road", "highway": "residential", "length": 62.555839332607476, "grade": 0.0078833875625248882, "slope_pct": 0.79 }, "geometry": { "type": "LineString", "coordinates": [ [ 72.8490025, 19.0252727 ], [ 72.8491804, 19.0251709 ], [ 72.8493696, 19.0254902 ] ] } },
{ "type": "Feature", "properties": { "u": 6862284569, "v": 10578361568, "key": 1, "name": null, "highway": "residential", "length": 57.790827768537376, "grade": 0.0080836455249375713, "slope_pct": 0.81 }, "geometry": { "type": "LineString", "coordinates": [ [ 72.8490025, 19.0252727 ], [ 72.8491972, 19.0255479 ], [ 72.8492298, 19.0255634 ], [ 72.8492547, 19.0255627 ], [ 72.8493696, 19.0254902 ] ] } },
{ "type": "Feature", "properties": { "u": 6862284569, "v": 13658722723, "key": 0, "name": "Khareghat Road", "highway": "residential", "length": 60.051821661929857, "grade": 0.017781640359172027, "slope_pct": 1.78 }, "geometry": { "type": "LineString", "coordinates": [ [ 72.8490025, 19.0252727 ], [ 72.8488346, 19.0250009 ], [ 72.8487915, 19.024931 ], [ 72.8487103, 19.0248087 ] ] } },
{ "type": "Feature", "properties": { "u": 6862284571, "v": 13658722725, "key": 0, "name": "Khareghat Road", "highway": "residential", "length": 35.401352718675653, "grade": 0.0034336318305960116, "slope_pct": 0.34 }, "geometry": { "type": "LineString", "coordinates": [ [ 72.848402, 19.0243412 ], [ 72.8485796, 19.0246117 ] ] } },
{ "type": "Feature", "properties": { "u": 6862284571, "v": 6862284572, "key": 0, "name": "Khareghat Road", "highway": "residential", "length": 20.611122756852506, "grade": 0.0052903888036606251, "slope_pct": 0.53 }, "geometry": { "type": "LineString", "coordinates": [ [ 72.848402, 19.0243412 ], [ 72.8485708, 19.0242469 ] ] } },
{ "type": "Feature", "properties": { "u": 6862284571, "v": 13658722730, "key": 0, "name": null, "highway": "residential", "length": 52.747369194664543, "grade": 0.020598153878210165, "slope_pct": 2.06 }, "geometry": { "type": "LineString", "coordinates": [ [ 72.848402, 19.0243412 ], [ 72.8483003, 19.0242147 ], [ 72.8481796, 19.024071 ], [ 72.8481803, 19.0240489 ], [ 72.8482023, 19.0239985 ], [ 72.848232, 19.0239508 ] ] } },
{ "type": "Feature", "properties": { "u": 6862284572, "v": 6862284571, "key": 0, "name": "Khareghat Road", "highway": "residential", "length": 20.611122756852506, "grade": 0.0069279825651953402, "slope_pct": 0.69 }, "geometry": { "type": "LineString", "coordinates": [ [ 72.8485708, 19.0242469 ], [ 72.848402, 19.0243412 ] ] } },
{ "type": "Feature", "properties": { "u": 6862284572, "v": 6862284573, "key": 0, "name": "Khareghat Road", "highway": "residential", "length": 47.263790122581668, "grade": 0.017360414372741245, "slope_pct": 1.74 }, "geometry": { "type": "LineString", "coordinates": [ [ 72.8485708, 19.0242469 ], [ 72.848342, 19.023881 ] ] } },
{ "type": "Feature", "properties": { "u": 6862284572, "v": 10578361570, "key": 0, "name": null, "highway": "residential", "length": 33.594351711343073, "grade": 0.0082400211830279853, "slope_pct": 0.82 }, "geometry": { "type": "LineString", "coordinates": [ [ 72.8485708, 19.0242469 ], [ 72.8487466, 19.0244992 ] ] } },
{ "type": "Feature", "properties": { "u": 6862284573, "v": 6862284572, "key": 0, "name": "Khareghat Road", "highway": "residential", "length": 47.263790122581668, "grade": 0.0051877106407055944, "slope_pct": 0.52 }, "geometry": { "type": "LineString", "coordinates": [ [ 72.848342, 19.023881 ], [ 72.8485708, 19.0242469 ] ] } },
{ "type": "Feature", "properties": { "u": 6862284573, "v": 13658722731, "key": 0, "name": "Khareghat Road", "highway": "residential", "length": 37.824503418183767, "grade": 0.0083497882019879892, "slope_pct": 0.83 }, "geometry": { "type": "LineString", "coordinates": [ [ 72.848342, 19.023881 ], [ 72.8481472, 19.023595 ] ] } },
{ "type": "Feature", "properties": { "u": 6862284573, "v": 13658722730, "key": 0, "name": null, "highway": "residential", "length": 13.926665491827054, "grade": 0.018889872500824502, "slope_pct": 1.89 }, "geometry": { "type": "LineString", "coordinates": [ [ 72.848342, 19.023881 ], [ 72.848232, 19.0239508 ] ] } },
{ "type": "Feature", "properties": { "u": 6862284575, "v": 13658722748, "key": 0, "name": "Khareghat Road", "highway": "residential", "length": 47.979356593772437, "grade": 0.021825322298338286, "slope_pct": 2.18 }, "geometry": { "type": "LineString", "coordinates": [ [ 72.8476207, 19.0228444 ], [ 72.8478786, 19.0232004 ] ] } },
{ "type": "Feature", "properties": { "u": 6862284575, "v": 13658722766, "key": 0, "name": "Khareghat Road", "highway": "residential", "length": 47.383966810296748, "grade": 0.021264837020473815, "slope_pct": 2.13 }, "geometry": { "type": "LineString", "coordinates": [ [ 72.8476207, 19.0228444 ], [ 72.8473767, 19.0224861 ] ] } },
{ "type": "Feature", "properties": { "u": 6862284575, "v": 13658722757, "key": 0, "name": null, "highway": "residential", "length": 9.8867146977178528, "grade": 0.011738037651606009, "slope_pct": 1.17 }, "geometry": { "type": "LineString", "coordinates": [ [ 72.8476207, 19.0228444 ], [ 72.8475394, 19.0228891 ] ] } },
{ "type": "Feature", "properties": { "u": 6926174637, "v": 7371810879, "key": 0, "name": null, "highway": "residential", "length": 102.57396061402568, "grade": 0.017697873004554217, "slope_pct": 1.77 }, "geometry": { "type": "LineString", "coordinates": [ [ 72.8455171, 19.0154649 ], [ 72.8453484, 19.0155897 ], [ 72.8452284, 19.0156785 ], [ 72.844829, 19.0152437 ] ] } },
{ "type": "Feature", "properties": { "u": 6929407478, "v": 6929407480, "key": 0, "name": null, "highway": "residential", "length": 20.679311214453385, "grade": 0.0075096544991480616, "slope_pct": 0.75 }, "geometry": { "type": "LineString", "coordinates": [ [ 72.8357918, 19.0078861 ], [ 72.8356862, 19.0077292 ] ] } },
{ "type": "Feature", "properties": { "u": 6929407478, "v": 2443987340, "key": 0, "name": "Balasheth Mandurkar Marg", "highway": "residential", "length": 75.027834610039747, "grade": 0.0094492500657422929, "slope_pct": 0.94 }, "geometry": { "type": "LineString", "coordinates": [ [ 72.8357918, 19.0078861 ], [ 72.8359133, 19.0079678 ], [ 72.8361977, 19.0084289 ] ] } },
{ "type": "Feature", "properties": { "u": 6929407478, "v": 10536657610, "key": 0, "name": null, "highway": "residential", "length": 201.30753083993108, "grade": 0.022719388007464637, "slope_pct": 2.27 }, "geometry": { "type": "LineString", "coordinates": [ [ 72.8357918, 19.0078861 ], [ 72.8352852, 19.0081856 ], [ 72.8342642, 19.0088189 ], [ 72.834169, 19.0088321 ] ] } },
{ "type": "Feature", "properties": { "u": 6929407480, "v": 6929407478, "key": 0, "name": null, "highway": "residential", "length": 20.679311214453385, "grade": 0.0032860423172361929, "slope_pct": 0.33 }, "geometry": { "type": "LineString", "coordinates": [ [ 72.8356862, 19.0077292 ], [ 72.8357918, 19.0078861 ] ] } },
{ "type": "Feature", "properties": { "u": 6929407480, "v": 9175044705, "key": 0, "name": null, "highway": "residential", "length": 70.468368920007805, "grade": 0.0048811876787982975, "slope_pct": 0.49 }, "geometry": { "type": "LineString", "coordinates": [ [ 72.8356862, 19.0077292 ], [ 72.8354046, 19.0079079 ], [ 72.8352887, 19.0079804 ], [ 72.8351284, 19.0080806 ] ] } },
{ "type": "Feature", "properties": { "u": 6929407484, "v": 9175044693, "key": 0, "name": "Jagannath Bhatnagar Road", "highway": "secondary", "length": 9.5046994255873116, "grade": 0.0075734976132126016, "slope_pct": 0.76 }, "geometry": { "type": "LineString", "coordinates": [ [ 72.8340615, 19.008827 ], [ 72.8339853, 19.008873 ] ] } },
{ "type": "Feature", "properties": { "u": 6929407484, "v": 9175044705, "key": 0, "name": null, "highway": "residential", "length": 140.72468254471795, "grade": 0.0035837084852240338, "slope_pct": 0.36 }, "geometry": { "type": "LineString", "coordinates": [ [ 72.8340615, 19.008827 ], [ 72.8341185, 19.0087347 ], [ 72.83416, 19.0086941 ], [ 72.8342083, 19.0086599 ], [ 72.8345932, 19.0084151 ], [ 72.8351284, 19.0080806 ] ] } },
{ "type": "Feature", "properties": { "u": 7370896114, "v": 4364457154, "key": 0, "name": "Jambhekar Path", "highway": "residential", "length": 39.334640109759178, "grade": 0.0069915795719755411, "slope_pct": 0.7 }, "geometry": { "type": "LineString", "coordinates": [ [ 72.8338979, 19.0239119 ], [ 72.834101, 19.024209 ] ] } },
{ "type": "Feature", "properties": { "u": 7370896114, "v": 245661418, "key": 0, "name": "Jambhekar Path", "highway": "residential", "length": 63.169839334434023, "grade": 0.01582691434133323, "slope_pct": 1.58 }, "geometry": { "type": "LineString", "coordinates": [ [ 72.8338979, 19.0239119 ], [ 72.8335725, 19.0234343 ] ] } },
{ "type": "Feature", "properties": { "u": 7370896114, "v": 12069775839, "key": 0, "name": null, "highway": "residential", "length": 10.280810627292043, "grade": 0.012271340113034955, "slope_pct": 1.23 }, "geometry": { "type": "LineString", "coordinates": [ [ 72.8338979, 19.0239119 ], [ 72.8338155, 19.0239617 ] ] } },
{ "type": "Feature", "properties": { "u": 7370958924, "v": 7370958925, "key": 0, "name": null, "highway": "residential", "length": 73.266677561894497, "grade": 0.022638777643693448, "slope_pct": 2.26 }, "geometry": { "type": "LineString", "coordinates": [ [ 72.8370917, 19.0217638 ], [ 72.8373809, 19.0223633 ] ] } },
{ "type": "Feature", "properties": { "u": 7370958924, "v": 6165604792, "key": 0, "name": "D S Babrekar Marg", "highway": "tertiary", "length": 54.572483950163537, "grade": 0.020983758358245702, "slope_pct": 2.1 }, "geometry": { "type": "LineString", "coordinates": [ [ 72.8370917, 19.0217638 ], [ 72.8374135, 19.0217537 ], [ 72.8376082, 19.021783 ] ] } },
{ "type": "Feature", "properties": { "u": 7370958925, "v": 7370958924, "key": 0, "name": null, "highway": "residential", "length": 73.266677561894497, "grade": 0.010519981737353273, "slope_pct": 1.05 }, "geometry": { "type": "LineString", "coordinates": [ [ 72.8373809, 19.0223633 ], [ 72.8370917, 19.0217638 ] ] } },
{ "type": "Feature", "properties": { "u": 7370958932, "v": 1348056648, "key": 0, "name": "Ranade Road", "highway": "tertiary", "length": 132.8376998393565, "grade": 0.008707315535488435, "slope_pct": 0.87 }, "geometry": { "type": "LineString", "coordinates": [ [ 72.8383133, 19.0232407 ], [ 72.8377044, 19.0242875 ] ] } },
{ "type": "Feature", "properties": { "u": 7370958932, "v": 6165604799, "key": 0, "name": "Ranade Road", "highway": "tertiary", "length": 46.754027303568314, "grade": 0.011353232979679873, "slope_pct": 1.14 }, "geometry": { "type": "LineString", "coordinates": [ [ 72.8383133, 19.0232407 ], [ 72.8385271, 19.022872 ] ] } },
{ "type": "Feature", "properties": { "u": 7370958932, "v": 13506627041, "key": 0, "name": null, "highway": "residential", "length": 26.858430677319721, "grade": 0.015986488735325773, "slope_pct": 1.6 }, "geometry": { "type": "LineString", "coordinates": [ [ 72.8383133, 19.0232407 ], [ 72.8380818, 19.0233429 ] ] } },
{ "type": "Feature", "properties": { "u": 7371013038, "v": 13540136696, "key": 0, "name": null, "highway": "residential", "length": 4.7967528602388603, "grade": 0.0088974000981032787, "slope_pct": 0.89 }, "geometry": { "type": "LineString", "coordinates": [ [ 72.8348442, 19.019557 ], [ 72.8348266, 19.0195172 ] ] } },
{ "type": "Feature", "properties": { "u": 7371013038, "v": 13540160613, "key": 0, "name": null, "highway": "residential", "length": 24.978954685447135, "grade": 0.01673127597268095, "slope_pct": 1.67 }, "geometry": { "type": "LineString", "coordinates": [ [ 72.8348442, 19.019557 ], [ 72.8349665, 19.0197496 ] ] } },
{ "type": "Feature", "properties": { "u": 7371013038, "v": 13540136697, "key": 0, "name": null, "highway": "residential", "length": 35.070441025383687, "grade": 0.012007056348207291, "slope_pct": 1.2 }, "geometry": { "type": "LineString", "coordinates": [ [ 72.8348442, 19.019557 ], [ 72.834665, 19.0196296 ], [ 72.8345977, 19.0196501 ], [ 72.83453, 19.0196555 ] ] } },
{ "type": "Feature", "properties": { "u": 7371013041, "v": 7371013042, "key": 0, "name": null, "highway": "residential", "length": 60.226625476461429, "grade": 0.015145037978743565, "slope_pct": 1.51 }, "geometry": { "type": "LineString", "coordinates": [ [ 72.834983, 19.0209876 ], [ 72.8355242, 19.0208099 ] ] } },
{ "type": "Feature", "properties": { "u": 7371013041, "v": 245661313, "key": 0, "name": "College Street", "highway": "residential", "length": 114.22649001965581, "grade": 0.012594783640976968, "slope_pct": 1.26 }, "geometry": { "type": "LineString", "coordinates": [ [ 72.834983, 19.0209876 ], [ 72.8351022, 19.0213334 ], [ 72.8352399, 19.0217328 ], [ 72.8353197, 19.0219643 ] ] } },
{ "type": "Feature", "properties": { "u": 7371013041, "v": 11052129699, "key": 0, "name": "College Street", "highway": "residential", "length": 32.694530037650054, "grade": 0.0094782467099221897, "slope_pct": 0.95 }, "geometry": { "type": "LineString", "coordinates": [ [ 72.834983, 19.0209876 ], [ 72.834907, 19.0207692 ], [ 72.8348858, 19.0207083 ] ] } },
{ "type": "Feature", "properties": { "u": 7371013042, "v": 7371013041, "key": 0, "name": null, "highway": "residential", "length": 60.226625476461429, "grade": 0.023865972753167448, "slope_pct": 2.39 }, "geometry": { "type": "LineString", "coordinates": [ [ 72.8355242, 19.0208099 ], [ 72.834983, 19.0209876 ] ] } },
{ "type": "Feature", "properties": { "u": 7371092120, "v": 6165604811, "key": 0, "name": "Lady Jamshedji Road", "highway": "primary", "length": 10.433973353102276, "grade": 0.019799327471514739, "slope_pct": 1.98 }, "geometry": { "type": "LineString", "coordinates": [ [ 72.8404096, 19.0250959 ], [ 72.8404563, 19.0251787 ] ] } },
{ "type": "Feature", "properties": { "u": 7371092120, "v": 14055485768, "key": 0, "name": "N C Kelkar Marg", "highway": "residential", "length": 6.2867373369553734, "grade": 0.0060824898668619563, "slope_pct": 0.61 }, "geometry": { "type": "LineString", "coordinates": [ [ 72.8404096, 19.0250959 ], [ 72.8403628, 19.0251311 ] ] } },
{ "type": "Feature", "properties": { "u": 7371092122, "v": 5271602088, "key": 0, "name": "Lady Jamshedji Road", "highway": "primary", "length": 160.41695033249687, "grade": 0.022106295469754084, "slope_pct": 2.21 }, "geometry": { "type": "LineString", "coordinates": [ [ 72.8413314, 19.0279598 ], [ 72.841041, 19.0265435 ] ] } },
{ "type": "Feature", "properties": { "u": 7371382974, "v": 13542895499, "key": 0, "name": null, "highway": "residential", "length": 21.406639242707406, "grade": 0.0137234863614893, "slope_pct": 1.37 }, "geometry": { "type": "LineString", "coordinates": [ [ 72.8436731, 19.0211173 ], [ 72.8434927, 19.0212066 ] ] } },
{ "type": "Feature", "properties": { "u": 7371382974, "v": 6165604823, "key": 0, "name": "Senapati Bapat Marg", "highway": "secondary", "length": 493.15265171913313, "grade": 0.022680148991670011, "slope_pct": 2.27 }, "geometry": { "type": "LineString", "coordinates": [ [ 72.8436731, 19.0211173 ], [ 72.8439445, 19.0215969 ], [ 72.8439782, 19.0216656 ], [ 72.8440935, 19.0219089 ], [ 72.8443001, 19.0223447 ], [ 72.8443304, 19.0224042 ], [ 72.8446355, 19.0230044 ], [ 72.844766, 19.0232732 ], [ 72.8448127, 19.02339 ], [ 72.844906, 19.0236224 ], [ 72.8449718, 19.023788 ], [ 72.8449824, 19.0238145 ], [ 72.8449993, 19.0238568 ], [ 72.8451999, 19.0243585 ], [ 72.8453092, 19.0246229 ], [ 72.8455399, 19.0251812 ] ] } },
{ "type": "Feature", "properties": { "u": 7371382975, "v": 13542895500, "key": 0, "name": null, "highway": "residential", "length": 2.2417102603581038, "grade": 0.020596815630840936, "slope_pct": 2.06 }, "geometry": { "type": "LineString", "coordinates": [ [ 72.8429911, 19.021452 ], [ 72.8429988, 19.0214708 ] ] } },
{ "type": "Feature", "properties": { "u": 7371382975, "v": 13542895489, "key": 0, "name": null, "highway": "residential", "length": 51.530786815874876, "grade": 0.012354697098323136, "slope_pct": 1.24 }, "geometry": { "type": "LineString", "coordinates": [ [ 72.8429911, 19.021452 ], [ 72.8431731, 19.0213648 ], [ 72.8432002, 19.0213513 ], [ 72.8433143, 19.0212949 ], [ 72.8433906, 19.0212571 ], [ 72.8434266, 19.0212393 ] ] } },
{ "type": "Feature", "properties": { "u": 7371382975, "v": 13571647016, "key": 0, "name": null, "highway": "residential", "length": 13.421229714245385, "grade": 0.0034943247830425831, "slope_pct": 0.35 }, "geometry": { "type": "LineString", "coordinates": [ [ 72.8429911, 19.021452 ], [ 72.8429349, 19.0214791 ], [ 72.8428774, 19.0215069 ] ] } },
{ "type": "Feature", "properties": { "u": 7371415286, "v": 11042119117, "key": 0, "name": null, "highway": "residential", "length": 15.698141294142745, "grade": 0.0089109019064688155, "slope_pct": 0.89 }, "geometry": { "type": "LineString", "coordinates": [ [ 72.8446688, 19.0249444 ], [ 72.8447212, 19.0250766 ] ] } },
{ "type": "Feature", "properties": { "u": 7371481513, "v": 6165604798, "key": 0, "name": "Gokhale Road", "highway": "primary", "length": 13.443722515472142, "grade": 0.014915952722539073, "slope_pct": 1.49 }, "geometry": { "type": "LineString", "coordinates": [ [ 72.8359206, 19.0188309 ], [ 72.8359669, 19.0189436 ] ] } },
{ "type": "Feature", "properties": { "u": 7371481514, "v": 245660921, "key": 0, "name": "Gokhale Road", "highway": "primary", "length": 38.649498435512477, "grade": 0.01693652083617524, "slope_pct": 1.69 }, "geometry": { "type": "LineString", "coordinates": [ [ 72.8360462, 19.018829 ], [ 72.835894, 19.0185126 ] ] } },
{ "type": "Feature", "properties": { "u": 7371481514, "v": 7371481513, "key": 0, "name": "Raobahadur S.K. Bole Marg", "highway": "primary", "length": 13.205404470759246, "grade": 0.0086735290795304509, "slope_pct": 0.87 }, "geometry": { "type": "LineString", "coordinates": [ [ 72.8360462, 19.018829 ], [ 72.8359206, 19.0188309 ] ] } },
{ "type": "Feature", "properties": { "u": 7371481515, "v": 536673200, "key": 0, "name": "Raobahadur S.K. Bole Marg", "highway": "primary", "length": 7.1577898617159672, "grade": 0.0060658336296021314, "slope_pct": 0.61 }, "geometry": { "type": "LineString", "coordinates": [ [ 72.8364813, 19.0190421 ], [ 72.8365307, 19.0190864 ] ] } },
{ "type": "Feature", "properties": { "u": 7371481515, "v": 7371481514, "key": 0, "name": "Raobahadur S.K. Bole Marg", "highway": "primary", "length": 52.66856120413712, "grade": 0.021368465209584582, "slope_pct": 2.14 }, "geometry": { "type": "LineString", "coordinates": [ [ 72.8364813, 19.0190421 ], [ 72.8363769, 19.0189523 ], [ 72.8361502, 19.018842 ], [ 72.8360462, 19.018829 ] ] } },
{ "type": "Feature", "properties": { "u": 7371481520, "v": 1531070134, "key": 0, "name": "Chhabildas Road", "highway": "residential", "length": 20.499268554367305, "grade": 0.024656847975478149, "slope_pct": 2.47 }, "geometry": { "type": "LineString", "coordinates": [ [ 72.8427242, 19.0206405 ], [ 72.8428116, 19.0208053 ] ] } },
{ "type": "Feature", "properties": { "u": 7371481520, "v": 245661113, "key": 0, "name": "Chhabildas Road", "highway": "residential", "length": 69.469275435295572, "grade": 0.01456518401065909, "slope_pct": 1.46 }, "geometry": { "type": "LineString", "coordinates": [ [ 72.8427242, 19.0206405 ], [ 72.8427036, 19.0206017 ], [ 72.8424558, 19.0202506 ], [ 72.8423656, 19.0201161 ] ] } },
{ "type": "Feature", "properties": { "u": 7371481520, "v": 7371481525, "key": 0, "name": null, "highway": "residential", "length": 122.13538558972084, "grade": 0.0067769442886626771, "slope_pct": 0.68 }, "geometry": { "type": "LineString", "coordinates": [ [ 72.8427242, 19.0206405 ], [ 72.8425619, 19.0206846 ], [ 72.8423836, 19.020683 ], [ 72.842043, 19.0206392 ], [ 72.8418995, 19.0206532 ], [ 72.8418486, 19.0206773 ], [ 72.8416789, 19.0208129 ], [ 72.8416414, 19.0208405 ] ] } },
{ "type": "Feature", "properties": { "u": 7371481525, "v": 7371481520, "key": 0, "name": null, "highway": "residential", "length": 122.13538558972085, "grade": 0.0089907611834261179, "slope_pct": 0.9 }, "geometry": { "type": "LineString", "coordinates": [ [ 72.8416414, 19.0208405 ], [ 72.8416789, 19.0208129 ], [ 72.8418486, 19.0206773 ], [ 72.8418995, 19.0206532 ], [ 72.842043, 19.0206392 ], [ 72.8423836, 19.020683 ], [ 72.8425619, 19.0206846 ], [ 72.8427242, 19.0206405 ] ] } },
{ "type": "Feature", "properties": { "u": 7371481525, "v": 245661155, "key": 0, "name": "N C Kelkar Marg", "highway": "primary", "length": 26.926558407011612, "grade": 0.0034045948840442683, "slope_pct": 0.34 }, "geometry": { "type": "LineString", "coordinates": [ [ 72.8416414, 19.0208405 ], [ 72.8415797, 19.0208013 ], [ 72.8414592, 19.0206726 ] ] } },
{ "type": "Feature", "properties": { "u": 7371481533, "v": 7371481538, "key": 0, "name": null, "highway": "living_street", "length": 20.242411407549632, "grade": 0.023114573744330978, "slope_pct": 2.31 }, "geometry": { "type": "LineString", "coordinates": [ [ 72.8404827, 19.0217146 ], [ 72.84045, 19.0215352 ] ] } },
{ "type": "Feature", "properties": { "u": 7371481533, "v": 13565683095, "key": 0, "name": null, "highway": "living_street", "length": 55.718765262856351, "grade": 0.0055905238235831054, "slope_pct": 0.56 }, "geometry": { "type": "LineString", "coordinates": [ [ 72.8404827, 19.0217146 ], [ 72.8404567, 19.0218678 ], [ 72.8403854, 19.0222071 ] ] } },
{ "type": "Feature", "properties": { "u": 7371481533, "v": 13565683099, "key": 0, "name": null, "highway": "living_street", "length": 63.925218087980582, "grade": 0.01568336246131358, "slope_pct": 1.57 }, "geometry": { "type": "LineString", "coordinates": [ [ 72.8404827, 19.0217146 ], [ 72.8406255, 19.0217007 ], [ 72.8406404, 19.0217052 ], [ 72.8406488, 19.0217177 ], [ 72.8406924, 19.0221252 ] ] } },
{ "type": "Feature", "properties": { "u": 7371481535, "v": 1645886338, "key": 0, "name": "N C Kelkar Marg", "highway": "primary", "length": 30.579047414066284, "grade": 0.0090292148551185322, "slope_pct": 0.9 }, "geometry": { "type": "LineString", "coordinates": [ [ 72.8417528, 19.021062 ], [ 72.8419635, 19.0212516 ] ] } },
{ "type": "Feature", "properties": { "u": 7371481535, "v": 13565683100, "key": 0, "name": null, "highway": "living_street", "length": 72.163187166954742, "grade": 0.015191916055347456, "slope_pct": 1.52 }, "geometry": { "type": "LineString", "coordinates": [ [ 72.8417528, 19.021062 ], [ 72.8416595, 19.0211122 ], [ 72.8415069, 19.0211968 ], [ 72.8412663, 19.0212761 ], [ 72.8411241, 19.0213128 ] ] } },
{ "type": "Feature", "properties": { "u": 7371481537, "v": 13565683100, "key": 0, "name": null, "highway": "living_street", "length": 6.1573351746500293, "grade": 0.017331248543741015, "slope_pct": 1.73 }, "geometry": { "type": "LineString", "coordinates": [ [ 72.8410679, 19.0213284 ], [ 72.8411241, 19.0213128 ] ] } },
{ "type": "Feature", "properties": { "u": 7371481537, "v": 7371481538, "key": 0, "name": null, "highway": "living_street", "length": 68.905960688001997, "grade": 0.021254319681558435, "slope_pct": 2.13 }, "geometry": { "type": "LineString", "coordinates": [ [ 72.8410679, 19.0213284 ], [ 72.84045, 19.0215352 ] ] } },
{ "type": "Feature", "properties": { "u": 7371481537, "v": 13565741206, "key": 0, "name": null, "highway": "living_street", "length": 33.115025860196972, "grade": 0.0075412679787332714, "slope_pct": 0.75 }, "geometry": { "type": "LineString", "coordinates": [ [ 72.8410679, 19.0213284 ], [ 72.840991, 19.0210396 ] ] } },
{ "type": "Feature", "properties": { "u": 7371481538, "v": 7371481533, "key": 0, "name": null, "highway": "living_street", "length": 20.242411407549632, "grade": 0.0032419082304865707, "slope_pct": 0.32 }, "geometry": { "type": "LineString", "coordinates": [ [ 72.84045, 19.0215352 ], [ 72.8404827, 19.0217146 ] ] } },
{ "type": "Feature", "properties": { "u": 7371481538, "v": 7371481537, "key": 0, "name": null, "highway": "living_street", "length": 68.905960688001997, "grade": 0.0060114838615137603, "slope_pct": 0.6 }, "geometry": { "type": "LineString", "coordinates": [ [ 72.84045, 19.0215352 ], [ 72.8410679, 19.0213284 ] ] } },
{ "type": "Feature", "properties": { "u": 7371481538, "v": 1348056619, "key": 0, "name": null, "highway": "living_street", "length": 59.448465137864673, "grade": 0.022800410120658313, "slope_pct": 2.28 }, "geometry": { "type": "LineString", "coordinates": [ [ 72.84045, 19.0215352 ], [ 72.8403316, 19.0212192 ], [ 72.8402226, 19.0210485 ] ] } },
{ "type": "Feature", "properties": { "u": 7371570190, "v": 13533480573, "key": 0, "name": "Kakasaheb Gadgil Marg", "highway": "residential", "length": 15.55460855234173, "grade": 0.022225581706375338, "slope_pct": 2.22 }, "geometry": { "type": "LineString", "coordinates": [ [ 72.8335161, 19.012598 ], [ 72.8336135, 19.0124927 ] ] } },
{ "type": "Feature", "properties": { "u": 7371570190, "v": 2444311231, "key": 0, "name": "Kakasaheb Gadgil Marg", "highway": "residential", "length": 27.961264741106021, "grade": 0.016143088247746785, "slope_pct": 1.61 }, "geometry": { "type": "LineString", "coordinates": [ [ 72.8335161, 19.012598 ], [ 72.8332855, 19.0127233 ] ] } },
{ "type": "Feature", "properties": { "u": 7371570191, "v": 7371570190, "key": 0, "name": null, "highway": "residential", "length": 38.704898461512748, "grade": 0.016211370929540374, "slope_pct": 1.62 }, "geometry": { "type": "LineString", "coordinates": [ [ 72.8334382, 19.0129382 ], [ 72.8335161, 19.012598 ] ] } },
{ "type": "Feature", "properties": { "u": 7371570191, "v": 2444311231, "key": 0, "name": "Gokhale Road", "highway": "secondary", "length": 28.787412232407753, "grade": 0.017630806840017624, "slope_pct": 1.76 }, "geometry": { "type": "LineString", "coordinates": [ [ 72.8334382, 19.0129382 ], [ 72.8332855, 19.0127233 ] ] } },
{ "type": "Feature", "properties": { "u": 7371570195, "v": 14139489717, "key": 0, "name": "Gokhale Road", "highway": "secondary", "length": 3.9420440794584457, "grade": 0.0068581681297158912, "slope_pct": 0.69 }, "geometry": { "type": "LineString", "coordinates": [ [ 72.8338006, 19.0134068 ], [ 72.8337763, 19.0133798 ] ] } },
{ "type": "Feature", "properties": { "u": 7371570212, "v": 13540690846, "key": 0, "name": null, "highway": "residential", "length": 34.111978767558398, "grade": 0.023117062810349115, "slope_pct": 2.31 }, "geometry": { "type": "LineString", "coordinates": [ [ 72.8374823, 19.0176386 ], [ 72.8374837, 19.0176543 ], [ 72.8374937, 19.0177626 ], [ 72.8374981, 19.0178104 ], [ 72.8375035, 19.0178691 ], [ 72.837507, 19.017921 ], [ 72.8375072, 19.0179444 ] ] } },
{ "type": "Feature", "properties": { "u": 7371570214, "v": 245660755, "key": 0, "name": "Professor V.S. Agashe Marg", "highway": "tertiary", "length": 19.799733086137671, "grade": 0.012212951547625611, "slope_pct": 1.22 }, "geometry": { "type": "LineString", "coordinates": [ [ 72.836642, 19.0174407 ], [ 72.8368191, 19.0173801 ] ] } },
{ "type": "Feature", "properties": { "u": 7371570214, "v": 245660818, "key": 0, "name": "Professor V.S. Agashe Marg", "highway": "tertiary", "length": 118.4588285739691, "grade": 0.011429047621488945, "slope_pct": 1.14 }, "geometry": { "type": "LineString", "coordinates": [ [ 72.836642, 19.0174407 ], [ 72.8365811, 19.0174599 ], [ 72.8364045, 19.0175128 ], [ 72.8362867, 19.0175446 ], [ 72.8362525, 19.0175551 ], [ 72.8355669, 19.0177596 ] ] } },
{ "type": "Feature", "properties": { "u": 7371570214, "v": 12069711761, "key": 0, "name": null, "highway": "residential", "length": 38.694556926326243, "grade": 0.014416189516222425, "slope_pct": 1.44 }, "geometry": { "type": "LineString", "coordinates": [ [ 72.836642, 19.0174407 ], [ 72.8366561, 19.0174818 ], [ 72.8367556, 19.0177717 ] ] } },
{ "type": "Feature", "properties": { "u": 7371570218, "v": 245661112, "key": 0, "name": "Raobahadur S.K. Bole Marg", "highway": "primary", "length": 9.7050356151881001, "grade": 0.0040332512690512108, "slope_pct": 0.4 }, "geometry": { "type": "LineString", "coordinates": [ [ 72.8386686, 19.0201401 ], [ 72.8385763, 19.0201419 ] ] } },
{ "type": "Feature", "properties": { "u": 7371570218, "v": 245661076, "key": 0, "name": "Raobahadur S.K. Bole Marg", "highway": "primary", "length": 59.22215848757012, "grade": 0.0066582341126337468, "slope_pct": 0.67 }, "geometry": { "type": "LineString", "coordinates": [ [ 72.8386686, 19.0201401 ], [ 72.8391985, 19.0199593 ] ] } },
{ "type": "Feature", "properties": { "u": 7371570218, "v": 13542925089, "key": 0, "name": "SJ Joshi Marg", "highway": "residential", "length": 98.514246818105619, "grade": 0.01923673956138015, "slope_pct": 1.92 }, "geometry": { "type": "LineString", "coordinates": [ [ 72.8386686, 19.0201401 ], [ 72.8386386, 19.0198055 ], [ 72.8386327, 19.0197391 ], [ 72.8386284, 19.0196917 ], [ 72.8386266, 19.0196586 ], [ 72.8386277, 19.0196297 ], [ 72.838632, 19.0196068 ], [ 72.8386544, 19.0195828 ], [ 72.8387083, 19.0195531 ], [ 72.8387349, 19.0195366 ], [ 72.8387476, 19.0195167 ], [ 72.8387494, 19.0194877 ], [ 72.8387288, 19.0193115 ] ] } },
{ "type": "Feature", "properties": { "u": 7371795865, "v": 245661420, "key": 0, "name": "Sir Bhalchandra Road", "highway": "residential", "length": 73.084358164941648, "grade": 0.0048215706943527826, "slope_pct": 0.48 }, "geometry": { "type": "LineString", "coordinates": [ [ 72.85016, 19.0228708 ], [ 72.8502809, 19.0229972 ], [ 72.8505078, 19.0232386 ], [ 72.850623, 19.0233611 ] ] } },
{ "type": "Feature", "properties": { "u": 7371795865, "v": 245661298, "key": 0, "name": "Sir Bhalchandra Road", "highway": "tertiary", "length": 43.35829846537807, "grade": 0.01626934640826054, "slope_pct": 1.63 }, "geometry": { "type": "LineString", "coordinates": [ [ 72.85016, 19.0228708 ], [ 72.8501188, 19.0228125 ], [ 72.8500344, 19.0226988 ], [ 72.8499194, 19.0225542 ] ] } },
{ "type": "Feature", "properties": { "u": 7371795868, "v": 7371795869, "key": 0, "name": "Lady Jehangir Road", "highway": "tertiary", "length": 36.141250353123112, "grade": 0.0083976804129890607, "slope_pct": 0.84 }, "geometry": { "type": "LineString", "coordinates": [ [ 72.8494652, 19.0233391 ], [ 72.8498021, 19.0232743 ] ] } },
{ "type": "Feature", "properties": { "u": 7371795868, "v": 7371795870, "key": 0, "name": "Lakhamasi Nappu Road", "highway": "tertiary", "length": 21.96312652322932, "grade": 0.011564503508923483, "slope_pct": 1.16 }, "geometry": { "type": "LineString", "coordinates": [ [ 72.8494652, 19.0233391 ], [ 72.849588, 19.0234989 ] ] } },
{ "type": "Feature", "properties": { "u": 7371795868, "v": 7371795880, "key": 0, "name": "Lakhamasi Nappu Road", "highway": "tertiary", "length": 51.594830111510518, "grade": 0.0093512622089553972, "slope_pct": 0.94 }, "geometry": { "type": "LineString", "coordinates": [ [ 72.8494652, 19.0233391 ], [ 72.8492036, 19.0229465 ] ] } },
{ "type": "Feature", "properties": { "u": 7371795869, "v": 1650770681, "key": 0, "name": "Lady Jehangir Road", "highway": "tertiary", "length": 44.839561191340351, "grade": 0.01082479976222888, "slope_pct": 1.08 }, "geometry": { "type": "LineString", "coordinates": [ [ 72.8498021, 19.0232743 ], [ 72.8500245, 19.0229302 ] ] } },
{ "type": "Feature", "properties": { "u": 7371795870, "v": 7371795869, "key": 0, "name": "Lady Jehangir Road", "highway": "tertiary", "length": 33.619512675920781, "grade": 0.0188190099140534, "slope_pct": 1.88 }, "geometry": { "type": "LineString", "coordinates": [ [ 72.849588, 19.0234989 ], [ 72.8498021, 19.0232743 ] ] } },
{ "type": "Feature", "properties": { "u": 7371795870, "v": 7371795868, "key": 0, "name": "Lakhamasi Nappu Road", "highway": "tertiary", "length": 21.96312652322932, "grade": 0.009536677743709851, "slope_pct": 0.95 }, "geometry": { "type": "LineString", "coordinates": [ [ 72.849588, 19.0234989 ], [ 72.8494652, 19.0233391 ] ] } },
{ "type": "Feature", "properties": { "u": 7371795870, "v": 7371796085, "key": 0, "name": "Lakhamasi Nappu Road", "highway": "tertiary", "length": 234.09836532404307, "grade": 0.015460902086531739, "slope_pct": 1.55 }, "geometry": { "type": "LineString", "coordinates": [ [ 72.849588, 19.0234989 ], [ 72.8497246, 19.0240388 ], [ 72.8497815, 19.0242917 ], [ 72.849921, 19.0247887 ], [ 72.8500865, 19.0255502 ] ] } },
{ "type": "Feature", "properties": { "u": 7371795880, "v": 7371795868, "key": 0, "name": "Lakhamasi Nappu Road", "highway": "tertiary", "length": 51.594830111510518, "grade": 0.013473108848380193, "slope_pct": 1.35 }, "geometry": { "type": "LineString", "coordinates": [ [ 72.8492036, 19.0229465 ], [ 72.8494652, 19.0233391 ] ] } },
{ "type": "Feature", "properties": { "u": 7371795880, "v": 14014178669, "key": 0, "name": "Lakhamasi Nappu Road", "highway": "tertiary", "length": 29.872415965201665, "grade": 0.017600765637978261, "slope_pct": 1.76 }, "geometry": { "type": "LineString", "coordinates": [ [ 72.8492036, 19.0229465 ], [ 72.84905, 19.022789 ], [ 72.8490459, 19.0227793 ], [ 72.8490183, 19.0227439 ] ] } },
{ "type": "Feature", "properties": { "u": 7371796085, "v": 7371795870, "key": 0, "name": "Lakhamasi Nappu Road", "highway": "tertiary", "length": 234.0983653240431, "grade": 0.023610254265144678, "slope_pct": 2.36 }, "geometry": { "type": "LineString", "coordinates": [ [ 72.8500865, 19.0255502 ], [ 72.849921, 19.0247887 ], [ 72.8497815, 19.0242917 ], [ 72.8497246, 19.0240388 ], [ 72.849588, 19.0234989 ] ] } },
{ "type": "Feature", "properties": { "u": 7371796085, "v": 13658722687, "key": 0, "name": "Bhandarkar Road", "highway": "tertiary", "length": 10.865704026557832, "grade": 0.019116586138625508, "slope_pct": 1.91 }, "geometry": { "type": "LineString", "coordinates": [ [ 72.8500865, 19.0255502 ], [ 72.8500744, 19.0256042 ], [ 72.8500807, 19.0256463 ] ] } },
{ "type": "Feature", "properties": { "u": 7371796089, "v": 536809869, "key": 0, "name": "Laxmi Narayan Lane", "highway": "residential", "length": 21.011773213735122, "grade": 0.0077286883289966494, "slope_pct": 0.77 }, "geometry": { "type": "LineString", "coordinates": [ [ 72.8516649, 19.0281875 ], [ 72.8516929, 19.0283746 ] ] } },
{ "type": "Feature", "properties": { "u": 7371796089, "v": 7371796097, "key": 0, "name": "Bhandarkar Road", "highway": "tertiary", "length": 57.329693437685272, "grade": 0.0036860289713482632, "slope_pct": 0.37 }, "geometry": { "type": "LineString", "coordinates": [ [ 72.8516649, 19.0281875 ], [ 72.8521716, 19.0279968 ] ] } },
{ "type": "Feature", "properties": { "u": 7371796089, "v": 245661960, "key": 0, "name": "Laxmi Narayan Lane", "highway": "residential", "length": 9.7205001465995924, "grade": 0.0087698089745961525, "slope_pct": 0.88 }, "geometry": { "type": "LineString", "coordinates": [ [ 72.8516649, 19.0281875 ], [ 72.8516856, 19.0281023 ] ] } },
{ "type": "Feature", "properties": { "u": 7371796091, "v": 245661781, "key": 0, "name": null, "highway": "residential", "length": 41.485463063806911, "grade": 0.016091714475405607, "slope_pct": 1.61 }, "geometry": { "type": "LineString", "coordinates": [ [ 72.8541692, 19.0272611 ], [ 72.8540381, 19.0269092 ] ] } },
{ "type": "Feature", "properties": { "u": 7371796091, "v": 7371796094, "key": 0, "name": "Bhandarkar Road", "highway": "tertiary", "length": 142.29923431355658, "grade": 0.0041313678966535079, "slope_pct": 0.41 }, "geometry": { "type": "LineString", "coordinates": [ [ 72.8541692, 19.0272611 ], [ 72.854133, 19.027274 ], [ 72.8534155, 19.0275308 ], [ 72.8532241, 19.0275993 ], [ 72.8529032, 19.0277142 ] ] } },
{ "type": "Feature", "properties": { "u": 7371796094, "v": 2446180078, "key": 0, "name": "Telang Road", "highway": "residential", "length": 4.4036327393092929, "grade": 0.0139200574384272, "slope_pct": 1.39 }, "geometry": { "type": "LineString", "coordinates": [ [ 72.8529032, 19.0277142 ], [ 72.852923, 19.0277491 ] ] } },
{ "type": "Feature", "properties": { "u": 7371796094, "v": 245661858, "key": 0, "name": "Telang Road", "highway": "residential", "length": 45.161848811391167, "grade": 0.016130542676171564, "slope_pct": 1.61 }, "geometry": { "type": "LineString", "coordinates": [ [ 72.8529032, 19.0277142 ], [ 72.8527001, 19.0273563 ] ] } },
{ "type": "Feature", "properties": { "u": 7371796094, "v": 245661960, "key": 0, "name": "Bhandarkar Road", "highway": "tertiary", "length": 135.07599283235936, "grade": 0.01035336559797314, "slope_pct": 1.04 }, "geometry": { "type": "LineString", "coordinates": [ [ 72.8529032, 19.0277142 ], [ 72.8525886, 19.0278184 ], [ 72.8516856, 19.0281023 ] ] } },
{ "type": "Feature", "properties": { "u": 7371796097, "v": 536809869, "key": 0, "name": null, "highway": "residential", "length": 65.551178229948476, "grade": 0.019960068482408083, "slope_pct": 2.0 }, "geometry": { "type": "LineString", "coordinates": [ [ 72.8521716, 19.0279968 ], [ 72.8516929, 19.0283746 ] ] } },
{ "type": "Feature", "properties": { "u": 7371796097, "v": 2446180078, "key": 0, "name": "Bhandarkar Road", "highway": "tertiary", "length": 83.652245811613554, "grade": 0.0053451615689429806, "slope_pct": 0.53 }, "geometry": { "type": "LineString", "coordinates": [ [ 72.8521716, 19.0279968 ], [ 72.8526208, 19.0278507 ], [ 72.852923, 19.0277491 ] ] } },
{ "type": "Feature", "properties": { "u": 7371810879, "v": 245660530, "key": 0, "name": "Mumbai Marathi Granth Sangrahalaya Marg", "highway": "tertiary", "length": 10.299248872332468, "grade": 0.0046530311981877927, "slope_pct": 0.47 }, "geometry": { "type": "LineString", "coordinates": [ [ 72.844829, 19.0152437 ], [ 72.8449014, 19.0151813 ] ] } },
{ "type": "Feature", "properties": { "u": 7371810879, "v": 6926174637, "key": 0, "name": null, "highway": "residential", "length": 102.57396061402568, "grade": 0.019020152636479274, "slope_pct": 1.9 }, "geometry": { "type": "LineString", "coordinates": [ [ 72.844829, 19.0152437 ], [ 72.8452284, 19.0156785 ], [ 72.8453484, 19.0155897 ], [ 72.8455171, 19.0154649 ] ] } },
{ "type": "Feature", "properties": { "u": 7371919128, "v": 245661371, "key": 0, "name": "Jam-e-Jamshed Road", "highway": "residential", "length": 73.70140522633605, "grade": 0.013900808956536368, "slope_pct": 1.39 }, "geometry": { "type": "LineString", "coordinates": [ [ 72.8529645, 19.0225747 ], [ 72.8534078, 19.0230882 ] ] } },
{ "type": "Feature", "properties": { "u": 7371919128, "v": 1650753961, "key": 0, "name": "Jam-e-Jamshed Road", "highway": "residential", "length": 152.25413668963506, "grade": 0.018144852721410195, "slope_pct": 1.81 }, "geometry": { "type": "LineString", "coordinates": [ [ 72.8529645, 19.0225747 ], [ 72.8525753, 19.0221239 ], [ 72.8525116, 19.0220501 ], [ 72.8524662, 19.0219975 ], [ 72.8524276, 19.0219528 ], [ 72.8524077, 19.0219298 ], [ 72.8523943, 19.0219142 ], [ 72.8522423, 19.0217381 ], [ 72.8520068, 19.0215532 ] ] } },
{ "type": "Feature", "properties": { "u": 7371919128, "v": 7371919129, "key": 0, "name": null, "highway": "residential", "length": 77.938464995000317, "grade": 0.012566201449282419, "slope_pct": 1.26 }, "geometry": { "type": "LineString", "coordinates": [ [ 72.8529645, 19.0225747 ], [ 72.852714, 19.0227708 ], [ 72.852391, 19.0230189 ] ] } },
{ "type": "Feature", "properties": { "u": 7371919129, "v": 7371919128, "key": 0, "name": null, "highway": "residential", "length": 77.938464995000317, "grade": 0.0084208447312603511, "slope_pct": 0.84 }, "geometry": { "type": "LineString", "coordinates": [ [ 72.852391, 19.0230189 ], [ 72.852714, 19.0227708 ], [ 72.8529645, 19.0225747 ] ] } },
{ "type": "Feature", "properties": { "u": 7371919132, "v": 7453717347, "key": 0, "name": null, "highway": "residential", "length": 33.333970824119739, "grade": 0.021020250988832395, "slope_pct": 2.1 }, "geometry": { "type": "LineString", "coordinates": [ [ 72.8519851, 19.0225855 ], [ 72.8518265, 19.0223963 ], [ 72.8518257, 19.022362 ], [ 72.8518464, 19.022348 ] ] } },
{ "type": "Feature", "properties": { "u": 7371919132, "v": 7371919135, "key": 0, "name": null, "highway": "residential", "length": 34.300495016863465, "grade": 0.020587149337317544, "slope_pct": 2.06 }, "geometry": { "type": "LineString", "coordinates": [ [ 72.8519851, 19.0225855 ], [ 72.8517881, 19.0227254 ], [ 72.8517244, 19.022771 ] ] } },
{ "type": "Feature", "properties": { "u": 7371919132, "v": 7371919134, "key": 0, "name": null, "highway": "residential", "length": 35.001811641511068, "grade": 0.018283322358797389, "slope_pct": 1.83 }, "geometry": { "type": "LineString", "coordinates": [ [ 72.8519851, 19.0225855 ], [ 72.8521138, 19.0224915 ], [ 72.8522449, 19.0223887 ] ] } },
{ "type": "Feature", "properties": { "u": 7371919133, "v": 12432861243, "key": 0, "name": null, "highway": "residential", "length": 23.846458089895517, "grade": 0.0089871930190591788, "slope_pct": 0.9 }, "geometry": { "type": "LineString", "coordinates": [ [ 72.8527216, 19.0234319 ], [ 72.8525847, 19.0232609 ] ] } },
{ "type": "Feature", "properties": { "u": 7371919133, "v": 7453717342, "key": 0, "name": null, "highway": "residential", "length": 31.827210267927637, "grade": 0.015985074671119918, "slope_pct": 1.6 }, "geometry": { "type": "LineString", "coordinates": [ [ 72.8527216, 19.0234319 ], [ 72.8529131, 19.0236536 ] ] } },
{ "type": "Feature", "properties": { "u": 7371919133, "v": 7371919136, "key": 0, "name": null, "highway": "residential", "length": 39.587613413847407, "grade": 0.010941425732680591, "slope_pct": 1.09 }, "geometry": { "type": "LineString", "coordinates": [ [ 72.8527216, 19.0234319 ], [ 72.853039, 19.0232403 ] ] } },
{ "type": "Feature", "properties": { "u": 7371919133, "v": 1179090909, "key": 0, "name": null, "highway": "residential", "length": 35.254621562294311, "grade": 0.0050148056131859515, "slope_pct": 0.5 }, "geometry": { "type": "LineString", "coordinates": [ [ 72.8527216, 19.0234319 ], [ 72.8524796, 19.0236514 ] ] } },
{ "type": "Feature", "properties": { "u": 7371919134, "v": 7371919132, "key": 0, "name": null, "highway": "residential", "length": 35.001811641511068, "grade": 0.023180898660169341, "slope_pct": 2.32 }, "geometry": { "type": "LineString", "coordinates": [ [ 72.8522449, 19.0223887 ], [ 72.8521138, 19.0224915 ], [ 72.8519851, 19.0225855 ] ] } },
{ "type": "Feature", "properties": { "u": 7371919135, "v": 1650753970, "key": 0, "name": "Dr Babasaheb Ambedkar Marg (Vincent Road)", "highway": "trunk", "length": 106.14817032037992, "grade": 0.0060100098802171511, "slope_pct": 0.6 }, "geometry": { "type": "LineString", "coordinates": [ [ 72.8517244, 19.022771 ], [ 72.8517024, 19.0227441 ], [ 72.8515398, 19.022532 ], [ 72.8511283, 19.0220005 ] ] } },
{ "type": "Feature", "properties": { "u": 7371919135, "v": 7371919132, "key": 0, "name": null, "highway": "residential", "length": 34.300495016863465, "grade": 0.023905221784057656, "slope_pct": 2.39 }, "geometry": { "type": "LineString", "coordinates": [ [ 72.8517244, 19.022771 ], [ 72.8517881, 19.0227254 ], [ 72.8519851, 19.0225855 ] ] } },
{ "type": "Feature", "properties": { "u": 7371919136, "v": 7371919133, "key": 0, "name": null, "highway": "residential", "length": 39.587613413847407, "grade": 0.012812127005075027, "slope_pct": 1.28 }, "geometry": { "type": "LineString", "coordinates": [ [ 72.853039, 19.0232403 ], [ 72.8527216, 19.0234319 ] ] } },
{ "type": "Feature", "properties": { "u": 7371979018, "v": 7371979020, "key": 0, "name": null, "highway": "residential", "length": 106.57662182980062, "grade": 0.0070729244344496329, "slope_pct": 0.71 }, "geometry": { "type": "LineString", "coordinates": [ [ 72.8528256, 19.0129583 ], [ 72.8529479, 19.0129129 ], [ 72.8532275, 19.012809 ], [ 72.8532363, 19.0128057 ], [ 72.8536714, 19.0126233 ], [ 72.8537622, 19.0125923 ] ] } },
{ "type": "Feature", "properties": { "u": 7371979020, "v": 13661562628, "key": 0, "name": "Road No 37", "highway": "residential", "length": 106.6897137091446, "grade": 0.01492182084232388, "slope_pct": 1.49 }, "geometry": { "type": "LineString", "coordinates": [ [ 72.8537622, 19.0125923 ], [ 72.8538019, 19.012721 ], [ 72.8539526, 19.0131795 ], [ 72.8540877, 19.0135003 ] ] } },
{ "type": "Feature", "properties": { "u": 7371979020, "v": 13661562620, "key": 0, "name": "Road No 37", "highway": "residential", "length": 104.60002417547237, "grade": 0.022204808389280982, "slope_pct": 2.22 }, "geometry": { "type": "LineString", "coordinates": [ [ 72.8537622, 19.0125923 ], [ 72.8537218, 19.0124421 ], [ 72.8536824, 19.0122198 ], [ 72.8536165, 19.0118504 ], [ 72.8535838, 19.0116673 ] ] } },
{ "type": "Feature", "properties": { "u": 7371979020, "v": 7371979018, "key": 0, "name": null, "highway": "residential", "length": 106.57662182980063, "grade": 0.019108947501010345, "slope_pct": 1.91 }, "geometry": { "type": "LineString", "coordinates": [ [ 72.8537622, 19.0125923 ], [ 72.8536714, 19.0126233 ], [ 72.8532363, 19.0128057 ], [ 72.8532275, 19.012809 ], [ 72.8529479, 19.0129129 ], [ 72.8528256, 19.0129583 ] ] } },
{ "type": "Feature", "properties": { "u": 7374015475, "v": 7374019688, "key": 0, "name": null, "highway": "residential", "length": 76.879009148673518, "grade": 0.020744345252951896, "slope_pct": 2.07 }, "geometry": { "type": "LineString", "coordinates": [ [ 72.8341876, 19.0194238 ], [ 72.834006, 19.0194509 ], [ 72.8335034, 19.0196561 ] ] } },
{ "type": "Feature", "properties": { "u": 7374019688, "v": 245661075, "key": 0, "name": "College Street", "highway": "residential", "length": 53.8333228156975, "grade": 0.017493234067635782, "slope_pct": 1.75 }, "geometry": { "type": "LineString", "coordinates": [ [ 72.8335034, 19.0196561 ], [ 72.8338605, 19.0200031 ] ] } },
{ "type": "Feature", "properties": { "u": 7374019688, "v": 245661014, "key": 0, "name": "College Street", "highway": "residential", "length": 77.657995875879209, "grade": 0.018230084419392757, "slope_pct": 1.82 }, "geometry": { "type": "LineString", "coordinates": [ [ 72.8335034, 19.0196561 ], [ 72.8332997, 19.0193811 ], [ 72.8330797, 19.019084 ] ] } },
{ "type": "Feature", "properties": { "u": 7374019688, "v": 7374015475, "key": 0, "name": null, "highway": "residential", "length": 76.879009148673518, "grade": 0.021682304334437026, "slope_pct": 2.17 }, "geometry": { "type": "LineString", "coordinates": [ [ 72.8335034, 19.0196561 ], [ 72.834006, 19.0194509 ], [ 72.8341876, 19.0194238 ] ] } },
{ "type": "Feature", "properties": { "u": 7374036806, "v": 6491779234, "key": 0, "name": null, "highway": "residential", "length": 109.16740990245276, "grade": 0.008492696194902092, "slope_pct": 0.85 }, "geometry": { "type": "LineString", "coordinates": [ [ 72.832814, 19.0174051 ], [ 72.8330034, 19.017538 ], [ 72.8332012, 19.0176789 ], [ 72.8332369, 19.0177043 ], [ 72.8332547, 19.017717 ], [ 72.8333617, 19.0177932 ], [ 72.8336444, 19.0179946 ] ] } },
{ "type": "Feature", "properties": { "u": 7374036806, "v": 245660688, "key": 0, "name": null, "highway": "residential", "length": 59.339298623988974, "grade": 0.01376734920014909, "slope_pct": 1.38 }, "geometry": { "type": "LineString", "coordinates": [ [ 72.832814, 19.0174051 ], [ 72.8328985, 19.0172689 ], [ 72.8329651, 19.0171617 ], [ 72.8330236, 19.0170673 ], [ 72.8330996, 19.0169448 ] ] } },
{ "type": "Feature", "properties": { "u": 7374320619, "v": 245661117, "key": 0, "name": "Lady Jehangir Road", "highway": "tertiary", "length": 66.322140875912027, "grade": 0.0078666077200312493, "slope_pct": 0.79 }, "geometry": { "type": "LineString", "coordinates": [ [ 72.8546827, 19.0195545 ], [ 72.8541704, 19.0199026 ] ] } },
{ "type": "Feature", "properties": { "u": 7374320619, "v": 245660999, "key": 0, "name": "Lady Jehangir Road", "highway": "residential", "length": 80.628841423947819, "grade": 0.024728696175926237, "slope_pct": 2.47 }, "geometry": { "type": "LineString", "coordinates": [ [ 72.8546827, 19.0195545 ], [ 72.8545613, 19.0194014 ], [ 72.8544191, 19.0192849 ], [ 72.8542573, 19.019194 ], [ 72.854081, 19.0191317 ] ] } },
{ "type": "Feature", "properties": { "u": 7374320622, "v": 536784018, "key": 0, "name": "Lady Jehangir Road", "highway": "tertiary", "length": 66.831545476385827, "grade": 0.023769305473105493, "slope_pct": 2.38 }, "geometry": { "type": "LineString", "coordinates": [ [ 72.8542044, 19.0199787 ], [ 72.8547134, 19.0196186 ] ] } },
{ "type": "Feature", "properties": { "u": 7374320622, "v": 245661117, "key": 0, "name": null, "highway": "tertiary", "length": 9.211015225036336, "grade": 0.0038673898501071298, "slope_pct": 0.39 }, "geometry": { "type": "LineString", "coordinates": [ [ 72.8542044, 19.0199787 ], [ 72.8541904, 19.0199395 ], [ 72.8541704, 19.0199026 ] ] } },
{ "type": "Feature", "properties": { "u": 7374507900, "v": 13672136778, "key": 0, "name": "Sewri Cross Road", "highway": "residential", "length": 8.8954403186420024, "grade": 0.018522653795345147, "slope_pct": 1.85 }, "geometry": { "type": "LineString", "coordinates": [ [ 72.8542947, 19.0090266 ], [ 72.8543409, 19.0089896 ], [ 72.8543543, 19.0089707 ] ] } },
{ "type": "Feature", "properties": { "u": 7374507903, "v": 12901659999, "key": 0, "name": "Road No 26", "highway": "tertiary", "length": 7.4865581670713555, "grade": 0.023355462983144649, "slope_pct": 2.34 }, "geometry": { "type": "LineString", "coordinates": [ [ 72.8545247, 19.0112603 ], [ 72.8544542, 19.0112698 ] ] } },
{ "type": "Feature", "properties": { "u": 7374507903, "v": 7374507900, "key": 0, "name": "R.A. Kidwai Marg", "highway": "tertiary", "length": 249.55452502549701, "grade": 0.0069726575928013386, "slope_pct": 0.7 }, "geometry": { "type": "LineString", "coordinates": [ [ 72.8545247, 19.0112603 ], [ 72.8544483, 19.0104566 ], [ 72.8543896, 19.0099106 ], [ 72.8543115, 19.0091835 ], [ 72.8542947, 19.0090266 ] ] } },
{ "type": "Feature", "properties": { "u": 7374507915, "v": 11046230003, "key": 0, "name": "R.A. Kidwai Marg", "highway": "tertiary", "length": 227.25744097228062, "grade": 0.015494795072157848, "slope_pct": 1.55 }, "geometry": { "type": "LineString", "coordinates": [ [ 72.8540339, 19.0087418 ], [ 72.8540634, 19.0090453 ], [ 72.8540759, 19.0092809 ], [ 72.8540781, 19.009323 ], [ 72.8540967, 19.0095242 ], [ 72.8541666, 19.0102816 ], [ 72.8541711, 19.0103158 ], [ 72.8542316, 19.0107765 ] ] } },
{ "type": "Feature", "properties": { "u": 7374507918, "v": 12901660000, "key": 0, "name": "Road No 26", "highway": "tertiary", "length": 9.341027807613747, "grade": 0.023140742546936922, "slope_pct": 2.31 }, "geometry": { "type": "LineString", "coordinates": [ [ 72.854301, 19.0113046 ], [ 72.8543874, 19.011285 ] ] } },
{ "type": "Feature", "properties": { "u": 7374507918, "v": 12901659995, "key": 0, "name": "R.A. Kidwai Marg", "highway": "tertiary", "length": 12.336319511121692, "grade": 0.0037468115288875744, "slope_pct": 0.37 }, "geometry": { "type": "LineString", "coordinates": [ [ 72.854301, 19.0113046 ], [ 72.8543223, 19.0114137 ] ] } },
{ "type": "Feature", "properties": { "u": 7374507918, "v": 13661562615, "key": 0, "name": "Road No 26", "highway": "tertiary", "length": 65.313707225925299, "grade": 0.018343245879430481, "slope_pct": 1.83 }, "geometry": { "type": "LineString", "coordinates": [ [ 72.854301, 19.0113046 ], [ 72.8539183, 19.0113915 ], [ 72.8538697, 19.0114031 ], [ 72.8537764, 19.0114244 ], [ 72.8536971, 19.0114425 ] ] } },
{ "type": "Feature", "properties": { "u": 7389083468, "v": 12774725661, "key": 0, "name": null, "highway": "tertiary", "length": 7.5895949271094958, "grade": 0.0095416781621961173, "slope_pct": 0.95 }, "geometry": { "type": "LineString", "coordinates": [ [ 72.8416336, 19.0096484 ], [ 72.8416178, 19.0095818 ] ] } },
{ "type": "Feature", "properties": { "u": 7389083468, "v": 13671745695, "key": 0, "name": "Dadasaheb Phalke Marg", "highway": "tertiary", "length": 148.04301073439038, "grade": 0.023336716298283669, "slope_pct": 2.33 }, "geometry": { "type": "LineString", "coordinates": [ [ 72.8416336, 19.0096484 ], [ 72.8416488, 19.0097376 ], [ 72.8418754, 19.0107879 ], [ 72.8419111, 19.0109536 ] ] } },
{ "type": "Feature", "properties": { "u": 7389083468, "v": 245660069, "key": 0, "name": "Dadasaheb Phalke Marg", "highway": "trunk_link", "length": 25.47454723170928, "grade": 0.024363281393638091, "slope_pct": 2.44 }, "geometry": { "type": "LineString", "coordinates": [ [ 72.8416336, 19.0096484 ], [ 72.8417731, 19.0095875 ], [ 72.8418546, 19.0095545 ] ] } },
{ "type": "Feature", "properties": { "u": 7394094895, "v": 7394094896, "key": 0, "name": "Swatantrya Veer Savarkar Marg", "highway": "secondary", "length": 43.689484359620224, "grade": 0.023773862760495548, "slope_pct": 2.38 }, "geometry": { "type": "LineString", "coordinates": [ [ 72.8362797, 19.0261985 ], [ 72.8360923, 19.0258478 ] ] } },
{ "type": "Feature", "properties": { "u": 7394094895, "v": 631537700, "key": 0, "name": "Keluskar Road South", "highway": "residential", "length": 9.244113010185993, "grade": 0.013432712766464204, "slope_pct": 1.34 }, "geometry": { "type": "LineString", "coordinates": [ [ 72.8362797, 19.0261985 ], [ 72.8362032, 19.0262395 ] ] } },
{ "type": "Feature", "properties": { "u": 7394094895, "v": 631537694, "key": 0, "name": "Keluskar Road South", "highway": "residential", "length": 195.37359236569532, "grade": 0.021964938321764896, "slope_pct": 2.2 }, "geometry": { "type": "LineString", "coordinates": [ [ 72.8362797, 19.0261985 ], [ 72.8365213, 19.0260594 ], [ 72.8374257, 19.0255343 ], [ 72.8379118, 19.0253754 ] ] } },
{ "type": "Feature", "properties": { "u": 7394094896, "v": 7394094897, "key": 0, "name": "Swatantrya Veer Savarkar Marg", "highway": "secondary", "length": 54.224893242026866, "grade": 0.02158008676777155, "slope_pct": 2.16 }, "geometry": { "type": "LineString", "coordinates": [ [ 72.8360923, 19.0258478 ], [ 72.8358579, 19.0254134 ] ] } },
{ "type": "Feature", "properties": { "u": 7394094896, "v": 1289124430, "key": 0, "name": "Dr Madhukar B. Raut Marg", "highway": "residential", "length": 201.58098251818765, "grade": 0.010020210411351625, "slope_pct": 1.0 }, "geometry": { "type": "LineString", "coordinates": [ [ 72.8360923, 19.0258478 ], [ 72.8372769, 19.0252321 ], [ 72.8377874, 19.0250015 ] ] } },
{ "type": "Feature", "properties": { "u": 7394094897, "v": 245661627, "key": 0, "name": "Ranade Road", "highway": "tertiary", "length": 11.495357928042273, "grade": 0.021236140431314901, "slope_pct": 2.12 }, "geometry": { "type": "LineString", "coordinates": [ [ 72.8358579, 19.0254134 ], [ 72.8357626, 19.0254641 ] ] } },
{ "type": "Feature", "properties": { "u": 7394094897, "v": 4364457157, "key": 0, "name": "Ranade Road", "highway": "tertiary", "length": 117.02444078457007, "grade": 0.0038141679637408378, "slope_pct": 0.38 }, "geometry": { "type": "LineString", "coordinates": [ [ 72.8358579, 19.0254134 ], [ 72.8360355, 19.0253088 ], [ 72.8368029, 19.0248571 ] ] } },
{ "type": "Feature", "properties": { "u": 7394094897, "v": 7394094898, "key": 0, "name": "Swatantrya Veer Savarkar Marg", "highway": "secondary", "length": 73.003350861147183, "grade": 0.016117937326605169, "slope_pct": 1.61 }, "geometry": { "type": "LineString", "coordinates": [ [ 72.8358579, 19.0254134 ], [ 72.835778, 19.0252773 ], [ 72.8355208, 19.0248394 ] ] } },
{ "type": "Feature", "properties": { "u": 7394094898, "v": 4364457160, "key": 0, "name": "Dr V.J. Rath Path", "highway": "residential", "length": 70.885577135060018, "grade": 0.0080601944203294688, "slope_pct": 0.81 }, "geometry": { "type": "LineString", "coordinates": [ [ 72.8355208, 19.0248394 ], [ 72.8360971, 19.0245084 ] ] } },
{ "type": "Feature", "properties": { "u": 7394094898, "v": 7394094899, "key": 0, "name": "Swatantrya Veer Savarkar Marg", "highway": "secondary", "length": 62.402356344657775, "grade": 0.0056524714871001337, "slope_pct": 0.57 }, "geometry": { "type": "LineString", "coordinates": [ [ 72.8355208, 19.0248394 ], [ 72.8352582, 19.0243361 ] ] } },
{ "type": "Feature", "properties": { "u": 7394094899, "v": 1289148286, "key": 0, "name": "Shankar Rao H. Parelkar Marg", "highway": "residential", "length": 97.664630332723192, "grade": 0.0046929704358426019, "slope_pct": 0.47 }, "geometry": { "type": "LineString", "coordinates": [ [ 72.8352582, 19.0243361 ], [ 72.8361134, 19.0239929 ] ] } },
{ "type": "Feature", "properties": { "u": 7394094899, "v": 13550913785, "key": 0, "name": "Swatantrya Veer Savarkar Marg", "highway": "secondary", "length": 79.53643524014845, "grade": 0.018318353069319077, "slope_pct": 1.83 }, "geometry": { "type": "LineString", "coordinates": [ [ 72.8352582, 19.0243361 ], [ 72.8349367, 19.0236886 ] ] } },
{ "type": "Feature", "properties": { "u": 7394094903, "v": 245661337, "key": 0, "name": "D S Babrekar Marg", "highway": "tertiary", "length": 79.991459918902819, "grade": 0.010477249202897457, "slope_pct": 1.05 }, "geometry": { "type": "LineString", "coordinates": [ [ 72.834419, 19.0226594 ], [ 72.8350392, 19.0222426 ] ] } },
{ "type": "Feature", "properties": { "u": 7394094903, "v": 245661369, "key": 0, "name": "D S Babrekar Marg", "highway": "tertiary", "length": 12.480068581172963, "grade": 0.018944868973632754, "slope_pct": 1.89 }, "geometry": { "type": "LineString", "coordinates": [ [ 72.834419, 19.0226594 ], [ 72.8343582, 19.0227558 ] ] } },
{ "type": "Feature", "properties": { "u": 7394094903, "v": 7394094906, "key": 0, "name": "Swatantrya Veer Savarkar Marg", "highway": "secondary", "length": 274.53899068456394, "grade": 0.0044378394975767323, "slope_pct": 0.44 }, "geometry": { "type": "LineString", "coordinates": [ [ 72.834419, 19.0226594 ], [ 72.8343444, 19.022535 ], [ 72.8329312, 19.020631 ] ] } },
{ "type": "Feature", "properties": { "u": 7394094906, "v": 296355514, "key": 0, "name": null, "highway": "residential", "length": 10.30544064961251, "grade": 0.0099363874322734285, "slope_pct": 0.99 }, "geometry": { "type": "LineString", "coordinates": [ [ 72.8329312, 19.020631 ], [ 72.8328455, 19.020676 ] ] } },
{ "type": "Feature", "properties": { "u": 7394094906, "v": 7442381755, "key": 0, "name": null, "highway": "residential", "length": 35.76243346104286, "grade": 0.014868808432257422, "slope_pct": 1.49 }, "geometry": { "type": "LineString", "coordinates": [ [ 72.8329312, 19.020631 ], [ 72.8332076, 19.0204435 ] ] } },
{ "type": "Feature", "properties": { "u": 7394094906, "v": 13432244320, "key": 0, "name": "Swatantrya Veer Savarkar Marg", "highway": "secondary", "length": 39.556227922709503, "grade": 0.020395909626457199, "slope_pct": 2.04 }, "geometry": { "type": "LineString", "coordinates": [ [ 72.8329312, 19.020631 ], [ 72.8327775, 19.0204566 ], [ 72.8326971, 19.0203527 ] ] } },
{ "type": "Feature", "properties": { "u": 7394094907, "v": 245661074, "key": 0, "name": "N.M. Kale Marg", "highway": "tertiary", "length": 9.7182527068699383, "grade": 0.010012555064505539, "slope_pct": 1.0 }, "geometry": { "type": "LineString", "coordinates": [ [ 72.8322861, 19.0198213 ], [ 72.8322447, 19.0198534 ], [ 72.8322146, 19.0198767 ] ] } },
{ "type": "Feature", "properties": { "u": 7394094907, "v": 245661014, "key": 0, "name": "N.M. Kale Marg", "highway": "tertiary", "length": 118.93731949543351, "grade": 0.016769610281614201, "slope_pct": 1.68 }, "geometry": { "type": "LineString", "coordinates": [ [ 72.8322861, 19.0198213 ], [ 72.832401, 19.0197316 ], [ 72.8329141, 19.0193302 ], [ 72.8329573, 19.0192976 ], [ 72.8330415, 19.0191967 ], [ 72.8330797, 19.019084 ] ] } },
{ "type": "Feature", "properties": { "u": 7434196835, "v": 10282040395, "key": 0, "name": null, "highway": "residential", "length": 9.5246854237042182, "grade": 0.022491510461196119, "slope_pct": 2.25 }, "geometry": { "type": "LineString", "coordinates": [ [ 72.8482498, 19.0104693 ], [ 72.8483393, 19.010456 ] ] } },
{ "type": "Feature", "properties": { "u": 7434196835, "v": 245660117, "key": 0, "name": "G.D. Ambedkar Marg", "highway": "secondary", "length": 7.7443904475572136, "grade": 0.0165489901400107, "slope_pct": 1.65 }, "geometry": { "type": "LineString", "coordinates": [ [ 72.8482498, 19.0104693 ], [ 72.8482768, 19.0105341 ] ] } },
{ "type": "Feature", "properties": { "u": 7438485777, "v": 245660632, "key": 0, "name": null, "highway": "residential", "length": 58.29940551353549, "grade": 0.0081251084445799447, "slope_pct": 0.81 }, "geometry": { "type": "LineString", "coordinates": [ [ 72.832414, 19.0169534 ], [ 72.8325245, 19.0167615 ], [ 72.8325822, 19.0164606 ] ] } },
{ "type": "Feature", "properties": { "u": 7438502693, "v": 245660586, "key": 0, "name": "Bhawani Shankar Marg", "highway": "secondary", "length": 19.305761603651487, "grade": 0.0035368171942438366, "slope_pct": 0.35 }, "geometry": { "type": "LineString", "coordinates": [ [ 72.8374599, 19.0159285 ], [ 72.8373702, 19.015777 ] ] } },
{ "type": "Feature", "properties": { "u": 7438502693, "v": 8692864700, "key": 0, "name": "Bhawani Shankar Marg", "highway": "secondary", "length": 51.377716747399525, "grade": 0.02214217522582046, "slope_pct": 2.21 }, "geometry": { "type": "LineString", "coordinates": [ [ 72.8374599, 19.0159285 ], [ 72.8376784, 19.0163418 ] ] } },
{ "type": "Feature", "properties": { "u": 7438502693, "v": 245660550, "key": 0, "name": "Baburao Parulekar Marg", "highway": "residential", "length": 65.910730355435845, "grade": 0.0034679270387085173, "slope_pct": 0.35 }, "geometry": { "type": "LineString", "coordinates": [ [ 72.8374599, 19.0159285 ], [ 72.8376364, 19.0157576 ], [ 72.837669, 19.015726 ], [ 72.8378926, 19.0154996 ] ] } },
{ "type": "Feature", "properties": { "u": 7442381755, "v": 245661075, "key": 0, "name": null, "highway": "residential", "length": 84.31452376677062, "grade": 0.022243436799052389, "slope_pct": 2.22 }, "geometry": { "type": "LineString", "coordinates": [ [ 72.8332076, 19.0204435 ], [ 72.8338605, 19.0200031 ] ] } },
{ "type": "Feature", "properties": { "u": 7442381755, "v": 7394094906, "key": 0, "name": null, "highway": "residential", "length": 35.76243346104286, "grade": 0.014636616948598666, "slope_pct": 1.46 }, "geometry": { "type": "LineString", "coordinates": [ [ 72.8332076, 19.0204435 ], [ 72.8329312, 19.020631 ] ] } },
{ "type": "Feature", "properties": { "u": 7442381755, "v": 13432244320, "key": 0, "name": null, "highway": "residential", "length": 73.15153339840225, "grade": 0.023659489367283716, "slope_pct": 2.37 }, "geometry": { "type": "LineString", "coordinates": [ [ 72.8332076, 19.0204435 ], [ 72.8331919, 19.0204222 ], [ 72.8330411, 19.0202184 ], [ 72.8330144, 19.0201978 ], [ 72.8329854, 19.0201879 ], [ 72.8329606, 19.0201892 ], [ 72.8327934, 19.0202929 ], [ 72.8326971, 19.0203527 ] ] } },
{ "type": "Feature", "properties": { "u": 7442452603, "v": 7442452604, "key": 0, "name": null, "highway": "residential", "length": 30.940583243200479, "grade": 0.020573231187020639, "slope_pct": 2.06 }, "geometry": { "type": "LineString", "coordinates": [ [ 72.8435666, 19.0163308 ], [ 72.8438039, 19.0164954 ] ] } },
{ "type": "Feature", "properties": { "u": 7442452603, "v": 7371810879, "key": 0, "name": "Mumbai Marathi Granth Sangrahalaya Marg", "highway": "tertiary", "length": 179.53157717177112, "grade": 0.024954550431733426, "slope_pct": 2.5 }, "geometry": { "type": "LineString", "coordinates": [ [ 72.8435666, 19.0163308 ], [ 72.8437827, 19.0161499 ], [ 72.8441076, 19.0158662 ], [ 72.8445249, 19.0155168 ], [ 72.844829, 19.0152437 ] ] } },
{ "type": "Feature", "properties": { "u": 7442452604, "v": 7442452603, "key": 0, "name": null, "highway": "residential", "length": 30.940583243200479, "grade": 0.010715659939937623, "slope_pct": 1.07 }, "geometry": { "type": "LineString", "coordinates": [ [ 72.8438039, 19.0164954 ], [ 72.8435666, 19.0163308 ] ] } },
{ "type": "Feature", "properties": { "u": 7442452604, "v": 7442452604, "key": 0, "name": null, "highway": "residential", "length": 164.1001245264633, "grade": 0.019878142356484791, "slope_pct": 1.99 }, "geometry": { "type": "LineString", "coordinates": [ [ 72.8438039, 19.0164954 ], [ 72.8438837, 19.0164758 ], [ 72.8439042, 19.0164821 ], [ 72.84417, 19.0167628 ], [ 72.8441696, 19.0167808 ], [ 72.8438507, 19.0169938 ], [ 72.8438253, 19.0169878 ], [ 72.8437304, 19.0168069 ], [ 72.8437363, 19.0167898 ], [ 72.8437844, 19.0167453 ], [ 72.8437813, 19.0167286 ], [ 72.8437071, 19.0166456 ], [ 72.8437054, 19.0166284 ], [ 72.8438039, 19.0164954 ] ] } },
{ "type": "Feature", "properties": { "u": 7442452604, "v": 7442452604, "key": 1, "name": null, "highway": "residential", "length": 164.10012452646325, "grade": 0.011842480099403328, "slope_pct": 1.18 }, "geometry": { "type": "LineString", "coordinates": [ [ 72.8438039, 19.0164954 ], [ 72.8437054, 19.0166284 ], [ 72.8437071, 19.0166456 ], [ 72.8437813, 19.0167286 ], [ 72.8437844, 19.0167453 ], [ 72.8437363, 19.0167898 ], [ 72.8437304, 19.0168069 ], [ 72.8438253, 19.0169878 ], [ 72.8438507, 19.0169938 ], [ 72.8441696, 19.0167808 ], [ 72.84417, 19.0167628 ], [ 72.8439042, 19.0164821 ], [ 72.8438837, 19.0164758 ], [ 72.8438039, 19.0164954 ] ] } },
{ "type": "Feature", "properties": { "u": 7453712173, "v": 7453712181, "key": 0, "name": "S M Jadhav Road (Road No 2)", "highway": "residential", "length": 5.2316023889224059, "grade": 0.013557263646685996, "slope_pct": 1.36 }, "geometry": { "type": "LineString", "coordinates": [ [ 72.8447318, 19.0115594 ], [ 72.844758, 19.0115994 ] ] } },
{ "type": "Feature", "properties": { "u": 7453712173, "v": 7453712176, "key": 0, "name": "S M Jadhav Road (Road No 2)", "highway": "residential", "length": 30.672759122116631, "grade": 0.016805120190804143, "slope_pct": 1.68 }, "geometry": { "type": "LineString", "coordinates": [ [ 72.8447318, 19.0115594 ], [ 72.8445768, 19.0113257 ] ] } },
{ "type": "Feature", "properties": { "u": 7453712173, "v": 7453712176, "key": 1, "name": null, "highway": "residential", "length": 148.41087916933768, "grade": 0.022220896512099454, "slope_pct": 2.22 }, "geometry": { "type": "LineString", "coordinates": [ [ 72.8447318, 19.0115594 ], [ 72.8442514, 19.0118356 ], [ 72.8440978, 19.0116097 ], [ 72.8445768, 19.0113257 ] ] } },
{ "type": "Feature", "properties": { "u": 7453712176, "v": 7453712173, "key": 0, "name": "S M Jadhav Road (Road No 2)", "highway": "residential", "length": 30.672759122116631, "grade": 0.024649836322384495, "slope_pct": 2.46 }, "geometry": { "type": "LineString", "coordinates": [ [ 72.8445768, 19.0113257 ], [ 72.8447318, 19.0115594 ] ] } },
{ "type": "Feature", "properties": { "u": 7453712176, "v": 7453712173, "key": 1, "name": null, "highway": "residential", "length": 148.41087916933768, "grade": 0.019902015105019401, "slope_pct": 1.99 }, "geometry": { "type": "LineString", "coordinates": [ [ 72.8445768, 19.0113257 ], [ 72.8440978, 19.0116097 ], [ 72.8442514, 19.0118356 ], [ 72.8447318, 19.0115594 ] ] } },
{ "type": "Feature", "properties": { "u": 7453712176, "v": 11068350822, "key": 0, "name": "S M Jadhav Road (Road No 2)", "highway": "residential", "length": 31.029224116481142, "grade": 0.012190869207681344, "slope_pct": 1.22 }, "geometry": { "type": "LineString", "coordinates": [ [ 72.8445768, 19.0113257 ], [ 72.8444215, 19.0110884 ] ] } },
{ "type": "Feature", "properties": { "u": 7453712181, "v": 245660290, "key": 0, "name": "S M Jadhav Road (Road No 2)", "highway": "residential", "length": 51.283670974607148, "grade": 0.012269854050095546, "slope_pct": 1.23 }, "geometry": { "type": "LineString", "coordinates": [ [ 72.844758, 19.0115994 ], [ 72.8450145, 19.0119917 ] ] } },
{ "type": "Feature", "properties": { "u": 7453712181, "v": 7453712173, "key": 0, "name": "S M Jadhav Road (Road No 2)", "highway": "residential", "length": 5.2316023889224059, "grade": 0.019226810634955613, "slope_pct": 1.92 }, "geometry": { "type": "LineString", "coordinates": [ [ 72.844758, 19.0115994 ], [ 72.8447318, 19.0115594 ] ] } },
{ "type": "Feature", "properties": { "u": 7453712181, "v": 7453712182, "key": 0, "name": null, "highway": "residential", "length": 73.480904807916176, "grade": 0.0082530972069026522, "slope_pct": 0.83 }, "geometry": { "type": "LineString", "coordinates": [ [ 72.844758, 19.0115994 ], [ 72.8453598, 19.0112633 ] ] } },
{ "type": "Feature", "properties": { "u": 7453712182, "v": 7453712181, "key": 0, "name": null, "highway": "residential", "length": 73.480904807916176, "grade": 0.0054304304888906831, "slope_pct": 0.54 }, "geometry": { "type": "LineString", "coordinates": [ [ 72.8453598, 19.0112633 ], [ 72.844758, 19.0115994 ] ] } },
{ "type": "Feature", "properties": { "u": 7453717285, "v": 245660116, "key": 0, "name": "B J Deorukhkar Marg", "highway": "residential", "length": 124.99806965526511, "grade": 0.010801687468097084, "slope_pct": 1.08 }, "geometry": { "type": "LineString", "coordinates": [ [ 72.8456958, 19.0095758 ], [ 72.8446512, 19.0101127 ] ] } },
{ "type": "Feature", "properties": { "u": 7453717285, "v": 245660063, "key": 0, "name": "B J Deorukhkar Marg", "highway": "residential", "length": 51.063946537669651, "grade": 0.0093192578163897987, "slope_pct": 0.93 }, "geometry": { "type": "LineString", "coordinates": [ [ 72.8456958, 19.0095758 ], [ 72.8461431, 19.0093968 ] ] } },
{ "type": "Feature", "properties": { "u": 7453717285, "v": 11070641560, "key": 0, "name": null, "highway": "residential", "length": 105.98063580722771, "grade": 0.0095187786500317839, "slope_pct": 0.95 }, "geometry": { "type": "LineString", "coordinates": [ [ 72.8456958, 19.0095758 ], [ 72.8460962, 19.0104505 ] ] } },
{ "type": "Feature", "properties": { "u": 7453717288, "v": 13671655126, "key": 0, "name": "Mumbai Marathi Granth Sangrahalaya Marg", "highway": "tertiary", "length": 35.969663910851011, "grade": 0.0081393705230980197, "slope_pct": 0.81 }, "geometry": { "type": "LineString", "coordinates": [ [ 72.8483425, 19.0128897 ], [ 72.8483179, 19.0128965 ], [ 72.8480142, 19.0129808 ] ] } },
{ "type": "Feature", "properties": { "u": 7453717288, "v": 13658722650, "key": 0, "name": "Mumbai Marathi Granth Sangrahalaya Marg", "highway": "tertiary", "length": 69.186988688845204, "grade": 0.0039260501719999615, "slope_pct": 0.39 }, "geometry": { "type": "LineString", "coordinates": [ [ 72.8483425, 19.0128897 ], [ 72.8484286, 19.0128648 ], [ 72.8489718, 19.0127076 ] ] } },
{ "type": "Feature", "properties": { "u": 7453717288, "v": 245660275, "key": 0, "name": "Road No 5", "highway": [ "living_street", "residential" ], "length": 151.06319751383478, "grade": 0.0033932265641351041, "slope_pct": 0.34 }, "geometry": { "type": "LineString", "coordinates": [ [ 72.8483425, 19.0128897 ], [ 72.848253, 19.0122137 ], [ 72.8484487, 19.0121282 ], [ 72.8489069, 19.0119372 ] ] } },
{ "type": "Feature", "properties": { "u": 7453717332, "v": 11043519234, "key": 0, "name": null, "highway": "residential", "length": 69.953957932144391, "grade": 0.024729892574192697, "slope_pct": 2.47 }, "geometry": { "type": "LineString", "coordinates": [ [ 72.8510963, 19.0224462 ], [ 72.8510417, 19.0224831 ], [ 72.8505531, 19.0228096 ] ] } },
{ "type": "Feature", "properties": { "u": 7453717332, "v": 11029957493, "key": 0, "name": "Dr Babasaheb Ambedkar Marg (Vincent Road)", "highway": "trunk", "length": 179.85394133238179, "grade": 0.012411008942188974, "slope_pct": 1.24 }, "geometry": { "type": "LineString", "coordinates": [ [ 72.8510963, 19.0224462 ], [ 72.8514038, 19.0228535 ], [ 72.8516033, 19.0230738 ], [ 72.851928, 19.0234851 ], [ 72.8521369, 19.023729 ] ] } },
{ "type": "Feature", "properties": { "u": 7453717342, "v": 7371919133, "key": 0, "name": null, "highway": "residential", "length": 31.827210267927637, "grade": 0.011455186237512998, "slope_pct": 1.15 }, "geometry": { "type": "LineString", "coordinates": [ [ 72.8529131, 19.0236536 ], [ 72.8527216, 19.0234319 ] ] } },
{ "type": "Feature", "properties": { "u": 7453717347, "v": 7371919132, "key": 0, "name": null, "highway": "residential", "length": 33.333970824119739, "grade": 0.017952240219247538, "slope_pct": 1.8 }, "geometry": { "type": "LineString", "coordinates": [ [ 72.8518464, 19.022348 ], [ 72.8518257, 19.022362 ], [ 72.8518265, 19.0223963 ], [ 72.8519851, 19.0225855 ] ] } },
{ "type": "Feature", "properties": { "u": 7466305109, "v": 245661836, "key": 0, "name": "Telang Road", "highway": "residential", "length": 62.189266467500971, "grade": 0.0078015855330314122, "slope_pct": 0.78 }, "geometry": { "type": "LineString", "coordinates": [ [ 72.8521201, 19.0265554 ], [ 72.8525219, 19.0269659 ] ] } },
{ "type": "Feature", "properties": { "u": 7466305109, "v": 12070892823, "key": 0, "name": "Bhimani Street", "highway": "residential", "length": 30.987612643112612, "grade": 0.023899146046904959, "slope_pct": 2.39 }, "geometry": { "type": "LineString", "coordinates": [ [ 72.8521201, 19.0265554 ], [ 72.8519025, 19.0267434 ] ] } },
{ "type": "Feature", "properties": { "u": 7466305109, "v": 12070892830, "key": 0, "name": "Bhimani Street", "highway": "residential", "length": 38.358330050162834, "grade": 0.020299590317142145, "slope_pct": 2.03 }, "geometry": { "type": "LineString", "coordinates": [ [ 72.8521201, 19.0265554 ], [ 72.8523818, 19.026315 ] ] } },
{ "type": "Feature", "properties": { "u": 7466305109, "v": 7466305113, "key": 0, "name": "Telang Road", "highway": "residential", "length": 68.688779434363298, "grade": 0.0049670420508697091, "slope_pct": 0.5 }, "geometry": { "type": "LineString", "coordinates": [ [ 72.8521201, 19.0265554 ], [ 72.851999, 19.0264134 ], [ 72.8516943, 19.026087 ] ] } },
{ "type": "Feature", "properties": { "u": 7466305113, "v": 12070892818, "key": 0, "name": "Matunga Station Road", "highway": "residential", "length": 29.001665459666079, "grade": 0.012186777067268426, "slope_pct": 1.22 }, "geometry": { "type": "LineString", "coordinates": [ [ 72.8516943, 19.026087 ], [ 72.8514905, 19.0262628 ] ] } },
{ "type": "Feature", "properties": { "u": 7466305113, "v": 12070892824, "key": 0, "name": "Matunga Station Road", "highway": "residential", "length": 29.178608730011788, "grade": 0.022340602766367623, "slope_pct": 2.23 }, "geometry": { "type": "LineString", "coordinates": [ [ 72.8516943, 19.026087 ], [ 72.8519031, 19.0259141 ] ] } },
{ "type": "Feature", "properties": { "u": 7466305113, "v": 245661678, "key": 0, "name": "Telang Road", "highway": "residential", "length": 65.998008762256489, "grade": 0.023784104490411028, "slope_pct": 2.38 }, "geometry": { "type": "LineString", "coordinates": [ [ 72.8516943, 19.026087 ], [ 72.8512734, 19.0256466 ] ] } },
{ "type": "Feature", "properties": { "u": 7466305113, "v": 7466305109, "key": 0, "name": "Telang Road", "highway": "residential", "length": 68.688779434363298, "grade": 0.013282833247497135, "slope_pct": 1.33 }, "geometry": { "type": "LineString", "coordinates": [ [ 72.8516943, 19.026087 ], [ 72.851999, 19.0264134 ], [ 72.8521201, 19.0265554 ] ] } },
{ "type": "Feature", "properties": { "u": 8633832446, "v": 12069646399, "key": 0, "name": "Kakasaheb Gadgil Marg", "highway": "secondary", "length": 44.269168087457935, "grade": 0.016495050562635571, "slope_pct": 1.65 }, "geometry": { "type": "LineString", "coordinates": [ [ 72.8325766, 19.0148135 ], [ 72.8328145, 19.014485 ] ] } },
{ "type": "Feature", "properties": { "u": 8633832446, "v": 10277717591, "key": 0, "name": "Kakasaheb Gadgil Marg", "highway": "secondary", "length": 39.099378233314383, "grade": 0.0066747468140256555, "slope_pct": 0.67 }, "geometry": { "type": "LineString", "coordinates": [ [ 72.8325766, 19.0148135 ], [ 72.8323964, 19.0151211 ] ] } },
{ "type": "Feature", "properties": { "u": 8633832446, "v": 12069646395, "key": 0, "name": null, "highway": "residential", "length": 53.725133107823922, "grade": 0.024805709775013486, "slope_pct": 2.48 }, "geometry": { "type": "LineString", "coordinates": [ [ 72.8325766, 19.0148135 ], [ 72.8321164, 19.0146034 ] ] } },
{ "type": "Feature", "properties": { "u": 8692864700, "v": 8692864701, "key": 0, "name": null, "highway": "residential", "length": 61.335457491383025, "grade": 0.0080967774304357559, "slope_pct": 0.81 }, "geometry": { "type": "LineString", "coordinates": [ [ 72.8376784, 19.0163418 ], [ 72.8381771, 19.0160555 ] ] } },
{ "type": "Feature", "properties": { "u": 8692864700, "v": 13536010789, "key": 0, "name": "Bhawani Shankar Marg", "highway": "secondary", "length": 22.409734087252566, "grade": 0.023740099030972767, "slope_pct": 2.37 }, "geometry": { "type": "LineString", "coordinates": [ [ 72.8376784, 19.0163418 ], [ 72.8377813, 19.0165183 ] ] } },
{ "type": "Feature", "properties": { "u": 8692864700, "v": 7438502693, "key": 0, "name": "Bhawani Shankar Marg", "highway": "secondary", "length": 51.377716747399525, "grade": 0.017292226277832109, "slope_pct": 1.73 }, "geometry": { "type": "LineString", "coordinates": [ [ 72.8376784, 19.0163418 ], [ 72.8374599, 19.0159285 ] ] } },
{ "type": "Feature", "properties": { "u": 8692864701, "v": 8692864700, "key": 0, "name": null, "highway": "residential", "length": 61.335457491383025, "grade": 0.016370209487334902, "slope_pct": 1.64 }, "geometry": { "type": "LineString", "coordinates": [ [ 72.8381771, 19.0160555 ], [ 72.8376784, 19.0163418 ] ] } },
{ "type": "Feature", "properties": { "u": 8699820416, "v": 536771058, "key": 0, "name": "Khareghat Road", "highway": "residential", "length": 71.294369823809461, "grade": 0.014279147242363191, "slope_pct": 1.43 }, "geometry": { "type": "LineString", "coordinates": [ [ 72.8521372, 19.0185405 ], [ 72.852693, 19.0181731 ] ] } },
{ "type": "Feature", "properties": { "u": 8699820416, "v": 536771058, "key": 1, "name": [ "Parsi Colony Road No 10", "Parsi Colony Road No 9" ], "highway": "residential", "length": 158.01969694732819, "grade": 0.0080747358577906922, "slope_pct": 0.81 }, "geometry": { "type": "LineString", "coordinates": [ [ 72.8521372, 19.0185405 ], [ 72.8528352, 19.0188515 ], [ 72.852693, 19.0181731 ] ] } },
{ "type": "Feature", "properties": { "u": 8699820416, "v": 13659211315, "key": 0, "name": "Khareghat Road", "highway": "residential", "length": 41.055509067640529, "grade": 0.0068836167041211819, "slope_pct": 0.69 }, "geometry": { "type": "LineString", "coordinates": [ [ 72.8521372, 19.0185405 ], [ 72.8520998, 19.0185652 ], [ 72.8518154, 19.0187497 ] ] } },
{ "type": "Feature", "properties": { "u": 8867307187, "v": 2163592436, "key": 0, "name": "Tilak Road", "highway": "primary", "length": 31.790420418924988, "grade": 0.007850696599543858, "slope_pct": 0.79 }, "geometry": { "type": "LineString", "coordinates": [ [ 72.8483932, 19.0174305 ], [ 72.8481109, 19.017533 ] ] } },
{ "type": "Feature", "properties": { "u": 8867307187, "v": 13658722788, "key": 0, "name": "Tilak Road", "highway": "primary", "length": 44.72926204961901, "grade": 0.0071016417671735995, "slope_pct": 0.71 }, "geometry": { "type": "LineString", "coordinates": [ [ 72.8483932, 19.0174305 ], [ 72.8484555, 19.0173923 ], [ 72.848752, 19.0172143 ] ] } },
{ "type": "Feature", "properties": { "u": 8898483049, "v": 245660552, "key": 0, "name": "Balaram Khedekar Marg", "highway": "residential", "length": 204.54531522251594, "grade": 0.020150858418468573, "slope_pct": 2.02 }, "geometry": { "type": "LineString", "coordinates": [ [ 72.8534426, 19.0163637 ], [ 72.8526852, 19.0157338 ], [ 72.8523358, 19.0154356 ], [ 72.8520138, 19.0151168 ] ] } },
{ "type": "Feature", "properties": { "u": 8898483049, "v": 11056093852, "key": 0, "name": "Sewri Cross Road", "highway": "residential", "length": 206.22480900098282, "grade": 0.010702755701668062, "slope_pct": 1.07 }, "geometry": { "type": "LineString", "coordinates": [ [ 72.8534426, 19.0163637 ], [ 72.8537039, 19.0158131 ], [ 72.8539614, 19.0154722 ], [ 72.854176, 19.0153099 ], [ 72.8543448, 19.0152187 ], [ 72.8544163, 19.0151801 ], [ 72.8545989, 19.0151007 ], [ 72.8547152, 19.0150508 ] ] } },
{ "type": "Feature", "properties": { "u": 8898483049, "v": 13658722661, "key": 0, "name": "Balaram Khedekar Marg", "highway": "residential", "length": 42.836596232021762, "grade": 0.00427253888439472, "slope_pct": 0.43 }, "geometry": { "type": "LineString", "coordinates": [ [ 72.8534426, 19.0163637 ], [ 72.8537536, 19.0165452 ], [ 72.8537857, 19.0165708 ] ] } },
{ "type": "Feature", "properties": { "u": 9140363049, "v": 9140646111, "key": 0, "name": null, "highway": "residential", "length": 88.264773498253135, "grade": 0.024320257863097852, "slope_pct": 2.43 }, "geometry": { "type": "LineString", "coordinates": [ [ 72.8365081, 19.0096146 ], [ 72.8362368, 19.0099038 ], [ 72.8360329, 19.0101263 ], [ 72.8359577, 19.0102139 ] ] } },
{ "type": "Feature", "properties": { "u": 9140646107, "v": 9140646111, "key": 0, "name": null, "highway": "residential", "length": 120.06723912894776, "grade": 0.022443289469195365, "slope_pct": 2.24 }, "geometry": { "type": "LineString", "coordinates": [ [ 72.8351882, 19.0110118 ], [ 72.8359577, 19.0102139 ] ] } },
{ "type": "Feature", "properties": { "u": 9140646107, "v": 5354533140, "key": 0, "name": "Senapati Bapat Marg", "highway": "primary", "length": 6.3105903530553276, "grade": 0.023410550230294685, "slope_pct": 2.34 }, "geometry": { "type": "LineString", "coordinates": [ [ 72.8351882, 19.0110118 ], [ 72.8351483, 19.0109694 ] ] } },
{ "type": "Feature", "properties": { "u": 9140646111, "v": 9140646107, "key": 0, "name": null, "highway": "residential", "length": 120.06723912894776, "grade": 0.024887972098221578, "slope_pct": 2.49 }, "geometry": { "type": "LineString", "coordinates": [ [ 72.8359577, 19.0102139 ], [ 72.8351882, 19.0110118 ] ] } },
{ "type": "Feature", "properties": { "u": 9140646111, "v": 9140363049, "key": 0, "name": null, "highway": "residential", "length": 88.26477349825312, "grade": 0.0068256954828287211, "slope_pct": 0.68 }, "geometry": { "type": "LineString", "coordinates": [ [ 72.8359577, 19.0102139 ], [ 72.8360329, 19.0101263 ], [ 72.8362368, 19.0099038 ], [ 72.8365081, 19.0096146 ] ] } },
{ "type": "Feature", "properties": { "u": 9140646111, "v": 13536267817, "key": 0, "name": null, "highway": "residential", "length": 59.322029644566605, "grade": 0.011717324415858495, "slope_pct": 1.17 }, "geometry": { "type": "LineString", "coordinates": [ [ 72.8359577, 19.0102139 ], [ 72.835979, 19.010241 ], [ 72.8362947, 19.0106418 ] ] } },
{ "type": "Feature", "properties": { "u": 9175044690, "v": 9175044691, "key": 0, "name": null, "highway": "living_street", "length": 57.007223423276869, "grade": 0.019681246465490011, "slope_pct": 1.97 }, "geometry": { "type": "LineString", "coordinates": [ [ 72.8343907, 19.0079473 ], [ 72.8347883, 19.0075987 ] ] } },
{ "type": "Feature", "properties": { "u": 9175044691, "v": 9175044690, "key": 0, "name": null, "highway": "living_street", "length": 57.007223423276869, "grade": 0.018312453597183431, "slope_pct": 1.83 }, "geometry": { "type": "LineString", "coordinates": [ [ 72.8347883, 19.0075987 ], [ 72.8343907, 19.0079473 ] ] } },
{ "type": "Feature", "properties": { "u": 9175044691, "v": 9175044696, "key": 0, "name": null, "highway": "living_street", "length": 26.692294866589027, "grade": 0.0063857099394768121, "slope_pct": 0.64 }, "geometry": { "type": "LineString", "coordinates": [ [ 72.8347883, 19.0075987 ], [ 72.834932, 19.0077966 ] ] } },
{ "type": "Feature", "properties": { "u": 9175044691, "v": 9175044706, "key": 0, "name": null, "highway": "living_street", "length": 9.6088385559689318, "grade": 0.02094832874979359, "slope_pct": 2.09 }, "geometry": { "type": "LineString", "coordinates": [ [ 72.8347883, 19.0075987 ], [ 72.8347337, 19.0075294 ] ] } },
{ "type": "Feature", "properties": { "u": 9175044693, "v": 471942852, "key": 0, "name": "Jagannath Bhatnagar Road", "highway": "secondary", "length": 65.986958826915, "grade": 0.007937692580406535, "slope_pct": 0.79 }, "geometry": { "type": "LineString", "coordinates": [ [ 72.8339853, 19.008873 ], [ 72.8334559, 19.0091918 ] ] } },
{ "type": "Feature", "properties": { "u": 9175044693, "v": 9175044696, "key": 0, "name": null, "highway": "living_street", "length": 157.9085973329569, "grade": 0.0079239875260977075, "slope_pct": 0.79 }, "geometry": { "type": "LineString", "coordinates": [ [ 72.8339853, 19.008873 ], [ 72.8341976, 19.00849 ], [ 72.8344926, 19.0081324 ], [ 72.834932, 19.0077966 ] ] } },
{ "type": "Feature", "properties": { "u": 9175044696, "v": 9175044705, "key": 0, "name": null, "highway": "living_street", "length": 37.730565112239937, "grade": 0.0148134373036551, "slope_pct": 1.48 }, "geometry": { "type": "LineString", "coordinates": [ [ 72.834932, 19.0077966 ], [ 72.8351284, 19.0080806 ] ] } },
{ "type": "Feature", "properties": { "u": 9175044696, "v": 9175044691, "key": 0, "name": null, "highway": "living_street", "length": 26.692294866589027, "grade": 0.016044678566517472, "slope_pct": 1.6 }, "geometry": { "type": "LineString", "coordinates": [ [ 72.834932, 19.0077966 ], [ 72.8347883, 19.0075987 ] ] } },
{ "type": "Feature", "properties": { "u": 9175044696, "v": 9175044693, "key": 0, "name": null, "highway": "living_street", "length": 157.9085973329569, "grade": 0.015761896572431846, "slope_pct": 1.58 }, "geometry": { "type": "LineString", "coordinates": [ [ 72.834932, 19.0077966 ], [ 72.8344926, 19.0081324 ], [ 72.8341976, 19.00849 ], [ 72.8339853, 19.008873 ] ] } },
{ "type": "Feature", "properties": { "u": 9175044705, "v": 9175044696, "key": 0, "name": null, "highway": "living_street", "length": 37.730565112239937, "grade": 0.0050127104227506072, "slope_pct": 0.5 }, "geometry": { "type": "LineString", "coordinates": [ [ 72.8351284, 19.0080806 ], [ 72.834932, 19.0077966 ] ] } },
{ "type": "Feature", "properties": { "u": 9175044705, "v": 6929407484, "key": 0, "name": null, "highway": "residential", "length": 140.72468254471795, "grade": 0.022304138977868371, "slope_pct": 2.23 }, "geometry": { "type": "LineString", "coordinates": [ [ 72.8351284, 19.0080806 ], [ 72.8345932, 19.0084151 ], [ 72.8342083, 19.0086599 ], [ 72.83416, 19.0086941 ], [ 72.8341185, 19.0087347 ], [ 72.8340615, 19.008827 ] ] } },
{ "type": "Feature", "properties": { "u": 9175044705, "v": 6929407480, "key": 0, "name": null, "highway": "residential", "length": 70.468368920007805, "grade": 0.0088432009369515344, "slope_pct": 0.88 }, "geometry": { "type": "LineString", "coordinates": [ [ 72.8351284, 19.0080806 ], [ 72.8352887, 19.0079804 ], [ 72.8354046, 19.0079079 ], [ 72.8356862, 19.0077292 ] ] } },
{ "type": "Feature", "properties": { "u": 9175044706, "v": 9175044691, "key": 0, "name": null, "highway": "living_street", "length": 9.6088385559689318, "grade": 0.0058493282682216922, "slope_pct": 0.58 }, "geometry": { "type": "LineString", "coordinates": [ [ 72.8347337, 19.0075294 ], [ 72.8347883, 19.0075987 ] ] } },
{ "type": "Feature", "properties": { "u": 9175044706, "v": 471942850, "key": 0, "name": "Fitwala Road", "highway": "residential", "length": 231.78068106170835, "grade": 0.022552457757117499, "slope_pct": 2.26 }, "geometry": { "type": "LineString", "coordinates": [ [ 72.8347337, 19.0075294 ], [ 72.8341345, 19.0077414 ], [ 72.8333888, 19.0079807 ], [ 72.8327036, 19.0083279 ] ] } },
{ "type": "Feature", "properties": { "u": 9985832424, "v": 245661765, "key": 0, "name": null, "highway": "residential", "length": 8.4682108850346598, "grade": 0.024024332961054575, "slope_pct": 2.4 }, "geometry": { "type": "LineString", "coordinates": [ [ 72.8504368, 19.0263241 ], [ 72.8504982, 19.0262748 ] ] } },
{ "type": "Feature", "properties": { "u": 9985832424, "v": 7371796089, "key": 0, "name": "Bhandarkar Road", "highway": "tertiary", "length": 248.47034450678282, "grade": 0.021966807579839914, "slope_pct": 2.2 }, "geometry": { "type": "LineString", "coordinates": [ [ 72.8504368, 19.0263241 ], [ 72.8505795, 19.0265881 ], [ 72.850806, 19.0270012 ], [ 72.8508858, 19.0271247 ], [ 72.8513099, 19.0278458 ], [ 72.851545, 19.0281562 ], [ 72.85159, 19.028183 ], [ 72.8516649, 19.0281875 ] ] } },
{ "type": "Feature", "properties": { "u": 9985832425, "v": 9985832424, "key": 0, "name": "Bhandarkar Road", "highway": "tertiary", "length": 32.015226421024998, "grade": 0.020809353643947318, "slope_pct": 2.08 }, "geometry": { "type": "LineString", "coordinates": [ [ 72.8502924, 19.0260706 ], [ 72.8504368, 19.0263241 ] ] } },
{ "type": "Feature", "properties": { "u": 9985832425, "v": 13658722706, "key": 0, "name": null, "highway": "residential", "length": 98.479805333830399, "grade": 0.017415323574058478, "slope_pct": 1.74 }, "geometry": { "type": "LineString", "coordinates": [ [ 72.8502924, 19.0260706 ], [ 72.8502504, 19.0260896 ], [ 72.8498487, 19.0262942 ], [ 72.8498302, 19.0262942 ], [ 72.8498132, 19.0262848 ], [ 72.8497138, 19.0261082 ], [ 72.8497138, 19.0260914 ], [ 72.8497202, 19.0260787 ], [ 72.8498571, 19.0260173 ] ] } },
{ "type": "Feature", "properties": { "u": 10207278292, "v": 245661059, "key": 0, "name": "Lakhamasi Nappu Road", "highway": "tertiary", "length": 22.608316688027326, "grade": 0.015118862153401066, "slope_pct": 1.51 }, "geometry": { "type": "LineString", "coordinates": [ [ 72.8455226, 19.0195774 ], [ 72.8456396, 19.019748 ] ] } },
{ "type": "Feature", "properties": { "u": 10207278292, "v": 13528895060, "key": 0, "name": null, "highway": "tertiary", "length": 53.17656570862475, "grade": 0.0049137087180510233, "slope_pct": 0.49 }, "geometry": { "type": "LineString", "coordinates": [ [ 72.8455226, 19.0195774 ], [ 72.8455159, 19.0194868 ], [ 72.8453277, 19.0192302 ], [ 72.8452541, 19.0192018 ] ] } },
{ "type": "Feature", "properties": { "u": 10211628335, "v": 245659974, "key": 0, "name": null, "highway": "residential", "length": 36.85287623026241, "grade": 0.011985970687555372, "slope_pct": 1.2 }, "geometry": { "type": "LineString", "coordinates": [ [ 72.8323316, 19.0086891 ], [ 72.8324488, 19.008585 ], [ 72.8325509, 19.0084338 ] ] } },
{ "type": "Feature", "properties": { "u": 10211628335, "v": 245660030, "key": 0, "name": "S L Matkar Road", "highway": "residential", "length": 55.959549469410817, "grade": 0.011199147374270909, "slope_pct": 1.12 }, "geometry": { "type": "LineString", "coordinates": [ [ 72.8323316, 19.0086891 ], [ 72.8324577, 19.0087266 ], [ 72.8326043, 19.0087702 ], [ 72.8328383, 19.0088432 ] ] } },
{ "type": "Feature", "properties": { "u": 10211628335, "v": 2444311214, "key": 0, "name": null, "highway": "residential", "length": 35.788306327165813, "grade": 0.0087145832427271766, "slope_pct": 0.87 }, "geometry": { "type": "LineString", "coordinates": [ [ 72.8323316, 19.0086891 ], [ 72.8325944, 19.0086119 ], [ 72.832655, 19.0085891 ] ] } },
{ "type": "Feature", "properties": { "u": 10230450595, "v": 2629791018, "key": 0, "name": null, "highway": "residential", "length": 75.603003731925369, "grade": 0.018915242501148871, "slope_pct": 1.89 }, "geometry": { "type": "LineString", "coordinates": [ [ 72.8336594, 19.0157311 ], [ 72.8338082, 19.0150659 ] ] } },
{ "type": "Feature", "properties": { "u": 10230450595, "v": 13536314782, "key": 0, "name": null, "highway": "primary", "length": 54.291724410557521, "grade": 0.013909266171732958, "slope_pct": 1.39 }, "geometry": { "type": "LineString", "coordinates": [ [ 72.8336594, 19.0157311 ], [ 72.8332482, 19.0155962 ], [ 72.8331784, 19.015557 ] ] } },
{ "type": "Feature", "properties": { "u": 10267076994, "v": 10267076995, "key": 0, "name": null, "highway": "residential", "length": 32.603335273495958, "grade": 0.0047830167499682552, "slope_pct": 0.48 }, "geometry": { "type": "LineString", "coordinates": [ [ 72.836956, 19.0207702 ], [ 72.8366796, 19.0209032 ] ] } },
{ "type": "Feature", "properties": { "u": 10267076994, "v": 6165604792, "key": 0, "name": "Gokhale Road", "highway": "primary", "length": 131.85520582189702, "grade": 0.0078440304428958503, "slope_pct": 0.78 }, "geometry": { "type": "LineString", "coordinates": [ [ 72.836956, 19.0207702 ], [ 72.8373268, 19.0213537 ], [ 72.8374347, 19.0215235 ], [ 72.8374642, 19.0215699 ], [ 72.8376082, 19.021783 ] ] } },
{ "type": "Feature", "properties": { "u": 10267076995, "v": 10267076994, "key": 0, "name": null, "highway": "residential", "length": 32.603335273495958, "grade": 0.018031692800511111, "slope_pct": 1.8 }, "geometry": { "type": "LineString", "coordinates": [ [ 72.8366796, 19.0209032 ], [ 72.836956, 19.0207702 ] ] } },
{ "type": "Feature", "properties": { "u": 10277480024, "v": 6606882583, "key": 0, "name": "Senapati Bapat Marg", "highway": "secondary", "length": 127.70899302096541, "grade": 0.0046748789087866045, "slope_pct": 0.47 }, "geometry": { "type": "LineString", "coordinates": [ [ 72.8460472, 19.0267215 ], [ 72.8463156, 19.0275301 ], [ 72.8463995, 19.0278205 ] ] } },
{ "type": "Feature", "properties": { "u": 10277480024, "v": 10277480027, "key": 0, "name": null, "highway": "residential", "length": 42.240614499134409, "grade": 0.021726552109072914, "slope_pct": 2.17 }, "geometry": { "type": "LineString", "coordinates": [ [ 72.8460472, 19.0267215 ], [ 72.8459099, 19.0267547 ], [ 72.8457652, 19.0267781 ], [ 72.8456525, 19.0267892 ] ] } },
{ "type": "Feature", "properties": { "u": 10277480027, "v": 10277480024, "key": 0, "name": null, "highway": "residential", "length": 42.240614499134409, "grade": 0.013893223594307436, "slope_pct": 1.39 }, "geometry": { "type": "LineString", "coordinates": [ [ 72.8456525, 19.0267892 ], [ 72.8457652, 19.0267781 ], [ 72.8459099, 19.0267547 ], [ 72.8460472, 19.0267215 ] ] } },
{ "type": "Feature", "properties": { "u": 10277717591, "v": 8633832446, "key": 0, "name": "Kakasaheb Gadgil Marg", "highway": "secondary", "length": 39.099378233314383, "grade": 0.013572904701186259, "slope_pct": 1.36 }, "geometry": { "type": "LineString", "coordinates": [ [ 72.8323964, 19.0151211 ], [ 72.8325766, 19.0148135 ] ] } },
{ "type": "Feature", "properties": { "u": 10277717591, "v": 245660540, "key": 0, "name": "Kakasaheb Gadgil Marg", "highway": "secondary", "length": 12.006485136740821, "grade": 0.016032971262509389, "slope_pct": 1.6 }, "geometry": { "type": "LineString", "coordinates": [ [ 72.8323964, 19.0151211 ], [ 72.8323361, 19.0152128 ] ] } },
{ "type": "Feature", "properties": { "u": 10277719235, "v": 13661562611, "key": 0, "name": "Katrak Road", "highway": "primary", "length": 12.834257013738748, "grade": 0.021142981250353281, "slope_pct": 2.11 }, "geometry": { "type": "LineString", "coordinates": [ [ 72.8527223, 19.0166483 ], [ 72.8526328, 19.0165698 ] ] } },
{ "type": "Feature", "properties": { "u": 10277719235, "v": 10277719244, "key": 0, "name": null, "highway": "primary_link", "length": 9.1367324477946585, "grade": 0.010651802573848249, "slope_pct": 1.07 }, "geometry": { "type": "LineString", "coordinates": [ [ 72.8527223, 19.0166483 ], [ 72.8526617, 19.0167072 ] ] } },
{ "type": "Feature", "properties": { "u": 10277719240, "v": 536771060, "key": 0, "name": "Sohrab Palamkote Road", "highway": "residential", "length": 15.824382467615226, "grade": 0.017916355356299398, "slope_pct": 1.79 }, "geometry": { "type": "LineString", "coordinates": [ [ 72.8538101, 19.0175579 ], [ 72.8537783, 19.0174188 ] ] } },
{ "type": "Feature", "properties": { "u": 10277719240, "v": 536771773, "key": 0, "name": "Sohrab Palamkote Road", "highway": "residential", "length": 59.415903081981973, "grade": 0.015446103207907406, "slope_pct": 1.54 }, "geometry": { "type": "LineString", "coordinates": [ [ 72.8538101, 19.0175579 ], [ 72.8539294, 19.0180802 ] ] } },
{ "type": "Feature", "properties": { "u": 10277719242, "v": 10277719240, "key": 0, "name": "Katrak Road", "highway": "primary", "length": 72.412101549018161, "grade": 0.0088746219437272691, "slope_pct": 0.89 }, "geometry": { "type": "LineString", "coordinates": [ [ 72.8532572, 19.0171724 ], [ 72.8535602, 19.0174127 ], [ 72.8538101, 19.0175579 ] ] } },
{ "type": "Feature", "properties": { "u": 10277719243, "v": 245660777, "key": 0, "name": "Dinshaw Master Road", "highway": "residential", "length": 104.09681176474, "grade": 0.022329859699813479, "slope_pct": 2.23 }, "geometry": { "type": "LineString", "coordinates": [ [ 72.8530862, 19.0170464 ], [ 72.8522919, 19.0176054 ] ] } },
{ "type": "Feature", "properties": { "u": 10277719243, "v": 13658722666, "key": 0, "name": "Katrak Road", "highway": "primary", "length": 15.553704522920764, "grade": 0.020543372475352418, "slope_pct": 2.05 }, "geometry": { "type": "LineString", "coordinates": [ [ 72.8530862, 19.0170464 ], [ 72.8532018, 19.0171337 ] ] } },
{ "type": "Feature", "properties": { "u": 10277719243, "v": 13658722663, "key": 0, "name": null, "highway": "residential", "length": 11.186225233331527, "grade": 0.017485940362485363, "slope_pct": 1.75 }, "geometry": { "type": "LineString", "coordinates": [ [ 72.8530862, 19.0170464 ], [ 72.8531534, 19.0169684 ] ] } },
{ "type": "Feature", "properties": { "u": 10277719244, "v": 13661562612, "key": 0, "name": "Katrak Road", "highway": "primary", "length": 24.169398445297766, "grade": 0.021712798040073322, "slope_pct": 2.17 }, "geometry": { "type": "LineString", "coordinates": [ [ 72.8526617, 19.0167072 ], [ 72.8528373, 19.0168475 ] ] } },
{ "type": "Feature", "properties": { "u": 10277719244, "v": 10277719235, "key": 0, "name": null, "highway": "primary_link", "length": 9.1367324477946585, "grade": 0.022080472421115653, "slope_pct": 2.21 }, "geometry": { "type": "LineString", "coordinates": [ [ 72.8526617, 19.0167072 ], [ 72.8527223, 19.0166483 ] ] } },
{ "type": "Feature", "properties": { "u": 10282040378, "v": 2258304448, "key": 0, "name": "Dr Babasaheb Ambedkar Marg (Vincent Road)", "highway": "trunk", "length": 46.813654115435938, "grade": 0.018583985487730766, "slope_pct": 1.86 }, "geometry": { "type": "LineString", "coordinates": [ [ 72.8415903, 19.0091243 ], [ 72.841599, 19.0091439 ], [ 72.8416113, 19.0091712 ], [ 72.841807, 19.0094917 ] ] } },
{ "type": "Feature", "properties": { "u": 10282040378, "v": 12774725661, "key": 0, "name": null, "highway": "tertiary", "length": 51.580619825741429, "grade": 0.021414293224000788, "slope_pct": 2.14 }, "geometry": { "type": "LineString", "coordinates": [ [ 72.8415903, 19.0091243 ], [ 72.8415653, 19.0092803 ], [ 72.8415812, 19.0094273 ], [ 72.8415902, 19.0094655 ], [ 72.8416178, 19.0095818 ] ] } },
{ "type": "Feature", "properties": { "u": 10282040381, "v": 13661562605, "key": 0, "name": null, "highway": "primary_link", "length": 6.5282331272733405, "grade": 0.018344372156724242, "slope_pct": 1.83 }, "geometry": { "type": "LineString", "coordinates": [ [ 72.8516276, 19.0157318 ], [ 72.8516759, 19.0156949 ] ] } },
{ "type": "Feature", "properties": { "u": 10282040381, "v": 13661562608, "key": 0, "name": "Katrak Road", "highway": "primary", "length": 84.23549525535725, "grade": 0.017963096978726611, "slope_pct": 1.8 }, "geometry": { "type": "LineString", "coordinates": [ [ 72.8516276, 19.0157318 ], [ 72.8519297, 19.0160344 ], [ 72.8520989, 19.0162028 ], [ 72.8521816, 19.016279 ] ] } },
{ "type": "Feature", "properties": { "u": 10282040383, "v": 13658722780, "key": 0, "name": "Tilak Road Extension", "highway": "primary", "length": 6.1752156605101103, "grade": 0.016609450320734055, "slope_pct": 1.66 }, "geometry": { "type": "LineString", "coordinates": [ [ 72.8514389, 19.0154587 ], [ 72.8514026, 19.0154846 ], [ 72.8513945, 19.0154904 ], [ 72.8513919, 19.015492 ] ] } },
{ "type": "Feature", "properties": { "u": 10282040383, "v": 13661562604, "key": 0, "name": "G.D. Ambedkar Marg", "highway": "secondary", "length": 200.56288637956243, "grade": 0.019559766070268107, "slope_pct": 1.96 }, "geometry": { "type": "LineString", "coordinates": [ [ 72.8514389, 19.0154587 ], [ 72.8512414, 19.0152595 ], [ 72.8511057, 19.0151415 ], [ 72.8509399, 19.0149701 ], [ 72.8506621, 19.0146538 ], [ 72.8504884, 19.0144299 ], [ 72.850253, 19.0140558 ] ] } },
{ "type": "Feature", "properties": { "u": 10282040392, "v": 13658722657, "key": 0, "name": "G.D. Ambedkar Marg", "highway": "secondary", "length": 9.29726428202164, "grade": 0.0064893123164476221, "slope_pct": 0.65 }, "geometry": { "type": "LineString", "coordinates": [ [ 72.8493393, 19.0126485 ], [ 72.8493013, 19.012573 ] ] } },
{ "type": "Feature", "properties": { "u": 10282040392, "v": 13658722651, "key": 0, "name": "Road No 26", "highway": "tertiary", "length": 14.154030360935927, "grade": 0.022379156702376425, "slope_pct": 2.24 }, "geometry": { "type": "LineString", "coordinates": [ [ 72.8493393, 19.0126485 ], [ 72.8493833, 19.0126314 ], [ 72.8494439, 19.0125723 ] ] } },
{ "type": "Feature", "properties": { "u": 10282040395, "v": 13671676540, "key": 0, "name": "G.D. Ambedkar Marg", "highway": "secondary", "length": 7.0723242707842875, "grade": 0.022180557610395106, "slope_pct": 2.22 }, "geometry": { "type": "LineString", "coordinates": [ [ 72.8483393, 19.010456 ], [ 72.8483134, 19.0103973 ] ] } },
{ "type": "Feature", "properties": { "u": 10282040400, "v": 245659919, "key": 0, "name": "Bhoiwada Samshan Bhoomi Road", "highway": "residential", "length": 9.1476161634807447, "grade": 0.0036434402267603015, "slope_pct": 0.36 }, "geometry": { "type": "LineString", "coordinates": [ [ 72.8472558, 19.0076743 ], [ 72.8471717, 19.0076954 ] ] } },
{ "type": "Feature", "properties": { "u": 10536657610, "v": 6929407478, "key": 0, "name": null, "highway": "residential", "length": 201.30753083993108, "grade": 0.021167968512424779, "slope_pct": 2.12 }, "geometry": { "type": "LineString", "coordinates": [ [ 72.834169, 19.0088321 ], [ 72.8342642, 19.0088189 ], [ 72.8352852, 19.0081856 ], [ 72.8357918, 19.0078861 ] ] } },
{ "type": "Feature", "properties": { "u": 10578361567, "v": 10578361568, "key": 0, "name": null, "highway": "residential", "length": 48.644746719811039, "grade": 0.0058351370844157945, "slope_pct": 0.58 }, "geometry": { "type": "LineString", "coordinates": [ [ 72.8495499, 19.0258931 ], [ 72.8493696, 19.0254902 ] ] } },
{ "type": "Feature", "properties": { "u": 10578361568, "v": 10578361567, "key": 0, "name": null, "highway": "residential", "length": 48.644746719811039, "grade": 0.010372614793701123, "slope_pct": 1.04 }, "geometry": { "type": "LineString", "coordinates": [ [ 72.8493696, 19.0254902 ], [ 72.8495499, 19.0258931 ] ] } },
{ "type": "Feature", "properties": { "u": 10578361568, "v": 6862284569, "key": 0, "name": null, "highway": "residential", "length": 57.790827768537383, "grade": 0.01935718163841537, "slope_pct": 1.94 }, "geometry": { "type": "LineString", "coordinates": [ [ 72.8493696, 19.0254902 ], [ 72.8492547, 19.0255627 ], [ 72.8492298, 19.0255634 ], [ 72.8491972, 19.0255479 ], [ 72.8490025, 19.0252727 ] ] } },
{ "type": "Feature", "properties": { "u": 10578361568, "v": 6862284569, "key": 1, "name": "Khareghat Road", "highway": "residential", "length": 62.555839332607476, "grade": 0.0065367177130627807, "slope_pct": 0.65 }, "geometry": { "type": "LineString", "coordinates": [ [ 72.8493696, 19.0254902 ], [ 72.8491804, 19.0251709 ], [ 72.8490025, 19.0252727 ] ] } },
{ "type": "Feature", "properties": { "u": 10578361570, "v": 6862284572, "key": 0, "name": null, "highway": "residential", "length": 33.594351711343073, "grade": 0.020995274530619369, "slope_pct": 2.1 }, "geometry": { "type": "LineString", "coordinates": [ [ 72.8487466, 19.0244992 ], [ 72.8485708, 19.0242469 ] ] } },
{ "type": "Feature", "properties": { "u": 10578361570, "v": 13658722725, "key": 0, "name": null, "highway": "residential", "length": 21.556308652962485, "grade": 0.021306951915070323, "slope_pct": 2.13 }, "geometry": { "type": "LineString", "coordinates": [ [ 72.8487466, 19.0244992 ], [ 72.8485796, 19.0246117 ] ] } },
{ "type": "Feature", "properties": { "u": 10578361570, "v": 13658722723, "key": 0, "name": null, "highway": "residential", "length": 50.648362397596372, "grade": 0.014164290142738397, "slope_pct": 1.42 }, "geometry": { "type": "LineString", "coordinates": [ [ 72.8487466, 19.0244992 ], [ 72.848898, 19.0247027 ], [ 72.8487103, 19.0248087 ] ] } },
{ "type": "Feature", "properties": { "u": 10617498617, "v": 1490200632, "key": 0, "name": "Bhawani Shankar Marg", "highway": "secondary", "length": 37.480920212280601, "grade": 0.003140489177770339, "slope_pct": 0.31 }, "geometry": { "type": "LineString", "coordinates": [ [ 72.840099, 19.0186582 ], [ 72.8401147, 19.0187134 ], [ 72.840356, 19.0188756 ] ] } },
{ "type": "Feature", "properties": { "u": 10617498617, "v": 2247988294, "key": 0, "name": "Bhawani Shankar Marg", "highway": "secondary", "length": 20.043717812536958, "grade": 0.0093148389298480828, "slope_pct": 0.93 }, "geometry": { "type": "LineString", "coordinates": [ [ 72.840099, 19.0186582 ], [ 72.8399777, 19.0185594 ], [ 72.8399545, 19.0185406 ] ] } },
{ "type": "Feature", "properties": { "u": 10617808476, "v": 1289110957, "key": 0, "name": "Dr Madhukar B. Raut Marg", "highway": "residential", "length": 10.153793456720072, "grade": 0.016572392204266331, "slope_pct": 1.66 }, "geometry": { "type": "LineString", "coordinates": [ [ 72.8397849, 19.0255655 ], [ 72.8398478, 19.0256348 ] ] } },
{ "type": "Feature", "properties": { "u": 10617808476, "v": 10617808477, "key": 0, "name": "N C Kelkar Marg", "highway": "residential", "length": 57.363566652479093, "grade": 0.024586095916603316, "slope_pct": 2.46 }, "geometry": { "type": "LineString", "coordinates": [ [ 72.8397849, 19.0255655 ], [ 72.8394031, 19.0258816 ], [ 72.8393744, 19.0259054 ] ] } },
{ "type": "Feature", "properties": { "u": 10617808477, "v": 631537694, "key": 0, "name": "Keluskar Road South", "highway": "residential", "length": 170.48877289169144, "grade": 0.016899897594366706, "slope_pct": 1.69 }, "geometry": { "type": "LineString", "coordinates": [ [ 72.8393744, 19.0259054 ], [ 72.838945, 19.0255798 ], [ 72.8386911, 19.025464 ], [ 72.8383623, 19.0253867 ], [ 72.8379118, 19.0253754 ] ] } },
{ "type": "Feature", "properties": { "u": 10617808477, "v": 631537709, "key": 0, "name": "Keluskar Road South", "highway": "residential", "length": 9.8336662196985891, "grade": 0.0087156787834115172, "slope_pct": 0.87 }, "geometry": { "type": "LineString", "coordinates": [ [ 72.8393744, 19.0259054 ], [ 72.8393987, 19.0259299 ], [ 72.8394105, 19.0259418 ], [ 72.8394384, 19.0259699 ] ] } },
{ "type": "Feature", "properties": { "u": 10628394017, "v": 245661418, "key": 0, "name": "S K S Marg", "highway": "residential", "length": 91.140803959715271, "grade": 0.016948125468191452, "slope_pct": 1.69 }, "geometry": { "type": "LineString", "coordinates": [ [ 72.8342577, 19.0229321 ], [ 72.8342461, 19.0229406 ], [ 72.8340888, 19.0230559 ], [ 72.8339094, 19.0231874 ], [ 72.8335725, 19.0234343 ] ] } },
{ "type": "Feature", "properties": { "u": 10628394017, "v": 13421207902, "key": 0, "name": null, "highway": "residential", "length": 18.625118754362692, "grade": 0.014879678353748822, "slope_pct": 1.49 }, "geometry": { "type": "LineString", "coordinates": [ [ 72.8342577, 19.0229321 ], [ 72.8343517, 19.0228967 ], [ 72.8343851, 19.0228823 ], [ 72.8344206, 19.0228664 ] ] } },
{ "type": "Feature", "properties": { "u": 10722794863, "v": 5122630382, "key": 0, "name": null, "highway": "tertiary", "length": 403.37962845451381, "grade": 0.020156598693325159, "slope_pct": 2.02 }, "geometry": { "type": "LineString", "coordinates": [ [ 72.8456053, 19.0235912 ], [ 72.8451074, 19.0223369 ], [ 72.8449559, 19.0219515 ], [ 72.8441002, 19.0203041 ], [ 72.8440743, 19.0202706 ] ] } },
{ "type": "Feature", "properties": { "u": 10722794863, "v": 10722794865, "key": 0, "name": null, "highway": "unclassified", "length": 187.48108456531645, "grade": 0.0053535740541930856, "slope_pct": 0.54 }, "geometry": { "type": "LineString", "coordinates": [ [ 72.8456053, 19.0235912 ], [ 72.8458551, 19.0242249 ], [ 72.8462332, 19.0251693 ] ] } },
{ "type": "Feature", "properties": { "u": 10722794865, "v": 10722794863, "key": 0, "name": null, "highway": "unclassified", "length": 187.48108456531645, "grade": 0.019742613855044618, "slope_pct": 1.97 }, "geometry": { "type": "LineString", "coordinates": [ [ 72.8462332, 19.0251693 ], [ 72.8458551, 19.0242249 ], [ 72.8456053, 19.0235912 ] ] } },
{ "type": "Feature", "properties": { "u": 10877430387, "v": 1645876435, "key": 0, "name": "Moreshwar Chintaman Jawle Marg", "highway": "primary_link", "length": 20.178945578688804, "grade": 0.014907864730874427, "slope_pct": 1.49 }, "geometry": { "type": "LineString", "coordinates": [ [ 72.8417187, 19.0180589 ], [ 72.8418398, 19.0179181 ] ] } },
{ "type": "Feature", "properties": { "u": 10877430387, "v": 1645876450, "key": 0, "name": null, "highway": "primary", "length": 98.318365694254268, "grade": 0.024185824084897882, "slope_pct": 2.42 }, "geometry": { "type": "LineString", "coordinates": [ [ 72.8417187, 19.0180589 ], [ 72.842056, 19.0184445 ], [ 72.8422564, 19.0187783 ] ] } },
{ "type": "Feature", "properties": { "u": 10877430387, "v": 1490200676, "key": 0, "name": "Moreshwar Chintaman Jawle Marg", "highway": "primary", "length": 151.81581648263554, "grade": 0.010521187652851094, "slope_pct": 1.05 }, "geometry": { "type": "LineString", "coordinates": [ [ 72.8417187, 19.0180589 ], [ 72.8415477, 19.0181864 ], [ 72.8408179, 19.018724 ], [ 72.8405557, 19.0188641 ] ] } },
{ "type": "Feature", "properties": { "u": 10877441444, "v": 10230450595, "key": 0, "name": null, "highway": "primary", "length": 96.610887862639942, "grade": 0.016917681648946858, "slope_pct": 1.69 }, "geometry": { "type": "LineString", "coordinates": [ [ 72.834566, 19.0158733 ], [ 72.8336594, 19.0157311 ] ] } },
{ "type": "Feature", "properties": { "u": 10877441446, "v": 10877451381, "key": 0, "name": "Gokhale Road", "highway": "secondary", "length": 14.771720604107186, "grade": 0.023504618321220385, "slope_pct": 2.35 }, "geometry": { "type": "LineString", "coordinates": [ [ 72.8346469, 19.0157809 ], [ 72.8346962, 19.0159053 ] ] } },
{ "type": "Feature", "properties": { "u": 10877441446, "v": 10877441444, "key": 0, "name": null, "highway": "primary_link", "length": 13.615947143322602, "grade": 0.0052552140157949437, "slope_pct": 0.53 }, "geometry": { "type": "LineString", "coordinates": [ [ 72.8346469, 19.0157809 ], [ 72.8346196, 19.0158302 ], [ 72.8345951, 19.0158539 ], [ 72.834566, 19.0158733 ] ] } },
{ "type": "Feature", "properties": { "u": 10877451381, "v": 2442886089, "key": 0, "name": "Gokhale Road", "highway": "primary", "length": 8.7045913168301876, "grade": 0.023619026719201925, "slope_pct": 2.36 }, "geometry": { "type": "LineString", "coordinates": [ [ 72.8346962, 19.0159053 ], [ 72.8347261, 19.0159783 ] ] } },
{ "type": "Feature", "properties": { "u": 10877451381, "v": 10877441444, "key": 0, "name": null, "highway": "primary", "length": 14.142475827127509, "grade": 0.018133485890617897, "slope_pct": 1.81 }, "geometry": { "type": "LineString", "coordinates": [ [ 72.8346962, 19.0159053 ], [ 72.834566, 19.0158733 ] ] } },
{ "type": "Feature", "properties": { "u": 10877451382, "v": 10877451381, "key": 0, "name": null, "highway": "primary", "length": 13.103819234872127, "grade": 0.0044924153003137821, "slope_pct": 0.45 }, "geometry": { "type": "LineString", "coordinates": [ [ 72.8348172, 19.0159336 ], [ 72.8346962, 19.0159053 ] ] } },
{ "type": "Feature", "properties": { "u": 10877451382, "v": 536673794, "key": 0, "name": "Gokhale Road", "highway": "secondary", "length": 35.706779838962142, "grade": 0.0096211984728299584, "slope_pct": 0.96 }, "geometry": { "type": "LineString", "coordinates": [ [ 72.8348172, 19.0159336 ], [ 72.8346983, 19.0156328 ] ] } },
{ "type": "Feature", "properties": { "u": 10877451384, "v": 10877451386, "key": 0, "name": "Baburao Parulekar Marg", "highway": "residential", "length": 14.323243918479006, "grade": 0.018579785950196197, "slope_pct": 1.86 }, "geometry": { "type": "LineString", "coordinates": [ [ 72.8350047, 19.0160909 ], [ 72.8348704, 19.0160692 ] ] } },
{ "type": "Feature", "properties": { "u": 10877451384, "v": 13537069078, "key": 0, "name": "Baburao Parulekar Marg", "highway": "residential", "length": 131.00738661484505, "grade": 0.0044817132323129779, "slope_pct": 0.45 }, "geometry": { "type": "LineString", "coordinates": [ [ 72.8350047, 19.0160909 ], [ 72.8351488, 19.0161028 ], [ 72.835659, 19.0161451 ], [ 72.8360103, 19.0161607 ], [ 72.8362406, 19.0161051 ] ] } },
{ "type": "Feature", "properties": { "u": 10877451385, "v": 10877451386, "key": 0, "name": "Gokhale Road", "highway": "primary", "length": 12.840105580829116, "grade": 0.015807750123878014, "slope_pct": 1.58 }, "geometry": { "type": "LineString", "coordinates": [ [ 72.8349158, 19.0161764 ], [ 72.8348704, 19.0160692 ] ] } },
{ "type": "Feature", "properties": { "u": 10877451385, "v": 10877451384, "key": 0, "name": "Baburao Parulekar Marg", "highway": "residential", "length": 13.331540080377163, "grade": 0.010609427252965049, "slope_pct": 1.06 }, "geometry": { "type": "LineString", "coordinates": [ [ 72.8349158, 19.0161764 ], [ 72.8350047, 19.0160909 ] ] } },
{ "type": "Feature", "properties": { "u": 10877451386, "v": 245660595, "key": 0, "name": "Gokhale Road", "highway": "primary", "length": 7.5467019517157192, "grade": 0.016660141390884498, "slope_pct": 1.67 }, "geometry": { "type": "LineString", "coordinates": [ [ 72.8348704, 19.0160692 ], [ 72.8348437, 19.0160062 ] ] } },
{ "type": "Feature", "properties": { "u": 11023548623, "v": 6429079591, "key": 0, "name": "Gokhale Road", "highway": "primary", "length": 36.764304132026744, "grade": 0.0040063247438752829, "slope_pct": 0.4 }, "geometry": { "type": "LineString", "coordinates": [ [ 72.836014, 19.0190416 ], [ 72.8361587, 19.0193426 ] ] } },
{ "type": "Feature", "properties": { "u": 11023548623, "v": 6165603880, "key": 0, "name": "V Manjrekar Marg", "highway": "residential", "length": 42.403590639166779, "grade": 0.022173809735352278, "slope_pct": 2.22 }, "geometry": { "type": "LineString", "coordinates": [ [ 72.836014, 19.0190416 ], [ 72.8359947, 19.019119 ], [ 72.8358884, 19.0194036 ] ] } },
{ "type": "Feature", "properties": { "u": 11023548634, "v": 6574207446, "key": 0, "name": "Raobahadur S.K. Bole Marg", "highway": "primary", "length": 108.58876179595106, "grade": 0.024416757321902734, "slope_pct": 2.44 }, "geometry": { "type": "LineString", "coordinates": [ [ 72.8355503, 19.0184959 ], [ 72.8350076, 19.018584 ], [ 72.8345315, 19.0186569 ] ] } },
{ "type": "Feature", "properties": { "u": 11023548634, "v": 2442886101, "key": 0, "name": "Raobahadur S.K. Bole Marg", "highway": "primary", "length": 25.071828610798875, "grade": 0.024315312816285215, "slope_pct": 2.43 }, "geometry": { "type": "LineString", "coordinates": [ [ 72.8355503, 19.0184959 ], [ 72.835599, 19.0185081 ], [ 72.8357847, 19.0185365 ] ] } },
{ "type": "Feature", "properties": { "u": 11029940637, "v": 11029940641, "key": 0, "name": null, "highway": "residential", "length": 127.63680579349796, "grade": 0.019492340298344346, "slope_pct": 1.95 }, "geometry": { "type": "LineString", "coordinates": [ [ 72.8542288, 19.0281851 ], [ 72.8540616, 19.0280521 ], [ 72.8539843, 19.0280293 ], [ 72.8539099, 19.0280204 ], [ 72.8531575, 19.0283729 ] ] } },
{ "type": "Feature", "properties": { "u": 11029940641, "v": 2446180078, "key": 0, "name": "Telang Road", "highway": "residential", "length": 73.675080402706683, "grade": 0.0058618972828739036, "slope_pct": 0.59 }, "geometry": { "type": "LineString", "coordinates": [ [ 72.8531575, 19.0283729 ], [ 72.8530401, 19.0281008 ], [ 72.852923, 19.0277491 ] ] } },
{ "type": "Feature", "properties": { "u": 11029940641, "v": 11029940637, "key": 0, "name": null, "highway": "residential", "length": 127.63680579349796, "grade": 0.019681790310438499, "slope_pct": 1.97 }, "geometry": { "type": "LineString", "coordinates": [ [ 72.8531575, 19.0283729 ], [ 72.8539099, 19.0280204 ], [ 72.8539843, 19.0280293 ], [ 72.8540616, 19.0280521 ], [ 72.8542288, 19.0281851 ] ] } },
{ "type": "Feature", "properties": { "u": 11029957493, "v": 245661511, "key": 0, "name": "Dr Babasaheb Ambedkar Marg (Vincent Road)", "highway": "trunk", "length": 94.61862706084429, "grade": 0.0035409121620936334, "slope_pct": 0.35 }, "geometry": { "type": "LineString", "coordinates": [ [ 72.8521369, 19.023729 ], [ 72.8524718, 19.0241201 ], [ 72.852717, 19.0243793 ] ] } },
{ "type": "Feature", "properties": { "u": 11029957493, "v": 11029957494, "key": 0, "name": null, "highway": "residential", "length": 48.224832205434673, "grade": 0.0034867181336379399, "slope_pct": 0.35 }, "geometry": { "type": "LineString", "coordinates": [ [ 72.8521369, 19.023729 ], [ 72.8520923, 19.0237611 ], [ 72.8517562, 19.0239708 ] ] } },
{ "type": "Feature", "properties": { "u": 11029957494, "v": 11029957493, "key": 0, "name": null, "highway": "residential", "length": 48.224832205434673, "grade": 0.010119424821289908, "slope_pct": 1.01 }, "geometry": { "type": "LineString", "coordinates": [ [ 72.8517562, 19.0239708 ], [ 72.8520923, 19.0237611 ], [ 72.8521369, 19.023729 ] ] } },
{ "type": "Feature", "properties": { "u": 11032149185, "v": 536673200, "key": 0, "name": "Raobahadur S.K. Bole Marg", "highway": "primary", "length": 32.424293680453303, "grade": 0.013750150188902646, "slope_pct": 1.38 }, "geometry": { "type": "LineString", "coordinates": [ [ 72.8367816, 19.019256 ], [ 72.8365307, 19.0190864 ] ] } },
{ "type": "Feature", "properties": { "u": 11032149185, "v": 245661055, "key": 0, "name": "V R C Bhide Marg", "highway": "residential", "length": 78.49165446610931, "grade": 0.019948963191771453, "slope_pct": 1.99 }, "geometry": { "type": "LineString", "coordinates": [ [ 72.8367816, 19.019256 ], [ 72.8372956, 19.018744 ] ] } },
{ "type": "Feature", "properties": { "u": 11032149185, "v": 13543220376, "key": 0, "name": "Raobahadur S.K. Bole Marg", "highway": "primary", "length": 53.241587766051737, "grade": 0.018032498285343115, "slope_pct": 1.8 }, "geometry": { "type": "LineString", "coordinates": [ [ 72.8367816, 19.019256 ], [ 72.8369124, 19.019349 ], [ 72.8371866, 19.0195435 ] ] } },
{ "type": "Feature", "properties": { "u": 11036603529, "v": 10877451385, "key": 0, "name": "Gokhale Road", "highway": "primary", "length": 73.783432296229179, "grade": 0.012809859540288463, "slope_pct": 1.28 }, "geometry": { "type": "LineString", "coordinates": [ [ 72.8351767, 19.0167924 ], [ 72.8349158, 19.0161764 ] ] } },
{ "type": "Feature", "properties": { "u": 11036603529, "v": 11036603532, "key": 0, "name": null, "highway": "residential", "length": 70.434165252687023, "grade": 0.0090197866581966501, "slope_pct": 0.9 }, "geometry": { "type": "LineString", "coordinates": [ [ 72.8351767, 19.0167924 ], [ 72.8355059, 19.0167008 ], [ 72.8356915, 19.0166319 ], [ 72.8357815, 19.0165466 ] ] } },
{ "type": "Feature", "properties": { "u": 11036603532, "v": 11036603529, "key": 0, "name": null, "highway": "residential", "length": 70.434165252687023, "grade": 0.024936739003469648, "slope_pct": 2.49 }, "geometry": { "type": "LineString", "coordinates": [ [ 72.8357815, 19.0165466 ], [ 72.8356915, 19.0166319 ], [ 72.8355059, 19.0167008 ], [ 72.8351767, 19.0167924 ] ] } },
{ "type": "Feature", "properties": { "u": 11042119116, "v": 11042119117, "key": 0, "name": null, "highway": "residential", "length": 43.822201227241713, "grade": 0.012375988649191406, "slope_pct": 1.24 }, "geometry": { "type": "LineString", "coordinates": [ [ 72.8448676, 19.0254456 ], [ 72.8447212, 19.0250766 ] ] } },
{ "type": "Feature", "properties": { "u": 11042119116, "v": 2294332758, "key": 0, "name": "Bal Govind Das Road", "highway": "tertiary", "length": 180.36975315815701, "grade": 0.01293051453525286, "slope_pct": 1.29 }, "geometry": { "type": "LineString", "coordinates": [ [ 72.8448676, 19.0254456 ], [ 72.844821, 19.0254639 ], [ 72.844775, 19.0254834 ], [ 72.8447463, 19.0254955 ], [ 72.8446813, 19.025523 ], [ 72.8442805, 19.0256926 ], [ 72.8441917, 19.0257302 ], [ 72.8439181, 19.0258475 ], [ 72.8438015, 19.025896 ], [ 72.8437088, 19.0259346 ], [ 72.843619, 19.0259726 ], [ 72.843301, 19.0261072 ] ] } },
{ "type": "Feature", "properties": { "u": 11042119116, "v": 6165604823, "key": 0, "name": "Bal Govind Das Road", "highway": "tertiary", "length": 76.544180549660268, "grade": 0.0065997240662167226, "slope_pct": 0.66 }, "geometry": { "type": "LineString", "coordinates": [ [ 72.8448676, 19.0254456 ], [ 72.844978, 19.0254022 ], [ 72.8455399, 19.0251812 ] ] } },
{ "type": "Feature", "properties": { "u": 11042119117, "v": 7371415286, "key": 0, "name": null, "highway": "residential", "length": 15.698141294142745, "grade": 0.020485810072498448, "slope_pct": 2.05 }, "geometry": { "type": "LineString", "coordinates": [ [ 72.8447212, 19.0250766 ], [ 72.8446688, 19.0249444 ] ] } },
{ "type": "Feature", "properties": { "u": 11042119117, "v": 11042119116, "key": 0, "name": null, "highway": "residential", "length": 43.822201227241713, "grade": 0.018261008967192752, "slope_pct": 1.83 }, "geometry": { "type": "LineString", "coordinates": [ [ 72.8447212, 19.0250766 ], [ 72.8448676, 19.0254456 ] ] } },
{ "type": "Feature", "properties": { "u": 11042119117, "v": 11042119121, "key": 0, "name": null, "highway": "residential", "length": 110.45583486474173, "grade": 0.0078569314813527295, "slope_pct": 0.79 }, "geometry": { "type": "LineString", "coordinates": [ [ 72.8447212, 19.0250766 ], [ 72.8446298, 19.025113 ], [ 72.8443194, 19.0252366 ], [ 72.8442261, 19.0252198 ], [ 72.844162, 19.0251424 ], [ 72.8440397, 19.0247667 ] ] } },
{ "type": "Feature", "properties": { "u": 11042119121, "v": 11042119117, "key": 0, "name": null, "highway": "residential", "length": 110.45583486474173, "grade": 0.0048123830035485399, "slope_pct": 0.48 }, "geometry": { "type": "LineString", "coordinates": [ [ 72.8440397, 19.0247667 ], [ 72.844162, 19.0251424 ], [ 72.8442261, 19.0252198 ], [ 72.8443194, 19.0252366 ], [ 72.8446298, 19.025113 ], [ 72.8447212, 19.0250766 ] ] } },
{ "type": "Feature", "properties": { "u": 11043519234, "v": 7453717332, "key": 0, "name": null, "highway": "residential", "length": 69.953957932144391, "grade": 0.01797098464564369, "slope_pct": 1.8 }, "geometry": { "type": "LineString", "coordinates": [ [ 72.8505531, 19.0228096 ], [ 72.8510417, 19.0224831 ], [ 72.8510963, 19.0224462 ] ] } },
{ "type": "Feature", "properties": { "u": 11043651338, "v": 245661897, "key": 0, "name": null, "highway": "residential", "length": 66.428491205668877, "grade": 0.017399246714184975, "slope_pct": 1.74 }, "geometry": { "type": "LineString", "coordinates": [ [ 72.8444048, 19.0280718 ], [ 72.8437927, 19.0282203 ] ] } },
{ "type": "Feature", "properties": { "u": 11043651339, "v": 6606882583, "key": 0, "name": null, "highway": "residential", "length": 51.413145257399648, "grade": 0.0090117095939606061, "slope_pct": 0.9 }, "geometry": { "type": "LineString", "coordinates": [ [ 72.8459158, 19.0278764 ], [ 72.8460728, 19.0278643 ], [ 72.8462557, 19.0278533 ], [ 72.8463192, 19.0278439 ], [ 72.8463995, 19.0278205 ] ] } },
{ "type": "Feature", "properties": { "u": 11046230002, "v": 11046230003, "key": 0, "name": null, "highway": "residential", "length": 59.356627482231524, "grade": 0.023918998369509028, "slope_pct": 2.39 }, "geometry": { "type": "LineString", "coordinates": [ [ 72.8536685, 19.0108154 ], [ 72.8542316, 19.0107765 ] ] } },
{ "type": "Feature", "properties": { "u": 11046230003, "v": 7374507918, "key": 0, "name": "R.A. Kidwai Marg", "highway": "tertiary", "length": 59.173641011170822, "grade": 0.0063232736191798054, "slope_pct": 0.63 }, "geometry": { "type": "LineString", "coordinates": [ [ 72.8542316, 19.0107765 ], [ 72.854301, 19.0113046 ] ] } },
{ "type": "Feature", "properties": { "u": 11046230003, "v": 11046230002, "key": 0, "name": null, "highway": "residential", "length": 59.356627482231524, "grade": 0.012511365622937243, "slope_pct": 1.25 }, "geometry": { "type": "LineString", "coordinates": [ [ 72.8542316, 19.0107765 ], [ 72.8536685, 19.0108154 ] ] } },
{ "type": "Feature", "properties": { "u": 11052129696, "v": 11052129699, "key": 0, "name": null, "highway": "residential", "length": 135.08466379805682, "grade": 0.023759550243687175, "slope_pct": 2.38 }, "geometry": { "type": "LineString", "coordinates": [ [ 72.8339239, 19.0213573 ], [ 72.8342368, 19.0212348 ], [ 72.8342656, 19.021198 ], [ 72.8342678, 19.0210039 ], [ 72.8348858, 19.0207083 ] ] } },
{ "type": "Feature", "properties": { "u": 11052129699, "v": 245661126, "key": 0, "name": "College Street", "highway": "residential", "length": 24.198223323403461, "grade": 0.012234000972374693, "slope_pct": 1.22 }, "geometry": { "type": "LineString", "coordinates": [ [ 72.8348858, 19.0207083 ], [ 72.8348138, 19.0205016 ] ] } },
{ "type": "Feature", "properties": { "u": 11052129699, "v": 7371013041, "key": 0, "name": "College Street", "highway": "residential", "length": 32.694530037650054, "grade": 0.017047570848609885, "slope_pct": 1.7 }, "geometry": { "type": "LineString", "coordinates": [ [ 72.8348858, 19.0207083 ], [ 72.834907, 19.0207692 ], [ 72.834983, 19.0209876 ] ] } },
{ "type": "Feature", "properties": { "u": 11052129699, "v": 11052129696, "key": 0, "name": null, "highway": "residential", "length": 135.08466379805682, "grade": 0.011747076755181475, "slope_pct": 1.17 }, "geometry": { "type": "LineString", "coordinates": [ [ 72.8348858, 19.0207083 ], [ 72.8342678, 19.0210039 ], [ 72.8342656, 19.021198 ], [ 72.8342368, 19.0212348 ], [ 72.8339239, 19.0213573 ] ] } },
{ "type": "Feature", "properties": { "u": 11052171039, "v": 13542861481, "key": 0, "name": "Dr Ratnakar Bhaindarkar Rd", "highway": "residential", "length": 43.249307658949498, "grade": 0.0090327344516707413, "slope_pct": 0.9 }, "geometry": { "type": "LineString", "coordinates": [ [ 72.8388793, 19.0190284 ], [ 72.8390668, 19.0190053 ], [ 72.8392005, 19.0189836 ], [ 72.8392824, 19.0189568 ] ] } },
{ "type": "Feature", "properties": { "u": 11052171039, "v": 2247988292, "key": 0, "name": "Dr Ratnakar Bhaindarkar Rd", "highway": "residential", "length": 19.070755752180649, "grade": 0.024647508255116222, "slope_pct": 2.46 }, "geometry": { "type": "LineString", "coordinates": [ [ 72.8388793, 19.0190284 ], [ 72.8387497, 19.0190468 ], [ 72.8386998, 19.0190532 ] ] } },
{ "type": "Feature", "properties": { "u": 11052171039, "v": 2247988281, "key": 0, "name": null, "highway": "residential", "length": 108.84074704900885, "grade": 0.012005348138930949, "slope_pct": 1.2 }, "geometry": { "type": "LineString", "coordinates": [ [ 72.8388793, 19.0190284 ], [ 72.8387831, 19.0187333 ], [ 72.838763, 19.0186659 ], [ 72.8385912, 19.0180883 ] ] } },
{ "type": "Feature", "properties": { "u": 11054660367, "v": 245660386, "key": 0, "name": "G Maharaj Marg", "highway": "residential", "length": 179.50414770050367, "grade": 0.022670182480940958, "slope_pct": 2.27 }, "geometry": { "type": "LineString", "coordinates": [ [ 72.8410318, 19.0135653 ], [ 72.8413133, 19.013938 ], [ 72.8424749, 19.013576 ] ] } },
{ "type": "Feature", "properties": { "u": 11056093852, "v": 8898483049, "key": 0, "name": "Sewri Cross Road", "highway": "residential", "length": 206.22480900098279, "grade": 0.0080590013296038959, "slope_pct": 0.81 }, "geometry": { "type": "LineString", "coordinates": [ [ 72.8547152, 19.0150508 ], [ 72.8545989, 19.0151007 ], [ 72.8544163, 19.0151801 ], [ 72.8543448, 19.0152187 ], [ 72.854176, 19.0153099 ], [ 72.8539614, 19.0154722 ], [ 72.8537039, 19.0158131 ], [ 72.8534426, 19.0163637 ] ] } },
{ "type": "Feature", "properties": { "u": 11061297161, "v": 13658722661, "key": 0, "name": "Balaram Khedekar Marg", "highway": "residential", "length": 106.16712945490957, "grade": 0.0076883034885518332, "slope_pct": 0.77 }, "geometry": { "type": "LineString", "coordinates": [ [ 72.8546113, 19.0171166 ], [ 72.8541563, 19.0168563 ], [ 72.853893, 19.0166563 ], [ 72.8537857, 19.0165708 ] ] } },
{ "type": "Feature", "properties": { "u": 11068349071, "v": 245660184, "key": 0, "name": "V V D Buva Road", "highway": "residential", "length": 66.376803540482953, "grade": 0.0036849498234592503, "slope_pct": 0.37 }, "geometry": { "type": "LineString", "coordinates": [ [ 72.8471747, 19.0116258 ], [ 72.8469313, 19.011075 ] ] } },
{ "type": "Feature", "properties": { "u": 11068349071, "v": 11068349072, "key": 0, "name": null, "highway": "living_street", "length": 24.654083773624244, "grade": 0.017336670158269472, "slope_pct": 1.73 }, "geometry": { "type": "LineString", "coordinates": [ [ 72.8471747, 19.0116258 ], [ 72.8473774, 19.0115143 ] ] } },
{ "type": "Feature", "properties": { "u": 11068349071, "v": 12082234708, "key": 0, "name": "V V D Buva Road", "highway": "residential", "length": 31.973803819019707, "grade": 0.011107579561922747, "slope_pct": 1.11 }, "geometry": { "type": "LineString", "coordinates": [ [ 72.8471747, 19.0116258 ], [ 72.8472121, 19.0117104 ], [ 72.8472619, 19.011823 ], [ 72.847292, 19.0118911 ] ] } },
{ "type": "Feature", "properties": { "u": 11068349072, "v": 11068349071, "key": 0, "name": null, "highway": "living_street", "length": 24.654083773624244, "grade": 0.022015881496472017, "slope_pct": 2.2 }, "geometry": { "type": "LineString", "coordinates": [ [ 72.8473774, 19.0115143 ], [ 72.8471747, 19.0116258 ] ] } },
{ "type": "Feature", "properties": { "u": 11068350822, "v": 7453712176, "key": 0, "name": "S M Jadhav Road (Road No 2)", "highway": "residential", "length": 31.029224116481142, "grade": 0.013410617947214258, "slope_pct": 1.34 }, "geometry": { "type": "LineString", "coordinates": [ [ 72.8444215, 19.0110884 ], [ 72.8445768, 19.0113257 ] ] } },
{ "type": "Feature", "properties": { "u": 11068350822, "v": 11068350823, "key": 0, "name": "Gate no 3", "highway": "residential", "length": 72.44475286997536, "grade": 0.024300255414123881, "slope_pct": 2.43 }, "geometry": { "type": "LineString", "coordinates": [ [ 72.8444215, 19.0110884 ], [ 72.8450108, 19.0107507 ] ] } },
{ "type": "Feature", "properties": { "u": 11068350822, "v": 245660143, "key": 0, "name": "S M Jadhav Road (Road No 2)", "highway": "residential", "length": 76.58146519560745, "grade": 0.0070815613454686659, "slope_pct": 0.71 }, "geometry": { "type": "LineString", "coordinates": [ [ 72.8444215, 19.0110884 ], [ 72.8443122, 19.0109215 ], [ 72.8443026, 19.0109068 ], [ 72.8442826, 19.0108763 ], [ 72.8441871, 19.0107305 ], [ 72.8440381, 19.0105028 ] ] } },
{ "type": "Feature", "properties": { "u": 11068350823, "v": 11068350822, "key": 0, "name": "Gate no 3", "highway": "residential", "length": 72.44475286997536, "grade": 0.02210970969502344, "slope_pct": 2.21 }, "geometry": { "type": "LineString", "coordinates": [ [ 72.8450108, 19.0107507 ], [ 72.8444215, 19.0110884 ] ] } },
{ "type": "Feature", "properties": { "u": 11070641560, "v": 7453717285, "key": 0, "name": null, "highway": "residential", "length": 105.98063580722771, "grade": 0.02008513076141832, "slope_pct": 2.01 }, "geometry": { "type": "LineString", "coordinates": [ [ 72.8460962, 19.0104505 ], [ 72.8456958, 19.0095758 ] ] } },
{ "type": "Feature", "properties": { "u": 11384605400, "v": 13565939546, "key": 0, "name": "Senapati Bapat Marg", "highway": "primary", "length": 6.5410616932842895, "grade": 0.019960280582169147, "slope_pct": 2.0 }, "geometry": { "type": "LineString", "coordinates": [ [ 72.8344508, 19.0102191 ], [ 72.8344088, 19.0101757 ] ] } },
{ "type": "Feature", "properties": { "u": 11384605400, "v": 13528851142, "key": 0, "name": null, "highway": "primary_link", "length": 19.742598448495624, "grade": 0.02158523101857153, "slope_pct": 2.16 }, "geometry": { "type": "LineString", "coordinates": [ [ 72.8344508, 19.0102191 ], [ 72.8343292, 19.0103544 ] ] } },
{ "type": "Feature", "properties": { "u": 11384605402, "v": 11384605403, "key": 0, "name": null, "highway": "primary_link", "length": 19.539132309626893, "grade": 0.019742527800745976, "slope_pct": 1.97 }, "geometry": { "type": "LineString", "coordinates": [ [ 72.8341379, 19.0098955 ], [ 72.8339971, 19.0100102 ] ] } },
{ "type": "Feature", "properties": { "u": 11384605402, "v": 471942852, "key": 0, "name": "Senapati Bapat Marg", "highway": "primary", "length": 106.13234061690821, "grade": 0.016776847075891142, "slope_pct": 1.68 }, "geometry": { "type": "LineString", "coordinates": [ [ 72.8341379, 19.0098955 ], [ 72.8341034, 19.009862 ], [ 72.8334559, 19.0091918 ] ] } },
{ "type": "Feature", "properties": { "u": 11384605403, "v": 11384605402, "key": 0, "name": null, "highway": "primary_link", "length": 19.539132309626893, "grade": 0.0058873873090125265, "slope_pct": 0.59 }, "geometry": { "type": "LineString", "coordinates": [ [ 72.8339971, 19.0100102 ], [ 72.8341379, 19.0098955 ] ] } },
{ "type": "Feature", "properties": { "u": 11384605403, "v": 13528851142, "key": 0, "name": "Senapati Bapat Marg", "highway": "primary", "length": 51.805667752376493, "grade": 0.0037155759488075426, "slope_pct": 0.37 }, "geometry": { "type": "LineString", "coordinates": [ [ 72.8339971, 19.0100102 ], [ 72.8342277, 19.0102492 ], [ 72.8343292, 19.0103544 ] ] } },
{ "type": "Feature", "properties": { "u": 11452078510, "v": 1930232489, "key": 0, "name": "Dnanyeshwar Mandir Marg", "highway": "residential", "length": 20.687683284799576, "grade": 0.02325865265194511, "slope_pct": 2.33 }, "geometry": { "type": "LineString", "coordinates": [ [ 72.834508, 19.0261747 ], [ 72.83434, 19.0262716 ] ] } },
{ "type": "Feature", "properties": { "u": 11452078510, "v": 245661706, "key": 0, "name": "Dnanyeshwar Mandir Marg", "highway": "residential", "length": 50.951490666722258, "grade": 0.01656630691945624, "slope_pct": 1.66 }, "geometry": { "type": "LineString", "coordinates": [ [ 72.834508, 19.0261747 ], [ 72.8349218, 19.0259361 ] ] } },
{ "type": "Feature", "properties": { "u": 11452078510, "v": 11452078511, "key": 0, "name": null, "highway": "living_street", "length": 111.68180228501048, "grade": 0.020523820401475878, "slope_pct": 2.05 }, "geometry": { "type": "LineString", "coordinates": [ [ 72.834508, 19.0261747 ], [ 72.8339238, 19.0253358 ] ] } },
{ "type": "Feature", "properties": { "u": 11452078511, "v": 11452078510, "key": 0, "name": null, "highway": "living_street", "length": 111.68180228501048, "grade": 0.013593491733276102, "slope_pct": 1.36 }, "geometry": { "type": "LineString", "coordinates": [ [ 72.8339238, 19.0253358 ], [ 72.834508, 19.0261747 ] ] } },
{ "type": "Feature", "properties": { "u": 11919249642, "v": 587976149, "key": 0, "name": "Dr Babasaheb Ambedkar Marg (Vincent Road)", "highway": "trunk", "length": 34.018728220986262, "grade": 0.005580780157172679, "slope_pct": 0.56 }, "geometry": { "type": "LineString", "coordinates": [ [ 72.846291, 19.0160624 ], [ 72.8463982, 19.0162072 ], [ 72.8464754, 19.0163138 ] ] } },
{ "type": "Feature", "properties": { "u": 11919249642, "v": 11919249646, "key": 0, "name": null, "highway": "trunk_link", "length": 61.427938919649094, "grade": 0.0057540874284561106, "slope_pct": 0.58 }, "geometry": { "type": "LineString", "coordinates": [ [ 72.846291, 19.0160624 ], [ 72.8462962, 19.016243 ], [ 72.8462732, 19.0163369 ], [ 72.8462268, 19.016433 ], [ 72.8461756, 19.0165214 ], [ 72.8461699, 19.0165313 ], [ 72.8461406, 19.0165819 ] ] } },
{ "type": "Feature", "properties": { "u": 11919249646, "v": 245660732, "key": 0, "name": "Swami Gyan Jiwandas Marg", "highway": "tertiary", "length": 57.516105660252535, "grade": 0.018082436319037373, "slope_pct": 1.81 }, "geometry": { "type": "LineString", "coordinates": [ [ 72.8461406, 19.0165819 ], [ 72.8456614, 19.0168315 ] ] } },
{ "type": "Feature", "properties": { "u": 11919249646, "v": 587976149, "key": 0, "name": "Swami Gyan Jiwandas Marg", "highway": "tertiary", "length": 46.124892778694857, "grade": 0.01246672968778818, "slope_pct": 1.25 }, "geometry": { "type": "LineString", "coordinates": [ [ 72.8461406, 19.0165819 ], [ 72.8464754, 19.0163138 ] ] } },
{ "type": "Feature", "properties": { "u": 11919249646, "v": 11919249649, "key": 0, "name": null, "highway": "trunk_link", "length": 65.584604680653229, "grade": 0.007411543987407408, "slope_pct": 0.74 }, "geometry": { "type": "LineString", "coordinates": [ [ 72.8461406, 19.0165819 ], [ 72.8463155, 19.016571 ], [ 72.8464464, 19.0165748 ], [ 72.8465798, 19.0166113 ], [ 72.846746, 19.0166735 ] ] } },
{ "type": "Feature", "properties": { "u": 11919249649, "v": 5921458184, "key": 0, "name": "Dr Babasaheb Ambedkar Marg (Vincent Road)", "highway": "trunk", "length": 46.936546032727264, "grade": 0.013815080028311614, "slope_pct": 1.38 }, "geometry": { "type": "LineString", "coordinates": [ [ 72.846746, 19.0166735 ], [ 72.847004, 19.017018 ] ] } },
{ "type": "Feature", "properties": { "u": 12069646395, "v": 8633832446, "key": 0, "name": null, "highway": "residential", "length": 53.725133107823922, "grade": 0.00441259661565295, "slope_pct": 0.44 }, "geometry": { "type": "LineString", "coordinates": [ [ 72.8321164, 19.0146034 ], [ 72.8325766, 19.0148135 ] ] } },
{ "type": "Feature", "properties": { "u": 12069646395, "v": 12069646402, "key": 0, "name": null, "highway": "residential", "length": 16.904436726846381, "grade": 0.015803370842116773, "slope_pct": 1.58 }, "geometry": { "type": "LineString", "coordinates": [ [ 72.8321164, 19.0146034 ], [ 72.8321891, 19.0144678 ] ] } },
{ "type": "Feature", "properties": { "u": 12069646399, "v": 245660417, "key": 0, "name": "Kakasaheb Gadgil Marg", "highway": "secondary", "length": 98.889430550200075, "grade": 0.0089178548975721497, "slope_pct": 0.89 }, "geometry": { "type": "LineString", "coordinates": [ [ 72.8328145, 19.014485 ], [ 72.8333111, 19.0137297 ] ] } },
{ "type": "Feature", "properties": { "u": 12069646399, "v": 8633832446, "key": 0, "name": "Kakasaheb Gadgil Marg", "highway": "secondary", "length": 44.269168087457935, "grade": 0.02054630021401814, "slope_pct": 2.05 }, "geometry": { "type": "LineString", "coordinates": [ [ 72.8328145, 19.014485 ], [ 72.8325766, 19.0148135 ] ] } },
{ "type": "Feature", "properties": { "u": 12069646399, "v": 12069646401, "key": 0, "name": null, "highway": "residential", "length": 8.236735684748302, "grade": 0.0098279630963186235, "slope_pct": 0.98 }, "geometry": { "type": "LineString", "coordinates": [ [ 72.8328145, 19.014485 ], [ 72.8327475, 19.0144466 ] ] } },
{ "type": "Feature", "properties": { "u": 12069646401, "v": 12069646399, "key": 0, "name": null, "highway": "residential", "length": 8.236735684748302, "grade": 0.013014843279799626, "slope_pct": 1.3 }, "geometry": { "type": "LineString", "coordinates": [ [ 72.8327475, 19.0144466 ], [ 72.8328145, 19.014485 ] ] } },
{ "type": "Feature", "properties": { "u": 12069646402, "v": 12069646395, "key": 0, "name": null, "highway": "residential", "length": 16.904436726846381, "grade": 0.003255651877978214, "slope_pct": 0.33 }, "geometry": { "type": "LineString", "coordinates": [ [ 72.8321891, 19.0144678 ], [ 72.8321164, 19.0146034 ] ] } },
{ "type": "Feature", "properties": { "u": 12069711761, "v": 7371570214, "key": 0, "name": null, "highway": "residential", "length": 38.694556926326243, "grade": 0.0045938315314802951, "slope_pct": 0.46 }, "geometry": { "type": "LineString", "coordinates": [ [ 72.8367556, 19.0177717 ], [ 72.8366561, 19.0174818 ], [ 72.836642, 19.0174407 ] ] } },
{ "type": "Feature", "properties": { "u": 12069719882, "v": 245660818, "key": 0, "name": "Gokhale Road", "highway": "primary", "length": 60.42071355365524, "grade": 0.011634858240947066, "slope_pct": 1.16 }, "geometry": { "type": "LineString", "coordinates": [ [ 72.8357879, 19.0182612 ], [ 72.8355669, 19.0177596 ] ] } },
{ "type": "Feature", "properties": { "u": 12069719882, "v": 13540778405, "key": 0, "name": null, "highway": "residential", "length": 39.552207927780493, "grade": 0.013558654363776717, "slope_pct": 1.36 }, "geometry": { "type": "LineString", "coordinates": [ [ 72.8357879, 19.0182612 ], [ 72.8361476, 19.0181569 ] ] } },
{ "type": "Feature", "properties": { "u": 12069719883, "v": 13540778405, "key": 0, "name": null, "highway": "residential", "length": 21.584288136226945, "grade": 0.016200452058624682, "slope_pct": 1.62 }, "geometry": { "type": "LineString", "coordinates": [ [ 72.8363439, 19.0181 ], [ 72.8361476, 19.0181569 ] ] } },
{ "type": "Feature", "properties": { "u": 12069775839, "v": 7370896114, "key": 0, "name": null, "highway": "residential", "length": 10.280810627292043, "grade": 0.0094165767316046721, "slope_pct": 0.94 }, "geometry": { "type": "LineString", "coordinates": [ [ 72.8338155, 19.0239617 ], [ 72.8338979, 19.0239119 ] ] } },
{ "type": "Feature", "properties": { "u": 12069837102, "v": 1288965243, "key": 0, "name": "Ram Maruti Marg", "highway": "residential", "length": 61.296294123142758, "grade": 0.018289601494783939, "slope_pct": 1.83 }, "geometry": { "type": "LineString", "coordinates": [ [ 72.8405587, 19.0234221 ], [ 72.841128, 19.0233029 ] ] } },
{ "type": "Feature", "properties": { "u": 12069837102, "v": 1288965354, "key": 0, "name": "Ram Maruti Marg", "highway": "residential", "length": 38.063202232869777, "grade": 0.0219226927381625, "slope_pct": 2.19 }, "geometry": { "type": "LineString", "coordinates": [ [ 72.8405587, 19.0234221 ], [ 72.8402052, 19.0234962 ] ] } },
{ "type": "Feature", "properties": { "u": 12069837102, "v": 12069837103, "key": 0, "name": null, "highway": "residential", "length": 17.80902176121899, "grade": 0.020156721755653698, "slope_pct": 2.02 }, "geometry": { "type": "LineString", "coordinates": [ [ 72.8405587, 19.0234221 ], [ 72.8404963, 19.0232732 ] ] } },
{ "type": "Feature", "properties": { "u": 12069837103, "v": 12069837102, "key": 0, "name": null, "highway": "residential", "length": 17.80902176121899, "grade": 0.0038716141576638574, "slope_pct": 0.39 }, "geometry": { "type": "LineString", "coordinates": [ [ 72.8404963, 19.0232732 ], [ 72.8405587, 19.0234221 ] ] } },
{ "type": "Feature", "properties": { "u": 12069873596, "v": 1650753935, "key": 0, "name": "Lady Jehangir Road", "highway": "tertiary", "length": 114.57824019963631, "grade": 0.013571152839672238, "slope_pct": 1.36 }, "geometry": { "type": "LineString", "coordinates": [ [ 72.8529443, 19.0206866 ], [ 72.8520453, 19.0212692 ] ] } },
{ "type": "Feature", "properties": { "u": 12069873596, "v": 13658722672, "key": 0, "name": "Lady Jehangir Road", "highway": "residential", "length": 6.712325973860982, "grade": 0.0053084639251998475, "slope_pct": 0.53 }, "geometry": { "type": "LineString", "coordinates": [ [ 72.8529443, 19.0206866 ], [ 72.8529826, 19.0207349 ] ] } },
{ "type": "Feature", "properties": { "u": 12070892818, "v": 7466305113, "key": 0, "name": "Matunga Station Road", "highway": "residential", "length": 29.001665459666079, "grade": 0.0083249903489756045, "slope_pct": 0.83 }, "geometry": { "type": "LineString", "coordinates": [ [ 72.8514905, 19.0262628 ], [ 72.8516943, 19.026087 ] ] } },
{ "type": "Feature", "properties": { "u": 12070892818, "v": 245661824, "key": 0, "name": "Matunga Station Road", "highway": "residential", "length": 96.623358251906154, "grade": 0.024706577051877222, "slope_pct": 2.47 }, "geometry": { "type": "LineString", "coordinates": [ [ 72.8514905, 19.0262628 ], [ 72.8513042, 19.0264236 ], [ 72.8509847, 19.0267038 ], [ 72.8508153, 19.0268524 ] ] } },
{ "type": "Feature", "properties": { "u": 12070892818, "v": 12070892823, "key": 0, "name": null, "highway": "residential", "length": 74.95506569232424, "grade": 0.0061349019438332909, "slope_pct": 0.61 }, "geometry": { "type": "LineString", "coordinates": [ [ 72.8514905, 19.0262628 ], [ 72.8514957, 19.0263834 ], [ 72.8515442, 19.0264886 ], [ 72.8516131, 19.026591 ], [ 72.8517335, 19.0266834 ], [ 72.8519025, 19.0267434 ] ] } },
{ "type": "Feature", "properties": { "u": 12070892823, "v": 7466305109, "key": 0, "name": "Bhimani Street", "highway": "residential", "length": 30.987612643112612, "grade": 0.013975539375929835, "slope_pct": 1.4 }, "geometry": { "type": "LineString", "coordinates": [ [ 72.8519025, 19.0267434 ], [ 72.8521201, 19.0265554 ] ] } },
{ "type": "Feature", "properties": { "u": 12070892823, "v": 245661873, "key": 0, "name": "Bhimani Street", "highway": "residential", "length": 107.87097074953348, "grade": 0.016599426154998622, "slope_pct": 1.66 }, "geometry": { "type": "LineString", "coordinates": [ [ 72.8519025, 19.0267434 ], [ 72.8517408, 19.026883 ], [ 72.851171, 19.0274235 ] ] } },
{ "type": "Feature", "properties": { "u": 12070892823, "v": 12070892818, "key": 0, "name": null, "highway": "residential", "length": 74.95506569232424, "grade": 0.018454229351970289, "slope_pct": 1.85 }, "geometry": { "type": "LineString", "coordinates": [ [ 72.8519025, 19.0267434 ], [ 72.8517335, 19.0266834 ], [ 72.8516131, 19.026591 ], [ 72.8515442, 19.0264886 ], [ 72.8514957, 19.0263834 ], [ 72.8514905, 19.0262628 ] ] } },
{ "type": "Feature", "properties": { "u": 12070892824, "v": 7466305113, "key": 0, "name": "Matunga Station Road", "highway": "residential", "length": 29.178608730011788, "grade": 0.015312271036712111, "slope_pct": 1.53 }, "geometry": { "type": "LineString", "coordinates": [ [ 72.8519031, 19.0259141 ], [ 72.8516943, 19.026087 ] ] } },
{ "type": "Feature", "properties": { "u": 12070892824, "v": 245661618, "key": 0, "name": "Matunga Station Road", "highway": "residential", "length": 82.10649172767701, "grade": 0.0032149586432220407, "slope_pct": 0.32 }, "geometry": { "type": "LineString", "coordinates": [ [ 72.8519031, 19.0259141 ], [ 72.8521001, 19.0257509 ], [ 72.8524874, 19.0254241 ] ] } },
{ "type": "Feature", "properties": { "u": 12070892824, "v": 12070892830, "key": 0, "name": null, "highway": "residential", "length": 75.894098951660681, "grade": 0.010182148781367823, "slope_pct": 1.02 }, "geometry": { "type": "LineString", "coordinates": [ [ 72.8519031, 19.0259141 ], [ 72.8520173, 19.02591 ], [ 72.8521489, 19.0259437 ], [ 72.8522456, 19.0260188 ], [ 72.8523195, 19.0261196 ], [ 72.8523531, 19.0261991 ], [ 72.8523818, 19.026315 ] ] } },
{ "type": "Feature", "properties": { "u": 12070892830, "v": 7466305109, "key": 0, "name": "Bhimani Street", "highway": "residential", "length": 38.358330050162834, "grade": 0.014389656154463654, "slope_pct": 1.44 }, "geometry": { "type": "LineString", "coordinates": [ [ 72.8523818, 19.026315 ], [ 72.8521201, 19.0265554 ] ] } },
{ "type": "Feature", "properties": { "u": 12070892830, "v": 245661693, "key": 0, "name": "Bhimani Street", "highway": "residential", "length": 77.239240360093802, "grade": 0.0049330629811863338, "slope_pct": 0.49 }, "geometry": { "type": "LineString", "coordinates": [ [ 72.8523818, 19.026315 ], [ 72.8525179, 19.0261899 ], [ 72.8529157, 19.0258378 ] ] } },
{ "type": "Feature", "properties": { "u": 12070892830, "v": 12070892824, "key": 0, "name": null, "highway": "residential", "length": 75.894098951660681, "grade": 0.010713792486601977, "slope_pct": 1.07 }, "geometry": { "type": "LineString", "coordinates": [ [ 72.8523818, 19.026315 ], [ 72.8523531, 19.0261991 ], [ 72.8523195, 19.0261196 ], [ 72.8522456, 19.0260188 ], [ 72.8521489, 19.0259437 ], [ 72.8520173, 19.02591 ], [ 72.8519031, 19.0259141 ] ] } },
{ "type": "Feature", "properties": { "u": 12082234708, "v": 14104719209, "key": 0, "name": "V V D Buva Road", "highway": "residential", "length": 36.163421122744609, "grade": 0.0037304683934100647, "slope_pct": 0.37 }, "geometry": { "type": "LineString", "coordinates": [ [ 72.847292, 19.0118911 ], [ 72.8473729, 19.0120741 ], [ 72.8474225, 19.012192 ] ] } },
{ "type": "Feature", "properties": { "u": 12082234708, "v": 11068349071, "key": 0, "name": "V V D Buva Road", "highway": "residential", "length": 31.973803819019711, "grade": 0.0047287269374104565, "slope_pct": 0.47 }, "geometry": { "type": "LineString", "coordinates": [ [ 72.847292, 19.0118911 ], [ 72.8472619, 19.011823 ], [ 72.8472121, 19.0117104 ], [ 72.8471747, 19.0116258 ] ] } },
{ "type": "Feature", "properties": { "u": 12082234708, "v": 12082234709, "key": 0, "name": null, "highway": "living_street", "length": 40.363426448825471, "grade": 0.011732312076435113, "slope_pct": 1.17 }, "geometry": { "type": "LineString", "coordinates": [ [ 72.847292, 19.0118911 ], [ 72.8473472, 19.0118685 ], [ 72.8476443, 19.0117468 ] ] } },
{ "type": "Feature", "properties": { "u": 12082234709, "v": 12082234708, "key": 0, "name": null, "highway": "living_street", "length": 40.363426448825471, "grade": 0.0059197465889473284, "slope_pct": 0.59 }, "geometry": { "type": "LineString", "coordinates": [ [ 72.8476443, 19.0117468 ], [ 72.8473472, 19.0118685 ], [ 72.847292, 19.0118911 ] ] } },
{ "type": "Feature", "properties": { "u": 12086930048, "v": 245660651, "key": 0, "name": "N.M. Kale Marg", "highway": "residential", "length": 15.703475017732684, "grade": 0.015485898661754281, "slope_pct": 1.55 }, "geometry": { "type": "LineString", "coordinates": [ [ 72.8347286, 19.016332 ], [ 72.8346507, 19.0164525 ] ] } },
{ "type": "Feature", "properties": { "u": 12086930048, "v": 12086930051, "key": 0, "name": null, "highway": "residential", "length": 15.80183766888352, "grade": 0.018168229321019847, "slope_pct": 1.82 }, "geometry": { "type": "LineString", "coordinates": [ [ 72.8347286, 19.016332 ], [ 72.8347886, 19.0163307 ], [ 72.8348282, 19.0163352 ], [ 72.8348767, 19.0163482 ] ] } },
{ "type": "Feature", "properties": { "u": 12086930051, "v": 13543285308, "key": 0, "name": "Gokhale Road", "highway": "primary", "length": 250.05839940498791, "grade": 0.020612907380399823, "slope_pct": 2.06 }, "geometry": { "type": "LineString", "coordinates": [ [ 72.8348767, 19.0163482 ], [ 72.8354625, 19.0177946 ], [ 72.8357426, 19.0184426 ] ] } },
{ "type": "Feature", "properties": { "u": 12127441647, "v": 1179257896, "key": 0, "name": "Dr Babasaheb Ambedkar Marg (Vincent Road)", "highway": "trunk", "length": 24.892500979397198, "grade": 0.0074033053733858229, "slope_pct": 0.74 }, "geometry": { "type": "LineString", "coordinates": [ [ 72.8496521, 19.0202154 ], [ 72.8495085, 19.0200374 ] ] } },
{ "type": "Feature", "properties": { "u": 12127441647, "v": 245661060, "key": 0, "name": "Khareghat Road", "highway": "residential", "length": 119.45913401662361, "grade": 0.0066846168096995357, "slope_pct": 0.67 }, "geometry": { "type": "LineString", "coordinates": [ [ 72.8496521, 19.0202154 ], [ 72.8505775, 19.0195919 ] ] } },
{ "type": "Feature", "properties": { "u": 12127441648, "v": 1179088379, "key": 0, "name": "Dr Babasaheb Ambedkar Marg (Vincent Road)", "highway": "trunk", "length": 20.069680396200393, "grade": 0.0053004924873568064, "slope_pct": 0.53 }, "geometry": { "type": "LineString", "coordinates": [ [ 72.8495744, 19.0202773 ], [ 72.8496865, 19.0204234 ] ] } },
{ "type": "Feature", "properties": { "u": 12127441648, "v": 1494132165, "key": 0, "name": "Khareghat Road", "highway": "residential", "length": 101.46714256032715, "grade": 0.01700146548996001, "slope_pct": 1.7 }, "geometry": { "type": "LineString", "coordinates": [ [ 72.8495744, 19.0202773 ], [ 72.84946, 19.020354 ], [ 72.8487871, 19.0208052 ] ] } },
{ "type": "Feature", "properties": { "u": 12260497090, "v": 13686749228, "key": 0, "name": "G.D. Ambedkar Marg", "highway": "secondary", "length": 52.096549661297942, "grade": 0.018542465982711826, "slope_pct": 1.85 }, "geometry": { "type": "LineString", "coordinates": [ [ 72.847628, 19.008764 ], [ 72.8474243, 19.0083369 ] ] } },
{ "type": "Feature", "properties": { "u": 12260497090, "v": 245659990, "key": 0, "name": null, "highway": "residential", "length": 9.3115596507616711, "grade": 0.003694895186164125, "slope_pct": 0.37 }, "geometry": { "type": "LineString", "coordinates": [ [ 72.847628, 19.008764 ], [ 72.8475472, 19.0087983 ] ] } },
{ "type": "Feature", "properties": { "u": 12298775319, "v": 12298775320, "key": 0, "name": null, "highway": "secondary_link", "length": 8.3327574118740966, "grade": 0.023596669417361178, "slope_pct": 2.36 }, "geometry": { "type": "LineString", "coordinates": [ [ 72.8497042, 19.0133676 ], [ 72.8497697, 19.0133254 ] ] } },
{ "type": "Feature", "properties": { "u": 12298775319, "v": 13661562603, "key": 0, "name": "G.D. Ambedkar Marg", "highway": "secondary", "length": 95.078690165991702, "grade": 0.0041433682403323934, "slope_pct": 0.41 }, "geometry": { "type": "LineString", "coordinates": [ [ 72.8497042, 19.0133676 ], [ 72.8499233, 19.013701 ], [ 72.8501808, 19.0140943 ] ] } },
{ "type": "Feature", "properties": { "u": 12298775320, "v": 12298775319, "key": 0, "name": null, "highway": "secondary_link", "length": 8.3327574118740966, "grade": 0.01490851937662355, "slope_pct": 1.49 }, "geometry": { "type": "LineString", "coordinates": [ [ 72.8497697, 19.0133254 ], [ 72.8497042, 19.0133676 ] ] } },
{ "type": "Feature", "properties": { "u": 12298775320, "v": 10282040392, "key": 0, "name": "G.D. Ambedkar Marg", "highway": "secondary", "length": 87.821770297111271, "grade": 0.018599331427920161, "slope_pct": 1.86 }, "geometry": { "type": "LineString", "coordinates": [ [ 72.8497697, 19.0133254 ], [ 72.8496865, 19.0131961 ], [ 72.8496571, 19.0131503 ], [ 72.8493393, 19.0126485 ] ] } },
{ "type": "Feature", "properties": { "u": 12408769835, "v": 245661031, "key": 0, "name": "V Manjrekar Marg", "highway": "residential", "length": 73.761276905521981, "grade": 0.022161320722413884, "slope_pct": 2.22 }, "geometry": { "type": "LineString", "coordinates": [ [ 72.8352274, 19.020142 ], [ 72.8352476, 19.0201244 ], [ 72.8355609, 19.019852 ], [ 72.8357292, 19.0196791 ] ] } },
{ "type": "Feature", "properties": { "u": 12408769835, "v": 245661126, "key": 0, "name": "V Manjrekar Marg", "highway": "residential", "length": 59.07042299904375, "grade": 0.018709912506913413, "slope_pct": 1.87 }, "geometry": { "type": "LineString", "coordinates": [ [ 72.8352274, 19.020142 ], [ 72.8350242, 19.0203187 ], [ 72.8348138, 19.0205016 ] ] } },
{ "type": "Feature", "properties": { "u": 12408769835, "v": 13540077270, "key": 0, "name": null, "highway": "residential", "length": 47.847663595783999, "grade": 0.02063801782753542, "slope_pct": 2.06 }, "geometry": { "type": "LineString", "coordinates": [ [ 72.8352274, 19.020142 ], [ 72.8350635, 19.0199008 ], [ 72.835033, 19.0198559 ], [ 72.8349846, 19.0197781 ] ] } },
{ "type": "Feature", "properties": { "u": 12432861243, "v": 7371919133, "key": 0, "name": null, "highway": "residential", "length": 23.846458089895517, "grade": 0.010467904235941735, "slope_pct": 1.05 }, "geometry": { "type": "LineString", "coordinates": [ [ 72.8525847, 19.0232609 ], [ 72.8527216, 19.0234319 ] ] } },
{ "type": "Feature", "properties": { "u": 12438616459, "v": 245659953, "key": 0, "name": "Govindji Keni Road", "highway": "tertiary", "length": 42.852283810657163, "grade": 0.02092615250242327, "slope_pct": 2.09 }, "geometry": { "type": "LineString", "coordinates": [ [ 72.8446119, 19.0076101 ], [ 72.8443818, 19.0079282 ] ] } },
{ "type": "Feature", "properties": { "u": 12438616459, "v": 12438616460, "key": 0, "name": null, "highway": "residential", "length": 44.48017946772746, "grade": 0.0047625266204628534, "slope_pct": 0.48 }, "geometry": { "type": "LineString", "coordinates": [ [ 72.8446119, 19.0076101 ], [ 72.8449483, 19.0078527 ] ] } },
{ "type": "Feature", "properties": { "u": 12438616460, "v": 12438616459, "key": 0, "name": null, "highway": "residential", "length": 44.48017946772746, "grade": 0.022685966433331609, "slope_pct": 2.27 }, "geometry": { "type": "LineString", "coordinates": [ [ 72.8449483, 19.0078527 ], [ 72.8446119, 19.0076101 ] ] } },
{ "type": "Feature", "properties": { "u": 12566268246, "v": 245660045, "key": 0, "name": null, "highway": "tertiary", "length": 113.37082516904191, "grade": 0.015047032275382198, "slope_pct": 1.5 }, "geometry": { "type": "LineString", "coordinates": [ [ 72.842106, 19.0095276 ], [ 72.8429923, 19.0089468 ] ] } },
{ "type": "Feature", "properties": { "u": 12566268246, "v": 1179221116, "key": 0, "name": "Dr Babasaheb Ambedkar Marg (Vincent Road)", "highway": "trunk", "length": 9.4761749069377021, "grade": 0.020980550939174863, "slope_pct": 2.1 }, "geometry": { "type": "LineString", "coordinates": [ [ 72.842106, 19.0095276 ], [ 72.8420602, 19.0094542 ] ] } },
{ "type": "Feature", "properties": { "u": 12774725661, "v": 7389083468, "key": 0, "name": null, "highway": "tertiary", "length": 7.5895949271094958, "grade": 0.012951002259402603, "slope_pct": 1.3 }, "geometry": { "type": "LineString", "coordinates": [ [ 72.8416178, 19.0095818 ], [ 72.8416336, 19.0096484 ] ] } },
{ "type": "Feature", "properties": { "u": 12901659995, "v": 12901659996, "key": 0, "name": null, "highway": "primary_link", "length": 13.127224687627828, "grade": 0.017158709294323549, "slope_pct": 1.72 }, "geometry": { "type": "LineString", "coordinates": [ [ 72.8543223, 19.0114137 ], [ 72.8544277, 19.011477 ] ] } },
{ "type": "Feature", "properties": { "u": 12901659999, "v": 12901660000, "key": 0, "name": "Road No 26", "highway": "tertiary", "length": 7.2232019018306595, "grade": 0.014580858540594491, "slope_pct": 1.46 }, "geometry": { "type": "LineString", "coordinates": [ [ 72.8544542, 19.0112698 ], [ 72.8543874, 19.011285 ] ] } },
{ "type": "Feature", "properties": { "u": 12901659999, "v": 7374507903, "key": 0, "name": "Road No 26", "highway": "tertiary", "length": 7.4865581670713555, "grade": 0.019094969478617302, "slope_pct": 1.91 }, "geometry": { "type": "LineString", "coordinates": [ [ 72.8544542, 19.0112698 ], [ 72.8545247, 19.0112603 ] ] } },
{ "type": "Feature", "properties": { "u": 12901660000, "v": 7374507918, "key": 0, "name": "Road No 26", "highway": "tertiary", "length": 9.341027807613747, "grade": 0.004795859604672971, "slope_pct": 0.48 }, "geometry": { "type": "LineString", "coordinates": [ [ 72.8543874, 19.011285 ], [ 72.854301, 19.0113046 ] ] } },
{ "type": "Feature", "properties": { "u": 12901660000, "v": 12901659999, "key": 0, "name": "Road No 26", "highway": "tertiary", "length": 7.2232019018306595, "grade": 0.004327745847792404, "slope_pct": 0.43 }, "geometry": { "type": "LineString", "coordinates": [ [ 72.8543874, 19.011285 ], [ 72.8544542, 19.0112698 ] ] } },
{ "type": "Feature", "properties": { "u": 12901660000, "v": 12901659996, "key": 0, "name": "Rafi Ahmed Kidwai Marg", "highway": "primary", "length": 21.765779839050168, "grade": 0.0084362711482232223, "slope_pct": 0.84 }, "geometry": { "type": "LineString", "coordinates": [ [ 72.8543874, 19.011285 ], [ 72.8544277, 19.011477 ] ] } },
{ "type": "Feature", "properties": { "u": 13154919175, "v": 245660550, "key": 0, "name": "Dr Narayan Joshi Rd", "highway": "residential", "length": 70.992221081440576, "grade": 0.0065099829624901441, "slope_pct": 0.65 }, "geometry": { "type": "LineString", "coordinates": [ [ 72.8382984, 19.0160084 ], [ 72.8381526, 19.0157936 ], [ 72.8378926, 19.0154996 ] ] } },
{ "type": "Feature", "properties": { "u": 13154919176, "v": 245660691, "key": 0, "name": "Dr Narayan Joshi Rd", "highway": "residential", "length": 61.016285581070647, "grade": 0.02217923846502844, "slope_pct": 2.22 }, "geometry": { "type": "LineString", "coordinates": [ [ 72.8384814, 19.0162781 ], [ 72.8387949, 19.0167399 ] ] } },
{ "type": "Feature", "properties": { "u": 13260912882, "v": 13686749224, "key": 0, "name": null, "highway": "residential", "length": 8.8039958435227756, "grade": 0.0078227077218769765, "slope_pct": 0.78 }, "geometry": { "type": "LineString", "coordinates": [ [ 72.8482319, 19.0102077 ], [ 72.8481509, 19.0102278 ] ] } },
{ "type": "Feature", "properties": { "u": 13260912882, "v": 13686749226, "key": 0, "name": "G.D. Ambedkar Marg", "highway": "secondary", "length": 128.33139797973939, "grade": 0.024469035628020889, "slope_pct": 2.45 }, "geometry": { "type": "LineString", "coordinates": [ [ 72.8482319, 19.0102077 ], [ 72.8479665, 19.0095766 ], [ 72.8477821, 19.0091348 ] ] } },
{ "type": "Feature", "properties": { "u": 13366751079, "v": 245661262, "key": 0, "name": null, "highway": "residential", "length": 38.658168793551923, "grade": 0.010411707418964352, "slope_pct": 1.04 }, "geometry": { "type": "LineString", "coordinates": [ [ 72.8503105, 19.0219869 ], [ 72.8505699, 19.0218357 ], [ 72.8506235, 19.0218044 ] ] } },
{ "type": "Feature", "properties": { "u": 13421207902, "v": 13421207903, "key": 0, "name": null, "highway": "residential", "length": 10.232656923016828, "grade": 0.0070065941451513845, "slope_pct": 0.7 }, "geometry": { "type": "LineString", "coordinates": [ [ 72.8344206, 19.0228664 ], [ 72.8344998, 19.0228129 ] ] } },
{ "type": "Feature", "properties": { "u": 13421207902, "v": 245661627, "key": 0, "name": "Swatantrya Veer Savarkar Marg", "highway": "secondary", "length": 321.49333551332927, "grade": 0.020373367157134541, "slope_pct": 2.04 }, "geometry": { "type": "LineString", "coordinates": [ [ 72.8344206, 19.0228664 ], [ 72.8344901, 19.0229921 ], [ 72.8356874, 19.0253366 ], [ 72.8357626, 19.0254641 ] ] } },
{ "type": "Feature", "properties": { "u": 13421207903, "v": 7394094903, "key": 0, "name": "Swatantrya Veer Savarkar Marg", "highway": "secondary", "length": 19.065107572808863, "grade": 0.017491571061019277, "slope_pct": 1.75 }, "geometry": { "type": "LineString", "coordinates": [ [ 72.8344998, 19.0228129 ], [ 72.834419, 19.0226594 ] ] } },
{ "type": "Feature", "properties": { "u": 13421207903, "v": 13421207902, "key": 0, "name": null, "highway": "residential", "length": 10.232656923016828, "grade": 0.01396030576196906, "slope_pct": 1.4 }, "geometry": { "type": "LineString", "coordinates": [ [ 72.8344998, 19.0228129 ], [ 72.8344206, 19.0228664 ] ] } },
{ "type": "Feature", "properties": { "u": 13432244320, "v": 7394094907, "key": 0, "name": "Swatantrya Veer Savarkar Marg", "highway": "secondary", "length": 73.200304315292144, "grade": 0.01521799812062789, "slope_pct": 1.52 }, "geometry": { "type": "LineString", "coordinates": [ [ 72.8326971, 19.0203527 ], [ 72.8322861, 19.0198213 ] ] } },
{ "type": "Feature", "properties": { "u": 13432244320, "v": 7442381755, "key": 0, "name": null, "highway": "residential", "length": 73.15153339840225, "grade": 0.018822439121989804, "slope_pct": 1.88 }, "geometry": { "type": "LineString", "coordinates": [ [ 72.8326971, 19.0203527 ], [ 72.8327934, 19.0202929 ], [ 72.8329606, 19.0201892 ], [ 72.8329854, 19.0201879 ], [ 72.8330144, 19.0201978 ], [ 72.8330411, 19.0202184 ], [ 72.8331919, 19.0204222 ], [ 72.8332076, 19.0204435 ] ] } },
{ "type": "Feature", "properties": { "u": 13434036151, "v": 13434036152, "key": 0, "name": null, "highway": "residential", "length": 29.748817713114722, "grade": 0.0080260043092885737, "slope_pct": 0.8 }, "geometry": { "type": "LineString", "coordinates": [ [ 72.8415111, 19.0225124 ], [ 72.8412541, 19.0226244 ] ] } },
{ "type": "Feature", "properties": { "u": 13434036151, "v": 245661384, "key": 0, "name": "Ganesh Peth Lane", "highway": "residential", "length": 96.141147535752907, "grade": 0.024919346153248322, "slope_pct": 2.49 }, "geometry": { "type": "LineString", "coordinates": [ [ 72.8415111, 19.0225124 ], [ 72.8416711, 19.0228434 ], [ 72.8416802, 19.0228623 ], [ 72.8416904, 19.0228843 ], [ 72.8417009, 19.0229067 ], [ 72.8417109, 19.0229274 ], [ 72.8418659, 19.0232459 ], [ 72.8418912, 19.0232988 ] ] } },
{ "type": "Feature", "properties": { "u": 13434036151, "v": 245661279, "key": 0, "name": "Ganesh Peth Lane", "highway": "residential", "length": 65.588161820475619, "grade": 0.02444544956722923, "slope_pct": 2.44 }, "geometry": { "type": "LineString", "coordinates": [ [ 72.8415111, 19.0225124 ], [ 72.8414742, 19.0224386 ], [ 72.8412516, 19.021976 ] ] } },
{ "type": "Feature", "properties": { "u": 13434036152, "v": 13434036151, "key": 0, "name": null, "highway": "residential", "length": 29.748817713114722, "grade": 0.017307165099632614, "slope_pct": 1.73 }, "geometry": { "type": "LineString", "coordinates": [ [ 72.8412541, 19.0226244 ], [ 72.8415111, 19.0225124 ] ] } },
{ "type": "Feature", "properties": { "u": 13506627041, "v": 7370958932, "key": 0, "name": null, "highway": "residential", "length": 26.858430677319721, "grade": 0.0073899339204411933, "slope_pct": 0.74 }, "geometry": { "type": "LineString", "coordinates": [ [ 72.8380818, 19.0233429 ], [ 72.8383133, 19.0232407 ] ] } },
{ "type": "Feature", "properties": { "u": 13528851142, "v": 5354533138, "key": 0, "name": "Senapati Bapat Marg", "highway": "primary", "length": 108.95060797527421, "grade": 0.017965021333488412, "slope_pct": 1.8 }, "geometry": { "type": "LineString", "coordinates": [ [ 72.8343292, 19.0103544 ], [ 72.8350276, 19.0110783 ] ] } },
{ "type": "Feature", "properties": { "u": 13528851142, "v": 11384605400, "key": 0, "name": null, "highway": "primary_link", "length": 19.742598448495624, "grade": 0.0045883649975418687, "slope_pct": 0.46 }, "geometry": { "type": "LineString", "coordinates": [ [ 72.8343292, 19.0103544 ], [ 72.8344508, 19.0102191 ] ] } },
{ "type": "Feature", "properties": { "u": 13528895060, "v": 245660908, "key": 0, "name": "Lakhamasi Nappu Road", "highway": "tertiary", "length": 79.59552036113584, "grade": 0.0036743550485277337, "slope_pct": 0.37 }, "geometry": { "type": "LineString", "coordinates": [ [ 72.8452541, 19.0192018 ], [ 72.8448319, 19.0186076 ] ] } },
{ "type": "Feature", "properties": { "u": 13528895060, "v": 10207278292, "key": 0, "name": "Lakhamasi Nappu Road", "highway": "tertiary", "length": 53.308734446797267, "grade": 0.0086690235472467007, "slope_pct": 0.87 }, "geometry": { "type": "LineString", "coordinates": [ [ 72.8452541, 19.0192018 ], [ 72.8452564, 19.019297 ], [ 72.8454385, 19.019536 ], [ 72.8455226, 19.0195774 ] ] } },
{ "type": "Feature", "properties": { "u": 13529108268, "v": 245660688, "key": 0, "name": "D Raul Marg", "highway": "residential", "length": 50.359198754347766, "grade": 0.013177705048264959, "slope_pct": 1.32 }, "geometry": { "type": "LineString", "coordinates": [ [ 72.8328418, 19.0165944 ], [ 72.8329234, 19.0166244 ], [ 72.8329876, 19.0166709 ], [ 72.8330996, 19.0169448 ] ] } },
{ "type": "Feature", "properties": { "u": 13529108268, "v": 245660688, "key": 1, "name": null, "highway": "residential", "length": 53.271826814770876, "grade": 0.022101995118984374, "slope_pct": 2.21 }, "geometry": { "type": "LineString", "coordinates": [ [ 72.8328418, 19.0165944 ], [ 72.8328184, 19.0166898 ], [ 72.8328139, 19.0167144 ], [ 72.8328288, 19.0167361 ], [ 72.8328854, 19.016781 ], [ 72.8330155, 19.01688 ], [ 72.8330996, 19.0169448 ] ] } },
{ "type": "Feature", "properties": { "u": 13529108268, "v": 245660632, "key": 0, "name": "D Raul Marg", "highway": "residential", "length": 31.323010202538796, "grade": 0.018997719534858779, "slope_pct": 1.9 }, "geometry": { "type": "LineString", "coordinates": [ [ 72.8328418, 19.0165944 ], [ 72.832775, 19.0165699 ], [ 72.8326744, 19.0165272 ], [ 72.8325822, 19.0164606 ] ] } },
{ "type": "Feature", "properties": { "u": 13532334025, "v": 245661031, "key": 0, "name": null, "highway": "residential", "length": 109.27248715932915, "grade": 0.019339543466399583, "slope_pct": 1.93 }, "geometry": { "type": "LineString", "coordinates": [ [ 72.8355518, 19.0187984 ], [ 72.8355981, 19.0188042 ], [ 72.8356201, 19.0188188 ], [ 72.8356286, 19.0188382 ], [ 72.8356299, 19.0188678 ], [ 72.8355702, 19.0194145 ], [ 72.8355697, 19.0194554 ], [ 72.8355815, 19.0194938 ], [ 72.8357292, 19.0196791 ] ] } },
{ "type": "Feature", "properties": { "u": 13532358227, "v": 13532358228, "key": 0, "name": null, "highway": "residential", "length": 15.781908887412939, "grade": 0.012360853357857658, "slope_pct": 1.24 }, "geometry": { "type": "LineString", "coordinates": [ [ 72.8336384, 19.0169454 ], [ 72.8337718, 19.0168803 ] ] } },
{ "type": "Feature", "properties": { "u": 13532358228, "v": 13543227602, "key": 0, "name": null, "highway": "residential", "length": 42.180139892912791, "grade": 0.010610569836033184, "slope_pct": 1.06 }, "geometry": { "type": "LineString", "coordinates": [ [ 72.8337718, 19.0168803 ], [ 72.8340592, 19.017145 ] ] } },
{ "type": "Feature", "properties": { "u": 13532358228, "v": 13532358227, "key": 0, "name": null, "highway": "residential", "length": 15.781908887412939, "grade": 0.011162852785661259, "slope_pct": 1.12 }, "geometry": { "type": "LineString", "coordinates": [ [ 72.8337718, 19.0168803 ], [ 72.8336384, 19.0169454 ] ] } },
{ "type": "Feature", "properties": { "u": 13532358228, "v": 13543227604, "key": 0, "name": null, "highway": "residential", "length": 18.721481796295421, "grade": 0.024728290402193275, "slope_pct": 2.47 }, "geometry": { "type": "LineString", "coordinates": [ [ 72.8337718, 19.0168803 ], [ 72.8339181, 19.0167843 ] ] } },
{ "type": "Feature", "properties": { "u": 13532358231, "v": 245660651, "key": 0, "name": "N.M. Kale Marg", "highway": "residential", "length": 100.02944218235237, "grade": 0.0038824022110746149, "slope_pct": 0.39 }, "geometry": { "type": "LineString", "coordinates": [ [ 72.8341368, 19.0172096 ], [ 72.8346507, 19.0164525 ] ] } },
{ "type": "Feature", "properties": { "u": 13532358231, "v": 13543227602, "key": 0, "name": null, "highway": "residential", "length": 10.869587562513734, "grade": 0.022074692914693869, "slope_pct": 2.21 }, "geometry": { "type": "LineString", "coordinates": [ [ 72.8341368, 19.0172096 ], [ 72.8340592, 19.017145 ] ] } },
{ "type": "Feature", "properties": { "u": 13532358231, "v": 6491779234, "key": 0, "name": "N.M. Kale Marg", "highway": "residential", "length": 101.50733477000605, "grade": 0.015730858988592656, "slope_pct": 1.57 }, "geometry": { "type": "LineString", "coordinates": [ [ 72.8341368, 19.0172096 ], [ 72.8339898, 19.0174262 ], [ 72.8337769, 19.0177765 ], [ 72.8336444, 19.0179946 ] ] } },
{ "type": "Feature", "properties": { "u": 13533480573, "v": 7371570190, "key": 0, "name": "Kakasaheb Gadgil Marg", "highway": "residential", "length": 15.55460855234173, "grade": 0.012649539222170991, "slope_pct": 1.26 }, "geometry": { "type": "LineString", "coordinates": [ [ 72.8336135, 19.0124927 ], [ 72.8335161, 19.012598 ] ] } },
{ "type": "Feature", "properties": { "u": 13533480573, "v": 13533689806, "key": 0, "name": null, "highway": "residential", "length": 39.04015839918609, "grade": 0.018955668529133003, "slope_pct": 1.9 }, "geometry": { "type": "LineString", "coordinates": [ [ 72.8336135, 19.0124927 ], [ 72.8339483, 19.0126446 ] ] } },
{ "type": "Feature", "properties": { "u": 13533480573, "v": 245660256, "key": 0, "name": "Kakasaheb Gadgil Marg", "highway": "residential", "length": 99.25034336352374, "grade": 0.013706716711343464, "slope_pct": 1.37 }, "geometry": { "type": "LineString", "coordinates": [ [ 72.8336135, 19.0124927 ], [ 72.8338515, 19.0122355 ], [ 72.8342351, 19.0118209 ] ] } },
{ "type": "Feature", "properties": { "u": 13533689806, "v": 13533480573, "key": 0, "name": null, "highway": "residential", "length": 39.04015839918609, "grade": 0.022215311237796534, "slope_pct": 2.22 }, "geometry": { "type": "LineString", "coordinates": [ [ 72.8339483, 19.0126446 ], [ 72.8336135, 19.0124927 ] ] } },
{ "type": "Feature", "properties": { "u": 13534607720, "v": 13534607735, "key": 0, "name": null, "highway": "residential", "length": 29.783916660219049, "grade": 0.02281544100824769, "slope_pct": 2.28 }, "geometry": { "type": "LineString", "coordinates": [ [ 72.8371396, 19.0208388 ], [ 72.8373814, 19.0206992 ] ] } },
{ "type": "Feature", "properties": { "u": 13534607720, "v": 6491197973, "key": 0, "name": "Gokhale Road", "highway": "primary", "length": 190.51185100818455, "grade": 0.012277860391216019, "slope_pct": 1.23 }, "geometry": { "type": "LineString", "coordinates": [ [ 72.8371396, 19.0208388 ], [ 72.8371298, 19.0208232 ], [ 72.8370382, 19.0206838 ], [ 72.8366275, 19.0200375 ], [ 72.8364748, 19.0197258 ], [ 72.8362822, 19.0193323 ] ] } },
{ "type": "Feature", "properties": { "u": 13534607735, "v": 13534607720, "key": 0, "name": null, "highway": "residential", "length": 29.783916660219049, "grade": 0.0090902115391711356, "slope_pct": 0.91 }, "geometry": { "type": "LineString", "coordinates": [ [ 72.8373814, 19.0206992 ], [ 72.8371396, 19.0208388 ] ] } },
{ "type": "Feature", "properties": { "u": 13534607735, "v": 13534607735, "key": 0, "name": null, "highway": "residential", "length": 57.825885295629611, "grade": 0.016031707229053969, "slope_pct": 1.6 }, "geometry": { "type": "LineString", "coordinates": [ [ 72.8373814, 19.0206992 ], [ 72.8374658, 19.0206504 ], [ 72.8374694, 19.0206468 ], [ 72.8374707, 19.0206429 ], [ 72.8374694, 19.0206381 ], [ 72.8374673, 19.0206332 ], [ 72.837387, 19.0205133 ], [ 72.8373839, 19.0205109 ], [ 72.8373803, 19.0205104 ], [ 72.8373778, 19.0205112 ], [ 72.837298, 19.0205543 ], [ 72.8372962, 19.0205563 ], [ 72.8372947, 19.0205589 ], [ 72.8372943, 19.0205618 ], [ 72.8372953, 19.0205636 ], [ 72.8373814, 19.0206992 ] ] } },
{ "type": "Feature", "properties": { "u": 13534607735, "v": 13534607735, "key": 1, "name": null, "highway": "residential", "length": 57.825885295629604, "grade": 0.023071993603567202, "slope_pct": 2.31 }, "geometry": { "type": "LineString", "coordinates": [ [ 72.8373814, 19.0206992 ], [ 72.8372953, 19.0205636 ], [ 72.8372943, 19.0205618 ], [ 72.8372947, 19.0205589 ], [ 72.8372962, 19.0205563 ], [ 72.837298, 19.0205543 ], [ 72.8373778, 19.0205112 ], [ 72.8373803, 19.0205104 ], [ 72.8373839, 19.0205109 ], [ 72.837387, 19.0205133 ], [ 72.8374673, 19.0206332 ], [ 72.8374694, 19.0206381 ], [ 72.8374707, 19.0206429 ], [ 72.8374694, 19.0206468 ], [ 72.8374658, 19.0206504 ], [ 72.8373814, 19.0206992 ] ] } },
{ "type": "Feature", "properties": { "u": 13534624336, "v": 13534624337, "key": 0, "name": null, "highway": "residential", "length": 28.825953246784092, "grade": 0.0076345681581246648, "slope_pct": 0.76 }, "geometry": { "type": "LineString", "coordinates": [ [ 72.8373325, 19.0211443 ], [ 72.8375673, 19.0210104 ] ] } },
{ "type": "Feature", "properties": { "u": 13534624336, "v": 13534607720, "key": 0, "name": "Gokhale Road", "highway": "primary", "length": 39.562354630193511, "grade": 0.016705264838396624, "slope_pct": 1.67 }, "geometry": { "type": "LineString", "coordinates": [ [ 72.8373325, 19.0211443 ], [ 72.8371983, 19.0209318 ], [ 72.8371396, 19.0208388 ] ] } },
{ "type": "Feature", "properties": { "u": 13534624337, "v": 13534624336, "key": 0, "name": null, "highway": "residential", "length": 28.825953246784092, "grade": 0.016894324842035454, "slope_pct": 1.69 }, "geometry": { "type": "LineString", "coordinates": [ [ 72.8375673, 19.0210104 ], [ 72.8373325, 19.0211443 ] ] } },
{ "type": "Feature", "properties": { "u": 13534624337, "v": 13534624338, "key": 0, "name": null, "highway": "residential", "length": 25.369227474114918, "grade": 0.019128486493136181, "slope_pct": 1.91 }, "geometry": { "type": "LineString", "coordinates": [ [ 72.8375673, 19.0210104 ], [ 72.8376931, 19.0212051 ] ] } },
{ "type": "Feature", "properties": { "u": 13534624337, "v": 13534624339, "key": 0, "name": null, "highway": "residential", "length": 33.847035659034987, "grade": 0.0058944890727997161, "slope_pct": 0.59 }, "geometry": { "type": "LineString", "coordinates": [ [ 72.8375673, 19.0210104 ], [ 72.8374373, 19.0207975 ], [ 72.8374047, 19.0207477 ] ] } },
{ "type": "Feature", "properties": { "u": 13534624338, "v": 13534624337, "key": 0, "name": null, "highway": "residential", "length": 25.369227474114918, "grade": 0.018748149223005949, "slope_pct": 1.87 }, "geometry": { "type": "LineString", "coordinates": [ [ 72.8376931, 19.0212051 ], [ 72.8375673, 19.0210104 ] ] } },
{ "type": "Feature", "properties": { "u": 13534624338, "v": 13543845438, "key": 0, "name": null, "highway": "residential", "length": 11.958642558987181, "grade": 0.022998715454644103, "slope_pct": 2.3 }, "geometry": { "type": "LineString", "coordinates": [ [ 72.8376931, 19.0212051 ], [ 72.8377895, 19.021148 ] ] } },
{ "type": "Feature", "properties": { "u": 13534624338, "v": 13543845437, "key": 0, "name": null, "highway": "residential", "length": 29.090260195299624, "grade": 0.0069530283951453236, "slope_pct": 0.7 }, "geometry": { "type": "LineString", "coordinates": [ [ 72.8376931, 19.0212051 ], [ 72.8374586, 19.021344 ] ] } },
{ "type": "Feature", "properties": { "u": 13534624339, "v": 13534624337, "key": 0, "name": null, "highway": "residential", "length": 33.847035659034987, "grade": 0.008225953148325308, "slope_pct": 0.82 }, "geometry": { "type": "LineString", "coordinates": [ [ 72.8374047, 19.0207477 ], [ 72.8374373, 19.0207975 ], [ 72.8375673, 19.0210104 ] ] } },
{ "type": "Feature", "properties": { "u": 13535811790, "v": 245660396, "key": 0, "name": "Kakasaheb Gadgil Marg", "highway": "secondary", "length": 27.375587435220016, "grade": 0.024370692068916074, "slope_pct": 2.44 }, "geometry": { "type": "LineString", "coordinates": [ [ 72.8334911, 19.0134529 ], [ 72.8333469, 19.0136579 ] ] } },
{ "type": "Feature", "properties": { "u": 13535811790, "v": 2442886081, "key": 0, "name": null, "highway": "secondary", "length": 20.084367648469222, "grade": 0.006981492959608775, "slope_pct": 0.7 }, "geometry": { "type": "LineString", "coordinates": [ [ 72.8334911, 19.0134529 ], [ 72.833557, 19.0134456 ], [ 72.8336808, 19.0134315 ] ] } },
{ "type": "Feature", "properties": { "u": 13535835272, "v": 13535835287, "key": 0, "name": "Gokhale Road", "highway": "secondary", "length": 27.240350399165294, "grade": 0.021796472054130742, "slope_pct": 2.18 }, "geometry": { "type": "LineString", "coordinates": [ [ 72.834318, 19.0149791 ], [ 72.8344117, 19.0152075 ] ] } },
{ "type": "Feature", "properties": { "u": 13535835272, "v": 13535835285, "key": 0, "name": null, "highway": "residential", "length": 25.271070877824144, "grade": 0.013830112841856767, "slope_pct": 1.38 }, "geometry": { "type": "LineString", "coordinates": [ [ 72.834318, 19.0149791 ], [ 72.8340932, 19.0150596 ] ] } },
{ "type": "Feature", "properties": { "u": 13535835280, "v": 13535835285, "key": 0, "name": null, "highway": "residential", "length": 29.869086932666487, "grade": 0.0084390836368698954, "slope_pct": 0.84 }, "geometry": { "type": "LineString", "coordinates": [ [ 72.8338887, 19.0150157 ], [ 72.8340351, 19.0149593 ], [ 72.834042, 19.0149593 ], [ 72.834047, 19.0149615 ], [ 72.8340505, 19.0149673 ], [ 72.8340932, 19.0150596 ] ] } },
{ "type": "Feature", "properties": { "u": 13535835285, "v": 13535835272, "key": 0, "name": null, "highway": "residential", "length": 25.271070877824144, "grade": 0.022156497827995253, "slope_pct": 2.22 }, "geometry": { "type": "LineString", "coordinates": [ [ 72.8340932, 19.0150596 ], [ 72.834318, 19.0149791 ] ] } },
{ "type": "Feature", "properties": { "u": 13535835285, "v": 13545016359, "key": 0, "name": null, "highway": "residential", "length": 24.201358198254439, "grade": 0.012796715610058643, "slope_pct": 1.28 }, "geometry": { "type": "LineString", "coordinates": [ [ 72.8340932, 19.0150596 ], [ 72.8338803, 19.0151424 ] ] } },
{ "type": "Feature", "properties": { "u": 13535835285, "v": 13535835280, "key": 0, "name": null, "highway": "residential", "length": 29.869086932666484, "grade": 0.014325981786453185, "slope_pct": 1.43 }, "geometry": { "type": "LineString", "coordinates": [ [ 72.8340932, 19.0150596 ], [ 72.8340505, 19.0149673 ], [ 72.834047, 19.0149615 ], [ 72.834042, 19.0149593 ], [ 72.8340351, 19.0149593 ], [ 72.8338887, 19.0150157 ] ] } },
{ "type": "Feature", "properties": { "u": 13535835287, "v": 13535835296, "key": 0, "name": "Gokhale Road", "highway": "secondary", "length": 14.478745146172745, "grade": 0.010903134126794847, "slope_pct": 1.09 }, "geometry": { "type": "LineString", "coordinates": [ [ 72.8344117, 19.0152075 ], [ 72.8344615, 19.0153289 ] ] } },
{ "type": "Feature", "properties": { "u": 13535835287, "v": 13535856601, "key": 0, "name": null, "highway": "residential", "length": 57.806347791068028, "grade": 0.016044918731568405, "slope_pct": 1.6 }, "geometry": { "type": "LineString", "coordinates": [ [ 72.8344117, 19.0152075 ], [ 72.8340644, 19.0153419 ], [ 72.8340569, 19.0153439 ], [ 72.8340492, 19.0153428 ], [ 72.8340423, 19.0153395 ], [ 72.8340373, 19.0153344 ], [ 72.8340095, 19.015266 ], [ 72.8340063, 19.0152574 ], [ 72.8340056, 19.0152483 ], [ 72.8340078, 19.0152421 ], [ 72.8340129, 19.0152365 ], [ 72.8340431, 19.0152254 ] ] } },
{ "type": "Feature", "properties": { "u": 13535835295, "v": 13535835296, "key": 0, "name": null, "highway": "residential", "length": 37.946044522702131, "grade": 0.0065975251968705007, "slope_pct": 0.66 }, "geometry": { "type": "LineString", "coordinates": [ [ 72.8341258, 19.0154543 ], [ 72.8344615, 19.0153289 ] ] } },
{ "type": "Feature", "properties": { "u": 13535835296, "v": 10877441446, "key": 0, "name": "Gokhale Road", "highway": "secondary", "length": 53.907032847483912, "grade": 0.011603793806338736, "slope_pct": 1.16 }, "geometry": { "type": "LineString", "coordinates": [ [ 72.8344615, 19.0153289 ], [ 72.8346469, 19.0157809 ] ] } },
{ "type": "Feature", "properties": { "u": 13535835296, "v": 13535835295, "key": 0, "name": null, "highway": "residential", "length": 37.946044522702131, "grade": 0.024327071091376325, "slope_pct": 2.43 }, "geometry": { "type": "LineString", "coordinates": [ [ 72.8344615, 19.0153289 ], [ 72.8341258, 19.0154543 ] ] } },
{ "type": "Feature", "properties": { "u": 13535856601, "v": 13535835287, "key": 0, "name": null, "highway": "residential", "length": 57.806347791068035, "grade": 0.0086789355194248075, "slope_pct": 0.87 }, "geometry": { "type": "LineString", "coordinates": [ [ 72.8340431, 19.0152254 ], [ 72.8340129, 19.0152365 ], [ 72.8340078, 19.0152421 ], [ 72.8340056, 19.0152483 ], [ 72.8340063, 19.0152574 ], [ 72.8340095, 19.015266 ], [ 72.8340373, 19.0153344 ], [ 72.8340423, 19.0153395 ], [ 72.8340492, 19.0153428 ], [ 72.8340569, 19.0153439 ], [ 72.8340644, 19.0153419 ], [ 72.8344117, 19.0152075 ] ] } },
{ "type": "Feature", "properties": { "u": 13536010789, "v": 8692864700, "key": 0, "name": "Bhawani Shankar Marg", "highway": "secondary", "length": 22.409734087252566, "grade": 0.017448206619908431, "slope_pct": 1.74 }, "geometry": { "type": "LineString", "coordinates": [ [ 72.8377813, 19.0165183 ], [ 72.8376784, 19.0163418 ] ] } },
{ "type": "Feature", "properties": { "u": 13536010789, "v": 245660731, "key": 0, "name": "Bhawani Shankar Marg", "highway": "secondary", "length": 63.172488651018952, "grade": 0.010154181412943289, "slope_pct": 1.02 }, "geometry": { "type": "LineString", "coordinates": [ [ 72.8377813, 19.0165183 ], [ 72.8377915, 19.0165375 ], [ 72.8378728, 19.0166849 ], [ 72.8379045, 19.0167418 ], [ 72.8379364, 19.0167987 ], [ 72.8379467, 19.0168181 ], [ 72.8380555, 19.0170238 ] ] } },
{ "type": "Feature", "properties": { "u": 13536010789, "v": 13545175819, "key": 0, "name": null, "highway": "residential", "length": 29.246332420489836, "grade": 0.020016408765105215, "slope_pct": 2.0 }, "geometry": { "type": "LineString", "coordinates": [ [ 72.8377813, 19.0165183 ], [ 72.83797, 19.0164106 ], [ 72.8380211, 19.0163851 ] ] } },
{ "type": "Feature", "properties": { "u": 13536267817, "v": 13536267833, "key": 0, "name": null, "highway": "residential", "length": 18.482869627671217, "grade": 0.0058792205358036967, "slope_pct": 0.59 }, "geometry": { "type": "LineString", "coordinates": [ [ 72.8362947, 19.0106418 ], [ 72.8363993, 19.0107754 ] ] } },
{ "type": "Feature", "properties": { "u": 13536267817, "v": 9140646111, "key": 0, "name": null, "highway": "residential", "length": 59.322029644566605, "grade": 0.024336062991727987, "slope_pct": 2.43 }, "geometry": { "type": "LineString", "coordinates": [ [ 72.8362947, 19.0106418 ], [ 72.835979, 19.010241 ], [ 72.8359577, 19.0102139 ] ] } },
{ "type": "Feature", "properties": { "u": 13536267817, "v": 13536267834, "key": 0, "name": null, "highway": "residential", "length": 75.836123667133748, "grade": 0.012983369910440065, "slope_pct": 1.3 }, "geometry": { "type": "LineString", "coordinates": [ [ 72.8362947, 19.0106418 ], [ 72.836757, 19.010349 ], [ 72.8367674, 19.0103479 ], [ 72.8367774, 19.0103516 ], [ 72.8367828, 19.0103581 ], [ 72.8368601, 19.0104627 ] ] } },
{ "type": "Feature", "properties": { "u": 13536267825, "v": 13536267830, "key": 0, "name": null, "highway": "residential", "length": 57.851293186191583, "grade": 0.0081931101936222085, "slope_pct": 0.82 }, "geometry": { "type": "LineString", "coordinates": [ [ 72.8368382, 19.0110694 ], [ 72.8371455, 19.0108732 ], [ 72.8371513, 19.0108634 ], [ 72.8371513, 19.0108569 ], [ 72.8370593, 19.0107323 ] ] } },
{ "type": "Feature", "properties": { "u": 13536267830, "v": 13536267832, "key": 0, "name": null, "highway": "residential", "length": 18.253993845944652, "grade": 0.0046169284412602785, "slope_pct": 0.46 }, "geometry": { "type": "LineString", "coordinates": [ [ 72.8370593, 19.0107323 ], [ 72.8369599, 19.0105977 ] ] } },
{ "type": "Feature", "properties": { "u": 13536267830, "v": 13536267831, "key": 0, "name": null, "highway": "residential", "length": 75.167990292981614, "grade": 0.0067346739119258968, "slope_pct": 0.67 }, "geometry": { "type": "LineString", "coordinates": [ [ 72.8370593, 19.0107323 ], [ 72.8366126, 19.0110203 ], [ 72.8366088, 19.0110226 ], [ 72.8366019, 19.0110244 ], [ 72.8365953, 19.0110229 ], [ 72.8365895, 19.0110185 ], [ 72.8365012, 19.0109057 ] ] } },
{ "type": "Feature", "properties": { "u": 13536267830, "v": 13536267825, "key": 0, "name": null, "highway": "residential", "length": 57.851293186191583, "grade": 0.014435026868232389, "slope_pct": 1.44 }, "geometry": { "type": "LineString", "coordinates": [ [ 72.8370593, 19.0107323 ], [ 72.8371513, 19.0108569 ], [ 72.8371513, 19.0108634 ], [ 72.8371455, 19.0108732 ], [ 72.8368382, 19.0110694 ] ] } },
{ "type": "Feature", "properties": { "u": 13536267831, "v": 13536267833, "key": 0, "name": null, "highway": "residential", "length": 18.019053817101611, "grade": 0.010414069881488301, "slope_pct": 1.04 }, "geometry": { "type": "LineString", "coordinates": [ [ 72.8365012, 19.0109057 ], [ 72.8363993, 19.0107754 ] ] } },
{ "type": "Feature", "properties": { "u": 13536267831, "v": 13536267832, "key": 0, "name": null, "highway": "residential", "length": 59.147371582001391, "grade": 0.021235434049417409, "slope_pct": 2.12 }, "geometry": { "type": "LineString", "coordinates": [ [ 72.8365012, 19.0109057 ], [ 72.8369599, 19.0105977 ] ] } },
{ "type": "Feature", "properties": { "u": 13536267831, "v": 13536267830, "key": 0, "name": null, "highway": "residential", "length": 75.167990292981614, "grade": 0.012479525520559732, "slope_pct": 1.25 }, "geometry": { "type": "LineString", "coordinates": [ [ 72.8365012, 19.0109057 ], [ 72.8365895, 19.0110185 ], [ 72.8365953, 19.0110229 ], [ 72.8366019, 19.0110244 ], [ 72.8366088, 19.0110226 ], [ 72.8366126, 19.0110203 ], [ 72.8370593, 19.0107323 ] ] } },
{ "type": "Feature", "properties": { "u": 13536267832, "v": 13536267830, "key": 0, "name": null, "highway": "residential", "length": 18.253993845944652, "grade": 0.0084717139969278585, "slope_pct": 0.85 }, "geometry": { "type": "LineString", "coordinates": [ [ 72.8369599, 19.0105977 ], [ 72.8370593, 19.0107323 ] ] } },
{ "type": "Feature", "properties": { "u": 13536267832, "v": 13536267834, "key": 0, "name": null, "highway": "residential", "length": 18.31454324281529, "grade": 0.016577189705288663, "slope_pct": 1.66 }, "geometry": { "type": "LineString", "coordinates": [ [ 72.8369599, 19.0105977 ], [ 72.8368601, 19.0104627 ] ] } },
{ "type": "Feature", "properties": { "u": 13536267832, "v": 13536267831, "key": 0, "name": null, "highway": "residential", "length": 59.147371582001391, "grade": 0.018549098771479811, "slope_pct": 1.85 }, "geometry": { "type": "LineString", "coordinates": [ [ 72.8369599, 19.0105977 ], [ 72.8365012, 19.0109057 ] ] } },
{ "type": "Feature", "properties": { "u": 13536267833, "v": 13536267817, "key": 0, "name": null, "highway": "residential", "length": 18.482869627671217, "grade": 0.0066749219738208975, "slope_pct": 0.67 }, "geometry": { "type": "LineString", "coordinates": [ [ 72.8363993, 19.0107754 ], [ 72.8362947, 19.0106418 ] ] } },
{ "type": "Feature", "properties": { "u": 13536267833, "v": 13536267831, "key": 0, "name": null, "highway": "residential", "length": 18.019053817101611, "grade": 0.0066876227583429889, "slope_pct": 0.67 }, "geometry": { "type": "LineString", "coordinates": [ [ 72.8363993, 19.0107754 ], [ 72.8365012, 19.0109057 ] ] } },
{ "type": "Feature", "properties": { "u": 13536267833, "v": 13536267834, "key": 0, "name": null, "highway": "residential", "length": 59.630757627407171, "grade": 0.0038067713925379453, "slope_pct": 0.38 }, "geometry": { "type": "LineString", "coordinates": [ [ 72.8363993, 19.0107754 ], [ 72.8368601, 19.0104627 ] ] } },
{ "type": "Feature", "properties": { "u": 13536267834, "v": 13536267832, "key": 0, "name": null, "highway": "residential", "length": 18.31454324281529, "grade": 0.019200844331444093, "slope_pct": 1.92 }, "geometry": { "type": "LineString", "coordinates": [ [ 72.8368601, 19.0104627 ], [ 72.8369599, 19.0105977 ] ] } },
{ "type": "Feature", "properties": { "u": 13536267834, "v": 13536267833, "key": 0, "name": null, "highway": "residential", "length": 59.630757627407171, "grade": 0.017603699607679713, "slope_pct": 1.76 }, "geometry": { "type": "LineString", "coordinates": [ [ 72.8368601, 19.0104627 ], [ 72.8363993, 19.0107754 ] ] } },
{ "type": "Feature", "properties": { "u": 13536267834, "v": 13536267817, "key": 0, "name": null, "highway": "residential", "length": 75.836123667133762, "grade": 0.013441879266495906, "slope_pct": 1.34 }, "geometry": { "type": "LineString", "coordinates": [ [ 72.8368601, 19.0104627 ], [ 72.8367828, 19.0103581 ], [ 72.8367774, 19.0103516 ], [ 72.8367674, 19.0103479 ], [ 72.836757, 19.010349 ], [ 72.8362947, 19.0106418 ] ] } },
{ "type": "Feature", "properties": { "u": 13536314775, "v": 10277717591, "key": 0, "name": null, "highway": "primary", "length": 84.506414265866013, "grade": 0.021571749877322337, "slope_pct": 2.16 }, "geometry": { "type": "LineString", "coordinates": [ [ 72.833089, 19.0155068 ], [ 72.8325095, 19.0151814 ], [ 72.8323964, 19.0151211 ] ] } },
{ "type": "Feature", "properties": { "u": 13536314775, "v": 13536314782, "key": 0, "name": null, "highway": "residential", "length": 110.4948229646935, "grade": 0.020724743364901172, "slope_pct": 2.07 }, "geometry": { "type": "LineString", "coordinates": [ [ 72.833089, 19.0155068 ], [ 72.8333245, 19.0151207 ], [ 72.8333287, 19.015116 ], [ 72.8333337, 19.0151149 ], [ 72.8334054, 19.0151538 ], [ 72.8334073, 19.0151589 ], [ 72.8334065, 19.015164 ], [ 72.8331784, 19.015557 ] ] } },
{ "type": "Feature", "properties": { "u": 13536314782, "v": 13536314775, "key": 0, "name": null, "highway": "primary", "length": 10.931058403874573, "grade": 0.015877796016728549, "slope_pct": 1.59 }, "geometry": { "type": "LineString", "coordinates": [ [ 72.8331784, 19.015557 ], [ 72.833089, 19.0155068 ] ] } },
{ "type": "Feature", "properties": { "u": 13536314782, "v": 13536314775, "key": 1, "name": null, "highway": "residential", "length": 110.4948229646935, "grade": 0.022101968171291692, "slope_pct": 2.21 }, "geometry": { "type": "LineString", "coordinates": [ [ 72.8331784, 19.015557 ], [ 72.8334065, 19.015164 ], [ 72.8334073, 19.0151589 ], [ 72.8334054, 19.0151538 ], [ 72.8333337, 19.0151149 ], [ 72.8333287, 19.015116 ], [ 72.8333245, 19.0151207 ], [ 72.833089, 19.0155068 ] ] } },
{ "type": "Feature", "properties": { "u": 13536356610, "v": 13536356617, "key": 0, "name": null, "highway": "residential", "length": 43.961383063011958, "grade": 0.0075285066208089025, "slope_pct": 0.75 }, "geometry": { "type": "LineString", "coordinates": [ [ 72.8320033, 19.0118107 ], [ 72.8320651, 19.0117857 ], [ 72.8321019, 19.0117829 ], [ 72.832146, 19.0117892 ], [ 72.8321754, 19.0117899 ], [ 72.8322203, 19.0117829 ], [ 72.8322593, 19.0117641 ], [ 72.8323725, 19.01167 ] ] } },
{ "type": "Feature", "properties": { "u": 13536356617, "v": 245660381, "key": 0, "name": "Gokhale Road", "highway": "secondary", "length": 228.33110170220272, "grade": 0.0054622316267500136, "slope_pct": 0.55 }, "geometry": { "type": "LineString", "coordinates": [ [ 72.8323725, 19.01167 ], [ 72.8327789, 19.0122045 ], [ 72.8329946, 19.0124881 ], [ 72.8331888, 19.0127435 ], [ 72.8334438, 19.0130805 ], [ 72.8336388, 19.0133383 ] ] } },
{ "type": "Feature", "properties": { "u": 13536356617, "v": 13536356610, "key": 0, "name": null, "highway": "residential", "length": 43.961383063011958, "grade": 0.0089344914533737718, "slope_pct": 0.89 }, "geometry": { "type": "LineString", "coordinates": [ [ 72.8323725, 19.01167 ], [ 72.8322593, 19.0117641 ], [ 72.8322203, 19.0117829 ], [ 72.8321754, 19.0117899 ], [ 72.832146, 19.0117892 ], [ 72.8321019, 19.0117829 ], [ 72.8320651, 19.0117857 ], [ 72.8320033, 19.0118107 ] ] } },
{ "type": "Feature", "properties": { "u": 13536527457, "v": 13536579625, "key": 0, "name": null, "highway": "residential", "length": 14.761993113363797, "grade": 0.0042559108339649265, "slope_pct": 0.43 }, "geometry": { "type": "LineString", "coordinates": [ [ 72.8377838, 19.0172416 ], [ 72.8377342, 19.0171174 ] ] } },
{ "type": "Feature", "properties": { "u": 13536579625, "v": 245660747, "key": 0, "name": "Professor V.S. Agashe Marg", "highway": "tertiary", "length": 55.688308739512394, "grade": 0.014685729616022707, "slope_pct": 1.47 }, "geometry": { "type": "LineString", "coordinates": [ [ 72.8377342, 19.0171174 ], [ 72.837228, 19.017265 ] ] } },
{ "type": "Feature", "properties": { "u": 13536579625, "v": 13536527457, "key": 0, "name": null, "highway": "residential", "length": 14.761993113363797, "grade": 0.023605325230489155, "slope_pct": 2.36 }, "geometry": { "type": "LineString", "coordinates": [ [ 72.8377342, 19.0171174 ], [ 72.8377838, 19.0172416 ] ] } },
{ "type": "Feature", "properties": { "u": 13536579625, "v": 245660731, "key": 0, "name": "Professor V.S. Agashe Marg", "highway": "tertiary", "length": 35.344209956824983, "grade": 0.0038655578947072123, "slope_pct": 0.39 }, "geometry": { "type": "LineString", "coordinates": [ [ 72.8377342, 19.0171174 ], [ 72.8378119, 19.0170948 ], [ 72.8380555, 19.0170238 ] ] } },
{ "type": "Feature", "properties": { "u": 13537027680, "v": 14090330040, "key": 0, "name": null, "highway": "residential", "length": 3.3851331458578464, "grade": 0.00568641810822059, "slope_pct": 0.57 }, "geometry": { "type": "LineString", "coordinates": [ [ 72.8364363, 19.0158106 ], [ 72.8364662, 19.0157993 ] ] } },
{ "type": "Feature", "properties": { "u": 13537069077, "v": 13537069081, "key": 0, "name": null, "highway": "residential", "length": 3.4531527390141763, "grade": 0.012948378622235576, "slope_pct": 1.29 }, "geometry": { "type": "LineString", "coordinates": [ [ 72.8363065, 19.0165915 ], [ 72.8363023, 19.0165607 ] ] } },
{ "type": "Feature", "properties": { "u": 13537069078, "v": 13537069079, "key": 0, "name": null, "highway": "residential", "length": 32.285568006209232, "grade": 0.023545250385613909, "slope_pct": 2.35 }, "geometry": { "type": "LineString", "coordinates": [ [ 72.8362406, 19.0161051 ], [ 72.8362796, 19.0163931 ] ] } },
{ "type": "Feature", "properties": { "u": 13537069078, "v": 13537133202, "key": 0, "name": "Baburao Parulekar Marg", "highway": "residential", "length": 35.581311615556103, "grade": 0.0099554343094885121, "slope_pct": 1.0 }, "geometry": { "type": "LineString", "coordinates": [ [ 72.8362406, 19.0161051 ], [ 72.836467, 19.0160449 ], [ 72.8364935, 19.0160379 ], [ 72.8365167, 19.0160316 ], [ 72.8365664, 19.0160184 ] ] } },
{ "type": "Feature", "properties": { "u": 13537069078, "v": 10877451384, "key": 0, "name": "Baburao Parulekar Marg", "highway": "residential", "length": 131.00738661484505, "grade": 0.014159165791144634, "slope_pct": 1.42 }, "geometry": { "type": "LineString", "coordinates": [ [ 72.8362406, 19.0161051 ], [ 72.8360103, 19.0161607 ], [ 72.835659, 19.0161451 ], [ 72.8351488, 19.0161028 ], [ 72.8350047, 19.0160909 ] ] } },
{ "type": "Feature", "properties": { "u": 13537069079, "v": 13537069078, "key": 0, "name": null, "highway": "residential", "length": 32.285568006209232, "grade": 0.0039146028991086266, "slope_pct": 0.39 }, "geometry": { "type": "LineString", "coordinates": [ [ 72.8362796, 19.0163931 ], [ 72.8362406, 19.0161051 ] ] } },
{ "type": "Feature", "properties": { "u": 13537069079, "v": 13537069081, "key": 0, "name": null, "highway": "residential", "length": 18.788462152137146, "grade": 0.006263550421165956, "slope_pct": 0.63 }, "geometry": { "type": "LineString", "coordinates": [ [ 72.8362796, 19.0163931 ], [ 72.8363023, 19.0165607 ] ] } },
{ "type": "Feature", "properties": { "u": 13537069079, "v": 13537069080, "key": 0, "name": null, "highway": "residential", "length": 14.711558934546652, "grade": 0.024705862705094634, "slope_pct": 2.47 }, "geometry": { "type": "LineString", "coordinates": [ [ 72.8362796, 19.0163931 ], [ 72.8364172, 19.016369 ] ] } },
{ "type": "Feature", "properties": { "u": 13537069080, "v": 13537069079, "key": 0, "name": null, "highway": "residential", "length": 14.711558934546652, "grade": 0.024232611321593003, "slope_pct": 2.42 }, "geometry": { "type": "LineString", "coordinates": [ [ 72.8364172, 19.016369 ], [ 72.8362796, 19.0163931 ] ] } },
{ "type": "Feature", "properties": { "u": 13537069081, "v": 13537069079, "key": 0, "name": null, "highway": "residential", "length": 18.788462152137146, "grade": 0.0031086795805570118, "slope_pct": 0.31 }, "geometry": { "type": "LineString", "coordinates": [ [ 72.8363023, 19.0165607 ], [ 72.8362796, 19.0163931 ] ] } },
{ "type": "Feature", "properties": { "u": 13537069081, "v": 13537069077, "key": 0, "name": null, "highway": "residential", "length": 3.4531527390141763, "grade": 0.023939859279311259, "slope_pct": 2.39 }, "geometry": { "type": "LineString", "coordinates": [ [ 72.8363023, 19.0165607 ], [ 72.8363065, 19.0165915 ] ] } },
{ "type": "Feature", "properties": { "u": 13537069081, "v": 13537069082, "key": 0, "name": null, "highway": "residential", "length": 16.871291807441413, "grade": 0.017060638631941009, "slope_pct": 1.71 }, "geometry": { "type": "LineString", "coordinates": [ [ 72.8363023, 19.0165607 ], [ 72.8364603, 19.0165341 ] ] } },
{ "type": "Feature", "properties": { "u": 13537069082, "v": 13537069081, "key": 0, "name": null, "highway": "residential", "length": 16.871291807441413, "grade": 0.022094202479440488, "slope_pct": 2.21 }, "geometry": { "type": "LineString", "coordinates": [ [ 72.8364603, 19.0165341 ], [ 72.8363023, 19.0165607 ] ] } },
{ "type": "Feature", "properties": { "u": 13537133202, "v": 14090330040, "key": 0, "name": null, "highway": "residential", "length": 26.542558290281448, "grade": 0.013004276823944901, "slope_pct": 1.3 }, "geometry": { "type": "LineString", "coordinates": [ [ 72.8365664, 19.0160184 ], [ 72.8364662, 19.0157993 ] ] } },
{ "type": "Feature", "properties": { "u": 13537133202, "v": 245660585, "key": 0, "name": "Baburao Parulekar Marg", "highway": "residential", "length": 24.048541745770784, "grade": 0.014343112628743507, "slope_pct": 1.43 }, "geometry": { "type": "LineString", "coordinates": [ [ 72.8365664, 19.0160184 ], [ 72.8366209, 19.0160039 ], [ 72.8367866, 19.0159598 ] ] } },
{ "type": "Feature", "properties": { "u": 13537133202, "v": 13537069078, "key": 0, "name": "Baburao Parulekar Marg", "highway": "residential", "length": 35.581311615556103, "grade": 0.013754624765652246, "slope_pct": 1.38 }, "geometry": { "type": "LineString", "coordinates": [ [ 72.8365664, 19.0160184 ], [ 72.8365167, 19.0160316 ], [ 72.8364935, 19.0160379 ], [ 72.836467, 19.0160449 ], [ 72.8362406, 19.0161051 ] ] } },
{ "type": "Feature", "properties": { "u": 13537133203, "v": 14090330040, "key": 0, "name": null, "highway": "residential", "length": 16.265792564748928, "grade": 0.017671013666014299, "slope_pct": 1.77 }, "geometry": { "type": "LineString", "coordinates": [ [ 72.8363955, 19.0156693 ], [ 72.8364599, 19.0157839 ], [ 72.8364662, 19.0157993 ] ] } },
{ "type": "Feature", "properties": { "u": 13539897240, "v": 13539897241, "key": 0, "name": null, "highway": "residential", "length": 24.802058445188468, "grade": 0.0060723276046388847, "slope_pct": 0.61 }, "geometry": { "type": "LineString", "coordinates": [ [ 72.8347641, 19.0151437 ], [ 72.8349647, 19.0152611 ] ] } },
{ "type": "Feature", "properties": { "u": 13539897241, "v": 13539897240, "key": 0, "name": null, "highway": "residential", "length": 24.802058445188468, "grade": 0.0036594189771989149, "slope_pct": 0.37 }, "geometry": { "type": "LineString", "coordinates": [ [ 72.8349647, 19.0152611 ], [ 72.8347641, 19.0151437 ] ] } },
{ "type": "Feature", "properties": { "u": 13539897241, "v": 536673794, "key": 0, "name": "V. S. Matkar Marg", "highway": "residential", "length": 49.925942461783038, "grade": 0.0097744587150061998, "slope_pct": 0.98 }, "geometry": { "type": "LineString", "coordinates": [ [ 72.8349647, 19.0152611 ], [ 72.8348736, 19.0153883 ], [ 72.8346983, 19.0156328 ] ] } },
{ "type": "Feature", "properties": { "u": 13539897241, "v": 245660499, "key": 0, "name": "V. S. Matkar Marg", "highway": "residential", "length": 127.11665804869583, "grade": 0.01850297678020623, "slope_pct": 1.85 }, "geometry": { "type": "LineString", "coordinates": [ [ 72.8349647, 19.0152611 ], [ 72.8351503, 19.0150021 ], [ 72.8352106, 19.014918 ], [ 72.8354307, 19.0147576 ], [ 72.835821, 19.014473 ] ] } },
{ "type": "Feature", "properties": { "u": 13539897252, "v": 13539897253, "key": 0, "name": null, "highway": "residential", "length": 15.029145206304168, "grade": 0.0074407759467048648, "slope_pct": 0.74 }, "geometry": { "type": "LineString", "coordinates": [ [ 72.8344639, 19.0150589 ], [ 72.8345979, 19.0150118 ] ] } },
{ "type": "Feature", "properties": { "u": 13539897252, "v": 6491605232, "key": 0, "name": "Gokhale Road", "highway": "secondary", "length": 139.66115002445758, "grade": 0.017815513533148183, "slope_pct": 1.78 }, "geometry": { "type": "LineString", "coordinates": [ [ 72.8344639, 19.0150589 ], [ 72.8344552, 19.0150375 ], [ 72.8339854, 19.0138872 ] ] } },
{ "type": "Feature", "properties": { "u": 13539897253, "v": 13539897252, "key": 0, "name": null, "highway": "residential", "length": 15.029145206304168, "grade": 0.02433806501435995, "slope_pct": 2.43 }, "geometry": { "type": "LineString", "coordinates": [ [ 72.8345979, 19.0150118 ], [ 72.8344639, 19.0150589 ] ] } },
{ "type": "Feature", "properties": { "u": 13540004666, "v": 245660417, "key": 0, "name": "Anant Patil Marg", "highway": "residential", "length": 148.88731915804493, "grade": 0.005065815747367205, "slope_pct": 0.51 }, "geometry": { "type": "LineString", "coordinates": [ [ 72.8320078, 19.0135572 ], [ 72.8322121, 19.0136471 ], [ 72.8327172, 19.0138619 ], [ 72.8328833, 19.0138876 ], [ 72.8330469, 19.0138657 ], [ 72.8331787, 19.0138195 ], [ 72.8333111, 19.0137297 ] ] } },
{ "type": "Feature", "properties": { "u": 13540077270, "v": 13540160613, "key": 0, "name": null, "highway": "residential", "length": 3.6964053982246146, "grade": 0.01779724660095278, "slope_pct": 1.78 }, "geometry": { "type": "LineString", "coordinates": [ [ 72.8349846, 19.0197781 ], [ 72.8349665, 19.0197496 ] ] } },
{ "type": "Feature", "properties": { "u": 13540077270, "v": 12408769835, "key": 0, "name": null, "highway": "residential", "length": 47.847663595784006, "grade": 0.012762504824700566, "slope_pct": 1.28 }, "geometry": { "type": "LineString", "coordinates": [ [ 72.8349846, 19.0197781 ], [ 72.835033, 19.0198559 ], [ 72.8350635, 19.0199008 ], [ 72.8352274, 19.020142 ] ] } },
{ "type": "Feature", "properties": { "u": 13540077270, "v": 13540136696, "key": 0, "name": null, "highway": "residential", "length": 120.00496791104628, "grade": 0.022099129596305118, "slope_pct": 2.21 }, "geometry": { "type": "LineString", "coordinates": [ [ 72.8349846, 19.0197781 ], [ 72.8350772, 19.0197378 ], [ 72.8351475, 19.0197006 ], [ 72.8352823, 19.0196076 ], [ 72.8353132, 19.0195665 ], [ 72.83533, 19.0195147 ], [ 72.8353346, 19.0193869 ], [ 72.8353324, 19.019376 ], [ 72.8353271, 19.0193705 ], [ 72.8353192, 19.0193688 ], [ 72.8349573, 19.0194603 ], [ 72.8349101, 19.0194827 ], [ 72.8348266, 19.0195172 ] ] } },
{ "type": "Feature", "properties": { "u": 13540136696, "v": 7371013038, "key": 0, "name": null, "highway": "residential", "length": 4.7967528602388603, "grade": 0.0068972953678424903, "slope_pct": 0.69 }, "geometry": { "type": "LineString", "coordinates": [ [ 72.8348266, 19.0195172 ], [ 72.8348442, 19.019557 ] ] } },
{ "type": "Feature", "properties": { "u": 13540136696, "v": 6574207446, "key": 0, "name": null, "highway": "residential", "length": 100.5679706221288, "grade": 0.018237770948975621, "slope_pct": 1.82 }, "geometry": { "type": "LineString", "coordinates": [ [ 72.8348266, 19.0195172 ], [ 72.8348138, 19.0194835 ], [ 72.8347507, 19.0192955 ], [ 72.8345315, 19.0186569 ] ] } },
{ "type": "Feature", "properties": { "u": 13540136696, "v": 13540077270, "key": 0, "name": null, "highway": "residential", "length": 120.00496791104629, "grade": 0.021438536372258427, "slope_pct": 2.14 }, "geometry": { "type": "LineString", "coordinates": [ [ 72.8348266, 19.0195172 ], [ 72.8349101, 19.0194827 ], [ 72.8349573, 19.0194603 ], [ 72.8353192, 19.0193688 ], [ 72.8353271, 19.0193705 ], [ 72.8353324, 19.019376 ], [ 72.8353346, 19.0193869 ], [ 72.83533, 19.0195147 ], [ 72.8353132, 19.0195665 ], [ 72.8352823, 19.0196076 ], [ 72.8351475, 19.0197006 ], [ 72.8350772, 19.0197378 ], [ 72.8349846, 19.0197781 ] ] } },
{ "type": "Feature", "properties": { "u": 13540136697, "v": 13540136697, "key": 0, "name": null, "highway": "residential", "length": 102.80162204839847, "grade": 0.023781512828428511, "slope_pct": 2.38 }, "geometry": { "type": "LineString", "coordinates": [ [ 72.83453, 19.0196555 ], [ 72.8344536, 19.0193801 ], [ 72.8344509, 19.0193736 ], [ 72.834444, 19.0193688 ], [ 72.8344344, 19.019367 ], [ 72.8342611, 19.0194111 ], [ 72.8342534, 19.0194191 ], [ 72.834253, 19.0194322 ], [ 72.8343209, 19.019627 ], [ 72.834329, 19.0196451 ], [ 72.8343429, 19.019659 ], [ 72.8343613, 19.0196645 ], [ 72.83453, 19.0196555 ] ] } },
{ "type": "Feature", "properties": { "u": 13540136697, "v": 13540136697, "key": 1, "name": null, "highway": "residential", "length": 102.80162204839846, "grade": 0.018031456622372211, "slope_pct": 1.8 }, "geometry": { "type": "LineString", "coordinates": [ [ 72.83453, 19.0196555 ], [ 72.8343613, 19.0196645 ], [ 72.8343429, 19.019659 ], [ 72.834329, 19.0196451 ], [ 72.8343209, 19.019627 ], [ 72.834253, 19.0194322 ], [ 72.8342534, 19.0194191 ], [ 72.8342611, 19.0194111 ], [ 72.8344344, 19.019367 ], [ 72.834444, 19.0193688 ], [ 72.8344509, 19.0193736 ], [ 72.8344536, 19.0193801 ], [ 72.83453, 19.0196555 ] ] } },
{ "type": "Feature", "properties": { "u": 13540136697, "v": 7371013038, "key": 0, "name": null, "highway": "residential", "length": 35.070441025383687, "grade": 0.013937844808185402, "slope_pct": 1.39 }, "geometry": { "type": "LineString", "coordinates": [ [ 72.83453, 19.0196555 ], [ 72.8345977, 19.0196501 ], [ 72.834665, 19.0196296 ], [ 72.8348442, 19.019557 ] ] } },
{ "type": "Feature", "properties": { "u": 13540160613, "v": 13540077270, "key": 0, "name": null, "highway": "residential", "length": 3.6964053982246146, "grade": 0.016592639284426707, "slope_pct": 1.66 }, "geometry": { "type": "LineString", "coordinates": [ [ 72.8349665, 19.0197496 ], [ 72.8349846, 19.0197781 ] ] } },
{ "type": "Feature", "properties": { "u": 13540160613, "v": 7371013038, "key": 0, "name": null, "highway": "residential", "length": 24.978954685447135, "grade": 0.022115909658531802, "slope_pct": 2.21 }, "geometry": { "type": "LineString", "coordinates": [ [ 72.8349665, 19.0197496 ], [ 72.8348442, 19.019557 ] ] } },
{ "type": "Feature", "properties": { "u": 13540160613, "v": 13540160617, "key": 0, "name": null, "highway": "residential", "length": 46.65702724025612, "grade": 0.015553414426054256, "slope_pct": 1.56 }, "geometry": { "type": "LineString", "coordinates": [ [ 72.8349665, 19.0197496 ], [ 72.8347101, 19.0198525 ], [ 72.8347018, 19.0198533 ], [ 72.8346968, 19.0198529 ], [ 72.8346914, 19.0198507 ], [ 72.8346479, 19.0197189 ] ] } },
{ "type": "Feature", "properties": { "u": 13540160617, "v": 13540160613, "key": 0, "name": null, "highway": "residential", "length": 46.65702724025612, "grade": 0.0036685153133304109, "slope_pct": 0.37 }, "geometry": { "type": "LineString", "coordinates": [ [ 72.8346479, 19.0197189 ], [ 72.8346914, 19.0198507 ], [ 72.8346968, 19.0198529 ], [ 72.8347018, 19.0198533 ], [ 72.8347101, 19.0198525 ], [ 72.8349665, 19.0197496 ] ] } },
{ "type": "Feature", "properties": { "u": 13540690845, "v": 13540690851, "key": 0, "name": null, "highway": "residential", "length": 14.536931964051098, "grade": 0.023480871301153512, "slope_pct": 2.35 }, "geometry": { "type": "LineString", "coordinates": [ [ 72.8373238, 19.017959 ], [ 72.8374616, 19.0179481 ] ] } },
{ "type": "Feature", "properties": { "u": 13540690846, "v": 7371570212, "key": 0, "name": null, "highway": "residential", "length": 34.111978767558384, "grade": 0.018169588522694347, "slope_pct": 1.82 }, "geometry": { "type": "LineString", "coordinates": [ [ 72.8375072, 19.0179444 ], [ 72.837507, 19.017921 ], [ 72.8375035, 19.0178691 ], [ 72.8374981, 19.0178104 ], [ 72.8374937, 19.0177626 ], [ 72.8374837, 19.0176543 ], [ 72.8374823, 19.0176386 ] ] } },
{ "type": "Feature", "properties": { "u": 13540690846, "v": 13540690849, "key": 0, "name": null, "highway": "residential", "length": 9.0205489128831253, "grade": 0.017883294487099424, "slope_pct": 1.79 }, "geometry": { "type": "LineString", "coordinates": [ [ 72.8375072, 19.0179444 ], [ 72.8375073, 19.0179824 ], [ 72.8375059, 19.0180215 ], [ 72.8375058, 19.0180255 ] ] } },
{ "type": "Feature", "properties": { "u": 13540690846, "v": 13540690851, "key": 0, "name": null, "highway": "residential", "length": 4.8113586673692055, "grade": 0.0077448533527497785, "slope_pct": 0.77 }, "geometry": { "type": "LineString", "coordinates": [ [ 72.8375072, 19.0179444 ], [ 72.8374797, 19.0179466 ], [ 72.8374616, 19.0179481 ] ] } },
{ "type": "Feature", "properties": { "u": 13540690848, "v": 13540690850, "key": 0, "name": null, "highway": "residential", "length": 0.91466050617117689, "grade": 0.017495480345118459, "slope_pct": 1.75 }, "geometry": { "type": "LineString", "coordinates": [ [ 72.8374562, 19.0180262 ], [ 72.8374649, 19.0180261 ] ] } },
{ "type": "Feature", "properties": { "u": 13540690849, "v": 1490200561, "key": 0, "name": null, "highway": "residential", "length": 18.445541725576305, "grade": 0.011665016924391487, "slope_pct": 1.17 }, "geometry": { "type": "LineString", "coordinates": [ [ 72.8375058, 19.0180255 ], [ 72.8375114, 19.0181913 ] ] } },
{ "type": "Feature", "properties": { "u": 13540690849, "v": 13540690850, "key": 0, "name": null, "highway": "residential", "length": 4.3001555543975059, "grade": 0.017327125494912828, "slope_pct": 1.73 }, "geometry": { "type": "LineString", "coordinates": [ [ 72.8375058, 19.0180255 ], [ 72.8374649, 19.0180261 ] ] } },
{ "type": "Feature", "properties": { "u": 13540690849, "v": 13540690846, "key": 0, "name": null, "highway": "residential", "length": 9.0205489128831253, "grade": 0.005345046666775796, "slope_pct": 0.53 }, "geometry": { "type": "LineString", "coordinates": [ [ 72.8375058, 19.0180255 ], [ 72.8375059, 19.0180215 ], [ 72.8375073, 19.0179824 ], [ 72.8375072, 19.0179444 ] ] } },
{ "type": "Feature", "properties": { "u": 13540690850, "v": 13540690849, "key": 0, "name": null, "highway": "residential", "length": 4.3001555543975059, "grade": 0.017472596701266795, "slope_pct": 1.75 }, "geometry": { "type": "LineString", "coordinates": [ [ 72.8374649, 19.0180261 ], [ 72.8375058, 19.0180255 ] ] } },
{ "type": "Feature", "properties": { "u": 13540690850, "v": 13540690848, "key": 0, "name": null, "highway": "residential", "length": 0.91466050617117689, "grade": 0.024987101966954667, "slope_pct": 2.5 }, "geometry": { "type": "LineString", "coordinates": [ [ 72.8374649, 19.0180261 ], [ 72.8374562, 19.0180262 ] ] } },
{ "type": "Feature", "properties": { "u": 13540690850, "v": 13540690851, "key": 0, "name": null, "highway": "residential", "length": 8.680151769937714, "grade": 0.0040606648549322329, "slope_pct": 0.41 }, "geometry": { "type": "LineString", "coordinates": [ [ 72.8374649, 19.0180261 ], [ 72.8374616, 19.0179481 ] ] } },
{ "type": "Feature", "properties": { "u": 13540690851, "v": 13540690845, "key": 0, "name": null, "highway": "residential", "length": 14.536931964051098, "grade": 0.024497832052868981, "slope_pct": 2.45 }, "geometry": { "type": "LineString", "coordinates": [ [ 72.8374616, 19.0179481 ], [ 72.8373238, 19.017959 ] ] } },
{ "type": "Feature", "properties": { "u": 13540690851, "v": 13540690850, "key": 0, "name": null, "highway": "residential", "length": 8.680151769937714, "grade": 0.011951975135903153, "slope_pct": 1.2 }, "geometry": { "type": "LineString", "coordinates": [ [ 72.8374616, 19.0179481 ], [ 72.8374649, 19.0180261 ] ] } },
{ "type": "Feature", "properties": { "u": 13540690851, "v": 13540690846, "key": 0, "name": null, "highway": "residential", "length": 4.8113586673692055, "grade": 0.022156575907419703, "slope_pct": 2.22 }, "geometry": { "type": "LineString", "coordinates": [ [ 72.8374616, 19.0179481 ], [ 72.8374797, 19.0179466 ], [ 72.8375072, 19.0179444 ] ] } },
{ "type": "Feature", "properties": { "u": 13540778404, "v": 13540778405, "key": 0, "name": null, "highway": "residential", "length": 24.272935764001925, "grade": 0.020212480649282018, "slope_pct": 2.02 }, "geometry": { "type": "LineString", "coordinates": [ [ 72.8360646, 19.0179532 ], [ 72.8361476, 19.0181569 ] ] } },
{ "type": "Feature", "properties": { "u": 13540778405, "v": 12069719883, "key": 0, "name": null, "highway": "residential", "length": 21.584288136226945, "grade": 0.015474357741706694, "slope_pct": 1.55 }, "geometry": { "type": "LineString", "coordinates": [ [ 72.8361476, 19.0181569 ], [ 72.8363439, 19.0181 ] ] } },
{ "type": "Feature", "properties": { "u": 13540778405, "v": 12069719882, "key": 0, "name": null, "highway": "residential", "length": 39.552207927780493, "grade": 0.019245882603529184, "slope_pct": 1.92 }, "geometry": { "type": "LineString", "coordinates": [ [ 72.8361476, 19.0181569 ], [ 72.8357879, 19.0182612 ] ] } },
{ "type": "Feature", "properties": { "u": 13540778405, "v": 13540778404, "key": 0, "name": null, "highway": "residential", "length": 24.272935764001925, "grade": 0.022327342348629656, "slope_pct": 2.23 }, "geometry": { "type": "LineString", "coordinates": [ [ 72.8361476, 19.0181569 ], [ 72.8360646, 19.0179532 ] ] } },
{ "type": "Feature", "properties": { "u": 13541377666, "v": 245661295, "key": 0, "name": null, "highway": "residential", "length": 44.518172681831402, "grade": 0.011891087076322727, "slope_pct": 1.19 }, "geometry": { "type": "LineString", "coordinates": [ [ 72.8362209, 19.0214122 ], [ 72.836347, 19.0217944 ] ] } },
{ "type": "Feature", "properties": { "u": 13541377666, "v": 1514261993, "key": 0, "name": null, "highway": [ "living_street", "residential" ], "length": 204.20974849742748, "grade": 0.010194729554391251, "slope_pct": 1.02 }, "geometry": { "type": "LineString", "coordinates": [ [ 72.8362209, 19.0214122 ], [ 72.8360019, 19.0208203 ], [ 72.8359281, 19.0204726 ], [ 72.8359256, 19.0203147 ], [ 72.8359793, 19.020155 ], [ 72.8360958, 19.0200173 ], [ 72.836366, 19.0197737 ] ] } },
{ "type": "Feature", "properties": { "u": 13541377666, "v": 13541377676, "key": 0, "name": null, "highway": "residential", "length": 101.21880403127437, "grade": 0.017687054482398865, "slope_pct": 1.77 }, "geometry": { "type": "LineString", "coordinates": [ [ 72.8362209, 19.0214122 ], [ 72.8363602, 19.0213615 ], [ 72.8363808, 19.0213624 ], [ 72.8363939, 19.0213784 ], [ 72.8364548, 19.0215262 ], [ 72.8364688, 19.0215448 ], [ 72.8364922, 19.0215492 ], [ 72.8367806, 19.0215492 ], [ 72.8368019, 19.0215544 ], [ 72.8368106, 19.0215703 ], [ 72.8368856, 19.0217723 ] ] } },
{ "type": "Feature", "properties": { "u": 13541377676, "v": 7370958924, "key": 0, "name": "D S Babrekar Marg", "highway": "tertiary", "length": 21.686509104707095, "grade": 0.020772610722707689, "slope_pct": 2.08 }, "geometry": { "type": "LineString", "coordinates": [ [ 72.8368856, 19.0217723 ], [ 72.8370917, 19.0217638 ] ] } },
{ "type": "Feature", "properties": { "u": 13541377676, "v": 13541377666, "key": 0, "name": null, "highway": "residential", "length": 101.21880403127436, "grade": 0.019770272965085548, "slope_pct": 1.98 }, "geometry": { "type": "LineString", "coordinates": [ [ 72.8368856, 19.0217723 ], [ 72.8368106, 19.0215703 ], [ 72.8368019, 19.0215544 ], [ 72.8367806, 19.0215492 ], [ 72.8364922, 19.0215492 ], [ 72.8364688, 19.0215448 ], [ 72.8364548, 19.0215262 ], [ 72.8363939, 19.0213784 ], [ 72.8363808, 19.0213624 ], [ 72.8363602, 19.0213615 ], [ 72.8362209, 19.0214122 ] ] } },
{ "type": "Feature", "properties": { "u": 13542582001, "v": 13542582011, "key": 0, "name": "Shivaji Park Road no.2", "highway": "residential", "length": 16.774637603048088, "grade": 0.020551900274889959, "slope_pct": 2.06 }, "geometry": { "type": "LineString", "coordinates": [ [ 72.84134, 19.0284333 ], [ 72.8411912, 19.0283788 ] ] } },
{ "type": "Feature", "properties": { "u": 13542582001, "v": 245661918, "key": 0, "name": "Lady Jamshedji Road", "highway": "primary", "length": 14.223100579274632, "grade": 0.012582832925884527, "slope_pct": 1.26 }, "geometry": { "type": "LineString", "coordinates": [ [ 72.84134, 19.0284333 ], [ 72.8413672, 19.0285586 ] ] } },
{ "type": "Feature", "properties": { "u": 13542582002, "v": 13542582001, "key": 0, "name": "Shivaji Park Road no.2", "highway": "residential", "length": 11.664950772396985, "grade": 0.020992352755850475, "slope_pct": 2.1 }, "geometry": { "type": "LineString", "coordinates": [ [ 72.8414431, 19.0284721 ], [ 72.84134, 19.0284333 ] ] } },
{ "type": "Feature", "properties": { "u": 13542582002, "v": 245661871, "key": 0, "name": "Lady Jamshedji Road", "highway": "primary", "length": 35.408074074084368, "grade": 0.0056445992181533861, "slope_pct": 0.56 }, "geometry": { "type": "LineString", "coordinates": [ [ 72.8414431, 19.0284721 ], [ 72.8413737, 19.0281605 ] ] } },
{ "type": "Feature", "properties": { "u": 13542582003, "v": 13550987096, "key": 0, "name": null, "highway": "residential", "length": 10.607991230821124, "grade": 0.014978760155138691, "slope_pct": 1.5 }, "geometry": { "type": "LineString", "coordinates": [ [ 72.8407058, 19.0282816 ], [ 72.8406131, 19.0282439 ] ] } },
{ "type": "Feature", "properties": { "u": 13542582003, "v": 13542582005, "key": 0, "name": null, "highway": "residential", "length": 43.76410543703561, "grade": 0.0031266905309586747, "slope_pct": 0.31 }, "geometry": { "type": "LineString", "coordinates": [ [ 72.8407058, 19.0282816 ], [ 72.841092, 19.0284286 ] ] } },
{ "type": "Feature", "properties": { "u": 13542582003, "v": 631537715, "key": 0, "name": "Dr Madhukar B. Raut Marg", "highway": "residential", "length": 8.9989747559416973, "grade": 0.010140888257805947, "slope_pct": 1.01 }, "geometry": { "type": "LineString", "coordinates": [ [ 72.8407058, 19.0282816 ], [ 72.8407414, 19.028208 ] ] } },
{ "type": "Feature", "properties": { "u": 13542582004, "v": 245661890, "key": 0, "name": "Keluskar Road North", "highway": "residential", "length": 38.644716148060887, "grade": 0.011062153767170756, "slope_pct": 1.11 }, "geometry": { "type": "LineString", "coordinates": [ [ 72.8400317, 19.0280196 ], [ 72.8397408, 19.0282321 ] ] } },
{ "type": "Feature", "properties": { "u": 13542582004, "v": 245661853, "key": 0, "name": "Keluskar Road North", "highway": "residential", "length": 7.673018687077402, "grade": 0.011715799215403621, "slope_pct": 1.17 }, "geometry": { "type": "LineString", "coordinates": [ [ 72.8400317, 19.0280196 ], [ 72.8400523, 19.0279534 ] ] } },
{ "type": "Feature", "properties": { "u": 13542582004, "v": 13550987096, "key": 0, "name": null, "highway": "residential", "length": 66.00955185357985, "grade": 0.01830027854717697, "slope_pct": 1.83 }, "geometry": { "type": "LineString", "coordinates": [ [ 72.8400317, 19.0280196 ], [ 72.8406131, 19.0282439 ] ] } },
{ "type": "Feature", "properties": { "u": 13542582005, "v": 13542582003, "key": 0, "name": null, "highway": "residential", "length": 43.76410543703561, "grade": 0.011548278227947607, "slope_pct": 1.15 }, "geometry": { "type": "LineString", "coordinates": [ [ 72.841092, 19.0284286 ], [ 72.8407058, 19.0282816 ] ] } },
{ "type": "Feature", "properties": { "u": 13542582005, "v": 13550987093, "key": 0, "name": null, "highway": "residential", "length": 9.0273077046127934, "grade": 0.012871259697695675, "slope_pct": 1.29 }, "geometry": { "type": "LineString", "coordinates": [ [ 72.841092, 19.0284286 ], [ 72.8411233, 19.028353 ] ] } },
{ "type": "Feature", "properties": { "u": 13542582005, "v": 13542582010, "key": 0, "name": null, "highway": "residential", "length": 21.724514898186101, "grade": 0.0082259708792352046, "slope_pct": 0.82 }, "geometry": { "type": "LineString", "coordinates": [ [ 72.841092, 19.0284286 ], [ 72.841125, 19.0284578 ], [ 72.8411367, 19.0284863 ], [ 72.8411382, 19.0285162 ], [ 72.841141, 19.0286083 ] ] } },
{ "type": "Feature", "properties": { "u": 13542582010, "v": 13542582005, "key": 0, "name": null, "highway": "residential", "length": 21.724514898186101, "grade": 0.011211539415845483, "slope_pct": 1.12 }, "geometry": { "type": "LineString", "coordinates": [ [ 72.841141, 19.0286083 ], [ 72.8411382, 19.0285162 ], [ 72.8411367, 19.0284863 ], [ 72.841125, 19.0284578 ], [ 72.841092, 19.0284286 ] ] } },
{ "type": "Feature", "properties": { "u": 13542582011, "v": 13550987093, "key": 0, "name": "Shivaji Park Road no.2", "highway": "residential", "length": 7.6925504572011612, "grade": 0.0079999317997893338, "slope_pct": 0.8 }, "geometry": { "type": "LineString", "coordinates": [ [ 72.8411912, 19.0283788 ], [ 72.8411233, 19.028353 ] ] } },
{ "type": "Feature", "properties": { "u": 13542582014, "v": 13542582001, "key": 0, "name": "Lady Jamshedji Road", "highway": "primary", "length": 14.568069054087454, "grade": 0.0046103103229057606, "slope_pct": 0.46 }, "geometry": { "type": "LineString", "coordinates": [ [ 72.8413164, 19.0283042 ], [ 72.84134, 19.0284333 ] ] } },
{ "type": "Feature", "properties": { "u": 13542582014, "v": 13542582011, "key": 0, "name": null, "highway": "primary_link", "length": 16.306079423284167, "grade": 0.016275869054390317, "slope_pct": 1.63 }, "geometry": { "type": "LineString", "coordinates": [ [ 72.8413164, 19.0283042 ], [ 72.8412775, 19.028351 ], [ 72.841259, 19.0283624 ], [ 72.8412338, 19.0283702 ], [ 72.8411912, 19.0283788 ] ] } },
{ "type": "Feature", "properties": { "u": 13542637396, "v": 245661055, "key": 0, "name": "V R C Bhide Marg", "highway": "residential", "length": 17.019330911445643, "grade": 0.01770068156821036, "slope_pct": 1.77 }, "geometry": { "type": "LineString", "coordinates": [ [ 72.8373686, 19.0188806 ], [ 72.8373413, 19.0188273 ], [ 72.8372956, 19.018744 ] ] } },
{ "type": "Feature", "properties": { "u": 13542861480, "v": 13542861481, "key": 0, "name": null, "highway": "residential", "length": 17.939765185303383, "grade": 0.01662878761221152, "slope_pct": 1.66 }, "geometry": { "type": "LineString", "coordinates": [ [ 72.8392246, 19.018805 ], [ 72.8392824, 19.0189568 ] ] } },
{ "type": "Feature", "properties": { "u": 13542861481, "v": 13542861480, "key": 0, "name": null, "highway": "residential", "length": 17.939765185303383, "grade": 0.013196868963612593, "slope_pct": 1.32 }, "geometry": { "type": "LineString", "coordinates": [ [ 72.8392824, 19.0189568 ], [ 72.8392246, 19.018805 ] ] } },
{ "type": "Feature", "properties": { "u": 13542861481, "v": 2247988308, "key": 0, "name": "Dr Ratnakar Bhaindarkar Rd", "highway": "residential", "length": 23.326305520175751, "grade": 0.011355287163943056, "slope_pct": 1.14 }, "geometry": { "type": "LineString", "coordinates": [ [ 72.8392824, 19.0189568 ], [ 72.8393495, 19.0189349 ], [ 72.8394868, 19.0188757 ] ] } },
{ "type": "Feature", "properties": { "u": 13542861481, "v": 11052171039, "key": 0, "name": "Dr Ratnakar Bhaindarkar Rd", "highway": "residential", "length": 43.249307658949505, "grade": 0.021993340290580157, "slope_pct": 2.2 }, "geometry": { "type": "LineString", "coordinates": [ [ 72.8392824, 19.0189568 ], [ 72.8392005, 19.0189836 ], [ 72.8390668, 19.0190053 ], [ 72.8388793, 19.0190284 ] ] } },
{ "type": "Feature", "properties": { "u": 13542861482, "v": 13542861483, "key": 0, "name": null, "highway": "residential", "length": 20.897635276289037, "grade": 0.014419799272996799, "slope_pct": 1.44 }, "geometry": { "type": "LineString", "coordinates": [ [ 72.8391739, 19.0186728 ], [ 72.8393569, 19.0185994 ] ] } },
{ "type": "Feature", "properties": { "u": 13542861483, "v": 2247988277, "key": 0, "name": null, "highway": "residential", "length": 52.386387277557404, "grade": 0.013542001307854084, "slope_pct": 1.35 }, "geometry": { "type": "LineString", "coordinates": [ [ 72.8393569, 19.0185994 ], [ 72.8392631, 19.0181367 ] ] } },
{ "type": "Feature", "properties": { "u": 13542861483, "v": 2247988308, "key": 0, "name": null, "highway": "residential", "length": 33.621345856447064, "grade": 0.0035641254477415851, "slope_pct": 0.36 }, "geometry": { "type": "LineString", "coordinates": [ [ 72.8393569, 19.0185994 ], [ 72.8394868, 19.0188757 ] ] } },
{ "type": "Feature", "properties": { "u": 13542861483, "v": 13542861482, "key": 0, "name": null, "highway": "residential", "length": 20.897635276289037, "grade": 0.01050745220777544, "slope_pct": 1.05 }, "geometry": { "type": "LineString", "coordinates": [ [ 72.8393569, 19.0185994 ], [ 72.8391739, 19.0186728 ] ] } },
{ "type": "Feature", "properties": { "u": 13542895489, "v": 13542895499, "key": 0, "name": null, "highway": "residential", "length": 7.8425178932842607, "grade": 0.011364303613288856, "slope_pct": 1.14 }, "geometry": { "type": "LineString", "coordinates": [ [ 72.8434266, 19.0212393 ], [ 72.8434927, 19.0212066 ] ] } },
{ "type": "Feature", "properties": { "u": 13542895489, "v": 7371382975, "key": 0, "name": null, "highway": "residential", "length": 51.530786815874876, "grade": 0.011774101179731811, "slope_pct": 1.18 }, "geometry": { "type": "LineString", "coordinates": [ [ 72.8434266, 19.0212393 ], [ 72.8433906, 19.0212571 ], [ 72.8433143, 19.0212949 ], [ 72.8432002, 19.0213513 ], [ 72.8431731, 19.0213648 ], [ 72.8429911, 19.021452 ] ] } },
{ "type": "Feature", "properties": { "u": 13542895489, "v": 13542895497, "key": 0, "name": null, "highway": "residential", "length": 34.055290265558654, "grade": 0.015763792123001313, "slope_pct": 1.58 }, "geometry": { "type": "LineString", "coordinates": [ [ 72.8434266, 19.0212393 ], [ 72.8434905, 19.0213473 ], [ 72.8434962, 19.0213527 ], [ 72.8435049, 19.0213554 ], [ 72.8435185, 19.0213568 ], [ 72.8435898, 19.0213241 ], [ 72.8436013, 19.0213228 ], [ 72.8436107, 19.0213289 ], [ 72.8436352, 19.0213806 ] ] } },
{ "type": "Feature", "properties": { "u": 13542895497, "v": 13542895489, "key": 0, "name": null, "highway": "residential", "length": 34.055290265558654, "grade": 0.014739256027991327, "slope_pct": 1.47 }, "geometry": { "type": "LineString", "coordinates": [ [ 72.8436352, 19.0213806 ], [ 72.8436107, 19.0213289 ], [ 72.8436013, 19.0213228 ], [ 72.8435898, 19.0213241 ], [ 72.8435185, 19.0213568 ], [ 72.8435049, 19.0213554 ], [ 72.8434962, 19.0213527 ], [ 72.8434905, 19.0213473 ], [ 72.8434266, 19.0212393 ] ] } },
{ "type": "Feature", "properties": { "u": 13542895498, "v": 13542895499, "key": 0, "name": null, "highway": "residential", "length": 18.80577685447998, "grade": 0.016373912041455784, "slope_pct": 1.64 }, "geometry": { "type": "LineString", "coordinates": [ [ 72.8434048, 19.0210593 ], [ 72.8434927, 19.0212066 ] ] } },
{ "type": "Feature", "properties": { "u": 13542895499, "v": 7371382974, "key": 0, "name": null, "highway": "residential", "length": 21.406639242707406, "grade": 0.019827431753926823, "slope_pct": 1.98 }, "geometry": { "type": "LineString", "coordinates": [ [ 72.8434927, 19.0212066 ], [ 72.8436731, 19.0211173 ] ] } },
{ "type": "Feature", "properties": { "u": 13542895499, "v": 13542895489, "key": 0, "name": null, "highway": "residential", "length": 7.8425178932842607, "grade": 0.020885686251754059, "slope_pct": 2.09 }, "geometry": { "type": "LineString", "coordinates": [ [ 72.8434927, 19.0212066 ], [ 72.8434266, 19.0212393 ] ] } },
{ "type": "Feature", "properties": { "u": 13542895499, "v": 13542895498, "key": 0, "name": null, "highway": "residential", "length": 18.80577685447998, "grade": 0.018798707676982877, "slope_pct": 1.88 }, "geometry": { "type": "LineString", "coordinates": [ [ 72.8434927, 19.0212066 ], [ 72.8434048, 19.0210593 ] ] } },
{ "type": "Feature", "properties": { "u": 13542895500, "v": 7371382975, "key": 0, "name": null, "highway": "residential", "length": 2.2417102603581038, "grade": 0.024021521311008563, "slope_pct": 2.4 }, "geometry": { "type": "LineString", "coordinates": [ [ 72.8429988, 19.0214708 ], [ 72.8429911, 19.021452 ] ] } },
{ "type": "Feature", "properties": { "u": 13542925084, "v": 13542925089, "key": 0, "name": null, "highway": "residential", "length": 90.664194054425806, "grade": 0.0034011168188799561, "slope_pct": 0.34 }, "geometry": { "type": "LineString", "coordinates": [ [ 72.8381561, 19.0196078 ], [ 72.8381201, 19.0193889 ], [ 72.8381223, 19.0193791 ], [ 72.8381274, 19.0193687 ], [ 72.8381385, 19.0193631 ], [ 72.8386443, 19.0193189 ], [ 72.8387288, 19.0193115 ] ] } },
{ "type": "Feature", "properties": { "u": 13542925089, "v": 7371570218, "key": 0, "name": "SJ Joshi Marg", "highway": "residential", "length": 98.514246818105619, "grade": 0.0073071156850380145, "slope_pct": 0.73 }, "geometry": { "type": "LineString", "coordinates": [ [ 72.8387288, 19.0193115 ], [ 72.8387494, 19.0194877 ], [ 72.8387476, 19.0195167 ], [ 72.8387349, 19.0195366 ], [ 72.8387083, 19.0195531 ], [ 72.8386544, 19.0195828 ], [ 72.838632, 19.0196068 ], [ 72.8386277, 19.0196297 ], [ 72.8386266, 19.0196586 ], [ 72.8386284, 19.0196917 ], [ 72.8386327, 19.0197391 ], [ 72.8386386, 19.0198055 ], [ 72.8386686, 19.0201401 ] ] } },
{ "type": "Feature", "properties": { "u": 13542925089, "v": 2247988292, "key": 0, "name": "SJ Joshi Marg", "highway": "residential", "length": 28.883154269052383, "grade": 0.0031663832495191268, "slope_pct": 0.32 }, "geometry": { "type": "LineString", "coordinates": [ [ 72.8387288, 19.0193115 ], [ 72.8387203, 19.019239 ], [ 72.8386998, 19.0190532 ] ] } },
{ "type": "Feature", "properties": { "u": 13542925089, "v": 13542925084, "key": 0, "name": null, "highway": "residential", "length": 90.664194054425806, "grade": 0.017244443711401266, "slope_pct": 1.72 }, "geometry": { "type": "LineString", "coordinates": [ [ 72.8387288, 19.0193115 ], [ 72.8386443, 19.0193189 ], [ 72.8381385, 19.0193631 ], [ 72.8381274, 19.0193687 ], [ 72.8381223, 19.0193791 ], [ 72.8381201, 19.0193889 ], [ 72.8381561, 19.0196078 ] ] } },
{ "type": "Feature", "properties": { "u": 13542939656, "v": 2247988302, "key": 0, "name": null, "highway": "living_street", "length": 17.587024166246785, "grade": 0.022756672076899714, "slope_pct": 2.28 }, "geometry": { "type": "LineString", "coordinates": [ [ 72.8397734, 19.0189244 ], [ 72.8396898, 19.0187874 ] ] } },
{ "type": "Feature", "properties": { "u": 13542939657, "v": 13542939665, "key": 0, "name": null, "highway": "residential", "length": 15.072818340425531, "grade": 0.0083566105246785857, "slope_pct": 0.84 }, "geometry": { "type": "LineString", "coordinates": [ [ 72.8397639, 19.0189501 ], [ 72.8397293, 19.0189008 ], [ 72.839719, 19.018889 ], [ 72.8397043, 19.0188841 ], [ 72.8396947, 19.0188834 ], [ 72.8396574, 19.0188954 ] ] } },
{ "type": "Feature", "properties": { "u": 13542939662, "v": 13542939665, "key": 0, "name": null, "highway": "residential", "length": 11.261657673476853, "grade": 0.023394759985518748, "slope_pct": 2.34 }, "geometry": { "type": "LineString", "coordinates": [ [ 72.8395677, 19.0189495 ], [ 72.839606, 19.0189332 ], [ 72.8396402, 19.0189076 ], [ 72.8396574, 19.0188954 ] ] } },
{ "type": "Feature", "properties": { "u": 13542939665, "v": 13542939666, "key": 0, "name": null, "highway": "residential", "length": 9.4879135934276082, "grade": 0.0043258825863703391, "slope_pct": 0.43 }, "geometry": { "type": "LineString", "coordinates": [ [ 72.8396574, 19.0188954 ], [ 72.8396134, 19.0188209 ] ] } },
{ "type": "Feature", "properties": { "u": 13542939665, "v": 13542939662, "key": 0, "name": null, "highway": "residential", "length": 11.261657673476853, "grade": 0.023557592589721316, "slope_pct": 2.36 }, "geometry": { "type": "LineString", "coordinates": [ [ 72.8396574, 19.0188954 ], [ 72.8396402, 19.0189076 ], [ 72.839606, 19.0189332 ], [ 72.8395677, 19.0189495 ] ] } },
{ "type": "Feature", "properties": { "u": 13542939665, "v": 13542939657, "key": 0, "name": null, "highway": "residential", "length": 15.072818340425531, "grade": 0.010735699119271958, "slope_pct": 1.07 }, "geometry": { "type": "LineString", "coordinates": [ [ 72.8396574, 19.0188954 ], [ 72.8396947, 19.0188834 ], [ 72.8397043, 19.0188841 ], [ 72.839719, 19.018889 ], [ 72.8397293, 19.0189008 ], [ 72.8397639, 19.0189501 ] ] } },
{ "type": "Feature", "properties": { "u": 13542939666, "v": 2247988302, "key": 0, "name": "Dr Ratnakar Bhaindarkar Rd", "highway": "residential", "length": 8.8533520988416239, "grade": 0.0052312582258827638, "slope_pct": 0.52 }, "geometry": { "type": "LineString", "coordinates": [ [ 72.8396134, 19.0188209 ], [ 72.8396898, 19.0187874 ] ] } },
{ "type": "Feature", "properties": { "u": 13542939666, "v": 13542939665, "key": 0, "name": null, "highway": "residential", "length": 9.4879135934276082, "grade": 0.013689178702099167, "slope_pct": 1.37 }, "geometry": { "type": "LineString", "coordinates": [ [ 72.8396134, 19.0188209 ], [ 72.8396574, 19.0188954 ] ] } },
{ "type": "Feature", "properties": { "u": 13542939666, "v": 2247988308, "key": 0, "name": "Dr Ratnakar Bhaindarkar Rd", "highway": "residential", "length": 14.637628615556032, "grade": 0.0086490844898511748, "slope_pct": 0.86 }, "geometry": { "type": "LineString", "coordinates": [ [ 72.8396134, 19.0188209 ], [ 72.8395987, 19.0188274 ], [ 72.8395635, 19.0188428 ], [ 72.8395445, 19.018851 ], [ 72.8394868, 19.0188757 ] ] } },
{ "type": "Feature", "properties": { "u": 13542966944, "v": 245661112, "key": 0, "name": "SJ Joshi Marg", "highway": "residential", "length": 20.942413995600294, "grade": 0.009267203843162302, "slope_pct": 0.93 }, "geometry": { "type": "LineString", "coordinates": [ [ 72.8385627, 19.0203298 ], [ 72.8385763, 19.0201419 ] ] } },
{ "type": "Feature", "properties": { "u": 13542966944, "v": 13542966945, "key": 0, "name": null, "highway": "residential", "length": 19.377596747397504, "grade": 0.0097603792283783054, "slope_pct": 0.98 }, "geometry": { "type": "LineString", "coordinates": [ [ 72.8385627, 19.0203298 ], [ 72.8387463, 19.0203453 ] ] } },
{ "type": "Feature", "properties": { "u": 13542966945, "v": 13542966944, "key": 0, "name": null, "highway": "residential", "length": 19.377596747397504, "grade": 0.020666569752318596, "slope_pct": 2.07 }, "geometry": { "type": "LineString", "coordinates": [ [ 72.8387463, 19.0203453 ], [ 72.8385627, 19.0203298 ] ] } },
{ "type": "Feature", "properties": { "u": 13543220371, "v": 6428843057, "key": 0, "name": "Raobahadur S.K. Bole Marg", "highway": "primary", "length": 23.494952572347017, "grade": 0.014861548086855601, "slope_pct": 1.49 }, "geometry": { "type": "LineString", "coordinates": [ [ 72.8375597, 19.0198078 ], [ 72.8377474, 19.0199225 ] ] } },
{ "type": "Feature", "properties": { "u": 13543220371, "v": 13543220376, "key": 0, "name": "Raobahadur S.K. Bole Marg", "highway": "primary", "length": 49.0117915529705, "grade": 0.0098487693814320806, "slope_pct": 0.98 }, "geometry": { "type": "LineString", "coordinates": [ [ 72.8375597, 19.0198078 ], [ 72.837556, 19.0198055 ], [ 72.8371866, 19.0195435 ] ] } },
{ "type": "Feature", "properties": { "u": 13543220371, "v": 13543220376, "key": 1, "name": null, "highway": "residential", "length": 139.82747487279968, "grade": 0.016427343232840206, "slope_pct": 1.64 }, "geometry": { "type": "LineString", "coordinates": [ [ 72.8375597, 19.0198078 ], [ 72.8374032, 19.0199902 ], [ 72.8373458, 19.0200306 ], [ 72.8373186, 19.0200417 ], [ 72.8371031, 19.0201258 ], [ 72.8370832, 19.0201244 ], [ 72.8370685, 19.0201154 ], [ 72.836981, 19.0200118 ], [ 72.8369736, 19.0199812 ], [ 72.8369766, 19.019961 ], [ 72.8370479, 19.0198567 ], [ 72.8370549, 19.0198296 ], [ 72.8370531, 19.0197796 ], [ 72.8370445, 19.0197228 ], [ 72.8370474, 19.0197019 ], [ 72.8370599, 19.0196825 ], [ 72.8371866, 19.0195435 ] ] } },
{ "type": "Feature", "properties": { "u": 13543220376, "v": 11032149185, "key": 0, "name": "Raobahadur S.K. Bole Marg", "highway": "primary", "length": 53.241587766051737, "grade": 0.01875531483291026, "slope_pct": 1.88 }, "geometry": { "type": "LineString", "coordinates": [ [ 72.8371866, 19.0195435 ], [ 72.8369124, 19.019349 ], [ 72.8367816, 19.019256 ] ] } },
{ "type": "Feature", "properties": { "u": 13543220376, "v": 13543220371, "key": 0, "name": "Raobahadur S.K. Bole Marg", "highway": "primary", "length": 49.0117915529705, "grade": 0.0089977280161377439, "slope_pct": 0.9 }, "geometry": { "type": "LineString", "coordinates": [ [ 72.8371866, 19.0195435 ], [ 72.837556, 19.0198055 ], [ 72.8375597, 19.0198078 ] ] } },
{ "type": "Feature", "properties": { "u": 13543220376, "v": 13543220371, "key": 1, "name": null, "highway": "residential", "length": 139.82747487279971, "grade": 0.012098080233557733, "slope_pct": 1.21 }, "geometry": { "type": "LineString", "coordinates": [ [ 72.8371866, 19.0195435 ], [ 72.8370599, 19.0196825 ], [ 72.8370474, 19.0197019 ], [ 72.8370445, 19.0197228 ], [ 72.8370531, 19.0197796 ], [ 72.8370549, 19.0198296 ], [ 72.8370479, 19.0198567 ], [ 72.8369766, 19.019961 ], [ 72.8369736, 19.0199812 ], [ 72.836981, 19.0200118 ], [ 72.8370685, 19.0201154 ], [ 72.8370832, 19.0201244 ], [ 72.8371031, 19.0201258 ], [ 72.8373186, 19.0200417 ], [ 72.8373458, 19.0200306 ], [ 72.8374032, 19.0199902 ], [ 72.8375597, 19.0198078 ] ] } },
{ "type": "Feature", "properties": { "u": 13543227602, "v": 13532358231, "key": 0, "name": null, "highway": "residential", "length": 10.869587562513734, "grade": 0.0056814940534128467, "slope_pct": 0.57 }, "geometry": { "type": "LineString", "coordinates": [ [ 72.8340592, 19.017145 ], [ 72.8341368, 19.0172096 ] ] } },
{ "type": "Feature", "properties": { "u": 13543227602, "v": 13532358228, "key": 0, "name": null, "highway": "residential", "length": 42.180139892912791, "grade": 0.0069852856897629672, "slope_pct": 0.7 }, "geometry": { "type": "LineString", "coordinates": [ [ 72.8340592, 19.017145 ], [ 72.8337718, 19.0168803 ] ] } },
{ "type": "Feature", "properties": { "u": 13543227602, "v": 13543227603, "key": 0, "name": null, "highway": "residential", "length": 17.323346121828223, "grade": 0.017984592787229622, "slope_pct": 1.8 }, "geometry": { "type": "LineString", "coordinates": [ [ 72.8340592, 19.017145 ], [ 72.8341873, 19.017047 ] ] } },
{ "type": "Feature", "properties": { "u": 13543227603, "v": 13543227602, "key": 0, "name": null, "highway": "residential", "length": 17.323346121828223, "grade": 0.0069916436493037935, "slope_pct": 0.7 }, "geometry": { "type": "LineString", "coordinates": [ [ 72.8341873, 19.017047 ], [ 72.8340592, 19.017145 ] ] } },
{ "type": "Feature", "properties": { "u": 13543227604, "v": 13532358228, "key": 0, "name": null, "highway": "residential", "length": 18.721481796295421, "grade": 0.014553594440675326, "slope_pct": 1.46 }, "geometry": { "type": "LineString", "coordinates": [ [ 72.8339181, 19.0167843 ], [ 72.8337718, 19.0168803 ] ] } },
{ "type": "Feature", "properties": { "u": 13543285308, "v": 2442886101, "key": 0, "name": "Gokhale Road", "highway": "primary", "length": 11.340482234076728, "grade": 0.018599017757893521, "slope_pct": 1.86 }, "geometry": { "type": "LineString", "coordinates": [ [ 72.8357426, 19.0184426 ], [ 72.8357847, 19.0185365 ] ] } },
{ "type": "Feature", "properties": { "u": 13543285308, "v": 11023548634, "key": 0, "name": null, "highway": "primary", "length": 21.266026682330953, "grade": 0.0053512923080843641, "slope_pct": 0.54 }, "geometry": { "type": "LineString", "coordinates": [ [ 72.8357426, 19.0184426 ], [ 72.835626, 19.0184615 ], [ 72.8355503, 19.0184959 ] ] } },
{ "type": "Feature", "properties": { "u": 13543285311, "v": 12069719882, "key": 0, "name": "Gokhale Road", "highway": "primary", "length": 19.300243269567421, "grade": 0.01548086883183588, "slope_pct": 1.55 }, "geometry": { "type": "LineString", "coordinates": [ [ 72.8358527, 19.0184236 ], [ 72.8357879, 19.0182612 ] ] } },
{ "type": "Feature", "properties": { "u": 13543285311, "v": 13543285308, "key": 0, "name": null, "highway": "primary", "length": 11.765543416489011, "grade": 0.0086443812414300041, "slope_pct": 0.86 }, "geometry": { "type": "LineString", "coordinates": [ [ 72.8358527, 19.0184236 ], [ 72.8357426, 19.0184426 ] ] } },
{ "type": "Feature", "properties": { "u": 13543289106, "v": 13543289109, "key": 0, "name": null, "highway": "residential", "length": 22.60616892532255, "grade": 0.024184391255226756, "slope_pct": 2.42 }, "geometry": { "type": "LineString", "coordinates": [ [ 72.8364932, 19.0244072 ], [ 72.8364786, 19.0244141 ], [ 72.8364609, 19.0244203 ], [ 72.8364466, 19.0244178 ], [ 72.8363323, 19.0243049 ] ] } },
{ "type": "Feature", "properties": { "u": 13543289109, "v": 1289148292, "key": 0, "name": "Dr V.J. Rath Path", "highway": "residential", "length": 31.909338867400283, "grade": 0.013638004227838344, "slope_pct": 1.36 }, "geometry": { "type": "LineString", "coordinates": [ [ 72.8363323, 19.0243049 ], [ 72.8365478, 19.0241028 ] ] } },
{ "type": "Feature", "properties": { "u": 13543289109, "v": 4364457160, "key": 0, "name": "Dr V.J. Rath Path", "highway": "residential", "length": 33.554979490362641, "grade": 0.020731836095053479, "slope_pct": 2.07 }, "geometry": { "type": "LineString", "coordinates": [ [ 72.8363323, 19.0243049 ], [ 72.836199, 19.0244299 ], [ 72.8360971, 19.0245084 ] ] } },
{ "type": "Feature", "properties": { "u": 13543289109, "v": 13543289106, "key": 0, "name": null, "highway": "residential", "length": 22.60616892532255, "grade": 0.015104983927437761, "slope_pct": 1.51 }, "geometry": { "type": "LineString", "coordinates": [ [ 72.8363323, 19.0243049 ], [ 72.8364466, 19.0244178 ], [ 72.8364609, 19.0244203 ], [ 72.8364786, 19.0244141 ], [ 72.8364932, 19.0244072 ] ] } },
{ "type": "Feature", "properties": { "u": 13543845437, "v": 13534624336, "key": 0, "name": "Gokhale Road", "highway": "primary", "length": 25.861458367699708, "grade": 0.0039550757228060222, "slope_pct": 0.4 }, "geometry": { "type": "LineString", "coordinates": [ [ 72.8374586, 19.021344 ], [ 72.8373325, 19.0211443 ] ] } },
{ "type": "Feature", "properties": { "u": 13543845437, "v": 13534624338, "key": 0, "name": null, "highway": "residential", "length": 29.090260195299624, "grade": 0.016929330263068493, "slope_pct": 1.69 }, "geometry": { "type": "LineString", "coordinates": [ [ 72.8374586, 19.021344 ], [ 72.8376931, 19.0212051 ] ] } },
{ "type": "Feature", "properties": { "u": 13543845438, "v": 13534624338, "key": 0, "name": null, "highway": "residential", "length": 11.958642558987181, "grade": 0.023930873528546455, "slope_pct": 2.39 }, "geometry": { "type": "LineString", "coordinates": [ [ 72.8377895, 19.021148 ], [ 72.8376931, 19.0212051 ] ] } },
{ "type": "Feature", "properties": { "u": 13545016359, "v": 13535835285, "key": 0, "name": null, "highway": "residential", "length": 24.201358198254439, "grade": 0.016235460043219286, "slope_pct": 1.62 }, "geometry": { "type": "LineString", "coordinates": [ [ 72.8338803, 19.0151424 ], [ 72.8340932, 19.0150596 ] ] } },
{ "type": "Feature", "properties": { "u": 13545135272, "v": 13545135274, "key": 0, "name": null, "highway": "primary", "length": 17.194577177878248, "grade": 0.021022154907389387, "slope_pct": 2.1 }, "geometry": { "type": "LineString", "coordinates": [ [ 72.8330184, 19.0185034 ], [ 72.8330201, 19.0185308 ], [ 72.8331246, 19.0186109 ] ] } },
{ "type": "Feature", "properties": { "u": 13545135274, "v": 13545135281, "key": 0, "name": null, "highway": "primary", "length": 7.4593649862958165, "grade": 0.022452542193664972, "slope_pct": 2.25 }, "geometry": { "type": "LineString", "coordinates": [ [ 72.8331246, 19.0186109 ], [ 72.8331931, 19.0186284 ] ] } },
{ "type": "Feature", "properties": { "u": 13545135274, "v": 1650385417, "key": 0, "name": null, "highway": "tertiary", "length": 12.41235966423864, "grade": 0.0080177549828765148, "slope_pct": 0.8 }, "geometry": { "type": "LineString", "coordinates": [ [ 72.8331246, 19.0186109 ], [ 72.8331128, 19.0186664 ], [ 72.8331327, 19.0187181 ] ] } },
{ "type": "Feature", "properties": { "u": 13545135281, "v": 13545135282, "key": 0, "name": "N.M. Kale Marg", "highway": "tertiary", "length": 4.8995230958279476, "grade": 0.0076649864779809868, "slope_pct": 0.77 }, "geometry": { "type": "LineString", "coordinates": [ [ 72.8331931, 19.0186284 ], [ 72.8332046, 19.0185857 ] ] } },
{ "type": "Feature", "properties": { "u": 13545135281, "v": 1650385414, "key": 0, "name": null, "highway": "primary", "length": 17.714800395722847, "grade": 0.01644158175472182, "slope_pct": 1.64 }, "geometry": { "type": "LineString", "coordinates": [ [ 72.8331931, 19.0186284 ], [ 72.8332097, 19.0186323 ], [ 72.8333129, 19.0186372 ], [ 72.833357, 19.0186191 ] ] } },
{ "type": "Feature", "properties": { "u": 13545135282, "v": 245660938, "key": 0, "name": "Raobahadur S.K. Bole Marg", "highway": "primary", "length": 7.3969269229073316, "grade": 0.012042626335747503, "slope_pct": 1.2 }, "geometry": { "type": "LineString", "coordinates": [ [ 72.8332046, 19.0185857 ], [ 72.8331378, 19.0185648 ] ] } },
{ "type": "Feature", "properties": { "u": 13545175819, "v": 13536010789, "key": 0, "name": null, "highway": "residential", "length": 29.246332420489836, "grade": 0.02147694866306785, "slope_pct": 2.15 }, "geometry": { "type": "LineString", "coordinates": [ [ 72.8380211, 19.0163851 ], [ 72.83797, 19.0164106 ], [ 72.8377813, 19.0165183 ] ] } },
{ "type": "Feature", "properties": { "u": 13545848445, "v": 6429979657, "key": 0, "name": null, "highway": "residential", "length": 76.300421805045289, "grade": 0.022800508714756248, "slope_pct": 2.28 }, "geometry": { "type": "LineString", "coordinates": [ [ 72.8328, 19.0111501 ], [ 72.8324175, 19.0110261 ], [ 72.8321355, 19.0108803 ] ] } },
{ "type": "Feature", "properties": { "u": 13550913785, "v": 13550913789, "key": 0, "name": "Swatantrya Veer Savarkar Marg", "highway": "secondary", "length": 33.807052351792827, "grade": 0.010775270344659799, "slope_pct": 1.08 }, "geometry": { "type": "LineString", "coordinates": [ [ 72.8349367, 19.0236886 ], [ 72.8348, 19.0234134 ] ] } },
{ "type": "Feature", "properties": { "u": 13550913785, "v": 13550913790, "key": 0, "name": null, "highway": "secondary", "length": 35.825774982677181, "grade": 0.0082111522974386061, "slope_pct": 0.82 }, "geometry": { "type": "LineString", "coordinates": [ [ 72.8349367, 19.0236886 ], [ 72.834954, 19.0236127 ], [ 72.8348437, 19.0233915 ] ] } },
{ "type": "Feature", "properties": { "u": 13550913788, "v": 13421207903, "key": 0, "name": "Swatantrya Veer Savarkar Marg", "highway": "secondary", "length": 38.49406704169624, "grade": 0.020171561335364963, "slope_pct": 2.02 }, "geometry": { "type": "LineString", "coordinates": [ [ 72.8346571, 19.0231255 ], [ 72.8345353, 19.0228803 ], [ 72.8344998, 19.0228129 ] ] } },
{ "type": "Feature", "properties": { "u": 13550913789, "v": 13550913788, "key": 0, "name": "Swatantrya Veer Savarkar Marg", "highway": "secondary", "length": 35.362354478197929, "grade": 0.0090457327820589947, "slope_pct": 0.9 }, "geometry": { "type": "LineString", "coordinates": [ [ 72.8348, 19.0234134 ], [ 72.8346571, 19.0231255 ] ] } },
{ "type": "Feature", "properties": { "u": 13550913789, "v": 13550913790, "key": 0, "name": null, "highway": "secondary_link", "length": 5.1993692227606179, "grade": 0.021097515007300924, "slope_pct": 2.11 }, "geometry": { "type": "LineString", "coordinates": [ [ 72.8348, 19.0234134 ], [ 72.8348437, 19.0233915 ] ] } },
{ "type": "Feature", "properties": { "u": 13550913790, "v": 13550913789, "key": 0, "name": null, "highway": "secondary_link", "length": 5.1993692227606179, "grade": 0.012322241580272782, "slope_pct": 1.23 }, "geometry": { "type": "LineString", "coordinates": [ [ 72.8348437, 19.0233915 ], [ 72.8348, 19.0234134 ] ] } },
{ "type": "Feature", "properties": { "u": 13550913790, "v": 13550913788, "key": 0, "name": null, "highway": "secondary", "length": 37.585643673773482, "grade": 0.017686097784412352, "slope_pct": 1.77 }, "geometry": { "type": "LineString", "coordinates": [ [ 72.8348437, 19.0233915 ], [ 72.8347179, 19.0231392 ], [ 72.8346571, 19.0231255 ] ] } },
{ "type": "Feature", "properties": { "u": 13550987093, "v": 631537715, "key": 0, "name": "Shivaji Park Road no.2", "highway": "residential", "length": 43.261775816993449, "grade": 0.0051017769043626999, "slope_pct": 0.51 }, "geometry": { "type": "LineString", "coordinates": [ [ 72.8411233, 19.028353 ], [ 72.8407414, 19.028208 ] ] } },
{ "type": "Feature", "properties": { "u": 13550987093, "v": 13542582005, "key": 0, "name": null, "highway": "residential", "length": 9.0273077046127934, "grade": 0.016724905142884609, "slope_pct": 1.67 }, "geometry": { "type": "LineString", "coordinates": [ [ 72.8411233, 19.028353 ], [ 72.841092, 19.0284286 ] ] } },
{ "type": "Feature", "properties": { "u": 13550987094, "v": 2294332770, "key": 0, "name": "Dr Madhukar B. Raut Marg", "highway": "residential", "length": 83.970119238820757, "grade": 0.012938888932219041, "slope_pct": 1.29 }, "geometry": { "type": "LineString", "coordinates": [ [ 72.8404931, 19.0284662 ], [ 72.8404404, 19.0285045 ], [ 72.8398809, 19.028811 ], [ 72.8398093, 19.0288555 ] ] } },
{ "type": "Feature", "properties": { "u": 13550987094, "v": 13550987098, "key": 0, "name": "Dr Madhukar B. Raut Marg", "highway": "residential", "length": 18.083466475858586, "grade": 0.01590538618986043, "slope_pct": 1.59 }, "geometry": { "type": "LineString", "coordinates": [ [ 72.8404931, 19.0284662 ], [ 72.8405759, 19.0284384 ], [ 72.8406431, 19.0283905 ] ] } },
{ "type": "Feature", "properties": { "u": 13550987095, "v": 13550987098, "key": 0, "name": null, "highway": "residential", "length": 9.5214495544763302, "grade": 0.0066963125703869957, "slope_pct": 0.67 }, "geometry": { "type": "LineString", "coordinates": [ [ 72.8405931, 19.0283191 ], [ 72.8406431, 19.0283905 ] ] } },
{ "type": "Feature", "properties": { "u": 13550987095, "v": 13550987094, "key": 0, "name": null, "highway": "residential", "length": 19.504988026462861, "grade": 0.019211222388772008, "slope_pct": 1.92 }, "geometry": { "type": "LineString", "coordinates": [ [ 72.8405931, 19.0283191 ], [ 72.8405274, 19.0284031 ], [ 72.8404931, 19.0284662 ] ] } },
{ "type": "Feature", "properties": { "u": 13550987096, "v": 13542582003, "key": 0, "name": null, "highway": "residential", "length": 10.607991230821124, "grade": 0.02198153570595103, "slope_pct": 2.2 }, "geometry": { "type": "LineString", "coordinates": [ [ 72.8406131, 19.0282439 ], [ 72.8407058, 19.0282816 ] ] } },
{ "type": "Feature", "properties": { "u": 13550987096, "v": 13542582004, "key": 0, "name": null, "highway": "residential", "length": 66.00955185357985, "grade": 0.0077682756019970649, "slope_pct": 0.78 }, "geometry": { "type": "LineString", "coordinates": [ [ 72.8406131, 19.0282439 ], [ 72.8400317, 19.0280196 ] ] } },
{ "type": "Feature", "properties": { "u": 13550987096, "v": 13550987095, "key": 0, "name": null, "highway": "residential", "length": 8.6221162058340344, "grade": 0.0051057202214435582, "slope_pct": 0.51 }, "geometry": { "type": "LineString", "coordinates": [ [ 72.8406131, 19.0282439 ], [ 72.8405931, 19.0283191 ] ] } },
{ "type": "Feature", "properties": { "u": 13550987097, "v": 631537715, "key": 0, "name": "Shivaji Park Road no.2", "highway": "residential", "length": 11.164479056711183, "grade": 0.0035200488930194011, "slope_pct": 0.35 }, "geometry": { "type": "LineString", "coordinates": [ [ 72.8406425, 19.0281714 ], [ 72.8407414, 19.028208 ] ] } },
{ "type": "Feature", "properties": { "u": 13550987097, "v": 13550987096, "key": 0, "name": null, "highway": "residential", "length": 8.6337310409848058, "grade": 0.017123373009751853, "slope_pct": 1.71 }, "geometry": { "type": "LineString", "coordinates": [ [ 72.8406425, 19.0281714 ], [ 72.8406131, 19.0282439 ] ] } },
{ "type": "Feature", "properties": { "u": 13550987097, "v": 245661853, "key": 0, "name": "Shivaji Park Road no.2", "highway": "residential", "length": 66.608843449489655, "grade": 0.016356068793953179, "slope_pct": 1.64 }, "geometry": { "type": "LineString", "coordinates": [ [ 72.8406425, 19.0281714 ], [ 72.8401336, 19.0279834 ], [ 72.8400523, 19.0279534 ] ] } },
{ "type": "Feature", "properties": { "u": 13550987098, "v": 13542582003, "key": 0, "name": "Dr Madhukar B. Raut Marg", "highway": "residential", "length": 13.786668827015427, "grade": 0.015027343079709543, "slope_pct": 1.5 }, "geometry": { "type": "LineString", "coordinates": [ [ 72.8406431, 19.0283905 ], [ 72.8407058, 19.0282816 ] ] } },
{ "type": "Feature", "properties": { "u": 13550987098, "v": 13550987095, "key": 0, "name": null, "highway": "residential", "length": 9.5214495544763302, "grade": 0.0081028361145514607, "slope_pct": 0.81 }, "geometry": { "type": "LineString", "coordinates": [ [ 72.8406431, 19.0283905 ], [ 72.8405931, 19.0283191 ] ] } },
{ "type": "Feature", "properties": { "u": 13552431988, "v": 4364457157, "key": 0, "name": "Ranade Road", "highway": "tertiary", "length": 63.528651862072444, "grade": 0.011599931909921323, "slope_pct": 1.16 }, "geometry": { "type": "LineString", "coordinates": [ [ 72.8373284, 19.024575 ], [ 72.8369654, 19.0247726 ], [ 72.8369461, 19.0247827 ], [ 72.8368029, 19.0248571 ] ] } },
{ "type": "Feature", "properties": { "u": 13552431988, "v": 1348056645, "key": 0, "name": "Ranade Road", "highway": "tertiary", "length": 18.293991300618828, "grade": 0.01607847937409581, "slope_pct": 1.61 }, "geometry": { "type": "LineString", "coordinates": [ [ 72.8373284, 19.024575 ], [ 72.8373794, 19.0245707 ], [ 72.8374843, 19.0245103 ] ] } },
{ "type": "Feature", "properties": { "u": 13552431991, "v": 1289124423, "key": 0, "name": "Dada Rege Marg", "highway": "residential", "length": 32.318981143493254, "grade": 0.013928870894901729, "slope_pct": 1.39 }, "geometry": { "type": "LineString", "coordinates": [ [ 72.8379692, 19.0244195 ], [ 72.838276, 19.0244007 ] ] } },
{ "type": "Feature", "properties": { "u": 13552431993, "v": 1348056609, "key": 0, "name": null, "highway": "tertiary", "length": 8.3714063779814474, "grade": 0.024731281444727523, "slope_pct": 2.47 }, "geometry": { "type": "LineString", "coordinates": [ [ 72.8377723, 19.0244554 ], [ 72.8377761, 19.0243802 ] ] } },
{ "type": "Feature", "properties": { "u": 13552431993, "v": 13552431991, "key": 0, "name": null, "highway": "residential", "length": 21.782202088909045, "grade": 0.0060016745562481294, "slope_pct": 0.6 }, "geometry": { "type": "LineString", "coordinates": [ [ 72.8377723, 19.0244554 ], [ 72.8379154, 19.0244524 ], [ 72.8379692, 19.0244195 ] ] } },
{ "type": "Feature", "properties": { "u": 13553535104, "v": 1289148292, "key": 0, "name": "Shankar Rao H. Parelkar Marg", "highway": "residential", "length": 73.884689451631786, "grade": 0.018293180189047065, "slope_pct": 1.83 }, "geometry": { "type": "LineString", "coordinates": [ [ 72.8372043, 19.0243389 ], [ 72.8370395, 19.0242685 ], [ 72.8366929, 19.0241517 ], [ 72.8365478, 19.0241028 ] ] } },
{ "type": "Feature", "properties": { "u": 13553535104, "v": 2294332738, "key": 0, "name": "Shankar Rao H. Parelkar Marg", "highway": "residential", "length": 27.881135417329425, "grade": 0.011895012898294428, "slope_pct": 1.19 }, "geometry": { "type": "LineString", "coordinates": [ [ 72.8372043, 19.0243389 ], [ 72.8372526, 19.0243851 ], [ 72.8374442, 19.0244264 ] ] } },
{ "type": "Feature", "properties": { "u": 13565683095, "v": 245661285, "key": 0, "name": "Rajaram Keshav Vaidya Marg", "highway": "residential", "length": 8.1048911611672061, "grade": 0.012420391528363526, "slope_pct": 1.24 }, "geometry": { "type": "LineString", "coordinates": [ [ 72.8403854, 19.0222071 ], [ 72.8403112, 19.0222269 ] ] } },
{ "type": "Feature", "properties": { "u": 13565683095, "v": 7371481533, "key": 0, "name": null, "highway": "living_street", "length": 55.718765262856351, "grade": 0.018787150844479877, "slope_pct": 1.88 }, "geometry": { "type": "LineString", "coordinates": [ [ 72.8403854, 19.0222071 ], [ 72.8404567, 19.0218678 ], [ 72.8404827, 19.0217146 ] ] } },
{ "type": "Feature", "properties": { "u": 13565683099, "v": 13565683095, "key": 0, "name": "Rajaram Keshav Vaidya Marg", "highway": "residential", "length": 33.533064211378111, "grade": 0.018233595329136133, "slope_pct": 1.82 }, "geometry": { "type": "LineString", "coordinates": [ [ 72.8406924, 19.0221252 ], [ 72.8403854, 19.0222071 ] ] } },
{ "type": "Feature", "properties": { "u": 13565683099, "v": 7371481533, "key": 0, "name": null, "highway": "living_street", "length": 63.925218087980582, "grade": 0.024807631861448146, "slope_pct": 2.48 }, "geometry": { "type": "LineString", "coordinates": [ [ 72.8406924, 19.0221252 ], [ 72.8406488, 19.0217177 ], [ 72.8406404, 19.0217052 ], [ 72.8406255, 19.0217007 ], [ 72.8404827, 19.0217146 ] ] } },
{ "type": "Feature", "properties": { "u": 13565683100, "v": 7371481537, "key": 0, "name": null, "highway": "living_street", "length": 6.1573351746500293, "grade": 0.0058246743679907561, "slope_pct": 0.58 }, "geometry": { "type": "LineString", "coordinates": [ [ 72.8411241, 19.0213128 ], [ 72.8410679, 19.0213284 ] ] } },
{ "type": "Feature", "properties": { "u": 13565683100, "v": 13565741201, "key": 0, "name": null, "highway": "living_street", "length": 43.632879753137736, "grade": 0.0052904122864516597, "slope_pct": 0.53 }, "geometry": { "type": "LineString", "coordinates": [ [ 72.8411241, 19.0213128 ], [ 72.8412565, 19.0216847 ] ] } },
{ "type": "Feature", "properties": { "u": 13565683100, "v": 7371481535, "key": 0, "name": null, "highway": "living_street", "length": 72.163187166954742, "grade": 0.018935453976832307, "slope_pct": 1.89 }, "geometry": { "type": "LineString", "coordinates": [ [ 72.8411241, 19.0213128 ], [ 72.8412663, 19.0212761 ], [ 72.8415069, 19.0211968 ], [ 72.8416595, 19.0211122 ], [ 72.8417528, 19.021062 ] ] } },
{ "type": "Feature", "properties": { "u": 13565741201, "v": 13565683100, "key": 0, "name": null, "highway": "living_street", "length": 43.632879753137736, "grade": 0.015724512174141, "slope_pct": 1.57 }, "geometry": { "type": "LineString", "coordinates": [ [ 72.8412565, 19.0216847 ], [ 72.8411241, 19.0213128 ] ] } },
{ "type": "Feature", "properties": { "u": 13565741202, "v": 13565741204, "key": 0, "name": null, "highway": "living_street", "length": 20.114805528877675, "grade": 0.0090315346643157299, "slope_pct": 0.9 }, "geometry": { "type": "LineString", "coordinates": [ [ 72.8408402, 19.0212089 ], [ 72.8408133, 19.0210298 ] ] } },
{ "type": "Feature", "properties": { "u": 13565741203, "v": 13565741204, "key": 0, "name": null, "highway": "living_street", "length": 8.5258516777988405, "grade": 0.0047472261177577057, "slope_pct": 0.47 }, "geometry": { "type": "LineString", "coordinates": [ [ 72.8408018, 19.0209539 ], [ 72.8408133, 19.0210298 ] ] } },
{ "type": "Feature", "properties": { "u": 13565741204, "v": 13565741203, "key": 0, "name": null, "highway": "living_street", "length": 8.5258516777988405, "grade": 0.004884481491121472, "slope_pct": 0.49 }, "geometry": { "type": "LineString", "coordinates": [ [ 72.8408133, 19.0210298 ], [ 72.8408018, 19.0209539 ] ] } },
{ "type": "Feature", "properties": { "u": 13565741204, "v": 13565741202, "key": 0, "name": null, "highway": "living_street", "length": 20.114805528877675, "grade": 0.022672199242610602, "slope_pct": 2.27 }, "geometry": { "type": "LineString", "coordinates": [ [ 72.8408133, 19.0210298 ], [ 72.8408402, 19.0212089 ] ] } },
{ "type": "Feature", "properties": { "u": 13565741204, "v": 13565741206, "key": 0, "name": null, "highway": "living_street", "length": 18.712241731990467, "grade": 0.0072210811438123447, "slope_pct": 0.72 }, "geometry": { "type": "LineString", "coordinates": [ [ 72.8408133, 19.0210298 ], [ 72.840991, 19.0210396 ] ] } },
{ "type": "Feature", "properties": { "u": 13565741205, "v": 13565741206, "key": 0, "name": null, "highway": "living_street", "length": 34.013245564860455, "grade": 0.010114174366541457, "slope_pct": 1.01 }, "geometry": { "type": "LineString", "coordinates": [ [ 72.841314, 19.0210575 ], [ 72.840991, 19.0210396 ] ] } },
{ "type": "Feature", "properties": { "u": 13565741206, "v": 13565741205, "key": 0, "name": null, "highway": "living_street", "length": 34.013245564860455, "grade": 0.0079864408489937373, "slope_pct": 0.8 }, "geometry": { "type": "LineString", "coordinates": [ [ 72.840991, 19.0210396 ], [ 72.841314, 19.0210575 ] ] } },
{ "type": "Feature", "properties": { "u": 13565741206, "v": 13565741204, "key": 0, "name": null, "highway": "living_street", "length": 18.712241731990467, "grade": 0.010809918728302621, "slope_pct": 1.08 }, "geometry": { "type": "LineString", "coordinates": [ [ 72.840991, 19.0210396 ], [ 72.8408133, 19.0210298 ] ] } },
{ "type": "Feature", "properties": { "u": 13565741206, "v": 7371481537, "key": 0, "name": null, "highway": "living_street", "length": 33.115025860196972, "grade": 0.0045273245404140548, "slope_pct": 0.45 }, "geometry": { "type": "LineString", "coordinates": [ [ 72.840991, 19.0210396 ], [ 72.8410679, 19.0213284 ] ] } },
{ "type": "Feature", "properties": { "u": 13565885390, "v": 1645876429, "key": 0, "name": "Senapati Bapat Marg", "highway": "primary", "length": 7.9139366771638553, "grade": 0.014419315399981949, "slope_pct": 1.44 }, "geometry": { "type": "LineString", "coordinates": [ [ 72.8409262, 19.0171634 ], [ 72.8409831, 19.01721 ] ] } },
{ "type": "Feature", "properties": { "u": 13565885390, "v": 13565885391, "key": 0, "name": null, "highway": "primary_link", "length": 7.7945681565684417, "grade": 0.0044874763990287283, "slope_pct": 0.45 }, "geometry": { "type": "LineString", "coordinates": [ [ 72.8409262, 19.0171634 ], [ 72.8409814, 19.0171166 ] ] } },
{ "type": "Feature", "properties": { "u": 13565885391, "v": 13565929610, "key": 0, "name": "Senapati Bapat Marg", "highway": "primary", "length": 114.36478212791778, "grade": 0.020607843172091956, "slope_pct": 2.06 }, "geometry": { "type": "LineString", "coordinates": [ [ 72.8409814, 19.0171166 ], [ 72.840269, 19.0163393 ] ] } },
{ "type": "Feature", "properties": { "u": 13565885391, "v": 13565885390, "key": 0, "name": null, "highway": "primary_link", "length": 7.7945681565684417, "grade": 0.0081416658020295272, "slope_pct": 0.81 }, "geometry": { "type": "LineString", "coordinates": [ [ 72.8409814, 19.0171166 ], [ 72.8409262, 19.0171634 ] ] } },
{ "type": "Feature", "properties": { "u": 13565929609, "v": 13565929610, "key": 0, "name": null, "highway": "primary_link", "length": 14.849830460650661, "grade": 0.014880262121299233, "slope_pct": 1.49 }, "geometry": { "type": "LineString", "coordinates": [ [ 72.8401604, 19.0164247 ], [ 72.840269, 19.0163393 ] ] } },
{ "type": "Feature", "properties": { "u": 13565929609, "v": 13565885390, "key": 0, "name": "Senapati Bapat Marg", "highway": "primary", "length": 115.13435359825074, "grade": 0.022361739926352084, "slope_pct": 2.24 }, "geometry": { "type": "LineString", "coordinates": [ [ 72.8401604, 19.0164247 ], [ 72.8401914, 19.0164582 ], [ 72.8403917, 19.0166504 ], [ 72.8407468, 19.0170164 ], [ 72.8409262, 19.0171634 ] ] } },
{ "type": "Feature", "properties": { "u": 13565929610, "v": 1645876426, "key": 0, "name": "Senapati Bapat Marg", "highway": "primary", "length": 46.001580080853479, "grade": 0.017319302119038274, "slope_pct": 1.73 }, "geometry": { "type": "LineString", "coordinates": [ [ 72.840269, 19.0163393 ], [ 72.8399825, 19.0160266 ] ] } },
{ "type": "Feature", "properties": { "u": 13565929610, "v": 13565929609, "key": 0, "name": null, "highway": "primary_link", "length": 14.849830460650661, "grade": 0.014725071304129377, "slope_pct": 1.47 }, "geometry": { "type": "LineString", "coordinates": [ [ 72.840269, 19.0163393 ], [ 72.8401604, 19.0164247 ] ] } },
{ "type": "Feature", "properties": { "u": 13565939546, "v": 11384605402, "key": 0, "name": "Senapati Bapat Marg", "highway": "primary", "length": 42.212306074131639, "grade": 0.010135342568538264, "slope_pct": 1.01 }, "geometry": { "type": "LineString", "coordinates": [ [ 72.8344088, 19.0101757 ], [ 72.8341594, 19.0099183 ], [ 72.8341379, 19.0098955 ] ] } },
{ "type": "Feature", "properties": { "u": 13569250101, "v": 13569250102, "key": 0, "name": null, "highway": "secondary_link", "length": 10.263347266615202, "grade": 0.010326042087280355, "slope_pct": 1.03 }, "geometry": { "type": "LineString", "coordinates": [ [ 72.8464956, 19.0281482 ], [ 72.8465906, 19.0281269 ] ] } },
{ "type": "Feature", "properties": { "u": 13569250101, "v": 13569250103, "key": 0, "name": "Senapati Bapat Marg", "highway": "secondary", "length": 35.920884369514141, "grade": 0.017728713014360183, "slope_pct": 1.77 }, "geometry": { "type": "LineString", "coordinates": [ [ 72.8464956, 19.0281482 ], [ 72.84652, 19.0282313 ], [ 72.8465548, 19.02835 ], [ 72.8465869, 19.0284595 ] ] } },
{ "type": "Feature", "properties": { "u": 13569250102, "v": 6606882582, "key": 0, "name": "Senapati Bapat Marg", "highway": "secondary", "length": 37.858676017495874, "grade": 0.024871065946865688, "slope_pct": 2.49 }, "geometry": { "type": "LineString", "coordinates": [ [ 72.8465906, 19.0281269 ], [ 72.8464944, 19.0277988 ] ] } },
{ "type": "Feature", "properties": { "u": 13569250102, "v": 13569250101, "key": 0, "name": null, "highway": "secondary_link", "length": 10.263347266615202, "grade": 0.017560462176686331, "slope_pct": 1.76 }, "geometry": { "type": "LineString", "coordinates": [ [ 72.8465906, 19.0281269 ], [ 72.8464956, 19.0281482 ] ] } },
{ "type": "Feature", "properties": { "u": 13569250103, "v": 13569250105, "key": 0, "name": "Senapati Bapat Marg", "highway": "secondary", "length": 33.071989228867061, "grade": 0.01527123518214055, "slope_pct": 1.53 }, "geometry": { "type": "LineString", "coordinates": [ [ 72.8465869, 19.0284595 ], [ 72.846671, 19.0287461 ] ] } },
{ "type": "Feature", "properties": { "u": 13569250103, "v": 13569250104, "key": 0, "name": null, "highway": "secondary_link", "length": 10.245741949394306, "grade": 0.019074311225263416, "slope_pct": 1.91 }, "geometry": { "type": "LineString", "coordinates": [ [ 72.8465869, 19.0284595 ], [ 72.8466805, 19.0284338 ] ] } },
{ "type": "Feature", "properties": { "u": 13569250104, "v": 13569250102, "key": 0, "name": "Senapati Bapat Marg", "highway": "secondary", "length": 35.410093681342403, "grade": 0.013234523470241802, "slope_pct": 1.32 }, "geometry": { "type": "LineString", "coordinates": [ [ 72.8466805, 19.0284338 ], [ 72.8465906, 19.0281269 ] ] } },
{ "type": "Feature", "properties": { "u": 13569250104, "v": 13569250103, "key": 0, "name": null, "highway": "secondary_link", "length": 10.245741949394306, "grade": 0.004323131537217275, "slope_pct": 0.43 }, "geometry": { "type": "LineString", "coordinates": [ [ 72.8466805, 19.0284338 ], [ 72.8465869, 19.0284595 ] ] } },
{ "type": "Feature", "properties": { "u": 13569250105, "v": 13569250107, "key": 0, "name": "Senapati Bapat Marg", "highway": "secondary", "length": 25.847446317849915, "grade": 0.015370529949314017, "slope_pct": 1.54 }, "geometry": { "type": "LineString", "coordinates": [ [ 72.846671, 19.0287461 ], [ 72.8467367, 19.0289701 ] ] } },
{ "type": "Feature", "properties": { "u": 13569250105, "v": 13569250106, "key": 0, "name": null, "highway": "secondary_link", "length": 10.31688131093461, "grade": 0.024067756259118365, "slope_pct": 2.41 }, "geometry": { "type": "LineString", "coordinates": [ [ 72.846671, 19.0287461 ], [ 72.8467644, 19.0287176 ] ] } },
{ "type": "Feature", "properties": { "u": 13569250106, "v": 13569250105, "key": 0, "name": null, "highway": "secondary_link", "length": 10.31688131093461, "grade": 0.0068566647318685121, "slope_pct": 0.69 }, "geometry": { "type": "LineString", "coordinates": [ [ 72.8467644, 19.0287176 ], [ 72.846671, 19.0287461 ] ] } },
{ "type": "Feature", "properties": { "u": 13569250106, "v": 13569250104, "key": 0, "name": "Senapati Bapat Marg", "highway": "secondary", "length": 32.766414410688462, "grade": 0.018180107598054648, "slope_pct": 1.82 }, "geometry": { "type": "LineString", "coordinates": [ [ 72.8467644, 19.0287176 ], [ 72.8466856, 19.028451 ], [ 72.8466805, 19.0284338 ] ] } },
{ "type": "Feature", "properties": { "u": 13569250107, "v": 13569250108, "key": 0, "name": null, "highway": "secondary_link", "length": 10.370838211184218, "grade": 0.0074205411504992425, "slope_pct": 0.74 }, "geometry": { "type": "LineString", "coordinates": [ [ 72.8467367, 19.0289701 ], [ 72.8468326, 19.0289482 ] ] } },
{ "type": "Feature", "properties": { "u": 13569250108, "v": 13569250106, "key": 0, "name": "Senapati Bapat Marg", "highway": "secondary", "length": 26.624931184675898, "grade": 0.014788209058407789, "slope_pct": 1.48 }, "geometry": { "type": "LineString", "coordinates": [ [ 72.8468326, 19.0289482 ], [ 72.8467644, 19.0287176 ] ] } },
{ "type": "Feature", "properties": { "u": 13569250108, "v": 13569250107, "key": 0, "name": null, "highway": "secondary_link", "length": 10.370838211184218, "grade": 0.0051268818922278313, "slope_pct": 0.51 }, "geometry": { "type": "LineString", "coordinates": [ [ 72.8468326, 19.0289482 ], [ 72.8467367, 19.0289701 ] ] } },
{ "type": "Feature", "properties": { "u": 13569482439, "v": 245661383, "key": 0, "name": "D L Vaidya Marg", "highway": "residential", "length": 31.958188998038317, "grade": 0.012908160597680074, "slope_pct": 1.29 }, "geometry": { "type": "LineString", "coordinates": [ [ 72.8396919, 19.022918 ], [ 72.8397883, 19.0230256 ], [ 72.8398123, 19.0230524 ], [ 72.8398884, 19.0231373 ] ] } },
{ "type": "Feature", "properties": { "u": 13569482439, "v": 13569482440, "key": 0, "name": null, "highway": "residential", "length": 61.132464636687352, "grade": 0.019635593235695414, "slope_pct": 1.96 }, "geometry": { "type": "LineString", "coordinates": [ [ 72.8396919, 19.022918 ], [ 72.8398819, 19.0227551 ], [ 72.8400155, 19.0226405 ], [ 72.8401227, 19.0225487 ] ] } },
{ "type": "Feature", "properties": { "u": 13569482440, "v": 13569482439, "key": 0, "name": null, "highway": "residential", "length": 61.132464636687352, "grade": 0.010646573533257608, "slope_pct": 1.06 }, "geometry": { "type": "LineString", "coordinates": [ [ 72.8401227, 19.0225487 ], [ 72.8400155, 19.0226405 ], [ 72.8398819, 19.0227551 ], [ 72.8396919, 19.022918 ] ] } },
{ "type": "Feature", "properties": { "u": 13571647016, "v": 7371382975, "key": 0, "name": null, "highway": "residential", "length": 13.421229714245385, "grade": 0.0176280579387188, "slope_pct": 1.76 }, "geometry": { "type": "LineString", "coordinates": [ [ 72.8428774, 19.0215069 ], [ 72.8429349, 19.0214791 ], [ 72.8429911, 19.021452 ] ] } },
{ "type": "Feature", "properties": { "u": 13584470505, "v": 6429005902, "key": 0, "name": "Senapati Bapat Marg", "highway": "primary", "length": 20.853686786939718, "grade": 0.020499899137374045, "slope_pct": 2.05 }, "geometry": { "type": "LineString", "coordinates": [ [ 72.8392525, 19.0154695 ], [ 72.8393859, 19.0156083 ] ] } },
{ "type": "Feature", "properties": { "u": 13584470505, "v": 13584470506, "key": 0, "name": null, "highway": "primary_link", "length": 15.783368887714275, "grade": 0.023397912028547959, "slope_pct": 2.34 }, "geometry": { "type": "LineString", "coordinates": [ [ 72.8392525, 19.0154695 ], [ 72.8393671, 19.0153778 ] ] } },
{ "type": "Feature", "properties": { "u": 13584470506, "v": 13584470505, "key": 0, "name": null, "highway": "primary_link", "length": 15.783368887714275, "grade": 0.008162125800819979, "slope_pct": 0.82 }, "geometry": { "type": "LineString", "coordinates": [ [ 72.8393671, 19.0153778 ], [ 72.8392525, 19.0154695 ] ] } },
{ "type": "Feature", "properties": { "u": 13584470506, "v": 6429049755, "key": 0, "name": "Senapati Bapat Marg", "highway": "primary", "length": 102.32937507554733, "grade": 0.011784950147804781, "slope_pct": 1.18 }, "geometry": { "type": "LineString", "coordinates": [ [ 72.8393671, 19.0153778 ], [ 72.8392049, 19.0152068 ], [ 72.8387172, 19.0146927 ] ] } },
{ "type": "Feature", "properties": { "u": 13658722650, "v": 7453717288, "key": 0, "name": "Mumbai Marathi Granth Sangrahalaya Marg", "highway": "tertiary", "length": 69.186988688845204, "grade": 0.006353152293269184, "slope_pct": 0.64 }, "geometry": { "type": "LineString", "coordinates": [ [ 72.8489718, 19.0127076 ], [ 72.8484286, 19.0128648 ], [ 72.8483425, 19.0128897 ] ] } },
{ "type": "Feature", "properties": { "u": 13658722650, "v": 245660316, "key": 0, "name": "Mumbai Marathi Granth Sangrahalaya Marg", "highway": "tertiary", "length": 29.197345068080075, "grade": 0.024834637047484256, "slope_pct": 2.48 }, "geometry": { "type": "LineString", "coordinates": [ [ 72.8489718, 19.0127076 ], [ 72.8490325, 19.0127218 ], [ 72.8492446, 19.0126874 ] ] } },
{ "type": "Feature", "properties": { "u": 13658722651, "v": 245660296, "key": 0, "name": "Road No 26", "highway": "tertiary", "length": 54.254465136712177, "grade": 0.023394021294334499, "slope_pct": 2.34 }, "geometry": { "type": "LineString", "coordinates": [ [ 72.8494439, 19.0125723 ], [ 72.8497331, 19.0124841 ], [ 72.8499322, 19.0124147 ] ] } },
{ "type": "Feature", "properties": { "u": 13658722651, "v": 13658722657, "key": 0, "name": null, "highway": "tertiary", "length": 15.17267807526949, "grade": 0.014879056866172313, "slope_pct": 1.49 }, "geometry": { "type": "LineString", "coordinates": [ [ 72.8494439, 19.0125723 ], [ 72.8493478, 19.0125629 ], [ 72.8493013, 19.012573 ] ] } },
{ "type": "Feature", "properties": { "u": 13658722656, "v": 245660316, "key": 0, "name": "G.D. Ambedkar Marg", "highway": "secondary", "length": 10.145424540970877, "grade": 0.021524732476281269, "slope_pct": 2.15 }, "geometry": { "type": "LineString", "coordinates": [ [ 72.8492025, 19.0126053 ], [ 72.8492446, 19.0126874 ] ] } },
{ "type": "Feature", "properties": { "u": 13658722656, "v": 13658722650, "key": 0, "name": null, "highway": "tertiary", "length": 27.913241126764213, "grade": 0.014461075499984929, "slope_pct": 1.45 }, "geometry": { "type": "LineString", "coordinates": [ [ 72.8492025, 19.0126053 ], [ 72.8490363, 19.0126418 ], [ 72.8489718, 19.0127076 ] ] } },
{ "type": "Feature", "properties": { "u": 13658722657, "v": 13671676545, "key": 0, "name": "G.D. Ambedkar Marg", "highway": "secondary", "length": 81.835308386296362, "grade": 0.016718885136060714, "slope_pct": 1.67 }, "geometry": { "type": "LineString", "coordinates": [ [ 72.8493013, 19.012573 ], [ 72.8489714, 19.0119064 ] ] } },
{ "type": "Feature", "properties": { "u": 13658722657, "v": 13658722656, "key": 0, "name": null, "highway": "tertiary", "length": 10.990186483020134, "grade": 0.0049607375065523658, "slope_pct": 0.5 }, "geometry": { "type": "LineString", "coordinates": [ [ 72.8493013, 19.012573 ], [ 72.8492025, 19.0126053 ] ] } },
{ "type": "Feature", "properties": { "u": 13658722661, "v": 13658722669, "key": 0, "name": null, "highway": "residential", "length": 78.742153007762838, "grade": 0.019615949250929774, "slope_pct": 1.96 }, "geometry": { "type": "LineString", "coordinates": [ [ 72.8537857, 19.0165708 ], [ 72.8531857, 19.0169947 ] ] } },
{ "type": "Feature", "properties": { "u": 13658722661, "v": 11061297161, "key": 0, "name": "Balaram Khedekar Marg", "highway": "residential", "length": 106.16712945490957, "grade": 0.0058096966399751662, "slope_pct": 0.58 }, "geometry": { "type": "LineString", "coordinates": [ [ 72.8537857, 19.0165708 ], [ 72.853893, 19.0166563 ], [ 72.8541563, 19.0168563 ], [ 72.8546113, 19.0171166 ] ] } },
{ "type": "Feature", "properties": { "u": 13658722661, "v": 8898483049, "key": 0, "name": "Balaram Khedekar Marg", "highway": "residential", "length": 42.836596232021762, "grade": 0.021173487865555625, "slope_pct": 2.12 }, "geometry": { "type": "LineString", "coordinates": [ [ 72.8537857, 19.0165708 ], [ 72.8537536, 19.0165452 ], [ 72.8534426, 19.0163637 ] ] } },
{ "type": "Feature", "properties": { "u": 13658722663, "v": 13661562613, "key": 0, "name": "Katrak Road", "highway": "primary", "length": 32.933105879552699, "grade": 0.020204617928748489, "slope_pct": 2.02 }, "geometry": { "type": "LineString", "coordinates": [ [ 72.8531534, 19.0169684 ], [ 72.852907, 19.0167855 ] ] } },
{ "type": "Feature", "properties": { "u": 13658722663, "v": 10277719243, "key": 0, "name": null, "highway": "residential", "length": 11.186225233331527, "grade": 0.018592383350345482, "slope_pct": 1.86 }, "geometry": { "type": "LineString", "coordinates": [ [ 72.8531534, 19.0169684 ], [ 72.8530862, 19.0170464 ] ] } },
{ "type": "Feature", "properties": { "u": 13658722664, "v": 536771057, "key": 0, "name": "Firdausi Road", "highway": "residential", "length": 10.306193825589233, "grade": 0.0037955283715447666, "slope_pct": 0.38 }, "geometry": { "type": "LineString", "coordinates": [ [ 72.8533002, 19.0176222 ], [ 72.8533223, 19.0177125 ] ] } },
{ "type": "Feature", "properties": { "u": 13658722664, "v": 10277719242, "key": 0, "name": "Firdausi Road", "highway": "residential", "length": 50.404839634324141, "grade": 0.0096688238307972296, "slope_pct": 0.97 }, "geometry": { "type": "LineString", "coordinates": [ [ 72.8533002, 19.0176222 ], [ 72.8533083, 19.0175742 ], [ 72.8532572, 19.0171724 ] ] } },
{ "type": "Feature", "properties": { "u": 13658722666, "v": 10277719242, "key": 0, "name": "Katrak Road", "highway": "primary", "length": 7.241327133854532, "grade": 0.0087884765380385442, "slope_pct": 0.88 }, "geometry": { "type": "LineString", "coordinates": [ [ 72.8532018, 19.0171337 ], [ 72.8532572, 19.0171724 ] ] } },
{ "type": "Feature", "properties": { "u": 13658722666, "v": 13658722667, "key": 0, "name": null, "highway": "residential", "length": 11.141864416560129, "grade": 0.01092300096437342, "slope_pct": 1.09 }, "geometry": { "type": "LineString", "coordinates": [ [ 72.8532018, 19.0171337 ], [ 72.8532705, 19.0170574 ] ] } },
{ "type": "Feature", "properties": { "u": 13658722666, "v": 13658722664, "key": 0, "name": null, "highway": "residential", "length": 55.918178115775532, "grade": 0.0049281404288044478, "slope_pct": 0.49 }, "geometry": { "type": "LineString", "coordinates": [ [ 72.8532018, 19.0171337 ], [ 72.8532677, 19.0175803 ], [ 72.8533002, 19.0176222 ] ] } },
{ "type": "Feature", "properties": { "u": 13658722667, "v": 13658722669, "key": 0, "name": "Katrak Road", "highway": "primary", "length": 11.317235647953774, "grade": 0.023613072106683383, "slope_pct": 2.36 }, "geometry": { "type": "LineString", "coordinates": [ [ 72.8532705, 19.0170574 ], [ 72.8531857, 19.0169947 ] ] } },
{ "type": "Feature", "properties": { "u": 13658722667, "v": 13658722666, "key": 0, "name": null, "highway": "residential", "length": 11.141864416560129, "grade": 0.015183649295672279, "slope_pct": 1.52 }, "geometry": { "type": "LineString", "coordinates": [ [ 72.8532705, 19.0170574 ], [ 72.8532018, 19.0171337 ] ] } },
{ "type": "Feature", "properties": { "u": 13658722669, "v": 13658722663, "key": 0, "name": "Katrak Road", "highway": "primary", "length": 4.4813224909714506, "grade": 0.0097215348344765196, "slope_pct": 0.97 }, "geometry": { "type": "LineString", "coordinates": [ [ 72.8531857, 19.0169947 ], [ 72.8531534, 19.0169684 ] ] } },
{ "type": "Feature", "properties": { "u": 13658722669, "v": 13658722661, "key": 0, "name": null, "highway": "residential", "length": 78.742153007762838, "grade": 0.011733593375634236, "slope_pct": 1.17 }, "geometry": { "type": "LineString", "coordinates": [ [ 72.8531857, 19.0169947 ], [ 72.8537857, 19.0165708 ] ] } },
{ "type": "Feature", "properties": { "u": 13658722670, "v": 1650753935, "key": 0, "name": null, "highway": "tertiary", "length": 6.1293458970061074, "grade": 0.012838455891106385, "slope_pct": 1.28 }, "geometry": { "type": "LineString", "coordinates": [ [ 72.8520807, 19.021313 ], [ 72.8520453, 19.0212692 ] ] } },
{ "type": "Feature", "properties": { "u": 13658722670, "v": 13658722672, "key": 0, "name": null, "highway": "tertiary", "length": 114.54825355573502, "grade": 0.016213075333933583, "slope_pct": 1.62 }, "geometry": { "type": "LineString", "coordinates": [ [ 72.8520807, 19.021313 ], [ 72.8529826, 19.0207349 ] ] } },
{ "type": "Feature", "properties": { "u": 13658722671, "v": 245661149, "key": 0, "name": null, "highway": "tertiary", "length": 40.75714433910629, "grade": 0.014344947409322951, "slope_pct": 1.43 }, "geometry": { "type": "LineString", "coordinates": [ [ 72.8535205, 19.0203979 ], [ 72.8535859, 19.0204419 ], [ 72.8537273, 19.020462 ], [ 72.8538875, 19.0204269 ] ] } },
{ "type": "Feature", "properties": { "u": 13658722672, "v": 13658722671, "key": 0, "name": null, "highway": "tertiary", "length": 67.835684813553314, "grade": 0.023226623410717184, "slope_pct": 2.32 }, "geometry": { "type": "LineString", "coordinates": [ [ 72.8529826, 19.0207349 ], [ 72.8535205, 19.0203979 ] ] } },
{ "type": "Feature", "properties": { "u": 13658722672, "v": 245661208, "key": 0, "name": "Lady Jehangir Road", "highway": "residential", "length": 37.177224145979885, "grade": 0.013933196623928265, "slope_pct": 1.39 }, "geometry": { "type": "LineString", "coordinates": [ [ 72.8529826, 19.0207349 ], [ 72.8530125, 19.0207684 ], [ 72.8530626, 19.0208201 ], [ 72.8530703, 19.0208281 ], [ 72.8530849, 19.0208433 ], [ 72.8531519, 19.0209025 ], [ 72.8532368, 19.020966 ] ] } },
{ "type": "Feature", "properties": { "u": 13658722673, "v": 1650770679, "key": 0, "name": "Lady Jehangir Road", "highway": "tertiary", "length": 82.557632529674081, "grade": 0.024827476326112881, "slope_pct": 2.48 }, "geometry": { "type": "LineString", "coordinates": [ [ 72.8507184, 19.0222284 ], [ 72.8500692, 19.0226462 ] ] } },
{ "type": "Feature", "properties": { "u": 13658722673, "v": 245661288, "key": 0, "name": "Lady Jehangir Road", "highway": "tertiary", "length": 19.38583603750854, "grade": 0.021731349070392106, "slope_pct": 2.17 }, "geometry": { "type": "LineString", "coordinates": [ [ 72.8507184, 19.0222284 ], [ 72.8508085, 19.0222153 ], [ 72.8508388, 19.0221972 ], [ 72.8508854, 19.0221655 ] ] } },
{ "type": "Feature", "properties": { "u": 13658722674, "v": 1650753960, "key": 0, "name": "Lady Jehangir Road", "highway": "tertiary", "length": 57.165593353194602, "grade": 0.0075872313158613881, "slope_pct": 0.76 }, "geometry": { "type": "LineString", "coordinates": [ [ 72.8513307, 19.0218175 ], [ 72.8514025, 19.0217683 ], [ 72.8514516, 19.0217358 ], [ 72.851632, 19.0216161 ], [ 72.8517709, 19.0215158 ] ] } },
{ "type": "Feature", "properties": { "u": 13658722674, "v": 13658722681, "key": 0, "name": null, "highway": "tertiary", "length": 29.917943410902627, "grade": 0.02347309472216616, "slope_pct": 2.35 }, "geometry": { "type": "LineString", "coordinates": [ [ 72.8513307, 19.0218175 ], [ 72.8512229, 19.0218415 ], [ 72.8510831, 19.0219392 ] ] } },
{ "type": "Feature", "properties": { "u": 13658722680, "v": 245661288, "key": 0, "name": "Dr Babasaheb Ambedkar Marg (Vincent Road)", "highway": "trunk", "length": 8.1696438690189694, "grade": 0.0055600607534804745, "slope_pct": 0.56 }, "geometry": { "type": "LineString", "coordinates": [ [ 72.850841, 19.0221052 ], [ 72.8508854, 19.0221655 ] ] } },
{ "type": "Feature", "properties": { "u": 13658722680, "v": 13658722673, "key": 0, "name": null, "highway": "tertiary", "length": 19.139935285589381, "grade": 0.020983893586806215, "slope_pct": 2.1 }, "geometry": { "type": "LineString", "coordinates": [ [ 72.850841, 19.0221052 ], [ 72.8507919, 19.0221391 ], [ 72.8507671, 19.0221562 ], [ 72.8507184, 19.0222284 ] ] } },
{ "type": "Feature", "properties": { "u": 13658722681, "v": 13658722680, "key": 0, "name": null, "highway": "tertiary", "length": 31.439302983354253, "grade": 0.011373712456484764, "slope_pct": 1.14 }, "geometry": { "type": "LineString", "coordinates": [ [ 72.8510831, 19.0219392 ], [ 72.850841, 19.0221052 ] ] } },
{ "type": "Feature", "properties": { "u": 13658722681, "v": 1179089888, "key": 0, "name": "Dr Babasaheb Ambedkar Marg (Vincent Road)", "highway": "trunk", "length": 221.32608398330584, "grade": 0.02231543504979153, "slope_pct": 2.23 }, "geometry": { "type": "LineString", "coordinates": [ [ 72.8510831, 19.0219392 ], [ 72.8509738, 19.0217909 ], [ 72.8508932, 19.0216841 ], [ 72.8508728, 19.021657 ], [ 72.8505208, 19.021208 ], [ 72.8500306, 19.0205826 ], [ 72.8497851, 19.0203802 ] ] } },
{ "type": "Feature", "properties": { "u": 13658722685, "v": 245661712, "key": 0, "name": "U Bhat Marg", "highway": "residential", "length": 8.972181868713923, "grade": 0.022097247182363909, "slope_pct": 2.21 }, "geometry": { "type": "LineString", "coordinates": [ [ 72.850134, 19.0257877 ], [ 72.8501834, 19.0257219 ] ] } },
{ "type": "Feature", "properties": { "u": 13658722685, "v": 13658722693, "key": 0, "name": "Bhandarkar Road", "highway": "tertiary", "length": 6.7087932581978098, "grade": 0.020730358802587667, "slope_pct": 2.07 }, "geometry": { "type": "LineString", "coordinates": [ [ 72.850134, 19.0257877 ], [ 72.8501543, 19.0258449 ] ] } },
{ "type": "Feature", "properties": { "u": 13658722687, "v": 13658722685, "key": 0, "name": "Bhandarkar Road", "highway": "tertiary", "length": 16.69146932773026, "grade": 0.020380669598755351, "slope_pct": 2.04 }, "geometry": { "type": "LineString", "coordinates": [ [ 72.8500807, 19.0256463 ], [ 72.850134, 19.0257877 ] ] } },
{ "type": "Feature", "properties": { "u": 13658722687, "v": 13658722693, "key": 0, "name": null, "highway": "residential", "length": 134.22731473021508, "grade": 0.0097029410601568982, "slope_pct": 0.97 }, "geometry": { "type": "LineString", "coordinates": [ [ 72.8500807, 19.0256463 ], [ 72.8500537, 19.025648 ], [ 72.8495937, 19.0257848 ], [ 72.8495787, 19.025794 ], [ 72.8495762, 19.025804 ], [ 72.8496604, 19.0259924 ], [ 72.8496672, 19.0259966 ], [ 72.8496829, 19.0259981 ], [ 72.8501169, 19.025854 ], [ 72.8501543, 19.0258449 ] ] } },
{ "type": "Feature", "properties": { "u": 13658722693, "v": 13658722696, "key": 0, "name": "Bhandarkar Road", "highway": "tertiary", "length": 4.5188245159563305, "grade": 0.0047802242271275481, "slope_pct": 0.48 }, "geometry": { "type": "LineString", "coordinates": [ [ 72.8501543, 19.0258449 ], [ 72.8501765, 19.0258797 ] ] } },
{ "type": "Feature", "properties": { "u": 13658722693, "v": 13658722687, "key": 0, "name": null, "highway": "residential", "length": 134.22731473021508, "grade": 0.011865563932833553, "slope_pct": 1.19 }, "geometry": { "type": "LineString", "coordinates": [ [ 72.8501543, 19.0258449 ], [ 72.8501169, 19.025854 ], [ 72.8496829, 19.0259981 ], [ 72.8496672, 19.0259966 ], [ 72.8496604, 19.0259924 ], [ 72.8495762, 19.025804 ], [ 72.8495787, 19.025794 ], [ 72.8495937, 19.0257848 ], [ 72.8500537, 19.025648 ], [ 72.8500807, 19.0256463 ] ] } },
{ "type": "Feature", "properties": { "u": 13658722696, "v": 9985832425, "key": 0, "name": "Bhandarkar Road", "highway": "tertiary", "length": 24.475061684024681, "grade": 0.006817539329703191, "slope_pct": 0.68 }, "geometry": { "type": "LineString", "coordinates": [ [ 72.8501765, 19.0258797 ], [ 72.8502924, 19.0260706 ] ] } },
{ "type": "Feature", "properties": { "u": 13658722696, "v": 13658722713, "key": 0, "name": null, "highway": "residential", "length": 20.617461362692421, "grade": 0.018288923955854158, "slope_pct": 1.83 }, "geometry": { "type": "LineString", "coordinates": [ [ 72.8501765, 19.0258797 ], [ 72.8501452, 19.0258881 ], [ 72.8499974, 19.0259544 ] ] } },
{ "type": "Feature", "properties": { "u": 13658722706, "v": 13658722713, "key": 0, "name": null, "highway": "residential", "length": 16.322814433390334, "grade": 0.010614193983831283, "slope_pct": 1.06 }, "geometry": { "type": "LineString", "coordinates": [ [ 72.8498571, 19.0260173 ], [ 72.8499974, 19.0259544 ] ] } },
{ "type": "Feature", "properties": { "u": 13658722706, "v": 13658722713, "key": 1, "name": null, "highway": "residential", "length": 32.368510282959321, "grade": 0.02446342441891813, "slope_pct": 2.45 }, "geometry": { "type": "LineString", "coordinates": [ [ 72.8498571, 19.0260173 ], [ 72.8498799, 19.0260666 ], [ 72.8498892, 19.0260766 ], [ 72.8499069, 19.0260813 ], [ 72.8500184, 19.0260357 ], [ 72.8500284, 19.026025 ], [ 72.8500284, 19.0260135 ], [ 72.8499974, 19.0259544 ] ] } },
{ "type": "Feature", "properties": { "u": 13658722706, "v": 9985832425, "key": 0, "name": null, "highway": "residential", "length": 98.479805333830399, "grade": 0.017101385701597305, "slope_pct": 1.71 }, "geometry": { "type": "LineString", "coordinates": [ [ 72.8498571, 19.0260173 ], [ 72.8497202, 19.0260787 ], [ 72.8497138, 19.0260914 ], [ 72.8497138, 19.0261082 ], [ 72.8498132, 19.0262848 ], [ 72.8498302, 19.0262942 ], [ 72.8498487, 19.0262942 ], [ 72.8502504, 19.0260896 ], [ 72.8502924, 19.0260706 ] ] } },
{ "type": "Feature", "properties": { "u": 13658722713, "v": 13658722706, "key": 0, "name": null, "highway": "residential", "length": 16.322814433390334, "grade": 0.021094572399955942, "slope_pct": 2.11 }, "geometry": { "type": "LineString", "coordinates": [ [ 72.8499974, 19.0259544 ], [ 72.8498571, 19.0260173 ] ] } },
{ "type": "Feature", "properties": { "u": 13658722713, "v": 13658722706, "key": 1, "name": null, "highway": "residential", "length": 32.368510282959321, "grade": 0.0059155428003206658, "slope_pct": 0.59 }, "geometry": { "type": "LineString", "coordinates": [ [ 72.8499974, 19.0259544 ], [ 72.8500284, 19.0260135 ], [ 72.8500284, 19.026025 ], [ 72.8500184, 19.0260357 ], [ 72.8499069, 19.0260813 ], [ 72.8498892, 19.0260766 ], [ 72.8498799, 19.0260666 ], [ 72.8498571, 19.0260173 ] ] } },
{ "type": "Feature", "properties": { "u": 13658722713, "v": 13658722696, "key": 0, "name": null, "highway": "residential", "length": 20.617461362692421, "grade": 0.021964318609997698, "slope_pct": 2.2 }, "geometry": { "type": "LineString", "coordinates": [ [ 72.8499974, 19.0259544 ], [ 72.8501452, 19.0258881 ], [ 72.8501765, 19.0258797 ] ] } },
{ "type": "Feature", "properties": { "u": 13658722723, "v": 13658722725, "key": 0, "name": "Khareghat Road", "highway": "residential", "length": 25.857650985769013, "grade": 0.023300658191294676, "slope_pct": 2.33 }, "geometry": { "type": "LineString", "coordinates": [ [ 72.8487103, 19.0248087 ], [ 72.8485796, 19.0246117 ] ] } },
{ "type": "Feature", "properties": { "u": 13658722723, "v": 6862284569, "key": 0, "name": "Khareghat Road", "highway": "residential", "length": 60.05182166192985, "grade": 0.013715362214016591, "slope_pct": 1.37 }, "geometry": { "type": "LineString", "coordinates": [ [ 72.8487103, 19.0248087 ], [ 72.8487915, 19.024931 ], [ 72.8488346, 19.0250009 ], [ 72.8490025, 19.0252727 ] ] } },
{ "type": "Feature", "properties": { "u": 13658722723, "v": 10578361570, "key": 0, "name": null, "highway": "residential", "length": 50.648362397596372, "grade": 0.016337564630521505, "slope_pct": 1.63 }, "geometry": { "type": "LineString", "coordinates": [ [ 72.8487103, 19.0248087 ], [ 72.848898, 19.0247027 ], [ 72.8487466, 19.0244992 ] ] } },
{ "type": "Feature", "properties": { "u": 13658722725, "v": 13658722723, "key": 0, "name": "Khareghat Road", "highway": "residential", "length": 25.857650985769013, "grade": 0.019825815619865902, "slope_pct": 1.98 }, "geometry": { "type": "LineString", "coordinates": [ [ 72.8485796, 19.0246117 ], [ 72.8487103, 19.0248087 ] ] } },
{ "type": "Feature", "properties": { "u": 13658722725, "v": 6862284571, "key": 0, "name": "Khareghat Road", "highway": "residential", "length": 35.401352718675653, "grade": 0.0068464497997290765, "slope_pct": 0.68 }, "geometry": { "type": "LineString", "coordinates": [ [ 72.8485796, 19.0246117 ], [ 72.848402, 19.0243412 ] ] } },
{ "type": "Feature", "properties": { "u": 13658722725, "v": 10578361570, "key": 0, "name": null, "highway": "residential", "length": 21.556308652962485, "grade": 0.014056453682195734, "slope_pct": 1.41 }, "geometry": { "type": "LineString", "coordinates": [ [ 72.8485796, 19.0246117 ], [ 72.8487466, 19.0244992 ] ] } },
{ "type": "Feature", "properties": { "u": 13658722730, "v": 6862284573, "key": 0, "name": null, "highway": "residential", "length": 13.926665491827054, "grade": 0.011770586610990889, "slope_pct": 1.18 }, "geometry": { "type": "LineString", "coordinates": [ [ 72.848232, 19.0239508 ], [ 72.848342, 19.023881 ] ] } },
{ "type": "Feature", "properties": { "u": 13658722730, "v": 6862284571, "key": 0, "name": null, "highway": "residential", "length": 52.74736919466455, "grade": 0.0062202278275694809, "slope_pct": 0.62 }, "geometry": { "type": "LineString", "coordinates": [ [ 72.848232, 19.0239508 ], [ 72.8482023, 19.0239985 ], [ 72.8481803, 19.0240489 ], [ 72.8481796, 19.024071 ], [ 72.8483003, 19.0242147 ], [ 72.848402, 19.0243412 ] ] } },
{ "type": "Feature", "properties": { "u": 13658722730, "v": 13658722731, "key": 0, "name": null, "highway": "residential", "length": 66.776701607824123, "grade": 0.011085757290413691, "slope_pct": 1.11 }, "geometry": { "type": "LineString", "coordinates": [ [ 72.848232, 19.0239508 ], [ 72.8481981, 19.0239408 ], [ 72.8481704, 19.0239482 ], [ 72.8481278, 19.0239556 ], [ 72.8481058, 19.0239495 ], [ 72.8479772, 19.0237434 ], [ 72.8479758, 19.0237152 ], [ 72.8479822, 19.0236877 ], [ 72.8481472, 19.023595 ] ] } },
{ "type": "Feature", "properties": { "u": 13658722731, "v": 6862284573, "key": 0, "name": "Khareghat Road", "highway": "residential", "length": 37.824503418183767, "grade": 0.0044997908064808587, "slope_pct": 0.45 }, "geometry": { "type": "LineString", "coordinates": [ [ 72.8481472, 19.023595 ], [ 72.848342, 19.023881 ] ] } },
{ "type": "Feature", "properties": { "u": 13658722731, "v": 13658722739, "key": 0, "name": "Khareghat Road", "highway": "residential", "length": 17.008269084804812, "grade": 0.0035678619528887135, "slope_pct": 0.36 }, "geometry": { "type": "LineString", "coordinates": [ [ 72.8481472, 19.023595 ], [ 72.8480596, 19.0234664 ] ] } },
{ "type": "Feature", "properties": { "u": 13658722731, "v": 13658722730, "key": 0, "name": null, "highway": "residential", "length": 66.776701607824137, "grade": 0.005973658361406101, "slope_pct": 0.6 }, "geometry": { "type": "LineString", "coordinates": [ [ 72.8481472, 19.023595 ], [ 72.8479822, 19.0236877 ], [ 72.8479758, 19.0237152 ], [ 72.8479772, 19.0237434 ], [ 72.8481058, 19.0239495 ], [ 72.8481278, 19.0239556 ], [ 72.8481704, 19.0239482 ], [ 72.8481981, 19.0239408 ], [ 72.848232, 19.0239508 ] ] } },
{ "type": "Feature", "properties": { "u": 13658722739, "v": 13658722731, "key": 0, "name": "Khareghat Road", "highway": "residential", "length": 17.008269084804812, "grade": 0.024188532454961827, "slope_pct": 2.42 }, "geometry": { "type": "LineString", "coordinates": [ [ 72.8480596, 19.0234664 ], [ 72.8481472, 19.023595 ] ] } },
{ "type": "Feature", "properties": { "u": 13658722739, "v": 13658722748, "key": 0, "name": "Khareghat Road", "highway": "residential", "length": 35.169352995325525, "grade": 0.015089649789690376, "slope_pct": 1.51 }, "geometry": { "type": "LineString", "coordinates": [ [ 72.8480596, 19.0234664 ], [ 72.8480002, 19.0233791 ], [ 72.8478786, 19.0232004 ] ] } },
{ "type": "Feature", "properties": { "u": 13658722739, "v": 13658722747, "key": 0, "name": null, "highway": "residential", "length": 62.55863213079153, "grade": 0.02424808754537084, "slope_pct": 2.42 }, "geometry": { "type": "LineString", "coordinates": [ [ 72.8480596, 19.0234664 ], [ 72.8479155, 19.0235595 ], [ 72.8478736, 19.0235602 ], [ 72.8478388, 19.0235494 ], [ 72.8478253, 19.0235367 ], [ 72.8477166, 19.0233688 ], [ 72.8477173, 19.0233507 ], [ 72.8477351, 19.0233218 ], [ 72.8477507, 19.0232668 ] ] } },
{ "type": "Feature", "properties": { "u": 13658722747, "v": 13658722748, "key": 0, "name": null, "highway": "residential", "length": 15.339030491653247, "grade": 0.012514953323262905, "slope_pct": 1.25 }, "geometry": { "type": "LineString", "coordinates": [ [ 72.8477507, 19.0232668 ], [ 72.8478786, 19.0232004 ] ] } },
{ "type": "Feature", "properties": { "u": 13658722747, "v": 13658722739, "key": 0, "name": null, "highway": "residential", "length": 62.558632130791537, "grade": 0.0098599549278757109, "slope_pct": 0.99 }, "geometry": { "type": "LineString", "coordinates": [ [ 72.8477507, 19.0232668 ], [ 72.8477351, 19.0233218 ], [ 72.8477173, 19.0233507 ], [ 72.8477166, 19.0233688 ], [ 72.8478253, 19.0235367 ], [ 72.8478388, 19.0235494 ], [ 72.8478736, 19.0235602 ], [ 72.8479155, 19.0235595 ], [ 72.8480596, 19.0234664 ] ] } },
{ "type": "Feature", "properties": { "u": 13658722747, "v": 13658722757, "key": 0, "name": null, "highway": "residential", "length": 59.272511784696874, "grade": 0.014135120982485372, "slope_pct": 1.41 }, "geometry": { "type": "LineString", "coordinates": [ [ 72.8477507, 19.0232668 ], [ 72.8476953, 19.0232574 ], [ 72.8476669, 19.0232608 ], [ 72.8476357, 19.0232591 ], [ 72.847613, 19.0232426 ], [ 72.8474856, 19.0229806 ], [ 72.8474859, 19.0229645 ], [ 72.8474927, 19.0229521 ], [ 72.8475069, 19.022941 ], [ 72.8475394, 19.0228891 ] ] } },
{ "type": "Feature", "properties": { "u": 13658722748, "v": 6862284575, "key": 0, "name": "Khareghat Road", "highway": "residential", "length": 47.979356593772437, "grade": 0.012669257149924024, "slope_pct": 1.27 }, "geometry": { "type": "LineString", "coordinates": [ [ 72.8478786, 19.0232004 ], [ 72.8476207, 19.0228444 ] ] } },
{ "type": "Feature", "properties": { "u": 13658722748, "v": 13658722747, "key": 0, "name": null, "highway": "residential", "length": 15.339030491653247, "grade": 0.0053246230537583664, "slope_pct": 0.53 }, "geometry": { "type": "LineString", "coordinates": [ [ 72.8478786, 19.0232004 ], [ 72.8477507, 19.0232668 ] ] } },
{ "type": "Feature", "properties": { "u": 13658722748, "v": 13658722739, "key": 0, "name": "Khareghat Road", "highway": "residential", "length": 35.169352995325525, "grade": 0.017098178923184538, "slope_pct": 1.71 }, "geometry": { "type": "LineString", "coordinates": [ [ 72.8478786, 19.0232004 ], [ 72.8480002, 19.0233791 ], [ 72.8480596, 19.0234664 ] ] } },
{ "type": "Feature", "properties": { "u": 13658722757, "v": 6862284575, "key": 0, "name": null, "highway": "residential", "length": 9.8867146977178528, "grade": 0.0077528400152111921, "slope_pct": 0.78 }, "geometry": { "type": "LineString", "coordinates": [ [ 72.8475394, 19.0228891 ], [ 72.8476207, 19.0228444 ] ] } },
{ "type": "Feature", "properties": { "u": 13658722757, "v": 13658722747, "key": 0, "name": null, "highway": "residential", "length": 59.272511784696874, "grade": 0.016630935007752253, "slope_pct": 1.66 }, "geometry": { "type": "LineString", "coordinates": [ [ 72.8475394, 19.0228891 ], [ 72.8475069, 19.022941 ], [ 72.8474927, 19.0229521 ], [ 72.8474859, 19.0229645 ], [ 72.8474856, 19.0229806 ], [ 72.847613, 19.0232426 ], [ 72.8476357, 19.0232591 ], [ 72.8476669, 19.0232608 ], [ 72.8476953, 19.0232574 ], [ 72.8477507, 19.0232668 ] ] } },
{ "type": "Feature", "properties": { "u": 13658722757, "v": 13658722766, "key": 0, "name": null, "highway": "residential", "length": 73.13239689667823, "grade": 0.017304424032759377, "slope_pct": 1.73 }, "geometry": { "type": "LineString", "coordinates": [ [ 72.8475394, 19.0228891 ], [ 72.847433, 19.0228981 ], [ 72.8474157, 19.0228919 ], [ 72.8474045, 19.0228767 ], [ 72.8472542, 19.0226516 ], [ 72.8472334, 19.0226134 ], [ 72.8472257, 19.0225797 ], [ 72.8472281, 19.022564 ], [ 72.8472477, 19.0225483 ], [ 72.8473767, 19.0224861 ] ] } },
{ "type": "Feature", "properties": { "u": 13658722766, "v": 6862284575, "key": 0, "name": "Khareghat Road", "highway": "residential", "length": 47.383966810296748, "grade": 0.0063445467688302594, "slope_pct": 0.63 }, "geometry": { "type": "LineString", "coordinates": [ [ 72.8473767, 19.0224861 ], [ 72.8476207, 19.0228444 ] ] } },
{ "type": "Feature", "properties": { "u": 13658722766, "v": 1633262413, "key": 0, "name": "Khareghat Road", "highway": "residential", "length": 129.34245143839183, "grade": 0.0043496917964346996, "slope_pct": 0.43 }, "geometry": { "type": "LineString", "coordinates": [ [ 72.8473767, 19.0224861 ], [ 72.847074, 19.0220417 ], [ 72.8470603, 19.0220119 ], [ 72.8470608, 19.0219834 ], [ 72.8470677, 19.0219583 ], [ 72.8470831, 19.0219386 ], [ 72.8475336, 19.0216347 ] ] } },
{ "type": "Feature", "properties": { "u": 13658722766, "v": 13658722757, "key": 0, "name": null, "highway": "residential", "length": 73.132396896678245, "grade": 0.020176754893505677, "slope_pct": 2.02 }, "geometry": { "type": "LineString", "coordinates": [ [ 72.8473767, 19.0224861 ], [ 72.8472477, 19.0225483 ], [ 72.8472281, 19.022564 ], [ 72.8472257, 19.0225797 ], [ 72.8472334, 19.0226134 ], [ 72.8472542, 19.0226516 ], [ 72.8474045, 19.0228767 ], [ 72.8474157, 19.0228919 ], [ 72.847433, 19.0228981 ], [ 72.8475394, 19.0228891 ] ] } },
{ "type": "Feature", "properties": { "u": 13658722772, "v": 245660552, "key": 0, "name": "Tilak Road Extension", "highway": "secondary", "length": 52.862332830387217, "grade": 0.013115609322925045, "slope_pct": 1.31 }, "geometry": { "type": "LineString", "coordinates": [ [ 72.8516011, 19.0153884 ], [ 72.8520138, 19.0151168 ] ] } },
{ "type": "Feature", "properties": { "u": 13658722772, "v": 10282040383, "key": 0, "name": "Tilak Road Extension", "highway": "secondary", "length": 19.291257444160102, "grade": 0.0042796035011204679, "slope_pct": 0.43 }, "geometry": { "type": "LineString", "coordinates": [ [ 72.8516011, 19.0153884 ], [ 72.8515398, 19.015394 ], [ 72.8514389, 19.0154587 ] ] } },
{ "type": "Feature", "properties": { "u": 13658722774, "v": 245660610, "key": 0, "name": "Tilak Road", "highway": "primary", "length": 32.778979487721301, "grade": 0.024887058977734879, "slope_pct": 2.49 }, "geometry": { "type": "LineString", "coordinates": [ [ 72.8512585, 19.0156116 ], [ 72.850998, 19.0157736 ] ] } },
{ "type": "Feature", "properties": { "u": 13658722774, "v": 13658722776, "key": 0, "name": "Tilak Road", "highway": "primary", "length": 20.91728604864559, "grade": 0.0042711723419200662, "slope_pct": 0.43 }, "geometry": { "type": "LineString", "coordinates": [ [ 72.8512585, 19.0156116 ], [ 72.8513281, 19.0155979 ], [ 72.8514334, 19.0155293 ] ] } },
{ "type": "Feature", "properties": { "u": 13658722776, "v": 10282040381, "key": 0, "name": "Katrak Road", "highway": "primary", "length": 30.394339776112226, "grade": 0.018290775034888171, "slope_pct": 1.83 }, "geometry": { "type": "LineString", "coordinates": [ [ 72.8514334, 19.0155293 ], [ 72.8516276, 19.0157318 ] ] } },
{ "type": "Feature", "properties": { "u": 13658722776, "v": 13658722781, "key": 0, "name": null, "highway": "primary", "length": 6.0841806075916107, "grade": 0.0246409363557951, "slope_pct": 2.46 }, "geometry": { "type": "LineString", "coordinates": [ [ 72.8514334, 19.0155293 ], [ 72.8514818, 19.0154993 ] ] } },
{ "type": "Feature", "properties": { "u": 13658722780, "v": 13658722776, "key": 0, "name": "Katrak Road", "highway": "primary", "length": 6.0196540986137803, "grade": 0.0082619622927503633, "slope_pct": 0.83 }, "geometry": { "type": "LineString", "coordinates": [ [ 72.8513919, 19.015492 ], [ 72.8514334, 19.0155293 ] ] } },
{ "type": "Feature", "properties": { "u": 13658722780, "v": 13658722774, "key": 0, "name": "Tilak Road", "highway": "primary", "length": 19.605151334410309, "grade": 0.0061294861111183159, "slope_pct": 0.61 }, "geometry": { "type": "LineString", "coordinates": [ [ 72.8513919, 19.015492 ], [ 72.8512917, 19.0155627 ], [ 72.8512585, 19.0156116 ] ] } },
{ "type": "Feature", "properties": { "u": 13658722781, "v": 10282040383, "key": 0, "name": "Katrak Road", "highway": "primary", "length": 6.3812709009184179, "grade": 0.0056704686672934355, "slope_pct": 0.57 }, "geometry": { "type": "LineString", "coordinates": [ [ 72.8514818, 19.0154993 ], [ 72.8514389, 19.0154587 ] ] } },
{ "type": "Feature", "properties": { "u": 13658722781, "v": 13658722772, "key": 0, "name": "Tilak Road Extension", "highway": "secondary", "length": 18.301154097509734, "grade": 0.0096720532464871032, "slope_pct": 0.97 }, "geometry": { "type": "LineString", "coordinates": [ [ 72.8514818, 19.0154993 ], [ 72.8515114, 19.0154799 ], [ 72.8515853, 19.0154313 ], [ 72.8516011, 19.0153884 ] ] } },
{ "type": "Feature", "properties": { "u": 13658722785, "v": 6435703234, "key": 0, "name": "Jame Jamshed Road", "highway": "residential", "length": 19.886050376009294, "grade": 0.0052230078422342277, "slope_pct": 0.52 }, "geometry": { "type": "LineString", "coordinates": [ [ 72.8489611, 19.0173747 ], [ 72.8490931, 19.0175028 ] ] } },
{ "type": "Feature", "properties": { "u": 13658722785, "v": 13658722789, "key": 0, "name": "Jame Jamshed Road", "highway": "residential", "length": 27.876579430014438, "grade": 0.018227549517270902, "slope_pct": 1.82 }, "geometry": { "type": "LineString", "coordinates": [ [ 72.8489611, 19.0173747 ], [ 72.8489439, 19.017319 ], [ 72.8488065, 19.0171767 ] ] } },
{ "type": "Feature", "properties": { "u": 13658722788, "v": 245660738, "key": 0, "name": "Tilak Road", "highway": "primary", "length": 2.9496457621287724, "grade": 0.0043704195588613794, "slope_pct": 0.44 }, "geometry": { "type": "LineString", "coordinates": [ [ 72.848752, 19.0172143 ], [ 72.8487738, 19.0171976 ] ] } },
{ "type": "Feature", "properties": { "u": 13658722788, "v": 13658722785, "key": 0, "name": "Jame Jamshed Road", "highway": "residential", "length": 28.779542631989017, "grade": 0.014207286819295374, "slope_pct": 1.42 }, "geometry": { "type": "LineString", "coordinates": [ [ 72.848752, 19.0172143 ], [ 72.8489056, 19.0173566 ], [ 72.8489611, 19.0173747 ] ] } },
{ "type": "Feature", "properties": { "u": 13658722788, "v": 8867307187, "key": 0, "name": "Tilak Road", "highway": "primary", "length": 44.72926204961901, "grade": 0.02492733078476549, "slope_pct": 2.49 }, "geometry": { "type": "LineString", "coordinates": [ [ 72.848752, 19.0172143 ], [ 72.8484555, 19.0173923 ], [ 72.8483932, 19.0174305 ] ] } },
{ "type": "Feature", "properties": { "u": 13658722789, "v": 245660738, "key": 0, "name": "Tilak Road", "highway": "primary", "length": 4.1494743385506352, "grade": 0.020907345929132414, "slope_pct": 2.09 }, "geometry": { "type": "LineString", "coordinates": [ [ 72.8488065, 19.0171767 ], [ 72.8487738, 19.0171976 ] ] } },
{ "type": "Feature", "properties": { "u": 13658722789, "v": 245660610, "key": 0, "name": "Tilak Road", "highway": "primary", "length": 278.24951454523261, "grade": 0.016534827641082241, "slope_pct": 1.65 }, "geometry": { "type": "LineString", "coordinates": [ [ 72.8488065, 19.0171767 ], [ 72.8509731, 19.0157919 ], [ 72.850998, 19.0157736 ] ] } },
{ "type": "Feature", "properties": { "u": 13658768489, "v": 245660530, "key": 0, "name": "Madhavdas Pasta Marg", "highway": "residential", "length": 43.027089073042255, "grade": 0.0097375796573054563, "slope_pct": 0.97 }, "geometry": { "type": "LineString", "coordinates": [ [ 72.8446851, 19.0148528 ], [ 72.8449014, 19.0151813 ] ] } },
{ "type": "Feature", "properties": { "u": 13658768489, "v": 13658768490, "key": 0, "name": null, "highway": "residential", "length": 46.339626710525216, "grade": 0.016725708398416049, "slope_pct": 1.67 }, "geometry": { "type": "LineString", "coordinates": [ [ 72.8446851, 19.0148528 ], [ 72.8450549, 19.014626 ] ] } },
{ "type": "Feature", "properties": { "u": 13658768489, "v": 245660409, "key": 0, "name": "Madhavdas Pasta Marg", "highway": "residential", "length": 141.17741873709895, "grade": 0.014594912206056337, "slope_pct": 1.46 }, "geometry": { "type": "LineString", "coordinates": [ [ 72.8446851, 19.0148528 ], [ 72.8445778, 19.0146898 ], [ 72.8443152, 19.014291 ], [ 72.8439836, 19.0137702 ] ] } },
{ "type": "Feature", "properties": { "u": 13658768490, "v": 13658768489, "key": 0, "name": null, "highway": "residential", "length": 46.339626710525216, "grade": 0.012373834445588174, "slope_pct": 1.24 }, "geometry": { "type": "LineString", "coordinates": [ [ 72.8450549, 19.014626 ], [ 72.8446851, 19.0148528 ] ] } },
{ "type": "Feature", "properties": { "u": 13658795066, "v": 13658795069, "key": 0, "name": null, "highway": "residential", "length": 10.227704068644424, "grade": 0.0058756282882843885, "slope_pct": 0.59 }, "geometry": { "type": "LineString", "coordinates": [ [ 72.8450016, 19.0138423 ], [ 72.8450838, 19.0137931 ] ] } },
{ "type": "Feature", "properties": { "u": 13658795066, "v": 1179273129, "key": 0, "name": "Dr Babasaheb Ambedkar Marg (Vincent Road)", "highway": "trunk", "length": 137.96861794164525, "grade": 0.022505292735290269, "slope_pct": 2.25 }, "geometry": { "type": "LineString", "coordinates": [ [ 72.8450016, 19.0138423 ], [ 72.8445734, 19.0132184 ], [ 72.844523, 19.013145 ], [ 72.8442467, 19.0128296 ] ] } },
{ "type": "Feature", "properties": { "u": 13658795069, "v": 13658795066, "key": 0, "name": null, "highway": "residential", "length": 10.227704068644424, "grade": 0.012895262274069095, "slope_pct": 1.29 }, "geometry": { "type": "LineString", "coordinates": [ [ 72.8450838, 19.0137931 ], [ 72.8450016, 19.0138423 ] ] } },
{ "type": "Feature", "properties": { "u": 13659168056, "v": 13659168057, "key": 0, "name": null, "highway": "residential", "length": 24.938151887226418, "grade": 0.0072816952600568323, "slope_pct": 0.73 }, "geometry": { "type": "LineString", "coordinates": [ [ 72.850899, 19.017511 ], [ 72.8508256, 19.017396 ], [ 72.8507764, 19.017319 ] ] } },
{ "type": "Feature", "properties": { "u": 13659168057, "v": 536763648, "key": 0, "name": "Parsi Colony Road No 6", "highway": "residential", "length": 36.416756215998689, "grade": 0.011090705719300372, "slope_pct": 1.11 }, "geometry": { "type": "LineString", "coordinates": [ [ 72.8507764, 19.017319 ], [ 72.8504846, 19.0174955 ] ] } },
{ "type": "Feature", "properties": { "u": 13659168057, "v": 245660693, "key": 0, "name": "Parsi Colony Road No 6", "highway": "residential", "length": 69.083477281455316, "grade": 0.012110854555636395, "slope_pct": 1.21 }, "geometry": { "type": "LineString", "coordinates": [ [ 72.8507764, 19.017319 ], [ 72.8513299, 19.0169841 ] ] } },
{ "type": "Feature", "properties": { "u": 13659168057, "v": 13659168056, "key": 0, "name": null, "highway": "residential", "length": 24.938151887226418, "grade": 0.021205833702471234, "slope_pct": 2.12 }, "geometry": { "type": "LineString", "coordinates": [ [ 72.8507764, 19.017319 ], [ 72.8508256, 19.017396 ], [ 72.850899, 19.017511 ] ] } },
{ "type": "Feature", "properties": { "u": 13659211313, "v": 536785095, "key": 0, "name": "Khareghat Road", "highway": "residential", "length": 71.792996628976681, "grade": 0.019139516372350847, "slope_pct": 1.91 }, "geometry": { "type": "LineString", "coordinates": [ [ 72.8514731, 19.0189867 ], [ 72.8513366, 19.0190799 ], [ 72.8512451, 19.0191416 ], [ 72.8509177, 19.0193624 ] ] } },
{ "type": "Feature", "properties": { "u": 13659211313, "v": 245660983, "key": 0, "name": "Khareghat Road", "highway": "residential", "length": 20.990802382927214, "grade": 0.019924707660109477, "slope_pct": 1.99 }, "geometry": { "type": "LineString", "coordinates": [ [ 72.8514731, 19.0189867 ], [ 72.8515222, 19.0189797 ], [ 72.8516452, 19.0188985 ] ] } },
{ "type": "Feature", "properties": { "u": 13659211314, "v": 13662153787, "key": 0, "name": "Mancherji Joshi Road", "highway": "residential", "length": 102.16979499805724, "grade": 0.0032426878174302387, "slope_pct": 0.32 }, "geometry": { "type": "LineString", "coordinates": [ [ 72.8518017, 19.0189455 ], [ 72.8526314, 19.019424 ] ] } },
{ "type": "Feature", "properties": { "u": 13659211314, "v": 13659211326, "key": 0, "name": null, "highway": "residential", "length": 14.617020155874043, "grade": 0.012155387959954755, "slope_pct": 1.22 }, "geometry": { "type": "LineString", "coordinates": [ [ 72.8518017, 19.0189455 ], [ 72.8517676, 19.0188921 ], [ 72.8517043, 19.0188576 ] ] } },
{ "type": "Feature", "properties": { "u": 13659211315, "v": 8699820416, "key": 0, "name": "Khareghat Road", "highway": "residential", "length": 41.055509067640529, "grade": 0.013589571335977119, "slope_pct": 1.36 }, "geometry": { "type": "LineString", "coordinates": [ [ 72.8518154, 19.0187497 ], [ 72.8520998, 19.0185652 ], [ 72.8521372, 19.0185405 ] ] } },
{ "type": "Feature", "properties": { "u": 13659211315, "v": 13659211327, "key": 0, "name": null, "highway": "residential", "length": 19.94775648016784, "grade": 0.0034222300901072472, "slope_pct": 0.34 }, "geometry": { "type": "LineString", "coordinates": [ [ 72.8518154, 19.0187497 ], [ 72.8517565, 19.0187559 ], [ 72.851651, 19.0188285 ] ] } },
{ "type": "Feature", "properties": { "u": 13659211316, "v": 245660945, "key": 0, "name": "Mancherji Joshi Road", "highway": "residential", "length": 58.73374555856995, "grade": 0.0087158905923907532, "slope_pct": 0.87 }, "geometry": { "type": "LineString", "coordinates": [ [ 72.8514683, 19.0187592 ], [ 72.8512876, 19.0186599 ], [ 72.8510817, 19.0185401 ], [ 72.8509898, 19.0184866 ] ] } },
{ "type": "Feature", "properties": { "u": 13659211316, "v": 13659211328, "key": 0, "name": "Mancherji Joshi Road", "highway": "residential", "length": 18.471816790971239, "grade": 0.019726376108686969, "slope_pct": 1.97 }, "geometry": { "type": "LineString", "coordinates": [ [ 72.8514683, 19.0187592 ], [ 72.8514974, 19.0188125 ], [ 72.8515481, 19.0188424 ], [ 72.8515929, 19.0188683 ] ] } },
{ "type": "Feature", "properties": { "u": 13659211326, "v": 13659211327, "key": 0, "name": null, "highway": "residential", "length": 6.4703744521896134, "grade": 0.0060164135260379796, "slope_pct": 0.6 }, "geometry": { "type": "LineString", "coordinates": [ [ 72.8517043, 19.0188576 ], [ 72.851651, 19.0188285 ] ] } },
{ "type": "Feature", "properties": { "u": 13659211326, "v": 13659211315, "key": 0, "name": "Khareghat Road", "highway": "residential", "length": 17.22448193457577, "grade": 0.014776822891957017, "slope_pct": 1.48 }, "geometry": { "type": "LineString", "coordinates": [ [ 72.8517043, 19.0188576 ], [ 72.8517924, 19.0187965 ], [ 72.8518154, 19.0187497 ] ] } },
{ "type": "Feature", "properties": { "u": 13659211327, "v": 13659211328, "key": 0, "name": null, "highway": "residential", "length": 7.5425761561778897, "grade": 0.0077344411843792253, "slope_pct": 0.77 }, "geometry": { "type": "LineString", "coordinates": [ [ 72.851651, 19.0188285 ], [ 72.8515929, 19.0188683 ] ] } },
{ "type": "Feature", "properties": { "u": 13659211327, "v": 13659211316, "key": 0, "name": null, "highway": "residential", "length": 21.227145170322014, "grade": 0.0032666570421656521, "slope_pct": 0.33 }, "geometry": { "type": "LineString", "coordinates": [ [ 72.851651, 19.0188285 ], [ 72.8515263, 19.0187606 ], [ 72.8514683, 19.0187592 ] ] } },
{ "type": "Feature", "properties": { "u": 13659211328, "v": 245660983, "key": 0, "name": "Mancherji Joshi Road", "highway": "residential", "length": 6.4424561468083921, "grade": 0.0083064320671899124, "slope_pct": 0.83 }, "geometry": { "type": "LineString", "coordinates": [ [ 72.8515929, 19.0188683 ], [ 72.8516452, 19.0188985 ] ] } },
{ "type": "Feature", "properties": { "u": 13659211328, "v": 13659211313, "key": 0, "name": null, "highway": "residential", "length": 19.09960274202647, "grade": 0.024469222608021184, "slope_pct": 2.45 }, "geometry": { "type": "LineString", "coordinates": [ [ 72.8515929, 19.0188683 ], [ 72.8514844, 19.0189433 ], [ 72.8514731, 19.0189867 ] ] } },
{ "type": "Feature", "properties": { "u": 13661562603, "v": 13661562604, "key": 0, "name": null, "highway": "secondary_link", "length": 8.7142958875165206, "grade": 0.020633816461425772, "slope_pct": 2.06 }, "geometry": { "type": "LineString", "coordinates": [ [ 72.8501808, 19.0140943 ], [ 72.850253, 19.0140558 ] ] } },
{ "type": "Feature", "properties": { "u": 13661562603, "v": 13658722780, "key": 0, "name": "G.D. Ambedkar Marg", "highway": "secondary", "length": 201.95167192874337, "grade": 0.024110686175062738, "slope_pct": 2.41 }, "geometry": { "type": "LineString", "coordinates": [ [ 72.8501808, 19.0140943 ], [ 72.8504319, 19.0144778 ], [ 72.8507847, 19.0149071 ], [ 72.8508784, 19.0150252 ], [ 72.8510462, 19.0151927 ], [ 72.8513327, 19.0154405 ], [ 72.8513752, 19.0154771 ], [ 72.8513919, 19.015492 ] ] } },
{ "type": "Feature", "properties": { "u": 13661562604, "v": 13661562603, "key": 0, "name": null, "highway": "secondary_link", "length": 8.7142958875165206, "grade": 0.013732788966379975, "slope_pct": 1.37 }, "geometry": { "type": "LineString", "coordinates": [ [ 72.850253, 19.0140558 ], [ 72.8501808, 19.0140943 ] ] } },
{ "type": "Feature", "properties": { "u": 13661562604, "v": 12298775320, "key": 0, "name": "G.D. Ambedkar Marg", "highway": "secondary", "length": 95.816196802737124, "grade": 0.0054141963709050771, "slope_pct": 0.54 }, "geometry": { "type": "LineString", "coordinates": [ [ 72.850253, 19.0140558 ], [ 72.8501914, 19.0139579 ], [ 72.8499881, 19.013665 ], [ 72.8497697, 19.0133254 ] ] } },
{ "type": "Feature", "properties": { "u": 13661562605, "v": 13658722781, "key": 0, "name": "Katrak Road", "highway": "primary", "length": 29.823202708634032, "grade": 0.015055108757421245, "slope_pct": 1.51 }, "geometry": { "type": "LineString", "coordinates": [ [ 72.8516759, 19.0156949 ], [ 72.8514818, 19.0154993 ] ] } },
{ "type": "Feature", "properties": { "u": 13661562605, "v": 10282040381, "key": 0, "name": null, "highway": "primary_link", "length": 6.5282331272733405, "grade": 0.012996301360319141, "slope_pct": 1.3 }, "geometry": { "type": "LineString", "coordinates": [ [ 72.8516759, 19.0156949 ], [ 72.8516276, 19.0157318 ] ] } },
{ "type": "Feature", "properties": { "u": 13661562608, "v": 13661562610, "key": 0, "name": "Katrak Road", "highway": "primary", "length": 56.437724351259483, "grade": 0.021575855820271553, "slope_pct": 2.16 }, "geometry": { "type": "LineString", "coordinates": [ [ 72.8521816, 19.016279 ], [ 72.8525721, 19.0166273 ] ] } },
{ "type": "Feature", "properties": { "u": 13661562608, "v": 13661562609, "key": 0, "name": null, "highway": "primary_link", "length": 8.6237173712823143, "grade": 0.0051578167772533814, "slope_pct": 0.52 }, "geometry": { "type": "LineString", "coordinates": [ [ 72.8521816, 19.016279 ], [ 72.8522434, 19.016228 ] ] } },
{ "type": "Feature", "properties": { "u": 13661562609, "v": 13661562608, "key": 0, "name": null, "highway": "primary_link", "length": 8.6237173712823143, "grade": 0.013741305014479122, "slope_pct": 1.37 }, "geometry": { "type": "LineString", "coordinates": [ [ 72.8522434, 19.016228 ], [ 72.8521816, 19.016279 ] ] } },
{ "type": "Feature", "properties": { "u": 13661562609, "v": 13661562605, "key": 0, "name": "Katrak Road", "highway": "primary", "length": 84.144484959687773, "grade": 0.0063010706232676543, "slope_pct": 0.63 }, "geometry": { "type": "LineString", "coordinates": [ [ 72.8522434, 19.016228 ], [ 72.8521525, 19.0161521 ], [ 72.8519747, 19.015991 ], [ 72.8516759, 19.0156949 ] ] } },
{ "type": "Feature", "properties": { "u": 13661562610, "v": 10277719244, "key": 0, "name": "Katrak Road", "highway": "primary", "length": 12.948279512859477, "grade": 0.010142870391581321, "slope_pct": 1.01 }, "geometry": { "type": "LineString", "coordinates": [ [ 72.8525721, 19.0166273 ], [ 72.8526617, 19.0167072 ] ] } },
{ "type": "Feature", "properties": { "u": 13661562610, "v": 13661562611, "key": 0, "name": null, "highway": "primary_link", "length": 9.0332209252109976, "grade": 0.019221855702531595, "slope_pct": 1.92 }, "geometry": { "type": "LineString", "coordinates": [ [ 72.8525721, 19.0166273 ], [ 72.8526328, 19.0165698 ] ] } },
{ "type": "Feature", "properties": { "u": 13661562611, "v": 13661562609, "key": 0, "name": "Katrak Road", "highway": "primary", "length": 55.859418454259441, "grade": 0.013472398846112864, "slope_pct": 1.35 }, "geometry": { "type": "LineString", "coordinates": [ [ 72.8526328, 19.0165698 ], [ 72.8522434, 19.016228 ] ] } },
{ "type": "Feature", "properties": { "u": 13661562611, "v": 13661562610, "key": 0, "name": null, "highway": "primary_link", "length": 9.0332209252109976, "grade": 0.011269542273206926, "slope_pct": 1.13 }, "geometry": { "type": "LineString", "coordinates": [ [ 72.8526328, 19.0165698 ], [ 72.8525721, 19.0166273 ] ] } },
{ "type": "Feature", "properties": { "u": 13661562612, "v": 10277719243, "key": 0, "name": "Katrak Road", "highway": "primary", "length": 34.260834608178214, "grade": 0.011678478128540778, "slope_pct": 1.17 }, "geometry": { "type": "LineString", "coordinates": [ [ 72.8528373, 19.0168475 ], [ 72.8530862, 19.0170464 ] ] } },
{ "type": "Feature", "properties": { "u": 13661562612, "v": 13661562613, "key": 0, "name": null, "highway": "primary_link", "length": 10.060716107980156, "grade": 0.013107828904931708, "slope_pct": 1.31 }, "geometry": { "type": "LineString", "coordinates": [ [ 72.8528373, 19.0168475 ], [ 72.852907, 19.0167855 ] ] } },
{ "type": "Feature", "properties": { "u": 13661562613, "v": 10277719235, "key": 0, "name": "Katrak Road", "highway": "primary", "length": 24.693293741118556, "grade": 0.020270363964415252, "slope_pct": 2.03 }, "geometry": { "type": "LineString", "coordinates": [ [ 72.852907, 19.0167855 ], [ 72.8527223, 19.0166483 ] ] } },
{ "type": "Feature", "properties": { "u": 13661562613, "v": 13661562612, "key": 0, "name": null, "highway": "primary_link", "length": 10.060716107980156, "grade": 0.022625863156685157, "slope_pct": 2.26 }, "geometry": { "type": "LineString", "coordinates": [ [ 72.852907, 19.0167855 ], [ 72.8528373, 19.0168475 ] ] } },
{ "type": "Feature", "properties": { "u": 13661562614, "v": 245660296, "key": 0, "name": "Road No 26", "highway": "tertiary", "length": 372.79893687556063, "grade": 0.024017363103086425, "slope_pct": 2.4 }, "geometry": { "type": "LineString", "coordinates": [ [ 72.8533511, 19.011528 ], [ 72.8524466, 19.011743 ], [ 72.8521817, 19.011806 ], [ 72.8517009, 19.011929 ], [ 72.8508669, 19.0121425 ], [ 72.8503416, 19.0123013 ], [ 72.8501833, 19.0123487 ], [ 72.8499322, 19.0124147 ] ] } },
{ "type": "Feature", "properties": { "u": 13661562614, "v": 13661562624, "key": 0, "name": "Road No 26", "highway": "tertiary", "length": 17.324314208347218, "grade": 0.020311874497616494, "slope_pct": 2.03 }, "geometry": { "type": "LineString", "coordinates": [ [ 72.8533511, 19.011528 ], [ 72.8534008, 19.0115381 ], [ 72.8535112, 19.0115114 ] ] } },
{ "type": "Feature", "properties": { "u": 13661562615, "v": 7374507918, "key": 0, "name": "Road No 26", "highway": "tertiary", "length": 65.313707225925299, "grade": 0.0099389517064562803, "slope_pct": 0.99 }, "geometry": { "type": "LineString", "coordinates": [ [ 72.8536971, 19.0114425 ], [ 72.8537764, 19.0114244 ], [ 72.8538697, 19.0114031 ], [ 72.8539183, 19.0113915 ], [ 72.854301, 19.0113046 ] ] } },
{ "type": "Feature", "properties": { "u": 13661562615, "v": 245660229, "key": 0, "name": "Road No 26", "highway": "tertiary", "length": 14.387114201880312, "grade": 0.018138963533903929, "slope_pct": 1.81 }, "geometry": { "type": "LineString", "coordinates": [ [ 72.8536971, 19.0114425 ], [ 72.8536489, 19.0114346 ], [ 72.8535644, 19.0114576 ] ] } },
{ "type": "Feature", "properties": { "u": 13661562620, "v": 7371979020, "key": 0, "name": "Road No 37", "highway": "residential", "length": 104.60002417547237, "grade": 0.012627268729218624, "slope_pct": 1.26 }, "geometry": { "type": "LineString", "coordinates": [ [ 72.8535838, 19.0116673 ], [ 72.8536165, 19.0118504 ], [ 72.8536824, 19.0122198 ], [ 72.8537218, 19.0124421 ], [ 72.8537622, 19.0125923 ] ] } },
{ "type": "Feature", "properties": { "u": 13661562620, "v": 13661562622, "key": 0, "name": "Road No 37", "highway": "residential", "length": 19.662324930153421, "grade": 0.0086027536850131273, "slope_pct": 0.86 }, "geometry": { "type": "LineString", "coordinates": [ [ 72.8535838, 19.0116673 ], [ 72.8536024, 19.0116049 ], [ 72.8535743, 19.0114961 ] ] } },
{ "type": "Feature", "properties": { "u": 13661562622, "v": 245660229, "key": 0, "name": "Road No 37", "highway": "residential", "length": 4.4057105576962332, "grade": 0.021499174747370297, "slope_pct": 2.15 }, "geometry": { "type": "LineString", "coordinates": [ [ 72.8535743, 19.0114961 ], [ 72.8535644, 19.0114576 ] ] } },
{ "type": "Feature", "properties": { "u": 13661562622, "v": 13661562615, "key": 0, "name": "Road No 26", "highway": "tertiary", "length": 14.687800445024806, "grade": 0.0038453796771711502, "slope_pct": 0.38 }, "geometry": { "type": "LineString", "coordinates": [ [ 72.8535743, 19.0114961 ], [ 72.8536629, 19.0114747 ], [ 72.8536971, 19.0114425 ] ] } },
{ "type": "Feature", "properties": { "u": 13661562623, "v": 13661562624, "key": 0, "name": "Road No 37", "highway": "residential", "length": 4.3459996231761711, "grade": 0.02283876382697932, "slope_pct": 2.28 }, "geometry": { "type": "LineString", "coordinates": [ [ 72.8535011, 19.0114735 ], [ 72.8535112, 19.0115114 ] ] } },
{ "type": "Feature", "properties": { "u": 13661562623, "v": 13661562614, "key": 0, "name": "Road No 26", "highway": "tertiary", "length": 17.148888049059494, "grade": 0.013152504221744153, "slope_pct": 1.32 }, "geometry": { "type": "LineString", "coordinates": [ [ 72.8535011, 19.0114735 ], [ 72.8533879, 19.0115019 ], [ 72.8533511, 19.011528 ] ] } },
{ "type": "Feature", "properties": { "u": 13661562624, "v": 13661562622, "key": 0, "name": "Road No 26", "highway": "tertiary", "length": 6.8483701154367358, "grade": 0.01701843248978217, "slope_pct": 1.7 }, "geometry": { "type": "LineString", "coordinates": [ [ 72.8535112, 19.0115114 ], [ 72.8535743, 19.0114961 ] ] } },
{ "type": "Feature", "properties": { "u": 13661562624, "v": 13661562620, "key": 0, "name": "Road No 37", "highway": "residential", "length": 19.416916887278447, "grade": 0.017505786288527222, "slope_pct": 1.75 }, "geometry": { "type": "LineString", "coordinates": [ [ 72.8535112, 19.0115114 ], [ 72.8535396, 19.0116183 ], [ 72.8535838, 19.0116673 ] ] } },
{ "type": "Feature", "properties": { "u": 13661562628, "v": 7371979020, "key": 0, "name": "Road No 37", "highway": "residential", "length": 106.6897137091446, "grade": 0.0226925902955438, "slope_pct": 2.27 }, "geometry": { "type": "LineString", "coordinates": [ [ 72.8540877, 19.0135003 ], [ 72.8539526, 19.0131795 ], [ 72.8538019, 19.012721 ], [ 72.8537622, 19.0125923 ] ] } },
{ "type": "Feature", "properties": { "u": 13661562628, "v": 13661562641, "key": 0, "name": "Road No 37", "highway": "residential", "length": 25.296728095646849, "grade": 0.017006733007678562, "slope_pct": 1.7 }, "geometry": { "type": "LineString", "coordinates": [ [ 72.8540877, 19.0135003 ], [ 72.8540887, 19.0135626 ], [ 72.8541648, 19.0137113 ] ] } },
{ "type": "Feature", "properties": { "u": 13661562630, "v": 13661562634, "key": 0, "name": "Road No 37", "highway": "residential", "length": 20.912359325305562, "grade": 0.016506538864721362, "slope_pct": 1.65 }, "geometry": { "type": "LineString", "coordinates": [ [ 72.854297, 19.0138978 ], [ 72.8543046, 19.0138335 ], [ 72.8542423, 19.0137251 ] ] } },
{ "type": "Feature", "properties": { "u": 13661562634, "v": 13661562642, "key": 0, "name": "Road No 37", "highway": "residential", "length": 5.5301320187169081, "grade": 0.0044663448923351794, "slope_pct": 0.45 }, "geometry": { "type": "LineString", "coordinates": [ [ 72.8542423, 19.0137251 ], [ 72.8542186, 19.0136807 ] ] } },
{ "type": "Feature", "properties": { "u": 13661562634, "v": 13661562636, "key": 0, "name": "Tilak Road Extension", "highway": "secondary", "length": 12.384915246720471, "grade": 0.014404976482794492, "slope_pct": 1.44 }, "geometry": { "type": "LineString", "coordinates": [ [ 72.8542423, 19.0137251 ], [ 72.8542998, 19.0136907 ], [ 72.8543218, 19.0136485 ] ] } },
{ "type": "Feature", "properties": { "u": 13661562635, "v": 245660552, "key": 0, "name": "Tilak Road Extension", "highway": "secondary", "length": 259.31568068182042, "grade": 0.0063037180179749165, "slope_pct": 0.63 }, "geometry": { "type": "LineString", "coordinates": [ [ 72.8540544, 19.0138069 ], [ 72.8536729, 19.014064 ], [ 72.8528406, 19.0145881 ], [ 72.8520138, 19.0151168 ] ] } },
{ "type": "Feature", "properties": { "u": 13661562635, "v": 245660437, "key": 0, "name": "Tilak Road Extension", "highway": "secondary", "length": 15.597094369257203, "grade": 0.019223542911872685, "slope_pct": 1.92 }, "geometry": { "type": "LineString", "coordinates": [ [ 72.8540544, 19.0138069 ], [ 72.8540989, 19.0138066 ], [ 72.8541872, 19.0137549 ] ] } },
{ "type": "Feature", "properties": { "u": 13661562636, "v": 13661562642, "key": 0, "name": null, "highway": "secondary", "length": 11.930482071716831, "grade": 0.01426888225787884, "slope_pct": 1.43 }, "geometry": { "type": "LineString", "coordinates": [ [ 72.8543218, 19.0136485 ], [ 72.8542695, 19.0136486 ], [ 72.8542186, 19.0136807 ] ] } },
{ "type": "Feature", "properties": { "u": 13661562641, "v": 245660437, "key": 0, "name": "Road No 37", "highway": "residential", "length": 5.3897646962358463, "grade": 0.017965011142583774, "slope_pct": 1.8 }, "geometry": { "type": "LineString", "coordinates": [ [ 72.8541648, 19.0137113 ], [ 72.8541872, 19.0137549 ] ] } },
{ "type": "Feature", "properties": { "u": 13661562641, "v": 13661562635, "key": 0, "name": null, "highway": "secondary", "length": 16.49930284839413, "grade": 0.003916803813252454, "slope_pct": 0.39 }, "geometry": { "type": "LineString", "coordinates": [ [ 72.8541648, 19.0137113 ], [ 72.854067, 19.0137698 ], [ 72.8540544, 19.0138069 ] ] } },
{ "type": "Feature", "properties": { "u": 13661562642, "v": 13661562641, "key": 0, "name": null, "highway": "secondary", "length": 6.6005113435950982, "grade": 0.004865424353007671, "slope_pct": 0.49 }, "geometry": { "type": "LineString", "coordinates": [ [ 72.8542186, 19.0136807 ], [ 72.8541648, 19.0137113 ] ] } },
{ "type": "Feature", "properties": { "u": 13661562642, "v": 13661562628, "key": 0, "name": "Road No 37", "highway": "residential", "length": 24.80029300381927, "grade": 0.01875911453737901, "slope_pct": 1.88 }, "geometry": { "type": "LineString", "coordinates": [ [ 72.8542186, 19.0136807 ], [ 72.8541398, 19.0135379 ], [ 72.8540877, 19.0135003 ] ] } },
{ "type": "Feature", "properties": { "u": 13662153787, "v": 13659211314, "key": 0, "name": "Mancherji Joshi Road", "highway": "residential", "length": 102.16979499805724, "grade": 0.0045858553919708141, "slope_pct": 0.46 }, "geometry": { "type": "LineString", "coordinates": [ [ 72.8526314, 19.019424 ], [ 72.8518017, 19.0189455 ] ] } },
{ "type": "Feature", "properties": { "u": 13662153787, "v": 245661086, "key": 0, "name": "Mancherji Joshi Road", "highway": "residential", "length": 34.674758430984575, "grade": 0.0045676480108356897, "slope_pct": 0.46 }, "geometry": { "type": "LineString", "coordinates": [ [ 72.8526314, 19.019424 ], [ 72.8526876, 19.0195148 ], [ 72.8528749, 19.0196213 ] ] } },
{ "type": "Feature", "properties": { "u": 13662153790, "v": 245661086, "key": 0, "name": "Lady Jehangir Road", "highway": "residential", "length": 10.571499152528618, "grade": 0.0032663864551675239, "slope_pct": 0.33 }, "geometry": { "type": "LineString", "coordinates": [ [ 72.8529367, 19.0195463 ], [ 72.8528749, 19.0196213 ] ] } },
{ "type": "Feature", "properties": { "u": 13662153790, "v": 13662153787, "key": 0, "name": "Mancherji Joshi Road", "highway": "residential", "length": 35.74037479391211, "grade": 0.024043030762588565, "slope_pct": 2.4 }, "geometry": { "type": "LineString", "coordinates": [ [ 72.8529367, 19.0195463 ], [ 72.8527434, 19.0194327 ], [ 72.8526314, 19.019424 ] ] } },
{ "type": "Feature", "properties": { "u": 13671596747, "v": 13671596748, "key": 0, "name": null, "highway": "residential", "length": 48.784832891592323, "grade": 0.019225183908098152, "slope_pct": 1.92 }, "geometry": { "type": "LineString", "coordinates": [ [ 72.8537099, 19.0243028 ], [ 72.8533625, 19.0245937 ] ] } },
{ "type": "Feature", "properties": { "u": 13671596748, "v": 1165504242, "key": 0, "name": "Dr Babasaheb Ambedkar Marg (Vincent Road)", "highway": "trunk", "length": 40.792894936965681, "grade": 0.010771530987045412, "slope_pct": 1.08 }, "geometry": { "type": "LineString", "coordinates": [ [ 72.8533625, 19.0245937 ], [ 72.8530999, 19.0243236 ] ] } },
{ "type": "Feature", "properties": { "u": 13671596748, "v": 13671596747, "key": 0, "name": null, "highway": "residential", "length": 48.784832891592323, "grade": 0.0095237827883284144, "slope_pct": 0.95 }, "geometry": { "type": "LineString", "coordinates": [ [ 72.8533625, 19.0245937 ], [ 72.8537099, 19.0243028 ] ] } },
{ "type": "Feature", "properties": { "u": 13671655117, "v": 245660348, "key": 0, "name": "Road No 5", "highway": "residential", "length": 81.56539103846589, "grade": 0.010693471054408691, "slope_pct": 1.07 }, "geometry": { "type": "LineString", "coordinates": [ [ 72.8472032, 19.0126154 ], [ 72.8464891, 19.0129022 ] ] } },
{ "type": "Feature", "properties": { "u": 13671655117, "v": 13671655132, "key": 0, "name": null, "highway": "residential", "length": 19.168425211178057, "grade": 0.020042377685986001, "slope_pct": 2.0 }, "geometry": { "type": "LineString", "coordinates": [ [ 72.8472032, 19.0126154 ], [ 72.8472708, 19.0127755 ] ] } },
{ "type": "Feature", "properties": { "u": 13671655117, "v": 14104719209, "key": 0, "name": [ "Road No 5", "V V D Buva Road" ], "highway": "residential", "length": 73.15384490431785, "grade": 0.017550153443549116, "slope_pct": 1.76 }, "geometry": { "type": "LineString", "coordinates": [ [ 72.8472032, 19.0126154 ], [ 72.8475432, 19.0124787 ], [ 72.8474225, 19.012192 ] ] } },
{ "type": "Feature", "properties": { "u": 13671655118, "v": 13671655132, "key": 0, "name": null, "highway": "residential", "length": 17.335036909850238, "grade": 0.0070743024930842949, "slope_pct": 0.71 }, "geometry": { "type": "LineString", "coordinates": [ [ 72.8473319, 19.0129203 ], [ 72.8472708, 19.0127755 ] ] } },
{ "type": "Feature", "properties": { "u": 13671655118, "v": 13671655119, "key": 0, "name": null, "highway": "residential", "length": 21.220750094822868, "grade": 0.0068304053773498557, "slope_pct": 0.68 }, "geometry": { "type": "LineString", "coordinates": [ [ 72.8473319, 19.0129203 ], [ 72.8471752, 19.0130406 ] ] } },
{ "type": "Feature", "properties": { "u": 13671655118, "v": 13671655121, "key": 0, "name": null, "highway": "residential", "length": 21.564594452306959, "grade": 0.0051647042936947413, "slope_pct": 0.52 }, "geometry": { "type": "LineString", "coordinates": [ [ 72.8473319, 19.0129203 ], [ 72.8473517, 19.0129105 ], [ 72.8475264, 19.0128597 ] ] } },
{ "type": "Feature", "properties": { "u": 13671655119, "v": 13671655118, "key": 0, "name": null, "highway": "residential", "length": 21.220750094822868, "grade": 0.01752665983342944, "slope_pct": 1.75 }, "geometry": { "type": "LineString", "coordinates": [ [ 72.8471752, 19.0130406 ], [ 72.8473319, 19.0129203 ] ] } },
{ "type": "Feature", "properties": { "u": 13671655121, "v": 13671655123, "key": 0, "name": null, "highway": "residential", "length": 17.762632910289256, "grade": 0.019816198568878191, "slope_pct": 1.98 }, "geometry": { "type": "LineString", "coordinates": [ [ 72.8475264, 19.0128597 ], [ 72.8474761, 19.0127072 ] ] } },
{ "type": "Feature", "properties": { "u": 13671655121, "v": 13671655124, "key": 0, "name": null, "highway": "residential", "length": 17.601097436916092, "grade": 0.0088310214231500893, "slope_pct": 0.88 }, "geometry": { "type": "LineString", "coordinates": [ [ 72.8475264, 19.0128597 ], [ 72.8475786, 19.0130101 ] ] } },
{ "type": "Feature", "properties": { "u": 13671655121, "v": 13671655129, "key": 0, "name": null, "highway": "residential", "length": 16.955419256890135, "grade": 0.0034607891426800819, "slope_pct": 0.35 }, "geometry": { "type": "LineString", "coordinates": [ [ 72.8475264, 19.0128597 ], [ 72.84768, 19.0128132 ] ] } },
{ "type": "Feature", "properties": { "u": 13671655121, "v": 13671655118, "key": 0, "name": null, "highway": "residential", "length": 21.564594452306959, "grade": 0.0048077766844814018, "slope_pct": 0.48 }, "geometry": { "type": "LineString", "coordinates": [ [ 72.8475264, 19.0128597 ], [ 72.8473517, 19.0129105 ], [ 72.8473319, 19.0129203 ] ] } },
{ "type": "Feature", "properties": { "u": 13671655123, "v": 13671655128, "key": 0, "name": null, "highway": "residential", "length": 15.875819687945627, "grade": 0.024292920766590672, "slope_pct": 2.43 }, "geometry": { "type": "LineString", "coordinates": [ [ 72.8474761, 19.0127072 ], [ 72.8476203, 19.0126648 ] ] } },
{ "type": "Feature", "properties": { "u": 13671655123, "v": 13671655121, "key": 0, "name": null, "highway": "residential", "length": 17.762632910289256, "grade": 0.0094997851045032465, "slope_pct": 0.95 }, "geometry": { "type": "LineString", "coordinates": [ [ 72.8474761, 19.0127072 ], [ 72.8475264, 19.0128597 ] ] } },
{ "type": "Feature", "properties": { "u": 13671655123, "v": 13671655132, "key": 0, "name": null, "highway": "residential", "length": 22.880191966677881, "grade": 0.01992290925243894, "slope_pct": 1.99 }, "geometry": { "type": "LineString", "coordinates": [ [ 72.8474761, 19.0127072 ], [ 72.8472708, 19.0127755 ] ] } },
{ "type": "Feature", "properties": { "u": 13671655124, "v": 13671655121, "key": 0, "name": null, "highway": "residential", "length": 17.601097436916092, "grade": 0.016742598514793806, "slope_pct": 1.67 }, "geometry": { "type": "LineString", "coordinates": [ [ 72.8475786, 19.0130101 ], [ 72.8475264, 19.0128597 ] ] } },
{ "type": "Feature", "properties": { "u": 13671655125, "v": 13671655127, "key": 0, "name": null, "highway": "residential", "length": 8.4172677061444858, "grade": 0.011402672072363711, "slope_pct": 1.14 }, "geometry": { "type": "LineString", "coordinates": [ [ 72.8480038, 19.0127078 ], [ 72.8479279, 19.0127319 ] ] } },
{ "type": "Feature", "properties": { "u": 13671655126, "v": 13671655127, "key": 0, "name": null, "highway": "residential", "length": 29.125568313079345, "grade": 0.0075251197683022129, "slope_pct": 0.75 }, "geometry": { "type": "LineString", "coordinates": [ [ 72.8480142, 19.0129808 ], [ 72.8479279, 19.0127319 ] ] } },
{ "type": "Feature", "properties": { "u": 13671655126, "v": 245660388, "key": 0, "name": "Mumbai Marathi Granth Sangrahalaya Marg", "highway": "tertiary", "length": 135.37859948322961, "grade": 0.0056705011995069419, "slope_pct": 0.57 }, "geometry": { "type": "LineString", "coordinates": [ [ 72.8480142, 19.0129808 ], [ 72.8479589, 19.0129962 ], [ 72.8476114, 19.0131047 ], [ 72.8473981, 19.0131713 ], [ 72.8469249, 19.013578 ] ] } },
{ "type": "Feature", "properties": { "u": 13671655126, "v": 7453717288, "key": 0, "name": "Mumbai Marathi Granth Sangrahalaya Marg", "highway": "tertiary", "length": 35.969663910851011, "grade": 0.016530285296855067, "slope_pct": 1.65 }, "geometry": { "type": "LineString", "coordinates": [ [ 72.8480142, 19.0129808 ], [ 72.8483179, 19.0128965 ], [ 72.8483425, 19.0128897 ] ] } },
{ "type": "Feature", "properties": { "u": 13671655127, "v": 13671655125, "key": 0, "name": null, "highway": "residential", "length": 8.4172677061444858, "grade": 0.020041943174031338, "slope_pct": 2.0 }, "geometry": { "type": "LineString", "coordinates": [ [ 72.8479279, 19.0127319 ], [ 72.8480038, 19.0127078 ] ] } },
{ "type": "Feature", "properties": { "u": 13671655127, "v": 13671655129, "key": 0, "name": null, "highway": "residential", "length": 27.58485948529967, "grade": 0.017165893577904875, "slope_pct": 1.72 }, "geometry": { "type": "LineString", "coordinates": [ [ 72.8479279, 19.0127319 ], [ 72.84768, 19.0128132 ] ] } },
{ "type": "Feature", "properties": { "u": 13671655127, "v": 13671655126, "key": 0, "name": null, "highway": "residential", "length": 29.125568313079345, "grade": 0.014666646931481484, "slope_pct": 1.47 }, "geometry": { "type": "LineString", "coordinates": [ [ 72.8479279, 19.0127319 ], [ 72.8480142, 19.0129808 ] ] } },
{ "type": "Feature", "properties": { "u": 13671655128, "v": 13671655129, "key": 0, "name": null, "highway": "residential", "length": 17.654609676051617, "grade": 0.0039229269154959978, "slope_pct": 0.39 }, "geometry": { "type": "LineString", "coordinates": [ [ 72.8476203, 19.0126648 ], [ 72.84768, 19.0128132 ] ] } },
{ "type": "Feature", "properties": { "u": 13671655128, "v": 13671655123, "key": 0, "name": null, "highway": "residential", "length": 15.875819687945627, "grade": 0.024306753107076445, "slope_pct": 2.43 }, "geometry": { "type": "LineString", "coordinates": [ [ 72.8476203, 19.0126648 ], [ 72.8474761, 19.0127072 ] ] } },
{ "type": "Feature", "properties": { "u": 13671655128, "v": 13671655131, "key": 0, "name": null, "highway": "residential", "length": 10.325577063933929, "grade": 0.020571712216400643, "slope_pct": 2.06 }, "geometry": { "type": "LineString", "coordinates": [ [ 72.8476203, 19.0126648 ], [ 72.8475854, 19.012578 ] ] } },
{ "type": "Feature", "properties": { "u": 13671655129, "v": 13671655128, "key": 0, "name": null, "highway": "residential", "length": 17.654609676051617, "grade": 0.0094420848074212253, "slope_pct": 0.94 }, "geometry": { "type": "LineString", "coordinates": [ [ 72.84768, 19.0128132 ], [ 72.8476203, 19.0126648 ] ] } },
{ "type": "Feature", "properties": { "u": 13671655129, "v": 13671655127, "key": 0, "name": null, "highway": "residential", "length": 27.58485948529967, "grade": 0.024559347245894717, "slope_pct": 2.46 }, "geometry": { "type": "LineString", "coordinates": [ [ 72.84768, 19.0128132 ], [ 72.8479279, 19.0127319 ] ] } },
{ "type": "Feature", "properties": { "u": 13671655129, "v": 13671655121, "key": 0, "name": null, "highway": "residential", "length": 16.955419256890135, "grade": 0.016241394971999088, "slope_pct": 1.62 }, "geometry": { "type": "LineString", "coordinates": [ [ 72.84768, 19.0128132 ], [ 72.8475264, 19.0128597 ] ] } },
{ "type": "Feature", "properties": { "u": 13671655130, "v": 13671655132, "key": 0, "name": null, "highway": "residential", "length": 27.856739062252743, "grade": 0.015813298480559426, "slope_pct": 1.58 }, "geometry": { "type": "LineString", "coordinates": [ [ 72.8470209, 19.0128588 ], [ 72.8472708, 19.0127755 ] ] } },
{ "type": "Feature", "properties": { "u": 13671655131, "v": 13671655128, "key": 0, "name": null, "highway": "residential", "length": 10.325577063933929, "grade": 0.019457609947449706, "slope_pct": 1.95 }, "geometry": { "type": "LineString", "coordinates": [ [ 72.8475854, 19.012578 ], [ 72.8476203, 19.0126648 ] ] } },
{ "type": "Feature", "properties": { "u": 13671655132, "v": 13671655118, "key": 0, "name": null, "highway": "residential", "length": 17.335036909850238, "grade": 0.020858935337983026, "slope_pct": 2.09 }, "geometry": { "type": "LineString", "coordinates": [ [ 72.8472708, 19.0127755 ], [ 72.8473319, 19.0129203 ] ] } },
{ "type": "Feature", "properties": { "u": 13671655132, "v": 13671655117, "key": 0, "name": null, "highway": "residential", "length": 19.168425211178057, "grade": 0.01744252936129306, "slope_pct": 1.74 }, "geometry": { "type": "LineString", "coordinates": [ [ 72.8472708, 19.0127755 ], [ 72.8472032, 19.0126154 ] ] } },
{ "type": "Feature", "properties": { "u": 13671655132, "v": 13671655123, "key": 0, "name": null, "highway": "residential", "length": 22.880191966677881, "grade": 0.0058181064200564011, "slope_pct": 0.58 }, "geometry": { "type": "LineString", "coordinates": [ [ 72.8472708, 19.0127755 ], [ 72.8474761, 19.0127072 ] ] } },
{ "type": "Feature", "properties": { "u": 13671655132, "v": 13671655130, "key": 0, "name": null, "highway": "residential", "length": 27.856739062252743, "grade": 0.010441885131878966, "slope_pct": 1.04 }, "geometry": { "type": "LineString", "coordinates": [ [ 72.8472708, 19.0127755 ], [ 72.8470209, 19.0128588 ] ] } },
{ "type": "Feature", "properties": { "u": 13671676540, "v": 13260912882, "key": 0, "name": "G.D. Ambedkar Marg", "highway": "secondary", "length": 22.757163049206639, "grade": 0.023417840087173094, "slope_pct": 2.34 }, "geometry": { "type": "LineString", "coordinates": [ [ 72.8483134, 19.0103973 ], [ 72.8482319, 19.0102077 ] ] } },
{ "type": "Feature", "properties": { "u": 13671676540, "v": 13671676543, "key": 0, "name": null, "highway": "residential", "length": 9.3084288655483896, "grade": 0.0079415434605647432, "slope_pct": 0.79 }, "geometry": { "type": "LineString", "coordinates": [ [ 72.8483134, 19.0103973 ], [ 72.848226, 19.0104107 ] ] } },
{ "type": "Feature", "properties": { "u": 13671676543, "v": 7434196835, "key": 0, "name": "G.D. Ambedkar Marg", "highway": "secondary", "length": 6.9799137604277623, "grade": 0.011187674524425293, "slope_pct": 1.12 }, "geometry": { "type": "LineString", "coordinates": [ [ 72.848226, 19.0104107 ], [ 72.8482498, 19.0104693 ] ] } },
{ "type": "Feature", "properties": { "u": 13671676545, "v": 245660275, "key": 0, "name": null, "highway": "residential", "length": 7.5966612594586334, "grade": 0.012505691424772314, "slope_pct": 1.25 }, "geometry": { "type": "LineString", "coordinates": [ [ 72.8489714, 19.0119064 ], [ 72.8489069, 19.0119372 ] ] } },
{ "type": "Feature", "properties": { "u": 13671676545, "v": 13671676553, "key": 0, "name": "G.D. Ambedkar Marg", "highway": "secondary", "length": 107.80286758928986, "grade": 0.012666909773277949, "slope_pct": 1.27 }, "geometry": { "type": "LineString", "coordinates": [ [ 72.8489714, 19.0119064 ], [ 72.8489501, 19.0118654 ], [ 72.8485799, 19.01104 ], [ 72.8485694, 19.0110146 ] ] } },
{ "type": "Feature", "properties": { "u": 13671676552, "v": 245660275, "key": 0, "name": "G.D. Ambedkar Marg", "highway": "secondary", "length": 108.58020135936664, "grade": 0.016484670814879563, "slope_pct": 1.65 }, "geometry": { "type": "LineString", "coordinates": [ [ 72.8485032, 19.0110384 ], [ 72.8489069, 19.0119372 ] ] } },
{ "type": "Feature", "properties": { "u": 13671676552, "v": 13671676553, "key": 0, "name": null, "highway": "secondary_link", "length": 7.4457921460077898, "grade": 0.023747668430383569, "slope_pct": 2.37 }, "geometry": { "type": "LineString", "coordinates": [ [ 72.8485032, 19.0110384 ], [ 72.8485694, 19.0110146 ] ] } },
{ "type": "Feature", "properties": { "u": 13671676553, "v": 10282040395, "key": 0, "name": "G.D. Ambedkar Marg", "highway": "secondary", "length": 66.657893112596327, "grade": 0.0082952396603151093, "slope_pct": 0.83 }, "geometry": { "type": "LineString", "coordinates": [ [ 72.8485694, 19.0110146 ], [ 72.8483393, 19.010456 ] ] } },
{ "type": "Feature", "properties": { "u": 13671676553, "v": 13671676552, "key": 0, "name": null, "highway": "secondary_link", "length": 7.4457921460077898, "grade": 0.0056730302786201971, "slope_pct": 0.57 }, "geometry": { "type": "LineString", "coordinates": [ [ 72.8485694, 19.0110146 ], [ 72.8485032, 19.0110384 ] ] } },
{ "type": "Feature", "properties": { "u": 13671745694, "v": 13671745695, "key": 0, "name": null, "highway": "residential", "length": 51.635196890954887, "grade": 0.0073443507769186218, "slope_pct": 0.73 }, "geometry": { "type": "LineString", "coordinates": [ [ 72.8423899, 19.0108501 ], [ 72.8419111, 19.0109536 ] ] } },
{ "type": "Feature", "properties": { "u": 13671745695, "v": 245660274, "key": 0, "name": "Dadasaheb Phalke Marg", "highway": "tertiary", "length": 132.62873926456743, "grade": 0.022512347804603931, "slope_pct": 2.25 }, "geometry": { "type": "LineString", "coordinates": [ [ 72.8419111, 19.0109536 ], [ 72.8421632, 19.0121223 ] ] } },
{ "type": "Feature", "properties": { "u": 13671745695, "v": 13671745694, "key": 0, "name": null, "highway": "residential", "length": 51.635196890954887, "grade": 0.017207837878414532, "slope_pct": 1.72 }, "geometry": { "type": "LineString", "coordinates": [ [ 72.8419111, 19.0109536 ], [ 72.8423899, 19.0108501 ] ] } },
{ "type": "Feature", "properties": { "u": 13671745695, "v": 7389083468, "key": 0, "name": "Dadasaheb Phalke Marg", "highway": "tertiary", "length": 148.04301073439038, "grade": 0.0092899493632615238, "slope_pct": 0.93 }, "geometry": { "type": "LineString", "coordinates": [ [ 72.8419111, 19.0109536 ], [ 72.8418754, 19.0107879 ], [ 72.8416488, 19.0097376 ], [ 72.8416336, 19.0096484 ] ] } },
{ "type": "Feature", "properties": { "u": 13672136778, "v": 528873053, "key": 0, "name": "Sewri Cross Road", "highway": "residential", "length": 35.8635438674441, "grade": 0.020950832657309581, "slope_pct": 2.1 }, "geometry": { "type": "LineString", "coordinates": [ [ 72.8543543, 19.0089707 ], [ 72.8545128, 19.0086851 ] ] } },
{ "type": "Feature", "properties": { "u": 13672136778, "v": 7374507900, "key": 0, "name": "Sewri Cross Road", "highway": "residential", "length": 8.8954403186420024, "grade": 0.021950139919995594, "slope_pct": 2.2 }, "geometry": { "type": "LineString", "coordinates": [ [ 72.8543543, 19.0089707 ], [ 72.8543409, 19.0089896 ], [ 72.8542947, 19.0090266 ] ] } },
{ "type": "Feature", "properties": { "u": 13686749224, "v": 13671676543, "key": 0, "name": "G.D. Ambedkar Marg", "highway": "secondary", "length": 21.816346134153356, "grade": 0.021623315451186117, "slope_pct": 2.16 }, "geometry": { "type": "LineString", "coordinates": [ [ 72.8481509, 19.0102278 ], [ 72.848226, 19.0104107 ] ] } },
{ "type": "Feature", "properties": { "u": 13686749224, "v": 13260912882, "key": 0, "name": null, "highway": "residential", "length": 8.8039958435227756, "grade": 0.0232163837400702, "slope_pct": 2.32 }, "geometry": { "type": "LineString", "coordinates": [ [ 72.8481509, 19.0102278 ], [ 72.8482319, 19.0102077 ] ] } },
{ "type": "Feature", "properties": { "u": 13686749225, "v": 13686749226, "key": 0, "name": null, "highway": "secondary_link", "length": 8.812752862218769, "grade": 0.008549302443813956, "slope_pct": 0.85 }, "geometry": { "type": "LineString", "coordinates": [ [ 72.8477038, 19.0091631 ], [ 72.8477821, 19.0091348 ] ] } },
{ "type": "Feature", "properties": { "u": 13686749225, "v": 13686749224, "key": 0, "name": "G.D. Ambedkar Marg", "highway": "secondary", "length": 127.38492139888098, "grade": 0.019610922432418122, "slope_pct": 1.96 }, "geometry": { "type": "LineString", "coordinates": [ [ 72.8477038, 19.0091631 ], [ 72.8479858, 19.0098202 ], [ 72.8481509, 19.0102278 ] ] } },
{ "type": "Feature", "properties": { "u": 13686749226, "v": 13686749225, "key": 0, "name": null, "highway": "secondary_link", "length": 8.812752862218769, "grade": 0.013131868940031082, "slope_pct": 1.31 }, "geometry": { "type": "LineString", "coordinates": [ [ 72.8477821, 19.0091348 ], [ 72.8477038, 19.0091631 ] ] } },
{ "type": "Feature", "properties": { "u": 13686749226, "v": 12260497090, "key": 0, "name": "G.D. Ambedkar Marg", "highway": "secondary", "length": 44.299980047698064, "grade": 0.021523968163581354, "slope_pct": 2.15 }, "geometry": { "type": "LineString", "coordinates": [ [ 72.8477821, 19.0091348 ], [ 72.8476597, 19.0088416 ], [ 72.847628, 19.008764 ] ] } },
{ "type": "Feature", "properties": { "u": 13686749227, "v": 245659990, "key": 0, "name": "G.D. Ambedkar Marg", "highway": "secondary", "length": 52.860054460944269, "grade": 0.019026794897555491, "slope_pct": 1.9 }, "geometry": { "type": "LineString", "coordinates": [ [ 72.8473548, 19.0083591 ], [ 72.8475472, 19.0087983 ] ] } },
{ "type": "Feature", "properties": { "u": 13686749227, "v": 13686749228, "key": 0, "name": null, "highway": "secondary_link", "length": 7.712384001242957, "grade": 0.020081843822993942, "slope_pct": 2.01 }, "geometry": { "type": "LineString", "coordinates": [ [ 72.8473548, 19.0083591 ], [ 72.8474243, 19.0083369 ] ] } },
{ "type": "Feature", "properties": { "u": 13686749228, "v": 13686749227, "key": 0, "name": null, "highway": "secondary_link", "length": 7.712384001242957, "grade": 0.017435560428983574, "slope_pct": 1.74 }, "geometry": { "type": "LineString", "coordinates": [ [ 72.8474243, 19.0083369 ], [ 72.8473548, 19.0083591 ] ] } },
{ "type": "Feature", "properties": { "u": 13686749228, "v": 10282040400, "key": 0, "name": "G.D. Ambedkar Marg", "highway": "secondary", "length": 76.606678133559782, "grade": 0.0069034329283335517, "slope_pct": 0.69 }, "geometry": { "type": "LineString", "coordinates": [ [ 72.8474243, 19.0083369 ], [ 72.8473281, 19.0081415 ], [ 72.8472852, 19.0079773 ], [ 72.8472558, 19.0076743 ] ] } },
{ "type": "Feature", "properties": { "u": 13686797151, "v": 245660908, "key": 0, "name": [ "Lakhamasi Nappu Road", "Dadasaheb Phalke Marg" ], "highway": "tertiary", "length": 135.94179643813229, "grade": 0.014990592215732644, "slope_pct": 1.5 }, "geometry": { "type": "LineString", "coordinates": [ [ 72.8440807, 19.0176141 ], [ 72.8442579, 19.0178125 ], [ 72.84451, 19.0181427 ], [ 72.8448319, 19.0186076 ] ] } },
{ "type": "Feature", "properties": { "u": 13686797151, "v": 13686797158, "key": 0, "name": null, "highway": "tertiary", "length": 21.813619825047393, "grade": 0.024662734269539181, "slope_pct": 2.47 }, "geometry": { "type": "LineString", "coordinates": [ [ 72.8440807, 19.0176141 ], [ 72.8441027, 19.0175998 ], [ 72.8441183, 19.0175793 ], [ 72.8441256, 19.0175549 ], [ 72.8441238, 19.0175297 ], [ 72.8441131, 19.0175065 ], [ 72.8440964, 19.0174894 ], [ 72.8440749, 19.0174781 ], [ 72.8440508, 19.0174736 ] ] } },
{ "type": "Feature", "properties": { "u": 13686797158, "v": 587984765, "key": 0, "name": null, "highway": "tertiary", "length": 7.7642753820224426, "grade": 0.023622537462936619, "slope_pct": 2.36 }, "geometry": { "type": "LineString", "coordinates": [ [ 72.8440508, 19.0174736 ], [ 72.8440263, 19.0174766 ], [ 72.8440041, 19.0174866 ], [ 72.8439863, 19.0175026 ] ] } },
{ "type": "Feature", "properties": { "u": 13822935053, "v": 245659974, "key": 0, "name": "Senapati Bapat Marg", "highway": "primary", "length": 11.23715948412679, "grade": 0.0039498221875342568, "slope_pct": 0.39 }, "geometry": { "type": "LineString", "coordinates": [ [ 72.8325053, 19.0083424 ], [ 72.8325509, 19.0084338 ] ] } },
{ "type": "Feature", "properties": { "u": 13822935053, "v": 13822935060, "key": 0, "name": null, "highway": "residential", "length": 19.214541161314965, "grade": 0.0066259259460476174, "slope_pct": 0.66 }, "geometry": { "type": "LineString", "coordinates": [ [ 72.8325053, 19.0083424 ], [ 72.8326673, 19.0082624 ] ] } },
{ "type": "Feature", "properties": { "u": 13822935056, "v": 13822935053, "key": 0, "name": "Senapati Bapat Marg", "highway": "primary", "length": 15.055548597624693, "grade": 0.0058980330160003629, "slope_pct": 0.59 }, "geometry": { "type": "LineString", "coordinates": [ [ 72.8324443, 19.0082199 ], [ 72.8325053, 19.0083424 ] ] } },
{ "type": "Feature", "properties": { "u": 13822935056, "v": 13822935061, "key": 0, "name": null, "highway": "residential", "length": 18.590666183308564, "grade": 0.018971558019676503, "slope_pct": 1.9 }, "geometry": { "type": "LineString", "coordinates": [ [ 72.8324443, 19.0082199 ], [ 72.8326025, 19.0081452 ] ] } },
{ "type": "Feature", "properties": { "u": 13822935059, "v": 471942850, "key": 0, "name": "Senapati Bapat Marg", "highway": "primary", "length": 22.80587045964295, "grade": 0.020991277256852792, "slope_pct": 2.1 }, "geometry": { "type": "LineString", "coordinates": [ [ 72.8328248, 19.008498 ], [ 72.8327036, 19.0083279 ] ] } },
{ "type": "Feature", "properties": { "u": 13822935059, "v": 2444311214, "key": 0, "name": null, "highway": "residential", "length": 20.525227411508155, "grade": 0.0076972500588347826, "slope_pct": 0.77 }, "geometry": { "type": "LineString", "coordinates": [ [ 72.8328248, 19.008498 ], [ 72.832655, 19.0085891 ] ] } },
{ "type": "Feature", "properties": { "u": 13822935060, "v": 13822935061, "key": 0, "name": "Senapati Bapat Marg", "highway": "primary", "length": 14.70528564838706, "grade": 0.014128759244940239, "slope_pct": 1.41 }, "geometry": { "type": "LineString", "coordinates": [ [ 72.8326673, 19.0082624 ], [ 72.8326025, 19.0081452 ] ] } },
{ "type": "Feature", "properties": { "u": 13822935060, "v": 13822935053, "key": 0, "name": null, "highway": "residential", "length": 19.214541161314965, "grade": 0.021495466616246402, "slope_pct": 2.15 }, "geometry": { "type": "LineString", "coordinates": [ [ 72.8326673, 19.0082624 ], [ 72.8325053, 19.0083424 ] ] } },
{ "type": "Feature", "properties": { "u": 13822935061, "v": 13822935056, "key": 0, "name": null, "highway": "residential", "length": 18.590666183308564, "grade": 0.019121633984857514, "slope_pct": 1.91 }, "geometry": { "type": "LineString", "coordinates": [ [ 72.8326025, 19.0081452 ], [ 72.8324443, 19.0082199 ] ] } },
{ "type": "Feature", "properties": { "u": 13995093686, "v": 13995093690, "key": 0, "name": "Taikalwadi Marg", "highway": "residential", "length": 35.528951349986201, "grade": 0.014929218520820662, "slope_pct": 1.49 }, "geometry": { "type": "LineString", "coordinates": [ [ 72.8430786, 19.0283221 ], [ 72.8434128, 19.0282744 ] ] } },
{ "type": "Feature", "properties": { "u": 13995093686, "v": 13995093693, "key": 0, "name": null, "highway": "residential", "length": 6.539566004138428, "grade": 0.015987649190093003, "slope_pct": 1.6 }, "geometry": { "type": "LineString", "coordinates": [ [ 72.8430786, 19.0283221 ], [ 72.8430955, 19.0283787 ] ] } },
{ "type": "Feature", "properties": { "u": 13995093686, "v": 245661905, "key": 0, "name": "Taikalwadi Marg", "highway": "residential", "length": 58.47944469794011, "grade": 0.014183932032158161, "slope_pct": 1.42 }, "geometry": { "type": "LineString", "coordinates": [ [ 72.8430786, 19.0283221 ], [ 72.8425839, 19.0283926 ], [ 72.8425285, 19.0284005 ] ] } },
{ "type": "Feature", "properties": { "u": 13995093690, "v": 13995093686, "key": 0, "name": "Taikalwadi Marg", "highway": "residential", "length": 35.528951349986201, "grade": 0.0095460659290140526, "slope_pct": 0.95 }, "geometry": { "type": "LineString", "coordinates": [ [ 72.8434128, 19.0282744 ], [ 72.8430786, 19.0283221 ] ] } },
{ "type": "Feature", "properties": { "u": 13995093690, "v": 245661897, "key": 0, "name": "Taikalwadi Marg", "highway": "residential", "length": 40.385316126168362, "grade": 0.015430483842898357, "slope_pct": 1.54 }, "geometry": { "type": "LineString", "coordinates": [ [ 72.8434128, 19.0282744 ], [ 72.8437927, 19.0282203 ] ] } },
{ "type": "Feature", "properties": { "u": 13995093690, "v": 13995093694, "key": 0, "name": null, "highway": "residential", "length": 7.0266837813509477, "grade": 0.018155476645101996, "slope_pct": 1.82 }, "geometry": { "type": "LineString", "coordinates": [ [ 72.8434128, 19.0282744 ], [ 72.8434246, 19.0283366 ] ] } },
{ "type": "Feature", "properties": { "u": 13995093693, "v": 13995093686, "key": 0, "name": null, "highway": "residential", "length": 6.539566004138428, "grade": 0.022213104148937769, "slope_pct": 2.22 }, "geometry": { "type": "LineString", "coordinates": [ [ 72.8430955, 19.0283787 ], [ 72.8430786, 19.0283221 ] ] } },
{ "type": "Feature", "properties": { "u": 13995093694, "v": 13995093690, "key": 0, "name": null, "highway": "residential", "length": 7.0266837813509477, "grade": 0.01699840978754346, "slope_pct": 1.7 }, "geometry": { "type": "LineString", "coordinates": [ [ 72.8434246, 19.0283366 ], [ 72.8434128, 19.0282744 ] ] } },
{ "type": "Feature", "properties": { "u": 14014178666, "v": 14014178669, "key": 0, "name": null, "highway": "tertiary", "length": 49.503952709707931, "grade": 0.019744673814949477, "slope_pct": 1.97 }, "geometry": { "type": "LineString", "coordinates": [ [ 72.8494888, 19.0227313 ], [ 72.8492951, 19.0227433 ], [ 72.8490777, 19.0227438 ], [ 72.8490183, 19.0227439 ] ] } },
{ "type": "Feature", "properties": { "u": 14014178666, "v": 7371795880, "key": 0, "name": "L J Marg", "highway": "tertiary", "length": 38.386766928583739, "grade": 0.0065215759690006063, "slope_pct": 0.65 }, "geometry": { "type": "LineString", "coordinates": [ [ 72.8494888, 19.0227313 ], [ 72.8492596, 19.0228975 ], [ 72.8492036, 19.0229465 ] ] } },
{ "type": "Feature", "properties": { "u": 14014178667, "v": 1650770681, "key": 0, "name": null, "highway": "tertiary", "length": 42.618109313717881, "grade": 0.013154264437235379, "slope_pct": 1.32 }, "geometry": { "type": "LineString", "coordinates": [ [ 72.8497825, 19.0226227 ], [ 72.8500245, 19.0229302 ] ] } },
{ "type": "Feature", "properties": { "u": 14014178667, "v": 14014178666, "key": 0, "name": "L J Marg", "highway": "tertiary", "length": 33.152093380813817, "grade": 0.0032052956361960528, "slope_pct": 0.32 }, "geometry": { "type": "LineString", "coordinates": [ [ 72.8497825, 19.0226227 ], [ 72.8494888, 19.0227313 ] ] } },
{ "type": "Feature", "properties": { "u": 14014178669, "v": 7371795880, "key": 0, "name": "Lakhamasi Nappu Road", "highway": "tertiary", "length": 29.872415965201665, "grade": 0.0084269350194757058, "slope_pct": 0.84 }, "geometry": { "type": "LineString", "coordinates": [ [ 72.8490183, 19.0227439 ], [ 72.8490459, 19.0227793 ], [ 72.84905, 19.022789 ], [ 72.8492036, 19.0229465 ] ] } },
{ "type": "Feature", "properties": { "u": 14014178669, "v": 245661316, "key": 0, "name": "Lakhamasi Nappu Road", "highway": "tertiary", "length": 76.782331607855767, "grade": 0.018982157732486106, "slope_pct": 1.9 }, "geometry": { "type": "LineString", "coordinates": [ [ 72.8490183, 19.0227439 ], [ 72.848979, 19.0227074 ], [ 72.8484847, 19.0222724 ] ] } },
{ "type": "Feature", "properties": { "u": 14055485768, "v": 10617808476, "key": 0, "name": "N C Kelkar Marg", "highway": "residential", "length": 77.612407927059181, "grade": 0.024819818929685999, "slope_pct": 2.48 }, "geometry": { "type": "LineString", "coordinates": [ [ 72.8403628, 19.0251311 ], [ 72.8397849, 19.0255655 ] ] } },
{ "type": "Feature", "properties": { "u": 14055485768, "v": 14055485769, "key": 0, "name": "Dada Rege Marg", "highway": "residential", "length": 10.040459233098694, "grade": 0.0051819181909187502, "slope_pct": 0.52 }, "geometry": { "type": "LineString", "coordinates": [ [ 72.8403628, 19.0251311 ], [ 72.84041, 19.0252096 ] ] } },
{ "type": "Feature", "properties": { "u": 14055485769, "v": 6165604811, "key": 0, "name": "N C Kelkar Marg", "highway": "residential", "length": 5.9577115124353295, "grade": 0.011832874948948344, "slope_pct": 1.18 }, "geometry": { "type": "LineString", "coordinates": [ [ 72.84041, 19.0252096 ], [ 72.8404563, 19.0251787 ] ] } },
{ "type": "Feature", "properties": { "u": 14055485769, "v": 14055485768, "key": 0, "name": "Dada Rege Marg", "highway": "residential", "length": 10.040459233098694, "grade": 0.020601561311381508, "slope_pct": 2.06 }, "geometry": { "type": "LineString", "coordinates": [ [ 72.84041, 19.0252096 ], [ 72.8403628, 19.0251311 ] ] } },
{ "type": "Feature", "properties": { "u": 14090330040, "v": 13537133202, "key": 0, "name": null, "highway": "residential", "length": 26.542558290281448, "grade": 0.0074887839618357748, "slope_pct": 0.75 }, "geometry": { "type": "LineString", "coordinates": [ [ 72.8364662, 19.0157993 ], [ 72.8365664, 19.0160184 ] ] } },
{ "type": "Feature", "properties": { "u": 14090330040, "v": 13537027680, "key": 0, "name": null, "highway": "residential", "length": 3.3851331458578464, "grade": 0.015211868884650297, "slope_pct": 1.52 }, "geometry": { "type": "LineString", "coordinates": [ [ 72.8364662, 19.0157993 ], [ 72.8364363, 19.0158106 ] ] } },
{ "type": "Feature", "properties": { "u": 14090330040, "v": 13537133203, "key": 0, "name": null, "highway": "residential", "length": 16.265792564748928, "grade": 0.019127568512652845, "slope_pct": 1.91 }, "geometry": { "type": "LineString", "coordinates": [ [ 72.8364662, 19.0157993 ], [ 72.8364599, 19.0157839 ], [ 72.8363955, 19.0156693 ] ] } },
{ "type": "Feature", "properties": { "u": 14091199430, "v": 14091199431, "key": 0, "name": null, "highway": "trunk_link", "length": 25.172628177499771, "grade": 0.01655167990572394, "slope_pct": 1.66 }, "geometry": { "type": "LineString", "coordinates": [ [ 72.8480485, 19.0183575 ], [ 72.8482452, 19.0182284 ] ] } },
{ "type": "Feature", "properties": { "u": 14091199430, "v": 245661107, "key": 0, "name": "Dr Babasaheb Ambedkar Marg (Vincent Road)", "highway": "trunk", "length": 249.35479970566468, "grade": 0.0071365441615391552, "slope_pct": 0.71 }, "geometry": { "type": "LineString", "coordinates": [ [ 72.8480485, 19.0183575 ], [ 72.8482853, 19.0186831 ], [ 72.8486161, 19.0191333 ], [ 72.848945, 19.0195809 ], [ 72.8491528, 19.0198637 ], [ 72.8492792, 19.0200318 ], [ 72.8493295, 19.0200938 ], [ 72.8494579, 19.0201255 ] ] } },
{ "type": "Feature", "properties": { "u": 14091199431, "v": 14091199430, "key": 0, "name": null, "highway": "trunk_link", "length": 25.172628177499771, "grade": 0.010818460511086269, "slope_pct": 1.08 }, "geometry": { "type": "LineString", "coordinates": [ [ 72.8482452, 19.0182284 ], [ 72.8480485, 19.0183575 ] ] } },
{ "type": "Feature", "properties": { "u": 14091199431, "v": 2163592452, "key": 0, "name": "Dr Babasaheb Ambedkar Marg (Vincent Road)", "highway": "trunk", "length": 33.750774303184599, "grade": 0.02024341925867874, "slope_pct": 2.02 }, "geometry": { "type": "LineString", "coordinates": [ [ 72.8482452, 19.0182284 ], [ 72.848202, 19.0181676 ], [ 72.848181, 19.0181383 ], [ 72.848167, 19.0180796 ], [ 72.8481782, 19.0179453 ] ] } },
{ "type": "Feature", "properties": { "u": 14104719208, "v": 14104719209, "key": 0, "name": null, "highway": "residential", "length": 4.3152820826094951, "grade": 0.015192983310904368, "slope_pct": 1.52 }, "geometry": { "type": "LineString", "coordinates": [ [ 72.8474611, 19.0121788 ], [ 72.8474225, 19.012192 ] ] } },
{ "type": "Feature", "properties": { "u": 14104719209, "v": 14104719208, "key": 0, "name": null, "highway": "residential", "length": 4.3152820826094951, "grade": 0.0031150514979440803, "slope_pct": 0.31 }, "geometry": { "type": "LineString", "coordinates": [ [ 72.8474225, 19.012192 ], [ 72.8474611, 19.0121788 ] ] } },
{ "type": "Feature", "properties": { "u": 14104719209, "v": 13671655117, "key": 0, "name": [ "Road No 5", "V V D Buva Road" ], "highway": "residential", "length": 73.15384490431785, "grade": 0.019741796720618064, "slope_pct": 1.97 }, "geometry": { "type": "LineString", "coordinates": [ [ 72.8474225, 19.012192 ], [ 72.8475432, 19.0124787 ], [ 72.8472032, 19.0126154 ] ] } },
{ "type": "Feature", "properties": { "u": 14104719209, "v": 12082234708, "key": 0, "name": "V V D Buva Road", "highway": "residential", "length": 36.163421122744609, "grade": 0.0037768498086852599, "slope_pct": 0.38 }, "geometry": { "type": "LineString", "coordinates": [ [ 72.8474225, 19.012192 ], [ 72.8473729, 19.0120741 ], [ 72.847292, 19.0118911 ] ] } },
{ "type": "Feature", "properties": { "u": 14139489717, "v": 6430837133, "key": 0, "name": "Gokhale Road", "highway": "secondary", "length": 11.619040331637214, "grade": 0.019406143220087109, "slope_pct": 1.94 }, "geometry": { "type": "LineString", "coordinates": [ [ 72.8337763, 19.0133798 ], [ 72.8337052, 19.0132998 ] ] } }
]
}
