{
"type": "FeatureCollection",
"name": "roads_28.642_77.22",
"crs": { "type": "name", "properties": { "name": "urn:ogc:def:crs:OGC:1.3:CRS84" } },
"features": [
{ "type": "Feature", "properties": { "name": "Jawaharlal Nehru Marg", "highway": "secondary", "slope_pct": 0.6 }, "geometry": { "type": "LineString", "coordinates": [ [ 77.2407785, 28.6400472 ], [ 77.2405939, 28.6400214 ], [ 77.2404473, 28.6399979 ], [ 77.2401156, 28.6399663 ], [ 77.2400196, 28.6399571 ], [ 77.2398401, 28.63994 ], [ 77.2398106, 28.6399414 ], [ 77.2395857, 28.6399523 ], [ 77.2389808, 28.6399873 ], [ 77.2386959, 28.6399925 ], [ 77.2377679, 28.6400096 ], [ 77.2375933, 28.6400128 ], [ 77.2373347, 28.6400176 ], [ 77.237296, 28.6400183 ], [ 77.2369027, 28.6400419 ], [ 77.2366751, 28.6400556 ], [ 77.2359107, 28.6401015 ], [ 77.2355828, 28.6401238 ], [ 77.2355534, 28.6401258 ], [ 77.2344044, 28.6401963 ], [ 77.2342675, 28.6402061 ], [ 77.2338412, 28.6402223 ], [ 77.2337652, 28.6402271 ], [ 77.2326034, 28.6403002 ], [ 77.2322745, 28.6403199 ], [ 77.2321448, 28.6403311 ], [ 77.231745, 28.6403544 ], [ 77.2315637, 28.6403682 ], [ 77.2314432, 28.6403916 ], [ 77.2310216, 28.6405222 ], [ 77.2307422, 28.6406321 ], [ 77.2306399, 28.6406775 ], [ 77.2301578, 28.640927 ], [ 77.2300847, 28.6409664 ], [ 77.2300378, 28.6409908 ], [ 77.2293482, 28.6413497 ], [ 77.2292913, 28.6413793 ], [ 77.2290398, 28.6415102 ], [ 77.228634, 28.6417214 ], [ 77.2280305, 28.6420355 ], [ 77.2276808, 28.6422175 ], [ 77.2273019, 28.6423863 ], [ 77.2271822, 28.6424229 ], [ 77.2270892, 28.6424513 ] ] } },
{ "type": "Feature", "properties": { "name": "Deen Dayal Upadhyay Road", "highway": "secondary", "slope_pct": 0.6 }, "geometry": { "type": "LineString", "coordinates": [ [ 77.2405503, 28.627503 ], [ 77.2385107, 28.6286518 ], [ 77.2384161, 28.6287051 ], [ 77.2381407, 28.6288682 ], [ 77.2380733, 28.6289068 ], [ 77.2370444, 28.6294989 ], [ 77.2353801, 28.6304568 ], [ 77.2350558, 28.6306449 ], [ 77.2312381, 28.6328601 ], [ 77.2292869, 28.633989 ], [ 77.2287135, 28.6343208 ], [ 77.228316, 28.6345507 ], [ 77.2275323, 28.6350041 ], [ 77.227479, 28.6350327 ], [ 77.227352, 28.6351061 ], [ 77.2264261, 28.6356435 ], [ 77.2259842, 28.6359 ], [ 77.2245864, 28.6367112 ], [ 77.2238048, 28.6371557 ], [ 77.2234908, 28.6373343 ], [ 77.2233159, 28.6374873 ], [ 77.2232308, 28.6375495 ] ] } },
{ "type": "Feature", "properties": { "name": "Deen Dayal Upadhyay Road", "highway": "secondary", "slope_pct": 0.6 }, "geometry": { "type": "LineString", "coordinates": [ [ 77.2274106, 28.6351945 ], [ 77.2276644, 28.6350479 ], [ 77.22775, 28.6349984 ], [ 77.2283726, 28.6346388 ], [ 77.2290044, 28.6342739 ], [ 77.2302643, 28.6335462 ], [ 77.2319762, 28.6325574 ], [ 77.2321699, 28.6324445 ], [ 77.2328855, 28.6320272 ], [ 77.2331944, 28.6318475 ], [ 77.2345108, 28.6310804 ], [ 77.2351146, 28.6307285 ], [ 77.2358652, 28.6303005 ], [ 77.2368504, 28.6297398 ], [ 77.2369147, 28.6297017 ], [ 77.2370609, 28.6296188 ], [ 77.2371061, 28.6295939 ], [ 77.2372454, 28.6295136 ], [ 77.2372888, 28.6294889 ], [ 77.2375015, 28.6293676 ], [ 77.2381624, 28.6289907 ], [ 77.2382097, 28.6289646 ], [ 77.2384746, 28.6287889 ], [ 77.2393938, 28.6282686 ], [ 77.2401546, 28.627887 ], [ 77.2406464, 28.6276404 ] ] } },
{ "type": "Feature", "properties": { "name": "Basant Road", "highway": "residential", "slope_pct": 0.6 }, "geometry": { "type": "LineString", "coordinates": [ [ 77.2170228, 28.6403487 ], [ 77.2167311, 28.6399883 ], [ 77.2165379, 28.6397497 ], [ 77.216243, 28.6393854 ], [ 77.2160105, 28.6390935 ], [ 77.2155295, 28.638486 ], [ 77.215087, 28.6378947 ], [ 77.2149349, 28.6376914 ], [ 77.2147056, 28.6373862 ], [ 77.2140997, 28.6364741 ] ] } },
{ "type": "Feature", "properties": { "name": "Arya Nagar Road;Sang Trashan Marg", "highway": "residential", "slope_pct": 0.6 }, "geometry": { "type": "LineString", "coordinates": [ [ 77.2127098, 28.6410398 ], [ 77.2127392, 28.6413992 ], [ 77.2127425, 28.6415405 ], [ 77.2127221, 28.6417065 ], [ 77.2126884, 28.6420278 ], [ 77.2126596, 28.6423054 ], [ 77.2126419, 28.6424831 ], [ 77.2126363, 28.6425784 ], [ 77.2125822, 28.6429663 ], [ 77.2125208, 28.6432264 ], [ 77.2123954, 28.6436371 ], [ 77.2123856, 28.6436962 ], [ 77.2123467, 28.6438333 ], [ 77.2124001, 28.6440508 ], [ 77.2124303, 28.6442542 ], [ 77.2124486, 28.6444579 ], [ 77.2125024, 28.6446832 ], [ 77.2125531, 28.6449207 ], [ 77.2126245, 28.6451895 ] ] } },
{ "type": "Feature", "properties": { "name": "Arterial Link", "highway": "residential", "slope_pct": 0.6 }, "geometry": { "type": "LineString", "coordinates": [ [ 77.2125822, 28.6429663 ], [ 77.2129227, 28.6429772 ], [ 77.2131173, 28.6429904 ], [ 77.2132686, 28.6429932 ], [ 77.2133411, 28.6429868 ], [ 77.2133889, 28.6429826 ], [ 77.2135025, 28.6429607 ], [ 77.2136535, 28.6429013 ], [ 77.2137859, 28.6428174 ], [ 77.2139153, 28.6427323 ], [ 77.2140648, 28.6426687 ], [ 77.2142504, 28.6426095 ], [ 77.2142862, 28.6425826 ], [ 77.2142912, 28.6425422 ], [ 77.2142648, 28.6424283 ], [ 77.2142671, 28.6423323 ], [ 77.2142903, 28.6422548 ], [ 77.2145104, 28.642247 ], [ 77.2146255, 28.6422435 ], [ 77.2147622, 28.6422289 ], [ 77.2149185, 28.6422009 ], [ 77.2152628, 28.6421431 ], [ 77.21551, 28.6421077 ], [ 77.2159896, 28.6420329 ], [ 77.2165368, 28.6419743 ], [ 77.2168591, 28.6419656 ], [ 77.2170233, 28.6419662 ], [ 77.2171617, 28.6419864 ], [ 77.2173384, 28.6420414 ], [ 77.2179478, 28.642295 ] ] } },
{ "type": "Feature", "properties": { "name": "Arterial Link", "highway": "residential", "slope_pct": 0.6 }, "geometry": { "type": "LineString", "coordinates": [ [ 77.2157564, 28.6404267 ], [ 77.215513, 28.6404448 ], [ 77.215304, 28.6404399 ], [ 77.215013, 28.6404098 ], [ 77.2150106, 28.6403732 ], [ 77.215019, 28.6401852 ], [ 77.2149871, 28.6401457 ], [ 77.2149362, 28.6401011 ], [ 77.2146666, 28.6399442 ], [ 77.2144196, 28.6398123 ], [ 77.2142069, 28.6397133 ], [ 77.2139662, 28.639656 ], [ 77.2138802, 28.6396386 ], [ 77.2134884, 28.6395868 ], [ 77.2131038, 28.6395647 ] ] } },
{ "type": "Feature", "properties": { "name": "Panchkuian Road", "highway": "secondary", "slope_pct": 0.6 }, "geometry": { "type": "LineString", "coordinates": [ [ 77.2088992, 28.639169 ], [ 77.2098386, 28.638627 ], [ 77.2109513, 28.6379895 ], [ 77.2114376, 28.6377108 ], [ 77.2115246, 28.637661 ], [ 77.2116232, 28.6376045 ], [ 77.2117214, 28.6375484 ], [ 77.2137395, 28.6363948 ], [ 77.2138972, 28.6363046 ], [ 77.2142417, 28.636105 ], [ 77.2170018, 28.6345059 ], [ 77.2170779, 28.6344607 ], [ 77.2171312, 28.6344291 ] ] } },
{ "type": "Feature", "properties": { "name": "Panchkuian Road", "highway": "secondary", "slope_pct": 0.6 }, "geometry": { "type": "LineString", "coordinates": [ [ 77.2170406, 28.6343031 ], [ 77.2168596, 28.634322 ], [ 77.2158058, 28.6349454 ], [ 77.2145241, 28.6356958 ], [ 77.2144632, 28.6357313 ], [ 77.2116287, 28.6373829 ], [ 77.2116086, 28.6373946 ], [ 77.2115075, 28.6374535 ], [ 77.2113219, 28.6375602 ], [ 77.2086072, 28.6391215 ], [ 77.2082904, 28.6393037 ], [ 77.2079346, 28.6395114 ], [ 77.20782, 28.6395687 ], [ 77.2076279, 28.6397089 ] ] } },
{ "type": "Feature", "properties": { "name": "Main Bazar Road", "highway": "tertiary", "slope_pct": 0.6 }, "geometry": { "type": "LineString", "coordinates": [ [ 77.2184547, 28.6418752 ], [ 77.2182268, 28.6418392 ], [ 77.2181178, 28.6418203 ], [ 77.21661, 28.6415745 ], [ 77.2162558, 28.6415219 ], [ 77.2157907, 28.6414496 ], [ 77.2157339, 28.6414373 ], [ 77.2155636, 28.641404 ], [ 77.2153277, 28.6413673 ], [ 77.2151812, 28.6413435 ], [ 77.2151093, 28.6413328 ], [ 77.2147921, 28.6412837 ], [ 77.2142663, 28.6411861 ], [ 77.2137121, 28.6411016 ], [ 77.2136769, 28.6410963 ], [ 77.2134834, 28.6410775 ], [ 77.2132657, 28.6410851 ], [ 77.2131911, 28.6410854 ], [ 77.212903, 28.6410705 ], [ 77.2127098, 28.6410398 ], [ 77.2124938, 28.6409572 ], [ 77.2123593, 28.640924 ], [ 77.2120076, 28.6408235 ], [ 77.2119315, 28.6408085 ], [ 77.2116673, 28.6407563 ], [ 77.2107854, 28.640635 ], [ 77.2105423, 28.6406012 ], [ 77.2098797, 28.6404972 ], [ 77.209791, 28.6404831 ], [ 77.209372, 28.6404143 ], [ 77.2092599, 28.6403957 ], [ 77.2084071, 28.6404094 ] ] } },
{ "type": "Feature", "properties": { "name": "Arterial Link", "highway": "residential", "slope_pct": 0.6 }, "geometry": { "type": "LineString", "coordinates": [ [ 77.2138802, 28.6396386 ], [ 77.2140201, 28.6393028 ], [ 77.2140413, 28.6392709 ], [ 77.2140705, 28.6392523 ], [ 77.2141172, 28.6392508 ], [ 77.2149811, 28.6394324 ], [ 77.2150635, 28.6394315 ] ] } },
{ "type": "Feature", "properties": { "name": "Arterial Link", "highway": "residential", "slope_pct": 0.6 }, "geometry": { "type": "LineString", "coordinates": [ [ 77.2143423, 28.6403224 ], [ 77.2143939, 28.6403159 ], [ 77.2145546, 28.6403319 ], [ 77.2147639, 28.6403635 ], [ 77.215013, 28.6404098 ] ] } },
{ "type": "Feature", "properties": { "name": "Arterial Link", "highway": "residential", "slope_pct": 0.6 }, "geometry": { "type": "LineString", "coordinates": [ [ 77.213282, 28.6414723 ], [ 77.2130226, 28.6415068 ], [ 77.2129513, 28.6415125 ], [ 77.2128301, 28.6415274 ], [ 77.2127425, 28.6415405 ] ] } },
{ "type": "Feature", "properties": { "name": "Arterial Link", "highway": "residential", "slope_pct": 0.6 }, "geometry": { "type": "LineString", "coordinates": [ [ 77.2134999, 28.6413875 ], [ 77.2135345, 28.641337 ], [ 77.2135906, 28.6412662 ], [ 77.2136481, 28.6411812 ], [ 77.2136769, 28.6410963 ] ] } },
{ "type": "Feature", "properties": { "name": "Arterial Link", "highway": "residential", "slope_pct": 0.6 }, "geometry": { "type": "LineString", "coordinates": [ [ 77.2134999, 28.6413875 ], [ 77.21329, 28.6413828 ], [ 77.2132655, 28.641391 ], [ 77.2132619, 28.641417 ], [ 77.213282, 28.6414723 ], [ 77.2133155, 28.6415076 ], [ 77.2133347, 28.6415596 ] ] } },
{ "type": "Feature", "properties": { "name": "Arterial Link", "highway": "residential", "slope_pct": 0.6 }, "geometry": { "type": "LineString", "coordinates": [ [ 77.2135975, 28.640835 ], [ 77.2136662, 28.6406872 ], [ 77.2136796, 28.6405855 ], [ 77.2134805, 28.6405766 ], [ 77.2132133, 28.6405565 ] ] } },
{ "type": "Feature", "properties": { "name": "Arterial Link", "highway": "residential", "slope_pct": 0.6 }, "geometry": { "type": "LineString", "coordinates": [ [ 77.2136796, 28.6405855 ], [ 77.2136961, 28.6404912 ], [ 77.213756, 28.6401828 ], [ 77.2137665, 28.6401679 ], [ 77.2137865, 28.6401616 ], [ 77.213972, 28.6401935 ], [ 77.2139907, 28.6401874 ], [ 77.2139981, 28.6401729 ], [ 77.2139991, 28.6401295 ], [ 77.2139927, 28.6400007 ], [ 77.2139759, 28.6398463 ], [ 77.2139619, 28.6397062 ], [ 77.2139662, 28.639656 ] ] } },
{ "type": "Feature", "properties": { "name": "Ramdwara Road", "highway": "tertiary", "slope_pct": 0.6 }, "geometry": { "type": "LineString", "coordinates": [ [ 77.2137121, 28.6411016 ], [ 77.2136292, 28.6410159 ], [ 77.2135975, 28.640835 ], [ 77.2135483, 28.6407752 ], [ 77.2134152, 28.6407102 ], [ 77.2133286, 28.6406799 ], [ 77.2132804, 28.640634 ], [ 77.2132133, 28.6405565 ], [ 77.2131524, 28.6404655 ], [ 77.2131435, 28.6403745 ], [ 77.2131246, 28.6402548 ], [ 77.2131304, 28.6401317 ], [ 77.213169, 28.639811 ], [ 77.213148, 28.6396487 ], [ 77.2131038, 28.6395647 ], [ 77.212982, 28.6393946 ], [ 77.2125593, 28.6388371 ], [ 77.2117693, 28.6377953 ], [ 77.2116802, 28.6376789 ], [ 77.2116232, 28.6376045 ] ] } },
{ "type": "Feature", "properties": { "name": "Basant Road", "highway": "residential", "slope_pct": 0.6 }, "geometry": { "type": "LineString", "coordinates": [ [ 77.2140997, 28.6364741 ], [ 77.2141121, 28.6364311 ], [ 77.2141644, 28.6362875 ], [ 77.2142087, 28.6361827 ], [ 77.2142417, 28.636105 ] ] } },
{ "type": "Feature", "properties": { "name": "Basant Road", "highway": "residential", "slope_pct": 0.6 }, "geometry": { "type": "LineString", "coordinates": [ [ 77.2137395, 28.6363948 ], [ 77.2137849, 28.6364016 ], [ 77.2138453, 28.6364146 ], [ 77.2140997, 28.6364741 ] ] } },
{ "type": "Feature", "properties": { "name": "Arterial Link", "highway": "residential", "slope_pct": 0.6 }, "geometry": { "type": "LineString", "coordinates": [ [ 77.2133657, 28.6423091 ], [ 77.213687, 28.6422856 ], [ 77.2140223, 28.642262 ], [ 77.2142903, 28.6422548 ] ] } },
{ "type": "Feature", "properties": { "name": "Arterial Link", "highway": "residential", "slope_pct": 0.6 }, "geometry": { "type": "LineString", "coordinates": [ [ 77.2138977, 28.6378811 ], [ 77.21349, 28.6373327 ] ] } },
{ "type": "Feature", "properties": { "name": "Arterial Link", "highway": "residential", "slope_pct": 0.6 }, "geometry": { "type": "LineString", "coordinates": [ [ 77.2133347, 28.6415596 ], [ 77.213336, 28.6416408 ], [ 77.2134068, 28.6416335 ], [ 77.2134347, 28.6416243 ], [ 77.2134517, 28.641604 ], [ 77.2134999, 28.6413875 ] ] } },
{ "type": "Feature", "properties": { "name": "Arterial Link", "highway": "residential", "slope_pct": 0.6 }, "geometry": { "type": "LineString", "coordinates": [ [ 77.2133391, 28.6421668 ], [ 77.2135015, 28.6421403 ], [ 77.2136626, 28.6421239 ], [ 77.2138564, 28.6421096 ], [ 77.214037, 28.6421171 ] ] } },
{ "type": "Feature", "properties": { "name": "Arterial Link", "highway": "residential", "slope_pct": 0.6 }, "geometry": { "type": "LineString", "coordinates": [ [ 77.2136559, 28.6387573 ], [ 77.2133468, 28.6383494 ] ] } },
{ "type": "Feature", "properties": { "name": "Arterial Link", "highway": "residential", "slope_pct": 0.6 }, "geometry": { "type": "LineString", "coordinates": [ [ 77.2138695, 28.6386311 ], [ 77.2135657, 28.6382124 ] ] } },
{ "type": "Feature", "properties": { "name": "Arterial Link", "highway": "residential", "slope_pct": 0.6 }, "geometry": { "type": "LineString", "coordinates": [ [ 77.2143827, 28.6383448 ], [ 77.2139763, 28.6378358 ] ] } },
{ "type": "Feature", "properties": { "name": "Arterial Link", "highway": "residential", "slope_pct": 0.6 }, "geometry": { "type": "LineString", "coordinates": [ [ 77.2137168, 28.6372002 ], [ 77.2134228, 28.6367902 ], [ 77.2121567, 28.6375539 ] ] } },
{ "type": "Feature", "properties": { "name": "Arterial Link", "highway": "residential", "slope_pct": 0.6 }, "geometry": { "type": "LineString", "coordinates": [ [ 77.2119315, 28.6408085 ], [ 77.2119656, 28.6406843 ], [ 77.2119933, 28.6406547 ], [ 77.2121831, 28.6406665 ] ] } },
{ "type": "Feature", "properties": { "name": "Arterial Link", "highway": "residential", "slope_pct": 0.6 }, "geometry": { "type": "LineString", "coordinates": [ [ 77.2136961, 28.6404912 ], [ 77.2142534, 28.640586 ] ] } },
{ "type": "Feature", "properties": { "name": "Inner Circle", "highway": "tertiary", "slope_pct": 0.6 }, "geometry": { "type": "LineString", "coordinates": [ [ 77.2206283, 28.6335703 ], [ 77.220695, 28.6335031 ], [ 77.2207554, 28.6334314 ], [ 77.2208092, 28.6333557 ], [ 77.2208941, 28.6331974 ], [ 77.22095, 28.6330295 ], [ 77.2209582, 28.6329679 ], [ 77.2209768, 28.6328285 ], [ 77.2209621, 28.6326265 ], [ 77.2209516, 28.6325893 ], [ 77.2208801, 28.6323608 ], [ 77.2207567, 28.6321678 ], [ 77.2206473, 28.6320329 ], [ 77.2205163, 28.6319161 ], [ 77.2203727, 28.6318222 ], [ 77.2202627, 28.6317719 ], [ 77.2201604, 28.6317257 ], [ 77.2199834, 28.6316743 ], [ 77.2198229, 28.6316541 ], [ 77.2197049, 28.6316372 ], [ 77.2195809, 28.6316347 ], [ 77.2193911, 28.6316773 ], [ 77.2191965, 28.6317464 ], [ 77.2189724, 28.6318698 ], [ 77.2188463, 28.6319587 ], [ 77.2186847, 28.632107 ], [ 77.2185744, 28.6322574 ], [ 77.2185397, 28.6323119 ], [ 77.2185101, 28.6323706 ], [ 77.2184612, 28.6324954 ], [ 77.2184292, 28.6326243 ], [ 77.2184138, 28.6327868 ], [ 77.2184244, 28.6329374 ], [ 77.2184253, 28.6329495 ], [ 77.2184634, 28.6331091 ], [ 77.2185004, 28.6331973 ], [ 77.2185275, 28.6332621 ], [ 77.2186161, 28.6334054 ], [ 77.2187978, 28.6336009 ], [ 77.2190004, 28.633744 ], [ 77.2190729, 28.6337821 ], [ 77.2190881, 28.6337889 ], [ 77.219146, 28.6338151 ], [ 77.2193018, 28.6338694 ], [ 77.2194307, 28.6338979 ], [ 77.2194644, 28.6339053 ], [ 77.2195654, 28.633918 ], [ 77.2195791, 28.6339187 ], [ 77.2196672, 28.6339235 ], [ 77.2197696, 28.6339283 ], [ 77.2199011, 28.6339092 ], [ 77.2200307, 28.6338846 ], [ 77.2201568, 28.6338484 ], [ 77.2202779, 28.6338009 ], [ 77.2203928, 28.6337427 ], [ 77.2205164, 28.6336627 ], [ 77.2205701, 28.6336184 ], [ 77.2206283, 28.6335703 ] ] } },
{ "type": "Feature", "properties": { "name": "Radial Road 4", "highway": "tertiary", "slope_pct": 0.6 }, "geometry": { "type": "LineString", "coordinates": [ [ 77.2198833, 28.6357191 ], [ 77.2198719, 28.6355209 ], [ 77.2198689, 28.6354683 ], [ 77.2198418, 28.6349975 ], [ 77.2198366, 28.6349075 ], [ 77.2198021, 28.6343002 ], [ 77.2197924, 28.6341262 ], [ 77.2197696, 28.6339283 ] ] } },
{ "type": "Feature", "properties": { "name": "Radial Road 3", "highway": "tertiary", "slope_pct": 0.6 }, "geometry": { "type": "LineString", "coordinates": [ [ 77.2186161, 28.6334054 ], [ 77.2182722, 28.6336029 ], [ 77.2176776, 28.63394 ], [ 77.2172568, 28.634179 ], [ 77.2172211, 28.6341993 ], [ 77.2171298, 28.6342511 ], [ 77.2170406, 28.6343031 ] ] } },
{ "type": "Feature", "properties": { "name": "Outer Circle", "highway": "secondary", "slope_pct": 0.6 }, "geometry": { "type": "LineString", "coordinates": [ [ 77.2164245, 28.6329636 ], [ 77.2164376, 28.6330471 ], [ 77.2164752, 28.633187 ], [ 77.2165136, 28.6332886 ], [ 77.2165784, 28.6334225 ], [ 77.2166735, 28.6336388 ], [ 77.2168133, 28.6339187 ], [ 77.2169271, 28.6341025 ], [ 77.2169647, 28.6341784 ], [ 77.2170406, 28.6343031 ] ] } },
{ "type": "Feature", "properties": { "name": "Outer Circle", "highway": "secondary", "slope_pct": 0.6 }, "geometry": { "type": "LineString", "coordinates": [ [ 77.2170406, 28.6343031 ], [ 77.2171312, 28.6344291 ] ] } },
{ "type": "Feature", "properties": { "name": "Outer Circle", "highway": "secondary", "slope_pct": 0.6 }, "geometry": { "type": "LineString", "coordinates": [ [ 77.2171312, 28.6344291 ], [ 77.2175564, 28.6348446 ], [ 77.2180055, 28.6352571 ] ] } },
{ "type": "Feature", "properties": { "name": "Outer Circle", "highway": "secondary", "slope_pct": 0.6 }, "geometry": { "type": "LineString", "coordinates": [ [ 77.2180055, 28.6352571 ], [ 77.218109, 28.6353093 ], [ 77.2182027, 28.6353565 ], [ 77.2183626, 28.6354345 ], [ 77.21862, 28.6355299 ], [ 77.2188663, 28.6355861 ] ] } },
{ "type": "Feature", "properties": { "name": "Arterial Link", "highway": "secondary_link", "slope_pct": 0.6 }, "geometry": { "type": "LineString", "coordinates": [ [ 77.2182675, 28.6357466 ], [ 77.2183568, 28.6357504 ] ] } },
{ "type": "Feature", "properties": { "name": "Chelmsford Road", "highway": "secondary", "slope_pct": 0.6 }, "geometry": { "type": "LineString", "coordinates": [ [ 77.2180055, 28.6352571 ], [ 77.218057, 28.6353777 ], [ 77.218061, 28.635387 ], [ 77.2181403, 28.6355015 ], [ 77.2182243, 28.6356272 ] ] } },
{ "type": "Feature", "properties": { "name": "Chelmsford Road", "highway": "secondary", "slope_pct": 0.6 }, "geometry": { "type": "LineString", "coordinates": [ [ 77.2182574, 28.6357188 ], [ 77.2182675, 28.6357466 ] ] } },
{ "type": "Feature", "properties": { "name": "Chelmsford Road", "highway": "secondary", "slope_pct": 0.6 }, "geometry": { "type": "LineString", "coordinates": [ [ 77.2183568, 28.6357504 ], [ 77.218387, 28.6356953 ] ] } },
{ "type": "Feature", "properties": { "name": "Chelmsford Road", "highway": "secondary", "slope_pct": 0.6 }, "geometry": { "type": "LineString", "coordinates": [ [ 77.2182243, 28.6356272 ], [ 77.2182574, 28.6357188 ] ] } },
{ "type": "Feature", "properties": { "name": "Chelmsford Road", "highway": "secondary", "slope_pct": 0.6 }, "geometry": { "type": "LineString", "coordinates": [ [ 77.218387, 28.6356953 ], [ 77.2184337, 28.6356574 ], [ 77.2184407, 28.6356517 ], [ 77.2185066, 28.6356214 ], [ 77.2186267, 28.6356037 ], [ 77.2188663, 28.6355861 ] ] } },
{ "type": "Feature", "properties": { "name": "Outer Circle", "highway": "secondary", "slope_pct": 0.6 }, "geometry": { "type": "LineString", "coordinates": [ [ 77.2215437, 28.6352119 ], [ 77.2215809, 28.6351806 ], [ 77.2218034, 28.6349934 ], [ 77.2220831, 28.6347379 ], [ 77.2221191, 28.634705 ], [ 77.2223826, 28.6344225 ], [ 77.2224071, 28.6343881 ], [ 77.2224848, 28.634279 ], [ 77.2225404, 28.6341977 ], [ 77.2227221, 28.6338984 ], [ 77.2228204, 28.6336759 ], [ 77.2228973, 28.633447 ], [ 77.2228984, 28.6334419 ], [ 77.2229662, 28.6331305 ], [ 77.222974, 28.6330403 ], [ 77.2229795, 28.632977 ], [ 77.2229941, 28.6328092 ], [ 77.222985, 28.6325867 ], [ 77.2229809, 28.6324873 ], [ 77.2229265, 28.6321686 ], [ 77.2228317, 28.6318574 ], [ 77.2226226, 28.6315087 ], [ 77.2225605, 28.631405 ] ] } },
{ "type": "Feature", "properties": { "name": "Outer Circle", "highway": "secondary", "slope_pct": 0.6 }, "geometry": { "type": "LineString", "coordinates": [ [ 77.221439, 28.6352759 ], [ 77.221495, 28.6352447 ], [ 77.2215437, 28.6352119 ] ] } },
{ "type": "Feature", "properties": { "name": "Arterial Link", "highway": "residential", "slope_pct": 0.6 }, "geometry": { "type": "LineString", "coordinates": [ [ 77.2258964, 28.6346066 ], [ 77.2255066, 28.6345294 ] ] } },
{ "type": "Feature", "properties": { "name": "Arterial Link", "highway": "residential", "slope_pct": 0.6 }, "geometry": { "type": "LineString", "coordinates": [ [ 77.2262612, 28.6343512 ], [ 77.2273805, 28.6338127 ], [ 77.2274259, 28.6337909 ], [ 77.227489, 28.6337777 ], [ 77.2275524, 28.6337875 ], [ 77.2276077, 28.6338297 ] ] } },
{ "type": "Feature", "properties": { "name": "Arterial Link", "highway": "residential", "slope_pct": 0.6 }, "geometry": { "type": "LineString", "coordinates": [ [ 77.2258837, 28.6346789 ], [ 77.2263832, 28.6347643 ], [ 77.2264154, 28.634759 ], [ 77.2264368, 28.6347373 ], [ 77.2264976, 28.6343843 ] ] } },
{ "type": "Feature", "properties": { "name": "Arterial Link", "highway": "residential", "slope_pct": 0.6 }, "geometry": { "type": "LineString", "coordinates": [ [ 77.2273059, 28.6349334 ], [ 77.227263, 28.6348514 ], [ 77.2271255, 28.634832 ], [ 77.2270337, 28.6348032 ], [ 77.2270166, 28.6347854 ], [ 77.2270131, 28.6347662 ], [ 77.2270376, 28.6346687 ], [ 77.2270531, 28.6346513 ], [ 77.2270812, 28.634648 ], [ 77.2272964, 28.6346571 ], [ 77.2273124, 28.6346675 ] ] } },
{ "type": "Feature", "properties": { "name": "Arterial Link", "highway": "residential", "slope_pct": 0.6 }, "geometry": { "type": "LineString", "coordinates": [ [ 77.2257992, 28.6350956 ], [ 77.226724, 28.6352664 ] ] } },
{ "type": "Feature", "properties": { "name": "Arterial Link", "highway": "residential", "slope_pct": 0.6 }, "geometry": { "type": "LineString", "coordinates": [ [ 77.2259742, 28.634317 ], [ 77.2260424, 28.6343157 ], [ 77.2262612, 28.6343512 ], [ 77.2264976, 28.6343843 ], [ 77.226634, 28.6343594 ], [ 77.2267308, 28.6342918 ], [ 77.2268258, 28.6342339 ], [ 77.2276077, 28.6338297 ] ] } },
{ "type": "Feature", "properties": { "name": "Arterial Link", "highway": "residential", "slope_pct": 0.6 }, "geometry": { "type": "LineString", "coordinates": [ [ 77.2275323, 28.6350041 ], [ 77.2274702, 28.6349344 ], [ 77.2274188, 28.6348688 ] ] } },
{ "type": "Feature", "properties": { "name": "Arterial Link", "highway": "residential", "slope_pct": 0.6 }, "geometry": { "type": "LineString", "coordinates": [ [ 77.2264261, 28.6356435 ], [ 77.2263765, 28.6355836 ], [ 77.2263028, 28.6355071 ], [ 77.2260225, 28.6355742 ], [ 77.2259599, 28.6355756 ], [ 77.2258888, 28.6355618 ], [ 77.2258194, 28.635519 ], [ 77.2257293, 28.6354212 ], [ 77.2253936, 28.6349922 ], [ 77.2253632, 28.6349214 ], [ 77.2253566, 28.6348435 ], [ 77.225403, 28.6346375 ], [ 77.2254458, 28.6345686 ], [ 77.2255066, 28.6345294 ], [ 77.2259083, 28.63434 ], [ 77.2259742, 28.634317 ] ] } },
{ "type": "Feature", "properties": { "name": "Arterial Link", "highway": "residential", "slope_pct": 0.6 }, "geometry": { "type": "LineString", "coordinates": [ [ 77.2247762, 28.63335 ], [ 77.2249316, 28.6336425 ], [ 77.2249348, 28.633692 ], [ 77.2248976, 28.6337261 ], [ 77.2237733, 28.6342482 ], [ 77.2237326, 28.6342514 ], [ 77.223589, 28.6342414 ], [ 77.2233681, 28.6341666 ] ] } },
{ "type": "Feature", "properties": { "name": "Arterial Link", "highway": "residential", "slope_pct": 0.6 }, "geometry": { "type": "LineString", "coordinates": [ [ 77.2259742, 28.634317 ], [ 77.2258964, 28.6346066 ], [ 77.2258837, 28.6346789 ], [ 77.2257992, 28.6350956 ], [ 77.2257293, 28.6354212 ] ] } },
{ "type": "Feature", "properties": { "name": "Arterial Link", "highway": "residential", "slope_pct": 0.6 }, "geometry": { "type": "LineString", "coordinates": [ [ 77.2273124, 28.6346675 ], [ 77.22732, 28.6346872 ], [ 77.2273073, 28.6348096 ], [ 77.2273019, 28.6348285 ], [ 77.2272858, 28.6348408 ], [ 77.227263, 28.6348514 ] ] } },
{ "type": "Feature", "properties": { "name": "Arterial Link", "highway": "tertiary", "slope_pct": 0.6 }, "geometry": { "type": "LineString", "coordinates": [ [ 77.227352, 28.6351061 ], [ 77.2274106, 28.6351945 ] ] } },
{ "type": "Feature", "properties": { "name": "Middle Circle", "highway": "residential", "slope_pct": 0.6 }, "geometry": { "type": "LineString", "coordinates": [ [ 77.2195322, 28.6306928 ], [ 77.2197362, 28.6306881 ], [ 77.2197441, 28.6306879 ], [ 77.2199556, 28.6306994 ], [ 77.2200739, 28.6307132 ], [ 77.2201652, 28.6307271 ], [ 77.2203711, 28.630771 ], [ 77.2205719, 28.6308305 ], [ 77.2207434, 28.6308967 ], [ 77.2207659, 28.6309054 ], [ 77.2209517, 28.6309949 ], [ 77.2211278, 28.6310984 ], [ 77.2212929, 28.631205 ], [ 77.2214484, 28.6313298 ], [ 77.221582, 28.6314584 ], [ 77.2217092, 28.631635 ], [ 77.2218192, 28.6317961 ], [ 77.2218375, 28.6318251 ], [ 77.2219124, 28.6319651 ], [ 77.2219756, 28.6321115 ], [ 77.2219882, 28.6321408 ], [ 77.2220459, 28.6323216 ], [ 77.2220743, 28.6324555 ], [ 77.222085, 28.6325062 ], [ 77.2221005, 28.6326494 ], [ 77.2221053, 28.6326932 ], [ 77.2221065, 28.6328501 ], [ 77.2221067, 28.632881 ], [ 77.222089, 28.6330682 ], [ 77.2220524, 28.6332532 ], [ 77.2219973, 28.6334347 ], [ 77.2219474, 28.6335548 ], [ 77.221924, 28.6336111 ], [ 77.2218332, 28.6337812 ], [ 77.2217344, 28.6339312 ], [ 77.2217209, 28.6339483 ], [ 77.221622, 28.6340736 ], [ 77.2215063, 28.6341971 ], [ 77.2214967, 28.6342074 ], [ 77.2213593, 28.6343318 ], [ 77.2212215, 28.6344376 ], [ 77.2212107, 28.6344459 ], [ 77.2210037, 28.6345795 ], [ 77.2209104, 28.6346269 ], [ 77.2207766, 28.6346899 ], [ 77.2207631, 28.6346962 ], [ 77.2206106, 28.6347563 ], [ 77.2204537, 28.6348069 ], [ 77.2202932, 28.6348479 ], [ 77.2201298, 28.634879 ], [ 77.2199644, 28.6349001 ], [ 77.2198366, 28.6349075 ], [ 77.2196441, 28.6349121 ], [ 77.2195578, 28.6349079 ], [ 77.2194908, 28.6349046 ], [ 77.2193384, 28.6348886 ], [ 77.2191875, 28.634864 ], [ 77.2190386, 28.634831 ], [ 77.2188924, 28.6347898 ], [ 77.2187906, 28.6347546 ], [ 77.2187496, 28.6347405 ], [ 77.2186106, 28.6346833 ], [ 77.2184742, 28.6346175 ], [ 77.218343, 28.6345441 ], [ 77.2182175, 28.6344634 ], [ 77.2180982, 28.6343758 ], [ 77.2179855, 28.6342816 ], [ 77.2178801, 28.6341812 ], [ 77.2178323, 28.6341288 ], [ 77.2177822, 28.634075 ], [ 77.2176776, 28.63394 ], [ 77.2176204, 28.6338616 ], [ 77.2175675, 28.6337761 ], [ 77.2175552, 28.6337563 ], [ 77.2174968, 28.6336479 ], [ 77.2174456, 28.6335367 ], [ 77.2174016, 28.6334232 ], [ 77.217365, 28.6333077 ], [ 77.217336, 28.6331905 ], [ 77.2173146, 28.6330721 ], [ 77.2173009, 28.6329528 ], [ 77.2172949, 28.632833 ], [ 77.2172966, 28.6327131 ], [ 77.2173061, 28.6325935 ], [ 77.2173233, 28.6324745 ], [ 77.2173482, 28.6323566 ], [ 77.2173807, 28.6322402 ], [ 77.2174206, 28.6321255 ], [ 77.217476, 28.6319913 ], [ 77.2175224, 28.6319031 ], [ 77.2175751, 28.6318278 ] ] } },
{ "type": "Feature", "properties": { "name": "Radial Road 6", "highway": "tertiary", "slope_pct": 0.6 }, "geometry": { "type": "LineString", "coordinates": [ [ 77.2225404, 28.6341977 ], [ 77.222516, 28.634119 ], [ 77.2224949, 28.6340854 ], [ 77.2224685, 28.6340597 ], [ 77.2224339, 28.6340366 ], [ 77.222397, 28.6340157 ], [ 77.2223711, 28.6340049 ], [ 77.2218332, 28.6337812 ], [ 77.2211753, 28.6335124 ], [ 77.2208092, 28.6333557 ] ] } },
{ "type": "Feature", "properties": { "name": "Vivekanand Marg", "highway": "secondary", "slope_pct": 0.6 }, "geometry": { "type": "LineString", "coordinates": [ [ 77.2258197, 28.6409537 ], [ 77.2251623, 28.6400943 ], [ 77.2244473, 28.6391336 ], [ 77.2235225, 28.6379931 ], [ 77.2234861, 28.6379377 ], [ 77.2233195, 28.637684 ], [ 77.2232788, 28.637622 ], [ 77.2232695, 28.6376078 ], [ 77.2232308, 28.6375495 ], [ 77.2231954, 28.6374963 ], [ 77.2231056, 28.6373668 ], [ 77.2230364, 28.6372715 ], [ 77.2228843, 28.637062 ], [ 77.2223329, 28.6363052 ], [ 77.2216843, 28.6353997 ], [ 77.2215968, 28.6352776 ], [ 77.2215437, 28.6352119 ] ] } },
{ "type": "Feature", "properties": { "name": "Jawaharlal Nehru Marg", "highway": "secondary", "slope_pct": 0.6 }, "geometry": { "type": "LineString", "coordinates": [ [ 77.2272653, 28.6426098 ], [ 77.2273666, 28.6424988 ], [ 77.2274679, 28.6424391 ], [ 77.2308515, 28.6407288 ], [ 77.2310134, 28.6406537 ] ] } },
{ "type": "Feature", "properties": { "name": "Jahangir Road", "highway": "tertiary", "slope_pct": 0.6 }, "geometry": { "type": "LineString", "coordinates": [ [ 77.2284016, 28.6368453 ], [ 77.2276511, 28.6372661 ], [ 77.2274051, 28.6374024 ], [ 77.2273142, 28.6374543 ], [ 77.2271797, 28.6375218 ], [ 77.2270336, 28.6375922 ], [ 77.2258029, 28.6383228 ], [ 77.2254404, 28.6385396 ], [ 77.2246665, 28.6390025 ], [ 77.2245324, 28.6390827 ], [ 77.2245114, 28.6390953 ], [ 77.2244473, 28.6391336 ] ] } },
{ "type": "Feature", "properties": { "name": "Arterial Link", "highway": "tertiary", "slope_pct": 0.6 }, "geometry": { "type": "LineString", "coordinates": [ [ 77.2274106, 28.6351945 ], [ 77.2274807, 28.6352828 ], [ 77.2280256, 28.6359691 ], [ 77.2284558, 28.6365532 ] ] } },
{ "type": "Feature", "properties": { "name": "Chelmsford Road", "highway": "secondary", "slope_pct": 0.6 }, "geometry": { "type": "LineString", "coordinates": [ [ 77.2182675, 28.6357466 ], [ 77.2182896, 28.6358681 ], [ 77.2183298, 28.6363056 ], [ 77.2183452, 28.6365293 ], [ 77.2183747, 28.6369594 ], [ 77.2183874, 28.6371377 ], [ 77.2183923, 28.637273 ], [ 77.2184057, 28.6376461 ], [ 77.2184561, 28.6383126 ], [ 77.2184857, 28.6388892 ], [ 77.2185261, 28.6394258 ], [ 77.2185643, 28.6399033 ], [ 77.2185989, 28.6408926 ], [ 77.2185189, 28.6414122 ], [ 77.2184547, 28.6418752 ] ] } },
{ "type": "Feature", "properties": { "name": "Arterial Link", "highway": "residential", "slope_pct": 0.6 }, "geometry": { "type": "LineString", "coordinates": [ [ 77.2292173, 28.6376221 ], [ 77.2291512, 28.6376622 ], [ 77.2291221, 28.6376799 ], [ 77.2286292, 28.6379792 ], [ 77.2281187, 28.6382891 ], [ 77.228099, 28.6383011 ], [ 77.2280288, 28.6383437 ], [ 77.227723, 28.6385294 ], [ 77.2265899, 28.6392145 ], [ 77.2265033, 28.63927 ], [ 77.2257709, 28.6397202 ], [ 77.2253713, 28.6399457 ], [ 77.2249997, 28.6394348 ], [ 77.2249808, 28.6394088 ], [ 77.2247707, 28.6391219 ], [ 77.2247068, 28.6390487 ], [ 77.2246665, 28.6390025 ] ] } },
{ "type": "Feature", "properties": { "name": "Arterial Link", "highway": "residential", "slope_pct": 0.6 }, "geometry": { "type": "LineString", "coordinates": [ [ 77.2281187, 28.6382891 ], [ 77.2279737, 28.6380991 ], [ 77.2278612, 28.6379518 ], [ 77.2277147, 28.6377607 ], [ 77.227584, 28.6376034 ], [ 77.227538, 28.6375549 ], [ 77.2275722, 28.6374915 ], [ 77.2276026, 28.6374587 ], [ 77.228185, 28.6371261 ] ] } },
{ "type": "Feature", "properties": { "name": "Arterial Link", "highway": "residential", "slope_pct": 0.6 }, "geometry": { "type": "LineString", "coordinates": [ [ 77.2277147, 28.6377607 ], [ 77.2267683, 28.638288 ], [ 77.2260627, 28.6386812 ] ] } },
{ "type": "Feature", "properties": { "name": "Basant Lane", "highway": "residential", "slope_pct": 0.6 }, "geometry": { "type": "LineString", "coordinates": [ [ 77.2147056, 28.6373862 ], [ 77.2164119, 28.6364347 ], [ 77.2164582, 28.6364089 ], [ 77.2169391, 28.6361495 ], [ 77.2175588, 28.6358152 ], [ 77.2181403, 28.6355015 ] ] } },
{ "type": "Feature", "properties": { "name": "Arterial Link", "highway": "residential", "slope_pct": 0.6 }, "geometry": { "type": "LineString", "coordinates": [ [ 77.2177668, 28.6427753 ], [ 77.2178592, 28.6425251 ], [ 77.2179478, 28.642295 ], [ 77.2181178, 28.6418203 ] ] } },
{ "type": "Feature", "properties": { "name": "Radial Road 5", "highway": "tertiary", "slope_pct": 0.6 }, "geometry": { "type": "LineString", "coordinates": [ [ 77.2203928, 28.6337427 ], [ 77.2206138, 28.634046 ], [ 77.2207802, 28.6342737 ], [ 77.2210037, 28.6345795 ], [ 77.2213324, 28.6350104 ], [ 77.2213471, 28.6350297 ], [ 77.2213842, 28.6350783 ], [ 77.2214219, 28.6351136 ], [ 77.2214718, 28.6351402 ], [ 77.2215809, 28.6351806 ] ] } },
{ "type": "Feature", "properties": { "name": "Tagore Road", "highway": "residential", "slope_pct": 0.6 }, "geometry": { "type": "LineString", "coordinates": [ [ 77.2299026, 28.6385657 ], [ 77.2288073, 28.6391807 ], [ 77.2283715, 28.6394351 ], [ 77.2280164, 28.6396351 ], [ 77.2274449, 28.6399859 ], [ 77.2269018, 28.6403064 ], [ 77.2267279, 28.6404113 ], [ 77.2261564, 28.6407562 ], [ 77.2258916, 28.6409116 ], [ 77.2258737, 28.6409221 ], [ 77.2258197, 28.6409537 ] ] } },
{ "type": "Feature", "properties": { "name": "Outer Circle", "highway": "secondary", "slope_pct": 0.6 }, "geometry": { "type": "LineString", "coordinates": [ [ 77.2188663, 28.6355861 ], [ 77.2191658, 28.6356418 ], [ 77.2194699, 28.6356738 ], [ 77.2196659, 28.6357004 ], [ 77.2197623, 28.6357135 ], [ 77.21982, 28.6357191 ], [ 77.2198833, 28.6357191 ], [ 77.2199296, 28.6357173 ], [ 77.2199976, 28.6357078 ], [ 77.2200349, 28.6356967 ], [ 77.2204439, 28.6355749 ], [ 77.2210487, 28.6353948 ], [ 77.2213076, 28.6353155 ], [ 77.2213537, 28.6353014 ], [ 77.221439, 28.6352759 ] ] } },
{ "type": "Feature", "properties": { "name": "Bhavbhuti Marg", "highway": "tertiary", "slope_pct": 0.6 }, "geometry": { "type": "LineString", "coordinates": [ [ 77.2237077, 28.6430709 ], [ 77.2236859, 28.6428187 ], [ 77.2236285, 28.6421531 ] ] } },
{ "type": "Feature", "properties": { "name": "Vivekanand Marg", "highway": "secondary", "slope_pct": 0.6 }, "geometry": { "type": "LineString", "coordinates": [ [ 77.221439, 28.6352759 ], [ 77.221488, 28.6353413 ], [ 77.2215743, 28.6354598 ], [ 77.2222342, 28.6363652 ], [ 77.2227287, 28.6370455 ], [ 77.2229782, 28.6373845 ], [ 77.2230935, 28.637544 ], [ 77.2231437, 28.6376085 ], [ 77.2231944, 28.6376764 ], [ 77.2233108, 28.6378324 ], [ 77.2234325, 28.6380016 ], [ 77.2243133, 28.6391778 ] ] } },
{ "type": "Feature", "properties": { "name": "State Entry Road", "highway": "residential", "slope_pct": 0.6 }, "geometry": { "type": "LineString", "coordinates": [ [ 77.2198833, 28.6357191 ], [ 77.2198894, 28.6358178 ], [ 77.2199077, 28.6361156 ], [ 77.2199334, 28.6365354 ], [ 77.2199557, 28.6370997 ] ] } },
{ "type": "Feature", "properties": { "name": "Barron Road", "highway": "residential", "slope_pct": 0.6 }, "geometry": { "type": "LineString", "coordinates": [ [ 77.2263497, 28.6418919 ], [ 77.2255933, 28.6423163 ], [ 77.2248973, 28.6427069 ], [ 77.2248383, 28.6427328 ], [ 77.2247885, 28.6427452 ], [ 77.2247336, 28.6427526 ], [ 77.2240677, 28.6428007 ], [ 77.2236859, 28.6428187 ] ] } },
{ "type": "Feature", "properties": { "name": "Chelmsford Road", "highway": "secondary", "slope_pct": 0.6 }, "geometry": { "type": "LineString", "coordinates": [ [ 77.2185325, 28.6418874 ], [ 77.2185748, 28.6416689 ], [ 77.2186323, 28.6413925 ], [ 77.2187085, 28.640951 ], [ 77.2187112, 28.6407432 ], [ 77.2186753, 28.6401746 ], [ 77.2186592, 28.6398874 ], [ 77.218552, 28.6385032 ], [ 77.2184815, 28.6372739 ], [ 77.2184745, 28.6371513 ], [ 77.2184469, 28.636961 ], [ 77.218391, 28.6361585 ], [ 77.2183633, 28.6358779 ], [ 77.2183568, 28.6357504 ] ] } },
{ "type": "Feature", "properties": { "name": "Babu Ram Solanki Marg", "highway": "secondary", "slope_pct": 0.6 }, "geometry": { "type": "LineString", "coordinates": [ [ 77.2178703, 28.6485677 ], [ 77.2178971, 28.6483794 ], [ 77.2179103, 28.648086 ], [ 77.2179145, 28.6479938 ], [ 77.2179234, 28.647781 ], [ 77.2179413, 28.6473535 ], [ 77.2179508, 28.6466959 ], [ 77.2179704, 28.6463196 ], [ 77.2179749, 28.6462279 ], [ 77.2179749, 28.6459478 ], [ 77.2179615, 28.6456418 ], [ 77.2179547, 28.6455753 ], [ 77.2179454, 28.6454841 ], [ 77.2179454, 28.6453758 ], [ 77.2179508, 28.6452887 ], [ 77.2179829, 28.6451004 ], [ 77.2180017, 28.6449239 ], [ 77.2180259, 28.6446908 ], [ 77.2180665, 28.6445146 ], [ 77.2180837, 28.6444156 ], [ 77.2181144, 28.6442883 ], [ 77.2181117, 28.6441729 ], [ 77.2181099, 28.6441158 ], [ 77.2181049, 28.6439551 ], [ 77.2181066, 28.6438916 ], [ 77.218109, 28.6437987 ], [ 77.2181975, 28.6433867 ], [ 77.2182289, 28.6432488 ], [ 77.218278, 28.6429583 ], [ 77.2184067, 28.642431 ], [ 77.2184839, 28.6421003 ], [ 77.2184972, 28.6420214 ], [ 77.2185325, 28.6418874 ] ] } },
{ "type": "Feature", "properties": { "name": "Arterial Link", "highway": "residential", "slope_pct": 0.6 }, "geometry": { "type": "LineString", "coordinates": [ [ 77.2263028, 28.6355071 ], [ 77.226724, 28.6352664 ], [ 77.2273059, 28.6349334 ], [ 77.2274188, 28.6348688 ], [ 77.2277176, 28.634689 ], [ 77.2278544, 28.6341699 ], [ 77.2276077, 28.6338297 ] ] } },
{ "type": "Feature", "properties": { "name": "Arterial Link", "highway": "residential", "slope_pct": 0.6 }, "geometry": { "type": "LineString", "coordinates": [ [ 77.218502, 28.6405835 ], [ 77.2184621, 28.6399081 ], [ 77.2183782, 28.6386708 ], [ 77.2183458, 28.6380406 ], [ 77.2182916, 28.6371278 ], [ 77.2182492, 28.6367794 ], [ 77.2182227, 28.6361335 ], [ 77.2182284, 28.6359084 ], [ 77.2182438, 28.6357914 ], [ 77.2182574, 28.6357188 ] ] } },
{ "type": "Feature", "properties": { "name": "Ramrakha Bahl Chowk", "highway": "secondary", "slope_pct": 0.6 }, "geometry": { "type": "LineString", "coordinates": [ [ 77.2272653, 28.6426098 ], [ 77.2272492, 28.6425743 ], [ 77.2272269, 28.6425414 ], [ 77.227199, 28.6425119 ], [ 77.2271662, 28.6424867 ], [ 77.2271293, 28.6424663 ], [ 77.2270892, 28.6424513 ] ] } },
{ "type": "Feature", "properties": { "name": "Ramrakha Bahl Chowk", "highway": "secondary", "slope_pct": 0.6 }, "geometry": { "type": "LineString", "coordinates": [ [ 77.2268054, 28.6425099 ], [ 77.2267732, 28.6425433 ], [ 77.2267484, 28.6425814 ], [ 77.226732, 28.6426227 ], [ 77.2267243, 28.642666 ], [ 77.2267258, 28.6427097 ] ] } },
{ "type": "Feature", "properties": { "name": "Arterial Link", "highway": "residential", "slope_pct": 0.6 }, "geometry": { "type": "LineString", "coordinates": [ [ 77.2279737, 28.6380991 ], [ 77.2275354, 28.638358 ], [ 77.2270472, 28.6386409 ], [ 77.2263463, 28.6390602 ] ] } },
{ "type": "Feature", "properties": { "name": "Arterial Link", "highway": "residential", "slope_pct": 0.6 }, "geometry": { "type": "LineString", "coordinates": [ [ 77.2179481, 28.6433809 ], [ 77.2180907, 28.6428155 ], [ 77.2182277, 28.6421943 ], [ 77.2183999, 28.6421355 ] ] } },
{ "type": "Feature", "properties": { "name": "Deen Dayal Upadhyay Road", "highway": "secondary", "slope_pct": 0.6 }, "geometry": { "type": "LineString", "coordinates": [ [ 77.2231944, 28.6376764 ], [ 77.2232788, 28.637622 ], [ 77.2235838, 28.6374256 ], [ 77.2240173, 28.6371693 ], [ 77.2241131, 28.6371127 ], [ 77.2246529, 28.6367935 ], [ 77.226037, 28.6359915 ], [ 77.2267171, 28.6355969 ], [ 77.2272976, 28.6352601 ], [ 77.2274106, 28.6351945 ] ] } },
{ "type": "Feature", "properties": { "name": "Arterial Link", "highway": "residential", "slope_pct": 0.6 }, "geometry": { "type": "LineString", "coordinates": [ [ 77.218387, 28.6356953 ], [ 77.2184567, 28.6357804 ], [ 77.2185033, 28.6364078 ], [ 77.2185591, 28.6371586 ], [ 77.2187454, 28.6400798 ] ] } },
{ "type": "Feature", "properties": { "name": "Babu Ram Solanki Marg", "highway": "secondary", "slope_pct": 0.6 }, "geometry": { "type": "LineString", "coordinates": [ [ 77.2184547, 28.6418752 ], [ 77.2184321, 28.6420101 ], [ 77.2184124, 28.6420809 ], [ 77.2183999, 28.6421355 ], [ 77.2183471, 28.6423661 ], [ 77.2182369, 28.6428336 ], [ 77.2182287, 28.6429108 ], [ 77.2181595, 28.6432361 ], [ 77.2180927, 28.6434785 ], [ 77.2180283, 28.6437936 ], [ 77.2180229, 28.6439381 ], [ 77.2180218, 28.6439669 ], [ 77.218022, 28.6441051 ] ] } },
{ "type": "Feature", "properties": { "name": "Arterial Link", "highway": "residential", "slope_pct": 0.6 }, "geometry": { "type": "LineString", "coordinates": [ [ 77.2157564, 28.6404267 ], [ 77.2159115, 28.6404233 ], [ 77.2160802, 28.6404131 ], [ 77.2162286, 28.6404062 ], [ 77.2164658, 28.6404027 ], [ 77.2167362, 28.640419 ], [ 77.2169071, 28.64043 ], [ 77.216991, 28.6404223 ], [ 77.2170631, 28.6404112 ] ] } },
{ "type": "Feature", "properties": { "name": "Arterial Link", "highway": "residential", "slope_pct": 0.6 }, "geometry": { "type": "LineString", "coordinates": [ [ 77.2153208, 28.6401572 ], [ 77.2157567, 28.6401322 ] ] } },
{ "type": "Feature", "properties": { "name": "Arterial Link", "highway": "residential", "slope_pct": 0.6 }, "geometry": { "type": "LineString", "coordinates": [ [ 77.2164658, 28.6404027 ], [ 77.2164206, 28.6401403 ], [ 77.2164195, 28.6401158 ], [ 77.2164282, 28.6400958 ], [ 77.2164477, 28.6400816 ], [ 77.2167311, 28.6399883 ] ] } },
{ "type": "Feature", "properties": { "name": "Arterial Link", "highway": "residential", "slope_pct": 0.6 }, "geometry": { "type": "LineString", "coordinates": [ [ 77.2157907, 28.6414496 ], [ 77.2158256, 28.6413316 ], [ 77.2158564, 28.6412545 ], [ 77.2159026, 28.6411788 ], [ 77.2159812, 28.6410612 ] ] } },
{ "type": "Feature", "properties": { "name": "Arterial Link", "highway": "residential", "slope_pct": 0.6 }, "geometry": { "type": "LineString", "coordinates": [ [ 77.2167362, 28.640419 ], [ 77.2167335, 28.6406448 ], [ 77.216721, 28.64078 ], [ 77.2167032, 28.6408669 ], [ 77.2166804, 28.6410404 ], [ 77.2166732, 28.6410984 ], [ 77.2166426, 28.6413881 ] ] } },
{ "type": "Feature", "properties": { "name": "Arterial Link", "highway": "residential", "slope_pct": 0.6 }, "geometry": { "type": "LineString", "coordinates": [ [ 77.2157339, 28.6414373 ], [ 77.2156044, 28.6418009 ] ] } },
{ "type": "Feature", "properties": { "name": "Basant Road", "highway": "residential", "slope_pct": 0.6 }, "geometry": { "type": "LineString", "coordinates": [ [ 77.2182268, 28.6418392 ], [ 77.2176978, 28.6411448 ], [ 77.2176094, 28.6410406 ], [ 77.2173757, 28.6407655 ], [ 77.2170631, 28.6404112 ], [ 77.2170228, 28.6403487 ] ] } },
{ "type": "Feature", "properties": { "name": "Arterial Link", "highway": "residential", "slope_pct": 0.6 }, "geometry": { "type": "LineString", "coordinates": [ [ 77.2192025, 28.6368634 ], [ 77.2192061, 28.6371128 ], [ 77.2192067, 28.6371506 ], [ 77.2192193, 28.6375307 ] ] } },
{ "type": "Feature", "properties": { "name": "Bhavbhuti Marg", "highway": "tertiary", "slope_pct": 0.6 }, "geometry": { "type": "LineString", "coordinates": [ [ 77.2234059, 28.6396684 ], [ 77.2234222, 28.6399775 ], [ 77.2234341, 28.6402035 ], [ 77.2234444, 28.640291 ], [ 77.2234942, 28.6407125 ], [ 77.2235375, 28.6411568 ], [ 77.2235436, 28.6412195 ], [ 77.2235863, 28.6416577 ], [ 77.2235906, 28.6417013 ], [ 77.2235974, 28.6417713 ] ] } },
{ "type": "Feature", "properties": { "name": "Arterial Link", "highway": "tertiary", "slope_pct": 0.6 }, "geometry": { "type": "LineString", "coordinates": [ [ 77.2235974, 28.6417713 ], [ 77.2242492, 28.6417054 ], [ 77.2244178, 28.6416724 ], [ 77.2244902, 28.6416583 ], [ 77.2246618, 28.6415881 ], [ 77.2256986, 28.6410088 ] ] } },
{ "type": "Feature", "properties": { "name": "Arterial Link", "highway": "residential", "slope_pct": 0.6 }, "geometry": { "type": "LineString", "coordinates": [ [ 77.2265033, 28.63927 ], [ 77.2263463, 28.6390602 ], [ 77.2260627, 28.6386812 ], [ 77.2258437, 28.6383791 ], [ 77.2258029, 28.6383228 ] ] } },
{ "type": "Feature", "properties": { "name": "Arterial Link", "highway": "residential", "slope_pct": 0.6 }, "geometry": { "type": "LineString", "coordinates": [ [ 77.2265899, 28.6392145 ], [ 77.2268728, 28.6396009 ], [ 77.2270333, 28.63982 ] ] } },
{ "type": "Feature", "properties": { "name": "Arterial Link", "highway": "tertiary", "slope_pct": 0.6 }, "geometry": { "type": "LineString", "coordinates": [ [ 77.2234059, 28.6396684 ], [ 77.2237176, 28.6394999 ] ] } },
{ "type": "Feature", "properties": { "name": "Arterial Link", "highway": "residential", "slope_pct": 0.6 }, "geometry": { "type": "LineString", "coordinates": [ [ 77.2250553, 28.6401506 ], [ 77.2242338, 28.6406406 ], [ 77.2241277, 28.6406817 ], [ 77.224026, 28.6406981 ], [ 77.2239165, 28.6406989 ], [ 77.2234942, 28.6407125 ] ] } },
{ "type": "Feature", "properties": { "name": "Arterial Link", "highway": "residential", "slope_pct": 0.6 }, "geometry": { "type": "LineString", "coordinates": [ [ 77.2265389, 28.6368054 ], [ 77.2265688, 28.636841 ], [ 77.2266083, 28.6368633 ], [ 77.2266712, 28.6368719 ], [ 77.2267351, 28.636852 ], [ 77.2267683, 28.6368237 ], [ 77.2267877, 28.6367898 ], [ 77.2267933, 28.6367442 ], [ 77.2267738, 28.6366929 ], [ 77.2267408, 28.6366611 ], [ 77.2266948, 28.6366412 ], [ 77.2266297, 28.6366402 ], [ 77.2265803, 28.6366601 ], [ 77.2265477, 28.6366904 ], [ 77.2265286, 28.6367312 ], [ 77.2265274, 28.6367726 ], [ 77.2265389, 28.6368054 ] ] } },
{ "type": "Feature", "properties": { "name": "Arterial Link", "highway": "residential", "slope_pct": 0.6 }, "geometry": { "type": "LineString", "coordinates": [ [ 77.226037, 28.6359915 ], [ 77.2265803, 28.6366601 ] ] } },
{ "type": "Feature", "properties": { "name": "Arterial Link", "highway": "residential", "slope_pct": 0.6 }, "geometry": { "type": "LineString", "coordinates": [ [ 77.2267738, 28.6366929 ], [ 77.2272063, 28.6364438 ] ] } },
{ "type": "Feature", "properties": { "name": "Arterial Link", "highway": "residential", "slope_pct": 0.6 }, "geometry": { "type": "LineString", "coordinates": [ [ 77.2267351, 28.636852 ], [ 77.2270608, 28.6373826 ] ] } },
{ "type": "Feature", "properties": { "name": "Vivekanand Marg", "highway": "secondary", "slope_pct": 0.6 }, "geometry": { "type": "LineString", "coordinates": [ [ 77.2268846, 28.6424623 ], [ 77.2266472, 28.6421381 ], [ 77.2263212, 28.6416931 ], [ 77.2262706, 28.641631 ], [ 77.2258197, 28.6409537 ] ] } },
{ "type": "Feature", "properties": { "name": "Bhavbhuti Marg", "highway": "tertiary", "slope_pct": 0.6 }, "geometry": { "type": "LineString", "coordinates": [ [ 77.2236285, 28.6421531 ], [ 77.223627, 28.6420885 ], [ 77.2236035, 28.6418483 ], [ 77.2235974, 28.6417713 ] ] } },
{ "type": "Feature", "properties": { "name": "Arterial Link", "highway": "secondary", "slope_pct": 0.6 }, "geometry": { "type": "LineString", "coordinates": [ [ 77.2222342, 28.6363652 ], [ 77.2223329, 28.6363052 ] ] } },
{ "type": "Feature", "properties": { "name": "Arterial Link", "highway": "secondary_link", "slope_pct": 0.6 }, "geometry": { "type": "LineString", "coordinates": [ [ 77.2234861, 28.6379377 ], [ 77.2234704, 28.6378671 ], [ 77.2234717, 28.6377917 ], [ 77.2234851, 28.6376823 ], [ 77.2235079, 28.637581 ], [ 77.2235351, 28.6375208 ], [ 77.2235838, 28.6374256 ] ] } },
{ "type": "Feature", "properties": { "name": "Arterial Link", "highway": "secondary_link", "slope_pct": 0.6 }, "geometry": { "type": "LineString", "coordinates": [ [ 77.2234908, 28.6373343 ], [ 77.2234087, 28.6373456 ], [ 77.2233255, 28.6373445 ], [ 77.2232437, 28.6373339 ], [ 77.2231767, 28.6373174 ], [ 77.2230364, 28.6372715 ] ] } },
{ "type": "Feature", "properties": { "name": "Bhavbhuti Marg", "highway": "secondary", "slope_pct": 0.6 }, "geometry": { "type": "LineString", "coordinates": [ [ 77.2232308, 28.6375495 ], [ 77.2231831, 28.6375818 ], [ 77.2231437, 28.6376085 ] ] } },
{ "type": "Feature", "properties": { "name": "Arterial Link", "highway": "tertiary", "slope_pct": 0.6 }, "geometry": { "type": "LineString", "coordinates": [ [ 77.2256986, 28.6410088 ], [ 77.2258197, 28.6409537 ] ] } },
{ "type": "Feature", "properties": { "name": "Bhavbhuti Marg", "highway": "tertiary", "slope_pct": 0.6 }, "geometry": { "type": "LineString", "coordinates": [ [ 77.2233108, 28.6378324 ], [ 77.2232807, 28.6379427 ], [ 77.2232794, 28.6380059 ] ] } },
{ "type": "Feature", "properties": { "name": "Arterial Link", "highway": "residential", "slope_pct": 0.6 }, "geometry": { "type": "LineString", "coordinates": [ [ 77.2222188, 28.6374021 ], [ 77.2223827, 28.6376552 ], [ 77.2224396, 28.6377268 ], [ 77.2224948, 28.6377698 ], [ 77.2226179, 28.6377746 ], [ 77.2227793, 28.6377395 ] ] } },
{ "type": "Feature", "properties": { "name": "Arterial Link", "highway": "residential", "slope_pct": 0.6 }, "geometry": { "type": "LineString", "coordinates": [ [ 77.2222218, 28.6380389 ], [ 77.2222729, 28.6386015 ] ] } },
{ "type": "Feature", "properties": { "name": "Arterial Link", "highway": "residential", "slope_pct": 0.6 }, "geometry": { "type": "LineString", "coordinates": [ [ 77.2224981, 28.6380177 ], [ 77.2225495, 28.6385846 ] ] } },
{ "type": "Feature", "properties": { "name": "Arterial Link", "highway": "residential", "slope_pct": 0.6 }, "geometry": { "type": "LineString", "coordinates": [ [ 77.2227636, 28.6379895 ], [ 77.2224981, 28.6380177 ], [ 77.2222218, 28.6380389 ], [ 77.2220482, 28.6380574 ], [ 77.2220134, 28.6380745 ], [ 77.2219998, 28.6381072 ], [ 77.2220394, 28.6385945 ], [ 77.2220532, 28.6386119 ], [ 77.2220837, 28.6386216 ], [ 77.2222729, 28.6386015 ], [ 77.2225495, 28.6385846 ], [ 77.2228119, 28.6385686 ] ] } },
{ "type": "Feature", "properties": { "name": "Arterial Link", "highway": "residential", "slope_pct": 0.6 }, "geometry": { "type": "LineString", "coordinates": [ [ 77.2228422, 28.6389127 ], [ 77.2228119, 28.6385686 ], [ 77.2227636, 28.6379895 ], [ 77.2227663, 28.6379165 ], [ 77.2227793, 28.6377395 ], [ 77.2228473, 28.637721 ] ] } },
{ "type": "Feature", "properties": { "name": "Arterial Link", "highway": "residential", "slope_pct": 0.6 }, "geometry": { "type": "LineString", "coordinates": [ [ 77.222858, 28.6390768 ], [ 77.2229685, 28.6401371 ], [ 77.2229336, 28.6402319 ] ] } },
{ "type": "Feature", "properties": { "name": "Arterial Link", "highway": "secondary_link", "slope_pct": 0.6 }, "geometry": { "type": "LineString", "coordinates": [ [ 77.2273019, 28.6423863 ], [ 77.227082, 28.6423197 ], [ 77.2270149, 28.642295 ], [ 77.2268218, 28.6422173 ], [ 77.2266472, 28.6421381 ] ] } },
{ "type": "Feature", "properties": { "name": "Arterial Link", "highway": "tertiary", "slope_pct": 0.6 }, "geometry": { "type": "LineString", "coordinates": [ [ 77.2239559, 28.6393711 ], [ 77.2243133, 28.6391778 ] ] } },
{ "type": "Feature", "properties": { "name": "Arterial Link", "highway": "tertiary", "slope_pct": 0.6 }, "geometry": { "type": "LineString", "coordinates": [ [ 77.2237176, 28.6394999 ], [ 77.223842, 28.6394327 ], [ 77.2239559, 28.6393711 ] ] } },
{ "type": "Feature", "properties": { "name": "Vivekanand Marg", "highway": "secondary", "slope_pct": 0.6 }, "geometry": { "type": "LineString", "coordinates": [ [ 77.2243133, 28.6391778 ], [ 77.2245091, 28.6394345 ], [ 77.2247911, 28.6398042 ], [ 77.2250553, 28.6401506 ], [ 77.2252644, 28.6404295 ], [ 77.2254876, 28.6407273 ], [ 77.2256986, 28.6410088 ], [ 77.2259972, 28.6414138 ], [ 77.2260802, 28.6415263 ], [ 77.2263497, 28.6418919 ], [ 77.2267535, 28.6424395 ], [ 77.2268054, 28.6425099 ] ] } },
{ "type": "Feature", "properties": { "name": "Bhavbhuti Marg", "highway": "tertiary", "slope_pct": 0.6 }, "geometry": { "type": "LineString", "coordinates": [ [ 77.2232794, 28.6380059 ], [ 77.2233543, 28.6389568 ], [ 77.2234059, 28.6396684 ] ] } },
{ "type": "Feature", "properties": { "name": "Ramrakha Bahl Chowk", "highway": "secondary", "slope_pct": 0.6 }, "geometry": { "type": "LineString", "coordinates": [ [ 77.2270892, 28.6424513 ], [ 77.227038, 28.6424408 ], [ 77.2269855, 28.642439 ], [ 77.2269336, 28.6424459 ], [ 77.2268846, 28.6424623 ] ] } },
{ "type": "Feature", "properties": { "name": "Ramrakha Bahl Chowk", "highway": "secondary", "slope_pct": 0.6 }, "geometry": { "type": "LineString", "coordinates": [ [ 77.2268846, 28.6424623 ], [ 77.2268426, 28.642483 ], [ 77.2268054, 28.6425099 ] ] } },
{ "type": "Feature", "properties": { "name": "Arterial Link", "highway": "residential", "slope_pct": 0.6 }, "geometry": { "type": "LineString", "coordinates": [ [ 77.2270472, 28.6386409 ], [ 77.2267683, 28.638288 ] ] } },
{ "type": "Feature", "properties": { "name": "Arterial Link", "highway": "residential", "slope_pct": 0.6 }, "geometry": { "type": "LineString", "coordinates": [ [ 77.2247911, 28.6398042 ], [ 77.2247253, 28.6398437 ], [ 77.224296, 28.6400865 ], [ 77.2242899, 28.6401115 ], [ 77.2243023, 28.6401612 ], [ 77.2243041, 28.6401969 ], [ 77.2243006, 28.6402249 ], [ 77.224251, 28.6402606 ], [ 77.2238968, 28.6404471 ] ] } },
{ "type": "Feature", "properties": { "name": "Arterial Link", "highway": "residential", "slope_pct": 0.6 }, "geometry": { "type": "LineString", "coordinates": [ [ 77.2244178, 28.6416724 ], [ 77.2243346, 28.6414055 ] ] } },
{ "type": "Feature", "properties": { "name": "Arterial Link", "highway": "residential", "slope_pct": 0.6 }, "geometry": { "type": "LineString", "coordinates": [ [ 77.2254876, 28.6407273 ], [ 77.2248407, 28.6411166 ], [ 77.2243964, 28.6413421 ], [ 77.2243611, 28.6413661 ], [ 77.2243346, 28.6414055 ] ] } },
{ "type": "Feature", "properties": { "name": "Arterial Link", "highway": "residential", "slope_pct": 0.6 }, "geometry": { "type": "LineString", "coordinates": [ [ 77.2239165, 28.6406989 ], [ 77.2239133, 28.6406584 ], [ 77.2238968, 28.6404471 ], [ 77.2238756, 28.6401751 ], [ 77.2238529, 28.6399049 ], [ 77.2238635, 28.6398366 ], [ 77.2238918, 28.639804 ], [ 77.224067, 28.6396875 ], [ 77.2244526, 28.6394669 ], [ 77.2245091, 28.6394345 ] ] } },
{ "type": "Feature", "properties": { "name": "Arterial Link", "highway": "residential", "slope_pct": 0.6 }, "geometry": { "type": "LineString", "coordinates": [ [ 77.227538, 28.6375549 ], [ 77.2274508, 28.6374548 ], [ 77.2274051, 28.6374024 ] ] } },
{ "type": "Feature", "properties": { "name": "Arterial Link", "highway": "residential", "slope_pct": 0.6 }, "geometry": { "type": "LineString", "coordinates": [ [ 77.2257709, 28.6397202 ], [ 77.2260593, 28.6400782 ], [ 77.2261612, 28.6402047 ], [ 77.2264444, 28.6400556 ], [ 77.226593, 28.6402482 ], [ 77.2266767, 28.6403494 ], [ 77.2267279, 28.6404113 ] ] } },
{ "type": "Feature", "properties": { "name": "Arterial Link", "highway": "residential", "slope_pct": 0.6 }, "geometry": { "type": "LineString", "coordinates": [ [ 77.2260593, 28.6400782 ], [ 77.2268728, 28.6396009 ] ] } },
{ "type": "Feature", "properties": { "name": "Arterial Link", "highway": "residential", "slope_pct": 0.6 }, "geometry": { "type": "LineString", "coordinates": [ [ 77.2249997, 28.6394348 ], [ 77.2253079, 28.6392481 ], [ 77.2253398, 28.6392311 ], [ 77.2253752, 28.6392342 ], [ 77.2253982, 28.6392621 ], [ 77.2254141, 28.6392792 ], [ 77.2254389, 28.6392854 ], [ 77.2257645, 28.639099 ], [ 77.2257822, 28.6390866 ], [ 77.2257822, 28.6390664 ], [ 77.225768, 28.6390245 ], [ 77.2255344, 28.6386828 ], [ 77.2254747, 28.6385918 ], [ 77.2254404, 28.6385396 ] ] } },
{ "type": "Feature", "properties": { "name": "Arterial Link", "highway": "residential", "slope_pct": 0.6 }, "geometry": { "type": "LineString", "coordinates": [ [ 77.2224948, 28.6377698 ], [ 77.2220534, 28.6378178 ] ] } },
{ "type": "Feature", "properties": { "name": "Arterial Link", "highway": "residential", "slope_pct": 0.6 }, "geometry": { "type": "LineString", "coordinates": [ [ 77.2228473, 28.637721 ], [ 77.2228798, 28.6377125 ], [ 77.2230101, 28.6376948 ], [ 77.2230817, 28.6376865 ] ] } },
{ "type": "Feature", "properties": { "name": "Arterial Link", "highway": "residential", "slope_pct": 0.6 }, "geometry": { "type": "LineString", "coordinates": [ [ 77.2273142, 28.6374543 ], [ 77.2270608, 28.6373826 ], [ 77.2270336, 28.6375922 ] ] } },
{ "type": "Feature", "properties": { "name": "Arterial Link", "highway": "residential", "slope_pct": 0.6 }, "geometry": { "type": "LineString", "coordinates": [ [ 77.2233543, 28.6389568 ], [ 77.2228494, 28.6389947 ] ] } },
{ "type": "Feature", "properties": { "name": "Arterial Link", "highway": "residential", "slope_pct": 0.6 }, "geometry": { "type": "LineString", "coordinates": [ [ 77.2228494, 28.6389947 ], [ 77.222858, 28.6390768 ] ] } },
{ "type": "Feature", "properties": { "name": "Arterial Link", "highway": "residential", "slope_pct": 0.6 }, "geometry": { "type": "LineString", "coordinates": [ [ 77.2228494, 28.6389947 ], [ 77.2228422, 28.6389127 ] ] } },
{ "type": "Feature", "properties": { "name": "Arterial Link", "highway": "secondary", "slope_pct": 0.6 }, "geometry": { "type": "LineString", "coordinates": [ [ 77.2231437, 28.6376085 ], [ 77.2230966, 28.6376494 ], [ 77.2230817, 28.6376865 ] ] } },
{ "type": "Feature", "properties": { "name": "Arterial Link", "highway": "secondary", "slope_pct": 0.6 }, "geometry": { "type": "LineString", "coordinates": [ [ 77.2230817, 28.6376865 ], [ 77.2231371, 28.6376913 ], [ 77.2231944, 28.6376764 ] ] } },
{ "type": "Feature", "properties": { "name": "Arterial Link", "highway": "residential", "slope_pct": 0.6 }, "geometry": { "type": "LineString", "coordinates": [ [ 77.2253713, 28.6399457 ], [ 77.2259069, 28.6406559 ] ] } },
{ "type": "Feature", "properties": { "name": "Arterial Link", "highway": "residential", "slope_pct": 0.6 }, "geometry": { "type": "LineString", "coordinates": [ [ 77.2278544, 28.6341699 ], [ 77.2279389, 28.6342829 ], [ 77.227959, 28.634317 ], [ 77.2279564, 28.6344136 ], [ 77.2279188, 28.6345784 ], [ 77.2278947, 28.6346113 ], [ 77.2277176, 28.634689 ] ] } },
{ "type": "Feature", "properties": { "name": "Asaf Ali Road", "highway": "secondary", "slope_pct": 0.6 }, "geometry": { "type": "LineString", "coordinates": [ [ 77.2279576, 28.6435927 ], [ 77.2285609, 28.6433718 ], [ 77.2288298, 28.6433035 ], [ 77.2291118, 28.6432535 ], [ 77.2292747, 28.6432261 ], [ 77.2293561, 28.6432018 ], [ 77.2294404, 28.6431643 ], [ 77.2301299, 28.6428914 ], [ 77.2303835, 28.6427986 ], [ 77.2306672, 28.6427005 ], [ 77.2311292, 28.6425773 ], [ 77.2317758, 28.6424127 ], [ 77.2324292, 28.6422257 ], [ 77.2325052, 28.6421936 ] ] } },
{ "type": "Feature", "properties": { "name": "Asaf Ali Road", "highway": "secondary", "slope_pct": 0.6 }, "geometry": { "type": "LineString", "coordinates": [ [ 77.2325119, 28.64201 ], [ 77.2324974, 28.6420804 ], [ 77.2324677, 28.6421242 ], [ 77.2323924, 28.6421698 ], [ 77.2317589, 28.6423656 ], [ 77.2311132, 28.6425299 ], [ 77.2306487, 28.6426538 ], [ 77.2303623, 28.6427528 ], [ 77.2301075, 28.6428461 ], [ 77.2294161, 28.6431197 ], [ 77.2293342, 28.6431562 ], [ 77.2292603, 28.6431782 ], [ 77.229101, 28.6432051 ], [ 77.2288164, 28.6432554 ], [ 77.2285421, 28.6433251 ], [ 77.2279119, 28.6435444 ] ] } },
{ "type": "Feature", "properties": { "name": "Arterial Link", "highway": "residential", "slope_pct": 0.6 }, "geometry": { "type": "LineString", "coordinates": [ [ 77.2286292, 28.6379792 ], [ 77.2283804, 28.637672 ], [ 77.2283334, 28.6376564 ], [ 77.2282861, 28.6376693 ], [ 77.2278612, 28.6379518 ] ] } },
{ "type": "Feature", "properties": { "name": "Arterial Link", "highway": "residential", "slope_pct": 0.6 }, "geometry": { "type": "LineString", "coordinates": [ [ 77.2292641, 28.638811 ], [ 77.2287296, 28.639075 ], [ 77.2284172, 28.6386916 ], [ 77.228099, 28.6383011 ] ] } },
{ "type": "Feature", "properties": { "name": "Arterial Link", "highway": "residential", "slope_pct": 0.6 }, "geometry": { "type": "LineString", "coordinates": [ [ 77.2283804, 28.637672 ], [ 77.2283362, 28.6376028 ], [ 77.2282875, 28.6375528 ], [ 77.2282407, 28.6375047 ], [ 77.2281858, 28.6374618 ], [ 77.2281492, 28.6374315 ], [ 77.228137, 28.637419 ] ] } },
{ "type": "Feature", "properties": { "name": "Galli Number 5", "highway": "residential", "slope_pct": 0.6 }, "geometry": { "type": "LineString", "coordinates": [ [ 77.2100325, 28.6470671 ], [ 77.2113887, 28.6467768 ], [ 77.2129735, 28.6464753 ] ] } },
{ "type": "Feature", "properties": { "name": "Arterial Link", "highway": "residential", "slope_pct": 0.6 }, "geometry": { "type": "LineString", "coordinates": [ [ 77.2096865, 28.64451 ], [ 77.2107842, 28.6442955 ], [ 77.2120739, 28.6440765 ], [ 77.2124001, 28.6440508 ] ] } },
{ "type": "Feature", "properties": { "name": "Arterial Link", "highway": "residential", "slope_pct": 0.6 }, "geometry": { "type": "LineString", "coordinates": [ [ 77.2098222, 28.6451469 ], [ 77.2109271, 28.6449455 ], [ 77.2125024, 28.6446832 ] ] } },
{ "type": "Feature", "properties": { "name": "Arterial Link", "highway": "residential", "slope_pct": 0.6 }, "geometry": { "type": "LineString", "coordinates": [ [ 77.2096078, 28.6454248 ], [ 77.209873, 28.6453821 ], [ 77.210977, 28.6451683 ], [ 77.2125531, 28.6449207 ], [ 77.2133084, 28.6447876 ], [ 77.2133465, 28.6449559 ] ] } },
{ "type": "Feature", "properties": { "name": "Arterial Link", "highway": "residential", "slope_pct": 0.6 }, "geometry": { "type": "LineString", "coordinates": [ [ 77.2124486, 28.6444579 ], [ 77.2108782, 28.6447271 ], [ 77.2097798, 28.6449373 ] ] } },
{ "type": "Feature", "properties": { "name": "Gali Number 6", "highway": "residential", "slope_pct": 0.6 }, "geometry": { "type": "LineString", "coordinates": [ [ 77.2093432, 28.6443873 ], [ 77.2096363, 28.644307 ], [ 77.2101848, 28.6441841 ], [ 77.2107446, 28.6440925 ], [ 77.2120331, 28.6438562 ], [ 77.2123467, 28.6438333 ] ] } },
{ "type": "Feature", "properties": { "name": "Arterial Link", "highway": "residential", "slope_pct": 0.6 }, "geometry": { "type": "LineString", "coordinates": [ [ 77.2097314, 28.6447245 ], [ 77.2108324, 28.6445211 ], [ 77.2124303, 28.6442542 ] ] } },
{ "type": "Feature", "properties": { "name": "Galli Number 7", "highway": "residential", "slope_pct": 0.6 }, "geometry": { "type": "LineString", "coordinates": [ [ 77.2131273, 28.6468924 ], [ 77.2128538, 28.6469465 ], [ 77.2115013, 28.6472144 ], [ 77.210145, 28.6474903 ] ] } },
{ "type": "Feature", "properties": { "name": "Galli Number 1", "highway": "residential", "slope_pct": 0.6 }, "geometry": { "type": "LineString", "coordinates": [ [ 77.2098104, 28.6461934 ], [ 77.2111585, 28.645909 ], [ 77.2120839, 28.6457311 ], [ 77.2127428, 28.6456045 ] ] } },
{ "type": "Feature", "properties": { "name": "Arterial Link", "highway": "residential", "slope_pct": 0.6 }, "geometry": { "type": "LineString", "coordinates": [ [ 77.2142329, 28.6451915 ], [ 77.2140411, 28.6452516 ], [ 77.2138748, 28.6452986 ], [ 77.2135497, 28.6453809 ], [ 77.2133633, 28.6454325 ], [ 77.2132021, 28.6454768 ], [ 77.2130438, 28.6455211 ], [ 77.2128891, 28.645564 ], [ 77.2127428, 28.6456045 ] ] } },
{ "type": "Feature", "properties": { "name": "Galli Number 3", "highway": "residential", "slope_pct": 0.6 }, "geometry": { "type": "LineString", "coordinates": [ [ 77.2087958, 28.6468144 ], [ 77.2098313, 28.6466533 ], [ 77.2099164, 28.6466372 ], [ 77.2112752, 28.6463481 ], [ 77.2128497, 28.646067 ] ] } },
{ "type": "Feature", "properties": { "name": "Galli Number 2", "highway": "residential", "slope_pct": 0.6 }, "geometry": { "type": "LineString", "coordinates": [ [ 77.2098682, 28.6464199 ], [ 77.2104118, 28.6462884 ], [ 77.2112169, 28.6461307 ], [ 77.2121358, 28.6459495 ], [ 77.2127953, 28.6458195 ] ] } },
{ "type": "Feature", "properties": { "name": "Galli Number 6", "highway": "residential", "slope_pct": 0.6 }, "geometry": { "type": "LineString", "coordinates": [ [ 77.2090082, 28.6474778 ], [ 77.2100043, 28.647283 ], [ 77.2100888, 28.6472647 ], [ 77.2114519, 28.6469984 ], [ 77.2130362, 28.6466849 ] ] } },
{ "type": "Feature", "properties": { "name": "Galli Number 4", "highway": "residential", "slope_pct": 0.6 }, "geometry": { "type": "LineString", "coordinates": [ [ 77.2099723, 28.6468452 ], [ 77.2113297, 28.6465545 ], [ 77.2129021, 28.6462474 ] ] } },
{ "type": "Feature", "properties": { "name": "Arterial Link", "highway": "residential", "slope_pct": 0.6 }, "geometry": { "type": "LineString", "coordinates": [ [ 77.2135212, 28.6466665 ], [ 77.2137666, 28.6466007 ] ] } },
{ "type": "Feature", "properties": { "name": "Arterial Link", "highway": "residential", "slope_pct": 0.6 }, "geometry": { "type": "LineString", "coordinates": [ [ 77.2134208, 28.646425 ], [ 77.2134787, 28.6465116 ], [ 77.2135103, 28.6466025 ], [ 77.2135212, 28.6466665 ], [ 77.2135456, 28.6467977 ] ] } },
{ "type": "Feature", "properties": { "name": "Arterial Link", "highway": "residential", "slope_pct": 0.6 }, "geometry": { "type": "LineString", "coordinates": [ [ 77.2125066, 28.6489756 ], [ 77.2129524, 28.648811 ], [ 77.2131438, 28.6487792 ], [ 77.2133111, 28.6487829 ], [ 77.2133927, 28.6487904 ], [ 77.2135459, 28.648792 ], [ 77.2136953, 28.6487675 ], [ 77.2138377, 28.6486978 ], [ 77.2140112, 28.6485743 ], [ 77.2140715, 28.6485498 ] ] } },
{ "type": "Feature", "properties": { "name": "Galli Number 8", "highway": "residential", "slope_pct": 0.6 }, "geometry": { "type": "LineString", "coordinates": [ [ 77.2128538, 28.6469465 ], [ 77.2128801, 28.6471086 ], [ 77.2128673, 28.6471388 ], [ 77.2128444, 28.6471585 ], [ 77.2115624, 28.6474081 ], [ 77.2101967, 28.6476837 ] ] } },
{ "type": "Feature", "properties": { "name": "Galli Number 10", "highway": "residential", "slope_pct": 0.6 }, "geometry": { "type": "LineString", "coordinates": [ [ 77.2117144, 28.6478392 ], [ 77.2117199, 28.6478381 ], [ 77.2119371, 28.6478068 ], [ 77.2125033, 28.6477293 ], [ 77.2126976, 28.6476998 ], [ 77.2127931, 28.6476802 ], [ 77.2128663, 28.6476391 ], [ 77.2129415, 28.647566 ], [ 77.2129964, 28.6474608 ], [ 77.2130663, 28.6473444 ], [ 77.2131547, 28.6472667 ], [ 77.2132716, 28.6472103 ] ] } },
{ "type": "Feature", "properties": { "name": "Galli Number 9", "highway": "residential", "slope_pct": 0.6 }, "geometry": { "type": "LineString", "coordinates": [ [ 77.2102449, 28.6479056 ], [ 77.2116118, 28.6476204 ], [ 77.2127729, 28.6473969 ] ] } },
{ "type": "Feature", "properties": { "name": "Arterial Link", "highway": "residential", "slope_pct": 0.6 }, "geometry": { "type": "LineString", "coordinates": [ [ 77.2127233, 28.6436808 ], [ 77.212787, 28.6443824 ] ] } },
{ "type": "Feature", "properties": { "name": "Arterial Link", "highway": "residential", "slope_pct": 0.6 }, "geometry": { "type": "LineString", "coordinates": [ [ 77.2132991, 28.6447469 ], [ 77.2142011, 28.6444612 ] ] } },
{ "type": "Feature", "properties": { "name": "Arterial Link", "highway": "residential", "slope_pct": 0.6 }, "geometry": { "type": "LineString", "coordinates": [ [ 77.2133084, 28.6447876 ], [ 77.2132991, 28.6447469 ], [ 77.2130394, 28.6436562 ] ] } },
{ "type": "Feature", "properties": { "name": "Arterial Link", "highway": "residential", "slope_pct": 0.6 }, "geometry": { "type": "LineString", "coordinates": [ [ 77.2142722, 28.6446642 ], [ 77.2142011, 28.6444612 ], [ 77.2138683, 28.6435105 ] ] } },
{ "type": "Feature", "properties": { "name": "Arterial Link", "highway": "residential", "slope_pct": 0.6 }, "geometry": { "type": "LineString", "coordinates": [ [ 77.213646, 28.6478809 ], [ 77.2135431, 28.6478967 ], [ 77.2133908, 28.6479139 ], [ 77.2132267, 28.6479293 ], [ 77.2129186, 28.6479583 ] ] } },
{ "type": "Feature", "properties": { "name": "Arterial Link", "highway": "residential", "slope_pct": 0.6 }, "geometry": { "type": "LineString", "coordinates": [ [ 77.2133359, 28.6490538 ], [ 77.2128907, 28.6490627 ] ] } },
{ "type": "Feature", "properties": { "name": "Arterial Link", "highway": "residential", "slope_pct": 0.6 }, "geometry": { "type": "LineString", "coordinates": [ [ 77.2117665, 28.6487607 ], [ 77.2118618, 28.6487859 ], [ 77.2119409, 28.6487953 ], [ 77.2120374, 28.6487953 ], [ 77.2121461, 28.6487741 ], [ 77.2123303, 28.6487205 ] ] } },
{ "type": "Feature", "properties": { "name": "Arterial Link", "highway": "residential", "slope_pct": 0.6 }, "geometry": { "type": "LineString", "coordinates": [ [ 77.2122522, 28.6483135 ], [ 77.2125582, 28.648249 ], [ 77.2128384, 28.6481998 ], [ 77.2132587, 28.6481322 ] ] } },
{ "type": "Feature", "properties": { "name": "Arterial Link", "highway": "residential", "slope_pct": 0.6 }, "geometry": { "type": "LineString", "coordinates": [ [ 77.2121599, 28.6484658 ], [ 77.2122547, 28.6484117 ], [ 77.212278, 28.6483832 ], [ 77.2122788, 28.6483563 ], [ 77.2122522, 28.6483135 ], [ 77.2119371, 28.6478068 ] ] } },
{ "type": "Feature", "properties": { "name": "Arya Nagar Road;Sang Trashan Marg", "highway": "residential", "slope_pct": 0.6 }, "geometry": { "type": "LineString", "coordinates": [ [ 77.212673, 28.6452959 ], [ 77.2126897, 28.6453695 ], [ 77.2127428, 28.6456045 ], [ 77.2127953, 28.6458195 ], [ 77.2128373, 28.6460097 ], [ 77.2128497, 28.646067 ], [ 77.2129021, 28.6462474 ], [ 77.2129735, 28.6464753 ], [ 77.2130362, 28.6466849 ], [ 77.2131273, 28.6468924 ], [ 77.2132207, 28.6471326 ] ] } },
{ "type": "Feature", "properties": { "name": "Deshbandhu Gupta Road", "highway": "secondary", "slope_pct": 0.6 }, "geometry": { "type": "LineString", "coordinates": [ [ 77.2126245, 28.6451895 ], [ 77.2110464, 28.6454785 ] ] } },
{ "type": "Feature", "properties": { "name": "Deshbandhu Gupta Road", "highway": "secondary", "slope_pct": 0.6 }, "geometry": { "type": "LineString", "coordinates": [ [ 77.2110735, 28.6455874 ], [ 77.212673, 28.6452959 ] ] } },
{ "type": "Feature", "properties": { "name": "Arterial Link", "highway": "residential", "slope_pct": 0.6 }, "geometry": { "type": "LineString", "coordinates": [ [ 77.2134154, 28.6468328 ], [ 77.2131273, 28.6468924 ] ] } },
{ "type": "Feature", "properties": { "name": "Tilak Gali", "highway": "residential", "slope_pct": 0.6 }, "geometry": { "type": "LineString", "coordinates": [ [ 77.2107027, 28.643877 ], [ 77.2120531, 28.6436195 ], [ 77.2123954, 28.6436371 ], [ 77.2127233, 28.6436808 ], [ 77.2128965, 28.6436753 ], [ 77.2130394, 28.6436562 ], [ 77.2138683, 28.6435105 ], [ 77.2142146, 28.6434429 ], [ 77.2145679, 28.6433514 ], [ 77.2150848, 28.6432255 ], [ 77.2161447, 28.6429672 ], [ 77.2165886, 28.64287 ], [ 77.2167314, 28.6428388 ], [ 77.2170961, 28.6427693 ], [ 77.217125, 28.6427674 ], [ 77.2171508, 28.64278 ], [ 77.2171751, 28.6428134 ], [ 77.2171936, 28.6428335 ], [ 77.2172289, 28.6428352 ], [ 77.217581, 28.6427792 ], [ 77.2177668, 28.6427753 ], [ 77.2179291, 28.642791 ], [ 77.2180907, 28.6428155 ], [ 77.2182369, 28.6428336 ] ] } },
{ "type": "Feature", "properties": { "name": "Arterial Link", "highway": "residential", "slope_pct": 0.6 }, "geometry": { "type": "LineString", "coordinates": [ [ 77.2145499, 28.6460154 ], [ 77.2143874, 28.6455785 ], [ 77.2142329, 28.6451915 ], [ 77.2140903, 28.6448221 ] ] } },
{ "type": "Feature", "properties": { "name": "Deshbandhu Gupta Road", "highway": "secondary", "slope_pct": 0.6 }, "geometry": { "type": "LineString", "coordinates": [ [ 77.2153246, 28.6443551 ], [ 77.2149173, 28.6444733 ], [ 77.2142722, 28.6446642 ], [ 77.2140934, 28.6447171 ], [ 77.2133465, 28.6449559 ], [ 77.2126245, 28.6451895 ] ] } },
{ "type": "Feature", "properties": { "name": "Arakashan Road", "highway": "residential", "slope_pct": 0.6 }, "geometry": { "type": "LineString", "coordinates": [ [ 77.2178911, 28.6455788 ], [ 77.2175942, 28.6456721 ], [ 77.2173101, 28.6456943 ], [ 77.2168466, 28.6457498 ], [ 77.2167036, 28.6457857 ], [ 77.2165509, 28.6458116 ], [ 77.2160459, 28.645825 ], [ 77.2159499, 28.6458276 ], [ 77.2156455, 28.6458673 ], [ 77.2152378, 28.6459236 ], [ 77.2151977, 28.6459259 ], [ 77.2145499, 28.6460154 ], [ 77.2143494, 28.6460427 ], [ 77.2141694, 28.6460672 ], [ 77.2139367, 28.6461004 ], [ 77.2137477, 28.6461362 ], [ 77.2136612, 28.6461609 ], [ 77.2135817, 28.6462082 ], [ 77.2135266, 28.646254 ], [ 77.2134639, 28.646359 ], [ 77.2134208, 28.646425 ], [ 77.2133397, 28.6465521 ], [ 77.2132712, 28.6466209 ], [ 77.213182, 28.6466594 ], [ 77.2130362, 28.6466849 ] ] } },
{ "type": "Feature", "properties": { "name": "Arterial Link", "highway": "residential", "slope_pct": 0.6 }, "geometry": { "type": "LineString", "coordinates": [ [ 77.2146699, 28.6486735 ], [ 77.2144931, 28.6486388 ], [ 77.2142702, 28.6485784 ], [ 77.214151, 28.6485573 ], [ 77.2140715, 28.6485498 ], [ 77.213972, 28.6483872 ], [ 77.2139383, 28.6483665 ], [ 77.2138927, 28.648353 ], [ 77.2138618, 28.6483286 ], [ 77.213738, 28.6480619 ], [ 77.213646, 28.6478809 ], [ 77.2136052, 28.6478119 ], [ 77.2135599, 28.6477352 ], [ 77.2134606, 28.6475587 ], [ 77.2132716, 28.6472103 ], [ 77.2132207, 28.6471326 ] ] } },
{ "type": "Feature", "properties": { "name": "Arya Nagar Road", "highway": "residential", "slope_pct": 0.6 }, "geometry": { "type": "LineString", "coordinates": [ [ 77.2132207, 28.6471326 ], [ 77.2135669, 28.6471606 ], [ 77.2139438, 28.6472132 ], [ 77.2143685, 28.6472949 ], [ 77.2147578, 28.6473906 ], [ 77.2148903, 28.6474125 ], [ 77.2150344, 28.6474233 ], [ 77.2151899, 28.6474343 ], [ 77.2155625, 28.6474354 ], [ 77.2156964, 28.6474285 ], [ 77.2160132, 28.6474126 ], [ 77.2163388, 28.6473819 ], [ 77.2167419, 28.6473714 ], [ 77.2173156, 28.6473565 ], [ 77.217836, 28.6473646 ] ] } },
{ "type": "Feature", "properties": { "name": "Arterial Link", "highway": "residential", "slope_pct": 0.6 }, "geometry": { "type": "LineString", "coordinates": [ [ 77.21478, 28.6446264 ], [ 77.2149396, 28.6449691 ], [ 77.2147572, 28.6450279 ], [ 77.2145326, 28.6451027 ], [ 77.2142329, 28.6451915 ] ] } },
{ "type": "Feature", "properties": { "name": "Ram Nagar Street", "highway": "residential", "slope_pct": 0.6 }, "geometry": { "type": "LineString", "coordinates": [ [ 77.2159993, 28.6462341 ], [ 77.2157758, 28.6462789 ], [ 77.2155789, 28.6463078 ], [ 77.2154179, 28.6463202 ], [ 77.2152714, 28.6463633 ], [ 77.215207, 28.6464004 ], [ 77.2149698, 28.646487 ], [ 77.2149213, 28.6465014 ], [ 77.2148129, 28.6465335 ], [ 77.2144915, 28.6466145 ] ] } },
{ "type": "Feature", "properties": { "name": "Arterial Link", "highway": "residential", "slope_pct": 0.6 }, "geometry": { "type": "LineString", "coordinates": [ [ 77.2130261, 28.6496418 ], [ 77.2131358, 28.6495759 ], [ 77.2132139, 28.6495164 ], [ 77.2132983, 28.6494598 ], [ 77.2133685, 28.6494055 ], [ 77.2133885, 28.6493744 ], [ 77.2133869, 28.6493258 ], [ 77.2133501, 28.6491786 ], [ 77.2133359, 28.6490538 ], [ 77.2133501, 28.6489592 ], [ 77.2133927, 28.6487904 ], [ 77.2134149, 28.6486287 ], [ 77.2134149, 28.6485417 ], [ 77.2133954, 28.6484439 ], [ 77.2133706, 28.6483662 ], [ 77.2133521, 28.6483447 ], [ 77.2133227, 28.6483304 ], [ 77.2133044, 28.6483019 ], [ 77.2132745, 28.648201 ], [ 77.2132587, 28.6481322 ], [ 77.2132267, 28.6479293 ] ] } },
{ "type": "Feature", "properties": { "name": "Arterial Link", "highway": "residential", "slope_pct": 0.6 }, "geometry": { "type": "LineString", "coordinates": [ [ 77.215249, 28.6462337 ], [ 77.2148726, 28.6463143 ], [ 77.2144784, 28.6463835 ], [ 77.2144653, 28.6463969 ], [ 77.2144571, 28.6464209 ], [ 77.2144612, 28.6464504 ], [ 77.2144915, 28.6466145 ] ] } },
{ "type": "Feature", "properties": { "name": "Arterial Link", "highway": "residential", "slope_pct": 0.6 }, "geometry": { "type": "LineString", "coordinates": [ [ 77.2140602, 28.6478251 ], [ 77.2140351, 28.6477152 ], [ 77.2140397, 28.6476886 ], [ 77.2140666, 28.6476732 ], [ 77.2142335, 28.6476343 ], [ 77.2144857, 28.6475718 ], [ 77.2147191, 28.6475199 ], [ 77.2148488, 28.6474939 ], [ 77.2148704, 28.6474803 ], [ 77.2148801, 28.6474578 ], [ 77.2148903, 28.6474125 ] ] } },
{ "type": "Feature", "properties": { "name": "Arterial Link", "highway": "residential", "slope_pct": 0.6 }, "geometry": { "type": "LineString", "coordinates": [ [ 77.2148474, 28.6481969 ], [ 77.2147062, 28.6481598 ], [ 77.2145934, 28.6481363 ], [ 77.214473, 28.6481198 ], [ 77.2144068, 28.6481009 ], [ 77.2143297, 28.6480604 ], [ 77.214245, 28.6480022 ], [ 77.2141788, 28.6479657 ], [ 77.2141279, 28.6479319 ], [ 77.2140872, 28.6478828 ], [ 77.2140602, 28.6478251 ], [ 77.2140047, 28.6477873 ], [ 77.2139246, 28.6477751 ], [ 77.2138337, 28.6477765 ], [ 77.2136052, 28.6478119 ] ] } },
{ "type": "Feature", "properties": { "name": "Deshbandhu Gupta Road", "highway": "secondary", "slope_pct": 0.6 }, "geometry": { "type": "LineString", "coordinates": [ [ 77.212673, 28.6452959 ], [ 77.2134158, 28.6450476 ], [ 77.2140903, 28.6448221 ], [ 77.21478, 28.6446264 ], [ 77.2153723, 28.6444584 ] ] } },
{ "type": "Feature", "properties": { "name": "Nabi Karim Road", "highway": "residential", "slope_pct": 0.6 }, "geometry": { "type": "LineString", "coordinates": [ [ 77.2117199, 28.6478381 ], [ 77.2117456, 28.6478746 ], [ 77.2117709, 28.647898 ], [ 77.2118028, 28.6479283 ], [ 77.2121599, 28.6484658 ], [ 77.2122981, 28.6486738 ], [ 77.2123303, 28.6487205 ], [ 77.2125066, 28.6489756 ], [ 77.212666, 28.6491904 ], [ 77.2130261, 28.6496418 ], [ 77.2132145, 28.6498783 ], [ 77.2133533, 28.6500724 ], [ 77.2134945, 28.6503261 ] ] } },
{ "type": "Feature", "properties": { "name": "Arterial Link", "highway": "residential", "slope_pct": 0.6 }, "geometry": { "type": "LineString", "coordinates": [ [ 77.2142395, 28.6501708 ], [ 77.2142394, 28.6500553 ], [ 77.2142475, 28.6500102 ], [ 77.2142744, 28.6499693 ], [ 77.2143036, 28.6499283 ], [ 77.2143258, 28.6498699 ], [ 77.2143339, 28.6498053 ], [ 77.2143409, 28.6495799 ] ] } },
{ "type": "Feature", "properties": { "name": "Babu Ram Solanki Marg", "highway": "secondary", "slope_pct": 0.6 }, "geometry": { "type": "LineString", "coordinates": [ [ 77.218022, 28.6441051 ], [ 77.218021, 28.6441805 ], [ 77.2180093, 28.6444029 ], [ 77.2179722, 28.6445053 ], [ 77.217946, 28.6447214 ], [ 77.2179413, 28.6447615 ], [ 77.2179277, 28.6448773 ], [ 77.2178965, 28.6453015 ], [ 77.2178965, 28.6453805 ], [ 77.2178911, 28.6455788 ], [ 77.2178662, 28.6457028 ], [ 77.2178741, 28.646056 ], [ 77.2178707, 28.6461712 ], [ 77.2178673, 28.6463133 ], [ 77.2178589, 28.646697 ], [ 77.2178549, 28.6468491 ], [ 77.217836, 28.6473646 ], [ 77.2178205, 28.6477783 ], [ 77.2178089, 28.6480891 ], [ 77.2177592, 28.6486011 ] ] } },
{ "type": "Feature", "properties": { "name": "Arterial Link", "highway": "residential", "slope_pct": 0.6 }, "geometry": { "type": "LineString", "coordinates": [ [ 77.2177592, 28.6486011 ], [ 77.2167062, 28.6486627 ], [ 77.2164186, 28.6478814 ] ] } },
{ "type": "Feature", "properties": { "name": "Arterial Link", "highway": "secondary_link", "slope_pct": 0.6 }, "geometry": { "type": "LineString", "coordinates": [ [ 77.218022, 28.6441051 ], [ 77.2177163, 28.6440822 ], [ 77.2174744, 28.6440699 ], [ 77.2167774, 28.6440324 ], [ 77.2166858, 28.6440275 ], [ 77.2162567, 28.644084 ], [ 77.2157217, 28.644183 ], [ 77.2155232, 28.6442691 ], [ 77.2153246, 28.6443551 ] ] } },
{ "type": "Feature", "properties": { "name": "New Delhi Railway Station Flyover", "highway": "secondary", "slope_pct": 0.6 }, "geometry": { "type": "LineString", "coordinates": [ [ 77.2156867, 28.6443739 ], [ 77.2162351, 28.6442598 ], [ 77.2166641, 28.6442096 ], [ 77.2169486, 28.6442123 ], [ 77.2172664, 28.6442217 ], [ 77.217717, 28.6442753 ] ] } },
{ "type": "Feature", "properties": { "name": "New Delhi Railway Station Flyover", "highway": "secondary", "slope_pct": 0.6 }, "geometry": { "type": "LineString", "coordinates": [ [ 77.2177623, 28.644181 ], [ 77.2172919, 28.6441346 ], [ 77.2169647, 28.6441229 ], [ 77.2166348, 28.6441276 ], [ 77.2162271, 28.6441747 ], [ 77.2156664, 28.644295 ] ] } },
{ "type": "Feature", "properties": { "name": "Arterial Link", "highway": "residential", "slope_pct": 0.6 }, "geometry": { "type": "LineString", "coordinates": [ [ 77.2152447, 28.6486229 ], [ 77.2159225, 28.6485561 ] ] } },
{ "type": "Feature", "properties": { "name": "Arterial Link", "highway": "residential", "slope_pct": 0.6 }, "geometry": { "type": "LineString", "coordinates": [ [ 77.2149154, 28.6490658 ], [ 77.2153221, 28.6488933 ] ] } },
{ "type": "Feature", "properties": { "name": "Ram Nagar Street", "highway": "residential", "slope_pct": 0.6 }, "geometry": { "type": "LineString", "coordinates": [ [ 77.2159993, 28.6462341 ], [ 77.2160695, 28.6462313 ], [ 77.2163223, 28.6462458 ], [ 77.2164309, 28.6462519 ], [ 77.2167505, 28.6462627 ], [ 77.2169629, 28.6462833 ], [ 77.2171929, 28.6462969 ], [ 77.2176377, 28.6463124 ], [ 77.2178673, 28.6463133 ] ] } },
{ "type": "Feature", "properties": { "name": "Arterial Link", "highway": "residential", "slope_pct": 0.6 }, "geometry": { "type": "LineString", "coordinates": [ [ 77.2175942, 28.6456721 ], [ 77.2176186, 28.6458025 ], [ 77.2176326, 28.6459601 ], [ 77.2176396, 28.6461295 ], [ 77.2176377, 28.6463124 ], [ 77.2176103, 28.6464986 ], [ 77.2175591, 28.6466872 ] ] } },
{ "type": "Feature", "properties": { "name": "Arterial Link", "highway": "residential", "slope_pct": 0.6 }, "geometry": { "type": "LineString", "coordinates": [ [ 77.2160301, 28.6466026 ], [ 77.216297, 28.646619 ], [ 77.2167182, 28.6466422 ], [ 77.2169468, 28.6466548 ], [ 77.2171662, 28.6466669 ], [ 77.2175591, 28.6466872 ] ] } },
{ "type": "Feature", "properties": { "name": "Arterial Link", "highway": "secondary_link", "slope_pct": 0.6 }, "geometry": { "type": "LineString", "coordinates": [ [ 77.2153723, 28.6444584 ], [ 77.2157335, 28.6444584 ], [ 77.2158101, 28.6444584 ], [ 77.2162836, 28.6443869 ], [ 77.21669, 28.6443557 ], [ 77.2171713, 28.6443771 ], [ 77.2179722, 28.6445053 ] ] } },
{ "type": "Feature", "properties": { "name": "Arterial Link", "highway": "residential", "slope_pct": 0.6 }, "geometry": { "type": "LineString", "coordinates": [ [ 77.2145326, 28.6451027 ], [ 77.2146498, 28.6453933 ], [ 77.2147666, 28.645687 ] ] } },
{ "type": "Feature", "properties": { "name": "Arterial Link", "highway": "residential", "slope_pct": 0.6 }, "geometry": { "type": "LineString", "coordinates": [ [ 77.2149396, 28.6449691 ], [ 77.2150384, 28.6452125 ], [ 77.2151125, 28.6454005 ], [ 77.2151761, 28.6455923 ], [ 77.2151989, 28.6456796 ], [ 77.2152197, 28.6457956 ], [ 77.2152378, 28.6459236 ] ] } },
{ "type": "Feature", "properties": { "name": "Arterial Link", "highway": "secondary", "slope_pct": 0.6 }, "geometry": { "type": "LineString", "coordinates": [ [ 77.2179722, 28.6445053 ], [ 77.2180665, 28.6445146 ] ] } },
{ "type": "Feature", "properties": { "name": "Arterial Link", "highway": "residential", "slope_pct": 0.6 }, "geometry": { "type": "LineString", "coordinates": [ [ 77.2151977, 28.6459259 ], [ 77.215249, 28.6462337 ], [ 77.2152714, 28.6463633 ] ] } },
{ "type": "Feature", "properties": { "name": "Arterial Link", "highway": "residential", "slope_pct": 0.6 }, "geometry": { "type": "LineString", "coordinates": [ [ 77.2157767, 28.6481667 ], [ 77.2162244, 28.6479941 ] ] } },
{ "type": "Feature", "properties": { "name": "Arterial Link", "highway": "residential", "slope_pct": 0.6 }, "geometry": { "type": "LineString", "coordinates": [ [ 77.2177592, 28.6486011 ], [ 77.2178756, 28.6486032 ] ] } },
{ "type": "Feature", "properties": { "name": "Arterial Link", "highway": "secondary", "slope_pct": 0.6 }, "geometry": { "type": "LineString", "coordinates": [ [ 77.2178089, 28.6480891 ], [ 77.2179103, 28.648086 ] ] } },
{ "type": "Feature", "properties": { "name": "Arterial Link", "highway": "residential", "slope_pct": 0.6 }, "geometry": { "type": "LineString", "coordinates": [ [ 77.2156964, 28.6474285 ], [ 77.2156355, 28.6469123 ] ] } },
{ "type": "Feature", "properties": { "name": "Arterial Link", "highway": "residential", "slope_pct": 0.6 }, "geometry": { "type": "LineString", "coordinates": [ [ 77.2148704, 28.6474803 ], [ 77.2149226, 28.647523 ], [ 77.2149633, 28.6475758 ], [ 77.2150004, 28.647669 ], [ 77.2150551, 28.6479447 ] ] } },
{ "type": "Feature", "properties": { "name": "Arterial Link", "highway": "residential", "slope_pct": 0.6 }, "geometry": { "type": "LineString", "coordinates": [ [ 77.2156594, 28.6479854 ], [ 77.2155055, 28.6480387 ], [ 77.2153342, 28.6480847 ], [ 77.2152171, 28.6481023 ], [ 77.2151835, 28.648095 ], [ 77.2151664, 28.6480718 ], [ 77.2151461, 28.6479891 ], [ 77.2151313, 28.6479642 ], [ 77.215101, 28.6479478 ], [ 77.2150551, 28.6479447 ], [ 77.2148304, 28.6479684 ] ] } },
{ "type": "Feature", "properties": { "name": "Arterial Link", "highway": "residential", "slope_pct": 0.6 }, "geometry": { "type": "LineString", "coordinates": [ [ 77.2150841, 28.6486469 ], [ 77.2150291, 28.6485275 ], [ 77.2149914, 28.6484603 ], [ 77.2149661, 28.6484151 ], [ 77.2148787, 28.6482742 ], [ 77.2148474, 28.6481969 ], [ 77.2148258, 28.6480752 ], [ 77.2148304, 28.6479684 ], [ 77.2148504, 28.6477589 ], [ 77.2148359, 28.6477031 ], [ 77.2148005, 28.6476674 ], [ 77.2147562, 28.6476239 ], [ 77.2147279, 28.6475711 ], [ 77.2147191, 28.6475199 ] ] } },
{ "type": "Feature", "properties": { "name": "Arterial Link", "highway": "residential", "slope_pct": 0.6 }, "geometry": { "type": "LineString", "coordinates": [ [ 77.2178589, 28.646697 ], [ 77.2179508, 28.6466959 ] ] } },
{ "type": "Feature", "properties": { "name": "Arakashan Road", "highway": "residential", "slope_pct": 0.6 }, "geometry": { "type": "LineString", "coordinates": [ [ 77.2179547, 28.6455753 ], [ 77.2178911, 28.6455788 ] ] } },
{ "type": "Feature", "properties": { "name": "Arterial Link", "highway": "residential", "slope_pct": 0.6 }, "geometry": { "type": "LineString", "coordinates": [ [ 77.2178673, 28.6463133 ], [ 77.2179704, 28.6463196 ] ] } },
{ "type": "Feature", "properties": { "name": "Arterial Link", "highway": "secondary_link", "slope_pct": 0.6 }, "geometry": { "type": "LineString", "coordinates": [ [ 77.2178205, 28.6477783 ], [ 77.2179234, 28.647781 ] ] } },
{ "type": "Feature", "properties": { "name": "Arterial Link", "highway": "residential", "slope_pct": 0.6 }, "geometry": { "type": "LineString", "coordinates": [ [ 77.2175591, 28.6466872 ], [ 77.2174343, 28.6468843 ], [ 77.2173235, 28.6470242 ], [ 77.2172812, 28.6471229 ], [ 77.2172784, 28.6472335 ], [ 77.2173156, 28.6473565 ] ] } },
{ "type": "Feature", "properties": { "name": "Arterial Link", "highway": "residential", "slope_pct": 0.6 }, "geometry": { "type": "LineString", "coordinates": [ [ 77.2152172, 28.6465628 ], [ 77.215207, 28.6464004 ] ] } },
{ "type": "Feature", "properties": { "name": "Arterial Link", "highway": "residential", "slope_pct": 0.6 }, "geometry": { "type": "LineString", "coordinates": [ [ 77.2152172, 28.6465628 ], [ 77.2154566, 28.6465728 ], [ 77.2158343, 28.6465924 ], [ 77.2160301, 28.6466026 ] ] } },
{ "type": "Feature", "properties": { "name": "Arterial Link", "highway": "residential", "slope_pct": 0.6 }, "geometry": { "type": "LineString", "coordinates": [ [ 77.2148726, 28.6463143 ], [ 77.2149213, 28.6465014 ] ] } },
{ "type": "Feature", "properties": { "name": "New Delhi Railway Station Flyover", "highway": "secondary", "slope_pct": 0.6 }, "geometry": { "type": "LineString", "coordinates": [ [ 77.2153723, 28.6444584 ], [ 77.2156867, 28.6443739 ] ] } },
{ "type": "Feature", "properties": { "name": "New Delhi Railway Station Flyover", "highway": "secondary", "slope_pct": 0.6 }, "geometry": { "type": "LineString", "coordinates": [ [ 77.2156664, 28.644295 ], [ 77.2153246, 28.6443551 ] ] } },
{ "type": "Feature", "properties": { "name": "Arterial Link", "highway": "secondary_link", "slope_pct": 0.6 }, "geometry": { "type": "LineString", "coordinates": [ [ 77.2181099, 28.6441158 ], [ 77.218022, 28.6441051 ] ] } },
{ "type": "Feature", "properties": { "name": "Asaf Ali Road", "highway": "secondary", "slope_pct": 0.6 }, "geometry": { "type": "LineString", "coordinates": [ [ 77.2261436, 28.6445705 ], [ 77.2260575, 28.6446237 ], [ 77.2250477, 28.645143 ], [ 77.2248075, 28.6452665 ], [ 77.2246625, 28.6453071 ], [ 77.2245509, 28.6453059 ], [ 77.2240232, 28.6452425 ] ] } },
{ "type": "Feature", "properties": { "name": "New Delhi Railway Station Flyover", "highway": "secondary", "slope_pct": 0.6 }, "geometry": { "type": "LineString", "coordinates": [ [ 77.223311, 28.645127 ], [ 77.2212906, 28.6447973 ] ] } },
{ "type": "Feature", "properties": { "name": "Arterial Link", "highway": "residential", "slope_pct": 0.6 }, "geometry": { "type": "LineString", "coordinates": [ [ 77.2241641, 28.6464634 ], [ 77.224206, 28.6461239 ], [ 77.2242388, 28.6459602 ], [ 77.2244158, 28.6457036 ], [ 77.2246625, 28.6453071 ] ] } },
{ "type": "Feature", "properties": { "name": "Arterial Link", "highway": "secondary_link", "slope_pct": 0.6 }, "geometry": { "type": "LineString", "coordinates": [ [ 77.2243346, 28.6439347 ], [ 77.2242415, 28.6439456 ], [ 77.2241478, 28.6439408 ], [ 77.2240568, 28.6439204 ], [ 77.2239719, 28.6438853 ], [ 77.2238962, 28.6438366 ], [ 77.2238323, 28.6437762 ], [ 77.2238002, 28.6437346 ] ] } },
{ "type": "Feature", "properties": { "name": "New Delhi Railway Station Flyover", "highway": "secondary", "slope_pct": 0.6 }, "geometry": { "type": "LineString", "coordinates": [ [ 77.22125, 28.6448795 ], [ 77.2232485, 28.6452071 ], [ 77.2232804, 28.6452117 ] ] } },
{ "type": "Feature", "properties": { "name": "Jawaharlal Nehru Marg", "highway": "secondary", "slope_pct": 0.6 }, "geometry": { "type": "LineString", "coordinates": [ [ 77.2237611, 28.6446605 ], [ 77.2237688, 28.6446166 ], [ 77.2238076, 28.6444948 ], [ 77.2238343, 28.6444411 ], [ 77.223866, 28.6443877 ], [ 77.2239022, 28.6443418 ], [ 77.2239491, 28.6442847 ], [ 77.2240343, 28.6442086 ], [ 77.2241045, 28.6441536 ], [ 77.2241637, 28.6441113 ], [ 77.2246492, 28.6439059 ], [ 77.2253168, 28.6435769 ], [ 77.226674, 28.6428735 ], [ 77.226731, 28.642844 ], [ 77.2267746, 28.6428214 ] ] } },
{ "type": "Feature", "properties": { "name": "Jawaharlal Nehru Marg", "highway": "secondary", "slope_pct": 0.6 }, "geometry": { "type": "LineString", "coordinates": [ [ 77.2239601, 28.6441445 ], [ 77.2239141, 28.6441834 ], [ 77.2238439, 28.6442606 ], [ 77.2237746, 28.644354 ], [ 77.2237096, 28.6445266 ], [ 77.223645, 28.6447693 ], [ 77.2235954, 28.6449451 ] ] } },
{ "type": "Feature", "properties": { "name": "Arterial Link", "highway": "secondary", "slope_pct": 0.6 }, "geometry": { "type": "LineString", "coordinates": [ [ 77.2235954, 28.6449451 ], [ 77.223574, 28.645049 ], [ 77.2235553, 28.6451529 ], [ 77.223541, 28.6452401 ] ] } },
{ "type": "Feature", "properties": { "name": "Gali Kucha Pati Ram", "highway": "residential", "slope_pct": 0.6 }, "geometry": { "type": "LineString", "coordinates": [ [ 77.2267005, 28.6466706 ], [ 77.2267597, 28.6470126 ], [ 77.2268152, 28.647288 ], [ 77.2269055, 28.6475418 ], [ 77.2270296, 28.647827 ], [ 77.2271863, 28.6481502 ], [ 77.2274671, 28.6486695 ] ] } },
{ "type": "Feature", "properties": { "name": "Arterial Link", "highway": "residential", "slope_pct": 0.6 }, "geometry": { "type": "LineString", "coordinates": [ [ 77.2236438, 28.648904 ], [ 77.2237196, 28.648784 ], [ 77.2237335, 28.6487142 ], [ 77.2237147, 28.6486444 ], [ 77.2236138, 28.6484053 ], [ 77.2234815, 28.6481205 ] ] } },
{ "type": "Feature", "properties": { "name": "Gali Shahtara", "highway": "residential", "slope_pct": 0.6 }, "geometry": { "type": "LineString", "coordinates": [ [ 77.2253548, 28.6476272 ], [ 77.224745, 28.6477958 ], [ 77.2243059, 28.6479137 ], [ 77.2241545, 28.6479482 ], [ 77.2239108, 28.6479804 ], [ 77.2237043, 28.6480383 ], [ 77.2234815, 28.6481205 ], [ 77.2232276, 28.6482175 ], [ 77.2230747, 28.6482575 ], [ 77.2229192, 28.6482716 ], [ 77.2225343, 28.6482917 ] ] } },
{ "type": "Feature", "properties": { "name": "Gali Kucha Pati Ram", "highway": "residential", "slope_pct": 0.6 }, "geometry": { "type": "LineString", "coordinates": [ [ 77.2267005, 28.6466706 ], [ 77.2266682, 28.6465251 ], [ 77.2266523, 28.646484 ] ] } },
{ "type": "Feature", "properties": { "name": "Bhavbhuti Marg", "highway": "tertiary", "slope_pct": 0.6 }, "geometry": { "type": "LineString", "coordinates": [ [ 77.2237426, 28.643399 ], [ 77.2237535, 28.6435078 ], [ 77.2238002, 28.6437346 ] ] } },
{ "type": "Feature", "properties": { "name": "Bhavbhuti Marg", "highway": "tertiary", "slope_pct": 0.6 }, "geometry": { "type": "LineString", "coordinates": [ [ 77.2238002, 28.6437346 ], [ 77.2237946, 28.6439963 ], [ 77.2237746, 28.644354 ] ] } },
{ "type": "Feature", "properties": { "name": "Jawaharlal Nehru Marg", "highway": "secondary", "slope_pct": 0.6 }, "geometry": { "type": "LineString", "coordinates": [ [ 77.2267258, 28.6427097 ], [ 77.2266238, 28.6427621 ], [ 77.225222, 28.6434801 ], [ 77.2243346, 28.6439347 ] ] } },
{ "type": "Feature", "properties": { "name": "Ramrakha Bahl Chowk", "highway": "secondary", "slope_pct": 0.6 }, "geometry": { "type": "LineString", "coordinates": [ [ 77.2270529, 28.64292 ], [ 77.2271085, 28.6429053 ], [ 77.2271593, 28.6428806 ], [ 77.2272031, 28.6428473 ], [ 77.2272381, 28.6428066 ] ] } },
{ "type": "Feature", "properties": { "name": "Bhavbhuti Marg", "highway": "tertiary", "slope_pct": 0.6 }, "geometry": { "type": "LineString", "coordinates": [ [ 77.2237426, 28.643399 ], [ 77.2237077, 28.6430709 ] ] } },
{ "type": "Feature", "properties": { "name": "Phatak Karor", "highway": "residential", "slope_pct": 0.6 }, "geometry": { "type": "LineString", "coordinates": [ [ 77.2273163, 28.6487848 ], [ 77.2271511, 28.6485654 ], [ 77.2271321, 28.6485287 ], [ 77.2271151, 28.648518 ], [ 77.2270941, 28.64852 ], [ 77.2269102, 28.6486066 ], [ 77.2268933, 28.6486071 ], [ 77.2268822, 28.6485999 ], [ 77.2266499, 28.6482019 ], [ 77.2264283, 28.6477709 ], [ 77.2264114, 28.6477626 ], [ 77.2263884, 28.6477642 ], [ 77.2262981, 28.6478126 ], [ 77.226284, 28.6478291 ], [ 77.2262827, 28.6478485 ], [ 77.2262806, 28.6478785 ], [ 77.2262753, 28.6479009 ], [ 77.2262558, 28.6479197 ], [ 77.2262122, 28.6479368 ], [ 77.2256688, 28.6481748 ] ] } },
{ "type": "Feature", "properties": { "name": "Arterial Link", "highway": "secondary_link", "slope_pct": 0.6 }, "geometry": { "type": "LineString", "coordinates": [ [ 77.2236394, 28.6455652 ], [ 77.2236811, 28.6454829 ], [ 77.2237451, 28.6454072 ], [ 77.2238149, 28.6453356 ], [ 77.2238902, 28.6452684 ], [ 77.2239337, 28.6452318 ] ] } },
{ "type": "Feature", "properties": { "name": "Shraddhanand Road", "highway": "secondary", "slope_pct": 0.6 }, "geometry": { "type": "LineString", "coordinates": [ [ 77.2236481, 28.6452504 ], [ 77.2236627, 28.6451676 ] ] } },
{ "type": "Feature", "properties": { "name": "Arterial Link", "highway": "secondary", "slope_pct": 0.6 }, "geometry": { "type": "LineString", "coordinates": [ [ 77.2237639, 28.6452147 ], [ 77.2237187, 28.6451937 ], [ 77.2236627, 28.6451676 ] ] } },
{ "type": "Feature", "properties": { "name": "Shraddhanand Road", "highway": "tertiary", "slope_pct": 0.6 }, "geometry": { "type": "LineString", "coordinates": [ [ 77.2236072, 28.6462379 ], [ 77.2236268, 28.6461643 ] ] } },
{ "type": "Feature", "properties": { "name": "Arterial Link", "highway": "secondary_link", "slope_pct": 0.6 }, "geometry": { "type": "LineString", "coordinates": [ [ 77.2232804, 28.6452117 ], [ 77.2233631, 28.6452663 ], [ 77.2233966, 28.6452951 ], [ 77.2234234, 28.6453234 ], [ 77.223469, 28.6453887 ], [ 77.2234952, 28.6454334 ], [ 77.2235545, 28.6455823 ] ] } },
{ "type": "Feature", "properties": { "name": "Jawaharlal Nehru Marg", "highway": "secondary_link", "slope_pct": 0.6 }, "geometry": { "type": "LineString", "coordinates": [ [ 77.2235954, 28.6449451 ], [ 77.2235474, 28.6450304 ], [ 77.2234948, 28.6450667 ], [ 77.2234405, 28.645091 ], [ 77.2233781, 28.6451097 ], [ 77.223311, 28.645127 ] ] } },
{ "type": "Feature", "properties": { "name": "Shraddhanand Road", "highway": "tertiary", "slope_pct": 0.6 }, "geometry": { "type": "LineString", "coordinates": [ [ 77.2236268, 28.6461643 ], [ 77.2236296, 28.6461025 ], [ 77.2236394, 28.6455652 ] ] } },
{ "type": "Feature", "properties": { "name": "Shraddhanand Road", "highway": "tertiary", "slope_pct": 0.6 }, "geometry": { "type": "LineString", "coordinates": [ [ 77.2236394, 28.6455652 ], [ 77.2236457, 28.6453372 ], [ 77.2236481, 28.6452504 ] ] } },
{ "type": "Feature", "properties": { "name": "Arterial Link", "highway": "residential", "slope_pct": 0.6 }, "geometry": { "type": "LineString", "coordinates": [ [ 77.2237548, 28.6489463 ], [ 77.2239426, 28.648878 ], [ 77.2240978, 28.6488303 ], [ 77.224243, 28.6487909 ], [ 77.2244408, 28.6487374 ] ] } },
{ "type": "Feature", "properties": { "name": "Arterial Link", "highway": "residential", "slope_pct": 0.6 }, "geometry": { "type": "LineString", "coordinates": [ [ 77.2244408, 28.6487374 ], [ 77.224476, 28.6487142 ], [ 77.2244793, 28.6486756 ], [ 77.2243663, 28.6484227 ], [ 77.2242677, 28.6482172 ], [ 77.2241545, 28.6479482 ] ] } },
{ "type": "Feature", "properties": { "name": "Arterial Link", "highway": "residential", "slope_pct": 0.6 }, "geometry": { "type": "LineString", "coordinates": [ [ 77.2271863, 28.6481502 ], [ 77.2274944, 28.6480397 ] ] } },
{ "type": "Feature", "properties": { "name": "Gali Bandook Wali", "highway": "residential", "slope_pct": 0.6 }, "geometry": { "type": "LineString", "coordinates": [ [ 77.2248956, 28.6470885 ], [ 77.225136, 28.6470211 ], [ 77.2251508, 28.6470082 ], [ 77.2251548, 28.6469893 ], [ 77.2251414, 28.6469352 ], [ 77.2251441, 28.6469158 ], [ 77.2251588, 28.6469016 ], [ 77.2251902, 28.6468911 ], [ 77.2254357, 28.6468146 ], [ 77.2257121, 28.6467232 ] ] } },
{ "type": "Feature", "properties": { "name": "Arterial Link", "highway": "residential", "slope_pct": 0.6 }, "geometry": { "type": "LineString", "coordinates": [ [ 77.2263778, 28.6454825 ], [ 77.2270914, 28.6451529 ] ] } },
{ "type": "Feature", "properties": { "name": "Arterial Link", "highway": "residential", "slope_pct": 0.6 }, "geometry": { "type": "LineString", "coordinates": [ [ 77.2257116, 28.6453198 ], [ 77.2259555, 28.6457055 ], [ 77.2260909, 28.6459095 ], [ 77.2261144, 28.6459273 ], [ 77.2261534, 28.6459243 ] ] } },
{ "type": "Feature", "properties": { "name": "Arterial Link", "highway": "residential", "slope_pct": 0.6 }, "geometry": { "type": "LineString", "coordinates": [ [ 77.2261534, 28.6459243 ], [ 77.2262831, 28.6458602 ], [ 77.2264373, 28.6458023 ], [ 77.226528, 28.6457743 ] ] } },
{ "type": "Feature", "properties": { "name": "Gali Bandool Wali", "highway": "residential", "slope_pct": 0.6 }, "geometry": { "type": "LineString", "coordinates": [ [ 77.2252783, 28.6474917 ], [ 77.2259531, 28.6472312 ], [ 77.2257121, 28.6467232 ] ] } },
{ "type": "Feature", "properties": { "name": "Gali Beri Wali", "highway": "residential", "slope_pct": 0.6 }, "geometry": { "type": "LineString", "coordinates": [ [ 77.227449, 28.6465239 ], [ 77.2274774, 28.6467842 ], [ 77.227521, 28.6471836 ], [ 77.2275136, 28.6472053 ], [ 77.2274855, 28.6472163 ], [ 77.2272936, 28.6472277 ], [ 77.2270645, 28.6472526 ], [ 77.2268152, 28.647288 ] ] } },
{ "type": "Feature", "properties": { "name": "Ramrakha Bahl Chowk", "highway": "secondary", "slope_pct": 0.6 }, "geometry": { "type": "LineString", "coordinates": [ [ 77.2267258, 28.6427097 ], [ 77.2267424, 28.6427682 ], [ 77.2267746, 28.6428214 ] ] } },
{ "type": "Feature", "properties": { "name": "Jawaharlal Nehru Marg", "highway": "secondary", "slope_pct": 0.6 }, "geometry": { "type": "LineString", "coordinates": [ [ 77.2236627, 28.6451676 ], [ 77.2236663, 28.645149 ], [ 77.2236727, 28.6451229 ], [ 77.2237025, 28.644963 ], [ 77.223731, 28.6448312 ], [ 77.2237611, 28.6446605 ] ] } },
{ "type": "Feature", "properties": { "name": "Ramrakha Bahl Chowk", "highway": "secondary", "slope_pct": 0.6 }, "geometry": { "type": "LineString", "coordinates": [ [ 77.2272381, 28.6428066 ], [ 77.2272626, 28.6427604 ], [ 77.2272756, 28.6427108 ], [ 77.2272765, 28.6426598 ], [ 77.2272653, 28.6426098 ] ] } },
{ "type": "Feature", "properties": { "name": "Arterial Link", "highway": "secondary", "slope_pct": 0.6 }, "geometry": { "type": "LineString", "coordinates": [ [ 77.2272483, 28.6429914 ], [ 77.2271979, 28.6429286 ], [ 77.2271593, 28.6428806 ] ] } },
{ "type": "Feature", "properties": { "name": "Arterial Link", "highway": "secondary", "slope_pct": 0.6 }, "geometry": { "type": "LineString", "coordinates": [ [ 77.2270136, 28.6429241 ], [ 77.2271404, 28.6430685 ] ] } },
{ "type": "Feature", "properties": { "name": "Ramrakha Bahl Chowk", "highway": "secondary", "slope_pct": 0.6 }, "geometry": { "type": "LineString", "coordinates": [ [ 77.2267746, 28.6428214 ], [ 77.2267997, 28.6428483 ], [ 77.2268289, 28.6428718 ], [ 77.2268616, 28.6428914 ], [ 77.2268972, 28.6429067 ], [ 77.2269349, 28.6429174 ], [ 77.226974, 28.6429232 ], [ 77.2270136, 28.6429241 ], [ 77.2270529, 28.64292 ] ] } },
{ "type": "Feature", "properties": { "name": "Jawaharlal Nehru Marg", "highway": "secondary", "slope_pct": 0.6 }, "geometry": { "type": "LineString", "coordinates": [ [ 77.2243346, 28.6439347 ], [ 77.2241128, 28.6440448 ], [ 77.2239601, 28.6441445 ] ] } },
{ "type": "Feature", "properties": { "name": "Asaf Ali Road", "highway": "secondary", "slope_pct": 0.6 }, "geometry": { "type": "LineString", "coordinates": [ [ 77.2240232, 28.6452425 ], [ 77.2239337, 28.6452318 ], [ 77.2238111, 28.6452192 ], [ 77.2237639, 28.6452147 ] ] } },
{ "type": "Feature", "properties": { "name": "Desh Bandhu Gupta Road", "highway": "secondary", "slope_pct": 0.6 }, "geometry": { "type": "LineString", "coordinates": [ [ 77.2236481, 28.6452504 ], [ 77.223649, 28.6452501 ], [ 77.2237639, 28.6452147 ] ] } },
{ "type": "Feature", "properties": { "name": "Arterial Link", "highway": "secondary", "slope_pct": 0.6 }, "geometry": { "type": "LineString", "coordinates": [ [ 77.2271404, 28.6430685 ], [ 77.2273579, 28.6433634 ], [ 77.2275479, 28.6436149 ] ] } },
{ "type": "Feature", "properties": { "name": "Asaf Ali Road", "highway": "secondary", "slope_pct": 0.6 }, "geometry": { "type": "LineString", "coordinates": [ [ 77.2275416, 28.6437661 ], [ 77.2262025, 28.6444864 ], [ 77.2261436, 28.6445705 ] ] } },
{ "type": "Feature", "properties": { "name": "Asaf Ali Road", "highway": "secondary", "slope_pct": 0.6 }, "geometry": { "type": "LineString", "coordinates": [ [ 77.2261436, 28.6445705 ], [ 77.2262665, 28.6445414 ], [ 77.2276201, 28.6438591 ] ] } },
{ "type": "Feature", "properties": { "name": "Arterial Link", "highway": "residential", "slope_pct": 0.6 }, "geometry": { "type": "LineString", "coordinates": [ [ 77.2226582, 28.6481176 ], [ 77.2224514, 28.6480106 ] ] } },
{ "type": "Feature", "properties": { "name": "Arterial Link", "highway": "residential", "slope_pct": 0.6 }, "geometry": { "type": "LineString", "coordinates": [ [ 77.2231892, 28.6473701 ], [ 77.2229836, 28.6472595 ] ] } },
{ "type": "Feature", "properties": { "name": "Arterial Link", "highway": "residential", "slope_pct": 0.6 }, "geometry": { "type": "LineString", "coordinates": [ [ 77.2266523, 28.646484 ], [ 77.2265858, 28.6461289 ], [ 77.2264373, 28.6458023 ] ] } },
{ "type": "Feature", "properties": { "name": "Arterial Link", "highway": "residential", "slope_pct": 0.6 }, "geometry": { "type": "LineString", "coordinates": [ [ 77.2252926, 28.6455436 ], [ 77.2250477, 28.645143 ] ] } },
{ "type": "Feature", "properties": { "name": "Desh Bandhu Gupta Road", "highway": "secondary", "slope_pct": 0.6 }, "geometry": { "type": "LineString", "coordinates": [ [ 77.2232804, 28.6452117 ], [ 77.2234957, 28.6452365 ], [ 77.223541, 28.6452401 ] ] } },
{ "type": "Feature", "properties": { "name": "Desh Bandhu Gupta Road", "highway": "secondary", "slope_pct": 0.6 }, "geometry": { "type": "LineString", "coordinates": [ [ 77.2236627, 28.6451676 ], [ 77.2236343, 28.6451633 ], [ 77.2236244, 28.6451617 ], [ 77.2235553, 28.6451529 ], [ 77.2234454, 28.6451429 ], [ 77.223311, 28.645127 ] ] } },
{ "type": "Feature", "properties": { "name": "Gali Jatwara", "highway": "residential", "slope_pct": 0.6 }, "geometry": { "type": "LineString", "coordinates": [ [ 77.2257935, 28.6462685 ], [ 77.2259659, 28.6466197 ] ] } },
{ "type": "Feature", "properties": { "name": "Gali Kundewalan", "highway": "residential", "slope_pct": 0.6 }, "geometry": { "type": "LineString", "coordinates": [ [ 77.2266523, 28.646484 ], [ 77.2266152, 28.6464716 ], [ 77.2265568, 28.6464654 ], [ 77.2265205, 28.6464429 ], [ 77.2264948, 28.6464095 ], [ 77.2264577, 28.6463753 ], [ 77.226394, 28.6463505 ], [ 77.2262843, 28.6463225 ], [ 77.2262356, 28.6463109 ], [ 77.2261931, 28.6462868 ], [ 77.2261524, 28.6462356 ], [ 77.2261162, 28.6462138 ], [ 77.2260746, 28.6462138 ], [ 77.2258845, 28.6462449 ], [ 77.2257935, 28.6462685 ], [ 77.2255943, 28.6463202 ], [ 77.225257, 28.6464473 ], [ 77.2252057, 28.6464544 ], [ 77.2251588, 28.6464391 ], [ 77.2251025, 28.6464097 ], [ 77.2250347, 28.6464093 ], [ 77.2249885, 28.6464167 ], [ 77.2244581, 28.646691 ] ] } },
{ "type": "Feature", "properties": { "name": "Arterial Link", "highway": "residential", "slope_pct": 0.6 }, "geometry": { "type": "LineString", "coordinates": [ [ 77.2250347, 28.6464093 ], [ 77.2246781, 28.6458718 ] ] } },
{ "type": "Feature", "properties": { "name": "Gali Loharan", "highway": "residential", "slope_pct": 0.6 }, "geometry": { "type": "LineString", "coordinates": [ [ 77.2261931, 28.6462868 ], [ 77.2264572, 28.6468846 ] ] } },
{ "type": "Feature", "properties": { "name": "Arterial Link", "highway": "residential", "slope_pct": 0.6 }, "geometry": { "type": "LineString", "coordinates": [ [ 77.2258845, 28.6462449 ], [ 77.225897, 28.6460292 ], [ 77.2261144, 28.6459273 ] ] } },
{ "type": "Feature", "properties": { "name": "Arterial Link", "highway": "residential", "slope_pct": 0.6 }, "geometry": { "type": "LineString", "coordinates": [ [ 77.2261151, 28.6490325 ], [ 77.2261156, 28.6490321 ], [ 77.2261655, 28.6490072 ] ] } },
{ "type": "Feature", "properties": { "name": "Desh Bandhu Gupta Road", "highway": "secondary", "slope_pct": 0.6 }, "geometry": { "type": "LineString", "coordinates": [ [ 77.223541, 28.6452401 ], [ 77.2236481, 28.6452504 ] ] } },
{ "type": "Feature", "properties": { "name": "Qutab Road", "highway": "secondary", "slope_pct": 0.6 }, "geometry": { "type": "LineString", "coordinates": [ [ 77.215994, 28.6594885 ], [ 77.215986, 28.6593458 ], [ 77.215943, 28.6586821 ], [ 77.2158667, 28.6577045 ], [ 77.2158948, 28.6574724 ], [ 77.2159323, 28.6570722 ], [ 77.2159216, 28.6568698 ], [ 77.2159484, 28.6563426 ], [ 77.216002, 28.6557989 ], [ 77.2160557, 28.6553941 ], [ 77.2160726, 28.6552887 ], [ 77.2161483, 28.6550123 ], [ 77.2163293, 28.6544808 ], [ 77.2165073, 28.6539701 ], [ 77.216619, 28.6534264 ], [ 77.2167733, 28.6527127 ], [ 77.2168886, 28.6524185 ], [ 77.2170415, 28.6518489 ], [ 77.2172372, 28.6512456 ], [ 77.2172507, 28.6512039 ], [ 77.2173768, 28.650752 ], [ 77.2174948, 28.6503825 ], [ 77.2176301, 28.6500147 ], [ 77.2176588, 28.6499367 ], [ 77.2177378, 28.6497291 ], [ 77.2178195, 28.6494694 ], [ 77.21786, 28.6492569 ], [ 77.2179067, 28.6488106 ], [ 77.2178756, 28.6486032 ], [ 77.2178703, 28.6485677 ] ] } },
{ "type": "Feature", "properties": { "name": "Qutab Road", "highway": "secondary", "slope_pct": 0.6 }, "geometry": { "type": "LineString", "coordinates": [ [ 77.2177592, 28.6486011 ], [ 77.2176921, 28.6488728 ], [ 77.2176063, 28.6492023 ], [ 77.217572, 28.649609 ], [ 77.2175784, 28.6498025 ], [ 77.2175806, 28.6499258 ], [ 77.2175662, 28.6500002 ], [ 77.217418, 28.650423 ], [ 77.2173043, 28.650752 ], [ 77.2171617, 28.6512393 ], [ 77.2169445, 28.6519696 ], [ 77.2167394, 28.6526595 ], [ 77.2164296, 28.6539548 ], [ 77.2162456, 28.654505 ], [ 77.215974, 28.6552687 ], [ 77.2159573, 28.6553603 ], [ 77.2159193, 28.6557919 ], [ 77.2158871, 28.656338 ], [ 77.2158672, 28.6568305 ], [ 77.2158811, 28.657028 ], [ 77.2158066, 28.657709 ], [ 77.2159243, 28.6594814 ] ] } },
{ "type": "Feature", "properties": { "name": "sneha", "highway": "residential", "slope_pct": 0.6 }, "geometry": { "type": "LineString", "coordinates": [ [ 77.2155625, 28.6474354 ], [ 77.2155747, 28.6475074 ], [ 77.2155908, 28.6476628 ], [ 77.2156221, 28.6478738 ], [ 77.2156594, 28.6479854 ], [ 77.215734, 28.6480947 ], [ 77.2157767, 28.6481667 ], [ 77.2158194, 28.6482481 ], [ 77.2159225, 28.6485561 ], [ 77.2159782, 28.6487384 ], [ 77.2160259, 28.6489424 ], [ 77.2160766, 28.6491428 ], [ 77.2161278, 28.6493002 ], [ 77.2161503, 28.6493646 ], [ 77.2162091, 28.6495331 ], [ 77.2162415, 28.6497422 ], [ 77.2162545, 28.6499865 ] ] } },
{ "type": "Feature", "properties": { "name": "Arterial Link", "highway": "residential", "slope_pct": 0.6 }, "geometry": { "type": "LineString", "coordinates": [ [ 77.2176921, 28.6488728 ], [ 77.2175172, 28.6488624 ], [ 77.2171926, 28.6488621 ], [ 77.2168016, 28.6488782 ], [ 77.2165807, 28.6489005 ], [ 77.2163913, 28.6489393 ], [ 77.2162374, 28.6490061 ], [ 77.2160766, 28.6491428 ] ] } },
{ "type": "Feature", "properties": { "name": "Shraddhanand Road", "highway": "tertiary", "slope_pct": 0.6 }, "geometry": { "type": "LineString", "coordinates": [ [ 77.2187376, 28.6570287 ], [ 77.2188033, 28.6562567 ], [ 77.218861, 28.6557354 ], [ 77.2189187, 28.6549516 ], [ 77.2189441, 28.6546939 ], [ 77.2190139, 28.6539878 ], [ 77.219093, 28.6532899 ], [ 77.2191359, 28.6530463 ], [ 77.2192016, 28.6527944 ], [ 77.2193398, 28.6524661 ], [ 77.2195235, 28.6521542 ], [ 77.2197716, 28.6518294 ], [ 77.2200103, 28.6514999 ], [ 77.2205618, 28.6506995 ], [ 77.2205863, 28.6506639 ], [ 77.2207774, 28.6503865 ], [ 77.2215551, 28.6492828 ], [ 77.2224514, 28.6480106 ], [ 77.2227241, 28.6476236 ], [ 77.2229836, 28.6472595 ], [ 77.2233376, 28.6467628 ], [ 77.2234972, 28.6465391 ], [ 77.2235629, 28.6464438 ], [ 77.2235924, 28.6463591 ], [ 77.2236072, 28.6462379 ] ] } },
{ "type": "Feature", "properties": { "name": "Arterial Link", "highway": "secondary", "slope_pct": 0.6 }, "geometry": { "type": "LineString", "coordinates": [ [ 77.2276442, 28.6435205 ], [ 77.2274696, 28.6432786 ], [ 77.2272483, 28.6429914 ] ] } },
{ "type": "Feature", "properties": { "name": "Asaf Ali Road", "highway": "secondary_link", "slope_pct": 0.6 }, "geometry": { "type": "LineString", "coordinates": [ [ 77.2275719, 28.6438162 ], [ 77.2276201, 28.6438591 ], [ 77.2276805, 28.6438877 ], [ 77.2277478, 28.6438995 ], [ 77.227816, 28.6438935 ], [ 77.2278793, 28.6438701 ], [ 77.2279342, 28.6438293 ], [ 77.2279721, 28.6437756 ], [ 77.2279894, 28.6437143 ], [ 77.2279845, 28.6436513 ], [ 77.2279576, 28.6435927 ], [ 77.2279119, 28.6435444 ], [ 77.2278516, 28.6435107 ], [ 77.2277824, 28.6434947 ], [ 77.227711, 28.6434981 ], [ 77.2276442, 28.6435205 ] ] } },
{ "type": "Feature", "properties": { "name": "Arterial Link", "highway": "residential", "slope_pct": 0.6 }, "geometry": { "type": "LineString", "coordinates": [ [ 77.2162091, 28.6495331 ], [ 77.2160622, 28.649548 ], [ 77.2159825, 28.6495418 ], [ 77.2158941, 28.6495108 ], [ 77.2157932, 28.649444 ], [ 77.2156269, 28.6492996 ], [ 77.2155118, 28.6491691 ], [ 77.2153693, 28.6489665 ], [ 77.2153221, 28.6488933 ], [ 77.2152787, 28.6487702 ], [ 77.2152447, 28.6486229 ], [ 77.2150841, 28.6486469 ], [ 77.2148465, 28.6486691 ], [ 77.2146699, 28.6486735 ] ] } },
{ "type": "Feature", "properties": { "name": "Arterial Link", "highway": "residential", "slope_pct": 0.6 }, "geometry": { "type": "LineString", "coordinates": [ [ 77.215279, 28.6500079 ], [ 77.2152239, 28.6498979 ], [ 77.2151206, 28.6496987 ], [ 77.2149959, 28.6494412 ], [ 77.2149342, 28.6492812 ], [ 77.2148792, 28.6491388 ], [ 77.2148846, 28.6490954 ], [ 77.2149154, 28.6490658 ] ] } },
{ "type": "Feature", "properties": { "name": "Gali Nai Basti", "highway": "residential", "slope_pct": 0.6 }, "geometry": { "type": "LineString", "coordinates": [ [ 77.2269055, 28.6475418 ], [ 77.2271947, 28.647487 ], [ 77.2272429, 28.6474925 ], [ 77.2272757, 28.6475216 ], [ 77.2274944, 28.6480397 ], [ 77.2274987, 28.6480486 ], [ 77.2276052, 28.6482584 ], [ 77.227756, 28.6484835 ] ] } },
{ "type": "Feature", "properties": { "name": "Fasil Road", "highway": "residential", "slope_pct": 0.6 }, "geometry": { "type": "LineString", "coordinates": [ [ 77.2239066, 28.6464399 ], [ 77.2238646, 28.6464886 ], [ 77.223355, 28.6471359 ], [ 77.2231892, 28.6473701 ], [ 77.2229983, 28.6476396 ], [ 77.2226582, 28.6481176 ], [ 77.2225343, 28.6482917 ], [ 77.2222754, 28.6486752 ], [ 77.2220657, 28.6489865 ], [ 77.2220026, 28.6490783 ], [ 77.2217773, 28.6494061 ], [ 77.221603, 28.6496621 ], [ 77.2215016, 28.6498334 ], [ 77.2212785, 28.6501783 ], [ 77.22117, 28.6503301 ], [ 77.2210201, 28.6505278 ], [ 77.2205903, 28.6510985 ], [ 77.2205233, 28.6511875 ], [ 77.220221, 28.6516105 ], [ 77.2196252, 28.6524209 ], [ 77.2195469, 28.6525559 ], [ 77.2194938, 28.6526737 ], [ 77.2194467, 28.6527758 ] ] } },
{ "type": "Feature", "properties": { "name": "Arterial Link", "highway": "residential", "slope_pct": 0.6 }, "geometry": { "type": "LineString", "coordinates": [ [ 77.22414, 28.6504229 ], [ 77.2242227, 28.6500935 ], [ 77.2242334, 28.6499452 ], [ 77.224202, 28.6498052 ], [ 77.2241151, 28.6495724 ], [ 77.2239966, 28.6492773 ], [ 77.2238515, 28.6490231 ], [ 77.2237548, 28.6489463 ], [ 77.2236438, 28.648904 ], [ 77.2235273, 28.6489038 ], [ 77.2231549, 28.6490108 ], [ 77.2228605, 28.6491138 ], [ 77.222815, 28.6491458 ], [ 77.2227952, 28.6491822 ], [ 77.2227728, 28.6492143 ], [ 77.2227192, 28.6492614 ], [ 77.2226249, 28.6493062 ], [ 77.222478, 28.649341 ], [ 77.2222263, 28.6493736 ], [ 77.2217773, 28.6494061 ], [ 77.2215551, 28.6492828 ] ] } },
{ "type": "Feature", "properties": { "name": "Hanuman Mandir Road", "highway": "residential", "slope_pct": 0.6 }, "geometry": { "type": "LineString", "coordinates": [ [ 77.224206, 28.6461239 ], [ 77.2246781, 28.6458718 ], [ 77.2252926, 28.6455436 ], [ 77.2257116, 28.6453198 ], [ 77.2263654, 28.6449974 ], [ 77.2268392, 28.6447694 ], [ 77.2270057, 28.644689 ], [ 77.2273422, 28.6445096 ], [ 77.2277912, 28.6442173 ], [ 77.2280421, 28.6440651 ] ] } },
{ "type": "Feature", "properties": { "name": "Chawri Bazar", "highway": "tertiary", "slope_pct": 0.6 }, "geometry": { "type": "LineString", "coordinates": [ [ 77.22661, 28.6492017 ], [ 77.2266918, 28.6491927 ], [ 77.2268527, 28.6492509 ], [ 77.2269847, 28.6492987 ], [ 77.2272792, 28.6494071 ], [ 77.2283247, 28.6497919 ], [ 77.2288308, 28.6499617 ], [ 77.2294377, 28.6501706 ], [ 77.2301299, 28.6504548 ], [ 77.2301349, 28.6504584 ], [ 77.230327, 28.6505104 ], [ 77.2310714, 28.6505472 ], [ 77.2316333, 28.6505767 ], [ 77.2323604, 28.6506178 ], [ 77.2324192, 28.6506211 ] ] } },
{ "type": "Feature", "properties": { "name": "Lal Kuan Bazar", "highway": "tertiary", "slope_pct": 0.6 }, "geometry": { "type": "LineString", "coordinates": [ [ 77.2235535, 28.6462195 ], [ 77.2236072, 28.6462379 ], [ 77.2238088, 28.6463854 ], [ 77.2239066, 28.6464399 ], [ 77.2240073, 28.6464552 ], [ 77.2241641, 28.6464634 ], [ 77.2242731, 28.6465213 ], [ 77.2244581, 28.646691 ], [ 77.2248956, 28.6470885 ], [ 77.2251066, 28.6472814 ], [ 77.2252285, 28.6474218 ], [ 77.2252783, 28.6474917 ], [ 77.2253548, 28.6476272 ], [ 77.2254541, 28.6478168 ], [ 77.2256688, 28.6481748 ], [ 77.225956, 28.6486747 ], [ 77.2259576, 28.6486753 ], [ 77.226136, 28.6489731 ], [ 77.2261655, 28.6490072 ], [ 77.2262628, 28.6491204 ], [ 77.2263031, 28.6491501 ], [ 77.2264079, 28.6492275 ] ] } },
{ "type": "Feature", "properties": { "name": "New Delhi Railway Station Flyover", "highway": "secondary", "slope_pct": 0.6 }, "geometry": { "type": "LineString", "coordinates": [ [ 77.217717, 28.6442753 ], [ 77.2185251, 28.6443976 ], [ 77.22125, 28.6448795 ] ] } },
{ "type": "Feature", "properties": { "name": "New Delhi Railway Station Flyover", "highway": "secondary", "slope_pct": 0.6 }, "geometry": { "type": "LineString", "coordinates": [ [ 77.2212906, 28.6447973 ], [ 77.218545, 28.644297 ], [ 77.2177623, 28.644181 ] ] } },
{ "type": "Feature", "properties": { "name": "Gali Than Singh", "highway": "residential", "slope_pct": 0.6 }, "geometry": { "type": "LineString", "coordinates": [ [ 77.2273163, 28.6487848 ], [ 77.227436, 28.6488907 ], [ 77.2275782, 28.6489989 ], [ 77.2277311, 28.6491001 ], [ 77.2279027, 28.6491826 ], [ 77.228069, 28.649239 ], [ 77.2281951, 28.6492743 ], [ 77.2283424, 28.6493415 ], [ 77.2284336, 28.6493799 ], [ 77.228481, 28.6494117 ], [ 77.2285031, 28.649431 ], [ 77.2285072, 28.6494596 ], [ 77.2283247, 28.6497919 ] ] } },
{ "type": "Feature", "properties": { "name": "Shraddhanand Road", "highway": "tertiary", "slope_pct": 0.6 }, "geometry": { "type": "LineString", "coordinates": [ [ 77.223541, 28.6452401 ], [ 77.2235545, 28.6455823 ], [ 77.2235564, 28.6456334 ], [ 77.2235657, 28.6459601 ], [ 77.2235704, 28.6461228 ], [ 77.2235712, 28.6461643 ], [ 77.2235535, 28.6462195 ], [ 77.2235227, 28.6463155 ], [ 77.2234838, 28.6464379 ], [ 77.2233188, 28.6467086 ], [ 77.2229996, 28.647157 ], [ 77.2226715, 28.6475925 ], [ 77.2223546, 28.648055 ], [ 77.2218597, 28.6487412 ], [ 77.2213487, 28.6494579 ], [ 77.2207747, 28.6502571 ], [ 77.2205176, 28.6506246 ], [ 77.2201712, 28.6511197 ], [ 77.2199323, 28.6514647 ], [ 77.2198534, 28.6515787 ], [ 77.2193666, 28.6522778 ], [ 77.2192244, 28.6525685 ], [ 77.2191627, 28.6527262 ], [ 77.2190849, 28.6530004 ], [ 77.2190286, 28.653337 ], [ 77.218979, 28.6537924 ], [ 77.2189079, 28.6544044 ], [ 77.2188301, 28.6552611 ], [ 77.2187296, 28.6562638 ], [ 77.2186665, 28.6570329 ], [ 77.2186182, 28.6576795 ], [ 77.2185431, 28.6582844 ], [ 77.2184931, 28.6589779 ], [ 77.2183984, 28.6599142 ], [ 77.2183084, 28.6608506 ], [ 77.2182541, 28.6617284 ], [ 77.2182758, 28.6619463 ], [ 77.2183117, 28.6623064 ], [ 77.2183602, 28.6623806 ] ] } },
{ "type": "Feature", "properties": { "name": "Arterial Link", "highway": "residential", "slope_pct": 0.6 }, "geometry": { "type": "LineString", "coordinates": [ [ 77.2241151, 28.6495724 ], [ 77.2244956, 28.6494391 ], [ 77.2245253, 28.6494168 ], [ 77.2245285, 28.6493833 ], [ 77.224243, 28.6487909 ] ] } },
{ "type": "Feature", "properties": { "name": "Arterial Link", "highway": "residential", "slope_pct": 0.6 }, "geometry": { "type": "LineString", "coordinates": [ [ 77.2275964, 28.6458359 ], [ 77.2276823, 28.6462432 ], [ 77.2277263, 28.6464824 ] ] } },
{ "type": "Feature", "properties": { "name": "Asaf Ali Road", "highway": "secondary_link", "slope_pct": 0.6 }, "geometry": { "type": "LineString", "coordinates": [ [ 77.2276442, 28.6435205 ], [ 77.2275931, 28.6435552 ], [ 77.2275479, 28.6436149 ], [ 77.2275328, 28.6436542 ], [ 77.2275282, 28.6437107 ], [ 77.2275416, 28.6437661 ], [ 77.2275719, 28.6438162 ] ] } },
{ "type": "Feature", "properties": { "name": "Arterial Link", "highway": "residential", "slope_pct": 0.6 }, "geometry": { "type": "LineString", "coordinates": [ [ 77.2148846, 28.6490954 ], [ 77.2147857, 28.6491015 ], [ 77.2147412, 28.6490954 ], [ 77.2147111, 28.6490728 ], [ 77.214556, 28.648913 ] ] } },
{ "type": "Feature", "properties": { "name": "Arterial Link", "highway": "residential", "slope_pct": 0.6 }, "geometry": { "type": "LineString", "coordinates": [ [ 77.2220026, 28.6490783 ], [ 77.2226275, 28.6489824 ] ] } },
{ "type": "Feature", "properties": { "name": "Gali Kucha Sharif Beg", "highway": "residential", "slope_pct": 0.6 }, "geometry": { "type": "LineString", "coordinates": [ [ 77.2282209, 28.6480729 ], [ 77.228104, 28.6479162 ], [ 77.2281422, 28.6478874 ], [ 77.2279995, 28.6476876 ], [ 77.2278826, 28.6474278 ], [ 77.2278174, 28.6471322 ], [ 77.2277504, 28.6467044 ], [ 77.2277263, 28.6464824 ], [ 77.2275086, 28.6465137 ], [ 77.227449, 28.6465239 ] ] } },
{ "type": "Feature", "properties": { "name": "Arterial Link", "highway": "residential", "slope_pct": 0.6 }, "geometry": { "type": "LineString", "coordinates": [ [ 77.2260116, 28.6490796 ], [ 77.2261007, 28.6490393 ], [ 77.2261151, 28.6490325 ] ] } },
{ "type": "Feature", "properties": { "name": "Arterial Link", "highway": "residential", "slope_pct": 0.6 }, "geometry": { "type": "LineString", "coordinates": [ [ 77.2161503, 28.6493646 ], [ 77.2162895, 28.6493299 ], [ 77.2163179, 28.6493283 ], [ 77.2163444, 28.6493322 ], [ 77.2163834, 28.6493415 ], [ 77.2164214, 28.6493438 ], [ 77.2164657, 28.6493368 ], [ 77.2168171, 28.6492579 ] ] } },
{ "type": "Feature", "properties": { "name": "Arterial Link", "highway": "residential", "slope_pct": 0.6 }, "geometry": { "type": "LineString", "coordinates": [ [ 77.2147221, 28.6500594 ], [ 77.2146876, 28.6498574 ], [ 77.2146933, 28.6498368 ], [ 77.2147103, 28.6498226 ], [ 77.2147311, 28.6498131 ], [ 77.2147472, 28.6497989 ], [ 77.2147542, 28.6497766 ], [ 77.214758, 28.6495502 ] ] } },
{ "type": "Feature", "properties": { "name": "Sirkeenwalan Road", "highway": "tertiary", "slope_pct": 0.6 }, "geometry": { "type": "LineString", "coordinates": [ [ 77.2265401, 28.6493524 ], [ 77.226426, 28.6495397 ], [ 77.2264109, 28.6495676 ], [ 77.2263732, 28.6496146 ], [ 77.226292, 28.6496869 ], [ 77.2261451, 28.6498184 ], [ 77.2259607, 28.6499876 ], [ 77.2258755, 28.6500657 ], [ 77.225815, 28.6501224 ], [ 77.2258137, 28.6501237 ], [ 77.225584, 28.6503391 ], [ 77.2254179, 28.6504949 ], [ 77.2253571, 28.6505519 ], [ 77.2253196, 28.6505871 ], [ 77.2250775, 28.6508141 ], [ 77.2249677, 28.650917 ], [ 77.2247374, 28.6511317 ], [ 77.2246204, 28.6512408 ], [ 77.2243268, 28.6515132 ], [ 77.2234872, 28.6524812 ], [ 77.2233641, 28.6526172 ], [ 77.2231495, 28.6528559 ], [ 77.2225701, 28.653565 ], [ 77.2220024, 28.6542597 ], [ 77.2215504, 28.6548121 ], [ 77.2212916, 28.6551026 ] ] } },
{ "type": "Feature", "properties": { "name": "Hauz Kazi Chowk", "highway": "tertiary", "slope_pct": 0.6 }, "geometry": { "type": "LineString", "coordinates": [ [ 77.2264079, 28.6492275 ], [ 77.2264033, 28.6492617 ], [ 77.2264122, 28.649295 ], [ 77.2264339, 28.6493236 ], [ 77.2264653, 28.6493441 ], [ 77.2265028, 28.649354 ], [ 77.2265401, 28.6493524 ], [ 77.2265763, 28.6493393 ], [ 77.2266051, 28.6493161 ], [ 77.2266231, 28.6492857 ], [ 77.2266277, 28.6492674 ], [ 77.2266255, 28.6492333 ], [ 77.22661, 28.6492017 ], [ 77.2265834, 28.6491767 ], [ 77.2265644, 28.6491665 ], [ 77.2265266, 28.6491572 ], [ 77.2264875, 28.64916 ], [ 77.2264519, 28.6491743 ], [ 77.2264239, 28.6491983 ], [ 77.2264079, 28.6492275 ] ] } },
{ "type": "Feature", "properties": { "name": "Arterial Link", "highway": "residential", "slope_pct": 0.6 }, "geometry": { "type": "LineString", "coordinates": [ [ 77.2251628, 28.6492062 ], [ 77.2253418, 28.6491314 ], [ 77.2254597, 28.649325 ], [ 77.225732, 28.6492084 ], [ 77.2258617, 28.6491485 ], [ 77.225999, 28.6490861 ], [ 77.2260037, 28.6490838 ], [ 77.2260116, 28.6490796 ] ] } },
{ "type": "Feature", "properties": { "name": "Arterial Link", "highway": "residential", "slope_pct": 0.6 }, "geometry": { "type": "LineString", "coordinates": [ [ 77.225732, 28.6492084 ], [ 77.2258261, 28.6493656 ], [ 77.2258957, 28.6494978 ] ] } },
{ "type": "Feature", "properties": { "name": "Arterial Link", "highway": "residential", "slope_pct": 0.6 }, "geometry": { "type": "LineString", "coordinates": [ [ 77.2269678, 28.6498366 ], [ 77.2269532, 28.6498499 ], [ 77.2268775, 28.6499185 ], [ 77.2268577, 28.6499226 ], [ 77.2268401, 28.6499167 ], [ 77.2267236, 28.649822 ], [ 77.2264109, 28.6495676 ] ] } },
{ "type": "Feature", "properties": { "name": "Arterial Link", "highway": "residential", "slope_pct": 0.6 }, "geometry": { "type": "LineString", "coordinates": [ [ 77.2272792, 28.6494071 ], [ 77.2271373, 28.6496736 ], [ 77.2270706, 28.649744 ], [ 77.2269678, 28.6498366 ] ] } },
{ "type": "Feature", "properties": { "name": "Hanuman Mandir Road", "highway": "residential", "slope_pct": 0.6 }, "geometry": { "type": "LineString", "coordinates": [ [ 77.2280421, 28.6440651 ], [ 77.2282189, 28.643974 ], [ 77.2286516, 28.643751 ], [ 77.2293545, 28.6433888 ], [ 77.2295176, 28.6433047 ] ] } },
{ "type": "Feature", "properties": { "name": "Gali Arya Samaj", "highway": "residential", "slope_pct": 0.6 }, "geometry": { "type": "LineString", "coordinates": [ [ 77.2282189, 28.643974 ], [ 77.2283372, 28.644241 ], [ 77.2285561, 28.6451327 ], [ 77.2286873, 28.6455259 ], [ 77.2287633, 28.6457658 ], [ 77.2288384, 28.646003 ], [ 77.2289465, 28.6463163 ], [ 77.2289989, 28.6464683 ], [ 77.2291053, 28.6467559 ], [ 77.2291582, 28.6468825 ], [ 77.2292301, 28.6470175 ], [ 77.2293065, 28.647093 ] ] } },
{ "type": "Feature", "properties": { "name": "Gali Neela Wali", "highway": "residential", "slope_pct": 0.6 }, "geometry": { "type": "LineString", "coordinates": [ [ 77.2277504, 28.6467044 ], [ 77.2279972, 28.6466626 ], [ 77.2283559, 28.6466019 ], [ 77.2289989, 28.6464683 ] ] } },
{ "type": "Feature", "properties": { "name": "Gali Kucha Sharif Beg", "highway": "residential", "slope_pct": 0.6 }, "geometry": { "type": "LineString", "coordinates": [ [ 77.2277263, 28.6464824 ], [ 77.2282625, 28.6463805 ], [ 77.2282914, 28.6463576 ] ] } },
{ "type": "Feature", "properties": { "name": "Gali Tabela Bala Prasad", "highway": "residential", "slope_pct": 0.6 }, "geometry": { "type": "LineString", "coordinates": [ [ 77.2280266, 28.6488235 ], [ 77.2281508, 28.6487787 ], [ 77.228184, 28.6487576 ], [ 77.2281909, 28.6487242 ], [ 77.2281679, 28.6486339 ], [ 77.2281414, 28.6485682 ], [ 77.2280981, 28.6484955 ], [ 77.2279409, 28.6483357 ] ] } },
{ "type": "Feature", "properties": { "name": "Arterial Link", "highway": "residential", "slope_pct": 0.6 }, "geometry": { "type": "LineString", "coordinates": [ [ 77.228151, 28.6481385 ], [ 77.2282105, 28.6481581 ], [ 77.228247, 28.6481845 ], [ 77.2282727, 28.6482252 ], [ 77.2283237, 28.6483686 ] ] } },
{ "type": "Feature", "properties": { "name": "Arterial Link", "highway": "residential", "slope_pct": 0.6 }, "geometry": { "type": "LineString", "coordinates": [ [ 77.2281414, 28.6485682 ], [ 77.2282024, 28.6485541 ], [ 77.2282222, 28.6485423 ], [ 77.2282307, 28.6485241 ], [ 77.228223, 28.6484328 ], [ 77.2282245, 28.6484071 ], [ 77.2282368, 28.6483929 ], [ 77.2282576, 28.6483842 ], [ 77.2283237, 28.6483686 ], [ 77.2284813, 28.6483399 ] ] } },
{ "type": "Feature", "properties": { "name": "Arterial Link", "highway": "residential", "slope_pct": 0.6 }, "geometry": { "type": "LineString", "coordinates": [ [ 77.2283066, 28.6479913 ], [ 77.2284921, 28.6481187 ], [ 77.2285476, 28.6481445 ], [ 77.2285909, 28.648169 ], [ 77.228624, 28.6482236 ], [ 77.2286817, 28.6485845 ], [ 77.2286794, 28.6486292 ], [ 77.2286472, 28.6486559 ], [ 77.2284082, 28.6487155 ] ] } },
{ "type": "Feature", "properties": { "name": "Arterial Link", "highway": "residential", "slope_pct": 0.6 }, "geometry": { "type": "LineString", "coordinates": [ [ 77.227887, 28.6449176 ], [ 77.2282343, 28.6448181 ] ] } },
{ "type": "Feature", "properties": { "name": "Arterial Link", "highway": "residential", "slope_pct": 0.6 }, "geometry": { "type": "LineString", "coordinates": [ [ 77.2281869, 28.6459338 ], [ 77.2282816, 28.6459054 ], [ 77.2283532, 28.6458784 ], [ 77.2284233, 28.6458586 ], [ 77.2284726, 28.6458506 ], [ 77.2285317, 28.6458389 ], [ 77.2285992, 28.6458198 ], [ 77.2286584, 28.645795 ], [ 77.2287633, 28.6457658 ] ] } },
{ "type": "Feature", "properties": { "name": "Gali Leshwan", "highway": "residential", "slope_pct": 0.6 }, "geometry": { "type": "LineString", "coordinates": [ [ 77.2282914, 28.6463576 ], [ 77.2282972, 28.6463163 ], [ 77.2281869, 28.6459338 ], [ 77.2281105, 28.6457291 ], [ 77.2280233, 28.6455444 ], [ 77.2279647, 28.6453939 ], [ 77.2279328, 28.6452335 ], [ 77.2279063, 28.6450508 ], [ 77.227887, 28.6449176 ], [ 77.2278531, 28.6447317 ], [ 77.2278254, 28.644585 ], [ 77.2277994, 28.6444175 ], [ 77.2277912, 28.6442173 ] ] } },
{ "type": "Feature", "properties": { "name": "Sita Road", "highway": "residential", "slope_pct": 0.6 }, "geometry": { "type": "LineString", "coordinates": [ [ 77.2280421, 28.6440651 ], [ 77.2278793, 28.6438701 ] ] } },
{ "type": "Feature", "properties": { "name": "Gali Bajrang Bali", "highway": "residential", "slope_pct": 0.6 }, "geometry": { "type": "LineString", "coordinates": [ [ 77.227756, 28.6484835 ], [ 77.2279027, 28.6486176 ], [ 77.2279859, 28.64874 ], [ 77.2280266, 28.6488235 ], [ 77.228078, 28.6489376 ], [ 77.2281307, 28.6491002 ], [ 77.2281682, 28.6492202 ], [ 77.2281951, 28.6492743 ] ] } }
]
}
