{
"type": "FeatureCollection",
"name": "roads_26.912_75.787",
"crs": { "type": "name", "properties": { "name": "urn:ogc:def:crs:OGC:1.3:CRS84" } },
"features": [
{ "type": "Feature", "properties": { "name": "Acharya Shri Tulsi Setu", "highway": "trunk", "slope_pct": 0.6 }, "geometry": { "type": "LineString", "coordinates": [ [ 75.7630252, 26.8985658 ], [ 75.7632255, 26.8985662 ], [ 75.7635303, 26.8985664 ], [ 75.7639207, 26.8985761 ], [ 75.7643691, 26.8985844 ], [ 75.7648602, 26.8985844 ], [ 75.7650207, 26.8985844 ], [ 75.7656203, 26.8985881 ], [ 75.7659093, 26.8985918 ], [ 75.766164, 26.8986348 ], [ 75.7663418, 26.8987028 ], [ 75.7665625, 26.8988271 ], [ 75.7670125, 26.8990613 ], [ 75.7671827, 26.8991498 ], [ 75.7682305, 26.8997093 ], [ 75.7690625, 26.900164 ], [ 75.7696414, 26.9004686 ], [ 75.7701175, 26.900719 ], [ 75.7711592, 26.9012524 ], [ 75.7720353, 26.9017169 ], [ 75.7721479, 26.901777 ], [ 75.7723071, 26.9018625 ], [ 75.7725739, 26.9020042 ], [ 75.7736843, 26.902597 ], [ 75.774409, 26.9028773 ], [ 75.7747543, 26.9030234 ], [ 75.7748854, 26.903129 ], [ 75.774993, 26.9032463 ], [ 75.7751487, 26.9035373 ], [ 75.7754908, 26.9041675 ], [ 75.7758929, 26.9047922 ], [ 75.7761577, 26.9051322 ], [ 75.7765494, 26.9056417 ], [ 75.776894, 26.9060553 ], [ 75.777012, 26.906197 ], [ 75.7775307, 26.9068278 ], [ 75.7779224, 26.9072618 ], [ 75.7780923, 26.9074418 ], [ 75.7784444, 26.9077774 ], [ 75.7787743, 26.9080795 ], [ 75.7791135, 26.9083689 ], [ 75.7792963, 26.9085164 ], [ 75.7795655, 26.9086906 ], [ 75.7798955, 26.9088687 ], [ 75.7803711, 26.9091245 ], [ 75.7809482, 26.9094188 ], [ 75.7812716, 26.9095831 ], [ 75.7817681, 26.9098419 ], [ 75.7824527, 26.9102015 ], [ 75.7825042, 26.9102286 ], [ 75.783163, 26.9105445 ], [ 75.7833439, 26.9106271 ], [ 75.7836808, 26.9107781 ] ] } },
{ "type": "Feature", "properties": { "name": "Acharya Shri Tulsi Setu", "highway": "trunk", "slope_pct": 0.6 }, "geometry": { "type": "LineString", "coordinates": [ [ 75.7836588, 26.9106383 ], [ 75.7829239, 26.9102779 ], [ 75.7817233, 26.9096554 ], [ 75.7810214, 26.9093017 ], [ 75.7803993, 26.9089863 ], [ 75.77989, 26.9087416 ], [ 75.7796824, 26.9086082 ], [ 75.7795217, 26.9085096 ], [ 75.7792957, 26.9083552 ], [ 75.7792132, 26.9082969 ], [ 75.7790119, 26.9081338 ], [ 75.7779827, 26.9071639 ], [ 75.7777932, 26.9069655 ], [ 75.7775554, 26.9066918 ], [ 75.7770259, 26.9060387 ], [ 75.7762547, 26.905064 ], [ 75.7760425, 26.9047744 ], [ 75.7757934, 26.9044253 ], [ 75.7754998, 26.9039686 ], [ 75.7753192, 26.9036 ], [ 75.7752383, 26.9034503 ], [ 75.7751573, 26.9033006 ], [ 75.7750741, 26.903175 ], [ 75.7749312, 26.903048 ], [ 75.7748222, 26.9029629 ], [ 75.7746522, 26.9028801 ], [ 75.7744553, 26.9027978 ], [ 75.7742234, 26.9027012 ], [ 75.7736247, 26.9024801 ], [ 75.7732978, 26.9023006 ], [ 75.7729023, 26.9020879 ], [ 75.772381, 26.9018054 ], [ 75.7720791, 26.9016482 ], [ 75.7716969, 26.9014435 ], [ 75.7712788, 26.9012158 ], [ 75.7707365, 26.9009258 ], [ 75.7703326, 26.9007079 ], [ 75.7690545, 26.9000312 ], [ 75.7688928, 26.8999462 ] ] } },
{ "type": "Feature", "properties": { "name": "Arterial Link", "highway": "residential", "slope_pct": 0.6 }, "geometry": { "type": "LineString", "coordinates": [ [ 75.7845376, 26.9047877 ], [ 75.7841608, 26.9045746 ], [ 75.7841232, 26.9045387 ], [ 75.7841183, 26.9045068 ], [ 75.7840669, 26.9040245 ], [ 75.7838233, 26.9040349 ], [ 75.7834719, 26.90405 ], [ 75.7831339, 26.9039758 ], [ 75.7830638, 26.9039384 ], [ 75.7830212, 26.9038921 ], [ 75.7830074, 26.9037877 ], [ 75.7829881, 26.9015496 ] ] } },
{ "type": "Feature", "properties": { "name": "Arterial Link", "highway": "tertiary", "slope_pct": 0.6 }, "geometry": { "type": "LineString", "coordinates": [ [ 75.7845376, 26.9047877 ], [ 75.785011, 26.9041513 ], [ 75.7850627, 26.904051 ], [ 75.7850568, 26.9038202 ], [ 75.7850575, 26.9037191 ], [ 75.7850348, 26.9032791 ], [ 75.7850305, 26.9031954 ], [ 75.7849767, 26.902185 ] ] } },
{ "type": "Feature", "properties": { "name": "Arterial Link", "highway": "residential", "slope_pct": 0.6 }, "geometry": { "type": "LineString", "coordinates": [ [ 75.7806349, 26.9049399 ], [ 75.7808234, 26.9046503 ] ] } },
{ "type": "Feature", "properties": { "name": "Arterial Link", "highway": "residential", "slope_pct": 0.6 }, "geometry": { "type": "LineString", "coordinates": [ [ 75.779397, 26.9055728 ], [ 75.7799155, 26.9056474 ] ] } },
{ "type": "Feature", "properties": { "name": "Arterial Link", "highway": "residential", "slope_pct": 0.6 }, "geometry": { "type": "LineString", "coordinates": [ [ 75.7809984, 26.9051571 ], [ 75.7806349, 26.9049399 ], [ 75.7805526, 26.9049465 ] ] } },
{ "type": "Feature", "properties": { "name": "Arterial Link", "highway": "residential", "slope_pct": 0.6 }, "geometry": { "type": "LineString", "coordinates": [ [ 75.7804006, 26.9049504 ], [ 75.7802964, 26.9041165 ], [ 75.779395, 26.9041286 ] ] } },
{ "type": "Feature", "properties": { "name": "Arterial Link", "highway": "residential", "slope_pct": 0.6 }, "geometry": { "type": "LineString", "coordinates": [ [ 75.780069, 26.9049591 ], [ 75.7800464, 26.9046186 ], [ 75.7797647, 26.9046311 ], [ 75.7797482, 26.904383 ], [ 75.7794049, 26.9043729 ], [ 75.7793964, 26.9041632 ], [ 75.779395, 26.9041286 ], [ 75.7794083, 26.9034616 ], [ 75.7796267, 26.9031729 ] ] } },
{ "type": "Feature", "properties": { "name": "Arterial Link", "highway": "residential", "slope_pct": 0.6 }, "geometry": { "type": "LineString", "coordinates": [ [ 75.7797638, 26.9049829 ], [ 75.7797647, 26.9046311 ] ] } },
{ "type": "Feature", "properties": { "name": "Arterial Link", "highway": "residential", "slope_pct": 0.6 }, "geometry": { "type": "LineString", "coordinates": [ [ 75.7794715, 26.9050169 ], [ 75.7795097, 26.9049978 ], [ 75.7797638, 26.9049829 ], [ 75.7800326, 26.9049917 ] ] } },
{ "type": "Feature", "properties": { "name": "Arterial Link", "highway": "residential", "slope_pct": 0.6 }, "geometry": { "type": "LineString", "coordinates": [ [ 75.7814664, 26.9049962 ], [ 75.7818408, 26.9044978 ] ] } },
{ "type": "Feature", "properties": { "name": "Arterial Link", "highway": "residential", "slope_pct": 0.6 }, "geometry": { "type": "LineString", "coordinates": [ [ 75.7850627, 26.904051 ], [ 75.7849577, 26.9040464 ], [ 75.7848527, 26.9040418 ], [ 75.7844659, 26.9046147 ], [ 75.7844479, 26.9046208 ], [ 75.7842359, 26.9045069 ], [ 75.78423, 26.9044756 ], [ 75.7842262, 26.9039235 ], [ 75.7841747, 26.9038034 ], [ 75.7841572, 26.903552 ], [ 75.7841611, 26.903532 ], [ 75.7841773, 26.9035195 ], [ 75.7848516, 26.9034653 ], [ 75.7849113, 26.9038087 ], [ 75.784957, 26.9038123 ], [ 75.7850568, 26.9038202 ] ] } },
{ "type": "Feature", "properties": { "name": "Arterial Link", "highway": "tertiary", "slope_pct": 0.6 }, "geometry": { "type": "LineString", "coordinates": [ [ 75.7850732, 26.9050935 ], [ 75.7845376, 26.9047877 ] ] } },
{ "type": "Feature", "properties": { "name": "Acharya Shri Tulsi Setu", "highway": "trunk", "slope_pct": 0.6 }, "geometry": { "type": "LineString", "coordinates": [ [ 75.7903102, 26.9132502 ], [ 75.7901879, 26.9131749 ], [ 75.7897596, 26.9130386 ], [ 75.7885249, 26.9126593 ], [ 75.7875722, 26.9123287 ], [ 75.787367, 26.9122588 ], [ 75.7873032, 26.9122399 ], [ 75.7869824, 26.9120833 ], [ 75.7861728, 26.9116422 ], [ 75.785871, 26.9114807 ], [ 75.7854456, 26.9112723 ], [ 75.784561, 26.9109528 ], [ 75.7838251, 26.9107068 ], [ 75.7836588, 26.9106383 ] ] } },
{ "type": "Feature", "properties": { "name": "Sawai Pratap Singh Road", "highway": "tertiary", "slope_pct": 0.6 }, "geometry": { "type": "LineString", "coordinates": [ [ 75.7774188, 26.901718 ], [ 75.7774794, 26.9018304 ], [ 75.7775188, 26.9019008 ], [ 75.7781502, 26.9022977 ], [ 75.779465, 26.9030774 ], [ 75.7796267, 26.9031729 ], [ 75.7799275, 26.9033539 ], [ 75.7809435, 26.9039613 ], [ 75.7818408, 26.9044978 ], [ 75.7819001, 26.904531 ], [ 75.7831749, 26.9052441 ], [ 75.7836502, 26.90551 ], [ 75.7843014, 26.9058744 ], [ 75.7844384, 26.9059536 ] ] } },
{ "type": "Feature", "properties": { "name": "Acharya Shri Tulsi Setu", "highway": "trunk", "slope_pct": 0.6 }, "geometry": { "type": "LineString", "coordinates": [ [ 75.7836808, 26.9107781 ], [ 75.7840877, 26.9109261 ], [ 75.7843614, 26.91102 ], [ 75.7848741, 26.9111827 ], [ 75.7852633, 26.9113188 ], [ 75.7855887, 26.9114616 ], [ 75.7859183, 26.9116221 ], [ 75.786199, 26.9117692 ], [ 75.786654, 26.9120248 ], [ 75.7871906, 26.9123218 ], [ 75.7876582, 26.9125622 ], [ 75.7882454, 26.9128128 ], [ 75.7887888, 26.9130055 ], [ 75.7891052, 26.9130989 ], [ 75.7893429, 26.9131691 ], [ 75.7899133, 26.9133406 ], [ 75.7900971, 26.9133785 ], [ 75.7902917, 26.9133961 ] ] } },
{ "type": "Feature", "properties": { "name": "Arterial Link", "highway": "residential", "slope_pct": 0.6 }, "geometry": { "type": "LineString", "coordinates": [ [ 75.7813277, 26.9118073 ], [ 75.7810218, 26.9118273 ], [ 75.7809947, 26.9118495 ], [ 75.7807508, 26.9118696 ], [ 75.7807395, 26.9120408 ], [ 75.780805, 26.9120489 ], [ 75.7807757, 26.9123006 ], [ 75.7808118, 26.9126631 ], [ 75.7808526, 26.9127614 ], [ 75.7808587, 26.9127761 ], [ 75.7808672, 26.9129775 ], [ 75.780891, 26.9135456 ], [ 75.7808974, 26.9136992 ], [ 75.780899, 26.9137376 ], [ 75.7809078, 26.9139455 ], [ 75.7809177, 26.9141825 ] ] } },
{ "type": "Feature", "properties": { "name": "Arterial Link", "highway": "residential", "slope_pct": 0.6 }, "geometry": { "type": "LineString", "coordinates": [ [ 75.7793513, 26.9100209 ], [ 75.7794638, 26.9100455 ], [ 75.779697, 26.9101209 ], [ 75.7798399, 26.9101573 ], [ 75.7798457, 26.910334 ], [ 75.7798449, 26.9104705 ], [ 75.7798556, 26.9109297 ], [ 75.7798542, 26.910975 ], [ 75.7798288, 26.9117908 ], [ 75.7791071, 26.9118094 ] ] } },
{ "type": "Feature", "properties": { "name": "Arterial Link", "highway": "residential", "slope_pct": 0.6 }, "geometry": { "type": "LineString", "coordinates": [ [ 75.781363, 26.9129531 ], [ 75.7813453, 26.9123776 ], [ 75.7813277, 26.9118073 ], [ 75.7813254, 26.9117334 ], [ 75.7820842, 26.9116833 ], [ 75.7821945, 26.911676 ], [ 75.7822515, 26.9109201 ], [ 75.7822541, 26.9108856 ], [ 75.7823983, 26.9102983 ], [ 75.7824186, 26.9102638 ] ] } },
{ "type": "Feature", "properties": { "name": "Arterial Link", "highway": "residential", "slope_pct": 0.6 }, "geometry": { "type": "LineString", "coordinates": [ [ 75.7789329, 26.9151296 ], [ 75.7788598, 26.9147837 ], [ 75.7787996, 26.9144984 ], [ 75.7788154, 26.9144056 ], [ 75.7788952, 26.9139381 ], [ 75.7790127, 26.9132495 ], [ 75.7790669, 26.9129317 ], [ 75.7790918, 26.9127858 ], [ 75.7791368, 26.9125226 ], [ 75.779118, 26.9123306 ], [ 75.7791145, 26.9121622 ], [ 75.7791081, 26.9118585 ], [ 75.7791071, 26.9118094 ], [ 75.7790831, 26.9106619 ], [ 75.7790905, 26.9106443 ], [ 75.7793513, 26.9100209 ] ] } },
{ "type": "Feature", "properties": { "name": "Arterial Link", "highway": "residential", "slope_pct": 0.6 }, "geometry": { "type": "LineString", "coordinates": [ [ 75.7858202, 26.9055126 ], [ 75.7862074, 26.9049457 ], [ 75.786459, 26.9050981 ], [ 75.7875693, 26.9057706 ] ] } },
{ "type": "Feature", "properties": { "name": "Arterial Link", "highway": "residential", "slope_pct": 0.6 }, "geometry": { "type": "LineString", "coordinates": [ [ 75.7863648, 26.9100528 ], [ 75.7858079, 26.910069 ] ] } },
{ "type": "Feature", "properties": { "name": "Arterial Link", "highway": "residential", "slope_pct": 0.6 }, "geometry": { "type": "LineString", "coordinates": [ [ 75.7858132, 26.9109268 ], [ 75.7863587, 26.9109495 ], [ 75.7863648, 26.9100528 ], [ 75.7863659, 26.9098844 ], [ 75.7863405, 26.9096318 ] ] } },
{ "type": "Feature", "properties": { "name": "Arterial Link", "highway": "residential", "slope_pct": 0.6 }, "geometry": { "type": "LineString", "coordinates": [ [ 75.7838052, 26.9116668 ], [ 75.7837384, 26.9120514 ], [ 75.7837136, 26.9123102 ], [ 75.7837025, 26.9124268 ], [ 75.7837005, 26.9127054 ], [ 75.7836998, 26.9127959 ], [ 75.7836977, 26.9130908 ], [ 75.7837025, 26.9132372 ], [ 75.7837142, 26.9135273 ], [ 75.783723, 26.9137454 ], [ 75.7837179, 26.9140796 ] ] } },
{ "type": "Feature", "properties": { "name": "Arterial Link", "highway": "residential", "slope_pct": 0.6 }, "geometry": { "type": "LineString", "coordinates": [ [ 75.7793953, 26.9075533 ], [ 75.7790672, 26.9074954 ], [ 75.7791399, 26.9071399 ], [ 75.77917, 26.9069656 ], [ 75.7791878, 26.9068187 ], [ 75.7791982, 26.906733 ], [ 75.7792445, 26.9064621 ], [ 75.7792987, 26.9061358 ], [ 75.7793202, 26.9060008 ], [ 75.7793288, 26.905944 ], [ 75.7793665, 26.9056957 ], [ 75.779397, 26.9055728 ], [ 75.7794376, 26.9052072 ], [ 75.7794715, 26.9050169 ], [ 75.7792739, 26.9050192 ], [ 75.7792369, 26.9050269 ], [ 75.7792208, 26.9050525 ], [ 75.7792044, 26.905122 ], [ 75.7791858, 26.9051403 ], [ 75.7791599, 26.905148 ], [ 75.7789807, 26.9051455 ] ] } },
{ "type": "Feature", "properties": { "name": "Arterial Link", "highway": "residential", "slope_pct": 0.6 }, "geometry": { "type": "LineString", "coordinates": [ [ 75.7792353, 26.9082796 ], [ 75.7792573, 26.9081879 ], [ 75.779386, 26.9075897 ], [ 75.7793953, 26.9075533 ], [ 75.7795799, 26.9075669 ], [ 75.7796108, 26.9075526 ], [ 75.7796319, 26.9075218 ], [ 75.7796515, 26.9074719 ], [ 75.7796555, 26.9073541 ], [ 75.779678, 26.9071432 ], [ 75.7797244, 26.9068505 ], [ 75.7797771, 26.9065065 ], [ 75.7798588, 26.9060049 ], [ 75.7798844, 26.905848 ], [ 75.7798998, 26.9057532 ], [ 75.7799155, 26.9056474 ], [ 75.7800229, 26.9050792 ], [ 75.7800326, 26.9049917 ], [ 75.7800468, 26.9049729 ], [ 75.780069, 26.9049591 ], [ 75.7804006, 26.9049504 ], [ 75.7805526, 26.9049465 ] ] } },
{ "type": "Feature", "properties": { "name": "Arterial Link", "highway": "residential", "slope_pct": 0.6 }, "geometry": { "type": "LineString", "coordinates": [ [ 75.7810547, 26.9092946 ], [ 75.7810431, 26.9087342 ], [ 75.7810623, 26.9086124 ], [ 75.7811373, 26.9081937 ], [ 75.7811884, 26.9079259 ], [ 75.78119, 26.9079074 ], [ 75.7808772, 26.9078892 ], [ 75.7807237, 26.9078803 ], [ 75.7807108, 26.9077125 ], [ 75.7806869, 26.9074003 ], [ 75.780685, 26.907331 ], [ 75.7806789, 26.9071112 ], [ 75.7807118, 26.9068935 ], [ 75.7807187, 26.9068477 ], [ 75.7807604, 26.9065714 ], [ 75.7807919, 26.9063541 ], [ 75.7808339, 26.9060644 ], [ 75.7808615, 26.9059049 ], [ 75.7809026, 26.9056684 ], [ 75.7809984, 26.9051571 ], [ 75.7812252, 26.905281 ], [ 75.7812667, 26.9052696 ], [ 75.7813222, 26.9051936 ], [ 75.7814664, 26.9049962 ], [ 75.7808234, 26.9046503 ], [ 75.7806914, 26.9045793 ] ] } },
{ "type": "Feature", "properties": { "name": "Arterial Link", "highway": "residential", "slope_pct": 0.6 }, "geometry": { "type": "LineString", "coordinates": [ [ 75.7801689, 26.9071544 ], [ 75.7802221, 26.9068338 ], [ 75.7802816, 26.9064591 ], [ 75.7803738, 26.9059098 ], [ 75.7804487, 26.9054641 ], [ 75.7805526, 26.9049465 ] ] } },
{ "type": "Feature", "properties": { "name": "Ajmer Road", "highway": "trunk", "slope_pct": 0.6 }, "geometry": { "type": "LineString", "coordinates": [ [ 75.7749587, 26.9032732 ], [ 75.7750316, 26.9034221 ], [ 75.7751096, 26.9035812 ], [ 75.7754456, 26.9041768 ], [ 75.7756493, 26.9045032 ], [ 75.7758376, 26.9048049 ], [ 75.775853, 26.9048261 ], [ 75.7761035, 26.9051726 ], [ 75.7764966, 26.9056839 ], [ 75.7768421, 26.9060986 ], [ 75.7768723, 26.9061348 ], [ 75.7769599, 26.9062401 ], [ 75.7774795, 26.9068719 ], [ 75.7775546, 26.9069551 ], [ 75.7778727, 26.9073076 ], [ 75.7780444, 26.9074895 ], [ 75.7783983, 26.9078268 ], [ 75.7784866, 26.9079077 ], [ 75.7787295, 26.9081301 ], [ 75.7790225, 26.9083801 ], [ 75.7790703, 26.9084209 ], [ 75.7791903, 26.9085248 ], [ 75.7792566, 26.9085712 ], [ 75.779531, 26.9087488 ], [ 75.7798634, 26.9089282 ], [ 75.780015, 26.9090097 ], [ 75.7803397, 26.9091844 ], [ 75.7809175, 26.909479 ], [ 75.7810654, 26.9095542 ], [ 75.7812407, 26.9096432 ], [ 75.7816274, 26.9098448 ], [ 75.7817368, 26.9099018 ], [ 75.7824186, 26.9102638 ], [ 75.7824363, 26.9102744 ], [ 75.7824771, 26.9103002 ], [ 75.7830469, 26.9105651 ], [ 75.7831343, 26.9106057 ], [ 75.783316, 26.9106887 ], [ 75.7835933, 26.9108092 ], [ 75.7836651, 26.9108373 ], [ 75.7839735, 26.9109578 ], [ 75.7843382, 26.9110785 ], [ 75.7844562, 26.9111132 ], [ 75.7847924, 26.911212 ], [ 75.7850046, 26.9112836 ], [ 75.785222, 26.9113546 ], [ 75.7853094, 26.9113934 ], [ 75.7857916, 26.9116034 ], [ 75.7862142, 26.9118238 ], [ 75.7869416, 26.9122423 ], [ 75.7872313, 26.912308 ], [ 75.7874026, 26.9123768 ] ] } },
{ "type": "Feature", "properties": { "name": "Ajmer Road", "highway": "trunk", "slope_pct": 0.6 }, "geometry": { "type": "LineString", "coordinates": [ [ 75.7874736, 26.9123142 ], [ 75.7872702, 26.9122344 ], [ 75.7869087, 26.9120148 ], [ 75.7864728, 26.9117761 ], [ 75.7863801, 26.9117253 ], [ 75.7863121, 26.911688 ], [ 75.7860266, 26.9115316 ], [ 75.7857766, 26.9113947 ], [ 75.7854648, 26.9112414 ], [ 75.7850166, 26.9110644 ], [ 75.7847762, 26.9109806 ], [ 75.7845438, 26.9108995 ], [ 75.7845273, 26.9108942 ], [ 75.7844445, 26.9108674 ], [ 75.7840421, 26.9107373 ], [ 75.7836953, 26.9106044 ], [ 75.7830538, 26.910295 ], [ 75.7829862, 26.9102624 ], [ 75.7829711, 26.9102546 ], [ 75.7817687, 26.9096335 ], [ 75.7816643, 26.909584 ], [ 75.7812028, 26.9093628 ], [ 75.7810547, 26.9092946 ], [ 75.7807627, 26.9091416 ], [ 75.780427, 26.9089648 ], [ 75.7799694, 26.9087484 ], [ 75.7797687, 26.9086305 ], [ 75.7795216, 26.9084854 ], [ 75.7793122, 26.9083362 ], [ 75.7792353, 26.9082796 ], [ 75.779033, 26.9081207 ], [ 75.7783054, 26.9074276 ], [ 75.778037, 26.9071683 ], [ 75.777835, 26.9069655 ], [ 75.7775993, 26.9066903 ], [ 75.7771264, 26.9060966 ], [ 75.777057, 26.9060211 ], [ 75.7770247, 26.9059805 ], [ 75.7763574, 26.9051412 ], [ 75.7762581, 26.9050045 ], [ 75.7760773, 26.9047617 ], [ 75.775846, 26.9044353 ], [ 75.7755516, 26.9039312 ] ] } },
{ "type": "Feature", "properties": { "name": "Arterial Link", "highway": "residential", "slope_pct": 0.6 }, "geometry": { "type": "LineString", "coordinates": [ [ 75.779629, 26.9127008 ], [ 75.779606, 26.9121418 ] ] } },
{ "type": "Feature", "properties": { "name": "Arterial Link", "highway": "residential", "slope_pct": 0.6 }, "geometry": { "type": "LineString", "coordinates": [ [ 75.7791145, 26.9121622 ], [ 75.779606, 26.9121418 ], [ 75.7797249, 26.9121369 ] ] } },
{ "type": "Feature", "properties": { "name": "Arterial Link", "highway": "residential", "slope_pct": 0.6 }, "geometry": { "type": "LineString", "coordinates": [ [ 75.7813453, 26.9123776 ], [ 75.7821194, 26.9123457 ], [ 75.7825965, 26.912326 ], [ 75.7829176, 26.9123127 ], [ 75.7833392, 26.9123184 ], [ 75.7833456, 26.9116662 ] ] } },
{ "type": "Feature", "properties": { "name": "Arterial Link", "highway": "residential", "slope_pct": 0.6 }, "geometry": { "type": "LineString", "coordinates": [ [ 75.7800035, 26.912889 ], [ 75.7800131, 26.9125906 ], [ 75.7800299, 26.9123695 ], [ 75.7800155, 26.9121141 ], [ 75.7802562, 26.9121313 ], [ 75.7802995, 26.9120497 ], [ 75.7803188, 26.9119724 ], [ 75.7803196, 26.9118708 ] ] } },
{ "type": "Feature", "properties": { "name": "Arterial Link", "highway": "residential", "slope_pct": 0.6 }, "geometry": { "type": "LineString", "coordinates": [ [ 75.7813222, 26.9051936 ], [ 75.7827473, 26.9060312 ] ] } },
{ "type": "Feature", "properties": { "name": "Raj Bhawan Road", "highway": "tertiary", "slope_pct": 0.6 }, "geometry": { "type": "LineString", "coordinates": [ [ 75.7844709, 26.9059527 ], [ 75.7850732, 26.9050935 ], [ 75.7865947, 26.9029947 ], [ 75.7866493, 26.9029123 ] ] } },
{ "type": "Feature", "properties": { "name": "Sawai Pratap Singh Road", "highway": "tertiary", "slope_pct": 0.6 }, "geometry": { "type": "LineString", "coordinates": [ [ 75.7844886, 26.9059866 ], [ 75.7852796, 26.9064441 ], [ 75.7855371, 26.9065953 ], [ 75.7863936, 26.9070982 ], [ 75.7873946, 26.9076859 ], [ 75.7878985, 26.9079933 ], [ 75.7882702, 26.9082099 ], [ 75.7892497, 26.9087831 ], [ 75.7895946, 26.909026 ] ] } },
{ "type": "Feature", "properties": { "name": "Arterial Link", "highway": "residential", "slope_pct": 0.6 }, "geometry": { "type": "LineString", "coordinates": [ [ 75.7793513, 26.9100209 ], [ 75.7786873, 26.9098004 ], [ 75.7777488, 26.9094889 ], [ 75.7772775, 26.9093325 ], [ 75.7771466, 26.909289 ], [ 75.7769955, 26.9092417 ], [ 75.7767191, 26.9091553 ], [ 75.7765882, 26.9091143 ], [ 75.7764263, 26.9090637 ], [ 75.7760232, 26.9089459 ], [ 75.7759543, 26.9089235 ] ] } },
{ "type": "Feature", "properties": { "name": "Arterial Link", "highway": "residential", "slope_pct": 0.6 }, "geometry": { "type": "LineString", "coordinates": [ [ 75.7871944, 26.9062892 ], [ 75.7858202, 26.9055126 ], [ 75.7850732, 26.9050935 ] ] } },
{ "type": "Feature", "properties": { "name": "Raj Bhawan Road", "highway": "tertiary", "slope_pct": 0.6 }, "geometry": { "type": "LineString", "coordinates": [ [ 75.7817687, 26.9096335 ], [ 75.7820914, 26.9092061 ], [ 75.7821635, 26.9091073 ], [ 75.7825201, 26.9086168 ], [ 75.7826176, 26.908485 ], [ 75.7829747, 26.9079957 ], [ 75.7833777, 26.9074435 ], [ 75.7837085, 26.9069901 ], [ 75.7844358, 26.9060042 ] ] } },
{ "type": "Feature", "properties": { "name": "Arterial Link", "highway": "residential", "slope_pct": 0.6 }, "geometry": { "type": "LineString", "coordinates": [ [ 75.7836995, 26.9104968 ], [ 75.7839113, 26.9100208 ], [ 75.7839301, 26.909918 ], [ 75.7838976, 26.9097353 ], [ 75.7839207, 26.9093447 ] ] } },
{ "type": "Feature", "properties": { "name": "Arterial Link", "highway": "residential", "slope_pct": 0.6 }, "geometry": { "type": "LineString", "coordinates": [ [ 75.7831702, 26.909311 ], [ 75.7832351, 26.9091986 ], [ 75.7833981, 26.9089163 ] ] } },
{ "type": "Feature", "properties": { "name": "Arterial Link", "highway": "residential", "slope_pct": 0.6 }, "geometry": { "type": "LineString", "coordinates": [ [ 75.7837363, 26.9083299 ], [ 75.7833981, 26.9089163 ], [ 75.7836177, 26.9090004 ] ] } },
{ "type": "Feature", "properties": { "name": "Arterial Link", "highway": "residential", "slope_pct": 0.6 }, "geometry": { "type": "LineString", "coordinates": [ [ 75.7846932, 26.9085164 ], [ 75.7844427, 26.9083545 ], [ 75.7845734, 26.908157 ], [ 75.7842762, 26.9079886 ] ] } },
{ "type": "Feature", "properties": { "name": "Arterial Link", "highway": "residential", "slope_pct": 0.6 }, "geometry": { "type": "LineString", "coordinates": [ [ 75.7843382, 26.9110785 ], [ 75.784195, 26.9116567 ], [ 75.7841132, 26.9119827 ], [ 75.7840413, 26.9120285 ], [ 75.7837384, 26.9120514 ] ] } },
{ "type": "Feature", "properties": { "name": "Arterial Link", "highway": "residential", "slope_pct": 0.6 }, "geometry": { "type": "LineString", "coordinates": [ [ 75.7852518, 26.9082495 ], [ 75.7846998, 26.9079987 ], [ 75.7843802, 26.9078535 ], [ 75.7842762, 26.9079886 ], [ 75.783941, 26.9084239 ], [ 75.7836177, 26.9090004 ] ] } },
{ "type": "Feature", "properties": { "name": "Arterial Link", "highway": "residential", "slope_pct": 0.6 }, "geometry": { "type": "LineString", "coordinates": [ [ 75.7857766, 26.9113947 ], [ 75.7858137, 26.9110532 ], [ 75.7858132, 26.9109268 ], [ 75.7858101, 26.9101403 ], [ 75.7858079, 26.910069 ], [ 75.7857904, 26.9094956 ], [ 75.7857847, 26.9093082 ] ] } },
{ "type": "Feature", "properties": { "name": "Arterial Link", "highway": "residential", "slope_pct": 0.6 }, "geometry": { "type": "LineString", "coordinates": [ [ 75.7829747, 26.9079957 ], [ 75.7836176, 26.9082753 ], [ 75.7837363, 26.9083299 ], [ 75.783941, 26.9084239 ], [ 75.7843292, 26.9086023 ], [ 75.78438, 26.909266 ], [ 75.7844693, 26.909262 ], [ 75.7849144, 26.9092423 ], [ 75.7851098, 26.9092336 ], [ 75.7851279, 26.9092822 ], [ 75.7853517, 26.9093543 ], [ 75.7857904, 26.9094956 ] ] } },
{ "type": "Feature", "properties": { "name": "Arterial Link", "highway": "residential", "slope_pct": 0.6 }, "geometry": { "type": "LineString", "coordinates": [ [ 75.7846703, 26.9098658 ], [ 75.7847704, 26.9096254 ], [ 75.7844527, 26.9095695 ], [ 75.7841979, 26.9095247 ], [ 75.7841825, 26.9093347 ], [ 75.7839207, 26.9093447 ], [ 75.7834663, 26.9093621 ], [ 75.7831702, 26.909311 ], [ 75.7826285, 26.9092174 ], [ 75.7821635, 26.9091073 ] ] } },
{ "type": "Feature", "properties": { "name": "Arterial Link", "highway": "residential", "slope_pct": 0.6 }, "geometry": { "type": "LineString", "coordinates": [ [ 75.7798844, 26.905848 ], [ 75.7803738, 26.9059098 ] ] } },
{ "type": "Feature", "properties": { "name": "Arterial Link", "highway": "residential", "slope_pct": 0.6 }, "geometry": { "type": "LineString", "coordinates": [ [ 75.7822359, 26.9065432 ], [ 75.7823177, 26.9059873 ] ] } },
{ "type": "Feature", "properties": { "name": "Arterial Link", "highway": "residential", "slope_pct": 0.6 }, "geometry": { "type": "LineString", "coordinates": [ [ 75.78119, 26.9079074 ], [ 75.781224, 26.9078827 ], [ 75.7812423, 26.9076608 ], [ 75.7814879, 26.9076374 ], [ 75.781556, 26.9076309 ], [ 75.7820286, 26.9076716 ], [ 75.7824211, 26.9077054 ], [ 75.7824475, 26.9077032 ], [ 75.7824647, 26.9076761 ], [ 75.7824573, 26.9069763 ], [ 75.7827464, 26.9069743 ], [ 75.7828345, 26.906938 ], [ 75.7829884, 26.9067242 ], [ 75.7830491, 26.9066399 ], [ 75.7830265, 26.9066077 ], [ 75.7829361, 26.9065775 ], [ 75.7827102, 26.9065634 ], [ 75.7822359, 26.9065432 ], [ 75.7818291, 26.9065061 ], [ 75.7816215, 26.9064768 ], [ 75.7807919, 26.9063541 ] ] } },
{ "type": "Feature", "properties": { "name": "Arterial Link", "highway": "residential", "slope_pct": 0.6 }, "geometry": { "type": "LineString", "coordinates": [ [ 75.7808615, 26.9059049 ], [ 75.7818704, 26.9060316 ], [ 75.7818291, 26.9065061 ] ] } },
{ "type": "Feature", "properties": { "name": "Arterial Link", "highway": "residential", "slope_pct": 0.6 }, "geometry": { "type": "LineString", "coordinates": [ [ 75.7826176, 26.908485 ], [ 75.7821819, 26.9082334 ], [ 75.7819312, 26.9086342 ] ] } },
{ "type": "Feature", "properties": { "name": "Arterial Link", "highway": "residential", "slope_pct": 0.6 }, "geometry": { "type": "LineString", "coordinates": [ [ 75.7816756, 26.9090032 ], [ 75.7816865, 26.9083203 ], [ 75.7816856, 26.908087 ] ] } },
{ "type": "Feature", "properties": { "name": "Arterial Link", "highway": "residential", "slope_pct": 0.6 }, "geometry": { "type": "LineString", "coordinates": [ [ 75.7807187, 26.9068477 ], [ 75.781242, 26.906912 ], [ 75.7815199, 26.9069461 ], [ 75.7819218, 26.9069738 ], [ 75.7824573, 26.9069763 ] ] } },
{ "type": "Feature", "properties": { "name": "Arterial Link", "highway": "residential", "slope_pct": 0.6 }, "geometry": { "type": "LineString", "coordinates": [ [ 75.7796515, 26.9074719 ], [ 75.779797, 26.9074552 ], [ 75.7798511, 26.9074339 ], [ 75.7798871, 26.9074149 ], [ 75.7799295, 26.9073979 ], [ 75.7800168, 26.9073795 ], [ 75.7801177, 26.9073855 ], [ 75.7804595, 26.9074057 ] ] } },
{ "type": "Feature", "properties": { "name": "Arterial Link", "highway": "residential", "slope_pct": 0.6 }, "geometry": { "type": "LineString", "coordinates": [ [ 75.7797687, 26.9086305 ], [ 75.7797762, 26.9085705 ], [ 75.7798109, 26.9082934 ], [ 75.7797679, 26.908229 ], [ 75.7797855, 26.9078159 ], [ 75.7798083, 26.9077975 ], [ 75.7802462, 26.9078308 ] ] } },
{ "type": "Feature", "properties": { "name": "Arterial Link", "highway": "residential", "slope_pct": 0.6 }, "geometry": { "type": "LineString", "coordinates": [ [ 75.780318, 26.9113613 ], [ 75.7806851, 26.9113493 ], [ 75.7808729, 26.9113432 ] ] } },
{ "type": "Feature", "properties": { "name": "Arterial Link", "highway": "residential", "slope_pct": 0.6 }, "geometry": { "type": "LineString", "coordinates": [ [ 75.7815756, 26.9080568 ], [ 75.781556, 26.9076309 ] ] } },
{ "type": "Feature", "properties": { "name": "Arterial Link", "highway": "residential", "slope_pct": 0.6 }, "geometry": { "type": "LineString", "coordinates": [ [ 75.7793288, 26.905944 ], [ 75.7798588, 26.9060049 ] ] } },
{ "type": "Feature", "properties": { "name": "Arterial Link", "highway": "residential", "slope_pct": 0.6 }, "geometry": { "type": "LineString", "coordinates": [ [ 75.7818704, 26.9060316 ], [ 75.7819212, 26.9058483 ] ] } },
{ "type": "Feature", "properties": { "name": "Arterial Link", "highway": "residential", "slope_pct": 0.6 }, "geometry": { "type": "LineString", "coordinates": [ [ 75.7802221, 26.9068338 ], [ 75.7807118, 26.9068935 ] ] } },
{ "type": "Feature", "properties": { "name": "Arterial Link", "highway": "residential", "slope_pct": 0.6 }, "geometry": { "type": "LineString", "coordinates": [ [ 75.781908, 26.9072491 ], [ 75.7819218, 26.9069738 ] ] } },
{ "type": "Feature", "properties": { "name": "Arterial Link", "highway": "residential", "slope_pct": 0.6 }, "geometry": { "type": "LineString", "coordinates": [ [ 75.7794891, 26.9077255 ], [ 75.7796212, 26.9077215 ], [ 75.7797081, 26.9077164 ], [ 75.7797951, 26.9076872 ], [ 75.7798007, 26.9076721 ] ] } },
{ "type": "Feature", "properties": { "name": "Arterial Link", "highway": "residential", "slope_pct": 0.6 }, "geometry": { "type": "LineString", "coordinates": [ [ 75.7833777, 26.9074435 ], [ 75.7831919, 26.907352 ], [ 75.7831739, 26.9073178 ], [ 75.7834065, 26.9069835 ], [ 75.7829884, 26.9067242 ] ] } },
{ "type": "Feature", "properties": { "name": "Arterial Link", "highway": "residential", "slope_pct": 0.6 }, "geometry": { "type": "LineString", "coordinates": [ [ 75.780685, 26.907331 ], [ 75.7810433, 26.9073352 ], [ 75.7810772, 26.9073452 ], [ 75.7810795, 26.9075547 ], [ 75.7811021, 26.9076151 ], [ 75.7812423, 26.9076608 ] ] } },
{ "type": "Feature", "properties": { "name": "Arterial Link", "highway": "residential", "slope_pct": 0.6 }, "geometry": { "type": "LineString", "coordinates": [ [ 75.7813254, 26.9117334 ], [ 75.7812523, 26.9117138 ], [ 75.7808638, 26.9117077 ], [ 75.7808729, 26.9113432 ], [ 75.7810648, 26.9113332 ], [ 75.781073, 26.9109741 ], [ 75.7810761, 26.9108398 ] ] } },
{ "type": "Feature", "properties": { "name": "Arterial Link", "highway": "residential", "slope_pct": 0.6 }, "geometry": { "type": "LineString", "coordinates": [ [ 75.7807627, 26.9091416 ], [ 75.7808112, 26.9089459 ], [ 75.7808294, 26.908845 ], [ 75.7807969, 26.9087659 ], [ 75.7807509, 26.9086895 ], [ 75.7807431, 26.9086586 ], [ 75.7807448, 26.9086224 ], [ 75.7808148, 26.9082595 ], [ 75.7808772, 26.9078892 ] ] } },
{ "type": "Feature", "properties": { "name": "Arterial Link", "highway": "residential", "slope_pct": 0.6 }, "geometry": { "type": "LineString", "coordinates": [ [ 75.7798288, 26.9117908 ], [ 75.7799944, 26.9118306 ], [ 75.7801615, 26.9118588 ], [ 75.7802473, 26.9118688 ], [ 75.7803196, 26.9118708 ] ] } },
{ "type": "Feature", "properties": { "name": "Arterial Link", "highway": "residential", "slope_pct": 0.6 }, "geometry": { "type": "LineString", "coordinates": [ [ 75.7803196, 26.9118708 ], [ 75.7803196, 26.9115124 ], [ 75.780318, 26.9113613 ], [ 75.7803142, 26.9109946 ], [ 75.7803139, 26.9109684 ], [ 75.7803128, 26.9108619 ], [ 75.7806516, 26.9108458 ], [ 75.7810761, 26.9108398 ], [ 75.7816729, 26.9108434 ], [ 75.7822541, 26.9108856 ] ] } },
{ "type": "Feature", "properties": { "name": "Arterial Link", "highway": "residential", "slope_pct": 0.6 }, "geometry": { "type": "LineString", "coordinates": [ [ 75.7807108, 26.9077125 ], [ 75.7803574, 26.9077124 ], [ 75.7801474, 26.9076903 ], [ 75.7798007, 26.9076721 ], [ 75.7797973, 26.9075654 ], [ 75.779797, 26.9074552 ] ] } },
{ "type": "Feature", "properties": { "name": "Arterial Link", "highway": "residential", "slope_pct": 0.6 }, "geometry": { "type": "LineString", "coordinates": [ [ 75.7838052, 26.9116668 ], [ 75.783818, 26.9116134 ], [ 75.78391, 26.9115803 ], [ 75.7840834, 26.9116229 ], [ 75.784195, 26.9116567 ] ] } },
{ "type": "Feature", "properties": { "name": "Arterial Link", "highway": "residential", "slope_pct": 0.6 }, "geometry": { "type": "LineString", "coordinates": [ [ 75.7833392, 26.9123184 ], [ 75.7837136, 26.9123102 ] ] } },
{ "type": "Feature", "properties": { "name": "Arterial Link", "highway": "residential", "slope_pct": 0.6 }, "geometry": { "type": "LineString", "coordinates": [ [ 75.7798542, 26.910975 ], [ 75.7803139, 26.9109684 ] ] } },
{ "type": "Feature", "properties": { "name": "Arterial Link", "highway": "residential", "slope_pct": 0.6 }, "geometry": { "type": "LineString", "coordinates": [ [ 75.7821945, 26.911676 ], [ 75.7823465, 26.911652 ], [ 75.7825267, 26.9116504 ], [ 75.78258, 26.9116499 ], [ 75.78258, 26.9118394 ], [ 75.7825894, 26.9120309 ], [ 75.7825964, 26.9121246 ], [ 75.7825964, 26.9122433 ], [ 75.7825965, 26.912326 ] ] } },
{ "type": "Feature", "properties": { "name": "Arterial Link", "highway": "residential", "slope_pct": 0.6 }, "geometry": { "type": "LineString", "coordinates": [ [ 75.7816729, 26.9108434 ], [ 75.7816693, 26.9109973 ], [ 75.7816569, 26.9111188 ], [ 75.7816658, 26.9112198 ], [ 75.7816693, 26.9112813 ] ] } },
{ "type": "Feature", "properties": { "name": "Arterial Link", "highway": "residential", "slope_pct": 0.6 }, "geometry": { "type": "LineString", "coordinates": [ [ 75.7803142, 26.9109946 ], [ 75.7803586, 26.9110009 ], [ 75.7804683, 26.9110009 ], [ 75.7804948, 26.9109709 ], [ 75.7805585, 26.9109725 ], [ 75.780647, 26.910963 ], [ 75.7807284, 26.9109756 ], [ 75.7808258, 26.9109756 ], [ 75.7809479, 26.9109693 ], [ 75.781073, 26.9109741 ] ] } },
{ "type": "Feature", "properties": { "name": "Arterial Link", "highway": "residential", "slope_pct": 0.6 }, "geometry": { "type": "LineString", "coordinates": [ [ 75.7830491, 26.9066399 ], [ 75.7837085, 26.9069901 ] ] } },
{ "type": "Feature", "properties": { "name": "Arterial Link", "highway": "residential", "slope_pct": 0.6 }, "geometry": { "type": "LineString", "coordinates": [ [ 75.7835933, 26.9108092 ], [ 75.7832971, 26.9114511 ], [ 75.7832408, 26.911542 ], [ 75.7831818, 26.9115611 ], [ 75.7829913, 26.9115563 ], [ 75.7827285, 26.9115276 ], [ 75.7826051, 26.9114917 ], [ 75.7825729, 26.9114224 ], [ 75.7825837, 26.9113482 ], [ 75.7827669, 26.910959 ] ] } },
{ "type": "Feature", "properties": { "name": "Arterial Link", "highway": "tertiary", "slope_pct": 0.6 }, "geometry": { "type": "LineString", "coordinates": [ [ 75.7817687, 26.9096335 ], [ 75.7816274, 26.9098448 ] ] } },
{ "type": "Feature", "properties": { "name": "Arterial Link", "highway": "residential", "slope_pct": 0.6 }, "geometry": { "type": "LineString", "coordinates": [ [ 75.7849144, 26.9092423 ], [ 75.7847704, 26.9096254 ] ] } },
{ "type": "Feature", "properties": { "name": "Arterial Link", "highway": "residential", "slope_pct": 0.6 }, "geometry": { "type": "LineString", "coordinates": [ [ 75.7819875, 26.9080296 ], [ 75.7820286, 26.9076716 ] ] } },
{ "type": "Feature", "properties": { "name": "Arterial Link", "highway": "residential", "slope_pct": 0.6 }, "geometry": { "type": "LineString", "coordinates": [ [ 75.7820914, 26.9092061 ], [ 75.7816756, 26.9090032 ], [ 75.7810431, 26.9087342 ] ] } },
{ "type": "Feature", "properties": { "name": "Arterial Link", "highway": "residential", "slope_pct": 0.6 }, "geometry": { "type": "LineString", "coordinates": [ [ 75.7844527, 26.9095695 ], [ 75.7844693, 26.909262 ] ] } },
{ "type": "Feature", "properties": { "name": "Arterial Link", "highway": "residential", "slope_pct": 0.6 }, "geometry": { "type": "LineString", "coordinates": [ [ 75.7821194, 26.9123457 ], [ 75.7820842, 26.9116833 ] ] } },
{ "type": "Feature", "properties": { "name": "Arterial Link", "highway": "residential", "slope_pct": 0.6 }, "geometry": { "type": "LineString", "coordinates": [ [ 75.7822515, 26.9109201 ], [ 75.782648, 26.9109464 ], [ 75.7827669, 26.910959 ], [ 75.7830469, 26.9105651 ] ] } },
{ "type": "Feature", "properties": { "name": "Arterial Link", "highway": "residential", "slope_pct": 0.6 }, "geometry": { "type": "LineString", "coordinates": [ [ 75.7815824, 26.9113307 ], [ 75.7810648, 26.9113332 ] ] } },
{ "type": "Feature", "properties": { "name": "Arterial Link", "highway": "residential", "slope_pct": 0.6 }, "geometry": { "type": "LineString", "coordinates": [ [ 75.7825267, 26.9116504 ], [ 75.7826051, 26.9114917 ] ] } },
{ "type": "Feature", "properties": { "name": "Arterial Link", "highway": "residential", "slope_pct": 0.6 }, "geometry": { "type": "LineString", "coordinates": [ [ 75.7833456, 26.9116662 ], [ 75.7831759, 26.9116702 ] ] } },
{ "type": "Feature", "properties": { "name": "Arterial Link", "highway": "residential", "slope_pct": 0.6 }, "geometry": { "type": "LineString", "coordinates": [ [ 75.7814879, 26.9076374 ], [ 75.7815167, 26.9073689 ] ] } },
{ "type": "Feature", "properties": { "name": "Arterial Link", "highway": "residential", "slope_pct": 0.6 }, "geometry": { "type": "LineString", "coordinates": [ [ 75.78258, 26.9116499 ], [ 75.7828057, 26.9117019 ], [ 75.7828827, 26.911754 ] ] } },
{ "type": "Feature", "properties": { "name": "Arterial Link", "highway": "residential", "slope_pct": 0.6 }, "geometry": { "type": "LineString", "coordinates": [ [ 75.7825201, 26.9086168 ], [ 75.782462, 26.9085871 ], [ 75.782372, 26.9085411 ], [ 75.7821627, 26.9084522 ], [ 75.7821478, 26.9084532 ], [ 75.7821365, 26.9084589 ], [ 75.7820363, 26.908624 ], [ 75.7820391, 26.9086389 ], [ 75.7820495, 26.9086481 ], [ 75.7822466, 26.9087238 ], [ 75.7822671, 26.908719 ], [ 75.7822837, 26.9087058 ], [ 75.782372, 26.9085411 ] ] } },
{ "type": "Feature", "properties": { "name": "Arterial Link", "highway": "residential", "slope_pct": 0.6 }, "geometry": { "type": "LineString", "coordinates": [ [ 75.7804108, 26.9118708 ], [ 75.7806177, 26.9118628 ], [ 75.7807508, 26.9118696 ] ] } },
{ "type": "Feature", "properties": { "name": "Arterial Link", "highway": "residential", "slope_pct": 0.6 }, "geometry": { "type": "LineString", "coordinates": [ [ 75.781242, 26.906912 ], [ 75.7811959, 26.9072024 ] ] } },
{ "type": "Feature", "properties": { "name": "Arterial Link", "highway": "trunk_link", "slope_pct": 0.6 }, "geometry": { "type": "LineString", "coordinates": [ [ 75.7844562, 26.9111132 ], [ 75.7845273, 26.9108942 ] ] } },
{ "type": "Feature", "properties": { "name": "Arterial Link", "highway": "tertiary", "slope_pct": 0.6 }, "geometry": { "type": "LineString", "coordinates": [ [ 75.7844799, 26.9059586 ], [ 75.7844709, 26.9059527 ], [ 75.7844601, 26.9059497 ], [ 75.7844489, 26.90595 ], [ 75.7844384, 26.9059536 ], [ 75.7844297, 26.9059601 ], [ 75.784424, 26.9059687 ], [ 75.7844217, 26.9059785 ], [ 75.7844231, 26.9059884 ], [ 75.784428, 26.9059973 ], [ 75.7844358, 26.9060042 ], [ 75.7844457, 26.9060086 ], [ 75.7844567, 26.9060099 ], [ 75.7844675, 26.906008 ], [ 75.7844699, 26.9060068 ], [ 75.7844771, 26.9060031 ], [ 75.7844844, 26.9059957 ], [ 75.7844886, 26.9059866 ], [ 75.7844893, 26.9059765 ], [ 75.7844863, 26.9059669 ], [ 75.7844799, 26.9059586 ] ] } },
{ "type": "Feature", "properties": { "name": "Arterial Link", "highway": "residential", "slope_pct": 0.6 }, "geometry": { "type": "LineString", "coordinates": [ [ 75.781908, 26.9072491 ], [ 75.7815382, 26.9072159 ] ] } },
{ "type": "Feature", "properties": { "name": "Arterial Link", "highway": "residential", "slope_pct": 0.6 }, "geometry": { "type": "LineString", "coordinates": [ [ 75.786459, 26.9050981 ], [ 75.7868094, 26.9045955 ] ] } },
{ "type": "Feature", "properties": { "name": "Arterial Link", "highway": "residential", "slope_pct": 0.6 }, "geometry": { "type": "LineString", "coordinates": [ [ 75.7862074, 26.9049457 ], [ 75.785913, 26.9047707 ], [ 75.7872055, 26.9030973 ] ] } },
{ "type": "Feature", "properties": { "name": "Arterial Link", "highway": "residential", "slope_pct": 0.6 }, "geometry": { "type": "LineString", "coordinates": [ [ 75.7876474, 26.9050902 ], [ 75.7874888, 26.9043177 ], [ 75.7871376, 26.904126 ] ] } },
{ "type": "Feature", "properties": { "name": "Arterial Link", "highway": "residential", "slope_pct": 0.6 }, "geometry": { "type": "LineString", "coordinates": [ [ 75.788641, 26.9035041 ], [ 75.7888838, 26.9041966 ], [ 75.7888963, 26.9042687 ], [ 75.7888612, 26.904293 ], [ 75.7885814, 26.9043244 ], [ 75.7884998, 26.9043244 ], [ 75.7884798, 26.9043003 ], [ 75.7884331, 26.903943 ] ] } },
{ "type": "Feature", "properties": { "name": "Arterial Link", "highway": "residential", "slope_pct": 0.6 }, "geometry": { "type": "LineString", "coordinates": [ [ 75.7885213, 26.905646 ], [ 75.788649, 26.9055119 ], [ 75.788776, 26.9053575 ], [ 75.788806, 26.9053129 ], [ 75.7888453, 26.9052546 ], [ 75.7888857, 26.9051465 ], [ 75.7888974, 26.9050159 ], [ 75.7889319, 26.9046317 ], [ 75.7880733, 26.9048798 ] ] } },
{ "type": "Feature", "properties": { "name": "Arterial Link", "highway": "residential", "slope_pct": 0.6 }, "geometry": { "type": "LineString", "coordinates": [ [ 75.7868094, 26.9045955 ], [ 75.7871376, 26.904126 ], [ 75.7873791, 26.9037927 ] ] } },
{ "type": "Feature", "properties": { "name": "Arterial Link", "highway": "residential", "slope_pct": 0.6 }, "geometry": { "type": "LineString", "coordinates": [ [ 75.7880332, 26.9041738 ], [ 75.7880374, 26.9041949 ], [ 75.788038, 26.9042155 ], [ 75.7879982, 26.9043333 ], [ 75.7879802, 26.9043791 ], [ 75.7879818, 26.904441 ], [ 75.7880733, 26.9048798 ], [ 75.7881434, 26.9052724 ], [ 75.7881507, 26.9053177 ], [ 75.7881519, 26.9053497 ], [ 75.7881381, 26.9053979 ] ] } },
{ "type": "Feature", "properties": { "name": "Arterial Link", "highway": "residential", "slope_pct": 0.6 }, "geometry": { "type": "LineString", "coordinates": [ [ 75.7881381, 26.9053979 ], [ 75.7879272, 26.9052755 ], [ 75.7876474, 26.9050902 ], [ 75.7868094, 26.9045955 ] ] } },
{ "type": "Feature", "properties": { "name": "Shivaji Nagar Road", "highway": "residential", "slope_pct": 0.6 }, "geometry": { "type": "LineString", "coordinates": [ [ 75.7866493, 26.9029123 ], [ 75.7872055, 26.9030973 ], [ 75.787785, 26.9032641 ], [ 75.787879, 26.9032955 ], [ 75.7882693, 26.9034152 ], [ 75.788641, 26.9035041 ], [ 75.7890588, 26.9035817 ], [ 75.7893644, 26.9035863 ], [ 75.789612, 26.9035999 ], [ 75.7896415, 26.9039155 ], [ 75.7896514, 26.9042387 ], [ 75.7896592, 26.9044464 ] ] } },
{ "type": "Feature", "properties": { "name": "Arterial Link", "highway": "residential", "slope_pct": 0.6 }, "geometry": { "type": "LineString", "coordinates": [ [ 75.788806, 26.9053129 ], [ 75.7885083, 26.9050965 ] ] } },
{ "type": "Feature", "properties": { "name": "Arterial Link", "highway": "residential", "slope_pct": 0.6 }, "geometry": { "type": "LineString", "coordinates": [ [ 75.7888974, 26.9050159 ], [ 75.7890285, 26.9050262 ], [ 75.7891188, 26.9050483 ], [ 75.7892161, 26.9050877 ], [ 75.7892604, 26.9051209 ] ] } },
{ "type": "Feature", "properties": { "name": "Arterial Link", "highway": "residential", "slope_pct": 0.6 }, "geometry": { "type": "LineString", "coordinates": [ [ 75.7966494, 26.9046371 ], [ 75.795644, 26.9050252 ], [ 75.7949951, 26.9052794 ], [ 75.7947451, 26.9053796 ], [ 75.7945369, 26.905462 ], [ 75.7943182, 26.9055508 ], [ 75.7939694, 26.9056453 ] ] } },
{ "type": "Feature", "properties": { "name": "Arterial Link", "highway": "residential", "slope_pct": 0.6 }, "geometry": { "type": "LineString", "coordinates": [ [ 75.7967791, 26.9038428 ], [ 75.7953308, 26.904419 ] ] } },
{ "type": "Feature", "properties": { "name": "Arterial Link", "highway": "residential", "slope_pct": 0.6 }, "geometry": { "type": "LineString", "coordinates": [ [ 75.7937822, 26.9049509 ], [ 75.7939505, 26.9049077 ], [ 75.7940962, 26.9048661 ], [ 75.794277, 26.9048115 ], [ 75.7944285, 26.9047829 ], [ 75.7944892, 26.9047658 ], [ 75.7945859, 26.9047387 ], [ 75.7947288, 26.9046789 ], [ 75.7948978, 26.9045957 ], [ 75.7950828, 26.9044632 ] ] } },
{ "type": "Feature", "properties": { "name": "Arterial Link", "highway": "residential", "slope_pct": 0.6 }, "geometry": { "type": "LineString", "coordinates": [ [ 75.7947451, 26.9053796 ], [ 75.7946996, 26.9052092 ], [ 75.7946093, 26.9050116 ], [ 75.7945335, 26.9048869 ], [ 75.7944892, 26.9047658 ] ] } },
{ "type": "Feature", "properties": { "name": "Arterial Link", "highway": "residential", "slope_pct": 0.6 }, "geometry": { "type": "LineString", "coordinates": [ [ 75.7935419, 26.9044606 ], [ 75.7933531, 26.9044686 ], [ 75.7932619, 26.9044506 ], [ 75.7931184, 26.9044398 ], [ 75.7929883, 26.9044554 ], [ 75.7929427, 26.9044793 ], [ 75.7929266, 26.9045236 ], [ 75.79294, 26.9046503 ], [ 75.792932, 26.9047329 ], [ 75.7929011, 26.9048082 ] ] } },
{ "type": "Feature", "properties": { "name": "Arterial Link", "highway": "residential", "slope_pct": 0.6 }, "geometry": { "type": "LineString", "coordinates": [ [ 75.7950828, 26.9044632 ], [ 75.7952495, 26.9046479 ], [ 75.7953008, 26.9047105 ] ] } },
{ "type": "Feature", "properties": { "name": "Arterial Link", "highway": "tertiary", "slope_pct": 0.6 }, "geometry": { "type": "LineString", "coordinates": [ [ 75.7963133, 26.9112921 ], [ 75.7961896, 26.9113427 ], [ 75.7960743, 26.9113894 ], [ 75.7958791, 26.9114765 ], [ 75.795158, 26.9118371 ], [ 75.7949373, 26.9119298 ], [ 75.794546, 26.9120729 ], [ 75.7944411, 26.9121113 ], [ 75.794338, 26.9121105 ], [ 75.793436, 26.9121543 ], [ 75.7933196, 26.9121553 ], [ 75.792926, 26.9122056 ], [ 75.7927594, 26.9122135 ], [ 75.7922596, 26.9122205 ], [ 75.7920839, 26.9122229 ], [ 75.7915919, 26.9122213 ], [ 75.7914074, 26.9122207 ], [ 75.7906638, 26.9122326 ] ] } },
{ "type": "Feature", "properties": { "name": "Arterial Link", "highway": "residential", "slope_pct": 0.6 }, "geometry": { "type": "LineString", "coordinates": [ [ 75.792926, 26.9122056 ], [ 75.792666, 26.9129301 ], [ 75.7923225, 26.913795 ], [ 75.7931856, 26.9141002 ], [ 75.7934598, 26.9141729 ], [ 75.7935023, 26.9142207 ], [ 75.7935137, 26.9142986 ] ] } },
{ "type": "Feature", "properties": { "name": "Arterial Link", "highway": "residential", "slope_pct": 0.6 }, "geometry": { "type": "LineString", "coordinates": [ [ 75.7950074, 26.9129338 ], [ 75.7949732, 26.9123422 ], [ 75.7949373, 26.9119298 ] ] } },
{ "type": "Feature", "properties": { "name": "Subhash Marg", "highway": "residential", "slope_pct": 0.6 }, "geometry": { "type": "LineString", "coordinates": [ [ 75.795554, 26.9010934 ], [ 75.7958567, 26.9016948 ], [ 75.7961429, 26.9021796 ], [ 75.7962792, 26.902434 ], [ 75.7965491, 26.9030871 ], [ 75.7965578, 26.9031688 ], [ 75.7964957, 26.9032478 ], [ 75.7958886, 26.9034813 ], [ 75.7950821, 26.903811 ], [ 75.7950526, 26.9038703 ], [ 75.7950587, 26.9039273 ], [ 75.7953308, 26.904419 ], [ 75.795644, 26.9050252 ], [ 75.7959129, 26.9055916 ], [ 75.7960911, 26.9060497 ], [ 75.7963281, 26.906536 ] ] } },
{ "type": "Feature", "properties": { "name": "Arterial Link", "highway": "residential", "slope_pct": 0.6 }, "geometry": { "type": "LineString", "coordinates": [ [ 75.7964695, 26.9053705 ], [ 75.7959129, 26.9055916 ], [ 75.7956131, 26.9057126 ], [ 75.795311, 26.9058345 ], [ 75.7948601, 26.9060077 ] ] } },
{ "type": "Feature", "properties": { "name": "Arterial Link", "highway": "residential", "slope_pct": 0.6 }, "geometry": { "type": "LineString", "coordinates": [ [ 75.7949951, 26.9052794 ], [ 75.795311, 26.9058345 ], [ 75.7955331, 26.9062771 ], [ 75.7957223, 26.9066649 ] ] } },
{ "type": "Feature", "properties": { "name": "Arterial Link", "highway": "tertiary", "slope_pct": 0.6 }, "geometry": { "type": "LineString", "coordinates": [ [ 75.7940175, 26.907372 ], [ 75.7938699, 26.9073905 ], [ 75.7937163, 26.9074323 ], [ 75.793229, 26.9076166 ], [ 75.7924588, 26.9079079 ], [ 75.7916319, 26.9082336 ], [ 75.79074, 26.9085526 ] ] } },
{ "type": "Feature", "properties": { "name": "Arterial Link", "highway": "residential", "slope_pct": 0.6 }, "geometry": { "type": "LineString", "coordinates": [ [ 75.7951458, 26.9098619 ], [ 75.7950226, 26.9099114 ], [ 75.7949426, 26.9099394 ], [ 75.7948405, 26.9099707 ], [ 75.7941152, 26.9101272 ], [ 75.7930391, 26.9102819 ], [ 75.7920155, 26.9104008 ], [ 75.7905643, 26.9105731 ] ] } },
{ "type": "Feature", "properties": { "name": "Arterial Link", "highway": "tertiary", "slope_pct": 0.6 }, "geometry": { "type": "LineString", "coordinates": [ [ 75.7906638, 26.9122326 ], [ 75.7907136, 26.9131698 ], [ 75.7907918, 26.9136746 ] ] } },
{ "type": "Feature", "properties": { "name": "Parivahan Marg", "highway": "tertiary", "slope_pct": 0.6 }, "geometry": { "type": "LineString", "coordinates": [ [ 75.7905488, 26.902365 ], [ 75.7904122, 26.9029348 ], [ 75.7903148, 26.903727 ], [ 75.790314, 26.9037709 ], [ 75.7902794, 26.9055746 ], [ 75.7903126, 26.9065602 ], [ 75.790355, 26.9070514 ], [ 75.7904208, 26.9084243 ] ] } },
{ "type": "Feature", "properties": { "name": "Arterial Link", "highway": "tertiary", "slope_pct": 0.6 }, "geometry": { "type": "LineString", "coordinates": [ [ 75.7940532, 26.9060466 ], [ 75.7939694, 26.9056453 ], [ 75.7938512, 26.9051731 ], [ 75.7937822, 26.9049509 ], [ 75.7936432, 26.9044317 ], [ 75.7935963, 26.9041474 ] ] } },
{ "type": "Feature", "properties": { "name": "Arterial Link", "highway": "residential", "slope_pct": 0.6 }, "geometry": { "type": "LineString", "coordinates": [ [ 75.7924588, 26.9079079 ], [ 75.792412, 26.9075729 ], [ 75.7923493, 26.9069779 ], [ 75.7921859, 26.9068814 ], [ 75.7914151, 26.9069584 ], [ 75.7906132, 26.9070384 ], [ 75.7905123, 26.9070361 ], [ 75.790355, 26.9070514 ] ] } },
{ "type": "Feature", "properties": { "name": "Arterial Link", "highway": "residential", "slope_pct": 0.6 }, "geometry": { "type": "LineString", "coordinates": [ [ 75.7926883, 26.909507 ], [ 75.7930057, 26.909462 ], [ 75.7928562, 26.9089526 ], [ 75.7928192, 26.908834 ], [ 75.7927807, 26.9087641 ], [ 75.7923777, 26.9082064 ] ] } },
{ "type": "Feature", "properties": { "name": "Parivahan Marg", "highway": "tertiary", "slope_pct": 0.6 }, "geometry": { "type": "LineString", "coordinates": [ [ 75.79074, 26.9085526 ], [ 75.7906973, 26.908328 ], [ 75.7905123, 26.9070361 ], [ 75.7904803, 26.9067627 ], [ 75.7904299, 26.9061484 ], [ 75.7904313, 26.905826 ], [ 75.7904325, 26.9055708 ], [ 75.7904331, 26.9054354 ], [ 75.7904338, 26.9052829 ], [ 75.7904474, 26.9051238 ], [ 75.7904359, 26.9047979 ], [ 75.7904368, 26.9046131 ], [ 75.7904369, 26.9045812 ], [ 75.7904387, 26.9041639 ], [ 75.7904392, 26.9041388 ], [ 75.7904463, 26.9037602 ], [ 75.7904505, 26.9035375 ], [ 75.7905262, 26.9029045 ], [ 75.7905361, 26.9028216 ], [ 75.7906424, 26.9023768 ] ] } },
{ "type": "Feature", "properties": { "name": "Sardar Patel Marg", "highway": "tertiary", "slope_pct": 0.6 }, "geometry": { "type": "LineString", "coordinates": [ [ 75.793231, 26.9033943 ], [ 75.7932847, 26.9034831 ], [ 75.7933511, 26.903609 ], [ 75.7934876, 26.9040967 ], [ 75.7935308, 26.9044194 ], [ 75.7935419, 26.9044606 ], [ 75.793801, 26.9054203 ], [ 75.7938564, 26.9056727 ], [ 75.7938812, 26.9057855 ], [ 75.7939255, 26.9060961 ], [ 75.7938985, 26.9070896 ], [ 75.7938699, 26.9073905 ] ] } },
{ "type": "Feature", "properties": { "name": "Arterial Link", "highway": "residential", "slope_pct": 0.6 }, "geometry": { "type": "LineString", "coordinates": [ [ 75.7899359, 26.9065662 ], [ 75.7898703, 26.9065684 ], [ 75.7898265, 26.9065621 ], [ 75.7897826, 26.9065427 ], [ 75.7885213, 26.905646 ], [ 75.7881381, 26.9053979 ] ] } },
{ "type": "Feature", "properties": { "name": "Arterial Link", "highway": "residential", "slope_pct": 0.6 }, "geometry": { "type": "LineString", "coordinates": [ [ 75.788776, 26.9053575 ], [ 75.7897642, 26.9059854 ] ] } },
{ "type": "Feature", "properties": { "name": "Arterial Link", "highway": "residential", "slope_pct": 0.6 }, "geometry": { "type": "LineString", "coordinates": [ [ 75.7889319, 26.9046317 ], [ 75.7896592, 26.9044464 ], [ 75.7897642, 26.9059854 ], [ 75.7898703, 26.9065684 ] ] } },
{ "type": "Feature", "properties": { "name": "Arterial Link", "highway": "residential", "slope_pct": 0.6 }, "geometry": { "type": "LineString", "coordinates": [ [ 75.7879272, 26.9052755 ], [ 75.7875693, 26.9057706 ], [ 75.7871944, 26.9062892 ], [ 75.7878028, 26.9066516 ], [ 75.7886721, 26.9071694 ], [ 75.7887125, 26.9072569 ], [ 75.7887125, 26.9073495 ], [ 75.7886952, 26.9074628 ], [ 75.7882702, 26.9082099 ] ] } },
{ "type": "Feature", "properties": { "name": "Arterial Link", "highway": "residential", "slope_pct": 0.6 }, "geometry": { "type": "LineString", "coordinates": [ [ 75.7895255, 26.9124865 ], [ 75.7899034, 26.9124843 ], [ 75.7899329, 26.9127905 ], [ 75.7899118, 26.9128303 ], [ 75.7898797, 26.912847 ], [ 75.7894454, 26.9128404 ], [ 75.789042, 26.9127278 ], [ 75.7884389, 26.9125594 ], [ 75.787666, 26.9122723 ] ] } },
{ "type": "Feature", "properties": { "name": "Arterial Link", "highway": "residential", "slope_pct": 0.6 }, "geometry": { "type": "LineString", "coordinates": [ [ 75.7936518, 26.9123856 ], [ 75.7943433, 26.9123588 ], [ 75.794338, 26.9121105 ] ] } },
{ "type": "Feature", "properties": { "name": "Arterial Link", "highway": "tertiary", "slope_pct": 0.6 }, "geometry": { "type": "LineString", "coordinates": [ [ 75.7908291, 26.9087564 ], [ 75.7911407, 26.9086392 ], [ 75.7917251, 26.9084095 ], [ 75.7923528, 26.9081753 ], [ 75.7930876, 26.9078849 ], [ 75.7933085, 26.9077891 ], [ 75.7934485, 26.9077244 ], [ 75.793858, 26.9075679 ], [ 75.7939935, 26.9075229 ] ] } },
{ "type": "Feature", "properties": { "name": "Jacob Road", "highway": "tertiary", "slope_pct": 0.6 }, "geometry": { "type": "LineString", "coordinates": [ [ 75.7874026, 26.9123768 ], [ 75.7874736, 26.9123142 ] ] } },
{ "type": "Feature", "properties": { "name": "Arterial Link", "highway": "residential", "slope_pct": 0.6 }, "geometry": { "type": "LineString", "coordinates": [ [ 75.7945369, 26.905462 ], [ 75.7947019, 26.9059332 ] ] } },
{ "type": "Feature", "properties": { "name": "Arterial Link", "highway": "trunk_link", "slope_pct": 0.6 }, "geometry": { "type": "LineString", "coordinates": [ [ 75.7869416, 26.9122423 ], [ 75.7870617, 26.912363 ], [ 75.7871523, 26.9124588 ] ] } },
{ "type": "Feature", "properties": { "name": "Arterial Link", "highway": "residential", "slope_pct": 0.6 }, "geometry": { "type": "LineString", "coordinates": [ [ 75.7943559, 26.9126257 ], [ 75.7943433, 26.9123588 ] ] } },
{ "type": "Feature", "properties": { "name": "Jacob Road", "highway": "tertiary", "slope_pct": 0.6 }, "geometry": { "type": "LineString", "coordinates": [ [ 75.7880764, 26.9115815 ], [ 75.7879691, 26.911627 ], [ 75.7876772, 26.9119205 ], [ 75.7875188, 26.9120819 ], [ 75.7873914, 26.9121575 ], [ 75.7872702, 26.9122344 ], [ 75.7872313, 26.912308 ], [ 75.7871523, 26.9124588 ] ] } },
{ "type": "Feature", "properties": { "name": "Arterial Link", "highway": "residential", "slope_pct": 0.6 }, "geometry": { "type": "LineString", "coordinates": [ [ 75.7901719, 26.911477 ], [ 75.789901, 26.9114958 ], [ 75.7898716, 26.9115388 ], [ 75.7899034, 26.9124843 ] ] } },
{ "type": "Feature", "properties": { "name": "Arterial Link", "highway": "residential", "slope_pct": 0.6 }, "geometry": { "type": "LineString", "coordinates": [ [ 75.7891524, 26.9116632 ], [ 75.7891137, 26.9121272 ], [ 75.7890804, 26.9125265 ] ] } },
{ "type": "Feature", "properties": { "name": "Arterial Link", "highway": "residential", "slope_pct": 0.6 }, "geometry": { "type": "LineString", "coordinates": [ [ 75.794546, 26.9120729 ], [ 75.7945704, 26.912225 ], [ 75.7945816, 26.912371 ], [ 75.7945917, 26.9124578 ] ] } },
{ "type": "Feature", "properties": { "name": "Flyover", "highway": "trunk", "slope_pct": 0.6 }, "geometry": { "type": "LineString", "coordinates": [ [ 75.7876032, 26.9123787 ], [ 75.7874736, 26.9123142 ] ] } },
{ "type": "Feature", "properties": { "name": "Arterial Link", "highway": "tertiary", "slope_pct": 0.6 }, "geometry": { "type": "LineString", "coordinates": [ [ 75.7895946, 26.909026 ], [ 75.7895788, 26.9091338 ], [ 75.7896283, 26.9093215 ], [ 75.7895841, 26.9094174 ], [ 75.7893931, 26.9098901 ], [ 75.7893188, 26.9100261 ], [ 75.7891093, 26.9104084 ], [ 75.7890075, 26.9105715 ], [ 75.788691, 26.9110708 ], [ 75.7885775, 26.9112341 ], [ 75.7884851, 26.9113323 ], [ 75.7883544, 26.9114583 ], [ 75.788279, 26.911517 ], [ 75.7881967, 26.9115936 ], [ 75.7880764, 26.9115815 ] ] } },
{ "type": "Feature", "properties": { "name": "Arterial Link", "highway": "tertiary", "slope_pct": 0.6 }, "geometry": { "type": "LineString", "coordinates": [ [ 75.7906638, 26.9122326 ], [ 75.7906396, 26.911829 ], [ 75.7905896, 26.9109948 ], [ 75.7905643, 26.9105731 ] ] } },
{ "type": "Feature", "properties": { "name": "Arterial Link", "highway": "residential", "slope_pct": 0.6 }, "geometry": { "type": "LineString", "coordinates": [ [ 75.7914151, 26.9069584 ], [ 75.7916319, 26.9082336 ] ] } },
{ "type": "Feature", "properties": { "name": "Arterial Link", "highway": "residential", "slope_pct": 0.6 }, "geometry": { "type": "LineString", "coordinates": [ [ 75.7920964, 26.9093233 ], [ 75.7918322, 26.9093555 ], [ 75.791699, 26.909424 ], [ 75.7917126, 26.9096877 ], [ 75.7917713, 26.9098487 ], [ 75.7921754, 26.9098012 ] ] } },
{ "type": "Feature", "properties": { "name": "Arterial Link", "highway": "residential", "slope_pct": 0.6 }, "geometry": { "type": "LineString", "coordinates": [ [ 75.7917251, 26.9084095 ], [ 75.7918887, 26.9085925 ], [ 75.7920128, 26.9089509 ], [ 75.7920964, 26.9093233 ], [ 75.7921754, 26.9098012 ], [ 75.7922002, 26.9099514 ], [ 75.791523, 26.910038 ] ] } },
{ "type": "Feature", "properties": { "name": "Arterial Link", "highway": "residential", "slope_pct": 0.6 }, "geometry": { "type": "LineString", "coordinates": [ [ 75.7878028, 26.9066516 ], [ 75.7882334, 26.9060782 ], [ 75.7894514, 26.9069378 ], [ 75.7894918, 26.9073084 ], [ 75.7887125, 26.9073495 ] ] } },
{ "type": "Feature", "properties": { "name": "Arterial Link", "highway": "residential", "slope_pct": 0.6 }, "geometry": { "type": "LineString", "coordinates": [ [ 75.788691, 26.9110708 ], [ 75.7888104, 26.9111138 ], [ 75.7892097, 26.9111373 ], [ 75.7898122, 26.9112 ] ] } },
{ "type": "Feature", "properties": { "name": "Arterial Link", "highway": "residential", "slope_pct": 0.6 }, "geometry": { "type": "LineString", "coordinates": [ [ 75.788279, 26.911517 ], [ 75.7883397, 26.9115444 ], [ 75.7884174, 26.9115683 ], [ 75.7884822, 26.911589 ], [ 75.7891524, 26.9116632 ], [ 75.7893106, 26.9116807 ] ] } },
{ "type": "Feature", "properties": { "name": "Arterial Link", "highway": "residential", "slope_pct": 0.6 }, "geometry": { "type": "LineString", "coordinates": [ [ 75.7878299, 26.9119229 ], [ 75.7880084, 26.9119486 ], [ 75.7886803, 26.9120897 ], [ 75.7891137, 26.9121272 ] ] } },
{ "type": "Feature", "properties": { "name": "Arterial Link", "highway": "residential", "slope_pct": 0.6 }, "geometry": { "type": "LineString", "coordinates": [ [ 75.7864935, 26.9110113 ], [ 75.7867427, 26.9106025 ] ] } },
{ "type": "Feature", "properties": { "name": "Arterial Link", "highway": "residential", "slope_pct": 0.6 }, "geometry": { "type": "LineString", "coordinates": [ [ 75.7863587, 26.9109495 ], [ 75.7864935, 26.9110113 ], [ 75.7868516, 26.9111755 ], [ 75.7867089, 26.9114056 ], [ 75.7876772, 26.9119205 ] ] } },
{ "type": "Feature", "properties": { "name": "Arterial Link", "highway": "tertiary", "slope_pct": 0.6 }, "geometry": { "type": "LineString", "coordinates": [ [ 75.7904208, 26.9084243 ], [ 75.7904894, 26.9088345 ] ] } },
{ "type": "Feature", "properties": { "name": "Arterial Link", "highway": "residential", "slope_pct": 0.6 }, "geometry": { "type": "LineString", "coordinates": [ [ 75.7920155, 26.9104008 ], [ 75.7921069, 26.9109887 ], [ 75.7922227, 26.9117456 ], [ 75.7922596, 26.9122205 ] ] } },
{ "type": "Feature", "properties": { "name": "Arterial Link", "highway": "tertiary", "slope_pct": 0.6 }, "geometry": { "type": "LineString", "coordinates": [ [ 75.7905008, 26.9089268 ], [ 75.7904693, 26.9089807 ], [ 75.7904702, 26.9091089 ], [ 75.7904993, 26.9091748 ] ] } },
{ "type": "Feature", "properties": { "name": "Arterial Link", "highway": "tertiary", "slope_pct": 0.6 }, "geometry": { "type": "LineString", "coordinates": [ [ 75.7904993, 26.9091748 ], [ 75.790527, 26.9091118 ], [ 75.790529, 26.908975 ], [ 75.7905008, 26.9089268 ] ] } },
{ "type": "Feature", "properties": { "name": "Arterial Link", "highway": "residential", "slope_pct": 0.6 }, "geometry": { "type": "LineString", "coordinates": [ [ 75.7916319, 26.9082336 ], [ 75.7917251, 26.9084095 ] ] } },
{ "type": "Feature", "properties": { "name": "Arterial Link", "highway": "residential", "slope_pct": 0.6 }, "geometry": { "type": "LineString", "coordinates": [ [ 75.7893931, 26.9098901 ], [ 75.7900027, 26.909961 ] ] } },
{ "type": "Feature", "properties": { "name": "Jacob Road", "highway": "tertiary", "slope_pct": 0.6 }, "geometry": { "type": "LineString", "coordinates": [ [ 75.7874736, 26.9123142 ], [ 75.7878299, 26.9119229 ], [ 75.7880543, 26.9116822 ], [ 75.7880764, 26.9115815 ] ] } },
{ "type": "Feature", "properties": { "name": "Arterial Link", "highway": "tertiary", "slope_pct": 0.6 }, "geometry": { "type": "LineString", "coordinates": [ [ 75.7908291, 26.9087564 ], [ 75.79074, 26.9085526 ] ] } },
{ "type": "Feature", "properties": { "name": "Arterial Link", "highway": "residential", "slope_pct": 0.6 }, "geometry": { "type": "LineString", "coordinates": [ [ 75.7880764, 26.9115815 ], [ 75.7879322, 26.9115105 ], [ 75.7879817, 26.9114208 ], [ 75.7882034, 26.9111792 ], [ 75.7880421, 26.9108351 ], [ 75.7874607, 26.9104617 ], [ 75.787416, 26.9103675 ], [ 75.7873998, 26.9102406 ], [ 75.7872615, 26.9099832 ], [ 75.7870217, 26.9098889 ] ] } },
{ "type": "Feature", "properties": { "name": "Arterial Link", "highway": "residential", "slope_pct": 0.6 }, "geometry": { "type": "LineString", "coordinates": [ [ 75.7894918, 26.9073084 ], [ 75.7897171, 26.9072965 ] ] } },
{ "type": "Feature", "properties": { "name": "Arterial Link", "highway": "residential", "slope_pct": 0.6 }, "geometry": { "type": "LineString", "coordinates": [ [ 75.7923777, 26.9082064 ], [ 75.7923528, 26.9081753 ] ] } },
{ "type": "Feature", "properties": { "name": "Arterial Link", "highway": "tertiary", "slope_pct": 0.6 }, "geometry": { "type": "LineString", "coordinates": [ [ 75.7905643, 26.9105731 ], [ 75.790534, 26.9100105 ], [ 75.7905088, 26.9094477 ], [ 75.7904993, 26.9091748 ] ] } },
{ "type": "Feature", "properties": { "name": "Arterial Link", "highway": "tertiary", "slope_pct": 0.6 }, "geometry": { "type": "LineString", "coordinates": [ [ 75.7904894, 26.9088345 ], [ 75.7905008, 26.9089268 ] ] } },
{ "type": "Feature", "properties": { "name": "Arterial Link", "highway": "tertiary", "slope_pct": 0.6 }, "geometry": { "type": "LineString", "coordinates": [ [ 75.7905008, 26.9089268 ], [ 75.7908291, 26.9087564 ] ] } },
{ "type": "Feature", "properties": { "name": "Sardar Patel Road", "highway": "tertiary", "slope_pct": 0.6 }, "geometry": { "type": "LineString", "coordinates": [ [ 75.793858, 26.9075679 ], [ 75.7938715, 26.9076432 ], [ 75.7939002, 26.9078032 ], [ 75.7939441, 26.9078787 ], [ 75.7940532, 26.9080662 ], [ 75.7943801, 26.9086046 ], [ 75.7944928, 26.9087903 ], [ 75.7945433, 26.9088735 ], [ 75.7945727, 26.9089219 ], [ 75.7946119, 26.9089864 ], [ 75.7946505, 26.90905 ], [ 75.7947116, 26.9091507 ], [ 75.7951458, 26.9098619 ], [ 75.7956825, 26.9107194 ], [ 75.7959226, 26.9111551 ], [ 75.7959555, 26.9112063 ], [ 75.7960743, 26.9113894 ] ] } },
{ "type": "Feature", "properties": { "name": "Arterial Link", "highway": "tertiary", "slope_pct": 0.6 }, "geometry": { "type": "LineString", "coordinates": [ [ 75.7939935, 26.9075229 ], [ 75.7940175, 26.907372 ] ] } },
{ "type": "Feature", "properties": { "name": "Azad Marg", "highway": "residential", "slope_pct": 0.6 }, "geometry": { "type": "LineString", "coordinates": [ [ 75.797375, 26.9108654 ], [ 75.7969741, 26.9101863 ], [ 75.7967174, 26.9097288 ], [ 75.7964473, 26.9092795 ], [ 75.7958004, 26.9081864 ], [ 75.7956649, 26.9079527 ], [ 75.795544, 26.9077443 ], [ 75.79528, 26.9073172 ], [ 75.7951795, 26.907108 ] ] } },
{ "type": "Feature", "properties": { "name": "Arterial Link", "highway": "residential", "slope_pct": 0.6 }, "geometry": { "type": "LineString", "coordinates": [ [ 75.7941152, 26.9101272 ], [ 75.7943522, 26.9105602 ], [ 75.7945925, 26.9109283 ], [ 75.7949132, 26.9114437 ], [ 75.795158, 26.9118371 ] ] } },
{ "type": "Feature", "properties": { "name": "Arterial Link", "highway": "residential", "slope_pct": 0.6 }, "geometry": { "type": "LineString", "coordinates": [ [ 75.7930665, 26.9106976 ], [ 75.7943522, 26.9105602 ] ] } },
{ "type": "Feature", "properties": { "name": "Arterial Link", "highway": "residential", "slope_pct": 0.6 }, "geometry": { "type": "LineString", "coordinates": [ [ 75.7928192, 26.908834 ], [ 75.7925614, 26.9089972 ], [ 75.7926299, 26.9092643 ], [ 75.7926883, 26.909507 ], [ 75.7927488, 26.9098868 ] ] } },
{ "type": "Feature", "properties": { "name": "Arterial Link", "highway": "residential", "slope_pct": 0.6 }, "geometry": { "type": "LineString", "coordinates": [ [ 75.7930391, 26.9102819 ], [ 75.7930665, 26.9106976 ], [ 75.7930961, 26.9108741 ], [ 75.7931347, 26.9111043 ], [ 75.7932121, 26.9116155 ], [ 75.7932479, 26.9117951 ], [ 75.7933196, 26.9121553 ] ] } },
{ "type": "Feature", "properties": { "name": "Arterial Link", "highway": "residential", "slope_pct": 0.6 }, "geometry": { "type": "LineString", "coordinates": [ [ 75.7931347, 26.9111043 ], [ 75.7940438, 26.910974 ], [ 75.7945925, 26.9109283 ] ] } },
{ "type": "Feature", "properties": { "name": "Sardar Patel Road", "highway": "tertiary_link", "slope_pct": 0.6 }, "geometry": { "type": "LineString", "coordinates": [ [ 75.7934485, 26.9077244 ], [ 75.7936147, 26.907698 ], [ 75.793687, 26.9077242 ], [ 75.7939441, 26.9078787 ] ] } },
{ "type": "Feature", "properties": { "name": "Sardar Patel Road", "highway": "tertiary_link", "slope_pct": 0.6 }, "geometry": { "type": "LineString", "coordinates": [ [ 75.7940898, 26.9079249 ], [ 75.7940986, 26.9077091 ], [ 75.7941451, 26.9075039 ], [ 75.7941886, 26.9074202 ] ] } },
{ "type": "Feature", "properties": { "name": "Sardar Patel Road", "highway": "tertiary", "slope_pct": 0.6 }, "geometry": { "type": "LineString", "coordinates": [ [ 75.7961896, 26.9113427 ], [ 75.7961523, 26.911286 ], [ 75.7960571, 26.9111087 ], [ 75.7959886, 26.9109897 ], [ 75.7958405, 26.9107321 ], [ 75.7953244, 26.909879 ], [ 75.7946682, 26.9088793 ], [ 75.7945843, 26.9087409 ], [ 75.794454, 26.9085259 ], [ 75.7941772, 26.9080692 ], [ 75.7940898, 26.9079249 ], [ 75.794048, 26.9078559 ], [ 75.7939931, 26.9076978 ], [ 75.7939935, 26.9075229 ] ] } },
{ "type": "Feature", "properties": { "name": "Arterial Link", "highway": "residential", "slope_pct": 0.6 }, "geometry": { "type": "LineString", "coordinates": [ [ 75.7944405, 26.9072385 ], [ 75.7940532, 26.9060466 ] ] } },
{ "type": "Feature", "properties": { "name": "Arterial Link", "highway": "residential", "slope_pct": 0.6 }, "geometry": { "type": "LineString", "coordinates": [ [ 75.7944928, 26.9087903 ], [ 75.7945843, 26.9087409 ], [ 75.7947677, 26.9086558 ] ] } },
{ "type": "Feature", "properties": { "name": "Arterial Link", "highway": "residential", "slope_pct": 0.6 }, "geometry": { "type": "LineString", "coordinates": [ [ 75.7953244, 26.909879 ], [ 75.7954748, 26.9098115 ] ] } },
{ "type": "Feature", "properties": { "name": "Arterial Link", "highway": "residential", "slope_pct": 0.6 }, "geometry": { "type": "LineString", "coordinates": [ [ 75.7949625, 26.9070455 ], [ 75.7944405, 26.9072385 ], [ 75.7940175, 26.907372 ] ] } },
{ "type": "Feature", "properties": { "name": "Arterial Link", "highway": "residential", "slope_pct": 0.6 }, "geometry": { "type": "LineString", "coordinates": [ [ 75.7939935, 26.9075229 ], [ 75.7941886, 26.9074202 ], [ 75.7946699, 26.907242 ], [ 75.7950129, 26.907103 ], [ 75.7951397, 26.9070253 ] ] } },
{ "type": "Feature", "properties": { "name": "Arterial Link", "highway": "residential", "slope_pct": 0.6 }, "geometry": { "type": "LineString", "coordinates": [ [ 75.7963507, 26.9100881 ], [ 75.7965017, 26.9103169 ], [ 75.7964993, 26.9103552 ], [ 75.7964765, 26.910376 ], [ 75.7959771, 26.9106038 ], [ 75.7954748, 26.9098115 ], [ 75.7947677, 26.9086558 ], [ 75.7946313, 26.9084307 ], [ 75.7943561, 26.9079764 ], [ 75.794268, 26.9077825 ], [ 75.7942484, 26.9077032 ] ] } },
{ "type": "Feature", "properties": { "name": "Arterial Link", "highway": "residential", "slope_pct": 0.6 }, "geometry": { "type": "LineString", "coordinates": [ [ 75.7933911, 26.9084677 ], [ 75.7930876, 26.9078849 ] ] } },
{ "type": "Feature", "properties": { "name": "Arterial Link", "highway": "residential", "slope_pct": 0.6 }, "geometry": { "type": "LineString", "coordinates": [ [ 75.7956649, 26.9079527 ], [ 75.7954783, 26.9080216 ], [ 75.7953267, 26.908084 ], [ 75.795146, 26.9081802 ], [ 75.7950032, 26.9082582 ], [ 75.7947962, 26.9083517 ], [ 75.7946313, 26.9084307 ], [ 75.794454, 26.9085259 ] ] } },
{ "type": "Feature", "properties": { "name": "Arterial Link", "highway": "residential", "slope_pct": 0.6 }, "geometry": { "type": "LineString", "coordinates": [ [ 75.7949132, 26.9114437 ], [ 75.7947022, 26.9115365 ], [ 75.794471, 26.9116382 ], [ 75.793749, 26.9117455 ], [ 75.7932479, 26.9117951 ] ] } },
{ "type": "Feature", "properties": { "name": "Arterial Link", "highway": "residential", "slope_pct": 0.6 }, "geometry": { "type": "LineString", "coordinates": [ [ 75.7949732, 26.9123422 ], [ 75.7955822, 26.9123074 ] ] } },
{ "type": "Feature", "properties": { "name": "Arterial Link", "highway": "tertiary", "slope_pct": 0.6 }, "geometry": { "type": "LineString", "coordinates": [ [ 75.7945727, 26.9089219 ], [ 75.7946682, 26.9088793 ] ] } },
{ "type": "Feature", "properties": { "name": "Arterial Link", "highway": "residential", "slope_pct": 0.6 }, "geometry": { "type": "LineString", "coordinates": [ [ 75.7930057, 26.909462 ], [ 75.7930891, 26.9094875 ], [ 75.7931475, 26.9095643 ], [ 75.7931938, 26.9097703 ] ] } },
{ "type": "Feature", "properties": { "name": "Arterial Link", "highway": "tertiary", "slope_pct": 0.6 }, "geometry": { "type": "LineString", "coordinates": [ [ 75.7940175, 26.907372 ], [ 75.7940532, 26.9060466 ] ] } },
{ "type": "Feature", "properties": { "name": "Sardar Patel Marg", "highway": "tertiary", "slope_pct": 0.6 }, "geometry": { "type": "LineString", "coordinates": [ [ 75.7938699, 26.9073905 ], [ 75.793858, 26.9075679 ] ] } },
{ "type": "Feature", "properties": { "name": "Arterial Link", "highway": "residential", "slope_pct": 0.6 }, "geometry": { "type": "LineString", "coordinates": [ [ 75.7930391, 26.9102819 ], [ 75.7930023, 26.9100496 ] ] } },
{ "type": "Feature", "properties": { "name": "Arterial Link", "highway": "residential", "slope_pct": 0.6 }, "geometry": { "type": "LineString", "coordinates": [ [ 75.7945934, 26.909215 ], [ 75.7936402, 26.9097336 ], [ 75.7936259, 26.9097626 ], [ 75.79363, 26.9098097 ], [ 75.7936869, 26.9098876 ], [ 75.7937337, 26.9098931 ], [ 75.794254, 26.9097553 ] ] } },
{ "type": "Feature", "properties": { "name": "Arterial Link", "highway": "residential", "slope_pct": 0.6 }, "geometry": { "type": "LineString", "coordinates": [ [ 75.7946119, 26.9089864 ], [ 75.7945331, 26.9089611 ], [ 75.7944707, 26.9089131 ], [ 75.7942436, 26.9086891 ], [ 75.7938085, 26.908031 ], [ 75.7937455, 26.9078957 ] ] } },
{ "type": "Feature", "properties": { "name": "Arterial Link", "highway": "residential", "slope_pct": 0.6 }, "geometry": { "type": "LineString", "coordinates": [ [ 75.7943561, 26.9079764 ], [ 75.7941772, 26.9080692 ] ] } },
{ "type": "Feature", "properties": { "name": "Arterial Link", "highway": "residential", "slope_pct": 0.6 }, "geometry": { "type": "LineString", "coordinates": [ [ 75.7947022, 26.9115365 ], [ 75.7945756, 26.9114303 ], [ 75.7945045, 26.9113342 ], [ 75.7944841, 26.91124 ], [ 75.7944963, 26.9111566 ], [ 75.7945248, 26.911095 ] ] } },
{ "type": "Feature", "properties": { "name": "Arterial Link", "highway": "residential", "slope_pct": 0.6 }, "geometry": { "type": "LineString", "coordinates": [ [ 75.7947116, 26.9091507 ], [ 75.7945934, 26.909215 ] ] } },
{ "type": "Feature", "properties": { "name": "Arterial Link", "highway": "residential", "slope_pct": 0.6 }, "geometry": { "type": "LineString", "coordinates": [ [ 75.7924118, 26.9109539 ], [ 75.7925043, 26.9109445 ], [ 75.7930961, 26.9108741 ] ] } },
{ "type": "Feature", "properties": { "name": "Arterial Link", "highway": "residential", "slope_pct": 0.6 }, "geometry": { "type": "LineString", "coordinates": [ [ 75.7951397, 26.9070253 ], [ 75.7949625, 26.9070455 ] ] } },
{ "type": "Feature", "properties": { "name": "Azad Marg", "highway": "residential", "slope_pct": 0.6 }, "geometry": { "type": "LineString", "coordinates": [ [ 75.7951795, 26.907108 ], [ 75.7951397, 26.9070253 ] ] } },
{ "type": "Feature", "properties": { "name": "Arterial Link", "highway": "residential", "slope_pct": 0.6 }, "geometry": { "type": "LineString", "coordinates": [ [ 75.7956325, 26.9068191 ], [ 75.7951397, 26.9070253 ] ] } },
{ "type": "Feature", "properties": { "name": "Arterial Link", "highway": "residential", "slope_pct": 0.6 }, "geometry": { "type": "LineString", "coordinates": [ [ 75.7955331, 26.9062771 ], [ 75.7949214, 26.9065301 ] ] } },
{ "type": "Feature", "properties": { "name": "Mahesh Marg", "highway": "residential", "slope_pct": 0.6 }, "geometry": { "type": "LineString", "coordinates": [ [ 75.7959217, 26.9070201 ], [ 75.79528, 26.9073172 ] ] } },
{ "type": "Feature", "properties": { "name": "Sirsi Road", "highway": "tertiary", "slope_pct": 0.6 }, "geometry": { "type": "LineString", "coordinates": [ [ 75.7700625, 26.915731 ], [ 75.7701068, 26.9156643 ], [ 75.7701409, 26.9156222 ], [ 75.770552, 26.9151048 ], [ 75.7707361, 26.9149662 ], [ 75.7708641, 26.9149051 ], [ 75.7709484, 26.9148648 ], [ 75.7710185, 26.9148401 ], [ 75.7711484, 26.9148085 ], [ 75.7713881, 26.9148027 ], [ 75.7716003, 26.9148557 ], [ 75.771746, 26.9149832 ], [ 75.7720186, 26.9153659 ], [ 75.7721997, 26.9155253 ], [ 75.7722463, 26.9155457 ], [ 75.7724149, 26.9156196 ], [ 75.7727145, 26.9156791 ], [ 75.772997, 26.9157122 ], [ 75.7735354, 26.915768 ], [ 75.7736027, 26.9157751 ], [ 75.7740843, 26.9158078 ], [ 75.7750246, 26.9159174 ], [ 75.7772151, 26.9161893 ], [ 75.7775515, 26.9162344 ], [ 75.7776152, 26.9162429 ], [ 75.7779379, 26.9162861 ], [ 75.7787692, 26.9164104 ], [ 75.7791765, 26.9164545 ], [ 75.7795572, 26.9164967 ], [ 75.7796747, 26.9165059 ], [ 75.7805154, 26.9165955 ], [ 75.7807238, 26.9166142 ], [ 75.7816002, 26.9166869 ], [ 75.7823057, 26.9167637 ], [ 75.7823732, 26.9167829 ], [ 75.7827206, 26.9168261 ], [ 75.7834766, 26.9168975 ], [ 75.7846998, 26.9170617 ] ] } },
{ "type": "Feature", "properties": { "name": "Sirsi Road", "highway": "tertiary", "slope_pct": 0.6 }, "geometry": { "type": "LineString", "coordinates": [ [ 75.785468, 26.9170771 ], [ 75.7853655, 26.9170581 ], [ 75.7852393, 26.9170537 ], [ 75.784528, 26.9169654 ], [ 75.7834857, 26.9168359 ], [ 75.7823107, 26.9167039 ], [ 75.7816077, 26.9166222 ], [ 75.7807196, 26.9165548 ], [ 75.779682, 26.9164408 ], [ 75.7787757, 26.9163376 ], [ 75.7779496, 26.9162265 ], [ 75.7776295, 26.9161781 ], [ 75.7772268, 26.9161172 ], [ 75.7763474, 26.9159999 ], [ 75.7760613, 26.9159618 ], [ 75.7760391, 26.9159588 ], [ 75.7750402, 26.9158287 ], [ 75.7741752, 26.915748 ], [ 75.7736202, 26.9156962 ], [ 75.7735496, 26.9156916 ], [ 75.7730073, 26.9156537 ], [ 75.7727268, 26.9156118 ], [ 75.7724225, 26.9155532 ], [ 75.7721815, 26.9154213 ], [ 75.7720031, 26.9152336 ], [ 75.7718247, 26.9149713 ], [ 75.7716961, 26.9148409 ], [ 75.7715675, 26.9147778 ], [ 75.7713972, 26.9147406 ], [ 75.7711467, 26.9147492 ], [ 75.7709986, 26.9147807 ], [ 75.7707768, 26.9148681 ], [ 75.7705726, 26.9150172 ], [ 75.7700685, 26.9155935 ], [ 75.7699795, 26.915718 ] ] } },
{ "type": "Feature", "properties": { "name": "Arterial Link", "highway": "residential", "slope_pct": 0.6 }, "geometry": { "type": "LineString", "coordinates": [ [ 75.7815759, 26.9129607 ], [ 75.7815914, 26.9134078 ], [ 75.7815954, 26.9135227 ], [ 75.7816004, 26.9136664 ], [ 75.7816024, 26.9137235 ], [ 75.7816096, 26.9139317 ], [ 75.7816179, 26.9141708 ] ] } },
{ "type": "Feature", "properties": { "name": "Arterial Link", "highway": "residential", "slope_pct": 0.6 }, "geometry": { "type": "LineString", "coordinates": [ [ 75.7806508, 26.9156112 ], [ 75.7803167, 26.9155938 ], [ 75.7802457, 26.9155708 ], [ 75.7801746, 26.9149788 ], [ 75.78016, 26.9148322 ], [ 75.7801053, 26.9142837 ] ] } },
{ "type": "Feature", "properties": { "name": "Arterial Link", "highway": "residential", "slope_pct": 0.6 }, "geometry": { "type": "LineString", "coordinates": [ [ 75.7815897, 26.916162 ], [ 75.781084, 26.9161243 ], [ 75.7810804, 26.9160513 ], [ 75.781067, 26.9157833 ], [ 75.7810431, 26.9153058 ], [ 75.781025, 26.914943 ] ] } },
{ "type": "Feature", "properties": { "name": "Arterial Link", "highway": "residential", "slope_pct": 0.6 }, "geometry": { "type": "LineString", "coordinates": [ [ 75.7832513, 26.9148625 ], [ 75.78287, 26.9148763 ], [ 75.7828271, 26.9148778 ], [ 75.7825318, 26.9148866 ], [ 75.7824472, 26.9148916 ], [ 75.7821476, 26.9149042 ], [ 75.7817854, 26.9149155 ], [ 75.7815364, 26.9149245 ], [ 75.7812979, 26.9149331 ], [ 75.781025, 26.914943 ], [ 75.7805988, 26.914957 ] ] } },
{ "type": "Feature", "properties": { "name": "Arterial Link", "highway": "residential", "slope_pct": 0.6 }, "geometry": { "type": "LineString", "coordinates": [ [ 75.7805369, 26.9129484 ], [ 75.7805381, 26.9132286 ], [ 75.7805397, 26.9136164 ], [ 75.7805401, 26.9137078 ], [ 75.7805407, 26.9138722 ], [ 75.7805422, 26.9142255 ], [ 75.7805688, 26.9145687 ], [ 75.7805988, 26.914957 ], [ 75.7806508, 26.9156112 ], [ 75.780671, 26.9158901 ], [ 75.7806848, 26.9160599 ], [ 75.7807196, 26.9165548 ], [ 75.7807238, 26.9166142 ] ] } },
{ "type": "Feature", "properties": { "name": "Arterial Link", "highway": "residential", "slope_pct": 0.6 }, "geometry": { "type": "LineString", "coordinates": [ [ 75.779354, 26.9129531 ], [ 75.77935, 26.9132084 ], [ 75.7793494, 26.9132631 ], [ 75.7793377, 26.914386 ] ] } },
{ "type": "Feature", "properties": { "name": "Arterial Link", "highway": "residential", "slope_pct": 0.6 }, "geometry": { "type": "LineString", "coordinates": [ [ 75.7797279, 26.9148161 ], [ 75.7796678, 26.914342 ] ] } },
{ "type": "Feature", "properties": { "name": "Arterial Link", "highway": "residential", "slope_pct": 0.6 }, "geometry": { "type": "LineString", "coordinates": [ [ 75.7819934, 26.9134136 ], [ 75.7822393, 26.9134478 ], [ 75.7827312, 26.9134421 ], [ 75.7827439, 26.9135389 ], [ 75.7827599, 26.9135894 ], [ 75.7827918, 26.9136899 ], [ 75.782795, 26.9137267 ], [ 75.7828025, 26.913816 ], [ 75.7828127, 26.9139363 ], [ 75.78283, 26.9141405 ], [ 75.7828334, 26.9141797 ], [ 75.7828306, 26.9144915 ], [ 75.7828271, 26.9148778 ] ] } },
{ "type": "Feature", "properties": { "name": "Arterial Link", "highway": "residential", "slope_pct": 0.6 }, "geometry": { "type": "LineString", "coordinates": [ [ 75.780899, 26.9137376 ], [ 75.7816024, 26.9137235 ] ] } },
{ "type": "Feature", "properties": { "name": "Arterial Link", "highway": "residential", "slope_pct": 0.6 }, "geometry": { "type": "LineString", "coordinates": [ [ 75.7812979, 26.9149331 ], [ 75.7812787, 26.9145162 ], [ 75.7813069, 26.914176 ] ] } },
{ "type": "Feature", "properties": { "name": "Arterial Link", "highway": "residential", "slope_pct": 0.6 }, "geometry": { "type": "LineString", "coordinates": [ [ 75.7811197, 26.9135382 ], [ 75.7811018, 26.912966 ] ] } },
{ "type": "Feature", "properties": { "name": "Arterial Link", "highway": "residential", "slope_pct": 0.6 }, "geometry": { "type": "LineString", "coordinates": [ [ 75.7817421, 26.9145349 ], [ 75.7824326, 26.9144819 ] ] } },
{ "type": "Feature", "properties": { "name": "Arterial Link", "highway": "residential", "slope_pct": 0.6 }, "geometry": { "type": "LineString", "coordinates": [ [ 75.7815364, 26.9149245 ], [ 75.7815143, 26.9145102 ], [ 75.7815323, 26.9141722 ] ] } },
{ "type": "Feature", "properties": { "name": "Arterial Link", "highway": "residential", "slope_pct": 0.6 }, "geometry": { "type": "LineString", "coordinates": [ [ 75.7827187, 26.9131066 ], [ 75.7836977, 26.9130908 ] ] } },
{ "type": "Feature", "properties": { "name": "Arterial Link", "highway": "residential", "slope_pct": 0.6 }, "geometry": { "type": "LineString", "coordinates": [ [ 75.7805401, 26.9137078 ], [ 75.7808974, 26.9136992 ] ] } },
{ "type": "Feature", "properties": { "name": "Arterial Link", "highway": "residential", "slope_pct": 0.6 }, "geometry": { "type": "LineString", "coordinates": [ [ 75.7813668, 26.9135301 ], [ 75.781363, 26.9129531 ] ] } },
{ "type": "Feature", "properties": { "name": "Arterial Link", "highway": "residential", "slope_pct": 0.6 }, "geometry": { "type": "LineString", "coordinates": [ [ 75.7809078, 26.9139455 ], [ 75.7816096, 26.9139317 ] ] } },
{ "type": "Feature", "properties": { "name": "Arterial Link", "highway": "residential", "slope_pct": 0.6 }, "geometry": { "type": "LineString", "coordinates": [ [ 75.7823177, 26.9139505 ], [ 75.7828127, 26.9139363 ] ] } },
{ "type": "Feature", "properties": { "name": "Arterial Link", "highway": "residential", "slope_pct": 0.6 }, "geometry": { "type": "LineString", "coordinates": [ [ 75.7814375, 26.9158228 ], [ 75.7814147, 26.915287 ] ] } },
{ "type": "Feature", "properties": { "name": "Arterial Link", "highway": "residential", "slope_pct": 0.6 }, "geometry": { "type": "LineString", "coordinates": [ [ 75.7806848, 26.9160599 ], [ 75.7810804, 26.9160513 ] ] } },
{ "type": "Feature", "properties": { "name": "Arterial Link", "highway": "residential", "slope_pct": 0.6 }, "geometry": { "type": "LineString", "coordinates": [ [ 75.7818793, 26.9158683 ], [ 75.7819962, 26.9158882 ] ] } },
{ "type": "Feature", "properties": { "name": "Arterial Link", "highway": "residential", "slope_pct": 0.6 }, "geometry": { "type": "LineString", "coordinates": [ [ 75.782399, 26.9141541 ], [ 75.7826002, 26.9141484 ], [ 75.78283, 26.9141405 ] ] } },
{ "type": "Feature", "properties": { "name": "Arterial Link", "highway": "residential", "slope_pct": 0.6 }, "geometry": { "type": "LineString", "coordinates": [ [ 75.7819924, 26.913111 ], [ 75.7827187, 26.9131066 ], [ 75.7827312, 26.9134421 ] ] } },
{ "type": "Feature", "properties": { "name": "Arterial Link", "highway": "residential", "slope_pct": 0.6 }, "geometry": { "type": "LineString", "coordinates": [ [ 75.7808672, 26.9129775 ], [ 75.7811018, 26.912966 ], [ 75.781363, 26.9129531 ] ] } },
{ "type": "Feature", "properties": { "name": "Arterial Link", "highway": "residential", "slope_pct": 0.6 }, "geometry": { "type": "LineString", "coordinates": [ [ 75.7824105, 26.9154114 ], [ 75.7821601, 26.9154015 ], [ 75.7821599, 26.9152326 ], [ 75.7821476, 26.9149042 ] ] } },
{ "type": "Feature", "properties": { "name": "Arterial Link", "highway": "residential", "slope_pct": 0.6 }, "geometry": { "type": "LineString", "coordinates": [ [ 75.77935, 26.9132084 ], [ 75.779904, 26.9132029 ], [ 75.7799945, 26.9132077 ], [ 75.7804438, 26.9132314 ], [ 75.7805381, 26.9132286 ] ] } },
{ "type": "Feature", "properties": { "name": "Arterial Link", "highway": "residential", "slope_pct": 0.6 }, "geometry": { "type": "LineString", "coordinates": [ [ 75.7820728, 26.913752 ], [ 75.7823167, 26.913748 ], [ 75.782795, 26.9137267 ] ] } },
{ "type": "Feature", "properties": { "name": "Arterial Link", "highway": "residential", "slope_pct": 0.6 }, "geometry": { "type": "LineString", "coordinates": [ [ 75.7823186, 26.9141591 ], [ 75.7823177, 26.9139505 ], [ 75.7823167, 26.913748 ] ] } },
{ "type": "Feature", "properties": { "name": "Arterial Link", "highway": "residential", "slope_pct": 0.6 }, "geometry": { "type": "LineString", "coordinates": [ [ 75.7810431, 26.9153058 ], [ 75.7814147, 26.915287 ], [ 75.7818629, 26.9152596 ] ] } },
{ "type": "Feature", "properties": { "name": "Arterial Link", "highway": "residential", "slope_pct": 0.6 }, "geometry": { "type": "LineString", "coordinates": [ [ 75.782552, 26.9160364 ], [ 75.7825884, 26.9154635 ], [ 75.7826029, 26.915443 ], [ 75.7828995, 26.9154592 ] ] } },
{ "type": "Feature", "properties": { "name": "Arterial Link", "highway": "residential", "slope_pct": 0.6 }, "geometry": { "type": "LineString", "coordinates": [ [ 75.780891, 26.9135456 ], [ 75.7811197, 26.9135382 ], [ 75.7813668, 26.9135301 ], [ 75.7815954, 26.9135227 ] ] } },
{ "type": "Feature", "properties": { "name": "Arterial Link", "highway": "residential", "slope_pct": 0.6 }, "geometry": { "type": "LineString", "coordinates": [ [ 75.7805407, 26.9138722 ], [ 75.7798149, 26.9139205 ], [ 75.7797924, 26.9135983 ], [ 75.7805397, 26.9136164 ] ] } },
{ "type": "Feature", "properties": { "name": "Arterial Link", "highway": "residential", "slope_pct": 0.6 }, "geometry": { "type": "LineString", "coordinates": [ [ 75.7824472, 26.9148916 ], [ 75.7824326, 26.9144819 ], [ 75.7824246, 26.9142566 ], [ 75.782399, 26.9141541 ], [ 75.78235, 26.9141586 ] ] } },
{ "type": "Feature", "properties": { "name": "Arterial Link", "highway": "residential", "slope_pct": 0.6 }, "geometry": { "type": "LineString", "coordinates": [ [ 75.7808922, 26.917713 ], [ 75.7809241, 26.9175051 ], [ 75.7812579, 26.9174567 ], [ 75.7813888, 26.9174325 ], [ 75.7815943, 26.9174165 ] ] } },
{ "type": "Feature", "properties": { "name": "Arterial Link", "highway": "residential", "slope_pct": 0.6 }, "geometry": { "type": "LineString", "coordinates": [ [ 75.7817854, 26.9149155 ], [ 75.7817421, 26.9145349 ], [ 75.7817387, 26.9145045 ], [ 75.781724, 26.9143752 ], [ 75.7816968, 26.9141695 ] ] } },
{ "type": "Feature", "properties": { "name": "Arterial Link", "highway": "residential", "slope_pct": 0.6 }, "geometry": { "type": "LineString", "coordinates": [ [ 75.7795572, 26.9164967 ], [ 75.7795114, 26.9168289 ], [ 75.7801438, 26.9167826 ], [ 75.7804622, 26.9168128 ], [ 75.7805154, 26.9165955 ] ] } },
{ "type": "Feature", "properties": { "name": "Arterial Link", "highway": "residential", "slope_pct": 0.6 }, "geometry": { "type": "LineString", "coordinates": [ [ 75.7826627, 26.9179867 ], [ 75.7826921, 26.9176565 ], [ 75.7826243, 26.9176545 ], [ 75.7826672, 26.9172618 ], [ 75.7827206, 26.9168261 ] ] } },
{ "type": "Feature", "properties": { "name": "Arterial Link", "highway": "residential", "slope_pct": 0.6 }, "geometry": { "type": "LineString", "coordinates": [ [ 75.7832513, 26.9148625 ], [ 75.7832609, 26.9151813 ], [ 75.7832586, 26.9154572 ], [ 75.7828995, 26.9154592 ], [ 75.78287, 26.9148763 ] ] } },
{ "type": "Feature", "properties": { "name": "Arterial Link", "highway": "residential", "slope_pct": 0.6 }, "geometry": { "type": "LineString", "coordinates": [ [ 75.7815914, 26.9134078 ], [ 75.7819934, 26.9134136 ], [ 75.7819998, 26.9133624 ], [ 75.7819924, 26.913111 ], [ 75.781987, 26.9129295 ] ] } },
{ "type": "Feature", "properties": { "name": "Arterial Link", "highway": "residential", "slope_pct": 0.6 }, "geometry": { "type": "LineString", "coordinates": [ [ 75.7816004, 26.9136664 ], [ 75.7818647, 26.9136664 ], [ 75.7819588, 26.9136664 ], [ 75.7820333, 26.9136916 ], [ 75.7820728, 26.913752 ], [ 75.7820762, 26.9139836 ], [ 75.7820762, 26.9141632 ] ] } },
{ "type": "Feature", "properties": { "name": "Arterial Link", "highway": "residential", "slope_pct": 0.6 }, "geometry": { "type": "LineString", "coordinates": [ [ 75.781067, 26.9157833 ], [ 75.7814375, 26.9158228 ], [ 75.7818793, 26.9158683 ], [ 75.781868, 26.9156669 ], [ 75.7818629, 26.9152596 ], [ 75.7821599, 26.9152326 ] ] } },
{ "type": "Feature", "properties": { "name": "Arterial Link", "highway": "residential", "slope_pct": 0.6 }, "geometry": { "type": "LineString", "coordinates": [ [ 75.7805688, 26.9145687 ], [ 75.7810917, 26.9145342 ], [ 75.7811233, 26.9145202 ], [ 75.7812787, 26.9145162 ], [ 75.7815143, 26.9145102 ], [ 75.7817387, 26.9145045 ] ] } },
{ "type": "Feature", "properties": { "name": "Arterial Link", "highway": "residential", "slope_pct": 0.6 }, "geometry": { "type": "LineString", "coordinates": [ [ 75.7823057, 26.9167637 ], [ 75.7823107, 26.9167039 ], [ 75.7823486, 26.9162512 ] ] } },
{ "type": "Feature", "properties": { "name": "Arterial Link", "highway": "residential", "slope_pct": 0.6 }, "geometry": { "type": "LineString", "coordinates": [ [ 75.7799015, 26.9180931 ], [ 75.7799971, 26.9183048 ], [ 75.7800362, 26.9183487 ], [ 75.780061, 26.91836 ], [ 75.7801234, 26.9183726 ], [ 75.7801791, 26.9183714 ], [ 75.7802739, 26.9183338 ], [ 75.7804336, 26.9182669 ], [ 75.7805262, 26.9182441 ], [ 75.7806124, 26.9182427 ], [ 75.780923, 26.9182704 ] ] } },
{ "type": "Feature", "properties": { "name": "Arterial Link", "highway": "residential", "slope_pct": 0.6 }, "geometry": { "type": "LineString", "coordinates": [ [ 75.7826627, 26.9179867 ], [ 75.7824018, 26.9179804 ], [ 75.7824628, 26.9175113 ], [ 75.7824831, 26.9172475 ], [ 75.7825057, 26.917033 ], [ 75.7824551, 26.917008 ], [ 75.7823904, 26.9169824 ], [ 75.7823672, 26.9169596 ], [ 75.7823569, 26.9169354 ], [ 75.7823732, 26.9167829 ] ] } },
{ "type": "Feature", "properties": { "name": "Arterial Link", "highway": "residential", "slope_pct": 0.6 }, "geometry": { "type": "LineString", "coordinates": [ [ 75.7836998, 26.9127959 ], [ 75.7833374, 26.9127975 ], [ 75.7831569, 26.9127849 ], [ 75.7828472, 26.9127739 ], [ 75.7825446, 26.9127675 ] ] } },
{ "type": "Feature", "properties": { "name": "Arterial Link", "highway": "residential", "slope_pct": 0.6 }, "geometry": { "type": "LineString", "coordinates": [ [ 75.7857439, 26.9150238 ], [ 75.7856546, 26.9150122 ], [ 75.7854265, 26.9149827 ], [ 75.7849168, 26.9149638 ], [ 75.7847369, 26.9149513 ], [ 75.784347, 26.9149243 ], [ 75.7839601, 26.9149115 ], [ 75.783917, 26.9149101 ], [ 75.7835631, 26.9149006 ], [ 75.7834527, 26.9148858 ] ] } },
{ "type": "Feature", "properties": { "name": "Arterial Link", "highway": "residential", "slope_pct": 0.6 }, "geometry": { "type": "LineString", "coordinates": [ [ 75.78283, 26.9141405 ], [ 75.7833444, 26.9141344 ], [ 75.7834807, 26.9141438 ], [ 75.7837161, 26.9141486 ], [ 75.7837179, 26.9140796 ] ] } },
{ "type": "Feature", "properties": { "name": "Arterial Link", "highway": "residential", "slope_pct": 0.6 }, "geometry": { "type": "LineString", "coordinates": [ [ 75.7828025, 26.913816 ], [ 75.782914, 26.9138 ], [ 75.7830803, 26.9137826 ], [ 75.7832431, 26.9137826 ] ] } },
{ "type": "Feature", "properties": { "name": "Arterial Link", "highway": "residential", "slope_pct": 0.6 }, "geometry": { "type": "LineString", "coordinates": [ [ 75.7828306, 26.9144915 ], [ 75.7833469, 26.9144808 ] ] } },
{ "type": "Feature", "properties": { "name": "Arterial Link", "highway": "residential", "slope_pct": 0.6 }, "geometry": { "type": "LineString", "coordinates": [ [ 75.7823486, 26.9162512 ], [ 75.7823578, 26.9161677 ], [ 75.7824063, 26.9154614 ], [ 75.7824105, 26.9154114 ], [ 75.7825362, 26.9154112 ], [ 75.7825318, 26.9148866 ] ] } },
{ "type": "Feature", "properties": { "name": "Arterial Link", "highway": "residential", "slope_pct": 0.6 }, "geometry": { "type": "LineString", "coordinates": [ [ 75.7825362, 26.9154112 ], [ 75.7826029, 26.915443 ] ] } },
{ "type": "Feature", "properties": { "name": "Arterial Link", "highway": "residential", "slope_pct": 0.6 }, "geometry": { "type": "LineString", "coordinates": [ [ 75.7821601, 26.9154015 ], [ 75.7821787, 26.9156337 ], [ 75.7821912, 26.9157899 ] ] } },
{ "type": "Feature", "properties": { "name": "Arterial Link", "highway": "residential", "slope_pct": 0.6 }, "geometry": { "type": "LineString", "coordinates": [ [ 75.781868, 26.9156669 ], [ 75.7821787, 26.9156337 ] ] } },
{ "type": "Feature", "properties": { "name": "Arterial Link", "highway": "residential", "slope_pct": 0.6 }, "geometry": { "type": "LineString", "coordinates": [ [ 75.7834766, 26.9168975 ], [ 75.783214, 26.9187122 ], [ 75.7837424, 26.9187504 ], [ 75.7838041, 26.9187074 ], [ 75.783847, 26.9184682 ] ] } },
{ "type": "Feature", "properties": { "name": "Sirsi Road", "highway": "tertiary", "slope_pct": 0.6 }, "geometry": { "type": "LineString", "coordinates": [ [ 75.7846998, 26.9170617 ], [ 75.7853887, 26.9171608 ], [ 75.7855386, 26.9172022 ] ] } },
{ "type": "Feature", "properties": { "name": "Arterial Link", "highway": "residential", "slope_pct": 0.6 }, "geometry": { "type": "LineString", "coordinates": [ [ 75.7804176, 26.9189105 ], [ 75.7808107, 26.9189058 ] ] } },
{ "type": "Feature", "properties": { "name": "Arterial Link", "highway": "residential", "slope_pct": 0.6 }, "geometry": { "type": "LineString", "coordinates": [ [ 75.7801555, 26.9158259 ], [ 75.7802457, 26.9155708 ] ] } },
{ "type": "Feature", "properties": { "name": "Arterial Link", "highway": "residential", "slope_pct": 0.6 }, "geometry": { "type": "LineString", "coordinates": [ [ 75.7827599, 26.9135894 ], [ 75.7829886, 26.9135608 ], [ 75.7835304, 26.9135464 ], [ 75.7837142, 26.9135273 ] ] } },
{ "type": "Feature", "properties": { "name": "Arterial Link", "highway": "residential", "slope_pct": 0.6 }, "geometry": { "type": "LineString", "coordinates": [ [ 75.781987, 26.9129295 ], [ 75.782012, 26.9128591 ], [ 75.7822588, 26.9128448 ], [ 75.7825378, 26.9128448 ] ] } },
{ "type": "Feature", "properties": { "name": "Arterial Link", "highway": "residential", "slope_pct": 0.6 }, "geometry": { "type": "LineString", "coordinates": [ [ 75.7805348, 26.9127622 ], [ 75.7805369, 26.9129484 ] ] } },
{ "type": "Feature", "properties": { "name": "Arterial Link", "highway": "residential", "slope_pct": 0.6 }, "geometry": { "type": "LineString", "coordinates": [ [ 75.7799945, 26.9132077 ], [ 75.7800035, 26.912889 ] ] } },
{ "type": "Feature", "properties": { "name": "Arterial Link", "highway": "residential", "slope_pct": 0.6 }, "geometry": { "type": "LineString", "coordinates": [ [ 75.7815388, 26.9176362 ], [ 75.7819049, 26.9176352 ] ] } },
{ "type": "Feature", "properties": { "name": "Arterial Link", "highway": "residential", "slope_pct": 0.6 }, "geometry": { "type": "LineString", "coordinates": [ [ 75.7839601, 26.9149115 ], [ 75.7839335, 26.9155108 ] ] } },
{ "type": "Feature", "properties": { "name": "Arterial Link", "highway": "residential", "slope_pct": 0.6 }, "geometry": { "type": "LineString", "coordinates": [ [ 75.7834527, 26.9148858 ], [ 75.7834309, 26.9153167 ] ] } },
{ "type": "Feature", "properties": { "name": "Arterial Link", "highway": "residential", "slope_pct": 0.6 }, "geometry": { "type": "LineString", "coordinates": [ [ 75.7818646, 26.9141667 ], [ 75.7818647, 26.9136664 ] ] } },
{ "type": "Feature", "properties": { "name": "Arterial Link", "highway": "residential", "slope_pct": 0.6 }, "geometry": { "type": "LineString", "coordinates": [ [ 75.7815759, 26.9129607 ], [ 75.781363, 26.9129531 ] ] } },
{ "type": "Feature", "properties": { "name": "Arterial Link", "highway": "residential", "slope_pct": 0.6 }, "geometry": { "type": "LineString", "coordinates": [ [ 75.7805348, 26.9127622 ], [ 75.7808526, 26.9127614 ] ] } },
{ "type": "Feature", "properties": { "name": "Arterial Link", "highway": "residential", "slope_pct": 0.6 }, "geometry": { "type": "LineString", "coordinates": [ [ 75.7853887, 26.9171608 ], [ 75.7854469, 26.9172475 ] ] } },
{ "type": "Feature", "properties": { "name": "Arterial Link", "highway": "residential", "slope_pct": 0.6 }, "geometry": { "type": "LineString", "coordinates": [ [ 75.7834857, 26.9168359 ], [ 75.7834766, 26.9168975 ] ] } },
{ "type": "Feature", "properties": { "name": "Arterial Link", "highway": "residential", "slope_pct": 0.6 }, "geometry": { "type": "LineString", "coordinates": [ [ 75.7856383, 26.9173723 ], [ 75.7855386, 26.9172022 ] ] } },
{ "type": "Feature", "properties": { "name": "Arterial Link", "highway": "residential", "slope_pct": 0.6 }, "geometry": { "type": "LineString", "coordinates": [ [ 75.7816002, 26.9166869 ], [ 75.7816077, 26.9166222 ] ] } },
{ "type": "Feature", "properties": { "name": "Arterial Link", "highway": "residential", "slope_pct": 0.6 }, "geometry": { "type": "LineString", "coordinates": [ [ 75.7789329, 26.9151296 ], [ 75.7788359, 26.9156623 ], [ 75.7789061, 26.9156701 ], [ 75.7797561, 26.9157761 ], [ 75.7801555, 26.9158259 ], [ 75.780671, 26.9158901 ] ] } },
{ "type": "Feature", "properties": { "name": "Arterial Link", "highway": "residential", "slope_pct": 0.6 }, "geometry": { "type": "LineString", "coordinates": [ [ 75.78235, 26.9141586 ], [ 75.7823186, 26.9141591 ], [ 75.7820762, 26.9141632 ], [ 75.7818646, 26.9141667 ], [ 75.7816968, 26.9141695 ], [ 75.7816179, 26.9141708 ], [ 75.7815323, 26.9141722 ], [ 75.7813069, 26.914176 ], [ 75.7809177, 26.9141825 ], [ 75.7805422, 26.9142255 ], [ 75.7801053, 26.9142837 ], [ 75.7796678, 26.914342 ], [ 75.7793377, 26.914386 ], [ 75.7791421, 26.9144121 ], [ 75.7788154, 26.9144056 ] ] } },
{ "type": "Feature", "properties": { "name": "Arterial Link", "highway": "residential", "slope_pct": 0.6 }, "geometry": { "type": "LineString", "coordinates": [ [ 75.7796747, 26.9165059 ], [ 75.779682, 26.9164408 ], [ 75.7797561, 26.9157761 ], [ 75.7797778, 26.9156837 ], [ 75.7796786, 26.9152635 ], [ 75.7796249, 26.9151583 ], [ 75.7789329, 26.9151296 ], [ 75.7781614, 26.9150161 ], [ 75.7774279, 26.9149081 ] ] } },
{ "type": "Feature", "properties": { "name": "Arterial Link", "highway": "residential", "slope_pct": 0.6 }, "geometry": { "type": "LineString", "coordinates": [ [ 75.7788598, 26.9147837 ], [ 75.7797279, 26.9148161 ], [ 75.78016, 26.9148322 ] ] } },
{ "type": "Feature", "properties": { "name": "Arterial Link", "highway": "residential", "slope_pct": 0.6 }, "geometry": { "type": "LineString", "coordinates": [ [ 75.7855381, 26.9199186 ], [ 75.7853277, 26.9200753 ], [ 75.7852068, 26.9201533 ], [ 75.7849763, 26.920214 ], [ 75.7848823, 26.9202538 ], [ 75.784244, 26.9206803 ], [ 75.78411, 26.9207617 ], [ 75.7838201, 26.9208517 ], [ 75.7836164, 26.920819 ], [ 75.783313, 26.9207345 ], [ 75.7832302, 26.9207114 ], [ 75.783163, 26.9207154 ], [ 75.7830666, 26.9207664 ], [ 75.7823283, 26.9213459 ], [ 75.7819911, 26.9216105 ], [ 75.7816608, 26.9218727 ], [ 75.7812701, 26.9221829 ], [ 75.7799977, 26.9231931 ], [ 75.7783434, 26.9245065 ], [ 75.77782, 26.924922 ], [ 75.7777746, 26.9250209 ], [ 75.7777905, 26.9251468 ], [ 75.7778118, 26.9251893 ], [ 75.7778361, 26.9252377 ], [ 75.7779949, 26.9254457 ], [ 75.7781741, 26.9256442 ], [ 75.778276, 26.9257255 ], [ 75.7784502, 26.9258149 ] ] } },
{ "type": "Feature", "properties": { "name": "Arterial Link", "highway": "residential", "slope_pct": 0.6 }, "geometry": { "type": "LineString", "coordinates": [ [ 75.7800694, 26.9195005 ], [ 75.7800275, 26.9194287 ], [ 75.7799632, 26.9194056 ], [ 75.7797969, 26.9194128 ], [ 75.7795554, 26.9194622 ], [ 75.7793602, 26.9195266 ], [ 75.779292, 26.9195491 ], [ 75.7791398, 26.9195993 ], [ 75.7779824, 26.9198595 ], [ 75.7769776, 26.9200853 ], [ 75.7765863, 26.9201733 ] ] } },
{ "type": "Feature", "properties": { "name": "Arterial Link", "highway": "residential", "slope_pct": 0.6 }, "geometry": { "type": "LineString", "coordinates": [ [ 75.7819186, 26.9197835 ], [ 75.7819454, 26.9196974 ], [ 75.7819481, 26.9195898 ], [ 75.7818944, 26.9193817 ], [ 75.7818569, 26.919188 ], [ 75.7818542, 26.9189823 ], [ 75.7818757, 26.9186953 ], [ 75.7819239, 26.9183725 ], [ 75.7819025, 26.9177316 ], [ 75.7819049, 26.9176352 ], [ 75.7819105, 26.9174135 ], [ 75.7818944, 26.9173585 ], [ 75.7818515, 26.9173011 ], [ 75.7816101, 26.9169496 ] ] } },
{ "type": "Feature", "properties": { "name": "Arterial Link", "highway": "residential", "slope_pct": 0.6 }, "geometry": { "type": "LineString", "coordinates": [ [ 75.7792632, 26.920147 ], [ 75.7793892, 26.9200322 ], [ 75.7794267, 26.9200075 ], [ 75.7796441, 26.9199366 ], [ 75.7798305, 26.9198917 ] ] } },
{ "type": "Feature", "properties": { "name": "Arterial Link", "highway": "residential", "slope_pct": 0.6 }, "geometry": { "type": "LineString", "coordinates": [ [ 75.7799632, 26.9208645 ], [ 75.7799221, 26.9204681 ], [ 75.7798962, 26.9202739 ], [ 75.7798544, 26.9200851 ], [ 75.7798305, 26.9198917 ], [ 75.7798512, 26.919837 ], [ 75.7799003, 26.9198066 ], [ 75.7798989, 26.919695 ], [ 75.7800383, 26.9195109 ], [ 75.7800694, 26.9195005 ], [ 75.7802905, 26.9194271 ], [ 75.780311, 26.9194151 ], [ 75.7804079, 26.9193587 ], [ 75.7806311, 26.9192286 ], [ 75.7808187, 26.9190867 ], [ 75.7808107, 26.9189058 ], [ 75.7808081, 26.918846 ], [ 75.7808591, 26.918779 ], [ 75.7808806, 26.9185494 ], [ 75.7809101, 26.9183079 ], [ 75.780923, 26.9182704 ], [ 75.780961, 26.9181596 ], [ 75.7810361, 26.9180639 ], [ 75.7811139, 26.9179946 ], [ 75.7811969, 26.917965 ], [ 75.781299, 26.9179348 ], [ 75.7813793, 26.9179005 ], [ 75.7814358, 26.9178463 ], [ 75.781476, 26.9178009 ], [ 75.7815388, 26.9176362 ], [ 75.7815699, 26.9175546 ], [ 75.7815943, 26.9174165 ], [ 75.7816101, 26.9173274 ], [ 75.7816208, 26.9171361 ], [ 75.7816101, 26.9169496 ], [ 75.7816002, 26.9166869 ] ] } },
{ "type": "Feature", "properties": { "name": "Arterial Link", "highway": "residential", "slope_pct": 0.6 }, "geometry": { "type": "LineString", "coordinates": [ [ 75.780311, 26.9194151 ], [ 75.780293, 26.9193049 ], [ 75.7803713, 26.9190158 ], [ 75.7804176, 26.9189105 ], [ 75.7803888, 26.9185701 ], [ 75.7803745, 26.9185061 ], [ 75.7803106, 26.9184562 ], [ 75.7802898, 26.918432 ], [ 75.7802739, 26.9183338 ] ] } },
{ "type": "Feature", "properties": { "name": "Hasanpura Road", "highway": "tertiary", "slope_pct": 0.6 }, "geometry": { "type": "LineString", "coordinates": [ [ 75.7855386, 26.9172022 ], [ 75.7867313, 26.9174975 ] ] } },
{ "type": "Feature", "properties": { "name": "Arterial Link", "highway": "tertiary", "slope_pct": 0.6 }, "geometry": { "type": "LineString", "coordinates": [ [ 75.7867048, 26.917387 ], [ 75.786558, 26.9173483 ], [ 75.7860871, 26.9172457 ], [ 75.785468, 26.9170771 ] ] } },
{ "type": "Feature", "properties": { "name": "Jacob Road", "highway": "tertiary", "slope_pct": 0.6 }, "geometry": { "type": "LineString", "coordinates": [ [ 75.7855386, 26.9172022 ], [ 75.785468, 26.9170771 ], [ 75.7853885, 26.9166696 ], [ 75.7852985, 26.9162442 ], [ 75.7852766, 26.9161159 ], [ 75.785284, 26.9160496 ], [ 75.7852963, 26.9159836 ], [ 75.7853289, 26.9158183 ], [ 75.7854563, 26.9155134 ], [ 75.7857439, 26.9150238 ], [ 75.7861439, 26.914292 ], [ 75.7864161, 26.9138213 ], [ 75.7867727, 26.9131974 ], [ 75.7868342, 26.9131031 ], [ 75.7871188, 26.9126665 ], [ 75.7873121, 26.91247 ], [ 75.7874026, 26.9123768 ] ] } },
{ "type": "Feature", "properties": { "name": "Arterial Link", "highway": "residential", "slope_pct": 0.6 }, "geometry": { "type": "LineString", "coordinates": [ [ 75.7797493, 26.9186164 ], [ 75.7794562, 26.9181023 ], [ 75.779386, 26.9180175 ], [ 75.7792883, 26.9179994 ], [ 75.7788119, 26.9180066 ] ] } },
{ "type": "Feature", "properties": { "name": "Arterial Link", "highway": "residential", "slope_pct": 0.6 }, "geometry": { "type": "LineString", "coordinates": [ [ 75.779292, 26.9195491 ], [ 75.7792363, 26.9193758 ], [ 75.7792336, 26.9193412 ], [ 75.779243, 26.9193089 ], [ 75.7792698, 26.9192862 ], [ 75.7794763, 26.9192144 ], [ 75.7795179, 26.9191845 ], [ 75.7795286, 26.9191546 ], [ 75.7795259, 26.9191092 ], [ 75.7794978, 26.9187815 ], [ 75.7794991, 26.9187349 ], [ 75.7795152, 26.918699 ], [ 75.7795501, 26.9186679 ], [ 75.779593, 26.9186488 ], [ 75.7797493, 26.9186164 ], [ 75.7800063, 26.9185632 ] ] } },
{ "type": "Feature", "properties": { "name": "Arterial Link", "highway": "residential", "slope_pct": 0.6 }, "geometry": { "type": "LineString", "coordinates": [ [ 75.7799658, 26.91898 ], [ 75.7800063, 26.9185632 ], [ 75.7800094, 26.9185316 ], [ 75.7800221, 26.9184646 ], [ 75.7800382, 26.9184096 ], [ 75.780061, 26.91836 ] ] } },
{ "type": "Feature", "properties": { "name": "Jacob Road", "highway": "tertiary", "slope_pct": 0.6 }, "geometry": { "type": "LineString", "coordinates": [ [ 75.7871523, 26.9124588 ], [ 75.7867473, 26.9130602 ], [ 75.7866871, 26.913164 ], [ 75.7864286, 26.913618 ], [ 75.7861483, 26.9141059 ], [ 75.7860612, 26.9142632 ], [ 75.7859257, 26.9145077 ], [ 75.7856546, 26.9150122 ], [ 75.7853861, 26.9154695 ], [ 75.785349, 26.9155481 ], [ 75.7851773, 26.915975 ], [ 75.785161, 26.9160449 ], [ 75.7851584, 26.9161043 ], [ 75.7851664, 26.916179 ], [ 75.7851791, 26.916275 ], [ 75.78522, 26.9164795 ], [ 75.7853655, 26.9170581 ], [ 75.7853887, 26.9171608 ] ] } },
{ "type": "Feature", "properties": { "name": "Arterial Link", "highway": "residential", "slope_pct": 0.6 }, "geometry": { "type": "LineString", "coordinates": [ [ 75.7793494, 26.9132631 ], [ 75.7790127, 26.9132495 ] ] } },
{ "type": "Feature", "properties": { "name": "Arterial Link", "highway": "residential", "slope_pct": 0.6 }, "geometry": { "type": "LineString", "coordinates": [ [ 75.7790669, 26.9129317 ], [ 75.779354, 26.9129531 ] ] } },
{ "type": "Feature", "properties": { "name": "Arterial Link", "highway": "residential", "slope_pct": 0.6 }, "geometry": { "type": "LineString", "coordinates": [ [ 75.7855381, 26.9199186 ], [ 75.7855926, 26.9198812 ], [ 75.7856, 26.9198251 ], [ 75.7856057, 26.9195887 ], [ 75.7856349, 26.9183929 ], [ 75.7856529, 26.9176562 ], [ 75.7856574, 26.9174732 ], [ 75.7856534, 26.9174253 ], [ 75.7856383, 26.9173723 ] ] } },
{ "type": "Feature", "properties": { "name": "Arterial Link", "highway": "residential", "slope_pct": 0.6 }, "geometry": { "type": "LineString", "coordinates": [ [ 75.7854469, 26.9172475 ], [ 75.7855057, 26.9173696 ], [ 75.7855363, 26.9175552 ], [ 75.7855407, 26.9176359 ], [ 75.7855406, 26.917718 ], [ 75.785537, 26.9178162 ], [ 75.7855258, 26.918324 ], [ 75.7855152, 26.9189057 ], [ 75.7855051, 26.9196638 ], [ 75.7855035, 26.9197849 ], [ 75.7854945, 26.9198809 ], [ 75.7855381, 26.9199186 ] ] } },
{ "type": "Feature", "properties": { "name": "Arterial Link", "highway": "residential", "slope_pct": 0.6 }, "geometry": { "type": "LineString", "coordinates": [ [ 75.7784678, 26.9204096 ], [ 75.7787681, 26.9203811 ], [ 75.7789693, 26.9203384 ], [ 75.7790427, 26.9203071 ], [ 75.779055, 26.9202936 ], [ 75.779097, 26.9202473 ], [ 75.7791545, 26.9202074 ], [ 75.7792632, 26.920147 ] ] } },
{ "type": "Feature", "properties": { "name": "Arterial Link", "highway": "residential", "slope_pct": 0.6 }, "geometry": { "type": "LineString", "coordinates": [ [ 75.7815447, 26.9198194 ], [ 75.7813497, 26.9197903 ], [ 75.7810082, 26.9197668 ], [ 75.7807517, 26.9197693 ], [ 75.7804466, 26.9197742 ], [ 75.7803981, 26.9197825 ], [ 75.7801483, 26.9197834 ], [ 75.7800029, 26.919788 ], [ 75.7799003, 26.9198066 ] ] } },
{ "type": "Feature", "properties": { "name": "Arterial Link", "highway": "residential", "slope_pct": 0.6 }, "geometry": { "type": "LineString", "coordinates": [ [ 75.7804466, 26.9197742 ], [ 75.7804273, 26.9194008 ], [ 75.7804079, 26.9193587 ] ] } },
{ "type": "Feature", "properties": { "name": "Arterial Link", "highway": "residential", "slope_pct": 0.6 }, "geometry": { "type": "LineString", "coordinates": [ [ 75.7824039, 26.9200003 ], [ 75.7822805, 26.919809 ], [ 75.7821868, 26.9197787 ], [ 75.7819186, 26.9197835 ], [ 75.7816798, 26.9198289 ], [ 75.7816432, 26.9198283 ], [ 75.7815447, 26.9198194 ], [ 75.7815028, 26.9198409 ], [ 75.7813101, 26.9203747 ], [ 75.7812015, 26.9206245 ], [ 75.7810656, 26.9207975 ], [ 75.7807787, 26.9213307 ], [ 75.7806712, 26.9213477 ], [ 75.7806002, 26.9213381 ], [ 75.780572, 26.9213082 ], [ 75.7805377, 26.9212022 ] ] } },
{ "type": "Feature", "properties": { "name": "Arterial Link", "highway": "residential", "slope_pct": 0.6 }, "geometry": { "type": "LineString", "coordinates": [ [ 75.7816003, 26.9206466 ], [ 75.7816037, 26.920395 ], [ 75.7816048, 26.9203184 ], [ 75.7816206, 26.9201452 ], [ 75.78165, 26.9200929 ], [ 75.7816568, 26.9199338 ], [ 75.7816432, 26.9198283 ] ] } },
{ "type": "Feature", "properties": { "name": "Arterial Link", "highway": "residential", "slope_pct": 0.6 }, "geometry": { "type": "LineString", "coordinates": [ [ 75.783313, 26.9207345 ], [ 75.7833226, 26.9206362 ], [ 75.7833266, 26.9205812 ], [ 75.7833186, 26.9205298 ], [ 75.7832924, 26.920438 ], [ 75.783279, 26.9204159 ], [ 75.7832636, 26.9204054 ], [ 75.7832455, 26.9204018 ], [ 75.783224, 26.9204024 ], [ 75.7831939, 26.9204114 ], [ 75.7831362, 26.9204299 ], [ 75.7830745, 26.9204389 ], [ 75.7830168, 26.9204389 ], [ 75.7829464, 26.9204323 ], [ 75.7825461, 26.9203528 ], [ 75.7824643, 26.9203492 ], [ 75.7823825, 26.9203564 ], [ 75.7823007, 26.9203911 ], [ 75.7821867, 26.9204604 ], [ 75.7816811, 26.9208622 ] ] } },
{ "type": "Feature", "properties": { "name": "Arterial Link", "highway": "residential", "slope_pct": 0.6 }, "geometry": { "type": "LineString", "coordinates": [ [ 75.7855381, 26.9199186 ], [ 75.7843968, 26.9198948 ], [ 75.7843512, 26.9198876 ], [ 75.7843056, 26.9198745 ], [ 75.7842761, 26.9198458 ], [ 75.7842609, 26.9197989 ], [ 75.7842654, 26.9193986 ] ] } },
{ "type": "Feature", "properties": { "name": "Arterial Link", "highway": "residential", "slope_pct": 0.6 }, "geometry": { "type": "LineString", "coordinates": [ [ 75.7807517, 26.9197693 ], [ 75.7807718, 26.9201172 ] ] } },
{ "type": "Feature", "properties": { "name": "Arterial Link", "highway": "residential", "slope_pct": 0.6 }, "geometry": { "type": "LineString", "coordinates": [ [ 75.7822748, 26.9201225 ], [ 75.7821622, 26.9202181 ], [ 75.7820656, 26.9203042 ], [ 75.7820334, 26.9203329 ], [ 75.781953, 26.9203568 ], [ 75.7816037, 26.920395 ] ] } },
{ "type": "Feature", "properties": { "name": "Arterial Link", "highway": "residential", "slope_pct": 0.6 }, "geometry": { "type": "LineString", "coordinates": [ [ 75.7823231, 26.9203329 ], [ 75.7823231, 26.9201655 ], [ 75.7822748, 26.9201225 ] ] } },
{ "type": "Feature", "properties": { "name": "Arterial Link", "highway": "residential", "slope_pct": 0.6 }, "geometry": { "type": "LineString", "coordinates": [ [ 75.7822748, 26.9201225 ], [ 75.7823016, 26.9200938 ], [ 75.7823285, 26.9200603 ], [ 75.7824039, 26.9200003 ] ] } },
{ "type": "Feature", "properties": { "name": "Arterial Link", "highway": "residential", "slope_pct": 0.6 }, "geometry": { "type": "LineString", "coordinates": [ [ 75.7804466, 26.9197742 ], [ 75.7804832, 26.9199456 ], [ 75.7804725, 26.920003 ], [ 75.7805047, 26.9201846 ] ] } },
{ "type": "Feature", "properties": { "name": "Arterial Link", "highway": "residential", "slope_pct": 0.6 }, "geometry": { "type": "LineString", "coordinates": [ [ 75.7909855, 26.9164916 ], [ 75.7913176, 26.9165111 ], [ 75.7915079, 26.9165222 ], [ 75.7917074, 26.9165364 ], [ 75.7917487, 26.9165393 ], [ 75.7918751, 26.9165482 ], [ 75.7919314, 26.9165544 ], [ 75.7920408, 26.9165532 ], [ 75.7920829, 26.9165542 ], [ 75.7921876, 26.9166012 ] ] } },
{ "type": "Feature", "properties": { "name": "Arterial Link", "highway": "tertiary", "slope_pct": 0.6 }, "geometry": { "type": "LineString", "coordinates": [ [ 75.7909926, 26.9185841 ], [ 75.7916949, 26.9187459 ], [ 75.7918071, 26.9187122 ] ] } },
{ "type": "Feature", "properties": { "name": "Arterial Link", "highway": "tertiary", "slope_pct": 0.6 }, "geometry": { "type": "LineString", "coordinates": [ [ 75.7888627, 26.9180517 ], [ 75.7890128, 26.9179705 ], [ 75.7890431, 26.9178662 ], [ 75.7882667, 26.9176798 ], [ 75.787085, 26.9173957 ], [ 75.7868597, 26.9173603 ], [ 75.7867048, 26.917387 ] ] } },
{ "type": "Feature", "properties": { "name": "Arterial Link", "highway": "residential", "slope_pct": 0.6 }, "geometry": { "type": "LineString", "coordinates": [ [ 75.791883, 26.9159642 ], [ 75.7919338, 26.9164153 ], [ 75.7919314, 26.9165544 ] ] } },
{ "type": "Feature", "properties": { "name": "Arterial Link", "highway": "residential", "slope_pct": 0.6 }, "geometry": { "type": "LineString", "coordinates": [ [ 75.7919546, 26.9140581 ], [ 75.7919549, 26.9141758 ], [ 75.7919554, 26.9143294 ], [ 75.7919591, 26.9144864 ], [ 75.7919634, 26.9154741 ] ] } },
{ "type": "Feature", "properties": { "name": "Arterial Link", "highway": "residential", "slope_pct": 0.6 }, "geometry": { "type": "LineString", "coordinates": [ [ 75.7921876, 26.9166012 ], [ 75.7921984, 26.9160614 ], [ 75.7922099, 26.9154883 ] ] } },
{ "type": "Feature", "properties": { "name": "Arterial Link", "highway": "residential", "slope_pct": 0.6 }, "geometry": { "type": "LineString", "coordinates": [ [ 75.7873483, 26.913519 ], [ 75.7872905, 26.913701 ] ] } },
{ "type": "Feature", "properties": { "name": "Arterial Link", "highway": "residential", "slope_pct": 0.6 }, "geometry": { "type": "LineString", "coordinates": [ [ 75.7879598, 26.9135616 ], [ 75.7881473, 26.9136102 ], [ 75.7881529, 26.9136097 ], [ 75.7881566, 26.9136077 ], [ 75.7881592, 26.9136041 ], [ 75.7882696, 26.9132706 ], [ 75.7883747, 26.9129681 ], [ 75.7883752, 26.912962 ], [ 75.7883739, 26.9129575 ], [ 75.7883698, 26.9129541 ], [ 75.7879955, 26.9128045 ] ] } },
{ "type": "Feature", "properties": { "name": "Arterial Link", "highway": "residential", "slope_pct": 0.6 }, "geometry": { "type": "LineString", "coordinates": [ [ 75.7879373, 26.9129818 ], [ 75.7879955, 26.9128045 ], [ 75.7876277, 26.9126521 ] ] } },
{ "type": "Feature", "properties": { "name": "Arterial Link", "highway": "residential", "slope_pct": 0.6 }, "geometry": { "type": "LineString", "coordinates": [ [ 75.7867727, 26.9131974 ], [ 75.7870824, 26.9133751 ], [ 75.7873483, 26.913519 ], [ 75.7873809, 26.9134021 ], [ 75.7874848, 26.9130569 ], [ 75.7876042, 26.9126614 ], [ 75.7876109, 26.9126546 ], [ 75.7876181, 26.9126516 ], [ 75.7876277, 26.9126521 ] ] } },
{ "type": "Feature", "properties": { "name": "Arterial Link", "highway": "tertiary", "slope_pct": 0.6 }, "geometry": { "type": "LineString", "coordinates": [ [ 75.790394, 26.9177473 ], [ 75.7904161, 26.9177103 ], [ 75.7906587, 26.9173039 ], [ 75.7907724, 26.9171135 ], [ 75.7909011, 26.9168295 ], [ 75.7909104, 26.9168028 ], [ 75.7909309, 26.9167442 ], [ 75.7909855, 26.9164916 ], [ 75.791005, 26.916358 ], [ 75.7910052, 26.9160718 ], [ 75.7910003, 26.9159175 ], [ 75.7909895, 26.9155804 ], [ 75.7909079, 26.9148319 ], [ 75.7909022, 26.9144289 ], [ 75.7908884, 26.9142263 ], [ 75.7908701, 26.9139797 ], [ 75.7908628, 26.913898 ], [ 75.7908615, 26.9138678 ], [ 75.7908595, 26.9138193 ], [ 75.7908385, 26.9137743 ], [ 75.7907918, 26.9136746 ] ] } },
{ "type": "Feature", "properties": { "name": "Arterial Link", "highway": "residential", "slope_pct": 0.6 }, "geometry": { "type": "LineString", "coordinates": [ [ 75.7913815, 26.918474 ], [ 75.7914022, 26.9179701 ], [ 75.7914097, 26.917788 ], [ 75.7914114, 26.9177479 ], [ 75.7914237, 26.9177176 ], [ 75.7914425, 26.9177003 ], [ 75.791478, 26.9176798 ], [ 75.7918285, 26.9176794 ] ] } },
{ "type": "Feature", "properties": { "name": "Arterial Link", "highway": "residential", "slope_pct": 0.6 }, "geometry": { "type": "LineString", "coordinates": [ [ 75.7920039, 26.9170636 ], [ 75.7920408, 26.9165532 ] ] } },
{ "type": "Feature", "properties": { "name": "Arterial Link", "highway": "residential", "slope_pct": 0.6 }, "geometry": { "type": "LineString", "coordinates": [ [ 75.7918751, 26.9165482 ], [ 75.79185, 26.9170331 ] ] } },
{ "type": "Feature", "properties": { "name": "Hasanpura Road", "highway": "tertiary", "slope_pct": 0.6 }, "geometry": { "type": "LineString", "coordinates": [ [ 75.7869135, 26.9175414 ], [ 75.7893995, 26.9180926 ], [ 75.7895671, 26.9181376 ], [ 75.7897612, 26.9181896 ], [ 75.791729, 26.9186942 ] ] } },
{ "type": "Feature", "properties": { "name": "Arterial Link", "highway": "tertiary", "slope_pct": 0.6 }, "geometry": { "type": "LineString", "coordinates": [ [ 75.7907918, 26.9136746 ], [ 75.7907749, 26.9137731 ], [ 75.7907654, 26.9138286 ], [ 75.79077, 26.9138693 ], [ 75.7907817, 26.913972 ], [ 75.7908205, 26.9145592 ], [ 75.7908213, 26.915586 ], [ 75.7908468, 26.9160302 ], [ 75.7908273, 26.9163608 ], [ 75.7907563, 26.9167517 ], [ 75.7907517, 26.916769 ], [ 75.7907248, 26.9168705 ], [ 75.7906647, 26.9169964 ], [ 75.7905374, 26.9171869 ], [ 75.7902618, 26.917701 ], [ 75.7900136, 26.9181156 ], [ 75.7899858, 26.9182221 ], [ 75.7899963, 26.918298 ], [ 75.7900295, 26.9183356 ], [ 75.7902831, 26.9184033 ], [ 75.7909185, 26.9185652 ] ] } },
{ "type": "Feature", "properties": { "name": "Arterial Link", "highway": "tertiary", "slope_pct": 0.6 }, "geometry": { "type": "LineString", "coordinates": [ [ 75.7902727, 26.918194 ], [ 75.7902696, 26.9180417 ], [ 75.7902953, 26.9179376 ], [ 75.790394, 26.9177473 ] ] } },
{ "type": "Feature", "properties": { "name": "Arterial Link", "highway": "tertiary", "slope_pct": 0.6 }, "geometry": { "type": "LineString", "coordinates": [ [ 75.7876023, 26.9177605 ], [ 75.7877077, 26.9177807 ], [ 75.7879815, 26.9178429 ], [ 75.7881227, 26.9178743 ], [ 75.7888627, 26.9180517 ] ] } },
{ "type": "Feature", "properties": { "name": "Arterial Link", "highway": "tertiary", "slope_pct": 0.6 }, "geometry": { "type": "LineString", "coordinates": [ [ 75.7917604, 26.9186276 ], [ 75.7895266, 26.9180467 ], [ 75.7871828, 26.9174983 ], [ 75.7869483, 26.9174415 ] ] } },
{ "type": "Feature", "properties": { "name": "Arterial Link", "highway": "tertiary", "slope_pct": 0.6 }, "geometry": { "type": "LineString", "coordinates": [ [ 75.7918164, 26.9186428 ], [ 75.7917885, 26.9185738 ], [ 75.7916115, 26.9185304 ], [ 75.7913815, 26.918474 ], [ 75.7910436, 26.9183966 ], [ 75.7909756, 26.9183789 ], [ 75.7909455, 26.918371 ], [ 75.7907082, 26.9183102 ], [ 75.7902727, 26.918194 ] ] } },
{ "type": "Feature", "properties": { "name": "Arterial Link", "highway": "tertiary", "slope_pct": 0.6 }, "geometry": { "type": "LineString", "coordinates": [ [ 75.7909926, 26.9185841 ], [ 75.7910436, 26.9183966 ] ] } },
{ "type": "Feature", "properties": { "name": "Arterial Link", "highway": "tertiary", "slope_pct": 0.6 }, "geometry": { "type": "LineString", "coordinates": [ [ 75.7867313, 26.9174975 ], [ 75.7868446, 26.9175927 ], [ 75.7872373, 26.9176817 ], [ 75.787301, 26.9176961 ], [ 75.78733, 26.9177027 ], [ 75.7876023, 26.9177605 ] ] } },
{ "type": "Feature", "properties": { "name": "Arterial Link", "highway": "tertiary", "slope_pct": 0.6 }, "geometry": { "type": "LineString", "coordinates": [ [ 75.7869483, 26.9174415 ], [ 75.7867048, 26.917387 ] ] } },
{ "type": "Feature", "properties": { "name": "Hasanpura Road", "highway": "tertiary", "slope_pct": 0.6 }, "geometry": { "type": "LineString", "coordinates": [ [ 75.7867313, 26.9174975 ], [ 75.7869135, 26.9175414 ] ] } },
{ "type": "Feature", "properties": { "name": "Arterial Link", "highway": "tertiary", "slope_pct": 0.6 }, "geometry": { "type": "LineString", "coordinates": [ [ 75.7922513, 26.9187734 ], [ 75.7919525, 26.9186791 ], [ 75.7919228, 26.9186717 ], [ 75.7919004, 26.9186661 ], [ 75.7918924, 26.9186637 ], [ 75.7918821, 26.9186605 ], [ 75.7918164, 26.9186428 ], [ 75.7917604, 26.9186276 ] ] } },
{ "type": "Feature", "properties": { "name": "Flyover", "highway": "trunk", "slope_pct": 0.6 }, "geometry": { "type": "LineString", "coordinates": [ [ 75.7875963, 26.9124568 ], [ 75.7878957, 26.9125733 ], [ 75.788191, 26.9126814 ] ] } },
{ "type": "Feature", "properties": { "name": "Flyover", "highway": "trunk", "slope_pct": 0.6 }, "geometry": { "type": "LineString", "coordinates": [ [ 75.788191, 26.9126814 ], [ 75.7883351, 26.9127341 ], [ 75.7888811, 26.912932 ], [ 75.7901581, 26.9133395 ], [ 75.7902917, 26.9133961 ] ] } },
{ "type": "Feature", "properties": { "name": "Flyover", "highway": "trunk", "slope_pct": 0.6 }, "geometry": { "type": "LineString", "coordinates": [ [ 75.7903102, 26.9132502 ], [ 75.7901185, 26.9132276 ], [ 75.7899133, 26.9131594 ], [ 75.7889991, 26.9128506 ], [ 75.7882278, 26.9126115 ] ] } },
{ "type": "Feature", "properties": { "name": "Flyover", "highway": "trunk", "slope_pct": 0.6 }, "geometry": { "type": "LineString", "coordinates": [ [ 75.7882278, 26.9126115 ], [ 75.7876032, 26.9123787 ] ] } },
{ "type": "Feature", "properties": { "name": "Arterial Link", "highway": "tertiary", "slope_pct": 0.6 }, "geometry": { "type": "LineString", "coordinates": [ [ 75.79077, 26.9138693 ], [ 75.7908615, 26.9138678 ], [ 75.7909912, 26.9138809 ], [ 75.7912783, 26.9139213 ], [ 75.79151, 26.9139065 ] ] } },
{ "type": "Feature", "properties": { "name": "Arterial Link", "highway": "residential", "slope_pct": 0.6 }, "geometry": { "type": "LineString", "coordinates": [ [ 75.7915895, 26.9155895 ], [ 75.7915776, 26.9159402 ] ] } },
{ "type": "Feature", "properties": { "name": "Arterial Link", "highway": "residential", "slope_pct": 0.6 }, "geometry": { "type": "LineString", "coordinates": [ [ 75.7920039, 26.9172927 ], [ 75.7918395, 26.9172979 ], [ 75.7915988, 26.9173082 ], [ 75.7914693, 26.9173074 ], [ 75.7910296, 26.9173379 ], [ 75.7908998, 26.917343 ], [ 75.7908905, 26.9171923 ], [ 75.7907724, 26.9171135 ] ] } },
{ "type": "Feature", "properties": { "name": "Arterial Link", "highway": "residential", "slope_pct": 0.6 }, "geometry": { "type": "LineString", "coordinates": [ [ 75.7896772, 26.9187888 ], [ 75.7896987, 26.9188319 ], [ 75.789733, 26.9188701 ], [ 75.7897416, 26.9188749 ] ] } },
{ "type": "Feature", "properties": { "name": "Arterial Link", "highway": "residential", "slope_pct": 0.6 }, "geometry": { "type": "LineString", "coordinates": [ [ 75.7896052, 26.9186572 ], [ 75.7896772, 26.9187888 ] ] } },
{ "type": "Feature", "properties": { "name": "Arterial Link", "highway": "residential", "slope_pct": 0.6 }, "geometry": { "type": "LineString", "coordinates": [ [ 75.791543, 26.9159375 ], [ 75.7915317, 26.9160501 ], [ 75.7915079, 26.9165222 ] ] } },
{ "type": "Feature", "properties": { "name": "Arterial Link", "highway": "residential", "slope_pct": 0.6 }, "geometry": { "type": "LineString", "coordinates": [ [ 75.7890804, 26.9125265 ], [ 75.789042, 26.9127278 ] ] } },
{ "type": "Feature", "properties": { "name": "Arterial Link", "highway": "residential", "slope_pct": 0.6 }, "geometry": { "type": "LineString", "coordinates": [ [ 75.7891052, 26.9130989 ], [ 75.7890426, 26.9132673 ], [ 75.7889956, 26.9133939 ], [ 75.7890119, 26.9134229 ], [ 75.7891969, 26.9134573 ] ] } },
{ "type": "Feature", "properties": { "name": "Arterial Link", "highway": "residential", "slope_pct": 0.6 }, "geometry": { "type": "LineString", "coordinates": [ [ 75.7890426, 26.9132673 ], [ 75.7894545, 26.9133797 ] ] } },
{ "type": "Feature", "properties": { "name": "Arterial Link", "highway": "residential", "slope_pct": 0.6 }, "geometry": { "type": "LineString", "coordinates": [ [ 75.7910003, 26.9159175 ], [ 75.7913565, 26.9159306 ], [ 75.791543, 26.9159375 ] ] } },
{ "type": "Feature", "properties": { "name": "Arterial Link", "highway": "residential", "slope_pct": 0.6 }, "geometry": { "type": "LineString", "coordinates": [ [ 75.791543, 26.9159375 ], [ 75.7915776, 26.9159402 ], [ 75.7917194, 26.9159513 ], [ 75.791883, 26.9159642 ] ] } },
{ "type": "Feature", "properties": { "name": "Arterial Link", "highway": "residential", "slope_pct": 0.6 }, "geometry": { "type": "LineString", "coordinates": [ [ 75.7913176, 26.9165111 ], [ 75.7913565, 26.9159306 ] ] } },
{ "type": "Feature", "properties": { "name": "Arterial Link", "highway": "residential", "slope_pct": 0.6 }, "geometry": { "type": "LineString", "coordinates": [ [ 75.7917487, 26.9165393 ], [ 75.7917194, 26.9159513 ] ] } },
{ "type": "Feature", "properties": { "name": "Arterial Link", "highway": "residential", "slope_pct": 0.6 }, "geometry": { "type": "LineString", "coordinates": [ [ 75.7902696, 26.9180417 ], [ 75.7909287, 26.918117 ], [ 75.7910008, 26.9181183 ] ] } },
{ "type": "Feature", "properties": { "name": "Arterial Link", "highway": "residential", "slope_pct": 0.6 }, "geometry": { "type": "LineString", "coordinates": [ [ 75.7904161, 26.9177103 ], [ 75.7914097, 26.917788 ] ] } },
{ "type": "Feature", "properties": { "name": "Arterial Link", "highway": "residential", "slope_pct": 0.6 }, "geometry": { "type": "LineString", "coordinates": [ [ 75.7914022, 26.9179701 ], [ 75.7920508, 26.9179977 ] ] } },
{ "type": "Feature", "properties": { "name": "Arterial Link", "highway": "residential", "slope_pct": 0.6 }, "geometry": { "type": "LineString", "coordinates": [ [ 75.7918822, 26.9187283 ], [ 75.7918924, 26.9186637 ], [ 75.7919574, 26.918291 ], [ 75.7919703, 26.9182019 ] ] } },
{ "type": "Feature", "properties": { "name": "Arterial Link", "highway": "residential", "slope_pct": 0.6 }, "geometry": { "type": "LineString", "coordinates": [ [ 75.7919574, 26.918291 ], [ 75.7918517, 26.9182789 ], [ 75.7918286, 26.9182871 ], [ 75.7918039, 26.9183146 ], [ 75.791787, 26.9184231 ] ] } },
{ "type": "Feature", "properties": { "name": "Arterial Link", "highway": "residential", "slope_pct": 0.6 }, "geometry": { "type": "LineString", "coordinates": [ [ 75.7916115, 26.9185304 ], [ 75.7916576, 26.918169 ] ] } },
{ "type": "Feature", "properties": { "name": "Arterial Link", "highway": "tertiary", "slope_pct": 0.6 }, "geometry": { "type": "LineString", "coordinates": [ [ 75.7909756, 26.9183789 ], [ 75.7909185, 26.9185652 ] ] } },
{ "type": "Feature", "properties": { "name": "Arterial Link", "highway": "tertiary", "slope_pct": 0.6 }, "geometry": { "type": "LineString", "coordinates": [ [ 75.7909118, 26.9186512 ], [ 75.7909926, 26.9185841 ] ] } },
{ "type": "Feature", "properties": { "name": "Arterial Link", "highway": "residential", "slope_pct": 0.6 }, "geometry": { "type": "LineString", "coordinates": [ [ 75.7909104, 26.9168028 ], [ 75.7907517, 26.916769 ] ] } },
{ "type": "Feature", "properties": { "name": "Arterial Link", "highway": "tertiary", "slope_pct": 0.6 }, "geometry": { "type": "LineString", "coordinates": [ [ 75.79151, 26.9139065 ], [ 75.7913109, 26.9138271 ], [ 75.7908385, 26.9137743 ], [ 75.7907749, 26.9137731 ] ] } },
{ "type": "Feature", "properties": { "name": "Flyover", "highway": "trunk", "slope_pct": 0.6 }, "geometry": { "type": "LineString", "coordinates": [ [ 75.7874026, 26.9123768 ], [ 75.7875963, 26.9124568 ] ] } },
{ "type": "Feature", "properties": { "name": "Arterial Link", "highway": "residential", "slope_pct": 0.6 }, "geometry": { "type": "LineString", "coordinates": [ [ 75.7874848, 26.9130569 ], [ 75.7877619, 26.9131323 ] ] } },
{ "type": "Feature", "properties": { "name": "Arterial Link", "highway": "residential", "slope_pct": 0.6 }, "geometry": { "type": "LineString", "coordinates": [ [ 75.7880389, 26.9132078 ], [ 75.7882696, 26.9132706 ] ] } },
{ "type": "Feature", "properties": { "name": "Arterial Link", "highway": "residential", "slope_pct": 0.6 }, "geometry": { "type": "LineString", "coordinates": [ [ 75.7877619, 26.9131323 ], [ 75.7880389, 26.9132078 ] ] } },
{ "type": "Feature", "properties": { "name": "Arterial Link", "highway": "residential", "slope_pct": 0.6 }, "geometry": { "type": "LineString", "coordinates": [ [ 75.787654, 26.9134773 ], [ 75.7873809, 26.9134021 ] ] } },
{ "type": "Feature", "properties": { "name": "Arterial Link", "highway": "residential", "slope_pct": 0.6 }, "geometry": { "type": "LineString", "coordinates": [ [ 75.7879598, 26.9135616 ], [ 75.7879251, 26.913552 ] ] } },
{ "type": "Feature", "properties": { "name": "Arterial Link", "highway": "residential", "slope_pct": 0.6 }, "geometry": { "type": "LineString", "coordinates": [ [ 75.7879251, 26.913552 ], [ 75.787654, 26.9134773 ] ] } },
{ "type": "Feature", "properties": { "name": "Arterial Link", "highway": "residential", "slope_pct": 0.6 }, "geometry": { "type": "LineString", "coordinates": [ [ 75.7917074, 26.9165364 ], [ 75.7917032, 26.916641 ], [ 75.7916962, 26.9167588 ], [ 75.7916906, 26.9168489 ], [ 75.7916845, 26.916896 ], [ 75.7916812, 26.9169214 ], [ 75.7916678, 26.9170421 ] ] } },
{ "type": "Feature", "properties": { "name": "Arterial Link", "highway": "residential", "slope_pct": 0.6 }, "geometry": { "type": "LineString", "coordinates": [ [ 75.7909104, 26.9168028 ], [ 75.7909812, 26.916824 ], [ 75.7910589, 26.9168402 ], [ 75.7911592, 26.9168577 ], [ 75.7912906, 26.9168724 ], [ 75.7914098, 26.9168804 ], [ 75.7915649, 26.916892 ], [ 75.7916845, 26.916896 ] ] } },
{ "type": "Feature", "properties": { "name": "Arterial Link", "highway": "tertiary", "slope_pct": 0.6 }, "geometry": { "type": "LineString", "coordinates": [ [ 75.7909185, 26.9185652 ], [ 75.7909926, 26.9185841 ] ] } },
{ "type": "Feature", "properties": { "name": "Arterial Link", "highway": "tertiary", "slope_pct": 0.6 }, "geometry": { "type": "LineString", "coordinates": [ [ 75.7909185, 26.9185652 ], [ 75.7909152, 26.9186082 ], [ 75.7909118, 26.9186512 ] ] } },
{ "type": "Feature", "properties": { "name": "Arterial Link", "highway": "residential", "slope_pct": 0.6 }, "geometry": { "type": "LineString", "coordinates": [ [ 75.7944832, 26.9129019 ], [ 75.7943092, 26.9134056 ], [ 75.7939415, 26.9144548 ] ] } },
{ "type": "Feature", "properties": { "name": "Arterial Link", "highway": "residential", "slope_pct": 0.6 }, "geometry": { "type": "LineString", "coordinates": [ [ 75.793487, 26.9131838 ], [ 75.7934106, 26.9134191 ], [ 75.7932042, 26.9140439 ], [ 75.7931856, 26.9141002 ] ] } },
{ "type": "Feature", "properties": { "name": "Arterial Link", "highway": "residential", "slope_pct": 0.6 }, "geometry": { "type": "LineString", "coordinates": [ [ 75.7951371, 26.9141876 ], [ 75.7950194, 26.9144892 ], [ 75.7949277, 26.9147665 ] ] } },
{ "type": "Feature", "properties": { "name": "Sanjay Marg", "highway": "tertiary", "slope_pct": 0.6 }, "geometry": { "type": "LineString", "coordinates": [ [ 75.7953273, 26.9148881 ], [ 75.7952945, 26.9149573 ] ] } },
{ "type": "Feature", "properties": { "name": "Arterial Link", "highway": "tertiary", "slope_pct": 0.6 }, "geometry": { "type": "LineString", "coordinates": [ [ 75.7944644, 26.9146973 ], [ 75.7944484, 26.9148259 ], [ 75.7944037, 26.9155896 ], [ 75.7943891, 26.9161595 ], [ 75.7943741, 26.9167465 ], [ 75.7943634, 26.9171002 ], [ 75.7943514, 26.9174937 ], [ 75.7943869, 26.9175591 ], [ 75.7944941, 26.9175818 ], [ 75.7947407, 26.917588 ], [ 75.79503, 26.9175948 ] ] } },
{ "type": "Feature", "properties": { "name": "Harikisan Somani Marg", "highway": "residential", "slope_pct": 0.6 }, "geometry": { "type": "LineString", "coordinates": [ [ 75.7963872, 26.9157396 ], [ 75.7962558, 26.9156711 ], [ 75.7957746, 26.9155139 ], [ 75.7950953, 26.9153362 ] ] } },
{ "type": "Feature", "properties": { "name": "Hari Kisham Somani Marg", "highway": "residential", "slope_pct": 0.6 }, "geometry": { "type": "LineString", "coordinates": [ [ 75.7950709, 26.9167518 ], [ 75.7955896, 26.9167773 ], [ 75.7956577, 26.9167765 ], [ 75.7957188, 26.9167615 ], [ 75.7957551, 26.9167284 ], [ 75.7957664, 26.9166936 ], [ 75.7957705, 26.9164657 ], [ 75.7957746, 26.9155139 ] ] } },
{ "type": "Feature", "properties": { "name": "Ajmer Road", "highway": "trunk", "slope_pct": 0.6 }, "geometry": { "type": "LineString", "coordinates": [ [ 75.7935112, 26.9144174 ], [ 75.7944644, 26.9146973 ] ] } },
{ "type": "Feature", "properties": { "name": "Arterial Link", "highway": "residential", "slope_pct": 0.6 }, "geometry": { "type": "LineString", "coordinates": [ [ 75.7944832, 26.9129019 ], [ 75.7940347, 26.9127566 ], [ 75.7938447, 26.9132826 ] ] } },
{ "type": "Feature", "properties": { "name": "Arterial Link", "highway": "residential", "slope_pct": 0.6 }, "geometry": { "type": "LineString", "coordinates": [ [ 75.793487, 26.9131838 ], [ 75.7938447, 26.9132826 ], [ 75.7943092, 26.9134056 ] ] } },
{ "type": "Feature", "properties": { "name": "Arterial Link", "highway": "residential", "slope_pct": 0.6 }, "geometry": { "type": "LineString", "coordinates": [ [ 75.7942592, 26.9142547 ], [ 75.7944275, 26.914302 ], [ 75.7950194, 26.9144892 ] ] } },
{ "type": "Feature", "properties": { "name": "Arterial Link", "highway": "residential", "slope_pct": 0.6 }, "geometry": { "type": "LineString", "coordinates": [ [ 75.7955099, 26.9132874 ], [ 75.7948359, 26.9133956 ], [ 75.7947608, 26.9134243 ], [ 75.7945408, 26.9140038 ], [ 75.7944275, 26.914302 ] ] } },
{ "type": "Feature", "properties": { "name": "Arterial Link", "highway": "residential", "slope_pct": 0.6 }, "geometry": { "type": "LineString", "coordinates": [ [ 75.7955485, 26.9136084 ], [ 75.7950358, 26.9137084 ], [ 75.7949798, 26.9137977 ], [ 75.794835, 26.9140957 ], [ 75.7951371, 26.9141876 ], [ 75.7956371, 26.9143464 ] ] } },
{ "type": "Feature", "properties": { "name": "Arterial Link", "highway": "residential", "slope_pct": 0.6 }, "geometry": { "type": "LineString", "coordinates": [ [ 75.7939445, 26.915167 ], [ 75.7939349, 26.915568 ] ] } },
{ "type": "Feature", "properties": { "name": "Arterial Link", "highway": "residential", "slope_pct": 0.6 }, "geometry": { "type": "LineString", "coordinates": [ [ 75.7933431, 26.9149479 ], [ 75.7932482, 26.915218 ], [ 75.7932401, 26.9155359 ] ] } },
{ "type": "Feature", "properties": { "name": "Arterial Link", "highway": "residential", "slope_pct": 0.6 }, "geometry": { "type": "LineString", "coordinates": [ [ 75.7941655, 26.9145245 ], [ 75.7942592, 26.9142547 ] ] } },
{ "type": "Feature", "properties": { "name": "Arterial Link", "highway": "residential", "slope_pct": 0.6 }, "geometry": { "type": "LineString", "coordinates": [ [ 75.7949798, 26.9137977 ], [ 75.795592, 26.9139711 ] ] } },
{ "type": "Feature", "properties": { "name": "Ajmer Road", "highway": "trunk", "slope_pct": 0.6 }, "geometry": { "type": "LineString", "coordinates": [ [ 75.7952945, 26.9149573 ], [ 75.7956552, 26.9150686 ], [ 75.7968999, 26.9154524 ], [ 75.7973446, 26.915602 ], [ 75.7975912, 26.9157062 ], [ 75.7977271, 26.9157637 ], [ 75.7979395, 26.9158432 ], [ 75.7986384, 26.9161476 ], [ 75.7987556, 26.916213 ], [ 75.7988526, 26.916293 ] ] } },
{ "type": "Feature", "properties": { "name": "Sanjay Marg", "highway": "tertiary", "slope_pct": 0.6 }, "geometry": { "type": "LineString", "coordinates": [ [ 75.7952945, 26.9149573 ], [ 75.7952375, 26.9150146 ], [ 75.7951889, 26.9150865 ], [ 75.7950953, 26.9153362 ], [ 75.7950928, 26.9154535 ], [ 75.7950709, 26.9167518 ], [ 75.79504, 26.917173 ], [ 75.795039, 26.9173876 ], [ 75.79503, 26.9175948 ] ] } },
{ "type": "Feature", "properties": { "name": "Ajmer Road", "highway": "trunk", "slope_pct": 0.6 }, "geometry": { "type": "LineString", "coordinates": [ [ 75.7953273, 26.9148881 ], [ 75.7949277, 26.9147665 ], [ 75.7944903, 26.9146308 ], [ 75.7941655, 26.9145245 ], [ 75.7939415, 26.9144548 ], [ 75.7935137, 26.9142986 ] ] } },
{ "type": "Feature", "properties": { "name": "Arterial Link", "highway": "residential", "slope_pct": 0.6 }, "geometry": { "type": "LineString", "coordinates": [ [ 75.7953438, 26.9186382 ], [ 75.7954484, 26.9186346 ], [ 75.7963906, 26.9186025 ] ] } },
{ "type": "Feature", "properties": { "name": "Arterial Link", "highway": "residential", "slope_pct": 0.6 }, "geometry": { "type": "LineString", "coordinates": [ [ 75.7952094, 26.9183229 ], [ 75.7953171, 26.9183218 ], [ 75.795621, 26.9183188 ], [ 75.7963829, 26.9183112 ] ] } },
{ "type": "Feature", "properties": { "name": "Arterial Link", "highway": "residential", "slope_pct": 0.6 }, "geometry": { "type": "LineString", "coordinates": [ [ 75.7931627, 26.9130836 ], [ 75.7933874, 26.9125712 ] ] } },
{ "type": "Feature", "properties": { "name": "Arterial Link", "highway": "residential", "slope_pct": 0.6 }, "geometry": { "type": "LineString", "coordinates": [ [ 75.7934152, 26.9131616 ], [ 75.7935522, 26.9128093 ] ] } },
{ "type": "Feature", "properties": { "name": "Arterial Link", "highway": "residential", "slope_pct": 0.6 }, "geometry": { "type": "LineString", "coordinates": [ [ 75.7943741, 26.9167465 ], [ 75.7950709, 26.9167518 ] ] } },
{ "type": "Feature", "properties": { "name": "Arterial Link", "highway": "residential", "slope_pct": 0.6 }, "geometry": { "type": "LineString", "coordinates": [ [ 75.7958893, 26.9128218 ], [ 75.7955639, 26.9128621 ], [ 75.7950074, 26.9129338 ], [ 75.7948813, 26.9129618 ] ] } },
{ "type": "Feature", "properties": { "name": "Arterial Link", "highway": "residential", "slope_pct": 0.6 }, "geometry": { "type": "LineString", "coordinates": [ [ 75.794835, 26.9140957 ], [ 75.7945408, 26.9140038 ] ] } },
{ "type": "Feature", "properties": { "name": "Ajmer Road", "highway": "trunk", "slope_pct": 0.6 }, "geometry": { "type": "LineString", "coordinates": [ [ 75.7944644, 26.9146973 ], [ 75.7948838, 26.9148246 ], [ 75.7952945, 26.9149573 ] ] } },
{ "type": "Feature", "properties": { "name": "Arterial Link", "highway": "residential", "slope_pct": 0.6 }, "geometry": { "type": "LineString", "coordinates": [ [ 75.792666, 26.9129301 ], [ 75.7931627, 26.9130836 ], [ 75.7934152, 26.9131616 ], [ 75.793487, 26.9131838 ] ] } },
{ "type": "Feature", "properties": { "name": "Acharya Shri Tulsi Setu", "highway": "trunk", "slope_pct": 0.6 }, "geometry": { "type": "LineString", "coordinates": [ [ 75.7933792, 26.9143693 ], [ 75.7935112, 26.9144174 ] ] } },
{ "type": "Feature", "properties": { "name": "Acharya Shri Tulsi Setu", "highway": "trunk", "slope_pct": 0.6 }, "geometry": { "type": "LineString", "coordinates": [ [ 75.7935137, 26.9142986 ], [ 75.7934114, 26.9142683 ] ] } },
{ "type": "Feature", "properties": { "name": "Arterial Link", "highway": "residential", "slope_pct": 0.6 }, "geometry": { "type": "LineString", "coordinates": [ [ 75.79503, 26.9175948 ], [ 75.7961151, 26.9175963 ], [ 75.7963784, 26.9175865 ], [ 75.7966297, 26.9175222 ], [ 75.7969993, 26.917386 ], [ 75.7978117, 26.9171469 ], [ 75.7980864, 26.9170661 ], [ 75.7982876, 26.9170123 ], [ 75.7985156, 26.9169513 ], [ 75.7990949, 26.916782 ] ] } },
{ "type": "Feature", "properties": { "name": "Hasanpura Road", "highway": "tertiary", "slope_pct": 0.6 }, "geometry": { "type": "LineString", "coordinates": [ [ 75.791729, 26.9186942 ], [ 75.7918071, 26.9187122 ], [ 75.7918431, 26.9187196 ], [ 75.7918822, 26.9187283 ], [ 75.7919046, 26.9187333 ], [ 75.7919302, 26.918739 ], [ 75.792254, 26.9188463 ], [ 75.7925856, 26.9189573 ], [ 75.7926634, 26.9189932 ], [ 75.7926942, 26.919035 ], [ 75.7927036, 26.9190936 ], [ 75.7926849, 26.9192132 ], [ 75.7925963, 26.9196999 ], [ 75.7925749, 26.919908 ] ] } },
{ "type": "Feature", "properties": { "name": "Arterial Link", "highway": "tertiary", "slope_pct": 0.6 }, "geometry": { "type": "LineString", "coordinates": [ [ 75.79151, 26.9139065 ], [ 75.7919546, 26.9140581 ], [ 75.7919917, 26.9140708 ], [ 75.7933361, 26.9144936 ], [ 75.7933828, 26.914488 ], [ 75.7935112, 26.9144174 ] ] } },
{ "type": "Feature", "properties": { "name": "Acharya Shri Tulsi Setu", "highway": "trunk", "slope_pct": 0.6 }, "geometry": { "type": "LineString", "coordinates": [ [ 75.7934114, 26.9142683 ], [ 75.7903102, 26.9132502 ] ] } },
{ "type": "Feature", "properties": { "name": "Arterial Link", "highway": "residential", "slope_pct": 0.6 }, "geometry": { "type": "LineString", "coordinates": [ [ 75.7909895, 26.9155804 ], [ 75.7915447, 26.9156175 ], [ 75.7915895, 26.9155895 ], [ 75.7916431, 26.9154556 ], [ 75.7919634, 26.9154741 ], [ 75.7922099, 26.9154883 ], [ 75.7932401, 26.9155359 ], [ 75.7935557, 26.9155505 ], [ 75.7939349, 26.915568 ], [ 75.794274, 26.9155836 ], [ 75.7944037, 26.9155896 ] ] } },
{ "type": "Feature", "properties": { "name": "Arterial Link", "highway": "residential", "slope_pct": 0.6 }, "geometry": { "type": "LineString", "coordinates": [ [ 75.7939445, 26.915167 ], [ 75.7939245, 26.9151314 ], [ 75.7938562, 26.9151044 ], [ 75.7933431, 26.9149479 ], [ 75.7919591, 26.9144864 ] ] } },
{ "type": "Feature", "properties": { "name": "Lane 2", "highway": "residential", "slope_pct": 0.6 }, "geometry": { "type": "LineString", "coordinates": [ [ 75.7921984, 26.9160614 ], [ 75.7942096, 26.9161515 ], [ 75.7943891, 26.9161595 ] ] } },
{ "type": "Feature", "properties": { "name": "Lane 3", "highway": "residential", "slope_pct": 0.6 }, "geometry": { "type": "LineString", "coordinates": [ [ 75.7921876, 26.9166012 ], [ 75.7922881, 26.9166463 ], [ 75.7941573, 26.9167361 ], [ 75.7943741, 26.9167465 ] ] } },
{ "type": "Feature", "properties": { "name": "Mirza Ismail Road", "highway": "primary", "slope_pct": 0.6 }, "geometry": { "type": "LineString", "coordinates": [ [ 75.7940963, 26.9207115 ], [ 75.7941604, 26.9204534 ], [ 75.7941835, 26.9203859 ], [ 75.7942319, 26.9203061 ], [ 75.7943096, 26.9202426 ], [ 75.7944398, 26.9201829 ], [ 75.795144, 26.9199817 ], [ 75.795584, 26.919856 ], [ 75.7961073, 26.9196939 ], [ 75.7965147, 26.9195678 ], [ 75.7965532, 26.9195556 ], [ 75.7970582, 26.9193962 ], [ 75.7983159, 26.9189549 ], [ 75.7985243, 26.9188796 ], [ 75.7994275, 26.9185647 ], [ 75.7999167, 26.9184034 ], [ 75.8002544, 26.918284 ] ] } },
{ "type": "Feature", "properties": { "name": "Khasa Kothi Flyover", "highway": "primary", "slope_pct": 0.6 }, "geometry": { "type": "LineString", "coordinates": [ [ 75.7915047, 26.9204818 ], [ 75.7925066, 26.9204519 ], [ 75.7929379, 26.9204479 ], [ 75.7933196, 26.9204539 ], [ 75.7935296, 26.920474 ], [ 75.7938714, 26.920544 ], [ 75.7942749, 26.9206735 ], [ 75.7949693, 26.9209267 ], [ 75.7960025, 26.9213077 ], [ 75.7966355, 26.9215243 ] ] } },
{ "type": "Feature", "properties": { "name": "Khasa Kothi Flyover", "highway": "primary", "slope_pct": 0.6 }, "geometry": { "type": "LineString", "coordinates": [ [ 75.7967191, 26.9214486 ], [ 75.796254, 26.9212901 ], [ 75.7956015, 26.9210562 ], [ 75.7949485, 26.9208218 ], [ 75.7944674, 26.9206458 ], [ 75.7941753, 26.9205454 ], [ 75.7937634, 26.9204301 ], [ 75.7935021, 26.9203862 ], [ 75.7930733, 26.9203734 ], [ 75.7926623, 26.9203797 ], [ 75.7919193, 26.9203888 ], [ 75.7915191, 26.9204034 ] ] } },
{ "type": "Feature", "properties": { "name": "Ajmer Road", "highway": "trunk", "slope_pct": 0.6 }, "geometry": { "type": "LineString", "coordinates": [ [ 75.8006655, 26.9168335 ], [ 75.8001186, 26.9166332 ], [ 75.7993147, 26.9163223 ], [ 75.7989329, 26.9161745 ], [ 75.798844, 26.9161351 ], [ 75.7986639, 26.9160632 ], [ 75.798195, 26.9158759 ], [ 75.7977165, 26.9156758 ], [ 75.7972678, 26.9155012 ], [ 75.7970671, 26.9154349 ], [ 75.7968789, 26.9153728 ], [ 75.7968666, 26.915369 ], [ 75.7961439, 26.9151447 ], [ 75.7959154, 26.9150787 ], [ 75.7953273, 26.9148881 ] ] } },
{ "type": "Feature", "properties": { "name": "Sanjay Marg", "highway": "tertiary", "slope_pct": 0.6 }, "geometry": { "type": "LineString", "coordinates": [ [ 75.79503, 26.9175948 ], [ 75.7950377, 26.9177803 ], [ 75.7950638, 26.9179542 ], [ 75.7952094, 26.9183229 ], [ 75.7953438, 26.9186382 ], [ 75.7955071, 26.9190219 ], [ 75.7955416, 26.9191031 ], [ 75.7956688, 26.9193874 ], [ 75.7956836, 26.9194773 ], [ 75.7956858, 26.9195836 ], [ 75.7956464, 26.9196613 ], [ 75.7955461, 26.9197459 ], [ 75.7954648, 26.919809 ] ] } },
{ "type": "Feature", "properties": { "name": "Mirza Ismail Road", "highway": "primary", "slope_pct": 0.6 }, "geometry": { "type": "LineString", "coordinates": [ [ 75.799866, 26.9183193 ], [ 75.7996999, 26.9183787 ], [ 75.7987774, 26.9186947 ], [ 75.7984867, 26.9187943 ], [ 75.7982521, 26.9188762 ], [ 75.797898, 26.9189984 ], [ 75.7970218, 26.9193007 ], [ 75.7961258, 26.9195977 ], [ 75.7957752, 26.9197139 ], [ 75.7954648, 26.919809 ], [ 75.7952833, 26.9198596 ], [ 75.7950605, 26.9199218 ], [ 75.7947897, 26.9199969 ], [ 75.7944179, 26.9200999 ], [ 75.7944014, 26.9201045 ], [ 75.7942275, 26.9201784 ] ] } },
{ "type": "Feature", "properties": { "name": "Arterial Link", "highway": "tertiary", "slope_pct": 0.6 }, "geometry": { "type": "LineString", "coordinates": [ [ 75.7892712, 26.9200131 ], [ 75.789846, 26.9195363 ], [ 75.7900151, 26.9193961 ], [ 75.7909118, 26.9186512 ] ] } },
{ "type": "Feature", "properties": { "name": "Hasanpura Road", "highway": "tertiary", "slope_pct": 0.6 }, "geometry": { "type": "LineString", "coordinates": [ [ 75.7926668, 26.9198512 ], [ 75.792733, 26.9193763 ], [ 75.7927559, 26.9192132 ], [ 75.79276, 26.9190841 ], [ 75.7927372, 26.9189884 ], [ 75.7926983, 26.9189382 ], [ 75.7926178, 26.918888 ], [ 75.7924482, 26.9188277 ], [ 75.7922513, 26.9187734 ] ] } },
{ "type": "Feature", "properties": { "name": "Acharya Shri Tulsi Setu", "highway": "trunk", "slope_pct": 0.6 }, "geometry": { "type": "LineString", "coordinates": [ [ 75.7902917, 26.9133961 ], [ 75.7919844, 26.9139296 ], [ 75.7933792, 26.9143693 ] ] } },
{ "type": "Feature", "properties": { "name": "Arterial Link", "highway": "primary", "slope_pct": 0.6 }, "geometry": { "type": "LineString", "coordinates": [ [ 75.792555, 26.9203123 ], [ 75.7918687, 26.920327 ], [ 75.7909138, 26.9203555 ], [ 75.7908099, 26.9203586 ], [ 75.7905905, 26.9203652 ], [ 75.7902791, 26.9203536 ], [ 75.7900373, 26.9203974 ] ] } },
{ "type": "Feature", "properties": { "name": "Arterial Link", "highway": "residential", "slope_pct": 0.6 }, "geometry": { "type": "LineString", "coordinates": [ [ 75.7898654, 26.9204761 ], [ 75.7898581, 26.920918 ], [ 75.7898576, 26.92099 ] ] } },
{ "type": "Feature", "properties": { "name": "Khasa Kothi Flyover", "highway": "primary", "slope_pct": 0.6 }, "geometry": { "type": "LineString", "coordinates": [ [ 75.7915191, 26.9204034 ], [ 75.7904729, 26.9204281 ], [ 75.7901887, 26.9204099 ] ] } },
{ "type": "Feature", "properties": { "name": "Station Road", "highway": "primary", "slope_pct": 0.6 }, "geometry": { "type": "LineString", "coordinates": [ [ 75.7900373, 26.9203974 ], [ 75.7895052, 26.9203368 ], [ 75.7892685, 26.9202769 ] ] } },
{ "type": "Feature", "properties": { "name": "Station Road", "highway": "primary", "slope_pct": 0.6 }, "geometry": { "type": "LineString", "coordinates": [ [ 75.7896015, 26.9204774 ], [ 75.7898654, 26.9204761 ], [ 75.7900228, 26.9204832 ] ] } },
{ "type": "Feature", "properties": { "name": "Arterial Link", "highway": "primary", "slope_pct": 0.6 }, "geometry": { "type": "LineString", "coordinates": [ [ 75.7892685, 26.9202769 ], [ 75.7890763, 26.9201667 ] ] } },
{ "type": "Feature", "properties": { "name": "Arterial Link", "highway": "tertiary", "slope_pct": 0.6 }, "geometry": { "type": "LineString", "coordinates": [ [ 75.7892712, 26.9200131 ], [ 75.7890763, 26.9201667 ] ] } },
{ "type": "Feature", "properties": { "name": "Arterial Link", "highway": "primary", "slope_pct": 0.6 }, "geometry": { "type": "LineString", "coordinates": [ [ 75.7890763, 26.9201667 ], [ 75.7890146, 26.9201728 ], [ 75.788947, 26.9202155 ], [ 75.7889005, 26.9202577 ], [ 75.7888883, 26.9202755 ], [ 75.7888527, 26.9203276 ], [ 75.7887952, 26.9203541 ] ] } },
{ "type": "Feature", "properties": { "name": "Arterial Link", "highway": "residential", "slope_pct": 0.6 }, "geometry": { "type": "LineString", "coordinates": [ [ 75.789846, 26.9195363 ], [ 75.7899371, 26.919718 ], [ 75.7901317, 26.9199199 ], [ 75.7902697, 26.920043 ], [ 75.7905387, 26.920204 ], [ 75.7907696, 26.9202972 ], [ 75.7909138, 26.9203555 ] ] } },
{ "type": "Feature", "properties": { "name": "Khasa Kothi Flyover", "highway": "primary", "slope_pct": 0.6 }, "geometry": { "type": "LineString", "coordinates": [ [ 75.7901887, 26.9204099 ], [ 75.7900373, 26.9203974 ] ] } },
{ "type": "Feature", "properties": { "name": "Arterial Link", "highway": "primary", "slope_pct": 0.6 }, "geometry": { "type": "LineString", "coordinates": [ [ 75.7887952, 26.9203541 ], [ 75.7886679, 26.9204414 ], [ 75.7880072, 26.9209489 ], [ 75.7878125, 26.9211044 ], [ 75.7870839, 26.9216862 ] ] } },
{ "type": "Feature", "properties": { "name": "Arterial Link", "highway": "residential", "slope_pct": 0.6 }, "geometry": { "type": "LineString", "coordinates": [ [ 75.7878105, 26.9204053 ], [ 75.7875288, 26.9206611 ], [ 75.7875111, 26.9206811 ], [ 75.7874993, 26.9207013 ], [ 75.7874946, 26.9207319 ], [ 75.7874977, 26.9207624 ], [ 75.7875148, 26.9207957 ], [ 75.7875522, 26.9208332 ], [ 75.7878125, 26.9211044 ] ] } },
{ "type": "Feature", "properties": { "name": "Ram Mandir Road", "highway": "primary", "slope_pct": 0.6 }, "geometry": { "type": "LineString", "coordinates": [ [ 75.7862303, 26.9224653 ], [ 75.7872257, 26.9216372 ], [ 75.7875516, 26.9213858 ], [ 75.7879836, 26.9210526 ], [ 75.7885196, 26.9206105 ], [ 75.7887026, 26.9205225 ], [ 75.7888655, 26.9205075 ], [ 75.7889876, 26.9205025 ], [ 75.7896015, 26.9204774 ] ] } },
{ "type": "Feature", "properties": { "name": "Arterial Link", "highway": "primary_link", "slope_pct": 0.6 }, "geometry": { "type": "LineString", "coordinates": [ [ 75.7888883, 26.9202755 ], [ 75.7889876, 26.9205025 ] ] } },
{ "type": "Feature", "properties": { "name": "Arterial Link", "highway": "primary_link", "slope_pct": 0.6 }, "geometry": { "type": "LineString", "coordinates": [ [ 75.7892685, 26.9202769 ], [ 75.7892379, 26.920212 ], [ 75.7892354, 26.9201761 ], [ 75.7892403, 26.9201391 ], [ 75.7892523, 26.9200911 ], [ 75.7892617, 26.9200521 ], [ 75.7892712, 26.9200131 ] ] } },
{ "type": "Feature", "properties": { "name": "Arterial Link", "highway": "primary", "slope_pct": 0.6 }, "geometry": { "type": "LineString", "coordinates": [ [ 75.7936201, 26.9203433 ], [ 75.7934572, 26.920333 ], [ 75.7930769, 26.920327 ], [ 75.792679, 26.9203094 ], [ 75.792555, 26.9203123 ] ] } },
{ "type": "Feature", "properties": { "name": "Arterial Link", "highway": "residential", "slope_pct": 0.6 }, "geometry": { "type": "LineString", "coordinates": [ [ 75.795144, 26.9199817 ], [ 75.7953027, 26.9202588 ], [ 75.7953601, 26.9204508 ], [ 75.7953668, 26.9206665 ], [ 75.7953062, 26.9208612 ] ] } },
{ "type": "Feature", "properties": { "name": "Station Road", "highway": "primary", "slope_pct": 0.6 }, "geometry": { "type": "LineString", "coordinates": [ [ 75.7969158, 26.9215152 ], [ 75.7967798, 26.9214016 ], [ 75.7966182, 26.9213342 ], [ 75.7957903, 26.921034 ], [ 75.7957327, 26.9210135 ], [ 75.7953062, 26.9208612 ], [ 75.7941604, 26.9204534 ] ] } },
{ "type": "Feature", "properties": { "name": "Hasanpura Road", "highway": "tertiary", "slope_pct": 0.6 }, "geometry": { "type": "LineString", "coordinates": [ [ 75.7925749, 26.919908 ], [ 75.7925628, 26.9201112 ], [ 75.792555, 26.9203123 ] ] } },
{ "type": "Feature", "properties": { "name": "Arterial Link", "highway": "tertiary", "slope_pct": 0.6 }, "geometry": { "type": "LineString", "coordinates": [ [ 75.792671, 26.9205028 ], [ 75.792679, 26.9203094 ], [ 75.7926862, 26.920116 ], [ 75.7926668, 26.9198512 ] ] } },
{ "type": "Feature", "properties": { "name": "Arterial Link", "highway": "residential", "slope_pct": 0.6 }, "geometry": { "type": "LineString", "coordinates": [ [ 75.7943359, 26.9198931 ], [ 75.7941481, 26.9199245 ] ] } },
{ "type": "Feature", "properties": { "name": "Mirza Ismail Road", "highway": "primary", "slope_pct": 0.6 }, "geometry": { "type": "LineString", "coordinates": [ [ 75.7942275, 26.9201784 ], [ 75.7941628, 26.9202578 ], [ 75.7941061, 26.9203569 ], [ 75.7940825, 26.9204352 ], [ 75.7940091, 26.9206823 ] ] } },
{ "type": "Feature", "properties": { "name": "Hasanpura Road", "highway": "tertiary", "slope_pct": 0.6 }, "geometry": { "type": "LineString", "coordinates": [ [ 75.792555, 26.9203123 ], [ 75.7925489, 26.9205043 ] ] } },
{ "type": "Feature", "properties": { "name": "Arterial Link", "highway": "residential", "slope_pct": 0.6 }, "geometry": { "type": "LineString", "coordinates": [ [ 75.7943359, 26.9198931 ], [ 75.7945313, 26.9198991 ], [ 75.7947274, 26.9199574 ], [ 75.7947897, 26.9199969 ] ] } },
{ "type": "Feature", "properties": { "name": "Arterial Link", "highway": "residential", "slope_pct": 0.6 }, "geometry": { "type": "LineString", "coordinates": [ [ 75.7943359, 26.9198931 ], [ 75.7944179, 26.9200999 ] ] } },
{ "type": "Feature", "properties": { "name": "Arterial Link", "highway": "residential", "slope_pct": 0.6 }, "geometry": { "type": "LineString", "coordinates": [ [ 75.7941328, 26.9201679 ], [ 75.7941481, 26.9199245 ], [ 75.7941612, 26.9197732 ], [ 75.7941905, 26.9194354 ] ] } },
{ "type": "Feature", "properties": { "name": "Arterial Link", "highway": "primary_link", "slope_pct": 0.6 }, "geometry": { "type": "LineString", "coordinates": [ [ 75.7942275, 26.9201784 ], [ 75.7941328, 26.9201679 ], [ 75.794071, 26.9201752 ], [ 75.7938522, 26.9202307 ], [ 75.79368, 26.9202949 ], [ 75.7936201, 26.9203433 ] ] } },
{ "type": "Feature", "properties": { "name": "Arterial Link", "highway": "primary", "slope_pct": 0.6 }, "geometry": { "type": "LineString", "coordinates": [ [ 75.7940825, 26.9204352 ], [ 75.7936201, 26.9203433 ] ] } }
]
}
