{
"type": "FeatureCollection",
"name": "roads_19.0_72.84",
"crs": { "type": "name", "properties": { "name": "urn:ogc:def:crs:OGC:1.3:CRS84" } },
"features": [
{ "type": "Feature", "properties": { "name": "Urban Corridor", "highway": "residential", "slope_pct": 0.6 }, "geometry": { "type": "LineString", "coordinates": [ [ 72.8522834, 19.0004287 ], [ 72.8522984, 18.9992361 ], [ 72.8523081, 18.998995 ], [ 72.8523069, 18.99852 ], [ 72.852269, 18.9983103 ], [ 72.8522413, 18.9982343 ], [ 72.8522262, 18.9981852 ] ] } },
{ "type": "Feature", "properties": { "name": "B J Deorukhkar Marg", "highway": "residential", "slope_pct": 0.6 }, "geometry": { "type": "LineString", "coordinates": [ [ 72.846846, 19.0090931 ], [ 72.8461431, 19.0093968 ], [ 72.8456958, 19.0095758 ], [ 72.8446512, 19.0101127 ], [ 72.8440381, 19.0105028 ], [ 72.843054, 19.0111116 ] ] } },
{ "type": "Feature", "properties": { "name": "Govindji Keni Road", "highway": "tertiary", "slope_pct": 0.6 }, "geometry": { "type": "LineString", "coordinates": [ [ 72.8459171, 19.0058118 ], [ 72.8455189, 19.0063949 ], [ 72.8450587, 19.0070039 ], [ 72.8448342, 19.0073028 ], [ 72.8446119, 19.0076101 ], [ 72.8443818, 19.0079282 ] ] } },
{ "type": "Feature", "properties": { "name": "Sewri Cemetery Road", "highway": "residential", "slope_pct": 0.6 }, "geometry": { "type": "LineString", "coordinates": [ [ 72.8512115, 18.9962836 ], [ 72.851523, 18.9968846 ], [ 72.8515838, 18.9970037 ], [ 72.8516458, 18.997125 ], [ 72.8518295, 18.9974846 ], [ 72.8518519, 18.997531 ], [ 72.8519396, 18.9976306 ], [ 72.8520152, 18.9976658 ], [ 72.852086, 18.9977207 ], [ 72.8521142, 18.9977845 ], [ 72.8521331, 18.9978527 ], [ 72.8521563, 18.9980288 ], [ 72.8522262, 18.9981852 ] ] } },
{ "type": "Feature", "properties": { "name": "Urban Corridor", "highway": "residential", "slope_pct": 0.6 }, "geometry": { "type": "LineString", "coordinates": [ [ 72.8527278, 18.9959802 ], [ 72.8528818, 18.996024 ], [ 72.8529786, 18.9960594 ], [ 72.8532012, 18.9961428 ], [ 72.8533838, 18.9965341 ], [ 72.8535997, 18.9969967 ], [ 72.8536289, 18.9970593 ] ] } },
{ "type": "Feature", "properties": { "name": "Sriram Tekdi Road", "highway": "residential", "slope_pct": 0.6 }, "geometry": { "type": "LineString", "coordinates": [ [ 72.8492561, 18.9965201 ], [ 72.8488734, 18.9966155 ], [ 72.8481784, 18.9967352 ], [ 72.8478711, 18.9968575 ], [ 72.8472443, 18.9969532 ], [ 72.8468359, 18.9971087 ], [ 72.8467561, 18.9972156 ], [ 72.8464531, 18.9976214 ], [ 72.8460547, 18.9980259 ], [ 72.8459979, 18.9981353 ] ] } },
{ "type": "Feature", "properties": { "name": "Parel Bhowada Street", "highway": "residential", "slope_pct": 0.6 }, "geometry": { "type": "LineString", "coordinates": [ [ 72.8462492, 19.0073322 ], [ 72.8454421, 19.0077614 ] ] } },
{ "type": "Feature", "properties": { "name": "Urban Corridor", "highway": "residential", "slope_pct": 0.6 }, "geometry": { "type": "LineString", "coordinates": [ [ 72.8528017, 18.9962504 ], [ 72.8523929, 18.9964521 ], [ 72.851523, 18.9968846 ], [ 72.8511775, 18.9970832 ], [ 72.8508797, 18.9971884 ], [ 72.8501477, 18.9973401 ], [ 72.8497369, 18.9974391 ] ] } },
{ "type": "Feature", "properties": { "name": "Tokersee Jivraj Road", "highway": "tertiary", "slope_pct": 0.6 }, "geometry": { "type": "LineString", "coordinates": [ [ 72.8509433, 19.0002856 ], [ 72.8510517, 19.0003055 ], [ 72.8514441, 19.0003774 ], [ 72.8522834, 19.0004287 ], [ 72.8530457, 19.0004742 ] ] } },
{ "type": "Feature", "properties": { "name": "Tokersee Jivraj Road", "highway": "tertiary", "slope_pct": 0.6 }, "geometry": { "type": "LineString", "coordinates": [ [ 72.8503469, 18.9985503 ], [ 72.8509433, 19.0002856 ] ] } },
{ "type": "Feature", "properties": { "name": "Tokersee Jivraj Road", "highway": "tertiary", "slope_pct": 0.6 }, "geometry": { "type": "LineString", "coordinates": [ [ 72.8462975, 18.9895061 ], [ 72.8463598, 18.9896358 ], [ 72.846538, 18.9901815 ], [ 72.8466741, 18.9904177 ], [ 72.8469087, 18.9906565 ], [ 72.8473845, 18.990976 ], [ 72.8475887, 18.9914959 ], [ 72.8477812, 18.9918778 ], [ 72.8479297, 18.9921602 ], [ 72.8480023, 18.9922981 ], [ 72.848184, 18.9926436 ], [ 72.8483772, 18.9931511 ], [ 72.8484784, 18.993437 ], [ 72.848664, 18.9939077 ], [ 72.8487084, 18.9940625 ], [ 72.8488109, 18.9948173 ], [ 72.8488157, 18.9952376 ], [ 72.8488187, 18.9953421 ], [ 72.8488787, 18.9958176 ], [ 72.848941, 18.9959783 ], [ 72.8492561, 18.9965201 ], [ 72.8493404, 18.9966764 ], [ 72.8493685, 18.9967305 ], [ 72.8497369, 18.9974391 ], [ 72.8498579, 18.9976839 ], [ 72.8500293, 18.9980178 ], [ 72.8501209, 18.9981406 ], [ 72.8503132, 18.9984785 ] ] } },
{ "type": "Feature", "properties": { "name": "Sakharam Lanjekar Path (Golanji Hill Road)", "highway": "residential", "slope_pct": 0.6 }, "geometry": { "type": "LineString", "coordinates": [ [ 72.8509433, 19.0002856 ], [ 72.8500385, 19.0001467 ], [ 72.849453, 19.0002846 ], [ 72.8492333, 19.0003478 ], [ 72.8491036, 19.0003989 ], [ 72.8489685, 19.0004346 ], [ 72.8489091, 19.000427 ], [ 72.8487902, 19.0003963 ], [ 72.8487012, 19.0003586 ], [ 72.8484972, 19.0002006 ], [ 72.8483198, 18.9999852 ] ] } },
{ "type": "Feature", "properties": { "name": "M G Vasahat Marg", "highway": "residential", "slope_pct": 0.6 }, "geometry": { "type": "LineString", "coordinates": [ [ 72.848675, 19.0037787 ], [ 72.8486524, 19.004032 ], [ 72.8486181, 19.0040521 ], [ 72.8483279, 19.0040648 ], [ 72.8482134, 19.0040708 ], [ 72.8481799, 19.0040958 ], [ 72.8481862, 19.0043353 ], [ 72.8481913, 19.0045545 ], [ 72.8482226, 19.0047495 ], [ 72.8482293, 19.0047912 ], [ 72.848271, 19.0050502 ], [ 72.8483249, 19.005385 ] ] } },
{ "type": "Feature", "properties": { "name": "Eknath Ghadi Marg", "highway": "residential", "slope_pct": 0.6 }, "geometry": { "type": "LineString", "coordinates": [ [ 72.8470387, 19.0027992 ], [ 72.8472385, 19.0028195 ], [ 72.847382, 19.0027586 ], [ 72.8474544, 19.0027117 ], [ 72.8477132, 19.002524 ], [ 72.8477897, 19.0024941 ], [ 72.8478138, 19.0024847 ], [ 72.8479278, 19.0024695 ], [ 72.8480715, 19.0024707 ], [ 72.8483413, 19.0025238 ], [ 72.8486317, 19.0026097 ] ] } },
{ "type": "Feature", "properties": { "name": "Jerbai Wadia Marg", "highway": "secondary", "slope_pct": 0.6 }, "geometry": { "type": "LineString", "coordinates": [ [ 72.8462606, 19.0058445 ], [ 72.8463006, 19.0057957 ], [ 72.8463754, 19.0057224 ], [ 72.8464679, 19.0056676 ], [ 72.8476449, 19.0054409 ], [ 72.8483249, 19.005385 ], [ 72.848882, 19.0053167 ], [ 72.8489056, 19.0053139 ], [ 72.8490741, 19.0052939 ], [ 72.8491392, 19.005272 ], [ 72.8508948, 19.0050543 ], [ 72.8509765, 19.0050528 ], [ 72.8510591, 19.0050513 ], [ 72.8521682, 19.0049585 ] ] } },
{ "type": "Feature", "properties": { "name": "Jagannath Bhatnagar Road", "highway": "secondary", "slope_pct": 0.6 }, "geometry": { "type": "LineString", "coordinates": [ [ 72.8340615, 19.008827 ], [ 72.8339853, 19.008873 ], [ 72.8334559, 19.0091918 ] ] } },
{ "type": "Feature", "properties": { "name": "V V D Buva Road", "highway": "residential", "slope_pct": 0.6 }, "geometry": { "type": "LineString", "coordinates": [ [ 72.8450587, 19.0070039 ], [ 72.8454421, 19.0077614 ], [ 72.8455679, 19.0080235 ], [ 72.8460087, 19.0090348 ], [ 72.8461431, 19.0093968 ], [ 72.8466732, 19.0105596 ], [ 72.8469313, 19.011075 ] ] } },
{ "type": "Feature", "properties": { "name": "Jyotiba Phule Marg", "highway": "residential", "slope_pct": 0.6 }, "geometry": { "type": "LineString", "coordinates": [ [ 72.8436319, 19.008552 ], [ 72.8446512, 19.0101127 ], [ 72.8456781, 19.0116447 ] ] } },
{ "type": "Feature", "properties": { "name": "P Pednekar Marg", "highway": "residential", "slope_pct": 0.6 }, "geometry": { "type": "LineString", "coordinates": [ [ 72.846846, 19.0090931 ], [ 72.8473122, 19.0101203 ], [ 72.8473849, 19.0102708 ], [ 72.8476131, 19.0107918 ] ] } },
{ "type": "Feature", "properties": { "name": "G.D. Ambedkar Marg", "highway": "secondary", "slope_pct": 0.6 }, "geometry": { "type": "LineString", "coordinates": [ [ 72.8472558, 19.0076743 ], [ 72.8471899, 19.0072579 ], [ 72.8471452, 19.0070807 ], [ 72.8471092, 19.006951 ], [ 72.8470638, 19.0068339 ], [ 72.8468516, 19.0064744 ], [ 72.8465307, 19.0061055 ], [ 72.8462606, 19.0058445 ], [ 72.8461414, 19.005782 ], [ 72.8459963, 19.0057393 ] ] } },
{ "type": "Feature", "properties": { "name": "Saint Paul Marg", "highway": "residential", "slope_pct": 0.6 }, "geometry": { "type": "LineString", "coordinates": [ [ 72.8428243, 19.0087076 ], [ 72.8432841, 19.0082739 ], [ 72.8436966, 19.0078547 ], [ 72.8437315, 19.0077976 ], [ 72.8438213, 19.0075085 ], [ 72.8438535, 19.0074578 ], [ 72.8439032, 19.0074223 ], [ 72.8440949, 19.00735 ] ] } },
{ "type": "Feature", "properties": { "name": "Urban Corridor", "highway": "tertiary", "slope_pct": 0.6 }, "geometry": { "type": "LineString", "coordinates": [ [ 72.8436319, 19.008552 ], [ 72.8429923, 19.0089468 ], [ 72.842106, 19.0095276 ] ] } },
{ "type": "Feature", "properties": { "name": "S L Matkar Road", "highway": "residential", "slope_pct": 0.6 }, "geometry": { "type": "LineString", "coordinates": [ [ 72.8310266, 19.0087285 ], [ 72.8313543, 19.0087186 ], [ 72.8319059, 19.008702 ], [ 72.8321613, 19.0086942 ], [ 72.8323316, 19.0086891 ] ] } },
{ "type": "Feature", "properties": { "name": "J Bhatankar Marg", "highway": "secondary", "slope_pct": 0.6 }, "geometry": { "type": "LineString", "coordinates": [ [ 72.8332775, 19.0093083 ], [ 72.8329485, 19.0093176 ], [ 72.830966, 19.0091976 ], [ 72.8307749, 19.0092524 ] ] } },
{ "type": "Feature", "properties": { "name": "S M Jadhav Road (Road No 2)", "highway": "residential", "slope_pct": 0.6 }, "geometry": { "type": "LineString", "coordinates": [ [ 72.8428243, 19.0087076 ], [ 72.8429923, 19.0089468 ], [ 72.8433575, 19.009465 ], [ 72.8438814, 19.0102638 ], [ 72.8440381, 19.0105028 ], [ 72.8441871, 19.0107305 ], [ 72.8442826, 19.0108763 ], [ 72.8443026, 19.0109068 ], [ 72.8443122, 19.0109215 ], [ 72.8444215, 19.0110884 ], [ 72.8445768, 19.0113257 ], [ 72.8447318, 19.0115594 ], [ 72.844758, 19.0115994 ], [ 72.8450145, 19.0119917 ] ] } },
{ "type": "Feature", "properties": { "name": "Road No 16", "highway": "residential", "slope_pct": 0.6 }, "geometry": { "type": "LineString", "coordinates": [ [ 72.8418532, 19.0069822 ], [ 72.8412486, 19.0070785 ], [ 72.8410501, 19.0071154 ] ] } },
{ "type": "Feature", "properties": { "name": "Chamarbaug Wala Road", "highway": "residential", "slope_pct": 0.6 }, "geometry": { "type": "LineString", "coordinates": [ [ 72.8407889, 19.0017875 ], [ 72.8397087, 19.0021498 ], [ 72.8396628, 19.0021624 ], [ 72.8394638, 19.0022168 ], [ 72.8391254, 19.0023095 ], [ 72.8385913, 19.0024436 ] ] } },
{ "type": "Feature", "properties": { "name": "Aimai Merwanji Street", "highway": "residential", "slope_pct": 0.6 }, "geometry": { "type": "LineString", "coordinates": [ [ 72.8384156, 19.0017896 ], [ 72.8387574, 19.0016893 ], [ 72.8390349, 19.0016191 ], [ 72.8392847, 19.0015414 ], [ 72.8400368, 19.0013076 ], [ 72.8405255, 19.0011935 ] ] } },
{ "type": "Feature", "properties": { "name": "P Guruji Street", "highway": "residential", "slope_pct": 0.6 }, "geometry": { "type": "LineString", "coordinates": [ [ 72.8387646, 19.0006413 ], [ 72.8384916, 19.0006771 ], [ 72.8380738, 19.0007204 ] ] } },
{ "type": "Feature", "properties": { "name": "Urban Corridor", "highway": "residential", "slope_pct": 0.6 }, "geometry": { "type": "LineString", "coordinates": [ [ 72.8390527, 18.9991554 ], [ 72.8383267, 18.9991983 ], [ 72.8380638, 18.9992248 ], [ 72.837776, 18.999272 ] ] } },
{ "type": "Feature", "properties": { "name": "Shirodkar Marg", "highway": "residential", "slope_pct": 0.6 }, "geometry": { "type": "LineString", "coordinates": [ [ 72.8394659, 18.9986656 ], [ 72.8388106, 18.998687 ], [ 72.8376269, 18.9986251 ] ] } },
{ "type": "Feature", "properties": { "name": "J Merwanji Street", "highway": "residential", "slope_pct": 0.6 }, "geometry": { "type": "LineString", "coordinates": [ [ 72.8387892, 19.0032495 ], [ 72.8395935, 19.0030107 ], [ 72.8400237, 19.0028787 ], [ 72.8411933, 19.0025785 ] ] } },
{ "type": "Feature", "properties": { "name": "Urban Corridor", "highway": "residential", "slope_pct": 0.6 }, "geometry": { "type": "LineString", "coordinates": [ [ 72.8407321, 18.9991476 ], [ 72.839883, 18.9994885 ], [ 72.8393629, 18.9996974 ] ] } },
{ "type": "Feature", "properties": { "name": "K Jadhav Marg", "highway": "residential", "slope_pct": 0.6 }, "geometry": { "type": "LineString", "coordinates": [ [ 72.8437256, 19.0066973 ], [ 72.8450587, 19.0070039 ] ] } },
{ "type": "Feature", "properties": { "name": "Dr Batliwala Marg", "highway": "residential", "slope_pct": 0.6 }, "geometry": { "type": "LineString", "coordinates": [ [ 72.8401969, 19.0034096 ], [ 72.8396086, 19.0035922 ], [ 72.8392913, 19.0036944 ], [ 72.8389207, 19.0038148 ] ] } },
{ "type": "Feature", "properties": { "name": "B Mandir Road", "highway": "residential", "slope_pct": 0.6 }, "geometry": { "type": "LineString", "coordinates": [ [ 72.8413441, 19.0060704 ], [ 72.8418532, 19.0069822 ] ] } },
{ "type": "Feature", "properties": { "name": "Road No 16", "highway": "residential", "slope_pct": 0.6 }, "geometry": { "type": "LineString", "coordinates": [ [ 72.8437256, 19.0066973 ], [ 72.8434109, 19.0067328 ], [ 72.8425721, 19.0068807 ], [ 72.8418532, 19.0069822 ] ] } },
{ "type": "Feature", "properties": { "name": "Fitwala Road", "highway": "residential", "slope_pct": 0.6 }, "geometry": { "type": "LineString", "coordinates": [ [ 72.8354245, 19.0071751 ], [ 72.8348868, 19.0074752 ], [ 72.8347337, 19.0075294 ], [ 72.8341345, 19.0077414 ], [ 72.8333888, 19.0079807 ], [ 72.8327036, 19.0083279 ], [ 72.8325509, 19.0084338 ] ] } },
{ "type": "Feature", "properties": { "name": "Urban Corridor", "highway": "residential", "slope_pct": 0.6 }, "geometry": { "type": "LineString", "coordinates": [ [ 72.8413285, 19.0053027 ], [ 72.8415662, 19.0060655 ] ] } },
{ "type": "Feature", "properties": { "name": "Urban Corridor", "highway": "residential", "slope_pct": 0.6 }, "geometry": { "type": "LineString", "coordinates": [ [ 72.8388106, 18.998687 ], [ 72.8390527, 18.9991554 ], [ 72.8393629, 18.9996974 ] ] } },
{ "type": "Feature", "properties": { "name": "V L Parulekar Marg", "highway": "residential", "slope_pct": 0.6 }, "geometry": { "type": "LineString", "coordinates": [ [ 72.8436707, 19.0053247 ], [ 72.843647, 19.0060524 ], [ 72.8437256, 19.0066973 ], [ 72.8440949, 19.00735 ], [ 72.8443818, 19.0079282 ] ] } },
{ "type": "Feature", "properties": { "name": "Shri Parmar Guruji Marg", "highway": "residential", "slope_pct": 0.6 }, "geometry": { "type": "LineString", "coordinates": [ [ 72.842112, 18.9996802 ], [ 72.8420203, 18.9997195 ], [ 72.8402923, 19.0004561 ] ] } },
{ "type": "Feature", "properties": { "name": "R Kamal Marg", "highway": "residential", "slope_pct": 0.6 }, "geometry": { "type": "LineString", "coordinates": [ [ 72.8425767, 18.9960342 ], [ 72.8421155, 18.9962745 ], [ 72.8415043, 18.9966068 ], [ 72.8414062, 18.9966601 ], [ 72.840476, 18.9971164 ], [ 72.8403016, 18.9972169 ] ] } },
{ "type": "Feature", "properties": { "name": "Urban Corridor", "highway": "residential", "slope_pct": 0.6 }, "geometry": { "type": "LineString", "coordinates": [ [ 72.8400237, 19.0028787 ], [ 72.8401969, 19.0034096 ] ] } },
{ "type": "Feature", "properties": { "name": "Ranjana Deshmukh Marg", "highway": "residential", "slope_pct": 0.6 }, "geometry": { "type": "LineString", "coordinates": [ [ 72.8383267, 18.9991983 ], [ 72.8383937, 18.9994192 ], [ 72.8384182, 18.9994998 ], [ 72.8384423, 18.9995792 ], [ 72.8385188, 18.9998314 ], [ 72.8387646, 19.0006413 ], [ 72.8390349, 19.0016191 ] ] } },
{ "type": "Feature", "properties": { "name": "Saint Xavier Street", "highway": "residential", "slope_pct": 0.6 }, "geometry": { "type": "LineString", "coordinates": [ [ 72.8405167, 19.0061793 ], [ 72.8413441, 19.0060704 ], [ 72.8415662, 19.0060655 ], [ 72.843647, 19.0060524 ], [ 72.8439437, 19.0061067 ], [ 72.8441467, 19.0061438 ], [ 72.8455189, 19.0063949 ], [ 72.8458486, 19.0066636 ], [ 72.8460622, 19.0069871 ], [ 72.8462492, 19.0073322 ] ] } },
{ "type": "Feature", "properties": { "name": "Gokhale Society Lane", "highway": "residential", "slope_pct": 0.6 }, "geometry": { "type": "LineString", "coordinates": [ [ 72.8394137, 19.0049093 ], [ 72.8396371, 19.0047276 ], [ 72.8396634, 19.0047062 ], [ 72.8399072, 19.0045077 ], [ 72.840489, 19.0040393 ], [ 72.8405086, 19.0040235 ], [ 72.8410169, 19.003639 ], [ 72.8415271, 19.0032394 ] ] } },
{ "type": "Feature", "properties": { "name": "Urban Corridor", "highway": "residential", "slope_pct": 0.6 }, "geometry": { "type": "LineString", "coordinates": [ [ 72.8396086, 19.0035922 ], [ 72.8399072, 19.0045077 ] ] } },
{ "type": "Feature", "properties": { "name": "Urban Corridor", "highway": "residential", "slope_pct": 0.6 }, "geometry": { "type": "LineString", "coordinates": [ [ 72.840489, 19.0040393 ], [ 72.8409267, 19.0044865 ], [ 72.84098, 19.0045459 ] ] } },
{ "type": "Feature", "properties": { "name": "Govindji Keni Road", "highway": "tertiary", "slope_pct": 0.6 }, "geometry": { "type": "LineString", "coordinates": [ [ 72.8443818, 19.0079282 ], [ 72.8436319, 19.008552 ] ] } },
{ "type": "Feature", "properties": { "name": "Dr Ernest Borges Marg", "highway": "secondary", "slope_pct": 0.6 }, "geometry": { "type": "LineString", "coordinates": [ [ 72.8374053, 18.9976522 ], [ 72.8376115, 18.9977014 ], [ 72.8377876, 18.997725 ], [ 72.8378403, 18.9977446 ], [ 72.8379941, 18.9978019 ], [ 72.8381314, 18.9978531 ], [ 72.8387096, 18.9980687 ], [ 72.8389176, 18.9981907 ], [ 72.8390458, 18.9982627 ] ] } },
{ "type": "Feature", "properties": { "name": "Urban Corridor", "highway": "residential", "slope_pct": 0.6 }, "geometry": { "type": "LineString", "coordinates": [ [ 72.8484784, 18.993437 ], [ 72.849361, 18.9932681 ], [ 72.8498959, 18.9931628 ], [ 72.8503371, 18.9930976 ], [ 72.8508922, 18.9930244 ] ] } },
{ "type": "Feature", "properties": { "name": "Urban Corridor", "highway": "tertiary", "slope_pct": 0.6 }, "geometry": { "type": "LineString", "coordinates": [ [ 72.851199, 18.9907657 ], [ 72.8496377, 18.9873947 ], [ 72.8488795, 18.9857586 ], [ 72.8485067, 18.9849621 ], [ 72.8481591, 18.9842191 ], [ 72.8477347, 18.9833217 ], [ 72.8469356, 18.9816378 ], [ 72.8468019, 18.9813612 ], [ 72.8465267, 18.9807729 ], [ 72.8460611, 18.979758 ], [ 72.845605, 18.9787449 ], [ 72.8455468, 18.978507 ] ] } },
{ "type": "Feature", "properties": { "name": "Zakaria Bunder Cross Road 3", "highway": "residential", "slope_pct": 0.6 }, "geometry": { "type": "LineString", "coordinates": [ [ 72.8478689, 18.990359 ], [ 72.8473845, 18.990976 ] ] } },
{ "type": "Feature", "properties": { "name": "Zakaria Bunder Cross Road 2", "highway": "residential", "slope_pct": 0.6 }, "geometry": { "type": "LineString", "coordinates": [ [ 72.8474069, 18.9900351 ], [ 72.8469087, 18.9906565 ] ] } },
{ "type": "Feature", "properties": { "name": "Zakaria Bunder Cross Road 1", "highway": "residential", "slope_pct": 0.6 }, "geometry": { "type": "LineString", "coordinates": [ [ 72.8469789, 18.9896871 ], [ 72.846538, 18.9901815 ] ] } },
{ "type": "Feature", "properties": { "name": "Urban Corridor", "highway": "residential", "slope_pct": 0.6 }, "geometry": { "type": "LineString", "coordinates": [ [ 72.8370541, 18.9949142 ], [ 72.8371116, 18.9952543 ] ] } },
{ "type": "Feature", "properties": { "name": "Urban Corridor", "highway": "residential", "slope_pct": 0.6 }, "geometry": { "type": "LineString", "coordinates": [ [ 72.8369819, 18.9941207 ], [ 72.8366334, 18.9941409 ] ] } },
{ "type": "Feature", "properties": { "name": "Urban Corridor", "highway": "residential", "slope_pct": 0.6 }, "geometry": { "type": "LineString", "coordinates": [ [ 72.8380648, 18.9947761 ], [ 72.8382831, 18.9950498 ] ] } },
{ "type": "Feature", "properties": { "name": "Urban Corridor", "highway": "residential", "slope_pct": 0.6 }, "geometry": { "type": "LineString", "coordinates": [ [ 72.8376536, 18.9946359 ], [ 72.8376799, 18.9946233 ], [ 72.8376933, 18.9946003 ], [ 72.837689, 18.9945778 ], [ 72.8373138, 18.9940787 ] ] } },
{ "type": "Feature", "properties": { "name": "Dinshaw Petit Road", "highway": "residential", "slope_pct": 0.6 }, "geometry": { "type": "LineString", "coordinates": [ [ 72.835909, 18.9888477 ], [ 72.8364185, 18.9885946 ], [ 72.8364813, 18.9885769 ], [ 72.8365628, 18.9885656 ], [ 72.8367537, 18.98857 ], [ 72.8368412, 18.9885885 ], [ 72.8369238, 18.9886163 ], [ 72.8371401, 18.9886849 ], [ 72.8371693, 18.9887103 ], [ 72.8373762, 18.9888905 ], [ 72.8374031, 18.9889181 ], [ 72.8376648, 18.9891874 ], [ 72.8378431, 18.9893431 ], [ 72.8381363, 18.9896327 ], [ 72.8382757, 18.9898251 ], [ 72.8383506, 18.9900039 ], [ 72.8382901, 18.9905298 ], [ 72.8382693, 18.9909165 ], [ 72.8382656, 18.9909868 ], [ 72.8382584, 18.9910491 ] ] } },
{ "type": "Feature", "properties": { "name": "Urban Corridor", "highway": "residential", "slope_pct": 0.6 }, "geometry": { "type": "LineString", "coordinates": [ [ 72.8374935, 18.9939736 ], [ 72.8375961, 18.9941178 ], [ 72.8380648, 18.9947761 ] ] } },
{ "type": "Feature", "properties": { "name": "Urban Corridor", "highway": "residential", "slope_pct": 0.6 }, "geometry": { "type": "LineString", "coordinates": [ [ 72.8380648, 18.9947761 ], [ 72.8372823, 18.9948861 ], [ 72.8370541, 18.9949142 ] ] } },
{ "type": "Feature", "properties": { "name": "Urban Corridor", "highway": "residential", "slope_pct": 0.6 }, "geometry": { "type": "LineString", "coordinates": [ [ 72.8369819, 18.9941207 ], [ 72.8370123, 18.9944559 ], [ 72.8370243, 18.9945948 ], [ 72.8370313, 18.9946761 ], [ 72.8370392, 18.9947503 ], [ 72.8370541, 18.9949142 ] ] } },
{ "type": "Feature", "properties": { "name": "Urban Corridor", "highway": "residential", "slope_pct": 0.6 }, "geometry": { "type": "LineString", "coordinates": [ [ 72.8369181, 18.9931662 ], [ 72.8369819, 18.9941207 ] ] } },
{ "type": "Feature", "properties": { "name": "Ganesh Nagar Lane", "highway": "residential", "slope_pct": 0.6 }, "geometry": { "type": "LineString", "coordinates": [ [ 72.8411423, 18.9895236 ], [ 72.8404273, 18.9896563 ], [ 72.8403974, 18.9896613 ], [ 72.8399098, 18.9897434 ], [ 72.8389036, 18.9899115 ], [ 72.8383506, 18.9900039 ] ] } },
{ "type": "Feature", "properties": { "name": "Urban Corridor", "highway": "residential", "slope_pct": 0.6 }, "geometry": { "type": "LineString", "coordinates": [ [ 72.8374935, 18.9939736 ], [ 72.8374529, 18.9939982 ], [ 72.8373387, 18.9940674 ], [ 72.8373138, 18.9940787 ], [ 72.8372644, 18.9940985 ], [ 72.8372412, 18.9941035 ], [ 72.8371147, 18.9941148 ], [ 72.8369819, 18.9941207 ] ] } },
{ "type": "Feature", "properties": { "name": "Urban Corridor", "highway": "residential", "slope_pct": 0.6 }, "geometry": { "type": "LineString", "coordinates": [ [ 72.8369181, 18.9931662 ], [ 72.8374935, 18.9939736 ] ] } },
{ "type": "Feature", "properties": { "name": "Urban Corridor", "highway": "residential", "slope_pct": 0.6 }, "geometry": { "type": "LineString", "coordinates": [ [ 72.8367834, 18.9928706 ], [ 72.8369181, 18.9931662 ] ] } },
{ "type": "Feature", "properties": { "name": "Urban Corridor", "highway": "residential", "slope_pct": 0.6 }, "geometry": { "type": "LineString", "coordinates": [ [ 72.8377359, 18.9937892 ], [ 72.8374935, 18.9939736 ] ] } },
{ "type": "Feature", "properties": { "name": "Shrikanth Hadkar Marg", "highway": "secondary", "slope_pct": 0.6 }, "geometry": { "type": "LineString", "coordinates": [ [ 72.8414749, 18.9880683 ], [ 72.8418063, 18.9880573 ], [ 72.8423746, 18.987997 ], [ 72.8425347, 18.98798 ], [ 72.8434549, 18.9879392 ], [ 72.8437401, 18.9879265 ], [ 72.8440732, 18.9879104 ], [ 72.8442198, 18.9879374 ], [ 72.8442929, 18.9879674 ], [ 72.8443822, 18.9880234 ], [ 72.8444404, 18.9880676 ], [ 72.8449311, 18.9884514 ], [ 72.8449928, 18.988478 ], [ 72.8450746, 18.9884888 ], [ 72.8451463, 18.9884825 ], [ 72.8452782, 18.9884298 ] ] } },
{ "type": "Feature", "properties": { "name": "Chinchpokli Flyover", "highway": "secondary", "slope_pct": 0.6 }, "geometry": { "type": "LineString", "coordinates": [ [ 72.8319995, 18.9872758 ], [ 72.8319879, 18.9877277 ], [ 72.8320117, 18.9879056 ], [ 72.83209, 18.9880569 ], [ 72.8321613, 18.9881645 ], [ 72.8322814, 18.988264 ], [ 72.8323932, 18.9883037 ], [ 72.832502, 18.9883422 ], [ 72.8326652, 18.9883694 ], [ 72.8327857, 18.9883689 ], [ 72.8333639, 18.9883663 ], [ 72.8335054, 18.9884043 ], [ 72.8336165, 18.9884682 ], [ 72.8337123, 18.9885485 ], [ 72.8343678, 18.9893113 ] ] } },
{ "type": "Feature", "properties": { "name": "DG Mahajani Path", "highway": "residential", "slope_pct": 0.6 }, "geometry": { "type": "LineString", "coordinates": [ [ 72.8532066, 19.0037899 ], [ 72.8530939, 19.0016494 ], [ 72.8530901, 19.0015568 ], [ 72.8530826, 19.0013739 ], [ 72.8530457, 19.0004742 ] ] } },
{ "type": "Feature", "properties": { "name": "Abhyudaya Nagar Road", "highway": "residential", "slope_pct": 0.6 }, "geometry": { "type": "LineString", "coordinates": [ [ 72.8419741, 18.9905724 ], [ 72.842584, 18.9904112 ], [ 72.8430324, 18.9903104 ], [ 72.8436504, 18.9901513 ], [ 72.8440091, 18.9900384 ], [ 72.8441271, 18.9900234 ], [ 72.8441917, 18.9900283 ], [ 72.8442264, 18.990031 ], [ 72.844315, 18.9900691 ], [ 72.8446469, 18.9904014 ], [ 72.845472, 18.9915508 ], [ 72.8455259, 18.9915813 ], [ 72.8455889, 18.9915971 ], [ 72.8456516, 18.991589 ], [ 72.8462314, 18.9914476 ], [ 72.8463502, 18.9913626 ], [ 72.8464053, 18.9912764 ], [ 72.8464325, 18.9911903 ], [ 72.8464117, 18.990826 ], [ 72.8464742, 18.9905355 ], [ 72.8466741, 18.9904177 ] ] } },
{ "type": "Feature", "properties": { "name": "Urban Corridor", "highway": "residential", "slope_pct": 0.6 }, "geometry": { "type": "LineString", "coordinates": [ [ 72.8435822, 18.9896136 ], [ 72.8424843, 18.9898407 ] ] } },
{ "type": "Feature", "properties": { "name": "Kala Chowky Road", "highway": "residential", "slope_pct": 0.6 }, "geometry": { "type": "LineString", "coordinates": [ [ 72.8419741, 18.9905724 ], [ 72.8421525, 18.9910232 ], [ 72.842494, 18.9914879 ], [ 72.8430145, 18.9921015 ] ] } },
{ "type": "Feature", "properties": { "name": "Urban Corridor", "highway": "residential", "slope_pct": 0.6 }, "geometry": { "type": "LineString", "coordinates": [ [ 72.842494, 18.9914879 ], [ 72.8427272, 18.9913343 ], [ 72.8427689, 18.9908696 ], [ 72.842584, 18.9904112 ], [ 72.8424843, 18.9898407 ], [ 72.8422794, 18.9889203 ], [ 72.8422371, 18.9887304 ], [ 72.8418063, 18.9880573 ] ] } },
{ "type": "Feature", "properties": { "name": "Urban Corridor", "highway": "residential", "slope_pct": 0.6 }, "geometry": { "type": "LineString", "coordinates": [ [ 72.8434549, 18.9879392 ], [ 72.8434685, 18.9883014 ], [ 72.8434748, 18.9884691 ], [ 72.843482, 18.988594 ], [ 72.8435068, 18.988907 ], [ 72.843548, 18.9894059 ], [ 72.8435518, 18.9894519 ], [ 72.8435726, 18.9895626 ], [ 72.8435822, 18.9896136 ], [ 72.8436504, 18.9901513 ], [ 72.8441112, 18.9910277 ], [ 72.8441837, 18.9912119 ], [ 72.8442133, 18.991287 ], [ 72.8441811, 18.9913616 ], [ 72.8440963, 18.9914781 ], [ 72.8440726, 18.991614 ], [ 72.8441284, 18.992199 ], [ 72.8441504, 18.9922437 ], [ 72.8443633, 18.9923716 ] ] } },
{ "type": "Feature", "properties": { "name": "Bhoiwada Samshan Bhoomi Road", "highway": "residential", "slope_pct": 0.6 }, "geometry": { "type": "LineString", "coordinates": [ [ 72.8497758, 19.0071218 ], [ 72.8501219, 19.0069722 ], [ 72.8502372, 19.0068986 ], [ 72.8503257, 19.0068378 ], [ 72.8504088, 19.0067414 ], [ 72.8504619, 19.0066754 ], [ 72.8506229, 19.0064754 ], [ 72.8508938, 19.0058079 ], [ 72.8510591, 19.0050513 ] ] } },
{ "type": "Feature", "properties": { "name": "Railway Colony Road", "highway": "residential", "slope_pct": 0.6 }, "geometry": { "type": "LineString", "coordinates": [ [ 72.837999, 19.0011061 ], [ 72.8372653, 19.0012599 ], [ 72.8370527, 19.0013094 ], [ 72.8369565, 19.0013303 ], [ 72.8369392, 19.0013353 ], [ 72.8368634, 19.0013571 ], [ 72.8365005, 19.001464 ], [ 72.8365713, 19.0017593 ], [ 72.8366034, 19.0019216 ], [ 72.8368107, 19.0026054 ], [ 72.8369709, 19.0031541 ] ] } },
{ "type": "Feature", "properties": { "name": "Post Office Lane", "highway": "residential", "slope_pct": 0.6 }, "geometry": { "type": "LineString", "coordinates": [ [ 72.8386863, 19.0035869 ], [ 72.8384868, 19.0036505 ], [ 72.8380049, 19.0037722 ], [ 72.8372962, 19.0039511 ] ] } },
{ "type": "Feature", "properties": { "name": "Dattaram Lad Marg (Kalachowki Road)", "highway": "secondary", "slope_pct": 0.6 }, "geometry": { "type": "LineString", "coordinates": [ [ 72.8413237, 18.9881145 ], [ 72.8408159, 18.9881224 ], [ 72.8403176, 18.9881318 ], [ 72.8402019, 18.9881388 ], [ 72.8394738, 18.988183 ], [ 72.8389028, 18.9882249 ], [ 72.8380811, 18.9882852 ], [ 72.8374995, 18.9883345 ], [ 72.8373256, 18.9883492 ], [ 72.8359055, 18.9884696 ] ] } },
{ "type": "Feature", "properties": { "name": "Dr Babasaheb Ambedkar Marg", "highway": "trunk", "slope_pct": 0.6 }, "geometry": { "type": "LineString", "coordinates": [ [ 72.8376269, 18.9986251 ], [ 72.8376238, 18.9983349 ], [ 72.8376206, 18.9978934 ], [ 72.8376203, 18.9978567 ], [ 72.8376115, 18.9977014 ], [ 72.8376101, 18.9976054 ], [ 72.8375949, 18.9974436 ], [ 72.8374986, 18.9972073 ], [ 72.837454, 18.9970977 ], [ 72.8372516, 18.9967059 ], [ 72.8371957, 18.9965976 ], [ 72.8371436, 18.9965029 ], [ 72.8371262, 18.9964711 ], [ 72.8369486, 18.9961481 ], [ 72.8368712, 18.9959094 ], [ 72.8368504, 18.9958386 ], [ 72.8367856, 18.9956343 ], [ 72.836734, 18.9953995 ] ] } },
{ "type": "Feature", "properties": { "name": "Lalbaug Flyover", "highway": "trunk", "slope_pct": 0.6 }, "geometry": { "type": "LineString", "coordinates": [ [ 72.8338135, 18.9786842 ], [ 72.8342461, 18.9804331 ], [ 72.8343864, 18.9810238 ], [ 72.8347535, 18.9820904 ], [ 72.835103, 18.9832283 ], [ 72.8352262, 18.9837319 ], [ 72.8353372, 18.9842847 ], [ 72.835431, 18.9849895 ], [ 72.8357566, 18.987735 ], [ 72.8358138, 18.988314 ], [ 72.8358155, 18.9889596 ], [ 72.8357669, 18.9897311 ], [ 72.835694, 18.9903535 ], [ 72.8356483, 18.9906722 ], [ 72.835652, 18.9908719 ], [ 72.8357115, 18.9911261 ], [ 72.8358381, 18.9913655 ], [ 72.8362775, 18.9920767 ], [ 72.8363702, 18.9923046 ], [ 72.836413, 18.99261 ], [ 72.8365765, 18.9945134 ], [ 72.8366289, 18.9952694 ], [ 72.8366994, 18.995641 ], [ 72.8368684, 18.9961737 ], [ 72.8371207, 18.9966327 ], [ 72.8373756, 18.9971261 ], [ 72.8375066, 18.9974479 ], [ 72.8375305, 18.9978373 ], [ 72.837534, 18.9983119 ], [ 72.8375358, 18.9988884 ], [ 72.8376073, 18.9992935 ] ] } },
{ "type": "Feature", "properties": { "name": "Dr S S Rao Marg (Govt Gate Road)", "highway": "secondary", "slope_pct": 0.6 }, "geometry": { "type": "LineString", "coordinates": [ [ 72.8410602, 18.9982312 ], [ 72.8408076, 18.9979051 ], [ 72.8404992, 18.9974857 ], [ 72.8403016, 18.9972169 ], [ 72.8400963, 18.9969378 ], [ 72.8400614, 18.9968903 ], [ 72.839626, 18.996298 ], [ 72.8395653, 18.9962295 ] ] } },
{ "type": "Feature", "properties": { "name": "Hindmata Flyover", "highway": "trunk", "slope_pct": 0.6 }, "geometry": { "type": "LineString", "coordinates": [ [ 72.8388583, 19.0040742 ], [ 72.838962, 19.0044003 ], [ 72.8390648, 19.0046565 ], [ 72.8392144, 19.0049096 ], [ 72.8394259, 19.0051699 ], [ 72.8398353, 19.0055663 ], [ 72.8400003, 19.0057509 ], [ 72.8401997, 19.0060321 ], [ 72.8404561, 19.0063916 ], [ 72.840597, 19.0066256 ], [ 72.8407956, 19.0069467 ] ] } },
{ "type": "Feature", "properties": { "name": "Hindmata Flyover", "highway": "trunk", "slope_pct": 0.6 }, "geometry": { "type": "LineString", "coordinates": [ [ 72.8408714, 19.006909 ], [ 72.8406711, 19.0065852 ], [ 72.8405288, 19.0063489 ], [ 72.8402706, 19.0059869 ], [ 72.8400686, 19.0057022 ], [ 72.8398987, 19.0055119 ], [ 72.8394906, 19.0051168 ], [ 72.839286, 19.004865 ], [ 72.8391426, 19.0046222 ], [ 72.8390435, 19.0043755 ], [ 72.8389541, 19.0040585 ] ] } },
{ "type": "Feature", "properties": { "name": "Dr Babasaheb Ambedkar Marg (Vincent Road)", "highway": "trunk", "slope_pct": 0.6 }, "geometry": { "type": "LineString", "coordinates": [ [ 72.8396166, 19.0054639 ], [ 72.8397643, 19.0056073 ], [ 72.8397755, 19.0056177 ], [ 72.8399357, 19.005797 ], [ 72.8401327, 19.0060747 ], [ 72.8403874, 19.0064319 ], [ 72.8404188, 19.0064841 ], [ 72.840527, 19.0066638 ], [ 72.840724, 19.0069822 ], [ 72.8408108, 19.0071688 ], [ 72.8409353, 19.0074127 ] ] } },
{ "type": "Feature", "properties": { "name": "Dr Babasaheb Ambedkar Marg (Vincent Road)", "highway": "trunk", "slope_pct": 0.6 }, "geometry": { "type": "LineString", "coordinates": [ [ 72.8376594, 18.9995564 ], [ 72.8378207, 19.0005048 ], [ 72.8379643, 19.0010036 ], [ 72.837999, 19.0011061 ], [ 72.8381431, 19.0015247 ], [ 72.8383029, 19.0020817 ], [ 72.8383608, 19.0023043 ], [ 72.8383989, 19.0024505 ], [ 72.8385081, 19.0029509 ], [ 72.8385408, 19.0031006 ], [ 72.8386026, 19.003307 ], [ 72.8386863, 19.0035869 ], [ 72.838802, 19.0039291 ] ] } },
{ "type": "Feature", "properties": { "name": "Hindmata Flyover", "highway": "trunk", "slope_pct": 0.6 }, "geometry": { "type": "LineString", "coordinates": [ [ 72.8407956, 19.0069467 ], [ 72.8408705, 19.0071008 ], [ 72.8409842, 19.0073426 ], [ 72.8410822, 19.0075511 ] ] } },
{ "type": "Feature", "properties": { "name": "Hindmata Flyover", "highway": "trunk", "slope_pct": 0.6 }, "geometry": { "type": "LineString", "coordinates": [ [ 72.8410822, 19.0075511 ], [ 72.8412039, 19.0079154 ], [ 72.841357, 19.0083508 ], [ 72.8415102, 19.0087457 ], [ 72.8416839, 19.0091375 ], [ 72.841907, 19.0095102 ], [ 72.8422767, 19.0100928 ], [ 72.8426612, 19.0106857 ], [ 72.8428363, 19.0109445 ] ] } },
{ "type": "Feature", "properties": { "name": "Hindmata Flyover", "highway": "trunk", "slope_pct": 0.6 }, "geometry": { "type": "LineString", "coordinates": [ [ 72.8429, 19.0108872 ], [ 72.8427337, 19.0106429 ], [ 72.8423499, 19.0100508 ], [ 72.8419809, 19.0094695 ], [ 72.8417608, 19.0091018 ], [ 72.8415898, 19.0087161 ], [ 72.8414377, 19.0083241 ], [ 72.8412854, 19.0078911 ], [ 72.8411679, 19.007519 ] ] } },
{ "type": "Feature", "properties": { "name": "Hindmata Flyover", "highway": "trunk", "slope_pct": 0.6 }, "geometry": { "type": "LineString", "coordinates": [ [ 72.8411679, 19.007519 ], [ 72.8409473, 19.0070651 ], [ 72.8408714, 19.006909 ] ] } },
{ "type": "Feature", "properties": { "name": "Dr Babasaheb Ambedkar Marg (Vincent Road)", "highway": "trunk", "slope_pct": 0.6 }, "geometry": { "type": "LineString", "coordinates": [ [ 72.8426174, 19.0103274 ], [ 72.8424108, 19.0100159 ], [ 72.842106, 19.0095276 ], [ 72.8420602, 19.0094542 ], [ 72.8420209, 19.009387 ], [ 72.8418249, 19.0090721 ], [ 72.8418144, 19.0090461 ], [ 72.8416938, 19.008776 ], [ 72.8416561, 19.0086915 ], [ 72.8415985, 19.008543 ], [ 72.841505, 19.0083019 ], [ 72.8414613, 19.0081775 ], [ 72.8413534, 19.0078708 ], [ 72.8412348, 19.0074954 ], [ 72.8411392, 19.0072987 ] ] } },
{ "type": "Feature", "properties": { "name": "Parel Back Road", "highway": "residential", "slope_pct": 0.6 }, "geometry": { "type": "LineString", "coordinates": [ [ 72.8429297, 18.9998014 ], [ 72.8432984, 18.999669 ], [ 72.8434005, 18.9995997 ], [ 72.8441405, 18.9992203 ], [ 72.8445792, 18.9990224 ], [ 72.8451939, 18.9989091 ], [ 72.8459078, 18.9988795 ], [ 72.8461497, 18.9987678 ] ] } },
{ "type": "Feature", "properties": { "name": "Acharya Donde Marg", "highway": "secondary", "slope_pct": 0.6 }, "geometry": { "type": "LineString", "coordinates": [ [ 72.8396166, 19.0054639 ], [ 72.8398144, 19.0053296 ], [ 72.8398994, 19.0052722 ], [ 72.8408447, 19.0046342 ], [ 72.84098, 19.0045459 ], [ 72.84102, 19.004509 ], [ 72.8414449, 19.0041178 ], [ 72.8414978, 19.0040691 ], [ 72.8419528, 19.00365 ] ] } },
{ "type": "Feature", "properties": { "name": "Mahadev Palav Marg", "highway": "secondary", "slope_pct": 0.6 }, "geometry": { "type": "LineString", "coordinates": [ [ 72.8365339, 18.9953358 ], [ 72.83644, 18.9953435 ], [ 72.836197, 18.9953555 ], [ 72.8360423, 18.9953488 ], [ 72.8359972, 18.9953469 ], [ 72.8356141, 18.9953034 ], [ 72.8353436, 18.9952692 ], [ 72.8350694, 18.9952274 ], [ 72.8348127, 18.9951882 ], [ 72.8347478, 18.9951799 ] ] } },
{ "type": "Feature", "properties": { "name": "Currey Road Bridge", "highway": "secondary", "slope_pct": 0.6 }, "geometry": { "type": "LineString", "coordinates": [ [ 72.8325196, 18.9950971 ], [ 72.832389, 18.9951024 ], [ 72.8316304, 18.9951481 ] ] } },
{ "type": "Feature", "properties": { "name": "G.D. Ambedkar Marg", "highway": "secondary", "slope_pct": 0.6 }, "geometry": { "type": "LineString", "coordinates": [ [ 72.8461926, 19.0059077 ], [ 72.8463388, 19.0060241 ], [ 72.8465798, 19.0062912 ], [ 72.8467415, 19.0064876 ], [ 72.8468566, 19.0066487 ], [ 72.8469755, 19.0068658 ], [ 72.8470537, 19.0071048 ], [ 72.8471016, 19.0072866 ], [ 72.8471717, 19.0076954 ] ] } },
{ "type": "Feature", "properties": { "name": "Elphinstone Flyover", "highway": "primary", "slope_pct": 0.6 }, "geometry": { "type": "LineString", "coordinates": [ [ 72.8360487, 19.0119732 ], [ 72.8338535, 19.0097062 ], [ 72.8330388, 19.0088724 ], [ 72.8328041, 19.0085953 ], [ 72.8326231, 19.008296 ], [ 72.8315149, 19.0062215 ], [ 72.8310998, 19.0051444 ], [ 72.8296981, 19.0024137 ] ] } },
{ "type": "Feature", "properties": { "name": "Senapati Bapat Marg", "highway": "primary", "slope_pct": 0.6 }, "geometry": { "type": "LineString", "coordinates": [ [ 72.8334559, 19.0091918 ], [ 72.8331619, 19.0089184 ], [ 72.832908, 19.0086147 ], [ 72.8328248, 19.008498 ], [ 72.8327036, 19.0083279 ], [ 72.8326673, 19.0082624 ], [ 72.8326025, 19.0081452 ], [ 72.8325641, 19.0080758 ], [ 72.8323458, 19.0076814 ], [ 72.8322768, 19.0075568 ], [ 72.8321509, 19.0073294 ], [ 72.8315717, 19.0062215 ], [ 72.8310724, 19.00497 ], [ 72.8310695, 19.0049626 ] ] } },
{ "type": "Feature", "properties": { "name": "Sayani Marg", "highway": "secondary", "slope_pct": 0.6 }, "geometry": { "type": "LineString", "coordinates": [ [ 72.8320222, 19.011051 ], [ 72.8321355, 19.0108803 ], [ 72.8322965, 19.0106581 ], [ 72.8325036, 19.0103258 ], [ 72.8330317, 19.0095344 ], [ 72.8332775, 19.0093083 ] ] } },
{ "type": "Feature", "properties": { "name": "Urban Corridor", "highway": "tertiary", "slope_pct": 0.6 }, "geometry": { "type": "LineString", "coordinates": [ [ 72.8476141, 18.9833839 ], [ 72.8476546, 18.9834651 ], [ 72.8479069, 18.9840226 ], [ 72.8479712, 18.9841422 ], [ 72.8481804, 18.9845817 ], [ 72.848391, 18.9850391 ], [ 72.8486808, 18.9856274 ], [ 72.8487659, 18.9858065 ], [ 72.849103, 18.9865161 ], [ 72.8495364, 18.9874328 ], [ 72.8495877, 18.9875412 ], [ 72.8500213, 18.9884266 ], [ 72.8504302, 18.9892946 ], [ 72.8508746, 18.9902408 ], [ 72.8511412, 18.9907939 ] ] } },
{ "type": "Feature", "properties": { "name": "Urban Corridor", "highway": "residential", "slope_pct": 0.6 }, "geometry": { "type": "LineString", "coordinates": [ [ 72.8432984, 18.999669 ], [ 72.8435044, 18.9998221 ], [ 72.8437605, 18.9999549 ], [ 72.8438949, 18.9999677 ], [ 72.8439748, 18.9999646 ], [ 72.8443681, 18.9998874 ], [ 72.8445651, 18.9998641 ], [ 72.8446813, 18.9998542 ], [ 72.8447886, 18.9998958 ], [ 72.8448713, 18.9999556 ], [ 72.84491, 19.0000155 ], [ 72.8449849, 19.0000788 ], [ 72.8450009, 19.000088 ], [ 72.8451079, 19.0001497 ], [ 72.8454704, 19.0003137 ] ] } },
{ "type": "Feature", "properties": { "name": "Urban Corridor", "highway": "residential", "slope_pct": 0.6 }, "geometry": { "type": "LineString", "coordinates": [ [ 72.851178, 18.9990342 ], [ 72.8510211, 18.9983855 ], [ 72.8510043, 18.998331 ] ] } },
{ "type": "Feature", "properties": { "name": "Urban Corridor", "highway": "residential", "slope_pct": 0.6 }, "geometry": { "type": "LineString", "coordinates": [ [ 72.8400368, 19.0013076 ], [ 72.8397132, 19.0005166 ] ] } },
{ "type": "Feature", "properties": { "name": "Urban Corridor", "highway": "residential", "slope_pct": 0.6 }, "geometry": { "type": "LineString", "coordinates": [ [ 72.8439781, 18.9952501 ], [ 72.8439361, 18.9949123 ], [ 72.8438944, 18.9945723 ], [ 72.8438911, 18.9945261 ] ] } },
{ "type": "Feature", "properties": { "name": "Urban Corridor", "highway": "residential", "slope_pct": 0.6 }, "geometry": { "type": "LineString", "coordinates": [ [ 72.8514441, 19.0003774 ], [ 72.8511464, 18.9993736 ], [ 72.8511703, 18.9993049 ], [ 72.8512188, 18.9992767 ], [ 72.8512412, 18.9992444 ], [ 72.851178, 18.9990342 ] ] } },
{ "type": "Feature", "properties": { "name": "Urban Corridor", "highway": "residential", "slope_pct": 0.6 }, "geometry": { "type": "LineString", "coordinates": [ [ 72.8527799, 19.0002378 ], [ 72.852605, 19.0002537 ], [ 72.8524594, 19.0002947 ], [ 72.8522834, 19.0004287 ] ] } },
{ "type": "Feature", "properties": { "name": "Urban Corridor", "highway": "residential", "slope_pct": 0.6 }, "geometry": { "type": "LineString", "coordinates": [ [ 72.850885, 18.9983581 ], [ 72.8508392, 18.9981189 ], [ 72.8507878, 18.9978507 ], [ 72.8507902, 18.9978005 ], [ 72.8508184, 18.9977503 ], [ 72.8509051, 18.9976835 ], [ 72.8510184, 18.997615 ] ] } },
{ "type": "Feature", "properties": { "name": "Urban Corridor", "highway": "residential", "slope_pct": 0.6 }, "geometry": { "type": "LineString", "coordinates": [ [ 72.8419934, 18.9925086 ], [ 72.8419988, 18.9925724 ], [ 72.8420149, 18.9928885 ], [ 72.8420371, 18.9931424 ], [ 72.8417216, 18.9932841 ], [ 72.8416587, 18.9934671 ], [ 72.8417214, 18.9936204 ], [ 72.8418617, 18.9936683 ], [ 72.8419834, 18.9936523 ], [ 72.8420612, 18.9935788 ], [ 72.8421051, 18.9934478 ], [ 72.8421136, 18.9932624 ], [ 72.8420371, 18.9931424 ] ] } },
{ "type": "Feature", "properties": { "name": "Urban Corridor", "highway": "residential", "slope_pct": 0.6 }, "geometry": { "type": "LineString", "coordinates": [ [ 72.8427335, 18.9929115 ], [ 72.8427224, 18.992978 ], [ 72.8427184, 18.992999 ], [ 72.8426287, 18.9932689 ], [ 72.8425324, 18.9935662 ], [ 72.8425155, 18.9936605 ], [ 72.8425476, 18.9937084 ], [ 72.8426219, 18.9937324 ], [ 72.8426997, 18.9937292 ], [ 72.8427589, 18.9936989 ], [ 72.8428231, 18.993579 ], [ 72.8430056, 18.9930612 ], [ 72.8427184, 18.992999 ] ] } },
{ "type": "Feature", "properties": { "name": "Urban Corridor", "highway": "residential", "slope_pct": 0.6 }, "geometry": { "type": "LineString", "coordinates": [ [ 72.845472, 18.9915508 ], [ 72.8455113, 18.9917543 ], [ 72.8455065, 18.9918447 ], [ 72.8454587, 18.9919035 ], [ 72.8453966, 18.9919238 ], [ 72.8453392, 18.9919577 ], [ 72.8453033, 18.9920052 ], [ 72.8452723, 18.9921001 ], [ 72.8452555, 18.9925657 ], [ 72.8452938, 18.9926109 ], [ 72.8455188, 18.9926181 ], [ 72.8455567, 18.992525 ], [ 72.8455973, 18.9921928 ], [ 72.8455472, 18.9919554 ], [ 72.8455065, 18.9918447 ] ] } },
{ "type": "Feature", "properties": { "name": "Urban Corridor", "highway": "residential", "slope_pct": 0.6 }, "geometry": { "type": "LineString", "coordinates": [ [ 72.8374467, 18.9925767 ], [ 72.8371266, 18.9927771 ], [ 72.836999, 18.9928015 ] ] } },
{ "type": "Feature", "properties": { "name": "Urban Corridor", "highway": "residential", "slope_pct": 0.6 }, "geometry": { "type": "LineString", "coordinates": [ [ 72.8393576, 18.9929398 ], [ 72.839728, 18.9928469 ] ] } },
{ "type": "Feature", "properties": { "name": "Urban Corridor", "highway": "residential", "slope_pct": 0.6 }, "geometry": { "type": "LineString", "coordinates": [ [ 72.8462975, 18.9895061 ], [ 72.8464661, 18.9892948 ] ] } },
{ "type": "Feature", "properties": { "name": "Urban Corridor", "highway": "residential", "slope_pct": 0.6 }, "geometry": { "type": "LineString", "coordinates": [ [ 72.839336, 18.9926374 ], [ 72.8396723, 18.9925661 ] ] } },
{ "type": "Feature", "properties": { "name": "Vishnu Ganesh Pingale Marg ( Teli Galli)", "highway": "residential", "slope_pct": 0.6 }, "geometry": { "type": "LineString", "coordinates": [ [ 72.8339253, 18.9882646 ], [ 72.8356997, 18.9879824 ] ] } },
{ "type": "Feature", "properties": { "name": "Urban Corridor", "highway": "residential", "slope_pct": 0.6 }, "geometry": { "type": "LineString", "coordinates": [ [ 72.8372137, 18.9930818 ], [ 72.8375189, 18.9928959 ], [ 72.837547, 18.9929412 ], [ 72.8375843, 18.9929649 ], [ 72.8376235, 18.9929699 ], [ 72.8382672, 18.992933 ], [ 72.8383029, 18.9929176 ], [ 72.8383214, 18.9929027 ], [ 72.8383576, 18.9927341 ], [ 72.8383813, 18.9926339 ], [ 72.838389, 18.9926125 ], [ 72.8384011, 18.9925947 ], [ 72.8384237, 18.9925822 ], [ 72.8387362, 18.9925842 ], [ 72.8387523, 18.9925917 ], [ 72.8387621, 18.9926047 ], [ 72.8387728, 18.9929177 ] ] } },
{ "type": "Feature", "properties": { "name": "Urban Corridor", "highway": "residential", "slope_pct": 0.6 }, "geometry": { "type": "LineString", "coordinates": [ [ 72.8336653, 18.9887393 ], [ 72.8336609, 18.9888198 ], [ 72.8336384, 18.9892348 ], [ 72.8336484, 18.9892873 ], [ 72.8336692, 18.9893317 ], [ 72.8343319, 18.9899641 ], [ 72.8344144, 18.9900437 ], [ 72.8345005, 18.9901965 ], [ 72.8345673, 18.9903635 ], [ 72.834578, 18.9905345 ], [ 72.8345777, 18.9905765 ], [ 72.8345785, 18.9906354 ], [ 72.8345554, 18.9910345 ], [ 72.8345384, 18.991077 ], [ 72.8345066, 18.9911302 ], [ 72.8344701, 18.9911505 ], [ 72.8344532, 18.9911599 ], [ 72.8338475, 18.9913232 ], [ 72.833795, 18.9913432 ], [ 72.833594, 18.9914201 ], [ 72.8334881, 18.9914992 ], [ 72.8334185, 18.9916519 ], [ 72.8333944, 18.9917861 ], [ 72.8333992, 18.9924495 ] ] } },
{ "type": "Feature", "properties": { "name": "Urban Corridor", "highway": "residential", "slope_pct": 0.6 }, "geometry": { "type": "LineString", "coordinates": [ [ 72.8433579, 18.9946889 ], [ 72.8434212, 18.9948381 ], [ 72.8434642, 18.9949121 ], [ 72.8435082, 18.9949395 ], [ 72.8435753, 18.9949396 ], [ 72.8439361, 18.9949123 ], [ 72.8443115, 18.9948755 ], [ 72.8443735, 18.9949041 ], [ 72.8444525, 18.9952747 ] ] } },
{ "type": "Feature", "properties": { "name": "Urban Corridor", "highway": "residential", "slope_pct": 0.6 }, "geometry": { "type": "LineString", "coordinates": [ [ 72.8539611, 18.9943114 ], [ 72.853778, 18.994156 ], [ 72.853725, 18.994111 ], [ 72.8536402, 18.994039 ], [ 72.8532531, 18.9934222 ], [ 72.8528467, 18.9925949 ], [ 72.8521472, 18.9910922 ], [ 72.8521193, 18.9910322 ], [ 72.8518754, 18.9905365 ], [ 72.8515802, 18.9906222 ], [ 72.851199, 18.9907657 ] ] } },
{ "type": "Feature", "properties": { "name": "Vitthal Chavan Marg", "highway": "residential", "slope_pct": 0.6 }, "geometry": { "type": "LineString", "coordinates": [ [ 72.8378384, 19.0048671 ], [ 72.8379172, 19.0048395 ], [ 72.8382895, 19.0047095 ], [ 72.8386832, 19.0045717 ], [ 72.8389065, 19.0044935 ] ] } },
{ "type": "Feature", "properties": { "name": "Lalbaug Flyover", "highway": "trunk", "slope_pct": 0.6 }, "geometry": { "type": "LineString", "coordinates": [ [ 72.8377005, 18.9992994 ], [ 72.8375995, 18.998885 ], [ 72.8375715, 18.9983352 ], [ 72.837568, 18.9978583 ], [ 72.8375432, 18.9974542 ], [ 72.8374061, 18.9971174 ], [ 72.8371491, 18.9966199 ], [ 72.8369, 18.9961668 ], [ 72.8367347, 18.9956458 ], [ 72.8366659, 18.9952832 ], [ 72.8366138, 18.9945311 ], [ 72.83645, 18.992625 ], [ 72.8364057, 18.9923081 ], [ 72.8363069, 18.9920652 ], [ 72.8358653, 18.9913506 ], [ 72.8357447, 18.9911225 ], [ 72.8356893, 18.990886 ], [ 72.8356859, 18.9907005 ], [ 72.8357308, 18.990387 ], [ 72.8358042, 18.9897615 ], [ 72.835853, 18.9889855 ], [ 72.8358513, 18.9883337 ], [ 72.8357936, 18.9877504 ], [ 72.8355996, 18.9861134 ], [ 72.835468, 18.9850035 ], [ 72.8353737, 18.9842957 ], [ 72.8352619, 18.9837388 ], [ 72.8351378, 18.9832315 ], [ 72.8347874, 18.9820907 ], [ 72.8344342, 18.981018 ], [ 72.8342922, 18.9804362 ], [ 72.8341546, 18.9798583 ], [ 72.8338982, 18.9786899 ] ] } },
{ "type": "Feature", "properties": { "name": "Dr Babasaheb Ambedkar Marg", "highway": "trunk", "slope_pct": 0.6 }, "geometry": { "type": "LineString", "coordinates": [ [ 72.8351856, 18.983987 ], [ 72.8352565, 18.9842892 ], [ 72.83535, 18.9849916 ], [ 72.8353623, 18.9851802 ], [ 72.8353626, 18.9851824 ], [ 72.8353843, 18.9853428 ], [ 72.8354107, 18.9855382 ], [ 72.8354353, 18.9857205 ], [ 72.8355486, 18.9865594 ], [ 72.8356308, 18.9871684 ], [ 72.8356512, 18.9873643 ], [ 72.8356628, 18.9875656 ], [ 72.8356742, 18.9877177 ], [ 72.8356754, 18.9877361 ], [ 72.8356997, 18.9879824 ], [ 72.8357323, 18.9883117 ], [ 72.8357453, 18.9884697 ] ] } },
{ "type": "Feature", "properties": { "name": "Dr Baba Saheb Ambedkar Marg (Victoria Garden Road)", "highway": "trunk", "slope_pct": 0.6 }, "geometry": { "type": "LineString", "coordinates": [ [ 72.8359055, 18.9884696 ], [ 72.8359035, 18.9883313 ], [ 72.8358456, 18.9877453 ], [ 72.8358444, 18.9877277 ], [ 72.8357256, 18.9867072 ], [ 72.8357028, 18.9865303 ], [ 72.835653, 18.9861086 ], [ 72.8356251, 18.9858754 ], [ 72.8356061, 18.9857167 ], [ 72.83554, 18.9851631 ], [ 72.8355313, 18.9850921 ], [ 72.8355198, 18.9849977 ], [ 72.8354254, 18.984288 ], [ 72.8353865, 18.9839822 ] ] } },
{ "type": "Feature", "properties": { "name": "Lalbaug Flyover", "highway": "trunk", "slope_pct": 0.6 }, "geometry": { "type": "LineString", "coordinates": [ [ 72.8377589, 18.9994546 ], [ 72.8377005, 18.9992994 ] ] } },
{ "type": "Feature", "properties": { "name": "Lalbaug Flyover", "highway": "trunk", "slope_pct": 0.6 }, "geometry": { "type": "LineString", "coordinates": [ [ 72.8376073, 18.9992935 ], [ 72.8376594, 18.9995564 ] ] } },
{ "type": "Feature", "properties": { "name": "Dr Babasaheb Ambedkar Marg (Vincent Road)", "highway": "trunk", "slope_pct": 0.6 }, "geometry": { "type": "LineString", "coordinates": [ [ 72.8389513, 19.0039212 ], [ 72.8389207, 19.0038148 ], [ 72.8387892, 19.0032495 ], [ 72.8386665, 19.0028027 ], [ 72.8385913, 19.0024436 ], [ 72.8384156, 19.0017896 ], [ 72.8383143, 19.0014629 ], [ 72.8381494, 19.0009634 ], [ 72.8380738, 19.0007204 ], [ 72.8380094, 19.0004713 ], [ 72.8378851, 18.9999976 ], [ 72.8378206, 18.9997316 ], [ 72.8377711, 18.9995177 ], [ 72.8377589, 18.9994546 ] ] } },
{ "type": "Feature", "properties": { "name": "Hindmata Flyover", "highway": "trunk", "slope_pct": 0.6 }, "geometry": { "type": "LineString", "coordinates": [ [ 72.8389541, 19.0040585 ], [ 72.8389513, 19.0039212 ] ] } },
{ "type": "Feature", "properties": { "name": "Hindmata Flyover", "highway": "trunk", "slope_pct": 0.6 }, "geometry": { "type": "LineString", "coordinates": [ [ 72.838802, 19.0039291 ], [ 72.8388583, 19.0040742 ] ] } },
{ "type": "Feature", "properties": { "name": "Currey Road Bridge", "highway": "secondary", "slope_pct": 0.6 }, "geometry": { "type": "LineString", "coordinates": [ [ 72.8325196, 18.9950971 ], [ 72.8326877, 18.9950897 ], [ 72.8328684, 18.9950817 ], [ 72.8332467, 18.9950776 ] ] } },
{ "type": "Feature", "properties": { "name": "Dattaram Lad Path (Kala Chowky Road)", "highway": "residential", "slope_pct": 0.6 }, "geometry": { "type": "LineString", "coordinates": [ [ 72.8357453, 18.9884697 ], [ 72.8342831, 18.988312 ], [ 72.8339253, 18.9882646 ], [ 72.8335223, 18.9881956 ], [ 72.8333408, 18.9881736 ], [ 72.8333091, 18.9881784 ], [ 72.8332918, 18.988204 ], [ 72.8332898, 18.9882421 ], [ 72.8332956, 18.9882758 ], [ 72.8333913, 18.9884413 ], [ 72.8334692, 18.988522 ], [ 72.8336653, 18.9887393 ], [ 72.8343217, 18.9894815 ], [ 72.8344039, 18.9895016 ], [ 72.8344894, 18.9895015 ] ] } },
{ "type": "Feature", "properties": { "name": "Urban Corridor", "highway": "secondary_link", "slope_pct": 0.6 }, "geometry": { "type": "LineString", "coordinates": [ [ 72.8330317, 19.0095344 ], [ 72.8330309, 19.0094148 ], [ 72.8329485, 19.0093176 ] ] } },
{ "type": "Feature", "properties": { "name": "Eastern Freeway", "highway": "motorway", "slope_pct": 0.6 }, "geometry": { "type": "LineString", "coordinates": [ [ 72.8797924, 19.0249259 ], [ 72.8791219, 19.0246013 ], [ 72.878851, 19.0244365 ], [ 72.8785586, 19.024259 ], [ 72.8781724, 19.0239801 ], [ 72.8765763, 19.0226363 ], [ 72.8764343, 19.0224916 ], [ 72.8763444, 19.0223923 ], [ 72.8762062, 19.0221708 ], [ 72.8751251, 19.0205338 ], [ 72.8750531, 19.0204114 ], [ 72.8748197, 19.0200314 ], [ 72.8742751, 19.0191837 ], [ 72.8737586, 19.0184421 ], [ 72.8730737, 19.0174254 ], [ 72.8728546, 19.0170234 ], [ 72.8726271, 19.0165771 ], [ 72.8723257, 19.0159925 ], [ 72.8721126, 19.0154929 ], [ 72.8719841, 19.014943 ], [ 72.871854, 19.0144605 ], [ 72.871618, 19.0132963 ], [ 72.871549, 19.0130831 ], [ 72.8714573, 19.0128707 ], [ 72.871327, 19.0126157 ], [ 72.8711582, 19.0123483 ], [ 72.8710116, 19.0121425 ], [ 72.8708346, 19.0119426 ], [ 72.870554, 19.0116816 ], [ 72.8702118, 19.0114077 ], [ 72.8700301, 19.0112953 ], [ 72.8699074, 19.0112194 ], [ 72.8696059, 19.0110832 ], [ 72.8691477, 19.0109154 ], [ 72.8687394, 19.0108129 ], [ 72.8683467, 19.0107616 ], [ 72.8679554, 19.010762 ], [ 72.8676455, 19.0107702 ], [ 72.8673327, 19.0108176 ], [ 72.8667024, 19.0109253 ], [ 72.8664468, 19.0109477 ], [ 72.866221, 19.0109614 ], [ 72.8659812, 19.0109391 ], [ 72.8657682, 19.0108832 ], [ 72.8654858, 19.0107839 ], [ 72.8631545, 19.0096688 ], [ 72.8620979, 19.0091404 ], [ 72.8613819, 19.008836 ], [ 72.8607458, 19.0084981 ], [ 72.8602897, 19.0082754 ], [ 72.8600204, 19.0081511 ], [ 72.8597453, 19.0080416 ], [ 72.8591482, 19.0078056 ], [ 72.8584566, 19.0075165 ], [ 72.8581431, 19.0073719 ], [ 72.858002, 19.0073065 ], [ 72.8576185, 19.0071145 ], [ 72.8572084, 19.006903 ], [ 72.8567712, 19.0065953 ], [ 72.8565279, 19.006405 ], [ 72.8563296, 19.006207 ], [ 72.856201, 19.0060548 ], [ 72.8560573, 19.0058903 ], [ 72.8558421, 19.0055217 ], [ 72.8557687, 19.0052606 ], [ 72.8557356, 19.0051166 ], [ 72.8557198, 19.0049851 ], [ 72.855711, 19.0046238 ], [ 72.8557469, 19.0032042 ], [ 72.8557834, 19.002335 ], [ 72.8557091, 19.0012895 ], [ 72.8556689, 19.0009152 ], [ 72.8556237, 19.0006533 ], [ 72.8555495, 19.0003931 ], [ 72.8550089, 18.9988695 ], [ 72.8548128, 18.9983617 ], [ 72.8545771, 18.9976787 ], [ 72.8541709, 18.9967329 ], [ 72.853931, 18.996257 ], [ 72.8528346, 18.9940818 ], [ 72.8526201, 18.9936563 ], [ 72.8522436, 18.9928376 ], [ 72.8514556, 18.9912881 ], [ 72.8481117, 18.9841799 ], [ 72.8476073, 18.9831335 ], [ 72.8468865, 18.9816188 ], [ 72.8460358, 18.9798117 ], [ 72.8457568, 18.9791678 ], [ 72.8455639, 18.978773 ], [ 72.8454397, 18.9783954 ], [ 72.8453157, 18.9779609 ], [ 72.8452151, 18.977478 ], [ 72.8451503, 18.9771651 ], [ 72.8451243, 18.9769462 ], [ 72.8450955, 18.9766228 ] ] } },
{ "type": "Feature", "properties": { "name": "Eastern Freeway", "highway": "motorway", "slope_pct": 0.6 }, "geometry": { "type": "LineString", "coordinates": [ [ 72.8450061, 18.9766014 ], [ 72.845038, 18.9769193 ], [ 72.8450708, 18.9771748 ], [ 72.8451192, 18.9774844 ], [ 72.8452315, 18.9779805 ], [ 72.8453581, 18.9784153 ], [ 72.8454802, 18.9787937 ], [ 72.8456608, 18.9792069 ], [ 72.8519943, 18.9925343 ], [ 72.8525246, 18.9936965 ], [ 72.8540935, 18.996764 ], [ 72.8544839, 18.997711 ], [ 72.854618, 18.9980363 ], [ 72.8547398, 18.998388 ], [ 72.8549427, 18.9988675 ], [ 72.8552955, 18.9998515 ], [ 72.855409, 19.0001687 ], [ 72.8554884, 19.0004295 ], [ 72.8555527, 19.0006792 ], [ 72.8555909, 19.0009315 ], [ 72.8556385, 19.0013011 ], [ 72.8557069, 19.0023366 ], [ 72.8556799, 19.0032113 ], [ 72.8556409, 19.0046266 ], [ 72.8556566, 19.005005 ], [ 72.8556696, 19.0051219 ], [ 72.8557024, 19.005277 ], [ 72.8557598, 19.0054587 ], [ 72.855812, 19.00559 ], [ 72.8560225, 19.0059263 ], [ 72.8561519, 19.0060954 ], [ 72.8562922, 19.0062535 ], [ 72.8564991, 19.0064619 ], [ 72.8567356, 19.0066661 ], [ 72.8571865, 19.0069673 ], [ 72.8575807, 19.0071815 ], [ 72.8579726, 19.0073807 ], [ 72.8584236, 19.0075843 ], [ 72.8597176, 19.0081 ], [ 72.8599802, 19.008221 ], [ 72.8602493, 19.0083461 ], [ 72.8606945, 19.0085842 ], [ 72.8613348, 19.0089243 ], [ 72.862053, 19.0092297 ], [ 72.86349, 19.0099126 ], [ 72.8654503, 19.0108442 ], [ 72.8657425, 19.0109574 ], [ 72.8660065, 19.0110143 ], [ 72.8662442, 19.0110407 ], [ 72.8664781, 19.0110253 ], [ 72.8668038, 19.0109607 ], [ 72.8673401, 19.0108609 ], [ 72.8676833, 19.0108272 ], [ 72.8679996, 19.0108167 ], [ 72.8683872, 19.0108336 ], [ 72.8687127, 19.0108796 ], [ 72.8691218, 19.0109889 ], [ 72.8695674, 19.0111575 ], [ 72.8698538, 19.0113044 ], [ 72.8699805, 19.0113828 ], [ 72.869993, 19.0113906 ], [ 72.8701492, 19.0114871 ], [ 72.8704835, 19.0117547 ], [ 72.8707577, 19.0120097 ], [ 72.8709279, 19.012202 ], [ 72.87107, 19.0124013 ], [ 72.8712349, 19.0126626 ], [ 72.8713617, 19.0129109 ], [ 72.8714504, 19.0131163 ], [ 72.8715167, 19.013321 ], [ 72.8717757, 19.0144838 ], [ 72.8719046, 19.0149694 ], [ 72.8720633, 19.0155051 ], [ 72.8722303, 19.0160239 ], [ 72.8725325, 19.0166195 ], [ 72.8727842, 19.0170653 ], [ 72.8730058, 19.017448 ], [ 72.8736701, 19.0184947 ], [ 72.8741868, 19.0192365 ], [ 72.8749711, 19.0204575 ], [ 72.8761185, 19.0222248 ], [ 72.8762842, 19.022452 ], [ 72.8763213, 19.0224895 ], [ 72.87652, 19.0226901 ], [ 72.8781375, 19.0240435 ], [ 72.8785197, 19.0243211 ], [ 72.8788033, 19.0244999 ], [ 72.879067, 19.0246435 ], [ 72.879752, 19.0249873 ] ] } },
{ "type": "Feature", "properties": { "name": "Parel Tank Road", "highway": "tertiary", "slope_pct": 0.6 }, "geometry": { "type": "LineString", "coordinates": [ [ 72.8431902, 18.9929083 ], [ 72.8429843, 18.9928838 ], [ 72.8427441, 18.9928397 ], [ 72.84251, 18.9928006 ], [ 72.8424009, 18.9927706 ], [ 72.8423179, 18.9927125 ], [ 72.8422247, 18.9926374 ], [ 72.8420504, 18.9924423 ], [ 72.8419159, 18.9922676 ], [ 72.8418472, 18.9921602 ], [ 72.8417157, 18.9919065 ], [ 72.8416818, 18.9916625 ], [ 72.8416622, 18.9914386 ], [ 72.8415629, 18.9907919 ], [ 72.8415564, 18.9906727 ], [ 72.8415275, 18.9905061 ], [ 72.8415176, 18.9904422 ], [ 72.8415028, 18.9903708 ], [ 72.8414923, 18.9903134 ], [ 72.8414623, 18.9902174 ], [ 72.8413857, 18.9899498 ], [ 72.8412983, 18.9897084 ], [ 72.8412663, 18.9896224 ], [ 72.8412106, 18.9895949 ] ] } },
{ "type": "Feature", "properties": { "name": "Urban Corridor", "highway": "tertiary", "slope_pct": 0.6 }, "geometry": { "type": "LineString", "coordinates": [ [ 72.8451195, 18.9951428 ], [ 72.8450846, 18.9948854 ], [ 72.8450292, 18.9945197 ], [ 72.8449559, 18.9942564 ] ] } },
{ "type": "Feature", "properties": { "name": "Parel Tank Road", "highway": "tertiary", "slope_pct": 0.6 }, "geometry": { "type": "LineString", "coordinates": [ [ 72.8452107, 18.9959011 ], [ 72.8451195, 18.9951428 ] ] } },
{ "type": "Feature", "properties": { "name": "Urban Corridor", "highway": "tertiary", "slope_pct": 0.6 }, "geometry": { "type": "LineString", "coordinates": [ [ 72.8462868, 18.9992447 ], [ 72.8462604, 18.9988925 ], [ 72.8461948, 18.9984722 ], [ 72.8461662, 18.9983535 ], [ 72.8460975, 18.9981286 ], [ 72.8460547, 18.9980259 ], [ 72.8459081, 18.9976193 ], [ 72.8457043, 18.997287 ], [ 72.845487, 18.9969066 ], [ 72.8454331, 18.9967859 ], [ 72.8453636, 18.9966302 ], [ 72.8453153, 18.9964881 ], [ 72.8452838, 18.996346 ], [ 72.8452352, 18.9961055 ] ] } },
{ "type": "Feature", "properties": { "name": "Jeejeebhoy Lane", "highway": "tertiary", "slope_pct": 0.6 }, "geometry": { "type": "LineString", "coordinates": [ [ 72.8439106, 18.9944301 ], [ 72.8434313, 18.9944619 ], [ 72.8426404, 18.9945386 ], [ 72.8420844, 18.9945925 ], [ 72.8419043, 18.9946096 ], [ 72.8410097, 18.9946866 ], [ 72.8404472, 18.994735 ], [ 72.8395482, 18.9948228 ], [ 72.8394462, 18.9948405 ], [ 72.8393266, 18.9948613 ], [ 72.8385982, 18.9949849 ] ] } },
{ "type": "Feature", "properties": { "name": "Ashok Towers Internal Road", "highway": "residential", "slope_pct": 0.6 }, "geometry": { "type": "LineString", "coordinates": [ [ 72.8373591, 18.9961611 ], [ 72.8373643, 18.9960794 ], [ 72.8374031, 18.9960363 ], [ 72.8374602, 18.9960301 ], [ 72.8382278, 18.9962674 ], [ 72.8383378, 18.9963128 ], [ 72.8383771, 18.9963731 ], [ 72.8384692, 18.9964247 ], [ 72.8385118, 18.9964445 ], [ 72.8388252, 18.9965901 ], [ 72.8391239, 18.9967435 ], [ 72.8392947, 18.9968609 ], [ 72.8393771, 18.9969176 ], [ 72.8397327, 18.9971783 ], [ 72.8398532, 18.9972667 ], [ 72.8400468, 18.9974563 ], [ 72.8401103, 18.9975887 ], [ 72.8400908, 18.9977851 ], [ 72.8401064, 18.9978333 ], [ 72.8404536, 18.9979902 ], [ 72.840536, 18.9980091 ], [ 72.8406103, 18.9980262 ] ] } },
{ "type": "Feature", "properties": { "name": "G.D. Ambekar Marg", "highway": "secondary", "slope_pct": 0.6 }, "geometry": { "type": "LineString", "coordinates": [ [ 72.8461742, 19.0005301 ], [ 72.846251, 19.0005776 ], [ 72.8463164, 19.0006839 ], [ 72.846381, 19.0008139 ], [ 72.846469, 19.0010404 ], [ 72.8465007, 19.0011059 ], [ 72.8469086, 19.0019483 ], [ 72.846981, 19.0022121 ], [ 72.8470561, 19.0026102 ], [ 72.8470574, 19.0027003 ], [ 72.8470387, 19.0027992 ], [ 72.8470092, 19.002855 ], [ 72.8469609, 19.0029095 ], [ 72.8468791, 19.0029577 ], [ 72.8467342, 19.0031048 ], [ 72.8467185, 19.0031269 ], [ 72.846635, 19.0032443 ], [ 72.8465623, 19.0034074 ], [ 72.8464646, 19.0038479 ], [ 72.8464311, 19.0039607 ], [ 72.8463859, 19.0040406 ], [ 72.8463788, 19.0040532 ], [ 72.8463104, 19.0041243 ], [ 72.8460234, 19.0043208 ], [ 72.8459439, 19.0043559 ], [ 72.845689, 19.0044009 ], [ 72.8455005, 19.0044674 ], [ 72.8454687, 19.0045081 ], [ 72.8454557, 19.0045873 ], [ 72.8454641, 19.0046664 ], [ 72.8455673, 19.0049676 ], [ 72.8456467, 19.0052075 ], [ 72.8458409, 19.0054638 ], [ 72.8459657, 19.0056006 ], [ 72.8461548, 19.0057153 ], [ 72.8463006, 19.0057957 ] ] } },
{ "type": "Feature", "properties": { "name": "Urban Corridor", "highway": "residential", "slope_pct": 0.6 }, "geometry": { "type": "LineString", "coordinates": [ [ 72.846469, 19.0010404 ], [ 72.8465618, 19.0010411 ], [ 72.8466825, 19.001042 ], [ 72.8467817, 19.0010427 ], [ 72.8469051, 19.0010437 ], [ 72.846956, 19.0010441 ], [ 72.8470446, 19.0010447 ], [ 72.8471509, 19.0010455 ], [ 72.8472388, 19.0010433 ] ] } },
{ "type": "Feature", "properties": { "name": "Fosbery Road", "highway": "residential", "slope_pct": 0.6 }, "geometry": { "type": "LineString", "coordinates": [ [ 72.8486896, 18.9796655 ], [ 72.8490516, 18.9803992 ], [ 72.8504203, 18.9832234 ], [ 72.8511789, 18.9848113 ], [ 72.8519231, 18.9864475 ], [ 72.8546054, 18.9921365 ], [ 72.8547404, 18.9924207 ], [ 72.8549526, 18.992513 ], [ 72.8564208, 18.9931189 ], [ 72.8556891, 18.9948676 ], [ 72.8556618, 18.9949329 ], [ 72.8553609, 18.995654 ] ] } },
{ "type": "Feature", "properties": { "name": "Urban Corridor", "highway": "residential", "slope_pct": 0.6 }, "geometry": { "type": "LineString", "coordinates": [ [ 72.8447235, 18.995442 ], [ 72.8447685, 18.9956645 ], [ 72.8448111, 18.9956882 ], [ 72.8448667, 18.9957002 ], [ 72.8449383, 18.9957052 ], [ 72.8450019, 18.9956993 ], [ 72.8450158, 18.9956783 ], [ 72.844925, 18.995203 ], [ 72.8449021, 18.9951862 ], [ 72.8444525, 18.9952747 ] ] } },
{ "type": "Feature", "properties": { "name": "Urban Corridor", "highway": "residential", "slope_pct": 0.6 }, "geometry": { "type": "LineString", "coordinates": [ [ 72.8441112, 18.9910277 ], [ 72.8436054, 18.991199 ], [ 72.8435531, 18.9912053 ], [ 72.8435169, 18.9911926 ], [ 72.8434901, 18.9911584 ], [ 72.8430324, 18.9903104 ] ] } },
{ "type": "Feature", "properties": { "name": "Urban Corridor", "highway": "residential", "slope_pct": 0.6 }, "geometry": { "type": "LineString", "coordinates": [ [ 72.8447816, 18.9937605 ], [ 72.8449048, 18.9937165 ], [ 72.8454372, 18.9936001 ], [ 72.8457106, 18.9936202 ], [ 72.8458692, 18.9939527 ] ] } },
{ "type": "Feature", "properties": { "name": "Kala Chowky Road", "highway": "residential", "slope_pct": 0.6 }, "geometry": { "type": "LineString", "coordinates": [ [ 72.8430145, 18.9921015 ], [ 72.842935, 18.9921369 ], [ 72.8427981, 18.9921564 ], [ 72.8427123, 18.9921767 ], [ 72.8426654, 18.9921939 ], [ 72.8426313, 18.9921999 ], [ 72.8425673, 18.9921859 ], [ 72.842212, 18.9920173 ], [ 72.8419064, 18.9918771 ], [ 72.8418007, 18.9917481 ], [ 72.8416818, 18.9916625 ], [ 72.8416071, 18.9916572 ] ] } },
{ "type": "Feature", "properties": { "name": "Urban Corridor", "highway": "residential", "slope_pct": 0.6 }, "geometry": { "type": "LineString", "coordinates": [ [ 72.8352614, 18.9940267 ], [ 72.8352983, 18.9940184 ], [ 72.8353167, 18.9939938 ], [ 72.8353418, 18.9938317 ], [ 72.8353335, 18.9937961 ], [ 72.8353096, 18.9937641 ], [ 72.8351737, 18.9936424 ], [ 72.8350438, 18.9935528 ], [ 72.8349875, 18.9935316 ], [ 72.8348881, 18.9935174 ], [ 72.8344998, 18.9934621 ], [ 72.8344649, 18.9934749 ], [ 72.8344473, 18.9935046 ], [ 72.8343632, 18.9939075 ], [ 72.8343108, 18.9941749 ], [ 72.8343249, 18.9942547 ], [ 72.834353, 18.9943657 ], [ 72.8344025, 18.9944582 ], [ 72.8344753, 18.9946065 ], [ 72.834532, 18.9947176 ], [ 72.8345907, 18.9948288 ], [ 72.8346665, 18.9949862 ] ] } },
{ "type": "Feature", "properties": { "name": "Urban Corridor", "highway": "residential", "slope_pct": 0.6 }, "geometry": { "type": "LineString", "coordinates": [ [ 72.833198, 18.9959064 ], [ 72.8333615, 18.9959113 ], [ 72.8335977, 18.9959185 ], [ 72.8337348, 18.9959226 ], [ 72.8337356, 18.9961852 ], [ 72.8337359, 18.9962717 ], [ 72.8337453, 18.9962921 ], [ 72.8337752, 18.9963 ], [ 72.8341018, 18.9963209 ], [ 72.8341292, 18.9963143 ], [ 72.834144, 18.9962858 ], [ 72.8341624, 18.9959288 ], [ 72.8341721, 18.9957793 ], [ 72.8342089, 18.9952449 ] ] } },
{ "type": "Feature", "properties": { "name": "Urban Corridor", "highway": "residential", "slope_pct": 0.6 }, "geometry": { "type": "LineString", "coordinates": [ [ 72.8380854, 19.0062628 ], [ 72.837671, 19.0055005 ], [ 72.837596, 19.0053625 ], [ 72.8375789, 19.0053091 ], [ 72.8375847, 19.0052394 ], [ 72.8376117, 19.0052187 ], [ 72.8378623, 19.005149 ], [ 72.8378838, 19.0050936 ], [ 72.8378829, 19.0050412 ], [ 72.8378434, 19.0049272 ], [ 72.8378384, 19.0048671 ] ] } },
{ "type": "Feature", "properties": { "name": "Urban Corridor", "highway": "residential", "slope_pct": 0.6 }, "geometry": { "type": "LineString", "coordinates": [ [ 72.8382895, 19.0047095 ], [ 72.8382034, 19.0044979 ], [ 72.8380438, 19.0041055 ] ] } },
{ "type": "Feature", "properties": { "name": "Urban Corridor", "highway": "residential", "slope_pct": 0.6 }, "geometry": { "type": "LineString", "coordinates": [ [ 72.8440268, 19.0048293 ], [ 72.8440899, 19.0048653 ], [ 72.8441281, 19.0048653 ], [ 72.8441608, 19.0048504 ], [ 72.8444225, 19.0047113 ], [ 72.8448505, 19.0044839 ], [ 72.8452599, 19.0042664 ] ] } },
{ "type": "Feature", "properties": { "name": "Urban Corridor", "highway": "residential", "slope_pct": 0.6 }, "geometry": { "type": "LineString", "coordinates": [ [ 72.8451939, 18.9989091 ], [ 72.844959, 18.998388 ], [ 72.8446949, 18.9977406 ] ] } },
{ "type": "Feature", "properties": { "name": "Urban Corridor", "highway": "residential", "slope_pct": 0.6 }, "geometry": { "type": "LineString", "coordinates": [ [ 72.8425767, 18.9960342 ], [ 72.8427877, 18.9959212 ], [ 72.8429784, 18.9958341 ], [ 72.8431222, 18.996092 ], [ 72.8434284, 18.9959347 ], [ 72.8434837, 18.9962079 ], [ 72.8435126, 18.9962797 ], [ 72.8436639, 18.9966557 ] ] } },
{ "type": "Feature", "properties": { "name": "Urban Corridor", "highway": "residential", "slope_pct": 0.6 }, "geometry": { "type": "LineString", "coordinates": [ [ 72.8452352, 18.9961055 ], [ 72.8463084, 18.9959289 ], [ 72.8463734, 18.9959056 ], [ 72.8463747, 18.995868 ], [ 72.8463432, 18.9958107 ], [ 72.8461681, 18.9954697 ], [ 72.8461815, 18.9954513 ], [ 72.8462965, 18.9954014 ], [ 72.8463385, 18.9954065 ], [ 72.8465476, 18.9958083 ] ] } },
{ "type": "Feature", "properties": { "name": "Urban Corridor", "highway": "residential", "slope_pct": 0.6 }, "geometry": { "type": "LineString", "coordinates": [ [ 72.8335223, 18.9881956 ], [ 72.8334594, 18.9864999 ], [ 72.8338493, 18.986485 ] ] } },
{ "type": "Feature", "properties": { "name": "Bhagwantrao Paralkar Road", "highway": "residential", "slope_pct": 0.6 }, "geometry": { "type": "LineString", "coordinates": [ [ 72.8446795, 19.0006506 ], [ 72.8444397, 19.0005808 ], [ 72.8441004, 19.0004708 ], [ 72.8440875, 19.0004128 ], [ 72.8440239, 19.0001685 ], [ 72.8439748, 18.9999646 ] ] } },
{ "type": "Feature", "properties": { "name": "Urban Corridor", "highway": "residential", "slope_pct": 0.6 }, "geometry": { "type": "LineString", "coordinates": [ [ 72.8345777, 18.9905765 ], [ 72.834679, 18.9905855 ], [ 72.8347917, 18.9906337 ], [ 72.8349124, 18.9906971 ], [ 72.8350089, 18.9907554 ], [ 72.8350948, 18.9908239 ], [ 72.8351538, 18.9908721 ], [ 72.8351903, 18.9908909 ], [ 72.8352128, 18.9909025 ], [ 72.8352879, 18.9909076 ], [ 72.8353603, 18.990905 ], [ 72.8355673, 18.9908734 ] ] } },
{ "type": "Feature", "properties": { "name": "Urban Corridor", "highway": "residential", "slope_pct": 0.6 }, "geometry": { "type": "LineString", "coordinates": [ [ 72.8333992, 18.9924495 ], [ 72.8333968, 18.9926209 ], [ 72.8333779, 18.9926914 ] ] } },
{ "type": "Feature", "properties": { "name": "Urban Corridor", "highway": "residential", "slope_pct": 0.6 }, "geometry": { "type": "LineString", "coordinates": [ [ 72.8367876, 19.0072556 ], [ 72.8375109, 19.0068128 ], [ 72.8376685, 19.0067163 ], [ 72.8380145, 19.0065044 ], [ 72.8381255, 19.0063173 ] ] } },
{ "type": "Feature", "properties": { "name": "Urban Corridor", "highway": "residential", "slope_pct": 0.6 }, "geometry": { "type": "LineString", "coordinates": [ [ 72.8369709, 19.0031541 ], [ 72.8368449, 19.0032722 ], [ 72.8365874, 19.003546 ], [ 72.83638, 19.0038302 ], [ 72.8361298, 19.0041237 ], [ 72.8359745, 19.0044712 ], [ 72.8359045, 19.0046891 ], [ 72.8358668, 19.0048066 ], [ 72.8358478, 19.0050043 ], [ 72.8358559, 19.0055643 ], [ 72.8358573, 19.0056572 ], [ 72.8359388, 19.0058942 ], [ 72.836197, 19.0063083 ], [ 72.8364541, 19.0067207 ], [ 72.8366618, 19.0070539 ] ] } },
{ "type": "Feature", "properties": { "name": "Dr Babasaheb Ambedkar Marg (Vincent Road)", "highway": "trunk", "slope_pct": 0.6 }, "geometry": { "type": "LineString", "coordinates": [ [ 72.8409353, 19.0074127 ], [ 72.8409859, 19.0075208 ], [ 72.8410117, 19.007574 ], [ 72.8410673, 19.00775 ], [ 72.8411269, 19.0079384 ], [ 72.8412189, 19.0081972 ], [ 72.8412807, 19.008376 ], [ 72.8413121, 19.008457 ], [ 72.841435, 19.0087736 ], [ 72.8414716, 19.0088561 ], [ 72.8414876, 19.008893 ], [ 72.8415903, 19.0091243 ], [ 72.841599, 19.0091439 ], [ 72.8416113, 19.0091712 ], [ 72.841807, 19.0094917 ], [ 72.8418546, 19.0095545 ], [ 72.8422077, 19.0101324 ], [ 72.8424216, 19.0104558 ], [ 72.8424566, 19.0105111 ], [ 72.8425927, 19.0107263 ], [ 72.8428243, 19.0110563 ], [ 72.8429443, 19.01111 ] ] } },
{ "type": "Feature", "properties": { "name": "Dr Babasaheb Ambedkar Marg (Vincent Road)", "highway": "trunk", "slope_pct": 0.6 }, "geometry": { "type": "LineString", "coordinates": [ [ 72.8411392, 19.0072987 ], [ 72.8410501, 19.0071154 ], [ 72.8409345, 19.0068776 ], [ 72.8407328, 19.0065515 ], [ 72.8405894, 19.0063134 ], [ 72.8405167, 19.0061793 ], [ 72.8403298, 19.0059493 ], [ 72.8401256, 19.0056615 ], [ 72.8399515, 19.0054666 ], [ 72.8399303, 19.0054421 ], [ 72.8398144, 19.0053296 ] ] } },
{ "type": "Feature", "properties": { "name": "Acharya Donde Marg", "highway": "secondary", "slope_pct": 0.6 }, "geometry": { "type": "LineString", "coordinates": [ [ 72.8418816, 19.0035868 ], [ 72.8409267, 19.0044865 ], [ 72.8407934, 19.0045749 ], [ 72.8397423, 19.0052574 ], [ 72.8395414, 19.0053938 ] ] } },
{ "type": "Feature", "properties": { "name": "Dr Ernest Borges Marg", "highway": "secondary", "slope_pct": 0.6 }, "geometry": { "type": "LineString", "coordinates": [ [ 72.8419802, 19.003648 ], [ 72.8428661, 19.0042999 ], [ 72.8430445, 19.004422 ], [ 72.8433162, 19.004608 ], [ 72.8435342, 19.0047572 ], [ 72.8436055, 19.0048079 ], [ 72.8440403, 19.0051297 ], [ 72.844112, 19.0051821 ], [ 72.8442604, 19.0052954 ] ] } },
{ "type": "Feature", "properties": { "name": "Acharya Donde Marg", "highway": "tertiary", "slope_pct": 0.6 }, "geometry": { "type": "LineString", "coordinates": [ [ 72.8522262, 18.9981852 ], [ 72.8519854, 18.9982052 ], [ 72.8513391, 18.9982511 ], [ 72.8510043, 18.998331 ], [ 72.850885, 18.9983581 ], [ 72.8503132, 18.9984785 ] ] } },
{ "type": "Feature", "properties": { "name": "Wadia Chowk", "highway": "secondary", "slope_pct": 0.6 }, "geometry": { "type": "LineString", "coordinates": [ [ 72.8419277, 19.0035056 ], [ 72.8419062, 19.003519 ], [ 72.8418903, 19.0035382 ], [ 72.8418817, 19.0035611 ] ] } },
{ "type": "Feature", "properties": { "name": "Acharya Donde Marg", "highway": "tertiary", "slope_pct": 0.6 }, "geometry": { "type": "LineString", "coordinates": [ [ 72.8437134, 19.0020072 ], [ 72.8441688, 19.0016835 ], [ 72.8443155, 19.0015826 ], [ 72.8445321, 19.0014335 ], [ 72.8445517, 19.0014204 ], [ 72.8447033, 19.0013132 ], [ 72.84509, 19.0010797 ], [ 72.8453019, 19.0009948 ], [ 72.845561, 19.0009006 ], [ 72.8455983, 19.000887 ], [ 72.8456701, 19.0008682 ], [ 72.8458545, 19.0007989 ], [ 72.8461012, 19.0006829 ], [ 72.8461818, 19.0006362 ], [ 72.8462237, 19.0006007 ], [ 72.846251, 19.0005776 ], [ 72.8462603, 19.0005697 ], [ 72.8463346, 19.0004798 ] ] } },
{ "type": "Feature", "properties": { "name": "Acharya Donde Marg", "highway": "tertiary", "slope_pct": 0.6 }, "geometry": { "type": "LineString", "coordinates": [ [ 72.8462963, 19.0003952 ], [ 72.8462138, 19.0004841 ], [ 72.8461742, 19.0005301 ], [ 72.8461524, 19.0005555 ], [ 72.8461255, 19.0005767 ], [ 72.8460751, 19.0006226 ], [ 72.845896, 19.0006981 ], [ 72.845768, 19.0007424 ], [ 72.8456607, 19.0007781 ], [ 72.8456349, 19.0007866 ], [ 72.845523, 19.0008234 ], [ 72.8452831, 19.0009022 ], [ 72.8450069, 19.0010278 ], [ 72.8448178, 19.0011393 ], [ 72.8446539, 19.0012506 ], [ 72.844506, 19.0013578 ], [ 72.8441219, 19.0016237 ], [ 72.8436751, 19.0019352 ] ] } },
{ "type": "Feature", "properties": { "name": "Urban Corridor", "highway": "residential", "slope_pct": 0.6 }, "geometry": { "type": "LineString", "coordinates": [ [ 72.849361, 18.9932681 ], [ 72.8500059, 18.9944132 ] ] } },
{ "type": "Feature", "properties": { "name": "Acharya Donde Marg", "highway": "tertiary", "slope_pct": 0.6 }, "geometry": { "type": "LineString", "coordinates": [ [ 72.8527774, 18.9981353 ], [ 72.8523639, 18.998169 ], [ 72.8522262, 18.9981852 ] ] } },
{ "type": "Feature", "properties": { "name": "Urban Corridor", "highway": "residential", "slope_pct": 0.6 }, "geometry": { "type": "LineString", "coordinates": [ [ 72.8491443, 19.0049666 ], [ 72.8491749, 19.004688 ], [ 72.8493104, 19.0034538 ], [ 72.8493269, 19.0033036 ], [ 72.8493872, 19.0027545 ], [ 72.8494033, 19.0026006 ] ] } },
{ "type": "Feature", "properties": { "name": "Urban Corridor", "highway": "residential", "slope_pct": 0.6 }, "geometry": { "type": "LineString", "coordinates": [ [ 72.8471795, 19.0001993 ], [ 72.8472599, 19.0006803 ], [ 72.8473364, 19.0010125 ], [ 72.8473189, 19.0010354 ], [ 72.8472908, 19.0010442 ], [ 72.8472388, 19.0010433 ] ] } },
{ "type": "Feature", "properties": { "name": "Urban Corridor", "highway": "residential", "slope_pct": 0.6 }, "geometry": { "type": "LineString", "coordinates": [ [ 72.8441004, 19.0004708 ], [ 72.8436363, 19.0005814 ] ] } },
{ "type": "Feature", "properties": { "name": "Urban Corridor", "highway": "residential", "slope_pct": 0.6 }, "geometry": { "type": "LineString", "coordinates": [ [ 72.8454704, 19.0003137 ], [ 72.8454467, 19.0005358 ], [ 72.8456692, 19.0006718 ] ] } },
{ "type": "Feature", "properties": { "name": "Urban Corridor", "highway": "residential", "slope_pct": 0.6 }, "geometry": { "type": "LineString", "coordinates": [ [ 72.8446539, 19.0012506 ], [ 72.8445767, 19.0010978 ], [ 72.8446356, 19.0008229 ], [ 72.8446795, 19.0006506 ], [ 72.8447194, 19.0005435 ], [ 72.8448363, 19.0002071 ], [ 72.8449849, 19.0000788 ] ] } },
{ "type": "Feature", "properties": { "name": "Urban Corridor", "highway": "residential", "slope_pct": 0.6 }, "geometry": { "type": "LineString", "coordinates": [ [ 72.8440732, 18.9879104 ], [ 72.8440506, 18.9880001 ], [ 72.8439959, 18.9882179 ], [ 72.8439639, 18.9883834 ], [ 72.8439715, 18.9885126 ], [ 72.8440154, 18.9892691 ], [ 72.844038, 18.9892965 ], [ 72.844083, 18.9892996 ], [ 72.8445101, 18.989053 ], [ 72.8445187, 18.9890216 ], [ 72.8440784, 18.9886121 ], [ 72.8439715, 18.9885126 ] ] } },
{ "type": "Feature", "properties": { "name": "Urban Corridor", "highway": "tertiary_link", "slope_pct": 0.6 }, "geometry": { "type": "LineString", "coordinates": [ [ 72.8441688, 19.0016835 ], [ 72.8441219, 19.0016237 ] ] } },
{ "type": "Feature", "properties": { "name": "Urban Corridor", "highway": "tertiary_link", "slope_pct": 0.6 }, "geometry": { "type": "LineString", "coordinates": [ [ 72.8445517, 19.0014204 ], [ 72.844506, 19.0013578 ] ] } },
{ "type": "Feature", "properties": { "name": "Urban Corridor", "highway": "tertiary_link", "slope_pct": 0.6 }, "geometry": { "type": "LineString", "coordinates": [ [ 72.8456701, 19.0008682 ], [ 72.8456349, 19.0007866 ] ] } },
{ "type": "Feature", "properties": { "name": "Urban Corridor", "highway": "residential", "slope_pct": 0.6 }, "geometry": { "type": "LineString", "coordinates": [ [ 72.8454704, 19.0003137 ], [ 72.8455284, 19.0002244 ], [ 72.845746, 19.0000142 ], [ 72.8458904, 18.9999267 ], [ 72.8460379, 18.9998498 ], [ 72.8461991, 18.9997992 ], [ 72.8462781, 18.9997809 ], [ 72.8463363, 18.9997615 ] ] } },
{ "type": "Feature", "properties": { "name": "Urban Corridor", "highway": "secondary_link", "slope_pct": 0.6 }, "geometry": { "type": "LineString", "coordinates": [ [ 72.8422821, 19.0032423 ], [ 72.8422278, 19.0031934 ] ] } },
{ "type": "Feature", "properties": { "name": "Urban Corridor", "highway": "secondary_link", "slope_pct": 0.6 }, "geometry": { "type": "LineString", "coordinates": [ [ 72.8428265, 19.0027753 ], [ 72.842772, 19.0027288 ] ] } },
{ "type": "Feature", "properties": { "name": "Balasheth Mandurkar Marg", "highway": "residential", "slope_pct": 0.6 }, "geometry": { "type": "LineString", "coordinates": [ [ 72.8359133, 19.0079678 ], [ 72.8361977, 19.0084289 ] ] } },
{ "type": "Feature", "properties": { "name": "S B Pawar Marg", "highway": "residential", "slope_pct": 0.6 }, "geometry": { "type": "LineString", "coordinates": [ [ 72.8311865, 18.9969188 ], [ 72.8314387, 18.9969291 ], [ 72.8322718, 18.9969939 ], [ 72.8324539, 18.9962658 ], [ 72.832491, 18.9961167 ], [ 72.8326904, 18.9953205 ], [ 72.8326687, 18.9952695 ], [ 72.8326298, 18.9952454 ], [ 72.8325024, 18.9952239 ], [ 72.8317997, 18.9952708 ], [ 72.8314938, 18.9953055 ] ] } },
{ "type": "Feature", "properties": { "name": "Urban Corridor", "highway": "residential", "slope_pct": 0.6 }, "geometry": { "type": "LineString", "coordinates": [ [ 72.8365287, 18.9929316 ], [ 72.8367834, 18.9928706 ], [ 72.836999, 18.9928015 ] ] } },
{ "type": "Feature", "properties": { "name": "Sane Guruji Marg (Arthur Road)", "highway": "secondary", "slope_pct": 0.6 }, "geometry": { "type": "LineString", "coordinates": [ [ 72.8344894, 18.9895015 ], [ 72.8345063, 18.9896467 ], [ 72.8345822, 18.989794 ], [ 72.8354413, 18.9907204 ], [ 72.8355542, 18.9907719 ] ] } },
{ "type": "Feature", "properties": { "name": "Urban Corridor", "highway": "residential", "slope_pct": 0.6 }, "geometry": { "type": "LineString", "coordinates": [ [ 72.8380854, 19.0062628 ], [ 72.837912, 19.0062915 ], [ 72.8373278, 19.0066477 ], [ 72.8366618, 19.0070539 ] ] } },
{ "type": "Feature", "properties": { "name": "Urban Corridor", "highway": "residential", "slope_pct": 0.6 }, "geometry": { "type": "LineString", "coordinates": [ [ 72.8383029, 19.0020817 ], [ 72.8373462, 19.0025087 ] ] } },
{ "type": "Feature", "properties": { "name": "Urban Corridor", "highway": "residential", "slope_pct": 0.6 }, "geometry": { "type": "LineString", "coordinates": [ [ 72.841433, 19.0030601 ], [ 72.8401969, 19.0034096 ] ] } },
{ "type": "Feature", "properties": { "name": "Urban Corridor", "highway": "residential", "slope_pct": 0.6 }, "geometry": { "type": "LineString", "coordinates": [ [ 72.8469086, 19.0019483 ], [ 72.8469837, 19.001909 ], [ 72.8470896, 19.0018482 ], [ 72.847272, 19.0018215 ], [ 72.8474182, 19.0018051 ], [ 72.8474418, 19.0018482 ], [ 72.8474472, 19.0019054 ], [ 72.8474719, 19.0019693 ], [ 72.8475316, 19.0019702 ], [ 72.8476005, 19.0019735 ], [ 72.8477611, 19.0019742 ], [ 72.8479211, 19.0019847 ], [ 72.8481102, 19.0019923 ] ] } },
{ "type": "Feature", "properties": { "name": "Urban Corridor", "highway": "residential", "slope_pct": 0.6 }, "geometry": { "type": "LineString", "coordinates": [ [ 72.8342831, 18.988312 ], [ 72.8341842, 18.9886767 ], [ 72.834675, 18.9892955 ] ] } },
{ "type": "Feature", "properties": { "name": "Urban Corridor", "highway": "residential", "slope_pct": 0.6 }, "geometry": { "type": "LineString", "coordinates": [ [ 72.8384398, 18.9930806 ], [ 72.8394533, 18.9932593 ] ] } },
{ "type": "Feature", "properties": { "name": "Urban Corridor", "highway": "residential", "slope_pct": 0.6 }, "geometry": { "type": "LineString", "coordinates": [ [ 72.8368181, 18.9981678 ], [ 72.8368444, 18.9984542 ], [ 72.8368619, 18.9986253 ], [ 72.8368945, 18.9989164 ], [ 72.8368925, 18.9989271 ], [ 72.8368811, 18.998938 ], [ 72.8368069, 18.9989458 ], [ 72.8365236, 18.9989755 ], [ 72.8363366, 18.9989951 ] ] } },
{ "type": "Feature", "properties": { "name": "Urban Corridor", "highway": "residential", "slope_pct": 0.6 }, "geometry": { "type": "LineString", "coordinates": [ [ 72.8374047, 18.9981341 ], [ 72.8368181, 18.9981678 ], [ 72.8362508, 18.9982178 ] ] } },
{ "type": "Feature", "properties": { "name": "Urban Corridor", "highway": "residential", "slope_pct": 0.6 }, "geometry": { "type": "LineString", "coordinates": [ [ 72.8471899, 19.0072579 ], [ 72.8472691, 19.0072322 ], [ 72.8475308, 19.0071472 ], [ 72.8476113, 19.0074388 ] ] } },
{ "type": "Feature", "properties": { "name": "Urban Corridor", "highway": "residential", "slope_pct": 0.6 }, "geometry": { "type": "LineString", "coordinates": [ [ 72.8480223, 19.006596 ], [ 72.8482988, 19.0065382 ], [ 72.8483924, 19.0069407 ] ] } },
{ "type": "Feature", "properties": { "name": "Urban Corridor", "highway": "residential", "slope_pct": 0.6 }, "geometry": { "type": "LineString", "coordinates": [ [ 72.847732, 19.0066653 ], [ 72.8474209, 19.0067338 ] ] } },
{ "type": "Feature", "properties": { "name": "Urban Corridor", "highway": "residential", "slope_pct": 0.6 }, "geometry": { "type": "LineString", "coordinates": [ [ 72.8481826, 19.0073576 ], [ 72.8481048, 19.0070026 ], [ 72.8480223, 19.006596 ], [ 72.847732, 19.0066653 ], [ 72.8478229, 19.0070751 ], [ 72.8478903, 19.0074261 ] ] } },
{ "type": "Feature", "properties": { "name": "Urban Corridor", "highway": "residential", "slope_pct": 0.6 }, "geometry": { "type": "LineString", "coordinates": [ [ 72.8474209, 19.0067338 ], [ 72.8475308, 19.0071472 ], [ 72.8478229, 19.0070751 ], [ 72.8481048, 19.0070026 ], [ 72.8483924, 19.0069407 ], [ 72.8484712, 19.0072843 ] ] } },
{ "type": "Feature", "properties": { "name": "Urban Corridor", "highway": "primary", "slope_pct": 0.6 }, "geometry": { "type": "LineString", "coordinates": [ [ 72.8538501, 19.0005129 ], [ 72.8537324, 18.9998122 ], [ 72.8533871, 18.998589 ], [ 72.8532913, 18.9982371 ], [ 72.8531608, 18.997249 ], [ 72.8529382, 18.9962016 ], [ 72.8528818, 18.996024 ] ] } },
{ "type": "Feature", "properties": { "name": "Urban Corridor", "highway": "residential", "slope_pct": 0.6 }, "geometry": { "type": "LineString", "coordinates": [ [ 72.8365005, 19.001464 ], [ 72.8364533, 19.0012585 ], [ 72.8363254, 19.0008585 ], [ 72.8363073, 19.0008094 ], [ 72.8362173, 19.0005205 ], [ 72.8360859, 19.0001274 ], [ 72.8361047, 19.0001072 ], [ 72.8361449, 19.000064 ], [ 72.8363652, 18.9998752 ], [ 72.8364319, 18.999818 ], [ 72.8364802, 18.9997751 ], [ 72.8365127, 18.9996896 ], [ 72.8364345, 18.999567 ], [ 72.8364506, 18.9994605 ], [ 72.8365123, 18.9993387 ], [ 72.8365552, 18.9992043 ], [ 72.8365545, 18.9991787 ], [ 72.8365526, 18.9991105 ], [ 72.8365257, 18.9990293 ], [ 72.8365236, 18.9989755 ] ] } },
{ "type": "Feature", "properties": { "name": "Urban Corridor", "highway": "residential", "slope_pct": 0.6 }, "geometry": { "type": "LineString", "coordinates": [ [ 72.8390249, 19.005963 ], [ 72.8391888, 19.0058584 ] ] } },
{ "type": "Feature", "properties": { "name": "Urban Corridor", "highway": "residential", "slope_pct": 0.6 }, "geometry": { "type": "LineString", "coordinates": [ [ 72.8390249, 19.005963 ], [ 72.8390638, 19.0060143 ], [ 72.8390805, 19.0060373 ], [ 72.839519, 19.0066476 ] ] } },
{ "type": "Feature", "properties": { "name": "Urban Corridor", "highway": "residential", "slope_pct": 0.6 }, "geometry": { "type": "LineString", "coordinates": [ [ 72.8394055, 19.0066996 ], [ 72.8392942, 19.0067622 ], [ 72.8392584, 19.0067824 ], [ 72.839186, 19.0068231 ], [ 72.8391089, 19.0068665 ], [ 72.8390835, 19.0068808 ], [ 72.8389668, 19.0069464 ], [ 72.8389358, 19.0069617 ], [ 72.8389048, 19.0069645 ], [ 72.838882, 19.0069519 ], [ 72.8388608, 19.0069324 ], [ 72.8385995, 19.006554 ], [ 72.8385915, 19.0065256 ], [ 72.8385924, 19.0064869 ], [ 72.8386032, 19.006463 ], [ 72.8386302, 19.0064392 ], [ 72.8387531, 19.0063674 ], [ 72.8389036, 19.0062794 ] ] } },
{ "type": "Feature", "properties": { "name": "Urban Corridor", "highway": "residential", "slope_pct": 0.6 }, "geometry": { "type": "LineString", "coordinates": [ [ 72.840724, 19.0069822 ], [ 72.8405006, 19.0071087 ], [ 72.8398536, 19.0074751 ] ] } },
{ "type": "Feature", "properties": { "name": "Urban Corridor", "highway": "residential", "slope_pct": 0.6 }, "geometry": { "type": "LineString", "coordinates": [ [ 72.8486664, 19.0017098 ], [ 72.8486743, 19.0024323 ], [ 72.8486762, 19.0026087 ] ] } },
{ "type": "Feature", "properties": { "name": "Urban Corridor", "highway": "residential", "slope_pct": 0.6 }, "geometry": { "type": "LineString", "coordinates": [ [ 72.8462492, 19.0073322 ], [ 72.8465907, 19.0072486 ], [ 72.8470537, 19.0071048 ] ] } },
{ "type": "Feature", "properties": { "name": "Urban Corridor", "highway": "residential", "slope_pct": 0.6 }, "geometry": { "type": "LineString", "coordinates": [ [ 72.848711, 19.0060922 ], [ 72.8488505, 19.0062672 ], [ 72.8490302, 19.0064878 ], [ 72.8491402, 19.006574 ] ] } },
{ "type": "Feature", "properties": { "name": "Urban Corridor", "highway": "residential", "slope_pct": 0.6 }, "geometry": { "type": "LineString", "coordinates": [ [ 72.8467415, 19.0064876 ], [ 72.8468516, 19.0064744 ], [ 72.847099, 19.0064447 ], [ 72.8472036, 19.0064422 ], [ 72.8473136, 19.0064168 ], [ 72.8474732, 19.0062963 ], [ 72.8475255, 19.0062684 ], [ 72.8475764, 19.006257 ], [ 72.8476354, 19.0062469 ], [ 72.84831, 19.0061378 ], [ 72.8485823, 19.0060415 ], [ 72.8486238, 19.0060339 ], [ 72.8486614, 19.0060453 ], [ 72.848711, 19.0060922 ], [ 72.8488398, 19.0060643 ], [ 72.8490704, 19.0060846 ], [ 72.8494245, 19.0062063 ] ] } },
{ "type": "Feature", "properties": { "name": "Urban Corridor", "highway": "residential", "slope_pct": 0.6 }, "geometry": { "type": "LineString", "coordinates": [ [ 72.8367349, 19.0053035 ], [ 72.8371587, 19.0051311 ] ] } },
{ "type": "Feature", "properties": { "name": "Jagannath Bhatankar Marg", "highway": "residential", "slope_pct": 0.6 }, "geometry": { "type": "LineString", "coordinates": [ [ 72.8366894, 19.0051615 ], [ 72.8367349, 19.0053035 ], [ 72.8367921, 19.0054843 ], [ 72.836861, 19.0057017 ], [ 72.8370917, 19.0062215 ], [ 72.8373278, 19.0066477 ] ] } },
{ "type": "Feature", "properties": { "name": "Urban Corridor", "highway": "residential", "slope_pct": 0.6 }, "geometry": { "type": "LineString", "coordinates": [ [ 72.8394738, 18.988183 ], [ 72.8394884, 18.988325 ], [ 72.8394883, 18.9883412 ], [ 72.8395309, 18.9886814 ], [ 72.8395617, 18.9888933 ], [ 72.8395478, 18.9889154 ], [ 72.8393029, 18.988927 ], [ 72.8381082, 18.9889836 ], [ 72.8380626, 18.9889328 ], [ 72.8380599, 18.9888441 ], [ 72.8380825, 18.9888198 ], [ 72.8393435, 18.9886993 ], [ 72.8395309, 18.9886814 ] ] } },
{ "type": "Feature", "properties": { "name": "Urban Corridor", "highway": "residential", "slope_pct": 0.6 }, "geometry": { "type": "LineString", "coordinates": [ [ 72.8399056, 18.9903754 ], [ 72.8399179, 18.9903592 ], [ 72.8399173, 18.9903246 ], [ 72.8399036, 18.9901299 ], [ 72.8399085, 18.9898546 ], [ 72.8399098, 18.9897434 ] ] } },
{ "type": "Feature", "properties": { "name": "Urban Corridor", "highway": "residential", "slope_pct": 0.6 }, "geometry": { "type": "LineString", "coordinates": [ [ 72.8389271, 18.9901862 ], [ 72.8398027, 18.9901357 ], [ 72.8399036, 18.9901299 ] ] } },
{ "type": "Feature", "properties": { "name": "Urban Corridor", "highway": "residential", "slope_pct": 0.6 }, "geometry": { "type": "LineString", "coordinates": [ [ 72.8398156, 18.9903889 ], [ 72.8398734, 18.9903829 ], [ 72.8399056, 18.9903754 ] ] } },
{ "type": "Feature", "properties": { "name": "Urban Corridor", "highway": "residential", "slope_pct": 0.6 }, "geometry": { "type": "LineString", "coordinates": [ [ 72.8389036, 18.9899115 ], [ 72.8389189, 18.9900388 ], [ 72.8389271, 18.9901862 ], [ 72.8389542, 18.9904716 ], [ 72.8389569, 18.9904996 ], [ 72.838984, 18.9907302 ], [ 72.8389963, 18.990751 ] ] } },
{ "type": "Feature", "properties": { "name": "DG Mahajani Path", "highway": "residential", "slope_pct": 0.6 }, "geometry": { "type": "LineString", "coordinates": [ [ 72.8532066, 19.0037899 ], [ 72.8532411, 19.0048829 ] ] } },
{ "type": "Feature", "properties": { "name": "Urban Corridor", "highway": "residential", "slope_pct": 0.6 }, "geometry": { "type": "LineString", "coordinates": [ [ 72.8467561, 18.9972156 ], [ 72.8466645, 18.9970689 ], [ 72.8465947, 18.9968483 ], [ 72.8465116, 18.9965845 ], [ 72.8465036, 18.9964628 ], [ 72.8465331, 18.9962903 ], [ 72.8465311, 18.996103 ], [ 72.8465411, 18.9959809 ], [ 72.8465927, 18.9959282 ], [ 72.8467046, 18.9958469 ] ] } },
{ "type": "Feature", "properties": { "name": "Urban Corridor", "highway": "residential", "slope_pct": 0.6 }, "geometry": { "type": "LineString", "coordinates": [ [ 72.8415765, 18.9913693 ], [ 72.8414649, 18.9913827 ], [ 72.840187, 18.9915453 ] ] } },
{ "type": "Feature", "properties": { "name": "Urban Corridor", "highway": "residential", "slope_pct": 0.6 }, "geometry": { "type": "LineString", "coordinates": [ [ 72.8486215, 18.9979113 ], [ 72.8486692, 18.9980067 ], [ 72.8489151, 18.9984881 ], [ 72.8489491, 18.9984926 ], [ 72.8492059, 18.9983748 ], [ 72.8495462, 18.9982205 ], [ 72.8495637, 18.9981881 ], [ 72.849434, 18.9978785 ], [ 72.8497657, 18.997725 ], [ 72.8498579, 18.9976839 ] ] } },
{ "type": "Feature", "properties": { "name": "Urban Corridor", "highway": "residential", "slope_pct": 0.6 }, "geometry": { "type": "LineString", "coordinates": [ [ 72.8530457, 19.0004742 ], [ 72.8529774, 19.0003586 ], [ 72.8527799, 19.0002378 ] ] } },
{ "type": "Feature", "properties": { "name": "Jivraj Road", "highway": "tertiary", "slope_pct": 0.6 }, "geometry": { "type": "LineString", "coordinates": [ [ 72.8530457, 19.0004742 ], [ 72.8537178, 19.0005127 ] ] } },
{ "type": "Feature", "properties": { "name": "Urban Corridor", "highway": "residential", "slope_pct": 0.6 }, "geometry": { "type": "LineString", "coordinates": [ [ 72.8465191, 18.9892255 ], [ 72.8464661, 18.9892948 ] ] } },
{ "type": "Feature", "properties": { "name": "Urban Corridor", "highway": "residential", "slope_pct": 0.6 }, "geometry": { "type": "LineString", "coordinates": [ [ 72.8474829, 18.9899347 ], [ 72.8474069, 18.9900351 ] ] } },
{ "type": "Feature", "properties": { "name": "Urban Corridor", "highway": "primary_link", "slope_pct": 0.6 }, "geometry": { "type": "LineString", "coordinates": [ [ 72.8517254, 18.9937917 ], [ 72.8518277, 18.9937009 ] ] } },
{ "type": "Feature", "properties": { "name": "Urban Corridor", "highway": "residential", "slope_pct": 0.6 }, "geometry": { "type": "LineString", "coordinates": [ [ 72.8524994, 18.9953592 ], [ 72.8526416, 18.9953307 ] ] } },
{ "type": "Feature", "properties": { "name": "Rafi Ahmed Kidwai Marg", "highway": "primary", "slope_pct": 0.6 }, "geometry": { "type": "LineString", "coordinates": [ [ 72.8528818, 18.996024 ], [ 72.8527263, 18.9955396 ], [ 72.8526416, 18.9953307 ], [ 72.8525546, 18.9951161 ], [ 72.8524071, 18.9947154 ], [ 72.8522918, 18.9944313 ], [ 72.8521737, 18.9941701 ], [ 72.8518277, 18.9937009 ], [ 72.8515998, 18.9934524 ], [ 72.851184, 18.9930161 ], [ 72.8510215, 18.9928965 ], [ 72.8508031, 18.9926966 ], [ 72.8503609, 18.9923315 ], [ 72.8500414, 18.9920676 ], [ 72.8492421, 18.9913752 ], [ 72.8487311, 18.9909414 ], [ 72.8484183, 18.9906758 ], [ 72.847791, 18.9901807 ], [ 72.8474829, 18.9899347 ], [ 72.8473082, 18.9897952 ], [ 72.8467476, 18.9893843 ], [ 72.8465191, 18.9892255 ] ] } },
{ "type": "Feature", "properties": { "name": "Urban Corridor", "highway": "residential", "slope_pct": 0.6 }, "geometry": { "type": "LineString", "coordinates": [ [ 72.8542241, 18.9995568 ], [ 72.8541917, 18.9994695 ], [ 72.8541756, 18.999446 ], [ 72.8541508, 18.9994308 ], [ 72.8540687, 18.9994019 ], [ 72.8540399, 18.9993733 ], [ 72.8539225, 18.9990623 ], [ 72.8537777, 18.9987504 ], [ 72.8536811, 18.9986007 ], [ 72.853606, 18.99855 ], [ 72.8535444, 18.9985348 ], [ 72.8534666, 18.9985652 ], [ 72.8533871, 18.998589 ] ] } },
{ "type": "Feature", "properties": { "name": "Urban Corridor", "highway": "residential", "slope_pct": 0.6 }, "geometry": { "type": "LineString", "coordinates": [ [ 72.8529382, 18.9962016 ], [ 72.8528017, 18.9962504 ] ] } },
{ "type": "Feature", "properties": { "name": "Urban Corridor", "highway": "residential", "slope_pct": 0.6 }, "geometry": { "type": "LineString", "coordinates": [ [ 72.8446113, 18.9961889 ], [ 72.8450686, 18.9961325 ], [ 72.8451416, 18.996123 ] ] } },
{ "type": "Feature", "properties": { "name": "Urban Corridor", "highway": "residential", "slope_pct": 0.6 }, "geometry": { "type": "LineString", "coordinates": [ [ 72.8528524, 18.9981974 ], [ 72.8528591, 18.9982596 ], [ 72.8528658, 18.9983218 ], [ 72.8528523, 18.9983953 ], [ 72.8528041, 18.9984359 ], [ 72.8527357, 18.9984574 ], [ 72.8526458, 18.9984917 ], [ 72.8526458, 18.9985982 ], [ 72.852627, 18.9990014 ], [ 72.8526244, 18.9990699 ], [ 72.8525895, 18.9991232 ], [ 72.8525332, 18.9991688 ], [ 72.852469, 18.999192 ], [ 72.8523856, 18.9992221 ], [ 72.8522984, 18.9992361 ] ] } },
{ "type": "Feature", "properties": { "name": "G.D. Ambedkar Marg", "highway": "tertiary", "slope_pct": 0.6 }, "geometry": { "type": "LineString", "coordinates": [ [ 72.8448336, 18.9943602 ], [ 72.8448528, 18.9944378 ], [ 72.8449071, 18.994658 ], [ 72.8449776, 18.9951739 ], [ 72.8450687, 18.9956668 ], [ 72.8450741, 18.9957109 ], [ 72.8450844, 18.9957735 ], [ 72.8451416, 18.996123 ], [ 72.8451658, 18.9962496 ], [ 72.8451883, 18.996362 ], [ 72.8452586, 18.9965654 ], [ 72.8452939, 18.9966657 ], [ 72.8453395, 18.9967595 ], [ 72.845367, 18.9968107 ], [ 72.8454334, 18.9969345 ], [ 72.8456385, 18.997301 ], [ 72.8459979, 18.9981353 ], [ 72.8460199, 18.9982136 ], [ 72.8460971, 18.9984696 ], [ 72.8461497, 18.9987678 ], [ 72.8461774, 18.9988986 ], [ 72.8462198, 18.9991272 ], [ 72.8462242, 18.9992404 ] ] } },
{ "type": "Feature", "properties": { "name": "Urban Corridor", "highway": "residential", "slope_pct": 0.6 }, "geometry": { "type": "LineString", "coordinates": [ [ 72.8445375, 18.9958173 ], [ 72.8447849, 18.9958028 ], [ 72.8450844, 18.9957735 ] ] } },
{ "type": "Feature", "properties": { "name": "Urban Corridor", "highway": "residential", "slope_pct": 0.6 }, "geometry": { "type": "LineString", "coordinates": [ [ 72.8497758, 19.0071218 ], [ 72.8498, 19.0074261 ], [ 72.8498121, 19.0074654 ], [ 72.8498496, 19.0074933 ], [ 72.8499033, 19.007506 ], [ 72.8514804, 19.0078964 ], [ 72.8515901, 19.0079236 ], [ 72.8518196, 19.0079805 ], [ 72.8523436, 19.0081104 ], [ 72.8523605, 19.0081228 ], [ 72.85237, 19.0081409 ], [ 72.85237, 19.0081604 ], [ 72.852364, 19.0084034 ], [ 72.8523529, 19.0088506 ], [ 72.8523477, 19.0090564 ], [ 72.8523314, 19.0097133 ], [ 72.8523262, 19.0097367 ], [ 72.8523159, 19.0097513 ], [ 72.8522879, 19.0097617 ], [ 72.8513608, 19.0097457 ], [ 72.8513478, 19.0097325 ], [ 72.8513419, 19.0097165 ], [ 72.8513456, 19.0093612 ], [ 72.8513493, 19.0089975 ], [ 72.8513449, 19.0089836 ], [ 72.8513302, 19.0089766 ], [ 72.8508984, 19.0089648 ], [ 72.8508881, 19.0089585 ], [ 72.8508815, 19.0089446 ], [ 72.8508759, 19.0087753 ], [ 72.8508531, 19.0080877 ], [ 72.8508484, 19.0079461 ] ] } },
{ "type": "Feature", "properties": { "name": "Urban Corridor", "highway": "residential", "slope_pct": 0.6 }, "geometry": { "type": "LineString", "coordinates": [ [ 72.8529283, 18.999186 ], [ 72.8525425, 18.9992715 ], [ 72.852469, 18.999192 ] ] } },
{ "type": "Feature", "properties": { "name": "Urban Corridor", "highway": "residential", "slope_pct": 0.6 }, "geometry": { "type": "LineString", "coordinates": [ [ 72.8527357, 18.9984574 ], [ 72.8529283, 18.999186 ], [ 72.8529797, 18.9993806 ], [ 72.852615, 18.9994681 ] ] } },
{ "type": "Feature", "properties": { "name": "Urban Corridor", "highway": "residential", "slope_pct": 0.6 }, "geometry": { "type": "LineString", "coordinates": [ [ 72.8479448, 19.0051258 ], [ 72.8476113, 19.0051792 ], [ 72.8476374, 19.0053826 ], [ 72.8476449, 19.0054409 ] ] } },
{ "type": "Feature", "properties": { "name": "Urban Corridor", "highway": "residential", "slope_pct": 0.6 }, "geometry": { "type": "LineString", "coordinates": [ [ 72.8482226, 19.0047495 ], [ 72.8477749, 19.0048014 ], [ 72.8471258, 19.0048648 ] ] } },
{ "type": "Feature", "properties": { "name": "Urban Corridor", "highway": "residential", "slope_pct": 0.6 }, "geometry": { "type": "LineString", "coordinates": [ [ 72.8356862, 19.0077292 ], [ 72.8354046, 19.0079079 ], [ 72.8352887, 19.0079804 ], [ 72.8351284, 19.0080806 ], [ 72.8345932, 19.0084151 ], [ 72.8342083, 19.0086599 ], [ 72.83416, 19.0086941 ], [ 72.8341185, 19.0087347 ], [ 72.8340615, 19.008827 ] ] } },
{ "type": "Feature", "properties": { "name": "T Jivraj Road", "highway": "tertiary", "slope_pct": 0.6 }, "geometry": { "type": "LineString", "coordinates": [ [ 72.8457883, 18.9887963 ], [ 72.8459218, 18.9889784 ], [ 72.8460869, 18.9892036 ], [ 72.8462425, 18.9894271 ], [ 72.8462975, 18.9895061 ] ] } },
{ "type": "Feature", "properties": { "name": "P Guruji Street", "highway": "residential", "slope_pct": 0.6 }, "geometry": { "type": "LineString", "coordinates": [ [ 72.8399335, 19.0004876 ], [ 72.8397132, 19.0005166 ] ] } },
{ "type": "Feature", "properties": { "name": "P Guruji Street", "highway": "residential", "slope_pct": 0.6 }, "geometry": { "type": "LineString", "coordinates": [ [ 72.8402923, 19.0004561 ], [ 72.8399335, 19.0004876 ] ] } },
{ "type": "Feature", "properties": { "name": "P Guruji Street", "highway": "residential", "slope_pct": 0.6 }, "geometry": { "type": "LineString", "coordinates": [ [ 72.8396493, 19.000525 ], [ 72.8387646, 19.0006413 ] ] } },
{ "type": "Feature", "properties": { "name": "P Guruji Street", "highway": "residential", "slope_pct": 0.6 }, "geometry": { "type": "LineString", "coordinates": [ [ 72.8397132, 19.0005166 ], [ 72.8396493, 19.000525 ] ] } },
{ "type": "Feature", "properties": { "name": "G.D. Ambedkar Marg", "highway": "tertiary", "slope_pct": 0.6 }, "geometry": { "type": "LineString", "coordinates": [ [ 72.8463738, 19.0003707 ], [ 72.8464043, 19.0002822 ], [ 72.8464288, 19.0001544 ], [ 72.846404, 19.0000184 ], [ 72.8463363, 18.9997615 ], [ 72.8462976, 18.9995031 ], [ 72.8462868, 18.9992447 ] ] } },
{ "type": "Feature", "properties": { "name": "Urban Corridor", "highway": "residential", "slope_pct": 0.6 }, "geometry": { "type": "LineString", "coordinates": [ [ 72.8527281, 18.9897616 ], [ 72.853155, 18.9906344 ], [ 72.8539333, 18.9922258 ], [ 72.8540095, 18.9926387 ], [ 72.854057, 18.9930362 ], [ 72.8540665, 18.9930938 ], [ 72.8540714, 18.9931265 ], [ 72.8540873, 18.9931592 ], [ 72.8541147, 18.9931857 ], [ 72.85414, 18.9932035 ], [ 72.8542064, 18.993247 ], [ 72.8543353, 18.9933101 ] ] } },
{ "type": "Feature", "properties": { "name": "Urban Corridor", "highway": "residential", "slope_pct": 0.6 }, "geometry": { "type": "LineString", "coordinates": [ [ 72.8518754, 18.9905365 ], [ 72.8517473, 18.990277 ], [ 72.8516614, 18.9899752 ], [ 72.8516427, 18.9898129 ], [ 72.8516427, 18.9896328 ], [ 72.8516614, 18.9894096 ], [ 72.8517446, 18.9886868 ] ] } },
{ "type": "Feature", "properties": { "name": "Urban Corridor", "highway": "residential", "slope_pct": 0.6 }, "geometry": { "type": "LineString", "coordinates": [ [ 72.8418144, 19.0090461 ], [ 72.8426123, 19.008722 ], [ 72.8426573, 19.0087068 ], [ 72.8426962, 19.0086979 ], [ 72.8428243, 19.0087076 ] ] } },
{ "type": "Feature", "properties": { "name": "Urban Corridor", "highway": "residential", "slope_pct": 0.6 }, "geometry": { "type": "LineString", "coordinates": [ [ 72.8383771, 18.9963731 ], [ 72.8383201, 18.9964298 ], [ 72.8382263, 18.99644 ], [ 72.8379455, 18.9963404 ], [ 72.8377542, 18.9962726 ], [ 72.837618, 18.9962721 ], [ 72.8374653, 18.9963547 ], [ 72.8374434, 18.9965146 ], [ 72.8375198, 18.9967054 ], [ 72.8376507, 18.9968344 ], [ 72.8377653, 18.9968344 ], [ 72.837918, 18.9967777 ], [ 72.8379562, 18.9966693 ], [ 72.8379835, 18.9965043 ], [ 72.8379455, 18.9963404 ] ] } },
{ "type": "Feature", "properties": { "name": "Urban Corridor", "highway": "residential", "slope_pct": 0.6 }, "geometry": { "type": "LineString", "coordinates": [ [ 72.8322718, 18.9969939 ], [ 72.8327444, 18.9970201 ] ] } },
{ "type": "Feature", "properties": { "name": "Urban Corridor", "highway": "residential", "slope_pct": 0.6 }, "geometry": { "type": "LineString", "coordinates": [ [ 72.8315152, 18.9931145 ], [ 72.8322211, 18.9930837 ], [ 72.8327218, 18.9930619 ] ] } },
{ "type": "Feature", "properties": { "name": "Urban Corridor", "highway": "residential", "slope_pct": 0.6 }, "geometry": { "type": "LineString", "coordinates": [ [ 72.8369323, 19.0024902 ], [ 72.8369414, 19.0024299 ], [ 72.836983, 19.0023775 ], [ 72.8370404, 19.0023408 ], [ 72.8371072, 19.0023237 ], [ 72.8371763, 19.002328 ], [ 72.8372402, 19.0023533 ], [ 72.8372919, 19.0023968 ], [ 72.8373259, 19.0024538 ], [ 72.8373462, 19.0025087 ], [ 72.8373283, 19.0025831 ] ] } },
{ "type": "Feature", "properties": { "name": "Urban Corridor", "highway": "residential", "slope_pct": 0.6 }, "geometry": { "type": "LineString", "coordinates": [ [ 72.8369481, 19.0025677 ], [ 72.8368107, 19.0026054 ] ] } },
{ "type": "Feature", "properties": { "name": "Adam Mistry Path", "highway": "residential", "slope_pct": 0.6 }, "geometry": { "type": "LineString", "coordinates": [ [ 72.8404188, 19.0064841 ], [ 72.8395932, 19.0069353 ] ] } },
{ "type": "Feature", "properties": { "name": "Urban Corridor", "highway": "residential", "slope_pct": 0.6 }, "geometry": { "type": "LineString", "coordinates": [ [ 72.8450009, 19.000088 ], [ 72.8450377, 19.0004159 ], [ 72.8450391, 19.0006201 ], [ 72.8450136, 19.0008344 ] ] } },
{ "type": "Feature", "properties": { "name": "Urban Corridor", "highway": "residential", "slope_pct": 0.6 }, "geometry": { "type": "LineString", "coordinates": [ [ 72.8382263, 18.99644 ], [ 72.8381184, 18.9965673 ], [ 72.8381184, 18.9967024 ], [ 72.8381899, 18.996939 ], [ 72.8383061, 18.9970108 ], [ 72.8384803, 18.9970024 ], [ 72.8386099, 18.9969179 ], [ 72.8386457, 18.9967362 ], [ 72.8385652, 18.9965292 ], [ 72.8385118, 18.9964445 ] ] } },
{ "type": "Feature", "properties": { "name": "Urban Corridor", "highway": "residential", "slope_pct": 0.6 }, "geometry": { "type": "LineString", "coordinates": [ [ 72.8391239, 18.9967435 ], [ 72.8388467, 18.9968334 ], [ 72.8387618, 18.9969221 ], [ 72.8387976, 18.9971165 ], [ 72.8389138, 18.9972474 ], [ 72.8390567, 18.9973024 ], [ 72.8391684, 18.997277 ], [ 72.8392757, 18.9971629 ], [ 72.8393025, 18.9970151 ], [ 72.8392947, 18.9968609 ] ] } },
{ "type": "Feature", "properties": { "name": "Urban Corridor", "highway": "residential", "slope_pct": 0.6 }, "geometry": { "type": "LineString", "coordinates": [ [ 72.8400908, 18.9977851 ], [ 72.8398074, 18.9978093 ], [ 72.8396152, 18.9977882 ], [ 72.8394989, 18.9976981 ], [ 72.8394678, 18.9976741 ], [ 72.8394321, 18.9975389 ], [ 72.8394812, 18.9973911 ], [ 72.8395616, 18.9972855 ], [ 72.8397327, 18.9971783 ] ] } },
{ "type": "Feature", "properties": { "name": "Urban Corridor", "highway": "residential", "slope_pct": 0.6 }, "geometry": { "type": "LineString", "coordinates": [ [ 72.8424405, 18.997867 ], [ 72.8427855, 18.9985893 ], [ 72.8429518, 18.9989376 ], [ 72.8430454, 18.9991335 ], [ 72.8430961, 18.9992396 ] ] } },
{ "type": "Feature", "properties": { "name": "Urban Corridor", "highway": "residential", "slope_pct": 0.6 }, "geometry": { "type": "LineString", "coordinates": [ [ 72.8412348, 19.0074954 ], [ 72.8413822, 19.0074745 ], [ 72.8416484, 19.0074368 ], [ 72.841676, 19.007449 ], [ 72.8416927, 19.0074783 ], [ 72.841875, 19.0080668 ], [ 72.8419311, 19.0082481 ] ] } },
{ "type": "Feature", "properties": { "name": "Rafi Ahmed Kidwai Marg", "highway": "primary", "slope_pct": 0.6 }, "geometry": { "type": "LineString", "coordinates": [ [ 72.8457883, 18.9887963 ], [ 72.8464661, 18.9892948 ], [ 72.8469789, 18.9896871 ], [ 72.8474069, 18.9900351 ], [ 72.8478689, 18.990359 ], [ 72.8483385, 18.9907517 ], [ 72.8486337, 18.9909986 ], [ 72.848656, 18.9910181 ], [ 72.8502675, 18.9924294 ], [ 72.8508922, 18.9930244 ], [ 72.8513235, 18.9933712 ], [ 72.8514184, 18.9934659 ], [ 72.8515872, 18.9936345 ], [ 72.8517254, 18.9937917 ], [ 72.8519827, 18.9940841 ], [ 72.8521365, 18.9943728 ], [ 72.8524994, 18.9953592 ], [ 72.8527278, 18.9959802 ], [ 72.8528017, 18.9962504 ], [ 72.8529773, 18.9969162 ], [ 72.8531829, 18.998056 ], [ 72.8531904, 18.9981479 ], [ 72.8531992, 18.9982559 ], [ 72.8535611, 18.999608 ], [ 72.8537178, 19.0005127 ] ] } },
{ "type": "Feature", "properties": { "name": "Urban Corridor", "highway": "residential", "slope_pct": 0.6 }, "geometry": { "type": "LineString", "coordinates": [ [ 72.8363254, 19.0008585 ], [ 72.8367407, 19.001266 ], [ 72.8367859, 19.0012644 ], [ 72.8368472, 19.001223 ], [ 72.8368776, 19.0012046 ], [ 72.8369283, 19.0013122 ], [ 72.8369392, 19.0013353 ] ] } },
{ "type": "Feature", "properties": { "name": "Urban Corridor", "highway": "residential", "slope_pct": 0.6 }, "geometry": { "type": "LineString", "coordinates": [ [ 72.8373283, 19.0025831 ], [ 72.8372964, 19.0026413 ], [ 72.8372462, 19.0026865 ], [ 72.8371831, 19.0027138 ], [ 72.8371141, 19.0027203 ], [ 72.8370466, 19.0027052 ], [ 72.8369934, 19.0026731 ], [ 72.8369481, 19.0025677 ], [ 72.8369323, 19.0024902 ] ] } },
{ "type": "Feature", "properties": { "name": "Urban Corridor", "highway": "residential", "slope_pct": 0.6 }, "geometry": { "type": "LineString", "coordinates": [ [ 72.8422562, 18.9978982 ], [ 72.8424507, 18.9977409 ] ] } },
{ "type": "Feature", "properties": { "name": "Urban Corridor", "highway": "residential", "slope_pct": 0.6 }, "geometry": { "type": "LineString", "coordinates": [ [ 72.8488109, 18.9948173 ], [ 72.8500059, 18.9944132 ] ] } },
{ "type": "Feature", "properties": { "name": "Urban Corridor", "highway": "residential", "slope_pct": 0.6 }, "geometry": { "type": "LineString", "coordinates": [ [ 72.8508327, 18.9950014 ], [ 72.8507605, 18.9944352 ], [ 72.8510133, 18.9943925 ], [ 72.850932, 18.993812 ], [ 72.8514184, 18.9934659 ] ] } },
{ "type": "Feature", "properties": { "name": "Urban Corridor", "highway": "residential", "slope_pct": 0.6 }, "geometry": { "type": "LineString", "coordinates": [ [ 72.8315021, 18.9934263 ], [ 72.8318208, 18.9934739 ], [ 72.8318967, 18.9935006 ], [ 72.8319418, 18.9935424 ], [ 72.8320228, 18.9936023 ], [ 72.832138, 18.9936806 ], [ 72.8322304, 18.993717 ], [ 72.8323797, 18.9938072 ], [ 72.8324396, 18.993825 ], [ 72.832456, 18.9938218 ], [ 72.8324704, 18.9938091 ], [ 72.8324752, 18.9937409 ], [ 72.8324746, 18.99372 ] ] } },
{ "type": "Feature", "properties": { "name": "Balasheth Mandurkar Marg", "highway": "residential", "slope_pct": 0.6 }, "geometry": { "type": "LineString", "coordinates": [ [ 72.8310695, 19.0049626 ], [ 72.8310748, 19.004962 ], [ 72.8310938, 19.0049598 ], [ 72.831118, 19.0049645 ], [ 72.8333773, 19.0058575 ], [ 72.8335798, 19.0059408 ], [ 72.8338267, 19.006035 ], [ 72.8344989, 19.0063053 ], [ 72.8346662, 19.0063832 ], [ 72.8349218, 19.006498 ], [ 72.8350291, 19.0065715 ], [ 72.8351068, 19.0066501 ], [ 72.8354245, 19.0071751 ] ] } },
{ "type": "Feature", "properties": { "name": "Urban Corridor", "highway": "residential", "slope_pct": 0.6 }, "geometry": { "type": "LineString", "coordinates": [ [ 72.8356862, 19.0077292 ], [ 72.8357432, 19.0076918 ] ] } },
{ "type": "Feature", "properties": { "name": "Urban Corridor", "highway": "residential", "slope_pct": 0.6 }, "geometry": { "type": "LineString", "coordinates": [ [ 72.8357918, 19.0078861 ], [ 72.8359133, 19.0079678 ] ] } },
{ "type": "Feature", "properties": { "name": "Urban Corridor", "highway": "residential", "slope_pct": 0.6 }, "geometry": { "type": "LineString", "coordinates": [ [ 72.8413998, 18.9903309 ], [ 72.8406565, 18.9904664 ] ] } },
{ "type": "Feature", "properties": { "name": "Urban Corridor", "highway": "residential", "slope_pct": 0.6 }, "geometry": { "type": "LineString", "coordinates": [ [ 72.8520154, 19.0076645 ], [ 72.8507601, 19.0068986 ], [ 72.8504619, 19.0066754 ] ] } },
{ "type": "Feature", "properties": { "name": "Urban Corridor", "highway": "residential", "slope_pct": 0.6 }, "geometry": { "type": "LineString", "coordinates": [ [ 72.8482988, 19.0065382 ], [ 72.8485352, 19.0064808 ] ] } },
{ "type": "Feature", "properties": { "name": "Dr Babasaheb Ambedkar Marg (Vincent Road)", "highway": "trunk", "slope_pct": 0.6 }, "geometry": { "type": "LineString", "coordinates": [ [ 72.8398144, 19.0053296 ], [ 72.8397423, 19.0052574 ], [ 72.8396381, 19.005153 ], [ 72.8395446, 19.0050726 ], [ 72.8394137, 19.0049093 ], [ 72.8393457, 19.0048278 ], [ 72.8392073, 19.0045937 ], [ 72.8391114, 19.0043548 ], [ 72.8390941, 19.0042933 ], [ 72.8390328, 19.0040754 ], [ 72.8389513, 19.0039212 ] ] } },
{ "type": "Feature", "properties": { "name": "Acharya Donde Marg", "highway": "secondary", "slope_pct": 0.6 }, "geometry": { "type": "LineString", "coordinates": [ [ 72.8395414, 19.0053938 ], [ 72.8390708, 19.0056771 ], [ 72.8380854, 19.0062628 ] ] } },
{ "type": "Feature", "properties": { "name": "Dr Babasaheb Ambedkar Marg (Vincent Road)", "highway": "trunk", "slope_pct": 0.6 }, "geometry": { "type": "LineString", "coordinates": [ [ 72.838802, 19.0039291 ], [ 72.8388033, 19.0041331 ], [ 72.838885, 19.0044237 ], [ 72.8389065, 19.0044935 ], [ 72.8389914, 19.0046888 ], [ 72.8391468, 19.0049517 ], [ 72.8392747, 19.0051091 ], [ 72.8393648, 19.00522 ], [ 72.8394578, 19.005314 ], [ 72.8395414, 19.0053938 ], [ 72.8396166, 19.0054639 ] ] } },
{ "type": "Feature", "properties": { "name": "Urban Corridor", "highway": "residential", "slope_pct": 0.6 }, "geometry": { "type": "LineString", "coordinates": [ [ 72.8494033, 19.0026006 ], [ 72.8495478, 19.0026141 ], [ 72.8496946, 19.0026123 ], [ 72.8498542, 19.0026028 ] ] } },
{ "type": "Feature", "properties": { "name": "Urban Corridor", "highway": "residential", "slope_pct": 0.6 }, "geometry": { "type": "LineString", "coordinates": [ [ 72.8478711, 18.9968575 ], [ 72.8482819, 18.9977346 ], [ 72.8483066, 18.9977905 ], [ 72.8483115, 18.9978627 ], [ 72.8482992, 18.9979 ], [ 72.8479271, 18.9980677 ] ] } },
{ "type": "Feature", "properties": { "name": "Urban Corridor", "highway": "residential", "slope_pct": 0.6 }, "geometry": { "type": "LineString", "coordinates": [ [ 72.8515901, 19.0079236 ], [ 72.8515901, 19.0079405 ], [ 72.8515927, 19.0084524 ], [ 72.8515931, 19.0085465 ], [ 72.8515935, 19.0086145 ], [ 72.8515957, 19.0090618 ], [ 72.8515972, 19.0093682 ], [ 72.8515978, 19.0094904 ] ] } },
{ "type": "Feature", "properties": { "name": "Chinchpokli Flyover", "highway": "secondary", "slope_pct": 0.6 }, "geometry": { "type": "LineString", "coordinates": [ [ 72.8343678, 18.9893113 ], [ 72.8344894, 18.9895015 ] ] } },
{ "type": "Feature", "properties": { "name": "Dr Babasaheb Ambedkar Marg", "highway": "trunk", "slope_pct": 0.6 }, "geometry": { "type": "LineString", "coordinates": [ [ 72.8365443, 18.9954109 ], [ 72.8365866, 18.9956793 ], [ 72.8367585, 18.996221 ], [ 72.8369337, 18.9965397 ], [ 72.8370133, 18.9966846 ], [ 72.8372442, 18.9971316 ], [ 72.8372666, 18.9971749 ], [ 72.8373928, 18.9974849 ], [ 72.8374053, 18.9976522 ], [ 72.837416, 18.9978629 ], [ 72.8374047, 18.9981341 ], [ 72.8374195, 18.9983358 ], [ 72.8374223, 18.9986059 ], [ 72.8374213, 18.9989179 ], [ 72.8375671, 18.9994335 ], [ 72.8376594, 18.9995564 ] ] } },
{ "type": "Feature", "properties": { "name": "Sane Guruji Marg (Arthur Road)", "highway": "secondary", "slope_pct": 0.6 }, "geometry": { "type": "LineString", "coordinates": [ [ 72.8355542, 18.9907719 ], [ 72.8357442, 18.9908245 ] ] } },
{ "type": "Feature", "properties": { "name": "Sane Guruji Marg", "highway": "secondary", "slope_pct": 0.6 }, "geometry": { "type": "LineString", "coordinates": [ [ 72.8355542, 18.9907719 ], [ 72.8354904, 18.9906169 ], [ 72.8351285, 18.990204 ], [ 72.8346486, 18.98966 ], [ 72.8345775, 18.9895262 ], [ 72.8344894, 18.9895015 ] ] } },
{ "type": "Feature", "properties": { "name": "Eastern Freeway North - MTHL Ramp", "highway": "motorway_link", "slope_pct": 0.6 }, "geometry": { "type": "LineString", "coordinates": [ [ 72.8519943, 18.9925343 ], [ 72.8520101, 18.9927574 ], [ 72.8525814, 18.9939723 ], [ 72.8532332, 18.995286 ], [ 72.8534129, 18.9955396 ], [ 72.8538045, 18.995915 ], [ 72.8543463, 18.9962802 ], [ 72.8550732, 18.9966251 ], [ 72.8600219, 18.9986717 ], [ 72.8609172, 18.9990303 ], [ 72.8613952, 18.9992069 ] ] } },
{ "type": "Feature", "properties": { "name": "MTHL - Eastern Freeway South Ramp", "highway": "motorway_link", "slope_pct": 0.6 }, "geometry": { "type": "LineString", "coordinates": [ [ 72.8590992, 18.9979287 ], [ 72.8539869, 18.9958059 ], [ 72.8536034, 18.9954052 ], [ 72.85348, 18.9952251 ], [ 72.8529274, 18.9942005 ], [ 72.8528346, 18.9940818 ] ] } },
{ "type": "Feature", "properties": { "name": "Dinshaw Petit Road", "highway": "residential", "slope_pct": 0.6 }, "geometry": { "type": "LineString", "coordinates": [ [ 72.8344894, 18.9895015 ], [ 72.8345686, 18.9894549 ], [ 72.8346013, 18.9894272 ], [ 72.8346356, 18.989379 ], [ 72.834675, 18.9892955 ], [ 72.8347689, 18.9891928 ], [ 72.8348333, 18.9891484 ], [ 72.8348839, 18.9891331 ], [ 72.8349122, 18.9891286 ], [ 72.8353022, 18.9890669 ], [ 72.8353975, 18.989052 ], [ 72.8357229, 18.9890012 ] ] } },
{ "type": "Feature", "properties": { "name": "Dr Babasaheb Ambedkar Marg", "highway": "trunk", "slope_pct": 0.6 }, "geometry": { "type": "LineString", "coordinates": [ [ 72.8357229, 18.9890012 ], [ 72.8356749, 18.9895005 ], [ 72.8356656, 18.9895969 ], [ 72.8356526, 18.9897493 ], [ 72.83558, 18.9903695 ], [ 72.8355595, 18.9906877 ], [ 72.8355542, 18.9907719 ] ] } },
{ "type": "Feature", "properties": { "name": "Dr Baba Saheb Ambedkar Marg (Victoria Garden Road)", "highway": "trunk", "slope_pct": 0.6 }, "geometry": { "type": "LineString", "coordinates": [ [ 72.8359053, 18.9889869 ], [ 72.835909, 18.9888477 ] ] } },
{ "type": "Feature", "properties": { "name": "Urban Corridor", "highway": "tertiary", "slope_pct": 0.6 }, "geometry": { "type": "LineString", "coordinates": [ [ 72.8452352, 18.9961055 ], [ 72.8452161, 18.9959458 ], [ 72.8452107, 18.9959011 ] ] } },
{ "type": "Feature", "properties": { "name": "Urban Corridor", "highway": "residential", "slope_pct": 0.6 }, "geometry": { "type": "LineString", "coordinates": [ [ 72.848664, 18.9939077 ], [ 72.8486029, 18.9939147 ], [ 72.8480837, 18.993952 ], [ 72.8478803, 18.9939669 ], [ 72.8477282, 18.9939516 ], [ 72.8476091, 18.9938982 ], [ 72.847497, 18.9938047 ], [ 72.8473862, 18.993667 ], [ 72.8473533, 18.9934839 ], [ 72.8473299, 18.9932535 ], [ 72.8473622, 18.9930222 ], [ 72.8474259, 18.9929218 ], [ 72.847532, 18.9928516 ], [ 72.848068, 18.9926804 ], [ 72.848184, 18.9926436 ] ] } },
{ "type": "Feature", "properties": { "name": "Urban Corridor", "highway": "residential", "slope_pct": 0.6 }, "geometry": { "type": "LineString", "coordinates": [ [ 72.8503883, 18.993306 ], [ 72.8500152, 18.9933871 ] ] } },
{ "type": "Feature", "properties": { "name": "Urban Corridor", "highway": "tertiary_link", "slope_pct": 0.6 }, "geometry": { "type": "LineString", "coordinates": [ [ 72.845367, 18.9968107 ], [ 72.8454012, 18.996823 ], [ 72.8454229, 18.9968115 ], [ 72.8454331, 18.9967859 ] ] } },
{ "type": "Feature", "properties": { "name": "Urban Corridor", "highway": "residential", "slope_pct": 0.6 }, "geometry": { "type": "LineString", "coordinates": [ [ 72.8323316, 19.0086891 ], [ 72.8324488, 19.008585 ], [ 72.8325509, 19.0084338 ] ] } },
{ "type": "Feature", "properties": { "name": "Acharya Donde Marg", "highway": "secondary", "slope_pct": 0.6 }, "geometry": { "type": "LineString", "coordinates": [ [ 72.8420403, 19.0035706 ], [ 72.8422821, 19.0032423 ], [ 72.8423314, 19.0032008 ], [ 72.8427006, 19.0028899 ], [ 72.8428265, 19.0027753 ], [ 72.8430316, 19.0025886 ], [ 72.8433704, 19.0022802 ], [ 72.843537, 19.0021411 ], [ 72.8436362, 19.0020658 ] ] } },
{ "type": "Feature", "properties": { "name": "Acharya Donde Marg", "highway": "secondary", "slope_pct": 0.6 }, "geometry": { "type": "LineString", "coordinates": [ [ 72.8435978, 19.0019954 ], [ 72.8434338, 19.0021233 ], [ 72.8433205, 19.002225 ], [ 72.842772, 19.0027288 ], [ 72.8426533, 19.0028378 ], [ 72.8423459, 19.0030947 ], [ 72.8422278, 19.0031934 ], [ 72.8419782, 19.0035009 ] ] } },
{ "type": "Feature", "properties": { "name": "Urban Corridor", "highway": "tertiary", "slope_pct": 0.6 }, "geometry": { "type": "LineString", "coordinates": [ [ 72.8371823, 18.9964016 ], [ 72.8370974, 18.9962243 ], [ 72.8369675, 18.9958879 ] ] } },
{ "type": "Feature", "properties": { "name": "Jeejeebhoy Lane", "highway": "tertiary", "slope_pct": 0.6 }, "geometry": { "type": "LineString", "coordinates": [ [ 72.836734, 18.9953995 ], [ 72.8369919, 18.9953735 ], [ 72.8371264, 18.9953476 ], [ 72.837385, 18.9953028 ], [ 72.8378622, 18.9952058 ], [ 72.8378981, 18.9951989 ], [ 72.8383287, 18.9951138 ], [ 72.8386567, 18.9950576 ] ] } },
{ "type": "Feature", "properties": { "name": "Urban Corridor", "highway": "residential", "slope_pct": 0.6 }, "geometry": { "type": "LineString", "coordinates": [ [ 72.8371116, 18.9952543 ], [ 72.8371264, 18.9953476 ] ] } },
{ "type": "Feature", "properties": { "name": "Urban Corridor", "highway": "residential", "slope_pct": 0.6 }, "geometry": { "type": "LineString", "coordinates": [ [ 72.8348957, 18.9952632 ], [ 72.8348054, 18.9953052 ], [ 72.8342089, 18.9952449 ] ] } },
{ "type": "Feature", "properties": { "name": "Elphinstone Flyover", "highway": "primary", "slope_pct": 0.6 }, "geometry": { "type": "LineString", "coordinates": [ [ 72.8296591, 19.0024629 ], [ 72.8310478, 19.0051738 ], [ 72.8314572, 19.0062373 ], [ 72.8325802, 19.0083238 ], [ 72.8327711, 19.0086466 ], [ 72.8329526, 19.0088586 ], [ 72.8334032, 19.0093055 ], [ 72.8338168, 19.0097367 ], [ 72.8351304, 19.0111063 ], [ 72.8360012, 19.0120123 ] ] } },
{ "type": "Feature", "properties": { "name": "Urban Corridor", "highway": "tertiary", "slope_pct": 0.6 }, "geometry": { "type": "LineString", "coordinates": [ [ 72.8511412, 18.9907939 ], [ 72.851199, 18.9907657 ] ] } },
{ "type": "Feature", "properties": { "name": "Urban Corridor", "highway": "tertiary", "slope_pct": 0.6 }, "geometry": { "type": "LineString", "coordinates": [ [ 72.8415903, 19.0091243 ], [ 72.8415653, 19.0092803 ], [ 72.8415812, 19.0094273 ], [ 72.8415902, 19.0094655 ], [ 72.8416178, 19.0095818 ] ] } },
{ "type": "Feature", "properties": { "name": "Urban Corridor", "highway": "residential", "slope_pct": 0.6 }, "geometry": { "type": "LineString", "coordinates": [ [ 72.8470537, 19.0071048 ], [ 72.8471452, 19.0070807 ] ] } },
{ "type": "Feature", "properties": { "name": "Urban Corridor", "highway": "secondary", "slope_pct": 0.6 }, "geometry": { "type": "LineString", "coordinates": [ [ 72.8461926, 19.0059077 ], [ 72.8462606, 19.0058445 ] ] } },
{ "type": "Feature", "properties": { "name": "Urban Corridor", "highway": "residential", "slope_pct": 0.6 }, "geometry": { "type": "LineString", "coordinates": [ [ 72.8462604, 18.9988925 ], [ 72.8461774, 18.9988986 ], [ 72.8459078, 18.9988795 ] ] } },
{ "type": "Feature", "properties": { "name": "Urban Corridor", "highway": "residential", "slope_pct": 0.6 }, "geometry": { "type": "LineString", "coordinates": [ [ 72.8435126, 18.9962797 ], [ 72.8430302, 18.9965168 ] ] } },
{ "type": "Feature", "properties": { "name": "Urban Corridor", "highway": "residential", "slope_pct": 0.6 }, "geometry": { "type": "LineString", "coordinates": [ [ 72.8436639, 18.9966557 ], [ 72.843717, 18.9967 ], [ 72.8437677, 18.996702 ], [ 72.8438623, 18.9966542 ], [ 72.8440759, 18.9965542 ], [ 72.8441001, 18.9964939 ], [ 72.8440781, 18.9963981 ], [ 72.8439548, 18.9962816 ], [ 72.8437082, 18.9959298 ], [ 72.8436466, 18.9958736 ], [ 72.8435938, 18.9958902 ], [ 72.8434284, 18.9959347 ] ] } },
{ "type": "Feature", "properties": { "name": "Urban Corridor", "highway": "residential", "slope_pct": 0.6 }, "geometry": { "type": "LineString", "coordinates": [ [ 72.8366618, 19.0070539 ], [ 72.8367374, 19.007171 ], [ 72.8367876, 19.0072556 ] ] } },
{ "type": "Feature", "properties": { "name": "Urban Corridor", "highway": "residential", "slope_pct": 0.6 }, "geometry": { "type": "LineString", "coordinates": [ [ 72.8372365, 19.00827 ], [ 72.8371979, 19.0082114 ], [ 72.837154, 19.0079084 ], [ 72.8371467, 19.0078579 ], [ 72.8367871, 19.0072991 ], [ 72.8367876, 19.0072556 ] ] } },
{ "type": "Feature", "properties": { "name": "Urban Corridor", "highway": "residential", "slope_pct": 0.6 }, "geometry": { "type": "LineString", "coordinates": [ [ 72.8353975, 18.989052 ], [ 72.8353597, 18.9895623 ], [ 72.8353319, 18.9899371 ], [ 72.8352815, 18.989911 ], [ 72.8351124, 18.9897158 ], [ 72.8349905, 18.9895959 ], [ 72.8349401, 18.9893253 ], [ 72.8349122, 18.9891286 ] ] } },
{ "type": "Feature", "properties": { "name": "Dr S S Rao Marg (Govt Gate Road)", "highway": "secondary", "slope_pct": 0.6 }, "geometry": { "type": "LineString", "coordinates": [ [ 72.8385982, 18.9949849 ], [ 72.8382832, 18.9945444 ], [ 72.8379623, 18.9941016 ], [ 72.8377359, 18.9937892 ], [ 72.8375819, 18.993575 ], [ 72.8372754, 18.9931705 ], [ 72.8372137, 18.9930818 ], [ 72.836999, 18.9928015 ], [ 72.8367114, 18.9924009 ], [ 72.8365961, 18.9923478 ], [ 72.8365036, 18.9923051 ] ] } },
{ "type": "Feature", "properties": { "name": "Urban Corridor", "highway": "residential", "slope_pct": 0.6 }, "geometry": { "type": "LineString", "coordinates": [ [ 72.8521472, 18.9910922 ], [ 72.8526651, 18.9908654 ], [ 72.853155, 18.9906344 ] ] } },
{ "type": "Feature", "properties": { "name": "Jerbai Wadia Marg", "highway": "tertiary", "slope_pct": 0.6 }, "geometry": { "type": "LineString", "coordinates": [ [ 72.8398994, 19.0052722 ], [ 72.8401578, 19.0053396 ], [ 72.8413285, 19.0053027 ], [ 72.8436707, 19.0053247 ] ] } },
{ "type": "Feature", "properties": { "name": "Urban Corridor", "highway": "tertiary", "slope_pct": 0.6 }, "geometry": { "type": "LineString", "coordinates": [ [ 72.8439156, 19.0053483 ], [ 72.844059, 19.0052958 ], [ 72.8440777, 19.0052766 ], [ 72.8440924, 19.0052483 ], [ 72.8441035, 19.0052123 ], [ 72.844112, 19.0051821 ] ] } },
{ "type": "Feature", "properties": { "name": "Urban Corridor", "highway": "tertiary", "slope_pct": 0.6 }, "geometry": { "type": "LineString", "coordinates": [ [ 72.8440403, 19.0051297 ], [ 72.844028, 19.0051581 ], [ 72.8440124, 19.0052096 ], [ 72.8439916, 19.0052451 ], [ 72.843968, 19.0052577 ], [ 72.8438978, 19.005274 ], [ 72.8437736, 19.0052934 ], [ 72.8437369, 19.0053279 ] ] } },
{ "type": "Feature", "properties": { "name": "Senapati Bapat Marg", "highway": "primary", "slope_pct": 0.6 }, "geometry": { "type": "LineString", "coordinates": [ [ 72.8309569, 19.0051861 ], [ 72.8314096, 19.0062486 ], [ 72.8320172, 19.0073634 ], [ 72.8321738, 19.0076775 ], [ 72.8324443, 19.0082199 ], [ 72.8325053, 19.0083424 ], [ 72.8325509, 19.0084338 ], [ 72.832655, 19.0085891 ] ] } },
{ "type": "Feature", "properties": { "name": "Jerbai Wadia Marg", "highway": "tertiary", "slope_pct": 0.6 }, "geometry": { "type": "LineString", "coordinates": [ [ 72.8436707, 19.0053247 ], [ 72.8437369, 19.0053279 ] ] } },
{ "type": "Feature", "properties": { "name": "Jerbai Wadia Marg", "highway": "tertiary", "slope_pct": 0.6 }, "geometry": { "type": "LineString", "coordinates": [ [ 72.8437369, 19.0053279 ], [ 72.8437768, 19.0053482 ], [ 72.8439156, 19.0053483 ], [ 72.8440442, 19.005345 ], [ 72.8441403, 19.005334 ], [ 72.8442604, 19.0052954 ] ] } },
{ "type": "Feature", "properties": { "name": "Urban Corridor", "highway": "residential", "slope_pct": 0.6 }, "geometry": { "type": "LineString", "coordinates": [ [ 72.8389963, 18.990751 ], [ 72.8390194, 18.9907557 ], [ 72.8397681, 18.9907234 ], [ 72.8398001, 18.9907039 ], [ 72.8398176, 18.9906777 ], [ 72.8398191, 18.9906501 ], [ 72.8398156, 18.9903889 ] ] } },
{ "type": "Feature", "properties": { "name": "Acharya Donde Marg", "highway": "secondary", "slope_pct": 0.6 }, "geometry": { "type": "LineString", "coordinates": [ [ 72.8334559, 19.0091918 ], [ 72.8336049, 19.0091538 ], [ 72.833646, 19.0091363 ], [ 72.8341384, 19.0088513 ], [ 72.834169, 19.0088321 ] ] } },
{ "type": "Feature", "properties": { "name": "Acharya Donde Marg", "highway": "secondary", "slope_pct": 0.6 }, "geometry": { "type": "LineString", "coordinates": [ [ 72.8381255, 19.0063173 ], [ 72.8391141, 19.0057422 ], [ 72.8396166, 19.0054639 ] ] } },
{ "type": "Feature", "properties": { "name": "Urban Corridor", "highway": "residential", "slope_pct": 0.6 }, "geometry": { "type": "LineString", "coordinates": [ [ 72.8486317, 19.0026097 ], [ 72.8486762, 19.0026087 ], [ 72.8487042, 19.0026079 ], [ 72.8487929, 19.0026042 ], [ 72.8489927, 19.0025961 ], [ 72.8490706, 19.0025948 ], [ 72.8492853, 19.0025985 ], [ 72.8494033, 19.0026006 ] ] } },
{ "type": "Feature", "properties": { "name": "Urban Corridor", "highway": "residential", "slope_pct": 0.6 }, "geometry": { "type": "LineString", "coordinates": [ [ 72.8492618, 18.9968317 ], [ 72.8493775, 18.9970724 ], [ 72.8496706, 18.9976476 ], [ 72.8496501, 18.9976807 ], [ 72.8494501, 18.9977759 ], [ 72.8494242, 18.9978035 ], [ 72.849434, 18.9978785 ] ] } },
{ "type": "Feature", "properties": { "name": "Jerbai Wadia Marg", "highway": "secondary", "slope_pct": 0.6 }, "geometry": { "type": "LineString", "coordinates": [ [ 72.8442604, 19.0052954 ], [ 72.8445395, 19.005432 ], [ 72.8446799, 19.0054895 ], [ 72.8451952, 19.0056237 ], [ 72.8459171, 19.0058118 ] ] } },
{ "type": "Feature", "properties": { "name": "Jerbai Wadia Marg", "highway": "tertiary", "slope_pct": 0.6 }, "geometry": { "type": "LineString", "coordinates": [ [ 72.8459171, 19.0058118 ], [ 72.8459963, 19.0057393 ] ] } },
{ "type": "Feature", "properties": { "name": "Urban Corridor", "highway": "tertiary", "slope_pct": 0.6 }, "geometry": { "type": "LineString", "coordinates": [ [ 72.844112, 19.0051821 ], [ 72.8441411, 19.0050938 ] ] } },
{ "type": "Feature", "properties": { "name": "Jerbai Wadia Marg", "highway": "secondary", "slope_pct": 0.6 }, "geometry": { "type": "LineString", "coordinates": [ [ 72.8459963, 19.0057393 ], [ 72.8452847, 19.0055704 ], [ 72.8452138, 19.0055512 ], [ 72.8447964, 19.0054378 ], [ 72.8445884, 19.0053519 ], [ 72.8443088, 19.0052181 ], [ 72.8441411, 19.0050938 ] ] } },
{ "type": "Feature", "properties": { "name": "Gokhale Society Lane", "highway": "residential", "slope_pct": 0.6 }, "geometry": { "type": "LineString", "coordinates": [ [ 72.8415271, 19.0032394 ], [ 72.8416231, 19.0031915 ] ] } },
{ "type": "Feature", "properties": { "name": "Urban Corridor", "highway": "residential", "slope_pct": 0.6 }, "geometry": { "type": "LineString", "coordinates": [ [ 72.8415187, 19.0030314 ], [ 72.841433, 19.0030601 ] ] } },
{ "type": "Feature", "properties": { "name": "Dr Ernest Borges Marg", "highway": "secondary", "slope_pct": 0.6 }, "geometry": { "type": "LineString", "coordinates": [ [ 72.8403683, 19.0006041 ], [ 72.8403477, 19.0007237 ], [ 72.8405255, 19.0011935 ], [ 72.8407889, 19.0017875 ], [ 72.8410018, 19.0021888 ], [ 72.8411933, 19.0025785 ], [ 72.8412456, 19.0026846 ], [ 72.841433, 19.0030601 ], [ 72.8415271, 19.0032394 ], [ 72.8418817, 19.0035611 ] ] } },
{ "type": "Feature", "properties": { "name": "Urban Corridor", "highway": "residential", "slope_pct": 0.6 }, "geometry": { "type": "LineString", "coordinates": [ [ 72.8409145, 19.0017425 ], [ 72.8407889, 19.0017875 ] ] } },
{ "type": "Feature", "properties": { "name": "Aimai Merwanji Street", "highway": "residential", "slope_pct": 0.6 }, "geometry": { "type": "LineString", "coordinates": [ [ 72.8405255, 19.0011935 ], [ 72.8406699, 19.0011521 ] ] } },
{ "type": "Feature", "properties": { "name": "Dr Ernest Borges Marg", "highway": "secondary", "slope_pct": 0.6 }, "geometry": { "type": "LineString", "coordinates": [ [ 72.8394659, 18.9986656 ], [ 72.839883, 18.9994885 ], [ 72.8402923, 19.0004561 ], [ 72.8403683, 19.0006041 ] ] } },
{ "type": "Feature", "properties": { "name": "Dr Ernest Borges Marg", "highway": "secondary", "slope_pct": 0.6 }, "geometry": { "type": "LineString", "coordinates": [ [ 72.8394372, 18.9986066 ], [ 72.8394322, 18.9985579 ], [ 72.8393516, 18.9984673 ], [ 72.8392045, 18.9983018 ], [ 72.8390656, 18.9982118 ], [ 72.8389481, 18.9981425 ], [ 72.8387515, 18.9980299 ], [ 72.8378047, 18.9976445 ], [ 72.8376101, 18.9976054 ], [ 72.8374053, 18.9976522 ] ] } },
{ "type": "Feature", "properties": { "name": "Dr Ernest Borges Marg", "highway": "secondary", "slope_pct": 0.6 }, "geometry": { "type": "LineString", "coordinates": [ [ 72.8390458, 18.9982627 ], [ 72.8391831, 18.9983441 ], [ 72.8393808, 18.9985994 ], [ 72.8394372, 18.9986066 ] ] } },
{ "type": "Feature", "properties": { "name": "Ghodapdeo Road", "highway": "secondary", "slope_pct": 0.6 }, "geometry": { "type": "LineString", "coordinates": [ [ 72.8414749, 18.9880683 ], [ 72.8416168, 18.9873444 ], [ 72.8417145, 18.9869746 ], [ 72.8418416, 18.9864933 ], [ 72.8421005, 18.9855086 ], [ 72.8420806, 18.9854602 ] ] } },
{ "type": "Feature", "properties": { "name": "Urban Corridor", "highway": "residential", "slope_pct": 0.6 }, "geometry": { "type": "LineString", "coordinates": [ [ 72.8396353, 18.9922144 ], [ 72.8391161, 18.9922504 ], [ 72.8390871, 18.9922782 ], [ 72.8390768, 18.9923227 ], [ 72.8390874, 18.9923983 ], [ 72.8391162, 18.9924467 ], [ 72.8392924, 18.9925973 ], [ 72.839336, 18.9926374 ], [ 72.8393451, 18.9926951 ], [ 72.839339, 18.9927772 ], [ 72.8393398, 18.992852 ], [ 72.8393576, 18.9929398 ], [ 72.8394533, 18.9932593 ] ] } },
{ "type": "Feature", "properties": { "name": "G D Ambedkar Marg (Parel Tank Road)", "highway": "tertiary", "slope_pct": 0.6 }, "geometry": { "type": "LineString", "coordinates": [ [ 72.8412106, 18.9895949 ], [ 72.8412049, 18.9896516 ], [ 72.8412145, 18.9897365 ], [ 72.8412946, 18.9899636 ], [ 72.8413731, 18.9902376 ], [ 72.8413998, 18.9903309 ], [ 72.8414163, 18.9903885 ], [ 72.8414493, 18.9905198 ], [ 72.8414737, 18.9906778 ], [ 72.8415027, 18.990872 ], [ 72.8415623, 18.9912711 ], [ 72.8415765, 18.9913693 ], [ 72.8416071, 18.9916572 ], [ 72.8416211, 18.99186 ], [ 72.8416481, 18.9919595 ], [ 72.84174, 18.992135 ], [ 72.8418048, 18.9922304 ], [ 72.8418616, 18.9923028 ], [ 72.8419934, 18.9925086 ], [ 72.8421336, 18.9926686 ], [ 72.8422284, 18.9927588 ], [ 72.842368, 18.9928364 ], [ 72.842534, 18.9928781 ], [ 72.8427335, 18.9929115 ], [ 72.8429856, 18.9929523 ], [ 72.8430701, 18.9929629 ], [ 72.8431885, 18.9929802 ] ] } },
{ "type": "Feature", "properties": { "name": "Urban Corridor", "highway": "residential", "slope_pct": 0.6 }, "geometry": { "type": "LineString", "coordinates": [ [ 72.8419159, 18.9922676 ], [ 72.8418616, 18.9923028 ] ] } },
{ "type": "Feature", "properties": { "name": "Urban Corridor", "highway": "residential", "slope_pct": 0.6 }, "geometry": { "type": "LineString", "coordinates": [ [ 72.836019, 18.9915013 ], [ 72.8362334, 18.991398 ], [ 72.836507, 18.9913296 ], [ 72.8366491, 18.9913194 ], [ 72.8367913, 18.9913422 ], [ 72.8369361, 18.9913828 ], [ 72.8371212, 18.991398 ], [ 72.8372536, 18.9913976 ], [ 72.8374303, 18.9913972 ], [ 72.8375584, 18.9913904 ], [ 72.8377609, 18.991376 ], [ 72.8378305, 18.9913711 ] ] } },
{ "type": "Feature", "properties": { "name": "Urban Corridor", "highway": "residential", "slope_pct": 0.6 }, "geometry": { "type": "LineString", "coordinates": [ [ 72.8395708, 18.9917509 ], [ 72.8395364, 18.9910045 ] ] } },
{ "type": "Feature", "properties": { "name": "Urban Corridor", "highway": "residential", "slope_pct": 0.6 }, "geometry": { "type": "LineString", "coordinates": [ [ 72.8420504, 18.9924423 ], [ 72.8419934, 18.9925086 ] ] } },
{ "type": "Feature", "properties": { "name": "Urban Corridor", "highway": "tertiary", "slope_pct": 0.6 }, "geometry": { "type": "LineString", "coordinates": [ [ 72.8438911, 18.9945261 ], [ 72.8439503, 18.9945181 ], [ 72.8448528, 18.9944378 ] ] } },
{ "type": "Feature", "properties": { "name": "Shivaji Vidyalaya Lane", "highway": "residential", "slope_pct": 0.6 }, "geometry": { "type": "LineString", "coordinates": [ [ 72.843482, 18.988594 ], [ 72.8425249, 18.9886651 ], [ 72.8423141, 18.9886844 ] ] } },
{ "type": "Feature", "properties": { "name": "Urban Corridor", "highway": "residential", "slope_pct": 0.6 }, "geometry": { "type": "LineString", "coordinates": [ [ 72.8420724, 18.9889664 ], [ 72.8422794, 18.9889203 ] ] } },
{ "type": "Feature", "properties": { "name": "Urban Corridor", "highway": "residential", "slope_pct": 0.6 }, "geometry": { "type": "LineString", "coordinates": [ [ 72.8339043, 18.987713 ], [ 72.8339076, 18.9878161 ], [ 72.8339253, 18.9882646 ] ] } },
{ "type": "Feature", "properties": { "name": "Ashok Towers Internal Road", "highway": "residential", "slope_pct": 0.6 }, "geometry": { "type": "LineString", "coordinates": [ [ 72.8371823, 18.9964016 ], [ 72.8371262, 18.9964711 ] ] } },
{ "type": "Feature", "properties": { "name": "Urban Corridor", "highway": "tertiary", "slope_pct": 0.6 }, "geometry": { "type": "LineString", "coordinates": [ [ 72.8374986, 18.9972073 ], [ 72.8375122, 18.9970528 ], [ 72.8374461, 18.9968786 ], [ 72.8372041, 18.996441 ], [ 72.8371823, 18.9964016 ] ] } },
{ "type": "Feature", "properties": { "name": "Dr Ernest Borges Marg", "highway": "secondary", "slope_pct": 0.6 }, "geometry": { "type": "LineString", "coordinates": [ [ 72.8419277, 19.0035056 ], [ 72.8416231, 19.0031915 ], [ 72.8415187, 19.0030314 ], [ 72.8413425, 19.0026407 ], [ 72.8411059, 19.0021472 ], [ 72.8409145, 19.0017425 ], [ 72.8406699, 19.0011521 ], [ 72.8404567, 19.0006672 ], [ 72.8403683, 19.0006041 ] ] } },
{ "type": "Feature", "properties": { "name": "Urban Corridor", "highway": "residential", "slope_pct": 0.6 }, "geometry": { "type": "LineString", "coordinates": [ [ 72.8392584, 19.0067824 ], [ 72.8389036, 19.0062794 ], [ 72.838843, 19.0061933 ], [ 72.8388252, 19.006168 ], [ 72.8387894, 19.0061193 ] ] } },
{ "type": "Feature", "properties": { "name": "Urban Corridor", "highway": "residential", "slope_pct": 0.6 }, "geometry": { "type": "LineString", "coordinates": [ [ 72.8386991, 19.0061792 ], [ 72.8387894, 19.0061193 ], [ 72.838951, 19.0060121 ], [ 72.8390249, 19.005963 ] ] } },
{ "type": "Feature", "properties": { "name": "Urban Corridor", "highway": "residential", "slope_pct": 0.6 }, "geometry": { "type": "LineString", "coordinates": [ [ 72.8390708, 19.0056771 ], [ 72.8391141, 19.0057422 ], [ 72.8391888, 19.0058584 ] ] } },
{ "type": "Feature", "properties": { "name": "Urban Corridor", "highway": "residential", "slope_pct": 0.6 }, "geometry": { "type": "LineString", "coordinates": [ [ 72.8471016, 19.0072866 ], [ 72.8471899, 19.0072579 ] ] } },
{ "type": "Feature", "properties": { "name": "Urban Corridor", "highway": "residential", "slope_pct": 0.6 }, "geometry": { "type": "LineString", "coordinates": [ [ 72.8469755, 19.0068658 ], [ 72.8470638, 19.0068339 ] ] } },
{ "type": "Feature", "properties": { "name": "Urban Corridor", "highway": "residential", "slope_pct": 0.6 }, "geometry": { "type": "LineString", "coordinates": [ [ 72.8463859, 19.0040406 ], [ 72.8465065, 19.0044938 ] ] } },
{ "type": "Feature", "properties": { "name": "Urban Corridor", "highway": "residential", "slope_pct": 0.6 }, "geometry": { "type": "LineString", "coordinates": [ [ 72.8378851, 18.9999976 ], [ 72.8385188, 18.9998314 ] ] } },
{ "type": "Feature", "properties": { "name": "Urban Corridor", "highway": "residential", "slope_pct": 0.6 }, "geometry": { "type": "LineString", "coordinates": [ [ 72.8380145, 19.0065044 ], [ 72.8382076, 19.0068094 ], [ 72.8382464, 19.0068815 ], [ 72.8383646, 19.0071007 ] ] } },
{ "type": "Feature", "properties": { "name": "Urban Corridor", "highway": "residential", "slope_pct": 0.6 }, "geometry": { "type": "LineString", "coordinates": [ [ 72.8445375, 18.9958173 ], [ 72.8443777, 18.9958877 ], [ 72.8440425, 18.9960354 ], [ 72.8440097, 18.99602 ], [ 72.8438357, 18.9956519 ], [ 72.8438445, 18.995607 ], [ 72.8438745, 18.9955975 ], [ 72.8439521, 18.9955833 ], [ 72.8440009, 18.9956046 ], [ 72.8440435, 18.9956046 ], [ 72.8441424, 18.9955502 ], [ 72.8441774, 18.9955502 ], [ 72.8442412, 18.9956153 ], [ 72.8443777, 18.9958877 ] ] } },
{ "type": "Feature", "properties": { "name": "Urban Corridor", "highway": "residential", "slope_pct": 0.6 }, "geometry": { "type": "LineString", "coordinates": [ [ 72.8452838, 18.996346 ], [ 72.845853, 18.9961724 ], [ 72.8459654, 18.9962261 ], [ 72.846151, 18.9961955 ] ] } },
{ "type": "Feature", "properties": { "name": "Urban Corridor", "highway": "residential", "slope_pct": 0.6 }, "geometry": { "type": "LineString", "coordinates": [ [ 72.8400963, 18.9969378 ], [ 72.8407612, 18.9964448 ] ] } },
{ "type": "Feature", "properties": { "name": "Urban Corridor", "highway": "residential", "slope_pct": 0.6 }, "geometry": { "type": "LineString", "coordinates": [ [ 72.8407321, 18.9991476 ], [ 72.8408055, 18.9991193 ], [ 72.8409988, 18.9994598 ] ] } },
{ "type": "Feature", "properties": { "name": "Urban Corridor", "highway": "residential", "slope_pct": 0.6 }, "geometry": { "type": "LineString", "coordinates": [ [ 72.8486215, 18.9979113 ], [ 72.8489142, 18.9977835 ] ] } },
{ "type": "Feature", "properties": { "name": "Urban Corridor", "highway": "tertiary", "slope_pct": 0.6 }, "geometry": { "type": "LineString", "coordinates": [ [ 72.8440403, 19.0051297 ], [ 72.8440716, 19.0050447 ] ] } },
{ "type": "Feature", "properties": { "name": "Dr Ernest Borges Marg", "highway": "secondary", "slope_pct": 0.6 }, "geometry": { "type": "LineString", "coordinates": [ [ 72.8441411, 19.0050938 ], [ 72.8440716, 19.0050447 ], [ 72.8439257, 19.0049307 ], [ 72.8435023, 19.004628 ], [ 72.8431009, 19.0043516 ], [ 72.8427367, 19.0041007 ], [ 72.8420371, 19.0035963 ] ] } },
{ "type": "Feature", "properties": { "name": "Urban Corridor", "highway": "residential", "slope_pct": 0.6 }, "geometry": { "type": "LineString", "coordinates": [ [ 72.8350851, 18.9951071 ], [ 72.8350767, 18.9951718 ], [ 72.8350694, 18.9952274 ] ] } },
{ "type": "Feature", "properties": { "name": "Urban Corridor", "highway": "residential", "slope_pct": 0.6 }, "geometry": { "type": "LineString", "coordinates": [ [ 72.8372412, 18.9941035 ], [ 72.8372688, 18.9944357 ], [ 72.8372747, 18.9945729 ], [ 72.8372803, 18.9946596 ], [ 72.8372898, 18.9946832 ], [ 72.8373072, 18.9946906 ], [ 72.8376536, 18.9946359 ] ] } },
{ "type": "Feature", "properties": { "name": "Dinshaw Petit Road", "highway": "residential", "slope_pct": 0.6 }, "geometry": { "type": "LineString", "coordinates": [ [ 72.8382584, 18.9910491 ], [ 72.8380603, 18.9912142 ], [ 72.8379913, 18.9912701 ], [ 72.8379062, 18.9913351 ], [ 72.8378305, 18.9913711 ] ] } },
{ "type": "Feature", "properties": { "name": "Urban Corridor", "highway": "residential", "slope_pct": 0.6 }, "geometry": { "type": "LineString", "coordinates": [ [ 72.839681, 18.9910019 ], [ 72.8395364, 18.9910045 ], [ 72.8391727, 18.9910141 ], [ 72.8385296, 18.9910535 ], [ 72.8384813, 18.9910527 ], [ 72.8382584, 18.9910491 ] ] } },
{ "type": "Feature", "properties": { "name": "Urban Corridor", "highway": "residential", "slope_pct": 0.6 }, "geometry": { "type": "LineString", "coordinates": [ [ 72.8382693, 18.9909165 ], [ 72.8378732, 18.9909026 ], [ 72.8376358, 18.9909101 ], [ 72.8376317, 18.9909436 ], [ 72.8376241, 18.9909623 ], [ 72.8376081, 18.9909718 ], [ 72.8375929, 18.9909758 ], [ 72.8374199, 18.990992 ], [ 72.8372873, 18.9909945 ] ] } },
{ "type": "Feature", "properties": { "name": "Urban Corridor", "highway": "residential", "slope_pct": 0.6 }, "geometry": { "type": "LineString", "coordinates": [ [ 72.8392747, 19.0051091 ], [ 72.8392339, 19.0051354 ], [ 72.8389513, 19.005318 ] ] } },
{ "type": "Feature", "properties": { "name": "Urban Corridor", "highway": "residential", "slope_pct": 0.6 }, "geometry": { "type": "LineString", "coordinates": [ [ 72.8415527, 18.9990791 ], [ 72.8416285, 18.9990215 ] ] } },
{ "type": "Feature", "properties": { "name": "Urban Corridor", "highway": "residential", "slope_pct": 0.6 }, "geometry": { "type": "LineString", "coordinates": [ [ 72.8419784, 18.9994981 ], [ 72.8418855, 18.9995438 ] ] } },
{ "type": "Feature", "properties": { "name": "Urban Corridor", "highway": "secondary", "slope_pct": 0.6 }, "geometry": { "type": "LineString", "coordinates": [ [ 72.8426282, 19.0000777 ], [ 72.8427103, 19.0002425 ], [ 72.8435978, 19.0019954 ] ] } },
{ "type": "Feature", "properties": { "name": "Urban Corridor", "highway": "residential", "slope_pct": 0.6 }, "geometry": { "type": "LineString", "coordinates": [ [ 72.8410602, 18.9982312 ], [ 72.8412031, 18.998099 ], [ 72.8420869, 18.9979305 ], [ 72.8422562, 18.9978982 ], [ 72.8424405, 18.997867 ], [ 72.8425372, 18.9978797 ] ] } },
{ "type": "Feature", "properties": { "name": "Urban Corridor", "highway": "residential", "slope_pct": 0.6 }, "geometry": { "type": "LineString", "coordinates": [ [ 72.8444525, 18.9952747 ], [ 72.8444924, 18.995604 ], [ 72.8445375, 18.9958173 ], [ 72.8446113, 18.9961889 ], [ 72.8446391, 18.9963364 ], [ 72.8447134, 18.9967315 ] ] } },
{ "type": "Feature", "properties": { "name": "Urban Corridor", "highway": "residential", "slope_pct": 0.6 }, "geometry": { "type": "LineString", "coordinates": [ [ 72.8314973, 18.9951442 ], [ 72.8317482, 18.9950583 ], [ 72.8324359, 18.9950026 ], [ 72.8326831, 18.9949827 ] ] } },
{ "type": "Feature", "properties": { "name": "Urban Corridor", "highway": "residential", "slope_pct": 0.6 }, "geometry": { "type": "LineString", "coordinates": [ [ 72.8324359, 18.9950026 ], [ 72.8325915, 18.9943642 ] ] } },
{ "type": "Feature", "properties": { "name": "Urban Corridor", "highway": "residential", "slope_pct": 0.6 }, "geometry": { "type": "LineString", "coordinates": [ [ 72.8382832, 18.9945444 ], [ 72.8384887, 18.9944122 ], [ 72.8387163, 18.9942602 ], [ 72.8388952, 18.9941407 ], [ 72.8389031, 18.9941299 ], [ 72.838905, 18.9941201 ], [ 72.8389041, 18.9941081 ], [ 72.8386295, 18.9937312 ] ] } },
{ "type": "Feature", "properties": { "name": "Urban Corridor", "highway": "residential", "slope_pct": 0.6 }, "geometry": { "type": "LineString", "coordinates": [ [ 72.8376913, 18.9935019 ], [ 72.837871, 18.9937471 ], [ 72.8379015, 18.9937625 ], [ 72.8379369, 18.9937594 ], [ 72.8385751, 18.9933363 ], [ 72.8385946, 18.9933151 ], [ 72.8386021, 18.9932953 ], [ 72.838597, 18.9932654 ], [ 72.8384398, 18.9930806 ] ] } },
{ "type": "Feature", "properties": { "name": "Urban Corridor", "highway": "residential", "slope_pct": 0.6 }, "geometry": { "type": "LineString", "coordinates": [ [ 72.8367114, 18.9924009 ], [ 72.8368186, 18.9923576 ], [ 72.8369744, 18.9923488 ] ] } },
{ "type": "Feature", "properties": { "name": "Urban Corridor", "highway": "residential", "slope_pct": 0.6 }, "geometry": { "type": "LineString", "coordinates": [ [ 72.8374303, 18.9913972 ], [ 72.8374199, 18.990992 ] ] } },
{ "type": "Feature", "properties": { "name": "Urban Corridor", "highway": "residential", "slope_pct": 0.6 }, "geometry": { "type": "LineString", "coordinates": [ [ 72.8497804, 18.9928526 ], [ 72.8502675, 18.9924294 ] ] } },
{ "type": "Feature", "properties": { "name": "Urban Corridor", "highway": "residential", "slope_pct": 0.6 }, "geometry": { "type": "LineString", "coordinates": [ [ 72.8500059, 18.9944132 ], [ 72.8505608, 18.994269 ] ] } },
{ "type": "Feature", "properties": { "name": "Urban Corridor", "highway": "residential", "slope_pct": 0.6 }, "geometry": { "type": "LineString", "coordinates": [ [ 72.8523929, 18.9964521 ], [ 72.8523475, 18.9960407 ], [ 72.8523054, 18.9954011 ] ] } },
{ "type": "Feature", "properties": { "name": "Urban Corridor", "highway": "residential", "slope_pct": 0.6 }, "geometry": { "type": "LineString", "coordinates": [ [ 72.8523054, 18.9954011 ], [ 72.8524994, 18.9953592 ] ] } },
{ "type": "Feature", "properties": { "name": "Urban Corridor", "highway": "residential", "slope_pct": 0.6 }, "geometry": { "type": "LineString", "coordinates": [ [ 72.8383214, 18.9929027 ], [ 72.8387728, 18.9929177 ] ] } },
{ "type": "Feature", "properties": { "name": "Dr Babasaheb Ambedkar Marg", "highway": "trunk", "slope_pct": 0.6 }, "geometry": { "type": "LineString", "coordinates": [ [ 72.8365036, 18.9923051 ], [ 72.8364456, 18.992186 ], [ 72.8363778, 18.9920409 ], [ 72.836019, 18.9915013 ], [ 72.8359113, 18.9913271 ], [ 72.8358318, 18.9911825 ], [ 72.8357414, 18.9908802 ], [ 72.8357442, 18.9908245 ] ] } },
{ "type": "Feature", "properties": { "name": "Jagannath Bhatnagar Road", "highway": "secondary", "slope_pct": 0.6 }, "geometry": { "type": "LineString", "coordinates": [ [ 72.8334559, 19.0091918 ], [ 72.8332775, 19.0093083 ] ] } },
{ "type": "Feature", "properties": { "name": "Senapati Bapat Marg", "highway": "primary", "slope_pct": 0.6 }, "geometry": { "type": "LineString", "coordinates": [ [ 72.8351483, 19.0109694 ], [ 72.8351147, 19.0109333 ], [ 72.83506, 19.0108753 ], [ 72.8344508, 19.0102191 ], [ 72.8344088, 19.0101757 ], [ 72.8341594, 19.0099183 ], [ 72.8341379, 19.0098955 ], [ 72.8341034, 19.009862 ], [ 72.8334559, 19.0091918 ] ] } },
{ "type": "Feature", "properties": { "name": "Dr Babasaheb Ambedkar Marg", "highway": "trunk", "slope_pct": 0.6 }, "geometry": { "type": "LineString", "coordinates": [ [ 72.8366334, 18.9941409 ], [ 72.8365728, 18.9935054 ], [ 72.8365287, 18.9929316 ], [ 72.836502, 18.9926198 ], [ 72.8365036, 18.9923051 ] ] } },
{ "type": "Feature", "properties": { "name": "Wadia Chowk", "highway": "secondary", "slope_pct": 0.6 }, "geometry": { "type": "LineString", "coordinates": [ [ 72.8420403, 19.0035706 ], [ 72.8420348, 19.0035468 ], [ 72.8420216, 19.0035259 ], [ 72.8420021, 19.00351 ], [ 72.8419782, 19.0035009 ] ] } },
{ "type": "Feature", "properties": { "name": "Wadia Chowk", "highway": "secondary", "slope_pct": 0.6 }, "geometry": { "type": "LineString", "coordinates": [ [ 72.8420371, 19.0035963 ], [ 72.8420403, 19.0035706 ] ] } },
{ "type": "Feature", "properties": { "name": "Wadia Chowk", "highway": "secondary", "slope_pct": 0.6 }, "geometry": { "type": "LineString", "coordinates": [ [ 72.8419802, 19.003648 ], [ 72.8420051, 19.0036374 ], [ 72.8420132, 19.0036301 ], [ 72.8420249, 19.0036195 ], [ 72.8420371, 19.0035963 ] ] } },
{ "type": "Feature", "properties": { "name": "Acharya Donde Marg", "highway": "secondary", "slope_pct": 0.6 }, "geometry": { "type": "LineString", "coordinates": [ [ 72.8436751, 19.0019352 ], [ 72.8435978, 19.0019954 ] ] } },
{ "type": "Feature", "properties": { "name": "Dr S S Rao Marg (Govt Gate Road)", "highway": "secondary", "slope_pct": 0.6 }, "geometry": { "type": "LineString", "coordinates": [ [ 72.8394476, 18.9961488 ], [ 72.8392036, 18.9957858 ], [ 72.839156, 18.995715 ], [ 72.8389239, 18.9953696 ], [ 72.8386567, 18.9950576 ] ] } },
{ "type": "Feature", "properties": { "name": "Urban Corridor", "highway": "tertiary", "slope_pct": 0.6 }, "geometry": { "type": "LineString", "coordinates": [ [ 72.8386567, 18.9950576 ], [ 72.8392618, 18.9949423 ], [ 72.8393384, 18.9949309 ], [ 72.8396653, 18.9948821 ], [ 72.8404499, 18.9948185 ], [ 72.8410198, 18.9947701 ], [ 72.8419241, 18.9946934 ], [ 72.8425438, 18.9946422 ], [ 72.842649, 18.9946333 ], [ 72.84346, 18.9945647 ], [ 72.8438911, 18.9945261 ] ] } },
{ "type": "Feature", "properties": { "name": "Dr Babasaheb Ambedkar Marg", "highway": "trunk", "slope_pct": 0.6 }, "geometry": { "type": "LineString", "coordinates": [ [ 72.8355542, 18.9907719 ], [ 72.8355673, 18.9908734 ], [ 72.8356139, 18.991015 ], [ 72.8356574, 18.9911593 ], [ 72.8357697, 18.9913572 ], [ 72.835789, 18.9913919 ], [ 72.8362448, 18.9921059 ], [ 72.8363276, 18.9923498 ], [ 72.8363652, 18.9926451 ], [ 72.8363671, 18.9926826 ], [ 72.8363827, 18.9929944 ], [ 72.8364228, 18.9935257 ], [ 72.8364732, 18.9941204 ], [ 72.8365007, 18.9946444 ], [ 72.8365339, 18.9953358 ], [ 72.8365443, 18.9954109 ] ] } },
{ "type": "Feature", "properties": { "name": "Urban Corridor", "highway": "tertiary", "slope_pct": 0.6 }, "geometry": { "type": "LineString", "coordinates": [ [ 72.8365443, 18.9954109 ], [ 72.836734, 18.9953995 ] ] } },
{ "type": "Feature", "properties": { "name": "Jeejeebhoy Lane", "highway": "tertiary", "slope_pct": 0.6 }, "geometry": { "type": "LineString", "coordinates": [ [ 72.8385982, 18.9949849 ], [ 72.8382831, 18.9950498 ], [ 72.8378456, 18.9951262 ], [ 72.8371116, 18.9952543 ], [ 72.8367229, 18.9953163 ] ] } },
{ "type": "Feature", "properties": { "name": "Dr S S Rao Marg (Govt Gate Road)", "highway": "secondary", "slope_pct": 0.6 }, "geometry": { "type": "LineString", "coordinates": [ [ 72.8386567, 18.9950576 ], [ 72.8385982, 18.9949849 ] ] } },
{ "type": "Feature", "properties": { "name": "Acharya Donde Marg", "highway": "tertiary", "slope_pct": 0.6 }, "geometry": { "type": "LineString", "coordinates": [ [ 72.8462242, 18.9992404 ], [ 72.8462501, 18.9996026 ], [ 72.8462781, 18.9997809 ], [ 72.8463247, 19.0000922 ], [ 72.8463348, 19.0002195 ], [ 72.8463228, 19.0003199 ], [ 72.8462963, 19.0003952 ] ] } },
{ "type": "Feature", "properties": { "name": "Dr Babasaheb Ambedkar Marg", "highway": "trunk", "slope_pct": 0.6 }, "geometry": { "type": "LineString", "coordinates": [ [ 72.8357442, 18.9908245 ], [ 72.83574, 18.9907379 ], [ 72.8357383, 18.9907035 ], [ 72.8357827, 18.990393 ], [ 72.8358562, 18.9897657 ], [ 72.8359053, 18.9889869 ] ] } },
{ "type": "Feature", "properties": { "name": "Wadia Chowk", "highway": "secondary", "slope_pct": 0.6 }, "geometry": { "type": "LineString", "coordinates": [ [ 72.8419528, 19.00365 ], [ 72.8419802, 19.003648 ] ] } },
{ "type": "Feature", "properties": { "name": "Wadia Chowk", "highway": "secondary", "slope_pct": 0.6 }, "geometry": { "type": "LineString", "coordinates": [ [ 72.8418816, 19.0035868 ], [ 72.8418889, 19.0036086 ], [ 72.841904, 19.0036283 ], [ 72.8419264, 19.0036432 ], [ 72.8419528, 19.00365 ] ] } },
{ "type": "Feature", "properties": { "name": "Dr Babasaheb Ambedkar Marg", "highway": "trunk", "slope_pct": 0.6 }, "geometry": { "type": "LineString", "coordinates": [ [ 72.8357453, 18.9884697 ], [ 72.8357229, 18.9890012 ] ] } },
{ "type": "Feature", "properties": { "name": "Dattaram Lad Marg (Kala Chowky Road)", "highway": "secondary", "slope_pct": 0.6 }, "geometry": { "type": "LineString", "coordinates": [ [ 72.8359055, 18.9884696 ], [ 72.8357453, 18.9884697 ] ] } },
{ "type": "Feature", "properties": { "name": "Dr Baba Saheb Ambedkar Marg (Victoria Garden Road)", "highway": "trunk", "slope_pct": 0.6 }, "geometry": { "type": "LineString", "coordinates": [ [ 72.835909, 18.9888477 ], [ 72.8359055, 18.9884696 ] ] } },
{ "type": "Feature", "properties": { "name": "Dr Babasaheb Ambedkar Marg", "highway": "trunk", "slope_pct": 0.6 }, "geometry": { "type": "LineString", "coordinates": [ [ 72.8367229, 18.9953163 ], [ 72.8367178, 18.9952772 ], [ 72.8366659, 18.9945275 ], [ 72.8366334, 18.9941409 ] ] } },
{ "type": "Feature", "properties": { "name": "Shrikanth Hadkar Marg", "highway": "secondary", "slope_pct": 0.6 }, "geometry": { "type": "LineString", "coordinates": [ [ 72.8414749, 18.9880683 ], [ 72.8413871, 18.9880833 ], [ 72.8413237, 18.9881145 ] ] } },
{ "type": "Feature", "properties": { "name": "Rafi Ahmed Kidwai Marg", "highway": "primary", "slope_pct": 0.6 }, "geometry": { "type": "LineString", "coordinates": [ [ 72.8452782, 18.9884298 ], [ 72.8457883, 18.9887963 ] ] } },
{ "type": "Feature", "properties": { "name": "Rafi Ahmed Kidwai Marg", "highway": "primary", "slope_pct": 0.6 }, "geometry": { "type": "LineString", "coordinates": [ [ 72.8453489, 18.9883843 ], [ 72.8447185, 18.9879191 ], [ 72.8445066, 18.9877623 ], [ 72.8441097, 18.987496 ], [ 72.8439384, 18.9873679 ], [ 72.8436792, 18.9871739 ], [ 72.8429845, 18.9866616 ], [ 72.8427042, 18.9863966 ], [ 72.8424968, 18.9860687 ], [ 72.8424128, 18.9859359 ], [ 72.8423176, 18.985764 ], [ 72.8422641, 18.9855834 ], [ 72.8421852, 18.9853174 ] ] } },
{ "type": "Feature", "properties": { "name": "Rafi Ahmed Kidwai Marg", "highway": "primary", "slope_pct": 0.6 }, "geometry": { "type": "LineString", "coordinates": [ [ 72.8421058, 18.9853224 ], [ 72.8422433, 18.9858604 ], [ 72.8423955, 18.9861596 ], [ 72.8426011, 18.9864748 ], [ 72.8428757, 18.9867182 ], [ 72.8436196, 18.987243 ], [ 72.8437531, 18.9873372 ], [ 72.8438762, 18.9874281 ], [ 72.8441866, 18.9876573 ], [ 72.8446565, 18.9879898 ], [ 72.8452782, 18.9884298 ] ] } },
{ "type": "Feature", "properties": { "name": "Shrikanth Hadkar Marg", "highway": "secondary", "slope_pct": 0.6 }, "geometry": { "type": "LineString", "coordinates": [ [ 72.8453489, 18.9883843 ], [ 72.8452782, 18.9884298 ] ] } },
{ "type": "Feature", "properties": { "name": "Ghodapdeo Road", "highway": "secondary", "slope_pct": 0.6 }, "geometry": { "type": "LineString", "coordinates": [ [ 72.8416675, 18.9869682 ], [ 72.8415573, 18.9873474 ], [ 72.8413871, 18.9880833 ] ] } },
{ "type": "Feature", "properties": { "name": "Dr S S Rao Marg (Govt Gate Road)", "highway": "secondary", "slope_pct": 0.6 }, "geometry": { "type": "LineString", "coordinates": [ [ 72.8436751, 19.0019352 ], [ 72.8427985, 19.0001969 ], [ 72.8427032, 19.0000033 ] ] } },
{ "type": "Feature", "properties": { "name": "Wadia Chowk", "highway": "secondary", "slope_pct": 0.6 }, "geometry": { "type": "LineString", "coordinates": [ [ 72.8419782, 19.0035009 ], [ 72.8419525, 19.0034993 ], [ 72.8419277, 19.0035056 ] ] } },
{ "type": "Feature", "properties": { "name": "Wadia Chowk", "highway": "secondary", "slope_pct": 0.6 }, "geometry": { "type": "LineString", "coordinates": [ [ 72.8418817, 19.0035611 ], [ 72.8418816, 19.0035868 ] ] } },
{ "type": "Feature", "properties": { "name": "Dr Ernest Borges Marg", "highway": "secondary", "slope_pct": 0.6 }, "geometry": { "type": "LineString", "coordinates": [ [ 72.8394372, 18.9986066 ], [ 72.8394659, 18.9986656 ] ] } },
{ "type": "Feature", "properties": { "name": "Shirodkar Marg", "highway": "residential", "slope_pct": 0.6 }, "geometry": { "type": "LineString", "coordinates": [ [ 72.8409713, 18.9982917 ], [ 72.8402895, 18.998461 ], [ 72.8399313, 18.99855 ], [ 72.8394659, 18.9986656 ] ] } },
{ "type": "Feature", "properties": { "name": "Shirodkar Marg", "highway": "residential", "slope_pct": 0.6 }, "geometry": { "type": "LineString", "coordinates": [ [ 72.8410602, 18.9982312 ], [ 72.8409713, 18.9982917 ] ] } },
{ "type": "Feature", "properties": { "name": "Dr S S Rao Marg", "highway": "secondary", "slope_pct": 0.6 }, "geometry": { "type": "LineString", "coordinates": [ [ 72.8394924, 18.9962779 ], [ 72.8402235, 18.9972611 ], [ 72.8407322, 18.9979451 ], [ 72.8407703, 18.9980012 ], [ 72.8409713, 18.9982917 ] ] } },
{ "type": "Feature", "properties": { "name": "Urban Corridor", "highway": "tertiary", "slope_pct": 0.6 }, "geometry": { "type": "LineString", "coordinates": [ [ 72.8532732, 18.9952837 ], [ 72.8533078, 18.9953672 ], [ 72.8533247, 18.9954079 ], [ 72.8534052, 18.9955856 ], [ 72.8536706, 18.9961662 ], [ 72.8537615, 18.9963665 ], [ 72.8540793, 18.9971414 ], [ 72.8541873, 18.9973386 ], [ 72.8543945, 18.997825 ], [ 72.8545891, 18.9982818 ], [ 72.8546267, 18.99837 ], [ 72.8547804, 18.9987309 ], [ 72.8549648, 18.9991768 ], [ 72.8551114, 18.9995311 ], [ 72.8553463, 19.000099 ] ] } },
{ "type": "Feature", "properties": { "name": "Masonet Road", "highway": "tertiary", "slope_pct": 0.6 }, "geometry": { "type": "LineString", "coordinates": [ [ 72.8554847, 19.0000451 ], [ 72.8553048, 18.9995411 ], [ 72.8552819, 18.9994759 ], [ 72.8551556, 18.999116 ], [ 72.8551515, 18.9991044 ], [ 72.8549874, 18.998667 ], [ 72.8548458, 18.9983237 ], [ 72.8547934, 18.9982049 ], [ 72.8546628, 18.9979089 ], [ 72.8545117, 18.9975677 ], [ 72.854389, 18.9972784 ], [ 72.8543724, 18.9972394 ], [ 72.8543244, 18.9971262 ], [ 72.8542062, 18.9968533 ], [ 72.8541864, 18.9968075 ], [ 72.8541298, 18.9966853 ], [ 72.8540286, 18.9964885 ], [ 72.8539695, 18.9963737 ], [ 72.8537997, 18.9960374 ], [ 72.8536732, 18.9957877 ], [ 72.8536293, 18.9957009 ], [ 72.853586, 18.9956154 ], [ 72.8534438, 18.9953346 ], [ 72.853411, 18.9952726 ] ] } },
{ "type": "Feature", "properties": { "name": "T B Kadam Marg (Chinchpokli Road)", "highway": "tertiary", "slope_pct": 0.6 }, "geometry": { "type": "LineString", "coordinates": [ [ 72.8378285, 18.9856651 ], [ 72.8378892, 18.9857188 ], [ 72.8388017, 18.9864531 ], [ 72.8392234, 18.9868706 ], [ 72.8395871, 18.9872072 ], [ 72.8399542, 18.9876765 ], [ 72.8403176, 18.9881318 ] ] } },
{ "type": "Feature", "properties": { "name": "Dr S S Rao Marg (Govt Gate Road)", "highway": "secondary", "slope_pct": 0.6 }, "geometry": { "type": "LineString", "coordinates": [ [ 72.8437134, 19.0020072 ], [ 72.8436751, 19.0019352 ] ] } },
{ "type": "Feature", "properties": { "name": "Acharya Donde Marg", "highway": "secondary", "slope_pct": 0.6 }, "geometry": { "type": "LineString", "coordinates": [ [ 72.8436362, 19.0020658 ], [ 72.8437134, 19.0020072 ] ] } },
{ "type": "Feature", "properties": { "name": "Urban Corridor", "highway": "secondary", "slope_pct": 0.6 }, "geometry": { "type": "LineString", "coordinates": [ [ 72.8435978, 19.0019954 ], [ 72.8436362, 19.0020658 ] ] } },
{ "type": "Feature", "properties": { "name": "Senapati Bapat Marg", "highway": "primary", "slope_pct": 0.6 }, "geometry": { "type": "LineString", "coordinates": [ [ 72.8332775, 19.0093083 ], [ 72.8339971, 19.0100102 ], [ 72.8342277, 19.0102492 ], [ 72.8343292, 19.0103544 ], [ 72.8350276, 19.0110783 ], [ 72.8360819, 19.0121711 ] ] } },
{ "type": "Feature", "properties": { "name": "Dr Babasaheb Ambedkar Marg", "highway": "trunk", "slope_pct": 0.6 }, "geometry": { "type": "LineString", "coordinates": [ [ 72.836734, 18.9953995 ], [ 72.8367306, 18.9953699 ], [ 72.8367229, 18.9953163 ] ] } },
{ "type": "Feature", "properties": { "name": "Acharya Donde Marg", "highway": "secondary", "slope_pct": 0.6 }, "geometry": { "type": "LineString", "coordinates": [ [ 72.8380154, 19.0063904 ], [ 72.8381255, 19.0063173 ] ] } },
{ "type": "Feature", "properties": { "name": "Acharya Donde Marg", "highway": "secondary", "slope_pct": 0.6 }, "geometry": { "type": "LineString", "coordinates": [ [ 72.8380854, 19.0062628 ], [ 72.8379699, 19.0063566 ] ] } },
{ "type": "Feature", "properties": { "name": "Jagannath Bhatnagar Road", "highway": "secondary", "slope_pct": 0.6 }, "geometry": { "type": "LineString", "coordinates": [ [ 72.8343507, 19.0086362 ], [ 72.8340615, 19.008827 ] ] } },
{ "type": "Feature", "properties": { "name": "Urban Corridor", "highway": "residential", "slope_pct": 0.6 }, "geometry": { "type": "LineString", "coordinates": [ [ 72.834169, 19.0088321 ], [ 72.8342642, 19.0088189 ], [ 72.8352852, 19.0081856 ], [ 72.8357918, 19.0078861 ], [ 72.8356862, 19.0077292 ] ] } },
{ "type": "Feature", "properties": { "name": "Balasheth Mandurkar Marg", "highway": "residential", "slope_pct": 0.6 }, "geometry": { "type": "LineString", "coordinates": [ [ 72.8354245, 19.0071751 ], [ 72.8357432, 19.0076918 ] ] } },
{ "type": "Feature", "properties": { "name": "S L Matkar Road", "highway": "residential", "slope_pct": 0.6 }, "geometry": { "type": "LineString", "coordinates": [ [ 72.8323316, 19.0086891 ], [ 72.8324577, 19.0087266 ], [ 72.8326043, 19.0087702 ], [ 72.8328383, 19.0088432 ] ] } },
{ "type": "Feature", "properties": { "name": "Senapati Bapat Marg", "highway": "primary", "slope_pct": 0.6 }, "geometry": { "type": "LineString", "coordinates": [ [ 72.8328383, 19.0088432 ], [ 72.8330467, 19.0090251 ], [ 72.8332775, 19.0093083 ] ] } },
{ "type": "Feature", "properties": { "name": "Rafi Ahmed Kidwai Marg", "highway": "primary", "slope_pct": 0.6 }, "geometry": { "type": "LineString", "coordinates": [ [ 72.8465191, 18.9892255 ], [ 72.8462823, 18.9890609 ], [ 72.8453489, 18.9883843 ] ] } },
{ "type": "Feature", "properties": { "name": "Acharya Donde Marg", "highway": "tertiary", "slope_pct": 0.6 }, "geometry": { "type": "LineString", "coordinates": [ [ 72.8503132, 18.9984785 ], [ 72.8497938, 18.9987258 ], [ 72.849608, 18.9988199 ], [ 72.8494316, 18.998908 ], [ 72.8489076, 18.9991552 ], [ 72.8480884, 18.9995277 ], [ 72.8471604, 18.9999874 ], [ 72.8470934, 19.0000239 ], [ 72.8466872, 19.0002242 ], [ 72.8464484, 19.0003358 ], [ 72.8463738, 19.0003707 ], [ 72.8462963, 19.0003952 ] ] } },
{ "type": "Feature", "properties": { "name": "Bhoiwada Samshan Bhoomi Road", "highway": "residential", "slope_pct": 0.6 }, "geometry": { "type": "LineString", "coordinates": [ [ 72.8472558, 19.0076743 ], [ 72.849521, 19.0071649 ], [ 72.8497758, 19.0071218 ] ] } },
{ "type": "Feature", "properties": { "name": "Bhoiwada Samshan Bhoomi Road", "highway": "residential", "slope_pct": 0.6 }, "geometry": { "type": "LineString", "coordinates": [ [ 72.8471717, 19.0076954 ], [ 72.8472558, 19.0076743 ] ] } },
{ "type": "Feature", "properties": { "name": "G.D. Ambedkar Marg", "highway": "secondary", "slope_pct": 0.6 }, "geometry": { "type": "LineString", "coordinates": [ [ 72.8493393, 19.0126485 ], [ 72.8493013, 19.012573 ], [ 72.8489714, 19.0119064 ], [ 72.8489501, 19.0118654 ], [ 72.8485799, 19.01104 ], [ 72.8485694, 19.0110146 ], [ 72.8483393, 19.010456 ], [ 72.8483134, 19.0103973 ], [ 72.8482319, 19.0102077 ], [ 72.8479665, 19.0095766 ], [ 72.8477821, 19.0091348 ], [ 72.8476597, 19.0088416 ], [ 72.847628, 19.008764 ], [ 72.8474243, 19.0083369 ], [ 72.8473281, 19.0081415 ], [ 72.8472852, 19.0079773 ], [ 72.8472558, 19.0076743 ] ] } },
{ "type": "Feature", "properties": { "name": "G.D. Ambedkar Marg", "highway": "secondary", "slope_pct": 0.6 }, "geometry": { "type": "LineString", "coordinates": [ [ 72.8471717, 19.0076954 ], [ 72.8472654, 19.0081549 ], [ 72.8473548, 19.0083591 ], [ 72.8475472, 19.0087983 ], [ 72.8477038, 19.0091631 ], [ 72.8479858, 19.0098202 ], [ 72.8481509, 19.0102278 ], [ 72.848226, 19.0104107 ], [ 72.8482498, 19.0104693 ], [ 72.8482768, 19.0105341 ], [ 72.8485032, 19.0110384 ], [ 72.8489069, 19.0119372 ], [ 72.8492025, 19.0126053 ], [ 72.8492446, 19.0126874 ] ] } },
{ "type": "Feature", "properties": { "name": "Jeejeebhoy Lane", "highway": "tertiary", "slope_pct": 0.6 }, "geometry": { "type": "LineString", "coordinates": [ [ 72.8448336, 18.9943602 ], [ 72.8439407, 18.9944278 ], [ 72.8439106, 18.9944301 ] ] } },
{ "type": "Feature", "properties": { "name": "Jerbai Wadia Marg", "highway": "secondary", "slope_pct": 0.6 }, "geometry": { "type": "LineString", "coordinates": [ [ 72.8521682, 19.0049585 ], [ 72.8523696, 19.0049443 ], [ 72.8532411, 19.0048829 ], [ 72.8538765, 19.0048338 ] ] } },
{ "type": "Feature", "properties": { "name": "Dr Babasaheb Ambedkar Marg", "highway": "trunk", "slope_pct": 0.6 }, "geometry": { "type": "LineString", "coordinates": [ [ 72.8377589, 18.9994546 ], [ 72.8377889, 18.9993806 ], [ 72.837776, 18.999272 ], [ 72.8377109, 18.9990018 ], [ 72.8376269, 18.9986251 ] ] } },
{ "type": "Feature", "properties": { "name": "Urban Corridor", "highway": "tertiary", "slope_pct": 0.6 }, "geometry": { "type": "LineString", "coordinates": [ [ 72.8442604, 19.0052954 ], [ 72.8443088, 19.0052181 ] ] } },
{ "type": "Feature", "properties": { "name": "Urban Corridor", "highway": "tertiary", "slope_pct": 0.6 }, "geometry": { "type": "LineString", "coordinates": [ [ 72.8399303, 19.0054421 ], [ 72.8397643, 19.0056073 ] ] } },
{ "type": "Feature", "properties": { "name": "Urban Corridor", "highway": "tertiary", "slope_pct": 0.6 }, "geometry": { "type": "LineString", "coordinates": [ [ 72.8399303, 19.0054421 ], [ 72.8400516, 19.0053839 ], [ 72.8401578, 19.0053396 ] ] } },
{ "type": "Feature", "properties": { "name": "Urban Corridor", "highway": "trunk_link", "slope_pct": 0.6 }, "geometry": { "type": "LineString", "coordinates": [ [ 72.8394578, 19.005314 ], [ 72.8396381, 19.005153 ] ] } },
{ "type": "Feature", "properties": { "name": "G.D. Ambedkar Marg", "highway": "secondary", "slope_pct": 0.6 }, "geometry": { "type": "LineString", "coordinates": [ [ 72.8459171, 19.0058118 ], [ 72.8461653, 19.005886 ], [ 72.8461926, 19.0059077 ] ] } },
{ "type": "Feature", "properties": { "name": "Urban Corridor", "highway": "residential", "slope_pct": 0.6 }, "geometry": { "type": "LineString", "coordinates": [ [ 72.8376685, 19.0067163 ], [ 72.8377932, 19.0069549 ], [ 72.8378457, 19.0070552 ], [ 72.8378998, 19.0071988 ], [ 72.8379908, 19.0073199 ], [ 72.8380182, 19.0073563 ] ] } },
{ "type": "Feature", "properties": { "name": "Urban Corridor", "highway": "residential", "slope_pct": 0.6 }, "geometry": { "type": "LineString", "coordinates": [ [ 72.839156, 18.995715 ], [ 72.8392918, 18.9956309 ], [ 72.8397447, 18.9953426 ] ] } },
{ "type": "Feature", "properties": { "name": "Urban Corridor", "highway": "residential", "slope_pct": 0.6 }, "geometry": { "type": "LineString", "coordinates": [ [ 72.8435126, 18.9962797 ], [ 72.8435664, 18.9962556 ], [ 72.8436228, 18.9963479 ], [ 72.8436614, 18.996381 ], [ 72.8437854, 18.9963583 ], [ 72.8439548, 18.9962816 ] ] } },
{ "type": "Feature", "properties": { "name": "Urban Corridor", "highway": "residential", "slope_pct": 0.6 }, "geometry": { "type": "LineString", "coordinates": [ [ 72.8442119, 18.9966703 ], [ 72.8441982, 18.996591 ], [ 72.8442044, 18.9965212 ], [ 72.8442313, 18.9964635 ], [ 72.8442935, 18.9963913 ], [ 72.8444238, 18.9963626 ], [ 72.8446391, 18.9963364 ] ] } },
{ "type": "Feature", "properties": { "name": "Urban Corridor", "highway": "residential", "slope_pct": 0.6 }, "geometry": { "type": "LineString", "coordinates": [ [ 72.8465007, 19.0011059 ], [ 72.8469818, 19.0011685 ], [ 72.8470351, 19.0011712 ], [ 72.8470956, 19.0011706 ], [ 72.8483913, 19.0010055 ] ] } },
{ "type": "Feature", "properties": { "name": "Urban Corridor", "highway": "residential", "slope_pct": 0.6 }, "geometry": { "type": "LineString", "coordinates": [ [ 72.8394457, 19.0026374 ], [ 72.8395935, 19.0030107 ] ] } },
{ "type": "Feature", "properties": { "name": "Urban Corridor", "highway": "residential", "slope_pct": 0.6 }, "geometry": { "type": "LineString", "coordinates": [ [ 72.8386665, 19.0028027 ], [ 72.8389696, 19.0027565 ], [ 72.8390009, 19.0027793 ], [ 72.8390393, 19.0028089 ], [ 72.8393859, 19.0027463 ] ] } },
{ "type": "Feature", "properties": { "name": "B J Deorukhkar Marg", "highway": "residential", "slope_pct": 0.6 }, "geometry": { "type": "LineString", "coordinates": [ [ 72.8475472, 19.0087983 ], [ 72.846846, 19.0090931 ] ] } },
{ "type": "Feature", "properties": { "name": "Currey Road Bridge", "highway": "secondary", "slope_pct": 0.6 }, "geometry": { "type": "LineString", "coordinates": [ [ 72.8332467, 18.9950776 ], [ 72.8335074, 18.9950843 ], [ 72.8338617, 18.9951047 ], [ 72.834182, 18.9951243 ], [ 72.8344121, 18.9951484 ], [ 72.8345545, 18.9951731 ] ] } },
{ "type": "Feature", "properties": { "name": "Urban Corridor", "highway": "residential", "slope_pct": 0.6 }, "geometry": { "type": "LineString", "coordinates": [ [ 72.8475472, 19.0087983 ], [ 72.847628, 19.008764 ] ] } },
{ "type": "Feature", "properties": { "name": "Urban Corridor", "highway": "tertiary", "slope_pct": 0.6 }, "geometry": { "type": "LineString", "coordinates": [ [ 72.8369675, 18.9958879 ], [ 72.8368904, 18.9956257 ], [ 72.8369019, 18.9955589 ], [ 72.8369204, 18.995494 ], [ 72.8369919, 18.9953735 ] ] } },
{ "type": "Feature", "properties": { "name": "Urban Corridor", "highway": "residential", "slope_pct": 0.6 }, "geometry": { "type": "LineString", "coordinates": [ [ 72.8493404, 18.9966764 ], [ 72.8492613, 18.9967136 ], [ 72.8489856, 18.9968439 ] ] } },
{ "type": "Feature", "properties": { "name": "Urban Corridor", "highway": "residential", "slope_pct": 0.6 }, "geometry": { "type": "LineString", "coordinates": [ [ 72.8490243, 18.9968817 ], [ 72.849286, 18.9967656 ], [ 72.8493685, 18.9967305 ] ] } },
{ "type": "Feature", "properties": { "name": "Urban Corridor", "highway": "residential", "slope_pct": 0.6 }, "geometry": { "type": "LineString", "coordinates": [ [ 72.8488654, 18.9968822 ], [ 72.8488575, 18.9969078 ], [ 72.8488587, 18.9969344 ], [ 72.8488694, 18.9969606 ], [ 72.8488887, 18.996982 ], [ 72.8489145, 18.996996 ], [ 72.8489437, 18.9970012 ], [ 72.8489731, 18.9969968 ], [ 72.8489993, 18.9969835 ], [ 72.8490192, 18.9969627 ], [ 72.8490308, 18.9969368 ], [ 72.8490325, 18.9969087 ], [ 72.8490243, 18.9968817 ], [ 72.8490082, 18.9968599 ], [ 72.8489856, 18.9968439 ], [ 72.8489588, 18.9968356 ], [ 72.8489306, 18.9968357 ], [ 72.8489039, 18.9968442 ], [ 72.8488814, 18.9968602 ], [ 72.8488654, 18.9968822 ] ] } },
{ "type": "Feature", "properties": { "name": "Urban Corridor", "highway": "residential", "slope_pct": 0.6 }, "geometry": { "type": "LineString", "coordinates": [ [ 72.8375819, 18.993575 ], [ 72.8376692, 18.993516 ], [ 72.8376913, 18.9935019 ], [ 72.8383791, 18.9930643 ], [ 72.8384078, 18.9930622 ], [ 72.8384398, 18.9930806 ] ] } },
{ "type": "Feature", "properties": { "name": "Urban Corridor", "highway": "residential", "slope_pct": 0.6 }, "geometry": { "type": "LineString", "coordinates": [ [ 72.8394533, 18.9932593 ], [ 72.8400126, 18.9931151 ] ] } },
{ "type": "Feature", "properties": { "name": "Urban Corridor", "highway": "residential", "slope_pct": 0.6 }, "geometry": { "type": "LineString", "coordinates": [ [ 72.8394533, 18.9932593 ], [ 72.8394903, 18.9933834 ] ] } },
{ "type": "Feature", "properties": { "name": "Urban Corridor", "highway": "residential", "slope_pct": 0.6 }, "geometry": { "type": "LineString", "coordinates": [ [ 72.8500152, 18.9933871 ], [ 72.8502023, 18.9937755 ], [ 72.8502208, 18.9937905 ], [ 72.85025, 18.9937936 ], [ 72.8504542, 18.9937467 ], [ 72.8504733, 18.993723 ], [ 72.8504713, 18.993697 ], [ 72.8503883, 18.993306 ] ] } },
{ "type": "Feature", "properties": { "name": "Urban Corridor", "highway": "residential", "slope_pct": 0.6 }, "geometry": { "type": "LineString", "coordinates": [ [ 72.8395708, 18.9917509 ], [ 72.8395759, 18.9918985 ] ] } },
{ "type": "Feature", "properties": { "name": "Urban Corridor", "highway": "residential", "slope_pct": 0.6 }, "geometry": { "type": "LineString", "coordinates": [ [ 72.8395759, 18.9918985 ], [ 72.839293, 18.9918599 ] ] } },
{ "type": "Feature", "properties": { "name": "Urban Corridor", "highway": "residential", "slope_pct": 0.6 }, "geometry": { "type": "LineString", "coordinates": [ [ 72.8395759, 18.9918985 ], [ 72.8397027, 18.99194 ], [ 72.839879, 18.9919416 ] ] } },
{ "type": "Feature", "properties": { "name": "Urban Corridor", "highway": "residential", "slope_pct": 0.6 }, "geometry": { "type": "LineString", "coordinates": [ [ 72.8510215, 18.9928965 ], [ 72.8508922, 18.9930244 ] ] } },
{ "type": "Feature", "properties": { "name": "Urban Corridor", "highway": "residential", "slope_pct": 0.6 }, "geometry": { "type": "LineString", "coordinates": [ [ 72.8498959, 18.9931628 ], [ 72.8499171, 18.993206 ], [ 72.8500152, 18.9933871 ] ] } },
{ "type": "Feature", "properties": { "name": "Urban Corridor", "highway": "residential", "slope_pct": 0.6 }, "geometry": { "type": "LineString", "coordinates": [ [ 72.8503883, 18.993306 ], [ 72.8503494, 18.9931435 ], [ 72.8503371, 18.9930976 ] ] } },
{ "type": "Feature", "properties": { "name": "Urban Corridor", "highway": "residential", "slope_pct": 0.6 }, "geometry": { "type": "LineString", "coordinates": [ [ 72.8527774, 18.9981353 ], [ 72.852865, 18.998015 ], [ 72.8528428, 18.9977554 ] ] } },
{ "type": "Feature", "properties": { "name": "Urban Corridor", "highway": "primary_link", "slope_pct": 0.6 }, "geometry": { "type": "LineString", "coordinates": [ [ 72.8483385, 18.9907517 ], [ 72.8484183, 18.9906758 ] ] } },
{ "type": "Feature", "properties": { "name": "Urban Corridor", "highway": "primary_link", "slope_pct": 0.6 }, "geometry": { "type": "LineString", "coordinates": [ [ 72.848656, 18.9910181 ], [ 72.8487311, 18.9909414 ] ] } },
{ "type": "Feature", "properties": { "name": "Urban Corridor", "highway": "residential", "slope_pct": 0.6 }, "geometry": { "type": "LineString", "coordinates": [ [ 72.8502675, 18.9924294 ], [ 72.8503609, 18.9923315 ] ] } },
{ "type": "Feature", "properties": { "name": "Urban Corridor", "highway": "residential", "slope_pct": 0.6 }, "geometry": { "type": "LineString", "coordinates": [ [ 72.8470638, 19.0068339 ], [ 72.8471299, 19.0068127 ], [ 72.8474209, 19.0067338 ] ] } },
{ "type": "Feature", "properties": { "name": "Urban Corridor", "highway": "residential", "slope_pct": 0.6 }, "geometry": { "type": "LineString", "coordinates": [ [ 72.8344976, 18.9905377 ], [ 72.834396, 18.9905424 ] ] } },
{ "type": "Feature", "properties": { "name": "Urban Corridor", "highway": "residential", "slope_pct": 0.6 }, "geometry": { "type": "LineString", "coordinates": [ [ 72.8343971, 18.9906368 ], [ 72.8344948, 18.9906367 ] ] } },
{ "type": "Feature", "properties": { "name": "Urban Corridor", "highway": "residential", "slope_pct": 0.6 }, "geometry": { "type": "LineString", "coordinates": [ [ 72.8334846, 18.9899221 ], [ 72.8336362, 18.9900396 ], [ 72.8337399, 18.9901361 ], [ 72.833883, 18.9902918 ], [ 72.8339864, 18.9904173 ], [ 72.8340338, 18.9905101 ], [ 72.8340263, 18.990599 ], [ 72.8339625, 18.9906649 ], [ 72.8338601, 18.9907353 ], [ 72.8337066, 18.9907955 ], [ 72.833517, 18.9908461 ], [ 72.8333434, 18.9908815 ], [ 72.8333131, 18.9909443 ], [ 72.8333273, 18.9910578 ], [ 72.8334115, 18.9911574 ], [ 72.8335169, 18.99121 ], [ 72.8336523, 18.9911932 ], [ 72.8337842, 18.9911584 ], [ 72.8338512, 18.9911002 ], [ 72.8339317, 18.9909907 ], [ 72.8340555, 18.9909129 ], [ 72.8341718, 18.9908593 ], [ 72.8342554, 18.9907991 ], [ 72.834323, 18.9907262 ], [ 72.8343398, 18.9906368 ], [ 72.8343458, 18.9905447 ], [ 72.8342523, 18.9903528 ], [ 72.8341489, 18.9902301 ], [ 72.833963, 18.9900256 ], [ 72.8338804, 18.9899054 ], [ 72.8337094, 18.9897654 ], [ 72.8334984, 18.9896673 ] ] } },
{ "type": "Feature", "properties": { "name": "Urban Corridor", "highway": "tertiary", "slope_pct": 0.6 }, "geometry": { "type": "LineString", "coordinates": [ [ 72.853411, 18.9952726 ], [ 72.8533719, 18.9951922 ], [ 72.8533046, 18.9950582 ], [ 72.8531774, 18.9948051 ], [ 72.8531294, 18.9947095 ], [ 72.8525755, 18.9936072 ], [ 72.8522721, 18.9929534 ], [ 72.851758, 18.9919189 ], [ 72.851199, 18.9907657 ] ] } },
{ "type": "Feature", "properties": { "name": "Urban Corridor", "highway": "tertiary", "slope_pct": 0.6 }, "geometry": { "type": "LineString", "coordinates": [ [ 72.8511412, 18.9907939 ], [ 72.8511513, 18.9908149 ], [ 72.8517642, 18.9921052 ], [ 72.8521368, 18.9928852 ], [ 72.8524493, 18.9935702 ], [ 72.8527042, 18.9941407 ], [ 72.8530183, 18.9947632 ], [ 72.8531591, 18.9950424 ], [ 72.8531822, 18.9950913 ], [ 72.8532732, 18.9952837 ] ] } },
{ "type": "Feature", "properties": { "name": "Messent Road", "highway": "tertiary", "slope_pct": 0.6 }, "geometry": { "type": "LineString", "coordinates": [ [ 72.8537558, 18.9951533 ], [ 72.8536549, 18.9950896 ], [ 72.8535597, 18.9950626 ], [ 72.8534395, 18.995048 ], [ 72.8533046, 18.9950582 ], [ 72.8531822, 18.9950913 ] ] } },
{ "type": "Feature", "properties": { "name": "Messent Road", "highway": "tertiary", "slope_pct": 0.6 }, "geometry": { "type": "LineString", "coordinates": [ [ 72.8533078, 18.9953672 ], [ 72.8534438, 18.9953346 ], [ 72.8534824, 18.9953237 ], [ 72.8535256, 18.9953144 ], [ 72.8535713, 18.9952911 ], [ 72.8537558, 18.9951533 ] ] } },
{ "type": "Feature", "properties": { "name": "Urban Corridor", "highway": "residential", "slope_pct": 0.6 }, "geometry": { "type": "LineString", "coordinates": [ [ 72.837278, 18.9963769 ], [ 72.837339, 18.9962903 ], [ 72.8373559, 18.9962317 ], [ 72.8373608, 18.9961872 ], [ 72.8373591, 18.9961611 ] ] } },
{ "type": "Feature", "properties": { "name": "Ashok Towers Internal Road", "highway": "residential", "slope_pct": 0.6 }, "geometry": { "type": "LineString", "coordinates": [ [ 72.8372325, 18.9963345 ], [ 72.8372206, 18.9963541 ], [ 72.8371823, 18.9964016 ] ] } },
{ "type": "Feature", "properties": { "name": "Urban Corridor", "highway": "residential", "slope_pct": 0.6 }, "geometry": { "type": "LineString", "coordinates": [ [ 72.8371436, 18.9965029 ], [ 72.8372041, 18.996441 ], [ 72.837278, 18.9963769 ] ] } },
{ "type": "Feature", "properties": { "name": "Ashok Towers Internal Road", "highway": "residential", "slope_pct": 0.6 }, "geometry": { "type": "LineString", "coordinates": [ [ 72.8373591, 18.9961611 ], [ 72.8373166, 18.9961827 ], [ 72.837294, 18.9962154 ], [ 72.837265, 18.9962735 ], [ 72.8372325, 18.9963345 ] ] } },
{ "type": "Feature", "properties": { "name": "Urban Corridor", "highway": "residential", "slope_pct": 0.6 }, "geometry": { "type": "LineString", "coordinates": [ [ 72.8406103, 18.9980262 ], [ 72.8407291, 18.9980259 ], [ 72.8407703, 18.9980012 ] ] } },
{ "type": "Feature", "properties": { "name": "Ashok Towers Internal Road", "highway": "residential", "slope_pct": 0.6 }, "geometry": { "type": "LineString", "coordinates": [ [ 72.8407322, 18.9979451 ], [ 72.8406836, 18.9979715 ], [ 72.8406103, 18.9980262 ] ] } },
{ "type": "Feature", "properties": { "name": "Urban Corridor", "highway": "residential", "slope_pct": 0.6 }, "geometry": { "type": "LineString", "coordinates": [ [ 72.840536, 18.9980091 ], [ 72.8404753, 18.9981045 ], [ 72.840429, 18.9980845 ], [ 72.840296, 18.998027 ], [ 72.840131, 18.9979557 ], [ 72.8398692, 18.9979828 ], [ 72.8396269, 18.9978905 ] ] } },
{ "type": "Feature", "properties": { "name": "Urban Corridor", "highway": "residential", "slope_pct": 0.6 }, "geometry": { "type": "LineString", "coordinates": [ [ 72.840296, 18.998027 ], [ 72.8402786, 18.9980407 ], [ 72.8402607, 18.9980681 ], [ 72.8402544, 18.998115 ], [ 72.8402635, 18.9981421 ], [ 72.8402977, 18.9981674 ], [ 72.8403398, 18.9981693 ], [ 72.8403863, 18.9981596 ], [ 72.8404038, 18.9981409 ], [ 72.8404208, 18.9981136 ], [ 72.840429, 18.9980845 ] ] } },
{ "type": "Feature", "properties": { "name": "Urban Corridor", "highway": "residential", "slope_pct": 0.6 }, "geometry": { "type": "LineString", "coordinates": [ [ 72.8396269, 18.9978905 ], [ 72.8394989, 18.9976981 ] ] } },
{ "type": "Feature", "properties": { "name": "Dr S S Rao Marg (Govt Gate Road)", "highway": "secondary", "slope_pct": 0.6 }, "geometry": { "type": "LineString", "coordinates": [ [ 72.8395653, 18.9962295 ], [ 72.8394476, 18.9961488 ] ] } },
{ "type": "Feature", "properties": { "name": "Dr S S Rao Marg", "highway": "secondary", "slope_pct": 0.6 }, "geometry": { "type": "LineString", "coordinates": [ [ 72.8394476, 18.9961488 ], [ 72.8394924, 18.9962779 ] ] } },
{ "type": "Feature", "properties": { "name": "Urban Corridor", "highway": "residential", "slope_pct": 0.6 }, "geometry": { "type": "LineString", "coordinates": [ [ 72.8382831, 18.9950498 ], [ 72.8383287, 18.9951138 ] ] } },
{ "type": "Feature", "properties": { "name": "Urban Corridor", "highway": "residential", "slope_pct": 0.6 }, "geometry": { "type": "LineString", "coordinates": [ [ 72.8403016, 18.9972169 ], [ 72.8402235, 18.9972611 ] ] } },
{ "type": "Feature", "properties": { "name": "Urban Corridor", "highway": "residential", "slope_pct": 0.6 }, "geometry": { "type": "LineString", "coordinates": [ [ 72.8446119, 19.0076101 ], [ 72.8449483, 19.0078527 ] ] } },
{ "type": "Feature", "properties": { "name": "Urban Corridor", "highway": "residential", "slope_pct": 0.6 }, "geometry": { "type": "LineString", "coordinates": [ [ 72.8343632, 18.9939075 ], [ 72.8348209, 18.9939682 ], [ 72.8352614, 18.9940267 ] ] } },
{ "type": "Feature", "properties": { "name": "Urban Corridor", "highway": "residential", "slope_pct": 0.6 }, "geometry": { "type": "LineString", "coordinates": [ [ 72.8353515, 18.9952253 ], [ 72.8353414, 18.9951851 ], [ 72.8353163, 18.9951413 ], [ 72.8353132, 18.9950894 ], [ 72.8353845, 18.9945677 ], [ 72.8354452, 18.9941239 ] ] } },
{ "type": "Feature", "properties": { "name": "Urban Corridor", "highway": "residential", "slope_pct": 0.6 }, "geometry": { "type": "LineString", "coordinates": [ [ 72.8353436, 18.9952692 ], [ 72.8353515, 18.9952253 ] ] } },
{ "type": "Feature", "properties": { "name": "Urban Corridor", "highway": "residential", "slope_pct": 0.6 }, "geometry": { "type": "LineString", "coordinates": [ [ 72.8364732, 18.9941204 ], [ 72.8362793, 18.9941131 ] ] } },
{ "type": "Feature", "properties": { "name": "Urban Corridor", "highway": "residential", "slope_pct": 0.6 }, "geometry": { "type": "LineString", "coordinates": [ [ 72.8346665, 18.9949862 ], [ 72.8347177, 18.9950845 ], [ 72.8347478, 18.9951799 ] ] } },
{ "type": "Feature", "properties": { "name": "Parel Back Road", "highway": "residential", "slope_pct": 0.6 }, "geometry": { "type": "LineString", "coordinates": [ [ 72.8429297, 18.9998014 ], [ 72.8428853, 18.9998068 ], [ 72.8426116, 18.9998795 ] ] } },
{ "type": "Feature", "properties": { "name": "Parel Back Road", "highway": "residential", "slope_pct": 0.6 }, "geometry": { "type": "LineString", "coordinates": [ [ 72.8427054, 18.9999714 ], [ 72.8429145, 18.9998316 ], [ 72.8429297, 18.9998014 ] ] } },
{ "type": "Feature", "properties": { "name": "Dr S S Rao Marg (Govt Gate Road)", "highway": "secondary", "slope_pct": 0.6 }, "geometry": { "type": "LineString", "coordinates": [ [ 72.8425318, 18.9999 ], [ 72.842112, 18.9996802 ], [ 72.8419784, 18.9994981 ], [ 72.8416285, 18.9990215 ], [ 72.8410602, 18.9982312 ] ] } },
{ "type": "Feature", "properties": { "name": "Dr S S Rao Marg", "highway": "secondary", "slope_pct": 0.6 }, "geometry": { "type": "LineString", "coordinates": [ [ 72.8409713, 18.9982917 ], [ 72.8415527, 18.9990791 ], [ 72.8418855, 18.9995438 ], [ 72.8420203, 18.9997195 ], [ 72.8423756, 18.9998988 ], [ 72.8424914, 18.9999635 ] ] } },
{ "type": "Feature", "properties": { "name": "Dr S S Rao Marg (Govt Gate Road)", "highway": "secondary", "slope_pct": 0.6 }, "geometry": { "type": "LineString", "coordinates": [ [ 72.8425221, 19.0000536 ], [ 72.8425503, 19.0000724 ], [ 72.8425833, 19.000082 ], [ 72.842614, 19.0000817 ], [ 72.8426282, 19.0000777 ], [ 72.8426434, 19.0000734 ], [ 72.8426691, 19.0000575 ], [ 72.8426907, 19.000033 ], [ 72.8427032, 19.0000033 ], [ 72.8427054, 18.9999714 ], [ 72.842696, 18.9999382 ], [ 72.8426756, 18.9999099 ], [ 72.8426463, 18.9998895 ], [ 72.8426116, 18.9998795 ], [ 72.8425834, 18.9998796 ], [ 72.8425562, 18.9998866 ], [ 72.8425318, 18.9999 ], [ 72.8425129, 18.9999178 ], [ 72.8424991, 18.9999394 ], [ 72.8424914, 18.9999635 ], [ 72.8424911, 18.9999962 ], [ 72.8425017, 19.0000272 ], [ 72.8425221, 19.0000536 ] ] } },
{ "type": "Feature", "properties": { "name": "Acharya Donde Marg", "highway": "tertiary", "slope_pct": 0.6 }, "geometry": { "type": "LineString", "coordinates": [ [ 72.8503469, 18.9985503 ], [ 72.8508958, 18.9984161 ], [ 72.8510211, 18.9983855 ], [ 72.8510826, 18.9983663 ] ] } },
{ "type": "Feature", "properties": { "name": "Urban Corridor", "highway": "residential", "slope_pct": 0.6 }, "geometry": { "type": "LineString", "coordinates": [ [ 72.8491392, 19.005272 ], [ 72.8491363, 19.0050779 ], [ 72.8491443, 19.0049666 ] ] } },
{ "type": "Feature", "properties": { "name": "Urban Corridor", "highway": "residential", "slope_pct": 0.6 }, "geometry": { "type": "LineString", "coordinates": [ [ 72.8422371, 18.9887304 ], [ 72.8420724, 18.9889664 ], [ 72.8419609, 18.9891408 ], [ 72.8417152, 18.9893692 ], [ 72.8419741, 18.9905724 ] ] } },
{ "type": "Feature", "properties": { "name": "Abhyudaya Nagar Road", "highway": "residential", "slope_pct": 0.6 }, "geometry": { "type": "LineString", "coordinates": [ [ 72.8414737, 18.9906778 ], [ 72.8415564, 18.9906727 ], [ 72.8417371, 18.9906232 ], [ 72.8419741, 18.9905724 ] ] } },
{ "type": "Feature", "properties": { "name": "Urban Corridor", "highway": "residential", "slope_pct": 0.6 }, "geometry": { "type": "LineString", "coordinates": [ [ 72.8430145, 18.9921015 ], [ 72.8432862, 18.9924068 ], [ 72.8433151, 18.992422 ], [ 72.8433446, 18.9924284 ], [ 72.8436483, 18.9924461 ], [ 72.8436939, 18.992455 ], [ 72.8439233, 18.9925546 ], [ 72.8439742, 18.992571 ], [ 72.8442733, 18.9926547 ], [ 72.8443095, 18.9926687 ], [ 72.8445057, 18.9927975 ] ] } },
{ "type": "Feature", "properties": { "name": "Urban Corridor", "highway": "residential", "slope_pct": 0.6 }, "geometry": { "type": "LineString", "coordinates": [ [ 72.8482889, 19.0096157 ], [ 72.8482542, 19.0096013 ], [ 72.8482392, 19.0095628 ], [ 72.8482156, 19.0093629 ], [ 72.8482252, 19.0093376 ], [ 72.8482714, 19.0093051 ], [ 72.8482821, 19.0092798 ], [ 72.8482703, 19.0091509 ], [ 72.8482907, 19.0091225 ], [ 72.8484484, 19.0091063 ], [ 72.8484741, 19.0091235 ], [ 72.8484988, 19.0092869 ], [ 72.8484023, 19.0095638 ], [ 72.8483776, 19.0095871 ], [ 72.8482889, 19.0096157 ], [ 72.8483043, 19.009746 ], [ 72.8483149, 19.0097916 ], [ 72.8484017, 19.0101357 ] ] } },
{ "type": "Feature", "properties": { "name": "Urban Corridor", "highway": "residential", "slope_pct": 0.6 }, "geometry": { "type": "LineString", "coordinates": [ [ 72.8357697, 18.9913572 ], [ 72.8355197, 18.9914741 ], [ 72.8354982, 18.9914867 ], [ 72.8354874, 18.9914965 ], [ 72.8354784, 18.9915112 ], [ 72.8354791, 18.9915259 ], [ 72.8355156, 18.9917887 ] ] } },
{ "type": "Feature", "properties": { "name": "Urban Corridor", "highway": "tertiary_link", "slope_pct": 0.6 }, "geometry": { "type": "LineString", "coordinates": [ [ 72.8535597, 18.9950626 ], [ 72.8534912, 18.9950143 ], [ 72.853374, 18.9949339 ], [ 72.8532405, 18.994846 ], [ 72.8531774, 18.9948051 ] ] } },
{ "type": "Feature", "properties": { "name": "Parel Tank Road", "highway": "tertiary", "slope_pct": 0.6 }, "geometry": { "type": "LineString", "coordinates": [ [ 72.8449559, 18.9942564 ], [ 72.844921, 18.9941499 ], [ 72.8448298, 18.993914 ], [ 72.8447816, 18.9937605 ], [ 72.8447065, 18.9935893 ], [ 72.8446072, 18.9934118 ], [ 72.8444517, 18.9932419 ], [ 72.8442693, 18.9931074 ], [ 72.8439984, 18.9929756 ], [ 72.843824, 18.9929198 ], [ 72.8436792, 18.9928817 ], [ 72.8435478, 18.9928766 ], [ 72.8434126, 18.9928992 ] ] } },
{ "type": "Feature", "properties": { "name": "G D Ambedkar Marg (Parel Tank Road)", "highway": "tertiary", "slope_pct": 0.6 }, "geometry": { "type": "LineString", "coordinates": [ [ 72.8434237, 18.9929777 ], [ 72.8435558, 18.9929629 ], [ 72.8437436, 18.9929882 ], [ 72.8439447, 18.9930567 ], [ 72.8441593, 18.9931734 ], [ 72.8443421, 18.9933174 ], [ 72.8444195, 18.9934219 ], [ 72.8445844, 18.9936444 ], [ 72.8448336, 18.9943602 ] ] } },
{ "type": "Feature", "properties": { "name": "G D Ambedkar Marg (Parel Tank Road)", "highway": "tertiary", "slope_pct": 0.6 }, "geometry": { "type": "LineString", "coordinates": [ [ 72.8432915, 18.9929924 ], [ 72.8434237, 18.9929777 ] ] } },
{ "type": "Feature", "properties": { "name": "Parel Tank Road", "highway": "tertiary", "slope_pct": 0.6 }, "geometry": { "type": "LineString", "coordinates": [ [ 72.8434126, 18.9928992 ], [ 72.843305, 18.992907 ] ] } },
{ "type": "Feature", "properties": { "name": "G D Ambedkar Marg (Parel Tank Road)", "highway": "tertiary", "slope_pct": 0.6 }, "geometry": { "type": "LineString", "coordinates": [ [ 72.8431885, 18.9929802 ], [ 72.8432915, 18.9929924 ] ] } },
{ "type": "Feature", "properties": { "name": "Parel Tank Road", "highway": "tertiary", "slope_pct": 0.6 }, "geometry": { "type": "LineString", "coordinates": [ [ 72.843305, 18.992907 ], [ 72.8431902, 18.9929083 ] ] } },
{ "type": "Feature", "properties": { "name": "Urban Corridor", "highway": "residential", "slope_pct": 0.6 }, "geometry": { "type": "LineString", "coordinates": [ [ 72.8398156, 18.9903889 ], [ 72.8397489, 18.9903972 ], [ 72.8389542, 18.9904716 ] ] } },
{ "type": "Feature", "properties": { "name": "Urban Corridor", "highway": "residential", "slope_pct": 0.6 }, "geometry": { "type": "LineString", "coordinates": [ [ 72.8467185, 19.0031269 ], [ 72.8468747, 19.0032361 ] ] } },
{ "type": "Feature", "properties": { "name": "Urban Corridor", "highway": "residential", "slope_pct": 0.6 }, "geometry": { "type": "LineString", "coordinates": [ [ 72.8468747, 19.0032361 ], [ 72.8470027, 19.0033646 ] ] } },
{ "type": "Feature", "properties": { "name": "Urban Corridor", "highway": "residential", "slope_pct": 0.6 }, "geometry": { "type": "LineString", "coordinates": [ [ 72.8470027, 19.0033646 ], [ 72.8470569, 19.0033351 ], [ 72.8470948, 19.0033434 ], [ 72.8471165, 19.0033569 ], [ 72.8472785, 19.0035478 ], [ 72.8472778, 19.0035811 ], [ 72.8472588, 19.003585 ], [ 72.8470554, 19.0036124 ], [ 72.847038, 19.003616 ], [ 72.8470234, 19.0035984 ] ] } },
{ "type": "Feature", "properties": { "name": "Urban Corridor", "highway": "residential", "slope_pct": 0.6 }, "geometry": { "type": "LineString", "coordinates": [ [ 72.8470234, 19.0035984 ], [ 72.8469665, 19.0034529 ], [ 72.8469661, 19.0034383 ], [ 72.8470027, 19.0033646 ] ] } },
{ "type": "Feature", "properties": { "name": "Urban Corridor", "highway": "residential", "slope_pct": 0.6 }, "geometry": { "type": "LineString", "coordinates": [ [ 72.8491749, 19.004688 ], [ 72.8492359, 19.004687 ], [ 72.8493308, 19.0046855 ], [ 72.8493618, 19.004685 ] ] } },
{ "type": "Feature", "properties": { "name": "Urban Corridor", "highway": "residential", "slope_pct": 0.6 }, "geometry": { "type": "LineString", "coordinates": [ [ 72.8493104, 19.0034538 ], [ 72.8493952, 19.0034547 ], [ 72.8494758, 19.0034555 ], [ 72.8495109, 19.0034559 ], [ 72.849503, 19.0035593 ], [ 72.8494695, 19.0037634 ], [ 72.849448, 19.0038909 ], [ 72.8494723, 19.0039295 ], [ 72.8495905, 19.0039045 ], [ 72.8497509, 19.003774 ], [ 72.8498446, 19.003551 ], [ 72.8498268, 19.0034178 ], [ 72.849776, 19.003323 ], [ 72.8496616, 19.003233 ], [ 72.8496099, 19.0032244 ], [ 72.8495598, 19.0032348 ], [ 72.8495278, 19.0033124 ] ] } },
{ "type": "Feature", "properties": { "name": "Urban Corridor", "highway": "residential", "slope_pct": 0.6 }, "geometry": { "type": "LineString", "coordinates": [ [ 72.8495278, 19.0033124 ], [ 72.8494875, 19.0033112 ], [ 72.8494068, 19.0033074 ], [ 72.8493269, 19.0033036 ] ] } },
{ "type": "Feature", "properties": { "name": "Urban Corridor", "highway": "residential", "slope_pct": 0.6 }, "geometry": { "type": "LineString", "coordinates": [ [ 72.8493872, 19.0027545 ], [ 72.8495317, 19.0027647 ], [ 72.8496012, 19.0027695 ], [ 72.8498371, 19.0027861 ], [ 72.8502894, 19.0029535 ], [ 72.8504228, 19.0030615 ], [ 72.8505604, 19.0032451 ], [ 72.8505882, 19.003351 ], [ 72.8506031, 19.0035406 ], [ 72.8505519, 19.0040299 ], [ 72.8505273, 19.004156 ], [ 72.8504847, 19.0042135 ], [ 72.8504087, 19.0042666 ], [ 72.8503298, 19.0042958 ], [ 72.8502817, 19.0043437 ], [ 72.8502134, 19.0045038 ], [ 72.8501398, 19.0045936 ], [ 72.8500064, 19.004636 ], [ 72.8497098, 19.0046612 ] ] } },
{ "type": "Feature", "properties": { "name": "Urban Corridor", "highway": "residential", "slope_pct": 0.6 }, "geometry": { "type": "LineString", "coordinates": [ [ 72.8439257, 19.0049307 ], [ 72.8439688, 19.0048875 ], [ 72.8440268, 19.0048293 ], [ 72.8440584, 19.004777 ], [ 72.8440676, 19.0047285 ], [ 72.8440189, 19.0042087 ], [ 72.8440255, 19.0041751 ], [ 72.8440991, 19.0041191 ], [ 72.8441136, 19.0040967 ], [ 72.8441176, 19.0040719 ], [ 72.8441202, 19.0040345 ], [ 72.844136, 19.0040134 ], [ 72.8444496, 19.0038452 ], [ 72.8445674, 19.0037821 ] ] } },
{ "type": "Feature", "properties": { "name": "Urban Corridor", "highway": "residential", "slope_pct": 0.6 }, "geometry": { "type": "LineString", "coordinates": [ [ 72.843965, 19.0036565 ], [ 72.8439992, 19.0039786 ], [ 72.844015, 19.0039923 ], [ 72.8441202, 19.0040345 ] ] } },
{ "type": "Feature", "properties": { "name": "Urban Corridor", "highway": "residential", "slope_pct": 0.6 }, "geometry": { "type": "LineString", "coordinates": [ [ 72.8444496, 19.0038452 ], [ 72.8446673, 19.0041921 ], [ 72.8448505, 19.0044839 ] ] } },
{ "type": "Feature", "properties": { "name": "Urban Corridor", "highway": "residential", "slope_pct": 0.6 }, "geometry": { "type": "LineString", "coordinates": [ [ 72.8442965, 19.0043878 ], [ 72.8443739, 19.0043469 ], [ 72.8445282, 19.0042655 ], [ 72.8446673, 19.0041921 ] ] } },
{ "type": "Feature", "properties": { "name": "Urban Corridor", "highway": "residential", "slope_pct": 0.6 }, "geometry": { "type": "LineString", "coordinates": [ [ 72.8443739, 19.0043469 ], [ 72.8442609, 19.0041614 ], [ 72.8442609, 19.0041427 ], [ 72.8442728, 19.0041253 ], [ 72.8443727, 19.0040656 ], [ 72.8443885, 19.0040669 ], [ 72.8444017, 19.0040756 ], [ 72.8445282, 19.0042655 ], [ 72.8446121, 19.0044077 ], [ 72.8446148, 19.0044276 ], [ 72.8446029, 19.0044412 ], [ 72.8444898, 19.0045059 ], [ 72.8444727, 19.0045072 ], [ 72.8444596, 19.0044972 ], [ 72.8443739, 19.0043469 ] ] } },
{ "type": "Feature", "properties": { "name": "Urban Corridor", "highway": "residential", "slope_pct": 0.6 }, "geometry": { "type": "LineString", "coordinates": [ [ 72.8444225, 19.0047113 ], [ 72.8443096, 19.0045333 ] ] } },
{ "type": "Feature", "properties": { "name": "Urban Corridor", "highway": "residential", "slope_pct": 0.6 }, "geometry": { "type": "LineString", "coordinates": [ [ 72.8492853, 19.0025985 ], [ 72.8492846, 19.0025282 ], [ 72.8492765, 19.0017547 ], [ 72.8492698, 19.0017269 ], [ 72.8492573, 19.0017053 ], [ 72.8492154, 19.0016914 ], [ 72.8490654, 19.0016817 ], [ 72.8490124, 19.0016921 ], [ 72.8489911, 19.0017206 ], [ 72.8489867, 19.0017476 ], [ 72.8489943, 19.0025299 ], [ 72.8489927, 19.0025961 ] ] } },
{ "type": "Feature", "properties": { "name": "Acharya Donde Marg", "highway": "tertiary", "slope_pct": 0.6 }, "geometry": { "type": "LineString", "coordinates": [ [ 72.8463346, 19.0004798 ], [ 72.8464774, 19.0004216 ], [ 72.8468196, 19.0002476 ], [ 72.8470896, 19.0000987 ], [ 72.8480854, 18.9996416 ], [ 72.8489549, 18.9992296 ], [ 72.8496432, 18.9988926 ], [ 72.8498307, 18.9987956 ], [ 72.8503469, 18.9985503 ] ] } },
{ "type": "Feature", "properties": { "name": "Urban Corridor", "highway": "residential", "slope_pct": 0.6 }, "geometry": { "type": "LineString", "coordinates": [ [ 72.8496432, 18.9988926 ], [ 72.849608, 18.9988199 ] ] } },
{ "type": "Feature", "properties": { "name": "Urban Corridor", "highway": "residential", "slope_pct": 0.6 }, "geometry": { "type": "LineString", "coordinates": [ [ 72.8498307, 18.9987956 ], [ 72.8497938, 18.9987258 ] ] } },
{ "type": "Feature", "properties": { "name": "Urban Corridor", "highway": "residential", "slope_pct": 0.6 }, "geometry": { "type": "LineString", "coordinates": [ [ 72.8379172, 19.0048395 ], [ 72.8378972, 19.0047917 ], [ 72.8378909, 19.0047766 ], [ 72.8377511, 19.0044409 ], [ 72.83774, 19.0044319 ], [ 72.8377268, 19.0044319 ], [ 72.8376106, 19.0044785 ], [ 72.837604, 19.004491 ], [ 72.8376018, 19.0045028 ], [ 72.8377428, 19.0048265 ], [ 72.8377499, 19.0048426 ], [ 72.8377638, 19.0048747 ] ] } },
{ "type": "Feature", "properties": { "name": "Urban Corridor", "highway": "residential", "slope_pct": 0.6 }, "geometry": { "type": "LineString", "coordinates": [ [ 72.8378384, 19.0048671 ], [ 72.8377959, 19.0048658 ], [ 72.8377638, 19.0048747 ], [ 72.8377481, 19.004879 ] ] } },
{ "type": "Feature", "properties": { "name": "Urban Corridor", "highway": "residential", "slope_pct": 0.6 }, "geometry": { "type": "LineString", "coordinates": [ [ 72.8377428, 19.0048265 ], [ 72.8378909, 19.0047766 ] ] } },
{ "type": "Feature", "properties": { "name": "Urban Corridor", "highway": "residential", "slope_pct": 0.6 }, "geometry": { "type": "LineString", "coordinates": [ [ 72.8378623, 19.005149 ], [ 72.8379102, 19.0052683 ], [ 72.837911, 19.0052842 ], [ 72.8379022, 19.0053001 ], [ 72.8378765, 19.0053326 ] ] } },
{ "type": "Feature", "properties": { "name": "Urban Corridor", "highway": "residential", "slope_pct": 0.6 }, "geometry": { "type": "LineString", "coordinates": [ [ 72.8374252, 19.005141 ], [ 72.8375718, 19.0050956 ], [ 72.8377439, 19.0050419 ], [ 72.8377591, 19.0050305 ], [ 72.8377591, 19.0050146 ], [ 72.837735, 19.0049624 ], [ 72.8377247, 19.0049435 ], [ 72.8377127, 19.0049405 ], [ 72.8376668, 19.0049519 ], [ 72.8376012, 19.0049655 ], [ 72.8375804, 19.0049609 ], [ 72.8375676, 19.0049481 ], [ 72.8375292, 19.0048663 ], [ 72.8375123, 19.0048595 ], [ 72.8374963, 19.0048603 ], [ 72.8373531, 19.004917 ], [ 72.8373459, 19.0049322 ], [ 72.8373459, 19.0049473 ], [ 72.8373787, 19.0050396 ], [ 72.8373779, 19.0050533 ], [ 72.8373683, 19.0050631 ], [ 72.8373667, 19.005076 ], [ 72.8373843, 19.0051274 ], [ 72.8373931, 19.0051365 ], [ 72.8374091, 19.0051421 ], [ 72.8374252, 19.005141 ] ] } },
{ "type": "Feature", "properties": { "name": "Urban Corridor", "highway": "residential", "slope_pct": 0.6 }, "geometry": { "type": "LineString", "coordinates": [ [ 72.8376117, 19.0052187 ], [ 72.8375918, 19.0051571 ], [ 72.8375718, 19.0050956 ] ] } },
{ "type": "Feature", "properties": { "name": "Urban Corridor", "highway": "residential", "slope_pct": 0.6 }, "geometry": { "type": "LineString", "coordinates": [ [ 72.837735, 19.0049624 ], [ 72.8377857, 19.0049461 ], [ 72.8377968, 19.0049426 ] ] } },
{ "type": "Feature", "properties": { "name": "Urban Corridor", "highway": "residential", "slope_pct": 0.6 }, "geometry": { "type": "LineString", "coordinates": [ [ 72.8378196, 19.0049358 ], [ 72.8378434, 19.0049272 ] ] } },
{ "type": "Feature", "properties": { "name": "Urban Corridor", "highway": "residential", "slope_pct": 0.6 }, "geometry": { "type": "LineString", "coordinates": [ [ 72.8377932, 19.0069549 ], [ 72.8379444, 19.007052 ], [ 72.8380226, 19.0071214 ], [ 72.8381234, 19.0072914 ] ] } },
{ "type": "Feature", "properties": { "name": "Urban Corridor", "highway": "residential", "slope_pct": 0.6 }, "geometry": { "type": "LineString", "coordinates": [ [ 72.8379444, 19.007052 ], [ 72.8382464, 19.0068815 ] ] } },
{ "type": "Feature", "properties": { "name": "Urban Corridor", "highway": "residential", "slope_pct": 0.6 }, "geometry": { "type": "LineString", "coordinates": [ [ 72.8391888, 19.0058584 ], [ 72.8392371, 19.0059237 ], [ 72.8396835, 19.0065263 ], [ 72.8396952, 19.0065588 ], [ 72.8396881, 19.0065849 ], [ 72.8395617, 19.0066606 ], [ 72.8395336, 19.0066614 ], [ 72.839519, 19.0066476 ] ] } },
{ "type": "Feature", "properties": { "name": "Urban Corridor", "highway": "residential", "slope_pct": 0.6 }, "geometry": { "type": "LineString", "coordinates": [ [ 72.838951, 19.0060121 ], [ 72.8389842, 19.0060546 ], [ 72.8390072, 19.0060857 ], [ 72.839419, 19.0066431 ], [ 72.8394212, 19.0066765 ], [ 72.8394055, 19.0066996 ] ] } },
{ "type": "Feature", "properties": { "name": "Urban Corridor", "highway": "residential", "slope_pct": 0.6 }, "geometry": { "type": "LineString", "coordinates": [ [ 72.8391089, 19.0068665 ], [ 72.8390021, 19.0066987 ], [ 72.8389807, 19.0066785 ], [ 72.8389654, 19.0066697 ], [ 72.8389415, 19.0066745 ], [ 72.8388912, 19.0066817 ], [ 72.8388605, 19.0066729 ], [ 72.83877, 19.0065471 ], [ 72.8387632, 19.006522 ], [ 72.8387692, 19.0065059 ], [ 72.8387845, 19.0064817 ], [ 72.8387905, 19.0064478 ], [ 72.8387888, 19.006422 ], [ 72.8387531, 19.0063674 ] ] } },
{ "type": "Feature", "properties": { "name": "Urban Corridor", "highway": "residential", "slope_pct": 0.6 }, "geometry": { "type": "LineString", "coordinates": [ [ 72.8392942, 19.0067622 ], [ 72.8394713, 19.0070625 ], [ 72.8394721, 19.007077 ], [ 72.8394661, 19.0070883 ], [ 72.8393672, 19.0071383 ], [ 72.8393501, 19.0071358 ], [ 72.8393356, 19.0071229 ], [ 72.8391962, 19.0068436 ], [ 72.839186, 19.0068231 ] ] } },
{ "type": "Feature", "properties": { "name": "Urban Corridor", "highway": "residential", "slope_pct": 0.6 }, "geometry": { "type": "LineString", "coordinates": [ [ 72.8390835, 19.0068808 ], [ 72.839281, 19.0072689 ], [ 72.8392853, 19.0072915 ], [ 72.8392793, 19.0073101 ], [ 72.8392051, 19.0073431 ], [ 72.8391829, 19.0073431 ], [ 72.839165, 19.0073367 ], [ 72.8389668, 19.0069464 ] ] } },
{ "type": "Feature", "properties": { "name": "Urban Corridor", "highway": "residential", "slope_pct": 0.6 }, "geometry": { "type": "LineString", "coordinates": [ [ 72.8403102, 19.0067779 ], [ 72.8404686, 19.0070531 ], [ 72.8405006, 19.0071087 ] ] } },
{ "type": "Feature", "properties": { "name": "Urban Corridor", "highway": "residential", "slope_pct": 0.6 }, "geometry": { "type": "LineString", "coordinates": [ [ 72.8408108, 19.0071688 ], [ 72.8407601, 19.0071902 ], [ 72.8404843, 19.007306 ], [ 72.840453, 19.0073189 ], [ 72.8404444, 19.0073362 ], [ 72.8404456, 19.0073571 ], [ 72.8405363, 19.0075582 ], [ 72.8405502, 19.0075736 ], [ 72.84057, 19.0075725 ], [ 72.8408572, 19.0074469 ], [ 72.8409353, 19.0074127 ] ] } },
{ "type": "Feature", "properties": { "name": "Urban Corridor", "highway": "residential", "slope_pct": 0.6 }, "geometry": { "type": "LineString", "coordinates": [ [ 72.8407039, 19.0072381 ], [ 72.8406877, 19.0072033 ], [ 72.840674, 19.0071936 ], [ 72.840656, 19.0071895 ], [ 72.8404797, 19.0072478 ] ] } },
{ "type": "Feature", "properties": { "name": "Urban Corridor", "highway": "residential", "slope_pct": 0.6 }, "geometry": { "type": "LineString", "coordinates": [ [ 72.8404797, 19.0072478 ], [ 72.8404711, 19.0072607 ], [ 72.8404711, 19.0072745 ], [ 72.8404843, 19.007306 ] ] } },
{ "type": "Feature", "properties": { "name": "Acharya Donde Marg", "highway": "tertiary", "slope_pct": 0.6 }, "geometry": { "type": "LineString", "coordinates": [ [ 72.8463346, 19.0004798 ], [ 72.8463738, 19.0003707 ] ] } },
{ "type": "Feature", "properties": { "name": "Urban Corridor", "highway": "residential", "slope_pct": 0.6 }, "geometry": { "type": "LineString", "coordinates": [ [ 72.8539113, 19.0091116 ], [ 72.8539085, 19.0090967 ], [ 72.8538977, 19.0090883 ], [ 72.8538148, 19.0090958 ], [ 72.8537967, 19.0091004 ], [ 72.8536909, 19.0091313 ], [ 72.8536654, 19.0091396 ], [ 72.853634, 19.0091549 ], [ 72.8535269, 19.0092632 ], [ 72.8534868, 19.0093037 ], [ 72.8534152, 19.0093932 ], [ 72.8533819, 19.0094683 ], [ 72.8533544, 19.0094989 ], [ 72.8532769, 19.0095985 ], [ 72.8532725, 19.0096115 ], [ 72.853274, 19.0096199 ], [ 72.8533611, 19.0097243 ] ] } },
{ "type": "Feature", "properties": { "name": "Urban Corridor", "highway": "residential", "slope_pct": 0.6 }, "geometry": { "type": "LineString", "coordinates": [ [ 72.8535269, 19.0092632 ], [ 72.8536661, 19.0093829 ] ] } },
{ "type": "Feature", "properties": { "name": "Urban Corridor", "highway": "residential", "slope_pct": 0.6 }, "geometry": { "type": "LineString", "coordinates": [ [ 72.8508484, 19.0079461 ], [ 72.8508514, 19.0079301 ], [ 72.8508572, 19.0079238 ], [ 72.8508734, 19.0079189 ], [ 72.8512833, 19.0079312 ], [ 72.8514538, 19.0079361 ], [ 72.8514675, 19.0079318 ], [ 72.8514773, 19.0079197 ], [ 72.8514804, 19.0078964 ] ] } },
{ "type": "Feature", "properties": { "name": "Urban Corridor", "highway": "residential", "slope_pct": 0.6 }, "geometry": { "type": "LineString", "coordinates": [ [ 72.8518196, 19.0079805 ], [ 72.8518209, 19.008075 ], [ 72.8518282, 19.0080937 ], [ 72.851843, 19.0081014 ], [ 72.8518577, 19.0081014 ], [ 72.8521942, 19.0081273 ], [ 72.85237, 19.0081409 ] ] } },
{ "type": "Feature", "properties": { "name": "Urban Corridor", "highway": "residential", "slope_pct": 0.6 }, "geometry": { "type": "LineString", "coordinates": [ [ 72.8523529, 19.0088506 ], [ 72.8522192, 19.0088519 ], [ 72.852203, 19.0088449 ], [ 72.8521927, 19.0088324 ], [ 72.8521883, 19.0088164 ], [ 72.8521918, 19.0084027 ], [ 72.8521942, 19.0081273 ] ] } },
{ "type": "Feature", "properties": { "name": "Urban Corridor", "highway": "residential", "slope_pct": 0.6 }, "geometry": { "type": "LineString", "coordinates": [ [ 72.852364, 19.0084034 ], [ 72.8521918, 19.0084027 ] ] } },
{ "type": "Feature", "properties": { "name": "Urban Corridor", "highway": "residential", "slope_pct": 0.6 }, "geometry": { "type": "LineString", "coordinates": [ [ 72.8508531, 19.0080877 ], [ 72.8512605, 19.0080904 ], [ 72.851273, 19.0080849 ], [ 72.8512803, 19.0080717 ], [ 72.8512833, 19.0079312 ] ] } },
{ "type": "Feature", "properties": { "name": "Urban Corridor", "highway": "residential", "slope_pct": 0.6 }, "geometry": { "type": "LineString", "coordinates": [ [ 72.8508759, 19.0087753 ], [ 72.851168, 19.0087796 ], [ 72.8513421, 19.0087821 ], [ 72.8513597, 19.0087759 ], [ 72.8513671, 19.0087682 ], [ 72.8513662, 19.0085451 ], [ 72.8513656, 19.0084164 ], [ 72.8513629, 19.0083901 ], [ 72.8513497, 19.0083762 ], [ 72.8511827, 19.0083755 ], [ 72.8511702, 19.0083789 ], [ 72.8511592, 19.0083908 ], [ 72.851168, 19.0087796 ] ] } },
{ "type": "Feature", "properties": { "name": "Urban Corridor", "highway": "residential", "slope_pct": 0.6 }, "geometry": { "type": "LineString", "coordinates": [ [ 72.8513662, 19.0085451 ], [ 72.8515931, 19.0085465 ] ] } },
{ "type": "Feature", "properties": { "name": "Urban Corridor", "highway": "residential", "slope_pct": 0.6 }, "geometry": { "type": "LineString", "coordinates": [ [ 72.8515957, 19.0090618 ], [ 72.8518134, 19.0090603 ], [ 72.8523477, 19.0090564 ] ] } },
{ "type": "Feature", "properties": { "name": "Urban Corridor", "highway": "residential", "slope_pct": 0.6 }, "geometry": { "type": "LineString", "coordinates": [ [ 72.8515978, 19.0094904 ], [ 72.8516, 19.009497 ], [ 72.8516072, 19.0095017 ], [ 72.8519578, 19.0095058 ], [ 72.851971, 19.0095038 ], [ 72.8519784, 19.0094912 ], [ 72.8519813, 19.0093835 ], [ 72.8519747, 19.0093682 ], [ 72.85196, 19.0093633 ], [ 72.8518342, 19.0093647 ], [ 72.8518188, 19.0093501 ], [ 72.8518135, 19.0093337 ], [ 72.8518134, 19.0090603 ] ] } },
{ "type": "Feature", "properties": { "name": "Urban Corridor", "highway": "residential", "slope_pct": 0.6 }, "geometry": { "type": "LineString", "coordinates": [ [ 72.8515935, 19.0086145 ], [ 72.8517975, 19.0086152 ] ] } },
{ "type": "Feature", "properties": { "name": "Urban Corridor", "highway": "residential", "slope_pct": 0.6 }, "geometry": { "type": "LineString", "coordinates": [ [ 72.8515927, 19.0084524 ], [ 72.8518, 19.0084594 ] ] } },
{ "type": "Feature", "properties": { "name": "Urban Corridor", "highway": "residential", "slope_pct": 0.6 }, "geometry": { "type": "LineString", "coordinates": [ [ 72.851795, 19.0087646 ], [ 72.8518009, 19.0087827 ], [ 72.8518134, 19.0087883 ], [ 72.8519973, 19.0087917 ], [ 72.8520135, 19.0087862 ], [ 72.8520201, 19.0087771 ], [ 72.8520282, 19.0082375 ], [ 72.852023, 19.0082243 ], [ 72.8520135, 19.0082146 ], [ 72.8518296, 19.0082097 ], [ 72.8518134, 19.0082153 ], [ 72.8518039, 19.0082285 ], [ 72.8518, 19.0084594 ], [ 72.8517975, 19.0086152 ], [ 72.851795, 19.0087646 ] ] } },
{ "type": "Feature", "properties": { "name": "Urban Corridor", "highway": "residential", "slope_pct": 0.6 }, "geometry": { "type": "LineString", "coordinates": [ [ 72.8513456, 19.0093612 ], [ 72.8515972, 19.0093682 ] ] } },
{ "type": "Feature", "properties": { "name": "Urban Corridor", "highway": "residential", "slope_pct": 0.6 }, "geometry": { "type": "LineString", "coordinates": [ [ 72.8366395, 19.0061839 ], [ 72.8366427, 19.0061737 ], [ 72.8366383, 19.0061631 ], [ 72.8366086, 19.0061099 ], [ 72.8365722, 19.0060449 ], [ 72.8365648, 19.0060386 ], [ 72.8365513, 19.0060369 ], [ 72.8364037, 19.0061006 ], [ 72.8362318, 19.0061795 ], [ 72.8362274, 19.0061892 ], [ 72.8362292, 19.0062038 ], [ 72.8362665, 19.0062716 ], [ 72.8363047, 19.0063409 ], [ 72.8363118, 19.0063446 ], [ 72.8363196, 19.0063453 ], [ 72.8363247, 19.006344 ], [ 72.8364906, 19.0062585 ], [ 72.8366395, 19.0061839 ] ] } },
{ "type": "Feature", "properties": { "name": "Urban Corridor", "highway": "residential", "slope_pct": 0.6 }, "geometry": { "type": "LineString", "coordinates": [ [ 72.8362665, 19.0062716 ], [ 72.8362317, 19.0062899 ], [ 72.836197, 19.0063083 ] ] } },
{ "type": "Feature", "properties": { "name": "Urban Corridor", "highway": "residential", "slope_pct": 0.6 }, "geometry": { "type": "LineString", "coordinates": [ [ 72.8364906, 19.0062585 ], [ 72.8364037, 19.0061006 ] ] } },
{ "type": "Feature", "properties": { "name": "Urban Corridor", "highway": "residential", "slope_pct": 0.6 }, "geometry": { "type": "LineString", "coordinates": [ [ 72.8365665, 19.0059639 ], [ 72.8366393, 19.0060943 ], [ 72.8366824, 19.0061669 ], [ 72.8368651, 19.0064738 ] ] } },
{ "type": "Feature", "properties": { "name": "Urban Corridor", "highway": "residential", "slope_pct": 0.6 }, "geometry": { "type": "LineString", "coordinates": [ [ 72.8364541, 19.0067207 ], [ 72.8365145, 19.0066892 ], [ 72.8368526, 19.0065127 ], [ 72.8368648, 19.0064945 ], [ 72.8368651, 19.0064738 ] ] } },
{ "type": "Feature", "properties": { "name": "Urban Corridor", "highway": "residential", "slope_pct": 0.6 }, "geometry": { "type": "LineString", "coordinates": [ [ 72.8366824, 19.0061669 ], [ 72.8368664, 19.0060768 ] ] } },
{ "type": "Feature", "properties": { "name": "Urban Corridor", "highway": "residential", "slope_pct": 0.6 }, "geometry": { "type": "LineString", "coordinates": [ [ 72.8366086, 19.0061099 ], [ 72.8366188, 19.0061047 ], [ 72.8366393, 19.0060943 ] ] } },
{ "type": "Feature", "properties": { "name": "Urban Corridor", "highway": "residential", "slope_pct": 0.6 }, "geometry": { "type": "LineString", "coordinates": [ [ 72.8365665, 19.0059639 ], [ 72.8367498, 19.0058806 ] ] } },
{ "type": "Feature", "properties": { "name": "Urban Corridor", "highway": "secondary_link", "slope_pct": 0.6 }, "geometry": { "type": "LineString", "coordinates": [ [ 72.8477038, 19.0091631 ], [ 72.8477821, 19.0091348 ] ] } },
{ "type": "Feature", "properties": { "name": "Urban Corridor", "highway": "secondary_link", "slope_pct": 0.6 }, "geometry": { "type": "LineString", "coordinates": [ [ 72.8473548, 19.0083591 ], [ 72.8474243, 19.0083369 ] ] } },
{ "type": "Feature", "properties": { "name": "Urban Corridor", "highway": "secondary_link", "slope_pct": 0.6 }, "geometry": { "type": "LineString", "coordinates": [ [ 72.8431009, 19.0043516 ], [ 72.8430445, 19.004422 ] ] } },
{ "type": "Feature", "properties": { "name": "Urban Corridor", "highway": "residential", "slope_pct": 0.6 }, "geometry": { "type": "LineString", "coordinates": [ [ 72.838843, 19.0061933 ], [ 72.8390072, 19.0060857 ] ] } },
{ "type": "Feature", "properties": { "name": "Urban Corridor", "highway": "residential", "slope_pct": 0.6 }, "geometry": { "type": "LineString", "coordinates": [ [ 72.8488816, 19.002575 ], [ 72.8487929, 19.0025747 ], [ 72.8487307, 19.0025745 ], [ 72.8487165, 19.0025725 ], [ 72.8487112, 19.0025641 ], [ 72.8487085, 19.0025524 ], [ 72.8487127, 19.0024331 ], [ 72.8487134, 19.0024143 ], [ 72.8487191, 19.0024063 ], [ 72.8487293, 19.0024022 ], [ 72.8488998, 19.0024001 ] ] } },
{ "type": "Feature", "properties": { "name": "Urban Corridor", "highway": "residential", "slope_pct": 0.6 }, "geometry": { "type": "LineString", "coordinates": [ [ 72.8487127, 19.0024331 ], [ 72.8486935, 19.0024327 ], [ 72.8486743, 19.0024323 ] ] } },
{ "type": "Feature", "properties": { "name": "Urban Corridor", "highway": "residential", "slope_pct": 0.6 }, "geometry": { "type": "LineString", "coordinates": [ [ 72.8487165, 19.0025725 ], [ 72.8487103, 19.0025902 ], [ 72.8487042, 19.0026079 ] ] } },
{ "type": "Feature", "properties": { "name": "Urban Corridor", "highway": "residential", "slope_pct": 0.6 }, "geometry": { "type": "LineString", "coordinates": [ [ 72.8487929, 19.0025747 ], [ 72.8487929, 19.0025895 ], [ 72.8487929, 19.0026042 ] ] } },
{ "type": "Feature", "properties": { "name": "Tokersee Jivraj Road", "highway": "tertiary", "slope_pct": 0.6 }, "geometry": { "type": "LineString", "coordinates": [ [ 72.8503132, 18.9984785 ], [ 72.8503469, 18.9985503 ] ] } },
{ "type": "Feature", "properties": { "name": "Urban Corridor", "highway": "residential", "slope_pct": 0.6 }, "geometry": { "type": "LineString", "coordinates": [ [ 72.8441837, 18.9912119 ], [ 72.8442449, 18.9911936 ], [ 72.8443128, 18.99118 ], [ 72.8443585, 18.9911852 ], [ 72.844384, 18.9912339 ] ] } },
{ "type": "Feature", "properties": { "name": "Urban Corridor", "highway": "residential", "slope_pct": 0.6 }, "geometry": { "type": "LineString", "coordinates": [ [ 72.8367625, 18.9907544 ], [ 72.8364789, 18.9907665 ], [ 72.8364606, 18.9907554 ], [ 72.8364413, 18.9905372 ], [ 72.8364531, 18.990518 ], [ 72.8367299, 18.9905149 ], [ 72.8367471, 18.9905372 ], [ 72.8367625, 18.9907544 ], [ 72.8367664, 18.9908091 ], [ 72.8367932, 18.9908365 ], [ 72.8368437, 18.9908579 ], [ 72.8372361, 18.9908619 ], [ 72.8374168, 18.9908607 ], [ 72.8376092, 18.9908583 ], [ 72.8376279, 18.9908648 ], [ 72.8376347, 18.9908769 ], [ 72.8376358, 18.9909101 ] ] } },
{ "type": "Feature", "properties": { "name": "Urban Corridor", "highway": "residential", "slope_pct": 0.6 }, "geometry": { "type": "LineString", "coordinates": [ [ 72.8374199, 18.990992 ], [ 72.8374168, 18.9908607 ] ] } },
{ "type": "Feature", "properties": { "name": "Urban Corridor", "highway": "residential", "slope_pct": 0.6 }, "geometry": { "type": "LineString", "coordinates": [ [ 72.8374168, 18.9908607 ], [ 72.8374008, 18.9905287 ], [ 72.8373964, 18.9905176 ], [ 72.8373788, 18.990512 ], [ 72.837343, 18.9904981 ], [ 72.8373082, 18.9904902 ], [ 72.8372881, 18.9904921 ], [ 72.837267, 18.9905129 ], [ 72.837266, 18.9905315 ], [ 72.8372591, 18.9905542 ], [ 72.8372518, 18.9905598 ], [ 72.8372459, 18.9905667 ], [ 72.837239, 18.9905797 ], [ 72.8372376, 18.9905987 ], [ 72.8372361, 18.9908619 ] ] } },
{ "type": "Feature", "properties": { "name": "Urban Corridor", "highway": "residential", "slope_pct": 0.6 }, "geometry": { "type": "LineString", "coordinates": [ [ 72.8379623, 18.9941016 ], [ 72.8381546, 18.9939986 ], [ 72.8381679, 18.9939986 ], [ 72.8381893, 18.994012 ], [ 72.8384887, 18.9944122 ], [ 72.8386556, 18.9946436 ] ] } },
{ "type": "Feature", "properties": { "name": "Urban Corridor", "highway": "residential", "slope_pct": 0.6 }, "geometry": { "type": "LineString", "coordinates": [ [ 72.8377649, 18.9915371 ], [ 72.8377793, 18.9921238 ], [ 72.8377579, 18.9921678 ], [ 72.8376971, 18.992205 ], [ 72.8375158, 18.9922047 ], [ 72.8374643, 18.992215 ], [ 72.8374162, 18.992239 ], [ 72.8373582, 18.9922618 ], [ 72.8372739, 18.9922562 ], [ 72.8372021, 18.99222 ], [ 72.8371714, 18.9921681 ], [ 72.8371754, 18.9921038 ], [ 72.8371931, 18.9920548 ], [ 72.8372357, 18.9917129 ], [ 72.8376095, 18.9915219 ], [ 72.837681, 18.9915151 ], [ 72.8377649, 18.9915371 ] ] } },
{ "type": "Feature", "properties": { "name": "Urban Corridor", "highway": "residential", "slope_pct": 0.6 }, "geometry": { "type": "LineString", "coordinates": [ [ 72.8372536, 18.9913976 ], [ 72.837251, 18.9914803 ], [ 72.8372357, 18.9917129 ] ] } },
{ "type": "Feature", "properties": { "name": "Urban Corridor", "highway": "residential", "slope_pct": 0.6 }, "geometry": { "type": "LineString", "coordinates": [ [ 72.8377649, 18.9915371 ], [ 72.8377629, 18.99147 ], [ 72.8377609, 18.991376 ] ] } },
{ "type": "Feature", "properties": { "name": "Urban Corridor", "highway": "residential", "slope_pct": 0.6 }, "geometry": { "type": "LineString", "coordinates": [ [ 72.8371184, 18.9915335 ], [ 72.8371188, 18.9915137 ], [ 72.8371197, 18.9914713 ], [ 72.8371212, 18.991398 ] ] } },
{ "type": "Feature", "properties": { "name": "Urban Corridor", "highway": "residential", "slope_pct": 0.6 }, "geometry": { "type": "LineString", "coordinates": [ [ 72.8371188, 18.9915137 ], [ 72.8368581, 18.991521 ], [ 72.8368414, 18.9915261 ], [ 72.8368267, 18.9915423 ], [ 72.8368208, 18.9915586 ], [ 72.8368296, 18.9917565 ], [ 72.8368384, 18.9917672 ], [ 72.8368532, 18.9917709 ], [ 72.8369497, 18.99177 ] ] } },
{ "type": "Feature", "properties": { "name": "Urban Corridor", "highway": "residential", "slope_pct": 0.6 }, "geometry": { "type": "LineString", "coordinates": [ [ 72.8364832, 18.9919831 ], [ 72.8367051, 18.9918616 ], [ 72.8367178, 18.9918602 ], [ 72.8367286, 18.9918667 ], [ 72.8368036, 18.9919895 ], [ 72.8368041, 18.9920053 ], [ 72.8367958, 18.9920173 ], [ 72.8365755, 18.9921231 ] ] } },
{ "type": "Feature", "properties": { "name": "Urban Corridor", "highway": "residential", "slope_pct": 0.6 }, "geometry": { "type": "LineString", "coordinates": [ [ 72.8365755, 18.9921231 ], [ 72.8364456, 18.992186 ] ] } },
{ "type": "Feature", "properties": { "name": "Urban Corridor", "highway": "residential", "slope_pct": 0.6 }, "geometry": { "type": "LineString", "coordinates": [ [ 72.8363778, 18.9920409 ], [ 72.8364832, 18.9919831 ] ] } },
{ "type": "Feature", "properties": { "name": "Urban Corridor", "highway": "residential", "slope_pct": 0.6 }, "geometry": { "type": "LineString", "coordinates": [ [ 72.8370392, 18.9947503 ], [ 72.8370825, 18.9947464 ], [ 72.8371023, 18.9947445 ] ] } },
{ "type": "Feature", "properties": { "name": "Urban Corridor", "highway": "residential", "slope_pct": 0.6 }, "geometry": { "type": "LineString", "coordinates": [ [ 72.8372823, 18.9948861 ], [ 72.8372795, 18.9948626 ], [ 72.8372627, 18.9947205 ] ] } },
{ "type": "Feature", "properties": { "name": "Urban Corridor", "highway": "residential", "slope_pct": 0.6 }, "geometry": { "type": "LineString", "coordinates": [ [ 72.8370123, 18.9944559 ], [ 72.8370331, 18.9944542 ], [ 72.8370538, 18.9944525 ], [ 72.8372232, 18.9944385 ], [ 72.837246, 18.9944371 ], [ 72.8372688, 18.9944357 ] ] } },
{ "type": "Feature", "properties": { "name": "Urban Corridor", "highway": "residential", "slope_pct": 0.6 }, "geometry": { "type": "LineString", "coordinates": [ [ 72.8370313, 18.9946761 ], [ 72.8370514, 18.9946746 ], [ 72.8370716, 18.9946732 ], [ 72.8372434, 18.9946612 ], [ 72.8372618, 18.9946604 ], [ 72.8372803, 18.9946596 ] ] } },
{ "type": "Feature", "properties": { "name": "Urban Corridor", "highway": "residential", "slope_pct": 0.6 }, "geometry": { "type": "LineString", "coordinates": [ [ 72.8370243, 18.9945948 ], [ 72.8370486, 18.9945925 ], [ 72.837065, 18.9945911 ], [ 72.8372356, 18.9945755 ], [ 72.8372552, 18.9945742 ], [ 72.8372747, 18.9945729 ] ] } },
{ "type": "Feature", "properties": { "name": "Urban Corridor", "highway": "residential", "slope_pct": 0.6 }, "geometry": { "type": "LineString", "coordinates": [ [ 72.8370716, 18.9946732 ], [ 72.837065, 18.9945911 ], [ 72.8370538, 18.9944525 ] ] } },
{ "type": "Feature", "properties": { "name": "Urban Corridor", "highway": "residential", "slope_pct": 0.6 }, "geometry": { "type": "LineString", "coordinates": [ [ 72.8372434, 18.9946612 ], [ 72.8372356, 18.9945755 ], [ 72.8372232, 18.9944385 ] ] } },
{ "type": "Feature", "properties": { "name": "Urban Corridor", "highway": "residential", "slope_pct": 0.6 }, "geometry": { "type": "LineString", "coordinates": [ [ 72.8375961, 18.9941178 ], [ 72.8375697, 18.9941334 ], [ 72.8375549, 18.9941438 ], [ 72.8374503, 18.9942099 ], [ 72.837446, 18.9942114 ], [ 72.8374406, 18.9942104 ], [ 72.8374371, 18.9942082 ], [ 72.8374346, 18.9942054 ], [ 72.837365, 18.9941052 ], [ 72.8373387, 18.9940674 ] ] } },
{ "type": "Feature", "properties": { "name": "Urban Corridor", "highway": "residential", "slope_pct": 0.6 }, "geometry": { "type": "LineString", "coordinates": [ [ 72.8375549, 18.9941438 ], [ 72.8374784, 18.9940346 ], [ 72.8374529, 18.9939982 ] ] } },
{ "type": "Feature", "properties": { "name": "Urban Corridor", "highway": "residential", "slope_pct": 0.6 }, "geometry": { "type": "LineString", "coordinates": [ [ 72.8342089, 18.9952449 ], [ 72.8337231, 18.9952224 ], [ 72.8334138, 18.9952203 ], [ 72.8332216, 18.9952241 ] ] } },
{ "type": "Feature", "properties": { "name": "Urban Corridor", "highway": "tertiary", "slope_pct": 0.6 }, "geometry": { "type": "LineString", "coordinates": [ [ 72.8367229, 18.9953163 ], [ 72.8365339, 18.9953358 ] ] } },
{ "type": "Feature", "properties": { "name": "Currey Road Bridge", "highway": "secondary", "slope_pct": 0.6 }, "geometry": { "type": "LineString", "coordinates": [ [ 72.8347478, 18.9951799 ], [ 72.8347206, 18.9951759 ] ] } },
{ "type": "Feature", "properties": { "name": "Currey Road Bridge", "highway": "secondary", "slope_pct": 0.6 }, "geometry": { "type": "LineString", "coordinates": [ [ 72.8347206, 18.9951759 ], [ 72.8346281, 18.9951607 ], [ 72.8345545, 18.9951731 ] ] } },
{ "type": "Feature", "properties": { "name": "Urban Corridor", "highway": "secondary", "slope_pct": 0.6 }, "geometry": { "type": "LineString", "coordinates": [ [ 72.834703, 18.9952337 ], [ 72.8348957, 18.9952632 ], [ 72.835593, 18.9953591 ], [ 72.8359347, 18.9953951 ], [ 72.8362077, 18.9954134 ], [ 72.836437, 18.9954117 ], [ 72.8365443, 18.9954109 ] ] } },
{ "type": "Feature", "properties": { "name": "Urban Corridor", "highway": "secondary", "slope_pct": 0.6 }, "geometry": { "type": "LineString", "coordinates": [ [ 72.8345545, 18.9951731 ], [ 72.8346178, 18.9952199 ], [ 72.834703, 18.9952337 ] ] } },
{ "type": "Feature", "properties": { "name": "Urban Corridor", "highway": "residential", "slope_pct": 0.6 }, "geometry": { "type": "LineString", "coordinates": [ [ 72.8362793, 18.9941131 ], [ 72.8362, 18.9941123 ], [ 72.8361756, 18.9941217 ], [ 72.8361331, 18.9941631 ], [ 72.8361176, 18.9941717 ], [ 72.836102, 18.9941731 ], [ 72.835944, 18.9941517 ], [ 72.8358124, 18.9941467 ], [ 72.8357744, 18.9941581 ] ] } },
{ "type": "Feature", "properties": { "name": "Urban Corridor", "highway": "residential", "slope_pct": 0.6 }, "geometry": { "type": "LineString", "coordinates": [ [ 72.8353845, 18.9945677 ], [ 72.836306, 18.9946307 ], [ 72.8363395, 18.994633 ], [ 72.8365007, 18.9946444 ] ] } },
{ "type": "Feature", "properties": { "name": "Urban Corridor", "highway": "residential", "slope_pct": 0.6 }, "geometry": { "type": "LineString", "coordinates": [ [ 72.8344749, 18.9942345 ], [ 72.8345266, 18.9944301 ], [ 72.8346438, 18.9946762 ], [ 72.8347524, 18.9948783 ], [ 72.8347869, 18.9949484 ], [ 72.8348127, 18.9951882 ] ] } },
{ "type": "Feature", "properties": { "name": "Urban Corridor", "highway": "residential", "slope_pct": 0.6 }, "geometry": { "type": "LineString", "coordinates": [ [ 72.8362097, 18.9951199 ], [ 72.8360561, 18.9951199 ], [ 72.8360433, 18.9951239 ], [ 72.8360377, 18.9951369 ], [ 72.8360416, 18.9953174 ], [ 72.8360423, 18.9953488 ] ] } },
{ "type": "Feature", "properties": { "name": "Urban Corridor", "highway": "residential", "slope_pct": 0.6 }, "geometry": { "type": "LineString", "coordinates": [ [ 72.8348209, 18.9939682 ], [ 72.8348881, 18.9935174 ] ] } },
{ "type": "Feature", "properties": { "name": "Urban Corridor", "highway": "residential", "slope_pct": 0.6 }, "geometry": { "type": "LineString", "coordinates": [ [ 72.8337356, 18.9961852 ], [ 72.8336163, 18.9961783 ], [ 72.8335991, 18.9961699 ], [ 72.8335908, 18.9961514 ], [ 72.8335977, 18.9959185 ] ] } },
{ "type": "Feature", "properties": { "name": "Urban Corridor", "highway": "residential", "slope_pct": 0.6 }, "geometry": { "type": "LineString", "coordinates": [ [ 72.8337348, 18.9959226 ], [ 72.833869, 18.9959278 ], [ 72.834108, 18.9959279 ] ] } },
{ "type": "Feature", "properties": { "name": "Urban Corridor", "highway": "residential", "slope_pct": 0.6 }, "geometry": { "type": "LineString", "coordinates": [ [ 72.8333526, 18.9961181 ], [ 72.8333615, 18.9959113 ] ] } },
{ "type": "Feature", "properties": { "name": "Urban Corridor", "highway": "residential", "slope_pct": 0.6 }, "geometry": { "type": "LineString", "coordinates": [ [ 72.8339297, 18.9961631 ], [ 72.8339337, 18.9959974 ], [ 72.8339318, 18.9959867 ], [ 72.8339202, 18.9959724 ], [ 72.8338946, 18.9959591 ], [ 72.8338817, 18.9959468 ], [ 72.833869, 18.9959278 ] ] } },
{ "type": "Feature", "properties": { "name": "Urban Corridor", "highway": "residential", "slope_pct": 0.6 }, "geometry": { "type": "LineString", "coordinates": [ [ 72.8390906, 18.9945196 ], [ 72.8393436, 18.9944552 ], [ 72.8393608, 18.9944593 ], [ 72.8393706, 18.9944737 ], [ 72.8394145, 18.9946869 ], [ 72.8394273, 18.9947489 ], [ 72.8394462, 18.9948405 ] ] } },
{ "type": "Feature", "properties": { "name": "Urban Corridor", "highway": "residential", "slope_pct": 0.6 }, "geometry": { "type": "LineString", "coordinates": [ [ 72.8392127, 18.9947213 ], [ 72.8394145, 18.9946869 ] ] } },
{ "type": "Feature", "properties": { "name": "Urban Corridor", "highway": "residential", "slope_pct": 0.6 }, "geometry": { "type": "LineString", "coordinates": [ [ 72.8387728, 18.9929177 ], [ 72.8388612, 18.9929256 ], [ 72.839209, 18.9929768 ], [ 72.8392266, 18.9929721 ], [ 72.839232, 18.9929573 ], [ 72.8392806, 18.9926698 ], [ 72.8392766, 18.9926536 ], [ 72.8392705, 18.9926404 ], [ 72.8391966, 18.9925665 ], [ 72.8391848, 18.9925605 ], [ 72.8390696, 18.9925466 ], [ 72.839052, 18.9925484 ], [ 72.8390377, 18.9925559 ], [ 72.8390309, 18.9925693 ], [ 72.8390098, 18.9927152 ], [ 72.839004, 18.9927356 ], [ 72.8389897, 18.9927468 ], [ 72.838975, 18.9927486 ], [ 72.8389005, 18.9927398 ], [ 72.8388833, 18.9927481 ], [ 72.8388775, 18.9927681 ], [ 72.8388612, 18.9929256 ] ] } },
{ "type": "Feature", "properties": { "name": "Urban Corridor", "highway": "residential", "slope_pct": 0.6 }, "geometry": { "type": "LineString", "coordinates": [ [ 72.8383576, 18.9927341 ], [ 72.8386453, 18.992733 ] ] } },
{ "type": "Feature", "properties": { "name": "Urban Corridor", "highway": "residential", "slope_pct": 0.6 }, "geometry": { "type": "LineString", "coordinates": [ [ 72.837933, 18.9922464 ], [ 72.8377685, 18.9922261 ], [ 72.8377113, 18.9922312 ], [ 72.8376398, 18.9922735 ], [ 72.8376183, 18.9923208 ], [ 72.8376183, 18.9923699 ], [ 72.8376344, 18.992429 ], [ 72.8376952, 18.9925102 ], [ 72.8377542, 18.9925812 ], [ 72.837815, 18.9927976 ] ] } },
{ "type": "Feature", "properties": { "name": "Urban Corridor", "highway": "residential", "slope_pct": 0.6 }, "geometry": { "type": "LineString", "coordinates": [ [ 72.8375189, 18.9928959 ], [ 72.8376594, 18.992823 ], [ 72.837815, 18.9927976 ], [ 72.8380457, 18.9927689 ] ] } },
{ "type": "Feature", "properties": { "name": "Urban Corridor", "highway": "residential", "slope_pct": 0.6 }, "geometry": { "type": "LineString", "coordinates": [ [ 72.8387163, 18.9942602 ], [ 72.8387377, 18.9942918 ], [ 72.8387522, 18.9943133 ], [ 72.8388769, 18.9944974 ], [ 72.838894, 18.9945085 ], [ 72.8389107, 18.9945062 ], [ 72.8390504, 18.9944218 ], [ 72.8390632, 18.9944089 ], [ 72.8390651, 18.994394 ], [ 72.8389435, 18.9942267 ], [ 72.8389347, 18.9942169 ], [ 72.8389234, 18.9942151 ], [ 72.8389126, 18.9942155 ], [ 72.8387522, 18.9943133 ] ] } },
{ "type": "Feature", "properties": { "name": "Urban Corridor", "highway": "tertiary_link", "slope_pct": 0.6 }, "geometry": { "type": "LineString", "coordinates": [ [ 72.8393384, 18.9949309 ], [ 72.8393266, 18.9948613 ] ] } },
{ "type": "Feature", "properties": { "name": "Urban Corridor", "highway": "residential", "slope_pct": 0.6 }, "geometry": { "type": "LineString", "coordinates": [ [ 72.8427335, 18.9929115 ], [ 72.8427441, 18.9928397 ] ] } },
{ "type": "Feature", "properties": { "name": "Urban Corridor", "highway": "tertiary_link", "slope_pct": 0.6 }, "geometry": { "type": "LineString", "coordinates": [ [ 72.8431902, 18.9929083 ], [ 72.8431885, 18.9929802 ] ] } },
{ "type": "Feature", "properties": { "name": "Urban Corridor", "highway": "tertiary_link", "slope_pct": 0.6 }, "geometry": { "type": "LineString", "coordinates": [ [ 72.8439503, 18.9945181 ], [ 72.8439407, 18.9944278 ] ] } },
{ "type": "Feature", "properties": { "name": "Urban Corridor", "highway": "tertiary_link", "slope_pct": 0.6 }, "geometry": { "type": "LineString", "coordinates": [ [ 72.842649, 18.9946333 ], [ 72.8426404, 18.9945386 ] ] } },
{ "type": "Feature", "properties": { "name": "Urban Corridor", "highway": "tertiary_link", "slope_pct": 0.6 }, "geometry": { "type": "LineString", "coordinates": [ [ 72.8410198, 18.9947701 ], [ 72.8410097, 18.9946866 ] ] } },
{ "type": "Feature", "properties": { "name": "Urban Corridor", "highway": "residential", "slope_pct": 0.6 }, "geometry": { "type": "LineString", "coordinates": [ [ 72.8325954, 18.989135 ], [ 72.8319423, 18.989001 ], [ 72.8318447, 18.9889875 ], [ 72.8317269, 18.9889843 ] ] } },
{ "type": "Feature", "properties": { "name": "Urban Corridor", "highway": "residential", "slope_pct": 0.6 }, "geometry": { "type": "LineString", "coordinates": [ [ 72.8316482, 18.9902833 ], [ 72.8317122, 18.9902863 ], [ 72.8320442, 18.9903014 ], [ 72.8320819, 18.9903031 ], [ 72.8326144, 18.9902864 ], [ 72.8326286, 18.9902822 ], [ 72.832637, 18.990272 ], [ 72.8326355, 18.9901677 ] ] } },
{ "type": "Feature", "properties": { "name": "Urban Corridor", "highway": "residential", "slope_pct": 0.6 }, "geometry": { "type": "LineString", "coordinates": [ [ 72.8320442, 18.9903014 ], [ 72.8320437, 18.9901376 ], [ 72.8320368, 18.9901176 ], [ 72.8320241, 18.990106 ], [ 72.8320069, 18.9900968 ], [ 72.8317334, 18.9900882 ], [ 72.8316623, 18.9900859 ] ] } },
{ "type": "Feature", "properties": { "name": "Urban Corridor", "highway": "residential", "slope_pct": 0.6 }, "geometry": { "type": "LineString", "coordinates": [ [ 72.8322634, 18.9905647 ], [ 72.8317236, 18.9905452 ], [ 72.8316322, 18.9905419 ] ] } },
{ "type": "Feature", "properties": { "name": "Urban Corridor", "highway": "residential", "slope_pct": 0.6 }, "geometry": { "type": "LineString", "coordinates": [ [ 72.8322364, 18.9907803 ], [ 72.8320643, 18.990772 ], [ 72.8320477, 18.9907683 ], [ 72.8320305, 18.9907599 ], [ 72.8319212, 18.9907608 ], [ 72.8319006, 18.9907567 ], [ 72.8318873, 18.990746 ], [ 72.8318574, 18.99074 ], [ 72.8317074, 18.9907383 ], [ 72.8316201, 18.9907373 ] ] } },
{ "type": "Feature", "properties": { "name": "Urban Corridor", "highway": "residential", "slope_pct": 0.6 }, "geometry": { "type": "LineString", "coordinates": [ [ 72.8316928, 18.9895585 ], [ 72.8319357, 18.9896192 ], [ 72.8321132, 18.9896636 ], [ 72.8322696, 18.9897027 ], [ 72.8324437, 18.9897462 ], [ 72.8325704, 18.9897778 ] ] } },
{ "type": "Feature", "properties": { "name": "Urban Corridor", "highway": "residential", "slope_pct": 0.6 }, "geometry": { "type": "LineString", "coordinates": [ [ 72.8320914, 18.9900347 ], [ 72.8321132, 18.9896636 ] ] } },
{ "type": "Feature", "properties": { "name": "Urban Corridor", "highway": "residential", "slope_pct": 0.6 }, "geometry": { "type": "LineString", "coordinates": [ [ 72.8322591, 18.9900384 ], [ 72.8322696, 18.9897027 ] ] } },
{ "type": "Feature", "properties": { "name": "Urban Corridor", "highway": "residential", "slope_pct": 0.6 }, "geometry": { "type": "LineString", "coordinates": [ [ 72.8338804, 18.9899054 ], [ 72.8338651, 18.9898247 ], [ 72.8338329, 18.9897358 ], [ 72.8337956, 18.9896925 ], [ 72.8337379, 18.989662 ], [ 72.8334755, 18.9896069 ], [ 72.8334192, 18.9896064 ], [ 72.833382, 18.9896161 ], [ 72.8333498, 18.9896381 ], [ 72.8332958, 18.9897526 ], [ 72.8332958, 18.989786 ], [ 72.8333191, 18.9898239 ], [ 72.8334202, 18.9898754 ], [ 72.8334846, 18.9899221 ] ] } },
{ "type": "Feature", "properties": { "name": "Urban Corridor", "highway": "residential", "slope_pct": 0.6 }, "geometry": { "type": "LineString", "coordinates": [ [ 72.8334801, 18.9910974 ], [ 72.8336596, 18.9910618 ], [ 72.8339317, 18.9909907 ] ] } },
{ "type": "Feature", "properties": { "name": "Urban Corridor", "highway": "residential", "slope_pct": 0.6 }, "geometry": { "type": "LineString", "coordinates": [ [ 72.8343398, 18.9906368 ], [ 72.8343971, 18.9906368 ] ] } },
{ "type": "Feature", "properties": { "name": "Urban Corridor", "highway": "residential", "slope_pct": 0.6 }, "geometry": { "type": "LineString", "coordinates": [ [ 72.8344948, 18.9906367 ], [ 72.834536, 18.9906366 ], [ 72.8345785, 18.9906354 ] ] } },
{ "type": "Feature", "properties": { "name": "Urban Corridor", "highway": "residential", "slope_pct": 0.6 }, "geometry": { "type": "LineString", "coordinates": [ [ 72.834578, 18.9905345 ], [ 72.8345336, 18.990536 ], [ 72.8344976, 18.9905377 ] ] } },
{ "type": "Feature", "properties": { "name": "Urban Corridor", "highway": "residential", "slope_pct": 0.6 }, "geometry": { "type": "LineString", "coordinates": [ [ 72.834396, 18.9905424 ], [ 72.8343458, 18.9905447 ] ] } },
{ "type": "Feature", "properties": { "name": "Urban Corridor", "highway": "residential", "slope_pct": 0.6 }, "geometry": { "type": "LineString", "coordinates": [ [ 72.8319148, 18.993236 ], [ 72.832203, 18.993236 ], [ 72.8322196, 18.9932262 ], [ 72.8322257, 18.9932105 ], [ 72.8322211, 18.9930837 ] ] } },
{ "type": "Feature", "properties": { "name": "Urban Corridor", "highway": "residential", "slope_pct": 0.6 }, "geometry": { "type": "LineString", "coordinates": [ [ 72.8326078, 18.9916751 ], [ 72.8323274, 18.9917319 ], [ 72.8318659, 18.9918253 ], [ 72.831827, 18.9918303 ], [ 72.8317887, 18.9918364 ], [ 72.831567, 18.9918447 ] ] } },
{ "type": "Feature", "properties": { "name": "Urban Corridor", "highway": "residential", "slope_pct": 0.6 }, "geometry": { "type": "LineString", "coordinates": [ [ 72.8318965, 18.9919736 ], [ 72.8323601, 18.9918924 ], [ 72.8326556, 18.9918405 ] ] } },
{ "type": "Feature", "properties": { "name": "Urban Corridor", "highway": "residential", "slope_pct": 0.6 }, "geometry": { "type": "LineString", "coordinates": [ [ 72.8323869, 18.9920241 ], [ 72.8323601, 18.9918924 ], [ 72.8323274, 18.9917319 ] ] } },
{ "type": "Feature", "properties": { "name": "Urban Corridor", "highway": "residential", "slope_pct": 0.6 }, "geometry": { "type": "LineString", "coordinates": [ [ 72.8315395, 18.9925222 ], [ 72.831592, 18.9925223 ], [ 72.8317592, 18.9925228 ], [ 72.8319651, 18.9925234 ], [ 72.832146, 18.9925239 ], [ 72.8323431, 18.9925245 ], [ 72.8325417, 18.9925251 ] ] } },
{ "type": "Feature", "properties": { "name": "Urban Corridor", "highway": "residential", "slope_pct": 0.6 }, "geometry": { "type": "LineString", "coordinates": [ [ 72.8323422, 18.9926206 ], [ 72.8323431, 18.9925245 ] ] } },
{ "type": "Feature", "properties": { "name": "Urban Corridor", "highway": "residential", "slope_pct": 0.6 }, "geometry": { "type": "LineString", "coordinates": [ [ 72.832145, 18.9926271 ], [ 72.832146, 18.9925239 ] ] } },
{ "type": "Feature", "properties": { "name": "Urban Corridor", "highway": "residential", "slope_pct": 0.6 }, "geometry": { "type": "LineString", "coordinates": [ [ 72.8326851, 18.9961265 ], [ 72.832491, 18.9961167 ] ] } },
{ "type": "Feature", "properties": { "name": "Urban Corridor", "highway": "secondary_link", "slope_pct": 0.6 }, "geometry": { "type": "LineString", "coordinates": [ [ 72.8378047, 18.9976445 ], [ 72.8377876, 18.997725 ] ] } },
{ "type": "Feature", "properties": { "name": "Urban Corridor", "highway": "trunk_link", "slope_pct": 0.6 }, "geometry": { "type": "LineString", "coordinates": [ [ 72.8376206, 18.9978934 ], [ 72.837672, 18.9978164 ], [ 72.8377127, 18.9977807 ], [ 72.8377725, 18.9977575 ], [ 72.8378403, 18.9977446 ] ] } },
{ "type": "Feature", "properties": { "name": "Urban Corridor", "highway": "residential", "slope_pct": 0.6 }, "geometry": { "type": "LineString", "coordinates": [ [ 72.8323143, 19.008428 ], [ 72.8324758, 19.0083556 ], [ 72.8325053, 19.0083424 ] ] } },
{ "type": "Feature", "properties": { "name": "Urban Corridor", "highway": "residential", "slope_pct": 0.6 }, "geometry": { "type": "LineString", "coordinates": [ [ 72.8322717, 19.008301 ], [ 72.8324059, 19.0082379 ] ] } },
{ "type": "Feature", "properties": { "name": "Urban Corridor", "highway": "residential", "slope_pct": 0.6 }, "geometry": { "type": "LineString", "coordinates": [ [ 72.8323316, 19.0086891 ], [ 72.8325944, 19.0086119 ], [ 72.832655, 19.0085891 ] ] } },
{ "type": "Feature", "properties": { "name": "Senapati Bapat Marg", "highway": "primary", "slope_pct": 0.6 }, "geometry": { "type": "LineString", "coordinates": [ [ 72.832655, 19.0085891 ], [ 72.8328383, 19.0088432 ] ] } },
{ "type": "Feature", "properties": { "name": "Urban Corridor", "highway": "residential", "slope_pct": 0.6 }, "geometry": { "type": "LineString", "coordinates": [ [ 72.832655, 19.0085891 ], [ 72.8328248, 19.008498 ] ] } },
{ "type": "Feature", "properties": { "name": "Urban Corridor", "highway": "residential", "slope_pct": 0.6 }, "geometry": { "type": "LineString", "coordinates": [ [ 72.8325053, 19.0083424 ], [ 72.8326673, 19.0082624 ] ] } },
{ "type": "Feature", "properties": { "name": "Urban Corridor", "highway": "residential", "slope_pct": 0.6 }, "geometry": { "type": "LineString", "coordinates": [ [ 72.8324443, 19.0082199 ], [ 72.8326025, 19.0081452 ] ] } },
{ "type": "Feature", "properties": { "name": "Urban Corridor", "highway": "residential", "slope_pct": 0.6 }, "geometry": { "type": "LineString", "coordinates": [ [ 72.8324247, 18.9900531 ], [ 72.8324414, 18.9897832 ], [ 72.8324437, 18.9897462 ] ] } },
{ "type": "Feature", "properties": { "name": "Urban Corridor", "highway": "residential", "slope_pct": 0.6 }, "geometry": { "type": "LineString", "coordinates": [ [ 72.8321738, 19.0076775 ], [ 72.832139, 19.0076911 ], [ 72.8319263, 19.0077742 ], [ 72.8317043, 19.007861 ], [ 72.8316631, 19.0078796 ], [ 72.8314621, 19.0080649 ], [ 72.8314293, 19.0080951 ], [ 72.8312544, 19.0082563 ], [ 72.8312446, 19.0082804 ], [ 72.8312441, 19.0085095 ], [ 72.831253, 19.0085257 ], [ 72.8312682, 19.0085345 ], [ 72.8312893, 19.0085377 ], [ 72.8313487, 19.0085363 ], [ 72.8314864, 19.0085331 ], [ 72.8315025, 19.0085271 ], [ 72.8315109, 19.0085169 ], [ 72.8315133, 19.0085048 ], [ 72.8315207, 19.0083639 ], [ 72.8315266, 19.0083518 ], [ 72.8315428, 19.008344 ], [ 72.8316781, 19.0083453 ], [ 72.8316948, 19.0083416 ], [ 72.8317075, 19.0083305 ], [ 72.8317104, 19.0083138 ], [ 72.8317149, 19.0081975 ], [ 72.8317202, 19.0081836 ], [ 72.8317359, 19.0081724 ], [ 72.8317556, 19.0081692 ], [ 72.8318891, 19.0081701 ], [ 72.8319313, 19.008172 ], [ 72.8319263, 19.0077742 ] ] } },
{ "type": "Feature", "properties": { "name": "Urban Corridor", "highway": "residential", "slope_pct": 0.6 }, "geometry": { "type": "LineString", "coordinates": [ [ 72.8318891, 19.0081701 ], [ 72.8318935, 19.0084431 ], [ 72.832144, 19.0084427 ], [ 72.8321308, 19.0082127 ], [ 72.8321166, 19.0081891 ], [ 72.8320945, 19.0081766 ], [ 72.8319313, 19.008172 ] ] } },
{ "type": "Feature", "properties": { "name": "Urban Corridor", "highway": "residential", "slope_pct": 0.6 }, "geometry": { "type": "LineString", "coordinates": [ [ 72.832144, 19.0084427 ], [ 72.8321527, 19.0085685 ], [ 72.8321613, 19.0086942 ] ] } },
{ "type": "Feature", "properties": { "name": "Urban Corridor", "highway": "residential", "slope_pct": 0.6 }, "geometry": { "type": "LineString", "coordinates": [ [ 72.8325794, 18.9933721 ], [ 72.8323326, 18.9933839 ], [ 72.8322146, 18.9933704 ], [ 72.8321735, 18.9933603 ], [ 72.8320304, 18.9933603 ], [ 72.8319267, 18.993362 ], [ 72.8318725, 18.9934222 ], [ 72.8318208, 18.9934739 ] ] } },
{ "type": "Feature", "properties": { "name": "Urban Corridor", "highway": "residential", "slope_pct": 0.6 }, "geometry": { "type": "LineString", "coordinates": [ [ 72.8350986, 19.0077348 ], [ 72.8352613, 19.0079449 ], [ 72.8352887, 19.0079804 ] ] } },
{ "type": "Feature", "properties": { "name": "Acharya Donde Marg", "highway": "residential", "slope_pct": 0.6 }, "geometry": { "type": "LineString", "coordinates": [ [ 72.8528524, 18.9981974 ], [ 72.8528257, 18.998192 ], [ 72.8527774, 18.9981353 ] ] } },
{ "type": "Feature", "properties": { "name": "Acharya Donde Marg", "highway": "tertiary", "slope_pct": 0.6 }, "geometry": { "type": "LineString", "coordinates": [ [ 72.8522413, 18.9982343 ], [ 72.8528257, 18.998192 ] ] } },
{ "type": "Feature", "properties": { "name": "Acharya Donde Marg", "highway": "tertiary", "slope_pct": 0.6 }, "geometry": { "type": "LineString", "coordinates": [ [ 72.8510826, 18.9983663 ], [ 72.8513235, 18.9983078 ], [ 72.8522413, 18.9982343 ] ] } },
{ "type": "Feature", "properties": { "name": "Urban Corridor", "highway": "tertiary", "slope_pct": 0.6 }, "geometry": { "type": "LineString", "coordinates": [ [ 72.8462138, 19.0004841 ], [ 72.8463346, 19.0004798 ] ] } },
{ "type": "Feature", "properties": { "name": "Urban Corridor", "highway": "residential", "slope_pct": 0.6 }, "geometry": { "type": "LineString", "coordinates": [ [ 72.8376722, 19.0032366 ], [ 72.8385081, 19.0029509 ] ] } },
{ "type": "Feature", "properties": { "name": "Urban Corridor", "highway": "residential", "slope_pct": 0.6 }, "geometry": { "type": "LineString", "coordinates": [ [ 72.8324577, 19.0087266 ], [ 72.8324532, 19.0088507 ], [ 72.8324472, 19.0089784 ], [ 72.8324218, 19.008994 ], [ 72.83229, 19.0089907 ] ] } },
{ "type": "Feature", "properties": { "name": "Urban Corridor", "highway": "residential", "slope_pct": 0.6 }, "geometry": { "type": "LineString", "coordinates": [ [ 72.8477812, 18.9918778 ], [ 72.8480092, 18.9917849 ] ] } },
{ "type": "Feature", "properties": { "name": "Urban Corridor", "highway": "residential", "slope_pct": 0.6 }, "geometry": { "type": "LineString", "coordinates": [ [ 72.8495392, 18.9922313 ], [ 72.8497334, 18.9927263 ], [ 72.8497804, 18.9928526 ] ] } },
{ "type": "Feature", "properties": { "name": "Urban Corridor", "highway": "residential", "slope_pct": 0.6 }, "geometry": { "type": "LineString", "coordinates": [ [ 72.8441917, 18.9900283 ], [ 72.8441807, 18.989957 ], [ 72.8441617, 18.9898331 ] ] } },
{ "type": "Feature", "properties": { "name": "Urban Corridor", "highway": "residential", "slope_pct": 0.6 }, "geometry": { "type": "LineString", "coordinates": [ [ 72.8442264, 18.990031 ], [ 72.8443044, 18.9899915 ], [ 72.8444684, 18.9899195 ], [ 72.8444796, 18.9898947 ], [ 72.8444834, 18.9898414 ], [ 72.8443921, 18.9896353 ], [ 72.8443082, 18.9894461 ], [ 72.8442731, 18.9894307 ], [ 72.8439171, 18.989535 ], [ 72.8439096, 18.9895563 ], [ 72.8439407, 18.9896974 ], [ 72.8439611, 18.9897105 ], [ 72.8443119, 18.9896507 ], [ 72.8443921, 18.9896353 ] ] } },
{ "type": "Feature", "properties": { "name": "Urban Corridor", "highway": "residential", "slope_pct": 0.6 }, "geometry": { "type": "LineString", "coordinates": [ [ 72.8439171, 18.989535 ], [ 72.843798, 18.989531 ], [ 72.8437143, 18.9895401 ], [ 72.8436051, 18.9895575 ], [ 72.8435726, 18.9895626 ] ] } },
{ "type": "Feature", "properties": { "name": "Urban Corridor", "highway": "residential", "slope_pct": 0.6 }, "geometry": { "type": "LineString", "coordinates": [ [ 72.843548, 18.9894059 ], [ 72.8435809, 18.9894044 ], [ 72.8436538, 18.9894012 ], [ 72.8436696, 18.9893856 ], [ 72.8436609, 18.9892491 ], [ 72.8436444, 18.9892372 ], [ 72.8436018, 18.9892402 ], [ 72.84359, 18.9892335 ], [ 72.8435852, 18.9891119 ], [ 72.8435979, 18.9891023 ], [ 72.8437461, 18.9890918 ], [ 72.8437697, 18.9891082 ], [ 72.8438243, 18.9891434 ], [ 72.8438341, 18.9891621 ], [ 72.843837, 18.9892864 ], [ 72.8438388, 18.9893341 ], [ 72.8438521, 18.9894437 ] ] } },
{ "type": "Feature", "properties": { "name": "Urban Corridor", "highway": "residential", "slope_pct": 0.6 }, "geometry": { "type": "LineString", "coordinates": [ [ 72.8435068, 18.988907 ], [ 72.8435411, 18.988905 ], [ 72.8436318, 18.9888997 ], [ 72.8436429, 18.9888848 ], [ 72.8436342, 18.9887827 ], [ 72.8436255, 18.9887722 ], [ 72.8435711, 18.9887737 ], [ 72.8435577, 18.9887663 ], [ 72.8435498, 18.988641 ], [ 72.8435664, 18.9886276 ], [ 72.8437036, 18.9886216 ] ] } },
{ "type": "Feature", "properties": { "name": "Urban Corridor", "highway": "residential", "slope_pct": 0.6 }, "geometry": { "type": "LineString", "coordinates": [ [ 72.8434748, 18.9884691 ], [ 72.8435068, 18.9884677 ], [ 72.8435389, 18.9884663 ], [ 72.8436144, 18.9884631 ], [ 72.8436254, 18.9884452 ], [ 72.8436207, 18.9883125 ], [ 72.8436104, 18.9882976 ], [ 72.84353, 18.9882998 ], [ 72.8435022, 18.9883006 ], [ 72.8434685, 18.9883014 ] ] } },
{ "type": "Feature", "properties": { "name": "Urban Corridor", "highway": "residential", "slope_pct": 0.6 }, "geometry": { "type": "LineString", "coordinates": [ [ 72.84353, 18.9882998 ], [ 72.8435292, 18.9881887 ], [ 72.843541, 18.988176 ], [ 72.8436924, 18.9881709 ], [ 72.8437115, 18.9881819 ], [ 72.8437735, 18.9882351 ], [ 72.8437793, 18.9882531 ], [ 72.8437909, 18.9885567 ], [ 72.8437776, 18.9885726 ], [ 72.8437289, 18.9885994 ], [ 72.8437075, 18.9886016 ], [ 72.8435574, 18.9886065 ], [ 72.8435458, 18.9885895 ], [ 72.8435389, 18.9884663 ] ] } },
{ "type": "Feature", "properties": { "name": "Urban Corridor", "highway": "residential", "slope_pct": 0.6 }, "geometry": { "type": "LineString", "coordinates": [ [ 72.8440784, 18.9886121 ], [ 72.8442848, 18.9884118 ] ] } },
{ "type": "Feature", "properties": { "name": "Urban Corridor", "highway": "residential", "slope_pct": 0.6 }, "geometry": { "type": "LineString", "coordinates": [ [ 72.8425249, 18.9886651 ], [ 72.8425226, 18.9886258 ], [ 72.8425088, 18.988469 ], [ 72.8425165, 18.9884355 ], [ 72.8425246, 18.9884147 ], [ 72.8425589, 18.98836 ], [ 72.8425933, 18.9883417 ], [ 72.8428358, 18.9883133 ] ] } },
{ "type": "Feature", "properties": { "name": "Urban Corridor", "highway": "residential", "slope_pct": 0.6 }, "geometry": { "type": "LineString", "coordinates": [ [ 72.8423746, 18.987997 ], [ 72.8423863, 18.9881157 ], [ 72.8423971, 18.9881272 ], [ 72.8424153, 18.9881356 ], [ 72.8424363, 18.9881375 ], [ 72.8424484, 18.9881477 ], [ 72.8424599, 18.9882615 ] ] } },
{ "type": "Feature", "properties": { "name": "Urban Corridor", "highway": "residential", "slope_pct": 0.6 }, "geometry": { "type": "LineString", "coordinates": [ [ 72.8412145, 18.9897365 ], [ 72.8411312, 18.9897615 ], [ 72.8408397, 18.9898269 ], [ 72.8408185, 18.9898426 ], [ 72.8408139, 18.9898843 ], [ 72.8408314, 18.9900182 ], [ 72.8408287, 18.9900582 ], [ 72.8408084, 18.9900774 ], [ 72.8405224, 18.99012 ], [ 72.8405021, 18.9901069 ], [ 72.8404856, 18.9900904 ], [ 72.8404764, 18.9900426 ], [ 72.840487, 18.9899845 ], [ 72.8404914, 18.9899217 ], [ 72.8404878, 18.9898809 ], [ 72.8404642, 18.9897477 ], [ 72.8404273, 18.9896563 ] ] } },
{ "type": "Feature", "properties": { "name": "Urban Corridor", "highway": "residential", "slope_pct": 0.6 }, "geometry": { "type": "LineString", "coordinates": [ [ 72.8403974, 18.9896613 ], [ 72.8404179, 18.989755 ], [ 72.8404316, 18.9898916 ], [ 72.8404341, 18.9899171 ], [ 72.8404341, 18.9899905 ], [ 72.8404266, 18.9900425 ], [ 72.8404504, 18.9901727 ], [ 72.8404694, 18.9902756 ], [ 72.8404629, 18.9903101 ], [ 72.8403792, 18.9903294 ], [ 72.8403653, 18.9903487 ], [ 72.8403513, 18.9903832 ], [ 72.8403427, 18.9903953 ], [ 72.8402376, 18.9904055 ], [ 72.8401786, 18.9903598 ], [ 72.8401625, 18.9902787 ], [ 72.8401764, 18.9902614 ], [ 72.8402762, 18.9902482 ], [ 72.8402848, 18.9902269 ], [ 72.8402333, 18.9899256 ], [ 72.8404316, 18.9898916 ], [ 72.8404662, 18.989885 ], [ 72.8404878, 18.9898809 ] ] } },
{ "type": "Feature", "properties": { "name": "Urban Corridor", "highway": "residential", "slope_pct": 0.6 }, "geometry": { "type": "LineString", "coordinates": [ [ 72.8402333, 18.9899256 ], [ 72.840038, 18.989954 ] ] } },
{ "type": "Feature", "properties": { "name": "Urban Corridor", "highway": "residential", "slope_pct": 0.6 }, "geometry": { "type": "LineString", "coordinates": [ [ 72.8412145, 18.9897365 ], [ 72.8412983, 18.9897084 ] ] } },
{ "type": "Feature", "properties": { "name": "G D Ambedkar Marg (Parel Tank Road)", "highway": "tertiary", "slope_pct": 0.6 }, "geometry": { "type": "LineString", "coordinates": [ [ 72.8413237, 18.9881145 ], [ 72.8412389, 18.9885342 ], [ 72.8412162, 18.9886128 ], [ 72.8412001, 18.9887466 ], [ 72.8411919, 18.9888149 ], [ 72.8411248, 18.9891633 ], [ 72.8411214, 18.9894456 ], [ 72.8411423, 18.9895236 ], [ 72.8412106, 18.9895949 ] ] } },
{ "type": "Feature", "properties": { "name": "Urban Corridor", "highway": "residential", "slope_pct": 0.6 }, "geometry": { "type": "LineString", "coordinates": [ [ 72.8412001, 18.9887466 ], [ 72.840857, 18.988755 ], [ 72.8403752, 18.9887702 ] ] } },
{ "type": "Feature", "properties": { "name": "Urban Corridor", "highway": "residential", "slope_pct": 0.6 }, "geometry": { "type": "LineString", "coordinates": [ [ 72.8408159, 18.9881224 ], [ 72.8408377, 18.9885145 ], [ 72.8408458, 18.9886794 ] ] } },
{ "type": "Feature", "properties": { "name": "Urban Corridor", "highway": "residential", "slope_pct": 0.6 }, "geometry": { "type": "LineString", "coordinates": [ [ 72.8393029, 18.988927 ], [ 72.8392665, 18.988969 ], [ 72.8392349, 18.9889915 ], [ 72.839153, 18.9890046 ], [ 72.8390399, 18.9890124 ], [ 72.8388504, 18.9890107 ] ] } },
{ "type": "Feature", "properties": { "name": "Urban Corridor", "highway": "residential", "slope_pct": 0.6 }, "geometry": { "type": "LineString", "coordinates": [ [ 72.8393435, 18.9886993 ], [ 72.8393079, 18.9883607 ], [ 72.8393197, 18.988348 ], [ 72.8394883, 18.9883412 ] ] } },
{ "type": "Feature", "properties": { "name": "Urban Corridor", "highway": "residential", "slope_pct": 0.6 }, "geometry": { "type": "LineString", "coordinates": [ [ 72.8371693, 18.9887103 ], [ 72.8371298, 18.9884999 ] ] } },
{ "type": "Feature", "properties": { "name": "Urban Corridor", "highway": "residential", "slope_pct": 0.6 }, "geometry": { "type": "LineString", "coordinates": [ [ 72.8374031, 18.9889181 ], [ 72.837459, 18.9888478 ] ] } },
{ "type": "Feature", "properties": { "name": "Urban Corridor", "highway": "residential", "slope_pct": 0.6 }, "geometry": { "type": "LineString", "coordinates": [ [ 72.8365413, 18.9876491 ], [ 72.8365844, 18.9880273 ] ] } },
{ "type": "Feature", "properties": { "name": "Urban Corridor", "highway": "residential", "slope_pct": 0.6 }, "geometry": { "type": "LineString", "coordinates": [ [ 72.8363598, 18.9876696 ], [ 72.8364069, 18.9880665 ] ] } },
{ "type": "Feature", "properties": { "name": "Urban Corridor", "highway": "residential", "slope_pct": 0.6 }, "geometry": { "type": "LineString", "coordinates": [ [ 72.8489056, 19.0053139 ], [ 72.8489169, 19.0050038 ], [ 72.8489248, 19.0047865 ], [ 72.8489348, 19.0047593 ], [ 72.8489335, 19.0045629 ], [ 72.8489068, 19.0045361 ], [ 72.8481913, 19.0045545 ] ] } },
{ "type": "Feature", "properties": { "name": "Urban Corridor", "highway": "residential", "slope_pct": 0.6 }, "geometry": { "type": "LineString", "coordinates": [ [ 72.848271, 19.0050502 ], [ 72.8483141, 19.0050471 ], [ 72.8489169, 19.0050038 ] ] } },
{ "type": "Feature", "properties": { "name": "Urban Corridor", "highway": "residential", "slope_pct": 0.6 }, "geometry": { "type": "LineString", "coordinates": [ [ 72.8482293, 19.0047912 ], [ 72.8482989, 19.0047881 ], [ 72.8489348, 19.0047593 ] ] } },
{ "type": "Feature", "properties": { "name": "Urban Corridor", "highway": "residential", "slope_pct": 0.6 }, "geometry": { "type": "LineString", "coordinates": [ [ 72.8481862, 19.0043353 ], [ 72.8489719, 19.0042805 ], [ 72.8489969, 19.0042604 ], [ 72.8489856, 19.0040959 ], [ 72.8489694, 19.0040734 ], [ 72.848732, 19.0040847 ], [ 72.8486922, 19.004069 ], [ 72.8486524, 19.004032 ] ] } },
{ "type": "Feature", "properties": { "name": "Urban Corridor", "highway": "residential", "slope_pct": 0.6 }, "geometry": { "type": "LineString", "coordinates": [ [ 72.848732, 19.0040847 ], [ 72.8487192, 19.0041008 ], [ 72.8486948, 19.0041063 ], [ 72.8484283, 19.0041206 ] ] } },
{ "type": "Feature", "properties": { "name": "Urban Corridor", "highway": "residential", "slope_pct": 0.6 }, "geometry": { "type": "LineString", "coordinates": [ [ 72.8441467, 19.0061438 ], [ 72.8441558, 19.0061049 ], [ 72.8441649, 19.006066 ], [ 72.8442046, 19.0058971 ], [ 72.8441935, 19.0058792 ], [ 72.8439964, 19.005868 ], [ 72.8439775, 19.0058807 ], [ 72.8439555, 19.0060274 ], [ 72.8439496, 19.0060671 ], [ 72.8439437, 19.0061067 ] ] } },
{ "type": "Feature", "properties": { "name": "Urban Corridor", "highway": "residential", "slope_pct": 0.6 }, "geometry": { "type": "LineString", "coordinates": [ [ 72.8441649, 19.006066 ], [ 72.8439555, 19.0060274 ] ] } },
{ "type": "Feature", "properties": { "name": "Urban Corridor", "highway": "secondary_link", "slope_pct": 0.6 }, "geometry": { "type": "LineString", "coordinates": [ [ 72.8451952, 19.0056237 ], [ 72.8452138, 19.0055512 ] ] } },
{ "type": "Feature", "properties": { "name": "Urban Corridor", "highway": "residential", "slope_pct": 0.6 }, "geometry": { "type": "LineString", "coordinates": [ [ 72.8410169, 19.003639 ], [ 72.841037, 19.0036626 ], [ 72.8410429, 19.0036694 ], [ 72.8410948, 19.0036316 ], [ 72.8411089, 19.0036336 ], [ 72.8412128, 19.00375 ], [ 72.8412136, 19.0037681 ], [ 72.8411276, 19.003845 ], [ 72.8411123, 19.0038426 ], [ 72.8410003, 19.0037161 ], [ 72.8410029, 19.0037012 ], [ 72.8410429, 19.0036694 ] ] } },
{ "type": "Feature", "properties": { "name": "Urban Corridor", "highway": "residential", "slope_pct": 0.6 }, "geometry": { "type": "LineString", "coordinates": [ [ 72.8386832, 19.0045717 ], [ 72.8385899, 19.0043644 ], [ 72.8385106, 19.0041882 ], [ 72.8384943, 19.0041769 ], [ 72.8384643, 19.0041747 ], [ 72.8383815, 19.0042015 ] ] } },
{ "type": "Feature", "properties": { "name": "Urban Corridor", "highway": "residential", "slope_pct": 0.6 }, "geometry": { "type": "LineString", "coordinates": [ [ 72.8383879, 19.0044342 ], [ 72.8382034, 19.0044979 ], [ 72.8380339, 19.0045565 ] ] } },
{ "type": "Feature", "properties": { "name": "Urban Corridor", "highway": "residential", "slope_pct": 0.6 }, "geometry": { "type": "LineString", "coordinates": [ [ 72.8379798, 19.0045752 ], [ 72.8378746, 19.0046115 ] ] } },
{ "type": "Feature", "properties": { "name": "Urban Corridor", "highway": "residential", "slope_pct": 0.6 }, "geometry": { "type": "LineString", "coordinates": [ [ 72.8380339, 19.0045565 ], [ 72.8379798, 19.0045752 ] ] } },
{ "type": "Feature", "properties": { "name": "Urban Corridor", "highway": "residential", "slope_pct": 0.6 }, "geometry": { "type": "LineString", "coordinates": [ [ 72.8385899, 19.0043644 ], [ 72.8384406, 19.004416 ] ] } },
{ "type": "Feature", "properties": { "name": "Urban Corridor", "highway": "residential", "slope_pct": 0.6 }, "geometry": { "type": "LineString", "coordinates": [ [ 72.8384406, 19.004416 ], [ 72.8383879, 19.0044342 ] ] } },
{ "type": "Feature", "properties": { "name": "Urban Corridor", "highway": "residential", "slope_pct": 0.6 }, "geometry": { "type": "LineString", "coordinates": [ [ 72.8380049, 19.0037722 ], [ 72.8379458, 19.0035972 ] ] } },
{ "type": "Feature", "properties": { "name": "Urban Corridor", "highway": "residential", "slope_pct": 0.6 }, "geometry": { "type": "LineString", "coordinates": [ [ 72.8392847, 19.0015414 ], [ 72.8392759, 19.001512 ], [ 72.8392718, 19.0014985 ], [ 72.8392455, 19.0014109 ] ] } },
{ "type": "Feature", "properties": { "name": "Urban Corridor", "highway": "residential", "slope_pct": 0.6 }, "geometry": { "type": "LineString", "coordinates": [ [ 72.8392718, 19.0014985 ], [ 72.8391248, 19.0015406 ] ] } },
{ "type": "Feature", "properties": { "name": "Urban Corridor", "highway": "residential", "slope_pct": 0.6 }, "geometry": { "type": "LineString", "coordinates": [ [ 72.8383937, 18.9994192 ], [ 72.8383693, 18.9994239 ], [ 72.8383621, 18.9994253 ], [ 72.838168, 18.9994625 ], [ 72.8381594, 18.9994752 ], [ 72.8381949, 18.9996221 ], [ 72.8382154, 18.9996318 ], [ 72.838407, 18.9995874 ], [ 72.8384163, 18.9995852 ], [ 72.8384423, 18.9995792 ] ] } },
{ "type": "Feature", "properties": { "name": "Urban Corridor", "highway": "residential", "slope_pct": 0.6 }, "geometry": { "type": "LineString", "coordinates": [ [ 72.838407, 18.9995874 ], [ 72.8383847, 18.999507 ], [ 72.8383621, 18.9994253 ] ] } },
{ "type": "Feature", "properties": { "name": "Urban Corridor", "highway": "residential", "slope_pct": 0.6 }, "geometry": { "type": "LineString", "coordinates": [ [ 72.8383847, 18.999507 ], [ 72.8383932, 18.9995052 ], [ 72.8384182, 18.9994998 ] ] } },
{ "type": "Feature", "properties": { "name": "Urban Corridor", "highway": "residential", "slope_pct": 0.6 }, "geometry": { "type": "LineString", "coordinates": [ [ 72.8396628, 19.0021624 ], [ 72.8396827, 19.0022283 ], [ 72.8397565, 19.002474 ], [ 72.839749, 19.0024932 ], [ 72.8394808, 19.0025825 ], [ 72.8394604, 19.0025744 ], [ 72.8394186, 19.0024303 ], [ 72.839425, 19.002403 ], [ 72.839499, 19.0023806 ], [ 72.8395108, 19.0023593 ], [ 72.8394873, 19.0022881 ], [ 72.8394638, 19.0022168 ] ] } },
{ "type": "Feature", "properties": { "name": "Urban Corridor", "highway": "residential", "slope_pct": 0.6 }, "geometry": { "type": "LineString", "coordinates": [ [ 72.8377711, 18.9995177 ], [ 72.8378675, 18.9994995 ], [ 72.8380862, 18.9994593 ] ] } },
{ "type": "Feature", "properties": { "name": "Urban Corridor", "highway": "residential", "slope_pct": 0.6 }, "geometry": { "type": "LineString", "coordinates": [ [ 72.8378206, 18.9997316 ], [ 72.8379258, 18.9997114 ], [ 72.8381257, 18.9996731 ] ] } },
{ "type": "Feature", "properties": { "name": "Urban Corridor", "highway": "residential", "slope_pct": 0.6 }, "geometry": { "type": "LineString", "coordinates": [ [ 72.8368069, 18.9989458 ], [ 72.8368348, 18.9991572 ], [ 72.8370369, 18.999139 ], [ 72.8370492, 18.9991253 ], [ 72.8370311, 18.9989617 ], [ 72.8370184, 18.9989497 ], [ 72.8369465, 18.9989524 ], [ 72.8369245, 18.9989508 ], [ 72.8368925, 18.9989271 ] ] } },
{ "type": "Feature", "properties": { "name": "Urban Corridor", "highway": "residential", "slope_pct": 0.6 }, "geometry": { "type": "LineString", "coordinates": [ [ 72.8368348, 18.9991572 ], [ 72.8365545, 18.9991787 ] ] } },
{ "type": "Feature", "properties": { "name": "Urban Corridor", "highway": "residential", "slope_pct": 0.6 }, "geometry": { "type": "LineString", "coordinates": [ [ 72.8402895, 18.998461 ], [ 72.8402805, 18.9984305 ], [ 72.8402772, 18.9984197 ], [ 72.8402387, 18.9982902 ], [ 72.8402174, 18.9982775 ], [ 72.8398926, 18.9983469 ], [ 72.8398466, 18.9983549 ], [ 72.8398027, 18.9983625 ], [ 72.8394746, 18.9984387 ], [ 72.8394458, 18.9984454 ], [ 72.8393516, 18.9984673 ] ] } },
{ "type": "Feature", "properties": { "name": "Urban Corridor", "highway": "residential", "slope_pct": 0.6 }, "geometry": { "type": "LineString", "coordinates": [ [ 72.8394746, 18.9984387 ], [ 72.8394938, 18.998505 ], [ 72.8395175, 18.9985338 ], [ 72.8395574, 18.9985715 ], [ 72.8396053, 18.9985843 ], [ 72.83965, 18.9985779 ], [ 72.8398917, 18.9985169 ], [ 72.8399194, 18.9985099 ], [ 72.83994, 18.9985047 ], [ 72.8402772, 18.9984197 ] ] } },
{ "type": "Feature", "properties": { "name": "Urban Corridor", "highway": "residential", "slope_pct": 0.6 }, "geometry": { "type": "LineString", "coordinates": [ [ 72.8398917, 18.9985169 ], [ 72.8398466, 18.9983549 ] ] } },
{ "type": "Feature", "properties": { "name": "Urban Corridor", "highway": "residential", "slope_pct": 0.6 }, "geometry": { "type": "LineString", "coordinates": [ [ 72.83994, 18.9985047 ], [ 72.8398926, 18.9983469 ] ] } },
{ "type": "Feature", "properties": { "name": "Urban Corridor", "highway": "residential", "slope_pct": 0.6 }, "geometry": { "type": "LineString", "coordinates": [ [ 72.8399194, 18.9985099 ], [ 72.8399229, 18.9985214 ], [ 72.8399313, 18.99855 ] ] } },
{ "type": "Feature", "properties": { "name": "Urban Corridor", "highway": "residential", "slope_pct": 0.6 }, "geometry": { "type": "LineString", "coordinates": [ [ 72.8368776, 19.0012046 ], [ 72.8369072, 19.0011498 ], [ 72.8369175, 19.0011118 ], [ 72.836908, 19.0010917 ], [ 72.8365028, 19.0007018 ], [ 72.8364759, 19.0006951 ], [ 72.8363073, 19.0008094 ] ] } },
{ "type": "Feature", "properties": { "name": "Urban Corridor", "highway": "residential", "slope_pct": 0.6 }, "geometry": { "type": "LineString", "coordinates": [ [ 72.8365028, 19.0007018 ], [ 72.8365466, 19.0006563 ], [ 72.8365954, 19.0006385 ], [ 72.8366355, 19.0006373 ], [ 72.8366868, 19.0006539 ], [ 72.8367506, 19.0007119 ], [ 72.8368533, 19.0009438 ] ] } },
{ "type": "Feature", "properties": { "name": "Urban Corridor", "highway": "residential", "slope_pct": 0.6 }, "geometry": { "type": "LineString", "coordinates": [ [ 72.8334259, 18.9928249 ], [ 72.8334504, 18.9928506 ], [ 72.8338316, 18.9928638 ] ] } },
{ "type": "Feature", "properties": { "name": "Urban Corridor", "highway": "residential", "slope_pct": 0.6 }, "geometry": { "type": "LineString", "coordinates": [ [ 72.8333779, 18.9926914 ], [ 72.8333869, 18.9927569 ], [ 72.833401, 18.9927937 ], [ 72.8334259, 18.9928249 ] ] } },
{ "type": "Feature", "properties": { "name": "Urban Corridor", "highway": "residential", "slope_pct": 0.6 }, "geometry": { "type": "LineString", "coordinates": [ [ 72.8347689, 18.9891928 ], [ 72.8347499, 18.9891023 ], [ 72.8347449, 18.9890785 ], [ 72.8347137, 18.9889297 ], [ 72.8347177, 18.9889155 ], [ 72.8347918, 18.9888998 ] ] } },
{ "type": "Feature", "properties": { "name": "Urban Corridor", "highway": "residential", "slope_pct": 0.6 }, "geometry": { "type": "LineString", "coordinates": [ [ 72.8347449, 18.9890785 ], [ 72.8348385, 18.9890635 ] ] } },
{ "type": "Feature", "properties": { "name": "Urban Corridor", "highway": "residential", "slope_pct": 0.6 }, "geometry": { "type": "LineString", "coordinates": [ [ 72.8336609, 18.9888198 ], [ 72.8332977, 18.9887049 ] ] } },
{ "type": "Feature", "properties": { "name": "Urban Corridor", "highway": "residential", "slope_pct": 0.6 }, "geometry": { "type": "LineString", "coordinates": [ [ 72.8354874, 18.9914965 ], [ 72.8354587, 18.9914718 ], [ 72.8354114, 18.9914577 ], [ 72.835383, 18.9914502 ], [ 72.8352593, 18.9914308 ] ] } },
{ "type": "Feature", "properties": { "name": "Urban Corridor", "highway": "residential", "slope_pct": 0.6 }, "geometry": { "type": "LineString", "coordinates": [ [ 72.8351903, 18.9908909 ], [ 72.8351743, 18.9909274 ], [ 72.8351382, 18.9910096 ], [ 72.8351096, 18.9910727 ], [ 72.8350986, 18.9911888 ], [ 72.8350775, 18.9912134 ], [ 72.835039, 18.9912255 ], [ 72.8349775, 18.9912364 ], [ 72.8349247, 18.9912351 ], [ 72.834847, 18.9912179 ], [ 72.8348227, 18.9912057 ] ] } },
{ "type": "Feature", "properties": { "name": "Urban Corridor", "highway": "residential", "slope_pct": 0.6 }, "geometry": { "type": "LineString", "coordinates": [ [ 72.8351096, 18.9910727 ], [ 72.8350099, 18.991037 ], [ 72.8348335, 18.9909463 ] ] } },
{ "type": "Feature", "properties": { "name": "Urban Corridor", "highway": "residential", "slope_pct": 0.6 }, "geometry": { "type": "LineString", "coordinates": [ [ 72.8344701, 18.9911505 ], [ 72.834465, 18.9912341 ], [ 72.8344633, 18.9912609 ], [ 72.8344328, 18.9917596 ], [ 72.8344425, 18.991783 ], [ 72.834568, 18.9917961 ], [ 72.8346002, 18.9917688 ], [ 72.8346056, 18.9916916 ] ] } },
{ "type": "Feature", "properties": { "name": "Urban Corridor", "highway": "residential", "slope_pct": 0.6 }, "geometry": { "type": "LineString", "coordinates": [ [ 72.8344633, 18.9912609 ], [ 72.8345614, 18.991262 ], [ 72.8345794, 18.9912724 ], [ 72.83462, 18.9913212 ], [ 72.834624, 18.9913688 ], [ 72.8346107, 18.991577 ] ] } },
{ "type": "Feature", "properties": { "name": "Urban Corridor", "highway": "residential", "slope_pct": 0.6 }, "geometry": { "type": "LineString", "coordinates": [ [ 72.8363671, 18.9926826 ], [ 72.8360993, 18.992713 ], [ 72.8360836, 18.9926972 ], [ 72.8360653, 18.9925917 ] ] } },
{ "type": "Feature", "properties": { "name": "Urban Corridor", "highway": "residential", "slope_pct": 0.6 }, "geometry": { "type": "LineString", "coordinates": [ [ 72.833795, 18.9913432 ], [ 72.8337934, 18.9914005 ], [ 72.8337914, 18.9914726 ], [ 72.8337807, 18.9918528 ], [ 72.833766, 18.9918668 ], [ 72.833513, 18.9918555 ], [ 72.833502, 18.9918302 ], [ 72.8335296, 18.9917215 ], [ 72.8336262, 18.9917285 ], [ 72.8336427, 18.9917076 ], [ 72.8336579, 18.9914753 ], [ 72.8336755, 18.9914651 ], [ 72.8337914, 18.9914726 ] ] } },
{ "type": "Feature", "properties": { "name": "Urban Corridor", "highway": "residential", "slope_pct": 0.6 }, "geometry": { "type": "LineString", "coordinates": [ [ 72.8335296, 18.9917215 ], [ 72.8334951, 18.991706 ], [ 72.8334185, 18.9916519 ] ] } },
{ "type": "Feature", "properties": { "name": "Urban Corridor", "highway": "residential", "slope_pct": 0.6 }, "geometry": { "type": "LineString", "coordinates": [ [ 72.8415027, 18.990872 ], [ 72.8412146, 18.990919 ] ] } },
{ "type": "Feature", "properties": { "name": "Urban Corridor", "highway": "residential", "slope_pct": 0.6 }, "geometry": { "type": "LineString", "coordinates": [ [ 72.8412146, 18.990919 ], [ 72.8412013, 18.9909358 ], [ 72.8412013, 18.9909688 ], [ 72.8412115, 18.9910697 ] ] } },
{ "type": "Feature", "properties": { "name": "Urban Corridor", "highway": "residential", "slope_pct": 0.6 }, "geometry": { "type": "LineString", "coordinates": [ [ 72.8444195, 18.9934219 ], [ 72.8443566, 18.9934673 ], [ 72.8443077, 18.9935306 ], [ 72.8443014, 18.9935612 ], [ 72.8443274, 18.9936052 ], [ 72.8443377, 18.9936276 ], [ 72.8443322, 18.9936477 ], [ 72.8443211, 18.993685 ], [ 72.8443211, 18.9937051 ], [ 72.8443274, 18.9937282 ], [ 72.8444662, 18.9939802 ], [ 72.8445364, 18.994189 ] ] } },
{ "type": "Feature", "properties": { "name": "Urban Corridor", "highway": "residential", "slope_pct": 0.6 }, "geometry": { "type": "LineString", "coordinates": [ [ 72.8443115, 18.9948755 ], [ 72.8442727, 18.994568 ], [ 72.8442558, 18.9945553 ], [ 72.8439868, 18.9945821 ] ] } },
{ "type": "Feature", "properties": { "name": "Urban Corridor", "highway": "residential", "slope_pct": 0.6 }, "geometry": { "type": "LineString", "coordinates": [ [ 72.8450019, 18.9956993 ], [ 72.8450474, 18.9957036 ], [ 72.8450741, 18.9957109 ] ] } },
{ "type": "Feature", "properties": { "name": "Urban Corridor", "highway": "residential", "slope_pct": 0.6 }, "geometry": { "type": "LineString", "coordinates": [ [ 72.8489076, 18.9991552 ], [ 72.848806, 18.9989581 ] ] } },
{ "type": "Feature", "properties": { "name": "Urban Corridor", "highway": "residential", "slope_pct": 0.6 }, "geometry": { "type": "LineString", "coordinates": [ [ 72.8489076, 18.9991552 ], [ 72.8489549, 18.9992296 ] ] } },
{ "type": "Feature", "properties": { "name": "Urban Corridor", "highway": "residential", "slope_pct": 0.6 }, "geometry": { "type": "LineString", "coordinates": [ [ 72.8486235, 18.9972111 ], [ 72.8486826, 18.9973395 ] ] } },
{ "type": "Feature", "properties": { "name": "Urban Corridor", "highway": "residential", "slope_pct": 0.6 }, "geometry": { "type": "LineString", "coordinates": [ [ 72.8486692, 18.9980067 ], [ 72.8486567, 18.9980547 ], [ 72.848678, 18.9981031 ], [ 72.8489003, 18.9985505 ], [ 72.8489159, 18.9985543 ], [ 72.8495418, 18.9982814 ] ] } },
{ "type": "Feature", "properties": { "name": "Urban Corridor", "highway": "residential", "slope_pct": 0.6 }, "geometry": { "type": "LineString", "coordinates": [ [ 72.8492059, 18.9983748 ], [ 72.8489142, 18.9977835 ], [ 72.8487142, 18.9973905 ] ] } },
{ "type": "Feature", "properties": { "name": "Urban Corridor", "highway": "residential", "slope_pct": 0.6 }, "geometry": { "type": "LineString", "coordinates": [ [ 72.8493775, 18.9970724 ], [ 72.84918, 18.9971602 ], [ 72.8491581, 18.9971975 ], [ 72.8494501, 18.9977759 ] ] } },
{ "type": "Feature", "properties": { "name": "Urban Corridor", "highway": "residential", "slope_pct": 0.6 }, "geometry": { "type": "LineString", "coordinates": [ [ 72.8508392, 18.9981189 ], [ 72.8504458, 18.998205 ], [ 72.8504276, 18.9981998 ], [ 72.8504016, 18.9981335 ] ] } },
{ "type": "Feature", "properties": { "name": "Urban Corridor", "highway": "residential", "slope_pct": 0.6 }, "geometry": { "type": "LineString", "coordinates": [ [ 72.850885, 18.9983581 ], [ 72.8508958, 18.9984161 ] ] } },
{ "type": "Feature", "properties": { "name": "Urban Corridor", "highway": "residential", "slope_pct": 0.6 }, "geometry": { "type": "LineString", "coordinates": [ [ 72.8533838, 18.9965341 ], [ 72.8531676, 18.9966195 ], [ 72.8531548, 18.996658 ], [ 72.8532052, 18.9968183 ] ] } },
{ "type": "Feature", "properties": { "name": "Urban Corridor", "highway": "residential", "slope_pct": 0.6 }, "geometry": { "type": "LineString", "coordinates": [ [ 72.8535997, 18.9969967 ], [ 72.8534251, 18.9970547 ] ] } },
{ "type": "Feature", "properties": { "name": "Urban Corridor", "highway": "residential", "slope_pct": 0.6 }, "geometry": { "type": "LineString", "coordinates": [ [ 72.8537816, 18.9974139 ], [ 72.8535174, 18.9975021 ], [ 72.8534874, 18.9974859 ], [ 72.8534284, 18.9973438 ] ] } },
{ "type": "Feature", "properties": { "name": "Urban Corridor", "highway": "residential", "slope_pct": 0.6 }, "geometry": { "type": "LineString", "coordinates": [ [ 72.8516458, 18.997125 ], [ 72.85172, 18.9971115 ], [ 72.8517509, 18.9971059 ], [ 72.8517789, 18.9971008 ], [ 72.8522102, 18.9970224 ], [ 72.8522267, 18.9970059 ], [ 72.8522111, 18.9969076 ], [ 72.8521973, 18.9968946 ], [ 72.8517303, 18.9969776 ], [ 72.8516961, 18.9969837 ], [ 72.8515838, 18.9970037 ] ] } },
{ "type": "Feature", "properties": { "name": "Urban Corridor", "highway": "residential", "slope_pct": 0.6 }, "geometry": { "type": "LineString", "coordinates": [ [ 72.8517509, 18.9971059 ], [ 72.8517303, 18.9969776 ] ] } },
{ "type": "Feature", "properties": { "name": "Urban Corridor", "highway": "residential", "slope_pct": 0.6 }, "geometry": { "type": "LineString", "coordinates": [ [ 72.8501477, 18.9973401 ], [ 72.8500704, 18.9969912 ], [ 72.8500854, 18.9969569 ], [ 72.8501167, 18.9969379 ], [ 72.8503996, 18.9969013 ] ] } },
{ "type": "Feature", "properties": { "name": "Urban Corridor", "highway": "residential", "slope_pct": 0.6 }, "geometry": { "type": "LineString", "coordinates": [ [ 72.8488694, 18.9969606 ], [ 72.8486235, 18.9972111 ], [ 72.8483366, 18.9973229 ], [ 72.8483365, 18.9973655 ], [ 72.8486215, 18.9979113 ] ] } },
{ "type": "Feature", "properties": { "name": "Urban Corridor", "highway": "residential", "slope_pct": 0.6 }, "geometry": { "type": "LineString", "coordinates": [ [ 72.8479297, 18.9921602 ], [ 72.847827, 18.9921888 ], [ 72.8478141, 18.9921925 ], [ 72.847503, 18.9922793 ], [ 72.8474901, 18.9923089 ], [ 72.8475278, 18.9924228 ], [ 72.8475508, 18.9924289 ], [ 72.8478827, 18.9923327 ], [ 72.8479063, 18.9923259 ], [ 72.8480023, 18.9922981 ] ] } },
{ "type": "Feature", "properties": { "name": "Urban Corridor", "highway": "residential", "slope_pct": 0.6 }, "geometry": { "type": "LineString", "coordinates": [ [ 72.8478827, 18.9923327 ], [ 72.8478141, 18.9921925 ] ] } },
{ "type": "Feature", "properties": { "name": "Urban Corridor", "highway": "residential", "slope_pct": 0.6 }, "geometry": { "type": "LineString", "coordinates": [ [ 72.8497804, 18.9928526 ], [ 72.8498959, 18.9931628 ] ] } },
{ "type": "Feature", "properties": { "name": "Urban Corridor", "highway": "residential", "slope_pct": 0.6 }, "geometry": { "type": "LineString", "coordinates": [ [ 72.8519396, 18.9976306 ], [ 72.8517448, 18.9976528 ], [ 72.8515162, 18.9976787 ] ] } }
]
}
