{
"type": "FeatureCollection",
"name": "roads_28.534_77.142",
"crs": { "type": "name", "properties": { "name": "urn:ogc:def:crs:OGC:1.3:CRS84" } },
"features": [
{ "type": "Feature", "properties": { "name": "Arterial Link", "highway": "residential", "slope_pct": 0.6 }, "geometry": { "type": "LineString", "coordinates": [ [ 77.1331312, 28.5244926 ], [ 77.1331492, 28.524476 ], [ 77.1331818, 28.5244579 ], [ 77.1332722, 28.5244205 ], [ 77.1334568, 28.5243426 ], [ 77.133672, 28.5242685 ], [ 77.1338556, 28.5242151 ], [ 77.1340375, 28.5241774 ], [ 77.1341632, 28.5241539 ], [ 77.1342326, 28.5241409 ], [ 77.1345228, 28.5240984 ], [ 77.1347649, 28.5240713 ], [ 77.134823, 28.5240603 ], [ 77.1348901, 28.5240389 ], [ 77.1350105, 28.5240015 ], [ 77.1351361, 28.5239663 ], [ 77.1352679, 28.5239382 ], [ 77.1356405, 28.5238834 ], [ 77.1356741, 28.5238894 ], [ 77.1357006, 28.5239044 ], [ 77.135713, 28.5239328 ], [ 77.1357283, 28.5248718 ], [ 77.1357299, 28.5249687 ], [ 77.135743, 28.5257199 ], [ 77.1357493, 28.5261167 ], [ 77.1357576, 28.5266044 ], [ 77.1357644, 28.5270076 ], [ 77.1357689, 28.5272725 ], [ 77.1357746, 28.5275349 ], [ 77.1357827, 28.5280884 ] ] } },
{ "type": "Feature", "properties": { "name": "Arterial Link", "highway": "residential", "slope_pct": 0.6 }, "geometry": { "type": "LineString", "coordinates": [ [ 77.1451443, 28.5251506 ], [ 77.1450522, 28.5247805 ], [ 77.1449291, 28.5242863 ], [ 77.1448501, 28.5239688 ], [ 77.1448312, 28.5238981 ], [ 77.1448071, 28.5238364 ], [ 77.1447756, 28.5237951 ], [ 77.1447441, 28.5237606 ], [ 77.1446635, 28.5237021 ], [ 77.1446093, 28.5236733 ], [ 77.1445449, 28.523649 ], [ 77.1444315, 28.5236256 ], [ 77.1444047, 28.5236239 ], [ 77.1443707, 28.5236218 ], [ 77.1443623, 28.5236225 ], [ 77.1443098, 28.523627 ], [ 77.1438702, 28.5237041 ], [ 77.1434985, 28.5237916 ], [ 77.1433921, 28.5238288 ], [ 77.1432929, 28.5238926 ], [ 77.1432189, 28.5239509 ], [ 77.1431301, 28.5240384 ], [ 77.142972, 28.5242069 ], [ 77.1428697, 28.5243574 ], [ 77.1428146, 28.5244693 ], [ 77.1427892, 28.5245505 ], [ 77.1427693, 28.5246387 ], [ 77.1427645, 28.5247167 ], [ 77.142769, 28.5247585 ], [ 77.1427812, 28.5248025 ], [ 77.1428155, 28.5248887 ], [ 77.1428517, 28.5249592 ], [ 77.142895, 28.5250447 ], [ 77.1429208, 28.5251013 ], [ 77.1429466, 28.5251669 ], [ 77.1429551, 28.5252045 ], [ 77.142968, 28.5252619 ], [ 77.1429881, 28.5253968 ], [ 77.1430194, 28.5255235 ], [ 77.1430542, 28.5256217 ], [ 77.1431033, 28.5257278 ], [ 77.143156, 28.5258561 ], [ 77.1432066, 28.5260091 ], [ 77.1432674, 28.5261907 ], [ 77.1433064, 28.5263145 ], [ 77.1433546, 28.5264382 ], [ 77.1433921, 28.5265259 ] ] } },
{ "type": "Feature", "properties": { "name": "Arterial Link", "highway": "residential", "slope_pct": 0.6 }, "geometry": { "type": "LineString", "coordinates": [ [ 77.1413233, 28.523833 ], [ 77.1413304, 28.5245845 ], [ 77.1413379, 28.5253735 ], [ 77.1413416, 28.5257658 ], [ 77.1413487, 28.5265137 ], [ 77.1413535, 28.5270129 ], [ 77.1413572, 28.5274019 ], [ 77.1413621, 28.5279072 ], [ 77.1413627, 28.5279743 ] ] } },
{ "type": "Feature", "properties": { "name": "Arterial Link", "highway": "residential", "slope_pct": 0.6 }, "geometry": { "type": "LineString", "coordinates": [ [ 77.1422965, 28.5238212 ], [ 77.1413233, 28.523833 ], [ 77.1409252, 28.5238378 ], [ 77.1402738, 28.5238457 ], [ 77.1399555, 28.5238496 ], [ 77.1392742, 28.5238579 ], [ 77.1385674, 28.5238664 ], [ 77.1365862, 28.5238864 ], [ 77.136552, 28.5238945 ], [ 77.1365378, 28.5239079 ], [ 77.136533, 28.5239248 ], [ 77.1365367, 28.5242544 ], [ 77.1365517, 28.5252756 ], [ 77.136553, 28.5257122 ], [ 77.1365554, 28.5259255 ], [ 77.1365648, 28.5269637 ], [ 77.136578, 28.52795 ] ] } },
{ "type": "Feature", "properties": { "name": "Arterial Link", "highway": "residential", "slope_pct": 0.6 }, "geometry": { "type": "LineString", "coordinates": [ [ 77.1392742, 28.5238579 ], [ 77.1392833, 28.5244899 ], [ 77.1392875, 28.5247783 ], [ 77.1392963, 28.5253887 ], [ 77.1393005, 28.52568 ], [ 77.1393016, 28.5257563 ], [ 77.1393129, 28.526539 ], [ 77.1393186, 28.5269287 ], [ 77.1393268, 28.5275014 ], [ 77.1393331, 28.5279312 ], [ 77.139334, 28.5279916 ] ] } },
{ "type": "Feature", "properties": { "name": "Nelson Mandela Marg", "highway": "residential", "slope_pct": 0.6 }, "geometry": { "type": "LineString", "coordinates": [ [ 77.1454841, 28.5236346 ], [ 77.1454778, 28.5236534 ], [ 77.1454812, 28.5236906 ], [ 77.1455925, 28.5241025 ], [ 77.1456069, 28.5241588 ], [ 77.1457794, 28.5248341 ], [ 77.1458439, 28.5250386 ], [ 77.1458721, 28.5251841 ], [ 77.1459877, 28.525579 ], [ 77.1460735, 28.5259134 ], [ 77.1461145, 28.5261402 ], [ 77.1461961, 28.5264636 ], [ 77.1462305, 28.526572 ], [ 77.1462778, 28.5266992 ], [ 77.1463183, 28.5267883 ], [ 77.1463675, 28.5268773 ], [ 77.1464369, 28.5269775 ], [ 77.1465135, 28.5270763 ], [ 77.1469283, 28.5275638 ], [ 77.1472338, 28.5279555 ], [ 77.1474867, 28.5282819 ], [ 77.1476614, 28.5285073 ], [ 77.1479265, 28.5288481 ], [ 77.1480376, 28.529 ], [ 77.1481141, 28.5290999 ] ] } },
{ "type": "Feature", "properties": { "name": "Nelson Mandela Marg", "highway": "residential", "slope_pct": 0.6 }, "geometry": { "type": "LineString", "coordinates": [ [ 77.1482008, 28.5290338 ], [ 77.148112, 28.528933 ], [ 77.1475953, 28.5282379 ], [ 77.1474801, 28.528083 ], [ 77.1470379, 28.5274953 ], [ 77.1469555, 28.5273945 ], [ 77.1468032, 28.5272083 ], [ 77.1466976, 28.5270741 ], [ 77.1466027, 28.52694 ], [ 77.1465322, 28.5268318 ], [ 77.1464797, 28.5267316 ], [ 77.1464358, 28.5266237 ], [ 77.1464063, 28.5265237 ], [ 77.1462681, 28.5259505 ], [ 77.1461382, 28.5254933 ], [ 77.1460381, 28.5251656 ], [ 77.1460034, 28.5250111 ], [ 77.1458154, 28.5243357 ], [ 77.145758, 28.5240735 ], [ 77.145625, 28.5236197 ], [ 77.1456124, 28.5236088 ], [ 77.1455864, 28.5236062 ], [ 77.1454967, 28.5236231 ], [ 77.1454841, 28.5236346 ] ] } },
{ "type": "Feature", "properties": { "name": "Arterial Link", "highway": "residential", "slope_pct": 0.6 }, "geometry": { "type": "LineString", "coordinates": [ [ 77.1331004, 28.5269044 ], [ 77.1344735, 28.5268847 ] ] } },
{ "type": "Feature", "properties": { "name": "Arterial Link", "highway": "residential", "slope_pct": 0.6 }, "geometry": { "type": "LineString", "coordinates": [ [ 77.1344661, 28.5266644 ], [ 77.1333137, 28.5266799 ], [ 77.1331505, 28.5266821 ] ] } },
{ "type": "Feature", "properties": { "name": "Arterial Link", "highway": "residential", "slope_pct": 0.6 }, "geometry": { "type": "LineString", "coordinates": [ [ 77.1351685, 28.5275383 ], [ 77.1351727, 28.527759 ], [ 77.1351791, 28.5280965 ] ] } },
{ "type": "Feature", "properties": { "name": "Arterial Link", "highway": "residential", "slope_pct": 0.6 }, "geometry": { "type": "LineString", "coordinates": [ [ 77.1345573, 28.5275417 ], [ 77.1351685, 28.5275383 ], [ 77.1357746, 28.5275349 ] ] } },
{ "type": "Feature", "properties": { "name": "Arterial Link", "highway": "residential", "slope_pct": 0.6 }, "geometry": { "type": "LineString", "coordinates": [ [ 77.1344737, 28.5270208 ], [ 77.1343736, 28.5270379 ], [ 77.1342903, 28.5270544 ], [ 77.1342006, 28.5270721 ], [ 77.1340343, 28.5270839 ], [ 77.1339713, 28.5270905 ], [ 77.1338526, 28.5270956 ], [ 77.1336527, 28.5271007 ], [ 77.1335448, 28.5271015 ], [ 77.1332665, 28.5271086 ] ] } },
{ "type": "Feature", "properties": { "name": "Arterial Link", "highway": "residential", "slope_pct": 0.6 }, "geometry": { "type": "LineString", "coordinates": [ [ 77.134539, 28.5280962 ], [ 77.1344513, 28.5281979 ], [ 77.1343615, 28.5283264 ], [ 77.134332, 28.5283641 ], [ 77.1343186, 28.5283923 ], [ 77.1342829, 28.5285819 ], [ 77.1342701, 28.5286697 ], [ 77.1342554, 28.5287463 ], [ 77.1342473, 28.5287868 ], [ 77.1342353, 28.5288099 ], [ 77.1341991, 28.5288538 ], [ 77.1341699, 28.5288988 ], [ 77.1341612, 28.5289374 ], [ 77.1341568, 28.5289834 ], [ 77.1341635, 28.5290444 ], [ 77.1341857, 28.5291433 ], [ 77.1342165, 28.5292329 ], [ 77.1342529, 28.5293314 ], [ 77.1342644, 28.5293554 ], [ 77.1342809, 28.5293784 ], [ 77.1343137, 28.5294031 ], [ 77.1343417, 28.5294129 ], [ 77.1343717, 28.5294199 ], [ 77.1345384, 28.5294397 ], [ 77.1346158, 28.5294476 ], [ 77.1346993, 28.5294644 ], [ 77.1347972, 28.5294892 ], [ 77.1348602, 28.5295086 ], [ 77.1349293, 28.5295316 ] ] } },
{ "type": "Feature", "properties": { "name": "Arterial Link", "highway": "residential", "slope_pct": 0.6 }, "geometry": { "type": "LineString", "coordinates": [ [ 77.1339713, 28.5270905 ], [ 77.1340135, 28.5272023 ], [ 77.1340381, 28.5272563 ], [ 77.1340482, 28.5272839 ], [ 77.1340537, 28.5273083 ], [ 77.1340596, 28.5273865 ], [ 77.1340685, 28.5274792 ], [ 77.1340765, 28.5275617 ], [ 77.1340804, 28.5275851 ], [ 77.1340914, 28.5276151 ], [ 77.1341139, 28.5276634 ], [ 77.1341602, 28.5277185 ], [ 77.134182, 28.5277474 ], [ 77.1342017, 28.5277818 ], [ 77.1342093, 28.5278103 ], [ 77.1342146, 28.527868 ], [ 77.134228, 28.5279081 ], [ 77.1342956, 28.527988 ], [ 77.1343654, 28.5280364 ], [ 77.1344324, 28.528067 ], [ 77.1344928, 28.5280882 ], [ 77.134539, 28.5280962 ] ] } },
{ "type": "Feature", "properties": { "name": "Arterial Link", "highway": "residential", "slope_pct": 0.6 }, "geometry": { "type": "LineString", "coordinates": [ [ 77.1341362, 28.5264794 ], [ 77.134118, 28.5261571 ] ] } },
{ "type": "Feature", "properties": { "name": "Arterial Link", "highway": "residential", "slope_pct": 0.6 }, "geometry": { "type": "LineString", "coordinates": [ [ 77.1342903, 28.5270544 ], [ 77.1343218, 28.52715 ], [ 77.134362, 28.5272796 ], [ 77.1343969, 28.5273798 ] ] } },
{ "type": "Feature", "properties": { "name": "Arterial Link", "highway": "residential", "slope_pct": 0.6 }, "geometry": { "type": "LineString", "coordinates": [ [ 77.1344737, 28.5270208 ], [ 77.1344768, 28.5270945 ], [ 77.1344782, 28.5271899 ], [ 77.1344848, 28.5272728 ], [ 77.1344981, 28.5274136 ], [ 77.1345007, 28.527548 ], [ 77.134509, 28.5276559 ], [ 77.1345187, 28.5277586 ], [ 77.1345251, 28.5278268 ], [ 77.134539, 28.5280962 ] ] } },
{ "type": "Feature", "properties": { "name": "Arterial Link", "highway": "residential", "slope_pct": 0.6 }, "geometry": { "type": "LineString", "coordinates": [ [ 77.1344135, 28.5261538 ], [ 77.1344437, 28.5262635 ], [ 77.1344529, 28.5263174 ], [ 77.1344575, 28.5263527 ], [ 77.1344661, 28.5266644 ], [ 77.1344735, 28.5268847 ], [ 77.1344737, 28.5270208 ] ] } },
{ "type": "Feature", "properties": { "name": "Arterial Link", "highway": "residential", "slope_pct": 0.6 }, "geometry": { "type": "LineString", "coordinates": [ [ 77.1356776, 28.5286614 ], [ 77.1357095, 28.5286343 ], [ 77.1357252, 28.5286172 ], [ 77.1357352, 28.5286007 ], [ 77.1357417, 28.5285872 ], [ 77.1357521, 28.5285589 ], [ 77.1357628, 28.5285212 ], [ 77.1357735, 28.5284629 ], [ 77.1357827, 28.5280884 ] ] } },
{ "type": "Feature", "properties": { "name": "Arterial Link", "highway": "residential", "slope_pct": 0.6 }, "geometry": { "type": "LineString", "coordinates": [ [ 77.1347073, 28.5281064 ], [ 77.1347169, 28.5281708 ], [ 77.134741, 28.5282934 ], [ 77.1347704, 28.5284647 ], [ 77.1347811, 28.5285536 ], [ 77.1347892, 28.5286697 ], [ 77.1347965, 28.5287828 ], [ 77.1348012, 28.5288765 ] ] } },
{ "type": "Feature", "properties": { "name": "Arterial Link", "highway": "residential", "slope_pct": 0.6 }, "geometry": { "type": "LineString", "coordinates": [ [ 77.1341612, 28.5289374 ], [ 77.1339305, 28.5287109 ], [ 77.1338259, 28.5286249 ], [ 77.1337572, 28.5285583 ], [ 77.1337501, 28.5285483 ], [ 77.1337469, 28.5285382 ], [ 77.1336566, 28.5282744 ], [ 77.1335962, 28.5280964 ], [ 77.1334729, 28.5277394 ] ] } },
{ "type": "Feature", "properties": { "name": "Arterial Link", "highway": "residential", "slope_pct": 0.6 }, "geometry": { "type": "LineString", "coordinates": [ [ 77.1347164, 28.5277732 ], [ 77.1351727, 28.527759 ] ] } },
{ "type": "Feature", "properties": { "name": "Arterial Link", "highway": "residential", "slope_pct": 0.6 }, "geometry": { "type": "LineString", "coordinates": [ [ 77.1340596, 28.5273865 ], [ 77.1343969, 28.5273798 ] ] } },
{ "type": "Feature", "properties": { "name": "Arterial Link", "highway": "residential", "slope_pct": 0.6 }, "geometry": { "type": "LineString", "coordinates": [ [ 77.1352394, 28.5261309 ], [ 77.1352709, 28.526692 ] ] } },
{ "type": "Feature", "properties": { "name": "Arterial Link", "highway": "residential", "slope_pct": 0.6 }, "geometry": { "type": "LineString", "coordinates": [ [ 77.1357644, 28.5270076 ], [ 77.1364791, 28.5270073 ] ] } },
{ "type": "Feature", "properties": { "name": "Arterial Link", "highway": "residential", "slope_pct": 0.6 }, "geometry": { "type": "LineString", "coordinates": [ [ 77.1357576, 28.5266044 ], [ 77.1364153, 28.5265961 ] ] } },
{ "type": "Feature", "properties": { "name": "Arterial Link", "highway": "residential", "slope_pct": 0.6 }, "geometry": { "type": "LineString", "coordinates": [ [ 77.1344848, 28.5272728 ], [ 77.1357689, 28.5272725 ], [ 77.1360267, 28.5272721 ], [ 77.1364928, 28.5272715 ] ] } },
{ "type": "Feature", "properties": { "name": "Arterial Link", "highway": "residential", "slope_pct": 0.6 }, "geometry": { "type": "LineString", "coordinates": [ [ 77.134539, 28.5280962 ], [ 77.1345586, 28.5281001 ], [ 77.1346048, 28.5281048 ], [ 77.134651, 28.5281053 ], [ 77.1347073, 28.5281064 ], [ 77.1351791, 28.5280965 ], [ 77.1357827, 28.5280884 ], [ 77.1362611, 28.5280819 ], [ 77.1365804, 28.5280776 ] ] } },
{ "type": "Feature", "properties": { "name": "Arterial Link", "highway": "residential", "slope_pct": 0.6 }, "geometry": { "type": "LineString", "coordinates": [ [ 77.1346091, 28.5310838 ], [ 77.1350662, 28.5309702 ], [ 77.135214, 28.5309367 ], [ 77.1353106, 28.5309133 ], [ 77.1354402, 28.5308956 ], [ 77.1356386, 28.5308789 ], [ 77.1358905, 28.5308809 ] ] } },
{ "type": "Feature", "properties": { "name": "Arterial Link", "highway": "residential", "slope_pct": 0.6 }, "geometry": { "type": "LineString", "coordinates": [ [ 77.135537, 28.5346564 ], [ 77.1355907, 28.5346673 ], [ 77.1356443, 28.5346885 ], [ 77.1356899, 28.5347213 ], [ 77.1357247, 28.534751 ], [ 77.135758, 28.5348241 ], [ 77.1357766, 28.5349266 ], [ 77.1357924, 28.5350765 ], [ 77.1358039, 28.5352268 ], [ 77.1358106, 28.5353708 ], [ 77.135824, 28.5355309 ], [ 77.1358468, 28.5356299 ], [ 77.1358813, 28.5357184 ], [ 77.1359279, 28.5358069 ], [ 77.1360345, 28.5359739 ], [ 77.1361472, 28.5361577 ], [ 77.136233, 28.5362987 ], [ 77.1362442, 28.5363171 ], [ 77.1362847, 28.5363936 ], [ 77.1363115, 28.5364581 ], [ 77.1363556, 28.5365768 ], [ 77.1363709, 28.5366516 ], [ 77.1364083, 28.5367473 ], [ 77.136439, 28.5368091 ], [ 77.1365167, 28.5369654 ], [ 77.1365537, 28.5370391 ], [ 77.1365798, 28.5371097 ], [ 77.1366193, 28.5372428 ], [ 77.1366335, 28.5373451 ], [ 77.136635, 28.5374394 ], [ 77.136662, 28.5379638 ] ] } },
{ "type": "Feature", "properties": { "name": "Arterial Link", "highway": "residential", "slope_pct": 0.6 }, "geometry": { "type": "LineString", "coordinates": [ [ 77.135214, 28.5309367 ], [ 77.1353172, 28.5313532 ] ] } },
{ "type": "Feature", "properties": { "name": "Abdul Gaffar Khan Marg", "highway": "primary", "slope_pct": 0.6 }, "geometry": { "type": "LineString", "coordinates": [ [ 77.1483472, 28.5291661 ], [ 77.1482319, 28.5292374 ], [ 77.148038, 28.5293867 ], [ 77.1475757, 28.529797 ], [ 77.1473189, 28.5300663 ], [ 77.1471504, 28.5302261 ], [ 77.147072, 28.530297 ], [ 77.14694, 28.5304249 ], [ 77.146794, 28.5305553 ], [ 77.1466604, 28.5306705 ], [ 77.1465182, 28.5307857 ], [ 77.1464057, 28.5308709 ], [ 77.1462954, 28.5309543 ], [ 77.14618, 28.5310399 ], [ 77.1458879, 28.5312384 ], [ 77.1454752, 28.531529 ], [ 77.1451689, 28.5317448 ], [ 77.1451363, 28.5317672 ], [ 77.1449432, 28.5319 ], [ 77.1446302, 28.5321098 ], [ 77.1444146, 28.5322572 ], [ 77.1442921, 28.5323401 ], [ 77.1439715, 28.5325574 ], [ 77.143804, 28.5326811 ], [ 77.1436473, 28.532803 ], [ 77.1435265, 28.5329024 ], [ 77.1434218, 28.5329971 ], [ 77.1433349, 28.5330793 ], [ 77.1432289, 28.5331826 ], [ 77.1423299, 28.5341323 ], [ 77.1421082, 28.5343786 ], [ 77.1420625, 28.5344273 ], [ 77.141881, 28.5346332 ], [ 77.1416542, 28.534896 ], [ 77.1414405, 28.535163 ], [ 77.1411978, 28.5354327 ], [ 77.1407293, 28.5359561 ], [ 77.1403628, 28.5363522 ], [ 77.1401456, 28.5365755 ], [ 77.1400253, 28.536694 ], [ 77.1398402, 28.5368598 ], [ 77.1397311, 28.5369454 ], [ 77.1396084, 28.5370284 ], [ 77.1394916, 28.5370931 ], [ 77.1393627, 28.5371525 ], [ 77.1390694, 28.537269 ], [ 77.1387736, 28.5373716 ], [ 77.1386863, 28.5374011 ], [ 77.1386181, 28.5374242 ], [ 77.1385861, 28.5374359 ], [ 77.1382718, 28.5375503 ], [ 77.1375016, 28.5377991 ], [ 77.1373855, 28.5378321 ], [ 77.1372695, 28.5378627 ], [ 77.1371821, 28.5378831 ], [ 77.1370785, 28.5379036 ], [ 77.1368792, 28.5379349 ], [ 77.136662, 28.5379638 ], [ 77.1359993, 28.5380573 ], [ 77.1355855, 28.5381075 ], [ 77.1354341, 28.538121 ], [ 77.1353461, 28.5381289 ], [ 77.1346258, 28.5381883 ], [ 77.1345015, 28.5381998 ], [ 77.1343416, 28.5382154 ], [ 77.1342846, 28.5382237 ], [ 77.134144, 28.5382438 ], [ 77.1340585, 28.5382582 ] ] } },
{ "type": "Feature", "properties": { "name": "Abdul Gaffar Khan Marg", "highway": "primary", "slope_pct": 0.6 }, "geometry": { "type": "LineString", "coordinates": [ [ 77.1320388, 28.5395282 ], [ 77.1324103, 28.5392838 ], [ 77.1324576, 28.5392534 ], [ 77.1327893, 28.5390406 ], [ 77.1331748, 28.5387986 ], [ 77.1331978, 28.5387841 ], [ 77.1333683, 28.538672 ], [ 77.1334563, 28.5386145 ], [ 77.1335533, 28.5385598 ], [ 77.133664, 28.5385077 ], [ 77.1338233, 28.5384422 ], [ 77.1339523, 28.5383986 ], [ 77.1341035, 28.5383595 ], [ 77.1342693, 28.5383223 ], [ 77.1344341, 28.5382951 ], [ 77.1346571, 28.5382603 ], [ 77.1350182, 28.5382269 ], [ 77.1350365, 28.5382252 ], [ 77.1353279, 28.5381983 ], [ 77.1358597, 28.5381472 ], [ 77.1361978, 28.5381045 ], [ 77.1365158, 28.538058 ], [ 77.1366699, 28.5380363 ], [ 77.1367059, 28.5380313 ], [ 77.1368692, 28.5380035 ], [ 77.1370223, 28.5379753 ], [ 77.1371945, 28.5379426 ], [ 77.1374154, 28.5378935 ], [ 77.137621, 28.5378376 ], [ 77.1379688, 28.5377342 ], [ 77.1382871, 28.5376329 ], [ 77.1384038, 28.5375953 ], [ 77.1384807, 28.5375723 ], [ 77.1386247, 28.5375261 ], [ 77.1387279, 28.5374906 ], [ 77.139102, 28.5373673 ], [ 77.1392458, 28.5373145 ], [ 77.1393165, 28.5372869 ], [ 77.1393884, 28.5372527 ], [ 77.1395211, 28.5371779 ], [ 77.1396398, 28.5371054 ], [ 77.1397214, 28.5370455 ], [ 77.139812, 28.536975 ], [ 77.1398318, 28.5369583 ], [ 77.1398797, 28.5369179 ], [ 77.1400562, 28.5367649 ], [ 77.1402392, 28.5365768 ], [ 77.1403762, 28.5364306 ], [ 77.1406422, 28.5361486 ], [ 77.1407304, 28.536055 ], [ 77.1409701, 28.5357751 ], [ 77.1410683, 28.5356666 ], [ 77.1412841, 28.5354282 ], [ 77.1415126, 28.5351697 ], [ 77.1418353, 28.5347958 ], [ 77.1420387, 28.5345722 ], [ 77.1421222, 28.5344807 ], [ 77.1421868, 28.534422 ], [ 77.142371, 28.5342018 ], [ 77.142509, 28.534052 ], [ 77.1431386, 28.5333841 ], [ 77.1433497, 28.5331885 ], [ 77.1434691, 28.5330728 ], [ 77.1435752, 28.5329649 ], [ 77.1436079, 28.5329323 ], [ 77.1436471, 28.5328998 ], [ 77.1437176, 28.532849 ], [ 77.1440248, 28.5326221 ], [ 77.1441984, 28.5325104 ], [ 77.1450039, 28.5319586 ], [ 77.1452461, 28.5318209 ] ] } },
{ "type": "Feature", "properties": { "name": "Arterial Link", "highway": "residential", "slope_pct": 0.6 }, "geometry": { "type": "LineString", "coordinates": [ [ 77.1359132, 28.5316771 ], [ 77.1352676, 28.5317059 ] ] } },
{ "type": "Feature", "properties": { "name": "Arterial Link", "highway": "residential", "slope_pct": 0.6 }, "geometry": { "type": "LineString", "coordinates": [ [ 77.1354341, 28.538121 ], [ 77.1354458, 28.5380563 ], [ 77.1354454, 28.5379916 ], [ 77.1354409, 28.5379223 ], [ 77.1354333, 28.5378463 ], [ 77.1354014, 28.537705 ], [ 77.1353241, 28.5374691 ], [ 77.1352376, 28.5372491 ], [ 77.1352057, 28.5371812 ], [ 77.1351875, 28.5371278 ], [ 77.1351739, 28.5370845 ], [ 77.1351627, 28.5370356 ], [ 77.1351556, 28.5369652 ], [ 77.1351462, 28.5368572 ], [ 77.1351374, 28.536724 ], [ 77.1351286, 28.5366851 ], [ 77.1351147, 28.536644 ], [ 77.1350646, 28.5365613 ], [ 77.1350395, 28.5365014 ], [ 77.1349038, 28.5362674 ], [ 77.1348334, 28.5361514 ], [ 77.134816, 28.5361343 ], [ 77.1347845, 28.5361214 ], [ 77.1347563, 28.5361143 ], [ 77.1345032, 28.5360723 ], [ 77.1343798, 28.5360016 ] ] } },
{ "type": "Feature", "properties": { "name": "Arterial Link", "highway": "residential", "slope_pct": 0.6 }, "geometry": { "type": "LineString", "coordinates": [ [ 77.136439, 28.5368091 ], [ 77.1361955, 28.5368141 ], [ 77.1361153, 28.5368023 ], [ 77.136068, 28.5367954 ], [ 77.1359558, 28.5367528 ], [ 77.1357981, 28.5366462 ], [ 77.1356464, 28.5365982 ], [ 77.1355311, 28.5366089 ], [ 77.1351286, 28.5366851 ] ] } },
{ "type": "Feature", "properties": { "name": "Arterial Link", "highway": "residential", "slope_pct": 0.6 }, "geometry": { "type": "LineString", "coordinates": [ [ 77.1358785, 28.529685 ], [ 77.1352658, 28.5296982 ] ] } },
{ "type": "Feature", "properties": { "name": "Arterial Link", "highway": "residential", "slope_pct": 0.6 }, "geometry": { "type": "LineString", "coordinates": [ [ 77.1351139, 28.5293447 ], [ 77.1358749, 28.5293291 ] ] } },
{ "type": "Feature", "properties": { "name": "Arterial Link", "highway": "residential", "slope_pct": 0.6 }, "geometry": { "type": "LineString", "coordinates": [ [ 77.1363861, 28.5304738 ], [ 77.1358877, 28.5304799 ], [ 77.1351949, 28.5305068 ], [ 77.1350858, 28.5305183 ], [ 77.1349186, 28.5305371 ] ] } },
{ "type": "Feature", "properties": { "name": "Arterial Link", "highway": "residential", "slope_pct": 0.6 }, "geometry": { "type": "LineString", "coordinates": [ [ 77.13126, 28.5353553 ], [ 77.131532, 28.5352588 ], [ 77.1317111, 28.5351876 ], [ 77.131868, 28.5351318 ], [ 77.1320431, 28.5350841 ], [ 77.1321022, 28.5350745 ], [ 77.1321505, 28.5350667 ], [ 77.1322263, 28.5350736 ], [ 77.1323604, 28.5351125 ], [ 77.1327972, 28.5351927 ], [ 77.13356, 28.53522 ], [ 77.1336093, 28.5353986 ], [ 77.1338003, 28.5354528 ], [ 77.1341084, 28.535377 ], [ 77.1343056, 28.535718 ], [ 77.1343798, 28.5360016 ], [ 77.1340955, 28.5361995 ], [ 77.1340741, 28.536355 ], [ 77.1341814, 28.5366142 ] ] } },
{ "type": "Feature", "properties": { "name": "Arterial Link", "highway": "residential", "slope_pct": 0.6 }, "geometry": { "type": "LineString", "coordinates": [ [ 77.1341695, 28.5340239 ], [ 77.1341867, 28.5340725 ], [ 77.1342038, 28.5341088 ], [ 77.1342261, 28.5341395 ], [ 77.1342677, 28.5341888 ], [ 77.1343093, 28.5342292 ], [ 77.1344223, 28.5343242 ], [ 77.1344632, 28.5343586 ], [ 77.1346045, 28.5344531 ], [ 77.1347774, 28.5345468 ], [ 77.1349621, 28.5346318 ], [ 77.1350962, 28.5346742 ], [ 77.1351714, 28.534687 ], [ 77.1352491, 28.5346931 ], [ 77.1353162, 28.5346918 ], [ 77.1353859, 28.5346837 ], [ 77.1354988, 28.5346556 ], [ 77.135537, 28.5346564 ] ] } },
{ "type": "Feature", "properties": { "name": "Arterial Link", "highway": "residential", "slope_pct": 0.6 }, "geometry": { "type": "LineString", "coordinates": [ [ 77.1339572, 28.5329488 ], [ 77.1338105, 28.5329944 ], [ 77.1336935, 28.5330392 ], [ 77.133501, 28.5331181 ], [ 77.133365, 28.5331678 ], [ 77.1331907, 28.5332349 ], [ 77.1331195, 28.5332763 ], [ 77.1331054, 28.5332919 ], [ 77.1331044, 28.5333065 ], [ 77.1331091, 28.5333237 ], [ 77.1331725, 28.5334327 ], [ 77.1332209, 28.5334773 ], [ 77.1332458, 28.5335311 ], [ 77.1332619, 28.533566 ], [ 77.1332772, 28.5335908 ], [ 77.133293, 28.5336058 ], [ 77.1333127, 28.5336149 ], [ 77.1334721, 28.5336455 ], [ 77.1334896, 28.5336516 ], [ 77.1336899, 28.5337215 ], [ 77.1337893, 28.5337733 ], [ 77.1339114, 28.5338582 ], [ 77.1339841, 28.533915 ], [ 77.1339873, 28.5339178 ], [ 77.1340611, 28.5339817 ], [ 77.134085, 28.5339992 ], [ 77.1341153, 28.5340159 ], [ 77.1341441, 28.5340242 ], [ 77.1341695, 28.5340239 ] ] } },
{ "type": "Feature", "properties": { "name": "Arterial Link", "highway": "residential", "slope_pct": 0.6 }, "geometry": { "type": "LineString", "coordinates": [ [ 77.1341695, 28.5340239 ], [ 77.1341701, 28.5339616 ], [ 77.1341785, 28.5338135 ], [ 77.1341764, 28.5337387 ], [ 77.1341552, 28.5336427 ], [ 77.1341272, 28.5335562 ], [ 77.1340804, 28.5333974 ], [ 77.1340482, 28.5332884 ], [ 77.1340133, 28.5331523 ], [ 77.1339858, 28.5330604 ], [ 77.1339762, 28.5330227 ], [ 77.1339718, 28.533005 ], [ 77.1339681, 28.5329897 ] ] } },
{ "type": "Feature", "properties": { "name": "Arterial Link", "highway": "residential", "slope_pct": 0.6 }, "geometry": { "type": "LineString", "coordinates": [ [ 77.140118, 28.5257601 ], [ 77.1401282, 28.5261412 ], [ 77.1401352, 28.5265288 ] ] } },
{ "type": "Feature", "properties": { "name": "Arterial Link", "highway": "residential", "slope_pct": 0.6 }, "geometry": { "type": "LineString", "coordinates": [ [ 77.1399136, 28.5274309 ], [ 77.1413572, 28.5274019 ] ] } },
{ "type": "Feature", "properties": { "name": "Arterial Link", "highway": "residential", "slope_pct": 0.6 }, "geometry": { "type": "LineString", "coordinates": [ [ 77.1378812, 28.5266265 ], [ 77.1369445, 28.5266234 ] ] } },
{ "type": "Feature", "properties": { "name": "Arterial Link", "highway": "residential", "slope_pct": 0.6 }, "geometry": { "type": "LineString", "coordinates": [ [ 77.1413535, 28.5270129 ], [ 77.139911, 28.5270448 ] ] } },
{ "type": "Feature", "properties": { "name": "Arterial Link", "highway": "residential", "slope_pct": 0.6 }, "geometry": { "type": "LineString", "coordinates": [ [ 77.1419543, 28.5279693 ], [ 77.1419521, 28.5278764 ], [ 77.1419208, 28.5265319 ], [ 77.141919, 28.5265188 ], [ 77.1419059, 28.5265074 ], [ 77.1418848, 28.5265057 ], [ 77.1413487, 28.5265137 ], [ 77.1406437, 28.5265225 ], [ 77.1401352, 28.5265288 ], [ 77.1399074, 28.5265316 ], [ 77.1393129, 28.526539 ] ] } },
{ "type": "Feature", "properties": { "name": "Arterial Link", "highway": "residential", "slope_pct": 0.6 }, "geometry": { "type": "LineString", "coordinates": [ [ 77.1383755, 28.5279997 ], [ 77.138375, 28.5279364 ], [ 77.1383675, 28.5269408 ], [ 77.138358, 28.525691 ] ] } },
{ "type": "Feature", "properties": { "name": "Arterial Link", "highway": "residential", "slope_pct": 0.6 }, "geometry": { "type": "LineString", "coordinates": [ [ 77.1399074, 28.5265316 ], [ 77.139911, 28.5270448 ], [ 77.1399136, 28.5274309 ], [ 77.139917, 28.5279107 ], [ 77.1399175, 28.5279866 ] ] } },
{ "type": "Feature", "properties": { "name": "Arterial Link", "highway": "residential", "slope_pct": 0.6 }, "geometry": { "type": "LineString", "coordinates": [ [ 77.1378884, 28.5269469 ], [ 77.1378812, 28.5266265 ], [ 77.1378726, 28.526241 ], [ 77.1378675, 28.5260145 ], [ 77.1378604, 28.5256969 ] ] } },
{ "type": "Feature", "properties": { "name": "Arterial Link", "highway": "residential", "slope_pct": 0.6 }, "geometry": { "type": "LineString", "coordinates": [ [ 77.1365648, 28.5269637 ], [ 77.1369406, 28.5269589 ], [ 77.1378884, 28.5269469 ], [ 77.1383675, 28.5269408 ], [ 77.1393186, 28.5269287 ] ] } },
{ "type": "Feature", "properties": { "name": "Arterial Link", "highway": "residential", "slope_pct": 0.6 }, "geometry": { "type": "LineString", "coordinates": [ [ 77.136955, 28.5257075 ], [ 77.1369526, 28.5259173 ], [ 77.1369513, 28.526032 ], [ 77.1369488, 28.5262436 ], [ 77.1369445, 28.5266234 ], [ 77.1369406, 28.5269589 ] ] } },
{ "type": "Feature", "properties": { "name": "Arterial Link", "highway": "residential", "slope_pct": 0.6 }, "geometry": { "type": "LineString", "coordinates": [ [ 77.1406437, 28.5265225 ], [ 77.1406196, 28.5257624 ] ] } },
{ "type": "Feature", "properties": { "name": "Arterial Link", "highway": "residential", "slope_pct": 0.6 }, "geometry": { "type": "LineString", "coordinates": [ [ 77.1362499, 28.5275797 ], [ 77.1362602, 28.5280407 ], [ 77.1362611, 28.5280819 ] ] } },
{ "type": "Feature", "properties": { "name": "Arterial Link", "highway": "residential", "slope_pct": 0.6 }, "geometry": { "type": "LineString", "coordinates": [ [ 77.1385061, 28.5281524 ], [ 77.1372553, 28.5281753 ], [ 77.1368457, 28.5281777 ] ] } },
{ "type": "Feature", "properties": { "name": "Arterial Link", "highway": "residential", "slope_pct": 0.6 }, "geometry": { "type": "LineString", "coordinates": [ [ 77.1378717, 28.5296686 ], [ 77.1374013, 28.5296834 ], [ 77.1373153, 28.5296861 ], [ 77.1372465, 28.5296883 ], [ 77.1367903, 28.5297026 ], [ 77.1367629, 28.5297138 ], [ 77.1367589, 28.5297399 ], [ 77.1367712, 28.5300726 ], [ 77.1367826, 28.5300935 ], [ 77.1368166, 28.5301026 ], [ 77.1372595, 28.5300899 ], [ 77.1373313, 28.5300878 ], [ 77.137412, 28.5300855 ], [ 77.1378791, 28.530072 ], [ 77.1378961, 28.5300635 ], [ 77.1379059, 28.5300474 ], [ 77.1379, 28.5296944 ], [ 77.1378917, 28.5296783 ], [ 77.1378717, 28.5296686 ] ] } },
{ "type": "Feature", "properties": { "name": "Arterial Link", "highway": "residential", "slope_pct": 0.6 }, "geometry": { "type": "LineString", "coordinates": [ [ 77.1391938, 28.5310432 ], [ 77.1391865, 28.5307113 ], [ 77.139172, 28.5306904 ], [ 77.1391441, 28.5306807 ], [ 77.1386942, 28.5307005 ], [ 77.138609, 28.5307042 ], [ 77.1385203, 28.5307055 ], [ 77.1380475, 28.5307126 ], [ 77.1380193, 28.5307213 ], [ 77.1380132, 28.5307439 ], [ 77.1380242, 28.5310718 ], [ 77.138042, 28.5310975 ], [ 77.1380735, 28.5311076 ], [ 77.1385239, 28.5311002 ], [ 77.138625, 28.5310986 ], [ 77.1387027, 28.531096 ], [ 77.1391536, 28.5310806 ], [ 77.1391853, 28.531066 ], [ 77.1391938, 28.5310432 ] ] } },
{ "type": "Feature", "properties": { "name": "Arterial Link", "highway": "residential", "slope_pct": 0.6 }, "geometry": { "type": "LineString", "coordinates": [ [ 77.1379087, 28.5302727 ], [ 77.137896, 28.5302467 ], [ 77.1378642, 28.5302394 ], [ 77.1374208, 28.5302496 ], [ 77.1373378, 28.5302516 ], [ 77.1372619, 28.5302533 ], [ 77.1368104, 28.5302638 ], [ 77.1367816, 28.5302769 ], [ 77.1367699, 28.5303031 ], [ 77.1367891, 28.5306217 ], [ 77.1368055, 28.5306442 ], [ 77.136839, 28.5306555 ], [ 77.1372736, 28.5306444 ], [ 77.1373534, 28.5306423 ], [ 77.1374316, 28.5306406 ], [ 77.1378866, 28.5306305 ], [ 77.1379118, 28.5306204 ], [ 77.1379219, 28.5305971 ], [ 77.1379087, 28.5302727 ] ] } },
{ "type": "Feature", "properties": { "name": "Arterial Link", "highway": "residential", "slope_pct": 0.6 }, "geometry": { "type": "LineString", "coordinates": [ [ 77.1367305, 28.5301791 ], [ 77.1373343, 28.5301621 ], [ 77.1379311, 28.5301452 ], [ 77.1385855, 28.5301268 ] ] } },
{ "type": "Feature", "properties": { "name": "Arterial Link", "highway": "residential", "slope_pct": 0.6 }, "geometry": { "type": "LineString", "coordinates": [ [ 77.1391042, 28.5286192 ], [ 77.1388687, 28.5286255 ], [ 77.1386222, 28.528632 ], [ 77.138525, 28.5286346 ], [ 77.1372749, 28.5286677 ], [ 77.1367479, 28.5286816 ] ] } },
{ "type": "Feature", "properties": { "name": "Arterial Link", "highway": "residential", "slope_pct": 0.6 }, "geometry": { "type": "LineString", "coordinates": [ [ 77.1386051, 28.53061 ], [ 77.1386859, 28.5306079 ], [ 77.1391383, 28.5305963 ], [ 77.1391681, 28.5305859 ], [ 77.1391785, 28.5305621 ], [ 77.1391615, 28.5302273 ], [ 77.1391565, 28.5302144 ], [ 77.1391437, 28.5302057 ], [ 77.1391236, 28.5302013 ], [ 77.138673, 28.5302141 ], [ 77.1385892, 28.5302165 ] ] } },
{ "type": "Feature", "properties": { "name": "Arterial Link", "highway": "residential", "slope_pct": 0.6 }, "geometry": { "type": "LineString", "coordinates": [ [ 77.1385061, 28.5281524 ], [ 77.1388225, 28.5281456 ], [ 77.1388541, 28.528152 ], [ 77.1388664, 28.5281713 ], [ 77.1388657, 28.5283363 ] ] } },
{ "type": "Feature", "properties": { "name": "Arterial Link", "highway": "residential", "slope_pct": 0.6 }, "geometry": { "type": "LineString", "coordinates": [ [ 77.1373121, 28.5296035 ], [ 77.1372488, 28.5296052 ], [ 77.1367805, 28.5296208 ], [ 77.1367535, 28.5296139 ], [ 77.136743, 28.5295971 ], [ 77.1367327, 28.5292685 ], [ 77.1367403, 28.5292439 ], [ 77.1367697, 28.5292256 ], [ 77.137198, 28.529214 ], [ 77.1372235, 28.5292207 ], [ 77.1372353, 28.5292432 ], [ 77.1372403, 28.5294111 ], [ 77.1372488, 28.5296052 ] ] } },
{ "type": "Feature", "properties": { "name": "Arterial Link", "highway": "residential", "slope_pct": 0.6 }, "geometry": { "type": "LineString", "coordinates": [ [ 77.1386472, 28.5295806 ], [ 77.1386396, 28.5293778 ], [ 77.1386334, 28.5292099 ], [ 77.1386358, 28.529192 ], [ 77.1386616, 28.5291817 ], [ 77.1390863, 28.529168 ], [ 77.1391047, 28.5291722 ], [ 77.1391131, 28.5291842 ], [ 77.139125, 28.5295353 ], [ 77.1391165, 28.5295538 ], [ 77.1390932, 28.5295635 ], [ 77.1386472, 28.5295806 ], [ 77.1385635, 28.5295838 ] ] } },
{ "type": "Feature", "properties": { "name": "Arterial Link", "highway": "residential", "slope_pct": 0.6 }, "geometry": { "type": "LineString", "coordinates": [ [ 77.1385825, 28.5300521 ], [ 77.1386544, 28.5300503 ], [ 77.13911, 28.5300389 ], [ 77.1391306, 28.5300288 ], [ 77.1391437, 28.5300163 ], [ 77.1391454, 28.5300023 ], [ 77.139125, 28.5296655 ], [ 77.1391184, 28.5296532 ], [ 77.139108, 28.5296459 ], [ 77.1390961, 28.5296434 ], [ 77.1386377, 28.5296572 ], [ 77.1385666, 28.5296593 ] ] } },
{ "type": "Feature", "properties": { "name": "Arterial Link", "highway": "residential", "slope_pct": 0.6 }, "geometry": { "type": "LineString", "coordinates": [ [ 77.1374125, 28.5296005 ], [ 77.1374064, 28.5294063 ], [ 77.137399, 28.5292443 ], [ 77.137408, 28.5292218 ], [ 77.1374419, 28.5292109 ], [ 77.1378482, 28.5292017 ], [ 77.1378731, 28.5292074 ], [ 77.1378831, 28.5292248 ], [ 77.1378899, 28.529565 ], [ 77.1378774, 28.5295855 ], [ 77.1378533, 28.52959 ], [ 77.1374125, 28.5296005 ], [ 77.1373121, 28.5296035 ] ] } },
{ "type": "Feature", "properties": { "name": "Arterial Link", "highway": "residential", "slope_pct": 0.6 }, "geometry": { "type": "LineString", "coordinates": [ [ 77.1385666, 28.5296593 ], [ 77.1384744, 28.5296618 ], [ 77.1380172, 28.5296743 ], [ 77.1379981, 28.5296782 ], [ 77.1379824, 28.5296881 ], [ 77.1379758, 28.5297078 ], [ 77.1379821, 28.5300356 ], [ 77.1379918, 28.5300524 ], [ 77.1380058, 28.5300614 ], [ 77.1380279, 28.5300628 ], [ 77.1384909, 28.5300539 ], [ 77.1385825, 28.5300521 ] ] } },
{ "type": "Feature", "properties": { "name": "Arterial Link", "highway": "residential", "slope_pct": 0.6 }, "geometry": { "type": "LineString", "coordinates": [ [ 77.1372403, 28.5294111 ], [ 77.1373044, 28.5294101 ], [ 77.1374064, 28.5294063 ] ] } },
{ "type": "Feature", "properties": { "name": "Arterial Link", "highway": "residential", "slope_pct": 0.6 }, "geometry": { "type": "LineString", "coordinates": [ [ 77.1372595, 28.5300899 ], [ 77.1372465, 28.5296883 ] ] } },
{ "type": "Feature", "properties": { "name": "Arterial Link", "highway": "residential", "slope_pct": 0.6 }, "geometry": { "type": "LineString", "coordinates": [ [ 77.137412, 28.5300855 ], [ 77.1374013, 28.5296834 ] ] } },
{ "type": "Feature", "properties": { "name": "Arterial Link", "highway": "residential", "slope_pct": 0.6 }, "geometry": { "type": "LineString", "coordinates": [ [ 77.1385892, 28.5302165 ], [ 77.1384936, 28.5302205 ], [ 77.1380285, 28.5302397 ], [ 77.1380058, 28.5302509 ], [ 77.1380022, 28.5302711 ], [ 77.1380172, 28.5305974 ], [ 77.138027, 28.5306182 ], [ 77.13805, 28.5306292 ], [ 77.1385034, 28.5306135 ], [ 77.1386051, 28.53061 ] ] } },
{ "type": "Feature", "properties": { "name": "Arterial Link", "highway": "residential", "slope_pct": 0.6 }, "geometry": { "type": "LineString", "coordinates": [ [ 77.1372736, 28.5306444 ], [ 77.1372619, 28.5302533 ] ] } },
{ "type": "Feature", "properties": { "name": "Arterial Link", "highway": "residential", "slope_pct": 0.6 }, "geometry": { "type": "LineString", "coordinates": [ [ 77.1374316, 28.5306406 ], [ 77.1374208, 28.5302496 ] ] } },
{ "type": "Feature", "properties": { "name": "Arterial Link", "highway": "residential", "slope_pct": 0.6 }, "geometry": { "type": "LineString", "coordinates": [ [ 77.1385034, 28.5306135 ], [ 77.1384936, 28.5302205 ] ] } },
{ "type": "Feature", "properties": { "name": "Arterial Link", "highway": "residential", "slope_pct": 0.6 }, "geometry": { "type": "LineString", "coordinates": [ [ 77.1386859, 28.5306079 ], [ 77.138673, 28.5302141 ] ] } },
{ "type": "Feature", "properties": { "name": "Arterial Link", "highway": "residential", "slope_pct": 0.6 }, "geometry": { "type": "LineString", "coordinates": [ [ 77.1385239, 28.5311002 ], [ 77.1385203, 28.5307055 ] ] } },
{ "type": "Feature", "properties": { "name": "Arterial Link", "highway": "residential", "slope_pct": 0.6 }, "geometry": { "type": "LineString", "coordinates": [ [ 77.1387027, 28.531096 ], [ 77.1386942, 28.5307005 ] ] } },
{ "type": "Feature", "properties": { "name": "Arterial Link", "highway": "residential", "slope_pct": 0.6 }, "geometry": { "type": "LineString", "coordinates": [ [ 77.1384909, 28.5300539 ], [ 77.1384744, 28.5296618 ] ] } },
{ "type": "Feature", "properties": { "name": "Arterial Link", "highway": "residential", "slope_pct": 0.6 }, "geometry": { "type": "LineString", "coordinates": [ [ 77.1386544, 28.5300503 ], [ 77.1386377, 28.5296572 ] ] } },
{ "type": "Feature", "properties": { "name": "Arterial Link", "highway": "residential", "slope_pct": 0.6 }, "geometry": { "type": "LineString", "coordinates": [ [ 77.1384714, 28.5295862 ], [ 77.1384683, 28.5293828 ], [ 77.1384628, 28.529202 ], [ 77.1384558, 28.52919 ], [ 77.138439, 28.5291876 ], [ 77.1379918, 28.5292065 ], [ 77.1379726, 28.5292153 ], [ 77.1379643, 28.5292319 ], [ 77.1379733, 28.5295697 ], [ 77.1379859, 28.5295879 ], [ 77.1380055, 28.529596 ], [ 77.1384714, 28.5295862 ], [ 77.1385635, 28.5295838 ] ] } },
{ "type": "Feature", "properties": { "name": "Arterial Link", "highway": "residential", "slope_pct": 0.6 }, "geometry": { "type": "LineString", "coordinates": [ [ 77.1384683, 28.5293828 ], [ 77.1385553, 28.5293803 ], [ 77.1386396, 28.5293778 ] ] } },
{ "type": "Feature", "properties": { "name": "Arterial Link", "highway": "residential", "slope_pct": 0.6 }, "geometry": { "type": "LineString", "coordinates": [ [ 77.1358779, 28.529627 ], [ 77.1365356, 28.5296025 ], [ 77.1366092, 28.5295998 ] ] } },
{ "type": "Feature", "properties": { "name": "Arterial Link", "highway": "residential", "slope_pct": 0.6 }, "geometry": { "type": "LineString", "coordinates": [ [ 77.138875, 28.5289211 ], [ 77.1388813, 28.529086 ], [ 77.1388721, 28.5290989 ], [ 77.1388572, 28.5291028 ], [ 77.1386683, 28.5291109 ], [ 77.1386516, 28.5291085 ], [ 77.1386394, 28.5291012 ], [ 77.1386343, 28.5290845 ], [ 77.1386222, 28.528632 ] ] } },
{ "type": "Feature", "properties": { "name": "Arterial Link", "highway": "residential", "slope_pct": 0.6 }, "geometry": { "type": "LineString", "coordinates": [ [ 77.138864, 28.5284513 ], [ 77.1388687, 28.5286255 ], [ 77.1388715, 28.5287987 ] ] } },
{ "type": "Feature", "properties": { "name": "Arterial Link", "highway": "residential", "slope_pct": 0.6 }, "geometry": { "type": "LineString", "coordinates": [ [ 77.1360267, 28.5272721 ], [ 77.1360277, 28.5274822 ] ] } },
{ "type": "Feature", "properties": { "name": "Nelson Mandela Marg", "highway": "primary_link", "slope_pct": 0.6 }, "geometry": { "type": "LineString", "coordinates": [ [ 77.1481332, 28.5295432 ], [ 77.1482542, 28.5295298 ], [ 77.1483106, 28.5295252 ], [ 77.148367, 28.52953 ], [ 77.1484917, 28.5295749 ] ] } },
{ "type": "Feature", "properties": { "name": "Nelson Mandela Marg", "highway": "primary_link", "slope_pct": 0.6 }, "geometry": { "type": "LineString", "coordinates": [ [ 77.1486537, 28.5295456 ], [ 77.1487008, 28.5293946 ], [ 77.1487502, 28.5292488 ], [ 77.1487937, 28.5291551 ], [ 77.1488263, 28.5290851 ] ] } },
{ "type": "Feature", "properties": { "name": "Arterial Link", "highway": "residential", "slope_pct": 0.6 }, "geometry": { "type": "LineString", "coordinates": [ [ 77.1455348, 28.5283479 ], [ 77.145751, 28.5286333 ], [ 77.145861, 28.5287784 ], [ 77.1459763, 28.5289307 ], [ 77.1461896, 28.5292123 ], [ 77.1464251, 28.5295231 ], [ 77.1465276, 28.5296584 ], [ 77.1468135, 28.5300358 ], [ 77.1469041, 28.5301344 ] ] } },
{ "type": "Feature", "properties": { "name": "Arterial Link", "highway": "residential", "slope_pct": 0.6 }, "geometry": { "type": "LineString", "coordinates": [ [ 77.1477134, 28.53035 ], [ 77.1481332, 28.5301228 ], [ 77.1482751, 28.5300423 ], [ 77.1483484, 28.5300042 ] ] } },
{ "type": "Feature", "properties": { "name": "Arterial Link", "highway": "residential", "slope_pct": 0.6 }, "geometry": { "type": "LineString", "coordinates": [ [ 77.1475933, 28.530219 ], [ 77.1476667, 28.5302942 ], [ 77.1477134, 28.53035 ], [ 77.1477548, 28.5304261 ], [ 77.1477558, 28.5304462 ], [ 77.1477427, 28.5304632 ], [ 77.1471848, 28.5307981 ] ] } },
{ "type": "Feature", "properties": { "name": "Arterial Link", "highway": "residential", "slope_pct": 0.6 }, "geometry": { "type": "LineString", "coordinates": [ [ 77.1442535, 28.5254257 ], [ 77.1441248, 28.5254346 ], [ 77.1439885, 28.5254516 ], [ 77.1438919, 28.5254685 ], [ 77.1438386, 28.525486 ], [ 77.1438168, 28.5254931 ], [ 77.1437589, 28.5255345 ], [ 77.143745, 28.5255572 ], [ 77.1437289, 28.5255835 ], [ 77.1437201, 28.5256472 ], [ 77.1437228, 28.5257186 ], [ 77.1437269, 28.5257965 ], [ 77.1437446, 28.5259193 ], [ 77.1437642, 28.5259875 ], [ 77.1437879, 28.5260497 ], [ 77.143815, 28.5261173 ], [ 77.1438397, 28.526201 ], [ 77.1438692, 28.5263005 ] ] } },
{ "type": "Feature", "properties": { "name": "Arterial Link", "highway": "residential", "slope_pct": 0.6 }, "geometry": { "type": "LineString", "coordinates": [ [ 77.1436135, 28.5267299 ], [ 77.1436691, 28.5267381 ], [ 77.1437338, 28.5267384 ], [ 77.1439922, 28.5266933 ], [ 77.1443945, 28.5266188 ], [ 77.144667, 28.5265707 ], [ 77.14477, 28.5265511 ], [ 77.1448729, 28.5265249 ], [ 77.1449186, 28.5265021 ], [ 77.1449593, 28.5264749 ], [ 77.1449919, 28.526435 ], [ 77.1450015, 28.5263951 ], [ 77.1450036, 28.5263207 ], [ 77.1449755, 28.5262143 ], [ 77.144939, 28.5260754 ], [ 77.1449004, 28.5259131 ], [ 77.1448711, 28.5257897 ], [ 77.1448369, 28.5255644 ], [ 77.1448374, 28.5254981 ], [ 77.1448489, 28.5254664 ], [ 77.1448695, 28.5254348 ], [ 77.1449014, 28.525406 ], [ 77.1449448, 28.5253817 ], [ 77.1450693, 28.5253446 ], [ 77.1451775, 28.5253168 ], [ 77.1456367, 28.5252258 ], [ 77.1456922, 28.5252154 ], [ 77.1457731, 28.5252013 ], [ 77.1458721, 28.5251841 ] ] } },
{ "type": "Feature", "properties": { "name": "Arterial Link", "highway": "residential", "slope_pct": 0.6 }, "geometry": { "type": "LineString", "coordinates": [ [ 77.1469046, 28.5292439 ], [ 77.1464251, 28.5295231 ] ] } },
{ "type": "Feature", "properties": { "name": "Arterial Link", "highway": "residential", "slope_pct": 0.6 }, "geometry": { "type": "LineString", "coordinates": [ [ 77.1451196, 28.5291947 ], [ 77.145861, 28.5287784 ] ] } },
{ "type": "Feature", "properties": { "name": "Arterial Link", "highway": "residential", "slope_pct": 0.6 }, "geometry": { "type": "LineString", "coordinates": [ [ 77.1454558, 28.5296326 ], [ 77.1449206, 28.5299456 ] ] } },
{ "type": "Feature", "properties": { "name": "Arterial Link", "highway": "residential", "slope_pct": 0.6 }, "geometry": { "type": "LineString", "coordinates": [ [ 77.1451421, 28.5302444 ], [ 77.1455781, 28.5299927 ], [ 77.1455994, 28.5299832 ], [ 77.1456222, 28.5299823 ], [ 77.1456396, 28.5299891 ], [ 77.1456973, 28.530039 ], [ 77.1457205, 28.5300564 ], [ 77.1457474, 28.5300628 ], [ 77.1457721, 28.5300567 ], [ 77.1465276, 28.5296584 ] ] } },
{ "type": "Feature", "properties": { "name": "Arterial Link", "highway": "residential", "slope_pct": 0.6 }, "geometry": { "type": "LineString", "coordinates": [ [ 77.1442116, 28.5273705 ], [ 77.1443211, 28.5275999 ], [ 77.1446217, 28.5282294 ] ] } },
{ "type": "Feature", "properties": { "name": "Arterial Link", "highway": "residential", "slope_pct": 0.6 }, "geometry": { "type": "LineString", "coordinates": [ [ 77.145751, 28.5286333 ], [ 77.1462609, 28.5283363 ], [ 77.1462849, 28.528328 ], [ 77.146307, 28.5283373 ], [ 77.1463731, 28.5284228 ], [ 77.1463928, 28.5284339 ], [ 77.1464199, 28.5284305 ], [ 77.1470921, 28.5280368 ], [ 77.1472338, 28.5279555 ] ] } },
{ "type": "Feature", "properties": { "name": "Arterial Link", "highway": "residential", "slope_pct": 0.6 }, "geometry": { "type": "LineString", "coordinates": [ [ 77.1466779, 28.5289348 ], [ 77.1461896, 28.5292123 ] ] } },
{ "type": "Feature", "properties": { "name": "Arterial Link", "highway": "residential", "slope_pct": 0.6 }, "geometry": { "type": "LineString", "coordinates": [ [ 77.1469283, 28.5275638 ], [ 77.1467961, 28.5276382 ], [ 77.1455348, 28.5283479 ] ] } },
{ "type": "Feature", "properties": { "name": "Arterial Link", "highway": "residential", "slope_pct": 0.6 }, "geometry": { "type": "LineString", "coordinates": [ [ 77.1437228, 28.5257186 ], [ 77.144035, 28.5256605 ], [ 77.1442317, 28.5256336 ], [ 77.1442822, 28.5256367 ], [ 77.1443211, 28.5256574 ], [ 77.1443446, 28.5256915 ], [ 77.1443627, 28.5257288 ], [ 77.1443942, 28.5258298 ], [ 77.1444221, 28.5259371 ], [ 77.1444467, 28.5260689 ], [ 77.1444464, 28.5261235 ], [ 77.1444365, 28.5261675 ], [ 77.1443892, 28.5261938 ], [ 77.1443299, 28.5262086 ], [ 77.1438692, 28.5263005 ], [ 77.1437924, 28.5263279 ], [ 77.1437463, 28.5263585 ], [ 77.1436845, 28.5263981 ], [ 77.1435786, 28.5264547 ], [ 77.1433921, 28.5265259 ] ] } },
{ "type": "Feature", "properties": { "name": "Arterial Link", "highway": "residential", "slope_pct": 0.6 }, "geometry": { "type": "LineString", "coordinates": [ [ 77.1449206, 28.5299456 ], [ 77.1446637, 28.5296078 ], [ 77.1445162, 28.5294286 ], [ 77.1444702, 28.5293691 ], [ 77.1444234, 28.5293086 ], [ 77.1443601, 28.5292268 ], [ 77.1443136, 28.5291413 ], [ 77.1442927, 28.5290751 ], [ 77.1442842, 28.5290482 ], [ 77.1442766, 28.5289964 ], [ 77.1442602, 28.5288849 ], [ 77.144228, 28.5287185 ], [ 77.1442163, 28.5286398 ], [ 77.1442181, 28.5285974 ], [ 77.1442308, 28.5285309 ], [ 77.1442868, 28.5284647 ], [ 77.1443728, 28.5283947 ], [ 77.1446217, 28.5282294 ], [ 77.1449117, 28.5280327 ], [ 77.1451725, 28.5278638 ] ] } },
{ "type": "Feature", "properties": { "name": "Arterial Link", "highway": "residential", "slope_pct": 0.6 }, "geometry": { "type": "LineString", "coordinates": [ [ 77.1478947, 28.5277406 ], [ 77.1477232, 28.5274998 ], [ 77.1475588, 28.5272688 ] ] } },
{ "type": "Feature", "properties": { "name": "Arterial Link", "highway": "residential", "slope_pct": 0.6 }, "geometry": { "type": "LineString", "coordinates": [ [ 77.147109, 28.5272985 ], [ 77.147892, 28.5268524 ] ] } },
{ "type": "Feature", "properties": { "name": "Arterial Link", "highway": "residential", "slope_pct": 0.6 }, "geometry": { "type": "LineString", "coordinates": [ [ 77.1478103, 28.5267366 ], [ 77.1479697, 28.5266433 ], [ 77.1480453, 28.526599 ], [ 77.1481264, 28.52655 ], [ 77.1483564, 28.5264113 ], [ 77.1485782, 28.5262685 ] ] } },
{ "type": "Feature", "properties": { "name": "Arterial Link", "highway": "residential", "slope_pct": 0.6 }, "geometry": { "type": "LineString", "coordinates": [ [ 77.147748, 28.5281576 ], [ 77.1477828, 28.5281505 ], [ 77.1483981, 28.527812 ], [ 77.1486663, 28.527658 ] ] } },
{ "type": "Feature", "properties": { "name": "Arterial Link", "highway": "residential", "slope_pct": 0.6 }, "geometry": { "type": "LineString", "coordinates": [ [ 77.147091, 28.5255876 ], [ 77.1472954, 28.5255597 ], [ 77.1474001, 28.5255499 ], [ 77.1474756, 28.5255518 ], [ 77.1475315, 28.5255645 ], [ 77.147561, 28.5255806 ], [ 77.1475814, 28.5256033 ], [ 77.1476142, 28.5256624 ], [ 77.1476515, 28.5257348 ], [ 77.1476895, 28.5258005 ], [ 77.1480548, 28.5263429 ] ] } },
{ "type": "Feature", "properties": { "name": "Arterial Link", "highway": "residential", "slope_pct": 0.6 }, "geometry": { "type": "LineString", "coordinates": [ [ 77.147748, 28.5281576 ], [ 77.1477193, 28.5281471 ], [ 77.1476895, 28.5281194 ], [ 77.1475693, 28.5279283 ], [ 77.1473888, 28.5276804 ], [ 77.1472234, 28.5274533 ], [ 77.147109, 28.5272985 ], [ 77.1470094, 28.5271651 ], [ 77.1469072, 28.5270284 ] ] } },
{ "type": "Feature", "properties": { "name": "Arterial Link", "highway": "residential", "slope_pct": 0.6 }, "geometry": { "type": "LineString", "coordinates": [ [ 77.1470507, 28.5252751 ], [ 77.1470362, 28.5253027 ], [ 77.1470343, 28.5253329 ], [ 77.147091, 28.5255876 ], [ 77.1471184, 28.5256719 ], [ 77.1471585, 28.525755 ], [ 77.1472441, 28.5258938 ], [ 77.1475967, 28.52642 ], [ 77.1476881, 28.526555 ] ] } },
{ "type": "Feature", "properties": { "name": "Arterial Link", "highway": "residential", "slope_pct": 0.6 }, "geometry": { "type": "LineString", "coordinates": [ [ 77.1442927, 28.5290751 ], [ 77.1455348, 28.5283479 ] ] } },
{ "type": "Feature", "properties": { "name": "Arterial Link", "highway": "residential", "slope_pct": 0.6 }, "geometry": { "type": "LineString", "coordinates": [ [ 77.147072, 28.530297 ], [ 77.1470127, 28.530239 ], [ 77.1469041, 28.5301344 ] ] } },
{ "type": "Feature", "properties": { "name": "Arterial Link", "highway": "residential", "slope_pct": 0.6 }, "geometry": { "type": "LineString", "coordinates": [ [ 77.1457377, 28.5310478 ], [ 77.1468318, 28.530191 ], [ 77.1469041, 28.5301344 ] ] } },
{ "type": "Feature", "properties": { "name": "Arterial Link", "highway": "residential", "slope_pct": 0.6 }, "geometry": { "type": "LineString", "coordinates": [ [ 77.1451725, 28.5278638 ], [ 77.145148, 28.5277499 ], [ 77.1451043, 28.5276122 ], [ 77.1450449, 28.527458 ], [ 77.1450055, 28.5273715 ], [ 77.1449746, 28.5273039 ], [ 77.1448448, 28.5270209 ] ] } },
{ "type": "Feature", "properties": { "name": "Arterial Link", "highway": "residential", "slope_pct": 0.6 }, "geometry": { "type": "LineString", "coordinates": [ [ 77.1457377, 28.5310478 ], [ 77.1451421, 28.5302444 ], [ 77.1449206, 28.5299456 ] ] } },
{ "type": "Feature", "properties": { "name": "Arterial Link", "highway": "residential", "slope_pct": 0.6 }, "geometry": { "type": "LineString", "coordinates": [ [ 77.1433921, 28.5265259 ], [ 77.1434337, 28.5265902 ], [ 77.1434941, 28.5266526 ], [ 77.1435602, 28.5267051 ], [ 77.1436135, 28.5267299 ] ] } },
{ "type": "Feature", "properties": { "name": "Arterial Link", "highway": "residential", "slope_pct": 0.6 }, "geometry": { "type": "LineString", "coordinates": [ [ 77.1471721, 28.5304162 ], [ 77.147072, 28.530297 ] ] } },
{ "type": "Feature", "properties": { "name": "Arterial Link", "highway": "residential", "slope_pct": 0.6 }, "geometry": { "type": "LineString", "coordinates": [ [ 77.1470379, 28.5274953 ], [ 77.1469283, 28.5275638 ] ] } },
{ "type": "Feature", "properties": { "name": "Arterial Link", "highway": "residential", "slope_pct": 0.6 }, "geometry": { "type": "LineString", "coordinates": [ [ 77.1469041, 28.5301344 ], [ 77.147079, 28.5299864 ], [ 77.1471493, 28.5299203 ], [ 77.1472142, 28.5298573 ], [ 77.1475499, 28.5295067 ], [ 77.147833, 28.5292198 ], [ 77.1479276, 28.5291182 ], [ 77.1480376, 28.529 ] ] } },
{ "type": "Feature", "properties": { "name": "Arterial Link", "highway": "residential", "slope_pct": 0.6 }, "geometry": { "type": "LineString", "coordinates": [ [ 77.1480376, 28.529 ], [ 77.148112, 28.528933 ] ] } },
{ "type": "Feature", "properties": { "name": "Arterial Link", "highway": "residential", "slope_pct": 0.6 }, "geometry": { "type": "LineString", "coordinates": [ [ 77.1469072, 28.5270284 ], [ 77.1468241, 28.5269266 ], [ 77.1468182, 28.5269121 ], [ 77.1468193, 28.5268949 ], [ 77.146828, 28.5268791 ], [ 77.1468456, 28.526865 ], [ 77.1475967, 28.52642 ] ] } },
{ "type": "Feature", "properties": { "name": "Arterial Link", "highway": "residential", "slope_pct": 0.6 }, "geometry": { "type": "LineString", "coordinates": [ [ 77.1476881, 28.526555 ], [ 77.1477803, 28.5266935 ], [ 77.1478103, 28.5267366 ], [ 77.147892, 28.5268524 ], [ 77.1480116, 28.5270199 ], [ 77.1483461, 28.5274824 ] ] } },
{ "type": "Feature", "properties": { "name": "Arterial Link", "highway": "residential", "slope_pct": 0.6 }, "geometry": { "type": "LineString", "coordinates": [ [ 77.1472234, 28.5274533 ], [ 77.1475588, 28.5272688 ], [ 77.1480116, 28.5270199 ] ] } },
{ "type": "Feature", "properties": { "name": "Arterial Link", "highway": "residential", "slope_pct": 0.6 }, "geometry": { "type": "LineString", "coordinates": [ [ 77.1476881, 28.526555 ], [ 77.1469072, 28.5270284 ] ] } },
{ "type": "Feature", "properties": { "name": "Arterial Link", "highway": "residential", "slope_pct": 0.6 }, "geometry": { "type": "LineString", "coordinates": [ [ 77.1470094, 28.5271651 ], [ 77.1477803, 28.5266935 ] ] } },
{ "type": "Feature", "properties": { "name": "Arterial Link", "highway": "residential", "slope_pct": 0.6 }, "geometry": { "type": "LineString", "coordinates": [ [ 77.1475953, 28.5282379 ], [ 77.1476717, 28.5281978 ], [ 77.147748, 28.5281576 ] ] } },
{ "type": "Feature", "properties": { "name": "Arterial Link", "highway": "residential", "slope_pct": 0.6 }, "geometry": { "type": "LineString", "coordinates": [ [ 77.1474867, 28.5282819 ], [ 77.1473864, 28.5283355 ], [ 77.1466409, 28.5287263 ], [ 77.1466146, 28.5287281 ], [ 77.1465983, 28.5287138 ], [ 77.1465212, 28.5286205 ], [ 77.146429, 28.528494 ] ] } },
{ "type": "Feature", "properties": { "name": "Arterial Link", "highway": "residential", "slope_pct": 0.6 }, "geometry": { "type": "LineString", "coordinates": [ [ 77.1465212, 28.5286205 ], [ 77.1459763, 28.5289307 ] ] } },
{ "type": "Feature", "properties": { "name": "Arterial Link", "highway": "residential", "slope_pct": 0.6 }, "geometry": { "type": "LineString", "coordinates": [ [ 77.148367, 28.52953 ], [ 77.1482942, 28.5295723 ], [ 77.1482359, 28.5296178 ], [ 77.1480799, 28.5297445 ], [ 77.1479187, 28.529886 ], [ 77.1475933, 28.530219 ], [ 77.1473526, 28.5304536 ], [ 77.1468957, 28.5308636 ] ] } },
{ "type": "Feature", "properties": { "name": "Arterial Link", "highway": "residential", "slope_pct": 0.6 }, "geometry": { "type": "LineString", "coordinates": [ [ 77.1468957, 28.5308636 ], [ 77.1467991, 28.5307382 ] ] } },
{ "type": "Feature", "properties": { "name": "Arterial Link", "highway": "residential", "slope_pct": 0.6 }, "geometry": { "type": "LineString", "coordinates": [ [ 77.1443211, 28.5275999 ], [ 77.1450055, 28.5273715 ] ] } },
{ "type": "Feature", "properties": { "name": "Arterial Link", "highway": "residential", "slope_pct": 0.6 }, "geometry": { "type": "LineString", "coordinates": [ [ 77.1424372, 28.5279652 ], [ 77.1424623, 28.5271404 ] ] } },
{ "type": "Feature", "properties": { "name": "Arterial Link", "highway": "residential", "slope_pct": 0.6 }, "geometry": { "type": "LineString", "coordinates": [ [ 77.1444702, 28.5293691 ], [ 77.1450115, 28.529073 ] ] } },
{ "type": "Feature", "properties": { "name": "Arterial Link", "highway": "residential", "slope_pct": 0.6 }, "geometry": { "type": "LineString", "coordinates": [ [ 77.1451725, 28.5278638 ], [ 77.145204, 28.527943 ], [ 77.1452385, 28.5279927 ], [ 77.1454078, 28.5282014 ], [ 77.1455348, 28.5283479 ] ] } },
{ "type": "Feature", "properties": { "name": "Abdul Gaffar Khan Marg", "highway": "primary_link", "slope_pct": 0.6 }, "geometry": { "type": "LineString", "coordinates": [ [ 77.1482008, 28.5290338 ], [ 77.1481141, 28.5290999 ] ] } },
{ "type": "Feature", "properties": { "name": "Nelson Mandela Marg", "highway": "primary", "slope_pct": 0.6 }, "geometry": { "type": "LineString", "coordinates": [ [ 77.1483472, 28.5291661 ], [ 77.1482008, 28.5290338 ] ] } },
{ "type": "Feature", "properties": { "name": "Arterial Link", "highway": "residential", "slope_pct": 0.6 }, "geometry": { "type": "LineString", "coordinates": [ [ 77.147109, 28.5272985 ], [ 77.1470322, 28.5273465 ], [ 77.1469555, 28.5273945 ] ] } },
{ "type": "Feature", "properties": { "name": "Arterial Link", "highway": "residential", "slope_pct": 0.6 }, "geometry": { "type": "LineString", "coordinates": [ [ 77.1473888, 28.5276804 ], [ 77.1477232, 28.5274998 ] ] } },
{ "type": "Feature", "properties": { "name": "Masoodpur Flyover", "highway": "primary", "slope_pct": 0.6 }, "geometry": { "type": "LineString", "coordinates": [ [ 77.1507087, 28.5279254 ], [ 77.1505464, 28.5280462 ], [ 77.1492976, 28.5287013 ], [ 77.14866, 28.5290842 ], [ 77.1481867, 28.5294148 ], [ 77.1469193, 28.5305544 ], [ 77.1463889, 28.5309789 ], [ 77.1462742, 28.5310613 ], [ 77.1461486, 28.5311527 ], [ 77.1458651, 28.5313459 ], [ 77.1456239, 28.5315102 ], [ 77.145432, 28.5316324 ] ] } },
{ "type": "Feature", "properties": { "name": "Arterial Link", "highway": "residential", "slope_pct": 0.6 }, "geometry": { "type": "LineString", "coordinates": [ [ 77.1453664, 28.5385795 ], [ 77.1454368, 28.5385393 ], [ 77.1464348, 28.5379695 ], [ 77.1468661, 28.5377232 ], [ 77.1473875, 28.5374255 ], [ 77.1481368, 28.5369977 ], [ 77.149657, 28.5361297 ], [ 77.1499857, 28.535942 ], [ 77.1502188, 28.5358089 ], [ 77.1507811, 28.5354879 ] ] } },
{ "type": "Feature", "properties": { "name": "Arterial Link", "highway": "residential", "slope_pct": 0.6 }, "geometry": { "type": "LineString", "coordinates": [ [ 77.1442525, 28.5369249 ], [ 77.1441745, 28.536965 ], [ 77.1436078, 28.5372923 ], [ 77.1431142, 28.5375774 ], [ 77.1426165, 28.5378648 ], [ 77.142235, 28.5380853 ], [ 77.142109, 28.5381585 ], [ 77.1416272, 28.5384388 ], [ 77.1412767, 28.5386427 ], [ 77.1411548, 28.5387136 ], [ 77.1406405, 28.5390124 ], [ 77.1405228, 28.5390811 ], [ 77.1399445, 28.5394098 ], [ 77.1398851, 28.5394309 ] ] } },
{ "type": "Feature", "properties": { "name": "Arterial Link", "highway": "residential", "slope_pct": 0.6 }, "geometry": { "type": "LineString", "coordinates": [ [ 77.1420875, 28.5352621 ], [ 77.1422477, 28.5354571 ], [ 77.1425246, 28.5357941 ], [ 77.1426913, 28.535997 ] ] } },
{ "type": "Feature", "properties": { "name": "Arterial Link", "highway": "residential", "slope_pct": 0.6 }, "geometry": { "type": "LineString", "coordinates": [ [ 77.1404842, 28.5378077 ], [ 77.1409768, 28.5375204 ] ] } },
{ "type": "Feature", "properties": { "name": "Arterial Link", "highway": "residential", "slope_pct": 0.6 }, "geometry": { "type": "LineString", "coordinates": [ [ 77.139124, 28.5380957 ], [ 77.139229, 28.5380387 ], [ 77.139278, 28.538012 ], [ 77.1392991, 28.5379868 ], [ 77.1393013, 28.5379663 ], [ 77.1392941, 28.5379452 ], [ 77.1391449, 28.5376911 ], [ 77.1391471, 28.5376612 ], [ 77.1391685, 28.5376404 ], [ 77.1395516, 28.537465 ] ] } },
{ "type": "Feature", "properties": { "name": "Arterial Link", "highway": "residential", "slope_pct": 0.6 }, "geometry": { "type": "LineString", "coordinates": [ [ 77.1468147, 28.5376673 ], [ 77.1467884, 28.5376292 ], [ 77.1467782, 28.5376145 ], [ 77.1465672, 28.5373131 ], [ 77.1462241, 28.536823 ] ] } },
{ "type": "Feature", "properties": { "name": "Arterial Link", "highway": "residential", "slope_pct": 0.6 }, "geometry": { "type": "LineString", "coordinates": [ [ 77.1480057, 28.5417644 ], [ 77.1479022, 28.5417083 ], [ 77.1478089, 28.5416432 ], [ 77.1477179, 28.5415622 ], [ 77.1476371, 28.5414724 ], [ 77.1469008, 28.5405214 ], [ 77.1465986, 28.5401118 ], [ 77.1465389, 28.540031 ], [ 77.1463786, 28.539814 ], [ 77.1456699, 28.5388549 ], [ 77.1454368, 28.5385393 ], [ 77.1453936, 28.5384809 ], [ 77.1450885, 28.538068 ], [ 77.144785, 28.5376529 ], [ 77.1442963, 28.5369856 ], [ 77.1442712, 28.5369504 ], [ 77.1442525, 28.5369249 ], [ 77.1441961, 28.5368477 ], [ 77.1438642, 28.5363938 ], [ 77.1436644, 28.5360909 ], [ 77.1433225, 28.5356172 ], [ 77.1432024, 28.5354585 ], [ 77.1430919, 28.5353111 ], [ 77.1430746, 28.5352897 ], [ 77.1429535, 28.5351416 ], [ 77.1427958, 28.5349487 ], [ 77.1424243, 28.5346137 ], [ 77.1421868, 28.534422 ], [ 77.1421082, 28.5343786 ] ] } },
{ "type": "Feature", "properties": { "name": "Arterial Link", "highway": "residential", "slope_pct": 0.6 }, "geometry": { "type": "LineString", "coordinates": [ [ 77.1420625, 28.5344273 ], [ 77.1421222, 28.5344807 ], [ 77.1424219, 28.5347101 ], [ 77.1426284, 28.5348845 ], [ 77.1427263, 28.5349748 ], [ 77.1428017, 28.5350655 ], [ 77.1428686, 28.5351518 ], [ 77.1429923, 28.5353181 ], [ 77.1431068, 28.5354735 ], [ 77.1432515, 28.5356599 ], [ 77.1435902, 28.5361368 ], [ 77.1437891, 28.5364441 ], [ 77.1438778, 28.5365528 ], [ 77.1441745, 28.536965 ], [ 77.1442196, 28.5370269 ], [ 77.1450194, 28.5381096 ], [ 77.1450429, 28.5381414 ], [ 77.1451721, 28.5383164 ], [ 77.1453233, 28.5385212 ], [ 77.145342, 28.5385465 ], [ 77.1453664, 28.5385795 ], [ 77.1455971, 28.538892 ], [ 77.1462354, 28.5397565 ], [ 77.1463023, 28.5398499 ], [ 77.1464604, 28.5400706 ], [ 77.1468166, 28.5405678 ], [ 77.14757, 28.5416044 ] ] } },
{ "type": "Feature", "properties": { "name": "Arterial Link", "highway": "residential", "slope_pct": 0.6 }, "geometry": { "type": "LineString", "coordinates": [ [ 77.1464349, 28.5378847 ], [ 77.1464115, 28.5378543 ], [ 77.146102, 28.5374503 ], [ 77.1460801, 28.5374407 ], [ 77.1460488, 28.5374402 ], [ 77.1460213, 28.5374507 ], [ 77.145616, 28.5376961 ] ] } },
{ "type": "Feature", "properties": { "name": "Arterial Link", "highway": "residential", "slope_pct": 0.6 }, "geometry": { "type": "LineString", "coordinates": [ [ 77.1408198, 28.5364037 ], [ 77.1410481, 28.5367145 ], [ 77.1413114, 28.5370728 ], [ 77.1416492, 28.5375326 ], [ 77.1420553, 28.5380854 ], [ 77.142109, 28.5381585 ] ] } },
{ "type": "Feature", "properties": { "name": "Arterial Link", "highway": "residential", "slope_pct": 0.6 }, "geometry": { "type": "LineString", "coordinates": [ [ 77.1394768, 28.5387905 ], [ 77.139124, 28.5380957 ], [ 77.1389673, 28.537787 ], [ 77.1389206, 28.5376983 ], [ 77.138906, 28.5376848 ], [ 77.1388832, 28.5376731 ], [ 77.138813, 28.5376507 ] ] } },
{ "type": "Feature", "properties": { "name": "Arterial Link", "highway": "residential", "slope_pct": 0.6 }, "geometry": { "type": "LineString", "coordinates": [ [ 77.1405926, 28.5389453 ], [ 77.1401924, 28.5383762 ], [ 77.1398588, 28.5379018 ], [ 77.1395516, 28.537465 ], [ 77.139505, 28.5373987 ] ] } },
{ "type": "Feature", "properties": { "name": "Arterial Link", "highway": "residential", "slope_pct": 0.6 }, "geometry": { "type": "LineString", "coordinates": [ [ 77.1412185, 28.5358298 ], [ 77.1416052, 28.5363927 ], [ 77.1417338, 28.5365799 ], [ 77.1418579, 28.5367606 ], [ 77.1420639, 28.5370604 ], [ 77.1421779, 28.5372264 ], [ 77.1423323, 28.5374512 ], [ 77.1425641, 28.5377885 ], [ 77.1426165, 28.5378648 ] ] } },
{ "type": "Feature", "properties": { "name": "Arterial Link", "highway": "residential", "slope_pct": 0.6 }, "geometry": { "type": "LineString", "coordinates": [ [ 77.1399309, 28.5370601 ], [ 77.1399859, 28.5371344 ], [ 77.1400598, 28.5372343 ], [ 77.1403458, 28.5376206 ], [ 77.1404842, 28.5378077 ], [ 77.1406912, 28.5380873 ], [ 77.1411108, 28.5386541 ], [ 77.1411548, 28.5387136 ] ] } },
{ "type": "Feature", "properties": { "name": "Arterial Link", "highway": "residential", "slope_pct": 0.6 }, "geometry": { "type": "LineString", "coordinates": [ [ 77.1431142, 28.5375774 ], [ 77.1430655, 28.5375105 ], [ 77.1428025, 28.5371494 ], [ 77.1425383, 28.5367865 ], [ 77.1421852, 28.5363016 ], [ 77.1420274, 28.5360849 ], [ 77.1417756, 28.5357391 ], [ 77.1416213, 28.5355272 ] ] } },
{ "type": "Feature", "properties": { "name": "Arterial Link", "highway": "residential", "slope_pct": 0.6 }, "geometry": { "type": "LineString", "coordinates": [ [ 77.1416272, 28.5384388 ], [ 77.1415768, 28.5383676 ], [ 77.1411787, 28.537805 ], [ 77.1409768, 28.5375204 ], [ 77.1408439, 28.5373326 ], [ 77.1405777, 28.5369568 ], [ 77.1404162, 28.5367287 ], [ 77.1403644, 28.5366556 ] ] } },
{ "type": "Feature", "properties": { "name": "Arterial Link", "highway": "residential", "slope_pct": 0.6 }, "geometry": { "type": "LineString", "coordinates": [ [ 77.1386247, 28.5375261 ], [ 77.1386929, 28.5376644 ], [ 77.1388818, 28.5380472 ], [ 77.1390575, 28.5383781 ], [ 77.1393172, 28.5388872 ], [ 77.1395584, 28.5393526 ], [ 77.1395974, 28.53941 ], [ 77.1396328, 28.5394547 ], [ 77.1396896, 28.5394957 ], [ 77.139742, 28.5395121 ], [ 77.139798, 28.539519 ] ] } },
{ "type": "Feature", "properties": { "name": "Arterial Link", "highway": "residential", "slope_pct": 0.6 }, "geometry": { "type": "LineString", "coordinates": [ [ 77.1398851, 28.5394309 ], [ 77.1398108, 28.5394322 ], [ 77.1397592, 28.5394109 ], [ 77.1397111, 28.539367 ], [ 77.139427, 28.5388198 ], [ 77.1391527, 28.5382975 ], [ 77.138813, 28.5376507 ], [ 77.1387681, 28.5375652 ], [ 77.1387279, 28.5374906 ] ] } },
{ "type": "Feature", "properties": { "name": "Arterial Link", "highway": "residential", "slope_pct": 0.6 }, "geometry": { "type": "LineString", "coordinates": [ [ 77.1413202, 28.5387009 ], [ 77.1422843, 28.5381356 ], [ 77.1442196, 28.5370269 ], [ 77.1442963, 28.5369856 ] ] } },
{ "type": "Feature", "properties": { "name": "Arterial Link", "highway": "residential", "slope_pct": 0.6 }, "geometry": { "type": "LineString", "coordinates": [ [ 77.1394768, 28.5387905 ], [ 77.1395819, 28.5387296 ], [ 77.1397162, 28.5386519 ], [ 77.1401924, 28.5383762 ], [ 77.1406912, 28.5380873 ], [ 77.1411787, 28.537805 ], [ 77.1416492, 28.5375326 ], [ 77.1421779, 28.5372264 ] ] } },
{ "type": "Feature", "properties": { "name": "Arterial Link", "highway": "residential", "slope_pct": 0.6 }, "geometry": { "type": "LineString", "coordinates": [ [ 77.1468957, 28.5308636 ], [ 77.1465546, 28.5311736 ], [ 77.1464538, 28.531255 ], [ 77.1463422, 28.5313381 ], [ 77.1462415, 28.5314148 ], [ 77.1461263, 28.5314915 ], [ 77.1451568, 28.5321263 ] ] } },
{ "type": "Feature", "properties": { "name": "Arterial Link", "highway": "residential", "slope_pct": 0.6 }, "geometry": { "type": "LineString", "coordinates": [ [ 77.1484917, 28.5295749 ], [ 77.1484888, 28.5296825 ], [ 77.1484981, 28.5297193 ], [ 77.1485215, 28.5297549 ], [ 77.1486792, 28.5299718 ], [ 77.1492928, 28.5308535 ], [ 77.1495534, 28.5312208 ], [ 77.1498026, 28.5315601 ], [ 77.1504801, 28.532494 ], [ 77.1508053, 28.5329336 ], [ 77.1512252, 28.5334939 ], [ 77.151603, 28.5339885 ] ] } },
{ "type": "Feature", "properties": { "name": "Arterial Link", "highway": "residential", "slope_pct": 0.6 }, "geometry": { "type": "LineString", "coordinates": [ [ 77.1404745, 28.5279819 ], [ 77.1404823, 28.5282274 ], [ 77.1404877, 28.5285385 ], [ 77.1405065, 28.5292195 ], [ 77.140531, 28.5299615 ], [ 77.1405491, 28.5305093 ], [ 77.1405668, 28.5310763 ], [ 77.1405695, 28.5311636 ], [ 77.1405909, 28.5316302 ], [ 77.1405909, 28.5321957 ], [ 77.140578, 28.5326091 ], [ 77.1405787, 28.5328619 ], [ 77.1405909, 28.5329498 ], [ 77.1406411, 28.5330663 ], [ 77.1406947, 28.5331423 ], [ 77.1407504, 28.5332106 ], [ 77.1414224, 28.5337887 ], [ 77.1417926, 28.5341602 ], [ 77.141984, 28.534336 ] ] } },
{ "type": "Feature", "properties": { "name": "Arterial Link", "highway": "residential", "slope_pct": 0.6 }, "geometry": { "type": "LineString", "coordinates": [ [ 77.1365792, 28.528015 ], [ 77.1372499, 28.5280093 ], [ 77.1383755, 28.5279997 ], [ 77.1385003, 28.5279986 ], [ 77.139334, 28.5279916 ], [ 77.1399175, 28.5279866 ], [ 77.1404745, 28.5279819 ], [ 77.1413627, 28.5279743 ], [ 77.1419543, 28.5279693 ], [ 77.1424372, 28.5279652 ] ] } },
{ "type": "Feature", "properties": { "name": "Arterial Link", "highway": "residential", "slope_pct": 0.6 }, "geometry": { "type": "LineString", "coordinates": [ [ 77.1476881, 28.526555 ], [ 77.1480548, 28.5263429 ], [ 77.1484045, 28.5261569 ], [ 77.1484536, 28.526126 ], [ 77.1485335, 28.5260767 ], [ 77.1487458, 28.5259424 ], [ 77.1488113, 28.5259063 ], [ 77.1490866, 28.5257704 ], [ 77.1491639, 28.525737 ], [ 77.1492579, 28.5256995 ], [ 77.1494891, 28.5256228 ], [ 77.1498084, 28.5255045 ], [ 77.1498311, 28.5254994 ], [ 77.1498534, 28.5255001 ] ] } },
{ "type": "Feature", "properties": { "name": "Arterial Link", "highway": "residential", "slope_pct": 0.6 }, "geometry": { "type": "LineString", "coordinates": [ [ 77.1500067, 28.5273189 ], [ 77.1497879, 28.5270586 ], [ 77.1495452, 28.5267855 ], [ 77.1487458, 28.5259424 ] ] } },
{ "type": "Feature", "properties": { "name": "Arterial Link", "highway": "residential", "slope_pct": 0.6 }, "geometry": { "type": "LineString", "coordinates": [ [ 77.1497795, 28.5275028 ], [ 77.1492829, 28.5269943 ], [ 77.1491501, 28.5268625 ], [ 77.148806, 28.5264981 ], [ 77.1485782, 28.5262685 ], [ 77.1484536, 28.526126 ] ] } },
{ "type": "Feature", "properties": { "name": "Arterial Link", "highway": "residential", "slope_pct": 0.6 }, "geometry": { "type": "LineString", "coordinates": [ [ 77.149085, 28.5281033 ], [ 77.1490406, 28.5280564 ], [ 77.1486663, 28.527658 ], [ 77.1484477, 28.5274076 ] ] } },
{ "type": "Feature", "properties": { "name": "Arterial Link", "highway": "residential", "slope_pct": 0.6 }, "geometry": { "type": "LineString", "coordinates": [ [ 77.1475693, 28.5279283 ], [ 77.1478947, 28.5277406 ], [ 77.1483461, 28.5274824 ], [ 77.1483982, 28.527445 ], [ 77.1484477, 28.5274076 ], [ 77.148638, 28.5272549 ], [ 77.1488764, 28.5270718 ], [ 77.1491501, 28.5268625 ] ] } },
{ "type": "Feature", "properties": { "name": "Arterial Link", "highway": "residential", "slope_pct": 0.6 }, "geometry": { "type": "LineString", "coordinates": [ [ 77.1504211, 28.5283181 ], [ 77.1498614, 28.5286332 ], [ 77.1490354, 28.5290982 ], [ 77.1487502, 28.5292488 ] ] } },
{ "type": "Feature", "properties": { "name": "Arterial Link", "highway": "residential", "slope_pct": 0.6 }, "geometry": { "type": "LineString", "coordinates": [ [ 77.136578, 28.52795 ], [ 77.1365792, 28.528015 ], [ 77.1365804, 28.5280776 ], [ 77.1366092, 28.5295998 ], [ 77.1366676, 28.5326868 ] ] } },
{ "type": "Feature", "properties": { "name": "Arterial Link", "highway": "residential", "slope_pct": 0.6 }, "geometry": { "type": "LineString", "coordinates": [ [ 77.1366676, 28.5326868 ], [ 77.1366125, 28.5327092 ], [ 77.13635, 28.5328065 ], [ 77.1362945, 28.5328147 ], [ 77.1362451, 28.5328035 ], [ 77.1362037, 28.532764 ], [ 77.1361168, 28.5326245 ], [ 77.1360344, 28.5324878 ], [ 77.1360055, 28.5324006 ], [ 77.1359915, 28.5323299 ], [ 77.1359574, 28.5320909 ], [ 77.1359292, 28.5318552 ], [ 77.1359132, 28.5316771 ], [ 77.1358905, 28.5308809 ], [ 77.1358877, 28.5304799 ], [ 77.1358785, 28.529685 ], [ 77.1358779, 28.529627 ], [ 77.1358749, 28.5293291 ], [ 77.1358735, 28.5291936 ] ] } },
{ "type": "Feature", "properties": { "name": "Abdul Gaffar Khan Marg", "highway": "primary_link", "slope_pct": 0.6 }, "geometry": { "type": "LineString", "coordinates": [ [ 77.1452461, 28.5318209 ], [ 77.1453597, 28.5317504 ], [ 77.1454439, 28.5317098 ], [ 77.1456234, 28.5316055 ], [ 77.1461152, 28.5312567 ], [ 77.1465202, 28.530979 ], [ 77.1467493, 28.5307812 ], [ 77.1467991, 28.5307382 ], [ 77.1470901, 28.530487 ], [ 77.1471721, 28.5304162 ], [ 77.1478554, 28.5297868 ], [ 77.1481332, 28.5295432 ], [ 77.1482217, 28.5294655 ], [ 77.148345, 28.5293695 ], [ 77.1484819, 28.5292863 ], [ 77.1488263, 28.5290851 ], [ 77.150341, 28.528224 ], [ 77.150659, 28.5280348 ], [ 77.1508387, 28.52792 ] ] } },
{ "type": "Feature", "properties": { "name": "Nelson Mandela Marg", "highway": "primary", "slope_pct": 0.6 }, "geometry": { "type": "LineString", "coordinates": [ [ 77.1516064, 28.5335947 ], [ 77.1515176, 28.5334787 ], [ 77.1514188, 28.5333508 ], [ 77.1513757, 28.533289 ], [ 77.1509021, 28.5326416 ], [ 77.150499, 28.5320833 ], [ 77.1499198, 28.531281 ], [ 77.149496, 28.5307002 ], [ 77.1491603, 28.5302399 ], [ 77.1486537, 28.5295456 ], [ 77.1485525, 28.5293987 ], [ 77.1484819, 28.5292863 ], [ 77.1483472, 28.5291661 ] ] } },
{ "type": "Feature", "properties": { "name": "Nelson Mandela Marg", "highway": "primary", "slope_pct": 0.6 }, "geometry": { "type": "LineString", "coordinates": [ [ 77.1481141, 28.5290999 ], [ 77.1482319, 28.5292374 ], [ 77.148345, 28.5293695 ], [ 77.1484917, 28.5295749 ], [ 77.1512184, 28.533301 ], [ 77.1512618, 28.5333589 ] ] } },
{ "type": "Feature", "properties": { "name": "Arterial Link", "highway": "residential", "slope_pct": 0.6 }, "geometry": { "type": "LineString", "coordinates": [ [ 77.1385003, 28.5279986 ], [ 77.1385038, 28.5281119 ], [ 77.1385061, 28.5281524 ], [ 77.138525, 28.5286346 ], [ 77.1385443, 28.5291113 ], [ 77.1385473, 28.5291836 ], [ 77.1385553, 28.5293803 ], [ 77.1385635, 28.5295838 ], [ 77.1385666, 28.5296593 ], [ 77.1385825, 28.5300521 ], [ 77.1385855, 28.5301268 ], [ 77.1385892, 28.5302165 ], [ 77.1386051, 28.53061 ], [ 77.138609, 28.5307042 ], [ 77.138625, 28.5310986 ], [ 77.138645, 28.5315928 ] ] } },
{ "type": "Feature", "properties": { "name": "Arterial Link", "highway": "residential", "slope_pct": 0.6 }, "geometry": { "type": "LineString", "coordinates": [ [ 77.1374174, 28.5322526 ], [ 77.1374125, 28.532129 ], [ 77.1373926, 28.5316288 ], [ 77.1373724, 28.5311217 ], [ 77.137357, 28.5307337 ], [ 77.1373534, 28.5306423 ], [ 77.1373378, 28.5302516 ], [ 77.1373343, 28.5301621 ], [ 77.1373313, 28.5300878 ], [ 77.1373153, 28.5296861 ], [ 77.1373121, 28.5296035 ], [ 77.1373044, 28.5294101 ], [ 77.1372749, 28.5286677 ], [ 77.1372553, 28.5281753 ], [ 77.1372536, 28.5281331 ], [ 77.1372499, 28.5280093 ] ] } },
{ "type": "Feature", "properties": { "name": "Arterial Link", "highway": "residential", "slope_pct": 0.6 }, "geometry": { "type": "LineString", "coordinates": [ [ 77.1379381, 28.5310778 ], [ 77.1379265, 28.5307389 ], [ 77.1379156, 28.5307217 ], [ 77.1378935, 28.5307147 ], [ 77.1374423, 28.5307307 ], [ 77.137357, 28.5307337 ], [ 77.1372826, 28.5307357 ], [ 77.1368185, 28.5307482 ], [ 77.1367879, 28.5307594 ], [ 77.1367799, 28.5307822 ], [ 77.1367909, 28.5311041 ], [ 77.1368046, 28.5311288 ], [ 77.1368371, 28.5311354 ], [ 77.1370318, 28.5311302 ], [ 77.1372984, 28.5311236 ], [ 77.1373724, 28.5311217 ], [ 77.1374568, 28.5311196 ], [ 77.1376744, 28.5311142 ], [ 77.1379029, 28.5311085 ], [ 77.137928, 28.5310998 ], [ 77.1379381, 28.5310778 ] ] } },
{ "type": "Feature", "properties": { "name": "Arterial Link", "highway": "residential", "slope_pct": 0.6 }, "geometry": { "type": "LineString", "coordinates": [ [ 77.1457377, 28.5310478 ], [ 77.1458128, 28.5311431 ], [ 77.1458879, 28.5312384 ] ] } },
{ "type": "Feature", "properties": { "name": "Arterial Link", "highway": "residential", "slope_pct": 0.6 }, "geometry": { "type": "LineString", "coordinates": [ [ 77.1413114, 28.5370728 ], [ 77.1408439, 28.5373326 ], [ 77.1403458, 28.5376206 ], [ 77.1398588, 28.5379018 ] ] } },
{ "type": "Feature", "properties": { "name": "Arterial Link", "highway": "residential", "slope_pct": 0.6 }, "geometry": { "type": "LineString", "coordinates": [ [ 77.1485347, 28.5366824 ], [ 77.1475518, 28.5372452 ], [ 77.147472, 28.5372909 ], [ 77.1468147, 28.5376673 ], [ 77.1464349, 28.5378847 ], [ 77.1453936, 28.5384809 ], [ 77.1453233, 28.5385212 ] ] } },
{ "type": "Feature", "properties": { "name": "Arterial Link", "highway": "residential", "slope_pct": 0.6 }, "geometry": { "type": "LineString", "coordinates": [ [ 77.1420639, 28.5370604 ], [ 77.1425383, 28.5367865 ] ] } },
{ "type": "Feature", "properties": { "name": "Arterial Link", "highway": "residential", "slope_pct": 0.6 }, "geometry": { "type": "LineString", "coordinates": [ [ 77.1423323, 28.5374512 ], [ 77.1428025, 28.5371494 ] ] } },
{ "type": "Feature", "properties": { "name": "Arterial Link", "highway": "residential", "slope_pct": 0.6 }, "geometry": { "type": "LineString", "coordinates": [ [ 77.1499477, 28.5358524 ], [ 77.148771, 28.5365449 ], [ 77.1485347, 28.5366824 ] ] } },
{ "type": "Feature", "properties": { "name": "Arterial Link", "highway": "residential", "slope_pct": 0.6 }, "geometry": { "type": "LineString", "coordinates": [ [ 77.14269, 28.5352001 ], [ 77.1422477, 28.5354571 ], [ 77.1417756, 28.5357391 ] ] } },
{ "type": "Feature", "properties": { "name": "Arterial Link", "highway": "residential", "slope_pct": 0.6 }, "geometry": { "type": "LineString", "coordinates": [ [ 77.1418497, 28.5361891 ], [ 77.1420274, 28.5360849 ], [ 77.1425246, 28.5357941 ], [ 77.142969, 28.5355331 ] ] } },
{ "type": "Feature", "properties": { "name": "Arterial Link", "highway": "residential", "slope_pct": 0.6 }, "geometry": { "type": "LineString", "coordinates": [ [ 77.1372984, 28.5311236 ], [ 77.1372826, 28.5307357 ] ] } },
{ "type": "Feature", "properties": { "name": "Arterial Link", "highway": "residential", "slope_pct": 0.6 }, "geometry": { "type": "LineString", "coordinates": [ [ 77.1374568, 28.5311196 ], [ 77.1374423, 28.5307307 ] ] } },
{ "type": "Feature", "properties": { "name": "Arterial Link", "highway": "residential", "slope_pct": 0.6 }, "geometry": { "type": "LineString", "coordinates": [ [ 77.1486663, 28.527658 ], [ 77.1490506, 28.5273466 ] ] } },
{ "type": "Feature", "properties": { "name": "Abdul Gaffar Khan Marg", "highway": "primary", "slope_pct": 0.6 }, "geometry": { "type": "LineString", "coordinates": [ [ 77.1508667, 28.5277483 ], [ 77.1499912, 28.5282756 ], [ 77.1488908, 28.5288611 ], [ 77.1483472, 28.5291661 ] ] } },
{ "type": "Feature", "properties": { "name": "Arterial Link", "highway": "residential", "slope_pct": 0.6 }, "geometry": { "type": "LineString", "coordinates": [ [ 77.1426913, 28.535997 ], [ 77.1421852, 28.5363016 ] ] } },
{ "type": "Feature", "properties": { "name": "Arterial Link", "highway": "residential", "slope_pct": 0.6 }, "geometry": { "type": "LineString", "coordinates": [ [ 77.1411978, 28.5354327 ], [ 77.140891, 28.5351504 ], [ 77.1404958, 28.5348032 ], [ 77.1401549, 28.5345104 ], [ 77.140108, 28.5344645 ], [ 77.1400747, 28.5344159 ], [ 77.1400547, 28.5343655 ], [ 77.1400437, 28.5343124 ], [ 77.1399229, 28.5337214 ], [ 77.139888, 28.5335982 ], [ 77.1398327, 28.5334062 ], [ 77.1397956, 28.5333009 ], [ 77.139763, 28.5331755 ], [ 77.1397472, 28.5331498 ], [ 77.1397211, 28.5331234 ], [ 77.1396822, 28.5331112 ], [ 77.1396393, 28.5331046 ], [ 77.1395876, 28.5331081 ], [ 77.1394528, 28.5331411 ], [ 77.139302, 28.533194 ], [ 77.1392034, 28.5332318 ], [ 77.1391196, 28.5332636 ], [ 77.1390787, 28.5332791 ], [ 77.1390143, 28.533289 ], [ 77.1389573, 28.5332857 ], [ 77.1389343, 28.5332766 ], [ 77.1389006, 28.533256 ], [ 77.1388748, 28.5332253 ], [ 77.1388542, 28.5331831 ], [ 77.1388145, 28.5330801 ], [ 77.1387676, 28.5329142 ], [ 77.1387026, 28.5327106 ], [ 77.1386322, 28.5324857 ], [ 77.1385587, 28.5322032 ], [ 77.138505, 28.5320215 ], [ 77.1384758, 28.5319564 ], [ 77.1384645, 28.531942 ], [ 77.138444, 28.5319355 ], [ 77.1384128, 28.5319293 ], [ 77.1383805, 28.5319389 ], [ 77.1382629, 28.5319897 ], [ 77.1381325, 28.5320489 ], [ 77.1374714, 28.5323446 ], [ 77.1372514, 28.5324318 ], [ 77.1369108, 28.5325847 ], [ 77.1366676, 28.5326868 ] ] } },
{ "type": "Feature", "properties": { "name": "Arterial Link", "highway": "residential", "slope_pct": 0.6 }, "geometry": { "type": "LineString", "coordinates": [ [ 77.139505, 28.5373987 ], [ 77.1395232, 28.5373819 ], [ 77.1399859, 28.5371344 ] ] } },
{ "type": "Feature", "properties": { "name": "Arterial Link", "highway": "residential", "slope_pct": 0.6 }, "geometry": { "type": "LineString", "coordinates": [ [ 77.1413114, 28.5370728 ], [ 77.1418579, 28.5367606 ] ] } },
{ "type": "Feature", "properties": { "name": "Arterial Link", "highway": "residential", "slope_pct": 0.6 }, "geometry": { "type": "LineString", "coordinates": [ [ 77.1404162, 28.5367287 ], [ 77.1399462, 28.5370428 ], [ 77.1399309, 28.5370601 ] ] } },
{ "type": "Feature", "properties": { "name": "Arterial Link", "highway": "residential", "slope_pct": 0.6 }, "geometry": { "type": "LineString", "coordinates": [ [ 77.1416213, 28.5355272 ], [ 77.141234, 28.5357992 ], [ 77.1412185, 28.5358298 ] ] } },
{ "type": "Feature", "properties": { "name": "Arterial Link", "highway": "residential", "slope_pct": 0.6 }, "geometry": { "type": "LineString", "coordinates": [ [ 77.1416213, 28.5355272 ], [ 77.142039, 28.5352739 ], [ 77.1420875, 28.5352621 ] ] } },
{ "type": "Feature", "properties": { "name": "Arterial Link", "highway": "residential", "slope_pct": 0.6 }, "geometry": { "type": "LineString", "coordinates": [ [ 77.1403644, 28.5366556 ], [ 77.1403817, 28.5366369 ], [ 77.1407602, 28.5364032 ], [ 77.1408198, 28.5364037 ] ] } },
{ "type": "Feature", "properties": { "name": "Arterial Link", "highway": "residential", "slope_pct": 0.6 }, "geometry": { "type": "LineString", "coordinates": [ [ 77.1370415, 28.5316389 ], [ 77.1373926, 28.5316288 ], [ 77.1376975, 28.53162 ], [ 77.138645, 28.5315928 ] ] } },
{ "type": "Feature", "properties": { "name": "Arterial Link", "highway": "residential", "slope_pct": 0.6 }, "geometry": { "type": "LineString", "coordinates": [ [ 77.136869, 28.5321512 ], [ 77.1370525, 28.5321437 ], [ 77.1374125, 28.532129 ], [ 77.1376739, 28.5321194 ], [ 77.1376951, 28.5321117 ], [ 77.1377106, 28.5320948 ], [ 77.1377184, 28.5320775 ], [ 77.137713, 28.5319666 ] ] } },
{ "type": "Feature", "properties": { "name": "Arterial Link", "highway": "residential", "slope_pct": 0.6 }, "geometry": { "type": "LineString", "coordinates": [ [ 77.138645, 28.5315928 ], [ 77.1386521, 28.5317105 ], [ 77.1386752, 28.5317757 ], [ 77.1387769, 28.5319257 ], [ 77.1388222, 28.5320211 ], [ 77.138849, 28.5320824 ], [ 77.1389204, 28.5323052 ], [ 77.1390103, 28.5326056 ], [ 77.1390606, 28.5327605 ], [ 77.1390753, 28.5327906 ], [ 77.1391015, 28.5328218 ], [ 77.1391464, 28.5328542 ], [ 77.1391779, 28.5328801 ], [ 77.1392007, 28.5329043 ], [ 77.1392222, 28.5329408 ], [ 77.1392871, 28.5331466 ], [ 77.139302, 28.533194 ] ] } },
{ "type": "Feature", "properties": { "name": "Arterial Link", "highway": "residential", "slope_pct": 0.6 }, "geometry": { "type": "LineString", "coordinates": [ [ 77.1385861, 28.5374359 ], [ 77.1386247, 28.5375261 ] ] } },
{ "type": "Feature", "properties": { "name": "Arterial Link", "highway": "residential", "slope_pct": 0.6 }, "geometry": { "type": "LineString", "coordinates": [ [ 77.1387279, 28.5374906 ], [ 77.1386863, 28.5374011 ] ] } },
{ "type": "Feature", "properties": { "name": "Arterial Link", "highway": "residential", "slope_pct": 0.6 }, "geometry": { "type": "LineString", "coordinates": [ [ 77.1364083, 28.5367473 ], [ 77.1366224, 28.5366621 ], [ 77.1366513, 28.5366339 ], [ 77.1366801, 28.5365962 ], [ 77.1367049, 28.5365561 ], [ 77.1367358, 28.536519 ], [ 77.1367921, 28.5364772 ], [ 77.1372561, 28.5362887 ] ] } },
{ "type": "Feature", "properties": { "name": "Arterial Link", "highway": "residential", "slope_pct": 0.6 }, "geometry": { "type": "LineString", "coordinates": [ [ 77.136233, 28.5362987 ], [ 77.1364675, 28.536132 ], [ 77.1365896, 28.5360507 ], [ 77.1366875, 28.5359976 ], [ 77.1368203, 28.5359552 ], [ 77.1369182, 28.535914 ], [ 77.1369933, 28.5358869 ], [ 77.1370496, 28.5358763 ], [ 77.1371086, 28.5358675 ], [ 77.1371495, 28.535851 ], [ 77.1371917, 28.5358292 ], [ 77.1372347, 28.5358044 ] ] } },
{ "type": "Feature", "properties": { "name": "Arterial Link", "highway": "residential", "slope_pct": 0.6 }, "geometry": { "type": "LineString", "coordinates": [ [ 77.141984, 28.534336 ], [ 77.1420625, 28.5344273 ] ] } },
{ "type": "Feature", "properties": { "name": "Arterial Link", "highway": "residential", "slope_pct": 0.6 }, "geometry": { "type": "LineString", "coordinates": [ [ 77.1421082, 28.5343786 ], [ 77.141984, 28.534336 ] ] } },
{ "type": "Feature", "properties": { "name": "Arterial Link", "highway": "residential", "slope_pct": 0.6 }, "geometry": { "type": "LineString", "coordinates": [ [ 77.1361153, 28.5368023 ], [ 77.1361894, 28.5366862 ], [ 77.1362622, 28.5366302 ], [ 77.1363556, 28.5365768 ] ] } },
{ "type": "Feature", "properties": { "name": "Arterial Link", "highway": "residential", "slope_pct": 0.6 }, "geometry": { "type": "LineString", "coordinates": [ [ 77.1406653, 28.5361817 ], [ 77.1407016, 28.5362339 ], [ 77.1408198, 28.5364037 ] ] } },
{ "type": "Feature", "properties": { "name": "Arterial Link", "highway": "residential", "slope_pct": 0.6 }, "geometry": { "type": "LineString", "coordinates": [ [ 77.1400598, 28.5372343 ], [ 77.1405777, 28.5369568 ], [ 77.1410481, 28.5367145 ], [ 77.1416052, 28.5363927 ] ] } },
{ "type": "Feature", "properties": { "name": "Arterial Link", "highway": "residential", "slope_pct": 0.6 }, "geometry": { "type": "LineString", "coordinates": [ [ 77.1421852, 28.5363016 ], [ 77.1417338, 28.5365799 ] ] } },
{ "type": "Feature", "properties": { "name": "Arterial Link", "highway": "primary_link", "slope_pct": 0.6 }, "geometry": { "type": "LineString", "coordinates": [ [ 77.1417926, 28.5341602 ], [ 77.1423299, 28.5341323 ] ] } },
{ "type": "Feature", "properties": { "name": "Arterial Link", "highway": "residential", "slope_pct": 0.6 }, "geometry": { "type": "LineString", "coordinates": [ [ 77.1370465, 28.5318586 ], [ 77.1370415, 28.5316389 ], [ 77.1370371, 28.5314505 ] ] } },
{ "type": "Feature", "properties": { "name": "Arterial Link", "highway": "residential", "slope_pct": 0.6 }, "geometry": { "type": "LineString", "coordinates": [ [ 77.1406653, 28.5361817 ], [ 77.1406422, 28.5361486 ] ] } },
{ "type": "Feature", "properties": { "name": "Arterial Link", "highway": "residential", "slope_pct": 0.6 }, "geometry": { "type": "LineString", "coordinates": [ [ 77.1377063, 28.5318396 ], [ 77.1376975, 28.53162 ], [ 77.1376874, 28.5314273 ] ] } },
{ "type": "Feature", "properties": { "name": "Arterial Link", "highway": "residential", "slope_pct": 0.6 }, "geometry": { "type": "LineString", "coordinates": [ [ 77.1376803, 28.531306 ], [ 77.1376744, 28.5311142 ] ] } },
{ "type": "Feature", "properties": { "name": "Arterial Link", "highway": "residential", "slope_pct": 0.6 }, "geometry": { "type": "LineString", "coordinates": [ [ 77.1370525, 28.5321437 ], [ 77.1370484, 28.5319708 ] ] } },
{ "type": "Feature", "properties": { "name": "Arterial Link", "highway": "residential", "slope_pct": 0.6 }, "geometry": { "type": "LineString", "coordinates": [ [ 77.1370347, 28.5313365 ], [ 77.1370318, 28.5311302 ] ] } },
{ "type": "Feature", "properties": { "name": "Arterial Link", "highway": "residential", "slope_pct": 0.6 }, "geometry": { "type": "LineString", "coordinates": [ [ 77.1399309, 28.5370601 ], [ 77.1399043, 28.5370328 ], [ 77.1398318, 28.5369583 ] ] } },
{ "type": "Feature", "properties": { "name": "Arterial Link", "highway": "residential", "slope_pct": 0.6 }, "geometry": { "type": "LineString", "coordinates": [ [ 77.1412185, 28.5358298 ], [ 77.1411782, 28.5357856 ], [ 77.1410683, 28.5356666 ] ] } },
{ "type": "Feature", "properties": { "name": "Arterial Link", "highway": "residential", "slope_pct": 0.6 }, "geometry": { "type": "LineString", "coordinates": [ [ 77.1456341, 28.5360358 ], [ 77.1450759, 28.5352629 ] ] } },
{ "type": "Feature", "properties": { "name": "Arterial Link", "highway": "residential", "slope_pct": 0.6 }, "geometry": { "type": "LineString", "coordinates": [ [ 77.1455588, 28.5366058 ], [ 77.1460329, 28.536333 ] ] } },
{ "type": "Feature", "properties": { "name": "Arterial Link", "highway": "residential", "slope_pct": 0.6 }, "geometry": { "type": "LineString", "coordinates": [ [ 77.1480797, 28.5360952 ], [ 77.1471428, 28.5366741 ], [ 77.1475518, 28.5372452 ] ] } },
{ "type": "Feature", "properties": { "name": "Arterial Link", "highway": "residential", "slope_pct": 0.6 }, "geometry": { "type": "LineString", "coordinates": [ [ 77.1455335, 28.5372212 ], [ 77.1449191, 28.5364394 ] ] } },
{ "type": "Feature", "properties": { "name": "Arterial Link", "highway": "residential", "slope_pct": 0.6 }, "geometry": { "type": "LineString", "coordinates": [ [ 77.1430191, 28.5364895 ], [ 77.1433015, 28.5368746 ], [ 77.1435648, 28.5372336 ], [ 77.1436078, 28.5372923 ] ] } },
{ "type": "Feature", "properties": { "name": "Arterial Link", "highway": "residential", "slope_pct": 0.6 }, "geometry": { "type": "LineString", "coordinates": [ [ 77.1457382, 28.5349272 ], [ 77.1457036, 28.5349315 ], [ 77.1456705, 28.5349386 ], [ 77.1455476, 28.5350069 ], [ 77.1453022, 28.5351248 ], [ 77.1451748, 28.5351919 ], [ 77.1450759, 28.5352629 ], [ 77.1449736, 28.5353015 ], [ 77.1448074, 28.5353781 ], [ 77.1447403, 28.5354346 ], [ 77.1447041, 28.5355018 ], [ 77.1446706, 28.5355466 ], [ 77.1446303, 28.5355795 ], [ 77.1445311, 28.5356326 ], [ 77.1442132, 28.5357881 ], [ 77.1437559, 28.5360237 ], [ 77.1437168, 28.5360524 ], [ 77.1436644, 28.5360909 ] ] } },
{ "type": "Feature", "properties": { "name": "Arterial Link", "highway": "residential", "slope_pct": 0.6 }, "geometry": { "type": "LineString", "coordinates": [ [ 77.1452295, 28.5362642 ], [ 77.1449961, 28.5359366 ], [ 77.1449724, 28.5359233 ], [ 77.1449386, 28.5359263 ], [ 77.1449103, 28.5359406 ], [ 77.1444869, 28.5361786 ] ] } },
{ "type": "Feature", "properties": { "name": "Arterial Link", "highway": "residential", "slope_pct": 0.6 }, "geometry": { "type": "LineString", "coordinates": [ [ 77.1458602, 28.5370328 ], [ 77.1455588, 28.5366058 ], [ 77.1452926, 28.5362286 ] ] } },
{ "type": "Feature", "properties": { "name": "Arterial Link", "highway": "residential", "slope_pct": 0.6 }, "geometry": { "type": "LineString", "coordinates": [ [ 77.1430191, 28.5364895 ], [ 77.1435345, 28.5361711 ], [ 77.1435902, 28.5361368 ], [ 77.1436644, 28.5360909 ] ] } },
{ "type": "Feature", "properties": { "name": "Arterial Link", "highway": "residential", "slope_pct": 0.6 }, "geometry": { "type": "LineString", "coordinates": [ [ 77.1433225, 28.5356172 ], [ 77.1432515, 28.5356599 ], [ 77.1431958, 28.5356935 ], [ 77.1426913, 28.535997 ] ] } },
{ "type": "Feature", "properties": { "name": "Arterial Link", "highway": "residential", "slope_pct": 0.6 }, "geometry": { "type": "LineString", "coordinates": [ [ 77.146854, 28.5364597 ], [ 77.1462241, 28.536823 ], [ 77.1458602, 28.5370328 ], [ 77.1455335, 28.5372212 ], [ 77.1448782, 28.5375992 ], [ 77.144785, 28.5376529 ] ] } },
{ "type": "Feature", "properties": { "name": "Arterial Link", "highway": "residential", "slope_pct": 0.6 }, "geometry": { "type": "LineString", "coordinates": [ [ 77.147472, 28.5372909 ], [ 77.1474287, 28.5372327 ], [ 77.1472153, 28.5369457 ], [ 77.1470424, 28.5367131 ], [ 77.1468704, 28.5364818 ], [ 77.146854, 28.5364597 ], [ 77.1462962, 28.5356619 ], [ 77.145789, 28.5349612 ], [ 77.1457679, 28.5349419 ], [ 77.1457382, 28.5349272 ] ] } },
{ "type": "Feature", "properties": { "name": "Arterial Link", "highway": "residential", "slope_pct": 0.6 }, "geometry": { "type": "LineString", "coordinates": [ [ 77.1485347, 28.5366824 ], [ 77.1480797, 28.5360952 ], [ 77.1476048, 28.5354824 ], [ 77.1474806, 28.5353222 ], [ 77.1472887, 28.5350746 ], [ 77.1472241, 28.5349871 ], [ 77.1468211, 28.534441 ], [ 77.146435, 28.533905 ], [ 77.146062, 28.5333693 ], [ 77.1456772, 28.5328211 ], [ 77.1451568, 28.5321263 ], [ 77.1451057, 28.5320724 ], [ 77.1450039, 28.5319586 ] ] } },
{ "type": "Feature", "properties": { "name": "Arterial Link", "highway": "residential", "slope_pct": 0.6 }, "geometry": { "type": "LineString", "coordinates": [ [ 77.1462962, 28.5356619 ], [ 77.1456341, 28.5360358 ], [ 77.1452926, 28.5362286 ], [ 77.1452295, 28.5362642 ], [ 77.1449191, 28.5364394 ], [ 77.1442951, 28.5367918 ], [ 77.1441961, 28.5368477 ] ] } },
{ "type": "Feature", "properties": { "name": "Arterial Link", "highway": "residential", "slope_pct": 0.6 }, "geometry": { "type": "LineString", "coordinates": [ [ 77.1432216, 28.5354058 ], [ 77.1432506, 28.5353614 ], [ 77.1432733, 28.5353379 ], [ 77.1434013, 28.535244 ], [ 77.1435314, 28.5351497 ], [ 77.143729, 28.5350269 ], [ 77.1437883, 28.5349889 ], [ 77.1438193, 28.5349813 ], [ 77.1438472, 28.5349881 ], [ 77.1438814, 28.5350087 ], [ 77.1439154, 28.5350089 ], [ 77.1439399, 28.5349994 ], [ 77.1440256, 28.5349306 ], [ 77.1440348, 28.5349189 ], [ 77.1440381, 28.534907 ], [ 77.1440354, 28.5348937 ], [ 77.1439994, 28.5348611 ], [ 77.1438948, 28.5347892 ], [ 77.1438465, 28.5347562 ], [ 77.143817, 28.5347456 ] ] } },
{ "type": "Feature", "properties": { "name": "Arterial Link", "highway": "residential", "slope_pct": 0.6 }, "geometry": { "type": "LineString", "coordinates": [ [ 77.1432024, 28.5354585 ], [ 77.1432216, 28.5354058 ] ] } },
{ "type": "Feature", "properties": { "name": "Arterial Link", "highway": "residential", "slope_pct": 0.6 }, "geometry": { "type": "LineString", "coordinates": [ [ 77.1430191, 28.5364895 ], [ 77.1426913, 28.535997 ] ] } },
{ "type": "Feature", "properties": { "name": "Arterial Link", "highway": "residential", "slope_pct": 0.6 }, "geometry": { "type": "LineString", "coordinates": [ [ 77.1438778, 28.5365528 ], [ 77.1438268, 28.5365815 ], [ 77.1436181, 28.536699 ], [ 77.1433015, 28.5368746 ], [ 77.1428025, 28.5371494 ] ] } },
{ "type": "Feature", "properties": { "name": "Masoodpur Flyover", "highway": "primary", "slope_pct": 0.6 }, "geometry": { "type": "LineString", "coordinates": [ [ 77.145432, 28.5316324 ], [ 77.1452743, 28.5317329 ], [ 77.1451363, 28.5317672 ] ] } },
{ "type": "Feature", "properties": { "name": "Arterial Link", "highway": "residential", "slope_pct": 0.6 }, "geometry": { "type": "LineString", "coordinates": [ [ 77.1425383, 28.5367865 ], [ 77.1430191, 28.5364895 ] ] } },
{ "type": "Feature", "properties": { "name": "Arterial Link", "highway": "residential", "slope_pct": 0.6 }, "geometry": { "type": "LineString", "coordinates": [ [ 77.1497879, 28.5270586 ], [ 77.150539, 28.5265039 ] ] } },
{ "type": "Feature", "properties": { "name": "Arterial Link", "highway": "residential", "slope_pct": 0.6 }, "geometry": { "type": "LineString", "coordinates": [ [ 77.1496503, 28.5267094 ], [ 77.1491639, 28.525737 ] ] } },
{ "type": "Feature", "properties": { "name": "Arterial Link", "highway": "residential", "slope_pct": 0.6 }, "geometry": { "type": "LineString", "coordinates": [ [ 77.149912, 28.5265167 ], [ 77.1494891, 28.5256228 ] ] } },
{ "type": "Feature", "properties": { "name": "Arterial Link", "highway": "residential", "slope_pct": 0.6 }, "geometry": { "type": "LineString", "coordinates": [ [ 77.1490406, 28.5280564 ], [ 77.1497795, 28.5275028 ], [ 77.1500067, 28.5273189 ], [ 77.1507071, 28.5268218 ] ] } },
{ "type": "Feature", "properties": { "name": "Arterial Link", "highway": "residential", "slope_pct": 0.6 }, "geometry": { "type": "LineString", "coordinates": [ [ 77.1492829, 28.5269943 ], [ 77.1495452, 28.5267855 ], [ 77.1496503, 28.5267094 ], [ 77.149912, 28.5265167 ], [ 77.1502939, 28.526251 ] ] } },
{ "type": "Feature", "properties": { "name": "Arterial Link", "highway": "residential", "slope_pct": 0.6 }, "geometry": { "type": "LineString", "coordinates": [ [ 77.1491293, 28.5281502 ], [ 77.149085, 28.5281033 ] ] } },
{ "type": "Feature", "properties": { "name": "Abdul Gaffar Khan Marg", "highway": "residential", "slope_pct": 0.6 }, "geometry": { "type": "LineString", "coordinates": [ [ 77.1514893, 28.5274049 ], [ 77.1514122, 28.5273933 ], [ 77.151335, 28.5273833 ], [ 77.1512552, 28.5273823 ], [ 77.1509853, 28.5273904 ], [ 77.1508395, 28.5274042 ], [ 77.1507182, 28.5274268 ], [ 77.1506017, 28.527459 ], [ 77.1504878, 28.5275086 ], [ 77.1495818, 28.5280007 ] ] } },
{ "type": "Feature", "properties": { "name": "Arterial Link", "highway": "residential", "slope_pct": 0.6 }, "geometry": { "type": "LineString", "coordinates": [ [ 77.1507811, 28.5354879 ], [ 77.1508442, 28.5355763 ], [ 77.1510177, 28.5358193 ], [ 77.1513118, 28.5362312 ], [ 77.1516181, 28.5366603 ], [ 77.1517138, 28.5367943 ], [ 77.1517201, 28.5368225 ], [ 77.1517187, 28.5368461 ], [ 77.1517038, 28.5368662 ], [ 77.1511735, 28.5371656 ], [ 77.150642, 28.537468 ], [ 77.1501599, 28.5377285 ], [ 77.1501312, 28.5377427 ], [ 77.1501105, 28.5377487 ], [ 77.1500916, 28.5377433 ], [ 77.1500787, 28.5377346 ], [ 77.1500678, 28.5377197 ], [ 77.1500494, 28.5376865 ], [ 77.1499903, 28.5375935 ], [ 77.1498448, 28.5373643 ] ] } },
{ "type": "Feature", "properties": { "name": "Arterial Link", "highway": "residential", "slope_pct": 0.6 }, "geometry": { "type": "LineString", "coordinates": [ [ 77.1511735, 28.5371656 ], [ 77.1510477, 28.5369863 ], [ 77.1507467, 28.5365577 ], [ 77.1504511, 28.5361361 ], [ 77.150277, 28.535891 ], [ 77.1502188, 28.5358089 ] ] } },
{ "type": "Feature", "properties": { "name": "Arterial Link", "highway": "residential", "slope_pct": 0.6 }, "geometry": { "type": "LineString", "coordinates": [ [ 77.150642, 28.537468 ], [ 77.1505153, 28.5372959 ], [ 77.1502032, 28.5368718 ], [ 77.1498962, 28.5364547 ], [ 77.149731, 28.5362302 ], [ 77.149657, 28.5361297 ] ] } },
{ "type": "Feature", "properties": { "name": "Arterial Link", "highway": "residential", "slope_pct": 0.6 }, "geometry": { "type": "LineString", "coordinates": [ [ 77.1504801, 28.532494 ], [ 77.1504501, 28.5325108 ], [ 77.1501014, 28.5327061 ] ] } },
{ "type": "Feature", "properties": { "name": "Arterial Link", "highway": "residential", "slope_pct": 0.6 }, "geometry": { "type": "LineString", "coordinates": [ [ 77.1498962, 28.5364547 ], [ 77.1504511, 28.5361361 ], [ 77.1510177, 28.5358193 ] ] } },
{ "type": "Feature", "properties": { "name": "Arterial Link", "highway": "residential", "slope_pct": 0.6 }, "geometry": { "type": "LineString", "coordinates": [ [ 77.1502032, 28.5368718 ], [ 77.1507467, 28.5365577 ], [ 77.1513118, 28.5362312 ] ] } },
{ "type": "Feature", "properties": { "name": "Arterial Link", "highway": "residential", "slope_pct": 0.6 }, "geometry": { "type": "LineString", "coordinates": [ [ 77.1499857, 28.535942 ], [ 77.1499477, 28.5358524 ] ] } },
{ "type": "Feature", "properties": { "name": "Arterial Link", "highway": "residential", "slope_pct": 0.6 }, "geometry": { "type": "LineString", "coordinates": [ [ 77.1499903, 28.5375935 ], [ 77.1504396, 28.537338 ], [ 77.1505153, 28.5372959 ], [ 77.1510477, 28.5369863 ], [ 77.1516181, 28.5366603 ] ] } },
{ "type": "Feature", "properties": { "name": "Arterial Link", "highway": "residential", "slope_pct": 0.6 }, "geometry": { "type": "LineString", "coordinates": [ [ 77.1510343, 28.5352255 ], [ 77.1509364, 28.5352851 ], [ 77.1507231, 28.5354075 ], [ 77.1499477, 28.5358524 ] ] } },
{ "type": "Feature", "properties": { "name": "Arterial Link", "highway": "residential", "slope_pct": 0.6 }, "geometry": { "type": "LineString", "coordinates": [ [ 77.1347275, 28.5389824 ], [ 77.1338686, 28.5393215 ], [ 77.1329102, 28.5397462 ], [ 77.1318719, 28.5401918 ] ] } },
{ "type": "Feature", "properties": { "name": "Arterial Link", "highway": "residential", "slope_pct": 0.6 }, "geometry": { "type": "LineString", "coordinates": [ [ 77.1349037, 28.5401371 ], [ 77.1350777, 28.5400171 ], [ 77.1351062, 28.540005 ], [ 77.1351423, 28.5400116 ], [ 77.1351745, 28.5400404 ], [ 77.1355479, 28.5405154 ], [ 77.1355672, 28.5405437 ], [ 77.1355775, 28.5405726 ], [ 77.1355716, 28.5405968 ], [ 77.135553, 28.5406136 ], [ 77.1353857, 28.5407457 ] ] } },
{ "type": "Feature", "properties": { "name": "Arterial Link", "highway": "residential", "slope_pct": 0.6 }, "geometry": { "type": "LineString", "coordinates": [ [ 77.1350182, 28.5382269 ], [ 77.1350259, 28.5382904 ], [ 77.1350465, 28.5385095 ] ] } },
{ "type": "Feature", "properties": { "name": "Arterial Link", "highway": "residential", "slope_pct": 0.6 }, "geometry": { "type": "LineString", "coordinates": [ [ 77.1354004, 28.5393665 ], [ 77.1353529, 28.5393188 ], [ 77.1352427, 28.5392398 ], [ 77.1351163, 28.539158 ], [ 77.1349377, 28.5390515 ], [ 77.1348757, 28.5390205 ], [ 77.1347987, 28.5389932 ], [ 77.1347275, 28.5389824 ] ] } },
{ "type": "Feature", "properties": { "name": "Arterial Link", "highway": "tertiary", "slope_pct": 0.6 }, "geometry": { "type": "LineString", "coordinates": [ [ 77.1346571, 28.5382603 ], [ 77.1346806, 28.5385257 ], [ 77.1346925, 28.5386593 ], [ 77.1347157, 28.5388915 ], [ 77.1347275, 28.5389824 ], [ 77.1347309, 28.5390459 ], [ 77.134731, 28.5391218 ], [ 77.1347255, 28.5393009 ], [ 77.1346944, 28.539813 ], [ 77.1347008, 28.5398619 ], [ 77.1347126, 28.5398995 ], [ 77.1347378, 28.5399437 ], [ 77.1349037, 28.5401371 ], [ 77.1353857, 28.5407457 ], [ 77.1354485, 28.5408337 ], [ 77.1355008, 28.5409058 ], [ 77.1355404, 28.5409756 ], [ 77.1355598, 28.5410569 ], [ 77.1356014, 28.541316 ], [ 77.1356922, 28.5419116 ], [ 77.1357853, 28.5425963 ], [ 77.1358284, 28.5428723 ], [ 77.1358763, 28.5431994 ], [ 77.1359656, 28.5438429 ], [ 77.1359931, 28.5440545 ], [ 77.1360845, 28.5448637 ], [ 77.1361937, 28.545777 ], [ 77.1362392, 28.5461124 ], [ 77.136263, 28.5464225 ], [ 77.1362806, 28.5466545 ], [ 77.1363231, 28.5468905 ], [ 77.1363909, 28.5472832 ], [ 77.1364223, 28.5475048 ], [ 77.13647, 28.5478555 ], [ 77.1365185, 28.5482851 ], [ 77.1365692, 28.5486653 ], [ 77.1366085, 28.5489986 ], [ 77.1366218, 28.549108 ], [ 77.1366456, 28.5493324 ], [ 77.1367156, 28.5501561 ], [ 77.1367245, 28.5502318 ], [ 77.1367354, 28.5503076 ], [ 77.1367592, 28.5504227 ], [ 77.1367937, 28.550536 ], [ 77.1371751, 28.551649 ], [ 77.1373492, 28.5521827 ], [ 77.1377082, 28.5532364 ], [ 77.137809, 28.5536095 ], [ 77.1378253, 28.5536466 ], [ 77.1378541, 28.5536775 ], [ 77.1378959, 28.553705 ], [ 77.1379539, 28.5537135 ], [ 77.1380365, 28.5537072 ], [ 77.1382738, 28.5536468 ], [ 77.1407656, 28.5530621 ] ] } },
{ "type": "Feature", "properties": { "name": "Arterial Link", "highway": "residential", "slope_pct": 0.6 }, "geometry": { "type": "LineString", "coordinates": [ [ 77.1355404, 28.5409756 ], [ 77.1356802, 28.5409334 ], [ 77.1357474, 28.5409214 ], [ 77.1358324, 28.5409105 ], [ 77.1361636, 28.5408888 ] ] } },
{ "type": "Feature", "properties": { "name": "Arterial Link", "highway": "residential", "slope_pct": 0.6 }, "geometry": { "type": "LineString", "coordinates": [ [ 77.139278, 28.538012 ], [ 77.1397162, 28.5386519 ] ] } },
{ "type": "Feature", "properties": { "name": "Arterial Link", "highway": "residential", "slope_pct": 0.6 }, "geometry": { "type": "LineString", "coordinates": [ [ 77.1393172, 28.5388872 ], [ 77.139427, 28.5388198 ], [ 77.1394768, 28.5387905 ] ] } },
{ "type": "Feature", "properties": { "name": "Arterial Link", "highway": "residential", "slope_pct": 0.6 }, "geometry": { "type": "LineString", "coordinates": [ [ 77.1398108, 28.5394322 ], [ 77.139798, 28.539519 ] ] } },
{ "type": "Feature", "properties": { "name": "Arterial Link", "highway": "residential", "slope_pct": 0.6 }, "geometry": { "type": "LineString", "coordinates": [ [ 77.136662, 28.5379638 ], [ 77.1366699, 28.5380363 ] ] } },
{ "type": "Feature", "properties": { "name": "Arterial Link", "highway": "residential", "slope_pct": 0.6 }, "geometry": { "type": "LineString", "coordinates": [ [ 77.139798, 28.539519 ], [ 77.1398562, 28.5395179 ], [ 77.1399241, 28.539497 ], [ 77.1404849, 28.5392106 ], [ 77.1406351, 28.5391217 ], [ 77.1413202, 28.5387009 ] ] } },
{ "type": "Feature", "properties": { "name": "Arterial Link", "highway": "residential", "slope_pct": 0.6 }, "geometry": { "type": "LineString", "coordinates": [ [ 77.1412767, 28.5386427 ], [ 77.1413202, 28.5387009 ] ] } },
{ "type": "Feature", "properties": { "name": "Arterial Link", "highway": "residential", "slope_pct": 0.6 }, "geometry": { "type": "LineString", "coordinates": [ [ 77.1435364, 28.538794 ], [ 77.1438877, 28.5392748 ] ] } },
{ "type": "Feature", "properties": { "name": "Arterial Link", "highway": "residential", "slope_pct": 0.6 }, "geometry": { "type": "LineString", "coordinates": [ [ 77.1442191, 28.537873 ], [ 77.1441192, 28.5377257 ], [ 77.1440952, 28.5377068 ], [ 77.1440648, 28.5377001 ], [ 77.1440107, 28.5377037 ], [ 77.1439676, 28.5377172 ], [ 77.1436772, 28.5378758 ], [ 77.1436431, 28.5379123 ], [ 77.1436278, 28.5379518 ], [ 77.1436218, 28.538012 ], [ 77.1436681, 28.5380895 ], [ 77.1440035, 28.5385469 ], [ 77.144243, 28.5388735 ], [ 77.1444611, 28.539171 ], [ 77.1446132, 28.5393784 ], [ 77.1448347, 28.5396805 ], [ 77.1448794, 28.5397415 ], [ 77.1452937, 28.5403064 ], [ 77.1454815, 28.5405626 ], [ 77.1455203, 28.5406155 ] ] } },
{ "type": "Feature", "properties": { "name": "Arterial Link", "highway": "residential", "slope_pct": 0.6 }, "geometry": { "type": "LineString", "coordinates": [ [ 77.1460206, 28.5386541 ], [ 77.1467453, 28.5396106 ] ] } },
{ "type": "Feature", "properties": { "name": "Arterial Link", "highway": "residential", "slope_pct": 0.6 }, "geometry": { "type": "LineString", "coordinates": [ [ 77.144243, 28.5388735 ], [ 77.1451243, 28.5383451 ], [ 77.1451721, 28.5383164 ] ] } },
{ "type": "Feature", "properties": { "name": "Arterial Link", "highway": "residential", "slope_pct": 0.6 }, "geometry": { "type": "LineString", "coordinates": [ [ 77.1438245, 28.5403072 ], [ 77.1433988, 28.5405794 ], [ 77.1437593, 28.5410943 ] ] } },
{ "type": "Feature", "properties": { "name": "Arterial Link", "highway": "residential", "slope_pct": 0.6 }, "geometry": { "type": "LineString", "coordinates": [ [ 77.1456699, 28.5388549 ], [ 77.1457736, 28.5387956 ], [ 77.1460206, 28.5386541 ], [ 77.1466608, 28.5382876 ] ] } },
{ "type": "Feature", "properties": { "name": "Arterial Link", "highway": "residential", "slope_pct": 0.6 }, "geometry": { "type": "LineString", "coordinates": [ [ 77.1445285, 28.5411908 ], [ 77.1438245, 28.5403072 ], [ 77.14355, 28.5399979 ] ] } },
{ "type": "Feature", "properties": { "name": "Arterial Link", "highway": "residential", "slope_pct": 0.6 }, "geometry": { "type": "LineString", "coordinates": [ [ 77.1466608, 28.5382876 ], [ 77.1473589, 28.5392702 ] ] } },
{ "type": "Feature", "properties": { "name": "Arterial Link", "highway": "residential", "slope_pct": 0.6 }, "geometry": { "type": "LineString", "coordinates": [ [ 77.1444611, 28.539171 ], [ 77.1448462, 28.5389437 ], [ 77.1448753, 28.5389409 ], [ 77.1449124, 28.5389498 ], [ 77.1449424, 28.538974 ], [ 77.1450758, 28.5391563 ] ] } },
{ "type": "Feature", "properties": { "name": "Arterial Link", "highway": "residential", "slope_pct": 0.6 }, "geometry": { "type": "LineString", "coordinates": [ [ 77.14757, 28.5416044 ], [ 77.1476196, 28.5416987 ], [ 77.1476588, 28.5417605 ], [ 77.1476941, 28.541837 ], [ 77.1477207, 28.5419217 ] ] } },
{ "type": "Feature", "properties": { "name": "Arterial Link", "highway": "residential", "slope_pct": 0.6 }, "geometry": { "type": "LineString", "coordinates": [ [ 77.1481444, 28.5417964 ], [ 77.148091, 28.5417766 ], [ 77.1480057, 28.5417644 ], [ 77.1479291, 28.5417716 ], [ 77.1478696, 28.54179 ], [ 77.1478187, 28.5418167 ], [ 77.1477579, 28.5418678 ], [ 77.1477207, 28.5419217 ], [ 77.1477107, 28.5419475 ], [ 77.1476968, 28.5420035 ], [ 77.1476963, 28.5420558 ], [ 77.1477001, 28.5420731 ], [ 77.147708, 28.542109 ], [ 77.1477302, 28.5421567 ], [ 77.147761, 28.5421982 ], [ 77.1478054, 28.5422381 ], [ 77.1478545, 28.5422672 ], [ 77.147902, 28.5422855 ], [ 77.1479542, 28.5422966 ], [ 77.1480131, 28.5422994 ], [ 77.1480725, 28.5422919 ], [ 77.1481108, 28.5422796 ], [ 77.1481349, 28.5422719 ], [ 77.1481985, 28.5422349 ], [ 77.1482434, 28.5421928 ], [ 77.1482777, 28.5421417 ], [ 77.1482988, 28.5420836 ], [ 77.1483043, 28.5420208 ], [ 77.1482965, 28.5419709 ], [ 77.1482769, 28.5419205 ], [ 77.1482463, 28.5418746 ], [ 77.1481989, 28.5418294 ], [ 77.1481444, 28.5417964 ] ] } },
{ "type": "Feature", "properties": { "name": "Arterial Link", "highway": "residential", "slope_pct": 0.6 }, "geometry": { "type": "LineString", "coordinates": [ [ 77.1473589, 28.5392702 ], [ 77.1467453, 28.5396106 ], [ 77.1465092, 28.5397415 ], [ 77.1463786, 28.539814 ] ] } },
{ "type": "Feature", "properties": { "name": "Arterial Link", "highway": "residential", "slope_pct": 0.6 }, "geometry": { "type": "LineString", "coordinates": [ [ 77.1426718, 28.5405082 ], [ 77.1434035, 28.540083 ], [ 77.14355, 28.5399979 ], [ 77.1439546, 28.5397621 ], [ 77.1446132, 28.5393784 ] ] } },
{ "type": "Feature", "properties": { "name": "Arterial Link", "highway": "residential", "slope_pct": 0.6 }, "geometry": { "type": "LineString", "coordinates": [ [ 77.1451589, 28.5408241 ], [ 77.1445488, 28.5400007 ], [ 77.1445255, 28.5399809 ], [ 77.1444902, 28.5399654 ], [ 77.1444589, 28.5399736 ], [ 77.1444114, 28.5399944 ], [ 77.144291, 28.5400718 ], [ 77.1442531, 28.5400812 ], [ 77.1442198, 28.5400825 ], [ 77.1441816, 28.5400643 ], [ 77.1439546, 28.5397621 ] ] } },
{ "type": "Feature", "properties": { "name": "Arterial Link", "highway": "residential", "slope_pct": 0.6 }, "geometry": { "type": "LineString", "coordinates": [ [ 77.1448347, 28.5396805 ], [ 77.145252, 28.5394303 ], [ 77.1455971, 28.5392235 ], [ 77.1456168, 28.5392189 ], [ 77.1456433, 28.5392228 ], [ 77.1456605, 28.5392347 ], [ 77.1456801, 28.5392552 ], [ 77.1461113, 28.5398418 ] ] } },
{ "type": "Feature", "properties": { "name": "Arterial Link", "highway": "residential", "slope_pct": 0.6 }, "geometry": { "type": "LineString", "coordinates": [ [ 77.1435885, 28.5417274 ], [ 77.1445285, 28.5411908 ], [ 77.1451589, 28.5408241 ], [ 77.1455203, 28.5406155 ], [ 77.1463525, 28.5401353 ], [ 77.1464215, 28.5400939 ], [ 77.1464604, 28.5400706 ], [ 77.1465389, 28.540031 ] ] } },
{ "type": "Feature", "properties": { "name": "Arterial Link", "highway": "residential", "slope_pct": 0.6 }, "geometry": { "type": "LineString", "coordinates": [ [ 77.1477001, 28.5420731 ], [ 77.1476348, 28.5422475 ], [ 77.1475805, 28.5423934 ], [ 77.1475188, 28.5425313 ], [ 77.1474134, 28.5427296 ] ] } },
{ "type": "Feature", "properties": { "name": "Arterial Link", "highway": "residential", "slope_pct": 0.6 }, "geometry": { "type": "LineString", "coordinates": [ [ 77.1455096, 28.5413131 ], [ 77.146569, 28.540709 ], [ 77.1468166, 28.5405678 ] ] } },
{ "type": "Feature", "properties": { "name": "Arterial Link", "highway": "residential", "slope_pct": 0.6 }, "geometry": { "type": "LineString", "coordinates": [ [ 77.1452937, 28.5403064 ], [ 77.1459937, 28.5399086 ], [ 77.1461113, 28.5398418 ], [ 77.1461905, 28.5397874 ], [ 77.1462354, 28.5397565 ] ] } },
{ "type": "Feature", "properties": { "name": "Arterial Link", "highway": "residential", "slope_pct": 0.6 }, "geometry": { "type": "LineString", "coordinates": [ [ 77.1444902, 28.5399654 ], [ 77.1448794, 28.5397415 ] ] } },
{ "type": "Feature", "properties": { "name": "Arterial Link", "highway": "residential", "slope_pct": 0.6 }, "geometry": { "type": "LineString", "coordinates": [ [ 77.142928, 28.5408515 ], [ 77.1433988, 28.5405794 ] ] } },
{ "type": "Feature", "properties": { "name": "Arterial Link", "highway": "residential", "slope_pct": 0.6 }, "geometry": { "type": "LineString", "coordinates": [ [ 77.1430905, 28.5396509 ], [ 77.1434035, 28.540083 ] ] } },
{ "type": "Feature", "properties": { "name": "Arterial Link", "highway": "residential", "slope_pct": 0.6 }, "geometry": { "type": "LineString", "coordinates": [ [ 77.1464348, 28.5379695 ], [ 77.1465124, 28.5380787 ], [ 77.1466608, 28.5382876 ] ] } },
{ "type": "Feature", "properties": { "name": "Arterial Link", "highway": "residential", "slope_pct": 0.6 }, "geometry": { "type": "LineString", "coordinates": [ [ 77.1473589, 28.5392702 ], [ 77.147563, 28.539157 ] ] } },
{ "type": "Feature", "properties": { "name": "Arterial Link", "highway": "residential", "slope_pct": 0.6 }, "geometry": { "type": "LineString", "coordinates": [ [ 77.1455971, 28.538892 ], [ 77.1456699, 28.5388549 ] ] } },
{ "type": "Feature", "properties": { "name": "Arterial Link", "highway": "residential", "slope_pct": 0.6 }, "geometry": { "type": "LineString", "coordinates": [ [ 77.1463023, 28.5398499 ], [ 77.1463786, 28.539814 ] ] } },
{ "type": "Feature", "properties": { "name": "Arterial Link", "highway": "residential", "slope_pct": 0.6 }, "geometry": { "type": "LineString", "coordinates": [ [ 77.1479519, 28.5460914 ], [ 77.1479616, 28.5460565 ], [ 77.1479558, 28.5460205 ], [ 77.1478355, 28.5457096 ], [ 77.1475819, 28.5451583 ], [ 77.1473866, 28.5446708 ], [ 77.1473271, 28.5444932 ], [ 77.1472519, 28.5442007 ], [ 77.1472116, 28.5440241 ], [ 77.1471892, 28.5438332 ], [ 77.1471939, 28.543647 ], [ 77.1472427, 28.5434129 ], [ 77.1472908, 28.5432767 ], [ 77.1474159, 28.5430489 ], [ 77.147514, 28.5428796 ], [ 77.1476094, 28.5427246 ], [ 77.1476833, 28.5426271 ], [ 77.1477689, 28.5425407 ], [ 77.1478694, 28.5424524 ], [ 77.1480131, 28.5422994 ] ] } },
{ "type": "Feature", "properties": { "name": "Arterial Link", "highway": "residential", "slope_pct": 0.6 }, "geometry": { "type": "LineString", "coordinates": [ [ 77.1417461, 28.5385759 ], [ 77.1420401, 28.5389971 ], [ 77.1421997, 28.5392151 ], [ 77.1423651, 28.5394412 ], [ 77.142697, 28.5398551 ] ] } },
{ "type": "Feature", "properties": { "name": "Arterial Link", "highway": "residential", "slope_pct": 0.6 }, "geometry": { "type": "LineString", "coordinates": [ [ 77.1421331, 28.5383366 ], [ 77.1424509, 28.5387681 ], [ 77.1425981, 28.5389788 ], [ 77.1427572, 28.5392059 ], [ 77.1430905, 28.5396509 ] ] } },
{ "type": "Feature", "properties": { "name": "Arterial Link", "highway": "residential", "slope_pct": 0.6 }, "geometry": { "type": "LineString", "coordinates": [ [ 77.1436681, 28.5380895 ], [ 77.1428417, 28.5385502 ], [ 77.1424509, 28.5387681 ], [ 77.1420401, 28.5389971 ], [ 77.1416884, 28.5391932 ] ] } },
{ "type": "Feature", "properties": { "name": "Arterial Link", "highway": "residential", "slope_pct": 0.6 }, "geometry": { "type": "LineString", "coordinates": [ [ 77.1420197, 28.5396363 ], [ 77.1423651, 28.5394412 ], [ 77.1427572, 28.5392059 ], [ 77.1431745, 28.5389808 ], [ 77.1434182, 28.538855 ], [ 77.1435364, 28.538794 ], [ 77.1440035, 28.5385469 ] ] } },
{ "type": "Feature", "properties": { "name": "Arterial Link", "highway": "residential", "slope_pct": 0.6 }, "geometry": { "type": "LineString", "coordinates": [ [ 77.1423352, 28.5400582 ], [ 77.142697, 28.5398551 ], [ 77.1430905, 28.5396509 ], [ 77.1434841, 28.5394362 ], [ 77.1434969, 28.539422 ], [ 77.1434969, 28.5394026 ], [ 77.1434761, 28.5393759 ], [ 77.1431745, 28.5389808 ], [ 77.1429905, 28.538742 ], [ 77.1428417, 28.5385502 ], [ 77.1425409, 28.5381278 ] ] } },
{ "type": "Feature", "properties": { "name": "Arterial Link", "highway": "residential", "slope_pct": 0.6 }, "geometry": { "type": "LineString", "coordinates": [ [ 77.1413202, 28.5387009 ], [ 77.1413553, 28.5387478 ], [ 77.1416884, 28.5391932 ], [ 77.1418602, 28.5394229 ], [ 77.1420197, 28.5396363 ], [ 77.1423352, 28.5400582 ], [ 77.1426718, 28.5405082 ], [ 77.142928, 28.5408515 ], [ 77.1434826, 28.5415944 ], [ 77.14357, 28.5417177 ], [ 77.1435747, 28.5417246 ], [ 77.1435789, 28.541731 ] ] } },
{ "type": "Feature", "properties": { "name": "Arterial Link", "highway": "residential", "slope_pct": 0.6 }, "geometry": { "type": "LineString", "coordinates": [ [ 77.1468166, 28.5405678 ], [ 77.1469008, 28.5405214 ], [ 77.147204, 28.5403319 ], [ 77.1472665, 28.5403201 ], [ 77.1473455, 28.5403253 ], [ 77.1474086, 28.5403566 ], [ 77.1474556, 28.5404148 ], [ 77.1476476, 28.5406522 ], [ 77.1478945, 28.5410126 ], [ 77.1479688, 28.5411079 ], [ 77.1481099, 28.5412588 ], [ 77.1482521, 28.5413525 ], [ 77.14842, 28.5414133 ], [ 77.1486155, 28.5414202 ], [ 77.1486614, 28.5414185 ], [ 77.1499389, 28.5413716 ], [ 77.1507665, 28.5413942 ], [ 77.1507985, 28.5413936 ], [ 77.1509322, 28.5413909 ], [ 77.1510441, 28.5413594 ], [ 77.1511714, 28.5412831 ], [ 77.151271, 28.5411913 ], [ 77.1513729, 28.5410975 ], [ 77.1518489, 28.540603 ], [ 77.1518868, 28.5405495 ], [ 77.1521064, 28.5402395 ], [ 77.152309, 28.53994 ], [ 77.1523598, 28.5398717 ], [ 77.1525647, 28.5395991 ], [ 77.1527214, 28.5393855 ], [ 77.1528949, 28.539218 ], [ 77.1530543, 28.5390843 ], [ 77.1531333, 28.5390256 ], [ 77.1533004, 28.5389063 ], [ 77.1533752, 28.5388624 ], [ 77.1535522, 28.5387412 ], [ 77.1538339, 28.5385809 ], [ 77.1541151, 28.5384136 ] ] } },
{ "type": "Feature", "properties": { "name": "Arterial Link", "highway": "residential", "slope_pct": 0.6 }, "geometry": { "type": "LineString", "coordinates": [ [ 77.146569, 28.540709 ], [ 77.1471075, 28.5414495 ], [ 77.1471946, 28.5416439 ], [ 77.1472205, 28.5418175 ], [ 77.1472142, 28.5419455 ], [ 77.1471569, 28.5421813 ], [ 77.1468392, 28.5433163 ], [ 77.1467592, 28.543678 ], [ 77.1467498, 28.5438889 ], [ 77.1467945, 28.5441308 ], [ 77.1468547, 28.5444153 ], [ 77.1469122, 28.5446869 ], [ 77.147363, 28.5457574 ], [ 77.1473769, 28.5457905 ], [ 77.1475588, 28.5462224 ], [ 77.1475793, 28.5462441 ], [ 77.1476103, 28.546252 ], [ 77.1476391, 28.5462503 ], [ 77.1478762, 28.54613 ] ] } },
{ "type": "Feature", "properties": { "name": "Arterial Link", "highway": "residential", "slope_pct": 0.6 }, "geometry": { "type": "LineString", "coordinates": [ [ 77.1418602, 28.5394229 ], [ 77.1421997, 28.5392151 ], [ 77.1425981, 28.5389788 ], [ 77.1429905, 28.538742 ], [ 77.143237, 28.5385968 ], [ 77.1434182, 28.538855 ] ] } }
]
}
