{
"type": "FeatureCollection",
"name": "roads_23.206_77.46",
"crs": { "type": "name", "properties": { "name": "urn:ogc:def:crs:OGC:1.3:CRS84" } },
"features": [
{ "type": "Feature", "properties": { "name": "Urban Arterial", "highway": "residential", "slope_pct": 0.6 }, "geometry": { "type": "LineString", "coordinates": [ [ 77.4563434, 23.1957923 ], [ 77.4566996, 23.1956022 ], [ 77.4567386, 23.1955694 ], [ 77.4567559, 23.1955456 ], [ 77.4567774, 23.1955025 ], [ 77.4567852, 23.1954869 ], [ 77.4569129, 23.1951675 ], [ 77.4569233, 23.1951236 ], [ 77.4569371, 23.1950554 ], [ 77.4569419, 23.1949955 ], [ 77.4569694, 23.1943287 ] ] } },
{ "type": "Feature", "properties": { "name": "Urban Arterial", "highway": "residential", "slope_pct": 0.6 }, "geometry": { "type": "LineString", "coordinates": [ [ 77.4602549, 23.1959398 ], [ 77.4604511, 23.1951562 ] ] } },
{ "type": "Feature", "properties": { "name": "Urban Arterial", "highway": "residential", "slope_pct": 0.6 }, "geometry": { "type": "LineString", "coordinates": [ [ 77.4582209, 23.1960626 ], [ 77.4582983, 23.195686 ], [ 77.458546, 23.1945798 ], [ 77.4586431, 23.1943185 ], [ 77.4586792, 23.1942215 ], [ 77.4587261, 23.194003 ], [ 77.4587348, 23.1939357 ], [ 77.4586759, 23.1935217 ] ] } },
{ "type": "Feature", "properties": { "name": "Urban Arterial", "highway": "residential", "slope_pct": 0.6 }, "geometry": { "type": "LineString", "coordinates": [ [ 77.4615523, 23.1954893 ], [ 77.4617505, 23.1958375 ], [ 77.4621295, 23.196282 ], [ 77.4621979, 23.1963267 ], [ 77.4622743, 23.1963693 ] ] } },
{ "type": "Feature", "properties": { "name": "Urban Arterial", "highway": "residential", "slope_pct": 0.6 }, "geometry": { "type": "LineString", "coordinates": [ [ 77.4628939, 23.1962526 ], [ 77.4629679, 23.1962192 ], [ 77.4630488, 23.1961496 ], [ 77.4630892, 23.19608 ], [ 77.4631094, 23.1960243 ] ] } },
{ "type": "Feature", "properties": { "name": "Urban Arterial", "highway": "residential", "slope_pct": 0.6 }, "geometry": { "type": "LineString", "coordinates": [ [ 77.45952, 23.1958633 ], [ 77.459768, 23.1958899 ], [ 77.4600302, 23.1959128 ], [ 77.4600779, 23.1959176 ], [ 77.4602549, 23.1959398 ], [ 77.460516, 23.1959778 ], [ 77.460851, 23.1960181 ] ] } },
{ "type": "Feature", "properties": { "name": "Urban Arterial", "highway": "residential", "slope_pct": 0.6 }, "geometry": { "type": "LineString", "coordinates": [ [ 77.4590645, 23.1957981 ], [ 77.4587865, 23.195756 ], [ 77.4585616, 23.195721 ], [ 77.4582983, 23.195686 ], [ 77.4580747, 23.1956552 ], [ 77.457802, 23.1956055 ], [ 77.4574579, 23.1955721 ], [ 77.4574183, 23.1955683 ], [ 77.4574021, 23.1952375 ], [ 77.4573929, 23.1950517 ], [ 77.4573832, 23.1948532 ], [ 77.4573737, 23.1946592 ], [ 77.45736, 23.1943808 ] ] } },
{ "type": "Feature", "properties": { "name": "Urban Arterial", "highway": "residential", "slope_pct": 0.6 }, "geometry": { "type": "LineString", "coordinates": [ [ 77.4580509, 23.1944939 ], [ 77.4579896, 23.1947675 ], [ 77.4579507, 23.1949396 ], [ 77.4579113, 23.1951173 ], [ 77.4578704, 23.1952985 ], [ 77.457802, 23.1956055 ], [ 77.4577642, 23.1958151 ] ] } },
{ "type": "Feature", "properties": { "name": "Urban Arterial", "highway": "residential", "slope_pct": 0.6 }, "geometry": { "type": "LineString", "coordinates": [ [ 77.4584803, 23.1961032 ], [ 77.4582209, 23.1960626 ], [ 77.458, 23.1960376 ], [ 77.4580747, 23.1956552 ], [ 77.4583161, 23.1945414 ] ] } },
{ "type": "Feature", "properties": { "name": "Urban Arterial", "highway": "residential", "slope_pct": 0.6 }, "geometry": { "type": "LineString", "coordinates": [ [ 77.460516, 23.1959778 ], [ 77.4606155, 23.1955758 ], [ 77.4606651, 23.1953755 ], [ 77.4607767, 23.1949246 ] ] } },
{ "type": "Feature", "properties": { "name": "Urban Arterial", "highway": "residential", "slope_pct": 0.6 }, "geometry": { "type": "LineString", "coordinates": [ [ 77.4600779, 23.1959176 ], [ 77.4602127, 23.1953323 ], [ 77.4603235, 23.194851 ] ] } },
{ "type": "Feature", "properties": { "name": "Urban Arterial", "highway": "residential", "slope_pct": 0.6 }, "geometry": { "type": "LineString", "coordinates": [ [ 77.460851, 23.1960181 ], [ 77.4609336, 23.1957735 ], [ 77.4609922, 23.1956281 ], [ 77.4610333, 23.1955259 ], [ 77.4610636, 23.1954651 ], [ 77.4611465, 23.1954728 ], [ 77.4611951, 23.1954744 ], [ 77.4615118, 23.195508 ] ] } },
{ "type": "Feature", "properties": { "name": "Urban Arterial", "highway": "residential", "slope_pct": 0.6 }, "geometry": { "type": "LineString", "coordinates": [ [ 77.4578437, 23.1958346 ], [ 77.4577642, 23.1958151 ], [ 77.4575462, 23.1957501 ], [ 77.4575181, 23.1957353 ], [ 77.4574981, 23.1957224 ], [ 77.45748, 23.1957077 ], [ 77.457458, 23.1956828 ], [ 77.457447, 23.1956533 ], [ 77.457445, 23.1956248 ], [ 77.4574579, 23.1955721 ] ] } },
{ "type": "Feature", "properties": { "name": "Urban Arterial", "highway": "residential", "slope_pct": 0.6 }, "geometry": { "type": "LineString", "coordinates": [ [ 77.4606155, 23.1955758 ], [ 77.4609922, 23.1956281 ] ] } },
{ "type": "Feature", "properties": { "name": "Urban Arterial", "highway": "residential", "slope_pct": 0.6 }, "geometry": { "type": "LineString", "coordinates": [ [ 77.4610297, 23.1964731 ], [ 77.4607835, 23.1963658 ], [ 77.4607375, 23.1963478 ], [ 77.4606728, 23.1963278 ], [ 77.4604396, 23.1962654 ] ] } },
{ "type": "Feature", "properties": { "name": "Urban Arterial", "highway": "residential", "slope_pct": 0.6 }, "geometry": { "type": "LineString", "coordinates": [ [ 77.4607375, 23.1963478 ], [ 77.460851, 23.1960181 ] ] } },
{ "type": "Feature", "properties": { "name": "Urban Arterial", "highway": "residential", "slope_pct": 0.6 }, "geometry": { "type": "LineString", "coordinates": [ [ 77.4624744, 23.1960874 ], [ 77.4628176, 23.1959685 ] ] } },
{ "type": "Feature", "properties": { "name": "Urban Arterial", "highway": "tertiary", "slope_pct": 0.6 }, "geometry": { "type": "LineString", "coordinates": [ [ 77.4582042, 23.2122834 ], [ 77.458291, 23.2120431 ], [ 77.4583418, 23.2119291 ], [ 77.4586202, 23.2112607 ], [ 77.4589404, 23.210492 ], [ 77.4589689, 23.2104262 ], [ 77.4590268, 23.2102859 ], [ 77.4591935, 23.2098821 ], [ 77.4592763, 23.2096814 ], [ 77.4595981, 23.2089895 ], [ 77.4602413, 23.2077839 ], [ 77.4603395, 23.207615 ], [ 77.4622067, 23.2056474 ], [ 77.46245, 23.2053279 ], [ 77.4626306, 23.2048257 ], [ 77.4629779, 23.2036882 ], [ 77.4630245, 23.2035385 ], [ 77.4633525, 23.2025043 ], [ 77.4635003, 23.2020501 ], [ 77.4635066, 23.2020198 ], [ 77.4635256, 23.2019177 ], [ 77.4635403, 23.2018301 ], [ 77.4636039, 23.2015076 ], [ 77.4636807, 23.2011048 ], [ 77.4637634, 23.2006533 ], [ 77.4637768, 23.2005799 ], [ 77.4638507, 23.200103 ], [ 77.4639302, 23.1995896 ], [ 77.4640259, 23.1989095 ], [ 77.4640309, 23.1988787 ], [ 77.4640406, 23.1988184 ], [ 77.4640905, 23.1985083 ], [ 77.4641437, 23.1981151 ], [ 77.4641569, 23.1980178 ], [ 77.4641621, 23.197979 ], [ 77.4641668, 23.1979379 ] ] } },
{ "type": "Feature", "properties": { "name": "Urban Arterial", "highway": "residential", "slope_pct": 0.6 }, "geometry": { "type": "LineString", "coordinates": [ [ 77.4588514, 23.2036304 ], [ 77.4590448, 23.2036324 ], [ 77.4592301, 23.2036318 ], [ 77.4602692, 23.2036232 ], [ 77.4602885, 23.2032462 ], [ 77.4602791, 23.2023389 ], [ 77.4602804, 23.201978 ] ] } },
{ "type": "Feature", "properties": { "name": "Urban Arterial", "highway": "residential", "slope_pct": 0.6 }, "geometry": { "type": "LineString", "coordinates": [ [ 77.4638718, 23.1968618 ], [ 77.4638279, 23.1968667 ], [ 77.4637809, 23.1968764 ], [ 77.4636584, 23.1969151 ], [ 77.4636161, 23.1969191 ], [ 77.4633611, 23.1969349 ] ] } },
{ "type": "Feature", "properties": { "name": "Urban Arterial", "highway": "residential", "slope_pct": 0.6 }, "geometry": { "type": "LineString", "coordinates": [ [ 77.4608509, 23.196827 ], [ 77.4609655, 23.1965958 ], [ 77.4610297, 23.1964731 ], [ 77.4611356, 23.1962719 ], [ 77.4611912, 23.1961751 ], [ 77.4612473, 23.1960766 ], [ 77.4613093, 23.1959076 ], [ 77.4613802, 23.1956354 ], [ 77.4613966, 23.1955845 ], [ 77.4614449, 23.1955389 ], [ 77.4615118, 23.195508 ], [ 77.4615523, 23.1954893 ], [ 77.4617464, 23.1953931 ], [ 77.4619679, 23.1953372 ], [ 77.4619833, 23.1953288 ], [ 77.4619929, 23.195315 ], [ 77.4620202, 23.1952512 ] ] } },
{ "type": "Feature", "properties": { "name": "Urban Arterial", "highway": "residential", "slope_pct": 0.6 }, "geometry": { "type": "LineString", "coordinates": [ [ 77.4626914, 23.1974941 ], [ 77.4627797, 23.1975241 ], [ 77.4628421, 23.1975407 ], [ 77.462934, 23.197555 ], [ 77.4630029, 23.1975552 ], [ 77.4630455, 23.1975474 ], [ 77.4630854, 23.1975371 ], [ 77.4631318, 23.1975215 ], [ 77.4631525, 23.1975062 ], [ 77.4631628, 23.1974868 ], [ 77.4631619, 23.1974637 ], [ 77.4631137, 23.1973738 ], [ 77.463101, 23.1973426 ], [ 77.4630955, 23.1973109 ], [ 77.4630886, 23.1968515 ], [ 77.4630455, 23.1966202 ], [ 77.4630255, 23.1965186 ], [ 77.4629765, 23.1963624 ], [ 77.4629618, 23.1963338 ], [ 77.4629395, 23.1963074 ], [ 77.4628939, 23.1962526 ], [ 77.4628468, 23.1962032 ], [ 77.4628223, 23.1961382 ], [ 77.4628277, 23.1960218 ], [ 77.4628176, 23.1959685 ], [ 77.4625028, 23.1954038 ] ] } },
{ "type": "Feature", "properties": { "name": "Urban Arterial", "highway": "unclassified", "slope_pct": 0.6 }, "geometry": { "type": "LineString", "coordinates": [ [ 77.4582866, 23.1988435 ], [ 77.4583883, 23.1988665 ], [ 77.4586832, 23.198938 ], [ 77.4591008, 23.1990277 ], [ 77.4598654, 23.1992054 ], [ 77.460337, 23.1993073 ], [ 77.4611441, 23.1994959 ], [ 77.4614537, 23.1995647 ], [ 77.4619682, 23.1996789 ], [ 77.4625624, 23.1998215 ], [ 77.4630361, 23.1999178 ], [ 77.4637653, 23.2000838 ], [ 77.4638507, 23.200103 ] ] } },
{ "type": "Feature", "properties": { "name": "Urban Arterial", "highway": "residential", "slope_pct": 0.6 }, "geometry": { "type": "LineString", "coordinates": [ [ 77.46221, 23.1953152 ], [ 77.462161, 23.1954415 ], [ 77.4621574, 23.1954908 ], [ 77.4621711, 23.1955393 ], [ 77.4624744, 23.1960874 ], [ 77.4626156, 23.1964765 ], [ 77.4626971, 23.1967012 ], [ 77.4627229, 23.1967723 ] ] } },
{ "type": "Feature", "properties": { "name": "Urban Arterial", "highway": "residential", "slope_pct": 0.6 }, "geometry": { "type": "LineString", "coordinates": [ [ 77.4606918, 23.2032511 ], [ 77.4606905, 23.201995 ] ] } },
{ "type": "Feature", "properties": { "name": "Urban Arterial", "highway": "residential", "slope_pct": 0.6 }, "geometry": { "type": "LineString", "coordinates": [ [ 77.4622497, 23.2023962 ], [ 77.4620405, 23.202998 ], [ 77.461879, 23.2034624 ] ] } },
{ "type": "Feature", "properties": { "name": "Urban Arterial", "highway": "residential", "slope_pct": 0.6 }, "geometry": { "type": "LineString", "coordinates": [ [ 77.4631807, 23.2010758 ], [ 77.4635903, 23.2011375 ] ] } },
{ "type": "Feature", "properties": { "name": "Urban Arterial", "highway": "tertiary", "slope_pct": 0.6 }, "geometry": { "type": "LineString", "coordinates": [ [ 77.4640812, 23.1978717 ], [ 77.4640739, 23.1979358 ], [ 77.4640658, 23.198003 ], [ 77.4640557, 23.1981125 ], [ 77.4639524, 23.1988992 ], [ 77.4638581, 23.1995303 ], [ 77.4637653, 23.2000838 ], [ 77.4636882, 23.2004426 ], [ 77.4636207, 23.2009462 ], [ 77.4635903, 23.2011375 ], [ 77.4634945, 23.20174 ], [ 77.4634541, 23.2019443 ], [ 77.4632673, 23.2024785 ], [ 77.4630951, 23.2030481 ], [ 77.4629484, 23.2035112 ], [ 77.4629006, 23.2036625 ], [ 77.4628248, 23.2039225 ], [ 77.4627722, 23.2041029 ], [ 77.4624197, 23.2052269 ], [ 77.462382, 23.2052975 ], [ 77.4621321, 23.2056033 ], [ 77.4612166, 23.2065956 ], [ 77.4611594, 23.2066551 ], [ 77.4605232, 23.2073166 ], [ 77.4602469, 23.2076215 ], [ 77.4601712, 23.2077376 ], [ 77.4599376, 23.2081433 ], [ 77.4597664, 23.2084407 ] ] } },
{ "type": "Feature", "properties": { "name": "Urban Arterial", "highway": "residential", "slope_pct": 0.6 }, "geometry": { "type": "LineString", "coordinates": [ [ 77.461092, 23.2020083 ], [ 77.4610985, 23.2024483 ], [ 77.461129, 23.2033123 ] ] } },
{ "type": "Feature", "properties": { "name": "Urban Arterial", "highway": "residential", "slope_pct": 0.6 }, "geometry": { "type": "LineString", "coordinates": [ [ 77.4618527, 23.2022547 ], [ 77.4617116, 23.2026154 ], [ 77.461444, 23.2033771 ] ] } },
{ "type": "Feature", "properties": { "name": "Urban Arterial", "highway": "residential", "slope_pct": 0.6 }, "geometry": { "type": "LineString", "coordinates": [ [ 77.4603188, 23.196769 ], [ 77.4604396, 23.1962654 ], [ 77.460516, 23.1959778 ] ] } },
{ "type": "Feature", "properties": { "name": "Urban Arterial", "highway": "residential", "slope_pct": 0.6 }, "geometry": { "type": "LineString", "coordinates": [ [ 77.4595672, 23.196697 ], [ 77.459768, 23.1958899 ], [ 77.4599151, 23.1952789 ], [ 77.4599774, 23.1950202 ] ] } },
{ "type": "Feature", "properties": { "name": "Urban Arterial", "highway": "residential", "slope_pct": 0.6 }, "geometry": { "type": "LineString", "coordinates": [ [ 77.4598345, 23.196717 ], [ 77.4600302, 23.1959128 ] ] } },
{ "type": "Feature", "properties": { "name": "Urban Arterial", "highway": "residential", "slope_pct": 0.6 }, "geometry": { "type": "LineString", "coordinates": [ [ 77.4624814, 23.2029356 ], [ 77.4628418, 23.2030562 ], [ 77.4630343, 23.20305 ] ] } },
{ "type": "Feature", "properties": { "name": "Urban Arterial", "highway": "residential", "slope_pct": 0.6 }, "geometry": { "type": "LineString", "coordinates": [ [ 77.4598788, 23.2032482 ], [ 77.4598722, 23.20286 ], [ 77.4598668, 23.202337 ] ] } },
{ "type": "Feature", "properties": { "name": "Urban Arterial", "highway": "residential", "slope_pct": 0.6 }, "geometry": { "type": "LineString", "coordinates": [ [ 77.4588684, 23.1966158 ], [ 77.4590645, 23.1957981 ], [ 77.459156, 23.1953654 ], [ 77.4592893, 23.1947016 ] ] } },
{ "type": "Feature", "properties": { "name": "Urban Arterial", "highway": "residential", "slope_pct": 0.6 }, "geometry": { "type": "LineString", "coordinates": [ [ 77.4584097, 23.1974525 ], [ 77.4584833, 23.1971369 ], [ 77.4585473, 23.1968771 ], [ 77.4586171, 23.1965822 ], [ 77.4587865, 23.195756 ], [ 77.4590272, 23.1946559 ] ] } },
{ "type": "Feature", "properties": { "name": "Urban Arterial", "highway": "residential", "slope_pct": 0.6 }, "geometry": { "type": "LineString", "coordinates": [ [ 77.4618771, 23.1974912 ], [ 77.4619225, 23.1977233 ], [ 77.4620575, 23.1980227 ], [ 77.4620702, 23.1981237 ], [ 77.4621225, 23.1981783 ], [ 77.4623088, 23.1983805 ], [ 77.4624242, 23.1984866 ], [ 77.4625276, 23.1985817 ], [ 77.4627291, 23.1987649 ], [ 77.462776, 23.1987957 ], [ 77.4629687, 23.1988307 ], [ 77.4632981, 23.1988787 ], [ 77.4635482, 23.1988813 ], [ 77.4639524, 23.1988992 ], [ 77.4640259, 23.1989095 ] ] } },
{ "type": "Feature", "properties": { "name": "Urban Arterial", "highway": "residential", "slope_pct": 0.6 }, "geometry": { "type": "LineString", "coordinates": [ [ 77.4589945, 23.1976512 ], [ 77.4591107, 23.1972625 ], [ 77.4591792, 23.197034 ], [ 77.4593078, 23.1966764 ], [ 77.45952, 23.1958633 ], [ 77.4596196, 23.1954493 ], [ 77.4597726, 23.1947774 ] ] } },
{ "type": "Feature", "properties": { "name": "Urban Arterial", "highway": "tertiary", "slope_pct": 0.6 }, "geometry": { "type": "LineString", "coordinates": [ [ 77.4583428, 23.2017225 ], [ 77.4583185, 23.2017725 ], [ 77.4583092, 23.2017972 ], [ 77.4583078, 23.2018206 ], [ 77.4583269, 23.2028678 ], [ 77.4583387, 23.2032597 ], [ 77.4583337, 23.2042951 ], [ 77.4583321, 23.2047306 ], [ 77.4582445, 23.2049776 ], [ 77.4576662, 23.2062148 ], [ 77.4575335, 23.2064623 ], [ 77.4565036, 23.2085429 ], [ 77.4562245, 23.2091961 ], [ 77.4560407, 23.2095932 ], [ 77.4553155, 23.2111876 ], [ 77.4553016, 23.2112245 ], [ 77.4552808, 23.2112802 ] ] } },
{ "type": "Feature", "properties": { "name": "Urban Arterial", "highway": "residential", "slope_pct": 0.6 }, "geometry": { "type": "LineString", "coordinates": [ [ 77.4622025, 23.2036899 ], [ 77.4622601, 23.2035341 ], [ 77.4624814, 23.2029356 ], [ 77.4626051, 23.2025362 ], [ 77.4626492, 23.2024252 ] ] } },
{ "type": "Feature", "properties": { "name": "Urban Arterial", "highway": "tertiary", "slope_pct": 0.6 }, "geometry": { "type": "LineString", "coordinates": [ [ 77.4554702, 23.2113191 ], [ 77.4554956, 23.2112563 ], [ 77.4564009, 23.209256 ], [ 77.4566906, 23.2086158 ], [ 77.4577704, 23.2062384 ], [ 77.4583281, 23.2050106 ], [ 77.4583671, 23.2049183 ], [ 77.4583968, 23.2048232 ], [ 77.4584123, 23.204738 ], [ 77.4584217, 23.2046359 ], [ 77.4584095, 23.203256 ], [ 77.458405, 23.2028672 ], [ 77.458391, 23.2018224 ], [ 77.4583873, 23.2018053 ], [ 77.4583802, 23.2017904 ], [ 77.4583428, 23.2017225 ] ] } },
{ "type": "Feature", "properties": { "name": "Urban Arterial", "highway": "tertiary", "slope_pct": 0.6 }, "geometry": { "type": "LineString", "coordinates": [ [ 77.4583392, 23.2016687 ], [ 77.4582979, 23.2010033 ], [ 77.4582986, 23.2002387 ], [ 77.4582955, 23.1999579 ], [ 77.4582866, 23.1988435 ], [ 77.4582496, 23.1984916 ], [ 77.458199, 23.1976423 ], [ 77.4581901, 23.1974192 ], [ 77.4581881, 23.1973687 ], [ 77.4583889, 23.1965486 ], [ 77.4584803, 23.1961032 ], [ 77.4585616, 23.195721 ], [ 77.4588146, 23.1946216 ] ] } },
{ "type": "Feature", "properties": { "name": "Urban Arterial", "highway": "residential", "slope_pct": 0.6 }, "geometry": { "type": "LineString", "coordinates": [ [ 77.4641437, 23.1981151 ], [ 77.4640557, 23.1981125 ], [ 77.4637277, 23.1981276 ], [ 77.4636904, 23.1981278 ], [ 77.4636516, 23.1981263 ], [ 77.4636153, 23.1981208 ], [ 77.4633639, 23.1980656 ], [ 77.4633223, 23.1980611 ], [ 77.4632803, 23.1980565 ], [ 77.462782, 23.198059 ], [ 77.4627583, 23.1980524 ], [ 77.4627424, 23.1980362 ], [ 77.4627079, 23.1978881 ] ] } },
{ "type": "Feature", "properties": { "name": "Urban Arterial", "highway": "residential", "slope_pct": 0.6 }, "geometry": { "type": "LineString", "coordinates": [ [ 77.4590916, 23.1966458 ], [ 77.4592059, 23.1961903 ] ] } },
{ "type": "Feature", "properties": { "name": "Urban Arterial", "highway": "residential", "slope_pct": 0.6 }, "geometry": { "type": "LineString", "coordinates": [ [ 77.4636882, 23.2004426 ], [ 77.4633353, 23.2003699 ], [ 77.4629805, 23.2002787 ], [ 77.4627496, 23.20023 ] ] } },
{ "type": "Feature", "properties": { "name": "Urban Arterial", "highway": "residential", "slope_pct": 0.6 }, "geometry": { "type": "LineString", "coordinates": [ [ 77.4626156, 23.1964765 ], [ 77.4624993, 23.1965132 ], [ 77.4624343, 23.1965245 ], [ 77.462348, 23.196533 ], [ 77.4620985, 23.1965401 ] ] } },
{ "type": "Feature", "properties": { "name": "Urban Arterial", "highway": "residential", "slope_pct": 0.6 }, "geometry": { "type": "LineString", "coordinates": [ [ 77.4630255, 23.1965186 ], [ 77.4632597, 23.1964724 ], [ 77.4632915, 23.1964621 ], [ 77.4633304, 23.196433 ], [ 77.4634141, 23.1963443 ] ] } },
{ "type": "Feature", "properties": { "name": "Urban Arterial", "highway": "residential", "slope_pct": 0.6 }, "geometry": { "type": "LineString", "coordinates": [ [ 77.4582496, 23.1984916 ], [ 77.4586652, 23.1985921 ], [ 77.4588646, 23.1986296 ], [ 77.4591998, 23.1987136 ], [ 77.4596831, 23.1988192 ], [ 77.4599347, 23.1988826 ], [ 77.4601901, 23.1989257 ], [ 77.4603294, 23.1984286 ], [ 77.4603618, 23.1983129 ] ] } },
{ "type": "Feature", "properties": { "name": "Urban Arterial", "highway": "residential", "slope_pct": 0.6 }, "geometry": { "type": "LineString", "coordinates": [ [ 77.4609727, 23.1991219 ], [ 77.461133, 23.1985704 ], [ 77.4612157, 23.1983406 ], [ 77.4612565, 23.1981368 ], [ 77.4612434, 23.1980783 ], [ 77.461168, 23.1980149 ], [ 77.4610049, 23.1979369 ], [ 77.4607766, 23.1978595 ], [ 77.460749, 23.1978693 ], [ 77.4607356, 23.1978997 ], [ 77.4606562, 23.1982169 ] ] } },
{ "type": "Feature", "properties": { "name": "Urban Arterial", "highway": "tertiary", "slope_pct": 0.6 }, "geometry": { "type": "LineString", "coordinates": [ [ 77.4583392, 23.2016687 ], [ 77.4583938, 23.2016713 ], [ 77.4584717, 23.2016708 ], [ 77.4592862, 23.2016655 ], [ 77.4598953, 23.2016665 ], [ 77.4606608, 23.2016889 ], [ 77.4611208, 23.2017172 ], [ 77.46129, 23.2017395 ], [ 77.4614546, 23.2017837 ], [ 77.46222, 23.2020765 ], [ 77.4627045, 23.2022625 ], [ 77.4632673, 23.2024785 ], [ 77.4633525, 23.2025043 ] ] } },
{ "type": "Feature", "properties": { "name": "Urban Arterial", "highway": "residential", "slope_pct": 0.6 }, "geometry": { "type": "LineString", "coordinates": [ [ 77.4627496, 23.20023 ], [ 77.4623906, 23.2008755 ], [ 77.4622793, 23.2011021 ], [ 77.4619878, 23.2016153 ], [ 77.4620146, 23.2016611 ], [ 77.4623574, 23.2018063 ], [ 77.4627382, 23.2019374 ], [ 77.4629831, 23.2020117 ], [ 77.4631318, 23.2012784 ], [ 77.4631807, 23.2010758 ], [ 77.4632303, 23.2008226 ], [ 77.4633353, 23.2003699 ] ] } },
{ "type": "Feature", "properties": { "name": "Urban Arterial", "highway": "residential", "slope_pct": 0.6 }, "geometry": { "type": "LineString", "coordinates": [ [ 77.4585519, 23.2028673 ], [ 77.4592561, 23.2028662 ], [ 77.4598722, 23.20286 ] ] } },
{ "type": "Feature", "properties": { "name": "Urban Arterial", "highway": "residential", "slope_pct": 0.6 }, "geometry": { "type": "LineString", "coordinates": [ [ 77.4617116, 23.2026154 ], [ 77.4613555, 23.2025183 ], [ 77.4610985, 23.2024483 ] ] } },
{ "type": "Feature", "properties": { "name": "Urban Arterial", "highway": "residential", "slope_pct": 0.6 }, "geometry": { "type": "LineString", "coordinates": [ [ 77.4608988, 23.198531 ], [ 77.4607962, 23.1988978 ] ] } },
{ "type": "Feature", "properties": { "name": "Urban Arterial", "highway": "residential", "slope_pct": 0.6 }, "geometry": { "type": "LineString", "coordinates": [ [ 77.4591792, 23.197034 ], [ 77.4585473, 23.1968771 ] ] } },
{ "type": "Feature", "properties": { "name": "Urban Arterial", "highway": "residential", "slope_pct": 0.6 }, "geometry": { "type": "LineString", "coordinates": [ [ 77.46222, 23.2020765 ], [ 77.4623574, 23.2018063 ] ] } },
{ "type": "Feature", "properties": { "name": "Urban Arterial", "highway": "residential", "slope_pct": 0.6 }, "geometry": { "type": "LineString", "coordinates": [ [ 77.4608807, 23.1973395 ], [ 77.4608063, 23.197533 ], [ 77.460794, 23.1975579 ], [ 77.4607759, 23.1975647 ], [ 77.4607517, 23.1975641 ], [ 77.4605693, 23.1975119 ], [ 77.4603162, 23.1974126 ], [ 77.4600179, 23.1972912 ] ] } },
{ "type": "Feature", "properties": { "name": "Urban Arterial", "highway": "residential", "slope_pct": 0.6 }, "geometry": { "type": "LineString", "coordinates": [ [ 77.4602791, 23.2023389 ], [ 77.4598668, 23.202337 ], [ 77.4597212, 23.202335 ], [ 77.4592693, 23.2023288 ] ] } },
{ "type": "Feature", "properties": { "name": "Urban Arterial", "highway": "residential", "slope_pct": 0.6 }, "geometry": { "type": "LineString", "coordinates": [ [ 77.463119, 23.1996011 ], [ 77.4630361, 23.1999178 ] ] } },
{ "type": "Feature", "properties": { "name": "Urban Arterial", "highway": "residential", "slope_pct": 0.6 }, "geometry": { "type": "LineString", "coordinates": [ [ 77.4582986, 23.2002387 ], [ 77.458432, 23.2002347 ], [ 77.4587238, 23.200226 ] ] } },
{ "type": "Feature", "properties": { "name": "Urban Arterial", "highway": "residential", "slope_pct": 0.6 }, "geometry": { "type": "LineString", "coordinates": [ [ 77.4606345, 23.2008365 ], [ 77.4606412, 23.2010836 ], [ 77.4606608, 23.2016889 ] ] } },
{ "type": "Feature", "properties": { "name": "Urban Arterial", "highway": "residential", "slope_pct": 0.6 }, "geometry": { "type": "LineString", "coordinates": [ [ 77.4613768, 23.1998945 ], [ 77.4619772, 23.2000425 ], [ 77.4623838, 23.2001174 ] ] } },
{ "type": "Feature", "properties": { "name": "Urban Arterial", "highway": "residential", "slope_pct": 0.6 }, "geometry": { "type": "LineString", "coordinates": [ [ 77.4593068, 23.1982231 ], [ 77.4588858, 23.1981334 ] ] } },
{ "type": "Feature", "properties": { "name": "Urban Arterial", "highway": "residential", "slope_pct": 0.6 }, "geometry": { "type": "LineString", "coordinates": [ [ 77.4593582, 23.2013633 ], [ 77.4593635, 23.2010457 ] ] } },
{ "type": "Feature", "properties": { "name": "Urban Arterial", "highway": "residential", "slope_pct": 0.6 }, "geometry": { "type": "LineString", "coordinates": [ [ 77.4587314, 23.2005576 ], [ 77.4589898, 23.200551 ], [ 77.4592433, 23.2005507 ] ] } },
{ "type": "Feature", "properties": { "name": "Urban Arterial", "highway": "residential", "slope_pct": 0.6 }, "geometry": { "type": "LineString", "coordinates": [ [ 77.4620746, 23.2007052 ], [ 77.4623906, 23.2008755 ] ] } },
{ "type": "Feature", "properties": { "name": "Urban Arterial", "highway": "residential", "slope_pct": 0.6 }, "geometry": { "type": "LineString", "coordinates": [ [ 77.4586652, 23.1985921 ], [ 77.458681, 23.1978383 ] ] } },
{ "type": "Feature", "properties": { "name": "Urban Arterial", "highway": "residential", "slope_pct": 0.6 }, "geometry": { "type": "LineString", "coordinates": [ [ 77.4612893, 23.1989848 ], [ 77.4620953, 23.1991646 ] ] } },
{ "type": "Feature", "properties": { "name": "Urban Arterial", "highway": "residential", "slope_pct": 0.6 }, "geometry": { "type": "LineString", "coordinates": [ [ 77.4595939, 23.1999844 ], [ 77.4596081, 23.1994846 ] ] } },
{ "type": "Feature", "properties": { "name": "Urban Arterial", "highway": "residential", "slope_pct": 0.6 }, "geometry": { "type": "LineString", "coordinates": [ [ 77.4609655, 23.1965958 ], [ 77.46118, 23.1966742 ], [ 77.4615037, 23.1967763 ] ] } },
{ "type": "Feature", "properties": { "name": "Urban Arterial", "highway": "residential", "slope_pct": 0.6 }, "geometry": { "type": "LineString", "coordinates": [ [ 77.4603835, 23.2004251 ], [ 77.460973, 23.2002641 ], [ 77.4613099, 23.2001775 ] ] } },
{ "type": "Feature", "properties": { "name": "Urban Arterial", "highway": "residential", "slope_pct": 0.6 }, "geometry": { "type": "LineString", "coordinates": [ [ 77.460337, 23.1993073 ], [ 77.4604281, 23.1989948 ], [ 77.4605834, 23.1984763 ] ] } },
{ "type": "Feature", "properties": { "name": "Urban Arterial", "highway": "residential", "slope_pct": 0.6 }, "geometry": { "type": "LineString", "coordinates": [ [ 77.4627382, 23.2019374 ], [ 77.4629031, 23.2012366 ], [ 77.4629407, 23.2010121 ], [ 77.4629799, 23.2007779 ] ] } },
{ "type": "Feature", "properties": { "name": "Urban Arterial", "highway": "residential", "slope_pct": 0.6 }, "geometry": { "type": "LineString", "coordinates": [ [ 77.4619637, 23.1986565 ], [ 77.4616509, 23.1985803 ], [ 77.4617654, 23.1981477 ] ] } },
{ "type": "Feature", "properties": { "name": "Urban Arterial", "highway": "residential", "slope_pct": 0.6 }, "geometry": { "type": "LineString", "coordinates": [ [ 77.4590028, 23.2013656 ], [ 77.4590049, 23.2010226 ], [ 77.4590069, 23.2007829 ] ] } },
{ "type": "Feature", "properties": { "name": "Urban Arterial", "highway": "residential", "slope_pct": 0.6 }, "geometry": { "type": "LineString", "coordinates": [ [ 77.4625276, 23.1985817 ], [ 77.4622813, 23.1994005 ] ] } },
{ "type": "Feature", "properties": { "name": "Urban Arterial", "highway": "residential", "slope_pct": 0.6 }, "geometry": { "type": "LineString", "coordinates": [ [ 77.4591107, 23.1972625 ], [ 77.4584833, 23.1971369 ] ] } },
{ "type": "Feature", "properties": { "name": "Urban Arterial", "highway": "residential", "slope_pct": 0.6 }, "geometry": { "type": "LineString", "coordinates": [ [ 77.4589874, 23.1995926 ], [ 77.4593322, 23.1996683 ], [ 77.4593168, 23.1999702 ] ] } },
{ "type": "Feature", "properties": { "name": "Urban Arterial", "highway": "residential", "slope_pct": 0.6 }, "geometry": { "type": "LineString", "coordinates": [ [ 77.4613149, 23.2001344 ], [ 77.4616527, 23.200214 ], [ 77.4619089, 23.2002723 ] ] } },
{ "type": "Feature", "properties": { "name": "Urban Arterial", "highway": "residential", "slope_pct": 0.6 }, "geometry": { "type": "LineString", "coordinates": [ [ 77.4604281, 23.1989948 ], [ 77.4609727, 23.1991219 ], [ 77.4612239, 23.1991812 ] ] } },
{ "type": "Feature", "properties": { "name": "Urban Arterial", "highway": "residential", "slope_pct": 0.6 }, "geometry": { "type": "LineString", "coordinates": [ [ 77.4620405, 23.19934 ], [ 77.4622813, 23.1994005 ], [ 77.4625392, 23.1994632 ], [ 77.462797, 23.1995197 ], [ 77.463119, 23.1996011 ], [ 77.4633543, 23.1996549 ], [ 77.4635482, 23.1988813 ] ] } },
{ "type": "Feature", "properties": { "name": "Urban Arterial", "highway": "residential", "slope_pct": 0.6 }, "geometry": { "type": "LineString", "coordinates": [ [ 77.4596831, 23.1988192 ], [ 77.4598871, 23.1981179 ], [ 77.4593695, 23.1979892 ], [ 77.4588969, 23.1978728 ], [ 77.458681, 23.1978383 ], [ 77.4585675, 23.1978115 ], [ 77.4585898, 23.1977017 ], [ 77.4586123, 23.1975767 ], [ 77.4589945, 23.1976512 ], [ 77.459444, 23.19777 ], [ 77.4598415, 23.1978685 ], [ 77.4601976, 23.1979568 ] ] } },
{ "type": "Feature", "properties": { "name": "Urban Arterial", "highway": "residential", "slope_pct": 0.6 }, "geometry": { "type": "LineString", "coordinates": [ [ 77.4622793, 23.2011021 ], [ 77.4625085, 23.2011529 ], [ 77.4629031, 23.2012366 ], [ 77.4631318, 23.2012784 ] ] } },
{ "type": "Feature", "properties": { "name": "Urban Arterial", "highway": "residential", "slope_pct": 0.6 }, "geometry": { "type": "LineString", "coordinates": [ [ 77.4589901, 23.1997082 ], [ 77.4587494, 23.1997041 ], [ 77.4587332, 23.1996956 ], [ 77.4587201, 23.1996796 ], [ 77.4587148, 23.1996584 ], [ 77.4586832, 23.198938 ] ] } },
{ "type": "Feature", "properties": { "name": "Urban Arterial", "highway": "residential", "slope_pct": 0.6 }, "geometry": { "type": "LineString", "coordinates": [ [ 77.4614546, 23.2017837 ], [ 77.4619037, 23.2009969 ], [ 77.4620746, 23.2007052 ], [ 77.4623838, 23.2001174 ], [ 77.4625624, 23.1998215 ] ] } },
{ "type": "Feature", "properties": { "name": "Urban Arterial", "highway": "residential", "slope_pct": 0.6 }, "geometry": { "type": "LineString", "coordinates": [ [ 77.4584214, 23.1999528 ], [ 77.4583883, 23.1988665 ] ] } },
{ "type": "Feature", "properties": { "name": "Urban Arterial", "highway": "residential", "slope_pct": 0.6 }, "geometry": { "type": "LineString", "coordinates": [ [ 77.4601531, 23.1981033 ], [ 77.4604018, 23.1981638 ], [ 77.4606562, 23.1982169 ], [ 77.4612157, 23.1983406 ], [ 77.4614406, 23.1984076 ] ] } },
{ "type": "Feature", "properties": { "name": "Urban Arterial", "highway": "residential", "slope_pct": 0.6 }, "geometry": { "type": "LineString", "coordinates": [ [ 77.4612271, 23.2005983 ], [ 77.4613099, 23.2001775 ], [ 77.4613149, 23.2001344 ], [ 77.4613768, 23.1998945 ], [ 77.4614537, 23.1995647 ] ] } },
{ "type": "Feature", "properties": { "name": "Urban Arterial", "highway": "residential", "slope_pct": 0.6 }, "geometry": { "type": "LineString", "coordinates": [ [ 77.4592224, 23.2002032 ], [ 77.4592386, 23.2004597 ], [ 77.4592433, 23.2005507 ], [ 77.4592567, 23.2007872 ] ] } },
{ "type": "Feature", "properties": { "name": "Urban Arterial", "highway": "residential", "slope_pct": 0.6 }, "geometry": { "type": "LineString", "coordinates": [ [ 77.4588646, 23.1986296 ], [ 77.4588883, 23.1983982 ], [ 77.4588858, 23.1981334 ], [ 77.4588969, 23.1978728 ] ] } },
{ "type": "Feature", "properties": { "name": "Urban Arterial", "highway": "residential", "slope_pct": 0.6 }, "geometry": { "type": "LineString", "coordinates": [ [ 77.4632303, 23.2008226 ], [ 77.4629799, 23.2007779 ], [ 77.4627743, 23.2007184 ], [ 77.4629805, 23.2002787 ] ] } },
{ "type": "Feature", "properties": { "name": "Urban Arterial", "highway": "residential", "slope_pct": 0.6 }, "geometry": { "type": "LineString", "coordinates": [ [ 77.4603294, 23.1984286 ], [ 77.4605834, 23.1984763 ], [ 77.4608988, 23.198531 ], [ 77.461133, 23.1985704 ] ] } },
{ "type": "Feature", "properties": { "name": "Urban Arterial", "highway": "residential", "slope_pct": 0.6 }, "geometry": { "type": "LineString", "coordinates": [ [ 77.4602527, 23.1977079 ], [ 77.4599063, 23.1976305 ], [ 77.4600179, 23.1972912 ], [ 77.4601188, 23.1970292 ] ] } },
{ "type": "Feature", "properties": { "name": "Urban Arterial", "highway": "residential", "slope_pct": 0.6 }, "geometry": { "type": "LineString", "coordinates": [ [ 77.4594511, 23.1966968 ], [ 77.4595153, 23.1967798 ], [ 77.4595668, 23.1968209 ], [ 77.4599624, 23.1969724 ], [ 77.4601188, 23.1970292 ], [ 77.460401, 23.1971598 ], [ 77.4608807, 23.1973395 ], [ 77.4612558, 23.1974634 ], [ 77.4614658, 23.197491 ], [ 77.4617406, 23.1975005 ], [ 77.4618771, 23.1974912 ], [ 77.4619484, 23.1974633 ], [ 77.4620134, 23.1974169 ], [ 77.4621649, 23.1972591 ], [ 77.4622167, 23.1971799 ], [ 77.4622413, 23.1971336 ], [ 77.4622536, 23.1971104 ], [ 77.4622735, 23.1970864 ], [ 77.4623454, 23.1970344 ], [ 77.4624216, 23.1969856 ], [ 77.4626535, 23.1968394 ], [ 77.4626928, 23.1968091 ], [ 77.4627229, 23.1967723 ], [ 77.4627515, 23.1967307 ], [ 77.4627708, 23.1967068 ], [ 77.4627954, 23.1966917 ], [ 77.4630455, 23.1966202 ] ] } },
{ "type": "Feature", "properties": { "name": "Urban Arterial", "highway": "residential", "slope_pct": 0.6 }, "geometry": { "type": "LineString", "coordinates": [ [ 77.4619682, 23.1996789 ], [ 77.4620405, 23.19934 ], [ 77.4620953, 23.1991646 ], [ 77.4623088, 23.1983805 ] ] } },
{ "type": "Feature", "properties": { "name": "Urban Arterial", "highway": "residential", "slope_pct": 0.6 }, "geometry": { "type": "LineString", "coordinates": [ [ 77.4621225, 23.1981783 ], [ 77.4619637, 23.1986565 ], [ 77.4619127, 23.1988749 ], [ 77.4613499, 23.1987467 ] ] } },
{ "type": "Feature", "properties": { "name": "Urban Arterial", "highway": "residential", "slope_pct": 0.6 }, "geometry": { "type": "LineString", "coordinates": [ [ 77.459283, 23.201957 ], [ 77.4602804, 23.201978 ], [ 77.4606905, 23.201995 ], [ 77.461092, 23.2020083 ], [ 77.4614151, 23.202113 ], [ 77.4618527, 23.2022547 ], [ 77.4622497, 23.2023962 ], [ 77.4626051, 23.2025362 ] ] } },
{ "type": "Feature", "properties": { "name": "Urban Arterial", "highway": "residential", "slope_pct": 0.6 }, "geometry": { "type": "LineString", "coordinates": [ [ 77.4603768, 23.200121 ], [ 77.4603835, 23.2004251 ], [ 77.4603853, 23.2005368 ], [ 77.4604005, 23.2005648 ], [ 77.4604218, 23.2005835 ], [ 77.4604564, 23.2005975 ], [ 77.4609024, 23.2005959 ], [ 77.4612271, 23.2005983 ], [ 77.4613803, 23.2006003 ], [ 77.4614192, 23.2005904 ], [ 77.46144, 23.2005781 ], [ 77.4614614, 23.2005565 ], [ 77.4616527, 23.200214 ] ] } },
{ "type": "Feature", "properties": { "name": "Urban Arterial", "highway": "residential", "slope_pct": 0.6 }, "geometry": { "type": "LineString", "coordinates": [ [ 77.4587571, 23.2010125 ], [ 77.4587518, 23.2013595 ], [ 77.4590028, 23.2013656 ], [ 77.4593582, 23.2013633 ], [ 77.459625, 23.2013665 ], [ 77.4598996, 23.2013692 ] ] } },
{ "type": "Feature", "properties": { "name": "Urban Arterial", "highway": "residential", "slope_pct": 0.6 }, "geometry": { "type": "LineString", "coordinates": [ [ 77.4582979, 23.2010033 ], [ 77.4584458, 23.2010063 ], [ 77.4587571, 23.2010125 ], [ 77.4590049, 23.2010226 ], [ 77.4593635, 23.2010457 ], [ 77.4596282, 23.2010619 ], [ 77.4598965, 23.201062 ] ] } },
{ "type": "Feature", "properties": { "name": "Urban Arterial", "highway": "residential", "slope_pct": 0.6 }, "geometry": { "type": "LineString", "coordinates": [ [ 77.4582955, 23.1999579 ], [ 77.4584214, 23.1999528 ], [ 77.4587045, 23.1999554 ], [ 77.4589961, 23.1999566 ], [ 77.4593168, 23.1999702 ], [ 77.4595939, 23.1999844 ], [ 77.4596198, 23.1999859 ], [ 77.4598763, 23.2000011 ] ] } },
{ "type": "Feature", "properties": { "name": "Urban Arterial", "highway": "residential", "slope_pct": 0.6 }, "geometry": { "type": "LineString", "coordinates": [ [ 77.4598968, 23.201091 ], [ 77.4606412, 23.2010836 ] ] } },
{ "type": "Feature", "properties": { "name": "Urban Arterial", "highway": "residential", "slope_pct": 0.6 }, "geometry": { "type": "LineString", "coordinates": [ [ 77.4625392, 23.1994632 ], [ 77.4625995, 23.1992416 ], [ 77.4627291, 23.1987649 ] ] } },
{ "type": "Feature", "properties": { "name": "Urban Arterial", "highway": "residential", "slope_pct": 0.6 }, "geometry": { "type": "LineString", "coordinates": [ [ 77.4587045, 23.1999554 ], [ 77.4587238, 23.200226 ], [ 77.4587314, 23.2005576 ], [ 77.4587474, 23.2007413 ], [ 77.4587626, 23.2007633 ], [ 77.458784, 23.2007759 ], [ 77.4588089, 23.2007825 ], [ 77.4590069, 23.2007829 ], [ 77.4592567, 23.2007872 ], [ 77.4596096, 23.2008056 ] ] } },
{ "type": "Feature", "properties": { "name": "Urban Arterial", "highway": "residential", "slope_pct": 0.6 }, "geometry": { "type": "LineString", "coordinates": [ [ 77.459625, 23.2013665 ], [ 77.4596282, 23.2010619 ], [ 77.4596096, 23.2008056 ], [ 77.459611, 23.2004598 ], [ 77.4592386, 23.2004597 ] ] } },
{ "type": "Feature", "properties": { "name": "Urban Arterial", "highway": "residential", "slope_pct": 0.6 }, "geometry": { "type": "LineString", "coordinates": [ [ 77.4589898, 23.200551 ], [ 77.4589733, 23.2001967 ], [ 77.4592224, 23.2002032 ], [ 77.4596192, 23.2002114 ], [ 77.4597166, 23.2002127 ] ] } },
{ "type": "Feature", "properties": { "name": "Urban Arterial", "highway": "residential", "slope_pct": 0.6 }, "geometry": { "type": "LineString", "coordinates": [ [ 77.4589961, 23.1999566 ], [ 77.4589901, 23.1997082 ], [ 77.4589874, 23.1995926 ], [ 77.4589512, 23.1993784 ], [ 77.4589583, 23.1993555 ], [ 77.458973, 23.1993448 ], [ 77.459005, 23.1993433 ], [ 77.4596081, 23.1994846 ], [ 77.459873, 23.1995274 ] ] } },
{ "type": "Feature", "properties": { "name": "Urban Arterial", "highway": "residential", "slope_pct": 0.6 }, "geometry": { "type": "LineString", "coordinates": [ [ 77.4609171, 23.201359 ], [ 77.4609626, 23.2013909 ], [ 77.4612671, 23.2013872 ], [ 77.4613821, 23.2011683 ], [ 77.461586, 23.2008423 ], [ 77.4619089, 23.2002723 ], [ 77.4619772, 23.2000425 ] ] } },
{ "type": "Feature", "properties": { "name": "Urban Arterial", "highway": "residential", "slope_pct": 0.6 }, "geometry": { "type": "LineString", "coordinates": [ [ 77.4611375, 23.2008378 ], [ 77.4611416, 23.2011422 ], [ 77.4613821, 23.2011683 ] ] } },
{ "type": "Feature", "properties": { "name": "Urban Arterial", "highway": "residential", "slope_pct": 0.6 }, "geometry": { "type": "LineString", "coordinates": [ [ 77.4592917, 23.2017952 ], [ 77.459283, 23.201957 ], [ 77.4592693, 23.2023288 ], [ 77.4592561, 23.2028662 ] ] } },
{ "type": "Feature", "properties": { "name": "Urban Arterial", "highway": "residential", "slope_pct": 0.6 }, "geometry": { "type": "LineString", "coordinates": [ [ 77.4598746, 23.20022 ], [ 77.4601318, 23.2001696 ], [ 77.4603768, 23.200121 ], [ 77.460967, 23.1999764 ], [ 77.4610102, 23.199957 ], [ 77.461044, 23.1999163 ], [ 77.4611441, 23.1994959 ], [ 77.4612239, 23.1991812 ], [ 77.4612893, 23.1989848 ], [ 77.4613499, 23.1987467 ], [ 77.4614406, 23.1984076 ], [ 77.4615126, 23.1981801 ], [ 77.4617654, 23.1981477 ], [ 77.4620702, 23.1981237 ] ] } },
{ "type": "Feature", "properties": { "name": "Urban Arterial", "highway": "residential", "slope_pct": 0.6 }, "geometry": { "type": "LineString", "coordinates": [ [ 77.460401, 23.1971598 ], [ 77.4603162, 23.1974126 ], [ 77.4602527, 23.1977079 ], [ 77.4601976, 23.1979568 ], [ 77.4601531, 23.1981033 ], [ 77.4599347, 23.1988826 ], [ 77.4598717, 23.1990946 ], [ 77.4598654, 23.1992054 ], [ 77.459873, 23.1995274 ], [ 77.4598763, 23.2000011 ], [ 77.4598746, 23.20022 ], [ 77.4598957, 23.2008506 ], [ 77.4598965, 23.201062 ], [ 77.4598968, 23.201091 ], [ 77.4598996, 23.2013692 ], [ 77.4598953, 23.2016665 ] ] } },
{ "type": "Feature", "properties": { "name": "Urban Arterial", "highway": "residential", "slope_pct": 0.6 }, "geometry": { "type": "LineString", "coordinates": [ [ 77.4620575, 23.1980227 ], [ 77.4630134, 23.1977135 ] ] } },
{ "type": "Feature", "properties": { "name": "Urban Arterial", "highway": "residential", "slope_pct": 0.6 }, "geometry": { "type": "LineString", "coordinates": [ [ 77.4623183, 23.2015359 ], [ 77.4625085, 23.2011529 ] ] } },
{ "type": "Feature", "properties": { "name": "Urban Arterial", "highway": "residential", "slope_pct": 0.6 }, "geometry": { "type": "LineString", "coordinates": [ [ 77.4592663, 23.1984762 ], [ 77.4588883, 23.1983982 ] ] } },
{ "type": "Feature", "properties": { "name": "Urban Arterial", "highway": "residential", "slope_pct": 0.6 }, "geometry": { "type": "LineString", "coordinates": [ [ 77.460147, 23.2008446 ], [ 77.4601318, 23.2001696 ] ] } },
{ "type": "Feature", "properties": { "name": "Urban Arterial", "highway": "residential", "slope_pct": 0.6 }, "geometry": { "type": "LineString", "coordinates": [ [ 77.4591998, 23.1987136 ], [ 77.4592663, 23.1984762 ], [ 77.4593068, 23.1982231 ], [ 77.4593695, 23.1979892 ], [ 77.459444, 23.19777 ] ] } },
{ "type": "Feature", "properties": { "name": "Urban Arterial", "highway": "residential", "slope_pct": 0.6 }, "geometry": { "type": "LineString", "coordinates": [ [ 77.458199, 23.1976423 ], [ 77.4585898, 23.1977017 ] ] } },
{ "type": "Feature", "properties": { "name": "Urban Arterial", "highway": "residential", "slope_pct": 0.6 }, "geometry": { "type": "LineString", "coordinates": [ [ 77.4629687, 23.1988307 ], [ 77.4628929, 23.1991164 ], [ 77.4628438, 23.1993015 ], [ 77.4625995, 23.1992416 ] ] } },
{ "type": "Feature", "properties": { "name": "Urban Arterial", "highway": "residential", "slope_pct": 0.6 }, "geometry": { "type": "LineString", "coordinates": [ [ 77.4598957, 23.2008506 ], [ 77.460147, 23.2008446 ], [ 77.4606345, 23.2008365 ], [ 77.4608923, 23.2008274 ], [ 77.4611375, 23.2008378 ], [ 77.461586, 23.2008423 ], [ 77.4619037, 23.2009969 ] ] } },
{ "type": "Feature", "properties": { "name": "Urban Arterial", "highway": "residential", "slope_pct": 0.6 }, "geometry": { "type": "LineString", "coordinates": [ [ 77.460973, 23.2002641 ], [ 77.4609024, 23.2005959 ], [ 77.4608923, 23.2008274 ], [ 77.4609171, 23.201359 ], [ 77.4609156, 23.2014778 ] ] } },
{ "type": "Feature", "properties": { "name": "Urban Arterial", "highway": "residential", "slope_pct": 0.6 }, "geometry": { "type": "LineString", "coordinates": [ [ 77.4604018, 23.1981638 ], [ 77.4605693, 23.1975119 ] ] } },
{ "type": "Feature", "properties": { "name": "Urban Arterial", "highway": "residential", "slope_pct": 0.6 }, "geometry": { "type": "LineString", "coordinates": [ [ 77.4583889, 23.1965486 ], [ 77.4586171, 23.1965822 ], [ 77.4588684, 23.1966158 ], [ 77.4590916, 23.1966458 ], [ 77.4593078, 23.1966764 ], [ 77.4594511, 23.1966968 ], [ 77.4595672, 23.196697 ], [ 77.4598345, 23.196717 ], [ 77.4603188, 23.196769 ], [ 77.4604904, 23.1967705 ], [ 77.4606161, 23.1967792 ], [ 77.4607012, 23.1967924 ], [ 77.4608509, 23.196827 ], [ 77.4614073, 23.1969991 ], [ 77.461978, 23.1970688 ], [ 77.4621033, 23.197105 ], [ 77.4621757, 23.1971365 ], [ 77.4622167, 23.1971799 ], [ 77.4623351, 23.197315 ], [ 77.4623871, 23.1973612 ], [ 77.4625487, 23.1974448 ], [ 77.4626914, 23.1974941 ] ] } },
{ "type": "Feature", "properties": { "name": "Urban Arterial", "highway": "tertiary", "slope_pct": 0.6 }, "geometry": { "type": "LineString", "coordinates": [ [ 77.4583428, 23.2017225 ], [ 77.4583392, 23.2016687 ] ] } },
{ "type": "Feature", "properties": { "name": "Urban Arterial", "highway": "residential", "slope_pct": 0.6 }, "geometry": { "type": "LineString", "coordinates": [ [ 77.4623906, 23.2008755 ], [ 77.4629407, 23.2010121 ] ] } },
{ "type": "Feature", "properties": { "name": "Urban Arterial", "highway": "residential", "slope_pct": 0.6 }, "geometry": { "type": "LineString", "coordinates": [ [ 77.4591008, 23.1990277 ], [ 77.4591998, 23.1987136 ] ] } },
{ "type": "Feature", "properties": { "name": "Urban Arterial", "highway": "residential", "slope_pct": 0.6 }, "geometry": { "type": "LineString", "coordinates": [ [ 77.4628438, 23.1993015 ], [ 77.462797, 23.1995197 ] ] } },
{ "type": "Feature", "properties": { "name": "Urban Arterial", "highway": "residential", "slope_pct": 0.6 }, "geometry": { "type": "LineString", "coordinates": [ [ 77.4632981, 23.1988787 ], [ 77.4632067, 23.1991899 ], [ 77.4631438, 23.1994041 ] ] } },
{ "type": "Feature", "properties": { "name": "Urban Arterial", "highway": "residential", "slope_pct": 0.6 }, "geometry": { "type": "LineString", "coordinates": [ [ 77.4632067, 23.1991899 ], [ 77.4628929, 23.1991164 ] ] } },
{ "type": "Feature", "properties": { "name": "Urban Arterial", "highway": "residential", "slope_pct": 0.6 }, "geometry": { "type": "LineString", "coordinates": [ [ 77.4631066, 23.1983797 ], [ 77.4626905, 23.1984027 ], [ 77.4626418, 23.1984061 ], [ 77.4625843, 23.1984142 ], [ 77.4625368, 23.198428 ], [ 77.4624906, 23.1984452 ], [ 77.4624242, 23.1984866 ] ] } },
{ "type": "Feature", "properties": { "name": "Urban Arterial", "highway": "residential", "slope_pct": 0.6 }, "geometry": { "type": "LineString", "coordinates": [ [ 77.459444, 23.19777 ], [ 77.4594881, 23.197532 ], [ 77.4594973, 23.1974881 ], [ 77.4595096, 23.197476 ], [ 77.4595335, 23.1974725 ], [ 77.4597029, 23.1975201 ], [ 77.4597333, 23.1975201 ], [ 77.4597492, 23.1975148 ], [ 77.4597623, 23.1975042 ], [ 77.4599624, 23.1969724 ] ] } },
{ "type": "Feature", "properties": { "name": "Urban Arterial", "highway": "residential", "slope_pct": 0.6 }, "geometry": { "type": "LineString", "coordinates": [ [ 77.4584214, 23.1999528 ], [ 77.458432, 23.2002347 ], [ 77.4584458, 23.2010063 ], [ 77.4584717, 23.2016708 ] ] } },
{ "type": "Feature", "properties": { "name": "Urban Arterial", "highway": "residential", "slope_pct": 0.6 }, "geometry": { "type": "LineString", "coordinates": [ [ 77.4585966, 23.1974808 ], [ 77.4584097, 23.1974525 ], [ 77.4581901, 23.1974192 ] ] } },
{ "type": "Feature", "properties": { "name": "Urban Arterial", "highway": "residential", "slope_pct": 0.6 }, "geometry": { "type": "LineString", "coordinates": [ [ 77.4626971, 23.1967012 ], [ 77.4623249, 23.1968162 ] ] } },
{ "type": "Feature", "properties": { "name": "Urban Arterial", "highway": "residential", "slope_pct": 0.6 }, "geometry": { "type": "LineString", "coordinates": [ [ 77.4598415, 23.1978685 ], [ 77.4599063, 23.1976305 ] ] } },
{ "type": "Feature", "properties": { "name": "Urban Arterial", "highway": "living_street", "slope_pct": 0.6 }, "geometry": { "type": "LineString", "coordinates": [ [ 77.4596192, 23.2002114 ], [ 77.4596198, 23.1999859 ] ] } },
{ "type": "Feature", "properties": { "name": "Urban Arterial", "highway": "residential", "slope_pct": 0.6 }, "geometry": { "type": "LineString", "coordinates": [ [ 77.4499781, 23.2062944 ], [ 77.4502463, 23.2063481 ], [ 77.4502313, 23.206421 ] ] } },
{ "type": "Feature", "properties": { "name": "Urban Arterial", "highway": "residential", "slope_pct": 0.6 }, "geometry": { "type": "LineString", "coordinates": [ [ 77.4486133, 23.2111307 ], [ 77.4486185, 23.2110588 ], [ 77.4486285, 23.2109983 ], [ 77.4486467, 23.2109326 ], [ 77.4487288, 23.2105581 ], [ 77.4491426, 23.2091485 ], [ 77.4494185, 23.2081445 ], [ 77.4494996, 23.2078493 ], [ 77.4496072, 23.207595 ], [ 77.4496443, 23.2074803 ], [ 77.4497469, 23.2071037 ], [ 77.4498404, 23.2067907 ], [ 77.4498942, 23.2065842 ], [ 77.4499781, 23.2062944 ] ] } },
{ "type": "Feature", "properties": { "name": "Urban Arterial", "highway": "residential", "slope_pct": 0.6 }, "geometry": { "type": "LineString", "coordinates": [ [ 77.4502463, 23.2063481 ], [ 77.4502875, 23.2061807 ], [ 77.4517252, 23.2061706 ], [ 77.4538027, 23.2062064 ], [ 77.4543158, 23.2062152 ], [ 77.4557574, 23.2061847 ], [ 77.4560934, 23.2061858 ], [ 77.4561501, 23.2061862 ], [ 77.4571457, 23.2062083 ], [ 77.4576662, 23.2062148 ], [ 77.4577704, 23.2062384 ] ] } },
{ "type": "Feature", "properties": { "name": "Urban Arterial", "highway": "residential", "slope_pct": 0.6 }, "geometry": { "type": "LineString", "coordinates": [ [ 77.4491426, 23.2091485 ], [ 77.449521, 23.2092518 ], [ 77.450567, 23.2095058 ], [ 77.4509153, 23.2095985 ], [ 77.4513051, 23.2096782 ], [ 77.4522021, 23.2099157 ], [ 77.4526782, 23.2100299 ] ] } },
{ "type": "Feature", "properties": { "name": "Urban Arterial", "highway": "residential", "slope_pct": 0.6 }, "geometry": { "type": "LineString", "coordinates": [ [ 77.4496443, 23.2074803 ], [ 77.4510588, 23.2078233 ], [ 77.4511795, 23.2078663 ], [ 77.4527116, 23.208242 ], [ 77.4531646, 23.208376 ] ] } },
{ "type": "Feature", "properties": { "name": "Urban Arterial", "highway": "residential", "slope_pct": 0.6 }, "geometry": { "type": "LineString", "coordinates": [ [ 77.4494996, 23.2078493 ], [ 77.4499094, 23.2079452 ], [ 77.4509259, 23.208208 ], [ 77.451289, 23.2082976 ], [ 77.4516751, 23.2083852 ], [ 77.452586, 23.2086351 ] ] } },
{ "type": "Feature", "properties": { "name": "Urban Arterial", "highway": "residential", "slope_pct": 0.6 }, "geometry": { "type": "LineString", "coordinates": [ [ 77.4499094, 23.2079452 ], [ 77.4498169, 23.2082953 ], [ 77.4496404, 23.2088812 ], [ 77.449521, 23.2092518 ], [ 77.4494429, 23.2095474 ], [ 77.4492675, 23.2101659 ], [ 77.4491366, 23.2105697 ] ] } },
{ "type": "Feature", "properties": { "name": "Urban Arterial", "highway": "residential", "slope_pct": 0.6 }, "geometry": { "type": "LineString", "coordinates": [ [ 77.4487288, 23.2105581 ], [ 77.4491366, 23.2105697 ], [ 77.4502292, 23.2106024 ], [ 77.450585, 23.2106137 ] ] } },
{ "type": "Feature", "properties": { "name": "Urban Arterial", "highway": "residential", "slope_pct": 0.6 }, "geometry": { "type": "LineString", "coordinates": [ [ 77.4497469, 23.2071037 ], [ 77.4513052, 23.2074978 ], [ 77.4516889, 23.2076049 ], [ 77.4528478, 23.2078853 ], [ 77.453272, 23.2080111 ] ] } },
{ "type": "Feature", "properties": { "name": "Urban Arterial", "highway": "residential", "slope_pct": 0.6 }, "geometry": { "type": "LineString", "coordinates": [ [ 77.4498404, 23.2067907 ], [ 77.4501032, 23.2068379 ], [ 77.4514087, 23.2071736 ] ] } },
{ "type": "Feature", "properties": { "name": "Urban Arterial", "highway": "residential", "slope_pct": 0.6 }, "geometry": { "type": "LineString", "coordinates": [ [ 77.4486467, 23.2109326 ], [ 77.4504773, 23.2109919 ], [ 77.4509145, 23.2110133 ], [ 77.4514547, 23.2109624 ], [ 77.4519697, 23.2108519 ], [ 77.4524464, 23.2108182 ], [ 77.4524496, 23.2108179 ], [ 77.4529554, 23.2108636 ], [ 77.4537778, 23.2109631 ], [ 77.454242, 23.211023 ], [ 77.4548338, 23.211102 ], [ 77.4550394, 23.2111365 ], [ 77.4550966, 23.2111423 ], [ 77.4553155, 23.2111876 ] ] } },
{ "type": "Feature", "properties": { "name": "Urban Arterial", "highway": "residential", "slope_pct": 0.6 }, "geometry": { "type": "LineString", "coordinates": [ [ 77.4498169, 23.2082953 ], [ 77.4508243, 23.2085608 ] ] } },
{ "type": "Feature", "properties": { "name": "Urban Arterial", "highway": "residential", "slope_pct": 0.6 }, "geometry": { "type": "LineString", "coordinates": [ [ 77.4496404, 23.2088812 ], [ 77.4506679, 23.2091487 ] ] } },
{ "type": "Feature", "properties": { "name": "Urban Arterial", "highway": "residential", "slope_pct": 0.6 }, "geometry": { "type": "LineString", "coordinates": [ [ 77.4494429, 23.2095474 ], [ 77.4504506, 23.2098311 ], [ 77.4508116, 23.2099192 ] ] } },
{ "type": "Feature", "properties": { "name": "Urban Arterial", "highway": "residential", "slope_pct": 0.6 }, "geometry": { "type": "LineString", "coordinates": [ [ 77.4445315, 23.2159368 ], [ 77.4445834, 23.2159389 ], [ 77.4448048, 23.2159481 ], [ 77.4454184, 23.2159735 ], [ 77.445772, 23.2159882 ], [ 77.445879, 23.2159926 ], [ 77.4465855, 23.2160219 ], [ 77.4480042, 23.2160807 ], [ 77.4488356, 23.2161151 ], [ 77.4499534, 23.2161614 ], [ 77.4506153, 23.2161889 ], [ 77.4508431, 23.2161983 ] ] } },
{ "type": "Feature", "properties": { "name": "Urban Arterial", "highway": "residential", "slope_pct": 0.6 }, "geometry": { "type": "LineString", "coordinates": [ [ 77.4480276, 23.215537 ], [ 77.4483008, 23.2155491 ], [ 77.4488621, 23.2155744 ], [ 77.4499739, 23.2156245 ], [ 77.4506546, 23.2156551 ] ] } },
{ "type": "Feature", "properties": { "name": "Urban Arterial", "highway": "residential", "slope_pct": 0.6 }, "geometry": { "type": "LineString", "coordinates": [ [ 77.4499929, 23.2151282 ], [ 77.4499897, 23.2152108 ], [ 77.4499858, 23.2153133 ], [ 77.4499739, 23.2156245 ], [ 77.4499534, 23.2161614 ] ] } },
{ "type": "Feature", "properties": { "name": "Urban Arterial", "highway": "secondary", "slope_pct": 0.6 }, "geometry": { "type": "LineString", "coordinates": [ [ 77.462083, 23.2168618 ], [ 77.4618101, 23.2168516 ], [ 77.4615371, 23.2168413 ], [ 77.4612642, 23.2168311 ], [ 77.4609912, 23.2168208 ], [ 77.4607183, 23.2168106 ], [ 77.4604453, 23.2168003 ], [ 77.4601723, 23.2167901 ], [ 77.4598994, 23.2167798 ], [ 77.4598611, 23.2167784 ], [ 77.4593529, 23.2167593 ], [ 77.4588063, 23.2167387 ], [ 77.4584098, 23.2167258 ], [ 77.4583345, 23.2167228 ], [ 77.4580981, 23.2167134 ], [ 77.4578617, 23.216704 ], [ 77.4575876, 23.2166931 ], [ 77.4573135, 23.2166823 ], [ 77.4569011, 23.2166722 ], [ 77.4568328, 23.2166692 ], [ 77.4565436, 23.2166564 ], [ 77.4561862, 23.2166406 ], [ 77.4558287, 23.2166248 ], [ 77.4554712, 23.216609 ], [ 77.4552811, 23.2166109 ], [ 77.4549077, 23.2165958 ], [ 77.4522896, 23.2164364 ], [ 77.4510989, 23.2163933 ], [ 77.4509734, 23.2163888 ], [ 77.449745, 23.2163725 ], [ 77.4485364, 23.2162796 ], [ 77.4476348, 23.2162332 ], [ 77.4457524, 23.2161502 ], [ 77.4449108, 23.2161217 ], [ 77.4443218, 23.2161041 ], [ 77.4435561, 23.2160813 ], [ 77.4428617, 23.2160454 ], [ 77.4422231, 23.2160351 ], [ 77.4420633, 23.2160773 ] ] } },
{ "type": "Feature", "properties": { "name": "Urban Arterial", "highway": "secondary", "slope_pct": 0.6 }, "geometry": { "type": "LineString", "coordinates": [ [ 77.4634579, 23.2135578 ], [ 77.4633446, 23.2135284 ], [ 77.4630448, 23.2134463 ], [ 77.4623879, 23.2132344 ], [ 77.4583418, 23.2119291 ], [ 77.4582473, 23.211905 ], [ 77.4582145, 23.2118946 ], [ 77.4568445, 23.2114986 ], [ 77.4558749, 23.211319 ], [ 77.4556671, 23.2112843 ], [ 77.4554956, 23.2112563 ], [ 77.4553837, 23.2112369 ], [ 77.4553016, 23.2112245 ], [ 77.4551759, 23.2112056 ], [ 77.4543527, 23.2111462 ], [ 77.453742, 23.2110791 ], [ 77.4531611, 23.2110153 ], [ 77.4529546, 23.2109975 ], [ 77.4525512, 23.2109979 ], [ 77.4515018, 23.2110702 ], [ 77.4511153, 23.2110755 ], [ 77.4509996, 23.2110771 ], [ 77.4507458, 23.2110805 ], [ 77.4504577, 23.2110769 ], [ 77.4496543, 23.2110667 ], [ 77.4486185, 23.2110588 ], [ 77.4482961, 23.2110564 ], [ 77.4476521, 23.2110496 ], [ 77.4474463, 23.2110325 ], [ 77.4468229, 23.2109809 ], [ 77.4466786, 23.2109744 ], [ 77.4461742, 23.2109515 ], [ 77.4454558, 23.2109189 ], [ 77.4439078, 23.2108093 ], [ 77.4434697, 23.2107797 ] ] } },
{ "type": "Feature", "properties": { "name": "Urban Arterial", "highway": "residential", "slope_pct": 0.6 }, "geometry": { "type": "LineString", "coordinates": [ [ 77.4515536, 23.2066733 ], [ 77.4501572, 23.2066852 ] ] } },
{ "type": "Feature", "properties": { "name": "Urban Arterial", "highway": "residential", "slope_pct": 0.6 }, "geometry": { "type": "LineString", "coordinates": [ [ 77.4510458, 23.2064258 ], [ 77.4503423, 23.2064216 ], [ 77.4502313, 23.206421 ], [ 77.4501572, 23.2066852 ], [ 77.4501032, 23.2068379 ] ] } },
{ "type": "Feature", "properties": { "name": "Urban Arterial", "highway": "residential", "slope_pct": 0.6 }, "geometry": { "type": "LineString", "coordinates": [ [ 77.4499858, 23.2153133 ], [ 77.4504975, 23.2153347 ], [ 77.4506777, 23.2153422 ] ] } },
{ "type": "Feature", "properties": { "name": "Urban Arterial", "highway": "secondary", "slope_pct": 0.6 }, "geometry": { "type": "LineString", "coordinates": [ [ 77.4461823, 23.2110551 ], [ 77.4464346, 23.2110352 ], [ 77.4466705, 23.2110459 ], [ 77.4468175, 23.2110526 ], [ 77.4476481, 23.2111214 ], [ 77.4482953, 23.2111283 ], [ 77.4486133, 23.2111307 ], [ 77.4490033, 23.2111337 ], [ 77.4496534, 23.2111386 ], [ 77.4507458, 23.2111524 ], [ 77.4510019, 23.2111489 ], [ 77.4511152, 23.2111473 ], [ 77.4515053, 23.211142 ], [ 77.4525529, 23.2110698 ], [ 77.4528678, 23.2110788 ], [ 77.4529566, 23.2110814 ], [ 77.4531552, 23.211087 ], [ 77.454345, 23.2112177 ], [ 77.4551564, 23.211262 ], [ 77.4552808, 23.2112802 ], [ 77.4554702, 23.2113191 ], [ 77.4556535, 23.2113568 ], [ 77.4558602, 23.2113896 ], [ 77.4568254, 23.2115684 ], [ 77.4581318, 23.2119926 ], [ 77.4581693, 23.2120051 ], [ 77.458291, 23.2120431 ], [ 77.462365, 23.2133018 ], [ 77.4626952, 23.2134087 ], [ 77.4630207, 23.2135147 ], [ 77.4632779, 23.2135841 ], [ 77.4633055, 23.2135916 ], [ 77.4633499, 23.2136036 ], [ 77.4634367, 23.213627 ] ] } },
{ "type": "Feature", "properties": { "name": "Urban Arterial", "highway": "residential", "slope_pct": 0.6 }, "geometry": { "type": "LineString", "coordinates": [ [ 77.4504506, 23.2098311 ], [ 77.4503271, 23.2102279 ], [ 77.4502292, 23.2106024 ] ] } },
{ "type": "Feature", "properties": { "name": "Urban Arterial", "highway": "residential", "slope_pct": 0.6 }, "geometry": { "type": "LineString", "coordinates": [ [ 77.4492675, 23.2101659 ], [ 77.4503271, 23.2102279 ] ] } },
{ "type": "Feature", "properties": { "name": "Urban Arterial", "highway": "residential", "slope_pct": 0.6 }, "geometry": { "type": "LineString", "coordinates": [ [ 77.4480491, 23.2150376 ], [ 77.4488858, 23.2150766 ], [ 77.4499929, 23.2151282 ] ] } },
{ "type": "Feature", "properties": { "name": "Urban Arterial", "highway": "residential", "slope_pct": 0.6 }, "geometry": { "type": "LineString", "coordinates": [ [ 77.4499929, 23.2151282 ], [ 77.4499909, 23.214908 ] ] } },
{ "type": "Feature", "properties": { "name": "Urban Arterial", "highway": "residential", "slope_pct": 0.6 }, "geometry": { "type": "LineString", "coordinates": [ [ 77.4488972, 23.2148466 ], [ 77.4499909, 23.214908 ] ] } },
{ "type": "Feature", "properties": { "name": "Urban Arterial", "highway": "residential", "slope_pct": 0.6 }, "geometry": { "type": "LineString", "coordinates": [ [ 77.4496534, 23.2111386 ], [ 77.4494715, 23.2132594 ] ] } },
{ "type": "Feature", "properties": { "name": "Urban Arterial", "highway": "residential", "slope_pct": 0.6 }, "geometry": { "type": "LineString", "coordinates": [ [ 77.4533594, 23.2077138 ], [ 77.453803, 23.2078199 ], [ 77.4546374, 23.2080301 ], [ 77.4550487, 23.2081328 ], [ 77.4551456, 23.2081512 ], [ 77.4555086, 23.2082384 ], [ 77.4561191, 23.2084084 ], [ 77.4565036, 23.2085429 ], [ 77.4566906, 23.2086158 ] ] } },
{ "type": "Feature", "properties": { "name": "Urban Arterial", "highway": "residential", "slope_pct": 0.6 }, "geometry": { "type": "LineString", "coordinates": [ [ 77.453276, 23.2065537 ], [ 77.4531703, 23.2069164 ], [ 77.452981, 23.2075507 ], [ 77.4528478, 23.2078853 ] ] } },
{ "type": "Feature", "properties": { "name": "Urban Arterial", "highway": "residential", "slope_pct": 0.6 }, "geometry": { "type": "LineString", "coordinates": [ [ 77.4510588, 23.2078233 ], [ 77.4509259, 23.208208 ], [ 77.4508243, 23.2085608 ], [ 77.4506679, 23.2091487 ], [ 77.450567, 23.2095058 ] ] } },
{ "type": "Feature", "properties": { "name": "Urban Arterial", "highway": "residential", "slope_pct": 0.6 }, "geometry": { "type": "LineString", "coordinates": [ [ 77.4511795, 23.2078663 ], [ 77.4513052, 23.2074978 ], [ 77.4514087, 23.2071736 ], [ 77.4515536, 23.2066733 ], [ 77.4516091, 23.206528 ], [ 77.4517252, 23.2061706 ] ] } },
{ "type": "Feature", "properties": { "name": "Urban Arterial", "highway": "residential", "slope_pct": 0.6 }, "geometry": { "type": "LineString", "coordinates": [ [ 77.4516091, 23.206528 ], [ 77.4519566, 23.2065397 ], [ 77.453276, 23.2065537 ], [ 77.4536938, 23.2065766 ] ] } },
{ "type": "Feature", "properties": { "name": "Urban Arterial", "highway": "residential", "slope_pct": 0.6 }, "geometry": { "type": "LineString", "coordinates": [ [ 77.4519566, 23.2065397 ], [ 77.4518814, 23.2068685 ], [ 77.451772, 23.2072376 ], [ 77.4516889, 23.2076049 ] ] } },
{ "type": "Feature", "properties": { "name": "Urban Arterial", "highway": "residential", "slope_pct": 0.6 }, "geometry": { "type": "LineString", "coordinates": [ [ 77.4510493, 23.2091927 ], [ 77.4514086, 23.2092963 ], [ 77.4522901, 23.2095166 ] ] } },
{ "type": "Feature", "properties": { "name": "Urban Arterial", "highway": "residential", "slope_pct": 0.6 }, "geometry": { "type": "LineString", "coordinates": [ [ 77.452911, 23.2092384 ], [ 77.4542034, 23.2095436 ] ] } },
{ "type": "Feature", "properties": { "name": "Urban Arterial", "highway": "residential", "slope_pct": 0.6 }, "geometry": { "type": "LineString", "coordinates": [ [ 77.4543158, 23.2062152 ], [ 77.4542216, 23.2065557 ], [ 77.454042, 23.2070658 ], [ 77.4539411, 23.2074061 ], [ 77.453803, 23.2078199 ], [ 77.4537016, 23.2082506 ], [ 77.45351, 23.2089487 ] ] } },
{ "type": "Feature", "properties": { "name": "Urban Arterial", "highway": "residential", "slope_pct": 0.6 }, "geometry": { "type": "LineString", "coordinates": [ [ 77.4539411, 23.2074061 ], [ 77.4549054, 23.2076573 ], [ 77.4552695, 23.2077483 ], [ 77.4556123, 23.2078345 ], [ 77.4562827, 23.2080143 ] ] } },
{ "type": "Feature", "properties": { "name": "Urban Arterial", "highway": "residential", "slope_pct": 0.6 }, "geometry": { "type": "LineString", "coordinates": [ [ 77.4557574, 23.2061847 ], [ 77.4556529, 23.206581 ], [ 77.4552695, 23.2077483 ], [ 77.4551456, 23.2081512 ] ] } },
{ "type": "Feature", "properties": { "name": "Urban Arterial", "highway": "residential", "slope_pct": 0.6 }, "geometry": { "type": "LineString", "coordinates": [ [ 77.4542216, 23.2065557 ], [ 77.4552471, 23.2065888 ], [ 77.4556529, 23.206581 ] ] } },
{ "type": "Feature", "properties": { "name": "Urban Arterial", "highway": "residential", "slope_pct": 0.6 }, "geometry": { "type": "LineString", "coordinates": [ [ 77.4552471, 23.2065888 ], [ 77.4550093, 23.2073291 ], [ 77.4549054, 23.2076573 ] ] } },
{ "type": "Feature", "properties": { "name": "Urban Arterial", "highway": "residential", "slope_pct": 0.6 }, "geometry": { "type": "LineString", "coordinates": [ [ 77.454042, 23.2070658 ], [ 77.4550093, 23.2073291 ] ] } },
{ "type": "Feature", "properties": { "name": "Urban Arterial", "highway": "residential", "slope_pct": 0.6 }, "geometry": { "type": "LineString", "coordinates": [ [ 77.4561501, 23.2061862 ], [ 77.4560326, 23.2065594 ], [ 77.4559242, 23.2069115 ], [ 77.4557294, 23.2074879 ], [ 77.4556123, 23.2078345 ] ] } },
{ "type": "Feature", "properties": { "name": "Urban Arterial", "highway": "residential", "slope_pct": 0.6 }, "geometry": { "type": "LineString", "coordinates": [ [ 77.4559242, 23.2069115 ], [ 77.4567915, 23.2069139 ] ] } },
{ "type": "Feature", "properties": { "name": "Urban Arterial", "highway": "residential", "slope_pct": 0.6 }, "geometry": { "type": "LineString", "coordinates": [ [ 77.4560326, 23.2065594 ], [ 77.4569732, 23.2065763 ] ] } },
{ "type": "Feature", "properties": { "name": "Urban Arterial", "highway": "residential", "slope_pct": 0.6 }, "geometry": { "type": "LineString", "coordinates": [ [ 77.4537016, 23.2082506 ], [ 77.4541132, 23.2083683 ], [ 77.4544999, 23.2084705 ] ] } },
{ "type": "Feature", "properties": { "name": "Urban Arterial", "highway": "residential", "slope_pct": 0.6 }, "geometry": { "type": "LineString", "coordinates": [ [ 77.4541132, 23.2083683 ], [ 77.4539387, 23.2090482 ] ] } },
{ "type": "Feature", "properties": { "name": "Urban Arterial", "highway": "residential", "slope_pct": 0.6 }, "geometry": { "type": "LineString", "coordinates": [ [ 77.4548859, 23.2088553 ], [ 77.4552995, 23.2089451 ], [ 77.4562245, 23.2091961 ] ] } },
{ "type": "Feature", "properties": { "name": "Urban Arterial", "highway": "residential", "slope_pct": 0.6 }, "geometry": { "type": "LineString", "coordinates": [ [ 77.4555086, 23.2082384 ], [ 77.4552995, 23.2089451 ] ] } },
{ "type": "Feature", "properties": { "name": "Urban Arterial", "highway": "residential", "slope_pct": 0.6 }, "geometry": { "type": "LineString", "coordinates": [ [ 77.4514086, 23.2092963 ], [ 77.4516116, 23.2085673 ] ] } },
{ "type": "Feature", "properties": { "name": "Urban Arterial", "highway": "residential", "slope_pct": 0.6 }, "geometry": { "type": "LineString", "coordinates": [ [ 77.4516751, 23.2083852 ], [ 77.4516116, 23.2085673 ] ] } },
{ "type": "Feature", "properties": { "name": "Urban Arterial", "highway": "residential", "slope_pct": 0.6 }, "geometry": { "type": "LineString", "coordinates": [ [ 77.4557294, 23.2074879 ], [ 77.4564409, 23.2077004 ] ] } },
{ "type": "Feature", "properties": { "name": "Urban Arterial", "highway": "residential", "slope_pct": 0.6 }, "geometry": { "type": "LineString", "coordinates": [ [ 77.451772, 23.2072376 ], [ 77.452981, 23.2075507 ] ] } },
{ "type": "Feature", "properties": { "name": "Urban Arterial", "highway": "residential", "slope_pct": 0.6 }, "geometry": { "type": "LineString", "coordinates": [ [ 77.4518814, 23.2068685 ], [ 77.4531703, 23.2069164 ] ] } },
{ "type": "Feature", "properties": { "name": "Urban Arterial", "highway": "residential", "slope_pct": 0.6 }, "geometry": { "type": "LineString", "coordinates": [ [ 77.4618655, 23.2084908 ], [ 77.461749, 23.2082134 ], [ 77.4616852, 23.2078614 ] ] } },
{ "type": "Feature", "properties": { "name": "Urban Arterial", "highway": "residential", "slope_pct": 0.6 }, "geometry": { "type": "LineString", "coordinates": [ [ 77.4617453, 23.2085733 ], [ 77.4616794, 23.2084814 ], [ 77.4615417, 23.2078817 ] ] } },
{ "type": "Feature", "properties": { "name": "Urban Arterial", "highway": "residential", "slope_pct": 0.6 }, "geometry": { "type": "LineString", "coordinates": [ [ 77.4613344, 23.2092272 ], [ 77.4611457, 23.2090917 ], [ 77.4611146, 23.2090552 ], [ 77.4610502, 23.2089718 ], [ 77.4610244, 23.2088676 ], [ 77.4609967, 23.2085189 ], [ 77.4609237, 23.2083246 ], [ 77.4608409, 23.2080055 ] ] } },
{ "type": "Feature", "properties": { "name": "Urban Arterial", "highway": "residential", "slope_pct": 0.6 }, "geometry": { "type": "LineString", "coordinates": [ [ 77.4584095, 23.203256 ], [ 77.4588514, 23.2032598 ], [ 77.4592237, 23.2032558 ], [ 77.4598788, 23.2032482 ], [ 77.4602885, 23.2032462 ], [ 77.4606918, 23.2032511 ], [ 77.461129, 23.2033123 ], [ 77.461444, 23.2033771 ], [ 77.461879, 23.2034624 ], [ 77.4622601, 23.2035341 ] ] } },
{ "type": "Feature", "properties": { "name": "Urban Arterial", "highway": "residential", "slope_pct": 0.6 }, "geometry": { "type": "LineString", "coordinates": [ [ 77.4628418, 23.2030562 ], [ 77.462646, 23.2036897 ] ] } },
{ "type": "Feature", "properties": { "name": "Urban Arterial", "highway": "residential", "slope_pct": 0.6 }, "geometry": { "type": "LineString", "coordinates": [ [ 77.4588514, 23.2032598 ], [ 77.4588514, 23.2036304 ], [ 77.4588504, 23.204105 ] ] } },
{ "type": "Feature", "properties": { "name": "Urban Arterial", "highway": "residential", "slope_pct": 0.6 }, "geometry": { "type": "LineString", "coordinates": [ [ 77.4592237, 23.2032558 ], [ 77.4592301, 23.2036318 ], [ 77.4592335, 23.2039661 ] ] } },
{ "type": "Feature", "properties": { "name": "Urban Arterial", "highway": "residential", "slope_pct": 0.6 }, "geometry": { "type": "LineString", "coordinates": [ [ 77.4625217, 23.2082054 ], [ 77.4624043, 23.2082897 ], [ 77.4624143, 23.2083659 ], [ 77.4624445, 23.208429 ], [ 77.4625625, 23.2086115 ], [ 77.4625679, 23.2086755 ], [ 77.4625013, 23.2088627 ], [ 77.4624179, 23.2090185 ] ] } },
{ "type": "Feature", "properties": { "name": "Urban Arterial", "highway": "residential", "slope_pct": 0.6 }, "geometry": { "type": "LineString", "coordinates": [ [ 77.4625013, 23.2088627 ], [ 77.4626331, 23.2088115 ], [ 77.4628004, 23.2087788 ], [ 77.4627264, 23.2085465 ], [ 77.4625217, 23.2082054 ], [ 77.4623942, 23.2080285 ], [ 77.4623729, 23.207927 ], [ 77.4620093, 23.207578 ] ] } },
{ "type": "Feature", "properties": { "name": "Urban Arterial", "highway": "residential", "slope_pct": 0.6 }, "geometry": { "type": "LineString", "coordinates": [ [ 77.4625892, 23.2076917 ], [ 77.4629601, 23.2077123 ] ] } },
{ "type": "Feature", "properties": { "name": "Urban Arterial", "highway": "residential", "slope_pct": 0.6 }, "geometry": { "type": "LineString", "coordinates": [ [ 77.4616129, 23.2086934 ], [ 77.4614353, 23.2083156 ], [ 77.461332, 23.2079693 ] ] } },
{ "type": "Feature", "properties": { "name": "Urban Arterial", "highway": "residential", "slope_pct": 0.6 }, "geometry": { "type": "LineString", "coordinates": [ [ 77.46222, 23.2081808 ], [ 77.4620375, 23.2080932 ], [ 77.4618256, 23.2079341 ], [ 77.4618014, 23.2078392 ] ] } },
{ "type": "Feature", "properties": { "name": "Urban Arterial", "highway": "residential", "slope_pct": 0.6 }, "geometry": { "type": "LineString", "coordinates": [ [ 77.4623942, 23.2080285 ], [ 77.46222, 23.2081808 ], [ 77.4618655, 23.2084908 ], [ 77.4617453, 23.2085733 ], [ 77.4616129, 23.2086934 ], [ 77.4615022, 23.2087943 ], [ 77.4616007, 23.2091066 ] ] } },
{ "type": "Feature", "properties": { "name": "Urban Arterial", "highway": "residential", "slope_pct": 0.6 }, "geometry": { "type": "LineString", "coordinates": [ [ 77.4597987, 23.2095412 ], [ 77.459952, 23.2094741 ], [ 77.4604257, 23.2092665 ] ] } },
{ "type": "Feature", "properties": { "name": "Urban Arterial", "highway": "residential", "slope_pct": 0.6 }, "geometry": { "type": "LineString", "coordinates": [ [ 77.4631714, 23.2070834 ], [ 77.462882, 23.2073082 ], [ 77.462742, 23.2075254 ], [ 77.4625892, 23.2076917 ], [ 77.4623729, 23.207927 ] ] } },
{ "type": "Feature", "properties": { "name": "Urban Arterial", "highway": "residential", "slope_pct": 0.6 }, "geometry": { "type": "LineString", "coordinates": [ [ 77.4619382, 23.206728 ], [ 77.4619291, 23.2068607 ], [ 77.4619221, 23.2069637 ], [ 77.4619164, 23.2070304 ], [ 77.4618998, 23.2072237 ], [ 77.4618991, 23.2072521 ], [ 77.4619044, 23.2072848 ], [ 77.4619631, 23.2075046 ], [ 77.4619762, 23.2075356 ], [ 77.4619904, 23.2075575 ], [ 77.4620093, 23.207578 ] ] } },
{ "type": "Feature", "properties": { "name": "Urban Arterial", "highway": "residential", "slope_pct": 0.6 }, "geometry": { "type": "LineString", "coordinates": [ [ 77.4617572, 23.2076588 ], [ 77.4618765, 23.2076344 ], [ 77.4618932, 23.2076296 ], [ 77.4619119, 23.2076229 ], [ 77.4620093, 23.207578 ] ] } },
{ "type": "Feature", "properties": { "name": "Urban Arterial", "highway": "residential", "slope_pct": 0.6 }, "geometry": { "type": "LineString", "coordinates": [ [ 77.4619164, 23.2070304 ], [ 77.4622612, 23.2072363 ], [ 77.462742, 23.2075254 ] ] } },
{ "type": "Feature", "properties": { "name": "Urban Arterial", "highway": "residential", "slope_pct": 0.6 }, "geometry": { "type": "LineString", "coordinates": [ [ 77.4619762, 23.2075356 ], [ 77.4621043, 23.2074149 ], [ 77.4621205, 23.2073979 ], [ 77.4622612, 23.2072363 ] ] } },
{ "type": "Feature", "properties": { "name": "Urban Arterial", "highway": "residential", "slope_pct": 0.6 }, "geometry": { "type": "LineString", "coordinates": [ [ 77.4612845, 23.2068886 ], [ 77.4614282, 23.2069604 ], [ 77.4614676, 23.2069707 ], [ 77.4614937, 23.2069725 ], [ 77.4615306, 23.2069719 ], [ 77.4619221, 23.2069637 ] ] } },
{ "type": "Feature", "properties": { "name": "Urban Arterial", "highway": "residential", "slope_pct": 0.6 }, "geometry": { "type": "LineString", "coordinates": [ [ 77.4619291, 23.2068607 ], [ 77.4623643, 23.2070588 ] ] } },
{ "type": "Feature", "properties": { "name": "Urban Arterial", "highway": "residential", "slope_pct": 0.6 }, "geometry": { "type": "LineString", "coordinates": [ [ 77.4629601, 23.2077123 ], [ 77.462991, 23.207716 ], [ 77.4630129, 23.2077222 ], [ 77.4630374, 23.2077308 ], [ 77.4635142, 23.2079146 ] ] } },
{ "type": "Feature", "properties": { "name": "Urban Arterial", "highway": "residential", "slope_pct": 0.6 }, "geometry": { "type": "LineString", "coordinates": [ [ 77.4631113, 23.2080597 ], [ 77.4634233, 23.2080632 ] ] } },
{ "type": "Feature", "properties": { "name": "Urban Arterial", "highway": "residential", "slope_pct": 0.6 }, "geometry": { "type": "LineString", "coordinates": [ [ 77.4634152, 23.2088098 ], [ 77.462983, 23.2088557 ] ] } },
{ "type": "Feature", "properties": { "name": "Urban Arterial", "highway": "unclassified", "slope_pct": 0.6 }, "geometry": { "type": "LineString", "coordinates": [ [ 77.4629006, 23.2036625 ], [ 77.4629779, 23.2036882 ], [ 77.4631432, 23.2037293 ], [ 77.463237, 23.2037096 ] ] } },
{ "type": "Feature", "properties": { "name": "Urban Arterial", "highway": "unclassified", "slope_pct": 0.6 }, "geometry": { "type": "LineString", "coordinates": [ [ 77.463237, 23.2037096 ], [ 77.4631646, 23.2035937 ], [ 77.4630245, 23.2035385 ], [ 77.4629484, 23.2035112 ] ] } },
{ "type": "Feature", "properties": { "name": "Urban Arterial", "highway": "residential", "slope_pct": 0.6 }, "geometry": { "type": "LineString", "coordinates": [ [ 77.4625217, 23.2082054 ], [ 77.4627687, 23.2081134 ] ] } },
{ "type": "Feature", "properties": { "name": "Urban Arterial", "highway": "residential", "slope_pct": 0.6 }, "geometry": { "type": "LineString", "coordinates": [ [ 77.4609237, 23.2083246 ], [ 77.4608051, 23.2083386 ], [ 77.460594, 23.2083732 ], [ 77.460566, 23.2081375 ] ] } },
{ "type": "Feature", "properties": { "name": "Urban Arterial", "highway": "residential", "slope_pct": 0.6 }, "geometry": { "type": "LineString", "coordinates": [ [ 77.4630343, 23.20305 ], [ 77.4630951, 23.2030481 ] ] } },
{ "type": "Feature", "properties": { "name": "Urban Arterial", "highway": "residential", "slope_pct": 0.6 }, "geometry": { "type": "LineString", "coordinates": [ [ 77.4538027, 23.2062064 ], [ 77.4536938, 23.2065766 ], [ 77.4533594, 23.2077138 ], [ 77.453272, 23.2080111 ], [ 77.4531646, 23.208376 ], [ 77.4530258, 23.2088482 ], [ 77.452911, 23.2092384 ], [ 77.4528048, 23.2095995 ], [ 77.4526782, 23.2100299 ], [ 77.452641, 23.2101565 ], [ 77.4525788, 23.2103679 ], [ 77.4524464, 23.2108182 ] ] } },
{ "type": "Feature", "properties": { "name": "Urban Arterial", "highway": "residential", "slope_pct": 0.6 }, "geometry": { "type": "LineString", "coordinates": [ [ 77.451289, 23.2082976 ], [ 77.4510493, 23.2091927 ], [ 77.4509153, 23.2095985 ], [ 77.4508116, 23.2099192 ], [ 77.450585, 23.2106137 ], [ 77.4504773, 23.2109919 ], [ 77.4504577, 23.2110769 ] ] } },
{ "type": "Feature", "properties": { "name": "Urban Arterial", "highway": "residential", "slope_pct": 0.6 }, "geometry": { "type": "LineString", "coordinates": [ [ 77.4530258, 23.2088482 ], [ 77.45351, 23.2089487 ], [ 77.4539387, 23.2090482 ], [ 77.4543456, 23.2091495 ], [ 77.4547396, 23.2092408 ], [ 77.4555906, 23.2094538 ], [ 77.4560407, 23.2095932 ] ] } },
{ "type": "Feature", "properties": { "name": "Urban Arterial", "highway": "residential", "slope_pct": 0.6 }, "geometry": { "type": "LineString", "coordinates": [ [ 77.4571457, 23.2062083 ], [ 77.4569732, 23.2065763 ], [ 77.4567915, 23.2069139 ], [ 77.4564409, 23.2077004 ], [ 77.4562827, 23.2080143 ], [ 77.4561191, 23.2084084 ] ] } },
{ "type": "Feature", "properties": { "name": "Urban Arterial", "highway": "residential", "slope_pct": 0.6 }, "geometry": { "type": "LineString", "coordinates": [ [ 77.4546374, 23.2080301 ], [ 77.4544999, 23.2084705 ], [ 77.4543456, 23.2091495 ], [ 77.4542034, 23.2095436 ], [ 77.454102, 23.2099256 ], [ 77.4539522, 23.2104692 ], [ 77.4537778, 23.2109631 ], [ 77.453742, 23.2110791 ] ] } },
{ "type": "Feature", "properties": { "name": "Urban Arterial", "highway": "residential", "slope_pct": 0.6 }, "geometry": { "type": "LineString", "coordinates": [ [ 77.4550487, 23.2081328 ], [ 77.4548859, 23.2088553 ], [ 77.4547396, 23.2092408 ], [ 77.4546177, 23.2096386 ], [ 77.4543675, 23.2106035 ], [ 77.454242, 23.211023 ] ] } },
{ "type": "Feature", "properties": { "name": "Urban Arterial", "highway": "residential", "slope_pct": 0.6 }, "geometry": { "type": "LineString", "coordinates": [ [ 77.4555906, 23.2094538 ], [ 77.4553994, 23.2098579 ], [ 77.4549968, 23.2106905 ], [ 77.4548338, 23.211102 ] ] } },
{ "type": "Feature", "properties": { "name": "Urban Arterial", "highway": "tertiary", "slope_pct": 0.6 }, "geometry": { "type": "LineString", "coordinates": [ [ 77.4552715, 23.2168045 ], [ 77.4552787, 23.2166878 ], [ 77.4552811, 23.2166109 ], [ 77.4552745, 23.2164364 ], [ 77.4553003, 23.2154502 ], [ 77.4553313, 23.2151004 ] ] } },
{ "type": "Feature", "properties": { "name": "Urban Arterial", "highway": "residential", "slope_pct": 0.6 }, "geometry": { "type": "LineString", "coordinates": [ [ 77.4558224, 23.2151781 ], [ 77.4558588, 23.2151562 ], [ 77.4559115, 23.2151444 ], [ 77.4559442, 23.215144 ], [ 77.4565764, 23.2151594 ], [ 77.4569792, 23.2151688 ], [ 77.4574371, 23.2151884 ], [ 77.4579994, 23.2152207 ], [ 77.4584492, 23.215232 ] ] } },
{ "type": "Feature", "properties": { "name": "Urban Arterial", "highway": "residential", "slope_pct": 0.6 }, "geometry": { "type": "LineString", "coordinates": [ [ 77.4553733, 23.2140172 ], [ 77.4558807, 23.2140722 ], [ 77.4563425, 23.2141 ], [ 77.4566438, 23.2141162 ], [ 77.4570648, 23.2141405 ], [ 77.4574998, 23.2141644 ], [ 77.4578905, 23.2141746 ], [ 77.4582868, 23.2141998 ], [ 77.4583118, 23.2142029 ], [ 77.4590733, 23.2142352 ] ] } },
{ "type": "Feature", "properties": { "name": "Urban Arterial", "highway": "residential", "slope_pct": 0.6 }, "geometry": { "type": "LineString", "coordinates": [ [ 77.4554788, 23.2127867 ], [ 77.4559388, 23.2128112 ], [ 77.4569965, 23.2128501 ], [ 77.457839, 23.2128977 ] ] } },
{ "type": "Feature", "properties": { "name": "Urban Arterial", "highway": "residential", "slope_pct": 0.6 }, "geometry": { "type": "LineString", "coordinates": [ [ 77.4555745, 23.2119411 ], [ 77.4560183, 23.2120674 ], [ 77.4570672, 23.2123678 ] ] } },
{ "type": "Feature", "properties": { "name": "Urban Arterial", "highway": "residential", "slope_pct": 0.6 }, "geometry": { "type": "LineString", "coordinates": [ [ 77.4558822, 23.2136546 ], [ 77.4563281, 23.2136718 ], [ 77.4570672, 23.2137 ] ] } },
{ "type": "Feature", "properties": { "name": "Urban Arterial", "highway": "residential", "slope_pct": 0.6 }, "geometry": { "type": "LineString", "coordinates": [ [ 77.4584098, 23.2167258 ], [ 77.4583871, 23.2165381 ], [ 77.4584082, 23.2161341 ], [ 77.4584141, 23.2157934 ], [ 77.4584365, 23.2154305 ], [ 77.4584492, 23.215232 ], [ 77.4584601, 23.2148801 ], [ 77.4588243, 23.2150382 ], [ 77.4590389, 23.2150827 ], [ 77.4595819, 23.2151112 ] ] } },
{ "type": "Feature", "properties": { "name": "Urban Arterial", "highway": "residential", "slope_pct": 0.6 }, "geometry": { "type": "LineString", "coordinates": [ [ 77.4626355, 23.2145709 ], [ 77.4625712, 23.2156948 ], [ 77.4625794, 23.2162406 ], [ 77.4625441, 23.2167613 ], [ 77.4625123, 23.216887 ], [ 77.4625098, 23.2169784 ], [ 77.4624895, 23.2171625 ] ] } },
{ "type": "Feature", "properties": { "name": "Urban Arterial", "highway": "residential", "slope_pct": 0.6 }, "geometry": { "type": "LineString", "coordinates": [ [ 77.4569792, 23.2151688 ], [ 77.4569575, 23.2155925 ], [ 77.4569298, 23.2160828 ], [ 77.4569105, 23.2164947 ] ] } },
{ "type": "Feature", "properties": { "name": "Urban Arterial", "highway": "residential", "slope_pct": 0.6 }, "geometry": { "type": "LineString", "coordinates": [ [ 77.4569575, 23.2155925 ], [ 77.4574258, 23.2156133 ], [ 77.4579923, 23.2156335 ] ] } },
{ "type": "Feature", "properties": { "name": "Urban Arterial", "highway": "residential", "slope_pct": 0.6 }, "geometry": { "type": "LineString", "coordinates": [ [ 77.4574258, 23.2156133 ], [ 77.4573741, 23.2161033 ], [ 77.457327, 23.2165062 ], [ 77.4573135, 23.2166823 ] ] } },
{ "type": "Feature", "properties": { "name": "Urban Arterial", "highway": "residential", "slope_pct": 0.6 }, "geometry": { "type": "LineString", "coordinates": [ [ 77.4558224, 23.2151781 ], [ 77.4557987, 23.2151998 ], [ 77.4557881, 23.2152266 ], [ 77.4557588, 23.2154598 ], [ 77.4557255, 23.2160374 ], [ 77.4557339, 23.2164481 ] ] } },
{ "type": "Feature", "properties": { "name": "Urban Arterial", "highway": "residential", "slope_pct": 0.6 }, "geometry": { "type": "LineString", "coordinates": [ [ 77.4588597, 23.2158047 ], [ 77.4588411, 23.2161553 ], [ 77.4588136, 23.2165608 ] ] } },
{ "type": "Feature", "properties": { "name": "Urban Arterial", "highway": "residential", "slope_pct": 0.6 }, "geometry": { "type": "LineString", "coordinates": [ [ 77.459932, 23.2155032 ], [ 77.4599052, 23.2159172 ], [ 77.4598931, 23.2162027 ], [ 77.4598751, 23.216629 ], [ 77.4598994, 23.2167798 ], [ 77.4599222, 23.2168712 ], [ 77.4598941, 23.2170035 ] ] } },
{ "type": "Feature", "properties": { "name": "Urban Arterial", "highway": "residential", "slope_pct": 0.6 }, "geometry": { "type": "LineString", "coordinates": [ [ 77.4603173, 23.2159459 ], [ 77.4602662, 23.2166506 ] ] } },
{ "type": "Feature", "properties": { "name": "Urban Arterial", "highway": "residential", "slope_pct": 0.6 }, "geometry": { "type": "LineString", "coordinates": [ [ 77.460747, 23.2159705 ], [ 77.4607323, 23.21627 ], [ 77.4607128, 23.2166692 ] ] } },
{ "type": "Feature", "properties": { "name": "Urban Arterial", "highway": "residential", "slope_pct": 0.6 }, "geometry": { "type": "LineString", "coordinates": [ [ 77.4548676, 23.2164281 ], [ 77.454318, 23.2164011 ], [ 77.4534526, 23.2163587 ], [ 77.4522969, 23.216302 ], [ 77.4512332, 23.2162508 ], [ 77.4512498, 23.2157334 ], [ 77.4512881, 23.2147161 ] ] } },
{ "type": "Feature", "properties": { "name": "Urban Arterial", "highway": "residential", "slope_pct": 0.6 }, "geometry": { "type": "LineString", "coordinates": [ [ 77.4534526, 23.2163587 ], [ 77.4534814, 23.2157904 ], [ 77.4534918, 23.2155851 ], [ 77.4535035, 23.2153545 ] ] } },
{ "type": "Feature", "properties": { "name": "Urban Arterial", "highway": "residential", "slope_pct": 0.6 }, "geometry": { "type": "LineString", "coordinates": [ [ 77.4571636, 23.2119631 ], [ 77.4570672, 23.2123678 ], [ 77.4570481, 23.2124499 ], [ 77.4569965, 23.2128501 ] ] } },
{ "type": "Feature", "properties": { "name": "Urban Arterial", "highway": "tertiary", "slope_pct": 0.6 }, "geometry": { "type": "LineString", "coordinates": [ [ 77.4510911, 23.2164834 ], [ 77.4510989, 23.2163933 ], [ 77.4511079, 23.2146923 ] ] } },
{ "type": "Feature", "properties": { "name": "Urban Arterial", "highway": "residential", "slope_pct": 0.6 }, "geometry": { "type": "LineString", "coordinates": [ [ 77.4631535, 23.2157379 ], [ 77.4634743, 23.2157761 ], [ 77.4637899, 23.2158023 ], [ 77.4639313, 23.2158128 ] ] } },
{ "type": "Feature", "properties": { "name": "Urban Arterial", "highway": "secondary", "slope_pct": 0.6 }, "geometry": { "type": "LineString", "coordinates": [ [ 77.4634367, 23.213627 ], [ 77.4637091, 23.2137005 ] ] } },
{ "type": "Feature", "properties": { "name": "Urban Arterial", "highway": "secondary", "slope_pct": 0.6 }, "geometry": { "type": "LineString", "coordinates": [ [ 77.463732, 23.2136318 ], [ 77.4634579, 23.2135578 ] ] } },
{ "type": "Feature", "properties": { "name": "Urban Arterial", "highway": "tertiary", "slope_pct": 0.6 }, "geometry": { "type": "LineString", "coordinates": [ [ 77.4509955, 23.2147011 ], [ 77.4509931, 23.2149218 ], [ 77.4509793, 23.21621 ], [ 77.4509734, 23.2163888 ], [ 77.4509706, 23.2164798 ] ] } },
{ "type": "Feature", "properties": { "name": "Urban Arterial", "highway": "residential", "slope_pct": 0.6 }, "geometry": { "type": "LineString", "coordinates": [ [ 77.45238, 23.2147605 ], [ 77.4523679, 23.2149855 ], [ 77.4523446, 23.2154168 ], [ 77.4523263, 23.2157609 ], [ 77.4522969, 23.216302 ], [ 77.4522933, 23.2163692 ] ] } },
{ "type": "Feature", "properties": { "name": "Urban Arterial", "highway": "residential", "slope_pct": 0.6 }, "geometry": { "type": "LineString", "coordinates": [ [ 77.4596503, 23.2145704 ], [ 77.4596392, 23.2146299 ], [ 77.4596113, 23.2147606 ], [ 77.4595819, 23.2151112 ], [ 77.4595347, 23.2154783 ], [ 77.4595144, 23.2158382 ], [ 77.4594876, 23.2161805 ] ] } },
{ "type": "Feature", "properties": { "name": "Urban Arterial", "highway": "tertiary", "slope_pct": 0.6 }, "geometry": { "type": "LineString", "coordinates": [ [ 77.4621468, 23.2141487 ], [ 77.4621469, 23.2141612 ], [ 77.4621476, 23.2142572 ], [ 77.4621573, 23.214544 ], [ 77.4621444, 23.2152475 ], [ 77.4621408, 23.2156616 ], [ 77.46212, 23.2160114 ], [ 77.4621111, 23.2163031 ], [ 77.4620842, 23.2167416 ], [ 77.462083, 23.2168618 ] ] } },
{ "type": "Feature", "properties": { "name": "Urban Arterial", "highway": "residential", "slope_pct": 0.6 }, "geometry": { "type": "LineString", "coordinates": [ [ 77.4634404, 23.2094302 ], [ 77.4634361, 23.2092514 ], [ 77.4634197, 23.2090053 ], [ 77.4634152, 23.2088098 ], [ 77.4634959, 23.2087067 ], [ 77.4635863, 23.2086536 ], [ 77.4636407, 23.2086259 ], [ 77.4636846, 23.2085394 ], [ 77.4637183, 23.2084691 ], [ 77.4637638, 23.208263 ], [ 77.4638219, 23.2079994 ], [ 77.4638364, 23.2079334 ], [ 77.4640276, 23.2075924 ] ] } },
{ "type": "Feature", "properties": { "name": "Urban Arterial", "highway": "residential", "slope_pct": 0.6 }, "geometry": { "type": "LineString", "coordinates": [ [ 77.4590268, 23.2102859 ], [ 77.4595387, 23.2107636 ], [ 77.4595546, 23.2107709 ], [ 77.4595722, 23.2107732 ], [ 77.4595856, 23.210771 ], [ 77.4596005, 23.2107638 ], [ 77.4597394, 23.2106573 ], [ 77.4598057, 23.2105938 ], [ 77.4600093, 23.2103986 ], [ 77.4600634, 23.2103287 ], [ 77.4603594, 23.2100206 ], [ 77.4607216, 23.2096089 ], [ 77.4607828, 23.2095394 ], [ 77.4610806, 23.2093421 ], [ 77.4613344, 23.2092272 ], [ 77.4616007, 23.2091066 ], [ 77.4617616, 23.2090836 ], [ 77.4620701, 23.2090364 ], [ 77.4624179, 23.2090185 ], [ 77.4625069, 23.2090447 ], [ 77.4626202, 23.20905 ], [ 77.4626519, 23.2090898 ], [ 77.4626895, 23.2092826 ] ] } },
{ "type": "Feature", "properties": { "name": "Urban Arterial", "highway": "residential", "slope_pct": 0.6 }, "geometry": { "type": "LineString", "coordinates": [ [ 77.4634197, 23.2090053 ], [ 77.4636099, 23.208995 ], [ 77.4638279, 23.2089541 ] ] } },
{ "type": "Feature", "properties": { "name": "Urban Arterial", "highway": "residential", "slope_pct": 0.6 }, "geometry": { "type": "LineString", "coordinates": [ [ 77.4616866, 23.2156287 ], [ 77.4616744, 23.2160028 ], [ 77.4616599, 23.2162969 ] ] } },
{ "type": "Feature", "properties": { "name": "Urban Arterial", "highway": "residential", "slope_pct": 0.6 }, "geometry": { "type": "LineString", "coordinates": [ [ 77.4559725, 23.2124244 ], [ 77.4570481, 23.2124499 ] ] } },
{ "type": "Feature", "properties": { "name": "Urban Arterial", "highway": "residential", "slope_pct": 0.6 }, "geometry": { "type": "LineString", "coordinates": [ [ 77.4617616, 23.2090836 ], [ 77.4619698, 23.2095374 ], [ 77.4619929, 23.2096652 ], [ 77.4620943, 23.2101115 ] ] } },
{ "type": "Feature", "properties": { "name": "Urban Arterial", "highway": "residential", "slope_pct": 0.6 }, "geometry": { "type": "LineString", "coordinates": [ [ 77.4621573, 23.214544 ], [ 77.4626355, 23.2145709 ], [ 77.4630589, 23.2146063 ], [ 77.4636891, 23.2146494 ], [ 77.4639852, 23.2146697 ], [ 77.4640127, 23.2146817 ], [ 77.4640305, 23.2147024 ], [ 77.4640365, 23.2147175 ], [ 77.4640125, 23.2149274 ], [ 77.4640021, 23.2149698 ], [ 77.4639852, 23.2149929 ], [ 77.4639602, 23.2150052 ], [ 77.4639285, 23.2150102 ], [ 77.4636609, 23.2149883 ], [ 77.4634411, 23.2149703 ], [ 77.4630572, 23.214939 ] ] } },
{ "type": "Feature", "properties": { "name": "Urban Arterial", "highway": "residential", "slope_pct": 0.6 }, "geometry": { "type": "LineString", "coordinates": [ [ 77.4634709, 23.2160948 ], [ 77.4636799, 23.2161178 ], [ 77.4636424, 23.2164184 ], [ 77.4634727, 23.2164073 ], [ 77.4631197, 23.2163929 ], [ 77.4631405, 23.2160681 ], [ 77.4634709, 23.2160948 ] ] } },
{ "type": "Feature", "properties": { "name": "Urban Arterial", "highway": "tertiary", "slope_pct": 0.6 }, "geometry": { "type": "LineString", "coordinates": [ [ 77.4597664, 23.2084407 ], [ 77.4593468, 23.209334 ], [ 77.4591142, 23.2098555 ], [ 77.4588318, 23.2104889 ], [ 77.4585315, 23.2112068 ], [ 77.4582145, 23.2118946 ], [ 77.4581693, 23.2120051 ], [ 77.4580663, 23.2122416 ] ] } },
{ "type": "Feature", "properties": { "name": "Urban Arterial", "highway": "residential", "slope_pct": 0.6 }, "geometry": { "type": "LineString", "coordinates": [ [ 77.4634743, 23.2157761 ], [ 77.4634709, 23.2160948 ], [ 77.4634727, 23.2164073 ], [ 77.4634812, 23.2167375 ], [ 77.4634927, 23.2169272 ] ] } },
{ "type": "Feature", "properties": { "name": "Urban Arterial", "highway": "unclassified", "slope_pct": 0.6 }, "geometry": { "type": "LineString", "coordinates": [ [ 77.463237, 23.2037096 ], [ 77.4641274, 23.2041054 ], [ 77.4641637, 23.2041829 ], [ 77.4641608, 23.2042721 ], [ 77.4637078, 23.2052921 ], [ 77.4632307, 23.2068855 ], [ 77.4631714, 23.2070834 ] ] } },
{ "type": "Feature", "properties": { "name": "Urban Arterial", "highway": "residential", "slope_pct": 0.6 }, "geometry": { "type": "LineString", "coordinates": [ [ 77.4527116, 23.208242 ], [ 77.452586, 23.2086351 ], [ 77.4522901, 23.2095166 ], [ 77.4522021, 23.2099157 ] ] } },
{ "type": "Feature", "properties": { "name": "Urban Arterial", "highway": "residential", "slope_pct": 0.6 }, "geometry": { "type": "LineString", "coordinates": [ [ 77.4645306, 23.2097402 ], [ 77.4645854, 23.2095991 ], [ 77.4645614, 23.2094264 ], [ 77.4645351, 23.2093592 ], [ 77.4645011, 23.209305 ], [ 77.4644699, 23.2092963 ], [ 77.4642796, 23.2092505 ], [ 77.4638351, 23.2092487 ], [ 77.4634361, 23.2092514 ] ] } },
{ "type": "Feature", "properties": { "name": "Urban Arterial", "highway": "residential", "slope_pct": 0.6 }, "geometry": { "type": "LineString", "coordinates": [ [ 77.4623614, 23.2097938 ], [ 77.4629733, 23.2095929 ], [ 77.4632404, 23.2095179 ], [ 77.4633933, 23.2094749 ], [ 77.4634404, 23.2094302 ], [ 77.4638227, 23.2094387 ], [ 77.4641554, 23.2095982 ], [ 77.4645306, 23.2097402 ], [ 77.4647866, 23.20981 ] ] } },
{ "type": "Feature", "properties": { "name": "Urban Arterial", "highway": "residential", "slope_pct": 0.6 }, "geometry": { "type": "LineString", "coordinates": [ [ 77.4607216, 23.2096089 ], [ 77.4604935, 23.2090623 ] ] } },
{ "type": "Feature", "properties": { "name": "Urban Arterial", "highway": "unclassified", "slope_pct": 0.6 }, "geometry": { "type": "LineString", "coordinates": [ [ 77.4631714, 23.2070834 ], [ 77.4632268, 23.2072223 ], [ 77.463307, 23.2073392 ], [ 77.4640276, 23.2075924 ], [ 77.4643944, 23.2077352 ], [ 77.4645718, 23.2078676 ], [ 77.4650618, 23.2083062 ], [ 77.4655302, 23.2087075 ] ] } },
{ "type": "Feature", "properties": { "name": "Urban Arterial", "highway": "residential", "slope_pct": 0.6 }, "geometry": { "type": "LineString", "coordinates": [ [ 77.4506153, 23.2161889 ], [ 77.4506546, 23.2156551 ], [ 77.4506777, 23.2153422 ], [ 77.450682, 23.2152839 ] ] } },
{ "type": "Feature", "properties": { "name": "Urban Arterial", "highway": "residential", "slope_pct": 0.6 }, "geometry": { "type": "LineString", "coordinates": [ [ 77.4638219, 23.2079994 ], [ 77.4635246, 23.2078986 ], [ 77.4635142, 23.2079146 ], [ 77.4634233, 23.2080632 ], [ 77.4633849, 23.2086558 ] ] } },
{ "type": "Feature", "properties": { "name": "Urban Arterial", "highway": "residential", "slope_pct": 0.6 }, "geometry": { "type": "LineString", "coordinates": [ [ 77.4548984, 23.215069 ], [ 77.4548676, 23.2164281 ] ] } },
{ "type": "Feature", "properties": { "name": "Urban Arterial", "highway": "residential", "slope_pct": 0.6 }, "geometry": { "type": "LineString", "coordinates": [ [ 77.459952, 23.2094741 ], [ 77.4600282, 23.2096024 ], [ 77.4600532, 23.2096465 ] ] } },
{ "type": "Feature", "properties": { "name": "Urban Arterial", "highway": "residential", "slope_pct": 0.6 }, "geometry": { "type": "LineString", "coordinates": [ [ 77.4600282, 23.2096024 ], [ 77.4603675, 23.2094652 ] ] } },
{ "type": "Feature", "properties": { "name": "Urban Arterial", "highway": "residential", "slope_pct": 0.6 }, "geometry": { "type": "LineString", "coordinates": [ [ 77.4631929, 23.2086644 ], [ 77.4633849, 23.2086558 ], [ 77.4635863, 23.2086536 ] ] } },
{ "type": "Feature", "properties": { "name": "Urban Arterial", "highway": "residential", "slope_pct": 0.6 }, "geometry": { "type": "LineString", "coordinates": [ [ 77.4632404, 23.2095179 ], [ 77.4633712, 23.2098257 ] ] } },
{ "type": "Feature", "properties": { "name": "Urban Arterial", "highway": "tertiary", "slope_pct": 0.6 }, "geometry": { "type": "LineString", "coordinates": [ [ 77.4556361, 23.211485 ], [ 77.4571636, 23.2119631 ], [ 77.4580663, 23.2122416 ], [ 77.4580886, 23.2122485 ], [ 77.4582042, 23.2122834 ], [ 77.4584646, 23.2123721 ], [ 77.4603059, 23.212911 ], [ 77.4606647, 23.2130213 ], [ 77.461353, 23.2132265 ], [ 77.4623077, 23.2135194 ], [ 77.4631591, 23.2137769 ], [ 77.4631835, 23.2137665 ], [ 77.4632074, 23.2137483 ], [ 77.4632386, 23.2137015 ], [ 77.4632779, 23.2135841 ] ] } },
{ "type": "Feature", "properties": { "name": "Urban Arterial", "highway": "residential", "slope_pct": 0.6 }, "geometry": { "type": "LineString", "coordinates": [ [ 77.4543681, 23.2152992 ], [ 77.4543537, 23.2156158 ], [ 77.4543448, 23.2158125 ], [ 77.454318, 23.2164011 ] ] } },
{ "type": "Feature", "properties": { "name": "Urban Arterial", "highway": "residential", "slope_pct": 0.6 }, "geometry": { "type": "LineString", "coordinates": [ [ 77.4550908, 23.2131663 ], [ 77.4554099, 23.2132018 ], [ 77.4559116, 23.2132259 ], [ 77.4570644, 23.2132886 ], [ 77.4576692, 23.2133155 ] ] } },
{ "type": "Feature", "properties": { "name": "Urban Arterial", "highway": "residential", "slope_pct": 0.6 }, "geometry": { "type": "LineString", "coordinates": [ [ 77.4513485, 23.2113086 ], [ 77.4512866, 23.2118026 ], [ 77.4512764, 23.2129787 ], [ 77.4512717, 23.2134139 ], [ 77.4512798, 23.2140949 ], [ 77.4512869, 23.2144627 ] ] } },
{ "type": "Feature", "properties": { "name": "Urban Arterial", "highway": "residential", "slope_pct": 0.6 }, "geometry": { "type": "LineString", "coordinates": [ [ 77.452839, 23.2113653 ], [ 77.4544945, 23.2113719 ], [ 77.455084, 23.2113867 ] ] } },
{ "type": "Feature", "properties": { "name": "Urban Arterial", "highway": "residential", "slope_pct": 0.6 }, "geometry": { "type": "LineString", "coordinates": [ [ 77.4512764, 23.2129787 ], [ 77.4516567, 23.2129975 ], [ 77.4522047, 23.2130246 ], [ 77.4527552, 23.2130518 ], [ 77.453239, 23.2130757 ], [ 77.4533764, 23.2130824 ], [ 77.4538665, 23.2131067 ], [ 77.4544325, 23.2131346 ], [ 77.4550049, 23.2131629 ] ] } },
{ "type": "Feature", "properties": { "name": "Urban Arterial", "highway": "residential", "slope_pct": 0.6 }, "geometry": { "type": "LineString", "coordinates": [ [ 77.4527166, 23.2134943 ], [ 77.4524611, 23.2134782 ], [ 77.4522651, 23.2134658 ], [ 77.4518373, 23.2134389 ], [ 77.4512717, 23.2134139 ] ] } },
{ "type": "Feature", "properties": { "name": "Urban Arterial", "highway": "residential", "slope_pct": 0.6 }, "geometry": { "type": "LineString", "coordinates": [ [ 77.4523093, 23.2113117 ], [ 77.4522647, 23.2118598 ], [ 77.4522047, 23.2130246 ] ] } },
{ "type": "Feature", "properties": { "name": "Urban Arterial", "highway": "residential", "slope_pct": 0.6 }, "geometry": { "type": "LineString", "coordinates": [ [ 77.4544945, 23.2113719 ], [ 77.4544779, 23.2118953 ], [ 77.4544325, 23.2131346 ] ] } },
{ "type": "Feature", "properties": { "name": "Urban Arterial", "highway": "residential", "slope_pct": 0.6 }, "geometry": { "type": "LineString", "coordinates": [ [ 77.4528515, 23.2118285 ], [ 77.4544779, 23.2118953 ] ] } },
{ "type": "Feature", "properties": { "name": "Urban Arterial", "highway": "residential", "slope_pct": 0.6 }, "geometry": { "type": "LineString", "coordinates": [ [ 77.453211, 23.2135252 ], [ 77.4536317, 23.2135364 ], [ 77.4545223, 23.2135599 ], [ 77.4550185, 23.2135732 ] ] } },
{ "type": "Feature", "properties": { "name": "Urban Arterial", "highway": "residential", "slope_pct": 0.6 }, "geometry": { "type": "LineString", "coordinates": [ [ 77.4536317, 23.2135364 ], [ 77.4535923, 23.2139605 ], [ 77.4535621, 23.2142848 ], [ 77.4535216, 23.2146797 ], [ 77.4544673, 23.2147752 ], [ 77.4545866, 23.2147947 ], [ 77.4549131, 23.2148015 ] ] } },
{ "type": "Feature", "properties": { "name": "Urban Arterial", "highway": "residential", "slope_pct": 0.6 }, "geometry": { "type": "LineString", "coordinates": [ [ 77.4545223, 23.2135599 ], [ 77.4544871, 23.2143374 ], [ 77.4544673, 23.2147752 ] ] } },
{ "type": "Feature", "properties": { "name": "Urban Arterial", "highway": "residential", "slope_pct": 0.6 }, "geometry": { "type": "LineString", "coordinates": [ [ 77.4535621, 23.2142848 ], [ 77.4540644, 23.2143099 ], [ 77.4544871, 23.2143374 ] ] } },
{ "type": "Feature", "properties": { "name": "Urban Arterial", "highway": "residential", "slope_pct": 0.6 }, "geometry": { "type": "LineString", "coordinates": [ [ 77.4512498, 23.2157334 ], [ 77.4517284, 23.2157456 ], [ 77.4523263, 23.2157609 ], [ 77.4529026, 23.2157757 ], [ 77.4534814, 23.2157904 ], [ 77.4543448, 23.2158125 ] ] } },
{ "type": "Feature", "properties": { "name": "Urban Arterial", "highway": "residential", "slope_pct": 0.6 }, "geometry": { "type": "LineString", "coordinates": [ [ 77.4522651, 23.2134658 ], [ 77.4521811, 23.2141168 ] ] } },
{ "type": "Feature", "properties": { "name": "Urban Arterial", "highway": "residential", "slope_pct": 0.6 }, "geometry": { "type": "LineString", "coordinates": [ [ 77.4517373, 23.211833 ], [ 77.4516567, 23.2129975 ] ] } },
{ "type": "Feature", "properties": { "name": "Urban Arterial", "highway": "residential", "slope_pct": 0.6 }, "geometry": { "type": "LineString", "coordinates": [ [ 77.4512866, 23.2118026 ], [ 77.4517373, 23.211833 ], [ 77.4522647, 23.2118598 ] ] } },
{ "type": "Feature", "properties": { "name": "Urban Arterial", "highway": "residential", "slope_pct": 0.6 }, "geometry": { "type": "LineString", "coordinates": [ [ 77.4525788, 23.2103679 ], [ 77.4512005, 23.2100154 ] ] } },
{ "type": "Feature", "properties": { "name": "Urban Arterial", "highway": "residential", "slope_pct": 0.6 }, "geometry": { "type": "LineString", "coordinates": [ [ 77.4513051, 23.2096782 ], [ 77.4512005, 23.2100154 ], [ 77.4509145, 23.2110133 ] ] } },
{ "type": "Feature", "properties": { "name": "Urban Arterial", "highway": "residential", "slope_pct": 0.6 }, "geometry": { "type": "LineString", "coordinates": [ [ 77.452641, 23.2101565 ], [ 77.4539522, 23.2104692 ] ] } },
{ "type": "Feature", "properties": { "name": "Urban Arterial", "highway": "residential", "slope_pct": 0.6 }, "geometry": { "type": "LineString", "coordinates": [ [ 77.4543675, 23.2106035 ], [ 77.4547861, 23.210662 ], [ 77.4549968, 23.2106905 ] ] } },
{ "type": "Feature", "properties": { "name": "Urban Arterial", "highway": "residential", "slope_pct": 0.6 }, "geometry": { "type": "LineString", "coordinates": [ [ 77.4546177, 23.2096386 ], [ 77.4550257, 23.2097472 ], [ 77.4553994, 23.2098579 ] ] } },
{ "type": "Feature", "properties": { "name": "Urban Arterial", "highway": "residential", "slope_pct": 0.6 }, "geometry": { "type": "LineString", "coordinates": [ [ 77.4559116, 23.2132259 ], [ 77.4558822, 23.2136546 ], [ 77.4558807, 23.2140722 ] ] } },
{ "type": "Feature", "properties": { "name": "Urban Arterial", "highway": "residential", "slope_pct": 0.6 }, "geometry": { "type": "LineString", "coordinates": [ [ 77.455364, 23.2144775 ], [ 77.4558635, 23.2144944 ], [ 77.4565543, 23.2145092 ], [ 77.4565794, 23.2144935 ], [ 77.4565971, 23.2144596 ] ] } },
{ "type": "Feature", "properties": { "name": "Urban Arterial", "highway": "residential", "slope_pct": 0.6 }, "geometry": { "type": "LineString", "coordinates": [ [ 77.4557255, 23.2160374 ], [ 77.4565124, 23.2160588 ], [ 77.4569298, 23.2160828 ] ] } },
{ "type": "Feature", "properties": { "name": "Urban Arterial", "highway": "residential", "slope_pct": 0.6 }, "geometry": { "type": "LineString", "coordinates": [ [ 77.4558635, 23.2144944 ], [ 77.4558289, 23.2148662 ] ] } },
{ "type": "Feature", "properties": { "name": "Urban Arterial", "highway": "residential", "slope_pct": 0.6 }, "geometry": { "type": "LineString", "coordinates": [ [ 77.4553003, 23.2154502 ], [ 77.4557588, 23.2154598 ], [ 77.4565454, 23.2155025 ] ] } },
{ "type": "Feature", "properties": { "name": "Urban Arterial", "highway": "residential", "slope_pct": 0.6 }, "geometry": { "type": "LineString", "coordinates": [ [ 77.4565764, 23.2151594 ], [ 77.4565454, 23.2155025 ], [ 77.4565124, 23.2160588 ] ] } },
{ "type": "Feature", "properties": { "name": "Urban Arterial", "highway": "residential", "slope_pct": 0.6 }, "geometry": { "type": "LineString", "coordinates": [ [ 77.4524128, 23.2141484 ], [ 77.4524006, 23.2142977 ], [ 77.4523929, 23.2145198 ] ] } },
{ "type": "Feature", "properties": { "name": "Urban Arterial", "highway": "residential", "slope_pct": 0.6 }, "geometry": { "type": "LineString", "coordinates": [ [ 77.4529554, 23.2108636 ], [ 77.4529546, 23.2109975 ], [ 77.4529566, 23.2110814 ] ] } },
{ "type": "Feature", "properties": { "name": "Urban Arterial", "highway": "tertiary", "slope_pct": 0.6 }, "geometry": { "type": "LineString", "coordinates": [ [ 77.4509996, 23.2110771 ], [ 77.4510019, 23.2111489 ], [ 77.4509959, 23.2144755 ] ] } },
{ "type": "Feature", "properties": { "name": "Urban Arterial", "highway": "residential", "slope_pct": 0.6 }, "geometry": { "type": "LineString", "coordinates": [ [ 77.4512869, 23.2144627 ], [ 77.4512881, 23.2147161 ] ] } },
{ "type": "Feature", "properties": { "name": "Urban Arterial", "highway": "tertiary", "slope_pct": 0.6 }, "geometry": { "type": "LineString", "coordinates": [ [ 77.4511079, 23.2146923 ], [ 77.4511083, 23.2144742 ] ] } },
{ "type": "Feature", "properties": { "name": "Urban Arterial", "highway": "tertiary", "slope_pct": 0.6 }, "geometry": { "type": "LineString", "coordinates": [ [ 77.4553313, 23.2151004 ], [ 77.4553439, 23.2149495 ] ] } },
{ "type": "Feature", "properties": { "name": "Urban Arterial", "highway": "residential", "slope_pct": 0.6 }, "geometry": { "type": "LineString", "coordinates": [ [ 77.4523929, 23.2145198 ], [ 77.45238, 23.2147605 ] ] } },
{ "type": "Feature", "properties": { "name": "Urban Arterial", "highway": "tertiary", "slope_pct": 0.6 }, "geometry": { "type": "LineString", "coordinates": [ [ 77.4509959, 23.2144755 ], [ 77.4509955, 23.2147011 ] ] } },
{ "type": "Feature", "properties": { "name": "Urban Arterial", "highway": "tertiary", "slope_pct": 0.6 }, "geometry": { "type": "LineString", "coordinates": [ [ 77.4511083, 23.2144742 ], [ 77.4511152, 23.2111473 ], [ 77.4511153, 23.2110755 ] ] } },
{ "type": "Feature", "properties": { "name": "Urban Arterial", "highway": "residential", "slope_pct": 0.6 }, "geometry": { "type": "LineString", "coordinates": [ [ 77.455084, 23.2113867 ], [ 77.4550369, 23.2122796 ], [ 77.4550049, 23.2131629 ] ] } },
{ "type": "Feature", "properties": { "name": "Urban Arterial", "highway": "tertiary", "slope_pct": 0.6 }, "geometry": { "type": "LineString", "coordinates": [ [ 77.4553439, 23.2149495 ], [ 77.455364, 23.2144775 ], [ 77.4553733, 23.2140172 ], [ 77.4554099, 23.2132018 ], [ 77.4554788, 23.2127867 ], [ 77.4555745, 23.2119411 ], [ 77.4556361, 23.211485 ], [ 77.4556535, 23.2113568 ], [ 77.4556671, 23.2112843 ] ] } },
{ "type": "Feature", "properties": { "name": "Urban Arterial", "highway": "residential", "slope_pct": 0.6 }, "geometry": { "type": "LineString", "coordinates": [ [ 77.4523679, 23.2149855 ], [ 77.4517644, 23.2149613 ] ] } },
{ "type": "Feature", "properties": { "name": "Urban Arterial", "highway": "residential", "slope_pct": 0.6 }, "geometry": { "type": "LineString", "coordinates": [ [ 77.4517284, 23.2157456 ], [ 77.4517459, 23.2153635 ], [ 77.4517644, 23.2149613 ], [ 77.4517778, 23.2146696 ] ] } },
{ "type": "Feature", "properties": { "name": "Urban Arterial", "highway": "residential", "slope_pct": 0.6 }, "geometry": { "type": "LineString", "coordinates": [ [ 77.453239, 23.2130757 ], [ 77.4532235, 23.2133241 ], [ 77.453211, 23.2135252 ], [ 77.4530988, 23.214448 ], [ 77.4530634, 23.2145907 ], [ 77.4530027, 23.2148139 ] ] } },
{ "type": "Feature", "properties": { "name": "Urban Arterial", "highway": "residential", "slope_pct": 0.6 }, "geometry": { "type": "LineString", "coordinates": [ [ 77.452839, 23.2113653 ], [ 77.4528515, 23.2118285 ], [ 77.4527552, 23.2130518 ], [ 77.4527166, 23.2134943 ], [ 77.4524128, 23.2141484 ], [ 77.4521811, 23.2141168 ], [ 77.4517658, 23.2141005 ], [ 77.4512798, 23.2140949 ] ] } },
{ "type": "Feature", "properties": { "name": "Urban Arterial", "highway": "residential", "slope_pct": 0.6 }, "geometry": { "type": "LineString", "coordinates": [ [ 77.4534918, 23.2155851 ], [ 77.4543537, 23.2156158 ] ] } },
{ "type": "Feature", "properties": { "name": "Urban Arterial", "highway": "residential", "slope_pct": 0.6 }, "geometry": { "type": "LineString", "coordinates": [ [ 77.4563425, 23.2141 ], [ 77.4563281, 23.2136718 ] ] } },
{ "type": "Feature", "properties": { "name": "Urban Arterial", "highway": "residential", "slope_pct": 0.6 }, "geometry": { "type": "LineString", "coordinates": [ [ 77.4547861, 23.210662 ], [ 77.4550257, 23.2097472 ] ] } },
{ "type": "Feature", "properties": { "name": "Urban Arterial", "highway": "residential", "slope_pct": 0.6 }, "geometry": { "type": "LineString", "coordinates": [ [ 77.4565971, 23.2144596 ], [ 77.4566438, 23.2141162 ] ] } },
{ "type": "Feature", "properties": { "name": "Urban Arterial", "highway": "residential", "slope_pct": 0.6 }, "geometry": { "type": "LineString", "coordinates": [ [ 77.4517658, 23.2141005 ], [ 77.4518373, 23.2134389 ] ] } },
{ "type": "Feature", "properties": { "name": "Urban Arterial", "highway": "residential", "slope_pct": 0.6 }, "geometry": { "type": "LineString", "coordinates": [ [ 77.4517459, 23.2153635 ], [ 77.4523446, 23.2154168 ] ] } },
{ "type": "Feature", "properties": { "name": "Urban Arterial", "highway": "residential", "slope_pct": 0.6 }, "geometry": { "type": "LineString", "coordinates": [ [ 77.4535923, 23.2139605 ], [ 77.4540922, 23.2139777 ], [ 77.4540644, 23.2143099 ] ] } },
{ "type": "Feature", "properties": { "name": "Urban Arterial", "highway": "residential", "slope_pct": 0.6 }, "geometry": { "type": "LineString", "coordinates": [ [ 77.4560183, 23.2120674 ], [ 77.4559725, 23.2124244 ], [ 77.4559388, 23.2128112 ] ] } },
{ "type": "Feature", "properties": { "name": "Urban Arterial", "highway": "residential", "slope_pct": 0.6 }, "geometry": { "type": "LineString", "coordinates": [ [ 77.4528048, 23.2095995 ], [ 77.454102, 23.2099256 ] ] } },
{ "type": "Feature", "properties": { "name": "Urban Arterial", "highway": "residential", "slope_pct": 0.6 }, "geometry": { "type": "LineString", "coordinates": [ [ 77.4533764, 23.2130824 ], [ 77.4533821, 23.212382 ], [ 77.4539063, 23.2124017 ], [ 77.4538665, 23.2131067 ] ] } },
{ "type": "Feature", "properties": { "name": "Urban Arterial", "highway": "residential", "slope_pct": 0.6 }, "geometry": { "type": "LineString", "coordinates": [ [ 77.4530027, 23.2148139 ], [ 77.4529745, 23.2149095 ] ] } },
{ "type": "Feature", "properties": { "name": "Urban Arterial", "highway": "residential", "slope_pct": 0.6 }, "geometry": { "type": "LineString", "coordinates": [ [ 77.4549051, 23.2149175 ], [ 77.4548984, 23.215069 ] ] } },
{ "type": "Feature", "properties": { "name": "Urban Arterial", "highway": "residential", "slope_pct": 0.6 }, "geometry": { "type": "LineString", "coordinates": [ [ 77.4529745, 23.2149095 ], [ 77.4528943, 23.2152263 ], [ 77.4528986, 23.2154375 ], [ 77.4529026, 23.2157757 ] ] } },
{ "type": "Feature", "properties": { "name": "Urban Arterial", "highway": "residential", "slope_pct": 0.6 }, "geometry": { "type": "LineString", "coordinates": [ [ 77.4506842, 23.2150995 ], [ 77.450682, 23.2152839 ] ] } },
{ "type": "Feature", "properties": { "name": "Urban Arterial", "highway": "residential", "slope_pct": 0.6 }, "geometry": { "type": "LineString", "coordinates": [ [ 77.4513485, 23.2113086 ], [ 77.4514086, 23.2112771 ], [ 77.4517781, 23.2112888 ], [ 77.4523093, 23.2113117 ], [ 77.452839, 23.2113653 ] ] } },
{ "type": "Feature", "properties": { "name": "Urban Arterial", "highway": "residential", "slope_pct": 0.6 }, "geometry": { "type": "LineString", "coordinates": [ [ 77.4528505, 23.2112505 ], [ 77.452839, 23.2113653 ] ] } },
{ "type": "Feature", "properties": { "name": "Urban Arterial", "highway": "residential", "slope_pct": 0.6 }, "geometry": { "type": "LineString", "coordinates": [ [ 77.4550049, 23.2131629 ], [ 77.4550185, 23.2135732 ], [ 77.4549131, 23.2148015 ], [ 77.4549051, 23.2149175 ] ] } },
{ "type": "Feature", "properties": { "name": "Urban Arterial", "highway": "residential", "slope_pct": 0.6 }, "geometry": { "type": "LineString", "coordinates": [ [ 77.4550049, 23.2131629 ], [ 77.4550908, 23.2131663 ] ] } },
{ "type": "Feature", "properties": { "name": "Urban Arterial", "highway": "residential", "slope_pct": 0.6 }, "geometry": { "type": "LineString", "coordinates": [ [ 77.4584365, 23.2154305 ], [ 77.4595347, 23.2154783 ], [ 77.459932, 23.2155032 ], [ 77.4606915, 23.2155472 ], [ 77.4609454, 23.2155736 ], [ 77.4616866, 23.2156287 ], [ 77.4621408, 23.2156616 ], [ 77.4625712, 23.2156948 ], [ 77.4629804, 23.2157244 ], [ 77.463004, 23.2157271 ] ] } },
{ "type": "Feature", "properties": { "name": "Urban Arterial", "highway": "residential", "slope_pct": 0.6 }, "geometry": { "type": "LineString", "coordinates": [ [ 77.4603059, 23.212911 ], [ 77.4601199, 23.2133104 ], [ 77.4600152, 23.2135597 ], [ 77.4599034, 23.213892 ], [ 77.4597718, 23.2142493 ], [ 77.4597011, 23.2144357 ] ] } },
{ "type": "Feature", "properties": { "name": "Urban Arterial", "highway": "tertiary", "slope_pct": 0.6 }, "geometry": { "type": "LineString", "coordinates": [ [ 77.4621655, 23.2139496 ], [ 77.4621468, 23.2141487 ] ] } },
{ "type": "Feature", "properties": { "name": "Urban Arterial", "highway": "residential", "slope_pct": 0.6 }, "geometry": { "type": "LineString", "coordinates": [ [ 77.4580886, 23.2122485 ], [ 77.457839, 23.2128977 ], [ 77.4576692, 23.2133155 ], [ 77.4575455, 23.2136199 ], [ 77.457522, 23.2137927 ], [ 77.4575111, 23.2138723 ], [ 77.4574998, 23.2141644 ], [ 77.4574494, 23.2148031 ] ] } },
{ "type": "Feature", "properties": { "name": "Urban Arterial", "highway": "residential", "slope_pct": 0.6 }, "geometry": { "type": "LineString", "coordinates": [ [ 77.4578905, 23.2141746 ], [ 77.4578569, 23.2148299 ] ] } },
{ "type": "Feature", "properties": { "name": "Urban Arterial", "highway": "residential", "slope_pct": 0.6 }, "geometry": { "type": "LineString", "coordinates": [ [ 77.4570644, 23.2132886 ], [ 77.4570672, 23.2137 ], [ 77.4570648, 23.2141405 ] ] } },
{ "type": "Feature", "properties": { "name": "Urban Arterial", "highway": "residential", "slope_pct": 0.6 }, "geometry": { "type": "LineString", "coordinates": [ [ 77.457522, 23.2137927 ], [ 77.4578885, 23.2138136 ], [ 77.4583319, 23.2138455 ], [ 77.4589188, 23.2138723 ] ] } },
{ "type": "Feature", "properties": { "name": "Urban Arterial", "highway": "residential", "slope_pct": 0.6 }, "geometry": { "type": "LineString", "coordinates": [ [ 77.4584646, 23.2123721 ], [ 77.4583082, 23.2127552 ], [ 77.4581823, 23.2131308 ], [ 77.4580751, 23.2134127 ], [ 77.4578885, 23.2138136 ] ] } },
{ "type": "Feature", "properties": { "name": "Urban Arterial", "highway": "residential", "slope_pct": 0.6 }, "geometry": { "type": "LineString", "coordinates": [ [ 77.4583082, 23.2127552 ], [ 77.4589394, 23.2129478 ], [ 77.4592973, 23.2130574 ], [ 77.4597608, 23.2131994 ], [ 77.4601199, 23.2133104 ] ] } },
{ "type": "Feature", "properties": { "name": "Urban Arterial", "highway": "residential", "slope_pct": 0.6 }, "geometry": { "type": "LineString", "coordinates": [ [ 77.4580751, 23.2134127 ], [ 77.4586793, 23.2134652 ] ] } },
{ "type": "Feature", "properties": { "name": "Urban Arterial", "highway": "residential", "slope_pct": 0.6 }, "geometry": { "type": "LineString", "coordinates": [ [ 77.4581823, 23.2131308 ], [ 77.4588226, 23.2133219 ] ] } },
{ "type": "Feature", "properties": { "name": "Urban Arterial", "highway": "residential", "slope_pct": 0.6 }, "geometry": { "type": "LineString", "coordinates": [ [ 77.4604612, 23.213439 ], [ 77.4608367, 23.2135527 ], [ 77.4612175, 23.2136564 ], [ 77.4621715, 23.2139326 ] ] } },
{ "type": "Feature", "properties": { "name": "Urban Arterial", "highway": "residential", "slope_pct": 0.6 }, "geometry": { "type": "LineString", "coordinates": [ [ 77.4597718, 23.2142493 ], [ 77.4604907, 23.2144762 ], [ 77.4612056, 23.2146862 ] ] } },
{ "type": "Feature", "properties": { "name": "Urban Arterial", "highway": "residential", "slope_pct": 0.6 }, "geometry": { "type": "LineString", "coordinates": [ [ 77.4608367, 23.2135527 ], [ 77.4607262, 23.2137916 ], [ 77.4606138, 23.2141391 ], [ 77.4604907, 23.2144762 ], [ 77.4603771, 23.214829 ] ] } },
{ "type": "Feature", "properties": { "name": "Urban Arterial", "highway": "residential", "slope_pct": 0.6 }, "geometry": { "type": "LineString", "coordinates": [ [ 77.4610559, 23.2142431 ], [ 77.4611356, 23.2139819 ], [ 77.4612175, 23.2136564 ], [ 77.461353, 23.2132265 ] ] } },
{ "type": "Feature", "properties": { "name": "Urban Arterial", "highway": "residential", "slope_pct": 0.6 }, "geometry": { "type": "LineString", "coordinates": [ [ 77.4592973, 23.2130574 ], [ 77.4591836, 23.2133867 ], [ 77.4590687, 23.2137125 ], [ 77.459511, 23.2138329 ] ] } },
{ "type": "Feature", "properties": { "name": "Urban Arterial", "highway": "residential", "slope_pct": 0.6 }, "geometry": { "type": "LineString", "coordinates": [ [ 77.4597608, 23.2131994 ], [ 77.4596349, 23.2135187 ], [ 77.459511, 23.2138329 ], [ 77.4594509, 23.2140143 ] ] } },
{ "type": "Feature", "properties": { "name": "Urban Arterial", "highway": "residential", "slope_pct": 0.6 }, "geometry": { "type": "LineString", "coordinates": [ [ 77.4588243, 23.2150382 ], [ 77.4588793, 23.2147116 ], [ 77.4596113, 23.2147606 ] ] } },
{ "type": "Feature", "properties": { "name": "Urban Arterial", "highway": "residential", "slope_pct": 0.6 }, "geometry": { "type": "LineString", "coordinates": [ [ 77.4606915, 23.2155472 ], [ 77.4607516, 23.2151506 ], [ 77.4617533, 23.2152272 ], [ 77.4621444, 23.2152475 ] ] } },
{ "type": "Feature", "properties": { "name": "Urban Arterial", "highway": "residential", "slope_pct": 0.6 }, "geometry": { "type": "LineString", "coordinates": [ [ 77.4617533, 23.2152272 ], [ 77.4617675, 23.2142438 ], [ 77.4619667, 23.2142413 ], [ 77.4621476, 23.2142572 ] ] } },
{ "type": "Feature", "properties": { "name": "Urban Arterial", "highway": "residential", "slope_pct": 0.6 }, "geometry": { "type": "LineString", "coordinates": [ [ 77.4579994, 23.2152207 ], [ 77.4579923, 23.2156335 ], [ 77.4579796, 23.2161246 ] ] } },
{ "type": "Feature", "properties": { "name": "Urban Arterial", "highway": "residential", "slope_pct": 0.6 }, "geometry": { "type": "LineString", "coordinates": [ [ 77.4584141, 23.2157934 ], [ 77.4588597, 23.2158047 ], [ 77.4595144, 23.2158382 ] ] } },
{ "type": "Feature", "properties": { "name": "Urban Arterial", "highway": "residential", "slope_pct": 0.6 }, "geometry": { "type": "LineString", "coordinates": [ [ 77.4599052, 23.2159172 ], [ 77.4603173, 23.2159459 ], [ 77.460747, 23.2159705 ], [ 77.4609026, 23.2159884 ] ] } },
{ "type": "Feature", "properties": { "name": "Urban Arterial", "highway": "residential", "slope_pct": 0.6 }, "geometry": { "type": "LineString", "coordinates": [ [ 77.463004, 23.2157271 ], [ 77.4631535, 23.2157379 ] ] } },
{ "type": "Feature", "properties": { "name": "Urban Arterial", "highway": "residential", "slope_pct": 0.6 }, "geometry": { "type": "LineString", "coordinates": [ [ 77.4574494, 23.2148031 ], [ 77.4574421, 23.2149531 ] ] } },
{ "type": "Feature", "properties": { "name": "Urban Arterial", "highway": "residential", "slope_pct": 0.6 }, "geometry": { "type": "LineString", "coordinates": [ [ 77.4597011, 23.2144357 ], [ 77.4596503, 23.2145704 ] ] } },
{ "type": "Feature", "properties": { "name": "Urban Arterial", "highway": "residential", "slope_pct": 0.6 }, "geometry": { "type": "LineString", "coordinates": [ [ 77.4574421, 23.2149531 ], [ 77.4574371, 23.2151884 ] ] } },
{ "type": "Feature", "properties": { "name": "Urban Arterial", "highway": "residential", "slope_pct": 0.6 }, "geometry": { "type": "LineString", "coordinates": [ [ 77.4582868, 23.2141998 ], [ 77.4582453, 23.2146611 ] ] } },
{ "type": "Feature", "properties": { "name": "Urban Arterial", "highway": "residential", "slope_pct": 0.6 }, "geometry": { "type": "LineString", "coordinates": [ [ 77.4591836, 23.2133867 ], [ 77.4596349, 23.2135187 ] ] } },
{ "type": "Feature", "properties": { "name": "Urban Arterial", "highway": "residential", "slope_pct": 0.6 }, "geometry": { "type": "LineString", "coordinates": [ [ 77.4599034, 23.213892 ], [ 77.4606138, 23.2141391 ], [ 77.4610559, 23.2142431 ], [ 77.4613705, 23.2143634 ] ] } },
{ "type": "Feature", "properties": { "name": "Urban Arterial", "highway": "residential", "slope_pct": 0.6 }, "geometry": { "type": "LineString", "coordinates": [ [ 77.4583319, 23.2138455 ], [ 77.4583118, 23.2142029 ] ] } },
{ "type": "Feature", "properties": { "name": "Urban Arterial", "highway": "residential", "slope_pct": 0.6 }, "geometry": { "type": "LineString", "coordinates": [ [ 77.4614719, 23.2108071 ], [ 77.4612971, 23.2103141 ], [ 77.4611344, 23.2099514 ] ] } },
{ "type": "Feature", "properties": { "name": "Urban Arterial", "highway": "residential", "slope_pct": 0.6 }, "geometry": { "type": "LineString", "coordinates": [ [ 77.4609026, 23.2159884 ], [ 77.4609082, 23.2159345 ], [ 77.4609454, 23.2155736 ] ] } },
{ "type": "Feature", "properties": { "name": "Urban Arterial", "highway": "tertiary", "slope_pct": 0.6 }, "geometry": { "type": "LineString", "coordinates": [ [ 77.4621655, 23.2139496 ], [ 77.4621715, 23.2139326 ], [ 77.4621791, 23.2139102 ], [ 77.4622804, 23.2136134 ], [ 77.4623077, 23.2135194 ], [ 77.462365, 23.2133018 ], [ 77.4623879, 23.2132344 ] ] } },
{ "type": "Feature", "properties": { "name": "Urban Arterial", "highway": "residential", "slope_pct": 0.6 }, "geometry": { "type": "LineString", "coordinates": [ [ 77.4617044, 23.2101812 ], [ 77.4615966, 23.2101876 ], [ 77.4613926, 23.2102382 ] ] } },
{ "type": "Feature", "properties": { "name": "Urban Arterial", "highway": "residential", "slope_pct": 0.6 }, "geometry": { "type": "LineString", "coordinates": [ [ 77.4630589, 23.2146063 ], [ 77.4630572, 23.214939 ], [ 77.4630224, 23.2152944 ], [ 77.4629804, 23.2157244 ] ] } },
{ "type": "Feature", "properties": { "name": "Urban Arterial", "highway": "residential", "slope_pct": 0.6 }, "geometry": { "type": "LineString", "coordinates": [ [ 77.4596392, 23.2146299 ], [ 77.4597193, 23.2146567 ], [ 77.4599108, 23.2147328 ], [ 77.4599247, 23.2147425 ], [ 77.4599314, 23.2147541 ], [ 77.4599259, 23.215085 ], [ 77.459932, 23.2150958 ], [ 77.4599437, 23.2151015 ], [ 77.4607198, 23.2151483 ], [ 77.4607516, 23.2151506 ] ] } },
{ "type": "Feature", "properties": { "name": "Urban Arterial", "highway": "residential", "slope_pct": 0.6 }, "geometry": { "type": "LineString", "coordinates": [ [ 77.4607262, 23.2137916 ], [ 77.4603614, 23.2136672 ], [ 77.4604612, 23.213439 ], [ 77.4606647, 23.2130213 ] ] } },
{ "type": "Feature", "properties": { "name": "Urban Arterial", "highway": "residential", "slope_pct": 0.6 }, "geometry": { "type": "LineString", "coordinates": [ [ 77.4617738, 23.2104989 ], [ 77.461696, 23.2103221 ], [ 77.4617044, 23.2101812 ], [ 77.4617166, 23.2100958 ], [ 77.4617136, 23.2098946 ], [ 77.4616793, 23.2096775 ] ] } },
{ "type": "Feature", "properties": { "name": "Urban Arterial", "highway": "residential", "slope_pct": 0.6 }, "geometry": { "type": "LineString", "coordinates": [ [ 77.4627161, 23.2099713 ], [ 77.4623785, 23.2100334 ], [ 77.4620943, 23.2101115 ], [ 77.4619765, 23.2101455 ], [ 77.4617738, 23.2104989 ], [ 77.4617267, 23.2105838 ], [ 77.4614719, 23.2108071 ], [ 77.4611074, 23.2108951 ], [ 77.4609668, 23.21038 ], [ 77.4609502, 23.2103485 ], [ 77.4609187, 23.210342 ], [ 77.4608388, 23.210175 ] ] } },
{ "type": "Feature", "properties": { "name": "Urban Arterial", "highway": "residential", "slope_pct": 0.6 }, "geometry": { "type": "LineString", "coordinates": [ [ 77.4611356, 23.2139819 ], [ 77.4614459, 23.2141057 ], [ 77.461461, 23.2141176 ], [ 77.4614676, 23.2141338 ], [ 77.4614671, 23.2141502 ], [ 77.4613705, 23.2143634 ], [ 77.4612609, 23.2146654 ], [ 77.4612384, 23.2146833 ], [ 77.4612056, 23.2146862 ] ] } },
{ "type": "Feature", "properties": { "name": "Urban Arterial", "highway": "residential", "slope_pct": 0.6 }, "geometry": { "type": "LineString", "coordinates": [ [ 77.4609668, 23.21038 ], [ 77.4612971, 23.2103141 ] ] } },
{ "type": "Feature", "properties": { "name": "Urban Arterial", "highway": "residential", "slope_pct": 0.6 }, "geometry": { "type": "LineString", "coordinates": [ [ 77.4600753, 23.2104735 ], [ 77.46024, 23.2104766 ], [ 77.4605662, 23.2103639 ], [ 77.4606611, 23.2102982 ], [ 77.4608388, 23.210175 ], [ 77.4611344, 23.2099514 ], [ 77.4611954, 23.2097496 ], [ 77.4612342, 23.2096767 ], [ 77.4613595, 23.2096453 ], [ 77.4615415, 23.2096453 ], [ 77.4616793, 23.2096775 ], [ 77.4619929, 23.2096652 ], [ 77.4623389, 23.2096289 ], [ 77.4623614, 23.2097938 ], [ 77.4623785, 23.2100334 ] ] } },
{ "type": "Feature", "properties": { "name": "Urban Arterial", "highway": "residential", "slope_pct": 0.6 }, "geometry": { "type": "LineString", "coordinates": [ [ 77.4629733, 23.2095929 ], [ 77.4630245, 23.2097581 ], [ 77.4630835, 23.2097778 ], [ 77.4631224, 23.2099208 ] ] } },
{ "type": "Feature", "properties": { "name": "Urban Arterial", "highway": "residential", "slope_pct": 0.6 }, "geometry": { "type": "LineString", "coordinates": [ [ 77.4600093, 23.2103986 ], [ 77.4600753, 23.2104735 ], [ 77.4601338, 23.2106634 ] ] } },
{ "type": "Feature", "properties": { "name": "Urban Arterial", "highway": "residential", "slope_pct": 0.6 }, "geometry": { "type": "LineString", "coordinates": [ [ 77.4598057, 23.2105938 ], [ 77.4600359, 23.2109641 ] ] } },
{ "type": "Feature", "properties": { "name": "Urban Arterial", "highway": "residential", "slope_pct": 0.6 }, "geometry": { "type": "LineString", "coordinates": [ [ 77.4597394, 23.2106573 ], [ 77.4593761, 23.2102967 ], [ 77.4592247, 23.2101055 ] ] } },
{ "type": "Feature", "properties": { "name": "Urban Arterial", "highway": "residential", "slope_pct": 0.6 }, "geometry": { "type": "LineString", "coordinates": [ [ 77.4603594, 23.2100206 ], [ 77.4601933, 23.2098699 ], [ 77.4600532, 23.2096465 ], [ 77.4597857, 23.2097733 ], [ 77.4595655, 23.2098544 ], [ 77.4597825, 23.2100709 ], [ 77.4600634, 23.2103287 ] ] } },
{ "type": "Feature", "properties": { "name": "Urban Arterial", "highway": "residential", "slope_pct": 0.6 }, "geometry": { "type": "LineString", "coordinates": [ [ 77.4592247, 23.2101055 ], [ 77.4592187, 23.2100864 ], [ 77.4592196, 23.2100713 ], [ 77.4592553, 23.209975 ], [ 77.4592591, 23.2099681 ], [ 77.4592664, 23.2099624 ], [ 77.4595655, 23.2098544 ] ] } },
{ "type": "Feature", "properties": { "name": "Urban Arterial", "highway": "residential", "slope_pct": 0.6 }, "geometry": { "type": "LineString", "coordinates": [ [ 77.4593761, 23.2102967 ], [ 77.4597825, 23.2100709 ] ] } },
{ "type": "Feature", "properties": { "name": "Urban Arterial", "highway": "residential", "slope_pct": 0.6 }, "geometry": { "type": "LineString", "coordinates": [ [ 77.4586793, 23.2134652 ], [ 77.4587251, 23.2134527 ] ] } },
{ "type": "Feature", "properties": { "name": "Urban Arterial", "highway": "residential", "slope_pct": 0.6 }, "geometry": { "type": "LineString", "coordinates": [ [ 77.4587251, 23.2134527 ], [ 77.4587986, 23.213399 ], [ 77.4588226, 23.2133219 ], [ 77.4589394, 23.2129478 ] ] } },
{ "type": "Feature", "properties": { "name": "Urban Arterial", "highway": "residential", "slope_pct": 0.6 }, "geometry": { "type": "LineString", "coordinates": [ [ 77.4603614, 23.2136672 ], [ 77.4600152, 23.2135597 ] ] } },
{ "type": "Feature", "properties": { "name": "Urban Arterial", "highway": "residential", "slope_pct": 0.6 }, "geometry": { "type": "LineString", "coordinates": [ [ 77.4606611, 23.2102982 ], [ 77.460748, 23.2104432 ], [ 77.46076, 23.2104556 ], [ 77.4607815, 23.2104605 ], [ 77.4607962, 23.2104667 ], [ 77.4608096, 23.2104876 ], [ 77.4609323, 23.210928 ] ] } },
{ "type": "Feature", "properties": { "name": "Urban Arterial", "highway": "residential", "slope_pct": 0.6 }, "geometry": { "type": "LineString", "coordinates": [ [ 77.4611074, 23.2108951 ], [ 77.4609323, 23.210928 ], [ 77.4602893, 23.2110484 ] ] } },
{ "type": "Feature", "properties": { "name": "Urban Arterial", "highway": "tertiary_link", "slope_pct": 0.6 }, "geometry": { "type": "LineString", "coordinates": [ [ 77.4591142, 23.2098555 ], [ 77.4591935, 23.2098821 ] ] } },
{ "type": "Feature", "properties": { "name": "Urban Arterial", "highway": "residential", "slope_pct": 0.6 }, "geometry": { "type": "LineString", "coordinates": [ [ 77.4573741, 23.2161033 ], [ 77.4579796, 23.2161246 ], [ 77.4584082, 23.2161341 ] ] } },
{ "type": "Feature", "properties": { "name": "Urban Arterial", "highway": "residential", "slope_pct": 0.6 }, "geometry": { "type": "LineString", "coordinates": [ [ 77.4621469, 23.2141612 ], [ 77.4622693, 23.2141652 ], [ 77.4631846, 23.2142302 ], [ 77.4632034, 23.2142319 ], [ 77.4632173, 23.2142362 ], [ 77.4632265, 23.2142462 ], [ 77.4632325, 23.214259 ], [ 77.4632358, 23.2142742 ], [ 77.4632361, 23.2142957 ], [ 77.4632261, 23.2144004 ] ] } },
{ "type": "Feature", "properties": { "name": "Urban Arterial", "highway": "residential", "slope_pct": 0.6 }, "geometry": { "type": "LineString", "coordinates": [ [ 77.4602319, 23.214787 ], [ 77.4603771, 23.214829 ], [ 77.4607778, 23.2149423 ] ] } },
{ "type": "Feature", "properties": { "name": "Urban Arterial", "highway": "residential", "slope_pct": 0.6 }, "geometry": { "type": "LineString", "coordinates": [ [ 77.4630224, 23.2152944 ], [ 77.4631275, 23.2152872 ], [ 77.4631691, 23.2152801 ], [ 77.4634029, 23.2151215 ], [ 77.4634266, 23.2150901 ], [ 77.4634411, 23.2149703 ] ] } },
{ "type": "Feature", "properties": { "name": "Urban Arterial", "highway": "residential", "slope_pct": 0.6 }, "geometry": { "type": "LineString", "coordinates": [ [ 77.4621791, 23.2139102 ], [ 77.4622731, 23.2139233 ], [ 77.4630933, 23.2140769 ], [ 77.463118, 23.2140658 ], [ 77.4631516, 23.2140369 ], [ 77.4631701, 23.2140063 ], [ 77.4632014, 23.2139323 ], [ 77.4632268, 23.21387 ], [ 77.4632635, 23.2138052 ], [ 77.4633499, 23.2136036 ] ] } },
{ "type": "Feature", "properties": { "name": "Urban Arterial", "highway": "tertiary", "slope_pct": 0.6 }, "geometry": { "type": "LineString", "coordinates": [ [ 77.4645097, 23.1953015 ], [ 77.4645036, 23.1953896 ], [ 77.4644581, 23.1956446 ], [ 77.4644127, 23.1958875 ], [ 77.4643761, 23.196225 ] ] } },
{ "type": "Feature", "properties": { "name": "Urban Arterial", "highway": "residential", "slope_pct": 0.6 }, "geometry": { "type": "LineString", "coordinates": [ [ 77.4644127, 23.1958875 ], [ 77.4643551, 23.1958863 ], [ 77.4639944, 23.1958784 ], [ 77.4637643, 23.1958734 ], [ 77.4637519, 23.1958706 ], [ 77.4637417, 23.1958617 ], [ 77.4637397, 23.1958509 ], [ 77.4637495, 23.1956363 ], [ 77.4637531, 23.1956242 ], [ 77.4637598, 23.195617 ], [ 77.4637782, 23.1956136 ], [ 77.4640175, 23.1956245 ], [ 77.4643817, 23.1956411 ], [ 77.4644581, 23.1956446 ] ] } },
{ "type": "Feature", "properties": { "name": "Urban Arterial", "highway": "residential", "slope_pct": 0.6 }, "geometry": { "type": "LineString", "coordinates": [ [ 77.4636198, 23.1957807 ], [ 77.4636942, 23.1953124 ] ] } },
{ "type": "Feature", "properties": { "name": "Urban Arterial", "highway": "residential", "slope_pct": 0.6 }, "geometry": { "type": "LineString", "coordinates": [ [ 77.4677804, 23.1957106 ], [ 77.4682169, 23.1956872 ], [ 77.4686416, 23.195665 ] ] } },
{ "type": "Feature", "properties": { "name": "Urban Arterial", "highway": "residential", "slope_pct": 0.6 }, "geometry": { "type": "LineString", "coordinates": [ [ 77.4639944, 23.1958784 ], [ 77.4640175, 23.1956245 ] ] } },
{ "type": "Feature", "properties": { "name": "Urban Arterial", "highway": "residential", "slope_pct": 0.6 }, "geometry": { "type": "LineString", "coordinates": [ [ 77.4645226, 23.1958948 ], [ 77.4644127, 23.1958875 ] ] } },
{ "type": "Feature", "properties": { "name": "Urban Arterial", "highway": "tertiary", "slope_pct": 0.6 }, "geometry": { "type": "LineString", "coordinates": [ [ 77.4706492, 23.1963134 ], [ 77.470755, 23.1963099 ], [ 77.4717228, 23.1962593 ], [ 77.471967, 23.1962501 ], [ 77.4721426, 23.1962431 ], [ 77.4723699, 23.1962329 ], [ 77.473153, 23.1961874 ], [ 77.4744557, 23.1960979 ], [ 77.4745081, 23.1960747 ], [ 77.4745439, 23.1960451 ], [ 77.4746595, 23.1957592 ], [ 77.4748393, 23.1952809 ], [ 77.4748417, 23.1952044 ], [ 77.4746167, 23.1945947 ], [ 77.4744677, 23.1943076 ], [ 77.4743611, 23.1942163 ] ] } },
{ "type": "Feature", "properties": { "name": "Urban Arterial", "highway": "tertiary", "slope_pct": 0.6 }, "geometry": { "type": "LineString", "coordinates": [ [ 77.474312, 23.1942845 ], [ 77.4744106, 23.1943918 ], [ 77.4745192, 23.1946209 ], [ 77.4747701, 23.1951808 ], [ 77.4747622, 23.1952558 ], [ 77.4745852, 23.1957346 ], [ 77.4744758, 23.1959918 ], [ 77.4744648, 23.1960019 ], [ 77.4744464, 23.1960189 ], [ 77.4744169, 23.1960367 ], [ 77.4743654, 23.1960466 ], [ 77.4731497, 23.1961069 ], [ 77.4723603, 23.1961576 ], [ 77.4721706, 23.1961675 ], [ 77.4719628, 23.1961757 ], [ 77.4707653, 23.19624 ], [ 77.4706676, 23.1962319 ] ] } },
{ "type": "Feature", "properties": { "name": "Urban Arterial", "highway": "residential", "slope_pct": 0.6 }, "geometry": { "type": "LineString", "coordinates": [ [ 77.4648733, 23.1973855 ], [ 77.4648541, 23.1969768 ], [ 77.4648717, 23.1964508 ], [ 77.464878, 23.1964337 ], [ 77.4648876, 23.1964193 ], [ 77.4649049, 23.1964073 ], [ 77.4649206, 23.1964034 ], [ 77.4652275, 23.1964051 ], [ 77.4652427, 23.1964134 ], [ 77.4652521, 23.1964257 ], [ 77.4652555, 23.1964399 ], [ 77.4652531, 23.1965143 ], [ 77.4652508, 23.196958 ] ] } },
{ "type": "Feature", "properties": { "name": "Urban Arterial", "highway": "tertiary", "slope_pct": 0.6 }, "geometry": { "type": "LineString", "coordinates": [ [ 77.4705821, 23.1950638 ], [ 77.4706676, 23.1962319 ], [ 77.4706686, 23.1962458 ], [ 77.4706667, 23.1962753 ], [ 77.4706492, 23.1963134 ], [ 77.4706155, 23.1963501 ], [ 77.4702737, 23.1967293 ], [ 77.4699908, 23.1970141 ], [ 77.4699336, 23.1970782 ], [ 77.4699028, 23.1971072 ], [ 77.4698545, 23.1971384 ], [ 77.4697232, 23.1971755 ], [ 77.468842, 23.1972316 ], [ 77.4688165, 23.1972161 ], [ 77.4683191, 23.1968423 ], [ 77.4678331, 23.1964686 ], [ 77.4677736, 23.1964235 ] ] } },
{ "type": "Feature", "properties": { "name": "Urban Arterial", "highway": "residential", "slope_pct": 0.6 }, "geometry": { "type": "LineString", "coordinates": [ [ 77.4682169, 23.1956872 ], [ 77.4682914, 23.1961663 ], [ 77.4683253, 23.196247 ], [ 77.468402, 23.1963695 ], [ 77.4686071, 23.1965423 ], [ 77.4688675, 23.1967199 ], [ 77.4689353, 23.1967496 ], [ 77.4689959, 23.196767 ], [ 77.4691779, 23.19678 ], [ 77.4693527, 23.1967715 ], [ 77.4695363, 23.1967438 ], [ 77.469612, 23.1967203 ], [ 77.4696889, 23.1966682 ], [ 77.4699126, 23.1964447 ] ] } },
{ "type": "Feature", "properties": { "name": "Urban Arterial", "highway": "tertiary", "slope_pct": 0.6 }, "geometry": { "type": "LineString", "coordinates": [ [ 77.4677489, 23.1964903 ], [ 77.4678081, 23.1965233 ], [ 77.4682756, 23.1968762 ], [ 77.468334, 23.1969202 ], [ 77.4687776, 23.1972748 ], [ 77.4697315, 23.1972141 ], [ 77.4698324, 23.1971952 ], [ 77.4698959, 23.1971742 ], [ 77.4699452, 23.1971382 ], [ 77.4700485, 23.1970437 ], [ 77.4707376, 23.1963342 ], [ 77.470755, 23.1963099 ], [ 77.4707653, 23.19624 ], [ 77.4707078, 23.195059 ] ] } },
{ "type": "Feature", "properties": { "name": "Urban Arterial", "highway": "residential", "slope_pct": 0.6 }, "geometry": { "type": "LineString", "coordinates": [ [ 77.464737, 23.1973907 ], [ 77.4648733, 23.1973855 ], [ 77.4658039, 23.1973249 ], [ 77.4663216, 23.1972962 ], [ 77.4663699, 23.1972788 ], [ 77.4664141, 23.1972505 ], [ 77.4665739, 23.1970903 ], [ 77.4668888, 23.1967878 ], [ 77.4671484, 23.196514 ], [ 77.4672174, 23.1964215 ], [ 77.4672496, 23.1963463 ], [ 77.4672932, 23.1962261 ], [ 77.4673066, 23.1961577 ], [ 77.4673031, 23.1959082 ] ] } },
{ "type": "Feature", "properties": { "name": "Urban Arterial", "highway": "residential", "slope_pct": 0.6 }, "geometry": { "type": "LineString", "coordinates": [ [ 77.4702737, 23.1967293 ], [ 77.4699126, 23.1964447 ], [ 77.4692038, 23.1958686 ], [ 77.4691449, 23.1951504 ] ] } },
{ "type": "Feature", "properties": { "name": "Urban Arterial", "highway": "residential", "slope_pct": 0.6 }, "geometry": { "type": "LineString", "coordinates": [ [ 77.4677254, 23.1958862 ], [ 77.4676405, 23.1958906 ], [ 77.4673031, 23.1959082 ], [ 77.4665129, 23.1959484 ], [ 77.4661294, 23.1959566 ], [ 77.4660896, 23.1959794 ], [ 77.4660683, 23.1960062 ], [ 77.4660586, 23.1960477 ], [ 77.4661208, 23.1964226 ], [ 77.4661531, 23.1965486 ], [ 77.4662178, 23.1966803 ], [ 77.4663288, 23.1968204 ], [ 77.4665739, 23.1970903 ], [ 77.4668665, 23.1973106 ] ] } },
{ "type": "Feature", "properties": { "name": "Urban Arterial", "highway": "residential", "slope_pct": 0.6 }, "geometry": { "type": "LineString", "coordinates": [ [ 77.4682756, 23.1968762 ], [ 77.4683191, 23.1968423 ], [ 77.4686071, 23.1965423 ], [ 77.4692038, 23.1958686 ] ] } },
{ "type": "Feature", "properties": { "name": "Urban Arterial", "highway": "residential", "slope_pct": 0.6 }, "geometry": { "type": "LineString", "coordinates": [ [ 77.4668888, 23.1967878 ], [ 77.4667858, 23.196683 ], [ 77.4667029, 23.1966036 ], [ 77.4666364, 23.1964984 ], [ 77.4665897, 23.1964094 ], [ 77.4665476, 23.1962784 ], [ 77.4665129, 23.1959484 ] ] } },
{ "type": "Feature", "properties": { "name": "Urban Arterial", "highway": "residential", "slope_pct": 0.6 }, "geometry": { "type": "LineString", "coordinates": [ [ 77.4717228, 23.1962593 ], [ 77.4719447, 23.196795 ], [ 77.4719386, 23.1968658 ], [ 77.4719278, 23.196904 ], [ 77.4719032, 23.1969542 ], [ 77.4718711, 23.1969836 ], [ 77.4715948, 23.1970884 ], [ 77.4714415, 23.1971296 ], [ 77.470939, 23.1973446 ], [ 77.4706852, 23.1974343 ], [ 77.4706684, 23.1974522 ], [ 77.4706474, 23.1974959 ], [ 77.4706021, 23.1976813 ], [ 77.4705835, 23.1978262 ], [ 77.4705659, 23.1978875 ], [ 77.4705304, 23.1979482 ], [ 77.4705562, 23.198063 ], [ 77.4705943, 23.1981448 ], [ 77.4706895, 23.1982156 ], [ 77.4707454, 23.1982407 ], [ 77.4708286, 23.1982492 ], [ 77.4710123, 23.1982789 ], [ 77.4711929, 23.1983392 ], [ 77.4712834, 23.1983335 ], [ 77.4713585, 23.1983207 ], [ 77.4713945, 23.1982929 ], [ 77.4714144, 23.1982517 ], [ 77.4714294, 23.1981906 ], [ 77.4714357, 23.1980145 ], [ 77.4714393, 23.1977857 ], [ 77.4714496, 23.1977419 ], [ 77.4714922, 23.1977252 ], [ 77.4716685, 23.1976392 ], [ 77.4717107, 23.1976487 ], [ 77.4718257, 23.1979863 ] ] } },
{ "type": "Feature", "properties": { "name": "Urban Arterial", "highway": "residential", "slope_pct": 0.6 }, "geometry": { "type": "LineString", "coordinates": [ [ 77.4681229, 23.1978777 ], [ 77.4685386, 23.1981826 ], [ 77.4685853, 23.1982041 ], [ 77.4686361, 23.1982116 ], [ 77.4686961, 23.1982181 ], [ 77.4697657, 23.1981533 ], [ 77.4702906, 23.1981356 ], [ 77.4703208, 23.1981306 ], [ 77.4703395, 23.1981097 ], [ 77.4703757, 23.1979857 ], [ 77.4704101, 23.1979555 ], [ 77.4704871, 23.1979433 ], [ 77.4705304, 23.1979482 ] ] } },
{ "type": "Feature", "properties": { "name": "Urban Arterial", "highway": "residential", "slope_pct": 0.6 }, "geometry": { "type": "LineString", "coordinates": [ [ 77.4706841, 23.1967823 ], [ 77.4707146, 23.196885 ], [ 77.4707207, 23.196928 ], [ 77.4707227, 23.1969682 ], [ 77.4707018, 23.1970279 ], [ 77.4706401, 23.1971266 ], [ 77.47062, 23.1971525 ], [ 77.4705851, 23.1971728 ], [ 77.4705165, 23.1971887 ], [ 77.4704651, 23.1971955 ], [ 77.4704114, 23.1971981 ], [ 77.4703566, 23.1971965 ], [ 77.4702566, 23.1971852 ], [ 77.4702182, 23.1971739 ], [ 77.4701951, 23.1971615 ], [ 77.4700485, 23.1970437 ] ] } },
{ "type": "Feature", "properties": { "name": "Urban Arterial", "highway": "residential", "slope_pct": 0.6 }, "geometry": { "type": "LineString", "coordinates": [ [ 77.4701285, 23.1975712 ], [ 77.4697364, 23.19753 ] ] } },
{ "type": "Feature", "properties": { "name": "Urban Arterial", "highway": "tertiary", "slope_pct": 0.6 }, "geometry": { "type": "LineString", "coordinates": [ [ 77.4641668, 23.1979379 ], [ 77.4641742, 23.1978733 ], [ 77.4642255, 23.1975344 ], [ 77.4642442, 23.1974136 ], [ 77.4642777, 23.1971975 ], [ 77.4643194, 23.1969523 ], [ 77.464339, 23.1968554 ], [ 77.4643537, 23.1967825 ], [ 77.4644002, 23.1965615 ], [ 77.4644481, 23.1963625 ], [ 77.4644698, 23.1962754 ], [ 77.4644844, 23.1961835 ], [ 77.4645226, 23.1958948 ], [ 77.4646056, 23.1953916 ], [ 77.4646172, 23.195307 ] ] } },
{ "type": "Feature", "properties": { "name": "Urban Arterial", "highway": "tertiary", "slope_pct": 0.6 }, "geometry": { "type": "LineString", "coordinates": [ [ 77.4676366, 23.1953253 ], [ 77.467647, 23.1953817 ], [ 77.4677254, 23.1958862 ], [ 77.46777, 23.1963686 ], [ 77.4677736, 23.1964235 ], [ 77.4677699, 23.1964554 ], [ 77.4677489, 23.1964903 ], [ 77.4677332, 23.1965163 ], [ 77.4673292, 23.1969202 ], [ 77.4669381, 23.1973646 ], [ 77.4668894, 23.1974124 ], [ 77.4666837, 23.1975827 ], [ 77.4665107, 23.1976949 ], [ 77.4664007, 23.1977466 ], [ 77.4663471, 23.1977639 ], [ 77.4662626, 23.197783 ], [ 77.4661776, 23.197793 ], [ 77.465915, 23.1978139 ], [ 77.4658381, 23.1978209 ], [ 77.4641742, 23.1978733 ] ] } },
{ "type": "Feature", "properties": { "name": "Urban Arterial", "highway": "tertiary", "slope_pct": 0.6 }, "geometry": { "type": "LineString", "coordinates": [ [ 77.4641668, 23.1979379 ], [ 77.4642094, 23.1979379 ], [ 77.4642828, 23.1979374 ], [ 77.4643705, 23.1979382 ], [ 77.4658412, 23.1978689 ], [ 77.4659491, 23.1978638 ], [ 77.4661133, 23.1978506 ], [ 77.4662774, 23.1978266 ], [ 77.4664032, 23.1977983 ], [ 77.4664617, 23.1977799 ], [ 77.4665201, 23.1977534 ], [ 77.4666909, 23.1976376 ], [ 77.4669239, 23.1974552 ], [ 77.4669753, 23.1973966 ], [ 77.4673351, 23.1970245 ], [ 77.4675233, 23.1968358 ], [ 77.4678081, 23.1965233 ], [ 77.4678331, 23.1964686 ], [ 77.467833, 23.1963782 ], [ 77.4678178, 23.19616 ], [ 77.4677804, 23.1957106 ], [ 77.4677202, 23.1953651 ], [ 77.4677059, 23.1953033 ] ] } },
{ "type": "Feature", "properties": { "name": "Urban Arterial", "highway": "tertiary", "slope_pct": 0.6 }, "geometry": { "type": "LineString", "coordinates": [ [ 77.4643761, 23.196225 ], [ 77.4643367, 23.1964263 ], [ 77.464274, 23.1967319 ] ] } },
{ "type": "Feature", "properties": { "name": "MP Housing board houses", "highway": "residential", "slope_pct": 0.6 }, "geometry": { "type": "LineString", "coordinates": [ [ 77.4648541, 23.1969768 ], [ 77.4652508, 23.196958 ], [ 77.4655261, 23.1969385 ], [ 77.4657249, 23.1969249 ], [ 77.4657442, 23.1969328 ], [ 77.4657512, 23.1969422 ], [ 77.4657584, 23.1969586 ], [ 77.4658039, 23.1973249 ], [ 77.4658159, 23.1974987 ] ] } },
{ "type": "Feature", "properties": { "name": "Urban Arterial", "highway": "residential", "slope_pct": 0.6 }, "geometry": { "type": "LineString", "coordinates": [ [ 77.4675233, 23.1968358 ], [ 77.4680227, 23.197255 ] ] } },
{ "type": "Feature", "properties": { "name": "Urban Arterial", "highway": "residential", "slope_pct": 0.6 }, "geometry": { "type": "LineString", "coordinates": [ [ 77.4697657, 23.1981533 ], [ 77.4697399, 23.1977549 ], [ 77.4697364, 23.19753 ], [ 77.4697315, 23.1972141 ], [ 77.4697232, 23.1971755 ] ] } },
{ "type": "Feature", "properties": { "name": "Urban Arterial", "highway": "residential", "slope_pct": 0.6 }, "geometry": { "type": "LineString", "coordinates": [ [ 77.4673351, 23.1970245 ], [ 77.4678554, 23.197435 ], [ 77.4680227, 23.197255 ], [ 77.468334, 23.1969202 ] ] } },
{ "type": "Feature", "properties": { "name": "Urban Arterial", "highway": "residential", "slope_pct": 0.6 }, "geometry": { "type": "LineString", "coordinates": [ [ 77.4686361, 23.1982116 ], [ 77.4690225, 23.19782 ], [ 77.4697399, 23.1977549 ] ] } },
{ "type": "Feature", "properties": { "name": "Urban Arterial", "highway": "residential", "slope_pct": 0.6 }, "geometry": { "type": "LineString", "coordinates": [ [ 77.4652531, 23.1965143 ], [ 77.4655261, 23.1969385 ] ] } },
{ "type": "Feature", "properties": { "name": "Urban Arterial", "highway": "residential", "slope_pct": 0.6 }, "geometry": { "type": "LineString", "coordinates": [ [ 77.4640309, 23.1988787 ], [ 77.4651714, 23.1988042 ], [ 77.4651931, 23.1987941 ], [ 77.4651982, 23.1987744 ], [ 77.4651941, 23.1987519 ], [ 77.4651772, 23.1987443 ], [ 77.4640406, 23.1988184 ] ] } },
{ "type": "Feature", "properties": { "name": "Urban Arterial", "highway": "residential", "slope_pct": 0.6 }, "geometry": { "type": "LineString", "coordinates": [ [ 77.4651982, 23.1987744 ], [ 77.4652855, 23.1987836 ], [ 77.4653298, 23.1987983 ], [ 77.4653814, 23.1988267 ], [ 77.4660825, 23.1991761 ], [ 77.4661125, 23.1991886 ], [ 77.4661403, 23.1992001 ], [ 77.4662228, 23.199228 ], [ 77.466427, 23.1992876 ], [ 77.4667499, 23.1993818 ], [ 77.4670117, 23.1994582 ] ] } },
{ "type": "Feature", "properties": { "name": "Urban Arterial", "highway": "residential", "slope_pct": 0.6 }, "geometry": { "type": "LineString", "coordinates": [ [ 77.4665152, 23.1998706 ], [ 77.4665918, 23.199711 ], [ 77.4667499, 23.1993818 ] ] } },
{ "type": "Feature", "properties": { "name": "Urban Arterial", "highway": "residential", "slope_pct": 0.6 }, "geometry": { "type": "LineString", "coordinates": [ [ 77.4665918, 23.199711 ], [ 77.4670059, 23.1998945 ] ] } },
{ "type": "Feature", "properties": { "name": "Urban Arterial", "highway": "residential", "slope_pct": 0.6 }, "geometry": { "type": "LineString", "coordinates": [ [ 77.4662243, 23.1997681 ], [ 77.466427, 23.1992876 ] ] } },
{ "type": "Feature", "properties": { "name": "Urban Arterial", "highway": "residential", "slope_pct": 0.6 }, "geometry": { "type": "LineString", "coordinates": [ [ 77.4658914, 23.1996577 ], [ 77.4661125, 23.1991886 ] ] } },
{ "type": "Feature", "properties": { "name": "Urban Arterial", "highway": "residential", "slope_pct": 0.6 }, "geometry": { "type": "LineString", "coordinates": [ [ 77.4652144, 23.198444 ], [ 77.4652855, 23.1987836 ] ] } },
{ "type": "Feature", "properties": { "name": "Urban Arterial", "highway": "tertiary", "slope_pct": 0.6 }, "geometry": { "type": "LineString", "coordinates": [ [ 77.464274, 23.1967319 ], [ 77.4642505, 23.1968502 ], [ 77.4642258, 23.1969742 ], [ 77.4641544, 23.1974043 ], [ 77.4641529, 23.1974141 ], [ 77.4640812, 23.1978717 ] ] } },
{ "type": "Feature", "properties": { "name": "Urban Arterial", "highway": "tertiary", "slope_pct": 0.6 }, "geometry": { "type": "LineString", "coordinates": [ [ 77.4640739, 23.1979358 ], [ 77.4641668, 23.1979379 ] ] } },
{ "type": "Feature", "properties": { "name": "Urban Arterial", "highway": "tertiary", "slope_pct": 0.6 }, "geometry": { "type": "LineString", "coordinates": [ [ 77.4641742, 23.1978733 ], [ 77.4640812, 23.1978717 ] ] } },
{ "type": "Feature", "properties": { "name": "Urban Arterial", "highway": "residential", "slope_pct": 0.6 }, "geometry": { "type": "LineString", "coordinates": [ [ 77.4642505, 23.1968502 ], [ 77.464339, 23.1968554 ] ] } },
{ "type": "Feature", "properties": { "name": "Urban Arterial", "highway": "residential", "slope_pct": 0.6 }, "geometry": { "type": "LineString", "coordinates": [ [ 77.4642442, 23.1974136 ], [ 77.4641529, 23.1974141 ] ] } },
{ "type": "Feature", "properties": { "name": "Urban Arterial", "highway": "residential", "slope_pct": 0.6 }, "geometry": { "type": "LineString", "coordinates": [ [ 77.4658381, 23.1978209 ], [ 77.4658412, 23.1978689 ] ] } },
{ "type": "Feature", "properties": { "name": "Urban Arterial", "highway": "residential", "slope_pct": 0.6 }, "geometry": { "type": "LineString", "coordinates": [ [ 77.4642505, 23.1968502 ], [ 77.4638718, 23.1968618 ] ] } },
{ "type": "Feature", "properties": { "name": "Urban Arterial", "highway": "residential", "slope_pct": 0.6 }, "geometry": { "type": "LineString", "coordinates": [ [ 77.4642442, 23.1974136 ], [ 77.464737, 23.1973907 ] ] } },
{ "type": "Feature", "properties": { "name": "MP Housing board houses", "highway": "residential", "slope_pct": 0.6 }, "geometry": { "type": "LineString", "coordinates": [ [ 77.4658159, 23.1974987 ], [ 77.4658381, 23.1978209 ] ] } },
{ "type": "Feature", "properties": { "name": "Urban Arterial", "highway": "residential", "slope_pct": 0.6 }, "geometry": { "type": "LineString", "coordinates": [ [ 77.4668665, 23.1973106 ], [ 77.4669381, 23.1973646 ], [ 77.4669753, 23.1973966 ], [ 77.4674947, 23.1978161 ], [ 77.4676621, 23.1978897 ], [ 77.4678166, 23.197909 ], [ 77.467963, 23.197909 ], [ 77.4680495, 23.1978924 ], [ 77.4681229, 23.1978777 ], [ 77.4687776, 23.1972748 ], [ 77.468842, 23.1972316 ] ] } },
{ "type": "Feature", "properties": { "name": "Urban Arterial", "highway": "residential", "slope_pct": 0.6 }, "geometry": { "type": "LineString", "coordinates": [ [ 77.4705659, 23.1978875 ], [ 77.4706626, 23.1979269 ], [ 77.4710484, 23.19799 ], [ 77.4711791, 23.1980266 ] ] } },
{ "type": "Feature", "properties": { "name": "Urban Arterial", "highway": "residential", "slope_pct": 0.6 }, "geometry": { "type": "LineString", "coordinates": [ [ 77.4703418, 23.1974496 ], [ 77.4702182, 23.1971739 ] ] } },
{ "type": "Feature", "properties": { "name": "Urban Arterial", "highway": "residential", "slope_pct": 0.6 }, "geometry": { "type": "LineString", "coordinates": [ [ 77.4645011, 23.209305 ], [ 77.4644903, 23.2090754 ], [ 77.4644353, 23.208872 ], [ 77.4643313, 23.2086266 ] ] } },
{ "type": "Feature", "properties": { "name": "Urban Arterial", "highway": "unclassified", "slope_pct": 0.6 }, "geometry": { "type": "LineString", "coordinates": [ [ 77.4655302, 23.2087075 ], [ 77.4656185, 23.2087695 ] ] } },
{ "type": "Feature", "properties": { "name": "Urban Arterial", "highway": "residential", "slope_pct": 0.6 }, "geometry": { "type": "LineString", "coordinates": [ [ 77.4655302, 23.2087075 ], [ 77.4653042, 23.2089811 ], [ 77.4650827, 23.2089606 ], [ 77.4649435, 23.2089478 ] ] } },
{ "type": "Feature", "properties": { "name": "Urban Arterial", "highway": "residential", "slope_pct": 0.6 }, "geometry": { "type": "LineString", "coordinates": [ [ 77.4643944, 23.2077352 ], [ 77.4641844, 23.2081328 ] ] } },
{ "type": "Feature", "properties": { "name": "Urban Arterial", "highway": "residential", "slope_pct": 0.6 }, "geometry": { "type": "LineString", "coordinates": [ [ 77.4673873, 23.2083079 ], [ 77.467458, 23.2084998 ], [ 77.4674876, 23.2085507 ], [ 77.467519, 23.2085848 ], [ 77.4675631, 23.208618 ], [ 77.4687367, 23.20955 ] ] } },
{ "type": "Feature", "properties": { "name": "Urban Arterial", "highway": "unclassified", "slope_pct": 0.6 }, "geometry": { "type": "LineString", "coordinates": [ [ 77.4660356, 23.2092533 ], [ 77.4660004, 23.2092158 ], [ 77.4659652, 23.2091782 ] ] } },
{ "type": "Feature", "properties": { "name": "Urban Arterial", "highway": "unclassified", "slope_pct": 0.6 }, "geometry": { "type": "LineString", "coordinates": [ [ 77.4659652, 23.2091782 ], [ 77.4656185, 23.2087695 ] ] } },
{ "type": "Feature", "properties": { "name": "Urban Arterial", "highway": "residential", "slope_pct": 0.6 }, "geometry": { "type": "LineString", "coordinates": [ [ 77.4643139, 23.2086344 ], [ 77.4640374, 23.2086122 ], [ 77.4640198, 23.2086098 ], [ 77.464004, 23.2086067 ], [ 77.4636846, 23.2085394 ] ] } },
{ "type": "Feature", "properties": { "name": "Urban Arterial", "highway": "residential", "slope_pct": 0.6 }, "geometry": { "type": "LineString", "coordinates": [ [ 77.4643459, 23.2082694 ], [ 77.4645718, 23.2078676 ] ] } },
{ "type": "Feature", "properties": { "name": "Urban Arterial", "highway": "residential", "slope_pct": 0.6 }, "geometry": { "type": "LineString", "coordinates": [ [ 77.4647313, 23.2083164 ], [ 77.4648705, 23.2086893 ] ] } },
{ "type": "Feature", "properties": { "name": "Urban Arterial", "highway": "residential", "slope_pct": 0.6 }, "geometry": { "type": "LineString", "coordinates": [ [ 77.4650827, 23.2089606 ], [ 77.4650502, 23.2094979 ] ] } },
{ "type": "Feature", "properties": { "name": "Urban Arterial", "highway": "residential", "slope_pct": 0.6 }, "geometry": { "type": "LineString", "coordinates": [ [ 77.4645351, 23.2093592 ], [ 77.4649027, 23.209313 ], [ 77.4649402, 23.2093006 ], [ 77.464951, 23.2092489 ], [ 77.4649435, 23.2089478 ] ] } },
{ "type": "Feature", "properties": { "name": "Urban Arterial", "highway": "residential", "slope_pct": 0.6 }, "geometry": { "type": "LineString", "coordinates": [ [ 77.4637638, 23.208263 ], [ 77.4645073, 23.2084236 ], [ 77.4646667, 23.2087632 ] ] } },
{ "type": "Feature", "properties": { "name": "Urban Arterial", "highway": "secondary", "slope_pct": 0.6 }, "geometry": { "type": "LineString", "coordinates": [ [ 77.472007, 23.2162538 ], [ 77.4719502, 23.2162232 ], [ 77.4718945, 23.2161955 ], [ 77.4718381, 23.2161728 ], [ 77.4717181, 23.2161282 ], [ 77.4716632, 23.216112 ], [ 77.4710988, 23.2159548 ], [ 77.4709759, 23.2159138 ], [ 77.4708465, 23.2158652 ], [ 77.470747, 23.2158218 ], [ 77.4705713, 23.2157324 ], [ 77.4704434, 23.2156669 ], [ 77.4697739, 23.2152923 ], [ 77.469735, 23.2152708 ], [ 77.4696807, 23.2152443 ], [ 77.4696334, 23.2152286 ], [ 77.4695943, 23.2152233 ], [ 77.4695516, 23.2152276 ], [ 77.4695184, 23.2152412 ], [ 77.4694853, 23.2152591 ], [ 77.4694586, 23.2152818 ], [ 77.4693012, 23.2155053 ], [ 77.4692233, 23.215638 ], [ 77.4692043, 23.2156633 ], [ 77.4691889, 23.2156794 ], [ 77.4691674, 23.2156914 ], [ 77.4691423, 23.215696 ], [ 77.4691154, 23.2156945 ], [ 77.4690937, 23.2156887 ], [ 77.468988, 23.2156218 ], [ 77.4687663, 23.2154815 ], [ 77.4686432, 23.2154036 ], [ 77.4680144, 23.2150449 ], [ 77.4676679, 23.2149201 ], [ 77.4670213, 23.2146497 ], [ 77.4669079, 23.2146017 ], [ 77.4667653, 23.2145474 ], [ 77.4664386, 23.2144107 ] ] } },
{ "type": "Feature", "properties": { "name": "Urban Arterial", "highway": "secondary", "slope_pct": 0.6 }, "geometry": { "type": "LineString", "coordinates": [ [ 77.4664124, 23.2144786 ], [ 77.4667051, 23.2145982 ], [ 77.4668892, 23.2146734 ], [ 77.466991, 23.214716 ], [ 77.4676093, 23.2149653 ], [ 77.4677754, 23.2150286 ], [ 77.4679728, 23.2151036 ], [ 77.4681468, 23.2151934 ], [ 77.4683239, 23.2152896 ], [ 77.4686173, 23.2154658 ], [ 77.4687773, 23.2155656 ], [ 77.4688602, 23.2156147 ], [ 77.4689233, 23.2156544 ], [ 77.4689884, 23.2156975 ], [ 77.4690489, 23.2157357 ], [ 77.4690916, 23.2157616 ], [ 77.4691181, 23.2157758 ], [ 77.4691449, 23.2157835 ], [ 77.4691708, 23.2157863 ], [ 77.469191, 23.2157837 ], [ 77.4693556, 23.2155282 ], [ 77.4694633, 23.2153672 ], [ 77.4694879, 23.2153383 ], [ 77.4695188, 23.2153101 ], [ 77.469551, 23.2152939 ], [ 77.4695899, 23.2152883 ], [ 77.4696328, 23.2152982 ], [ 77.4696842, 23.21532 ], [ 77.4697756, 23.2153705 ], [ 77.4703902, 23.2157174 ], [ 77.4704441, 23.2157456 ], [ 77.4704898, 23.2157696 ], [ 77.4707833, 23.2159157 ], [ 77.4711094, 23.2160247 ], [ 77.4714236, 23.2161264 ], [ 77.4717006, 23.2162135 ], [ 77.4718079, 23.2162534 ], [ 77.471855, 23.2162731 ], [ 77.4719053, 23.2162978 ], [ 77.4719569, 23.216323 ] ] } },
{ "type": "Feature", "properties": { "name": "Urban Arterial", "highway": "residential", "slope_pct": 0.6 }, "geometry": { "type": "LineString", "coordinates": [ [ 77.4740613, 23.213499 ], [ 77.4737325, 23.2130359 ], [ 77.4735839, 23.212906 ], [ 77.4731321, 23.2126105 ], [ 77.4729458, 23.2125993 ], [ 77.4724418, 23.2124422 ], [ 77.4720385, 23.2121217 ], [ 77.4714236, 23.2117304 ], [ 77.4713694, 23.2116621 ], [ 77.4712585, 23.2115718 ], [ 77.4708142, 23.2112099 ], [ 77.4693224, 23.2100232 ], [ 77.4687367, 23.20955 ] ] } },
{ "type": "Feature", "properties": { "name": "Urban Arterial", "highway": "residential", "slope_pct": 0.6 }, "geometry": { "type": "LineString", "coordinates": [ [ 77.4699377, 23.2146653 ], [ 77.4709178, 23.2152112 ] ] } },
{ "type": "Feature", "properties": { "name": "Urban Arterial", "highway": "residential", "slope_pct": 0.6 }, "geometry": { "type": "LineString", "coordinates": [ [ 77.4693556, 23.2155282 ], [ 77.4703168, 23.2160618 ] ] } },
{ "type": "Feature", "properties": { "name": "Urban Arterial", "highway": "residential", "slope_pct": 0.6 }, "geometry": { "type": "LineString", "coordinates": [ [ 77.4697163, 23.2160485 ], [ 77.4695956, 23.216287 ], [ 77.4695838, 23.2163116 ], [ 77.4695748, 23.2163335 ], [ 77.4695738, 23.2163828 ], [ 77.4695751, 23.2164259 ], [ 77.4695671, 23.2164555 ], [ 77.4695134, 23.2165393 ], [ 77.4694933, 23.2165554 ], [ 77.4694544, 23.2165529 ], [ 77.4692653, 23.2164765 ], [ 77.4692345, 23.2164531 ], [ 77.4692251, 23.2164235 ], [ 77.4692371, 23.2163434 ], [ 77.4692345, 23.2163015 ], [ 77.4692143, 23.2162817 ], [ 77.4690658, 23.216212 ], [ 77.4688121, 23.2161172 ], [ 77.4684346, 23.2159956 ], [ 77.4683809, 23.2159694 ], [ 77.4683406, 23.2159407 ] ] } },
{ "type": "Feature", "properties": { "name": "Urban Arterial", "highway": "residential", "slope_pct": 0.6 }, "geometry": { "type": "LineString", "coordinates": [ [ 77.4700913, 23.2144407 ], [ 77.4710527, 23.2150088 ], [ 77.4720501, 23.2155265 ] ] } },
{ "type": "Feature", "properties": { "name": "Urban Arterial", "highway": "residential", "slope_pct": 0.6 }, "geometry": { "type": "LineString", "coordinates": [ [ 77.4704898, 23.2157696 ], [ 77.4703168, 23.2160618 ], [ 77.4701728, 23.2162896 ] ] } },
{ "type": "Feature", "properties": { "name": "Urban Arterial", "highway": "residential", "slope_pct": 0.6 }, "geometry": { "type": "LineString", "coordinates": [ [ 77.4707761, 23.2154238 ], [ 77.4698007, 23.2148655 ], [ 77.4695742, 23.2147359 ], [ 77.4693297, 23.2146174 ], [ 77.4687873, 23.2143631 ] ] } },
{ "type": "Feature", "properties": { "name": "Urban Arterial", "highway": "residential", "slope_pct": 0.6 }, "geometry": { "type": "LineString", "coordinates": [ [ 77.4690937, 23.2156887 ], [ 77.469191, 23.2157837 ], [ 77.4693145, 23.2158364 ], [ 77.4697163, 23.2160485 ], [ 77.4701728, 23.2162896 ], [ 77.4711753, 23.2168428 ], [ 77.4715012, 23.2163548 ] ] } },
{ "type": "Feature", "properties": { "name": "Urban Arterial", "highway": "residential", "slope_pct": 0.6 }, "geometry": { "type": "LineString", "coordinates": [ [ 77.4650618, 23.2083062 ], [ 77.4647313, 23.2083164 ], [ 77.4646518, 23.2083188 ], [ 77.4645673, 23.2083513 ], [ 77.4645073, 23.2084236 ], [ 77.4644795, 23.2085287 ], [ 77.4643313, 23.2086266 ], [ 77.4643139, 23.2086344 ], [ 77.4642175, 23.2086999 ], [ 77.4638354, 23.208875 ], [ 77.4638279, 23.2089541 ], [ 77.4638351, 23.2092487 ], [ 77.4638227, 23.2094387 ], [ 77.4638981, 23.209676 ], [ 77.4639718, 23.2097365 ], [ 77.4640065, 23.2097747 ], [ 77.464029, 23.2098017 ], [ 77.4640991, 23.2099507 ] ] } },
{ "type": "Feature", "properties": { "name": "Urban Arterial", "highway": "residential", "slope_pct": 0.6 }, "geometry": { "type": "LineString", "coordinates": [ [ 77.4686621, 23.2175285 ], [ 77.4688001, 23.21715 ], [ 77.4688235, 23.2170673 ], [ 77.4688916, 23.2167902 ], [ 77.4689462, 23.2166204 ], [ 77.4690658, 23.216212 ], [ 77.4693145, 23.2158364 ] ] } },
{ "type": "Feature", "properties": { "name": "Urban Arterial", "highway": "unclassified", "slope_pct": 0.6 }, "geometry": { "type": "LineString", "coordinates": [ [ 77.4670338, 23.2101767 ], [ 77.4668637, 23.2100816 ], [ 77.4660356, 23.2092533 ] ] } },
{ "type": "Feature", "properties": { "name": "Urban Arterial", "highway": "residential", "slope_pct": 0.6 }, "geometry": { "type": "LineString", "coordinates": [ [ 77.4703817, 23.2140161 ], [ 77.470226, 23.2142438 ], [ 77.4700913, 23.2144407 ], [ 77.4699377, 23.2146653 ], [ 77.4698007, 23.2148655 ], [ 77.4696294, 23.215116 ], [ 77.4706164, 23.2156633 ], [ 77.4707761, 23.2154238 ], [ 77.4709178, 23.2152112 ], [ 77.4710527, 23.2150088 ], [ 77.4711979, 23.2147911 ], [ 77.471336, 23.2145839 ] ] } },
{ "type": "Feature", "properties": { "name": "Urban Arterial", "highway": "residential", "slope_pct": 0.6 }, "geometry": { "type": "LineString", "coordinates": [ [ 77.4774984, 23.2158558 ], [ 77.4773957, 23.215877 ], [ 77.4774229, 23.2161958 ], [ 77.476992, 23.2162082 ], [ 77.4766643, 23.2162308 ], [ 77.4765789, 23.2162849 ], [ 77.4764339, 23.216279 ], [ 77.4762873, 23.2162685 ], [ 77.4760544, 23.2162424 ], [ 77.4759994, 23.2162083 ], [ 77.4759625, 23.2161533 ], [ 77.4759539, 23.2161128 ], [ 77.4758183, 23.2161067 ], [ 77.4757084, 23.2161177 ], [ 77.4753673, 23.2160477 ], [ 77.4750624, 23.2161772 ], [ 77.474145, 23.2159626 ], [ 77.4739702, 23.2159253 ], [ 77.4736993, 23.2158841 ], [ 77.4724841, 23.2156973 ], [ 77.4723483, 23.2156811 ], [ 77.4722094, 23.2153502 ], [ 77.4721135, 23.2151084 ], [ 77.4720418, 23.2149741 ], [ 77.4719547, 23.2149259 ], [ 77.471336, 23.2145839 ], [ 77.4703817, 23.2140161 ], [ 77.4699051, 23.2137593 ], [ 77.4694088, 23.2134918 ], [ 77.469373, 23.2134335 ], [ 77.4693647, 23.21336 ], [ 77.4693923, 23.2132992 ], [ 77.4700463, 23.2122351 ], [ 77.4703591, 23.2118175 ], [ 77.4708142, 23.2112099 ] ] } },
{ "type": "Feature", "properties": { "name": "Urban Arterial", "highway": "secondary", "slope_pct": 0.6 }, "geometry": { "type": "LineString", "coordinates": [ [ 77.4664386, 23.2144107 ], [ 77.4661082, 23.2142757 ] ] } },
{ "type": "Feature", "properties": { "name": "Urban Arterial", "highway": "secondary", "slope_pct": 0.6 }, "geometry": { "type": "LineString", "coordinates": [ [ 77.4660811, 23.2143433 ], [ 77.4664124, 23.2144786 ] ] } },
{ "type": "Feature", "properties": { "name": "Urban Arterial", "highway": "secondary", "slope_pct": 0.6 }, "geometry": { "type": "LineString", "coordinates": [ [ 77.4637091, 23.2137005 ], [ 77.4651607, 23.2140923 ], [ 77.4660811, 23.2143433 ] ] } },
{ "type": "Feature", "properties": { "name": "Urban Arterial", "highway": "secondary", "slope_pct": 0.6 }, "geometry": { "type": "LineString", "coordinates": [ [ 77.4661082, 23.2142757 ], [ 77.4651828, 23.2140234 ], [ 77.4648317, 23.213921 ], [ 77.463732, 23.2136318 ] ] } },
{ "type": "Feature", "properties": { "name": "Urban Arterial", "highway": "residential", "slope_pct": 0.6 }, "geometry": { "type": "LineString", "coordinates": [ [ 77.468988, 23.2156218 ], [ 77.4695742, 23.2147359 ] ] } },
{ "type": "Feature", "properties": { "name": "Urban Arterial", "highway": "residential", "slope_pct": 0.6 }, "geometry": { "type": "LineString", "coordinates": [ [ 77.4637899, 23.2158023 ], [ 77.463874, 23.2154175 ] ] } },
{ "type": "Feature", "properties": { "name": "Urban Arterial", "highway": "residential", "slope_pct": 0.6 }, "geometry": { "type": "LineString", "coordinates": [ [ 77.4700463, 23.2122351 ], [ 77.4687298, 23.2113282 ] ] } },
{ "type": "Feature", "properties": { "name": "Urban Arterial", "highway": "residential", "slope_pct": 0.6 }, "geometry": { "type": "LineString", "coordinates": [ [ 77.4688121, 23.2161172 ], [ 77.4687298, 23.2159548 ], [ 77.4688602, 23.2156147 ] ] } },
{ "type": "Feature", "properties": { "name": "Urban Arterial", "highway": "residential", "slope_pct": 0.6 }, "geometry": { "type": "LineString", "coordinates": [ [ 77.4687663, 23.2154815 ], [ 77.4689496, 23.2151442 ], [ 77.4690552, 23.2149978 ], [ 77.4693297, 23.2146174 ], [ 77.4699051, 23.2137593 ] ] } },
{ "type": "Feature", "properties": { "name": "Urban Arterial", "highway": "unclassified", "slope_pct": 0.6 }, "geometry": { "type": "LineString", "coordinates": [ [ 77.4685831, 23.2115322 ], [ 77.4687298, 23.2113282 ], [ 77.4687222, 23.2112333 ], [ 77.4686866, 23.2111741 ], [ 77.468447, 23.2109937 ] ] } },
{ "type": "Feature", "properties": { "name": "Urban Arterial", "highway": "unclassified", "slope_pct": 0.6 }, "geometry": { "type": "LineString", "coordinates": [ [ 77.4673278, 23.2102659 ], [ 77.4670338, 23.2101767 ] ] } },
{ "type": "Feature", "properties": { "name": "Urban Arterial", "highway": "residential", "slope_pct": 0.6 }, "geometry": { "type": "LineString", "coordinates": [ [ 77.4683517, 23.2148047 ], [ 77.4689496, 23.2151442 ] ] } },
{ "type": "Feature", "properties": { "name": "Urban Arterial", "highway": "residential", "slope_pct": 0.6 }, "geometry": { "type": "LineString", "coordinates": [ [ 77.4679902, 23.2155903 ], [ 77.4683406, 23.2159407 ] ] } },
{ "type": "Feature", "properties": { "name": "Urban Arterial", "highway": "secondary_link", "slope_pct": 0.6 }, "geometry": { "type": "LineString", "coordinates": [ [ 77.4667051, 23.2145982 ], [ 77.4667653, 23.2145474 ], [ 77.4671625, 23.2142573 ] ] } },
{ "type": "Feature", "properties": { "name": "Urban Arterial", "highway": "residential", "slope_pct": 0.6 }, "geometry": { "type": "LineString", "coordinates": [ [ 77.4687873, 23.2143631 ], [ 77.4687197, 23.2145788 ], [ 77.4687157, 23.2146141 ], [ 77.4687216, 23.2146342 ], [ 77.4687599, 23.2146509 ], [ 77.4688285, 23.2146747 ], [ 77.4688772, 23.2147234 ] ] } },
{ "type": "Feature", "properties": { "name": "Urban Arterial", "highway": "unclassified", "slope_pct": 0.6 }, "geometry": { "type": "LineString", "coordinates": [ [ 77.468447, 23.2109937 ], [ 77.4674951, 23.210347 ], [ 77.4673278, 23.2102659 ] ] } },
{ "type": "Feature", "properties": { "name": "Urban Arterial", "highway": "unclassified", "slope_pct": 0.6 }, "geometry": { "type": "LineString", "coordinates": [ [ 77.466991, 23.214716 ], [ 77.4670213, 23.2146497 ], [ 77.4671625, 23.2142573 ], [ 77.4676454, 23.2129447 ], [ 77.4685831, 23.2115322 ] ] } },
{ "type": "Feature", "properties": { "name": "Urban Arterial", "highway": "unclassified", "slope_pct": 0.6 }, "geometry": { "type": "LineString", "coordinates": [ [ 77.468447, 23.2109937 ], [ 77.4685371, 23.2111322 ], [ 77.4685854, 23.2112678 ], [ 77.4685961, 23.2113787 ], [ 77.4685831, 23.2115322 ] ] } },
{ "type": "Feature", "properties": { "name": "Urban Arterial", "highway": "residential", "slope_pct": 0.6 }, "geometry": { "type": "LineString", "coordinates": [ [ 77.4647866, 23.20981 ], [ 77.4648465, 23.2098108 ] ] } },
{ "type": "Feature", "properties": { "name": "Urban Arterial", "highway": "residential", "slope_pct": 0.6 }, "geometry": { "type": "LineString", "coordinates": [ [ 77.4636609, 23.2149883 ], [ 77.4636891, 23.2146494 ] ] } },
{ "type": "Feature", "properties": { "name": "Urban Arterial", "highway": "residential", "slope_pct": 0.6 }, "geometry": { "type": "LineString", "coordinates": [ [ 77.470226, 23.2142438 ], [ 77.4711979, 23.2147911 ], [ 77.4722094, 23.2153502 ] ] } },
{ "type": "Feature", "properties": { "name": "Urban Arterial", "highway": "residential", "slope_pct": 0.6 }, "geometry": { "type": "LineString", "coordinates": [ [ 77.4703591, 23.2118175 ], [ 77.4708651, 23.2120841 ], [ 77.4710263, 23.2121479 ] ] } },
{ "type": "Feature", "properties": { "name": "Urban Arterial", "highway": "residential", "slope_pct": 0.6 }, "geometry": { "type": "LineString", "coordinates": [ [ 77.4708651, 23.2120841 ], [ 77.4712585, 23.2115718 ] ] } },
{ "type": "Feature", "properties": { "name": "Urban Arterial", "highway": "residential", "slope_pct": 0.6 }, "geometry": { "type": "LineString", "coordinates": [ [ 77.4706164, 23.2156633 ], [ 77.4705713, 23.2157324 ] ] } },
{ "type": "Feature", "properties": { "name": "Urban Arterial", "highway": "residential", "slope_pct": 0.6 }, "geometry": { "type": "LineString", "coordinates": [ [ 77.4495158, 23.2165697 ], [ 77.4494757, 23.2170939 ], [ 77.4494493, 23.2175794 ] ] } },
{ "type": "Feature", "properties": { "name": "Urban Arterial", "highway": "residential", "slope_pct": 0.6 }, "geometry": { "type": "LineString", "coordinates": [ [ 77.4457485, 23.2164142 ], [ 77.4464953, 23.2164453 ], [ 77.4475181, 23.2164815 ], [ 77.4481951, 23.2165161 ], [ 77.4495158, 23.2165697 ], [ 77.4509626, 23.216613 ], [ 77.4510796, 23.2166152 ], [ 77.4522722, 23.2166858 ], [ 77.4528385, 23.2167133 ], [ 77.4542545, 23.2167667 ], [ 77.4546651, 23.2167849 ], [ 77.4548476, 23.2167907 ], [ 77.4550149, 23.2167961 ], [ 77.4552715, 23.2168045 ], [ 77.4564115, 23.2168528 ], [ 77.4564977, 23.2168564 ], [ 77.4569628, 23.2168841 ], [ 77.4580471, 23.2169168 ], [ 77.4583251, 23.2169252 ], [ 77.4592135, 23.2169657 ], [ 77.4598941, 23.2170035 ], [ 77.4608263, 23.2170946 ], [ 77.4618774, 23.2171431 ], [ 77.4620663, 23.2171503 ], [ 77.4622375, 23.2171555 ], [ 77.4623327, 23.2171583 ], [ 77.4624895, 23.2171625 ], [ 77.4628037, 23.2171669 ], [ 77.4630794, 23.2171768 ] ] } },
{ "type": "Feature", "properties": { "name": "Urban Arterial", "highway": "residential", "slope_pct": 0.6 }, "geometry": { "type": "LineString", "coordinates": [ [ 77.4481708, 23.2170337 ], [ 77.4494757, 23.2170939 ], [ 77.4509389, 23.217192 ] ] } },
{ "type": "Feature", "properties": { "name": "Urban Arterial", "highway": "secondary", "slope_pct": 0.6 }, "geometry": { "type": "LineString", "coordinates": [ [ 77.4461015, 23.2162656 ], [ 77.4476298, 23.2163229 ], [ 77.4481944, 23.216352 ], [ 77.4485296, 23.2163692 ], [ 77.4497401, 23.2164622 ], [ 77.4509706, 23.2164798 ], [ 77.4509826, 23.21648 ], [ 77.4510911, 23.2164834 ], [ 77.452285, 23.2165261 ], [ 77.4548974, 23.216661 ], [ 77.4552787, 23.2166878 ], [ 77.4553722, 23.2166912 ], [ 77.4556836, 23.2167026 ], [ 77.4560884, 23.2167174 ], [ 77.4564933, 23.2167322 ], [ 77.4568981, 23.216747 ], [ 77.456963, 23.216752 ], [ 77.4573194, 23.2167657 ], [ 77.4576758, 23.2167794 ], [ 77.4580322, 23.2167931 ], [ 77.4583886, 23.2168068 ], [ 77.4584986, 23.2168108 ], [ 77.4589378, 23.2168266 ], [ 77.45943, 23.2168489 ], [ 77.4599222, 23.2168712 ], [ 77.4599756, 23.2168733 ], [ 77.4601906, 23.2168817 ], [ 77.460459, 23.2168922 ], [ 77.4607274, 23.2169027 ], [ 77.4609958, 23.2169132 ], [ 77.4612641, 23.2169237 ], [ 77.4615325, 23.2169342 ], [ 77.4618009, 23.2169447 ], [ 77.4620693, 23.2169552 ], [ 77.4625098, 23.2169784 ] ] } },
{ "type": "Feature", "properties": { "name": "Urban Arterial", "highway": "residential", "slope_pct": 0.6 }, "geometry": { "type": "LineString", "coordinates": [ [ 77.4563323, 23.2205464 ], [ 77.4563372, 23.2204499 ], [ 77.4563363, 23.2202601 ], [ 77.4563676, 23.2198472 ], [ 77.456391, 23.2193411 ], [ 77.4564003, 23.2191977 ], [ 77.4563934, 23.2189091 ], [ 77.4563898, 23.2187595 ], [ 77.456425, 23.2184641 ], [ 77.456427, 23.2184307 ], [ 77.4564734, 23.2173982 ], [ 77.4564977, 23.2168564 ] ] } },
{ "type": "Feature", "properties": { "name": "Urban Arterial", "highway": "residential", "slope_pct": 0.6 }, "geometry": { "type": "LineString", "coordinates": [ [ 77.4550149, 23.2167961 ], [ 77.454999, 23.2173351 ], [ 77.4549777, 23.2177644 ], [ 77.4549258, 23.2183958 ], [ 77.454913, 23.218847 ], [ 77.4548981, 23.2192033 ], [ 77.4548943, 23.2192919 ], [ 77.4548657, 23.2197685 ], [ 77.4548458, 23.2201623 ], [ 77.4548252, 23.2205166 ] ] } },
{ "type": "Feature", "properties": { "name": "Urban Arterial", "highway": "residential", "slope_pct": 0.6 }, "geometry": { "type": "LineString", "coordinates": [ [ 77.4528385, 23.2167133 ], [ 77.4528165, 23.2172339 ], [ 77.4527948, 23.217675 ], [ 77.4527921, 23.2177305 ], [ 77.4527635, 23.2183106 ], [ 77.4527458, 23.2187712 ], [ 77.4536486, 23.2187914 ], [ 77.4536992, 23.2187924 ], [ 77.4538624, 23.2187958 ], [ 77.453901, 23.2187977 ], [ 77.454913, 23.218847 ], [ 77.4562776, 23.2189055 ], [ 77.4563934, 23.2189091 ] ] } },
{ "type": "Feature", "properties": { "name": "Urban Arterial", "highway": "residential", "slope_pct": 0.6 }, "geometry": { "type": "LineString", "coordinates": [ [ 77.4509706, 23.2164798 ], [ 77.4509626, 23.216613 ], [ 77.4509389, 23.217192 ], [ 77.4509357, 23.2173169 ], [ 77.4509127, 23.2176275 ], [ 77.4508868, 23.2178614 ], [ 77.4508719, 23.2179958 ], [ 77.4508457, 23.2182325 ] ] } },
{ "type": "Feature", "properties": { "name": "Urban Arterial", "highway": "residential", "slope_pct": 0.6 }, "geometry": { "type": "LineString", "coordinates": [ [ 77.4542545, 23.2167667 ], [ 77.454235, 23.2172963 ] ] } },
{ "type": "Feature", "properties": { "name": "Urban Arterial", "highway": "residential", "slope_pct": 0.6 }, "geometry": { "type": "LineString", "coordinates": [ [ 77.4564115, 23.2168528 ], [ 77.4563848, 23.2173994 ], [ 77.4563304, 23.2184603 ], [ 77.4562776, 23.2189055 ], [ 77.4562912, 23.2193366 ], [ 77.4562588, 23.2198263 ], [ 77.4562311, 23.2202437 ] ] } },
{ "type": "Feature", "properties": { "name": "Urban Arterial", "highway": "residential", "slope_pct": 0.6 }, "geometry": { "type": "LineString", "coordinates": [ [ 77.456963, 23.216752 ], [ 77.4569628, 23.2168841 ], [ 77.4569654, 23.2173386 ], [ 77.4569102, 23.2180178 ], [ 77.4569018, 23.2184552 ] ] } },
{ "type": "Feature", "properties": { "name": "Urban Arterial", "highway": "residential", "slope_pct": 0.6 }, "geometry": { "type": "LineString", "coordinates": [ [ 77.4568981, 23.216747 ], [ 77.4569011, 23.2166722 ], [ 77.4569105, 23.2164947 ] ] } },
{ "type": "Feature", "properties": { "name": "Urban Arterial", "highway": "residential", "slope_pct": 0.6 }, "geometry": { "type": "LineString", "coordinates": [ [ 77.4509798, 23.2182337 ], [ 77.4510161, 23.2176349 ], [ 77.4510565, 23.2171995 ], [ 77.4510574, 23.2171361 ], [ 77.4510796, 23.2166152 ], [ 77.4510911, 23.2164834 ] ] } },
{ "type": "Feature", "properties": { "name": "Urban Arterial", "highway": "residential", "slope_pct": 0.6 }, "geometry": { "type": "LineString", "coordinates": [ [ 77.4548775, 23.2164695 ], [ 77.4548819, 23.2164878 ], [ 77.4549077, 23.2165958 ], [ 77.4548974, 23.216661 ], [ 77.4548476, 23.2167907 ] ] } },
{ "type": "Feature", "properties": { "name": "Urban Arterial", "highway": "residential", "slope_pct": 0.6 }, "geometry": { "type": "LineString", "coordinates": [ [ 77.4522933, 23.2163692 ], [ 77.4522896, 23.2164364 ], [ 77.452285, 23.2165261 ], [ 77.4522722, 23.2166858 ], [ 77.4522577, 23.217199 ], [ 77.4522547, 23.2172855 ], [ 77.4522402, 23.2177 ] ] } },
{ "type": "Feature", "properties": { "name": "Urban Arterial", "highway": "residential", "slope_pct": 0.6 }, "geometry": { "type": "LineString", "coordinates": [ [ 77.4548676, 23.2164281 ], [ 77.4548775, 23.2164695 ] ] } },
{ "type": "Feature", "properties": { "name": "Urban Arterial", "highway": "residential", "slope_pct": 0.6 }, "geometry": { "type": "LineString", "coordinates": [ [ 77.4592135, 23.2169657 ], [ 77.459188, 23.2174234 ], [ 77.4591346, 23.2181072 ], [ 77.4591362, 23.2185252 ], [ 77.4591245, 23.2190436 ], [ 77.4591989, 23.2193142 ], [ 77.4593983, 23.21966 ] ] } },
{ "type": "Feature", "properties": { "name": "Urban Arterial", "highway": "residential", "slope_pct": 0.6 }, "geometry": { "type": "LineString", "coordinates": [ [ 77.4608263, 23.2170946 ], [ 77.4608051, 23.2174942 ], [ 77.4607534, 23.2178516 ], [ 77.4607136, 23.2181556 ], [ 77.4607319, 23.2187766 ], [ 77.4608574, 23.2191394 ] ] } },
{ "type": "Feature", "properties": { "name": "Urban Arterial", "highway": "residential", "slope_pct": 0.6 }, "geometry": { "type": "LineString", "coordinates": [ [ 77.4618774, 23.2171431 ], [ 77.4618697, 23.2175317 ], [ 77.4618532, 23.2178864 ], [ 77.4618597, 23.2181382 ], [ 77.4619245, 23.2184831 ] ] } },
{ "type": "Feature", "properties": { "name": "Urban Arterial", "highway": "residential", "slope_pct": 0.6 }, "geometry": { "type": "LineString", "coordinates": [ [ 77.4623327, 23.2171583 ], [ 77.4623047, 23.2176706 ], [ 77.4623739, 23.2183825 ], [ 77.4624796, 23.2187529 ] ] } },
{ "type": "Feature", "properties": { "name": "Urban Arterial", "highway": "residential", "slope_pct": 0.6 }, "geometry": { "type": "LineString", "coordinates": [ [ 77.4628037, 23.2171669 ], [ 77.4627674, 23.2180805 ] ] } },
{ "type": "Feature", "properties": { "name": "Urban Arterial", "highway": "residential", "slope_pct": 0.6 }, "geometry": { "type": "LineString", "coordinates": [ [ 77.4588411, 23.2161553 ], [ 77.4594876, 23.2161805 ] ] } },
{ "type": "Feature", "properties": { "name": "Urban Arterial", "highway": "residential", "slope_pct": 0.6 }, "geometry": { "type": "LineString", "coordinates": [ [ 77.4607323, 23.21627 ], [ 77.4616599, 23.2162969 ], [ 77.4621111, 23.2163031 ] ] } },
{ "type": "Feature", "properties": { "name": "Urban Arterial", "highway": "residential", "slope_pct": 0.6 }, "geometry": { "type": "LineString", "coordinates": [ [ 77.4630794, 23.2171768 ], [ 77.4632509, 23.2171863 ] ] } },
{ "type": "Feature", "properties": { "name": "Urban Arterial", "highway": "residential", "slope_pct": 0.6 }, "geometry": { "type": "LineString", "coordinates": [ [ 77.4583251, 23.2169252 ], [ 77.4583886, 23.2168068 ] ] } },
{ "type": "Feature", "properties": { "name": "Urban Arterial", "highway": "secondary_link", "slope_pct": 0.6 }, "geometry": { "type": "LineString", "coordinates": [ [ 77.4583886, 23.2168068 ], [ 77.4584098, 23.2167258 ] ] } },
{ "type": "Feature", "properties": { "name": "Urban Arterial", "highway": "secondary", "slope_pct": 0.6 }, "geometry": { "type": "LineString", "coordinates": [ [ 77.4628817, 23.2168944 ], [ 77.462697, 23.2168907 ], [ 77.4625123, 23.216887 ], [ 77.4624685, 23.2168844 ], [ 77.462083, 23.2168618 ] ] } },
{ "type": "Feature", "properties": { "name": "Urban Arterial", "highway": "residential", "slope_pct": 0.6 }, "geometry": { "type": "LineString", "coordinates": [ [ 77.4594876, 23.2161805 ], [ 77.4598931, 23.2162027 ] ] } },
{ "type": "Feature", "properties": { "name": "Urban Arterial", "highway": "secondary", "slope_pct": 0.6 }, "geometry": { "type": "LineString", "coordinates": [ [ 77.4631643, 23.2169123 ], [ 77.4628817, 23.2168944 ] ] } },
{ "type": "Feature", "properties": { "name": "Urban Arterial", "highway": "secondary", "slope_pct": 0.6 }, "geometry": { "type": "LineString", "coordinates": [ [ 77.4634927, 23.2169272 ], [ 77.4633725, 23.2169235 ], [ 77.4631643, 23.2169123 ] ] } },
{ "type": "Feature", "properties": { "name": "Urban Arterial", "highway": "secondary", "slope_pct": 0.6 }, "geometry": { "type": "LineString", "coordinates": [ [ 77.4628937, 23.216988 ], [ 77.4631753, 23.217008 ] ] } },
{ "type": "Feature", "properties": { "name": "Urban Arterial", "highway": "secondary", "slope_pct": 0.6 }, "geometry": { "type": "LineString", "coordinates": [ [ 77.4625098, 23.2169784 ], [ 77.4625506, 23.2169794 ], [ 77.4628937, 23.216988 ] ] } },
{ "type": "Feature", "properties": { "name": "Urban Arterial", "highway": "residential", "slope_pct": 0.6 }, "geometry": { "type": "LineString", "coordinates": [ [ 77.458034, 23.2173688 ], [ 77.4580471, 23.2169168 ] ] } },
{ "type": "Feature", "properties": { "name": "Urban Arterial", "highway": "residential", "slope_pct": 0.6 }, "geometry": { "type": "LineString", "coordinates": [ [ 77.4625794, 23.2162406 ], [ 77.4628857, 23.2162461 ] ] } },
{ "type": "Feature", "properties": { "name": "Urban Arterial", "highway": "residential", "slope_pct": 0.6 }, "geometry": { "type": "LineString", "coordinates": [ [ 77.4622375, 23.2171555 ], [ 77.4622378, 23.2171411 ] ] } },
{ "type": "Feature", "properties": { "name": "Urban Arterial", "highway": "residential", "slope_pct": 0.6 }, "geometry": { "type": "LineString", "coordinates": [ [ 77.4634927, 23.2169272 ], [ 77.46349, 23.217018 ], [ 77.4634843, 23.2171864 ] ] } },
{ "type": "Feature", "properties": { "name": "Urban Arterial", "highway": "residential", "slope_pct": 0.6 }, "geometry": { "type": "LineString", "coordinates": [ [ 77.4552745, 23.2164364 ], [ 77.4557339, 23.2164481 ], [ 77.4569105, 23.2164947 ], [ 77.457327, 23.2165062 ], [ 77.4583871, 23.2165381 ], [ 77.4588136, 23.2165608 ], [ 77.4598751, 23.216629 ], [ 77.4602662, 23.2166506 ], [ 77.4607128, 23.2166692 ], [ 77.4620842, 23.2167416 ], [ 77.4625441, 23.2167613 ] ] } },
{ "type": "Feature", "properties": { "name": "Urban Arterial", "highway": "secondary", "slope_pct": 0.6 }, "geometry": { "type": "LineString", "coordinates": [ [ 77.4631753, 23.217008 ], [ 77.4633833, 23.2170153 ], [ 77.46349, 23.217018 ], [ 77.4638754, 23.2170211 ] ] } },
{ "type": "Feature", "properties": { "name": "Urban Arterial", "highway": "secondary", "slope_pct": 0.6 }, "geometry": { "type": "LineString", "coordinates": [ [ 77.4637315, 23.216929 ], [ 77.4634927, 23.2169272 ] ] } },
{ "type": "Feature", "properties": { "name": "Urban Arterial", "highway": "secondary", "slope_pct": 0.6 }, "geometry": { "type": "LineString", "coordinates": [ [ 77.4638754, 23.2170211 ], [ 77.4639124, 23.2170219 ], [ 77.4641019, 23.2170261 ] ] } },
{ "type": "Feature", "properties": { "name": "Urban Arterial", "highway": "residential", "slope_pct": 0.6 }, "geometry": { "type": "LineString", "coordinates": [ [ 77.4689462, 23.2166204 ], [ 77.4695233, 23.2168276 ], [ 77.4698291, 23.2169358 ], [ 77.4699708, 23.2170012 ], [ 77.4700585, 23.2171099 ] ] } },
{ "type": "Feature", "properties": { "name": "Urban Arterial", "highway": "residential", "slope_pct": 0.6 }, "geometry": { "type": "LineString", "coordinates": [ [ 77.4688916, 23.2167902 ], [ 77.4692392, 23.2169733 ], [ 77.4693812, 23.2171152 ], [ 77.4693814, 23.2172036 ] ] } },
{ "type": "Feature", "properties": { "name": "Urban Arterial", "highway": "secondary", "slope_pct": 0.6 }, "geometry": { "type": "LineString", "coordinates": [ [ 77.4638156, 23.2169305 ], [ 77.4637315, 23.216929 ] ] } },
{ "type": "Feature", "properties": { "name": "Urban Arterial", "highway": "residential", "slope_pct": 0.6 }, "geometry": { "type": "LineString", "coordinates": [ [ 77.4671346, 23.2171012 ], [ 77.4671376, 23.2170192 ] ] } },
{ "type": "Feature", "properties": { "name": "Urban Arterial", "highway": "secondary", "slope_pct": 0.6 }, "geometry": { "type": "LineString", "coordinates": [ [ 77.4787953, 23.2188339 ], [ 77.4787469, 23.2188142 ], [ 77.4784203, 23.2187306 ], [ 77.4781613, 23.2186757 ], [ 77.4777993, 23.2186011 ], [ 77.4775828, 23.2185604 ], [ 77.4772383, 23.2185153 ], [ 77.4770845, 23.2184975 ], [ 77.4768438, 23.2184718 ], [ 77.475967, 23.2183996 ], [ 77.4756383, 23.2183675 ], [ 77.475495, 23.218356 ], [ 77.4753324, 23.2183347 ], [ 77.4751045, 23.2182935 ], [ 77.4746995, 23.2181967 ], [ 77.4745977, 23.2181719 ], [ 77.4745086, 23.2181448 ], [ 77.474311, 23.2180798 ], [ 77.4740291, 23.2179786 ], [ 77.4732936, 23.2177141 ], [ 77.4718062, 23.2171653 ], [ 77.4714169, 23.2170685 ], [ 77.4711967, 23.2170379 ], [ 77.4711326, 23.2170325 ], [ 77.4711064, 23.2170335 ], [ 77.4710577, 23.2170354 ], [ 77.4708852, 23.2170421 ], [ 77.4705404, 23.2170746 ], [ 77.4700585, 23.2171099 ], [ 77.4696808, 23.2171179 ], [ 77.4693812, 23.2171152 ], [ 77.4693273, 23.2171106 ], [ 77.4688235, 23.2170673 ], [ 77.4687717, 23.217064 ], [ 77.4685145, 23.2170473 ], [ 77.4681703, 23.2170403 ], [ 77.4678261, 23.2170333 ], [ 77.4674818, 23.2170262 ], [ 77.4671376, 23.2170192 ], [ 77.467036, 23.2170171 ], [ 77.4667844, 23.2170104 ], [ 77.4665328, 23.2170037 ], [ 77.4662812, 23.216997 ], [ 77.4660296, 23.2169903 ], [ 77.4657779, 23.2169836 ], [ 77.4655263, 23.2169769 ], [ 77.4652747, 23.2169702 ], [ 77.4650231, 23.2169635 ], [ 77.4647216, 23.2169567 ], [ 77.4645113, 23.2169509 ], [ 77.464301, 23.216945 ], [ 77.4640907, 23.2169392 ], [ 77.4638804, 23.2169333 ], [ 77.4638156, 23.2169305 ] ] } },
{ "type": "Feature", "properties": { "name": "Urban Arterial", "highway": "secondary", "slope_pct": 0.6 }, "geometry": { "type": "LineString", "coordinates": [ [ 77.4641019, 23.2170261 ], [ 77.4644178, 23.2170324 ], [ 77.4647336, 23.2170386 ], [ 77.4650566, 23.2170478 ], [ 77.4655527, 23.2170606 ], [ 77.4660487, 23.2170734 ], [ 77.4665448, 23.2170862 ], [ 77.4670408, 23.217099 ], [ 77.4671346, 23.2171012 ], [ 77.4671839, 23.2171024 ], [ 77.467641, 23.2171133 ], [ 77.4681473, 23.2171255 ], [ 77.4688001, 23.21715 ], [ 77.4688367, 23.2171534 ], [ 77.4693814, 23.2172036 ], [ 77.4694294, 23.2172047 ], [ 77.4695622, 23.2172076 ], [ 77.4698151, 23.217205 ], [ 77.4702195, 23.2171784 ], [ 77.4708953, 23.2171257 ], [ 77.4711101, 23.2171162 ], [ 77.4711374, 23.217115 ], [ 77.4713698, 23.2171415 ], [ 77.4717801, 23.2172379 ], [ 77.4732641, 23.2177948 ], [ 77.4738776, 23.2180177 ], [ 77.4741614, 23.2181213 ], [ 77.4743845, 23.2181968 ], [ 77.4745267, 23.2182423 ], [ 77.4746824, 23.2182841 ], [ 77.4750809, 23.2183759 ], [ 77.4752404, 23.2184048 ], [ 77.4754043, 23.2184284 ], [ 77.4755885, 23.2184467 ], [ 77.4759567, 23.2184764 ], [ 77.4768187, 23.2185551 ], [ 77.4776216, 23.2186569 ], [ 77.4777905, 23.2186814 ], [ 77.4783566, 23.2188006 ], [ 77.4787083, 23.2188878 ], [ 77.4787724, 23.2189083 ] ] } }
]
}
