{
"type": "FeatureCollection",
"name": "roads_19.02_72.84",
"crs": { "type": "name", "properties": { "name": "urn:ogc:def:crs:OGC:1.3:CRS84" } },
"features": [
{ "type": "Feature", "properties": { "name": "B J Deorukhkar Marg", "highway": "residential", "slope_pct": 0.6 }, "geometry": { "type": "LineString", "coordinates": [ [ 72.846846, 19.0090931 ], [ 72.8461431, 19.0093968 ], [ 72.8456958, 19.0095758 ], [ 72.8446512, 19.0101127 ], [ 72.8440381, 19.0105028 ], [ 72.843054, 19.0111116 ] ] } },
{ "type": "Feature", "properties": { "name": "Govindji Keni Road", "highway": "tertiary", "slope_pct": 0.6 }, "geometry": { "type": "LineString", "coordinates": [ [ 72.8459171, 19.0058118 ], [ 72.8455189, 19.0063949 ], [ 72.8450587, 19.0070039 ], [ 72.8448342, 19.0073028 ], [ 72.8446119, 19.0076101 ], [ 72.8443818, 19.0079282 ] ] } },
{ "type": "Feature", "properties": { "name": "Parel Bhowada Street", "highway": "residential", "slope_pct": 0.6 }, "geometry": { "type": "LineString", "coordinates": [ [ 72.8462492, 19.0073322 ], [ 72.8454421, 19.0077614 ] ] } },
{ "type": "Feature", "properties": { "name": "M G Vasahat Marg", "highway": "residential", "slope_pct": 0.6 }, "geometry": { "type": "LineString", "coordinates": [ [ 72.848675, 19.0037787 ], [ 72.8486524, 19.004032 ], [ 72.8486181, 19.0040521 ], [ 72.8483279, 19.0040648 ], [ 72.8482134, 19.0040708 ], [ 72.8481799, 19.0040958 ], [ 72.8481862, 19.0043353 ], [ 72.8481913, 19.0045545 ], [ 72.8482226, 19.0047495 ], [ 72.8482293, 19.0047912 ], [ 72.848271, 19.0050502 ], [ 72.8483249, 19.005385 ] ] } },
{ "type": "Feature", "properties": { "name": "Jerbai Wadia Marg", "highway": "secondary", "slope_pct": 0.6 }, "geometry": { "type": "LineString", "coordinates": [ [ 72.8462606, 19.0058445 ], [ 72.8463006, 19.0057957 ], [ 72.8463754, 19.0057224 ], [ 72.8464679, 19.0056676 ], [ 72.8476449, 19.0054409 ], [ 72.8482225, 19.0053934 ], [ 72.8483249, 19.005385 ], [ 72.8486798, 19.0053415 ], [ 72.848882, 19.0053167 ], [ 72.8489056, 19.0053139 ], [ 72.8490741, 19.0052939 ], [ 72.8491392, 19.005272 ], [ 72.8508948, 19.0050543 ], [ 72.8509765, 19.0050528 ], [ 72.8510591, 19.0050513 ], [ 72.8521682, 19.0049585 ] ] } },
{ "type": "Feature", "properties": { "name": "Jagannath Bhatnagar Road", "highway": "secondary", "slope_pct": 0.6 }, "geometry": { "type": "LineString", "coordinates": [ [ 72.8340615, 19.008827 ], [ 72.8339853, 19.008873 ], [ 72.8334559, 19.0091918 ] ] } },
{ "type": "Feature", "properties": { "name": "V V D Buva Road", "highway": "residential", "slope_pct": 0.6 }, "geometry": { "type": "LineString", "coordinates": [ [ 72.8450587, 19.0070039 ], [ 72.8454421, 19.0077614 ], [ 72.8455679, 19.0080235 ], [ 72.8460087, 19.0090348 ], [ 72.8461431, 19.0093968 ], [ 72.8466732, 19.0105596 ], [ 72.8469313, 19.011075 ] ] } },
{ "type": "Feature", "properties": { "name": "Jyotiba Phule Marg", "highway": "residential", "slope_pct": 0.6 }, "geometry": { "type": "LineString", "coordinates": [ [ 72.8436319, 19.008552 ], [ 72.8446512, 19.0101127 ], [ 72.8456781, 19.0116447 ] ] } },
{ "type": "Feature", "properties": { "name": "Marg No 2", "highway": "residential", "slope_pct": 0.6 }, "geometry": { "type": "LineString", "coordinates": [ [ 72.8457515, 19.0180049 ], [ 72.8451546, 19.0170956 ] ] } },
{ "type": "Feature", "properties": { "name": "Parsi Colony Road No 4", "highway": "residential", "slope_pct": 0.6 }, "geometry": { "type": "LineString", "coordinates": [ [ 72.850998, 19.0157736 ], [ 72.8513219, 19.0162331 ], [ 72.8519218, 19.0170834 ], [ 72.8522919, 19.0176054 ] ] } },
{ "type": "Feature", "properties": { "name": "Balaram Khedekar Marg", "highway": "residential", "slope_pct": 0.6 }, "geometry": { "type": "LineString", "coordinates": [ [ 72.8499322, 19.0124147 ], [ 72.8501995, 19.0128231 ], [ 72.8503912, 19.013116 ], [ 72.8504901, 19.0132549 ], [ 72.850733, 19.0135838 ], [ 72.8508661, 19.013764 ], [ 72.8509831, 19.0139225 ], [ 72.8515182, 19.0146538 ], [ 72.8515245, 19.0146597 ], [ 72.8520138, 19.0151168 ], [ 72.8523358, 19.0154356 ], [ 72.8526852, 19.0157338 ], [ 72.8534426, 19.0163637 ] ] } },
{ "type": "Feature", "properties": { "name": "P Pednekar Marg", "highway": "residential", "slope_pct": 0.6 }, "geometry": { "type": "LineString", "coordinates": [ [ 72.846846, 19.0090931 ], [ 72.8473122, 19.0101203 ], [ 72.8473849, 19.0102708 ], [ 72.8476131, 19.0107918 ] ] } },
{ "type": "Feature", "properties": { "name": "Road No 5", "highway": "residential", "slope_pct": 0.6 }, "geometry": { "type": "LineString", "coordinates": [ [ 72.8475432, 19.0124787 ], [ 72.8472032, 19.0126154 ], [ 72.8464891, 19.0129022 ] ] } },
{ "type": "Feature", "properties": { "name": "Parsi Colony Road No 5", "highway": "residential", "slope_pct": 0.6 }, "geometry": { "type": "LineString", "coordinates": [ [ 72.850939, 19.0164735 ], [ 72.851083, 19.0166703 ], [ 72.8513299, 19.0169841 ], [ 72.8515749, 19.0173151 ] ] } },
{ "type": "Feature", "properties": { "name": "Scheme 5 Road no.5", "highway": "residential", "slope_pct": 0.6 }, "geometry": { "type": "LineString", "coordinates": [ [ 72.8483142, 19.0203695 ], [ 72.8470159, 19.0212387 ], [ 72.8469795, 19.0212631 ] ] } },
{ "type": "Feature", "properties": { "name": "Scheme 5 Road no.4", "highway": "residential", "slope_pct": 0.6 }, "geometry": { "type": "LineString", "coordinates": [ [ 72.8479681, 19.0198951 ], [ 72.8464932, 19.0208936 ], [ 72.846461, 19.0209154 ] ] } },
{ "type": "Feature", "properties": { "name": "Scheme 5 Road no.3", "highway": "residential", "slope_pct": 0.6 }, "geometry": { "type": "LineString", "coordinates": [ [ 72.8476913, 19.0195157 ], [ 72.8469528, 19.0200019 ], [ 72.8466957, 19.020173 ], [ 72.8461775, 19.0205125 ] ] } },
{ "type": "Feature", "properties": { "name": "Dinshaw Master Road", "highway": "residential", "slope_pct": 0.6 }, "geometry": { "type": "LineString", "coordinates": [ [ 72.8530862, 19.0170464 ], [ 72.8522919, 19.0176054 ], [ 72.8509898, 19.0184866 ] ] } },
{ "type": "Feature", "properties": { "name": "Lokmanya Tilak Vasahat Road No. 1", "highway": "residential", "slope_pct": 0.6 }, "geometry": { "type": "LineString", "coordinates": [ [ 72.8448319, 19.0186076 ], [ 72.8453075, 19.0182959 ], [ 72.8456516, 19.0180704 ], [ 72.8457515, 19.0180049 ], [ 72.8462844, 19.0176556 ] ] } },
{ "type": "Feature", "properties": { "name": "Khareghat Road", "highway": "residential", "slope_pct": 0.6 }, "geometry": { "type": "LineString", "coordinates": [ [ 72.8533223, 19.0177125 ], [ 72.852693, 19.0181731 ], [ 72.8521372, 19.0185405 ], [ 72.8520998, 19.0185652 ], [ 72.8518154, 19.0187497 ] ] } },
{ "type": "Feature", "properties": { "name": "Scheme 5 Road no.2", "highway": "residential", "slope_pct": 0.6 }, "geometry": { "type": "LineString", "coordinates": [ [ 72.8474151, 19.0191373 ], [ 72.846684, 19.0196203 ], [ 72.8464283, 19.0197877 ], [ 72.8459059, 19.0201266 ] ] } },
{ "type": "Feature", "properties": { "name": "Jam-e-Jamshed Lane", "highway": "residential", "slope_pct": 0.6 }, "geometry": { "type": "LineString", "coordinates": [ [ 72.8476506, 19.0157606 ], [ 72.8487738, 19.0171976 ] ] } },
{ "type": "Feature", "properties": { "name": "Sir Bhalchandra Road", "highway": "residential", "slope_pct": 0.6 }, "geometry": { "type": "LineString", "coordinates": [ [ 72.8540381, 19.0269092 ], [ 72.8538841, 19.0267643 ], [ 72.85369, 19.0265818 ], [ 72.853411, 19.0263159 ], [ 72.853344, 19.0262511 ], [ 72.8531317, 19.0260462 ], [ 72.8529157, 19.0258378 ], [ 72.8527171, 19.0256459 ], [ 72.8524874, 19.0254241 ], [ 72.8520222, 19.0249747 ], [ 72.8515848, 19.0244706 ], [ 72.8506628, 19.023407 ], [ 72.850623, 19.0233611 ], [ 72.8505078, 19.0232386 ], [ 72.8502809, 19.0229972 ], [ 72.85016, 19.0228708 ] ] } },
{ "type": "Feature", "properties": { "name": "Jame Jamshed Road", "highway": "residential", "slope_pct": 0.6 }, "geometry": { "type": "LineString", "coordinates": [ [ 72.8490931, 19.0175028 ], [ 72.8490653, 19.0175314 ], [ 72.8490539, 19.0175702 ], [ 72.8490629, 19.0176111 ], [ 72.8490852, 19.0176472 ], [ 72.8491184, 19.0176747 ], [ 72.8491592, 19.0176909 ] ] } },
{ "type": "Feature", "properties": { "name": "Dr Ghanti Road", "highway": "residential", "slope_pct": 0.6 }, "geometry": { "type": "LineString", "coordinates": [ [ 72.8513219, 19.0162331 ], [ 72.850939, 19.0164735 ], [ 72.8498663, 19.017143 ], [ 72.8492572, 19.0175248 ] ] } },
{ "type": "Feature", "properties": { "name": "D.V. Pradhan Road", "highway": "residential", "slope_pct": 0.6 }, "geometry": { "type": "LineString", "coordinates": [ [ 72.8471568, 19.0187833 ], [ 72.8465706, 19.019156 ], [ 72.8465002, 19.0192008 ], [ 72.8464618, 19.0192252 ], [ 72.8464184, 19.0192534 ], [ 72.8462859, 19.0193368 ], [ 72.8456396, 19.019748 ] ] } },
{ "type": "Feature", "properties": { "name": "Jehangir Vimadalal Road", "highway": "residential", "slope_pct": 0.6 }, "geometry": { "type": "LineString", "coordinates": [ [ 72.8519218, 19.0170834 ], [ 72.8515749, 19.0173151 ], [ 72.8509328, 19.0177508 ], [ 72.8503512, 19.018142 ] ] } },
{ "type": "Feature", "properties": { "name": "Mancherji Joshi Road", "highway": "residential", "slope_pct": 0.6 }, "geometry": { "type": "LineString", "coordinates": [ [ 72.8492572, 19.0175248 ], [ 72.8492317, 19.017508 ], [ 72.8492031, 19.0174965 ], [ 72.8491727, 19.017491 ], [ 72.8491416, 19.0174915 ], [ 72.8491114, 19.0174981 ], [ 72.8490931, 19.0175028 ] ] } },
{ "type": "Feature", "properties": { "name": "Swami Gyan Jiwandas Marg", "highway": "tertiary", "slope_pct": 0.6 }, "geometry": { "type": "LineString", "coordinates": [ [ 72.8464754, 19.0163138 ], [ 72.8461406, 19.0165819 ], [ 72.8456614, 19.0168315 ], [ 72.8451546, 19.0170956 ], [ 72.8446026, 19.01729 ] ] } },
{ "type": "Feature", "properties": { "name": "Khodadad Circle", "highway": "trunk", "slope_pct": 0.6 }, "geometry": { "type": "LineString", "coordinates": [ [ 72.8481782, 19.0179453 ], [ 72.8482016, 19.0178783 ], [ 72.8482119, 19.0178084 ], [ 72.8482088, 19.0177379 ], [ 72.8481923, 19.0176691 ] ] } },
{ "type": "Feature", "properties": { "name": "G.D. Ambedkar Marg", "highway": "secondary", "slope_pct": 0.6 }, "geometry": { "type": "LineString", "coordinates": [ [ 72.8472558, 19.0076743 ], [ 72.8471899, 19.0072579 ], [ 72.8471452, 19.0070807 ], [ 72.8471092, 19.006951 ], [ 72.8470638, 19.0068339 ], [ 72.8468516, 19.0064744 ], [ 72.8465307, 19.0061055 ], [ 72.8462606, 19.0058445 ], [ 72.8461414, 19.005782 ], [ 72.8459963, 19.0057393 ] ] } },
{ "type": "Feature", "properties": { "name": "Saint Paul Marg", "highway": "residential", "slope_pct": 0.6 }, "geometry": { "type": "LineString", "coordinates": [ [ 72.8428243, 19.0087076 ], [ 72.8432841, 19.0082739 ], [ 72.8436966, 19.0078547 ], [ 72.8437315, 19.0077976 ], [ 72.8438213, 19.0075085 ], [ 72.8438535, 19.0074578 ], [ 72.8439032, 19.0074223 ], [ 72.8440949, 19.00735 ] ] } },
{ "type": "Feature", "properties": { "name": "Urban Corridor", "highway": "tertiary", "slope_pct": 0.6 }, "geometry": { "type": "LineString", "coordinates": [ [ 72.8436319, 19.008552 ], [ 72.8429923, 19.0089468 ], [ 72.842106, 19.0095276 ] ] } },
{ "type": "Feature", "properties": { "name": "Urban Corridor", "highway": "residential", "slope_pct": 0.6 }, "geometry": { "type": "LineString", "coordinates": [ [ 72.8433575, 19.009465 ], [ 72.8428605, 19.0097495 ], [ 72.8430482, 19.0100574 ] ] } },
{ "type": "Feature", "properties": { "name": "Urban Corridor", "highway": "residential", "slope_pct": 0.6 }, "geometry": { "type": "LineString", "coordinates": [ [ 72.8430482, 19.0100574 ], [ 72.8432238, 19.0102777 ], [ 72.8435549, 19.0104126 ], [ 72.8438814, 19.0102638 ] ] } },
{ "type": "Feature", "properties": { "name": "V R C Bhide Marg", "highway": "residential", "slope_pct": 0.6 }, "geometry": { "type": "LineString", "coordinates": [ [ 72.8368191, 19.0173801 ], [ 72.8369641, 19.0178874 ], [ 72.8370951, 19.0183459 ] ] } },
{ "type": "Feature", "properties": { "name": "Chhabildas Road", "highway": "residential", "slope_pct": 0.6 }, "geometry": { "type": "LineString", "coordinates": [ [ 72.8421063, 19.0197533 ], [ 72.8423656, 19.0201161 ], [ 72.8424558, 19.0202506 ], [ 72.8427036, 19.0206017 ], [ 72.8427242, 19.0206405 ] ] } },
{ "type": "Feature", "properties": { "name": "M Sanghi Marg", "highway": "residential", "slope_pct": 0.6 }, "geometry": { "type": "LineString", "coordinates": [ [ 72.8321562, 19.0131058 ], [ 72.8327225, 19.0133617 ], [ 72.8330678, 19.0135215 ], [ 72.8333469, 19.0136579 ] ] } },
{ "type": "Feature", "properties": { "name": "Ranade Road Extension", "highway": "tertiary", "slope_pct": 0.6 }, "geometry": { "type": "LineString", "coordinates": [ [ 72.841158, 19.0203509 ], [ 72.8411852, 19.0203354 ], [ 72.8421063, 19.0197533 ], [ 72.842639, 19.0194154 ] ] } },
{ "type": "Feature", "properties": { "name": "N.M. Kale Marg", "highway": "residential", "slope_pct": 0.6 }, "geometry": { "type": "LineString", "coordinates": [ [ 72.8347286, 19.016332 ], [ 72.8346507, 19.0164525 ], [ 72.8341368, 19.0172096 ], [ 72.8339898, 19.0174262 ], [ 72.8337769, 19.0177765 ], [ 72.8336444, 19.0179946 ], [ 72.833357, 19.0186191 ] ] } },
{ "type": "Feature", "properties": { "name": "Dr D'Silva Marg", "highway": "residential", "slope_pct": 0.6 }, "geometry": { "type": "LineString", "coordinates": [ [ 72.8406901, 19.0197571 ], [ 72.8407203, 19.0197382 ], [ 72.8417843, 19.0190733 ], [ 72.84197, 19.0189573 ], [ 72.8422564, 19.0187783 ] ] } },
{ "type": "Feature", "properties": { "name": "Shankar Abaji Palav Marg", "highway": "residential", "slope_pct": 0.6 }, "geometry": { "type": "LineString", "coordinates": [ [ 72.8435421, 19.0120149 ], [ 72.8431577, 19.0119923 ], [ 72.8428414, 19.0120171 ], [ 72.8421632, 19.0121223 ] ] } },
{ "type": "Feature", "properties": { "name": "S S Wagh Road (Morbaugh Road)", "highway": "residential", "slope_pct": 0.6 }, "geometry": { "type": "LineString", "coordinates": [ [ 72.8469313, 19.011075 ], [ 72.8471508, 19.0109838 ], [ 72.8476131, 19.0107918 ] ] } },
{ "type": "Feature", "properties": { "name": "Kakasaheb Gadgil Marg", "highway": "residential", "slope_pct": 0.6 }, "geometry": { "type": "LineString", "coordinates": [ [ 72.8350276, 19.0110783 ], [ 72.8345819, 19.011496 ], [ 72.8343702, 19.0116943 ], [ 72.8343261, 19.0117356 ], [ 72.8342351, 19.0118209 ], [ 72.8338515, 19.0122355 ], [ 72.8336135, 19.0124927 ], [ 72.8335161, 19.012598 ] ] } },
{ "type": "Feature", "properties": { "name": "V. S. Matkar Marg", "highway": "residential", "slope_pct": 0.6 }, "geometry": { "type": "LineString", "coordinates": [ [ 72.8370347, 19.0131624 ], [ 72.8364608, 19.0136949 ], [ 72.8361798, 19.0139993 ], [ 72.835821, 19.014473 ], [ 72.8354307, 19.0147576 ], [ 72.8352106, 19.014918 ], [ 72.8351503, 19.0150021 ], [ 72.8349647, 19.0152611 ], [ 72.8348736, 19.0153883 ], [ 72.8346983, 19.0156328 ] ] } },
{ "type": "Feature", "properties": { "name": "Urban Corridor", "highway": "residential", "slope_pct": 0.6 }, "geometry": { "type": "LineString", "coordinates": [ [ 72.8338605, 19.0200031 ], [ 72.8332076, 19.0204435 ] ] } },
{ "type": "Feature", "properties": { "name": "Rajaram Keshav Vaidya Marg", "highway": "residential", "slope_pct": 0.6 }, "geometry": { "type": "LineString", "coordinates": [ [ 72.8421895, 19.0215258 ], [ 72.8421284, 19.0215551 ], [ 72.8414113, 19.0218993 ], [ 72.8413836, 19.0219126 ], [ 72.8412516, 19.021976 ], [ 72.8406924, 19.0221252 ], [ 72.8403854, 19.0222071 ], [ 72.8403112, 19.0222269 ], [ 72.840213, 19.022151 ], [ 72.8397466, 19.0218715 ], [ 72.8396797, 19.0218266 ], [ 72.8394911, 19.0217002 ], [ 72.8394162, 19.02165 ] ] } },
{ "type": "Feature", "properties": { "name": "Prof V.S. Agashe Marg", "highway": "secondary", "slope_pct": 0.6 }, "geometry": { "type": "LineString", "coordinates": [ [ 72.8399825, 19.0160266 ], [ 72.8398745, 19.0161166 ], [ 72.8395254, 19.0163232 ], [ 72.8394086, 19.0163898 ], [ 72.8387949, 19.0167399 ], [ 72.8380555, 19.0170238 ] ] } },
{ "type": "Feature", "properties": { "name": "K,W, Chitale Marg", "highway": "residential", "slope_pct": 0.6 }, "geometry": { "type": "LineString", "coordinates": [ [ 72.8389463, 19.0179653 ], [ 72.8385912, 19.0180883 ], [ 72.8383158, 19.0181773 ], [ 72.8382106, 19.0181978 ], [ 72.8380437, 19.0181835 ], [ 72.8376081, 19.0181724 ], [ 72.8375114, 19.0181913 ], [ 72.8373426, 19.0182629 ], [ 72.8373188, 19.0182699 ], [ 72.8372588, 19.0182917 ], [ 72.8371988, 19.0183134 ], [ 72.8370951, 19.0183459 ] ] } },
{ "type": "Feature", "properties": { "name": "S L Matkar Road", "highway": "residential", "slope_pct": 0.6 }, "geometry": { "type": "LineString", "coordinates": [ [ 72.8310266, 19.0087285 ], [ 72.8313543, 19.0087186 ], [ 72.8319059, 19.008702 ], [ 72.8321613, 19.0086942 ], [ 72.8323316, 19.0086891 ] ] } },
{ "type": "Feature", "properties": { "name": "J Bhatankar Marg", "highway": "secondary", "slope_pct": 0.6 }, "geometry": { "type": "LineString", "coordinates": [ [ 72.8332775, 19.0093083 ], [ 72.8329485, 19.0093176 ], [ 72.830966, 19.0091976 ], [ 72.8307749, 19.0092524 ] ] } },
{ "type": "Feature", "properties": { "name": "Urban Corridor", "highway": "residential", "slope_pct": 0.6 }, "geometry": { "type": "LineString", "coordinates": [ [ 72.8430482, 19.0100574 ], [ 72.8426174, 19.0103274 ] ] } },
{ "type": "Feature", "properties": { "name": "S M Jadhav Road (Road No 2)", "highway": "residential", "slope_pct": 0.6 }, "geometry": { "type": "LineString", "coordinates": [ [ 72.8428243, 19.0087076 ], [ 72.8429923, 19.0089468 ], [ 72.8433575, 19.009465 ], [ 72.8438814, 19.0102638 ], [ 72.8440381, 19.0105028 ], [ 72.8441871, 19.0107305 ], [ 72.8442826, 19.0108763 ], [ 72.8443026, 19.0109068 ], [ 72.8443122, 19.0109215 ], [ 72.8444215, 19.0110884 ], [ 72.8445768, 19.0113257 ], [ 72.8447318, 19.0115594 ], [ 72.844758, 19.0115994 ], [ 72.8450145, 19.0119917 ] ] } },
{ "type": "Feature", "properties": { "name": "D Vachanalaya Marg", "highway": "residential", "slope_pct": 0.6 }, "geometry": { "type": "LineString", "coordinates": [ [ 72.8423656, 19.0201161 ], [ 72.841487, 19.0206542 ], [ 72.8414592, 19.0206726 ] ] } },
{ "type": "Feature", "properties": { "name": "Urban Corridor", "highway": "residential", "slope_pct": 0.6 }, "geometry": { "type": "LineString", "coordinates": [ [ 72.8367866, 19.0159598 ], [ 72.8368585, 19.0161755 ], [ 72.8369206, 19.0163559 ], [ 72.8369442, 19.0164258 ], [ 72.8369668, 19.0164927 ], [ 72.837228, 19.017265 ] ] } },
{ "type": "Feature", "properties": { "name": "Urban Corridor", "highway": "residential", "slope_pct": 0.6 }, "geometry": { "type": "LineString", "coordinates": [ [ 72.8355518, 19.0187984 ], [ 72.8355981, 19.0188042 ], [ 72.8356201, 19.0188188 ], [ 72.8356286, 19.0188382 ], [ 72.8356299, 19.0188678 ], [ 72.8355702, 19.0194145 ], [ 72.8355697, 19.0194554 ], [ 72.8355815, 19.0194938 ], [ 72.8357292, 19.0196791 ] ] } },
{ "type": "Feature", "properties": { "name": "Dr Narayan Joshi Rd", "highway": "residential", "slope_pct": 0.6 }, "geometry": { "type": "LineString", "coordinates": [ [ 72.8384814, 19.0162781 ], [ 72.8387949, 19.0167399 ] ] } },
{ "type": "Feature", "properties": { "name": "Madhavdas Pasta Marg", "highway": "residential", "slope_pct": 0.6 }, "geometry": { "type": "LineString", "coordinates": [ [ 72.8436951, 19.0132483 ], [ 72.8439836, 19.0137702 ], [ 72.8443152, 19.014291 ], [ 72.8445778, 19.0146898 ], [ 72.8446851, 19.0148528 ], [ 72.8449014, 19.0151813 ] ] } },
{ "type": "Feature", "properties": { "name": "D Raul Marg", "highway": "residential", "slope_pct": 0.6 }, "geometry": { "type": "LineString", "coordinates": [ [ 72.8318558, 19.0158738 ], [ 72.8324342, 19.016341 ], [ 72.8325822, 19.0164606 ], [ 72.8326744, 19.0165272 ], [ 72.832775, 19.0165699 ], [ 72.8328418, 19.0165944 ], [ 72.8329234, 19.0166244 ], [ 72.8329876, 19.0166709 ], [ 72.8330996, 19.0169448 ], [ 72.833541, 19.0168382 ], [ 72.8337924, 19.0167222 ], [ 72.8341272, 19.0166166 ], [ 72.8342238, 19.0165861 ], [ 72.8342641, 19.0165735 ], [ 72.834323, 19.016555 ], [ 72.8344567, 19.0165132 ], [ 72.8345772, 19.0164755 ], [ 72.8346507, 19.0164525 ] ] } },
{ "type": "Feature", "properties": { "name": "G Maharaj Marg", "highway": "residential", "slope_pct": 0.6 }, "geometry": { "type": "LineString", "coordinates": [ [ 72.8424749, 19.013576 ], [ 72.8413133, 19.013938 ], [ 72.8410318, 19.0135653 ] ] } },
{ "type": "Feature", "properties": { "name": "Urban Corridor", "highway": "residential", "slope_pct": 0.6 }, "geometry": { "type": "LineString", "coordinates": [ [ 72.8342351, 19.0118209 ], [ 72.8347738, 19.0122998 ], [ 72.8352111, 19.0126884 ], [ 72.8355998, 19.0130339 ], [ 72.8356658, 19.0130907 ], [ 72.8359426, 19.0133231 ], [ 72.8361905, 19.013428 ], [ 72.8364608, 19.0136949 ], [ 72.8374855, 19.0146763 ] ] } },
{ "type": "Feature", "properties": { "name": "Baburao Parulekar Marg", "highway": "residential", "slope_pct": 0.6 }, "geometry": { "type": "LineString", "coordinates": [ [ 72.8387172, 19.0146927 ], [ 72.8385995, 19.0147902 ], [ 72.8383185, 19.0150525 ], [ 72.8381212, 19.0152367 ], [ 72.8380796, 19.0152883 ], [ 72.8378926, 19.0154996 ], [ 72.837669, 19.015726 ], [ 72.8376364, 19.0157576 ] ] } },
{ "type": "Feature", "properties": { "name": "Mumbai Marathi Granth Sangrahalaya Marg", "highway": "tertiary", "slope_pct": 0.6 }, "geometry": { "type": "LineString", "coordinates": [ [ 72.8489718, 19.0127076 ], [ 72.8484286, 19.0128648 ], [ 72.8483425, 19.0128897 ], [ 72.8483179, 19.0128965 ], [ 72.8480142, 19.0129808 ], [ 72.8479589, 19.0129962 ], [ 72.8476114, 19.0131047 ], [ 72.8473981, 19.0131713 ], [ 72.8469249, 19.013578 ], [ 72.8468706, 19.0136416 ], [ 72.8466772, 19.0138409 ], [ 72.8465981, 19.0138962 ], [ 72.8461469, 19.0142119 ], [ 72.8460058, 19.0143147 ], [ 72.8459049, 19.0143883 ], [ 72.8455526, 19.0146451 ] ] } },
{ "type": "Feature", "properties": { "name": "Raobahadur S.K. Bole Marg", "highway": "primary", "slope_pct": 0.6 }, "geometry": { "type": "LineString", "coordinates": [ [ 72.8385763, 19.0201419 ], [ 72.8382855, 19.0201364 ], [ 72.8380749, 19.0200663 ], [ 72.8380101, 19.0200447 ], [ 72.8377724, 19.0199378 ], [ 72.8377474, 19.0199225 ], [ 72.8375597, 19.0198078 ], [ 72.837556, 19.0198055 ], [ 72.8371866, 19.0195435 ], [ 72.8369124, 19.019349 ], [ 72.8367816, 19.019256 ], [ 72.8365307, 19.0190864 ] ] } },
{ "type": "Feature", "properties": { "name": "Dadasaheb Phalke Marg", "highway": "tertiary", "slope_pct": 0.6 }, "geometry": { "type": "LineString", "coordinates": [ [ 72.8432892, 19.0165631 ], [ 72.8431805, 19.016171 ], [ 72.8430855, 19.0158287 ], [ 72.8426478, 19.0142502 ], [ 72.8424749, 19.013576 ], [ 72.8423799, 19.0131616 ], [ 72.8423479, 19.0130223 ], [ 72.8421935, 19.0122698 ], [ 72.8421632, 19.0121223 ], [ 72.8419111, 19.0109536 ], [ 72.8418754, 19.0107879 ], [ 72.8416488, 19.0097376 ], [ 72.8416336, 19.0096484 ] ] } },
{ "type": "Feature", "properties": { "name": "Tilak Road", "highway": "primary", "slope_pct": 0.6 }, "geometry": { "type": "LineString", "coordinates": [ [ 72.8474218, 19.0179501 ], [ 72.8472769, 19.0181091 ], [ 72.8468531, 19.0183887 ] ] } },
{ "type": "Feature", "properties": { "name": "Tilak Road", "highway": "primary", "slope_pct": 0.6 }, "geometry": { "type": "LineString", "coordinates": [ [ 72.8433646, 19.0206587 ], [ 72.8430353, 19.0208596 ], [ 72.842966, 19.0208916 ], [ 72.8428681, 19.0209368 ], [ 72.8426816, 19.0209956 ] ] } },
{ "type": "Feature", "properties": { "name": "Gokhale Road", "highway": "primary", "slope_pct": 0.6 }, "geometry": { "type": "LineString", "coordinates": [ [ 72.8360462, 19.018829 ], [ 72.835894, 19.0185126 ] ] } },
{ "type": "Feature", "properties": { "name": "Balshet Madurkar Marg", "highway": "residential", "slope_pct": 0.6 }, "geometry": { "type": "LineString", "coordinates": [ [ 72.8309569, 19.0051861 ], [ 72.8310695, 19.0049626 ] ] } },
{ "type": "Feature", "properties": { "name": "Road No 16", "highway": "residential", "slope_pct": 0.6 }, "geometry": { "type": "LineString", "coordinates": [ [ 72.8418532, 19.0069822 ], [ 72.8412486, 19.0070785 ], [ 72.8410501, 19.0071154 ] ] } },
{ "type": "Feature", "properties": { "name": "K Jadhav Marg", "highway": "residential", "slope_pct": 0.6 }, "geometry": { "type": "LineString", "coordinates": [ [ 72.8437256, 19.0066973 ], [ 72.8450587, 19.0070039 ] ] } },
{ "type": "Feature", "properties": { "name": "Dr Batliwala Marg", "highway": "residential", "slope_pct": 0.6 }, "geometry": { "type": "LineString", "coordinates": [ [ 72.8401969, 19.0034096 ], [ 72.8396086, 19.0035922 ], [ 72.8392913, 19.0036944 ], [ 72.8389207, 19.0038148 ] ] } },
{ "type": "Feature", "properties": { "name": "B Mandir Road", "highway": "residential", "slope_pct": 0.6 }, "geometry": { "type": "LineString", "coordinates": [ [ 72.8413441, 19.0060704 ], [ 72.8418532, 19.0069822 ] ] } },
{ "type": "Feature", "properties": { "name": "Road No 16", "highway": "residential", "slope_pct": 0.6 }, "geometry": { "type": "LineString", "coordinates": [ [ 72.8437256, 19.0066973 ], [ 72.8434109, 19.0067328 ], [ 72.8425721, 19.0068807 ], [ 72.8418532, 19.0069822 ] ] } },
{ "type": "Feature", "properties": { "name": "Fitwala Road", "highway": "residential", "slope_pct": 0.6 }, "geometry": { "type": "LineString", "coordinates": [ [ 72.8354245, 19.0071751 ], [ 72.8348868, 19.0074752 ], [ 72.8347337, 19.0075294 ], [ 72.8341345, 19.0077414 ], [ 72.8333888, 19.0079807 ], [ 72.8327036, 19.0083279 ], [ 72.8325509, 19.0084338 ] ] } },
{ "type": "Feature", "properties": { "name": "Urban Corridor", "highway": "residential", "slope_pct": 0.6 }, "geometry": { "type": "LineString", "coordinates": [ [ 72.8413285, 19.0053027 ], [ 72.8415662, 19.0060655 ] ] } },
{ "type": "Feature", "properties": { "name": "V L Parulekar Marg", "highway": "residential", "slope_pct": 0.6 }, "geometry": { "type": "LineString", "coordinates": [ [ 72.8436707, 19.0053247 ], [ 72.843647, 19.0060524 ], [ 72.8437256, 19.0066973 ], [ 72.8440949, 19.00735 ], [ 72.8443818, 19.0079282 ] ] } },
{ "type": "Feature", "properties": { "name": "Saint Xavier Street", "highway": "residential", "slope_pct": 0.6 }, "geometry": { "type": "LineString", "coordinates": [ [ 72.8405167, 19.0061793 ], [ 72.8413441, 19.0060704 ], [ 72.8415662, 19.0060655 ], [ 72.843647, 19.0060524 ], [ 72.8439437, 19.0061067 ], [ 72.8441467, 19.0061438 ], [ 72.8455189, 19.0063949 ], [ 72.8458486, 19.0066636 ], [ 72.8460622, 19.0069871 ], [ 72.8462492, 19.0073322 ] ] } },
{ "type": "Feature", "properties": { "name": "Gokhale Society Lane", "highway": "residential", "slope_pct": 0.6 }, "geometry": { "type": "LineString", "coordinates": [ [ 72.8394137, 19.0049093 ], [ 72.8396371, 19.0047276 ], [ 72.8396634, 19.0047062 ], [ 72.8399072, 19.0045077 ], [ 72.840489, 19.0040393 ], [ 72.8405086, 19.0040235 ], [ 72.8410169, 19.003639 ], [ 72.8415271, 19.0032394 ] ] } },
{ "type": "Feature", "properties": { "name": "Urban Corridor", "highway": "residential", "slope_pct": 0.6 }, "geometry": { "type": "LineString", "coordinates": [ [ 72.8396086, 19.0035922 ], [ 72.8399072, 19.0045077 ] ] } },
{ "type": "Feature", "properties": { "name": "Urban Corridor", "highway": "residential", "slope_pct": 0.6 }, "geometry": { "type": "LineString", "coordinates": [ [ 72.840489, 19.0040393 ], [ 72.8409267, 19.0044865 ], [ 72.84098, 19.0045459 ] ] } },
{ "type": "Feature", "properties": { "name": "Govindji Keni Road", "highway": "tertiary", "slope_pct": 0.6 }, "geometry": { "type": "LineString", "coordinates": [ [ 72.8443818, 19.0079282 ], [ 72.8436319, 19.008552 ] ] } },
{ "type": "Feature", "properties": { "name": "Bhimani Street", "highway": "residential", "slope_pct": 0.6 }, "geometry": { "type": "LineString", "coordinates": [ [ 72.8521201, 19.0265554 ], [ 72.8519025, 19.0267434 ], [ 72.8517408, 19.026883 ], [ 72.851171, 19.0274235 ] ] } },
{ "type": "Feature", "properties": { "name": "Matunga Station Road", "highway": "residential", "slope_pct": 0.6 }, "geometry": { "type": "LineString", "coordinates": [ [ 72.8516943, 19.026087 ], [ 72.8514905, 19.0262628 ], [ 72.8513042, 19.0264236 ], [ 72.8509847, 19.0267038 ], [ 72.8508153, 19.0268524 ] ] } },
{ "type": "Feature", "properties": { "name": "Deodhar Road", "highway": "residential", "slope_pct": 0.6 }, "geometry": { "type": "LineString", "coordinates": [ [ 72.852717, 19.0243793 ], [ 72.8526677, 19.0244225 ], [ 72.8523886, 19.0246504 ], [ 72.8520222, 19.0249747 ], [ 72.851349, 19.0255788 ] ] } },
{ "type": "Feature", "properties": { "name": "U Bhat Marg", "highway": "residential", "slope_pct": 0.6 }, "geometry": { "type": "LineString", "coordinates": [ [ 72.8515848, 19.0244706 ], [ 72.8507918, 19.0251382 ] ] } },
{ "type": "Feature", "properties": { "name": "Bal Govind Das Road", "highway": "tertiary", "slope_pct": 0.6 }, "geometry": { "type": "LineString", "coordinates": [ [ 72.8456289, 19.0251444 ], [ 72.8455399, 19.0251812 ], [ 72.844978, 19.0254022 ], [ 72.8448676, 19.0254456 ], [ 72.844821, 19.0254639 ], [ 72.844775, 19.0254834 ], [ 72.8447463, 19.0254955 ], [ 72.8446813, 19.025523 ], [ 72.8442805, 19.0256926 ], [ 72.8441917, 19.0257302 ], [ 72.8439181, 19.0258475 ], [ 72.8438015, 19.025896 ], [ 72.8437088, 19.0259346 ], [ 72.843619, 19.0259726 ], [ 72.843301, 19.0261072 ] ] } },
{ "type": "Feature", "properties": { "name": "Laxmi Narayan Lane", "highway": "residential", "slope_pct": 0.6 }, "geometry": { "type": "LineString", "coordinates": [ [ 72.8516649, 19.0281875 ], [ 72.8516929, 19.0283746 ], [ 72.8521548, 19.0291074 ], [ 72.8522953, 19.0292274 ], [ 72.8523961, 19.0292758 ], [ 72.8525885, 19.0293682 ], [ 72.8528326, 19.0295345 ], [ 72.8528783, 19.0295656 ], [ 72.8529322, 19.0296335 ], [ 72.8529605, 19.029669 ], [ 72.8533551, 19.0303407 ] ] } },
{ "type": "Feature", "properties": { "name": "L J Marg", "highway": "tertiary", "slope_pct": 0.6 }, "geometry": { "type": "LineString", "coordinates": [ [ 72.8499194, 19.0225542 ], [ 72.8498814, 19.0225266 ], [ 72.8498336, 19.022524 ], [ 72.8497926, 19.0225474 ], [ 72.8497726, 19.0225885 ], [ 72.8497825, 19.0226227 ] ] } },
{ "type": "Feature", "properties": { "name": "Scheme 5 Road no.6", "highway": "residential", "slope_pct": 0.6 }, "geometry": { "type": "LineString", "coordinates": [ [ 72.8493161, 19.0217099 ], [ 72.8484973, 19.0222639 ], [ 72.8484847, 19.0222724 ] ] } },
{ "type": "Feature", "properties": { "name": "Scheme 6 Road no.1", "highway": "residential", "slope_pct": 0.6 }, "geometry": { "type": "LineString", "coordinates": [ [ 72.8539747, 19.030099 ], [ 72.8533551, 19.0303407 ], [ 72.8529891, 19.0305177 ], [ 72.8526692, 19.0306701 ], [ 72.8522654, 19.0301012 ], [ 72.8522204, 19.0300378 ], [ 72.8521979, 19.0300061 ], [ 72.8519996, 19.029716 ], [ 72.8518828, 19.0295453 ], [ 72.851267, 19.0286448 ] ] } },
{ "type": "Feature", "properties": { "name": "Bhandarkar Road", "highway": "tertiary", "slope_pct": 0.6 }, "geometry": { "type": "LineString", "coordinates": [ [ 72.8500744, 19.0256042 ], [ 72.8500807, 19.0256463 ] ] } },
{ "type": "Feature", "properties": { "name": "Lt Dilip Gupte Marg", "highway": "residential", "slope_pct": 0.6 }, "geometry": { "type": "LineString", "coordinates": [ [ 72.839862, 19.029441 ], [ 72.8398703, 19.0295032 ], [ 72.839944, 19.0300532 ], [ 72.8399567, 19.0301482 ], [ 72.8399958, 19.0304574 ], [ 72.8400158, 19.0307277 ], [ 72.8400155, 19.030758 ], [ 72.8400144, 19.0308833 ], [ 72.8400112, 19.0312331 ], [ 72.8400143, 19.0312781 ], [ 72.8401031, 19.0319608 ], [ 72.8401256, 19.0321154 ], [ 72.8401473, 19.0322656 ], [ 72.8401535, 19.0323081 ], [ 72.8401812, 19.0324994 ], [ 72.8402508, 19.0330147 ], [ 72.8402959, 19.0333133 ], [ 72.8403436, 19.034113 ], [ 72.8403477, 19.0341807 ], [ 72.8403502, 19.0342221 ], [ 72.8403538, 19.0342832 ], [ 72.8403596, 19.0343801 ], [ 72.8404203, 19.0349696 ], [ 72.8404838, 19.0355864 ] ] } },
{ "type": "Feature", "properties": { "name": "Lady Jamshedji Road", "highway": "primary", "slope_pct": 0.6 }, "geometry": { "type": "LineString", "coordinates": [ [ 72.8404096, 19.0250959 ], [ 72.8404563, 19.0251787 ] ] } },
{ "type": "Feature", "properties": { "name": "Swatantrya Veer Savarkar Marg", "highway": "primary", "slope_pct": 0.6 }, "geometry": { "type": "LineString", "coordinates": [ [ 72.8238738, 19.0132009 ], [ 72.8239586, 19.013247 ], [ 72.8239907, 19.0132644 ], [ 72.8243237, 19.0134214 ], [ 72.8244159, 19.0134792 ], [ 72.8256913, 19.0142791 ], [ 72.8264798, 19.0147258 ], [ 72.8274206, 19.0153528 ], [ 72.8282029, 19.0159818 ], [ 72.82849, 19.0161307 ] ] } },
{ "type": "Feature", "properties": { "name": "Bai Padmabai Thakkar Marg", "highway": "tertiary", "slope_pct": 0.6 }, "geometry": { "type": "LineString", "coordinates": [ [ 72.8407153, 19.0252851 ], [ 72.8409827, 19.0253762 ], [ 72.841387, 19.0255138 ], [ 72.8414547, 19.0255368 ], [ 72.8415445, 19.0255645 ], [ 72.8419786, 19.025736 ], [ 72.8421775, 19.0258116 ], [ 72.8424167, 19.025891 ], [ 72.8427965, 19.0260352 ], [ 72.8430154, 19.0261096 ], [ 72.8431021, 19.0261321 ] ] } },
{ "type": "Feature", "properties": { "name": "J K Sawant Marg", "highway": "tertiary", "slope_pct": 0.6 }, "geometry": { "type": "LineString", "coordinates": [ [ 72.8424691, 19.0228066 ], [ 72.8425205, 19.0228961 ], [ 72.8426542, 19.0231881 ], [ 72.842866, 19.0236248 ], [ 72.8429023, 19.0236996 ], [ 72.8429798, 19.0239649 ], [ 72.8430286, 19.0241946 ], [ 72.8430447, 19.0242703 ], [ 72.843054, 19.0243588 ], [ 72.8430647, 19.0244614 ], [ 72.8430787, 19.0245952 ], [ 72.8430939, 19.0247406 ], [ 72.8431103, 19.0248967 ], [ 72.8431212, 19.0250013 ], [ 72.8431997, 19.0260491 ] ] } },
{ "type": "Feature", "properties": { "name": "Ganesh Peth Lane", "highway": "residential", "slope_pct": 0.6 }, "geometry": { "type": "LineString", "coordinates": [ [ 72.8412516, 19.021976 ], [ 72.8414742, 19.0224386 ], [ 72.8415111, 19.0225124 ], [ 72.8416711, 19.0228434 ], [ 72.8416802, 19.0228623 ], [ 72.8416904, 19.0228843 ], [ 72.8417009, 19.0229067 ], [ 72.8417109, 19.0229274 ], [ 72.8418659, 19.0232459 ], [ 72.8418912, 19.0232988 ] ] } },
{ "type": "Feature", "properties": { "name": "Urban Corridor", "highway": "residential", "slope_pct": 0.6 }, "geometry": { "type": "LineString", "coordinates": [ [ 72.8398884, 19.0231373 ], [ 72.8396582, 19.0233371 ], [ 72.8393263, 19.023652 ] ] } },
{ "type": "Feature", "properties": { "name": "Ram Maruti Marg", "highway": "residential", "slope_pct": 0.6 }, "geometry": { "type": "LineString", "coordinates": [ [ 72.8403112, 19.0222269 ], [ 72.8408435, 19.0228133 ], [ 72.8408676, 19.0228399 ], [ 72.8408858, 19.0228599 ], [ 72.8409908, 19.0229756 ], [ 72.841128, 19.0233029 ], [ 72.8412324, 19.0237222 ] ] } },
{ "type": "Feature", "properties": { "name": "D L Vaidya Marg", "highway": "residential", "slope_pct": 0.6 }, "geometry": { "type": "LineString", "coordinates": [ [ 72.8389689, 19.0221112 ], [ 72.8393271, 19.022511 ], [ 72.8396919, 19.022918 ], [ 72.8397883, 19.0230256 ], [ 72.8398123, 19.0230524 ], [ 72.8398884, 19.0231373 ], [ 72.8400134, 19.0232789 ], [ 72.8402052, 19.0234962 ], [ 72.8404575, 19.0237816 ], [ 72.8409084, 19.0242914 ] ] } },
{ "type": "Feature", "properties": { "name": "Shiv Sena Bhavan Path", "highway": "residential", "slope_pct": 0.6 }, "geometry": { "type": "LineString", "coordinates": [ [ 72.8388321, 19.0223675 ], [ 72.8389596, 19.0225174 ], [ 72.8396582, 19.0233371 ], [ 72.8397766, 19.0234629 ], [ 72.8399594, 19.023657 ], [ 72.8407565, 19.0245583 ] ] } },
{ "type": "Feature", "properties": { "name": "Dnanyeshwar Mandir Marg", "highway": "residential", "slope_pct": 0.6 }, "geometry": { "type": "LineString", "coordinates": [ [ 72.8357626, 19.0254641 ], [ 72.8354433, 19.0256453 ], [ 72.8349218, 19.0259361 ], [ 72.834508, 19.0261747 ], [ 72.83434, 19.0262716 ] ] } },
{ "type": "Feature", "properties": { "name": "Pandurang Naik Marg", "highway": "residential", "slope_pct": 0.6 }, "geometry": { "type": "LineString", "coordinates": [ [ 72.839862, 19.029441 ], [ 72.840391, 19.0291357 ], [ 72.8406851, 19.028966 ], [ 72.8409126, 19.0288249 ], [ 72.8411436, 19.0286816 ], [ 72.8413672, 19.0285586 ] ] } },
{ "type": "Feature", "properties": { "name": "Keluskar Road North", "highway": "residential", "slope_pct": 0.6 }, "geometry": { "type": "LineString", "coordinates": [ [ 72.8400523, 19.0279534 ], [ 72.8400317, 19.0280196 ], [ 72.8397408, 19.0282321 ], [ 72.8382214, 19.0291103 ] ] } },
{ "type": "Feature", "properties": { "name": "P L K Marg", "highway": "residential", "slope_pct": 0.6 }, "geometry": { "type": "LineString", "coordinates": [ [ 72.8394162, 19.02165 ], [ 72.8390269, 19.0214774 ], [ 72.838658, 19.0214871 ], [ 72.8384163, 19.0215978 ] ] } },
{ "type": "Feature", "properties": { "name": "Anant Patil Marg", "highway": "residential", "slope_pct": 0.6 }, "geometry": { "type": "LineString", "coordinates": [ [ 72.8370288, 19.0230957 ], [ 72.8382123, 19.0224974 ] ] } },
{ "type": "Feature", "properties": { "name": "Bhagat Gully", "highway": "residential", "slope_pct": 0.6 }, "geometry": { "type": "LineString", "coordinates": [ [ 72.8427876, 19.0292998 ], [ 72.8428634, 19.0295075 ], [ 72.8428914, 19.0295911 ], [ 72.8428982, 19.0296116 ], [ 72.8429817, 19.0298611 ], [ 72.8430858, 19.0301619 ], [ 72.8431771, 19.0304262 ], [ 72.8432681, 19.03069 ], [ 72.8434468, 19.0312074 ], [ 72.8436634, 19.032023 ] ] } },
{ "type": "Feature", "properties": { "name": "Gopi Tank Marg", "highway": "residential", "slope_pct": 0.6 }, "geometry": { "type": "LineString", "coordinates": [ [ 72.8406851, 19.028966 ], [ 72.8407266, 19.0294387 ], [ 72.8407753, 19.0300271 ], [ 72.84085, 19.0305593 ], [ 72.840859, 19.0307508 ], [ 72.84088, 19.0309622 ], [ 72.8408828, 19.0309907 ], [ 72.8409006, 19.0311708 ], [ 72.8409208, 19.0313757 ], [ 72.8409595, 19.0317678 ] ] } },
{ "type": "Feature", "properties": { "name": "S K S Marg", "highway": "residential", "slope_pct": 0.6 }, "geometry": { "type": "LineString", "coordinates": [ [ 72.8342577, 19.0229321 ], [ 72.8342461, 19.0229406 ], [ 72.8340888, 19.0230559 ], [ 72.8339094, 19.0231874 ], [ 72.8335725, 19.0234343 ], [ 72.8328721, 19.0239486 ] ] } },
{ "type": "Feature", "properties": { "name": "Manmala Tank Path", "highway": "tertiary", "slope_pct": 0.6 }, "geometry": { "type": "LineString", "coordinates": [ [ 72.8437927, 19.0282203 ], [ 72.8442383, 19.02906 ], [ 72.8442906, 19.0291586 ], [ 72.8444966, 19.0295439 ], [ 72.8448651, 19.0297799 ], [ 72.8449551, 19.0298419 ], [ 72.8451691, 19.029987 ], [ 72.8453823, 19.03021 ], [ 72.8455303, 19.0304474 ] ] } },
{ "type": "Feature", "properties": { "name": "Taikalwadi Marg", "highway": "residential", "slope_pct": 0.6 }, "geometry": { "type": "LineString", "coordinates": [ [ 72.8437927, 19.0282203 ], [ 72.8434128, 19.0282744 ], [ 72.8430786, 19.0283221 ], [ 72.8425839, 19.0283926 ], [ 72.8425285, 19.0284005 ], [ 72.8420793, 19.0284646 ], [ 72.841461, 19.0285527 ] ] } },
{ "type": "Feature", "properties": { "name": "Shivaji Park Road no.2", "highway": "residential", "slope_pct": 0.6 }, "geometry": { "type": "LineString", "coordinates": [ [ 72.8414431, 19.0284721 ], [ 72.84134, 19.0284333 ], [ 72.8411912, 19.0283788 ], [ 72.8411233, 19.028353 ], [ 72.8407414, 19.028208 ] ] } },
{ "type": "Feature", "properties": { "name": "Jambhekar Path", "highway": "residential", "slope_pct": 0.6 }, "geometry": { "type": "LineString", "coordinates": [ [ 72.8335725, 19.0234343 ], [ 72.8338979, 19.0239119 ], [ 72.834101, 19.024209 ], [ 72.8348365, 19.0254217 ], [ 72.8349218, 19.0259361 ] ] } },
{ "type": "Feature", "properties": { "name": "Khot Gali", "highway": "residential", "slope_pct": 0.6 }, "geometry": { "type": "LineString", "coordinates": [ [ 72.8415767, 19.0295415 ], [ 72.8412649, 19.0297279 ], [ 72.8407753, 19.0300271 ], [ 72.8405601, 19.0301102 ], [ 72.8404655, 19.0301162 ], [ 72.8399567, 19.0301482 ] ] } },
{ "type": "Feature", "properties": { "name": "Dr Madhukar B. Raut Marg", "highway": "residential", "slope_pct": 0.6 }, "geometry": { "type": "LineString", "coordinates": [ [ 72.8398478, 19.0256348 ], [ 72.8400331, 19.0258439 ], [ 72.8402182, 19.0261815 ], [ 72.8403056, 19.0265198 ], [ 72.8407414, 19.028208 ] ] } },
{ "type": "Feature", "properties": { "name": "MN Marg", "highway": "residential", "slope_pct": 0.6 }, "geometry": { "type": "LineString", "coordinates": [ [ 72.8420793, 19.0284646 ], [ 72.8422603, 19.0293183 ], [ 72.8423576, 19.0293978 ], [ 72.8427876, 19.0292998 ] ] } },
{ "type": "Feature", "properties": { "name": "Bhagat Gully", "highway": "residential", "slope_pct": 0.6 }, "geometry": { "type": "LineString", "coordinates": [ [ 72.8425285, 19.0284005 ], [ 72.8427876, 19.0292998 ] ] } },
{ "type": "Feature", "properties": { "name": "D S Babrekar Marg", "highway": "tertiary", "slope_pct": 0.6 }, "geometry": { "type": "LineString", "coordinates": [ [ 72.8361502, 19.0217896 ], [ 72.8358184, 19.0217881 ], [ 72.8356191, 19.0218374 ], [ 72.8353197, 19.0219643 ], [ 72.8352611, 19.0220073 ], [ 72.8351757, 19.0220979 ], [ 72.8350392, 19.0222426 ], [ 72.834419, 19.0226594 ] ] } },
{ "type": "Feature", "properties": { "name": "Urban Corridor", "highway": "residential", "slope_pct": 0.6 }, "geometry": { "type": "LineString", "coordinates": [ [ 72.8328455, 19.020676 ], [ 72.832631, 19.0208064 ], [ 72.832508, 19.0208878 ] ] } },
{ "type": "Feature", "properties": { "name": "Anant Patil Marg", "highway": "residential", "slope_pct": 0.6 }, "geometry": { "type": "LineString", "coordinates": [ [ 72.8311791, 19.0130351 ], [ 72.8315965, 19.0133511 ], [ 72.8318863, 19.0134963 ], [ 72.8320078, 19.0135572 ], [ 72.8322121, 19.0136471 ], [ 72.8327172, 19.0138619 ], [ 72.8328833, 19.0138876 ], [ 72.8330469, 19.0138657 ], [ 72.8331787, 19.0138195 ], [ 72.8333111, 19.0137297 ] ] } },
{ "type": "Feature", "properties": { "name": "J A Ravil Marg", "highway": "residential", "slope_pct": 0.6 }, "geometry": { "type": "LineString", "coordinates": [ [ 72.8289531, 19.0116168 ], [ 72.8291587, 19.0116841 ], [ 72.8292282, 19.0117195 ], [ 72.8292631, 19.01175 ], [ 72.829566, 19.0120157 ], [ 72.8296704, 19.0121073 ], [ 72.8298902, 19.0122894 ] ] } },
{ "type": "Feature", "properties": { "name": "New Prabhadevi Marg", "highway": "secondary", "slope_pct": 0.6 }, "geometry": { "type": "LineString", "coordinates": [ [ 72.8306834, 19.0092681 ], [ 72.8306158, 19.0092851 ], [ 72.8304969, 19.0092991 ], [ 72.8302614, 19.0093775 ], [ 72.8301918, 19.0094091 ], [ 72.8301474, 19.0094688 ], [ 72.8298899, 19.0098185 ], [ 72.8298333, 19.0098969 ], [ 72.8297827, 19.0099671 ], [ 72.8297639, 19.0099927 ], [ 72.829648, 19.0101161 ], [ 72.8295448, 19.010317 ], [ 72.8294803, 19.0104298 ], [ 72.8293098, 19.0107963 ], [ 72.8292963, 19.0108213 ], [ 72.8292617, 19.0108855 ], [ 72.828954, 19.011459 ], [ 72.8289101, 19.0115407 ] ] } },
{ "type": "Feature", "properties": { "name": "Urban Corridor", "highway": "residential", "slope_pct": 0.6 }, "geometry": { "type": "LineString", "coordinates": [ [ 72.8307304, 19.0138453 ], [ 72.8311803, 19.0140945 ], [ 72.83128, 19.0141483 ] ] } },
{ "type": "Feature", "properties": { "name": "R B Anant Desai Marg", "highway": "residential", "slope_pct": 0.6 }, "geometry": { "type": "LineString", "coordinates": [ [ 72.8288096, 19.0116274 ], [ 72.8278826, 19.0113337 ], [ 72.8272031, 19.0111307 ], [ 72.8271565, 19.0111168 ], [ 72.8269982, 19.0110695 ], [ 72.8267423, 19.0109931 ], [ 72.8261497, 19.0108741 ], [ 72.8260801, 19.0108582 ], [ 72.8260578, 19.0108542 ], [ 72.8260142, 19.0108483 ], [ 72.8259256, 19.0108598 ], [ 72.8258492, 19.0109403 ], [ 72.8258436, 19.011029 ], [ 72.8258743, 19.0112234 ], [ 72.8259228, 19.0114501 ], [ 72.8259962, 19.0117669 ], [ 72.8261132, 19.012272 ], [ 72.826185, 19.012773 ] ] } },
{ "type": "Feature", "properties": { "name": "Chalankar Arvind Hari Raut Marg", "highway": "residential", "slope_pct": 0.6 }, "geometry": { "type": "LineString", "coordinates": [ [ 72.8311497, 19.0206028 ], [ 72.8314215, 19.020849 ], [ 72.831688, 19.0211449 ], [ 72.831851, 19.0213258 ] ] } },
{ "type": "Feature", "properties": { "name": "Urban Corridor", "highway": "residential", "slope_pct": 0.6 }, "geometry": { "type": "LineString", "coordinates": [ [ 72.8315965, 19.0133511 ], [ 72.8315312, 19.0135224 ], [ 72.831355, 19.0139851 ], [ 72.83128, 19.0141483 ], [ 72.8310936, 19.0144909 ] ] } },
{ "type": "Feature", "properties": { "name": "Private Road", "highway": "residential", "slope_pct": 0.6 }, "geometry": { "type": "LineString", "coordinates": [ [ 72.8293989, 19.01963 ], [ 72.82946, 19.0196902 ], [ 72.8294904, 19.0197202 ], [ 72.8298129, 19.020038 ], [ 72.8298804, 19.0201077 ], [ 72.8301586, 19.0203917 ], [ 72.8304523, 19.0207014 ], [ 72.8307357, 19.0209942 ] ] } },
{ "type": "Feature", "properties": { "name": "P Balu Marg", "highway": "residential", "slope_pct": 0.6 }, "geometry": { "type": "LineString", "coordinates": [ [ 72.826817, 19.0163254 ], [ 72.826705, 19.0164929 ] ] } },
{ "type": "Feature", "properties": { "name": "Yadav Patil Lane", "highway": "residential", "slope_pct": 0.6 }, "geometry": { "type": "LineString", "coordinates": [ [ 72.8309172, 19.0183159 ], [ 72.8304255, 19.0186917 ], [ 72.8302334, 19.0188133 ], [ 72.8299755, 19.019014 ], [ 72.8298788, 19.0190892 ], [ 72.8295994, 19.0193686 ], [ 72.8295094, 19.019486 ], [ 72.8293989, 19.01963 ] ] } },
{ "type": "Feature", "properties": { "name": "Pandurang Budhkar Marg", "highway": "secondary", "slope_pct": 0.6 }, "geometry": { "type": "LineString", "coordinates": [ [ 72.8232784, 19.0063308 ], [ 72.8235918, 19.0063341 ], [ 72.8238685, 19.0063432 ], [ 72.8241617, 19.0063529 ], [ 72.8242022, 19.0063524 ], [ 72.8244708, 19.0063516 ], [ 72.8247251, 19.0063509 ], [ 72.8252393, 19.0063524 ], [ 72.8255785, 19.0063492 ], [ 72.8261143, 19.0063386 ], [ 72.8261959, 19.0063375 ], [ 72.8268001, 19.0063294 ], [ 72.8280372, 19.0063128 ], [ 72.829119, 19.006298 ], [ 72.8296271, 19.0063119 ], [ 72.8296687, 19.006313 ], [ 72.8297478, 19.0063171 ], [ 72.8300403, 19.0063096 ], [ 72.830144, 19.0063089 ], [ 72.8302358, 19.0063083 ], [ 72.8308528, 19.0063045 ], [ 72.830884, 19.0063043 ] ] } },
{ "type": "Feature", "properties": { "name": "Appasaheb Marathe Marg", "highway": "primary", "slope_pct": 0.6 }, "geometry": { "type": "LineString", "coordinates": [ [ 72.8280661, 19.0130639 ], [ 72.8280223, 19.0130498 ], [ 72.827805, 19.0129776 ], [ 72.8277293, 19.0129158 ], [ 72.8272138, 19.0128339 ], [ 72.8270813, 19.012827 ], [ 72.827012, 19.0128228 ], [ 72.826185, 19.012773 ], [ 72.8260959, 19.0127697 ], [ 72.8256129, 19.012754 ], [ 72.825441, 19.0127549 ], [ 72.8249167, 19.0127473 ], [ 72.8248421, 19.0127586 ], [ 72.8243749, 19.0128081 ], [ 72.8243449, 19.0128138 ], [ 72.8242941, 19.0128235 ] ] } },
{ "type": "Feature", "properties": { "name": "Parsi Colony Road No 6", "highway": "residential", "slope_pct": 0.6 }, "geometry": { "type": "LineString", "coordinates": [ [ 72.8513299, 19.0169841 ], [ 72.8507764, 19.017319 ], [ 72.8504846, 19.0174955 ] ] } },
{ "type": "Feature", "properties": { "name": "V Manjrekar Marg", "highway": "residential", "slope_pct": 0.6 }, "geometry": { "type": "LineString", "coordinates": [ [ 72.8348138, 19.0205016 ], [ 72.8350242, 19.0203187 ], [ 72.8352274, 19.020142 ], [ 72.8352476, 19.0201244 ], [ 72.8355609, 19.019852 ], [ 72.8357292, 19.0196791 ], [ 72.8358069, 19.0195729 ], [ 72.8358884, 19.0194036 ] ] } },
{ "type": "Feature", "properties": { "name": "Parsi Colony Road No 7", "highway": "residential", "slope_pct": 0.6 }, "geometry": { "type": "LineString", "coordinates": [ [ 72.8498663, 19.017143 ], [ 72.850081, 19.0172686 ], [ 72.8502896, 19.0173859 ], [ 72.8504846, 19.0174955 ], [ 72.8509328, 19.0177508 ] ] } },
{ "type": "Feature", "properties": { "name": "Ardeshir B Homavazir Road", "highway": "residential", "slope_pct": 0.6 }, "geometry": { "type": "LineString", "coordinates": [ [ 72.8509177, 19.0193624 ], [ 72.8527739, 19.0203354 ] ] } },
{ "type": "Feature", "properties": { "name": "Urban Corridor", "highway": "residential", "slope_pct": 0.6 }, "geometry": { "type": "LineString", "coordinates": [ [ 72.8444749, 19.01349 ], [ 72.8439836, 19.0137702 ], [ 72.8426478, 19.0142502 ] ] } },
{ "type": "Feature", "properties": { "name": "Lady Jamshedji Road", "highway": "primary", "slope_pct": 0.6 }, "geometry": { "type": "LineString", "coordinates": [ [ 72.8420862, 19.031514 ], [ 72.8417638, 19.0299868 ], [ 72.841461, 19.0285527 ], [ 72.8414431, 19.0284721 ], [ 72.8413737, 19.0281605 ], [ 72.8413314, 19.0279598 ], [ 72.841041, 19.0265435 ], [ 72.8408682, 19.0256017 ], [ 72.8407153, 19.0252851 ] ] } },
{ "type": "Feature", "properties": { "name": "Keluskar Road South", "highway": "residential", "slope_pct": 0.6 }, "geometry": { "type": "LineString", "coordinates": [ [ 72.8400523, 19.0279534 ], [ 72.8400484, 19.0279167 ], [ 72.8400111, 19.0277196 ], [ 72.8399814, 19.0275628 ], [ 72.8398112, 19.0266636 ], [ 72.8395935, 19.026172 ], [ 72.8394384, 19.0259699 ], [ 72.8394105, 19.0259418 ], [ 72.8393987, 19.0259299 ], [ 72.8393744, 19.0259054 ], [ 72.838945, 19.0255798 ], [ 72.8386911, 19.025464 ], [ 72.8383623, 19.0253867 ], [ 72.8379118, 19.0253754 ], [ 72.8374257, 19.0255343 ], [ 72.8365213, 19.0260594 ] ] } },
{ "type": "Feature", "properties": { "name": "Senapati Bapat Marg", "highway": "primary", "slope_pct": 0.6 }, "geometry": { "type": "LineString", "coordinates": [ [ 72.8410193, 19.017158 ], [ 72.8409814, 19.0171166 ], [ 72.840269, 19.0163393 ], [ 72.8399825, 19.0160266 ], [ 72.8395321, 19.0155508 ], [ 72.8394954, 19.015513 ], [ 72.8393671, 19.0153778 ], [ 72.8392049, 19.0152068 ], [ 72.8387172, 19.0146927 ], [ 72.8371642, 19.0130554 ], [ 72.836574, 19.0124473 ], [ 72.83649, 19.0123554 ], [ 72.836396, 19.0122525 ], [ 72.8363804, 19.0122355 ], [ 72.8362182, 19.0120581 ] ] } },
{ "type": "Feature", "properties": { "name": "Bhoiwada Samshan Bhoomi Road", "highway": "residential", "slope_pct": 0.6 }, "geometry": { "type": "LineString", "coordinates": [ [ 72.8497758, 19.0071218 ], [ 72.8501219, 19.0069722 ], [ 72.8502372, 19.0068986 ], [ 72.8503257, 19.0068378 ], [ 72.8504088, 19.0067414 ], [ 72.8504619, 19.0066754 ], [ 72.8506229, 19.0064754 ], [ 72.8508938, 19.0058079 ], [ 72.8510591, 19.0050513 ] ] } },
{ "type": "Feature", "properties": { "name": "Post Office Lane", "highway": "residential", "slope_pct": 0.6 }, "geometry": { "type": "LineString", "coordinates": [ [ 72.8386863, 19.0035869 ], [ 72.8384868, 19.0036505 ], [ 72.8380049, 19.0037722 ], [ 72.8372962, 19.0039511 ] ] } },
{ "type": "Feature", "properties": { "name": "Hindmata Flyover", "highway": "trunk", "slope_pct": 0.6 }, "geometry": { "type": "LineString", "coordinates": [ [ 72.8388583, 19.0040742 ], [ 72.838962, 19.0044003 ], [ 72.8390648, 19.0046565 ], [ 72.8392144, 19.0049096 ], [ 72.8394259, 19.0051699 ], [ 72.8398353, 19.0055663 ], [ 72.8400003, 19.0057509 ], [ 72.8401997, 19.0060321 ], [ 72.8404561, 19.0063916 ], [ 72.840597, 19.0066256 ], [ 72.8407956, 19.0069467 ] ] } },
{ "type": "Feature", "properties": { "name": "Hindmata Flyover", "highway": "trunk", "slope_pct": 0.6 }, "geometry": { "type": "LineString", "coordinates": [ [ 72.8408714, 19.006909 ], [ 72.8406711, 19.0065852 ], [ 72.8405288, 19.0063489 ], [ 72.8402706, 19.0059869 ], [ 72.8400686, 19.0057022 ], [ 72.8398987, 19.0055119 ], [ 72.8394906, 19.0051168 ], [ 72.839286, 19.004865 ], [ 72.8391426, 19.0046222 ], [ 72.8390435, 19.0043755 ], [ 72.8389541, 19.0040585 ] ] } },
{ "type": "Feature", "properties": { "name": "Dr Babasaheb Ambedkar Marg (Vincent Road)", "highway": "trunk", "slope_pct": 0.6 }, "geometry": { "type": "LineString", "coordinates": [ [ 72.8396166, 19.0054639 ], [ 72.8397643, 19.0056073 ], [ 72.8397755, 19.0056177 ], [ 72.8399357, 19.005797 ], [ 72.8401327, 19.0060747 ], [ 72.8403874, 19.0064319 ], [ 72.8404188, 19.0064841 ], [ 72.840527, 19.0066638 ], [ 72.840724, 19.0069822 ], [ 72.8408108, 19.0071688 ], [ 72.8409353, 19.0074127 ] ] } },
{ "type": "Feature", "properties": { "name": "Dr Babasaheb Ambedkar Marg (Vincent Road)", "highway": "trunk", "slope_pct": 0.6 }, "geometry": { "type": "LineString", "coordinates": [ [ 72.8376594, 18.9995564 ], [ 72.8378207, 19.0005048 ], [ 72.8379643, 19.0010036 ], [ 72.837999, 19.0011061 ], [ 72.8381431, 19.0015247 ], [ 72.8383029, 19.0020817 ], [ 72.8383608, 19.0023043 ], [ 72.8383989, 19.0024505 ], [ 72.8385081, 19.0029509 ], [ 72.8385408, 19.0031006 ], [ 72.8386026, 19.003307 ], [ 72.8386863, 19.0035869 ], [ 72.838802, 19.0039291 ] ] } },
{ "type": "Feature", "properties": { "name": "Dr Babasaheb Ambedkar Marg (Vincent Road)", "highway": "trunk", "slope_pct": 0.6 }, "geometry": { "type": "LineString", "coordinates": [ [ 72.8440507, 19.0125342 ], [ 72.8436704, 19.0119609 ], [ 72.843054, 19.0111116 ] ] } },
{ "type": "Feature", "properties": { "name": "Dr Babasaheb Ambedkar Marg (Vincent Road)", "highway": "trunk", "slope_pct": 0.6 }, "geometry": { "type": "LineString", "coordinates": [ [ 72.8464754, 19.0163138 ], [ 72.846746, 19.0166735 ], [ 72.847004, 19.017018 ], [ 72.8470498, 19.0170808 ], [ 72.8472336, 19.0173374 ], [ 72.8472489, 19.0173587 ], [ 72.847347, 19.0174777 ], [ 72.8473903, 19.0175672 ], [ 72.84741, 19.0176564 ] ] } },
{ "type": "Feature", "properties": { "name": "King's Circle Flyover", "highway": "trunk", "slope_pct": 0.6 }, "geometry": { "type": "LineString", "coordinates": [ [ 72.8498706, 19.0206863 ], [ 72.8506457, 19.0216837 ], [ 72.8509881, 19.0221478 ], [ 72.8513331, 19.0226015 ], [ 72.8518184, 19.0231947 ], [ 72.852267, 19.0237138 ], [ 72.852916, 19.0244453 ], [ 72.8537917, 19.0253503 ], [ 72.8543365, 19.0259081 ], [ 72.8551512, 19.0267375 ], [ 72.8560333, 19.0276587 ], [ 72.8568089, 19.0284767 ], [ 72.8572283, 19.0290922 ], [ 72.8575081, 19.0295873 ], [ 72.8578156, 19.0303412 ], [ 72.8579549, 19.0306896 ] ] } },
{ "type": "Feature", "properties": { "name": "Dr Babasaheb Ambedkar Marg (Vincent Road)", "highway": "trunk", "slope_pct": 0.6 }, "geometry": { "type": "LineString", "coordinates": [ [ 72.8429443, 19.01111 ], [ 72.8435421, 19.0120149 ], [ 72.8436545, 19.0121856 ], [ 72.8441292, 19.0129063 ] ] } },
{ "type": "Feature", "properties": { "name": "Dr Babasaheb Ambedkar Marg (Vincent Road)", "highway": "trunk", "slope_pct": 0.6 }, "geometry": { "type": "LineString", "coordinates": [ [ 72.8551039, 19.0263695 ], [ 72.8549772, 19.0262428 ], [ 72.8546684, 19.025944 ], [ 72.8541663, 19.0254253 ], [ 72.8539831, 19.0252363 ], [ 72.8539362, 19.0251872 ], [ 72.853775, 19.0250138 ], [ 72.8537472, 19.0249858 ], [ 72.8535717, 19.0248088 ], [ 72.8533625, 19.0245937 ], [ 72.8530999, 19.0243236 ], [ 72.8530589, 19.0242837 ], [ 72.8526997, 19.0238917 ], [ 72.8526702, 19.0238595 ], [ 72.8524796, 19.0236514 ], [ 72.8521922, 19.0233262 ], [ 72.8521028, 19.0232335 ], [ 72.8520732, 19.0231971 ], [ 72.8519209, 19.0230022 ], [ 72.8517244, 19.022771 ], [ 72.8517024, 19.0227441 ], [ 72.8515398, 19.022532 ], [ 72.8511283, 19.0220005 ] ] } },
{ "type": "Feature", "properties": { "name": "Hindmata Flyover", "highway": "trunk", "slope_pct": 0.6 }, "geometry": { "type": "LineString", "coordinates": [ [ 72.8407956, 19.0069467 ], [ 72.8408705, 19.0071008 ], [ 72.8409842, 19.0073426 ], [ 72.8410822, 19.0075511 ] ] } },
{ "type": "Feature", "properties": { "name": "Hindmata Flyover", "highway": "trunk", "slope_pct": 0.6 }, "geometry": { "type": "LineString", "coordinates": [ [ 72.8410822, 19.0075511 ], [ 72.8412039, 19.0079154 ], [ 72.841357, 19.0083508 ], [ 72.8415102, 19.0087457 ], [ 72.8416839, 19.0091375 ], [ 72.841907, 19.0095102 ], [ 72.8422767, 19.0100928 ], [ 72.8426612, 19.0106857 ], [ 72.8428363, 19.0109445 ] ] } },
{ "type": "Feature", "properties": { "name": "Hindmata Flyover", "highway": "trunk", "slope_pct": 0.6 }, "geometry": { "type": "LineString", "coordinates": [ [ 72.8429, 19.0108872 ], [ 72.8427337, 19.0106429 ], [ 72.8423499, 19.0100508 ], [ 72.8419809, 19.0094695 ], [ 72.8417608, 19.0091018 ], [ 72.8415898, 19.0087161 ], [ 72.8414377, 19.0083241 ], [ 72.8412854, 19.0078911 ], [ 72.8411679, 19.007519 ] ] } },
{ "type": "Feature", "properties": { "name": "Hindmata Flyover", "highway": "trunk", "slope_pct": 0.6 }, "geometry": { "type": "LineString", "coordinates": [ [ 72.8429687, 19.0109851 ], [ 72.8429, 19.0108872 ] ] } },
{ "type": "Feature", "properties": { "name": "Hindmata Flyover", "highway": "trunk", "slope_pct": 0.6 }, "geometry": { "type": "LineString", "coordinates": [ [ 72.8411679, 19.007519 ], [ 72.8409473, 19.0070651 ], [ 72.8408714, 19.006909 ] ] } },
{ "type": "Feature", "properties": { "name": "Dr Babasaheb Ambedkar Marg (Vincent Road)", "highway": "trunk", "slope_pct": 0.6 }, "geometry": { "type": "LineString", "coordinates": [ [ 72.8426174, 19.0103274 ], [ 72.8424108, 19.0100159 ], [ 72.842106, 19.0095276 ], [ 72.8420602, 19.0094542 ], [ 72.8420209, 19.009387 ], [ 72.8418249, 19.0090721 ], [ 72.8418144, 19.0090461 ], [ 72.8416938, 19.008776 ], [ 72.8416561, 19.0086915 ], [ 72.8415985, 19.008543 ], [ 72.841505, 19.0083019 ], [ 72.8414613, 19.0081775 ], [ 72.8413534, 19.0078708 ], [ 72.8412348, 19.0074954 ], [ 72.8411392, 19.0072987 ] ] } },
{ "type": "Feature", "properties": { "name": "Dadar TT flyover", "highway": "trunk", "slope_pct": 0.6 }, "geometry": { "type": "LineString", "coordinates": [ [ 72.8443855, 19.0132249 ], [ 72.8450421, 19.014203 ], [ 72.8454831, 19.0148276 ], [ 72.8458191, 19.0152803 ], [ 72.8459596, 19.0154798 ], [ 72.8461937, 19.0158124 ], [ 72.846562, 19.016279 ], [ 72.847507, 19.017485 ], [ 72.8482378, 19.0184836 ], [ 72.8487359, 19.0191751 ], [ 72.8492472, 19.0198559 ] ] } },
{ "type": "Feature", "properties": { "name": "Dadar TT flyover", "highway": "trunk", "slope_pct": 0.6 }, "geometry": { "type": "LineString", "coordinates": [ [ 72.8493129, 19.0198005 ], [ 72.8490665, 19.0194777 ], [ 72.8488022, 19.0191315 ], [ 72.8483044, 19.0184404 ], [ 72.8475727, 19.0174406 ], [ 72.8466268, 19.0162334 ], [ 72.8462598, 19.0157684 ], [ 72.8458858, 19.0152372 ], [ 72.8455497, 19.0147845 ], [ 72.8451098, 19.0141614 ], [ 72.8444536, 19.013184 ] ] } },
{ "type": "Feature", "properties": { "name": "Dr Babasaheb Ambedkar Marg (Vincent Road)", "highway": "trunk", "slope_pct": 0.6 }, "geometry": { "type": "LineString", "coordinates": [ [ 72.8495085, 19.0200374 ], [ 72.849466, 19.019851 ], [ 72.8490057, 19.0192541 ], [ 72.8489546, 19.0191841 ], [ 72.8488379, 19.0190287 ], [ 72.8484245, 19.0184746 ], [ 72.8483224, 19.018337 ], [ 72.8482748, 19.01827 ], [ 72.8482452, 19.0182284 ], [ 72.848202, 19.0181676 ], [ 72.848181, 19.0181383 ], [ 72.848167, 19.0180796 ], [ 72.8481782, 19.0179453 ] ] } },
{ "type": "Feature", "properties": { "name": "Jaganath Shankur Seth (Dadar TT) Flyover", "highway": "trunk", "slope_pct": 0.6 }, "geometry": { "type": "LineString", "coordinates": [ [ 72.8492472, 19.0198559 ], [ 72.8494579, 19.0201255 ] ] } },
{ "type": "Feature", "properties": { "name": "Dr Babasaheb Ambedkar Marg (Vincent Road)", "highway": "trunk", "slope_pct": 0.6 }, "geometry": { "type": "LineString", "coordinates": [ [ 72.8477426, 19.0174022 ], [ 72.8476451, 19.0173573 ], [ 72.8475888, 19.0173026 ], [ 72.8472665, 19.016872 ], [ 72.8466987, 19.0161788 ] ] } },
{ "type": "Feature", "properties": { "name": "Dr Babasaheb Ambedkar Marg (Vincent Road)", "highway": "trunk", "slope_pct": 0.6 }, "geometry": { "type": "LineString", "coordinates": [ [ 72.8477931, 19.0181805 ], [ 72.8479376, 19.0182502 ], [ 72.847979, 19.0182778 ], [ 72.8480043, 19.0183006 ], [ 72.8480485, 19.0183575 ], [ 72.8482853, 19.0186831 ], [ 72.8486161, 19.0191333 ], [ 72.848945, 19.0195809 ], [ 72.8491528, 19.0198637 ], [ 72.8492792, 19.0200318 ], [ 72.8493295, 19.0200938 ], [ 72.8494579, 19.0201255 ] ] } },
{ "type": "Feature", "properties": { "name": "Ram Maruti Marg", "highway": "residential", "slope_pct": 0.6 }, "geometry": { "type": "LineString", "coordinates": [ [ 72.8402052, 19.0234962 ], [ 72.8405587, 19.0234221 ], [ 72.841128, 19.0233029 ] ] } },
{ "type": "Feature", "properties": { "name": "D.V Deshpande Marg", "highway": "residential", "slope_pct": 0.6 }, "geometry": { "type": "LineString", "coordinates": [ [ 72.838276, 19.0244007 ], [ 72.8388173, 19.0235406 ], [ 72.8389373, 19.02335 ] ] } },
{ "type": "Feature", "properties": { "name": "Dada Rege Marg", "highway": "residential", "slope_pct": 0.6 }, "geometry": { "type": "LineString", "coordinates": [ [ 72.8379692, 19.0244195 ], [ 72.838276, 19.0244007 ], [ 72.8385755, 19.0244091 ], [ 72.8387226, 19.0244246 ], [ 72.8394192, 19.0245897 ], [ 72.8399659, 19.0248682 ], [ 72.8402122, 19.0249854 ], [ 72.84032, 19.0250741 ], [ 72.8403628, 19.0251311 ] ] } },
{ "type": "Feature", "properties": { "name": "Shankar Rao H. Parelkar Marg", "highway": "residential", "slope_pct": 0.6 }, "geometry": { "type": "LineString", "coordinates": [ [ 72.8361134, 19.0239929 ], [ 72.8365478, 19.0241028 ], [ 72.8366929, 19.0241517 ], [ 72.8370395, 19.0242685 ], [ 72.8372043, 19.0243389 ] ] } },
{ "type": "Feature", "properties": { "name": "Shivaji Park Road no.1", "highway": "residential", "slope_pct": 0.6 }, "geometry": { "type": "LineString", "coordinates": [ [ 72.837647, 19.0245504 ], [ 72.8377874, 19.0250015 ], [ 72.837899, 19.0253369 ], [ 72.8379118, 19.0253754 ] ] } },
{ "type": "Feature", "properties": { "name": "Shankar Rao H. Parelkar Marg", "highway": "residential", "slope_pct": 0.6 }, "geometry": { "type": "LineString", "coordinates": [ [ 72.8352582, 19.0243361 ], [ 72.8361134, 19.0239929 ] ] } },
{ "type": "Feature", "properties": { "name": "Bhikoba Waman Pathare Marg", "highway": "residential", "slope_pct": 0.6 }, "geometry": { "type": "LineString", "coordinates": [ [ 72.8350392, 19.0222426 ], [ 72.8353974, 19.0227691 ], [ 72.836, 19.0238289 ], [ 72.8361134, 19.0239929 ] ] } },
{ "type": "Feature", "properties": { "name": "Dr V.J. Rath Path", "highway": "residential", "slope_pct": 0.6 }, "geometry": { "type": "LineString", "coordinates": [ [ 72.8365478, 19.0241028 ], [ 72.8363323, 19.0243049 ], [ 72.836199, 19.0244299 ], [ 72.8360971, 19.0245084 ], [ 72.8355208, 19.0248394 ] ] } },
{ "type": "Feature", "properties": { "name": "Urban Corridor", "highway": "residential", "slope_pct": 0.6 }, "geometry": { "type": "LineString", "coordinates": [ [ 72.841041, 19.0265435 ], [ 72.841451, 19.0264622 ], [ 72.8415825, 19.0264326 ], [ 72.8418794, 19.026384 ], [ 72.8419572, 19.0263586 ], [ 72.8420002, 19.0262674 ], [ 72.8421775, 19.0258116 ] ] } },
{ "type": "Feature", "properties": { "name": "Urban Corridor", "highway": "residential", "slope_pct": 0.6 }, "geometry": { "type": "LineString", "coordinates": [ [ 72.841451, 19.0264622 ], [ 72.8417254, 19.0277332 ] ] } },
{ "type": "Feature", "properties": { "name": "Urban Corridor", "highway": "tertiary", "slope_pct": 0.6 }, "geometry": { "type": "LineString", "coordinates": [ [ 72.843103, 19.0261682 ], [ 72.8431165, 19.0262001 ], [ 72.8431407, 19.0262257 ], [ 72.8431726, 19.0262419 ], [ 72.8431954, 19.0262465 ], [ 72.8432315, 19.0262438 ], [ 72.8432646, 19.0262297 ], [ 72.8432906, 19.0262057 ], [ 72.8433002, 19.0261904 ], [ 72.8433098, 19.0261572 ], [ 72.8433068, 19.0261228 ], [ 72.843301, 19.0261072 ], [ 72.843287, 19.0260857 ], [ 72.8432595, 19.0260631 ], [ 72.8432255, 19.0260507 ], [ 72.8431997, 19.0260491 ], [ 72.843189, 19.0260502 ], [ 72.8431685, 19.0260553 ], [ 72.8431372, 19.0260729 ], [ 72.8431141, 19.0260996 ], [ 72.8431021, 19.0261321 ], [ 72.843103, 19.0261682 ] ] } },
{ "type": "Feature", "properties": { "name": "Ashoka Vriksh Path", "highway": "residential", "slope_pct": 0.6 }, "geometry": { "type": "LineString", "coordinates": [ [ 72.8391985, 19.0199593 ], [ 72.8398476, 19.0213282 ] ] } },
{ "type": "Feature", "properties": { "name": "College Street", "highway": "residential", "slope_pct": 0.6 }, "geometry": { "type": "LineString", "coordinates": [ [ 72.8330797, 19.019084 ], [ 72.8332997, 19.0193811 ], [ 72.8335034, 19.0196561 ], [ 72.8338605, 19.0200031 ], [ 72.8340745, 19.0201539 ], [ 72.8343051, 19.0203164 ], [ 72.8348138, 19.0205016 ], [ 72.8348858, 19.0207083 ], [ 72.834907, 19.0207692 ], [ 72.834983, 19.0209876 ], [ 72.8351022, 19.0213334 ], [ 72.8352399, 19.0217328 ], [ 72.8353197, 19.0219643 ] ] } },
{ "type": "Feature", "properties": { "name": "Takandas H. Kataria Marg", "highway": "secondary", "slope_pct": 0.6 }, "geometry": { "type": "LineString", "coordinates": [ [ 72.8483386, 19.030429 ], [ 72.8481719, 19.0303368 ], [ 72.8480703, 19.0302969 ], [ 72.8479755, 19.0302871 ], [ 72.8477699, 19.0303204 ], [ 72.8459261, 19.0306878 ] ] } },
{ "type": "Feature", "properties": { "name": "Acharya Donde Marg", "highway": "secondary", "slope_pct": 0.6 }, "geometry": { "type": "LineString", "coordinates": [ [ 72.8396166, 19.0054639 ], [ 72.8398144, 19.0053296 ], [ 72.8398994, 19.0052722 ], [ 72.8408447, 19.0046342 ], [ 72.84098, 19.0045459 ], [ 72.84102, 19.004509 ], [ 72.8414449, 19.0041178 ], [ 72.8414978, 19.0040691 ], [ 72.8419528, 19.00365 ] ] } },
{ "type": "Feature", "properties": { "name": "Urban Corridor", "highway": "residential", "slope_pct": 0.6 }, "geometry": { "type": "LineString", "coordinates": [ [ 72.8268409, 19.0139673 ], [ 72.8267993, 19.0141892 ], [ 72.8267269, 19.0143715 ], [ 72.8266216, 19.0145387 ], [ 72.8265738, 19.0146017 ], [ 72.8264798, 19.0147258 ] ] } },
{ "type": "Feature", "properties": { "name": "Senapati Bapat Marg", "highway": "primary", "slope_pct": 0.6 }, "geometry": { "type": "LineString", "coordinates": [ [ 72.8294617, 19.0021335 ], [ 72.8295649, 19.0023736 ], [ 72.8297329, 19.0026975 ], [ 72.82978, 19.0027896 ], [ 72.8299301, 19.0030832 ], [ 72.830021, 19.0032611 ], [ 72.8300466, 19.003311 ], [ 72.8302174, 19.0036427 ], [ 72.8305247, 19.0042395 ], [ 72.830542, 19.004275 ], [ 72.8307104, 19.004605 ] ] } },
{ "type": "Feature", "properties": { "name": "Deobai Lane", "highway": "residential", "slope_pct": 0.6 }, "geometry": { "type": "LineString", "coordinates": [ [ 72.840458, 19.0196383 ], [ 72.8402226, 19.0210485 ] ] } },
{ "type": "Feature", "properties": { "name": "Kabutarkhana", "highway": "primary", "slope_pct": 0.6 }, "geometry": { "type": "LineString", "coordinates": [ [ 72.8405557, 19.0188641 ], [ 72.8405385, 19.0188407 ], [ 72.8405152, 19.0188227 ], [ 72.8404875, 19.0188113 ], [ 72.8404577, 19.0188076 ], [ 72.8404279, 19.0188117 ], [ 72.8404004, 19.0188234 ] ] } },
{ "type": "Feature", "properties": { "name": "Urban Corridor", "highway": "tertiary", "slope_pct": 0.6 }, "geometry": { "type": "LineString", "coordinates": [ [ 72.8485414, 19.0209648 ], [ 72.8485781, 19.021003 ], [ 72.8486272, 19.0210263 ], [ 72.8486815, 19.0210313 ], [ 72.8487335, 19.0210175 ], [ 72.8487744, 19.0209899 ], [ 72.8488038, 19.0209495 ], [ 72.8488141, 19.0209201 ], [ 72.8488161, 19.0208723 ], [ 72.8488017, 19.0208274 ], [ 72.8487871, 19.0208052 ], [ 72.8487511, 19.0207734 ], [ 72.8487063, 19.0207542 ], [ 72.8486573, 19.0207499 ], [ 72.8486022, 19.0207641 ], [ 72.8485611, 19.0207924 ], [ 72.8485322, 19.0208326 ], [ 72.8485194, 19.020881 ], [ 72.8485254, 19.0209312 ], [ 72.8485414, 19.0209648 ] ] } },
{ "type": "Feature", "properties": { "name": "HM Patil Road", "highway": "residential", "slope_pct": 0.6 }, "geometry": { "type": "LineString", "coordinates": [ [ 72.8364487, 19.0219538 ], [ 72.8366027, 19.0221982 ], [ 72.8368683, 19.0227631 ], [ 72.8370288, 19.0230957 ], [ 72.8371507, 19.023369 ], [ 72.8372589, 19.0236145 ], [ 72.8374158, 19.0239725 ], [ 72.8374228, 19.0239888 ], [ 72.8374544, 19.024063 ], [ 72.8375469, 19.0242842 ] ] } },
{ "type": "Feature", "properties": { "name": "Urban Corridor", "highway": "residential", "slope_pct": 0.6 }, "geometry": { "type": "LineString", "coordinates": [ [ 72.8444966, 19.0295439 ], [ 72.8437091, 19.0298888 ], [ 72.8434626, 19.0299968 ], [ 72.8430858, 19.0301619 ] ] } },
{ "type": "Feature", "properties": { "name": "Khareghat Road", "highway": "residential", "slope_pct": 0.6 }, "geometry": { "type": "LineString", "coordinates": [ [ 72.8475336, 19.0216347 ], [ 72.8470831, 19.0219386 ], [ 72.8470677, 19.0219583 ], [ 72.8470608, 19.0219834 ], [ 72.8470603, 19.0220119 ], [ 72.847074, 19.0220417 ], [ 72.8473767, 19.0224861 ], [ 72.8476207, 19.0228444 ], [ 72.8478786, 19.0232004 ], [ 72.8480002, 19.0233791 ], [ 72.8480596, 19.0234664 ], [ 72.8481472, 19.023595 ], [ 72.848342, 19.023881 ], [ 72.8485708, 19.0242469 ], [ 72.848402, 19.0243412 ], [ 72.8485796, 19.0246117 ], [ 72.8487103, 19.0248087 ], [ 72.8487915, 19.024931 ], [ 72.8488346, 19.0250009 ], [ 72.8490025, 19.0252727 ], [ 72.8491804, 19.0251709 ] ] } },
{ "type": "Feature", "properties": { "name": "Sir Bhalchandra Road", "highway": "tertiary", "slope_pct": 0.6 }, "geometry": { "type": "LineString", "coordinates": [ [ 72.8486022, 19.0207641 ], [ 72.8483142, 19.0203695 ], [ 72.8479681, 19.0198951 ], [ 72.8476913, 19.0195157 ], [ 72.8474151, 19.0191373 ], [ 72.8471568, 19.0187833 ], [ 72.8469099, 19.0184448 ] ] } },
{ "type": "Feature", "properties": { "name": "Tilak Road", "highway": "primary", "slope_pct": 0.6 }, "geometry": { "type": "LineString", "coordinates": [ [ 72.8512585, 19.0156116 ], [ 72.850998, 19.0157736 ], [ 72.8509731, 19.0157919 ], [ 72.8488065, 19.0171767 ], [ 72.8487738, 19.0171976 ] ] } },
{ "type": "Feature", "properties": { "name": "G.D. Ambedkar Marg", "highway": "secondary", "slope_pct": 0.6 }, "geometry": { "type": "LineString", "coordinates": [ [ 72.8461926, 19.0059077 ], [ 72.8463388, 19.0060241 ], [ 72.8465798, 19.0062912 ], [ 72.8467415, 19.0064876 ], [ 72.8468566, 19.0066487 ], [ 72.8469755, 19.0068658 ], [ 72.8470537, 19.0071048 ], [ 72.8471016, 19.0072866 ], [ 72.8471717, 19.0076954 ] ] } },
{ "type": "Feature", "properties": { "name": "Elphinstone Flyover", "highway": "primary", "slope_pct": 0.6 }, "geometry": { "type": "LineString", "coordinates": [ [ 72.8360487, 19.0119732 ], [ 72.8338535, 19.0097062 ], [ 72.8330388, 19.0088724 ], [ 72.8328041, 19.0085953 ], [ 72.8326231, 19.008296 ], [ 72.8315149, 19.0062215 ], [ 72.8310998, 19.0051444 ], [ 72.8296981, 19.0024137 ] ] } },
{ "type": "Feature", "properties": { "name": "Senapati Bapat Marg", "highway": "primary", "slope_pct": 0.6 }, "geometry": { "type": "LineString", "coordinates": [ [ 72.8334559, 19.0091918 ], [ 72.8331619, 19.0089184 ], [ 72.832908, 19.0086147 ], [ 72.8328248, 19.008498 ], [ 72.8327036, 19.0083279 ], [ 72.8326673, 19.0082624 ], [ 72.8326025, 19.0081452 ], [ 72.8325641, 19.0080758 ], [ 72.8323458, 19.0076814 ], [ 72.8322768, 19.0075568 ], [ 72.8321509, 19.0073294 ], [ 72.8315717, 19.0062215 ], [ 72.8310724, 19.00497 ], [ 72.8310695, 19.0049626 ] ] } },
{ "type": "Feature", "properties": { "name": "Kavi Keshavsut Flyover", "highway": "primary", "slope_pct": 0.6 }, "geometry": { "type": "LineString", "coordinates": [ [ 72.8410757, 19.0172673 ], [ 72.8417683, 19.0179771 ], [ 72.8421214, 19.0183934 ], [ 72.84315, 19.0201077 ] ] } },
{ "type": "Feature", "properties": { "name": "Elphinstone Flyover", "highway": "primary", "slope_pct": 0.6 }, "geometry": { "type": "LineString", "coordinates": [ [ 72.8360012, 19.0120123 ], [ 72.8360819, 19.0121711 ] ] } },
{ "type": "Feature", "properties": { "name": "Urban Corridor", "highway": "primary", "slope_pct": 0.6 }, "geometry": { "type": "LineString", "coordinates": [ [ 72.8433751, 19.0204086 ], [ 72.8432218, 19.0200689 ], [ 72.8427789, 19.0193284 ], [ 72.8427223, 19.0192339 ], [ 72.8424826, 19.018855 ], [ 72.842397, 19.01869 ], [ 72.8421884, 19.0183412 ], [ 72.8418398, 19.0179181 ], [ 72.8412767, 19.0173465 ], [ 72.8411393, 19.0172133 ], [ 72.8410193, 19.017158 ] ] } },
{ "type": "Feature", "properties": { "name": "Tilak Bridge", "highway": "primary", "slope_pct": 0.6 }, "geometry": { "type": "LineString", "coordinates": [ [ 72.8455885, 19.0192229 ], [ 72.8441792, 19.0201273 ], [ 72.8440772, 19.0201973 ] ] } },
{ "type": "Feature", "properties": { "name": "Urban Corridor", "highway": "primary", "slope_pct": 0.6 }, "geometry": { "type": "LineString", "coordinates": [ [ 72.8423074, 19.0217 ], [ 72.842408, 19.0217545 ], [ 72.8424768, 19.0217667 ], [ 72.8425578, 19.0217378 ], [ 72.8426372, 19.0216853 ] ] } },
{ "type": "Feature", "properties": { "name": "Urban Corridor", "highway": "primary", "slope_pct": 0.6 }, "geometry": { "type": "LineString", "coordinates": [ [ 72.8421558, 19.0210296 ], [ 72.8420325, 19.021066 ], [ 72.8419739, 19.0211232 ], [ 72.8419575, 19.0211817 ], [ 72.8419635, 19.0212516 ] ] } },
{ "type": "Feature", "properties": { "name": "Ranade Road", "highway": "tertiary", "slope_pct": 0.6 }, "geometry": { "type": "LineString", "coordinates": [ [ 72.8411019, 19.0203926 ], [ 72.841158, 19.0203509 ] ] } },
{ "type": "Feature", "properties": { "name": "Eknath Buwa Hatiskar Marg", "highway": "residential", "slope_pct": 0.6 }, "geometry": { "type": "LineString", "coordinates": [ [ 72.8229234, 19.0163082 ], [ 72.8235607, 19.0164774 ], [ 72.8242524, 19.0166454 ], [ 72.8244995, 19.016711 ], [ 72.8245498, 19.0167183 ], [ 72.8249678, 19.0168799 ], [ 72.8249992, 19.0168959 ], [ 72.8252924, 19.016998 ], [ 72.825509, 19.0170768 ], [ 72.8259809, 19.0172961 ] ] } },
{ "type": "Feature", "properties": { "name": "Anant Vishram Nagvekar Marg", "highway": "residential", "slope_pct": 0.6 }, "geometry": { "type": "LineString", "coordinates": [ [ 72.8264341, 19.0161796 ], [ 72.8256054, 19.015864 ], [ 72.8253425, 19.0157906 ], [ 72.8253087, 19.0157811 ], [ 72.8251445, 19.0157353 ], [ 72.8249454, 19.0156797 ], [ 72.82425, 19.0154598 ], [ 72.8237266, 19.0152765 ], [ 72.8236277, 19.0152419 ], [ 72.8233177, 19.0151334 ] ] } },
{ "type": "Feature", "properties": { "name": "Sayani Marg", "highway": "secondary", "slope_pct": 0.6 }, "geometry": { "type": "LineString", "coordinates": [ [ 72.8320222, 19.011051 ], [ 72.8321355, 19.0108803 ], [ 72.8322965, 19.0106581 ], [ 72.8325036, 19.0103258 ], [ 72.8330317, 19.0095344 ], [ 72.8332775, 19.0093083 ] ] } },
{ "type": "Feature", "properties": { "name": "Swatantrya Veer Savarkar Marg", "highway": "secondary", "slope_pct": 0.6 }, "geometry": { "type": "LineString", "coordinates": [ [ 72.8356874, 19.0253366 ], [ 72.8357626, 19.0254641 ] ] } },
{ "type": "Feature", "properties": { "name": "Urban Corridor", "highway": "primary_link", "slope_pct": 0.6 }, "geometry": { "type": "LineString", "coordinates": [ [ 72.8287902, 19.0162865 ], [ 72.8289529, 19.0162522 ], [ 72.8290195, 19.0162478 ], [ 72.8291722, 19.0162596 ], [ 72.8292255, 19.0162506 ], [ 72.8292754, 19.0162368 ], [ 72.8293781, 19.0161991 ] ] } },
{ "type": "Feature", "properties": { "name": "Lady Jehangir Road", "highway": "tertiary", "slope_pct": 0.6 }, "geometry": { "type": "LineString", "coordinates": [ [ 72.8517709, 19.0215158 ], [ 72.851632, 19.0216161 ], [ 72.8514516, 19.0217358 ], [ 72.8514025, 19.0217683 ], [ 72.8513307, 19.0218175 ] ] } },
{ "type": "Feature", "properties": { "name": "Urban Corridor", "highway": "tertiary", "slope_pct": 0.6 }, "geometry": { "type": "LineString", "coordinates": [ [ 72.8520453, 19.0212692 ], [ 72.8520181, 19.0212537 ], [ 72.8519608, 19.0212288 ], [ 72.8519157, 19.0212228 ], [ 72.8518504, 19.0212328 ], [ 72.8518224, 19.0212445 ], [ 72.8517913, 19.0212647 ], [ 72.8517473, 19.0213159 ], [ 72.8517319, 19.0213519 ], [ 72.8517259, 19.0214189 ], [ 72.8517585, 19.0215014 ], [ 72.8517709, 19.0215158 ] ] } },
{ "type": "Feature", "properties": { "name": "N C Kelkar Marg", "highway": "residential", "slope_pct": 0.6 }, "geometry": { "type": "LineString", "coordinates": [ [ 72.8394384, 19.0259699 ], [ 72.8394672, 19.0259463 ], [ 72.8398478, 19.0256348 ], [ 72.8402021, 19.0253498 ], [ 72.8403662, 19.0252388 ], [ 72.84041, 19.0252096 ], [ 72.8404563, 19.0251787 ] ] } },
{ "type": "Feature", "properties": { "name": "Kakasaheb Gadgil Marg", "highway": "secondary", "slope_pct": 0.6 }, "geometry": { "type": "LineString", "coordinates": [ [ 72.8323964, 19.0151211 ], [ 72.8325766, 19.0148135 ], [ 72.8328145, 19.014485 ], [ 72.8333111, 19.0137297 ], [ 72.8333469, 19.0136579 ], [ 72.8334911, 19.0134529 ] ] } },
{ "type": "Feature", "properties": { "name": "Sayani Marg", "highway": "primary", "slope_pct": 0.6 }, "geometry": { "type": "LineString", "coordinates": [ [ 72.8295641, 19.015913 ], [ 72.8296486, 19.0157518 ], [ 72.8296581, 19.0157336 ], [ 72.8299297, 19.015285 ], [ 72.8299425, 19.0152646 ], [ 72.8301378, 19.0149524 ], [ 72.8304702, 19.0142998 ] ] } },
{ "type": "Feature", "properties": { "name": "Sir Bhalchandra Road", "highway": "residential", "slope_pct": 0.6 }, "geometry": { "type": "LineString", "coordinates": [ [ 72.8456614, 19.0168315 ], [ 72.8462844, 19.0176556 ], [ 72.8464674, 19.0178919 ], [ 72.8468531, 19.0183887 ] ] } },
{ "type": "Feature", "properties": { "name": "Tilak Road", "highway": "primary", "slope_pct": 0.6 }, "geometry": { "type": "LineString", "coordinates": [ [ 72.8456217, 19.0192683 ], [ 72.8469099, 19.0184448 ], [ 72.8473231, 19.0181807 ], [ 72.8474738, 19.018135 ], [ 72.8475601, 19.0181088 ] ] } },
{ "type": "Feature", "properties": { "name": "Urban Corridor", "highway": "residential", "slope_pct": 0.6 }, "geometry": { "type": "LineString", "coordinates": [ [ 72.8294089, 19.0035781 ], [ 72.8293654, 19.0036018 ], [ 72.8293439, 19.0036028 ], [ 72.8293169, 19.003601 ], [ 72.8292452, 19.0036017 ], [ 72.8291877, 19.0036155 ], [ 72.8291387, 19.003646 ], [ 72.8291264, 19.0036568 ], [ 72.8291039, 19.0036917 ], [ 72.8290884, 19.0037318 ], [ 72.829054, 19.0037577 ], [ 72.8290279, 19.0037714 ], [ 72.8285211, 19.0039847 ], [ 72.8276369, 19.0043474 ], [ 72.827595, 19.004368 ] ] } },
{ "type": "Feature", "properties": { "name": "Dr Ratnakar Bhaindarkar Rd", "highway": "residential", "slope_pct": 0.6 }, "geometry": { "type": "LineString", "coordinates": [ [ 72.8377474, 19.0199225 ], [ 72.8377904, 19.0198519 ], [ 72.8378671, 19.0197133 ], [ 72.8377582, 19.019623 ], [ 72.8376933, 19.0195507 ], [ 72.8376474, 19.0194658 ], [ 72.837634, 19.0193521 ], [ 72.8376455, 19.0192979 ], [ 72.837663, 19.0192513 ], [ 72.8377334, 19.0192166 ], [ 72.8378041, 19.0191859 ], [ 72.8378805, 19.0191642 ], [ 72.8380188, 19.0191426 ], [ 72.8381346, 19.0191245 ], [ 72.8382195, 19.0191138 ], [ 72.838277, 19.0191065 ], [ 72.8384195, 19.0190886 ], [ 72.8386074, 19.0190649 ], [ 72.838682, 19.0190554 ], [ 72.8386998, 19.0190532 ], [ 72.8387497, 19.0190468 ], [ 72.8388793, 19.0190284 ], [ 72.8390668, 19.0190053 ], [ 72.8392005, 19.0189836 ], [ 72.8392824, 19.0189568 ], [ 72.8393495, 19.0189349 ], [ 72.8394868, 19.0188757 ], [ 72.8395445, 19.018851 ], [ 72.8395635, 19.0188428 ], [ 72.8395987, 19.0188274 ], [ 72.8396134, 19.0188209 ], [ 72.8396898, 19.0187874 ], [ 72.8397455, 19.0187107 ], [ 72.8399545, 19.0185406 ] ] } },
{ "type": "Feature", "properties": { "name": "SJ Joshi Marg", "highway": "residential", "slope_pct": 0.6 }, "geometry": { "type": "LineString", "coordinates": [ [ 72.8384163, 19.0215978 ], [ 72.8384031, 19.0211052 ], [ 72.8384906, 19.0208057 ], [ 72.838517, 19.0207153 ], [ 72.8385406, 19.0206345 ], [ 72.8385627, 19.0203298 ], [ 72.8385763, 19.0201419 ] ] } },
{ "type": "Feature", "properties": { "name": "Vitthal Chavan Marg", "highway": "residential", "slope_pct": 0.6 }, "geometry": { "type": "LineString", "coordinates": [ [ 72.8378384, 19.0048671 ], [ 72.8379172, 19.0048395 ], [ 72.8382895, 19.0047095 ], [ 72.8386832, 19.0045717 ], [ 72.8389065, 19.0044935 ] ] } },
{ "type": "Feature", "properties": { "name": "Urban Corridor", "highway": "residential", "slope_pct": 0.6 }, "geometry": { "type": "LineString", "coordinates": [ [ 72.8394868, 19.0188757 ], [ 72.8393569, 19.0185994 ], [ 72.8392631, 19.0181367 ] ] } },
{ "type": "Feature", "properties": { "name": "Dr Babasaheb Ambedkar Marg (Vincent Road)", "highway": "trunk", "slope_pct": 0.6 }, "geometry": { "type": "LineString", "coordinates": [ [ 72.8389513, 19.0039212 ], [ 72.8389207, 19.0038148 ], [ 72.8387892, 19.0032495 ], [ 72.8386665, 19.0028027 ], [ 72.8385913, 19.0024436 ], [ 72.8384156, 19.0017896 ], [ 72.8383143, 19.0014629 ], [ 72.8381494, 19.0009634 ], [ 72.8380738, 19.0007204 ], [ 72.8380094, 19.0004713 ], [ 72.8378851, 18.9999976 ], [ 72.8378206, 18.9997316 ], [ 72.8377711, 18.9995177 ], [ 72.8377589, 18.9994546 ] ] } },
{ "type": "Feature", "properties": { "name": "King's Circle Flyover", "highway": "trunk", "slope_pct": 0.6 }, "geometry": { "type": "LineString", "coordinates": [ [ 72.8499525, 19.0206284 ], [ 72.8497851, 19.0203802 ] ] } },
{ "type": "Feature", "properties": { "name": "Hindmata Flyover", "highway": "trunk", "slope_pct": 0.6 }, "geometry": { "type": "LineString", "coordinates": [ [ 72.8389541, 19.0040585 ], [ 72.8389513, 19.0039212 ] ] } },
{ "type": "Feature", "properties": { "name": "Hindmata Flyover", "highway": "trunk", "slope_pct": 0.6 }, "geometry": { "type": "LineString", "coordinates": [ [ 72.8428363, 19.0109445 ], [ 72.8428728, 19.0110005 ], [ 72.8429443, 19.01111 ] ] } },
{ "type": "Feature", "properties": { "name": "Hindmata Flyover", "highway": "trunk", "slope_pct": 0.6 }, "geometry": { "type": "LineString", "coordinates": [ [ 72.838802, 19.0039291 ], [ 72.8388583, 19.0040742 ] ] } },
{ "type": "Feature", "properties": { "name": "King's Circle Flyover", "highway": "trunk", "slope_pct": 0.6 }, "geometry": { "type": "LineString", "coordinates": [ [ 72.8496865, 19.0204234 ], [ 72.8498706, 19.0206863 ] ] } },
{ "type": "Feature", "properties": { "name": "Khareghat Road", "highway": "residential", "slope_pct": 0.6 }, "geometry": { "type": "LineString", "coordinates": [ [ 72.8495744, 19.0202773 ], [ 72.84946, 19.020354 ], [ 72.8487871, 19.0208052 ] ] } },
{ "type": "Feature", "properties": { "name": "Jaganath Shankur Seth (Dadar TT) Flyover", "highway": "trunk", "slope_pct": 0.6 }, "geometry": { "type": "LineString", "coordinates": [ [ 72.8444536, 19.013184 ], [ 72.8444073, 19.0131046 ], [ 72.8442467, 19.0128296 ] ] } },
{ "type": "Feature", "properties": { "name": "Jaganath Shankur Seth (Dadar TT) Flyover", "highway": "trunk", "slope_pct": 0.6 }, "geometry": { "type": "LineString", "coordinates": [ [ 72.8441292, 19.0129063 ], [ 72.8443855, 19.0132249 ] ] } },
{ "type": "Feature", "properties": { "name": "Bal Govind Das Road", "highway": "tertiary", "slope_pct": 0.6 }, "geometry": { "type": "LineString", "coordinates": [ [ 72.8431407, 19.0262257 ], [ 72.8417254, 19.0277332 ], [ 72.8415424, 19.0279506 ] ] } },
{ "type": "Feature", "properties": { "name": "J K Sawant Marg", "highway": "tertiary", "slope_pct": 0.6 }, "geometry": { "type": "LineString", "coordinates": [ [ 72.8432315, 19.0262438 ], [ 72.8433525, 19.0266699 ], [ 72.8435895, 19.0275048 ], [ 72.8436434, 19.0276945 ], [ 72.8437927, 19.0282203 ] ] } },
{ "type": "Feature", "properties": { "name": "Ranade Road", "highway": "tertiary", "slope_pct": 0.6 }, "geometry": { "type": "LineString", "coordinates": [ [ 72.8373284, 19.024575 ], [ 72.8369654, 19.0247726 ], [ 72.8369461, 19.0247827 ], [ 72.8368029, 19.0248571 ], [ 72.8360355, 19.0253088 ] ] } },
{ "type": "Feature", "properties": { "name": "Bhawani Shankar Marg", "highway": "primary", "slope_pct": 0.6 }, "geometry": { "type": "LineString", "coordinates": [ [ 72.8404158, 19.0194359 ], [ 72.8404667, 19.0190134 ] ] } },
{ "type": "Feature", "properties": { "name": "Urban Corridor", "highway": "primary", "slope_pct": 0.6 }, "geometry": { "type": "LineString", "coordinates": [ [ 72.8403507, 19.0194211 ], [ 72.8403227, 19.019428 ], [ 72.8403151, 19.0194324 ], [ 72.8402981, 19.0194422 ], [ 72.8402788, 19.0194625 ], [ 72.8402665, 19.0194873 ], [ 72.8402623, 19.0195143 ], [ 72.8402666, 19.0195413 ] ] } },
{ "type": "Feature", "properties": { "name": "Raobahadur S.K. Bole Marg", "highway": "primary", "slope_pct": 0.6 }, "geometry": { "type": "LineString", "coordinates": [ [ 72.8357847, 19.0185365 ], [ 72.835894, 19.0185126 ] ] } },
{ "type": "Feature", "properties": { "name": "Swatantrya Veer Savarkar Marg", "highway": "primary", "slope_pct": 0.6 }, "geometry": { "type": "LineString", "coordinates": [ [ 72.8303573, 19.0173682 ], [ 72.8299265, 19.0168528 ], [ 72.8296583, 19.0166172 ], [ 72.8294398, 19.0164482 ], [ 72.8293926, 19.0163654 ], [ 72.8293781, 19.0161991 ], [ 72.8295641, 19.015913 ] ] } },
{ "type": "Feature", "properties": { "name": "Swatantrya Veer Savarkar Marg", "highway": "primary", "slope_pct": 0.6 }, "geometry": { "type": "LineString", "coordinates": [ [ 72.8287902, 19.0162865 ], [ 72.8288609, 19.0163203 ], [ 72.8288712, 19.0163252 ], [ 72.8291344, 19.0164446 ], [ 72.8291953, 19.0164784 ], [ 72.8292141, 19.0164871 ], [ 72.8295473, 19.0166999 ], [ 72.8297702, 19.0168796 ], [ 72.8298159, 19.0169257 ], [ 72.8301253, 19.0172918 ] ] } },
{ "type": "Feature", "properties": { "name": "Urban Corridor", "highway": "tertiary", "slope_pct": 0.6 }, "geometry": { "type": "LineString", "coordinates": [ [ 72.8463335, 19.0250831 ], [ 72.8464903, 19.0259208 ], [ 72.8466468, 19.0264518 ], [ 72.8470105, 19.0276341 ], [ 72.8472955, 19.0286214 ], [ 72.8473683, 19.0288195 ], [ 72.8474977, 19.0291717 ], [ 72.8476398, 19.0295583 ], [ 72.8476998, 19.0297936 ], [ 72.8477614, 19.030035 ], [ 72.8478263, 19.0300895 ], [ 72.8478507, 19.0300933 ], [ 72.848174, 19.0301617 ], [ 72.8484335, 19.0303607 ], [ 72.8485845, 19.0305437 ], [ 72.8487689, 19.0307922 ], [ 72.848772, 19.0308232 ], [ 72.8487613, 19.0308593 ], [ 72.8487499, 19.0309241 ], [ 72.8487145, 19.0309917 ] ] } },
{ "type": "Feature", "properties": { "name": "Gokhale Road", "highway": "secondary", "slope_pct": 0.6 }, "geometry": { "type": "LineString", "coordinates": [ [ 72.8307674, 19.0089746 ], [ 72.8307017, 19.0091071 ], [ 72.8306809, 19.0091936 ], [ 72.8306834, 19.0092681 ], [ 72.8307534, 19.0095283 ], [ 72.8319758, 19.0111453 ] ] } },
{ "type": "Feature", "properties": { "name": "N C Kelkar Marg", "highway": "primary", "slope_pct": 0.6 }, "geometry": { "type": "LineString", "coordinates": [ [ 72.8405952, 19.025077 ], [ 72.8409561, 19.0243779 ], [ 72.8410013, 19.0242903 ], [ 72.8410496, 19.0241965 ], [ 72.8411257, 19.0240519 ], [ 72.8412879, 19.0237747 ], [ 72.8419229, 19.023364 ], [ 72.8421798, 19.0231978 ], [ 72.8423662, 19.0230089 ], [ 72.8423987, 19.0229687 ], [ 72.8424691, 19.0228066 ], [ 72.8425272, 19.0225017 ], [ 72.8425577, 19.0221796 ], [ 72.8425586, 19.0221456 ], [ 72.8425581, 19.0220894 ], [ 72.8425572, 19.0219744 ], [ 72.842576, 19.0218605 ], [ 72.8426372, 19.0216853 ] ] } },
{ "type": "Feature", "properties": { "name": "N C Kelkar Marg", "highway": "primary", "slope_pct": 0.6 }, "geometry": { "type": "LineString", "coordinates": [ [ 72.8403891, 19.0196041 ], [ 72.840458, 19.0196383 ], [ 72.8406489, 19.0198103 ], [ 72.8410359, 19.0203078 ] ] } },
{ "type": "Feature", "properties": { "name": "Urban Corridor", "highway": "secondary_link", "slope_pct": 0.6 }, "geometry": { "type": "LineString", "coordinates": [ [ 72.8330317, 19.0095344 ], [ 72.8330309, 19.0094148 ], [ 72.8329485, 19.0093176 ] ] } },
{ "type": "Feature", "properties": { "name": "Lakhamasi Nappu Road", "highway": "tertiary", "slope_pct": 0.6 }, "geometry": { "type": "LineString", "coordinates": [ [ 72.8442579, 19.0178125 ], [ 72.84451, 19.0181427 ], [ 72.8448319, 19.0186076 ] ] } },
{ "type": "Feature", "properties": { "name": "Mumbai Marathi Granth Sangrahalaya Marg", "highway": "tertiary", "slope_pct": 0.6 }, "geometry": { "type": "LineString", "coordinates": [ [ 72.8432892, 19.0165631 ], [ 72.8435666, 19.0163308 ], [ 72.8437827, 19.0161499 ], [ 72.8441076, 19.0158662 ], [ 72.8445249, 19.0155168 ], [ 72.844829, 19.0152437 ], [ 72.8449014, 19.0151813 ], [ 72.8453833, 19.0148214 ] ] } },
{ "type": "Feature", "properties": { "name": "Swami Gyan Jiwandas Marg", "highway": "tertiary", "slope_pct": 0.6 }, "geometry": { "type": "LineString", "coordinates": [ [ 72.8446026, 19.01729 ], [ 72.8441739, 19.0174026 ], [ 72.8440508, 19.0174736 ] ] } },
{ "type": "Feature", "properties": { "name": "Baburao Parulekar Marg", "highway": "residential", "slope_pct": 0.6 }, "geometry": { "type": "LineString", "coordinates": [ [ 72.8350047, 19.0160909 ], [ 72.8351488, 19.0161028 ], [ 72.835659, 19.0161451 ], [ 72.8360103, 19.0161607 ], [ 72.8362406, 19.0161051 ], [ 72.836467, 19.0160449 ], [ 72.8364935, 19.0160379 ], [ 72.8365167, 19.0160316 ], [ 72.8365664, 19.0160184 ], [ 72.8366209, 19.0160039 ], [ 72.8367866, 19.0159598 ], [ 72.8369049, 19.0159227 ], [ 72.8371605, 19.0158427 ] ] } },
{ "type": "Feature", "properties": { "name": "Urban Corridor", "highway": "residential", "slope_pct": 0.6 }, "geometry": { "type": "LineString", "coordinates": [ [ 72.8516929, 19.0283746 ], [ 72.8521716, 19.0279968 ] ] } },
{ "type": "Feature", "properties": { "name": "Urban Corridor", "highway": "residential", "slope_pct": 0.6 }, "geometry": { "type": "LineString", "coordinates": [ [ 72.8338082, 19.0150659 ], [ 72.8336594, 19.0157311 ] ] } },
{ "type": "Feature", "properties": { "name": "Urban Corridor", "highway": "residential", "slope_pct": 0.6 }, "geometry": { "type": "LineString", "coordinates": [ [ 72.8306978, 19.0127839 ], [ 72.83082, 19.0125889 ], [ 72.8311443, 19.0120713 ], [ 72.8311781, 19.0120371 ], [ 72.8312197, 19.0120206 ], [ 72.8312789, 19.0120114 ], [ 72.8315478, 19.012132 ] ] } },
{ "type": "Feature", "properties": { "name": "G.D. Ambekar Marg", "highway": "secondary", "slope_pct": 0.6 }, "geometry": { "type": "LineString", "coordinates": [ [ 72.8461742, 19.0005301 ], [ 72.846251, 19.0005776 ], [ 72.8463164, 19.0006839 ], [ 72.846381, 19.0008139 ], [ 72.846469, 19.0010404 ], [ 72.8465007, 19.0011059 ], [ 72.8469086, 19.0019483 ], [ 72.846981, 19.0022121 ], [ 72.8470561, 19.0026102 ], [ 72.8470574, 19.0027003 ], [ 72.8470387, 19.0027992 ], [ 72.8470092, 19.002855 ], [ 72.8469609, 19.0029095 ], [ 72.846946, 19.0029183 ], [ 72.8468791, 19.0029577 ], [ 72.8467342, 19.0031048 ], [ 72.8467185, 19.0031269 ], [ 72.846635, 19.0032443 ], [ 72.8465623, 19.0034074 ], [ 72.8464646, 19.0038479 ], [ 72.8464311, 19.0039607 ], [ 72.8463859, 19.0040406 ], [ 72.8463788, 19.0040532 ], [ 72.8463104, 19.0041243 ], [ 72.8460234, 19.0043208 ], [ 72.8459439, 19.0043559 ], [ 72.845689, 19.0044009 ], [ 72.8455005, 19.0044674 ], [ 72.8454687, 19.0045081 ], [ 72.8454557, 19.0045873 ], [ 72.8454641, 19.0046664 ], [ 72.8455673, 19.0049676 ], [ 72.8456467, 19.0052075 ], [ 72.8458409, 19.0054638 ], [ 72.8459657, 19.0056006 ], [ 72.8461548, 19.0057153 ], [ 72.8463006, 19.0057957 ] ] } },
{ "type": "Feature", "properties": { "name": "Urban Corridor", "highway": "tertiary", "slope_pct": 0.6 }, "geometry": { "type": "LineString", "coordinates": [ [ 72.8377044, 19.0242875 ], [ 72.8376584, 19.0242725 ], [ 72.8375964, 19.0242725 ], [ 72.8375469, 19.0242842 ], [ 72.8375133, 19.0242976 ], [ 72.8374743, 19.0243327 ], [ 72.8374513, 19.0243729 ], [ 72.8374442, 19.0244264 ], [ 72.8374584, 19.0244665 ], [ 72.8374843, 19.0245103 ], [ 72.8375563, 19.0245482 ], [ 72.837647, 19.0245504 ], [ 72.8377223, 19.024512 ], [ 72.8377723, 19.0244554 ], [ 72.8377761, 19.0243802 ] ] } },
{ "type": "Feature", "properties": { "name": "New Prabhadevi Road", "highway": "residential", "slope_pct": 0.6 }, "geometry": { "type": "LineString", "coordinates": [ [ 72.829648, 19.0101161 ], [ 72.8295883, 19.010116 ], [ 72.8293696, 19.0101345 ], [ 72.8293025, 19.0101459 ], [ 72.8292449, 19.0101675 ], [ 72.829085, 19.0102584 ], [ 72.8287929, 19.0104883 ], [ 72.8287366, 19.0105403 ], [ 72.8287252, 19.0105563 ], [ 72.8286092, 19.010752 ], [ 72.8286052, 19.0108268 ], [ 72.8286186, 19.0108927 ], [ 72.8287926, 19.0114321 ], [ 72.828862, 19.0115366 ] ] } },
{ "type": "Feature", "properties": { "name": "Urban Corridor", "highway": "residential", "slope_pct": 0.6 }, "geometry": { "type": "LineString", "coordinates": [ [ 72.8256746, 19.0177984 ], [ 72.8257179, 19.0178193 ], [ 72.8259426, 19.0179277 ], [ 72.8261836, 19.018044 ] ] } },
{ "type": "Feature", "properties": { "name": "Urban Corridor", "highway": "residential", "slope_pct": 0.6 }, "geometry": { "type": "LineString", "coordinates": [ [ 72.8516929, 19.0283746 ], [ 72.851267, 19.0286448 ] ] } },
{ "type": "Feature", "properties": { "name": "Urban Corridor", "highway": "residential", "slope_pct": 0.6 }, "geometry": { "type": "LineString", "coordinates": [ [ 72.8380854, 19.0062628 ], [ 72.837671, 19.0055005 ], [ 72.837596, 19.0053625 ], [ 72.8375789, 19.0053091 ], [ 72.8375847, 19.0052394 ], [ 72.8376117, 19.0052187 ], [ 72.8378623, 19.005149 ], [ 72.8378838, 19.0050936 ], [ 72.8378829, 19.0050412 ], [ 72.8378434, 19.0049272 ], [ 72.8378384, 19.0048671 ] ] } },
{ "type": "Feature", "properties": { "name": "Urban Corridor", "highway": "residential", "slope_pct": 0.6 }, "geometry": { "type": "LineString", "coordinates": [ [ 72.8382895, 19.0047095 ], [ 72.8382034, 19.0044979 ], [ 72.8380438, 19.0041055 ] ] } },
{ "type": "Feature", "properties": { "name": "Urban Corridor", "highway": "residential", "slope_pct": 0.6 }, "geometry": { "type": "LineString", "coordinates": [ [ 72.8245498, 19.0167183 ], [ 72.8249454, 19.0156797 ] ] } },
{ "type": "Feature", "properties": { "name": "Urban Corridor", "highway": "residential", "slope_pct": 0.6 }, "geometry": { "type": "LineString", "coordinates": [ [ 72.8275238, 19.0181881 ], [ 72.8273945, 19.0184195 ], [ 72.8273818, 19.0184337 ], [ 72.8273681, 19.0184394 ], [ 72.8273545, 19.0184403 ], [ 72.8273397, 19.0184368 ], [ 72.8271396, 19.0183354 ], [ 72.8269309, 19.018226 ], [ 72.8269125, 19.0182049 ], [ 72.8269068, 19.0181823 ], [ 72.826909, 19.0181612 ], [ 72.8270314, 19.0179447 ], [ 72.8272129, 19.0176125 ], [ 72.8273631, 19.0173532 ], [ 72.8275121, 19.0170961 ], [ 72.8275231, 19.0170835 ], [ 72.8275362, 19.0170779 ], [ 72.8275557, 19.0170776 ], [ 72.8275741, 19.0170868 ], [ 72.8278115, 19.0172174 ] ] } },
{ "type": "Feature", "properties": { "name": "Urban Corridor", "highway": "residential", "slope_pct": 0.6 }, "geometry": { "type": "LineString", "coordinates": [ [ 72.8271396, 19.0183354 ], [ 72.8272894, 19.0180723 ], [ 72.8274804, 19.0177595 ], [ 72.8276409, 19.0175005 ], [ 72.8278115, 19.0172174 ], [ 72.8279694, 19.0173052 ], [ 72.8280059, 19.0173235 ], [ 72.8281295, 19.0173859 ] ] } },
{ "type": "Feature", "properties": { "name": "Urban Corridor", "highway": "residential", "slope_pct": 0.6 }, "geometry": { "type": "LineString", "coordinates": [ [ 72.834101, 19.024209 ], [ 72.8343539, 19.0240985 ], [ 72.8343861, 19.0241017 ], [ 72.8344101, 19.0241227 ], [ 72.8347974, 19.0247517 ] ] } },
{ "type": "Feature", "properties": { "name": "Urban Corridor", "highway": "residential", "slope_pct": 0.6 }, "geometry": { "type": "LineString", "coordinates": [ [ 72.8368029, 19.0248571 ], [ 72.836723, 19.0247171 ], [ 72.8366318, 19.0245573 ], [ 72.8362343, 19.0247586 ], [ 72.8360971, 19.0245084 ] ] } },
{ "type": "Feature", "properties": { "name": "Urban Corridor", "highway": "residential", "slope_pct": 0.6 }, "geometry": { "type": "LineString", "coordinates": [ [ 72.8440268, 19.0048293 ], [ 72.8440899, 19.0048653 ], [ 72.8441281, 19.0048653 ], [ 72.8441608, 19.0048504 ], [ 72.8444225, 19.0047113 ], [ 72.8448505, 19.0044839 ], [ 72.8452599, 19.0042664 ] ] } },
{ "type": "Feature", "properties": { "name": "Matunga Road", "highway": "residential", "slope_pct": 0.6 }, "geometry": { "type": "LineString", "coordinates": [ [ 72.8478263, 19.0300895 ], [ 72.8480735, 19.0308257 ], [ 72.8483546, 19.0323793 ], [ 72.8484651, 19.0339141 ], [ 72.8484785, 19.0343527 ], [ 72.8484736, 19.0345762 ], [ 72.8484685, 19.0352366 ], [ 72.8483954, 19.0361707 ], [ 72.8483766, 19.0363279 ], [ 72.8483685, 19.0364496 ], [ 72.8483551, 19.036584 ], [ 72.8483417, 19.0367513 ] ] } },
{ "type": "Feature", "properties": { "name": "Urban Corridor", "highway": "tertiary", "slope_pct": 0.6 }, "geometry": { "type": "LineString", "coordinates": [ [ 72.8451074, 19.0223369 ], [ 72.8456053, 19.0235912 ], [ 72.8457338, 19.0235693 ], [ 72.8459775, 19.0241804 ], [ 72.8463335, 19.0250831 ] ] } },
{ "type": "Feature", "properties": { "name": "Urban Corridor", "highway": "tertiary", "slope_pct": 0.6 }, "geometry": { "type": "LineString", "coordinates": [ [ 72.8441002, 19.0203041 ], [ 72.8449559, 19.0219515 ], [ 72.8451074, 19.0223369 ] ] } },
{ "type": "Feature", "properties": { "name": "Urban Corridor", "highway": "residential", "slope_pct": 0.6 }, "geometry": { "type": "LineString", "coordinates": [ [ 72.8367876, 19.0072556 ], [ 72.8375109, 19.0068128 ], [ 72.8376685, 19.0067163 ], [ 72.8380145, 19.0065044 ], [ 72.8381255, 19.0063173 ] ] } },
{ "type": "Feature", "properties": { "name": "Urban Corridor", "highway": "residential", "slope_pct": 0.6 }, "geometry": { "type": "LineString", "coordinates": [ [ 72.8369709, 19.0031541 ], [ 72.8368449, 19.0032722 ], [ 72.8365874, 19.003546 ], [ 72.83638, 19.0038302 ], [ 72.8361298, 19.0041237 ], [ 72.8359745, 19.0044712 ], [ 72.8359045, 19.0046891 ], [ 72.8358668, 19.0048066 ], [ 72.8358478, 19.0050043 ], [ 72.8358559, 19.0055643 ], [ 72.8358573, 19.0056572 ], [ 72.8359388, 19.0058942 ], [ 72.836197, 19.0063083 ], [ 72.8364541, 19.0067207 ], [ 72.8366618, 19.0070539 ] ] } },
{ "type": "Feature", "properties": { "name": "Tilak Road", "highway": "primary", "slope_pct": 0.6 }, "geometry": { "type": "LineString", "coordinates": [ [ 72.8483932, 19.0174305 ], [ 72.8481109, 19.017533 ] ] } },
{ "type": "Feature", "properties": { "name": "Tilak Road", "highway": "primary", "slope_pct": 0.6 }, "geometry": { "type": "LineString", "coordinates": [ [ 72.8481923, 19.0176691 ], [ 72.8483932, 19.0174305 ] ] } },
{ "type": "Feature", "properties": { "name": "King's Circle Flyover", "highway": "trunk", "slope_pct": 0.6 }, "geometry": { "type": "LineString", "coordinates": [ [ 72.8568779, 19.0284351 ], [ 72.8567025, 19.0282508 ], [ 72.8560846, 19.0275797 ], [ 72.8552352, 19.0266647 ], [ 72.8544202, 19.0258349 ], [ 72.8538751, 19.0252767 ], [ 72.8530228, 19.0243853 ], [ 72.8523447, 19.0236355 ], [ 72.8519065, 19.0231263 ], [ 72.8514371, 19.0225536 ], [ 72.850733, 19.021621 ], [ 72.8499525, 19.0206284 ] ] } },
{ "type": "Feature", "properties": { "name": "Dr Babasaheb Ambedkar Marg (Vincent Road)", "highway": "trunk", "slope_pct": 0.6 }, "geometry": { "type": "LineString", "coordinates": [ [ 72.8497851, 19.0203802 ], [ 72.8496521, 19.0202154 ], [ 72.8495085, 19.0200374 ] ] } },
{ "type": "Feature", "properties": { "name": "Dr Babasaheb Ambedkar Marg (Vincent Road)", "highway": "trunk", "slope_pct": 0.6 }, "geometry": { "type": "LineString", "coordinates": [ [ 72.8496865, 19.0204234 ], [ 72.8497319, 19.0206153 ], [ 72.8497862, 19.0207318 ], [ 72.8499868, 19.0209878 ], [ 72.8506235, 19.0218044 ], [ 72.8507172, 19.0219372 ] ] } },
{ "type": "Feature", "properties": { "name": "Dr Babasaheb Ambedkar Marg (Vincent Road)", "highway": "trunk", "slope_pct": 0.6 }, "geometry": { "type": "LineString", "coordinates": [ [ 72.8494579, 19.0201255 ], [ 72.8495744, 19.0202773 ], [ 72.8496865, 19.0204234 ] ] } },
{ "type": "Feature", "properties": { "name": "Jaganath Shankur Seth (Dadar TT) Flyover", "highway": "trunk", "slope_pct": 0.6 }, "geometry": { "type": "LineString", "coordinates": [ [ 72.8495085, 19.0200374 ], [ 72.8493129, 19.0198005 ] ] } },
{ "type": "Feature", "properties": { "name": "Dr Babasaheb Ambedkar Marg (Vincent Road)", "highway": "trunk", "slope_pct": 0.6 }, "geometry": { "type": "LineString", "coordinates": [ [ 72.8409353, 19.0074127 ], [ 72.8409859, 19.0075208 ], [ 72.8410117, 19.007574 ], [ 72.8410673, 19.00775 ], [ 72.8411269, 19.0079384 ], [ 72.8412189, 19.0081972 ], [ 72.8412807, 19.008376 ], [ 72.8413121, 19.008457 ], [ 72.841435, 19.0087736 ], [ 72.8414716, 19.0088561 ], [ 72.8414876, 19.008893 ], [ 72.8415903, 19.0091243 ], [ 72.841599, 19.0091439 ], [ 72.8416113, 19.0091712 ], [ 72.841807, 19.0094917 ], [ 72.8418546, 19.0095545 ], [ 72.8422077, 19.0101324 ], [ 72.8424216, 19.0104558 ], [ 72.8424566, 19.0105111 ], [ 72.8425927, 19.0107263 ], [ 72.8428243, 19.0110563 ], [ 72.8429443, 19.01111 ] ] } },
{ "type": "Feature", "properties": { "name": "Dr Babasaheb Ambedkar Marg (Vincent Road)", "highway": "trunk", "slope_pct": 0.6 }, "geometry": { "type": "LineString", "coordinates": [ [ 72.8411392, 19.0072987 ], [ 72.8410501, 19.0071154 ], [ 72.8409345, 19.0068776 ], [ 72.8407328, 19.0065515 ], [ 72.8405894, 19.0063134 ], [ 72.8405167, 19.0061793 ], [ 72.8403298, 19.0059493 ], [ 72.8401256, 19.0056615 ], [ 72.8399515, 19.0054666 ], [ 72.8399303, 19.0054421 ], [ 72.8398144, 19.0053296 ] ] } },
{ "type": "Feature", "properties": { "name": "Acharya Donde Marg", "highway": "secondary", "slope_pct": 0.6 }, "geometry": { "type": "LineString", "coordinates": [ [ 72.8418816, 19.0035868 ], [ 72.8409267, 19.0044865 ], [ 72.8407934, 19.0045749 ], [ 72.8397423, 19.0052574 ], [ 72.8395414, 19.0053938 ] ] } },
{ "type": "Feature", "properties": { "name": "Dr Ernest Borges Marg", "highway": "secondary", "slope_pct": 0.6 }, "geometry": { "type": "LineString", "coordinates": [ [ 72.8419802, 19.003648 ], [ 72.8428661, 19.0042999 ], [ 72.8430445, 19.004422 ], [ 72.8433162, 19.004608 ], [ 72.8435342, 19.0047572 ], [ 72.8436055, 19.0048079 ], [ 72.8440403, 19.0051297 ], [ 72.844112, 19.0051821 ], [ 72.8442604, 19.0052954 ] ] } },
{ "type": "Feature", "properties": { "name": "Lady Jehangir Road", "highway": "tertiary", "slope_pct": 0.6 }, "geometry": { "type": "LineString", "coordinates": [ [ 72.8500245, 19.0229302 ], [ 72.8500572, 19.0229521 ], [ 72.8500972, 19.0229556 ], [ 72.8501335, 19.0229396 ], [ 72.8501565, 19.0229086 ], [ 72.85016, 19.0228708 ] ] } },
{ "type": "Feature", "properties": { "name": "U Bhat Marg", "highway": "residential", "slope_pct": 0.6 }, "geometry": { "type": "LineString", "coordinates": [ [ 72.8507918, 19.0251382 ], [ 72.8501834, 19.0257219 ] ] } },
{ "type": "Feature", "properties": { "name": "Urban Corridor", "highway": "residential", "slope_pct": 0.6 }, "geometry": { "type": "LineString", "coordinates": [ [ 72.8491443, 19.0049666 ], [ 72.8491749, 19.004688 ], [ 72.8493104, 19.0034538 ], [ 72.8493269, 19.0033036 ], [ 72.8493872, 19.0027545 ], [ 72.8494033, 19.0026006 ] ] } },
{ "type": "Feature", "properties": { "name": "Urban Corridor", "highway": "trunk_link", "slope_pct": 0.6 }, "geometry": { "type": "LineString", "coordinates": [ [ 72.847004, 19.017018 ], [ 72.8472665, 19.016872 ] ] } },
{ "type": "Feature", "properties": { "name": "Urban Corridor", "highway": "trunk_link", "slope_pct": 0.6 }, "geometry": { "type": "LineString", "coordinates": [ [ 72.8460116, 19.0156851 ], [ 72.8462344, 19.0155579 ] ] } },
{ "type": "Feature", "properties": { "name": "Gokhale Road", "highway": "secondary", "slope_pct": 0.6 }, "geometry": { "type": "LineString", "coordinates": [ [ 72.830884, 19.0063043 ], [ 72.830872, 19.0065833 ], [ 72.8308689, 19.0066556 ], [ 72.830857, 19.0069469 ], [ 72.8308357, 19.0073896 ], [ 72.8308158, 19.0078885 ], [ 72.8308086, 19.0082208 ], [ 72.830802, 19.0085337 ], [ 72.8307996, 19.0086458 ] ] } },
{ "type": "Feature", "properties": { "name": "Balasheth Mandurkar Marg", "highway": "residential", "slope_pct": 0.6 }, "geometry": { "type": "LineString", "coordinates": [ [ 72.8359133, 19.0079678 ], [ 72.8361977, 19.0084289 ] ] } },
{ "type": "Feature", "properties": { "name": "Elphinstone Flyover", "highway": "primary", "slope_pct": 0.6 }, "geometry": { "type": "LineString", "coordinates": [ [ 72.8362182, 19.0120581 ], [ 72.8360487, 19.0119732 ] ] } },
{ "type": "Feature", "properties": { "name": "Senapati Bapat Marg", "highway": "primary", "slope_pct": 0.6 }, "geometry": { "type": "LineString", "coordinates": [ [ 72.8360819, 19.0121711 ], [ 72.8363772, 19.0124783 ], [ 72.8370347, 19.0131624 ], [ 72.8385995, 19.0147902 ], [ 72.8389904, 19.0151968 ], [ 72.8390943, 19.0153049 ], [ 72.839184, 19.0153983 ], [ 72.8392525, 19.0154695 ], [ 72.8393859, 19.0156083 ], [ 72.8395299, 19.0157581 ], [ 72.8398745, 19.0161166 ], [ 72.8401604, 19.0164247 ], [ 72.8401914, 19.0164582 ], [ 72.8403917, 19.0166504 ], [ 72.8407468, 19.0170164 ], [ 72.8409262, 19.0171634 ], [ 72.8409831, 19.01721 ] ] } },
{ "type": "Feature", "properties": { "name": "Raobahadur S.K. Bole Marg", "highway": "primary", "slope_pct": 0.6 }, "geometry": { "type": "LineString", "coordinates": [ [ 72.8355503, 19.0184959 ], [ 72.8350076, 19.018584 ], [ 72.8345315, 19.0186569 ], [ 72.8338621, 19.0186661 ], [ 72.833357, 19.0186191 ] ] } },
{ "type": "Feature", "properties": { "name": "Bhawani Shankar Marg", "highway": "secondary", "slope_pct": 0.6 }, "geometry": { "type": "LineString", "coordinates": [ [ 72.8341858, 19.0137198 ], [ 72.8344601, 19.0138519 ], [ 72.8352127, 19.0142228 ], [ 72.835821, 19.014473 ], [ 72.8359914, 19.0145384 ], [ 72.836164, 19.0146046 ], [ 72.836397, 19.014694 ], [ 72.8365449, 19.0147747 ], [ 72.8365918, 19.0148124 ], [ 72.8367652, 19.0149519 ], [ 72.8368295, 19.0150038 ], [ 72.8370454, 19.015219 ], [ 72.8372333, 19.0155418 ], [ 72.8373702, 19.015777 ] ] } },
{ "type": "Feature", "properties": { "name": "Tilak Road", "highway": "primary", "slope_pct": 0.6 }, "geometry": { "type": "LineString", "coordinates": [ [ 72.8428459, 19.0212303 ], [ 72.8429198, 19.021102 ], [ 72.8429741, 19.0210358 ], [ 72.8430283, 19.0209697 ], [ 72.843036, 19.0209603 ], [ 72.8434006, 19.0207077 ] ] } },
{ "type": "Feature", "properties": { "name": "Ranade Road", "highway": "tertiary", "slope_pct": 0.6 }, "geometry": { "type": "LineString", "coordinates": [ [ 72.8394162, 19.02165 ], [ 72.8389868, 19.0220794 ], [ 72.8389689, 19.0221112 ], [ 72.8388933, 19.0222427 ], [ 72.8388321, 19.0223675 ], [ 72.8386956, 19.0225766 ], [ 72.8386458, 19.0226648 ], [ 72.8385859, 19.0227708 ] ] } },
{ "type": "Feature", "properties": { "name": "N M Joshi Marg", "highway": "secondary", "slope_pct": 0.6 }, "geometry": { "type": "LineString", "coordinates": [ [ 72.8309348, 19.0045432 ], [ 72.8310501, 19.0037435 ], [ 72.8310931, 19.0020669 ], [ 72.8310984, 19.0016557 ], [ 72.8311193, 19.0012153 ], [ 72.8311259, 19.0010753 ] ] } },
{ "type": "Feature", "properties": { "name": "Urban Corridor", "highway": "residential", "slope_pct": 0.6 }, "geometry": { "type": "LineString", "coordinates": [ [ 72.8380854, 19.0062628 ], [ 72.837912, 19.0062915 ], [ 72.8373278, 19.0066477 ], [ 72.8366618, 19.0070539 ] ] } },
{ "type": "Feature", "properties": { "name": "Urban Corridor", "highway": "residential", "slope_pct": 0.6 }, "geometry": { "type": "LineString", "coordinates": [ [ 72.8384276, 19.0175301 ], [ 72.838648, 19.0174212 ], [ 72.839102, 19.0171969 ], [ 72.8392696, 19.0175506 ] ] } },
{ "type": "Feature", "properties": { "name": "Urban Corridor", "highway": "residential", "slope_pct": 0.6 }, "geometry": { "type": "LineString", "coordinates": [ [ 72.8437866, 19.0237937 ], [ 72.8436737, 19.0235274 ], [ 72.8436781, 19.0235141 ], [ 72.8436851, 19.0235068 ], [ 72.8438818, 19.0234307 ] ] } },
{ "type": "Feature", "properties": { "name": "Urban Corridor", "highway": "tertiary", "slope_pct": 0.6 }, "geometry": { "type": "LineString", "coordinates": [ [ 72.8471527, 19.0303876 ], [ 72.8468457, 19.0304476 ], [ 72.846519, 19.0305126 ], [ 72.8457969, 19.0306641 ], [ 72.8457616, 19.030699 ] ] } },
{ "type": "Feature", "properties": { "name": "Urban Corridor", "highway": "primary_link", "slope_pct": 0.6 }, "geometry": { "type": "LineString", "coordinates": [ [ 72.8393859, 19.0156083 ], [ 72.8394954, 19.015513 ] ] } },
{ "type": "Feature", "properties": { "name": "Urban Corridor", "highway": "residential", "slope_pct": 0.6 }, "geometry": { "type": "LineString", "coordinates": [ [ 72.8328349, 19.0111625 ], [ 72.8328287, 19.0111783 ], [ 72.8328182, 19.0112097 ], [ 72.8328176, 19.0112345 ], [ 72.8328015, 19.0113156 ], [ 72.8328022, 19.0113441 ], [ 72.8328122, 19.0113689 ], [ 72.832829, 19.0113866 ], [ 72.8328605, 19.0113942 ], [ 72.832955, 19.011393 ], [ 72.8329778, 19.0113955 ], [ 72.8329919, 19.011405 ], [ 72.8330053, 19.0114208 ], [ 72.8330442, 19.0114874 ], [ 72.8330563, 19.0115007 ], [ 72.8330851, 19.0115052 ], [ 72.8331073, 19.0114988 ], [ 72.8333125, 19.0113765 ], [ 72.8333373, 19.0113492 ], [ 72.833354, 19.011327 ], [ 72.8333641, 19.0112883 ], [ 72.8333512, 19.0112601 ] ] } },
{ "type": "Feature", "properties": { "name": "Urban Corridor", "highway": "residential", "slope_pct": 0.6 }, "geometry": { "type": "LineString", "coordinates": [ [ 72.8291167, 19.013525 ], [ 72.8291592, 19.0134355 ], [ 72.8293197, 19.0130944 ], [ 72.8292284, 19.013056 ], [ 72.8290321, 19.012971 ], [ 72.8290092, 19.0129581 ], [ 72.8289949, 19.0129405 ], [ 72.8289877, 19.0129192 ], [ 72.8288912, 19.0125224 ], [ 72.8288939, 19.0124973 ], [ 72.8289124, 19.0124575 ], [ 72.8289376, 19.0124279 ], [ 72.8290104, 19.012363 ], [ 72.8291029, 19.01232 ], [ 72.8292049, 19.0122985 ], [ 72.8293393, 19.0122994 ], [ 72.8295648, 19.0123135 ], [ 72.8296177, 19.0123325 ], [ 72.8296673, 19.0123677 ], [ 72.8297444, 19.0124608 ], [ 72.8298161, 19.0125692 ], [ 72.8298724, 19.0126575 ], [ 72.8299171, 19.0127231 ], [ 72.8299396, 19.0127977 ], [ 72.8299366, 19.0128507 ], [ 72.8299204, 19.0128897 ], [ 72.8298744, 19.0129267 ], [ 72.8298237, 19.0129427 ], [ 72.8297548, 19.0129478 ], [ 72.8297325, 19.0129561 ], [ 72.8297219, 19.0129722 ], [ 72.8297274, 19.0129977 ], [ 72.829755, 19.0130491 ], [ 72.8297811, 19.0130625 ], [ 72.8298323, 19.013073 ], [ 72.8298836, 19.013073 ], [ 72.8299301, 19.0130715 ], [ 72.8299939, 19.0130834 ], [ 72.8301359, 19.0131132 ] ] } },
{ "type": "Feature", "properties": { "name": "Sayani Marg", "highway": "secondary", "slope_pct": 0.6 }, "geometry": { "type": "LineString", "coordinates": [ [ 72.8311791, 19.0130351 ], [ 72.8312873, 19.01277 ], [ 72.8312977, 19.0127445 ], [ 72.8313888, 19.0125214 ], [ 72.8314305, 19.0124193 ], [ 72.8314733, 19.0123144 ], [ 72.8315137, 19.0122156 ], [ 72.8315478, 19.012132 ], [ 72.8317652, 19.0116164 ], [ 72.831925, 19.0112372 ], [ 72.8319758, 19.0111453 ] ] } },
{ "type": "Feature", "properties": { "name": "Sayani Marg", "highway": "secondary", "slope_pct": 0.6 }, "geometry": { "type": "LineString", "coordinates": [ [ 72.8305068, 19.0142301 ], [ 72.8305177, 19.0142109 ], [ 72.8306851, 19.0139182 ], [ 72.8307041, 19.013885 ], [ 72.8307304, 19.0138453 ], [ 72.8307874, 19.0137357 ], [ 72.8308244, 19.0136696 ], [ 72.8308588, 19.013608 ], [ 72.8310525, 19.0132615 ], [ 72.8311791, 19.0130351 ] ] } },
{ "type": "Feature", "properties": { "name": "Jam-e-Jamshed Road", "highway": "residential", "slope_pct": 0.6 }, "geometry": { "type": "LineString", "coordinates": [ [ 72.8491592, 19.0176909 ], [ 72.8496615, 19.0183641 ], [ 72.8497182, 19.0184401 ], [ 72.8505775, 19.0195919 ], [ 72.8518224, 19.0212445 ] ] } },
{ "type": "Feature", "properties": { "name": "Jame Jamshed Road", "highway": "residential", "slope_pct": 0.6 }, "geometry": { "type": "LineString", "coordinates": [ [ 72.848752, 19.0172143 ], [ 72.8489056, 19.0173566 ], [ 72.8489611, 19.0173747 ] ] } },
{ "type": "Feature", "properties": { "name": "Mancherji Joshi Road", "highway": "residential", "slope_pct": 0.6 }, "geometry": { "type": "LineString", "coordinates": [ [ 72.8492809, 19.0175931 ], [ 72.8503512, 19.018142 ], [ 72.8505216, 19.018234 ], [ 72.850682, 19.0183205 ], [ 72.8507735, 19.0183699 ], [ 72.8508821, 19.0184285 ], [ 72.8509898, 19.0184866 ], [ 72.8510817, 19.0185401 ], [ 72.8512876, 19.0186599 ], [ 72.8514683, 19.0187592 ] ] } },
{ "type": "Feature", "properties": { "name": "Urban Corridor", "highway": "residential", "slope_pct": 0.6 }, "geometry": { "type": "LineString", "coordinates": [ [ 72.8491592, 19.0176909 ], [ 72.849203, 19.0176862 ], [ 72.8492415, 19.0176659 ], [ 72.8492689, 19.0176332 ], [ 72.8492809, 19.0175931 ] ] } },
{ "type": "Feature", "properties": { "name": "Urban Corridor", "highway": "residential", "slope_pct": 0.6 }, "geometry": { "type": "LineString", "coordinates": [ [ 72.8449551, 19.0298419 ], [ 72.844862, 19.0299364 ], [ 72.8447226, 19.03002 ] ] } },
{ "type": "Feature", "properties": { "name": "Urban Corridor", "highway": "residential", "slope_pct": 0.6 }, "geometry": { "type": "LineString", "coordinates": [ [ 72.8444104, 19.0310028 ], [ 72.844382, 19.030716 ], [ 72.8443831, 19.0306711 ], [ 72.8444001, 19.0305875 ], [ 72.8444151, 19.0305057 ], [ 72.8444265, 19.0304391 ], [ 72.844425, 19.0303475 ], [ 72.8443879, 19.0301015 ], [ 72.8443585, 19.0299641 ], [ 72.8443462, 19.0299453 ], [ 72.8443336, 19.0299358 ], [ 72.8443164, 19.0299339 ] ] } },
{ "type": "Feature", "properties": { "name": "Urban Corridor", "highway": "residential", "slope_pct": 0.6 }, "geometry": { "type": "LineString", "coordinates": [ [ 72.8443724, 19.0235319 ], [ 72.844414, 19.0235185 ], [ 72.8444599, 19.0235037 ], [ 72.8445008, 19.0234905 ], [ 72.8447206, 19.0234197 ], [ 72.8448127, 19.02339 ] ] } },
{ "type": "Feature", "properties": { "name": "Urban Corridor", "highway": "residential", "slope_pct": 0.6 }, "geometry": { "type": "LineString", "coordinates": [ [ 72.8437866, 19.0237937 ], [ 72.8439016, 19.0240694 ], [ 72.843923, 19.0240886 ], [ 72.8439621, 19.0240861 ], [ 72.8441233, 19.0240338 ], [ 72.8442409, 19.0239957 ], [ 72.8442557, 19.0239833 ], [ 72.8442564, 19.0239681 ], [ 72.8441371, 19.0236925 ], [ 72.84413, 19.0236832 ], [ 72.8441223, 19.0236793 ], [ 72.8440014, 19.0237157 ] ] } },
{ "type": "Feature", "properties": { "name": "Urban Corridor", "highway": "residential", "slope_pct": 0.6 }, "geometry": { "type": "LineString", "coordinates": [ [ 72.8446026, 19.01729 ], [ 72.8453075, 19.0182959 ] ] } },
{ "type": "Feature", "properties": { "name": "Moreshwar Chintaman Jawle Marg", "highway": "primary_link", "slope_pct": 0.6 }, "geometry": { "type": "LineString", "coordinates": [ [ 72.8418398, 19.0179181 ], [ 72.8417187, 19.0180589 ] ] } },
{ "type": "Feature", "properties": { "name": "Urban Corridor", "highway": "residential", "slope_pct": 0.6 }, "geometry": { "type": "LineString", "coordinates": [ [ 72.835659, 19.0161451 ], [ 72.835682, 19.0160422 ], [ 72.8357051, 19.0159394 ], [ 72.8357085, 19.0158147 ], [ 72.8356647, 19.0156906 ], [ 72.8356018, 19.0155069 ], [ 72.8356004, 19.015503 ], [ 72.8355424, 19.0153933 ], [ 72.8355172, 19.0153457 ], [ 72.8354555, 19.0152722 ], [ 72.8353134, 19.0151201 ], [ 72.8352599, 19.0150783 ], [ 72.835228, 19.0150519 ], [ 72.8351503, 19.0150021 ] ] } },
{ "type": "Feature", "properties": { "name": "Urban Corridor", "highway": "secondary_link", "slope_pct": 0.6 }, "geometry": { "type": "LineString", "coordinates": [ [ 72.8339854, 19.0138872 ], [ 72.833983, 19.0138306 ], [ 72.8340031, 19.0137925 ], [ 72.8340273, 19.0137634 ], [ 72.8340715, 19.0137406 ], [ 72.8341252, 19.0137165 ], [ 72.8341858, 19.0137198 ] ] } },
{ "type": "Feature", "properties": { "name": "Urban Corridor", "highway": "residential", "slope_pct": 0.6 }, "geometry": { "type": "LineString", "coordinates": [ [ 72.8336444, 19.0179946 ], [ 72.8333617, 19.0177932 ], [ 72.8332547, 19.017717 ], [ 72.8332369, 19.0177043 ], [ 72.8332012, 19.0176789 ], [ 72.8330034, 19.017538 ], [ 72.832814, 19.0174051 ], [ 72.8326262, 19.0172819 ], [ 72.8324952, 19.017196 ], [ 72.8323227, 19.0170828 ], [ 72.8322691, 19.0170524 ], [ 72.8322047, 19.0170321 ], [ 72.8321081, 19.0169966 ], [ 72.8320008, 19.0169687 ], [ 72.8318989, 19.0169611 ], [ 72.8317782, 19.0169712 ], [ 72.8316951, 19.0169966 ], [ 72.8316119, 19.0170371 ], [ 72.8315368, 19.017098 ], [ 72.8314403, 19.0171817 ], [ 72.8312991, 19.0173523 ], [ 72.8312579, 19.0174099 ], [ 72.8310326, 19.0176792 ] ] } },
{ "type": "Feature", "properties": { "name": "Urban Corridor", "highway": "residential", "slope_pct": 0.6 }, "geometry": { "type": "LineString", "coordinates": [ [ 72.8343261, 19.0117356 ], [ 72.8342901, 19.0117014 ], [ 72.8342727, 19.0116849 ], [ 72.8341484, 19.0115667 ], [ 72.8337893, 19.0112255 ], [ 72.8334407, 19.0108841 ] ] } },
{ "type": "Feature", "properties": { "name": "Urban Corridor", "highway": "residential", "slope_pct": 0.6 }, "geometry": { "type": "LineString", "coordinates": [ [ 72.8310458, 19.0200907 ], [ 72.830998, 19.0200311 ], [ 72.8310512, 19.0199189 ], [ 72.8310699, 19.019717 ], [ 72.8310507, 19.0195672 ], [ 72.8309923, 19.0194662 ], [ 72.8309239, 19.0193855 ], [ 72.8306604, 19.0191289 ] ] } },
{ "type": "Feature", "properties": { "name": "Urban Corridor", "highway": "residential", "slope_pct": 0.6 }, "geometry": { "type": "LineString", "coordinates": [ [ 72.8509604, 19.0124615 ], [ 72.8504312, 19.0125959 ] ] } },
{ "type": "Feature", "properties": { "name": "Urban Corridor", "highway": "residential", "slope_pct": 0.6 }, "geometry": { "type": "LineString", "coordinates": [ [ 72.851024, 19.0136151 ], [ 72.8510453, 19.0136546 ], [ 72.8510773, 19.0136598 ], [ 72.8512698, 19.0135872 ], [ 72.851561, 19.0134718 ], [ 72.8515107, 19.0133324 ], [ 72.8514981, 19.0132977 ], [ 72.8513979, 19.0129307 ], [ 72.8513794, 19.0129125 ], [ 72.8512878, 19.0128225 ], [ 72.8511358, 19.0126706 ], [ 72.8511152, 19.0126402 ] ] } },
{ "type": "Feature", "properties": { "name": "Urban Corridor", "highway": "residential", "slope_pct": 0.6 }, "geometry": { "type": "LineString", "coordinates": [ [ 72.8505152, 19.0128007 ], [ 72.8504312, 19.0125959 ], [ 72.8503783, 19.0124337 ], [ 72.8503416, 19.0123013 ] ] } },
{ "type": "Feature", "properties": { "name": "Urban Corridor", "highway": "residential", "slope_pct": 0.6 }, "geometry": { "type": "LineString", "coordinates": [ [ 72.8505224, 19.0130405 ], [ 72.8504807, 19.012985 ], [ 72.8504732, 19.0129475 ], [ 72.8504795, 19.0128951 ], [ 72.8505152, 19.0128007 ], [ 72.8506992, 19.0127489 ] ] } },
{ "type": "Feature", "properties": { "name": "Urban Corridor", "highway": "residential", "slope_pct": 0.6 }, "geometry": { "type": "LineString", "coordinates": [ [ 72.8508294, 19.0129549 ], [ 72.850632, 19.0129909 ] ] } },
{ "type": "Feature", "properties": { "name": "Urban Corridor", "highway": "residential", "slope_pct": 0.6 }, "geometry": { "type": "LineString", "coordinates": [ [ 72.8506992, 19.0127489 ], [ 72.8508635, 19.012711 ], [ 72.8508294, 19.0129549 ], [ 72.8509755, 19.0129313 ], [ 72.8511358, 19.0126706 ] ] } },
{ "type": "Feature", "properties": { "name": "Urban Corridor", "highway": "residential", "slope_pct": 0.6 }, "geometry": { "type": "LineString", "coordinates": [ [ 72.8471899, 19.0072579 ], [ 72.8472691, 19.0072322 ], [ 72.8475308, 19.0071472 ], [ 72.8476113, 19.0074388 ] ] } },
{ "type": "Feature", "properties": { "name": "Urban Corridor", "highway": "residential", "slope_pct": 0.6 }, "geometry": { "type": "LineString", "coordinates": [ [ 72.8480223, 19.006596 ], [ 72.8482988, 19.0065382 ], [ 72.8483924, 19.0069407 ] ] } },
{ "type": "Feature", "properties": { "name": "Urban Corridor", "highway": "residential", "slope_pct": 0.6 }, "geometry": { "type": "LineString", "coordinates": [ [ 72.847732, 19.0066653 ], [ 72.8474209, 19.0067338 ] ] } },
{ "type": "Feature", "properties": { "name": "Urban Corridor", "highway": "residential", "slope_pct": 0.6 }, "geometry": { "type": "LineString", "coordinates": [ [ 72.8481826, 19.0073576 ], [ 72.8481048, 19.0070026 ], [ 72.8480223, 19.006596 ], [ 72.847732, 19.0066653 ], [ 72.8478229, 19.0070751 ], [ 72.8478903, 19.0074261 ] ] } },
{ "type": "Feature", "properties": { "name": "Urban Corridor", "highway": "residential", "slope_pct": 0.6 }, "geometry": { "type": "LineString", "coordinates": [ [ 72.8474209, 19.0067338 ], [ 72.8475308, 19.0071472 ], [ 72.8478229, 19.0070751 ], [ 72.8481048, 19.0070026 ], [ 72.8483924, 19.0069407 ], [ 72.8484712, 19.0072843 ] ] } },
{ "type": "Feature", "properties": { "name": "Urban Corridor", "highway": "residential", "slope_pct": 0.6 }, "geometry": { "type": "LineString", "coordinates": [ [ 72.852248, 19.0123087 ], [ 72.8520912, 19.0123552 ], [ 72.8520038, 19.0123759 ], [ 72.8517875, 19.012427 ], [ 72.8516731, 19.0124685 ], [ 72.8516259, 19.0124857 ], [ 72.8514471, 19.012535 ], [ 72.8512586, 19.0125947 ], [ 72.8511152, 19.0126402 ] ] } },
{ "type": "Feature", "properties": { "name": "Urban Corridor", "highway": "residential", "slope_pct": 0.6 }, "geometry": { "type": "LineString", "coordinates": [ [ 72.8522354, 19.0120897 ], [ 72.8520006, 19.0121542 ], [ 72.851755, 19.0122216 ], [ 72.8514724, 19.0123069 ], [ 72.8512511, 19.0123737 ], [ 72.8509604, 19.0124615 ] ] } },
{ "type": "Feature", "properties": { "name": "Urban Corridor", "highway": "residential", "slope_pct": 0.6 }, "geometry": { "type": "LineString", "coordinates": [ [ 72.852334, 19.0125189 ], [ 72.8523722, 19.0126527 ], [ 72.8521187, 19.0127271 ], [ 72.8518626, 19.0128023 ], [ 72.8518351, 19.012664 ], [ 72.8517875, 19.012427 ], [ 72.851755, 19.0122216 ], [ 72.8517145, 19.0120025 ], [ 72.8517009, 19.011929 ] ] } },
{ "type": "Feature", "properties": { "name": "Urban Corridor", "highway": "residential", "slope_pct": 0.6 }, "geometry": { "type": "LineString", "coordinates": [ [ 72.8521817, 19.011806 ], [ 72.8521963, 19.0118831 ], [ 72.8522309, 19.0120661 ], [ 72.8522354, 19.0120897 ], [ 72.852248, 19.0123087 ], [ 72.852334, 19.0125189 ], [ 72.85208, 19.0125927 ], [ 72.8518351, 19.012664 ], [ 72.8515821, 19.0127426 ], [ 72.8514105, 19.0127892 ], [ 72.8512878, 19.0128225 ] ] } },
{ "type": "Feature", "properties": { "name": "Urban Corridor", "highway": "residential", "slope_pct": 0.6 }, "geometry": { "type": "LineString", "coordinates": [ [ 72.8390249, 19.005963 ], [ 72.8391888, 19.0058584 ] ] } },
{ "type": "Feature", "properties": { "name": "Urban Corridor", "highway": "residential", "slope_pct": 0.6 }, "geometry": { "type": "LineString", "coordinates": [ [ 72.8390249, 19.005963 ], [ 72.8390638, 19.0060143 ], [ 72.8390805, 19.0060373 ], [ 72.839519, 19.0066476 ] ] } },
{ "type": "Feature", "properties": { "name": "Urban Corridor", "highway": "residential", "slope_pct": 0.6 }, "geometry": { "type": "LineString", "coordinates": [ [ 72.8394055, 19.0066996 ], [ 72.8392942, 19.0067622 ], [ 72.8392584, 19.0067824 ], [ 72.839186, 19.0068231 ], [ 72.8391089, 19.0068665 ], [ 72.8390835, 19.0068808 ], [ 72.8389668, 19.0069464 ], [ 72.8389358, 19.0069617 ], [ 72.8389048, 19.0069645 ], [ 72.838882, 19.0069519 ], [ 72.8388608, 19.0069324 ], [ 72.8385995, 19.006554 ], [ 72.8385915, 19.0065256 ], [ 72.8385924, 19.0064869 ], [ 72.8386032, 19.006463 ], [ 72.8386302, 19.0064392 ], [ 72.8387531, 19.0063674 ], [ 72.8389036, 19.0062794 ] ] } },
{ "type": "Feature", "properties": { "name": "Urban Corridor", "highway": "residential", "slope_pct": 0.6 }, "geometry": { "type": "LineString", "coordinates": [ [ 72.840724, 19.0069822 ], [ 72.8405006, 19.0071087 ], [ 72.8398536, 19.0074751 ] ] } },
{ "type": "Feature", "properties": { "name": "Urban Corridor", "highway": "residential", "slope_pct": 0.6 }, "geometry": { "type": "LineString", "coordinates": [ [ 72.8462492, 19.0073322 ], [ 72.8465907, 19.0072486 ], [ 72.8470537, 19.0071048 ] ] } },
{ "type": "Feature", "properties": { "name": "Urban Corridor", "highway": "residential", "slope_pct": 0.6 }, "geometry": { "type": "LineString", "coordinates": [ [ 72.848711, 19.0060922 ], [ 72.8488505, 19.0062672 ], [ 72.8490302, 19.0064878 ], [ 72.8491402, 19.006574 ] ] } },
{ "type": "Feature", "properties": { "name": "Urban Corridor", "highway": "residential", "slope_pct": 0.6 }, "geometry": { "type": "LineString", "coordinates": [ [ 72.8467415, 19.0064876 ], [ 72.8468516, 19.0064744 ], [ 72.847099, 19.0064447 ], [ 72.8472036, 19.0064422 ], [ 72.8473136, 19.0064168 ], [ 72.8474732, 19.0062963 ], [ 72.8475255, 19.0062684 ], [ 72.8475764, 19.006257 ], [ 72.8476354, 19.0062469 ], [ 72.84831, 19.0061378 ], [ 72.8485823, 19.0060415 ], [ 72.8486238, 19.0060339 ], [ 72.8486614, 19.0060453 ], [ 72.848711, 19.0060922 ], [ 72.8488398, 19.0060643 ], [ 72.8490704, 19.0060846 ], [ 72.8494245, 19.0062063 ] ] } },
{ "type": "Feature", "properties": { "name": "Urban Corridor", "highway": "residential", "slope_pct": 0.6 }, "geometry": { "type": "LineString", "coordinates": [ [ 72.8367349, 19.0053035 ], [ 72.8371587, 19.0051311 ] ] } },
{ "type": "Feature", "properties": { "name": "Jagannath Bhatankar Marg", "highway": "residential", "slope_pct": 0.6 }, "geometry": { "type": "LineString", "coordinates": [ [ 72.8366894, 19.0051615 ], [ 72.8367349, 19.0053035 ], [ 72.8367921, 19.0054843 ], [ 72.836861, 19.0057017 ], [ 72.8370917, 19.0062215 ], [ 72.8373278, 19.0066477 ] ] } },
{ "type": "Feature", "properties": { "name": "J Bhatankar Marg", "highway": "secondary", "slope_pct": 0.6 }, "geometry": { "type": "LineString", "coordinates": [ [ 72.8307749, 19.0092524 ], [ 72.8306834, 19.0092681 ] ] } },
{ "type": "Feature", "properties": { "name": "Urban Corridor", "highway": "residential", "slope_pct": 0.6 }, "geometry": { "type": "LineString", "coordinates": [ [ 72.8293642, 19.0145419 ], [ 72.8293401, 19.0147054 ], [ 72.8293629, 19.0149565 ], [ 72.8293964, 19.0150972 ], [ 72.829417, 19.0153434 ], [ 72.8294118, 19.0154646 ], [ 72.829359, 19.0155598 ] ] } },
{ "type": "Feature", "properties": { "name": "Urban Corridor", "highway": "residential", "slope_pct": 0.6 }, "geometry": { "type": "LineString", "coordinates": [ [ 72.8410627, 19.0173735 ], [ 72.8410298, 19.0174052 ], [ 72.8410129, 19.01742 ], [ 72.840559, 19.0178388 ], [ 72.8405492, 19.0178526 ], [ 72.8405434, 19.0178701 ], [ 72.8405449, 19.0178879 ], [ 72.8405533, 19.0179084 ], [ 72.840745, 19.0181057 ], [ 72.8407631, 19.0181126 ], [ 72.8407852, 19.018114 ], [ 72.8407999, 19.0181107 ], [ 72.8408185, 19.0180996 ], [ 72.8412927, 19.0177001 ], [ 72.8413075, 19.0176875 ], [ 72.8413321, 19.0176668 ] ] } },
{ "type": "Feature", "properties": { "name": "Urban Corridor", "highway": "residential", "slope_pct": 0.6 }, "geometry": { "type": "LineString", "coordinates": [ [ 72.8396797, 19.0218266 ], [ 72.839562, 19.022238 ], [ 72.8394869, 19.022375 ], [ 72.8393271, 19.022511 ] ] } },
{ "type": "Feature", "properties": { "name": "Urban Corridor", "highway": "residential", "slope_pct": 0.6 }, "geometry": { "type": "LineString", "coordinates": [ [ 72.8256054, 19.015864 ], [ 72.8257167, 19.0156203 ], [ 72.8257975, 19.0154434 ], [ 72.8259346, 19.0151433 ] ] } },
{ "type": "Feature", "properties": { "name": "Urban Corridor", "highway": "residential", "slope_pct": 0.6 }, "geometry": { "type": "LineString", "coordinates": [ [ 72.8345315, 19.0186569 ], [ 72.8347507, 19.0192955 ], [ 72.8348138, 19.0194835 ], [ 72.8348266, 19.0195172 ], [ 72.8348442, 19.019557 ] ] } },
{ "type": "Feature", "properties": { "name": "Urban Corridor", "highway": "tertiary", "slope_pct": 0.6 }, "geometry": { "type": "LineString", "coordinates": [ [ 72.8471527, 19.0303876 ], [ 72.8472518, 19.0303667 ] ] } },
{ "type": "Feature", "properties": { "name": "Urban Corridor", "highway": "residential", "slope_pct": 0.6 }, "geometry": { "type": "LineString", "coordinates": [ [ 72.8436434, 19.0276945 ], [ 72.8436004, 19.0277039 ], [ 72.8434491, 19.0277368 ], [ 72.8433788, 19.0277522 ], [ 72.8432723, 19.0277754 ], [ 72.8431042, 19.027812 ], [ 72.8429186, 19.0278516 ] ] } },
{ "type": "Feature", "properties": { "name": "Urban Corridor", "highway": "residential", "slope_pct": 0.6 }, "geometry": { "type": "LineString", "coordinates": [ [ 72.8463995, 19.0278205 ], [ 72.8464944, 19.0277988 ] ] } },
{ "type": "Feature", "properties": { "name": "Urban Corridor", "highway": "residential", "slope_pct": 0.6 }, "geometry": { "type": "LineString", "coordinates": [ [ 72.8497758, 19.0071218 ], [ 72.8498, 19.0074261 ], [ 72.8498121, 19.0074654 ], [ 72.8498496, 19.0074933 ], [ 72.8499033, 19.007506 ], [ 72.8514804, 19.0078964 ], [ 72.8515901, 19.0079236 ], [ 72.8518196, 19.0079805 ], [ 72.8523436, 19.0081104 ], [ 72.8523605, 19.0081228 ], [ 72.85237, 19.0081409 ], [ 72.85237, 19.0081604 ], [ 72.852364, 19.0084034 ], [ 72.8523529, 19.0088506 ], [ 72.8523477, 19.0090564 ], [ 72.8523314, 19.0097133 ], [ 72.8523262, 19.0097367 ], [ 72.8523159, 19.0097513 ], [ 72.8522879, 19.0097617 ], [ 72.8513608, 19.0097457 ], [ 72.8513478, 19.0097325 ], [ 72.8513419, 19.0097165 ], [ 72.8513456, 19.0093612 ], [ 72.8513493, 19.0089975 ], [ 72.8513449, 19.0089836 ], [ 72.8513302, 19.0089766 ], [ 72.8508984, 19.0089648 ], [ 72.8508881, 19.0089585 ], [ 72.8508815, 19.0089446 ], [ 72.8508759, 19.0087753 ], [ 72.8508531, 19.0080877 ], [ 72.8508484, 19.0079461 ] ] } },
{ "type": "Feature", "properties": { "name": "Urban Corridor", "highway": "residential", "slope_pct": 0.6 }, "geometry": { "type": "LineString", "coordinates": [ [ 72.828797, 19.0098441 ], [ 72.8287236, 19.0097195 ] ] } },
{ "type": "Feature", "properties": { "name": "Urban Corridor", "highway": "residential", "slope_pct": 0.6 }, "geometry": { "type": "LineString", "coordinates": [ [ 72.829085, 19.0102584 ], [ 72.8289847, 19.0100965 ], [ 72.8288483, 19.0099139 ], [ 72.828797, 19.0098441 ] ] } },
{ "type": "Feature", "properties": { "name": "Urban Corridor", "highway": "residential", "slope_pct": 0.6 }, "geometry": { "type": "LineString", "coordinates": [ [ 72.8297478, 19.0063171 ], [ 72.8297482, 19.0064071 ], [ 72.8297484, 19.006432 ], [ 72.8297505, 19.0067396 ], [ 72.8297687, 19.0073561 ], [ 72.8297863, 19.0083668 ], [ 72.8297935, 19.0084688 ], [ 72.8296, 19.0085401 ], [ 72.8295818, 19.0085455 ], [ 72.8295653, 19.0085446 ], [ 72.82946, 19.0085117 ], [ 72.8293386, 19.0085697 ] ] } },
{ "type": "Feature", "properties": { "name": "Urban Corridor", "highway": "residential", "slope_pct": 0.6 }, "geometry": { "type": "LineString", "coordinates": [ [ 72.8441076, 19.0158662 ], [ 72.8442363, 19.0159993 ], [ 72.8443649, 19.0161323 ], [ 72.8443915, 19.0161536 ], [ 72.8444774, 19.0161396 ], [ 72.8445468, 19.0161032 ], [ 72.8445904, 19.0161035 ], [ 72.8447792, 19.0163482 ], [ 72.8449261, 19.0162622 ], [ 72.8449661, 19.0162597 ], [ 72.8451397, 19.0164382 ], [ 72.8451261, 19.0164682 ], [ 72.8448137, 19.0166223 ], [ 72.8447756, 19.0166196 ], [ 72.8446618, 19.0164736 ], [ 72.8446762, 19.0164231 ], [ 72.8447792, 19.0163482 ] ] } },
{ "type": "Feature", "properties": { "name": "Dadasaheb Phalke Marg", "highway": "tertiary", "slope_pct": 0.6 }, "geometry": { "type": "LineString", "coordinates": [ [ 72.8439863, 19.0175026 ], [ 72.8436934, 19.0172978 ], [ 72.8435622, 19.017079 ], [ 72.8432892, 19.0165631 ] ] } },
{ "type": "Feature", "properties": { "name": "Urban Corridor", "highway": "residential", "slope_pct": 0.6 }, "geometry": { "type": "LineString", "coordinates": [ [ 72.8479448, 19.0051258 ], [ 72.8476113, 19.0051792 ], [ 72.8476374, 19.0053826 ], [ 72.8476449, 19.0054409 ] ] } },
{ "type": "Feature", "properties": { "name": "Urban Corridor", "highway": "residential", "slope_pct": 0.6 }, "geometry": { "type": "LineString", "coordinates": [ [ 72.8482226, 19.0047495 ], [ 72.8477749, 19.0048014 ], [ 72.8471258, 19.0048648 ] ] } },
{ "type": "Feature", "properties": { "name": "Urban Corridor", "highway": "residential", "slope_pct": 0.6 }, "geometry": { "type": "LineString", "coordinates": [ [ 72.8356862, 19.0077292 ], [ 72.8354046, 19.0079079 ], [ 72.8352887, 19.0079804 ], [ 72.8351284, 19.0080806 ], [ 72.8345932, 19.0084151 ], [ 72.8342083, 19.0086599 ], [ 72.83416, 19.0086941 ], [ 72.8341185, 19.0087347 ], [ 72.8340615, 19.008827 ] ] } },
{ "type": "Feature", "properties": { "name": "Gokhale Road", "highway": "secondary", "slope_pct": 0.6 }, "geometry": { "type": "LineString", "coordinates": [ [ 72.8307919, 19.0086932 ], [ 72.8307788, 19.0088255 ] ] } },
{ "type": "Feature", "properties": { "name": "N M Joshi Marg", "highway": "secondary", "slope_pct": 0.6 }, "geometry": { "type": "LineString", "coordinates": [ [ 72.8309253, 19.0050925 ], [ 72.8309234, 19.0051338 ], [ 72.8309216, 19.005171 ], [ 72.8309084, 19.0054494 ], [ 72.8309077, 19.005479 ], [ 72.8309013, 19.0057487 ], [ 72.8308904, 19.0062036 ], [ 72.8308903, 19.006215 ] ] } },
{ "type": "Feature", "properties": { "name": "Pandurang Naik Marg", "highway": "residential", "slope_pct": 0.6 }, "geometry": { "type": "LineString", "coordinates": [ [ 72.839862, 19.029441 ], [ 72.8391872, 19.0298309 ], [ 72.8390459, 19.0299124 ], [ 72.8387201, 19.0301007 ], [ 72.8385262, 19.0302127 ], [ 72.8384989, 19.0302284 ] ] } },
{ "type": "Feature", "properties": { "name": "Gokhale Road", "highway": "secondary", "slope_pct": 0.6 }, "geometry": { "type": "LineString", "coordinates": [ [ 72.8307788, 19.0088255 ], [ 72.8307674, 19.0089746 ] ] } },
{ "type": "Feature", "properties": { "name": "New Prabhadevi Marg", "highway": "tertiary", "slope_pct": 0.6 }, "geometry": { "type": "LineString", "coordinates": [ [ 72.8276218, 19.0142267 ], [ 72.8276318, 19.0144027 ], [ 72.8276396, 19.0146115 ], [ 72.8275398, 19.0149386 ], [ 72.8274288, 19.0153203 ], [ 72.8274206, 19.0153528 ] ] } },
{ "type": "Feature", "properties": { "name": "Ranade Road", "highway": "tertiary", "slope_pct": 0.6 }, "geometry": { "type": "LineString", "coordinates": [ [ 72.8385271, 19.022872 ], [ 72.8383133, 19.0232407 ], [ 72.8377044, 19.0242875 ] ] } },
{ "type": "Feature", "properties": { "name": "Urban Corridor", "highway": "residential", "slope_pct": 0.6 }, "geometry": { "type": "LineString", "coordinates": [ [ 72.8249678, 19.0168799 ], [ 72.8245354, 19.0176206 ] ] } },
{ "type": "Feature", "properties": { "name": "Urban Corridor", "highway": "residential", "slope_pct": 0.6 }, "geometry": { "type": "LineString", "coordinates": [ [ 72.8236471, 19.0104247 ], [ 72.8237308, 19.0103471 ], [ 72.8238309, 19.0102974 ], [ 72.8239328, 19.0102787 ], [ 72.8240743, 19.0102646 ], [ 72.8243841, 19.0102383 ], [ 72.8245754, 19.0102212 ], [ 72.8247811, 19.0102032 ], [ 72.8249395, 19.0102 ], [ 72.8250945, 19.0101899 ], [ 72.8251302, 19.010189 ], [ 72.8251937, 19.010187 ], [ 72.8254022, 19.010214 ], [ 72.8256997, 19.0102605 ], [ 72.8259255, 19.0102663 ] ] } },
{ "type": "Feature", "properties": { "name": "Urban Corridor", "highway": "residential", "slope_pct": 0.6 }, "geometry": { "type": "LineString", "coordinates": [ [ 72.8317123, 19.0206252 ], [ 72.8318522, 19.0207874 ], [ 72.8318596, 19.0208015 ], [ 72.8318633, 19.0208137 ], [ 72.8318593, 19.0208288 ], [ 72.8316637, 19.0209785 ], [ 72.8316551, 19.020982 ], [ 72.8316451, 19.0209834 ], [ 72.8316359, 19.0209803 ], [ 72.8314812, 19.0208028 ] ] } },
{ "type": "Feature", "properties": { "name": "Urban Corridor", "highway": "residential", "slope_pct": 0.6 }, "geometry": { "type": "LineString", "coordinates": [ [ 72.8314215, 19.020849 ], [ 72.8314607, 19.0208185 ], [ 72.8314812, 19.0208028 ], [ 72.8317123, 19.0206252 ], [ 72.8318426, 19.0205213 ] ] } },
{ "type": "Feature", "properties": { "name": "Urban Corridor", "highway": "residential", "slope_pct": 0.6 }, "geometry": { "type": "LineString", "coordinates": [ [ 72.8373809, 19.0223633 ], [ 72.8370917, 19.0217638 ] ] } },
{ "type": "Feature", "properties": { "name": "Urban Corridor", "highway": "residential", "slope_pct": 0.6 }, "geometry": { "type": "LineString", "coordinates": [ [ 72.8407266, 19.0294387 ], [ 72.8412505, 19.0293601 ] ] } },
{ "type": "Feature", "properties": { "name": "Urban Corridor", "highway": "residential", "slope_pct": 0.6 }, "geometry": { "type": "LineString", "coordinates": [ [ 72.8397398, 19.0301363 ], [ 72.8394241, 19.0301615 ], [ 72.8392265, 19.0302706 ], [ 72.8392192, 19.0302893 ], [ 72.8392382, 19.0303234 ], [ 72.8393098, 19.0304334 ], [ 72.8395151, 19.0303256 ], [ 72.8395875, 19.0303154 ], [ 72.839752, 19.0303145 ] ] } },
{ "type": "Feature", "properties": { "name": "Urban Corridor", "highway": "residential", "slope_pct": 0.6 }, "geometry": { "type": "LineString", "coordinates": [ [ 72.839944, 19.0300532 ], [ 72.8398383, 19.0300784 ], [ 72.8397562, 19.0300875 ], [ 72.8397398, 19.0301363 ], [ 72.839752, 19.0303145 ], [ 72.8397625, 19.0305042 ], [ 72.8397652, 19.0305538 ] ] } },
{ "type": "Feature", "properties": { "name": "Urban Corridor", "highway": "residential", "slope_pct": 0.6 }, "geometry": { "type": "LineString", "coordinates": [ [ 72.83453, 19.0196555 ], [ 72.8344536, 19.0193801 ], [ 72.8344509, 19.0193736 ], [ 72.834444, 19.0193688 ], [ 72.8344344, 19.019367 ], [ 72.8342611, 19.0194111 ], [ 72.8342534, 19.0194191 ], [ 72.834253, 19.0194322 ], [ 72.8343209, 19.019627 ], [ 72.834329, 19.0196451 ], [ 72.8343429, 19.019659 ], [ 72.8343613, 19.0196645 ], [ 72.83453, 19.0196555 ], [ 72.8345977, 19.0196501 ], [ 72.834665, 19.0196296 ], [ 72.8348442, 19.019557 ] ] } },
{ "type": "Feature", "properties": { "name": "Urban Corridor", "highway": "residential", "slope_pct": 0.6 }, "geometry": { "type": "LineString", "coordinates": [ [ 72.8355242, 19.0208099 ], [ 72.834983, 19.0209876 ] ] } },
{ "type": "Feature", "properties": { "name": "N C Kelkar Marg", "highway": "residential", "slope_pct": 0.6 }, "geometry": { "type": "LineString", "coordinates": [ [ 72.8403628, 19.0251311 ], [ 72.8397849, 19.0255655 ], [ 72.8394031, 19.0258816 ], [ 72.8393744, 19.0259054 ] ] } },
{ "type": "Feature", "properties": { "name": "Urban Corridor", "highway": "tertiary", "slope_pct": 0.6 }, "geometry": { "type": "LineString", "coordinates": [ [ 72.8415424, 19.0279506 ], [ 72.841435, 19.0279553 ], [ 72.8413314, 19.0279598 ] ] } },
{ "type": "Feature", "properties": { "name": "Bal Govind Das Road", "highway": "tertiary", "slope_pct": 0.6 }, "geometry": { "type": "LineString", "coordinates": [ [ 72.8413737, 19.0281605 ], [ 72.8414713, 19.0280391 ], [ 72.8415424, 19.0279506 ] ] } },
{ "type": "Feature", "properties": { "name": "Urban Corridor", "highway": "residential", "slope_pct": 0.6 }, "geometry": { "type": "LineString", "coordinates": [ [ 72.8415825, 19.0264326 ], [ 72.8415694, 19.0263955 ], [ 72.8415602, 19.0263766 ], [ 72.8414383, 19.0261255 ], [ 72.8414015, 19.026048 ], [ 72.8413901, 19.0260064 ], [ 72.8413331, 19.0257172 ], [ 72.8413352, 19.02571 ], [ 72.8413398, 19.025703 ], [ 72.8413467, 19.0257001 ], [ 72.8415166, 19.0256877 ] ] } },
{ "type": "Feature", "properties": { "name": "Urban Corridor", "highway": "residential", "slope_pct": 0.6 }, "geometry": { "type": "LineString", "coordinates": [ [ 72.8429911, 19.021452 ], [ 72.8431731, 19.0213648 ], [ 72.8432002, 19.0213513 ], [ 72.8433143, 19.0212949 ], [ 72.8433906, 19.0212571 ], [ 72.8434266, 19.0212393 ], [ 72.8434927, 19.0212066 ], [ 72.8436731, 19.0211173 ] ] } },
{ "type": "Feature", "properties": { "name": "Urban Corridor", "highway": "residential", "slope_pct": 0.6 }, "geometry": { "type": "LineString", "coordinates": [ [ 72.8448676, 19.0254456 ], [ 72.8447212, 19.0250766 ], [ 72.8446688, 19.0249444 ] ] } },
{ "type": "Feature", "properties": { "name": "Raobahadur S.K. Bole Marg", "highway": "primary", "slope_pct": 0.6 }, "geometry": { "type": "LineString", "coordinates": [ [ 72.8365307, 19.0190864 ], [ 72.8364813, 19.0190421 ] ] } },
{ "type": "Feature", "properties": { "name": "Raobahadur S.K. Bole Marg", "highway": "primary", "slope_pct": 0.6 }, "geometry": { "type": "LineString", "coordinates": [ [ 72.8363769, 19.0189523 ], [ 72.8361502, 19.018842 ] ] } },
{ "type": "Feature", "properties": { "name": "K,W, Chitale Marg", "highway": "primary_link", "slope_pct": 0.6 }, "geometry": { "type": "LineString", "coordinates": [ [ 72.8362822, 19.0193323 ], [ 72.8363071, 19.0192763 ], [ 72.8363541, 19.0191951 ], [ 72.8363846, 19.0191544 ], [ 72.8364457, 19.0191117 ], [ 72.8365307, 19.0190864 ] ] } },
{ "type": "Feature", "properties": { "name": "Urban Corridor", "highway": "residential", "slope_pct": 0.6 }, "geometry": { "type": "LineString", "coordinates": [ [ 72.8380477, 19.0204214 ], [ 72.8380018, 19.0204204 ], [ 72.8379662, 19.0204196 ], [ 72.8379384, 19.0203947 ], [ 72.8379256, 19.0203472 ], [ 72.8379473, 19.0203007 ], [ 72.8380293, 19.0201501 ], [ 72.8380749, 19.0200663 ] ] } },
{ "type": "Feature", "properties": { "name": "Urban Corridor", "highway": "residential", "slope_pct": 0.6 }, "geometry": { "type": "LineString", "coordinates": [ [ 72.8416414, 19.0208405 ], [ 72.8416789, 19.0208129 ], [ 72.8418486, 19.0206773 ], [ 72.8418995, 19.0206532 ], [ 72.842043, 19.0206392 ], [ 72.8423836, 19.020683 ], [ 72.8425619, 19.0206846 ], [ 72.8427242, 19.0206405 ] ] } },
{ "type": "Feature", "properties": { "name": "Urban Corridor", "highway": "residential", "slope_pct": 0.6 }, "geometry": { "type": "LineString", "coordinates": [ [ 72.8334382, 19.0129382 ], [ 72.8335161, 19.012598 ] ] } },
{ "type": "Feature", "properties": { "name": "Urban Corridor", "highway": "secondary", "slope_pct": 0.6 }, "geometry": { "type": "LineString", "coordinates": [ [ 72.8341858, 19.0137198 ], [ 72.8339522, 19.0135225 ], [ 72.8338006, 19.0134068 ] ] } },
{ "type": "Feature", "properties": { "name": "Urban Corridor", "highway": "residential", "slope_pct": 0.6 }, "geometry": { "type": "LineString", "coordinates": [ [ 72.836044, 19.0163832 ], [ 72.8360247, 19.0162558 ], [ 72.8360192, 19.0162189 ], [ 72.8360103, 19.0161607 ] ] } },
{ "type": "Feature", "properties": { "name": "Urban Corridor", "highway": "residential", "slope_pct": 0.6 }, "geometry": { "type": "LineString", "coordinates": [ [ 72.8375114, 19.0181913 ], [ 72.8375058, 19.0180255 ], [ 72.8375059, 19.0180215 ], [ 72.8375073, 19.0179824 ], [ 72.8375072, 19.0179444 ], [ 72.837507, 19.017921 ], [ 72.8375035, 19.0178691 ], [ 72.8374981, 19.0178104 ], [ 72.8374937, 19.0177626 ], [ 72.8374837, 19.0176543 ], [ 72.8374823, 19.0176386 ] ] } },
{ "type": "Feature", "properties": { "name": "Urban Corridor", "highway": "residential", "slope_pct": 0.6 }, "geometry": { "type": "LineString", "coordinates": [ [ 72.8383841, 19.018676 ], [ 72.8383675, 19.0185661 ], [ 72.8382461, 19.0185891 ], [ 72.8380124, 19.0186519 ], [ 72.837866, 19.0186912 ], [ 72.8377816, 19.0187149 ], [ 72.8373936, 19.0188238 ], [ 72.8373854, 19.0188236 ], [ 72.8373788, 19.0188218 ], [ 72.8373742, 19.0188182 ], [ 72.8373361, 19.0187119 ], [ 72.8373365, 19.0187064 ], [ 72.8373411, 19.0187031 ], [ 72.8377324, 19.0185906 ], [ 72.8377374, 19.0185913 ], [ 72.8377412, 19.0185957 ], [ 72.8377816, 19.0187149 ] ] } },
{ "type": "Feature", "properties": { "name": "Lady Jehangir Road", "highway": "tertiary", "slope_pct": 0.6 }, "geometry": { "type": "LineString", "coordinates": [ [ 72.8507184, 19.0222284 ], [ 72.8500692, 19.0226462 ] ] } },
{ "type": "Feature", "properties": { "name": "Urban Corridor", "highway": "tertiary", "slope_pct": 0.6 }, "geometry": { "type": "LineString", "coordinates": [ [ 72.8494888, 19.0227313 ], [ 72.8492951, 19.0227433 ], [ 72.8490777, 19.0227438 ], [ 72.8490183, 19.0227439 ] ] } },
{ "type": "Feature", "properties": { "name": "Lady Jehangir Road", "highway": "tertiary", "slope_pct": 0.6 }, "geometry": { "type": "LineString", "coordinates": [ [ 72.8494652, 19.0233391 ], [ 72.8498021, 19.0232743 ] ] } },
{ "type": "Feature", "properties": { "name": "Lady Jehangir Road", "highway": "tertiary", "slope_pct": 0.6 }, "geometry": { "type": "LineString", "coordinates": [ [ 72.849588, 19.0234989 ], [ 72.8498021, 19.0232743 ] ] } },
{ "type": "Feature", "properties": { "name": "Urban Corridor", "highway": "tertiary", "slope_pct": 0.6 }, "geometry": { "type": "LineString", "coordinates": [ [ 72.8497825, 19.0226227 ], [ 72.8500245, 19.0229302 ] ] } },
{ "type": "Feature", "properties": { "name": "Bhandarkar Road", "highway": "tertiary", "slope_pct": 0.6 }, "geometry": { "type": "LineString", "coordinates": [ [ 72.854823, 19.0270457 ], [ 72.8547217, 19.0270791 ], [ 72.8541692, 19.0272611 ], [ 72.854133, 19.027274 ], [ 72.8534155, 19.0275308 ], [ 72.8532241, 19.0275993 ], [ 72.8529032, 19.0277142 ], [ 72.8525886, 19.0278184 ], [ 72.8516856, 19.0281023 ] ] } },
{ "type": "Feature", "properties": { "name": "Urban Corridor", "highway": "residential", "slope_pct": 0.6 }, "geometry": { "type": "LineString", "coordinates": [ [ 72.844829, 19.0152437 ], [ 72.8452284, 19.0156785 ] ] } },
{ "type": "Feature", "properties": { "name": "Urban Corridor", "highway": "residential", "slope_pct": 0.6 }, "geometry": { "type": "LineString", "coordinates": [ [ 72.8518626, 19.0128023 ], [ 72.8516166, 19.0128703 ], [ 72.8513979, 19.0129307 ] ] } },
{ "type": "Feature", "properties": { "name": "Urban Corridor", "highway": "residential", "slope_pct": 0.6 }, "geometry": { "type": "LineString", "coordinates": [ [ 72.8335034, 19.0196561 ], [ 72.834006, 19.0194509 ], [ 72.8341876, 19.0194238 ] ] } },
{ "type": "Feature", "properties": { "name": "Urban Corridor", "highway": "residential", "slope_pct": 0.6 }, "geometry": { "type": "LineString", "coordinates": [ [ 72.8368148, 19.0173236 ], [ 72.8367784, 19.0172074 ], [ 72.83667, 19.0168611 ] ] } },
{ "type": "Feature", "properties": { "name": "Pandurang Naik Marg", "highway": "residential", "slope_pct": 0.6 }, "geometry": { "type": "LineString", "coordinates": [ [ 72.8384121, 19.0302829 ], [ 72.8383814, 19.0303007 ], [ 72.8375272, 19.0307967 ], [ 72.8372574, 19.0309534 ] ] } },
{ "type": "Feature", "properties": { "name": "N.M. Kale Marg", "highway": "residential", "slope_pct": 0.6 }, "geometry": { "type": "LineString", "coordinates": [ [ 72.8311497, 19.0206028 ], [ 72.8310966, 19.020653 ] ] } },
{ "type": "Feature", "properties": { "name": "Urban Corridor", "highway": "residential", "slope_pct": 0.6 }, "geometry": { "type": "LineString", "coordinates": [ [ 72.8418144, 19.0090461 ], [ 72.8426123, 19.008722 ], [ 72.8426573, 19.0087068 ], [ 72.8426962, 19.0086979 ], [ 72.8428243, 19.0087076 ] ] } },
{ "type": "Feature", "properties": { "name": "Swatantrya Veer Savarkar Marg", "highway": "secondary", "slope_pct": 0.6 }, "geometry": { "type": "LineString", "coordinates": [ [ 72.8378221, 19.0289695 ], [ 72.8372072, 19.0278374 ], [ 72.836766, 19.0269806 ], [ 72.8364439, 19.0264612 ], [ 72.8362797, 19.0261985 ], [ 72.8360923, 19.0258478 ], [ 72.8358579, 19.0254134 ] ] } },
{ "type": "Feature", "properties": { "name": "Takandas H. Kataria Marg", "highway": "secondary", "slope_pct": 0.6 }, "geometry": { "type": "LineString", "coordinates": [ [ 72.8486644, 19.0309092 ], [ 72.8485972, 19.0307893 ], [ 72.8485152, 19.0306497 ], [ 72.8483386, 19.030429 ] ] } },
{ "type": "Feature", "properties": { "name": "Urban Corridor", "highway": "residential", "slope_pct": 0.6 }, "geometry": { "type": "LineString", "coordinates": [ [ 72.8483393, 19.010456 ], [ 72.84875, 19.0104044 ], [ 72.8495766, 19.0103194 ] ] } },
{ "type": "Feature", "properties": { "name": "Urban Corridor", "highway": "residential", "slope_pct": 0.6 }, "geometry": { "type": "LineString", "coordinates": [ [ 72.8284365, 19.0097721 ], [ 72.8278407, 19.0098891 ], [ 72.8268712, 19.0101263 ], [ 72.8263259, 19.0102062 ], [ 72.8259255, 19.0102663 ] ] } },
{ "type": "Feature", "properties": { "name": "Urban Corridor", "highway": "residential", "slope_pct": 0.6 }, "geometry": { "type": "LineString", "coordinates": [ [ 72.8297687, 19.0073561 ], [ 72.8300254, 19.007363 ], [ 72.8300214, 19.0064444 ], [ 72.8297484, 19.006432 ] ] } },
{ "type": "Feature", "properties": { "name": "Urban Corridor", "highway": "residential", "slope_pct": 0.6 }, "geometry": { "type": "LineString", "coordinates": [ [ 72.8325822, 19.0164606 ], [ 72.8325245, 19.0167615 ], [ 72.832414, 19.0169534 ] ] } },
{ "type": "Feature", "properties": { "name": "Urban Corridor", "highway": "residential", "slope_pct": 0.6 }, "geometry": { "type": "LineString", "coordinates": [ [ 72.8332076, 19.0204435 ], [ 72.8331919, 19.0204222 ], [ 72.8330411, 19.0202184 ], [ 72.8330144, 19.0201978 ], [ 72.8329854, 19.0201879 ], [ 72.8329606, 19.0201892 ], [ 72.8327934, 19.0202929 ], [ 72.8326971, 19.0203527 ] ] } },
{ "type": "Feature", "properties": { "name": "Urban Corridor", "highway": "residential", "slope_pct": 0.6 }, "geometry": { "type": "LineString", "coordinates": [ [ 72.8423479, 19.0130223 ], [ 72.8422925, 19.0130455 ], [ 72.8416668, 19.013308 ] ] } },
{ "type": "Feature", "properties": { "name": "Urban Corridor", "highway": "residential", "slope_pct": 0.6 }, "geometry": { "type": "LineString", "coordinates": [ [ 72.8435666, 19.0163308 ], [ 72.8438039, 19.0164954 ], [ 72.8438837, 19.0164758 ], [ 72.8439042, 19.0164821 ], [ 72.84417, 19.0167628 ], [ 72.8441696, 19.0167808 ], [ 72.8438507, 19.0169938 ], [ 72.8438253, 19.0169878 ], [ 72.8437304, 19.0168069 ], [ 72.8437363, 19.0167898 ], [ 72.8437844, 19.0167453 ], [ 72.8437813, 19.0167286 ], [ 72.8437071, 19.0166456 ], [ 72.8437054, 19.0166284 ], [ 72.8438039, 19.0164954 ] ] } },
{ "type": "Feature", "properties": { "name": "Urban Corridor", "highway": "residential", "slope_pct": 0.6 }, "geometry": { "type": "LineString", "coordinates": [ [ 72.8447318, 19.0115594 ], [ 72.8442514, 19.0118356 ], [ 72.8440978, 19.0116097 ], [ 72.8445768, 19.0113257 ] ] } },
{ "type": "Feature", "properties": { "name": "Urban Corridor", "highway": "residential", "slope_pct": 0.6 }, "geometry": { "type": "LineString", "coordinates": [ [ 72.844758, 19.0115994 ], [ 72.8453598, 19.0112633 ] ] } },
{ "type": "Feature", "properties": { "name": "Urban Corridor", "highway": "residential", "slope_pct": 0.6 }, "geometry": { "type": "LineString", "coordinates": [ [ 72.8460962, 19.0104505 ], [ 72.8456958, 19.0095758 ] ] } },
{ "type": "Feature", "properties": { "name": "Urban Corridor", "highway": "residential", "slope_pct": 0.6 }, "geometry": { "type": "LineString", "coordinates": [ [ 72.8496809, 19.0133346 ], [ 72.8496189, 19.0133733 ], [ 72.8494341, 19.013452 ], [ 72.8492905, 19.0135029 ] ] } },
{ "type": "Feature", "properties": { "name": "Urban Corridor", "highway": "residential", "slope_pct": 0.6 }, "geometry": { "type": "LineString", "coordinates": [ [ 72.8505531, 19.0228096 ], [ 72.8510417, 19.0224831 ], [ 72.8510963, 19.0224462 ] ] } },
{ "type": "Feature", "properties": { "name": "Urban Corridor", "highway": "residential", "slope_pct": 0.6 }, "geometry": { "type": "LineString", "coordinates": [ [ 72.8519851, 19.0225855 ], [ 72.8518265, 19.0223963 ], [ 72.8518257, 19.022362 ], [ 72.8518464, 19.022348 ] ] } },
{ "type": "Feature", "properties": { "name": "Urban Corridor", "highway": "residential", "slope_pct": 0.6 }, "geometry": { "type": "LineString", "coordinates": [ [ 72.8497802, 19.0101839 ], [ 72.8497267, 19.0101809 ], [ 72.8496749, 19.0101938 ], [ 72.8496299, 19.0102213 ], [ 72.8495962, 19.0102606 ], [ 72.8495927, 19.0102692 ], [ 72.849577, 19.010308 ], [ 72.8495766, 19.0103194 ], [ 72.849576, 19.0103368 ], [ 72.849575, 19.0103634 ], [ 72.8495931, 19.0104162 ], [ 72.8496291, 19.0104601 ], [ 72.8496787, 19.0104898 ], [ 72.8497248, 19.010501 ], [ 72.8497942, 19.0104946 ], [ 72.8498198, 19.0104821 ], [ 72.8498464, 19.0104691 ], [ 72.8498863, 19.0104284 ], [ 72.8499093, 19.0103774 ], [ 72.8499112, 19.0103515 ], [ 72.849913, 19.0103268 ], [ 72.8498999, 19.0102777 ], [ 72.8498713, 19.0102348 ], [ 72.8498301, 19.0102025 ], [ 72.8497802, 19.0101839 ] ] } },
{ "type": "Feature", "properties": { "name": "Urban Corridor", "highway": "residential", "slope_pct": 0.6 }, "geometry": { "type": "LineString", "coordinates": [ [ 72.8496718, 19.0111777 ], [ 72.8496289, 19.0112615 ], [ 72.8494921, 19.0114578 ], [ 72.8494829, 19.0115001 ], [ 72.8494878, 19.0115581 ], [ 72.849518, 19.0116239 ], [ 72.8495667, 19.0116461 ], [ 72.8496533, 19.0116453 ], [ 72.8496965, 19.0116368 ], [ 72.8497048, 19.0116171 ], [ 72.8497293, 19.0115808 ], [ 72.8497538, 19.0115281 ], [ 72.8497951, 19.0112266 ] ] } },
{ "type": "Feature", "properties": { "name": "Urban Corridor", "highway": "residential", "slope_pct": 0.6 }, "geometry": { "type": "LineString", "coordinates": [ [ 72.8497248, 19.010501 ], [ 72.8497098, 19.0109422 ], [ 72.849705, 19.0110825 ], [ 72.8496718, 19.0111777 ] ] } },
{ "type": "Feature", "properties": { "name": "Urban Corridor", "highway": "residential", "slope_pct": 0.6 }, "geometry": { "type": "LineString", "coordinates": [ [ 72.8497951, 19.0112266 ], [ 72.8498045, 19.0109428 ], [ 72.8498198, 19.0104821 ] ] } },
{ "type": "Feature", "properties": { "name": "Urban Corridor", "highway": "residential", "slope_pct": 0.6 }, "geometry": { "type": "LineString", "coordinates": [ [ 72.8496718, 19.0111777 ], [ 72.8497951, 19.0112266 ] ] } },
{ "type": "Feature", "properties": { "name": "Adam Mistry Path", "highway": "residential", "slope_pct": 0.6 }, "geometry": { "type": "LineString", "coordinates": [ [ 72.8404188, 19.0064841 ], [ 72.8395932, 19.0069353 ] ] } },
{ "type": "Feature", "properties": { "name": "Urban Corridor", "highway": "residential", "slope_pct": 0.6 }, "geometry": { "type": "LineString", "coordinates": [ [ 72.83128, 19.0141483 ], [ 72.8317322, 19.0144135 ], [ 72.8318429, 19.0144753 ], [ 72.8318653, 19.0144872 ], [ 72.8321164, 19.0146034 ], [ 72.8325766, 19.0148135 ] ] } },
{ "type": "Feature", "properties": { "name": "Urban Corridor", "highway": "residential", "slope_pct": 0.6 }, "geometry": { "type": "LineString", "coordinates": [ [ 72.8412348, 19.0074954 ], [ 72.8413822, 19.0074745 ], [ 72.8416484, 19.0074368 ], [ 72.841676, 19.007449 ], [ 72.8416927, 19.0074783 ], [ 72.841875, 19.0080668 ], [ 72.8419311, 19.0082481 ] ] } },
{ "type": "Feature", "properties": { "name": "Urban Corridor", "highway": "residential", "slope_pct": 0.6 }, "geometry": { "type": "LineString", "coordinates": [ [ 72.8376784, 19.0163418 ], [ 72.8381771, 19.0160555 ] ] } },
{ "type": "Feature", "properties": { "name": "Urban Corridor", "highway": "residential", "slope_pct": 0.6 }, "geometry": { "type": "LineString", "coordinates": [ [ 72.8276218, 19.0142267 ], [ 72.8277536, 19.0142384 ], [ 72.8279025, 19.0142514 ], [ 72.8282148, 19.0141986 ], [ 72.8283913, 19.0141603 ], [ 72.828542, 19.0139606 ] ] } },
{ "type": "Feature", "properties": { "name": "Urban Corridor", "highway": "residential", "slope_pct": 0.6 }, "geometry": { "type": "LineString", "coordinates": [ [ 72.8293708, 19.0090309 ], [ 72.8293816, 19.0090261 ], [ 72.8294841, 19.008965 ], [ 72.8297027, 19.0088091 ], [ 72.8298156, 19.0087326 ], [ 72.8297935, 19.0084688 ] ] } },
{ "type": "Feature", "properties": { "name": "L J Marg", "highway": "tertiary", "slope_pct": 0.6 }, "geometry": { "type": "LineString", "coordinates": [ [ 72.8497825, 19.0226227 ], [ 72.8494888, 19.0227313 ], [ 72.8492596, 19.0228975 ], [ 72.8492036, 19.0229465 ] ] } },
{ "type": "Feature", "properties": { "name": "Lady Jehangir Road", "highway": "tertiary", "slope_pct": 0.6 }, "geometry": { "type": "LineString", "coordinates": [ [ 72.8498021, 19.0232743 ], [ 72.8500245, 19.0229302 ] ] } },
{ "type": "Feature", "properties": { "name": "Senapati Bapat Marg", "highway": "secondary", "slope_pct": 0.6 }, "geometry": { "type": "LineString", "coordinates": [ [ 72.8432969, 19.0204525 ], [ 72.8436731, 19.0211173 ], [ 72.8439445, 19.0215969 ], [ 72.8439782, 19.0216656 ], [ 72.8440935, 19.0219089 ], [ 72.8443001, 19.0223447 ], [ 72.8443304, 19.0224042 ], [ 72.8446355, 19.0230044 ], [ 72.844766, 19.0232732 ], [ 72.8448127, 19.02339 ], [ 72.844906, 19.0236224 ], [ 72.8449718, 19.023788 ], [ 72.8449824, 19.0238145 ], [ 72.8449993, 19.0238568 ], [ 72.8451999, 19.0243585 ], [ 72.8453092, 19.0246229 ], [ 72.8455399, 19.0251812 ], [ 72.8459194, 19.0263362 ], [ 72.8460472, 19.0267215 ], [ 72.8463156, 19.0275301 ], [ 72.8463995, 19.0278205 ], [ 72.8464956, 19.0281482 ], [ 72.84652, 19.0282313 ], [ 72.8465548, 19.02835 ], [ 72.8465869, 19.0284595 ], [ 72.846671, 19.0287461 ], [ 72.8467367, 19.0289701 ], [ 72.8469558, 19.0297167 ], [ 72.8470726, 19.0301145 ], [ 72.8471527, 19.0303876 ], [ 72.8471802, 19.0304743 ], [ 72.8472325, 19.0306474 ], [ 72.8472824, 19.0308147 ], [ 72.8476658, 19.0326526 ], [ 72.8476872, 19.0330412 ], [ 72.8476894, 19.0330808 ], [ 72.8476936, 19.0331568 ], [ 72.8477073, 19.0334038 ], [ 72.8477234, 19.0336961 ], [ 72.8477344, 19.0338949 ], [ 72.8477466, 19.0341157 ], [ 72.8477477, 19.03436 ], [ 72.8477514, 19.0351547 ] ] } },
{ "type": "Feature", "properties": { "name": "Senapati Bapat Marg", "highway": "secondary", "slope_pct": 0.6 }, "geometry": { "type": "LineString", "coordinates": [ [ 72.8478376, 19.0351508 ], [ 72.8478363, 19.0349993 ], [ 72.8478288, 19.0341144 ], [ 72.8478267, 19.0338621 ], [ 72.847817, 19.0336931 ], [ 72.8477858, 19.0331526 ], [ 72.8477558, 19.0326323 ], [ 72.8473735, 19.0307825 ], [ 72.8473275, 19.0306254 ], [ 72.8472518, 19.0303667 ], [ 72.8471689, 19.030086 ], [ 72.8470512, 19.0296878 ], [ 72.8468326, 19.0289482 ], [ 72.8467644, 19.0287176 ], [ 72.8466856, 19.028451 ], [ 72.8466805, 19.0284338 ], [ 72.8465906, 19.0281269 ], [ 72.8464944, 19.0277988 ], [ 72.8464067, 19.0274978 ], [ 72.8463633, 19.027367 ], [ 72.8460105, 19.026304 ], [ 72.8456289, 19.0251444 ], [ 72.8453259, 19.0243998 ], [ 72.8449709, 19.0235221 ], [ 72.8448572, 19.023241 ], [ 72.844719, 19.0229656 ], [ 72.8444165, 19.0223627 ], [ 72.8443868, 19.0223034 ], [ 72.8440629, 19.0216202 ], [ 72.8440356, 19.0215646 ], [ 72.8433751, 19.0204086 ] ] } },
{ "type": "Feature", "properties": { "name": "R B Anant Desai Marg", "highway": "residential", "slope_pct": 0.6 }, "geometry": { "type": "LineString", "coordinates": [ [ 72.8259471, 19.0137002 ], [ 72.8259104, 19.0138001 ], [ 72.8258449, 19.0139783 ], [ 72.8256913, 19.0142791 ], [ 72.8253618, 19.0149191 ] ] } },
{ "type": "Feature", "properties": { "name": "Urban Corridor", "highway": "residential", "slope_pct": 0.6 }, "geometry": { "type": "LineString", "coordinates": [ [ 72.8313162, 19.0074288 ], [ 72.831411, 19.0074317 ], [ 72.8314969, 19.0074267 ], [ 72.8316002, 19.0074079 ] ] } },
{ "type": "Feature", "properties": { "name": "Urban Corridor", "highway": "residential", "slope_pct": 0.6 }, "geometry": { "type": "LineString", "coordinates": [ [ 72.8308357, 19.0073896 ], [ 72.8312761, 19.0074256 ], [ 72.8313162, 19.0074288 ] ] } },
{ "type": "Feature", "properties": { "name": "Balasheth Mandurkar Marg", "highway": "residential", "slope_pct": 0.6 }, "geometry": { "type": "LineString", "coordinates": [ [ 72.8310695, 19.0049626 ], [ 72.8310748, 19.004962 ], [ 72.8310938, 19.0049598 ], [ 72.831118, 19.0049645 ], [ 72.8333773, 19.0058575 ], [ 72.8335798, 19.0059408 ], [ 72.8338267, 19.006035 ], [ 72.8344989, 19.0063053 ], [ 72.8346662, 19.0063832 ], [ 72.8349218, 19.006498 ], [ 72.8350291, 19.0065715 ], [ 72.8351068, 19.0066501 ], [ 72.8354245, 19.0071751 ] ] } },
{ "type": "Feature", "properties": { "name": "Urban Corridor", "highway": "residential", "slope_pct": 0.6 }, "geometry": { "type": "LineString", "coordinates": [ [ 72.8356862, 19.0077292 ], [ 72.8357432, 19.0076918 ] ] } },
{ "type": "Feature", "properties": { "name": "Urban Corridor", "highway": "residential", "slope_pct": 0.6 }, "geometry": { "type": "LineString", "coordinates": [ [ 72.8357918, 19.0078861 ], [ 72.8359133, 19.0079678 ] ] } },
{ "type": "Feature", "properties": { "name": "Urban Corridor", "highway": "residential", "slope_pct": 0.6 }, "geometry": { "type": "LineString", "coordinates": [ [ 72.8520154, 19.0076645 ], [ 72.8507601, 19.0068986 ], [ 72.8504619, 19.0066754 ] ] } },
{ "type": "Feature", "properties": { "name": "Urban Corridor", "highway": "residential", "slope_pct": 0.6 }, "geometry": { "type": "LineString", "coordinates": [ [ 72.8482988, 19.0065382 ], [ 72.8485352, 19.0064808 ] ] } },
{ "type": "Feature", "properties": { "name": "Dr Babasaheb Ambedkar Marg (Vincent Road)", "highway": "trunk", "slope_pct": 0.6 }, "geometry": { "type": "LineString", "coordinates": [ [ 72.8398144, 19.0053296 ], [ 72.8397423, 19.0052574 ], [ 72.8396381, 19.005153 ], [ 72.8395446, 19.0050726 ], [ 72.8394137, 19.0049093 ], [ 72.8393457, 19.0048278 ], [ 72.8392073, 19.0045937 ], [ 72.8391114, 19.0043548 ], [ 72.8390941, 19.0042933 ], [ 72.8390328, 19.0040754 ], [ 72.8389513, 19.0039212 ] ] } },
{ "type": "Feature", "properties": { "name": "Acharya Donde Marg", "highway": "secondary", "slope_pct": 0.6 }, "geometry": { "type": "LineString", "coordinates": [ [ 72.8395414, 19.0053938 ], [ 72.8390708, 19.0056771 ], [ 72.8380854, 19.0062628 ] ] } },
{ "type": "Feature", "properties": { "name": "Dr Babasaheb Ambedkar Marg (Vincent Road)", "highway": "trunk", "slope_pct": 0.6 }, "geometry": { "type": "LineString", "coordinates": [ [ 72.838802, 19.0039291 ], [ 72.8388033, 19.0041331 ], [ 72.838885, 19.0044237 ], [ 72.8389065, 19.0044935 ], [ 72.8389914, 19.0046888 ], [ 72.8391468, 19.0049517 ], [ 72.8392747, 19.0051091 ], [ 72.8393648, 19.00522 ], [ 72.8394578, 19.005314 ], [ 72.8395414, 19.0053938 ], [ 72.8396166, 19.0054639 ] ] } },
{ "type": "Feature", "properties": { "name": "Urban Corridor", "highway": "residential", "slope_pct": 0.6 }, "geometry": { "type": "LineString", "coordinates": [ [ 72.8515901, 19.0079236 ], [ 72.8515901, 19.0079405 ], [ 72.8515927, 19.0084524 ], [ 72.8515931, 19.0085465 ], [ 72.8515935, 19.0086145 ], [ 72.8515957, 19.0090618 ], [ 72.8515972, 19.0093682 ], [ 72.8515978, 19.0094904 ] ] } },
{ "type": "Feature", "properties": { "name": "Gokhale Road", "highway": "primary", "slope_pct": 0.6 }, "geometry": { "type": "LineString", "coordinates": [ [ 72.8385271, 19.022872 ], [ 72.8388707, 19.0232809 ], [ 72.8389373, 19.02335 ], [ 72.8392101, 19.0236849 ], [ 72.8404096, 19.0250959 ] ] } },
{ "type": "Feature", "properties": { "name": "Lakhamsi Nappu Road", "highway": "tertiary", "slope_pct": 0.6 }, "geometry": { "type": "LineString", "coordinates": [ [ 72.8516856, 19.0281023 ], [ 72.8516188, 19.0280435 ], [ 72.8514885, 19.0279063 ], [ 72.851171, 19.0274235 ], [ 72.8509721, 19.0271316 ], [ 72.8508153, 19.0268524 ], [ 72.8504982, 19.0262748 ], [ 72.8501834, 19.0257219 ] ] } },
{ "type": "Feature", "properties": { "name": "Urban Corridor", "highway": "residential", "slope_pct": 0.6 }, "geometry": { "type": "LineString", "coordinates": [ [ 72.8330996, 19.0169448 ], [ 72.8330236, 19.0170673 ], [ 72.8329651, 19.0171617 ], [ 72.8328985, 19.0172689 ], [ 72.832814, 19.0174051 ] ] } },
{ "type": "Feature", "properties": { "name": "Urban Corridor", "highway": "residential", "slope_pct": 0.6 }, "geometry": { "type": "LineString", "coordinates": [ [ 72.8251942, 19.0100652 ], [ 72.8254981, 19.010069 ], [ 72.8262294, 19.010079 ], [ 72.8262493, 19.0100701 ], [ 72.8262574, 19.0100527 ], [ 72.8262565, 19.0099503 ], [ 72.8262463, 19.0099287 ], [ 72.8262253, 19.0099211 ], [ 72.8261802, 19.0099198 ], [ 72.826162, 19.0099136 ], [ 72.8261536, 19.0098981 ], [ 72.8261536, 19.009799 ], [ 72.8261599, 19.0097793 ], [ 72.826179, 19.0097683 ], [ 72.8262332, 19.0097662 ], [ 72.8262474, 19.0097569 ], [ 72.8262543, 19.0097416 ], [ 72.8262539, 19.0096238 ], [ 72.8262477, 19.0096056 ], [ 72.8262357, 19.0095976 ], [ 72.8257146, 19.0095835 ] ] } },
{ "type": "Feature", "properties": { "name": "Urban Corridor", "highway": "residential", "slope_pct": 0.6 }, "geometry": { "type": "LineString", "coordinates": [ [ 72.8251937, 19.010187 ], [ 72.8251945, 19.010103 ], [ 72.8251942, 19.0100652 ], [ 72.8252012, 19.0090981 ], [ 72.8252137, 19.0090753 ], [ 72.8252476, 19.009066 ], [ 72.8253462, 19.0090685 ], [ 72.8253722, 19.0090804 ], [ 72.8253807, 19.0090948 ], [ 72.8253809, 19.0091106 ], [ 72.8253878, 19.009123 ], [ 72.8254053, 19.0091331 ], [ 72.8254914, 19.0091349 ], [ 72.82552, 19.0091254 ], [ 72.8255441, 19.0091118 ], [ 72.8255532, 19.0090582 ], [ 72.825569, 19.009036 ], [ 72.8255966, 19.0090259 ], [ 72.8256898, 19.0090302 ], [ 72.8257146, 19.009038 ], [ 72.8257238, 19.0090561 ], [ 72.8257146, 19.0095835 ], [ 72.8257145, 19.0097597 ], [ 72.8254967, 19.0097577 ], [ 72.8254974, 19.0099066 ], [ 72.8254981, 19.010069 ] ] } },
{ "type": "Feature", "properties": { "name": "Eknath Buwa Hatiskar Marg", "highway": "residential", "slope_pct": 0.6 }, "geometry": { "type": "LineString", "coordinates": [ [ 72.8270314, 19.0179447 ], [ 72.8272894, 19.0180723 ], [ 72.8275238, 19.0181881 ], [ 72.8275384, 19.0181953 ], [ 72.8276188, 19.0182356 ] ] } },
{ "type": "Feature", "properties": { "name": "Urban Corridor", "highway": "residential", "slope_pct": 0.6 }, "geometry": { "type": "LineString", "coordinates": [ [ 72.8258743, 19.0112234 ], [ 72.8249034, 19.0112475 ] ] } },
{ "type": "Feature", "properties": { "name": "Urban Corridor", "highway": "residential", "slope_pct": 0.6 }, "geometry": { "type": "LineString", "coordinates": [ [ 72.8323316, 19.0086891 ], [ 72.8324488, 19.008585 ], [ 72.8325509, 19.0084338 ] ] } },
{ "type": "Feature", "properties": { "name": "Urban Corridor", "highway": "primary", "slope_pct": 0.6 }, "geometry": { "type": "LineString", "coordinates": [ [ 72.8348172, 19.0159336 ], [ 72.8346962, 19.0159053 ] ] } },
{ "type": "Feature", "properties": { "name": "Shankar Ghanekar Marg", "highway": "primary", "slope_pct": 0.6 }, "geometry": { "type": "LineString", "coordinates": [ [ 72.8323361, 19.0152128 ], [ 72.8324398, 19.015271 ], [ 72.8331575, 19.0156547 ], [ 72.8335083, 19.0157616 ], [ 72.8345395, 19.0159398 ], [ 72.8347261, 19.0159783 ] ] } },
{ "type": "Feature", "properties": { "name": "Keluskar Road South", "highway": "residential", "slope_pct": 0.6 }, "geometry": { "type": "LineString", "coordinates": [ [ 72.8359843, 19.0263382 ], [ 72.8354491, 19.0265795 ], [ 72.8350557, 19.0267774 ] ] } },
{ "type": "Feature", "properties": { "name": "Dr Madhukar B. Raut Marg", "highway": "residential", "slope_pct": 0.6 }, "geometry": { "type": "LineString", "coordinates": [ [ 72.8381662, 19.0298187 ], [ 72.8369215, 19.0305191 ] ] } },
{ "type": "Feature", "properties": { "name": "Urban Corridor", "highway": "residential", "slope_pct": 0.6 }, "geometry": { "type": "LineString", "coordinates": [ [ 72.8347738, 19.0122998 ], [ 72.8347294, 19.0123474 ], [ 72.8345915, 19.0124993 ], [ 72.8344998, 19.0126003 ], [ 72.8343148, 19.0128067 ] ] } },
{ "type": "Feature", "properties": { "name": "Urban Corridor", "highway": "residential", "slope_pct": 0.6 }, "geometry": { "type": "LineString", "coordinates": [ [ 72.836956, 19.0207702 ], [ 72.8366796, 19.0209032 ] ] } },
{ "type": "Feature", "properties": { "name": "Urban Corridor", "highway": "residential", "slope_pct": 0.6 }, "geometry": { "type": "LineString", "coordinates": [ [ 72.8460472, 19.0267215 ], [ 72.8459099, 19.0267547 ], [ 72.8457652, 19.0267781 ], [ 72.8456525, 19.0267892 ] ] } },
{ "type": "Feature", "properties": { "name": "Urban Corridor", "highway": "residential", "slope_pct": 0.6 }, "geometry": { "type": "LineString", "coordinates": [ [ 72.827432, 19.0185464 ], [ 72.8273411, 19.0187025 ], [ 72.8271687, 19.0190387 ], [ 72.8271594, 19.0190763 ], [ 72.8271665, 19.0191094 ], [ 72.8271931, 19.0191294 ], [ 72.8273762, 19.0192351 ], [ 72.8275401, 19.0193299 ] ] } },
{ "type": "Feature", "properties": { "name": "Shankar Ghanekar Marg", "highway": "primary", "slope_pct": 0.6 }, "geometry": { "type": "LineString", "coordinates": [ [ 72.8305068, 19.0142301 ], [ 72.8305433, 19.0142497 ] ] } },
{ "type": "Feature", "properties": { "name": "Urban Corridor", "highway": "primary_link", "slope_pct": 0.6 }, "geometry": { "type": "LineString", "coordinates": [ [ 72.8308382, 19.0045592 ], [ 72.8308708, 19.0045772 ], [ 72.8308902, 19.0045783 ], [ 72.8309097, 19.0045702 ], [ 72.8309348, 19.0045432 ] ] } },
{ "type": "Feature", "properties": { "name": "Elphinstone Flyover", "highway": "primary", "slope_pct": 0.6 }, "geometry": { "type": "LineString", "coordinates": [ [ 72.8296591, 19.0024629 ], [ 72.8310478, 19.0051738 ], [ 72.8314572, 19.0062373 ], [ 72.8325802, 19.0083238 ], [ 72.8327711, 19.0086466 ], [ 72.8329526, 19.0088586 ], [ 72.8334032, 19.0093055 ], [ 72.8338168, 19.0097367 ], [ 72.8351304, 19.0111063 ], [ 72.8360012, 19.0120123 ] ] } },
{ "type": "Feature", "properties": { "name": "Urban Corridor", "highway": "tertiary", "slope_pct": 0.6 }, "geometry": { "type": "LineString", "coordinates": [ [ 72.8415903, 19.0091243 ], [ 72.8415653, 19.0092803 ], [ 72.8415812, 19.0094273 ], [ 72.8415902, 19.0094655 ], [ 72.8416178, 19.0095818 ] ] } },
{ "type": "Feature", "properties": { "name": "Urban Corridor", "highway": "secondary", "slope_pct": 0.6 }, "geometry": { "type": "LineString", "coordinates": [ [ 72.8513327, 19.0154405 ], [ 72.8513752, 19.0154771 ], [ 72.8513919, 19.015492 ] ] } },
{ "type": "Feature", "properties": { "name": "Urban Corridor", "highway": "residential", "slope_pct": 0.6 }, "geometry": { "type": "LineString", "coordinates": [ [ 72.8470537, 19.0071048 ], [ 72.8471452, 19.0070807 ] ] } },
{ "type": "Feature", "properties": { "name": "Urban Corridor", "highway": "secondary", "slope_pct": 0.6 }, "geometry": { "type": "LineString", "coordinates": [ [ 72.8461926, 19.0059077 ], [ 72.8462606, 19.0058445 ] ] } },
{ "type": "Feature", "properties": { "name": "Urban Corridor", "highway": "residential", "slope_pct": 0.6 }, "geometry": { "type": "LineString", "coordinates": [ [ 72.8307996, 19.0086458 ], [ 72.8310266, 19.0087285 ] ] } },
{ "type": "Feature", "properties": { "name": "Urban Corridor", "highway": "residential", "slope_pct": 0.6 }, "geometry": { "type": "LineString", "coordinates": [ [ 72.8366618, 19.0070539 ], [ 72.8367374, 19.007171 ], [ 72.8367876, 19.0072556 ] ] } },
{ "type": "Feature", "properties": { "name": "Urban Corridor", "highway": "residential", "slope_pct": 0.6 }, "geometry": { "type": "LineString", "coordinates": [ [ 72.8372365, 19.00827 ], [ 72.8371979, 19.0082114 ], [ 72.837154, 19.0079084 ], [ 72.8371467, 19.0078579 ], [ 72.8367871, 19.0072991 ], [ 72.8367876, 19.0072556 ] ] } },
{ "type": "Feature", "properties": { "name": "Urban Corridor", "highway": "residential", "slope_pct": 0.6 }, "geometry": { "type": "LineString", "coordinates": [ [ 72.8283913, 19.0141603 ], [ 72.8286932, 19.0143643 ], [ 72.8287414, 19.0144267 ], [ 72.828765, 19.0144896 ], [ 72.8287489, 19.0145657 ], [ 72.8286202, 19.0149897 ], [ 72.8286191, 19.0150364 ], [ 72.8286481, 19.0150993 ], [ 72.8289174, 19.0152869 ], [ 72.8291069, 19.015404 ], [ 72.8291377, 19.015423 ], [ 72.829359, 19.0155598 ], [ 72.8296486, 19.0157518 ] ] } },
{ "type": "Feature", "properties": { "name": "Urban Corridor", "highway": "residential", "slope_pct": 0.6 }, "geometry": { "type": "LineString", "coordinates": [ [ 72.848898, 19.0247027 ], [ 72.8487466, 19.0244992 ], [ 72.8485708, 19.0242469 ] ] } },
{ "type": "Feature", "properties": { "name": "Jerbai Wadia Marg", "highway": "tertiary", "slope_pct": 0.6 }, "geometry": { "type": "LineString", "coordinates": [ [ 72.8398994, 19.0052722 ], [ 72.8401578, 19.0053396 ], [ 72.8413285, 19.0053027 ], [ 72.8436707, 19.0053247 ] ] } },
{ "type": "Feature", "properties": { "name": "Urban Corridor", "highway": "tertiary", "slope_pct": 0.6 }, "geometry": { "type": "LineString", "coordinates": [ [ 72.8439156, 19.0053483 ], [ 72.844059, 19.0052958 ], [ 72.8440777, 19.0052766 ], [ 72.8440924, 19.0052483 ], [ 72.8441035, 19.0052123 ], [ 72.844112, 19.0051821 ] ] } },
{ "type": "Feature", "properties": { "name": "Urban Corridor", "highway": "tertiary", "slope_pct": 0.6 }, "geometry": { "type": "LineString", "coordinates": [ [ 72.8440403, 19.0051297 ], [ 72.844028, 19.0051581 ], [ 72.8440124, 19.0052096 ], [ 72.8439916, 19.0052451 ], [ 72.843968, 19.0052577 ], [ 72.8438978, 19.005274 ], [ 72.8437736, 19.0052934 ], [ 72.8437369, 19.0053279 ] ] } },
{ "type": "Feature", "properties": { "name": "Senapati Bapat Marg", "highway": "primary", "slope_pct": 0.6 }, "geometry": { "type": "LineString", "coordinates": [ [ 72.8309569, 19.0051861 ], [ 72.8314096, 19.0062486 ], [ 72.8320172, 19.0073634 ], [ 72.8321738, 19.0076775 ], [ 72.8324443, 19.0082199 ], [ 72.8325053, 19.0083424 ], [ 72.8325509, 19.0084338 ], [ 72.832655, 19.0085891 ] ] } },
{ "type": "Feature", "properties": { "name": "Jerbai Wadia Marg", "highway": "tertiary", "slope_pct": 0.6 }, "geometry": { "type": "LineString", "coordinates": [ [ 72.8436707, 19.0053247 ], [ 72.8437369, 19.0053279 ] ] } },
{ "type": "Feature", "properties": { "name": "Jerbai Wadia Marg", "highway": "tertiary", "slope_pct": 0.6 }, "geometry": { "type": "LineString", "coordinates": [ [ 72.8437369, 19.0053279 ], [ 72.8437768, 19.0053482 ], [ 72.8439156, 19.0053483 ], [ 72.8440442, 19.005345 ], [ 72.8441403, 19.005334 ], [ 72.8442604, 19.0052954 ] ] } },
{ "type": "Feature", "properties": { "name": "Dr Babasaheb Ambedkar Marg (Vincent Road)", "highway": "trunk", "slope_pct": 0.6 }, "geometry": { "type": "LineString", "coordinates": [ [ 72.8429687, 19.0109851 ], [ 72.842951, 19.0108277 ], [ 72.8427985, 19.0105967 ], [ 72.8426174, 19.0103274 ] ] } },
{ "type": "Feature", "properties": { "name": "Tilak Road", "highway": "primary", "slope_pct": 0.6 }, "geometry": { "type": "LineString", "coordinates": [ [ 72.8468531, 19.0183887 ], [ 72.8455885, 19.0192229 ] ] } },
{ "type": "Feature", "properties": { "name": "N C Kelkar Marg", "highway": "primary", "slope_pct": 0.6 }, "geometry": { "type": "LineString", "coordinates": [ [ 72.8423074, 19.0217 ], [ 72.8424232, 19.0218712 ], [ 72.8424567, 19.0219857 ], [ 72.8424836, 19.0221474 ], [ 72.8424815, 19.0223832 ], [ 72.842466, 19.0224762 ], [ 72.8424455, 19.0226114 ], [ 72.8424034, 19.0227829 ], [ 72.8423559, 19.0228761 ], [ 72.8423084, 19.0229693 ], [ 72.8421376, 19.0231404 ], [ 72.8418912, 19.0232988 ], [ 72.8415288, 19.0235317 ], [ 72.8412324, 19.0237222 ], [ 72.8409084, 19.0242914 ], [ 72.8407565, 19.0245583 ], [ 72.8405398, 19.0250013 ] ] } },
{ "type": "Feature", "properties": { "name": "Sir Bhalchandra Road", "highway": "tertiary", "slope_pct": 0.6 }, "geometry": { "type": "LineString", "coordinates": [ [ 72.8487744, 19.0209899 ], [ 72.8493161, 19.0217099 ], [ 72.8499027, 19.022535 ], [ 72.8499194, 19.0225542 ] ] } },
{ "type": "Feature", "properties": { "name": "Sir Bhalchandra Road", "highway": "tertiary", "slope_pct": 0.6 }, "geometry": { "type": "LineString", "coordinates": [ [ 72.85016, 19.0228708 ], [ 72.8501188, 19.0228125 ], [ 72.8500344, 19.0226988 ], [ 72.8499194, 19.0225542 ] ] } },
{ "type": "Feature", "properties": { "name": "N C Kelkar Marg", "highway": "primary", "slope_pct": 0.6 }, "geometry": { "type": "LineString", "coordinates": [ [ 72.841158, 19.0203509 ], [ 72.8406901, 19.0197571 ], [ 72.8405121, 19.0195498 ], [ 72.840456, 19.0194865 ] ] } },
{ "type": "Feature", "properties": { "name": "N C Kelkar Marg", "highway": "primary", "slope_pct": 0.6 }, "geometry": { "type": "LineString", "coordinates": [ [ 72.8410359, 19.0203078 ], [ 72.8411019, 19.0203926 ] ] } },
{ "type": "Feature", "properties": { "name": "Ranade Road", "highway": "tertiary", "slope_pct": 0.6 }, "geometry": { "type": "LineString", "coordinates": [ [ 72.8410237, 19.0204509 ], [ 72.8411019, 19.0203926 ] ] } },
{ "type": "Feature", "properties": { "name": "Ranade Road", "highway": "tertiary", "slope_pct": 0.6 }, "geometry": { "type": "LineString", "coordinates": [ [ 72.8398476, 19.0213282 ], [ 72.8402226, 19.0210485 ], [ 72.8410237, 19.0204509 ] ] } },
{ "type": "Feature", "properties": { "name": "Dr Babasaheb Ambedkar Marg (Vincent Road)", "highway": "trunk", "slope_pct": 0.6 }, "geometry": { "type": "LineString", "coordinates": [ [ 72.8509738, 19.0217909 ], [ 72.8508932, 19.0216841 ], [ 72.8508728, 19.021657 ], [ 72.8505208, 19.021208 ], [ 72.8500306, 19.0205826 ], [ 72.8497851, 19.0203802 ] ] } },
{ "type": "Feature", "properties": { "name": "Lady Jehangir Road", "highway": "tertiary", "slope_pct": 0.6 }, "geometry": { "type": "LineString", "coordinates": [ [ 72.8508854, 19.0221655 ], [ 72.8511283, 19.0220005 ] ] } },
{ "type": "Feature", "properties": { "name": "Dr Babasaheb Ambedkar Marg (Vincent Road)", "highway": "trunk", "slope_pct": 0.6 }, "geometry": { "type": "LineString", "coordinates": [ [ 72.8508854, 19.0221655 ], [ 72.8510963, 19.0224462 ], [ 72.8514038, 19.0228535 ], [ 72.8516033, 19.0230738 ], [ 72.851928, 19.0234851 ], [ 72.8521369, 19.023729 ], [ 72.8524718, 19.0241201 ], [ 72.852717, 19.0243793 ], [ 72.8535737, 19.025266 ], [ 72.8539879, 19.0256912 ], [ 72.8541121, 19.0258131 ], [ 72.8541996, 19.0258991 ], [ 72.8544126, 19.0261114 ], [ 72.8546859, 19.0263979 ], [ 72.854729, 19.0264636 ], [ 72.8548297, 19.0266746 ] ] } },
{ "type": "Feature", "properties": { "name": "Jyotiba Phule Marg", "highway": "residential", "slope_pct": 0.6 }, "geometry": { "type": "LineString", "coordinates": [ [ 72.8456781, 19.0116447 ], [ 72.8460781, 19.012265 ], [ 72.8463993, 19.012763 ], [ 72.8464338, 19.0128165 ], [ 72.8464891, 19.0129022 ], [ 72.8466021, 19.0130775 ], [ 72.8466359, 19.0131299 ], [ 72.8466976, 19.0132256 ], [ 72.8467581, 19.0133193 ], [ 72.8467936, 19.0133744 ], [ 72.8469249, 19.013578 ] ] } },
{ "type": "Feature", "properties": { "name": "S S Wagh Road (Morbaugh Road)", "highway": "residential", "slope_pct": 0.6 }, "geometry": { "type": "LineString", "coordinates": [ [ 72.8456781, 19.0116447 ], [ 72.8450145, 19.0119917 ] ] } },
{ "type": "Feature", "properties": { "name": "V V D Buva Road", "highway": "residential", "slope_pct": 0.6 }, "geometry": { "type": "LineString", "coordinates": [ [ 72.8469313, 19.011075 ], [ 72.8471747, 19.0116258 ], [ 72.8472121, 19.0117104 ], [ 72.8472619, 19.011823 ], [ 72.847292, 19.0118911 ], [ 72.8473729, 19.0120741 ], [ 72.8474225, 19.012192 ], [ 72.8475432, 19.0124787 ] ] } },
{ "type": "Feature", "properties": { "name": "S S Wagh Road (Morbaugh Road)", "highway": "residential", "slope_pct": 0.6 }, "geometry": { "type": "LineString", "coordinates": [ [ 72.8469313, 19.011075 ], [ 72.8464743, 19.0112763 ], [ 72.8456781, 19.0116447 ] ] } },
{ "type": "Feature", "properties": { "name": "Dr D'Silva Marg", "highway": "residential", "slope_pct": 0.6 }, "geometry": { "type": "LineString", "coordinates": [ [ 72.842397, 19.01869 ], [ 72.8422564, 19.0187783 ] ] } },
{ "type": "Feature", "properties": { "name": "Urban Corridor", "highway": "primary", "slope_pct": 0.6 }, "geometry": { "type": "LineString", "coordinates": [ [ 72.8409831, 19.01721 ], [ 72.8410378, 19.0173313 ], [ 72.8410627, 19.0173735 ], [ 72.8411376, 19.017469 ], [ 72.8413321, 19.0176668 ], [ 72.8416922, 19.018033 ], [ 72.8417187, 19.0180589 ], [ 72.842056, 19.0184445 ], [ 72.8422564, 19.0187783 ], [ 72.842639, 19.0194154 ], [ 72.8430781, 19.0201466 ], [ 72.8432969, 19.0204525 ] ] } },
{ "type": "Feature", "properties": { "name": "Bhawani Shankar Marg", "highway": "primary", "slope_pct": 0.6 }, "geometry": { "type": "LineString", "coordinates": [ [ 72.8403982, 19.0189965 ], [ 72.8403507, 19.0194211 ] ] } },
{ "type": "Feature", "properties": { "name": "Moreshwar Chintaman Jawle Marg", "highway": "primary", "slope_pct": 0.6 }, "geometry": { "type": "LineString", "coordinates": [ [ 72.8405557, 19.0188641 ], [ 72.8408179, 19.018724 ], [ 72.8415477, 19.0181864 ], [ 72.8417187, 19.0180589 ] ] } },
{ "type": "Feature", "properties": { "name": "Bhawani Shankar Marg", "highway": "secondary", "slope_pct": 0.6 }, "geometry": { "type": "LineString", "coordinates": [ [ 72.840099, 19.0186582 ], [ 72.8401147, 19.0187134 ], [ 72.840356, 19.0188756 ] ] } },
{ "type": "Feature", "properties": { "name": "Bhawani Shankar Marg", "highway": "secondary", "slope_pct": 0.6 }, "geometry": { "type": "LineString", "coordinates": [ [ 72.8404004, 19.0188234 ], [ 72.8401604, 19.0186573 ], [ 72.840099, 19.0186582 ] ] } },
{ "type": "Feature", "properties": { "name": "Gokhale Road", "highway": "primary", "slope_pct": 0.6 }, "geometry": { "type": "LineString", "coordinates": [ [ 72.8405398, 19.0250013 ], [ 72.8393263, 19.023652 ], [ 72.8390121, 19.023278 ], [ 72.8385859, 19.0227708 ] ] } },
{ "type": "Feature", "properties": { "name": "Raobahadur S.K. Bole Marg", "highway": "primary", "slope_pct": 0.6 }, "geometry": { "type": "LineString", "coordinates": [ [ 72.8360462, 19.018829 ], [ 72.8359206, 19.0188309 ] ] } },
{ "type": "Feature", "properties": { "name": "Raobahadur S.K. Bole Marg", "highway": "primary", "slope_pct": 0.6 }, "geometry": { "type": "LineString", "coordinates": [ [ 72.8359669, 19.0189436 ], [ 72.8360765, 19.0189086 ] ] } },
{ "type": "Feature", "properties": { "name": "Gokhale Road", "highway": "primary", "slope_pct": 0.6 }, "geometry": { "type": "LineString", "coordinates": [ [ 72.8360765, 19.0189086 ], [ 72.8360462, 19.018829 ] ] } },
{ "type": "Feature", "properties": { "name": "Raobahadur S.K. Bole Marg", "highway": "primary", "slope_pct": 0.6 }, "geometry": { "type": "LineString", "coordinates": [ [ 72.8360765, 19.0189086 ], [ 72.8361415, 19.0189225 ], [ 72.8363487, 19.0190157 ], [ 72.8364813, 19.0190421 ] ] } },
{ "type": "Feature", "properties": { "name": "Raobahadur S.K. Bole Marg", "highway": "primary", "slope_pct": 0.6 }, "geometry": { "type": "LineString", "coordinates": [ [ 72.8364813, 19.0190421 ], [ 72.8363769, 19.0189523 ] ] } },
{ "type": "Feature", "properties": { "name": "Gokhale Road", "highway": "primary", "slope_pct": 0.6 }, "geometry": { "type": "LineString", "coordinates": [ [ 72.8359669, 19.0189436 ], [ 72.836014, 19.0190416 ] ] } },
{ "type": "Feature", "properties": { "name": "Gokhale Road", "highway": "primary", "slope_pct": 0.6 }, "geometry": { "type": "LineString", "coordinates": [ [ 72.8359206, 19.0188309 ], [ 72.8359669, 19.0189436 ] ] } },
{ "type": "Feature", "properties": { "name": "Gokhale Road", "highway": "secondary", "slope_pct": 0.6 }, "geometry": { "type": "LineString", "coordinates": [ [ 72.8346983, 19.0156328 ], [ 72.8344639, 19.0150589 ], [ 72.8344552, 19.0150375 ], [ 72.8339854, 19.0138872 ], [ 72.833866, 19.0136249 ] ] } },
{ "type": "Feature", "properties": { "name": "Gokhale Road", "highway": "primary", "slope_pct": 0.6 }, "geometry": { "type": "LineString", "coordinates": [ [ 72.8357847, 19.0185365 ], [ 72.8359206, 19.0188309 ] ] } },
{ "type": "Feature", "properties": { "name": "D S Babrekar Marg", "highway": "tertiary", "slope_pct": 0.6 }, "geometry": { "type": "LineString", "coordinates": [ [ 72.836347, 19.0217944 ], [ 72.8368856, 19.0217723 ], [ 72.8370917, 19.0217638 ], [ 72.8374135, 19.0217537 ], [ 72.8376082, 19.021783 ] ] } },
{ "type": "Feature", "properties": { "name": "Gokhale Road", "highway": "primary", "slope_pct": 0.6 }, "geometry": { "type": "LineString", "coordinates": [ [ 72.8376082, 19.021783 ], [ 72.8378079, 19.0220161 ], [ 72.8380798, 19.0223397 ], [ 72.8381836, 19.0224633 ], [ 72.8382123, 19.0224974 ], [ 72.8385007, 19.0228406 ], [ 72.8385271, 19.022872 ] ] } },
{ "type": "Feature", "properties": { "name": "Ranade Road", "highway": "tertiary", "slope_pct": 0.6 }, "geometry": { "type": "LineString", "coordinates": [ [ 72.8385859, 19.0227708 ], [ 72.8385271, 19.022872 ] ] } },
{ "type": "Feature", "properties": { "name": "Gokhale Road", "highway": "primary", "slope_pct": 0.6 }, "geometry": { "type": "LineString", "coordinates": [ [ 72.8385859, 19.0227708 ], [ 72.8382998, 19.0224304 ], [ 72.8379241, 19.0219832 ], [ 72.8377027, 19.0217004 ], [ 72.8376543, 19.0216357 ], [ 72.8375805, 19.021537 ], [ 72.8374586, 19.021344 ], [ 72.8373325, 19.0211443 ], [ 72.8371983, 19.0209318 ], [ 72.8371396, 19.0208388 ], [ 72.8371298, 19.0208232 ], [ 72.8370382, 19.0206838 ], [ 72.8366275, 19.0200375 ], [ 72.8364748, 19.0197258 ], [ 72.8362822, 19.0193323 ], [ 72.8360765, 19.0189086 ] ] } },
{ "type": "Feature", "properties": { "name": "Dr Madhukar B. Raut Marg", "highway": "residential", "slope_pct": 0.6 }, "geometry": { "type": "LineString", "coordinates": [ [ 72.8377874, 19.0250015 ], [ 72.8380663, 19.0249454 ], [ 72.8382894, 19.0249199 ], [ 72.8385227, 19.0249162 ], [ 72.8385872, 19.0249154 ], [ 72.8387776, 19.0249491 ], [ 72.8389461, 19.0249887 ], [ 72.83912, 19.0250631 ], [ 72.8394447, 19.0252411 ], [ 72.8396346, 19.0254065 ], [ 72.8397849, 19.0255655 ] ] } },
{ "type": "Feature", "properties": { "name": "Dr Madhukar B. Raut Marg", "highway": "residential", "slope_pct": 0.6 }, "geometry": { "type": "LineString", "coordinates": [ [ 72.8397849, 19.0255655 ], [ 72.8398478, 19.0256348 ] ] } },
{ "type": "Feature", "properties": { "name": "Lady Jamshedji Road", "highway": "primary", "slope_pct": 0.6 }, "geometry": { "type": "LineString", "coordinates": [ [ 72.8407153, 19.0252851 ], [ 72.840642, 19.0251581 ] ] } },
{ "type": "Feature", "properties": { "name": "N C Kelkar Marg", "highway": "primary", "slope_pct": 0.6 }, "geometry": { "type": "LineString", "coordinates": [ [ 72.8405398, 19.0250013 ], [ 72.8404096, 19.0250959 ] ] } },
{ "type": "Feature", "properties": { "name": "Lady Jamshedji Road", "highway": "primary", "slope_pct": 0.6 }, "geometry": { "type": "LineString", "coordinates": [ [ 72.8404563, 19.0251787 ], [ 72.8406363, 19.0254694 ], [ 72.8407445, 19.0256393 ], [ 72.8409478, 19.0265614 ], [ 72.8412489, 19.0280023 ], [ 72.8413164, 19.0283042 ], [ 72.84134, 19.0284333 ], [ 72.8413672, 19.0285586 ], [ 72.8415283, 19.0292999 ], [ 72.8415767, 19.0295415 ], [ 72.8416753, 19.0299994 ], [ 72.8417561, 19.0303778 ], [ 72.8417948, 19.0305593 ], [ 72.8418113, 19.0306365 ], [ 72.8420022, 19.0315329 ] ] } },
{ "type": "Feature", "properties": { "name": "Chandavarkar Marg", "highway": "residential", "slope_pct": 0.6 }, "geometry": { "type": "LineString", "coordinates": [ [ 72.8525219, 19.0269659 ], [ 72.8514885, 19.0279063 ] ] } },
{ "type": "Feature", "properties": { "name": "Gokhale Road", "highway": "primary", "slope_pct": 0.6 }, "geometry": { "type": "LineString", "coordinates": [ [ 72.8347261, 19.0159783 ], [ 72.8348156, 19.0161973 ] ] } },
{ "type": "Feature", "properties": { "name": "Gokhale Road", "highway": "primary", "slope_pct": 0.6 }, "geometry": { "type": "LineString", "coordinates": [ [ 72.8357879, 19.0182612 ], [ 72.8355669, 19.0177596 ], [ 72.8352842, 19.0170461 ], [ 72.8351767, 19.0167924 ], [ 72.8349158, 19.0161764 ], [ 72.8348704, 19.0160692 ], [ 72.8348437, 19.0160062 ] ] } },
{ "type": "Feature", "properties": { "name": "Gokhale Road", "highway": "secondary", "slope_pct": 0.6 }, "geometry": { "type": "LineString", "coordinates": [ [ 72.8348172, 19.0159336 ], [ 72.8346983, 19.0156328 ] ] } },
{ "type": "Feature", "properties": { "name": "Gokhale Road", "highway": "primary", "slope_pct": 0.6 }, "geometry": { "type": "LineString", "coordinates": [ [ 72.8348156, 19.0161973 ], [ 72.8348767, 19.0163482 ], [ 72.8354625, 19.0177946 ], [ 72.8357426, 19.0184426 ], [ 72.8357847, 19.0185365 ] ] } },
{ "type": "Feature", "properties": { "name": "Road No 26", "highway": "tertiary", "slope_pct": 0.6 }, "geometry": { "type": "LineString", "coordinates": [ [ 72.8533511, 19.011528 ], [ 72.8524466, 19.011743 ], [ 72.8521817, 19.011806 ], [ 72.8517009, 19.011929 ], [ 72.8508669, 19.0121425 ], [ 72.8503416, 19.0123013 ], [ 72.8501833, 19.0123487 ], [ 72.8499322, 19.0124147 ], [ 72.8497331, 19.0124841 ], [ 72.8494439, 19.0125723 ] ] } },
{ "type": "Feature", "properties": { "name": "Bhawani Shankar Marg", "highway": "secondary", "slope_pct": 0.6 }, "geometry": { "type": "LineString", "coordinates": [ [ 72.8373702, 19.015777 ], [ 72.8374599, 19.0159285 ] ] } },
{ "type": "Feature", "properties": { "name": "Baburao Parulekar Marg", "highway": "residential", "slope_pct": 0.6 }, "geometry": { "type": "LineString", "coordinates": [ [ 72.8371605, 19.0158427 ], [ 72.8373702, 19.015777 ] ] } },
{ "type": "Feature", "properties": { "name": "Baburao Parulekar Marg", "highway": "residential", "slope_pct": 0.6 }, "geometry": { "type": "LineString", "coordinates": [ [ 72.8376364, 19.0157576 ], [ 72.8374599, 19.0159285 ] ] } },
{ "type": "Feature", "properties": { "name": "Bhawani Shankar Marg", "highway": "secondary", "slope_pct": 0.6 }, "geometry": { "type": "LineString", "coordinates": [ [ 72.8374599, 19.0159285 ], [ 72.8376784, 19.0163418 ], [ 72.8377813, 19.0165183 ], [ 72.8377915, 19.0165375 ], [ 72.8378728, 19.0166849 ], [ 72.8379045, 19.0167418 ], [ 72.8379364, 19.0167987 ], [ 72.8379467, 19.0168181 ], [ 72.8380555, 19.0170238 ], [ 72.8384276, 19.0175301 ], [ 72.8389463, 19.0179653 ], [ 72.8392631, 19.0181367 ], [ 72.8394713, 19.0182483 ], [ 72.8399211, 19.0185162 ], [ 72.8399545, 19.0185406 ], [ 72.8399777, 19.0185594 ], [ 72.840099, 19.0186582 ] ] } },
{ "type": "Feature", "properties": { "name": "Raobahadur S.K. Bole Marg", "highway": "primary", "slope_pct": 0.6 }, "geometry": { "type": "LineString", "coordinates": [ [ 72.8304062, 19.0176374 ], [ 72.8305232, 19.0175589 ] ] } },
{ "type": "Feature", "properties": { "name": "Swatantrya Veer Savarkar Marg", "highway": "secondary", "slope_pct": 0.6 }, "geometry": { "type": "LineString", "coordinates": [ [ 72.8323714, 19.0200855 ], [ 72.8324188, 19.0201463 ] ] } },
{ "type": "Feature", "properties": { "name": "N.M. Kale Marg", "highway": "tertiary", "slope_pct": 0.6 }, "geometry": { "type": "LineString", "coordinates": [ [ 72.8322861, 19.0198213 ], [ 72.8322447, 19.0198534 ], [ 72.8322146, 19.0198767 ] ] } },
{ "type": "Feature", "properties": { "name": "Urban Corridor", "highway": "residential", "slope_pct": 0.6 }, "geometry": { "type": "LineString", "coordinates": [ [ 72.8329312, 19.020631 ], [ 72.8328455, 19.020676 ] ] } },
{ "type": "Feature", "properties": { "name": "Urban Corridor", "highway": "residential", "slope_pct": 0.6 }, "geometry": { "type": "LineString", "coordinates": [ [ 72.8332076, 19.0204435 ], [ 72.8329312, 19.020631 ] ] } },
{ "type": "Feature", "properties": { "name": "Urban Corridor", "highway": "residential", "slope_pct": 0.6 }, "geometry": { "type": "LineString", "coordinates": [ [ 72.832508, 19.0208878 ], [ 72.8323341, 19.0210037 ], [ 72.8322444, 19.0210635 ], [ 72.832124, 19.0211438 ], [ 72.8320887, 19.0211674 ], [ 72.831851, 19.0213258 ], [ 72.831414, 19.0217339 ], [ 72.8313519, 19.0217919 ], [ 72.8310985, 19.0220258 ], [ 72.8310704, 19.0220517 ] ] } },
{ "type": "Feature", "properties": { "name": "Keluskar Road South", "highway": "residential", "slope_pct": 0.6 }, "geometry": { "type": "LineString", "coordinates": [ [ 72.8362032, 19.0262395 ], [ 72.8359843, 19.0263382 ] ] } },
{ "type": "Feature", "properties": { "name": "Swatantrya Veer Savarkar Marg", "highway": "secondary", "slope_pct": 0.6 }, "geometry": { "type": "LineString", "coordinates": [ [ 72.8342674, 19.0225635 ], [ 72.8343582, 19.0227558 ], [ 72.8344206, 19.0228664 ], [ 72.8344901, 19.0229921 ], [ 72.8356874, 19.0253366 ] ] } },
{ "type": "Feature", "properties": { "name": "Keluskar Road South", "highway": "residential", "slope_pct": 0.6 }, "geometry": { "type": "LineString", "coordinates": [ [ 72.8362797, 19.0261985 ], [ 72.8362032, 19.0262395 ] ] } },
{ "type": "Feature", "properties": { "name": "Keluskar Road South", "highway": "residential", "slope_pct": 0.6 }, "geometry": { "type": "LineString", "coordinates": [ [ 72.8365213, 19.0260594 ], [ 72.8362797, 19.0261985 ] ] } },
{ "type": "Feature", "properties": { "name": "Ranade Road", "highway": "tertiary", "slope_pct": 0.6 }, "geometry": { "type": "LineString", "coordinates": [ [ 72.8358579, 19.0254134 ], [ 72.8357626, 19.0254641 ] ] } },
{ "type": "Feature", "properties": { "name": "Matunga Station Road", "highway": "residential", "slope_pct": 0.6 }, "geometry": { "type": "LineString", "coordinates": [ [ 72.8524874, 19.0254241 ], [ 72.8521001, 19.0257509 ], [ 72.8519031, 19.0259141 ], [ 72.8516943, 19.026087 ] ] } },
{ "type": "Feature", "properties": { "name": "HM Patil Road", "highway": "residential", "slope_pct": 0.6 }, "geometry": { "type": "LineString", "coordinates": [ [ 72.836347, 19.0217944 ], [ 72.8364487, 19.0219538 ] ] } },
{ "type": "Feature", "properties": { "name": "D S Babrekar Marg", "highway": "tertiary", "slope_pct": 0.6 }, "geometry": { "type": "LineString", "coordinates": [ [ 72.8361502, 19.0217896 ], [ 72.836347, 19.0217944 ] ] } },
{ "type": "Feature", "properties": { "name": "S K S Marg", "highway": "residential", "slope_pct": 0.6 }, "geometry": { "type": "LineString", "coordinates": [ [ 72.8343582, 19.0227558 ], [ 72.8343015, 19.022844 ], [ 72.8342577, 19.0229321 ] ] } },
{ "type": "Feature", "properties": { "name": "D S Babrekar Marg", "highway": "tertiary", "slope_pct": 0.6 }, "geometry": { "type": "LineString", "coordinates": [ [ 72.834419, 19.0226594 ], [ 72.8343582, 19.0227558 ] ] } },
{ "type": "Feature", "properties": { "name": "Keluskar Road North", "highway": "residential", "slope_pct": 0.6 }, "geometry": { "type": "LineString", "coordinates": [ [ 72.8378819, 19.0293116 ], [ 72.8370426, 19.029787 ], [ 72.8366775, 19.0299987 ] ] } },
{ "type": "Feature", "properties": { "name": "Keluskar Road North", "highway": "residential", "slope_pct": 0.6 }, "geometry": { "type": "LineString", "coordinates": [ [ 72.8379836, 19.0292478 ], [ 72.8378819, 19.0293116 ] ] } },
{ "type": "Feature", "properties": { "name": "Swatantrya Veer Savarkar Marg", "highway": "secondary", "slope_pct": 0.6 }, "geometry": { "type": "LineString", "coordinates": [ [ 72.838715, 19.0320653 ], [ 72.8387156, 19.0320429 ], [ 72.8387248, 19.0318448 ], [ 72.838719, 19.0313967 ], [ 72.8387087, 19.0312955 ], [ 72.8386924, 19.0311351 ], [ 72.8386613, 19.030829 ], [ 72.8385518, 19.0303658 ], [ 72.8385117, 19.0302617 ], [ 72.8384989, 19.0302284 ] ] } },
{ "type": "Feature", "properties": { "name": "Pandurang Naik Marg", "highway": "residential", "slope_pct": 0.6 }, "geometry": { "type": "LineString", "coordinates": [ [ 72.8384989, 19.0302284 ], [ 72.8384121, 19.0302829 ] ] } },
{ "type": "Feature", "properties": { "name": "Urban Corridor", "highway": "tertiary", "slope_pct": 0.6 }, "geometry": { "type": "LineString", "coordinates": [ [ 72.84577, 19.0307379 ], [ 72.8458206, 19.0307526 ], [ 72.8471802, 19.0304743 ] ] } },
{ "type": "Feature", "properties": { "name": "Pandurang Budhkar Marg", "highway": "secondary", "slope_pct": 0.6 }, "geometry": { "type": "LineString", "coordinates": [ [ 72.8286893, 19.0062316 ], [ 72.8286367, 19.0062321 ], [ 72.8284915, 19.0062328 ], [ 72.828037, 19.0062353 ], [ 72.827686, 19.0062372 ], [ 72.8275549, 19.0062379 ], [ 72.8271842, 19.0062399 ], [ 72.8261899, 19.0062459 ], [ 72.8261348, 19.0062453 ], [ 72.8259887, 19.0062487 ], [ 72.8257821, 19.006253 ], [ 72.825577, 19.0062545 ], [ 72.8244866, 19.0062636 ], [ 72.82359, 19.006271 ], [ 72.8234304, 19.0062705 ] ] } },
{ "type": "Feature", "properties": { "name": "Acharya Donde Marg", "highway": "secondary", "slope_pct": 0.6 }, "geometry": { "type": "LineString", "coordinates": [ [ 72.8334559, 19.0091918 ], [ 72.8336049, 19.0091538 ], [ 72.833646, 19.0091363 ], [ 72.8341384, 19.0088513 ], [ 72.834169, 19.0088321 ] ] } },
{ "type": "Feature", "properties": { "name": "Acharya Donde Marg", "highway": "secondary", "slope_pct": 0.6 }, "geometry": { "type": "LineString", "coordinates": [ [ 72.8381255, 19.0063173 ], [ 72.8391141, 19.0057422 ], [ 72.8396166, 19.0054639 ] ] } },
{ "type": "Feature", "properties": { "name": "Urban Corridor", "highway": "primary_link", "slope_pct": 0.6 }, "geometry": { "type": "LineString", "coordinates": [ [ 72.8346469, 19.0157809 ], [ 72.8346196, 19.0158302 ], [ 72.8345951, 19.0158539 ], [ 72.834566, 19.0158733 ] ] } },
{ "type": "Feature", "properties": { "name": "Gokhale Road", "highway": "primary", "slope_pct": 0.6 }, "geometry": { "type": "LineString", "coordinates": [ [ 72.8348437, 19.0160062 ], [ 72.8348172, 19.0159336 ] ] } },
{ "type": "Feature", "properties": { "name": "Shankar Ghanekar Marg", "highway": "primary", "slope_pct": 0.6 }, "geometry": { "type": "LineString", "coordinates": [ [ 72.8347261, 19.0159783 ], [ 72.8348437, 19.0160062 ] ] } },
{ "type": "Feature", "properties": { "name": "Gokhale Road", "highway": "primary", "slope_pct": 0.6 }, "geometry": { "type": "LineString", "coordinates": [ [ 72.8346962, 19.0159053 ], [ 72.8347261, 19.0159783 ] ] } },
{ "type": "Feature", "properties": { "name": "Urban Corridor", "highway": "primary", "slope_pct": 0.6 }, "geometry": { "type": "LineString", "coordinates": [ [ 72.8346962, 19.0159053 ], [ 72.834566, 19.0158733 ], [ 72.8336594, 19.0157311 ], [ 72.8332482, 19.0155962 ], [ 72.8331784, 19.015557 ], [ 72.833089, 19.0155068 ], [ 72.8325095, 19.0151814 ], [ 72.8323964, 19.0151211 ] ] } },
{ "type": "Feature", "properties": { "name": "Chhabildas Road", "highway": "residential", "slope_pct": 0.6 }, "geometry": { "type": "LineString", "coordinates": [ [ 72.8427242, 19.0206405 ], [ 72.8428116, 19.0208053 ] ] } },
{ "type": "Feature", "properties": { "name": "New Prabhadevi Marg", "highway": "tertiary", "slope_pct": 0.6 }, "geometry": { "type": "LineString", "coordinates": [ [ 72.8279644, 19.0131886 ], [ 72.8279401, 19.013217 ], [ 72.8279025, 19.0132545 ], [ 72.8278032, 19.0133908 ], [ 72.8276895, 19.013601 ], [ 72.8276694, 19.0136673 ], [ 72.8276289, 19.0138972 ], [ 72.8276301, 19.0140644 ] ] } },
{ "type": "Feature", "properties": { "name": "New Prabhadevi Marg", "highway": "secondary", "slope_pct": 0.6 }, "geometry": { "type": "LineString", "coordinates": [ [ 72.8288212, 19.0116477 ], [ 72.8285724, 19.0121257 ], [ 72.8281934, 19.0127997 ], [ 72.8281392, 19.0128962 ], [ 72.8281591, 19.0129589 ] ] } },
{ "type": "Feature", "properties": { "name": "New Prabhadevi Marg", "highway": "secondary", "slope_pct": 0.6 }, "geometry": { "type": "LineString", "coordinates": [ [ 72.8281591, 19.0129589 ], [ 72.8282139, 19.0129284 ], [ 72.8282742, 19.0128158 ], [ 72.8288857, 19.0116748 ] ] } },
{ "type": "Feature", "properties": { "name": "Jerbai Wadia Marg", "highway": "secondary", "slope_pct": 0.6 }, "geometry": { "type": "LineString", "coordinates": [ [ 72.8442604, 19.0052954 ], [ 72.8445395, 19.005432 ], [ 72.8446799, 19.0054895 ], [ 72.8451952, 19.0056237 ], [ 72.8459171, 19.0058118 ] ] } },
{ "type": "Feature", "properties": { "name": "Jerbai Wadia Marg", "highway": "tertiary", "slope_pct": 0.6 }, "geometry": { "type": "LineString", "coordinates": [ [ 72.8459171, 19.0058118 ], [ 72.8459963, 19.0057393 ] ] } },
{ "type": "Feature", "properties": { "name": "Urban Corridor", "highway": "tertiary", "slope_pct": 0.6 }, "geometry": { "type": "LineString", "coordinates": [ [ 72.844112, 19.0051821 ], [ 72.8441411, 19.0050938 ] ] } },
{ "type": "Feature", "properties": { "name": "Jerbai Wadia Marg", "highway": "secondary", "slope_pct": 0.6 }, "geometry": { "type": "LineString", "coordinates": [ [ 72.8459963, 19.0057393 ], [ 72.8452847, 19.0055704 ], [ 72.8452138, 19.0055512 ], [ 72.8447964, 19.0054378 ], [ 72.8445884, 19.0053519 ], [ 72.8443088, 19.0052181 ], [ 72.8441411, 19.0050938 ] ] } },
{ "type": "Feature", "properties": { "name": "P Balu Marg", "highway": "residential", "slope_pct": 0.6 }, "geometry": { "type": "LineString", "coordinates": [ [ 72.8259809, 19.0172961 ], [ 72.8258235, 19.0175685 ], [ 72.8257909, 19.0176249 ], [ 72.8257559, 19.017677 ], [ 72.8256952, 19.0177676 ], [ 72.8256746, 19.0177984 ], [ 72.8254668, 19.0180835 ] ] } },
{ "type": "Feature", "properties": { "name": "Eknath Buwa Hatiskar Marg", "highway": "residential", "slope_pct": 0.6 }, "geometry": { "type": "LineString", "coordinates": [ [ 72.8259809, 19.0172961 ], [ 72.8260416, 19.0173283 ], [ 72.8262277, 19.017427 ], [ 72.8262875, 19.0174587 ], [ 72.826322, 19.0174769 ], [ 72.8265869, 19.0176174 ], [ 72.8266309, 19.0176407 ], [ 72.8267851, 19.0177225 ], [ 72.8268424, 19.0177529 ] ] } },
{ "type": "Feature", "properties": { "name": "Urban Corridor", "highway": "residential", "slope_pct": 0.6 }, "geometry": { "type": "LineString", "coordinates": [ [ 72.8298159, 19.0169257 ], [ 72.8296921, 19.0170882 ], [ 72.829609, 19.0171998 ], [ 72.8294742, 19.0174096 ] ] } },
{ "type": "Feature", "properties": { "name": "Urban Corridor", "highway": "residential", "slope_pct": 0.6 }, "geometry": { "type": "LineString", "coordinates": [ [ 72.8504368, 19.0263241 ], [ 72.8504982, 19.0262748 ] ] } },
{ "type": "Feature", "properties": { "name": "Urban Corridor", "highway": "residential", "slope_pct": 0.6 }, "geometry": { "type": "LineString", "coordinates": [ [ 72.8392584, 19.0067824 ], [ 72.8389036, 19.0062794 ], [ 72.838843, 19.0061933 ], [ 72.8388252, 19.006168 ], [ 72.8387894, 19.0061193 ] ] } },
{ "type": "Feature", "properties": { "name": "Urban Corridor", "highway": "residential", "slope_pct": 0.6 }, "geometry": { "type": "LineString", "coordinates": [ [ 72.8386991, 19.0061792 ], [ 72.8387894, 19.0061193 ], [ 72.838951, 19.0060121 ], [ 72.8390249, 19.005963 ] ] } },
{ "type": "Feature", "properties": { "name": "Urban Corridor", "highway": "residential", "slope_pct": 0.6 }, "geometry": { "type": "LineString", "coordinates": [ [ 72.8390708, 19.0056771 ], [ 72.8391141, 19.0057422 ], [ 72.8391888, 19.0058584 ] ] } },
{ "type": "Feature", "properties": { "name": "Katrak Road", "highway": "primary", "slope_pct": 0.6 }, "geometry": { "type": "LineString", "coordinates": [ [ 72.8558451, 19.0187406 ], [ 72.8557292, 19.0186042 ], [ 72.8556388, 19.0185269 ], [ 72.855575, 19.0184761 ], [ 72.8553381, 19.0182876 ], [ 72.8552402, 19.0182097 ], [ 72.8548754, 19.0180186 ], [ 72.8543416, 19.0177356 ], [ 72.8537783, 19.0174188 ], [ 72.8532705, 19.0170574 ], [ 72.8531857, 19.0169947 ], [ 72.8531534, 19.0169684 ], [ 72.852907, 19.0167855 ], [ 72.8527223, 19.0166483 ], [ 72.8526328, 19.0165698 ], [ 72.8522434, 19.016228 ], [ 72.8521525, 19.0161521 ], [ 72.8519747, 19.015991 ], [ 72.8516759, 19.0156949 ], [ 72.8514818, 19.0154993 ], [ 72.8514389, 19.0154587 ] ] } },
{ "type": "Feature", "properties": { "name": "Urban Corridor", "highway": "residential", "slope_pct": 0.6 }, "geometry": { "type": "LineString", "coordinates": [ [ 72.8482498, 19.0104693 ], [ 72.8483393, 19.010456 ] ] } },
{ "type": "Feature", "properties": { "name": "Road No 5", "highway": "residential", "slope_pct": 0.6 }, "geometry": { "type": "LineString", "coordinates": [ [ 72.8489069, 19.0119372 ], [ 72.8484487, 19.0121282 ], [ 72.848253, 19.0122137 ] ] } },
{ "type": "Feature", "properties": { "name": "Urban Corridor", "highway": "residential", "slope_pct": 0.6 }, "geometry": { "type": "LineString", "coordinates": [ [ 72.8471016, 19.0072866 ], [ 72.8471899, 19.0072579 ] ] } },
{ "type": "Feature", "properties": { "name": "Urban Corridor", "highway": "residential", "slope_pct": 0.6 }, "geometry": { "type": "LineString", "coordinates": [ [ 72.8469755, 19.0068658 ], [ 72.8470638, 19.0068339 ] ] } },
{ "type": "Feature", "properties": { "name": "New Prabhadevi Marg", "highway": "secondary", "slope_pct": 0.6 }, "geometry": { "type": "LineString", "coordinates": [ [ 72.8281591, 19.0129589 ], [ 72.8281271, 19.0129952 ], [ 72.8280661, 19.0130639 ] ] } },
{ "type": "Feature", "properties": { "name": "V Manjrekar Marg", "highway": "residential", "slope_pct": 0.6 }, "geometry": { "type": "LineString", "coordinates": [ [ 72.836014, 19.0190416 ], [ 72.8359947, 19.019119 ], [ 72.8358884, 19.0194036 ] ] } },
{ "type": "Feature", "properties": { "name": "V Manjrekar Marg", "highway": "residential", "slope_pct": 0.6 }, "geometry": { "type": "LineString", "coordinates": [ [ 72.8358884, 19.0194036 ], [ 72.8361587, 19.0193426 ] ] } },
{ "type": "Feature", "properties": { "name": "Kakasaheb Gadgil Marg", "highway": "residential", "slope_pct": 0.6 }, "geometry": { "type": "LineString", "coordinates": [ [ 72.8335161, 19.012598 ], [ 72.8332855, 19.0127233 ] ] } },
{ "type": "Feature", "properties": { "name": "N C Kelkar Marg", "highway": "primary", "slope_pct": 0.6 }, "geometry": { "type": "LineString", "coordinates": [ [ 72.8421558, 19.0210296 ], [ 72.8419975, 19.0210114 ], [ 72.8418214, 19.0209547 ], [ 72.8416414, 19.0208405 ], [ 72.8415797, 19.0208013 ], [ 72.8414592, 19.0206726 ], [ 72.8412404, 19.0204389 ], [ 72.841158, 19.0203509 ] ] } },
{ "type": "Feature", "properties": { "name": "N C Kelkar Marg", "highway": "primary", "slope_pct": 0.6 }, "geometry": { "type": "LineString", "coordinates": [ [ 72.8411019, 19.0203926 ], [ 72.8415173, 19.02085 ], [ 72.8417528, 19.021062 ], [ 72.8419635, 19.0212516 ] ] } },
{ "type": "Feature", "properties": { "name": "Professor V.S. Agashe Marg", "highway": "tertiary", "slope_pct": 0.6 }, "geometry": { "type": "LineString", "coordinates": [ [ 72.8380555, 19.0170238 ], [ 72.8378119, 19.0170948 ], [ 72.8377342, 19.0171174 ], [ 72.837228, 19.017265 ], [ 72.8368475, 19.0173721 ], [ 72.8368191, 19.0173801 ], [ 72.836642, 19.0174407 ], [ 72.8365811, 19.0174599 ], [ 72.8364045, 19.0175128 ], [ 72.8362867, 19.0175446 ], [ 72.8362525, 19.0175551 ], [ 72.8355669, 19.0177596 ] ] } },
{ "type": "Feature", "properties": { "name": "N.M. Kale Marg", "highway": "tertiary", "slope_pct": 0.6 }, "geometry": { "type": "LineString", "coordinates": [ [ 72.8331327, 19.0187181 ], [ 72.8330797, 19.019084 ], [ 72.8330415, 19.0191967 ], [ 72.8329573, 19.0192976 ], [ 72.8329141, 19.0193302 ], [ 72.832401, 19.0197316 ] ] } },
{ "type": "Feature", "properties": { "name": "Kakasaheb Gadgil Marg", "highway": "residential", "slope_pct": 0.6 }, "geometry": { "type": "LineString", "coordinates": [ [ 72.8323361, 19.0152128 ], [ 72.8318558, 19.0158738 ], [ 72.8310023, 19.0163693 ], [ 72.8307179, 19.0165166 ], [ 72.8306362, 19.0165589 ] ] } },
{ "type": "Feature", "properties": { "name": "N M Joshi Marg (Delisle Road)", "highway": "secondary", "slope_pct": 0.6 }, "geometry": { "type": "LineString", "coordinates": [ [ 72.8309469, 19.0047965 ], [ 72.8309253, 19.0050925 ] ] } },
{ "type": "Feature", "properties": { "name": "Urban Corridor", "highway": "residential", "slope_pct": 0.6 }, "geometry": { "type": "LineString", "coordinates": [ [ 72.8463859, 19.0040406 ], [ 72.8465065, 19.0044938 ] ] } },
{ "type": "Feature", "properties": { "name": "Urban Corridor", "highway": "residential", "slope_pct": 0.6 }, "geometry": { "type": "LineString", "coordinates": [ [ 72.8286092, 19.010752 ], [ 72.8285319, 19.0107059 ], [ 72.8285078, 19.0106759 ], [ 72.8284674, 19.0106111 ], [ 72.8283664, 19.0104481 ] ] } },
{ "type": "Feature", "properties": { "name": "Urban Corridor", "highway": "residential", "slope_pct": 0.6 }, "geometry": { "type": "LineString", "coordinates": [ [ 72.8292302, 19.0086183 ], [ 72.8292324, 19.0086255 ], [ 72.8292303, 19.008632 ], [ 72.8292254, 19.0086393 ], [ 72.8291282, 19.0087228 ], [ 72.8291214, 19.0087336 ], [ 72.8291223, 19.0087449 ], [ 72.8292283, 19.0088752 ], [ 72.8292299, 19.0088841 ], [ 72.8292273, 19.0088927 ], [ 72.8292221, 19.0089012 ], [ 72.8290515, 19.0090264 ], [ 72.8290417, 19.0090273 ], [ 72.8290322, 19.0090219 ], [ 72.8287509, 19.0087206 ], [ 72.8285793, 19.0085218 ], [ 72.8285776, 19.0085116 ], [ 72.8285823, 19.0084995 ], [ 72.8289021, 19.0083478 ], [ 72.8289113, 19.0083471 ], [ 72.8289199, 19.0083497 ], [ 72.8292157, 19.0086024 ], [ 72.8292302, 19.0086183 ] ] } },
{ "type": "Feature", "properties": { "name": "Urban Corridor", "highway": "residential", "slope_pct": 0.6 }, "geometry": { "type": "LineString", "coordinates": [ [ 72.8380145, 19.0065044 ], [ 72.8382076, 19.0068094 ], [ 72.8382464, 19.0068815 ], [ 72.8383646, 19.0071007 ] ] } },
{ "type": "Feature", "properties": { "name": "Urban Corridor", "highway": "residential", "slope_pct": 0.6 }, "geometry": { "type": "LineString", "coordinates": [ [ 72.8521369, 19.023729 ], [ 72.8520923, 19.0237611 ], [ 72.8517562, 19.0239708 ] ] } },
{ "type": "Feature", "properties": { "name": "Urban Corridor", "highway": "residential", "slope_pct": 0.6 }, "geometry": { "type": "LineString", "coordinates": [ [ 72.8293386, 19.0085697 ], [ 72.8293299, 19.0085798 ], [ 72.8293237, 19.0085937 ], [ 72.8293178, 19.0087031 ], [ 72.8293207, 19.0087358 ], [ 72.8293222, 19.0087638 ], [ 72.8293192, 19.0087864 ], [ 72.8293102, 19.008802 ], [ 72.8292561, 19.0088809 ], [ 72.8292533, 19.0088874 ], [ 72.8292532, 19.0088953 ], [ 72.8292554, 19.0089012 ], [ 72.8293515, 19.0090213 ], [ 72.8293618, 19.009029 ], [ 72.8293708, 19.0090309 ] ] } },
{ "type": "Feature", "properties": { "name": "Urban Corridor", "highway": "residential", "slope_pct": 0.6 }, "geometry": { "type": "LineString", "coordinates": [ [ 72.836366, 19.0197737 ], [ 72.8360958, 19.0200173 ], [ 72.8359793, 19.020155 ], [ 72.8359256, 19.0203147 ], [ 72.8359281, 19.0204726 ] ] } },
{ "type": "Feature", "properties": { "name": "V R C Bhide Marg", "highway": "residential", "slope_pct": 0.6 }, "geometry": { "type": "LineString", "coordinates": [ [ 72.8372956, 19.018744 ], [ 72.8367816, 19.019256 ] ] } },
{ "type": "Feature", "properties": { "name": "V R C Bhide Marg", "highway": "residential", "slope_pct": 0.6 }, "geometry": { "type": "LineString", "coordinates": [ [ 72.8370951, 19.0183459 ], [ 72.8372189, 19.018588 ], [ 72.8372521, 19.0186529 ], [ 72.8372956, 19.018744 ], [ 72.8373413, 19.0188273 ], [ 72.8373686, 19.0188806 ] ] } },
{ "type": "Feature", "properties": { "name": "K,W, Chitale Marg", "highway": "residential", "slope_pct": 0.6 }, "geometry": { "type": "LineString", "coordinates": [ [ 72.8370951, 19.0183459 ], [ 72.8365307, 19.0190864 ] ] } },
{ "type": "Feature", "properties": { "name": "Urban Corridor", "highway": "residential", "slope_pct": 0.6 }, "geometry": { "type": "LineString", "coordinates": [ [ 72.8250945, 19.0101899 ], [ 72.8250948, 19.0101199 ], [ 72.8251714, 19.0088411 ], [ 72.8260624, 19.0088545 ], [ 72.8262826, 19.0088607 ], [ 72.8263438, 19.0088212 ], [ 72.8263952, 19.0087659 ], [ 72.8264149, 19.0087119 ], [ 72.8263935, 19.0086579 ], [ 72.8257989, 19.0075855 ] ] } },
{ "type": "Feature", "properties": { "name": "Urban Corridor", "highway": "residential", "slope_pct": 0.6 }, "geometry": { "type": "LineString", "coordinates": [ [ 72.8262826, 19.0088607 ], [ 72.8265016, 19.0090942 ], [ 72.8265375, 19.0091247 ], [ 72.8265696, 19.0091471 ], [ 72.8266103, 19.0091541 ], [ 72.8269918, 19.009145 ] ] } },
{ "type": "Feature", "properties": { "name": "Urban Corridor", "highway": "residential", "slope_pct": 0.6 }, "geometry": { "type": "LineString", "coordinates": [ [ 72.8335458, 19.0119813 ], [ 72.8334996, 19.0119445 ], [ 72.8334137, 19.0118456 ], [ 72.8332645, 19.0116738 ] ] } },
{ "type": "Feature", "properties": { "name": "Urban Corridor", "highway": "residential", "slope_pct": 0.6 }, "geometry": { "type": "LineString", "coordinates": [ [ 72.8336135, 19.0124927 ], [ 72.8334797, 19.0123723 ], [ 72.8333458, 19.0122518 ], [ 72.8333374, 19.0122341 ], [ 72.8333374, 19.0122128 ], [ 72.8333461, 19.0121954 ], [ 72.8335458, 19.0119813 ] ] } },
{ "type": "Feature", "properties": { "name": "Urban Corridor", "highway": "residential", "slope_pct": 0.6 }, "geometry": { "type": "LineString", "coordinates": [ [ 72.8351767, 19.0167924 ], [ 72.8355059, 19.0167008 ], [ 72.8356915, 19.0166319 ], [ 72.8357815, 19.0165466 ] ] } },
{ "type": "Feature", "properties": { "name": "Urban Corridor", "highway": "tertiary", "slope_pct": 0.6 }, "geometry": { "type": "LineString", "coordinates": [ [ 72.8440403, 19.0051297 ], [ 72.8440716, 19.0050447 ] ] } },
{ "type": "Feature", "properties": { "name": "Dr Ernest Borges Marg", "highway": "secondary", "slope_pct": 0.6 }, "geometry": { "type": "LineString", "coordinates": [ [ 72.8441411, 19.0050938 ], [ 72.8440716, 19.0050447 ], [ 72.8439257, 19.0049307 ], [ 72.8435023, 19.004628 ], [ 72.8431009, 19.0043516 ], [ 72.8427367, 19.0041007 ], [ 72.8420371, 19.0035963 ] ] } },
{ "type": "Feature", "properties": { "name": "Urban Corridor", "highway": "residential", "slope_pct": 0.6 }, "geometry": { "type": "LineString", "coordinates": [ [ 72.8517244, 19.022771 ], [ 72.8517881, 19.0227254 ], [ 72.8519851, 19.0225855 ] ] } },
{ "type": "Feature", "properties": { "name": "Urban Corridor", "highway": "residential", "slope_pct": 0.6 }, "geometry": { "type": "LineString", "coordinates": [ [ 72.8392747, 19.0051091 ], [ 72.8392339, 19.0051354 ], [ 72.8389513, 19.005318 ] ] } },
{ "type": "Feature", "properties": { "name": "Urban Corridor", "highway": "residential", "slope_pct": 0.6 }, "geometry": { "type": "LineString", "coordinates": [ [ 72.8447212, 19.0250766 ], [ 72.8446298, 19.025113 ], [ 72.8443194, 19.0252366 ], [ 72.8442261, 19.0252198 ], [ 72.844162, 19.0251424 ], [ 72.8440397, 19.0247667 ] ] } },
{ "type": "Feature", "properties": { "name": "Urban Corridor", "highway": "residential", "slope_pct": 0.6 }, "geometry": { "type": "LineString", "coordinates": [ [ 72.8429023, 19.0236996 ], [ 72.843815, 19.0233375 ] ] } },
{ "type": "Feature", "properties": { "name": "Urban Corridor", "highway": "residential", "slope_pct": 0.6 }, "geometry": { "type": "LineString", "coordinates": [ [ 72.843815, 19.0233375 ], [ 72.8438347, 19.0233383 ], [ 72.8438432, 19.023347 ], [ 72.8438513, 19.0233596 ], [ 72.8438708, 19.0234052 ], [ 72.8438818, 19.0234307 ], [ 72.8439496, 19.0235886 ], [ 72.8440014, 19.0237157 ] ] } },
{ "type": "Feature", "properties": { "name": "Urban Corridor", "highway": "residential", "slope_pct": 0.6 }, "geometry": { "type": "LineString", "coordinates": [ [ 72.8444048, 19.0280718 ], [ 72.8437927, 19.0282203 ] ] } },
{ "type": "Feature", "properties": { "name": "Urban Corridor", "highway": "residential", "slope_pct": 0.6 }, "geometry": { "type": "LineString", "coordinates": [ [ 72.8463995, 19.0278205 ], [ 72.8463192, 19.0278439 ], [ 72.8462557, 19.0278533 ], [ 72.8460728, 19.0278643 ], [ 72.8459158, 19.0278764 ] ] } },
{ "type": "Feature", "properties": { "name": "Urban Corridor", "highway": "residential", "slope_pct": 0.6 }, "geometry": { "type": "LineString", "coordinates": [ [ 72.8253404, 19.0122791 ], [ 72.8261132, 19.012272 ] ] } },
{ "type": "Feature", "properties": { "name": "Urban Corridor", "highway": "residential", "slope_pct": 0.6 }, "geometry": { "type": "LineString", "coordinates": [ [ 72.8259471, 19.0137002 ], [ 72.826063, 19.0137348 ], [ 72.8267547, 19.0139415 ], [ 72.8268409, 19.0139673 ], [ 72.8269043, 19.0139751 ], [ 72.8276301, 19.0140644 ] ] } },
{ "type": "Feature", "properties": { "name": "Urban Corridor", "highway": "residential", "slope_pct": 0.6 }, "geometry": { "type": "LineString", "coordinates": [ [ 72.8252924, 19.016998 ], [ 72.8253011, 19.0169749 ], [ 72.8253871, 19.0167475 ], [ 72.8255082, 19.016427 ], [ 72.8255722, 19.0162578 ] ] } },
{ "type": "Feature", "properties": { "name": "Urban Corridor", "highway": "residential", "slope_pct": 0.6 }, "geometry": { "type": "LineString", "coordinates": [ [ 72.8253871, 19.0167475 ], [ 72.8256071, 19.0168244 ], [ 72.8257005, 19.0166772 ] ] } },
{ "type": "Feature", "properties": { "name": "Urban Corridor", "highway": "residential", "slope_pct": 0.6 }, "geometry": { "type": "LineString", "coordinates": [ [ 72.8255082, 19.016427 ], [ 72.825828, 19.0165589 ] ] } },
{ "type": "Feature", "properties": { "name": "Urban Corridor", "highway": "residential", "slope_pct": 0.6 }, "geometry": { "type": "LineString", "coordinates": [ [ 72.8253871, 19.0167475 ], [ 72.8252886, 19.0167084 ] ] } },
{ "type": "Feature", "properties": { "name": "Urban Corridor", "highway": "residential", "slope_pct": 0.6 }, "geometry": { "type": "LineString", "coordinates": [ [ 72.8249992, 19.0168959 ], [ 72.8250984, 19.0166201 ] ] } },
{ "type": "Feature", "properties": { "name": "Urban Corridor", "highway": "residential", "slope_pct": 0.6 }, "geometry": { "type": "LineString", "coordinates": [ [ 72.8253087, 19.0157811 ], [ 72.825425, 19.0155095 ] ] } },
{ "type": "Feature", "properties": { "name": "Urban Corridor", "highway": "residential", "slope_pct": 0.6 }, "geometry": { "type": "LineString", "coordinates": [ [ 72.8272129, 19.0176125 ], [ 72.8274804, 19.0177595 ] ] } },
{ "type": "Feature", "properties": { "name": "Urban Corridor", "highway": "residential", "slope_pct": 0.6 }, "geometry": { "type": "LineString", "coordinates": [ [ 72.8499112, 19.0103515 ], [ 72.8507298, 19.010319 ], [ 72.850781, 19.0103482 ], [ 72.8508075, 19.0104 ], [ 72.8509003, 19.0108499 ], [ 72.8509546, 19.011019 ], [ 72.8509741, 19.011253 ], [ 72.8509808, 19.011334 ], [ 72.8509633, 19.0117842 ], [ 72.8509594, 19.0118063 ], [ 72.8509427, 19.0118267 ], [ 72.850926, 19.0118366 ], [ 72.8509023, 19.0118405 ], [ 72.8500469, 19.0118361 ] ] } },
{ "type": "Feature", "properties": { "name": "Urban Corridor", "highway": "secondary_link", "slope_pct": 0.6 }, "geometry": { "type": "LineString", "coordinates": [ [ 72.8469558, 19.0297167 ], [ 72.8470512, 19.0296878 ] ] } },
{ "type": "Feature", "properties": { "name": "Urban Corridor", "highway": "residential", "slope_pct": 0.6 }, "geometry": { "type": "LineString", "coordinates": [ [ 72.8301586, 19.0203917 ], [ 72.8305729, 19.0200514 ] ] } },
{ "type": "Feature", "properties": { "name": "Urban Corridor", "highway": "residential", "slope_pct": 0.6 }, "geometry": { "type": "LineString", "coordinates": [ [ 72.8280993, 19.0174361 ], [ 72.8281315, 19.0174522 ], [ 72.8285102, 19.017668 ], [ 72.8286554, 19.0177545 ], [ 72.8286701, 19.0177648 ], [ 72.8286789, 19.0177786 ], [ 72.828679, 19.0177909 ], [ 72.8286721, 19.0178074 ], [ 72.8282708, 19.0183825 ], [ 72.8282613, 19.0183918 ], [ 72.8282496, 19.0183957 ], [ 72.828234, 19.0183955 ], [ 72.8282191, 19.0183923 ], [ 72.8281176, 19.0183308 ], [ 72.8281063, 19.0183185 ], [ 72.8281024, 19.018302 ], [ 72.8281026, 19.0182888 ], [ 72.8281117, 19.0182755 ], [ 72.8284318, 19.0177875 ], [ 72.8285102, 19.017668 ] ] } },
{ "type": "Feature", "properties": { "name": "Urban Corridor", "highway": "residential", "slope_pct": 0.6 }, "geometry": { "type": "LineString", "coordinates": [ [ 72.8285832, 19.0191919 ], [ 72.8285441, 19.0192474 ], [ 72.8285246, 19.0192571 ], [ 72.8284883, 19.0192591 ], [ 72.8284741, 19.0192607 ], [ 72.8284431, 19.0192907 ], [ 72.8282934, 19.0195271 ], [ 72.8282522, 19.0195507 ], [ 72.8282155, 19.0195493 ], [ 72.8281313, 19.0195015 ], [ 72.827835, 19.0193331 ], [ 72.8276411, 19.019223 ], [ 72.8276114, 19.0191784 ], [ 72.8276097, 19.0191072 ], [ 72.8277083, 19.0189315 ], [ 72.8277632, 19.0188962 ], [ 72.8278265, 19.0188874 ], [ 72.8284431, 19.0192907 ] ] } },
{ "type": "Feature", "properties": { "name": "Urban Corridor", "highway": "residential", "slope_pct": 0.6 }, "geometry": { "type": "LineString", "coordinates": [ [ 72.8362987, 19.0180496 ], [ 72.8363005, 19.0180536 ], [ 72.8363031, 19.0180567 ], [ 72.8363073, 19.0180588 ], [ 72.8363122, 19.0180593 ], [ 72.836417, 19.0180262 ], [ 72.8364221, 19.0180239 ], [ 72.8364247, 19.0180199 ], [ 72.8364248, 19.018015 ], [ 72.8364234, 19.018008 ], [ 72.8363575, 19.0178348 ], [ 72.836279, 19.0176236 ], [ 72.8362525, 19.0175551 ] ] } },
{ "type": "Feature", "properties": { "name": "Urban Corridor", "highway": "residential", "slope_pct": 0.6 }, "geometry": { "type": "LineString", "coordinates": [ [ 72.8385912, 19.0180883 ], [ 72.838763, 19.0186659 ], [ 72.8387831, 19.0187333 ], [ 72.8388793, 19.0190284 ] ] } },
{ "type": "Feature", "properties": { "name": "Urban Corridor", "highway": "residential", "slope_pct": 0.6 }, "geometry": { "type": "LineString", "coordinates": [ [ 72.8339239, 19.0213573 ], [ 72.8342368, 19.0212348 ], [ 72.8342656, 19.021198 ], [ 72.8342678, 19.0210039 ], [ 72.8348858, 19.0207083 ] ] } },
{ "type": "Feature", "properties": { "name": "Urban Corridor", "highway": "residential", "slope_pct": 0.6 }, "geometry": { "type": "LineString", "coordinates": [ [ 72.8344758, 19.0136303 ], [ 72.8344728, 19.0136185 ], [ 72.8344701, 19.0136095 ], [ 72.8344646, 19.0136002 ], [ 72.8344536, 19.0135899 ], [ 72.8343769, 19.0135307 ], [ 72.8342822, 19.0134576 ] ] } },
{ "type": "Feature", "properties": { "name": "Urban Corridor", "highway": "residential", "slope_pct": 0.6 }, "geometry": { "type": "LineString", "coordinates": [ [ 72.8421935, 19.0122698 ], [ 72.8412103, 19.0126096 ] ] } },
{ "type": "Feature", "properties": { "name": "Urban Corridor", "highway": "residential", "slope_pct": 0.6 }, "geometry": { "type": "LineString", "coordinates": [ [ 72.8265869, 19.0176174 ], [ 72.8266953, 19.0174015 ] ] } },
{ "type": "Feature", "properties": { "name": "Urban Corridor", "highway": "residential", "slope_pct": 0.6 }, "geometry": { "type": "LineString", "coordinates": [ [ 72.8452284, 19.0156785 ], [ 72.8453484, 19.0155897 ], [ 72.8455171, 19.0154649 ] ] } },
{ "type": "Feature", "properties": { "name": "Urban Corridor", "highway": "residential", "slope_pct": 0.6 }, "geometry": { "type": "LineString", "coordinates": [ [ 72.8269981, 19.0174585 ], [ 72.8269011, 19.0174085 ], [ 72.8268927, 19.0174019 ], [ 72.8268899, 19.0173908 ], [ 72.8268932, 19.0173802 ], [ 72.8269789, 19.0172213 ], [ 72.826991, 19.017216 ], [ 72.8270051, 19.0172155 ], [ 72.8270163, 19.0172191 ], [ 72.8271872, 19.0173063 ], [ 72.8271975, 19.017316 ], [ 72.8272013, 19.0173279 ], [ 72.827198, 19.0173412 ], [ 72.8271034, 19.0174851 ], [ 72.8270936, 19.0174926 ], [ 72.8270777, 19.0174961 ], [ 72.8270627, 19.0174935 ], [ 72.8269981, 19.0174585 ], [ 72.8269844, 19.0174844 ], [ 72.8268424, 19.0177529 ], [ 72.8268215, 19.0177909 ], [ 72.8266809, 19.0180409 ], [ 72.8266785, 19.0180554 ], [ 72.826679, 19.0180669 ], [ 72.8266869, 19.0180766 ], [ 72.826819, 19.0181439 ], [ 72.8268297, 19.0181457 ], [ 72.8268391, 19.0181426 ], [ 72.8268471, 19.0181368 ], [ 72.8269627, 19.0178947 ], [ 72.826965, 19.017885 ], [ 72.8269646, 19.0178744 ], [ 72.8269585, 19.0178637 ], [ 72.8268215, 19.0177909 ] ] } },
{ "type": "Feature", "properties": { "name": "Urban Corridor", "highway": "residential", "slope_pct": 0.6 }, "geometry": { "type": "LineString", "coordinates": [ [ 72.8261132, 19.0181754 ], [ 72.826269, 19.0182551 ], [ 72.8262974, 19.0182696 ], [ 72.8264147, 19.0183296 ], [ 72.8265108, 19.0183787 ], [ 72.8266331, 19.0184413 ], [ 72.8267487, 19.0185004 ], [ 72.8267627, 19.0185033 ], [ 72.8267785, 19.0185046 ], [ 72.8267927, 19.0185017 ], [ 72.8268257, 19.0184827 ], [ 72.8268536, 19.018482 ], [ 72.8268801, 19.0184852 ], [ 72.8269, 19.0184895 ], [ 72.8269515, 19.0183975 ], [ 72.8269779, 19.0183501 ], [ 72.8269828, 19.0183398 ], [ 72.8269828, 19.018331 ], [ 72.8269793, 19.0183241 ], [ 72.8269736, 19.0183192 ], [ 72.826257, 19.0179647 ], [ 72.8262439, 19.0179616 ], [ 72.8262322, 19.0179629 ], [ 72.8262223, 19.0179704 ], [ 72.8261836, 19.018044 ], [ 72.8261132, 19.0181754 ] ] } },
{ "type": "Feature", "properties": { "name": "Urban Corridor", "highway": "residential", "slope_pct": 0.6 }, "geometry": { "type": "LineString", "coordinates": [ [ 72.8269, 19.0184895 ], [ 72.8269553, 19.0185162 ], [ 72.8271058, 19.0185889 ], [ 72.827251, 19.018659 ], [ 72.8272843, 19.0186751 ], [ 72.8272989, 19.0186821 ], [ 72.8273411, 19.0187025 ] ] } },
{ "type": "Feature", "properties": { "name": "Gate no 3", "highway": "residential", "slope_pct": 0.6 }, "geometry": { "type": "LineString", "coordinates": [ [ 72.8444215, 19.0110884 ], [ 72.8450108, 19.0107507 ] ] } },
{ "type": "Feature", "properties": { "name": "Urban Corridor", "highway": "residential", "slope_pct": 0.6 }, "geometry": { "type": "LineString", "coordinates": [ [ 72.8281983, 19.0056832 ], [ 72.8280467, 19.0053995 ], [ 72.8277151, 19.004779 ], [ 72.8275603, 19.0044892 ] ] } },
{ "type": "Feature", "properties": { "name": "Urban Corridor", "highway": "residential", "slope_pct": 0.6 }, "geometry": { "type": "LineString", "coordinates": [ [ 72.8288004, 19.0140731 ], [ 72.8290026, 19.0139849 ], [ 72.8290215, 19.0139874 ], [ 72.8290425, 19.0140667 ], [ 72.829035, 19.0140846 ], [ 72.8288971, 19.0141389 ], [ 72.8288762, 19.0141363 ], [ 72.828863, 19.0141195 ], [ 72.8288004, 19.0140731 ], [ 72.8287563, 19.0140478 ], [ 72.8287259, 19.0140148 ], [ 72.8287417, 19.0140011 ], [ 72.8287934, 19.0139794 ], [ 72.8289118, 19.0139357 ], [ 72.8289783, 19.0139112 ], [ 72.8290719, 19.0138979 ], [ 72.8291676, 19.0138995 ], [ 72.8292378, 19.0138703 ], [ 72.8293401, 19.0137743 ], [ 72.8293899, 19.0136776 ] ] } },
{ "type": "Feature", "properties": { "name": "Private Road", "highway": "residential", "slope_pct": 0.6 }, "geometry": { "type": "LineString", "coordinates": [ [ 72.8287902, 19.0162865 ], [ 72.8287315, 19.0163842 ], [ 72.8285383, 19.0167056 ], [ 72.8282256, 19.0172259 ], [ 72.8281855, 19.0172926 ], [ 72.8281295, 19.0173859 ], [ 72.8280993, 19.0174361 ], [ 72.8276853, 19.0181249 ], [ 72.8276188, 19.0182356 ], [ 72.8275614, 19.0183311 ], [ 72.8274584, 19.0185025 ], [ 72.827432, 19.0185464 ] ] } },
{ "type": "Feature", "properties": { "name": "Gokhale Road", "highway": "primary", "slope_pct": 0.6 }, "geometry": { "type": "LineString", "coordinates": [ [ 72.836014, 19.0190416 ], [ 72.8361587, 19.0193426 ], [ 72.836366, 19.0197737 ], [ 72.8365112, 19.0200705 ], [ 72.8365992, 19.0202078 ], [ 72.836956, 19.0207702 ], [ 72.8373268, 19.0213537 ], [ 72.8374347, 19.0215235 ], [ 72.8374642, 19.0215699 ], [ 72.8376082, 19.021783 ] ] } },
{ "type": "Feature", "properties": { "name": "Private Road", "highway": "residential", "slope_pct": 0.6 }, "geometry": { "type": "LineString", "coordinates": [ [ 72.8279438, 19.0187585 ], [ 72.8285832, 19.0191919 ], [ 72.8290559, 19.0194158 ], [ 72.8293989, 19.01963 ] ] } },
{ "type": "Feature", "properties": { "name": "Urban Corridor", "highway": "residential", "slope_pct": 0.6 }, "geometry": { "type": "LineString", "coordinates": [ [ 72.8312787, 19.0203709 ], [ 72.8310458, 19.0200907 ] ] } },
{ "type": "Feature", "properties": { "name": "Urban Corridor", "highway": "residential", "slope_pct": 0.6 }, "geometry": { "type": "LineString", "coordinates": [ [ 72.8287236, 19.0097195 ], [ 72.8285996, 19.009741 ], [ 72.8284365, 19.0097721 ] ] } },
{ "type": "Feature", "properties": { "name": "Urban Corridor", "highway": "residential", "slope_pct": 0.6 }, "geometry": { "type": "LineString", "coordinates": [ [ 72.8511152, 19.0126402 ], [ 72.8509604, 19.0124615 ], [ 72.8509034, 19.0122725 ], [ 72.8508669, 19.0121425 ] ] } },
{ "type": "Feature", "properties": { "name": "Urban Corridor", "highway": "residential", "slope_pct": 0.6 }, "geometry": { "type": "LineString", "coordinates": [ [ 72.8511152, 19.0126402 ], [ 72.8508635, 19.012711 ] ] } },
{ "type": "Feature", "properties": { "name": "Urban Corridor", "highway": "residential", "slope_pct": 0.6 }, "geometry": { "type": "LineString", "coordinates": [ [ 72.8515398, 19.022532 ], [ 72.8515767, 19.022507 ], [ 72.8516363, 19.0224644 ], [ 72.8518023, 19.0223544 ], [ 72.8518089, 19.0223382 ], [ 72.8518049, 19.022321 ], [ 72.8516844, 19.0221748 ], [ 72.8516677, 19.0221725 ], [ 72.8516542, 19.0221763 ], [ 72.8515075, 19.0222827 ], [ 72.8515019, 19.0222962 ], [ 72.8515035, 19.0223105 ], [ 72.8516363, 19.0224644 ] ] } },
{ "type": "Feature", "properties": { "name": "Urban Corridor", "highway": "primary_link", "slope_pct": 0.6 }, "geometry": { "type": "LineString", "coordinates": [ [ 72.8341379, 19.0098955 ], [ 72.8339971, 19.0100102 ] ] } },
{ "type": "Feature", "properties": { "name": "Jagannath Bhatnagar Road", "highway": "secondary", "slope_pct": 0.6 }, "geometry": { "type": "LineString", "coordinates": [ [ 72.8334559, 19.0091918 ], [ 72.8332775, 19.0093083 ] ] } },
{ "type": "Feature", "properties": { "name": "Senapati Bapat Marg", "highway": "primary", "slope_pct": 0.6 }, "geometry": { "type": "LineString", "coordinates": [ [ 72.8351483, 19.0109694 ], [ 72.8351147, 19.0109333 ], [ 72.83506, 19.0108753 ], [ 72.8344508, 19.0102191 ], [ 72.8344088, 19.0101757 ], [ 72.8341594, 19.0099183 ], [ 72.8341379, 19.0098955 ], [ 72.8341034, 19.009862 ], [ 72.8334559, 19.0091918 ] ] } },
{ "type": "Feature", "properties": { "name": "N C Kelkar Marg", "highway": "primary", "slope_pct": 0.6 }, "geometry": { "type": "LineString", "coordinates": [ [ 72.8419635, 19.0212516 ], [ 72.8421895, 19.0215258 ], [ 72.8423074, 19.0217 ] ] } },
{ "type": "Feature", "properties": { "name": "N C Kelkar Marg", "highway": "primary", "slope_pct": 0.6 }, "geometry": { "type": "LineString", "coordinates": [ [ 72.8426816, 19.0209956 ], [ 72.8425668, 19.0210091 ], [ 72.8421558, 19.0210296 ] ] } },
{ "type": "Feature", "properties": { "name": "N C Kelkar Marg", "highway": "primary", "slope_pct": 0.6 }, "geometry": { "type": "LineString", "coordinates": [ [ 72.8428459, 19.0212303 ], [ 72.8428373, 19.0211109 ], [ 72.8428024, 19.0210487 ], [ 72.8427399, 19.0210095 ], [ 72.8426816, 19.0209956 ] ] } },
{ "type": "Feature", "properties": { "name": "N C Kelkar Marg", "highway": "primary", "slope_pct": 0.6 }, "geometry": { "type": "LineString", "coordinates": [ [ 72.8426372, 19.0216853 ], [ 72.8426953, 19.0215189 ], [ 72.842719, 19.0214508 ], [ 72.8428459, 19.0212303 ] ] } },
{ "type": "Feature", "properties": { "name": "Khodadad Circle", "highway": "trunk", "slope_pct": 0.6 }, "geometry": { "type": "LineString", "coordinates": [ [ 72.84741, 19.0176564 ], [ 72.847387, 19.0177542 ], [ 72.847391, 19.0178543 ], [ 72.8474218, 19.0179501 ] ] } },
{ "type": "Feature", "properties": { "name": "Khodadad Circle", "highway": "trunk", "slope_pct": 0.6 }, "geometry": { "type": "LineString", "coordinates": [ [ 72.8477426, 19.0174022 ], [ 72.8476347, 19.0174307 ], [ 72.8475389, 19.0174855 ], [ 72.8474621, 19.0175626 ], [ 72.84741, 19.0176564 ] ] } },
{ "type": "Feature", "properties": { "name": "Khodadad Circle", "highway": "trunk", "slope_pct": 0.6 }, "geometry": { "type": "LineString", "coordinates": [ [ 72.8477931, 19.0181805 ], [ 72.8479131, 19.0181653 ], [ 72.8480233, 19.018118 ], [ 72.8481142, 19.0180425 ], [ 72.8481782, 19.0179453 ] ] } },
{ "type": "Feature", "properties": { "name": "Khodadad Circle", "highway": "trunk", "slope_pct": 0.6 }, "geometry": { "type": "LineString", "coordinates": [ [ 72.8475601, 19.0181088 ], [ 72.8476709, 19.0181613 ], [ 72.8477931, 19.0181805 ] ] } },
{ "type": "Feature", "properties": { "name": "Khodadad Circle", "highway": "trunk", "slope_pct": 0.6 }, "geometry": { "type": "LineString", "coordinates": [ [ 72.8474218, 19.0179501 ], [ 72.8474797, 19.0180382 ], [ 72.8475601, 19.0181088 ] ] } },
{ "type": "Feature", "properties": { "name": "N C Kelkar Marg", "highway": "primary", "slope_pct": 0.6 }, "geometry": { "type": "LineString", "coordinates": [ [ 72.8404563, 19.0251787 ], [ 72.8405952, 19.025077 ] ] } },
{ "type": "Feature", "properties": { "name": "Lady Jamshedji Road", "highway": "primary", "slope_pct": 0.6 }, "geometry": { "type": "LineString", "coordinates": [ [ 72.8405952, 19.025077 ], [ 72.8405398, 19.0250013 ] ] } },
{ "type": "Feature", "properties": { "name": "Senapati Bapat Marg", "highway": "primary", "slope_pct": 0.6 }, "geometry": { "type": "LineString", "coordinates": [ [ 72.8309469, 19.0047965 ], [ 72.8308382, 19.0045592 ], [ 72.8300306, 19.0029409 ], [ 72.8297499, 19.0023785 ], [ 72.8295947, 19.0020853 ] ] } },
{ "type": "Feature", "properties": { "name": "Sayani Marg", "highway": "secondary", "slope_pct": 0.6 }, "geometry": { "type": "LineString", "coordinates": [ [ 72.8319758, 19.0111453 ], [ 72.8320222, 19.011051 ] ] } },
{ "type": "Feature", "properties": { "name": "Urban Corridor", "highway": "secondary", "slope_pct": 0.6 }, "geometry": { "type": "LineString", "coordinates": [ [ 72.8320222, 19.011051 ], [ 72.831672, 19.010581 ], [ 72.8308491, 19.0094768 ], [ 72.8307749, 19.0092524 ], [ 72.8307831, 19.0091614 ], [ 72.8307921, 19.0091208 ], [ 72.8307674, 19.0089746 ] ] } },
{ "type": "Feature", "properties": { "name": "Urban Corridor", "highway": "tertiary", "slope_pct": 0.6 }, "geometry": { "type": "LineString", "coordinates": [ [ 72.8377761, 19.0243802 ], [ 72.8377696, 19.0243604 ], [ 72.8377362, 19.0243193 ], [ 72.8377044, 19.0242875 ] ] } },
{ "type": "Feature", "properties": { "name": "Urban Corridor", "highway": "tertiary", "slope_pct": 0.6 }, "geometry": { "type": "LineString", "coordinates": [ [ 72.8517709, 19.0215158 ], [ 72.8517948, 19.0215382 ], [ 72.8518828, 19.0215752 ], [ 72.8519477, 19.0215742 ], [ 72.8520068, 19.0215532 ], [ 72.8520848, 19.0214697 ], [ 72.8520999, 19.0214006 ], [ 72.8520947, 19.0213449 ], [ 72.8520807, 19.021313 ], [ 72.8520453, 19.0212692 ] ] } },
{ "type": "Feature", "properties": { "name": "Road No 26", "highway": "tertiary", "slope_pct": 0.6 }, "geometry": { "type": "LineString", "coordinates": [ [ 72.8492446, 19.0126874 ], [ 72.8493393, 19.0126485 ] ] } },
{ "type": "Feature", "properties": { "name": "G.D. Ambedkar Marg", "highway": "secondary", "slope_pct": 0.6 }, "geometry": { "type": "LineString", "coordinates": [ [ 72.8492446, 19.0126874 ], [ 72.8496809, 19.0133346 ], [ 72.8497042, 19.0133676 ], [ 72.8499233, 19.013701 ], [ 72.8501808, 19.0140943 ], [ 72.8504319, 19.0144778 ], [ 72.8507847, 19.0149071 ], [ 72.8508784, 19.0150252 ], [ 72.8510462, 19.0151927 ], [ 72.8513327, 19.0154405 ] ] } },
{ "type": "Feature", "properties": { "name": "Khodadad Circle", "highway": "trunk", "slope_pct": 0.6 }, "geometry": { "type": "LineString", "coordinates": [ [ 72.8481923, 19.0176691 ], [ 72.8481589, 19.0175972 ], [ 72.8481109, 19.017533 ] ] } },
{ "type": "Feature", "properties": { "name": "Khodadad Circle", "highway": "trunk", "slope_pct": 0.6 }, "geometry": { "type": "LineString", "coordinates": [ [ 72.8481109, 19.017533 ], [ 72.848006, 19.0174511 ], [ 72.8478786, 19.0174059 ], [ 72.8477426, 19.0174022 ] ] } },
{ "type": "Feature", "properties": { "name": "Tilak Road Extension", "highway": "secondary", "slope_pct": 0.6 }, "geometry": { "type": "LineString", "coordinates": [ [ 72.8528406, 19.0145881 ], [ 72.8520138, 19.0151168 ], [ 72.8516011, 19.0153884 ] ] } },
{ "type": "Feature", "properties": { "name": "Dr Babasaheb Ambedkar Marg (Vincent Road)", "highway": "trunk", "slope_pct": 0.6 }, "geometry": { "type": "LineString", "coordinates": [ [ 72.8455526, 19.0146451 ], [ 72.8454029, 19.014427 ], [ 72.8450016, 19.0138423 ], [ 72.8445734, 19.0132184 ], [ 72.844523, 19.013145 ], [ 72.8442467, 19.0128296 ] ] } },
{ "type": "Feature", "properties": { "name": "Mumbai Marathi Granth Sangrahalaya Marg", "highway": "tertiary", "slope_pct": 0.6 }, "geometry": { "type": "LineString", "coordinates": [ [ 72.8455526, 19.0146451 ], [ 72.8453833, 19.0148214 ] ] } },
{ "type": "Feature", "properties": { "name": "Dr Babasaheb Ambedkar Marg (Vincent Road)", "highway": "trunk", "slope_pct": 0.6 }, "geometry": { "type": "LineString", "coordinates": [ [ 72.8441292, 19.0129063 ], [ 72.8443238, 19.0132606 ], [ 72.8444749, 19.01349 ], [ 72.8446451, 19.0137488 ], [ 72.8447802, 19.0139524 ], [ 72.8453833, 19.0148214 ] ] } },
{ "type": "Feature", "properties": { "name": "Urban Corridor", "highway": "primary", "slope_pct": 0.6 }, "geometry": { "type": "LineString", "coordinates": [ [ 72.8323964, 19.0151211 ], [ 72.8310936, 19.0144909 ], [ 72.8310014, 19.0144433 ], [ 72.8309638, 19.0144238 ], [ 72.8306984, 19.0143087 ], [ 72.8305433, 19.0142497 ] ] } },
{ "type": "Feature", "properties": { "name": "Gokhale Road", "highway": "secondary", "slope_pct": 0.6 }, "geometry": { "type": "LineString", "coordinates": [ [ 72.8337052, 19.0132998 ], [ 72.8334382, 19.0129382 ], [ 72.8332855, 19.0127233 ], [ 72.8320344, 19.0110671 ], [ 72.8320222, 19.011051 ] ] } },
{ "type": "Feature", "properties": { "name": "Gokhale Road", "highway": "secondary", "slope_pct": 0.6 }, "geometry": { "type": "LineString", "coordinates": [ [ 72.8338006, 19.0134068 ], [ 72.8337763, 19.0133798 ], [ 72.8337052, 19.0132998 ] ] } },
{ "type": "Feature", "properties": { "name": "Urban Corridor", "highway": "primary", "slope_pct": 0.6 }, "geometry": { "type": "LineString", "coordinates": [ [ 72.8404158, 19.0194359 ], [ 72.8403846, 19.0194232 ], [ 72.8403507, 19.0194211 ] ] } },
{ "type": "Feature", "properties": { "name": "Urban Corridor", "highway": "primary", "slope_pct": 0.6 }, "geometry": { "type": "LineString", "coordinates": [ [ 72.840456, 19.0194865 ], [ 72.8404405, 19.0194579 ], [ 72.8404158, 19.0194359 ] ] } },
{ "type": "Feature", "properties": { "name": "Kabutarkhana", "highway": "primary", "slope_pct": 0.6 }, "geometry": { "type": "LineString", "coordinates": [ [ 72.8403982, 19.0189965 ], [ 72.840431, 19.0190103 ], [ 72.8404667, 19.0190134 ] ] } },
{ "type": "Feature", "properties": { "name": "Kabutarkhana", "highway": "primary", "slope_pct": 0.6 }, "geometry": { "type": "LineString", "coordinates": [ [ 72.840356, 19.0188756 ], [ 72.8403495, 19.0189092 ], [ 72.8403549, 19.0189429 ], [ 72.8403718, 19.0189731 ], [ 72.8403982, 19.0189965 ] ] } },
{ "type": "Feature", "properties": { "name": "Kabutarkhana", "highway": "primary", "slope_pct": 0.6 }, "geometry": { "type": "LineString", "coordinates": [ [ 72.8404004, 19.0188234 ], [ 72.8403736, 19.018846 ], [ 72.840356, 19.0188756 ] ] } },
{ "type": "Feature", "properties": { "name": "Bhawani Shankar Marg", "highway": "secondary", "slope_pct": 0.6 }, "geometry": { "type": "LineString", "coordinates": [ [ 72.833866, 19.0136249 ], [ 72.8340376, 19.0136895 ], [ 72.8341858, 19.0137198 ] ] } },
{ "type": "Feature", "properties": { "name": "Gokhale Road", "highway": "secondary", "slope_pct": 0.6 }, "geometry": { "type": "LineString", "coordinates": [ [ 72.833745, 19.0135821 ], [ 72.834318, 19.0149791 ], [ 72.8344117, 19.0152075 ], [ 72.8344615, 19.0153289 ], [ 72.8346469, 19.0157809 ], [ 72.8346962, 19.0159053 ] ] } },
{ "type": "Feature", "properties": { "name": "Gokhale Road", "highway": "secondary", "slope_pct": 0.6 }, "geometry": { "type": "LineString", "coordinates": [ [ 72.8336388, 19.0133383 ], [ 72.8336808, 19.0134315 ], [ 72.833745, 19.0135821 ] ] } },
{ "type": "Feature", "properties": { "name": "Kakasaheb Gadgil Marg", "highway": "secondary", "slope_pct": 0.6 }, "geometry": { "type": "LineString", "coordinates": [ [ 72.8337052, 19.0132998 ], [ 72.8336388, 19.0133383 ] ] } },
{ "type": "Feature", "properties": { "name": "Kakasaheb Gadgil Marg", "highway": "secondary", "slope_pct": 0.6 }, "geometry": { "type": "LineString", "coordinates": [ [ 72.8323361, 19.0152128 ], [ 72.8323964, 19.0151211 ] ] } },
{ "type": "Feature", "properties": { "name": "Shankar Ghanekar Marg", "highway": "primary", "slope_pct": 0.6 }, "geometry": { "type": "LineString", "coordinates": [ [ 72.8304702, 19.0142998 ], [ 72.8306627, 19.0143884 ], [ 72.8307749, 19.0144437 ], [ 72.8310248, 19.0145668 ], [ 72.8323361, 19.0152128 ] ] } },
{ "type": "Feature", "properties": { "name": "Urban Corridor", "highway": "primary", "slope_pct": 0.6 }, "geometry": { "type": "LineString", "coordinates": [ [ 72.8402666, 19.0195413 ], [ 72.8402799, 19.0195675 ], [ 72.8403012, 19.0195886 ], [ 72.8403283, 19.0196025 ], [ 72.8403586, 19.0196078 ], [ 72.8403891, 19.0196041 ] ] } },
{ "type": "Feature", "properties": { "name": "Dr Babasaheb Ambedkar Marg (Vincent Road)", "highway": "trunk", "slope_pct": 0.6 }, "geometry": { "type": "LineString", "coordinates": [ [ 72.8466987, 19.0161788 ], [ 72.8466753, 19.0161483 ], [ 72.8462344, 19.0155579 ], [ 72.8461006, 19.0153788 ], [ 72.8455526, 19.0146451 ] ] } },
{ "type": "Feature", "properties": { "name": "Swami Gyan Jiwandas Marg", "highway": "tertiary", "slope_pct": 0.6 }, "geometry": { "type": "LineString", "coordinates": [ [ 72.8466987, 19.0161788 ], [ 72.8464754, 19.0163138 ] ] } },
{ "type": "Feature", "properties": { "name": "Dr Babasaheb Ambedkar Marg (Vincent Road)", "highway": "trunk", "slope_pct": 0.6 }, "geometry": { "type": "LineString", "coordinates": [ [ 72.8454827, 19.014971 ], [ 72.8458932, 19.0155253 ], [ 72.8460116, 19.0156851 ], [ 72.846291, 19.0160624 ], [ 72.8463982, 19.0162072 ], [ 72.8464754, 19.0163138 ] ] } },
{ "type": "Feature", "properties": { "name": "Tilak Road Extension", "highway": "primary", "slope_pct": 0.6 }, "geometry": { "type": "LineString", "coordinates": [ [ 72.8514389, 19.0154587 ], [ 72.8514026, 19.0154846 ], [ 72.8513945, 19.0154904 ], [ 72.8513919, 19.015492 ] ] } },
{ "type": "Feature", "properties": { "name": "G.D. Ambedkar Marg", "highway": "secondary", "slope_pct": 0.6 }, "geometry": { "type": "LineString", "coordinates": [ [ 72.8514389, 19.0154587 ], [ 72.8512414, 19.0152595 ], [ 72.8511057, 19.0151415 ], [ 72.8509399, 19.0149701 ], [ 72.8506621, 19.0146538 ], [ 72.8504884, 19.0144299 ], [ 72.850253, 19.0140558 ], [ 72.8501914, 19.0139579 ], [ 72.8499881, 19.013665 ], [ 72.8497697, 19.0133254 ], [ 72.8496865, 19.0131961 ], [ 72.8496571, 19.0131503 ], [ 72.8493393, 19.0126485 ] ] } },
{ "type": "Feature", "properties": { "name": "Urban Corridor", "highway": "residential", "slope_pct": 0.6 }, "geometry": { "type": "LineString", "coordinates": [ [ 72.8492809, 19.0175931 ], [ 72.8492771, 19.0175557 ], [ 72.8492572, 19.0175248 ] ] } },
{ "type": "Feature", "properties": { "name": "Tilak Road", "highway": "primary", "slope_pct": 0.6 }, "geometry": { "type": "LineString", "coordinates": [ [ 72.8487738, 19.0171976 ], [ 72.848752, 19.0172143 ], [ 72.8484555, 19.0173923 ] ] } },
{ "type": "Feature", "properties": { "name": "Kavi Keshavsut Flyover", "highway": "primary", "slope_pct": 0.6 }, "geometry": { "type": "LineString", "coordinates": [ [ 72.8433751, 19.0204086 ], [ 72.84315, 19.0201077 ] ] } },
{ "type": "Feature", "properties": { "name": "Kavi Keshavsut Flyover", "highway": "primary", "slope_pct": 0.6 }, "geometry": { "type": "LineString", "coordinates": [ [ 72.84315, 19.0201077 ], [ 72.8432969, 19.0204525 ] ] } },
{ "type": "Feature", "properties": { "name": "Senapati Bapat Marg", "highway": "primary", "slope_pct": 0.6 }, "geometry": { "type": "LineString", "coordinates": [ [ 72.8332775, 19.0093083 ], [ 72.8339971, 19.0100102 ], [ 72.8342277, 19.0102492 ], [ 72.8343292, 19.0103544 ], [ 72.8350276, 19.0110783 ], [ 72.8360819, 19.0121711 ] ] } },
{ "type": "Feature", "properties": { "name": "S L Matkar Road", "highway": "residential", "slope_pct": 0.6 }, "geometry": { "type": "LineString", "coordinates": [ [ 72.8307788, 19.0088255 ], [ 72.8310266, 19.0087285 ] ] } },
{ "type": "Feature", "properties": { "name": "Gokhale Road", "highway": "secondary", "slope_pct": 0.6 }, "geometry": { "type": "LineString", "coordinates": [ [ 72.8307996, 19.0086458 ], [ 72.8307919, 19.0086932 ] ] } },
{ "type": "Feature", "properties": { "name": "Kabutarkhana", "highway": "primary", "slope_pct": 0.6 }, "geometry": { "type": "LineString", "coordinates": [ [ 72.8404667, 19.0190134 ], [ 72.8405077, 19.0190025 ], [ 72.8405411, 19.0189777 ], [ 72.840562, 19.0189427 ], [ 72.8405671, 19.0189028 ], [ 72.8405557, 19.0188641 ] ] } },
{ "type": "Feature", "properties": { "name": "Gokhale Road", "highway": "secondary", "slope_pct": 0.6 }, "geometry": { "type": "LineString", "coordinates": [ [ 72.8319758, 19.0111453 ], [ 72.8323725, 19.01167 ], [ 72.8327789, 19.0122045 ], [ 72.8329946, 19.0124881 ], [ 72.8331888, 19.0127435 ], [ 72.8334438, 19.0130805 ], [ 72.8336388, 19.0133383 ] ] } },
{ "type": "Feature", "properties": { "name": "Acharya Donde Marg", "highway": "secondary", "slope_pct": 0.6 }, "geometry": { "type": "LineString", "coordinates": [ [ 72.8380154, 19.0063904 ], [ 72.8381255, 19.0063173 ] ] } },
{ "type": "Feature", "properties": { "name": "Acharya Donde Marg", "highway": "secondary", "slope_pct": 0.6 }, "geometry": { "type": "LineString", "coordinates": [ [ 72.8380854, 19.0062628 ], [ 72.8379699, 19.0063566 ] ] } },
{ "type": "Feature", "properties": { "name": "Jagannath Bhatnagar Road", "highway": "secondary", "slope_pct": 0.6 }, "geometry": { "type": "LineString", "coordinates": [ [ 72.8343507, 19.0086362 ], [ 72.8340615, 19.008827 ] ] } },
{ "type": "Feature", "properties": { "name": "Urban Corridor", "highway": "residential", "slope_pct": 0.6 }, "geometry": { "type": "LineString", "coordinates": [ [ 72.834169, 19.0088321 ], [ 72.8342642, 19.0088189 ], [ 72.8352852, 19.0081856 ], [ 72.8357918, 19.0078861 ], [ 72.8356862, 19.0077292 ] ] } },
{ "type": "Feature", "properties": { "name": "Balasheth Mandurkar Marg", "highway": "residential", "slope_pct": 0.6 }, "geometry": { "type": "LineString", "coordinates": [ [ 72.8354245, 19.0071751 ], [ 72.8357432, 19.0076918 ] ] } },
{ "type": "Feature", "properties": { "name": "S L Matkar Road", "highway": "residential", "slope_pct": 0.6 }, "geometry": { "type": "LineString", "coordinates": [ [ 72.8323316, 19.0086891 ], [ 72.8324577, 19.0087266 ], [ 72.8326043, 19.0087702 ], [ 72.8328383, 19.0088432 ] ] } },
{ "type": "Feature", "properties": { "name": "Gokhale Road", "highway": "secondary", "slope_pct": 0.6 }, "geometry": { "type": "LineString", "coordinates": [ [ 72.8308903, 19.006215 ], [ 72.8308872, 19.0062584 ], [ 72.830884, 19.0063043 ] ] } },
{ "type": "Feature", "properties": { "name": "Senapati Bapat Marg", "highway": "primary", "slope_pct": 0.6 }, "geometry": { "type": "LineString", "coordinates": [ [ 72.8328383, 19.0088432 ], [ 72.8330467, 19.0090251 ], [ 72.8332775, 19.0093083 ] ] } },
{ "type": "Feature", "properties": { "name": "Khareghat Road", "highway": "residential", "slope_pct": 0.6 }, "geometry": { "type": "LineString", "coordinates": [ [ 72.8514731, 19.0189867 ], [ 72.8513366, 19.0190799 ], [ 72.8512451, 19.0191416 ], [ 72.8509177, 19.0193624 ], [ 72.8505775, 19.0195919 ], [ 72.8496521, 19.0202154 ] ] } },
{ "type": "Feature", "properties": { "name": "Lt Dilip Gupte Marg", "highway": "residential", "slope_pct": 0.6 }, "geometry": { "type": "LineString", "coordinates": [ [ 72.8397408, 19.0282321 ], [ 72.8398093, 19.0288555 ], [ 72.8398284, 19.0290675 ], [ 72.839862, 19.029441 ] ] } },
{ "type": "Feature", "properties": { "name": "Bhoiwada Samshan Bhoomi Road", "highway": "residential", "slope_pct": 0.6 }, "geometry": { "type": "LineString", "coordinates": [ [ 72.8472558, 19.0076743 ], [ 72.849521, 19.0071649 ], [ 72.8497758, 19.0071218 ] ] } },
{ "type": "Feature", "properties": { "name": "Bhoiwada Samshan Bhoomi Road", "highway": "residential", "slope_pct": 0.6 }, "geometry": { "type": "LineString", "coordinates": [ [ 72.8471717, 19.0076954 ], [ 72.8472558, 19.0076743 ] ] } },
{ "type": "Feature", "properties": { "name": "G.D. Ambedkar Marg", "highway": "secondary", "slope_pct": 0.6 }, "geometry": { "type": "LineString", "coordinates": [ [ 72.8493393, 19.0126485 ], [ 72.8493013, 19.012573 ], [ 72.8489714, 19.0119064 ], [ 72.8489501, 19.0118654 ], [ 72.8485799, 19.01104 ], [ 72.8485694, 19.0110146 ], [ 72.8483393, 19.010456 ], [ 72.8483134, 19.0103973 ], [ 72.8482319, 19.0102077 ], [ 72.8479665, 19.0095766 ], [ 72.8477821, 19.0091348 ], [ 72.8476597, 19.0088416 ], [ 72.847628, 19.008764 ], [ 72.8474243, 19.0083369 ], [ 72.8473281, 19.0081415 ], [ 72.8472852, 19.0079773 ], [ 72.8472558, 19.0076743 ] ] } },
{ "type": "Feature", "properties": { "name": "G.D. Ambedkar Marg", "highway": "secondary", "slope_pct": 0.6 }, "geometry": { "type": "LineString", "coordinates": [ [ 72.8471717, 19.0076954 ], [ 72.8472654, 19.0081549 ], [ 72.8473548, 19.0083591 ], [ 72.8475472, 19.0087983 ], [ 72.8477038, 19.0091631 ], [ 72.8479858, 19.0098202 ], [ 72.8481509, 19.0102278 ], [ 72.848226, 19.0104107 ], [ 72.8482498, 19.0104693 ], [ 72.8482768, 19.0105341 ], [ 72.8485032, 19.0110384 ], [ 72.8489069, 19.0119372 ], [ 72.8492025, 19.0126053 ], [ 72.8492446, 19.0126874 ] ] } },
{ "type": "Feature", "properties": { "name": "Urban Corridor", "highway": "trunk_link", "slope_pct": 0.6 }, "geometry": { "type": "LineString", "coordinates": [ [ 72.846291, 19.0160624 ], [ 72.8462962, 19.016243 ], [ 72.8462732, 19.0163369 ], [ 72.8462268, 19.016433 ], [ 72.8461756, 19.0165214 ] ] } },
{ "type": "Feature", "properties": { "name": "Urban Corridor", "highway": "trunk_link", "slope_pct": 0.6 }, "geometry": { "type": "LineString", "coordinates": [ [ 72.8461406, 19.0165819 ], [ 72.8463155, 19.016571 ], [ 72.8464464, 19.0165748 ], [ 72.8465798, 19.0166113 ], [ 72.846746, 19.0166735 ] ] } },
{ "type": "Feature", "properties": { "name": "Urban Corridor", "highway": "tertiary", "slope_pct": 0.6 }, "geometry": { "type": "LineString", "coordinates": [ [ 72.8442604, 19.0052954 ], [ 72.8443088, 19.0052181 ] ] } },
{ "type": "Feature", "properties": { "name": "Urban Corridor", "highway": "tertiary", "slope_pct": 0.6 }, "geometry": { "type": "LineString", "coordinates": [ [ 72.8399303, 19.0054421 ], [ 72.8397643, 19.0056073 ] ] } },
{ "type": "Feature", "properties": { "name": "Urban Corridor", "highway": "tertiary", "slope_pct": 0.6 }, "geometry": { "type": "LineString", "coordinates": [ [ 72.8399303, 19.0054421 ], [ 72.8400516, 19.0053839 ], [ 72.8401578, 19.0053396 ] ] } },
{ "type": "Feature", "properties": { "name": "Urban Corridor", "highway": "trunk_link", "slope_pct": 0.6 }, "geometry": { "type": "LineString", "coordinates": [ [ 72.8394578, 19.005314 ], [ 72.8396381, 19.005153 ] ] } },
{ "type": "Feature", "properties": { "name": "G.D. Ambedkar Marg", "highway": "secondary", "slope_pct": 0.6 }, "geometry": { "type": "LineString", "coordinates": [ [ 72.8459171, 19.0058118 ], [ 72.8461653, 19.005886 ], [ 72.8461926, 19.0059077 ] ] } },
{ "type": "Feature", "properties": { "name": "Urban Corridor", "highway": "residential", "slope_pct": 0.6 }, "geometry": { "type": "LineString", "coordinates": [ [ 72.8455345, 19.0186491 ], [ 72.8458833, 19.0184149 ], [ 72.8462445, 19.0181725 ], [ 72.8464265, 19.0180503 ] ] } },
{ "type": "Feature", "properties": { "name": "Urban Corridor", "highway": "residential", "slope_pct": 0.6 }, "geometry": { "type": "LineString", "coordinates": [ [ 72.8376685, 19.0067163 ], [ 72.8377932, 19.0069549 ], [ 72.8378457, 19.0070552 ], [ 72.8378998, 19.0071988 ], [ 72.8379908, 19.0073199 ], [ 72.8380182, 19.0073563 ] ] } },
{ "type": "Feature", "properties": { "name": "Urban Corridor", "highway": "residential", "slope_pct": 0.6 }, "geometry": { "type": "LineString", "coordinates": [ [ 72.8397625, 19.0305042 ], [ 72.8395569, 19.0305189 ], [ 72.8394098, 19.030581 ], [ 72.8393098, 19.0304334 ] ] } },
{ "type": "Feature", "properties": { "name": "Urban Corridor", "highway": "residential", "slope_pct": 0.6 }, "geometry": { "type": "LineString", "coordinates": [ [ 72.8307179, 19.0165166 ], [ 72.8311825, 19.0169157 ] ] } },
{ "type": "Feature", "properties": { "name": "Urban Corridor", "highway": "residential", "slope_pct": 0.6 }, "geometry": { "type": "LineString", "coordinates": [ [ 72.8367784, 19.0172074 ], [ 72.8365526, 19.0172617 ], [ 72.8365343, 19.0172702 ], [ 72.8365286, 19.0172761 ], [ 72.8365265, 19.0172884 ], [ 72.8365651, 19.01741 ], [ 72.83657, 19.0174254 ], [ 72.8365811, 19.0174599 ] ] } },
{ "type": "Feature", "properties": { "name": "Urban Corridor", "highway": "residential", "slope_pct": 0.6 }, "geometry": { "type": "LineString", "coordinates": [ [ 72.8321891, 19.0144678 ], [ 72.8322707, 19.0143355 ], [ 72.8323005, 19.0142905 ], [ 72.8323657, 19.0142586 ], [ 72.8324349, 19.0142674 ], [ 72.8327475, 19.0144466 ] ] } },
{ "type": "Feature", "properties": { "name": "Urban Corridor", "highway": "residential", "slope_pct": 0.6 }, "geometry": { "type": "LineString", "coordinates": [ [ 72.8321164, 19.0146034 ], [ 72.8321891, 19.0144678 ] ] } },
{ "type": "Feature", "properties": { "name": "Urban Corridor", "highway": "residential", "slope_pct": 0.6 }, "geometry": { "type": "LineString", "coordinates": [ [ 72.8327475, 19.0144466 ], [ 72.8328145, 19.014485 ] ] } },
{ "type": "Feature", "properties": { "name": "Urban Corridor", "highway": "residential", "slope_pct": 0.6 }, "geometry": { "type": "LineString", "coordinates": [ [ 72.8357879, 19.0182612 ], [ 72.8361476, 19.0181569 ], [ 72.8363439, 19.0181 ] ] } },
{ "type": "Feature", "properties": { "name": "Urban Corridor", "highway": "residential", "slope_pct": 0.6 }, "geometry": { "type": "LineString", "coordinates": [ [ 72.8366561, 19.0174818 ], [ 72.8367556, 19.0177717 ] ] } },
{ "type": "Feature", "properties": { "name": "Urban Corridor", "highway": "residential", "slope_pct": 0.6 }, "geometry": { "type": "LineString", "coordinates": [ [ 72.836642, 19.0174407 ], [ 72.8366561, 19.0174818 ] ] } },
{ "type": "Feature", "properties": { "name": "Urban Corridor", "highway": "residential", "slope_pct": 0.6 }, "geometry": { "type": "LineString", "coordinates": [ [ 72.8364045, 19.0175128 ], [ 72.8364297, 19.0175802 ], [ 72.836437, 19.017598 ], [ 72.8365143, 19.0178006 ], [ 72.8365861, 19.0179889 ], [ 72.8365867, 19.017995 ], [ 72.8365855, 19.0180001 ], [ 72.8365805, 19.0180045 ], [ 72.8364813, 19.0180378 ], [ 72.836471, 19.0180385 ], [ 72.8364614, 19.0180336 ], [ 72.836455, 19.0180243 ], [ 72.8363898, 19.0178391 ], [ 72.8363189, 19.0176374 ], [ 72.8363104, 19.0176135 ], [ 72.8362867, 19.0175446 ] ] } },
{ "type": "Feature", "properties": { "name": "Urban Corridor", "highway": "residential", "slope_pct": 0.6 }, "geometry": { "type": "LineString", "coordinates": [ [ 72.8380437, 19.0181835 ], [ 72.8380417, 19.0182165 ], [ 72.8380382, 19.0182696 ], [ 72.8380124, 19.0186519 ] ] } },
{ "type": "Feature", "properties": { "name": "Raobahadur S.K. Bole Marg", "highway": "primary", "slope_pct": 0.6 }, "geometry": { "type": "LineString", "coordinates": [ [ 72.8402666, 19.0195413 ], [ 72.8391985, 19.0199593 ], [ 72.8386686, 19.0201401 ], [ 72.8385763, 19.0201419 ] ] } },
{ "type": "Feature", "properties": { "name": "SJ Joshi Marg", "highway": "residential", "slope_pct": 0.6 }, "geometry": { "type": "LineString", "coordinates": [ [ 72.8386998, 19.0190532 ], [ 72.8387203, 19.019239 ], [ 72.8387288, 19.0193115 ], [ 72.8387494, 19.0194877 ], [ 72.8387476, 19.0195167 ], [ 72.8387349, 19.0195366 ], [ 72.8387083, 19.0195531 ], [ 72.8386544, 19.0195828 ], [ 72.838632, 19.0196068 ], [ 72.8386277, 19.0196297 ], [ 72.8386266, 19.0196586 ], [ 72.8386284, 19.0196917 ], [ 72.8386327, 19.0197391 ], [ 72.8386386, 19.0198055 ], [ 72.8386686, 19.0201401 ] ] } },
{ "type": "Feature", "properties": { "name": "Urban Corridor", "highway": "residential", "slope_pct": 0.6 }, "geometry": { "type": "LineString", "coordinates": [ [ 72.8333966, 19.0242146 ], [ 72.8338155, 19.0239617 ] ] } },
{ "type": "Feature", "properties": { "name": "Urban Corridor", "highway": "residential", "slope_pct": 0.6 }, "geometry": { "type": "LineString", "coordinates": [ [ 72.8338155, 19.0239617 ], [ 72.8338979, 19.0239119 ] ] } },
{ "type": "Feature", "properties": { "name": "B J Deorukhkar Marg", "highway": "residential", "slope_pct": 0.6 }, "geometry": { "type": "LineString", "coordinates": [ [ 72.8475472, 19.0087983 ], [ 72.846846, 19.0090931 ] ] } },
{ "type": "Feature", "properties": { "name": "Urban Corridor", "highway": "residential", "slope_pct": 0.6 }, "geometry": { "type": "LineString", "coordinates": [ [ 72.8405587, 19.0234221 ], [ 72.8404963, 19.0232732 ] ] } },
{ "type": "Feature", "properties": { "name": "Telang Road", "highway": "residential", "slope_pct": 0.6 }, "geometry": { "type": "LineString", "coordinates": [ [ 72.850623, 19.0233611 ], [ 72.8503968, 19.0235277 ], [ 72.8507918, 19.0251382 ], [ 72.8512062, 19.0255757 ] ] } },
{ "type": "Feature", "properties": { "name": "Urban Corridor", "highway": "residential", "slope_pct": 0.6 }, "geometry": { "type": "LineString", "coordinates": [ [ 72.8514905, 19.0262628 ], [ 72.8514957, 19.0263834 ], [ 72.8515442, 19.0264886 ], [ 72.8516131, 19.026591 ], [ 72.8517335, 19.0266834 ], [ 72.8519025, 19.0267434 ] ] } },
{ "type": "Feature", "properties": { "name": "Baburao Parulekar Marg", "highway": "residential", "slope_pct": 0.6 }, "geometry": { "type": "LineString", "coordinates": [ [ 72.8349158, 19.0161764 ], [ 72.8350047, 19.0160909 ] ] } },
{ "type": "Feature", "properties": { "name": "Baburao Parulekar Marg", "highway": "residential", "slope_pct": 0.6 }, "geometry": { "type": "LineString", "coordinates": [ [ 72.8350047, 19.0160909 ], [ 72.8348704, 19.0160692 ] ] } },
{ "type": "Feature", "properties": { "name": "Urban Corridor", "highway": "residential", "slope_pct": 0.6 }, "geometry": { "type": "LineString", "coordinates": [ [ 72.8347286, 19.016332 ], [ 72.8347886, 19.0163307 ], [ 72.8348282, 19.0163352 ], [ 72.8348767, 19.0163482 ] ] } },
{ "type": "Feature", "properties": { "name": "N.M. Kale Marg", "highway": "residential", "slope_pct": 0.6 }, "geometry": { "type": "LineString", "coordinates": [ [ 72.8348156, 19.0161973 ], [ 72.8347286, 19.016332 ] ] } },
{ "type": "Feature", "properties": { "name": "Kavi Keshavsut Flyover", "highway": "primary", "slope_pct": 0.6 }, "geometry": { "type": "LineString", "coordinates": [ [ 72.8410757, 19.0172673 ], [ 72.8410193, 19.017158 ] ] } },
{ "type": "Feature", "properties": { "name": "Kavi Keshavsut Flyover", "highway": "primary", "slope_pct": 0.6 }, "geometry": { "type": "LineString", "coordinates": [ [ 72.8409831, 19.01721 ], [ 72.8410757, 19.0172673 ] ] } },
{ "type": "Feature", "properties": { "name": "Urban Corridor", "highway": "residential", "slope_pct": 0.6 }, "geometry": { "type": "LineString", "coordinates": [ [ 72.8509741, 19.011253 ], [ 72.8511112, 19.0112534 ], [ 72.8515949, 19.0112548 ], [ 72.8516147, 19.0112467 ], [ 72.8516307, 19.0112316 ], [ 72.8516398, 19.0112092 ], [ 72.8516426, 19.0110194 ] ] } },
{ "type": "Feature", "properties": { "name": "Urban Corridor", "highway": "residential", "slope_pct": 0.6 }, "geometry": { "type": "LineString", "coordinates": [ [ 72.8475472, 19.0087983 ], [ 72.847628, 19.008764 ] ] } },
{ "type": "Feature", "properties": { "name": "Ranade Road", "highway": "tertiary", "slope_pct": 0.6 }, "geometry": { "type": "LineString", "coordinates": [ [ 72.8398476, 19.0213282 ], [ 72.8394162, 19.02165 ] ] } },
{ "type": "Feature", "properties": { "name": "Urban Corridor", "highway": "residential", "slope_pct": 0.6 }, "geometry": { "type": "LineString", "coordinates": [ [ 72.8254967, 19.0097577 ], [ 72.8254985, 19.0095062 ] ] } },
{ "type": "Feature", "properties": { "name": "Urban Corridor", "highway": "residential", "slope_pct": 0.6 }, "geometry": { "type": "LineString", "coordinates": [ [ 72.8433143, 19.0212949 ], [ 72.8432964, 19.0212621 ], [ 72.8432011, 19.0210872 ] ] } },
{ "type": "Feature", "properties": { "name": "Urban Corridor", "highway": "secondary_link", "slope_pct": 0.6 }, "geometry": { "type": "LineString", "coordinates": [ [ 72.8497042, 19.0133676 ], [ 72.8497697, 19.0133254 ] ] } },
{ "type": "Feature", "properties": { "name": "Tilak Bridge", "highway": "primary", "slope_pct": 0.6 }, "geometry": { "type": "LineString", "coordinates": [ [ 72.8434006, 19.0207077 ], [ 72.8438453, 19.0204191 ], [ 72.8439809, 19.0203312 ], [ 72.8440743, 19.0202706 ] ] } },
{ "type": "Feature", "properties": { "name": "Tilak Bridge", "highway": "primary", "slope_pct": 0.6 }, "geometry": { "type": "LineString", "coordinates": [ [ 72.8439452, 19.0202854 ], [ 72.8438129, 19.0203694 ], [ 72.8433646, 19.0206587 ] ] } },
{ "type": "Feature", "properties": { "name": "Tilak Bridge", "highway": "primary", "slope_pct": 0.6 }, "geometry": { "type": "LineString", "coordinates": [ [ 72.8440743, 19.0202706 ], [ 72.8441156, 19.0202421 ], [ 72.8456217, 19.0192683 ] ] } },
{ "type": "Feature", "properties": { "name": "Urban Corridor", "highway": "residential", "slope_pct": 0.6 }, "geometry": { "type": "LineString", "coordinates": [ [ 72.8439298, 19.0302122 ], [ 72.8443879, 19.0301015 ] ] } },
{ "type": "Feature", "properties": { "name": "Urban Corridor", "highway": "residential", "slope_pct": 0.6 }, "geometry": { "type": "LineString", "coordinates": [ [ 72.8470638, 19.0068339 ], [ 72.8471299, 19.0068127 ], [ 72.8474209, 19.0067338 ] ] } },
{ "type": "Feature", "properties": { "name": "Urban Corridor", "highway": "residential", "slope_pct": 0.6 }, "geometry": { "type": "LineString", "coordinates": [ [ 72.8293386, 19.0085697 ], [ 72.8292157, 19.0086024 ] ] } },
{ "type": "Feature", "properties": { "name": "Urban Corridor", "highway": "residential", "slope_pct": 0.6 }, "geometry": { "type": "LineString", "coordinates": [ [ 72.8348442, 19.019557 ], [ 72.8349665, 19.0197496 ], [ 72.8349846, 19.0197781 ], [ 72.835033, 19.0198559 ], [ 72.8350635, 19.0199008 ], [ 72.8352274, 19.020142 ] ] } },
{ "type": "Feature", "properties": { "name": "New Prabhadevi Marg", "highway": "tertiary", "slope_pct": 0.6 }, "geometry": { "type": "LineString", "coordinates": [ [ 72.8276301, 19.0140644 ], [ 72.8276218, 19.0142267 ] ] } },
{ "type": "Feature", "properties": { "name": "Urban Corridor", "highway": "residential", "slope_pct": 0.6 }, "geometry": { "type": "LineString", "coordinates": [ [ 72.8446119, 19.0076101 ], [ 72.8449483, 19.0078527 ] ] } },
{ "type": "Feature", "properties": { "name": "Urban Corridor", "highway": "residential", "slope_pct": 0.6 }, "geometry": { "type": "LineString", "coordinates": [ [ 72.829192, 19.0179596 ], [ 72.8294742, 19.0174096 ] ] } },
{ "type": "Feature", "properties": { "name": "Dr Babasaheb Ambedkar Marg (Vincent Road)", "highway": "trunk", "slope_pct": 0.6 }, "geometry": { "type": "LineString", "coordinates": [ [ 72.8453833, 19.0148214 ], [ 72.8454827, 19.014971 ] ] } },
{ "type": "Feature", "properties": { "name": "Urban Corridor", "highway": "residential", "slope_pct": 0.6 }, "geometry": { "type": "LineString", "coordinates": [ [ 72.8491392, 19.005272 ], [ 72.8491363, 19.0050779 ], [ 72.8491443, 19.0049666 ] ] } },
{ "type": "Feature", "properties": { "name": "Urban Corridor", "highway": "trunk_link", "slope_pct": 0.6 }, "geometry": { "type": "LineString", "coordinates": [ [ 72.8420602, 19.0094542 ], [ 72.8418546, 19.0095545 ] ] } },
{ "type": "Feature", "properties": { "name": "Dadasaheb Phalke Marg", "highway": "trunk_link", "slope_pct": 0.6 }, "geometry": { "type": "LineString", "coordinates": [ [ 72.841807, 19.0094917 ], [ 72.8416178, 19.0095818 ] ] } },
{ "type": "Feature", "properties": { "name": "Dadasaheb Phalke Marg", "highway": "trunk_link", "slope_pct": 0.6 }, "geometry": { "type": "LineString", "coordinates": [ [ 72.8416336, 19.0096484 ], [ 72.8417731, 19.0095875 ], [ 72.8418546, 19.0095545 ] ] } },
{ "type": "Feature", "properties": { "name": "Urban Corridor", "highway": "tertiary", "slope_pct": 0.6 }, "geometry": { "type": "LineString", "coordinates": [ [ 72.8416336, 19.0096484 ], [ 72.8416178, 19.0095818 ] ] } },
{ "type": "Feature", "properties": { "name": "Telang Road", "highway": "residential", "slope_pct": 0.6 }, "geometry": { "type": "LineString", "coordinates": [ [ 72.8512734, 19.0256466 ], [ 72.8516943, 19.026087 ], [ 72.851999, 19.0264134 ], [ 72.8521201, 19.0265554 ] ] } },
{ "type": "Feature", "properties": { "name": "Telang Road", "highway": "residential", "slope_pct": 0.6 }, "geometry": { "type": "LineString", "coordinates": [ [ 72.8512062, 19.0255757 ], [ 72.8512734, 19.0256466 ] ] } },
{ "type": "Feature", "properties": { "name": "Deodhar Road", "highway": "residential", "slope_pct": 0.6 }, "geometry": { "type": "LineString", "coordinates": [ [ 72.8512734, 19.0256466 ], [ 72.8504982, 19.0262748 ] ] } },
{ "type": "Feature", "properties": { "name": "Deodhar Road", "highway": "residential", "slope_pct": 0.6 }, "geometry": { "type": "LineString", "coordinates": [ [ 72.851349, 19.0255788 ], [ 72.8512734, 19.0256466 ] ] } },
{ "type": "Feature", "properties": { "name": "New Prabhadevi Marg", "highway": "secondary", "slope_pct": 0.6 }, "geometry": { "type": "LineString", "coordinates": [ [ 72.8289094, 19.0116692 ], [ 72.8289299, 19.0116567 ], [ 72.828945, 19.0116386 ], [ 72.8289531, 19.0116168 ], [ 72.8289533, 19.0115937 ], [ 72.8289455, 19.0115718 ], [ 72.8289306, 19.0115534 ], [ 72.8289101, 19.0115407 ], [ 72.8288864, 19.0115348 ], [ 72.828862, 19.0115366 ], [ 72.8288395, 19.0115459 ], [ 72.8288215, 19.0115615 ], [ 72.8288097, 19.0115818 ], [ 72.8288057, 19.0116046 ], [ 72.8288096, 19.0116274 ], [ 72.8288212, 19.0116477 ], [ 72.8288391, 19.0116634 ], [ 72.8288614, 19.0116728 ], [ 72.8288857, 19.0116748 ], [ 72.8289094, 19.0116692 ] ] } },
{ "type": "Feature", "properties": { "name": "Dr Babasaheb Ambedkar Marg (Vincent Road)", "highway": "trunk", "slope_pct": 0.6 }, "geometry": { "type": "LineString", "coordinates": [ [ 72.8507172, 19.0219372 ], [ 72.850841, 19.0221052 ] ] } },
{ "type": "Feature", "properties": { "name": "Dr Babasaheb Ambedkar Marg (Vincent Road)", "highway": "trunk", "slope_pct": 0.6 }, "geometry": { "type": "LineString", "coordinates": [ [ 72.8510831, 19.0219392 ], [ 72.8509738, 19.0217909 ] ] } },
{ "type": "Feature", "properties": { "name": "Urban Corridor", "highway": "residential", "slope_pct": 0.6 }, "geometry": { "type": "LineString", "coordinates": [ [ 72.825577, 19.0062545 ], [ 72.8255785, 19.0063492 ] ] } },
{ "type": "Feature", "properties": { "name": "Urban Corridor", "highway": "secondary_link", "slope_pct": 0.6 }, "geometry": { "type": "LineString", "coordinates": [ [ 72.8280372, 19.0063128 ], [ 72.828037, 19.0062353 ] ] } },
{ "type": "Feature", "properties": { "name": "Raobahadur S.K. Bole Marg", "highway": "primary", "slope_pct": 0.6 }, "geometry": { "type": "LineString", "coordinates": [ [ 72.8361502, 19.018842 ], [ 72.8360462, 19.018829 ] ] } },
{ "type": "Feature", "properties": { "name": "Urban Corridor", "highway": "residential", "slope_pct": 0.6 }, "geometry": { "type": "LineString", "coordinates": [ [ 72.8280467, 19.0053995 ], [ 72.8281188, 19.0052498 ], [ 72.8281446, 19.0051643 ], [ 72.828149, 19.0050569 ], [ 72.8281168, 19.0049512 ], [ 72.8280408, 19.0048599 ], [ 72.8279344, 19.0048092 ], [ 72.8278272, 19.0047866 ], [ 72.8277151, 19.004779 ] ] } },
{ "type": "Feature", "properties": { "name": "Swatantrya Veer Savarkar Marg", "highway": "secondary", "slope_pct": 0.6 }, "geometry": { "type": "LineString", "coordinates": [ [ 72.8378819, 19.0293116 ], [ 72.8381662, 19.0298187 ], [ 72.8383575, 19.0301723 ], [ 72.8383981, 19.0302546 ], [ 72.8384121, 19.0302829 ], [ 72.8384269, 19.0303151 ], [ 72.8384695, 19.0304082 ], [ 72.8385922, 19.030859 ], [ 72.8386106, 19.0311442 ], [ 72.8386258, 19.0313049 ], [ 72.8386369, 19.0314026 ], [ 72.8386302, 19.031849 ], [ 72.8386211, 19.0320461 ] ] } },
{ "type": "Feature", "properties": { "name": "Swatantrya Veer Savarkar Marg", "highway": "secondary", "slope_pct": 0.6 }, "geometry": { "type": "LineString", "coordinates": [ [ 72.8377237, 19.0290397 ], [ 72.8378819, 19.0293116 ] ] } },
{ "type": "Feature", "properties": { "name": "Swatantrya Veer Savarkar Marg", "highway": "secondary", "slope_pct": 0.6 }, "geometry": { "type": "LineString", "coordinates": [ [ 72.8384989, 19.0302284 ], [ 72.8384829, 19.0301997 ], [ 72.8384436, 19.030129 ], [ 72.8382575, 19.0297666 ], [ 72.8379836, 19.0292478 ] ] } },
{ "type": "Feature", "properties": { "name": "Keluskar Road North", "highway": "residential", "slope_pct": 0.6 }, "geometry": { "type": "LineString", "coordinates": [ [ 72.8382214, 19.0291103 ], [ 72.8379836, 19.0292478 ] ] } },
{ "type": "Feature", "properties": { "name": "Swatantrya Veer Savarkar Marg", "highway": "secondary", "slope_pct": 0.6 }, "geometry": { "type": "LineString", "coordinates": [ [ 72.8379836, 19.0292478 ], [ 72.8378221, 19.0289695 ] ] } },
{ "type": "Feature", "properties": { "name": "Swatantrya Veer Savarkar Marg", "highway": "primary", "slope_pct": 0.6 }, "geometry": { "type": "LineString", "coordinates": [ [ 72.8302422, 19.0174393 ], [ 72.8304062, 19.0176374 ] ] } },
{ "type": "Feature", "properties": { "name": "Swatantrya Veer Savarkar Marg", "highway": "primary", "slope_pct": 0.6 }, "geometry": { "type": "LineString", "coordinates": [ [ 72.8305232, 19.0175589 ], [ 72.830407, 19.0174253 ], [ 72.8303573, 19.0173682 ] ] } },
{ "type": "Feature", "properties": { "name": "Raobahadur S.K. Bole Marg", "highway": "primary", "slope_pct": 0.6 }, "geometry": { "type": "LineString", "coordinates": [ [ 72.8310326, 19.0176792 ], [ 72.8306886, 19.017598 ] ] } },
{ "type": "Feature", "properties": { "name": "Dr Narayan Joshi Rd", "highway": "residential", "slope_pct": 0.6 }, "geometry": { "type": "LineString", "coordinates": [ [ 72.8378926, 19.0154996 ], [ 72.8381526, 19.0157936 ], [ 72.8382984, 19.0160084 ] ] } },
{ "type": "Feature", "properties": { "name": "Dr Narayan Joshi Rd", "highway": "residential", "slope_pct": 0.6 }, "geometry": { "type": "LineString", "coordinates": [ [ 72.8382984, 19.0160084 ], [ 72.8384814, 19.0162781 ] ] } },
{ "type": "Feature", "properties": { "name": "Tilak Road", "highway": "primary", "slope_pct": 0.6 }, "geometry": { "type": "LineString", "coordinates": [ [ 72.8484555, 19.0173923 ], [ 72.8483932, 19.0174305 ] ] } },
{ "type": "Feature", "properties": { "name": "Ranade Road", "highway": "tertiary", "slope_pct": 0.6 }, "geometry": { "type": "LineString", "coordinates": [ [ 72.8360355, 19.0253088 ], [ 72.8358579, 19.0254134 ] ] } },
{ "type": "Feature", "properties": { "name": "Swatantrya Veer Savarkar Marg", "highway": "secondary", "slope_pct": 0.6 }, "geometry": { "type": "LineString", "coordinates": [ [ 72.835778, 19.0252773 ], [ 72.8355208, 19.0248394 ], [ 72.8352582, 19.0243361 ], [ 72.8349367, 19.0236886 ], [ 72.8348, 19.0234134 ], [ 72.8346571, 19.0231255 ], [ 72.8345353, 19.0228803 ], [ 72.8344998, 19.0228129 ], [ 72.834419, 19.0226594 ], [ 72.8343444, 19.022535 ], [ 72.8329312, 19.020631 ], [ 72.8327775, 19.0204566 ], [ 72.8326971, 19.0203527 ], [ 72.8322861, 19.0198213 ] ] } },
{ "type": "Feature", "properties": { "name": "Swatantrya Veer Savarkar Marg", "highway": "secondary", "slope_pct": 0.6 }, "geometry": { "type": "LineString", "coordinates": [ [ 72.8357626, 19.0254641 ], [ 72.8359905, 19.0258653 ], [ 72.8362032, 19.0262395 ], [ 72.8363052, 19.0264257 ], [ 72.8366448, 19.0270453 ], [ 72.8370896, 19.0278912 ], [ 72.8371551, 19.0280111 ], [ 72.8373509, 19.0283683 ], [ 72.8373843, 19.028431 ], [ 72.8375367, 19.0287102 ], [ 72.8377237, 19.0290397 ] ] } },
{ "type": "Feature", "properties": { "name": "Swatantrya Veer Savarkar Marg", "highway": "primary", "slope_pct": 0.6 }, "geometry": { "type": "LineString", "coordinates": [ [ 72.82849, 19.0161307 ], [ 72.8287902, 19.0162865 ] ] } },
{ "type": "Feature", "properties": { "name": "Lakhamasi Nappu Road", "highway": "tertiary", "slope_pct": 0.6 }, "geometry": { "type": "LineString", "coordinates": [ [ 72.8455226, 19.0195774 ], [ 72.8456396, 19.019748 ], [ 72.8459059, 19.0201266 ], [ 72.8461775, 19.0205125 ], [ 72.846461, 19.0209154 ], [ 72.8469795, 19.0212631 ], [ 72.8472996, 19.0214778 ], [ 72.8475336, 19.0216347 ], [ 72.8482648, 19.0221249 ], [ 72.8484847, 19.0222724 ], [ 72.848979, 19.0227074 ], [ 72.8490183, 19.0227439 ], [ 72.8490459, 19.0227793 ], [ 72.84905, 19.022789 ], [ 72.8492036, 19.0229465 ], [ 72.8494652, 19.0233391 ], [ 72.849588, 19.0234989 ], [ 72.8497246, 19.0240388 ], [ 72.8497815, 19.0242917 ], [ 72.849921, 19.0247887 ], [ 72.8500865, 19.0255502 ] ] } },
{ "type": "Feature", "properties": { "name": "Lakhamasi Nappu Road", "highway": "tertiary", "slope_pct": 0.6 }, "geometry": { "type": "LineString", "coordinates": [ [ 72.8448319, 19.0186076 ], [ 72.8452541, 19.0192018 ] ] } },
{ "type": "Feature", "properties": { "name": "Appasaheb Marathe Marg", "highway": "primary", "slope_pct": 0.6 }, "geometry": { "type": "LineString", "coordinates": [ [ 72.8284124, 19.0131706 ], [ 72.8283337, 19.0131761 ], [ 72.8281647, 19.0130989 ], [ 72.8280661, 19.0130639 ] ] } },
{ "type": "Feature", "properties": { "name": "Appasaheb Marathe Marg", "highway": "primary", "slope_pct": 0.6 }, "geometry": { "type": "LineString", "coordinates": [ [ 72.8303882, 19.0142097 ], [ 72.8301867, 19.0140811 ], [ 72.8300822, 19.0140189 ], [ 72.8293899, 19.0136776 ], [ 72.8291844, 19.0135573 ], [ 72.8291167, 19.013525 ], [ 72.8285809, 19.0132554 ], [ 72.8284124, 19.0131706 ] ] } },
{ "type": "Feature", "properties": { "name": "New Prabhadevi Marg", "highway": "tertiary", "slope_pct": 0.6 }, "geometry": { "type": "LineString", "coordinates": [ [ 72.8280661, 19.0130639 ], [ 72.8280259, 19.0131105 ], [ 72.8279644, 19.0131886 ] ] } },
{ "type": "Feature", "properties": { "name": "Urban Corridor", "highway": "residential", "slope_pct": 0.6 }, "geometry": { "type": "LineString", "coordinates": [ [ 72.8482319, 19.0102077 ], [ 72.8482609, 19.010198 ], [ 72.8484017, 19.0101357 ], [ 72.8484693, 19.01012 ], [ 72.8488317, 19.0100821 ], [ 72.8495462, 19.0100073 ], [ 72.8495745, 19.0099842 ], [ 72.8495331, 19.0097268 ], [ 72.8495037, 19.0097085 ], [ 72.8490493, 19.0097703 ], [ 72.8490236, 19.0097894 ], [ 72.8490061, 19.0098355 ], [ 72.8489932, 19.0098538 ], [ 72.8488124, 19.0098682 ], [ 72.8484478, 19.0098973 ], [ 72.8484331, 19.0099155 ], [ 72.8484693, 19.01012 ] ] } },
{ "type": "Feature", "properties": { "name": "Urban Corridor", "highway": "residential", "slope_pct": 0.6 }, "geometry": { "type": "LineString", "coordinates": [ [ 72.8482889, 19.0096157 ], [ 72.8482542, 19.0096013 ], [ 72.8482392, 19.0095628 ], [ 72.8482156, 19.0093629 ], [ 72.8482252, 19.0093376 ], [ 72.8482714, 19.0093051 ], [ 72.8482821, 19.0092798 ], [ 72.8482703, 19.0091509 ], [ 72.8482907, 19.0091225 ], [ 72.8484484, 19.0091063 ], [ 72.8484741, 19.0091235 ], [ 72.8484988, 19.0092869 ], [ 72.8484023, 19.0095638 ], [ 72.8483776, 19.0095871 ], [ 72.8482889, 19.0096157 ], [ 72.8483043, 19.009746 ], [ 72.8483149, 19.0097916 ], [ 72.8484017, 19.0101357 ] ] } },
{ "type": "Feature", "properties": { "name": "Urban Corridor", "highway": "secondary_link", "slope_pct": 0.6 }, "geometry": { "type": "LineString", "coordinates": [ [ 72.8308491, 19.0094768 ], [ 72.8308175, 19.0094942 ], [ 72.8308015, 19.0095027 ], [ 72.8307534, 19.0095283 ] ] } },
{ "type": "Feature", "properties": { "name": "Urban Corridor", "highway": "residential", "slope_pct": 0.6 }, "geometry": { "type": "LineString", "coordinates": [ [ 72.8375458, 19.0113489 ], [ 72.8374708, 19.0114078 ], [ 72.837401, 19.0114626 ], [ 72.8372122, 19.011611 ], [ 72.8364943, 19.0121752 ], [ 72.836396, 19.0122525 ] ] } },
{ "type": "Feature", "properties": { "name": "Urban Corridor", "highway": "residential", "slope_pct": 0.6 }, "geometry": { "type": "LineString", "coordinates": [ [ 72.837401, 19.0114626 ], [ 72.8371788, 19.0111645 ], [ 72.8371767, 19.0111554 ], [ 72.837181, 19.0111473 ], [ 72.8375097, 19.0109493 ], [ 72.8375193, 19.0109479 ], [ 72.837527, 19.0109541 ], [ 72.8376934, 19.0111999 ] ] } },
{ "type": "Feature", "properties": { "name": "Lodha Adrina Concierge", "highway": "residential", "slope_pct": 0.6 }, "geometry": { "type": "LineString", "coordinates": [ [ 72.8302427, 19.0052576 ], [ 72.8302364, 19.0051992 ], [ 72.8301748, 19.0051415 ], [ 72.8301036, 19.0050973 ], [ 72.8299671, 19.0050861 ], [ 72.8298969, 19.0051056 ], [ 72.8298399, 19.0051333 ], [ 72.8297948, 19.005178 ], [ 72.829765, 19.0052369 ] ] } },
{ "type": "Feature", "properties": { "name": "Urban Corridor", "highway": "residential", "slope_pct": 0.6 }, "geometry": { "type": "LineString", "coordinates": [ [ 72.829736, 19.0052849 ], [ 72.82982, 19.0052633 ], [ 72.830242, 19.0052859 ], [ 72.8302427, 19.0052576 ] ] } },
{ "type": "Feature", "properties": { "name": "Urban Corridor", "highway": "residential", "slope_pct": 0.6 }, "geometry": { "type": "LineString", "coordinates": [ [ 72.8289866, 19.0049744 ], [ 72.8289445, 19.0050006 ], [ 72.8289337, 19.005058 ], [ 72.8289566, 19.005429 ], [ 72.8289491, 19.0054701 ], [ 72.8289101, 19.0055224 ], [ 72.8288577, 19.0055476 ], [ 72.8286556, 19.0056201 ] ] } },
{ "type": "Feature", "properties": { "name": "Senapati Bapat Marg", "highway": "primary", "slope_pct": 0.6 }, "geometry": { "type": "LineString", "coordinates": [ [ 72.8309253, 19.0050925 ], [ 72.8309569, 19.0051861 ] ] } },
{ "type": "Feature", "properties": { "name": "Senapati Bapat Marg", "highway": "primary", "slope_pct": 0.6 }, "geometry": { "type": "LineString", "coordinates": [ [ 72.830876, 19.0049613 ], [ 72.8308932, 19.005022 ], [ 72.8309253, 19.0050925 ] ] } },
{ "type": "Feature", "properties": { "name": "Senapati Bapat Marg", "highway": "primary", "slope_pct": 0.6 }, "geometry": { "type": "LineString", "coordinates": [ [ 72.8310695, 19.0049626 ], [ 72.8309469, 19.0047965 ] ] } },
{ "type": "Feature", "properties": { "name": "Raobahadur S.K. Bole Marg", "highway": "primary", "slope_pct": 0.6 }, "geometry": { "type": "LineString", "coordinates": [ [ 72.8355503, 19.0184959 ], [ 72.835599, 19.0185081 ], [ 72.8357847, 19.0185365 ] ] } },
{ "type": "Feature", "properties": { "name": "Gokhale Road", "highway": "primary", "slope_pct": 0.6 }, "geometry": { "type": "LineString", "coordinates": [ [ 72.835894, 19.0185126 ], [ 72.8358527, 19.0184236 ], [ 72.8357879, 19.0182612 ] ] } },
{ "type": "Feature", "properties": { "name": "Urban Corridor", "highway": "primary_link", "slope_pct": 0.6 }, "geometry": { "type": "LineString", "coordinates": [ [ 72.8307104, 19.004605 ], [ 72.8308382, 19.0045592 ] ] } },
{ "type": "Feature", "properties": { "name": "Urban Corridor", "highway": "residential", "slope_pct": 0.6 }, "geometry": { "type": "LineString", "coordinates": [ [ 72.8304254, 19.0043236 ], [ 72.8304887, 19.0042973 ], [ 72.830542, 19.004275 ] ] } },
{ "type": "Feature", "properties": { "name": "Urban Corridor", "highway": "residential", "slope_pct": 0.6 }, "geometry": { "type": "LineString", "coordinates": [ [ 72.8442383, 19.02906 ], [ 72.8440795, 19.0291092 ], [ 72.8439354, 19.0291658 ], [ 72.8438552, 19.029187 ], [ 72.843789, 19.0291832 ], [ 72.8437089, 19.0291444 ], [ 72.8435872, 19.0290779 ] ] } },
{ "type": "Feature", "properties": { "name": "Urban Corridor", "highway": "residential", "slope_pct": 0.6 }, "geometry": { "type": "LineString", "coordinates": [ [ 72.8506235, 19.0218044 ], [ 72.8505699, 19.0218357 ], [ 72.8503105, 19.0219869 ] ] } },
{ "type": "Feature", "properties": { "name": "Swatantrya Veer Savarkar Marg", "highway": "secondary", "slope_pct": 0.6 }, "geometry": { "type": "LineString", "coordinates": [ [ 72.8304062, 19.0176374 ], [ 72.8305136, 19.0177741 ] ] } },
{ "type": "Feature", "properties": { "name": "Raobahadur S.K. Bole Marg", "highway": "primary", "slope_pct": 0.6 }, "geometry": { "type": "LineString", "coordinates": [ [ 72.8306886, 19.017598 ], [ 72.8305232, 19.0175589 ] ] } },
{ "type": "Feature", "properties": { "name": "Swatantrya Veer Savarkar Marg", "highway": "primary", "slope_pct": 0.6 }, "geometry": { "type": "LineString", "coordinates": [ [ 72.8301253, 19.0172918 ], [ 72.8302422, 19.0174393 ] ] } },
{ "type": "Feature", "properties": { "name": "Urban Corridor", "highway": "residential", "slope_pct": 0.6 }, "geometry": { "type": "LineString", "coordinates": [ [ 72.8342577, 19.0229321 ], [ 72.8343517, 19.0228967 ], [ 72.8343851, 19.0228823 ], [ 72.8344206, 19.0228664 ] ] } },
{ "type": "Feature", "properties": { "name": "Urban Corridor", "highway": "residential", "slope_pct": 0.6 }, "geometry": { "type": "LineString", "coordinates": [ [ 72.8344206, 19.0228664 ], [ 72.8344998, 19.0228129 ] ] } },
{ "type": "Feature", "properties": { "name": "Urban Corridor", "highway": "residential", "slope_pct": 0.6 }, "geometry": { "type": "LineString", "coordinates": [ [ 72.8321548, 19.020342 ], [ 72.8323679, 19.020184 ], [ 72.8324188, 19.0201463 ] ] } },
{ "type": "Feature", "properties": { "name": "Urban Corridor", "highway": "residential", "slope_pct": 0.6 }, "geometry": { "type": "LineString", "coordinates": [ [ 72.8323703, 19.0205205 ], [ 72.8325277, 19.0203995 ], [ 72.8325874, 19.0203536 ] ] } },
{ "type": "Feature", "properties": { "name": "Urban Corridor", "highway": "residential", "slope_pct": 0.6 }, "geometry": { "type": "LineString", "coordinates": [ [ 72.843619, 19.0259726 ], [ 72.8437259, 19.0262688 ], [ 72.8437662, 19.0263906 ], [ 72.8437829, 19.0264431 ], [ 72.8438645, 19.0264917 ], [ 72.8438895, 19.0264107 ], [ 72.8438287, 19.0262436 ], [ 72.8437088, 19.0259346 ] ] } },
{ "type": "Feature", "properties": { "name": "Urban Corridor", "highway": "residential", "slope_pct": 0.6 }, "geometry": { "type": "LineString", "coordinates": [ [ 72.8438645, 19.0264917 ], [ 72.8439234, 19.0265369 ], [ 72.8439707, 19.0265754 ], [ 72.843994, 19.0266214 ], [ 72.8441055, 19.0269029 ] ] } },
{ "type": "Feature", "properties": { "name": "Urban Corridor", "highway": "residential", "slope_pct": 0.6 }, "geometry": { "type": "LineString", "coordinates": [ [ 72.8438645, 19.0264917 ], [ 72.8437042, 19.026528 ] ] } },
{ "type": "Feature", "properties": { "name": "Urban Corridor", "highway": "residential", "slope_pct": 0.6 }, "geometry": { "type": "LineString", "coordinates": [ [ 72.8253425, 19.0157906 ], [ 72.8253562, 19.0157521 ], [ 72.8254093, 19.0156025 ], [ 72.8254242, 19.0155784 ], [ 72.8254495, 19.01556 ], [ 72.8254746, 19.0155531 ], [ 72.8255101, 19.0155532 ], [ 72.8256845, 19.0156098 ], [ 72.8257167, 19.0156203 ] ] } },
{ "type": "Feature", "properties": { "name": "Urban Corridor", "highway": "residential", "slope_pct": 0.6 }, "geometry": { "type": "LineString", "coordinates": [ [ 72.8402687, 19.0289302 ], [ 72.8403659, 19.0290935 ], [ 72.840391, 19.0291357 ] ] } },
{ "type": "Feature", "properties": { "name": "Urban Corridor", "highway": "residential", "slope_pct": 0.6 }, "geometry": { "type": "LineString", "coordinates": [ [ 72.8415111, 19.0225124 ], [ 72.8412541, 19.0226244 ] ] } },
{ "type": "Feature", "properties": { "name": "Urban Corridor", "highway": "residential", "slope_pct": 0.6 }, "geometry": { "type": "LineString", "coordinates": [ [ 72.8351882, 19.0110118 ], [ 72.8359577, 19.0102139 ], [ 72.8360329, 19.0101263 ], [ 72.8362368, 19.0099038 ], [ 72.8365081, 19.0096146 ] ] } },
{ "type": "Feature", "properties": { "name": "Senapati Bapat Marg", "highway": "primary", "slope_pct": 0.6 }, "geometry": { "type": "LineString", "coordinates": [ [ 72.8307104, 19.004605 ], [ 72.8307903, 19.0047624 ], [ 72.830836, 19.0048523 ], [ 72.830876, 19.0049613 ] ] } },
{ "type": "Feature", "properties": { "name": "N M Joshi Marg", "highway": "secondary", "slope_pct": 0.6 }, "geometry": { "type": "LineString", "coordinates": [ [ 72.8309469, 19.0047965 ], [ 72.8309348, 19.0045432 ] ] } },
{ "type": "Feature", "properties": { "name": "N.M. Kale Marg", "highway": "tertiary", "slope_pct": 0.6 }, "geometry": { "type": "LineString", "coordinates": [ [ 72.832401, 19.0197316 ], [ 72.8322861, 19.0198213 ] ] } },
{ "type": "Feature", "properties": { "name": "Swatantrya Veer Savarkar Marg", "highway": "secondary", "slope_pct": 0.6 }, "geometry": { "type": "LineString", "coordinates": [ [ 72.8305136, 19.0177741 ], [ 72.8306136, 19.0179077 ], [ 72.8306598, 19.0179695 ], [ 72.830807, 19.0181664 ], [ 72.8309172, 19.0183159 ], [ 72.832065, 19.0196967 ], [ 72.8322146, 19.0198767 ] ] } },
{ "type": "Feature", "properties": { "name": "Swatantrya Veer Savarkar Marg", "highway": "secondary", "slope_pct": 0.6 }, "geometry": { "type": "LineString", "coordinates": [ [ 72.8322861, 19.0198213 ], [ 72.8321081, 19.0196141 ], [ 72.8311751, 19.0183888 ], [ 72.8309106, 19.0180654 ], [ 72.8308111, 19.0179353 ], [ 72.8307007, 19.017791 ], [ 72.8306119, 19.017675 ] ] } },
{ "type": "Feature", "properties": { "name": "Swatantrya Veer Savarkar Marg", "highway": "secondary", "slope_pct": 0.6 }, "geometry": { "type": "LineString", "coordinates": [ [ 72.8322146, 19.0198767 ], [ 72.8322366, 19.0199065 ], [ 72.832324, 19.0200246 ], [ 72.8323714, 19.0200855 ] ] } },
{ "type": "Feature", "properties": { "name": "Swatantrya Veer Savarkar Marg", "highway": "secondary", "slope_pct": 0.6 }, "geometry": { "type": "LineString", "coordinates": [ [ 72.8324188, 19.0201463 ], [ 72.8325874, 19.0203536 ], [ 72.8328455, 19.020676 ], [ 72.8329957, 19.0208689 ], [ 72.8342674, 19.0225635 ] ] } },
{ "type": "Feature", "properties": { "name": "Urban Corridor", "highway": "residential", "slope_pct": 0.6 }, "geometry": { "type": "LineString", "coordinates": [ [ 72.8380818, 19.0233429 ], [ 72.8383133, 19.0232407 ] ] } },
{ "type": "Feature", "properties": { "name": "Urban Corridor", "highway": "residential", "slope_pct": 0.6 }, "geometry": { "type": "LineString", "coordinates": [ [ 72.8307041, 19.013885 ], [ 72.8308281, 19.0139479 ], [ 72.8308666, 19.0139674 ], [ 72.8311305, 19.0141013 ] ] } },
{ "type": "Feature", "properties": { "name": "Urban Corridor", "highway": "residential", "slope_pct": 0.6 }, "geometry": { "type": "LineString", "coordinates": [ [ 72.8309638, 19.0144238 ], [ 72.8309961, 19.0143614 ], [ 72.8310115, 19.0143316 ], [ 72.8311384, 19.0141199 ], [ 72.8311305, 19.0141013 ] ] } },
{ "type": "Feature", "properties": { "name": "Urban Corridor", "highway": "residential", "slope_pct": 0.6 }, "geometry": { "type": "LineString", "coordinates": [ [ 72.8310014, 19.0144433 ], [ 72.831036, 19.0143806 ], [ 72.8310525, 19.0143506 ], [ 72.8310643, 19.0143293 ] ] } },
{ "type": "Feature", "properties": { "name": "Urban Corridor", "highway": "residential", "slope_pct": 0.6 }, "geometry": { "type": "LineString", "coordinates": [ [ 72.8308662, 19.0142558 ], [ 72.8308022, 19.0142243 ], [ 72.8307889, 19.0142127 ], [ 72.8307794, 19.0141946 ], [ 72.830775, 19.0141737 ], [ 72.830778, 19.0141515 ], [ 72.8308666, 19.0139674 ] ] } },
{ "type": "Feature", "properties": { "name": "Urban Corridor", "highway": "residential", "slope_pct": 0.6 }, "geometry": { "type": "LineString", "coordinates": [ [ 72.8309242, 19.0142911 ], [ 72.8310115, 19.0143316 ], [ 72.8310525, 19.0143506 ] ] } },
{ "type": "Feature", "properties": { "name": "Urban Corridor", "highway": "residential", "slope_pct": 0.6 }, "geometry": { "type": "LineString", "coordinates": [ [ 72.8306851, 19.0139182 ], [ 72.8306281, 19.0138875 ], [ 72.8305711, 19.0138568 ], [ 72.8303225, 19.0137228 ], [ 72.8303137, 19.0137137 ], [ 72.8303137, 19.0137033 ], [ 72.8303887, 19.0135733 ], [ 72.8303961, 19.0135691 ], [ 72.8304071, 19.0135684 ], [ 72.8306469, 19.0136922 ], [ 72.8306554, 19.0137012 ], [ 72.8306566, 19.0137101 ], [ 72.8306548, 19.0137168 ], [ 72.8305711, 19.0138568 ] ] } },
{ "type": "Feature", "properties": { "name": "Urban Corridor", "highway": "residential", "slope_pct": 0.6 }, "geometry": { "type": "LineString", "coordinates": [ [ 72.8307874, 19.0137357 ], [ 72.8303612, 19.0135117 ] ] } },
{ "type": "Feature", "properties": { "name": "Urban Corridor", "highway": "residential", "slope_pct": 0.6 }, "geometry": { "type": "LineString", "coordinates": [ [ 72.8308244, 19.0136696 ], [ 72.8307785, 19.013645 ], [ 72.8304678, 19.0134788 ], [ 72.8304489, 19.0134584 ], [ 72.8304401, 19.0134313 ], [ 72.8304423, 19.0133986 ], [ 72.8304526, 19.013361 ], [ 72.8304717, 19.0133054 ], [ 72.8305033, 19.0132734 ], [ 72.8305482, 19.0132609 ], [ 72.8305967, 19.0132644 ] ] } },
{ "type": "Feature", "properties": { "name": "Urban Corridor", "highway": "residential", "slope_pct": 0.6 }, "geometry": { "type": "LineString", "coordinates": [ [ 72.8307717, 19.0135632 ], [ 72.830805, 19.0135804 ], [ 72.8308588, 19.013608 ] ] } },
{ "type": "Feature", "properties": { "name": "Urban Corridor", "highway": "primary_link", "slope_pct": 0.6 }, "geometry": { "type": "LineString", "coordinates": [ [ 72.8343292, 19.0103544 ], [ 72.8344508, 19.0102191 ] ] } },
{ "type": "Feature", "properties": { "name": "Tilak Bridge", "highway": "primary", "slope_pct": 0.6 }, "geometry": { "type": "LineString", "coordinates": [ [ 72.8440393, 19.0202232 ], [ 72.8439452, 19.0202854 ] ] } },
{ "type": "Feature", "properties": { "name": "Lakhamasi Nappu Road", "highway": "tertiary", "slope_pct": 0.6 }, "geometry": { "type": "LineString", "coordinates": [ [ 72.8452541, 19.0192018 ], [ 72.8452564, 19.019297 ] ] } },
{ "type": "Feature", "properties": { "name": "Urban Corridor", "highway": "residential", "slope_pct": 0.6 }, "geometry": { "type": "LineString", "coordinates": [ [ 72.8281102, 19.0164603 ], [ 72.8280022, 19.0166377 ], [ 72.8279919, 19.0166425 ], [ 72.8279845, 19.0166425 ], [ 72.8279742, 19.0166404 ], [ 72.8277521, 19.0165201 ], [ 72.8277448, 19.0165118 ], [ 72.8277426, 19.0164993 ], [ 72.8277462, 19.0164882 ], [ 72.8278404, 19.0163303 ], [ 72.8278514, 19.0163241 ], [ 72.8278646, 19.0163227 ], [ 72.8278784, 19.0163274 ], [ 72.8281102, 19.0164603 ], [ 72.828193, 19.0165078 ], [ 72.8284645, 19.0166636 ], [ 72.8284873, 19.0166766 ], [ 72.8285383, 19.0167056 ] ] } },
{ "type": "Feature", "properties": { "name": "Urban Corridor", "highway": "residential", "slope_pct": 0.6 }, "geometry": { "type": "LineString", "coordinates": [ [ 72.828193, 19.0165078 ], [ 72.828089, 19.0166808 ], [ 72.8280824, 19.0166996 ], [ 72.8280838, 19.0167149 ], [ 72.8280963, 19.0167246 ], [ 72.8283287, 19.016854 ], [ 72.8283449, 19.016854 ], [ 72.8283567, 19.0168463 ], [ 72.8284645, 19.0166636 ] ] } },
{ "type": "Feature", "properties": { "name": "Urban Corridor", "highway": "residential", "slope_pct": 0.6 }, "geometry": { "type": "LineString", "coordinates": [ [ 72.8276363, 19.0166853 ], [ 72.8275941, 19.0167504 ], [ 72.8275941, 19.0167796 ], [ 72.827604, 19.0168221 ], [ 72.8276096, 19.0168526 ], [ 72.8276012, 19.0168938 ], [ 72.8275941, 19.0169257 ], [ 72.8275941, 19.0169575 ], [ 72.827618, 19.0169881 ], [ 72.8277283, 19.0170473 ], [ 72.8279024, 19.0171407 ], [ 72.828066, 19.0172284 ], [ 72.8281391, 19.0172677 ], [ 72.8281855, 19.0172926 ] ] } },
{ "type": "Feature", "properties": { "name": "Urban Corridor", "highway": "residential", "slope_pct": 0.6 }, "geometry": { "type": "LineString", "coordinates": [ [ 72.8277283, 19.0170473 ], [ 72.8277898, 19.0169474 ], [ 72.8278023, 19.0169418 ], [ 72.8278185, 19.0169453 ], [ 72.8279597, 19.0170148 ], [ 72.8279678, 19.0170253 ], [ 72.8279678, 19.0170371 ], [ 72.8279024, 19.0171407 ] ] } },
{ "type": "Feature", "properties": { "name": "Urban Corridor", "highway": "residential", "slope_pct": 0.6 }, "geometry": { "type": "LineString", "coordinates": [ [ 72.828066, 19.0172284 ], [ 72.8281105, 19.0171553 ] ] } },
{ "type": "Feature", "properties": { "name": "Urban Corridor", "highway": "residential", "slope_pct": 0.6 }, "geometry": { "type": "LineString", "coordinates": [ [ 72.8281295, 19.0173859 ], [ 72.8281435, 19.0173937 ], [ 72.8284656, 19.0175695 ], [ 72.8284796, 19.0175751 ], [ 72.8284914, 19.0175751 ], [ 72.8284994, 19.0175702 ], [ 72.8285752, 19.0174478 ], [ 72.8285767, 19.0174381 ], [ 72.8285708, 19.0174311 ], [ 72.8282492, 19.0172399 ], [ 72.8282256, 19.0172259 ] ] } },
{ "type": "Feature", "properties": { "name": "Urban Corridor", "highway": "residential", "slope_pct": 0.6 }, "geometry": { "type": "LineString", "coordinates": [ [ 72.8274766, 19.0187902 ], [ 72.8272786, 19.0189854 ], [ 72.8272724, 19.0189983 ], [ 72.8272782, 19.0190195 ], [ 72.8273717, 19.0191069 ], [ 72.8273879, 19.0191069 ], [ 72.8274057, 19.0190957 ], [ 72.8275911, 19.0189196 ], [ 72.8275941, 19.0189015 ], [ 72.8275845, 19.0188841 ], [ 72.8274943, 19.0188016 ], [ 72.8274766, 19.0187902 ], [ 72.8273834, 19.0187299 ], [ 72.8273411, 19.0187025 ] ] } },
{ "type": "Feature", "properties": { "name": "Urban Corridor", "highway": "residential", "slope_pct": 0.6 }, "geometry": { "type": "LineString", "coordinates": [ [ 72.8274584, 19.0185025 ], [ 72.8275032, 19.0185264 ], [ 72.8275329, 19.0185424 ], [ 72.8278576, 19.0187162 ], [ 72.8278642, 19.018719 ], [ 72.8278688, 19.0187185 ], [ 72.8278724, 19.0187145 ], [ 72.82796, 19.0185678 ], [ 72.8279607, 19.0185602 ], [ 72.8279549, 19.0185498 ], [ 72.8276339, 19.0183697 ], [ 72.8276044, 19.018354 ], [ 72.8275614, 19.0183311 ] ] } },
{ "type": "Feature", "properties": { "name": "Urban Corridor", "highway": "residential", "slope_pct": 0.6 }, "geometry": { "type": "LineString", "coordinates": [ [ 72.8275329, 19.0185424 ], [ 72.8276339, 19.0183697 ] ] } },
{ "type": "Feature", "properties": { "name": "Urban Corridor", "highway": "residential", "slope_pct": 0.6 }, "geometry": { "type": "LineString", "coordinates": [ [ 72.8277283, 19.0182586 ], [ 72.82778, 19.0181735 ], [ 72.8278401, 19.0180745 ], [ 72.8278489, 19.0180696 ], [ 72.8278644, 19.0180682 ], [ 72.8278754, 19.0180717 ], [ 72.8280694, 19.0181657 ], [ 72.828076, 19.0181704 ], [ 72.828079, 19.0181784 ], [ 72.8280787, 19.0181839 ], [ 72.8279712, 19.0183831 ], [ 72.8279666, 19.0183871 ], [ 72.8279597, 19.0183878 ], [ 72.8279527, 19.0183871 ], [ 72.8277313, 19.0182804 ], [ 72.8277263, 19.0182764 ], [ 72.8277243, 19.0182717 ], [ 72.8277236, 19.0182673 ], [ 72.8277283, 19.0182586 ] ] } },
{ "type": "Feature", "properties": { "name": "Urban Corridor", "highway": "residential", "slope_pct": 0.6 }, "geometry": { "type": "LineString", "coordinates": [ [ 72.82778, 19.0181735 ], [ 72.8277504, 19.0181582 ], [ 72.8276853, 19.0181249 ] ] } },
{ "type": "Feature", "properties": { "name": "Urban Corridor", "highway": "residential", "slope_pct": 0.6 }, "geometry": { "type": "LineString", "coordinates": [ [ 72.8284318, 19.0177875 ], [ 72.828329, 19.0177344 ], [ 72.8281135, 19.0176231 ], [ 72.8280988, 19.0176231 ], [ 72.8280878, 19.0176273 ], [ 72.8279686, 19.0178338 ], [ 72.8279613, 19.0178477 ], [ 72.8279627, 19.0178602 ], [ 72.8279693, 19.0178678 ], [ 72.8281775, 19.0179673 ], [ 72.828187, 19.0179673 ], [ 72.8281951, 19.0179631 ], [ 72.8282018, 19.0179555 ], [ 72.828329, 19.0177344 ] ] } },
{ "type": "Feature", "properties": { "name": "Urban Corridor", "highway": "residential", "slope_pct": 0.6 }, "geometry": { "type": "LineString", "coordinates": [ [ 72.8324952, 19.017196 ], [ 72.8325213, 19.0171599 ], [ 72.8328059, 19.0167677 ], [ 72.8328288, 19.0167361 ] ] } },
{ "type": "Feature", "properties": { "name": "Urban Corridor", "highway": "residential", "slope_pct": 0.6 }, "geometry": { "type": "LineString", "coordinates": [ [ 72.8328418, 19.0165944 ], [ 72.8328184, 19.0166898 ], [ 72.8328139, 19.0167144 ], [ 72.8328288, 19.0167361 ], [ 72.8328854, 19.016781 ], [ 72.8330155, 19.01688 ], [ 72.8330996, 19.0169448 ] ] } },
{ "type": "Feature", "properties": { "name": "Urban Corridor", "highway": "residential", "slope_pct": 0.6 }, "geometry": { "type": "LineString", "coordinates": [ [ 72.8326089, 19.0171984 ], [ 72.832663, 19.0172303 ], [ 72.8327398, 19.0172756 ], [ 72.8327531, 19.0172797 ], [ 72.8327678, 19.0172797 ], [ 72.8327803, 19.017277 ], [ 72.8327979, 19.0172658 ], [ 72.8328272, 19.0172263 ], [ 72.832903, 19.0171237 ], [ 72.8329715, 19.017031 ], [ 72.8330046, 19.0169863 ], [ 72.833009, 19.0169717 ], [ 72.833009, 19.0169592 ], [ 72.8330061, 19.0169488 ], [ 72.8329818, 19.0169251 ], [ 72.8328475, 19.016829 ] ] } },
{ "type": "Feature", "properties": { "name": "Urban Corridor", "highway": "residential", "slope_pct": 0.6 }, "geometry": { "type": "LineString", "coordinates": [ [ 72.8328435, 19.016834 ], [ 72.8328475, 19.016829 ], [ 72.8328664, 19.016805 ], [ 72.8328854, 19.016781 ] ] } },
{ "type": "Feature", "properties": { "name": "Urban Corridor", "highway": "residential", "slope_pct": 0.6 }, "geometry": { "type": "LineString", "coordinates": [ [ 72.8326262, 19.0172819 ], [ 72.8326401, 19.0172623 ], [ 72.832663, 19.0172303 ] ] } },
{ "type": "Feature", "properties": { "name": "Urban Corridor", "highway": "residential", "slope_pct": 0.6 }, "geometry": { "type": "LineString", "coordinates": [ [ 72.8328272, 19.0172263 ], [ 72.8328629, 19.0172476 ], [ 72.8328985, 19.0172689 ] ] } },
{ "type": "Feature", "properties": { "name": "Urban Corridor", "highway": "residential", "slope_pct": 0.6 }, "geometry": { "type": "LineString", "coordinates": [ [ 72.832903, 19.0171237 ], [ 72.832934, 19.0171427 ], [ 72.8329651, 19.0171617 ] ] } },
{ "type": "Feature", "properties": { "name": "Urban Corridor", "highway": "residential", "slope_pct": 0.6 }, "geometry": { "type": "LineString", "coordinates": [ [ 72.8329715, 19.017031 ], [ 72.8329976, 19.0170492 ], [ 72.8330236, 19.0170673 ] ] } },
{ "type": "Feature", "properties": { "name": "Urban Corridor", "highway": "residential", "slope_pct": 0.6 }, "geometry": { "type": "LineString", "coordinates": [ [ 72.8329818, 19.0169251 ], [ 72.8329987, 19.0169026 ], [ 72.8330155, 19.01688 ] ] } },
{ "type": "Feature", "properties": { "name": "Urban Corridor", "highway": "residential", "slope_pct": 0.6 }, "geometry": { "type": "LineString", "coordinates": [ [ 72.8324342, 19.016341 ], [ 72.8323905, 19.0163892 ], [ 72.8323667, 19.0164153 ], [ 72.8321986, 19.0166001 ], [ 72.832189, 19.0166064 ], [ 72.8321765, 19.0166064 ], [ 72.8321626, 19.0166029 ], [ 72.832142, 19.0165827 ], [ 72.8320809, 19.0164896 ], [ 72.8320787, 19.0164791 ], [ 72.8320787, 19.016468 ], [ 72.8320839, 19.0164562 ], [ 72.8322045, 19.0163122 ], [ 72.8322133, 19.016306 ], [ 72.8322214, 19.016306 ], [ 72.832231, 19.0163095 ], [ 72.8323667, 19.0164153 ] ] } },
{ "type": "Feature", "properties": { "name": "Urban Corridor", "highway": "residential", "slope_pct": 0.6 }, "geometry": { "type": "LineString", "coordinates": [ [ 72.8273631, 19.0173532 ], [ 72.8276409, 19.0175005 ], [ 72.8277757, 19.0175702 ], [ 72.82779, 19.017573 ], [ 72.8278045, 19.0175673 ], [ 72.8279694, 19.0173052 ] ] } },
{ "type": "Feature", "properties": { "name": "Urban Corridor", "highway": "residential", "slope_pct": 0.6 }, "geometry": { "type": "LineString", "coordinates": [ [ 72.8269553, 19.0185162 ], [ 72.826909, 19.018599 ], [ 72.8269064, 19.018615 ], [ 72.826909, 19.0186279 ], [ 72.8269165, 19.0186372 ], [ 72.8270144, 19.018689 ], [ 72.8270265, 19.0186921 ], [ 72.8270382, 19.0186899 ], [ 72.8270448, 19.018685 ], [ 72.8271058, 19.0185889 ] ] } },
{ "type": "Feature", "properties": { "name": "Urban Corridor", "highway": "residential", "slope_pct": 0.6 }, "geometry": { "type": "LineString", "coordinates": [ [ 72.827251, 19.018659 ], [ 72.8270618, 19.0190215 ], [ 72.8270501, 19.0190281 ], [ 72.8270356, 19.0190277 ], [ 72.8270234, 19.0190255 ], [ 72.8269107, 19.0189619 ], [ 72.826771, 19.0188833 ], [ 72.8266584, 19.0188198 ], [ 72.8266477, 19.0188055 ], [ 72.8266477, 19.0187886 ], [ 72.8266486, 19.0187734 ], [ 72.8267785, 19.0185046 ] ] } },
{ "type": "Feature", "properties": { "name": "Urban Corridor", "highway": "residential", "slope_pct": 0.6 }, "geometry": { "type": "LineString", "coordinates": [ [ 72.826771, 19.0188833 ], [ 72.8268077, 19.0188182 ], [ 72.826822, 19.0188089 ], [ 72.8268426, 19.018808 ], [ 72.8269391, 19.0188553 ], [ 72.8269534, 19.0188714 ], [ 72.8269525, 19.0188917 ], [ 72.8269107, 19.0189619 ] ] } },
{ "type": "Feature", "properties": { "name": "Urban Corridor", "highway": "residential", "slope_pct": 0.6 }, "geometry": { "type": "LineString", "coordinates": [ [ 72.8261132, 19.0181754 ], [ 72.8259732, 19.0184334 ], [ 72.8261132, 19.0185054 ], [ 72.8261235, 19.0185045 ], [ 72.8261328, 19.0184978 ], [ 72.826269, 19.0182551 ] ] } },
{ "type": "Feature", "properties": { "name": "Urban Corridor", "highway": "residential", "slope_pct": 0.6 }, "geometry": { "type": "LineString", "coordinates": [ [ 72.8256962, 19.0178783 ], [ 72.8255196, 19.0181918 ], [ 72.8255168, 19.0182055 ], [ 72.8255172, 19.0182179 ], [ 72.8255266, 19.018229 ], [ 72.8255406, 19.0182374 ], [ 72.8256492, 19.0182934 ], [ 72.8258066, 19.0183748 ], [ 72.8259428, 19.0184451 ], [ 72.8259545, 19.0184464 ], [ 72.8259662, 19.0184429 ], [ 72.8259732, 19.0184334 ] ] } },
{ "type": "Feature", "properties": { "name": "Urban Corridor", "highway": "residential", "slope_pct": 0.6 }, "geometry": { "type": "LineString", "coordinates": [ [ 72.8256492, 19.0182934 ], [ 72.8257096, 19.0181903 ], [ 72.8257175, 19.018185 ], [ 72.8257278, 19.0181832 ], [ 72.8257405, 19.0181877 ], [ 72.8258566, 19.0182487 ], [ 72.8258655, 19.0182572 ], [ 72.8258669, 19.0182651 ], [ 72.8258641, 19.0182744 ], [ 72.8258066, 19.0183748 ] ] } },
{ "type": "Feature", "properties": { "name": "Urban Corridor", "highway": "residential", "slope_pct": 0.6 }, "geometry": { "type": "LineString", "coordinates": [ [ 72.8258691, 19.0180496 ], [ 72.8259426, 19.0179277 ] ] } },
{ "type": "Feature", "properties": { "name": "Urban Corridor", "highway": "residential", "slope_pct": 0.6 }, "geometry": { "type": "LineString", "coordinates": [ [ 72.8257825, 19.0180091 ], [ 72.8258691, 19.0180496 ], [ 72.8259445, 19.0180848 ] ] } },
{ "type": "Feature", "properties": { "name": "Urban Corridor", "highway": "residential", "slope_pct": 0.6 }, "geometry": { "type": "LineString", "coordinates": [ [ 72.8269515, 19.0183975 ], [ 72.827071, 19.018457 ], [ 72.8271541, 19.0184983 ] ] } },
{ "type": "Feature", "properties": { "name": "Urban Corridor", "highway": "residential", "slope_pct": 0.6 }, "geometry": { "type": "LineString", "coordinates": [ [ 72.827071, 19.018457 ], [ 72.8270993, 19.0184058 ] ] } },
{ "type": "Feature", "properties": { "name": "Urban Corridor", "highway": "residential", "slope_pct": 0.6 }, "geometry": { "type": "LineString", "coordinates": [ [ 72.8262974, 19.0182696 ], [ 72.8263446, 19.0181834 ], [ 72.8263492, 19.0181795 ], [ 72.8263546, 19.0181771 ], [ 72.8263603, 19.0181767 ], [ 72.8263672, 19.0181782 ], [ 72.8264599, 19.0182259 ], [ 72.8264645, 19.0182298 ], [ 72.826466, 19.0182344 ], [ 72.8264657, 19.0182402 ], [ 72.8264635, 19.018246 ], [ 72.8264147, 19.0183296 ] ] } },
{ "type": "Feature", "properties": { "name": "Urban Corridor", "highway": "residential", "slope_pct": 0.6 }, "geometry": { "type": "LineString", "coordinates": [ [ 72.8265108, 19.0183787 ], [ 72.8265622, 19.0182866 ], [ 72.8265669, 19.0182821 ], [ 72.8265724, 19.0182798 ], [ 72.8265798, 19.0182797 ], [ 72.8265884, 19.0182817 ], [ 72.8266815, 19.0183296 ], [ 72.8266869, 19.0183347 ], [ 72.8266891, 19.018341 ], [ 72.8266884, 19.018347 ], [ 72.8266857, 19.0183533 ], [ 72.8266331, 19.0184413 ] ] } },
{ "type": "Feature", "properties": { "name": "Urban Corridor", "highway": "residential", "slope_pct": 0.6 }, "geometry": { "type": "LineString", "coordinates": [ [ 72.8256952, 19.0177676 ], [ 72.825724, 19.0177821 ], [ 72.8257527, 19.0177965 ], [ 72.8259612, 19.0179016 ], [ 72.8259706, 19.0179029 ], [ 72.8259781, 19.0179007 ], [ 72.8260254, 19.0178215 ], [ 72.8260286, 19.0178135 ], [ 72.8260263, 19.0178051 ], [ 72.8258245, 19.0176993 ], [ 72.8258175, 19.0176975 ], [ 72.8258091, 19.0177006 ], [ 72.8257527, 19.0177965 ] ] } },
{ "type": "Feature", "properties": { "name": "Urban Corridor", "highway": "residential", "slope_pct": 0.6 }, "geometry": { "type": "LineString", "coordinates": [ [ 72.8262277, 19.017427 ], [ 72.8262105, 19.0174578 ], [ 72.8262063, 19.0174654 ], [ 72.8260562, 19.0177349 ], [ 72.8260455, 19.0177428 ], [ 72.8260347, 19.0177428 ], [ 72.8258741, 19.0176649 ], [ 72.8258671, 19.017657 ], [ 72.8258671, 19.017645 ], [ 72.8258732, 19.0176317 ], [ 72.8260192, 19.0173777 ], [ 72.8260233, 19.0173741 ], [ 72.8260282, 19.0173724 ], [ 72.8260333, 19.0173725 ], [ 72.8260397, 19.0173743 ], [ 72.8262063, 19.0174654 ] ] } },
{ "type": "Feature", "properties": { "name": "Urban Corridor", "highway": "residential", "slope_pct": 0.6 }, "geometry": { "type": "LineString", "coordinates": [ [ 72.8262875, 19.0174587 ], [ 72.8262688, 19.0174943 ], [ 72.8261331, 19.0177554 ], [ 72.8261298, 19.0177652 ], [ 72.8261317, 19.0177754 ], [ 72.8261424, 19.0177811 ], [ 72.8262674, 19.0178373 ], [ 72.8262773, 19.0178378 ], [ 72.8262885, 19.0178342 ], [ 72.826296, 19.0178263 ], [ 72.8264201, 19.0175846 ], [ 72.8264205, 19.0175766 ], [ 72.8264163, 19.017566 ], [ 72.8262688, 19.0174943 ] ] } },
{ "type": "Feature", "properties": { "name": "Urban Corridor", "highway": "residential", "slope_pct": 0.6 }, "geometry": { "type": "LineString", "coordinates": [ [ 72.8265869, 19.0176174 ], [ 72.8265693, 19.0176478 ], [ 72.8264303, 19.0178895 ], [ 72.826427, 19.0179006 ], [ 72.826427, 19.0179081 ], [ 72.8264336, 19.0179178 ], [ 72.8264424, 19.017924 ], [ 72.8265899, 19.0179993 ], [ 72.8265969, 19.0180015 ], [ 72.8266054, 19.0180019 ], [ 72.8266143, 19.0179975 ], [ 72.8266208, 19.0179878 ], [ 72.826765, 19.0177551 ], [ 72.8267851, 19.0177225 ] ] } },
{ "type": "Feature", "properties": { "name": "Urban Corridor", "highway": "residential", "slope_pct": 0.6 }, "geometry": { "type": "LineString", "coordinates": [ [ 72.8265693, 19.0176478 ], [ 72.826765, 19.0177551 ] ] } },
{ "type": "Feature", "properties": { "name": "Urban Corridor", "highway": "residential", "slope_pct": 0.6 }, "geometry": { "type": "LineString", "coordinates": [ [ 72.8266309, 19.0176407 ], [ 72.8267668, 19.0173912 ], [ 72.8267738, 19.0173837 ], [ 72.8267841, 19.0173824 ], [ 72.8267958, 19.0173846 ], [ 72.8269844, 19.0174844 ] ] } },
{ "type": "Feature", "properties": { "name": "Urban Corridor", "highway": "residential", "slope_pct": 0.6 }, "geometry": { "type": "LineString", "coordinates": [ [ 72.8266953, 19.0174015 ], [ 72.8266999, 19.0173889 ], [ 72.8266979, 19.0173749 ], [ 72.8266854, 19.0173613 ], [ 72.8266765, 19.0173551 ], [ 72.8264739, 19.0172609 ], [ 72.8264573, 19.0172588 ], [ 72.8264443, 19.0172609 ], [ 72.8264362, 19.0172674 ], [ 72.826322, 19.0174769 ] ] } },
{ "type": "Feature", "properties": { "name": "Urban Corridor", "highway": "residential", "slope_pct": 0.6 }, "geometry": { "type": "LineString", "coordinates": [ [ 72.8263852, 19.0169025 ], [ 72.8264338, 19.0169271 ], [ 72.8264529, 19.0169367 ], [ 72.8265714, 19.0169967 ], [ 72.8266761, 19.0170496 ], [ 72.8268341, 19.0171295 ], [ 72.8268379, 19.0171342 ], [ 72.8268395, 19.0171393 ], [ 72.8268382, 19.0171463 ], [ 72.8267262, 19.0173266 ], [ 72.8267188, 19.017331 ], [ 72.8267118, 19.0173314 ], [ 72.8267039, 19.01733 ], [ 72.8263673, 19.0171474 ], [ 72.8263535, 19.017138 ], [ 72.8263482, 19.0171268 ], [ 72.8263486, 19.017113 ], [ 72.8263533, 19.0170997 ], [ 72.8264529, 19.0169367 ] ] } },
{ "type": "Feature", "properties": { "name": "Urban Corridor", "highway": "residential", "slope_pct": 0.6 }, "geometry": { "type": "LineString", "coordinates": [ [ 72.8265714, 19.0169967 ], [ 72.8265331, 19.017051 ], [ 72.8265318, 19.0170545 ], [ 72.8265323, 19.0170589 ], [ 72.8265346, 19.0170616 ], [ 72.8266226, 19.0171102 ], [ 72.8266311, 19.0171117 ], [ 72.826636, 19.0171105 ], [ 72.8266396, 19.0171056 ], [ 72.8266761, 19.0170496 ] ] } },
{ "type": "Feature", "properties": { "name": "Urban Corridor", "highway": "residential", "slope_pct": 0.6 }, "geometry": { "type": "LineString", "coordinates": [ [ 72.8318859, 19.0208621 ], [ 72.8319446, 19.0209315 ], [ 72.8320847, 19.0210957 ], [ 72.832124, 19.0211438 ] ] } },
{ "type": "Feature", "properties": { "name": "Urban Corridor", "highway": "residential", "slope_pct": 0.6 }, "geometry": { "type": "LineString", "coordinates": [ [ 72.8319446, 19.0209315 ], [ 72.8320462, 19.0208564 ], [ 72.8320581, 19.020853 ], [ 72.8320686, 19.0208535 ], [ 72.8320773, 19.0208567 ], [ 72.8320837, 19.0208639 ], [ 72.8322044, 19.0210139 ], [ 72.8322444, 19.0210635 ] ] } },
{ "type": "Feature", "properties": { "name": "Urban Corridor", "highway": "residential", "slope_pct": 0.6 }, "geometry": { "type": "LineString", "coordinates": [ [ 72.8320887, 19.0211674 ], [ 72.832057, 19.0211275 ], [ 72.8319829, 19.021037 ], [ 72.8319781, 19.0210317 ], [ 72.8319729, 19.0210293 ], [ 72.831966, 19.0210293 ], [ 72.8317907, 19.0211497 ], [ 72.8317877, 19.0211585 ], [ 72.8317902, 19.0211673 ], [ 72.8318456, 19.0212285 ] ] } },
{ "type": "Feature", "properties": { "name": "Urban Corridor", "highway": "residential", "slope_pct": 0.6 }, "geometry": { "type": "LineString", "coordinates": [ [ 72.8329141, 19.0193302 ], [ 72.8329835, 19.0194169 ], [ 72.8330654, 19.0195192 ], [ 72.8330757, 19.0195239 ], [ 72.8330958, 19.0195211 ], [ 72.8332758, 19.0193975 ], [ 72.8332997, 19.0193811 ] ] } },
{ "type": "Feature", "properties": { "name": "Urban Corridor", "highway": "residential", "slope_pct": 0.6 }, "geometry": { "type": "LineString", "coordinates": [ [ 72.8330034, 19.017538 ], [ 72.8329662, 19.0175829 ], [ 72.8329517, 19.0176011 ], [ 72.8328612, 19.017709 ], [ 72.8328558, 19.0177188 ], [ 72.8328573, 19.0177276 ], [ 72.8328632, 19.0177364 ], [ 72.8330263, 19.0178376 ], [ 72.8330515, 19.0178532 ], [ 72.8330627, 19.0178565 ], [ 72.8330735, 19.0178523 ], [ 72.8331556, 19.0177393 ], [ 72.8331637, 19.0177282 ], [ 72.8332012, 19.0176789 ] ] } },
{ "type": "Feature", "properties": { "name": "Urban Corridor", "highway": "residential", "slope_pct": 0.6 }, "geometry": { "type": "LineString", "coordinates": [ [ 72.8327207, 19.0178781 ], [ 72.8328026, 19.0177804 ], [ 72.8328129, 19.0177762 ], [ 72.8328256, 19.0177762 ], [ 72.8329986, 19.0178723 ], [ 72.8330424, 19.0178953 ], [ 72.8330478, 19.0179046 ], [ 72.8330453, 19.0179125 ], [ 72.832958, 19.0180302 ] ] } },
{ "type": "Feature", "properties": { "name": "Urban Corridor", "highway": "residential", "slope_pct": 0.6 }, "geometry": { "type": "LineString", "coordinates": [ [ 72.8329986, 19.0178723 ], [ 72.8330263, 19.0178376 ] ] } },
{ "type": "Feature", "properties": { "name": "Urban Corridor", "highway": "residential", "slope_pct": 0.6 }, "geometry": { "type": "LineString", "coordinates": [ [ 72.8331556, 19.0177393 ], [ 72.8329723, 19.0176151 ] ] } },
{ "type": "Feature", "properties": { "name": "Urban Corridor", "highway": "residential", "slope_pct": 0.6 }, "geometry": { "type": "LineString", "coordinates": [ [ 72.8329839, 19.0180407 ], [ 72.8330703, 19.0179258 ], [ 72.8332032, 19.0177492 ], [ 72.8332369, 19.0177043 ] ] } },
{ "type": "Feature", "properties": { "name": "Urban Corridor", "highway": "residential", "slope_pct": 0.6 }, "geometry": { "type": "LineString", "coordinates": [ [ 72.8330703, 19.0179258 ], [ 72.8331795, 19.0179926 ], [ 72.8331913, 19.0179952 ], [ 72.8332031, 19.0179952 ], [ 72.8332139, 19.017993 ], [ 72.833224, 19.0179841 ], [ 72.8333276, 19.0178405 ], [ 72.8333617, 19.0177932 ] ] } },
{ "type": "Feature", "properties": { "name": "Urban Corridor", "highway": "residential", "slope_pct": 0.6 }, "geometry": { "type": "LineString", "coordinates": [ [ 72.8332547, 19.017717 ], [ 72.8332773, 19.0176866 ], [ 72.8332876, 19.0176727 ], [ 72.833385, 19.0175414 ], [ 72.8333923, 19.0175354 ], [ 72.8334002, 19.0175368 ], [ 72.8336743, 19.0177113 ], [ 72.8336917, 19.0177223 ], [ 72.8337769, 19.0177765 ] ] } },
{ "type": "Feature", "properties": { "name": "Urban Corridor", "highway": "residential", "slope_pct": 0.6 }, "geometry": { "type": "LineString", "coordinates": [ [ 72.8332876, 19.0176727 ], [ 72.833562, 19.0178409 ], [ 72.8335752, 19.0178441 ], [ 72.833585, 19.0178404 ], [ 72.8336743, 19.0177113 ] ] } },
{ "type": "Feature", "properties": { "name": "Urban Corridor", "highway": "residential", "slope_pct": 0.6 }, "geometry": { "type": "LineString", "coordinates": [ [ 72.8336384, 19.0169454 ], [ 72.8337718, 19.0168803 ], [ 72.8340592, 19.017145 ], [ 72.8341368, 19.0172096 ] ] } },
{ "type": "Feature", "properties": { "name": "Urban Corridor", "highway": "residential", "slope_pct": 0.6 }, "geometry": { "type": "LineString", "coordinates": [ [ 72.8335458, 19.0119813 ], [ 72.8337379, 19.0121364 ], [ 72.8338515, 19.0122355 ] ] } },
{ "type": "Feature", "properties": { "name": "Urban Corridor", "highway": "residential", "slope_pct": 0.6 }, "geometry": { "type": "LineString", "coordinates": [ [ 72.8334137, 19.0118456 ], [ 72.833338, 19.0118949 ], [ 72.8333313, 19.0119015 ], [ 72.833329, 19.0119092 ], [ 72.8333292, 19.0119157 ], [ 72.8333325, 19.0119215 ], [ 72.8333674, 19.0119605 ] ] } },
{ "type": "Feature", "properties": { "name": "Urban Corridor", "highway": "residential", "slope_pct": 0.6 }, "geometry": { "type": "LineString", "coordinates": [ [ 72.8336135, 19.0124927 ], [ 72.8339483, 19.0126446 ] ] } },
{ "type": "Feature", "properties": { "name": "Urban Corridor", "highway": "residential", "slope_pct": 0.6 }, "geometry": { "type": "LineString", "coordinates": [ [ 72.8347168, 19.0136833 ], [ 72.8345825, 19.0137501 ], [ 72.8344979, 19.0137867 ] ] } },
{ "type": "Feature", "properties": { "name": "Urban Corridor", "highway": "residential", "slope_pct": 0.6 }, "geometry": { "type": "LineString", "coordinates": [ [ 72.8344601, 19.0138519 ], [ 72.8344979, 19.0137867 ], [ 72.8344758, 19.0136303 ] ] } },
{ "type": "Feature", "properties": { "name": "Urban Corridor", "highway": "residential", "slope_pct": 0.6 }, "geometry": { "type": "LineString", "coordinates": [ [ 72.8358649, 19.0147522 ], [ 72.8359301, 19.0146729 ], [ 72.8359385, 19.0146599 ], [ 72.8359453, 19.0146469 ], [ 72.8359628, 19.0146121 ], [ 72.8359914, 19.0145384 ] ] } },
{ "type": "Feature", "properties": { "name": "Urban Corridor", "highway": "residential", "slope_pct": 0.6 }, "geometry": { "type": "LineString", "coordinates": [ [ 72.8359077, 19.0148372 ], [ 72.8360107, 19.0147704 ], [ 72.8360381, 19.0147514 ], [ 72.8360881, 19.0147088 ], [ 72.8361087, 19.0146875 ], [ 72.8361241, 19.0146676 ], [ 72.836164, 19.0146046 ] ] } },
{ "type": "Feature", "properties": { "name": "Urban Corridor", "highway": "residential", "slope_pct": 0.6 }, "geometry": { "type": "LineString", "coordinates": [ [ 72.8360107, 19.0147704 ], [ 72.8360729, 19.0148543 ] ] } },
{ "type": "Feature", "properties": { "name": "Urban Corridor", "highway": "residential", "slope_pct": 0.6 }, "geometry": { "type": "LineString", "coordinates": [ [ 72.8370382, 19.0206838 ], [ 72.8370596, 19.0206721 ], [ 72.8372215, 19.0205836 ], [ 72.8372293, 19.0205827 ], [ 72.8372367, 19.0205832 ], [ 72.8373116, 19.0207073 ], [ 72.8373126, 19.020718 ], [ 72.8373078, 19.0207265 ], [ 72.8371491, 19.0208127 ], [ 72.8371298, 19.0208232 ] ] } },
{ "type": "Feature", "properties": { "name": "Urban Corridor", "highway": "residential", "slope_pct": 0.6 }, "geometry": { "type": "LineString", "coordinates": [ [ 72.8371396, 19.0208388 ], [ 72.8373814, 19.0206992 ], [ 72.8374658, 19.0206504 ], [ 72.8374694, 19.0206468 ], [ 72.8374707, 19.0206429 ], [ 72.8374694, 19.0206381 ], [ 72.8374673, 19.0206332 ], [ 72.837387, 19.0205133 ], [ 72.8373839, 19.0205109 ], [ 72.8373803, 19.0205104 ], [ 72.8373778, 19.0205112 ], [ 72.837298, 19.0205543 ], [ 72.8372962, 19.0205563 ], [ 72.8372947, 19.0205589 ], [ 72.8372943, 19.0205618 ], [ 72.8372953, 19.0205636 ], [ 72.8373814, 19.0206992 ] ] } },
{ "type": "Feature", "properties": { "name": "Urban Corridor", "highway": "residential", "slope_pct": 0.6 }, "geometry": { "type": "LineString", "coordinates": [ [ 72.8371983, 19.0209318 ], [ 72.837218, 19.0209207 ], [ 72.837335, 19.0208547 ] ] } },
{ "type": "Feature", "properties": { "name": "Urban Corridor", "highway": "residential", "slope_pct": 0.6 }, "geometry": { "type": "LineString", "coordinates": [ [ 72.8373325, 19.0211443 ], [ 72.8375673, 19.0210104 ] ] } },
{ "type": "Feature", "properties": { "name": "Urban Corridor", "highway": "residential", "slope_pct": 0.6 }, "geometry": { "type": "LineString", "coordinates": [ [ 72.8376931, 19.0212051 ], [ 72.8375673, 19.0210104 ], [ 72.8374373, 19.0207975 ], [ 72.8374047, 19.0207477 ] ] } },
{ "type": "Feature", "properties": { "name": "Urban Corridor", "highway": "residential", "slope_pct": 0.6 }, "geometry": { "type": "LineString", "coordinates": [ [ 72.837335, 19.0208547 ], [ 72.837398, 19.0208191 ] ] } },
{ "type": "Feature", "properties": { "name": "Urban Corridor", "highway": "residential", "slope_pct": 0.6 }, "geometry": { "type": "LineString", "coordinates": [ [ 72.837398, 19.0208191 ], [ 72.8374067, 19.0208143 ], [ 72.8374373, 19.0207975 ] ] } },
{ "type": "Feature", "properties": { "name": "Urban Corridor", "highway": "residential", "slope_pct": 0.6 }, "geometry": { "type": "LineString", "coordinates": [ [ 72.8365725, 19.0156479 ], [ 72.8366499, 19.0157844 ], [ 72.8366546, 19.0157892 ], [ 72.8366619, 19.0157913 ], [ 72.836671, 19.0157896 ], [ 72.8367941, 19.0157454 ], [ 72.8369969, 19.0156753 ], [ 72.837005, 19.0156655 ], [ 72.837005, 19.0156558 ], [ 72.8370028, 19.0156454 ], [ 72.8369232, 19.0154926 ], [ 72.8369201, 19.0154895 ], [ 72.8369161, 19.0154869 ], [ 72.8369112, 19.0154858 ], [ 72.8369063, 19.0154863 ], [ 72.8366916, 19.0155899 ] ] } },
{ "type": "Feature", "properties": { "name": "Urban Corridor", "highway": "residential", "slope_pct": 0.6 }, "geometry": { "type": "LineString", "coordinates": [ [ 72.8367941, 19.0157454 ], [ 72.8366916, 19.0155899 ], [ 72.8366108, 19.0154672 ], [ 72.8366091, 19.0154597 ], [ 72.8366097, 19.015454 ], [ 72.8366123, 19.0154484 ], [ 72.836615, 19.0154447 ], [ 72.8366409, 19.0154298 ], [ 72.8368383, 19.0153206 ], [ 72.8368426, 19.0153163 ], [ 72.8368453, 19.0153083 ], [ 72.8368426, 19.0153017 ], [ 72.8368133, 19.0152493 ], [ 72.8368098, 19.0152453 ], [ 72.8368037, 19.0152438 ], [ 72.8367975, 19.0152442 ], [ 72.8365966, 19.0153619 ] ] } },
{ "type": "Feature", "properties": { "name": "Urban Corridor", "highway": "residential", "slope_pct": 0.6 }, "geometry": { "type": "LineString", "coordinates": [ [ 72.8364728, 19.015693 ], [ 72.8365725, 19.0156479 ], [ 72.8366407, 19.0156183 ] ] } },
{ "type": "Feature", "properties": { "name": "Urban Corridor", "highway": "residential", "slope_pct": 0.6 }, "geometry": { "type": "LineString", "coordinates": [ [ 72.8363358, 19.0153147 ], [ 72.8364781, 19.0152409 ], [ 72.8367631, 19.0150929 ] ] } },
{ "type": "Feature", "properties": { "name": "Urban Corridor", "highway": "residential", "slope_pct": 0.6 }, "geometry": { "type": "LineString", "coordinates": [ [ 72.8364781, 19.0152409 ], [ 72.8365588, 19.0153761 ], [ 72.836561, 19.0153782 ], [ 72.8365639, 19.0153788 ], [ 72.8365669, 19.0153782 ], [ 72.8365695, 19.0153773 ], [ 72.8365966, 19.0153619 ], [ 72.8366409, 19.0154298 ] ] } },
{ "type": "Feature", "properties": { "name": "Urban Corridor", "highway": "residential", "slope_pct": 0.6 }, "geometry": { "type": "LineString", "coordinates": [ [ 72.8367941, 19.0157454 ], [ 72.8368035, 19.0157594 ] ] } },
{ "type": "Feature", "properties": { "name": "Urban Corridor", "highway": "residential", "slope_pct": 0.6 }, "geometry": { "type": "LineString", "coordinates": [ [ 72.8368035, 19.0157594 ], [ 72.8368786, 19.0158778 ] ] } },
{ "type": "Feature", "properties": { "name": "Urban Corridor", "highway": "residential", "slope_pct": 0.6 }, "geometry": { "type": "LineString", "coordinates": [ [ 72.8368786, 19.0158778 ], [ 72.8368837, 19.0158865 ], [ 72.8369049, 19.0159227 ] ] } },
{ "type": "Feature", "properties": { "name": "Swatantrya Veer Savarkar Marg", "highway": "secondary", "slope_pct": 0.6 }, "geometry": { "type": "LineString", "coordinates": [ [ 72.8358579, 19.0254134 ], [ 72.835778, 19.0252773 ] ] } },
{ "type": "Feature", "properties": { "name": "Urban Corridor", "highway": "residential", "slope_pct": 0.6 }, "geometry": { "type": "LineString", "coordinates": [ [ 72.8330813, 19.0134961 ], [ 72.8331817, 19.0133082 ], [ 72.8331876, 19.0133019 ], [ 72.8331965, 19.0132977 ], [ 72.8332082, 19.0132984 ], [ 72.8334394, 19.0134234 ] ] } },
{ "type": "Feature", "properties": { "name": "Urban Corridor", "highway": "secondary", "slope_pct": 0.6 }, "geometry": { "type": "LineString", "coordinates": [ [ 72.8334911, 19.0134529 ], [ 72.833557, 19.0134456 ], [ 72.8336808, 19.0134315 ] ] } },
{ "type": "Feature", "properties": { "name": "Kakasaheb Gadgil Marg", "highway": "secondary", "slope_pct": 0.6 }, "geometry": { "type": "LineString", "coordinates": [ [ 72.8336388, 19.0133383 ], [ 72.8335183, 19.0133971 ], [ 72.8334911, 19.0134529 ] ] } },
{ "type": "Feature", "properties": { "name": "Urban Corridor", "highway": "residential", "slope_pct": 0.6 }, "geometry": { "type": "LineString", "coordinates": [ [ 72.8338803, 19.0151424 ], [ 72.8340932, 19.0150596 ], [ 72.834318, 19.0149791 ] ] } },
{ "type": "Feature", "properties": { "name": "Urban Corridor", "highway": "residential", "slope_pct": 0.6 }, "geometry": { "type": "LineString", "coordinates": [ [ 72.8340431, 19.0152254 ], [ 72.8340129, 19.0152365 ], [ 72.8340078, 19.0152421 ], [ 72.8340056, 19.0152483 ], [ 72.8340063, 19.0152574 ], [ 72.8340095, 19.015266 ], [ 72.8340373, 19.0153344 ], [ 72.8340423, 19.0153395 ], [ 72.8340492, 19.0153428 ], [ 72.8340569, 19.0153439 ], [ 72.8340644, 19.0153419 ], [ 72.8344117, 19.0152075 ] ] } },
{ "type": "Feature", "properties": { "name": "Urban Corridor", "highway": "residential", "slope_pct": 0.6 }, "geometry": { "type": "LineString", "coordinates": [ [ 72.8341258, 19.0154543 ], [ 72.8344615, 19.0153289 ] ] } },
{ "type": "Feature", "properties": { "name": "Urban Corridor", "highway": "residential", "slope_pct": 0.6 }, "geometry": { "type": "LineString", "coordinates": [ [ 72.8378728, 19.0166849 ], [ 72.837941, 19.016652 ], [ 72.8380738, 19.0165879 ], [ 72.838083, 19.016581 ], [ 72.8380884, 19.016573 ], [ 72.8380911, 19.0165661 ], [ 72.8380907, 19.0165566 ], [ 72.8380145, 19.0164244 ], [ 72.8380083, 19.0164186 ], [ 72.8380022, 19.0164161 ], [ 72.837996, 19.0164164 ], [ 72.8379785, 19.0164254 ], [ 72.8378436, 19.0165061 ], [ 72.8377915, 19.0165375 ] ] } },
{ "type": "Feature", "properties": { "name": "Urban Corridor", "highway": "residential", "slope_pct": 0.6 }, "geometry": { "type": "LineString", "coordinates": [ [ 72.8380211, 19.0163851 ], [ 72.8380356, 19.0163779 ], [ 72.838319, 19.0162364 ] ] } },
{ "type": "Feature", "properties": { "name": "Urban Corridor", "highway": "residential", "slope_pct": 0.6 }, "geometry": { "type": "LineString", "coordinates": [ [ 72.8379785, 19.0164254 ], [ 72.8379742, 19.016418 ], [ 72.83797, 19.0164106 ] ] } },
{ "type": "Feature", "properties": { "name": "Urban Corridor", "highway": "residential", "slope_pct": 0.6 }, "geometry": { "type": "LineString", "coordinates": [ [ 72.8379467, 19.0168181 ], [ 72.8380124, 19.0167864 ], [ 72.8380906, 19.0167486 ], [ 72.8380956, 19.0167442 ], [ 72.8380972, 19.0167376 ], [ 72.8380969, 19.016733 ], [ 72.8380702, 19.0166826 ] ] } },
{ "type": "Feature", "properties": { "name": "Urban Corridor", "highway": "residential", "slope_pct": 0.6 }, "geometry": { "type": "LineString", "coordinates": [ [ 72.8378119, 19.0170948 ], [ 72.837795, 19.0170654 ], [ 72.8377847, 19.0170475 ], [ 72.8377122, 19.0169384 ], [ 72.837711, 19.016935 ], [ 72.837711, 19.0169298 ], [ 72.837713, 19.0169251 ], [ 72.8377184, 19.0169201 ], [ 72.8378768, 19.0168316 ], [ 72.8379364, 19.0167987 ] ] } },
{ "type": "Feature", "properties": { "name": "Urban Corridor", "highway": "residential", "slope_pct": 0.6 }, "geometry": { "type": "LineString", "coordinates": [ [ 72.8377847, 19.0170475 ], [ 72.8378877, 19.0169987 ] ] } },
{ "type": "Feature", "properties": { "name": "Urban Corridor", "highway": "residential", "slope_pct": 0.6 }, "geometry": { "type": "LineString", "coordinates": [ [ 72.8379045, 19.0167418 ], [ 72.8378448, 19.016769 ], [ 72.8376766, 19.0168457 ], [ 72.8376711, 19.0168468 ], [ 72.8376657, 19.0168462 ], [ 72.8376608, 19.0168445 ], [ 72.8376576, 19.0168412 ], [ 72.8375575, 19.0166489 ], [ 72.8375555, 19.0166422 ], [ 72.8375567, 19.0166353 ], [ 72.8375601, 19.0166295 ], [ 72.8375655, 19.0166262 ], [ 72.8377173, 19.0165503 ], [ 72.8377813, 19.0165183 ] ] } },
{ "type": "Feature", "properties": { "name": "Urban Corridor", "highway": "residential", "slope_pct": 0.6 }, "geometry": { "type": "LineString", "coordinates": [ [ 72.837669, 19.015726 ], [ 72.8377166, 19.0157898 ], [ 72.8378644, 19.0159877 ], [ 72.837877, 19.0159964 ], [ 72.8378932, 19.0159984 ], [ 72.8379093, 19.015995 ], [ 72.8379212, 19.0159884 ], [ 72.8380596, 19.0158755 ] ] } },
{ "type": "Feature", "properties": { "name": "Urban Corridor", "highway": "residential", "slope_pct": 0.6 }, "geometry": { "type": "LineString", "coordinates": [ [ 72.837316, 19.0164766 ], [ 72.8374006, 19.0164551 ], [ 72.8375, 19.0164243 ], [ 72.8375102, 19.0164182 ], [ 72.8375167, 19.0164092 ], [ 72.8375233, 19.016403 ], [ 72.8375321, 19.0163971 ], [ 72.8376784, 19.0163418 ] ] } },
{ "type": "Feature", "properties": { "name": "Urban Corridor", "highway": "residential", "slope_pct": 0.6 }, "geometry": { "type": "LineString", "coordinates": [ [ 72.8374432, 19.0165991 ], [ 72.8374006, 19.0164551 ] ] } },
{ "type": "Feature", "properties": { "name": "Urban Corridor", "highway": "residential", "slope_pct": 0.6 }, "geometry": { "type": "LineString", "coordinates": [ [ 72.8370593, 19.0107323 ], [ 72.8366126, 19.0110203 ], [ 72.8366088, 19.0110226 ], [ 72.8366019, 19.0110244 ], [ 72.8365953, 19.0110229 ], [ 72.8365895, 19.0110185 ], [ 72.8365012, 19.0109057 ], [ 72.8363993, 19.0107754 ], [ 72.8362947, 19.0106418 ], [ 72.835979, 19.010241 ], [ 72.8359577, 19.0102139 ] ] } },
{ "type": "Feature", "properties": { "name": "Urban Corridor", "highway": "residential", "slope_pct": 0.6 }, "geometry": { "type": "LineString", "coordinates": [ [ 72.8362947, 19.0106418 ], [ 72.836757, 19.010349 ], [ 72.8367674, 19.0103479 ], [ 72.8367774, 19.0103516 ], [ 72.8367828, 19.0103581 ], [ 72.8368601, 19.0104627 ], [ 72.8369599, 19.0105977 ], [ 72.8370593, 19.0107323 ], [ 72.8371513, 19.0108569 ], [ 72.8371513, 19.0108634 ], [ 72.8371455, 19.0108732 ], [ 72.8368382, 19.0110694 ] ] } },
{ "type": "Feature", "properties": { "name": "Urban Corridor", "highway": "residential", "slope_pct": 0.6 }, "geometry": { "type": "LineString", "coordinates": [ [ 72.8365012, 19.0109057 ], [ 72.8369599, 19.0105977 ] ] } },
{ "type": "Feature", "properties": { "name": "Urban Corridor", "highway": "residential", "slope_pct": 0.6 }, "geometry": { "type": "LineString", "coordinates": [ [ 72.8363993, 19.0107754 ], [ 72.8368601, 19.0104627 ] ] } },
{ "type": "Feature", "properties": { "name": "Old Prabhadevi Marg", "highway": "tertiary", "slope_pct": 0.6 }, "geometry": { "type": "LineString", "coordinates": [ [ 72.8253618, 19.0149191 ], [ 72.8259346, 19.0151433 ], [ 72.8263257, 19.0152891 ], [ 72.826986, 19.0154632 ], [ 72.8271283, 19.0154606 ], [ 72.8272773, 19.0154446 ] ] } },
{ "type": "Feature", "properties": { "name": "R B Anant Desai Marg", "highway": "residential", "slope_pct": 0.6 }, "geometry": { "type": "LineString", "coordinates": [ [ 72.8253618, 19.0149191 ], [ 72.8250151, 19.0155225 ] ] } },
{ "type": "Feature", "properties": { "name": "Old Prabhadevi Marg", "highway": "tertiary", "slope_pct": 0.6 }, "geometry": { "type": "LineString", "coordinates": [ [ 72.8247729, 19.014626 ], [ 72.824994, 19.0147679 ], [ 72.8250329, 19.0147929 ], [ 72.8253618, 19.0149191 ] ] } },
{ "type": "Feature", "properties": { "name": "Urban Corridor", "highway": "residential", "slope_pct": 0.6 }, "geometry": { "type": "LineString", "coordinates": [ [ 72.8313203, 19.0139684 ], [ 72.831336, 19.013976 ], [ 72.831355, 19.0139851 ] ] } },
{ "type": "Feature", "properties": { "name": "Urban Corridor", "highway": "residential", "slope_pct": 0.6 }, "geometry": { "type": "LineString", "coordinates": [ [ 72.8311803, 19.0140945 ], [ 72.8312063, 19.0140403 ], [ 72.8312121, 19.0140285 ] ] } },
{ "type": "Feature", "properties": { "name": "Urban Corridor", "highway": "residential", "slope_pct": 0.6 }, "geometry": { "type": "LineString", "coordinates": [ [ 72.8312121, 19.0140285 ], [ 72.8312488, 19.0139533 ], [ 72.8312516, 19.0139496 ], [ 72.8312577, 19.0139466 ], [ 72.8312625, 19.0139454 ], [ 72.8312688, 19.0139454 ], [ 72.8313203, 19.0139684 ] ] } },
{ "type": "Feature", "properties": { "name": "Urban Corridor", "highway": "residential", "slope_pct": 0.6 }, "geometry": { "type": "LineString", "coordinates": [ [ 72.833089, 19.0155068 ], [ 72.8333245, 19.0151207 ], [ 72.8333287, 19.015116 ], [ 72.8333337, 19.0151149 ], [ 72.8334054, 19.0151538 ], [ 72.8334073, 19.0151589 ], [ 72.8334065, 19.015164 ], [ 72.8331784, 19.015557 ] ] } },
{ "type": "Feature", "properties": { "name": "Urban Corridor", "highway": "residential", "slope_pct": 0.6 }, "geometry": { "type": "LineString", "coordinates": [ [ 72.8320033, 19.0118107 ], [ 72.8320651, 19.0117857 ], [ 72.8321019, 19.0117829 ], [ 72.832146, 19.0117892 ], [ 72.8321754, 19.0117899 ], [ 72.8322203, 19.0117829 ], [ 72.8322593, 19.0117641 ], [ 72.8323725, 19.01167 ] ] } },
{ "type": "Feature", "properties": { "name": "Urban Corridor", "highway": "residential", "slope_pct": 0.6 }, "geometry": { "type": "LineString", "coordinates": [ [ 72.827835, 19.0193331 ], [ 72.8279386, 19.0192619 ], [ 72.8279541, 19.0192542 ], [ 72.8279732, 19.0192535 ], [ 72.828121, 19.0193399 ], [ 72.8281291, 19.0193545 ], [ 72.8281291, 19.0193677 ], [ 72.8281313, 19.0195015 ] ] } },
{ "type": "Feature", "properties": { "name": "Urban Corridor", "highway": "residential", "slope_pct": 0.6 }, "geometry": { "type": "LineString", "coordinates": [ [ 72.8310525, 19.0132615 ], [ 72.8309796, 19.0132249 ], [ 72.8307629, 19.0131165 ], [ 72.8307546, 19.0131092 ], [ 72.8307504, 19.013099 ], [ 72.8307496, 19.0130907 ], [ 72.8307531, 19.0130805 ], [ 72.830826, 19.0129577 ], [ 72.8308745, 19.0128761 ] ] } },
{ "type": "Feature", "properties": { "name": "Urban Corridor", "highway": "residential", "slope_pct": 0.6 }, "geometry": { "type": "LineString", "coordinates": [ [ 72.8337893, 19.0112255 ], [ 72.8340023, 19.0110493 ], [ 72.8340164, 19.0110307 ], [ 72.834022, 19.0110094 ], [ 72.8340122, 19.0109895 ], [ 72.833903, 19.0108836 ], [ 72.8338977, 19.0108796 ], [ 72.8338907, 19.0108785 ], [ 72.8338846, 19.0108792 ], [ 72.8338591, 19.0108996 ], [ 72.8338537, 19.0109018 ], [ 72.8338472, 19.0109021 ], [ 72.8338422, 19.0109003 ], [ 72.833676, 19.0107381 ], [ 72.833665, 19.0107298 ], [ 72.8336415, 19.0107249 ], [ 72.8336245, 19.0107256 ], [ 72.8336054, 19.0107353 ], [ 72.8334569, 19.0108389 ], [ 72.8334436, 19.0108522 ], [ 72.8334407, 19.0108675 ], [ 72.8334407, 19.0108841 ] ] } },
{ "type": "Feature", "properties": { "name": "Urban Corridor", "highway": "residential", "slope_pct": 0.6 }, "geometry": { "type": "LineString", "coordinates": [ [ 72.8335104, 19.0114886 ], [ 72.8337893, 19.0112255 ] ] } },
{ "type": "Feature", "properties": { "name": "Urban Corridor", "highway": "residential", "slope_pct": 0.6 }, "geometry": { "type": "LineString", "coordinates": [ [ 72.8342727, 19.0116849 ], [ 72.8339354, 19.0119808 ] ] } },
{ "type": "Feature", "properties": { "name": "Urban Corridor", "highway": "residential", "slope_pct": 0.6 }, "geometry": { "type": "LineString", "coordinates": [ [ 72.8336907, 19.0116343 ], [ 72.833779, 19.0115558 ], [ 72.8337952, 19.0115523 ], [ 72.8338084, 19.0115592 ], [ 72.8339511, 19.0117081 ], [ 72.8339658, 19.0117157 ], [ 72.8339791, 19.0117157 ], [ 72.8339908, 19.0117101 ], [ 72.8341484, 19.0115667 ] ] } },
{ "type": "Feature", "properties": { "name": "Urban Corridor", "highway": "residential", "slope_pct": 0.6 }, "geometry": { "type": "LineString", "coordinates": [ [ 72.8374403, 19.0168628 ], [ 72.8376047, 19.0168176 ], [ 72.8376128, 19.0168191 ], [ 72.8376178, 19.0168231 ], [ 72.837622, 19.0168289 ], [ 72.8377245, 19.0170925 ], [ 72.8377342, 19.0171174 ] ] } },
{ "type": "Feature", "properties": { "name": "Urban Corridor", "highway": "residential", "slope_pct": 0.6 }, "geometry": { "type": "LineString", "coordinates": [ [ 72.8377838, 19.0172416 ], [ 72.8378063, 19.0172978 ], [ 72.8378897, 19.0175011 ], [ 72.8378993, 19.0175095 ], [ 72.8379147, 19.0175109 ], [ 72.8380295, 19.0174817 ], [ 72.8380398, 19.0174747 ], [ 72.838042, 19.0174677 ], [ 72.8379736, 19.0172633 ], [ 72.8379633, 19.017255 ], [ 72.8379537, 19.0172529 ], [ 72.8378063, 19.0172978 ] ] } },
{ "type": "Feature", "properties": { "name": "Urban Corridor", "highway": "residential", "slope_pct": 0.6 }, "geometry": { "type": "LineString", "coordinates": [ [ 72.8377342, 19.0171174 ], [ 72.8377838, 19.0172416 ] ] } },
{ "type": "Feature", "properties": { "name": "Urban Corridor", "highway": "residential", "slope_pct": 0.6 }, "geometry": { "type": "LineString", "coordinates": [ [ 72.8374158, 19.0239725 ], [ 72.8373646, 19.0239918 ], [ 72.8373523, 19.0239964 ], [ 72.8373363, 19.0240024 ], [ 72.8371986, 19.0240542 ] ] } },
{ "type": "Feature", "properties": { "name": "Urban Corridor", "highway": "residential", "slope_pct": 0.6 }, "geometry": { "type": "LineString", "coordinates": [ [ 72.8372105, 19.0240676 ], [ 72.8373449, 19.0240177 ], [ 72.8373615, 19.0240115 ], [ 72.8374228, 19.0239888 ] ] } },
{ "type": "Feature", "properties": { "name": "Urban Corridor", "highway": "residential", "slope_pct": 0.6 }, "geometry": { "type": "LineString", "coordinates": [ [ 72.8373149, 19.0239599 ], [ 72.8373363, 19.0240024 ] ] } },
{ "type": "Feature", "properties": { "name": "Urban Corridor", "highway": "residential", "slope_pct": 0.6 }, "geometry": { "type": "LineString", "coordinates": [ [ 72.8373449, 19.0240177 ], [ 72.8373807, 19.0240884 ] ] } },
{ "type": "Feature", "properties": { "name": "Urban Corridor", "highway": "residential", "slope_pct": 0.6 }, "geometry": { "type": "LineString", "coordinates": [ [ 72.8373616, 19.024095 ], [ 72.8373807, 19.0240884 ], [ 72.8373951, 19.0240834 ], [ 72.8374544, 19.024063 ] ] } },
{ "type": "Feature", "properties": { "name": "Urban Corridor", "highway": "residential", "slope_pct": 0.6 }, "geometry": { "type": "LineString", "coordinates": [ [ 72.8368367, 19.0168256 ], [ 72.83667, 19.0168611 ], [ 72.8364809, 19.0169014 ], [ 72.8364751, 19.0169053 ], [ 72.836472, 19.0169122 ], [ 72.836472, 19.0169195 ], [ 72.8365054, 19.0170768 ], [ 72.8365526, 19.0172617 ] ] } },
{ "type": "Feature", "properties": { "name": "Urban Corridor", "highway": "residential", "slope_pct": 0.6 }, "geometry": { "type": "LineString", "coordinates": [ [ 72.836324, 19.0169104 ], [ 72.8362806, 19.0170098 ], [ 72.8362843, 19.0170244 ], [ 72.8362902, 19.0170369 ], [ 72.8363042, 19.0170459 ], [ 72.8365054, 19.0170768 ] ] } },
{ "type": "Feature", "properties": { "name": "Urban Corridor", "highway": "residential", "slope_pct": 0.6 }, "geometry": { "type": "LineString", "coordinates": [ [ 72.8367784, 19.0172074 ], [ 72.8368869, 19.017183 ] ] } },
{ "type": "Feature", "properties": { "name": "Urban Corridor", "highway": "residential", "slope_pct": 0.6 }, "geometry": { "type": "LineString", "coordinates": [ [ 72.8369672, 19.0172694 ], [ 72.8369759, 19.0172988 ], [ 72.8369757, 19.0173021 ], [ 72.8369747, 19.0173045 ], [ 72.8369712, 19.0173062 ], [ 72.8368368, 19.0173371 ] ] } },
{ "type": "Feature", "properties": { "name": "Urban Corridor", "highway": "residential", "slope_pct": 0.6 }, "geometry": { "type": "LineString", "coordinates": [ [ 72.8368475, 19.0173721 ], [ 72.8368406, 19.0173495 ], [ 72.8368368, 19.0173371 ], [ 72.8368148, 19.0173236 ] ] } },
{ "type": "Feature", "properties": { "name": "Urban Corridor", "highway": "residential", "slope_pct": 0.6 }, "geometry": { "type": "LineString", "coordinates": [ [ 72.8368191, 19.0173801 ], [ 72.8368125, 19.017357 ], [ 72.8368086, 19.0173436 ], [ 72.8368148, 19.0173236 ] ] } },
{ "type": "Feature", "properties": { "name": "Urban Corridor", "highway": "residential", "slope_pct": 0.6 }, "geometry": { "type": "LineString", "coordinates": [ [ 72.8365651, 19.01741 ], [ 72.8368086, 19.0173436 ] ] } },
{ "type": "Feature", "properties": { "name": "Urban Corridor", "highway": "residential", "slope_pct": 0.6 }, "geometry": { "type": "LineString", "coordinates": [ [ 72.8366457, 19.0167995 ], [ 72.8364981, 19.0161757 ], [ 72.8364945, 19.0161607 ], [ 72.836467, 19.0160449 ] ] } },
{ "type": "Feature", "properties": { "name": "Urban Corridor", "highway": "residential", "slope_pct": 0.6 }, "geometry": { "type": "LineString", "coordinates": [ [ 72.8367435, 19.0164949 ], [ 72.8366526, 19.0161311 ], [ 72.8366209, 19.0160039 ] ] } },
{ "type": "Feature", "properties": { "name": "Urban Corridor", "highway": "residential", "slope_pct": 0.6 }, "geometry": { "type": "LineString", "coordinates": [ [ 72.8363065, 19.0165915 ], [ 72.8363023, 19.0165607 ], [ 72.8362796, 19.0163931 ], [ 72.8362406, 19.0161051 ] ] } },
{ "type": "Feature", "properties": { "name": "Urban Corridor", "highway": "residential", "slope_pct": 0.6 }, "geometry": { "type": "LineString", "coordinates": [ [ 72.8362796, 19.0163931 ], [ 72.8364172, 19.016369 ] ] } },
{ "type": "Feature", "properties": { "name": "Urban Corridor", "highway": "residential", "slope_pct": 0.6 }, "geometry": { "type": "LineString", "coordinates": [ [ 72.8363023, 19.0165607 ], [ 72.8364603, 19.0165341 ] ] } },
{ "type": "Feature", "properties": { "name": "Urban Corridor", "highway": "residential", "slope_pct": 0.6 }, "geometry": { "type": "LineString", "coordinates": [ [ 72.8364878, 19.0149265 ], [ 72.8363784, 19.0150105 ], [ 72.8362295, 19.0151003 ], [ 72.8362223, 19.0151095 ], [ 72.8362223, 19.0151207 ], [ 72.8363021, 19.0152762 ], [ 72.8363129, 19.0152843 ], [ 72.8363285, 19.0152866 ], [ 72.8363412, 19.0152835 ], [ 72.836518, 19.0151846 ], [ 72.8367529, 19.0150483 ], [ 72.8368295, 19.0150038 ] ] } },
{ "type": "Feature", "properties": { "name": "Urban Corridor", "highway": "residential", "slope_pct": 0.6 }, "geometry": { "type": "LineString", "coordinates": [ [ 72.836518, 19.0151846 ], [ 72.8364501, 19.0150943 ], [ 72.8363784, 19.0150105 ] ] } },
{ "type": "Feature", "properties": { "name": "Urban Corridor", "highway": "residential", "slope_pct": 0.6 }, "geometry": { "type": "LineString", "coordinates": [ [ 72.8363682, 19.0151506 ], [ 72.8364501, 19.0150943 ], [ 72.8365575, 19.0150203 ] ] } },
{ "type": "Feature", "properties": { "name": "Urban Corridor", "highway": "residential", "slope_pct": 0.6 }, "geometry": { "type": "LineString", "coordinates": [ [ 72.8363426, 19.0158497 ], [ 72.8364363, 19.0158106 ], [ 72.8364409, 19.0158098 ], [ 72.836445, 19.0158103 ], [ 72.8364481, 19.0158123 ], [ 72.8364508, 19.0158159 ], [ 72.8365113, 19.0159514 ], [ 72.8365119, 19.0159562 ], [ 72.8365111, 19.0159607 ], [ 72.836509, 19.0159639 ], [ 72.8364913, 19.015971 ], [ 72.8364688, 19.0159799 ], [ 72.836442, 19.0159906 ], [ 72.8364235, 19.015998 ], [ 72.8364197, 19.0159988 ], [ 72.8364175, 19.0159984 ], [ 72.8364148, 19.0159974 ], [ 72.8364107, 19.01599 ] ] } },
{ "type": "Feature", "properties": { "name": "Urban Corridor", "highway": "residential", "slope_pct": 0.6 }, "geometry": { "type": "LineString", "coordinates": [ [ 72.8364935, 19.0160379 ], [ 72.8364793, 19.0160046 ], [ 72.8364688, 19.0159799 ] ] } },
{ "type": "Feature", "properties": { "name": "Urban Corridor", "highway": "residential", "slope_pct": 0.6 }, "geometry": { "type": "LineString", "coordinates": [ [ 72.836442, 19.0159906 ], [ 72.8364525, 19.0160134 ], [ 72.836467, 19.0160449 ] ] } },
{ "type": "Feature", "properties": { "name": "Urban Corridor", "highway": "residential", "slope_pct": 0.6 }, "geometry": { "type": "LineString", "coordinates": [ [ 72.8364913, 19.015971 ], [ 72.8365018, 19.015996 ], [ 72.8365167, 19.0160316 ] ] } },
{ "type": "Feature", "properties": { "name": "Urban Corridor", "highway": "residential", "slope_pct": 0.6 }, "geometry": { "type": "LineString", "coordinates": [ [ 72.8365664, 19.0160184 ], [ 72.8364662, 19.0157993 ], [ 72.8364599, 19.0157839 ], [ 72.8363955, 19.0156693 ] ] } },
{ "type": "Feature", "properties": { "name": "Urban Corridor", "highway": "residential", "slope_pct": 0.6 }, "geometry": { "type": "LineString", "coordinates": [ [ 72.8314286, 19.0218776 ], [ 72.8312062, 19.0220645 ], [ 72.8311982, 19.0220754 ], [ 72.8311947, 19.0220834 ], [ 72.8311958, 19.0220943 ], [ 72.8312016, 19.022103 ], [ 72.8312911, 19.0221887 ], [ 72.8314088, 19.0223031 ], [ 72.8315573, 19.0224475 ] ] } },
{ "type": "Feature", "properties": { "name": "Urban Corridor", "highway": "residential", "slope_pct": 0.6 }, "geometry": { "type": "LineString", "coordinates": [ [ 72.8316346, 19.0221077 ], [ 72.831524, 19.0219842 ], [ 72.8314286, 19.0218776 ], [ 72.8313944, 19.0218394 ], [ 72.8313519, 19.0217919 ] ] } },
{ "type": "Feature", "properties": { "name": "Urban Corridor", "highway": "residential", "slope_pct": 0.6 }, "geometry": { "type": "LineString", "coordinates": [ [ 72.8314088, 19.0223031 ], [ 72.8316346, 19.0221077 ] ] } },
{ "type": "Feature", "properties": { "name": "Urban Corridor", "highway": "residential", "slope_pct": 0.6 }, "geometry": { "type": "LineString", "coordinates": [ [ 72.8312911, 19.0221887 ], [ 72.831524, 19.0219842 ] ] } },
{ "type": "Feature", "properties": { "name": "Urban Corridor", "highway": "residential", "slope_pct": 0.6 }, "geometry": { "type": "LineString", "coordinates": [ [ 72.8314286, 19.0218776 ], [ 72.8315645, 19.0217495 ], [ 72.8315722, 19.0217477 ], [ 72.8315799, 19.0217502 ], [ 72.8315853, 19.021755 ], [ 72.8316558, 19.0218333 ] ] } },
{ "type": "Feature", "properties": { "name": "Urban Corridor", "highway": "residential", "slope_pct": 0.6 }, "geometry": { "type": "LineString", "coordinates": [ [ 72.8347641, 19.0151437 ], [ 72.8349647, 19.0152611 ] ] } },
{ "type": "Feature", "properties": { "name": "Urban Corridor", "highway": "residential", "slope_pct": 0.6 }, "geometry": { "type": "LineString", "coordinates": [ [ 72.8344552, 19.0150375 ], [ 72.834483, 19.0150283 ], [ 72.834708, 19.0149538 ], [ 72.834722, 19.0149532 ], [ 72.8347311, 19.0149572 ], [ 72.8347346, 19.0149678 ], [ 72.8347403, 19.0150654 ], [ 72.8347411, 19.0150868 ], [ 72.8347392, 19.0151049 ], [ 72.8347311, 19.0151477 ] ] } },
{ "type": "Feature", "properties": { "name": "Urban Corridor", "highway": "residential", "slope_pct": 0.6 }, "geometry": { "type": "LineString", "coordinates": [ [ 72.8344639, 19.0150589 ], [ 72.8345979, 19.0150118 ] ] } },
{ "type": "Feature", "properties": { "name": "Urban Corridor", "highway": "residential", "slope_pct": 0.6 }, "geometry": { "type": "LineString", "coordinates": [ [ 72.8323083, 19.0211353 ], [ 72.8323906, 19.0210761 ], [ 72.83247, 19.0210191 ], [ 72.8324734, 19.0210183 ], [ 72.8324778, 19.021019 ], [ 72.8324807, 19.0210214 ], [ 72.8325084, 19.0210545 ], [ 72.8325116, 19.0210565 ], [ 72.8325146, 19.0210569 ], [ 72.8325177, 19.0210563 ], [ 72.8325333, 19.0210458 ], [ 72.8325359, 19.0210449 ], [ 72.832539, 19.0210449 ], [ 72.8325417, 19.0210458 ], [ 72.8325442, 19.0210477 ], [ 72.8326461, 19.0211688 ], [ 72.8326493, 19.0211743 ], [ 72.8326501, 19.0211815 ], [ 72.832647, 19.0211881 ], [ 72.8326401, 19.0211921 ], [ 72.8325341, 19.0212626 ], [ 72.8324271, 19.0213337 ], [ 72.8324191, 19.0213357 ], [ 72.8324125, 19.0213344 ], [ 72.832407, 19.0213317 ], [ 72.8323175, 19.0212206 ], [ 72.8323136, 19.0212126 ], [ 72.832313, 19.0212055 ], [ 72.8323161, 19.0211998 ], [ 72.8323328, 19.0211887 ], [ 72.832335, 19.021183 ], [ 72.8323336, 19.0211777 ], [ 72.8323302, 19.0211729 ], [ 72.832309, 19.021147 ], [ 72.8323073, 19.0211435 ], [ 72.8323065, 19.0211391 ], [ 72.8323083, 19.0211353 ] ] } },
{ "type": "Feature", "properties": { "name": "Urban Corridor", "highway": "residential", "slope_pct": 0.6 }, "geometry": { "type": "LineString", "coordinates": [ [ 72.8323906, 19.0210761 ], [ 72.8323596, 19.0210364 ], [ 72.8323341, 19.0210037 ] ] } },
{ "type": "Feature", "properties": { "name": "Urban Corridor", "highway": "residential", "slope_pct": 0.6 }, "geometry": { "type": "LineString", "coordinates": [ [ 72.8325341, 19.0212626 ], [ 72.8324599, 19.0211658 ] ] } },
{ "type": "Feature", "properties": { "name": "Urban Corridor", "highway": "residential", "slope_pct": 0.6 }, "geometry": { "type": "LineString", "coordinates": [ [ 72.834907, 19.0207692 ], [ 72.8349477, 19.0207471 ], [ 72.8350014, 19.020718 ], [ 72.8351963, 19.0206122 ], [ 72.8352066, 19.0206039 ], [ 72.8352066, 19.0205914 ], [ 72.8350702, 19.0203875 ], [ 72.8350496, 19.0203567 ], [ 72.8350242, 19.0203187 ] ] } },
{ "type": "Feature", "properties": { "name": "Urban Corridor", "highway": "residential", "slope_pct": 0.6 }, "geometry": { "type": "LineString", "coordinates": [ [ 72.8349801, 19.0205441 ], [ 72.8349506, 19.0204926 ], [ 72.8349484, 19.0204794 ], [ 72.8349536, 19.0204641 ], [ 72.8350702, 19.0203875 ] ] } },
{ "type": "Feature", "properties": { "name": "Urban Corridor", "highway": "residential", "slope_pct": 0.6 }, "geometry": { "type": "LineString", "coordinates": [ [ 72.8349423, 19.0206275 ], [ 72.8350014, 19.020718 ] ] } },
{ "type": "Feature", "properties": { "name": "Urban Corridor", "highway": "residential", "slope_pct": 0.6 }, "geometry": { "type": "LineString", "coordinates": [ [ 72.835033, 19.0198559 ], [ 72.8350193, 19.0198636 ], [ 72.8350056, 19.0198713 ], [ 72.8349354, 19.0199108 ], [ 72.8349126, 19.0199164 ], [ 72.8348949, 19.0199157 ], [ 72.8348699, 19.0199074 ], [ 72.8348471, 19.0198837 ], [ 72.834828, 19.0198399 ], [ 72.8348221, 19.0198302 ], [ 72.8348074, 19.019826 ], [ 72.8347, 19.0198663 ], [ 72.834692, 19.0198754 ], [ 72.834692, 19.0198886 ], [ 72.8347981, 19.0200715 ], [ 72.8348065, 19.0200828 ], [ 72.8348166, 19.0200912 ], [ 72.834832, 19.0200978 ], [ 72.8348782, 19.0201094 ], [ 72.8348924, 19.0201105 ], [ 72.8349067, 19.0201105 ], [ 72.8349198, 19.0201069 ], [ 72.8350754, 19.0200147 ], [ 72.8350792, 19.0200107 ], [ 72.8350827, 19.0200042 ], [ 72.8350827, 19.019998 ], [ 72.8350336, 19.0199173 ], [ 72.8350056, 19.0198713 ] ] } },
{ "type": "Feature", "properties": { "name": "Urban Corridor", "highway": "residential", "slope_pct": 0.6 }, "geometry": { "type": "LineString", "coordinates": [ [ 72.8350336, 19.0199173 ], [ 72.8350485, 19.019909 ], [ 72.8350635, 19.0199008 ] ] } },
{ "type": "Feature", "properties": { "name": "Urban Corridor", "highway": "residential", "slope_pct": 0.6 }, "geometry": { "type": "LineString", "coordinates": [ [ 72.8319306, 19.0136695 ], [ 72.8320078, 19.0135572 ] ] } },
{ "type": "Feature", "properties": { "name": "Urban Corridor", "highway": "residential", "slope_pct": 0.6 }, "geometry": { "type": "LineString", "coordinates": [ [ 72.8318411, 19.0136932 ], [ 72.8315878, 19.0135535 ], [ 72.8315596, 19.013538 ], [ 72.8315312, 19.0135224 ] ] } },
{ "type": "Feature", "properties": { "name": "Urban Corridor", "highway": "residential", "slope_pct": 0.6 }, "geometry": { "type": "LineString", "coordinates": [ [ 72.8315511, 19.0136136 ], [ 72.8315878, 19.0135535 ] ] } },
{ "type": "Feature", "properties": { "name": "Urban Corridor", "highway": "residential", "slope_pct": 0.6 }, "geometry": { "type": "LineString", "coordinates": [ [ 72.8318863, 19.0134963 ], [ 72.8319195, 19.0134309 ], [ 72.8320233, 19.0132266 ] ] } },
{ "type": "Feature", "properties": { "name": "Urban Corridor", "highway": "residential", "slope_pct": 0.6 }, "geometry": { "type": "LineString", "coordinates": [ [ 72.8416003, 19.0228905 ], [ 72.8416281, 19.0228807 ], [ 72.8416402, 19.0228764 ], [ 72.8416802, 19.0228623 ] ] } },
{ "type": "Feature", "properties": { "name": "Urban Corridor", "highway": "residential", "slope_pct": 0.6 }, "geometry": { "type": "LineString", "coordinates": [ [ 72.8416587, 19.0229565 ], [ 72.8416551, 19.0229474 ], [ 72.8416463, 19.0229259 ], [ 72.8416374, 19.0229037 ], [ 72.8416281, 19.0228807 ] ] } },
{ "type": "Feature", "properties": { "name": "Urban Corridor", "highway": "residential", "slope_pct": 0.6 }, "geometry": { "type": "LineString", "coordinates": [ [ 72.8416261, 19.0229079 ], [ 72.8416374, 19.0229037 ], [ 72.8416484, 19.0228997 ], [ 72.8416904, 19.0228843 ] ] } },
{ "type": "Feature", "properties": { "name": "Urban Corridor", "highway": "residential", "slope_pct": 0.6 }, "geometry": { "type": "LineString", "coordinates": [ [ 72.8416367, 19.0229292 ], [ 72.8416463, 19.0229259 ], [ 72.8416562, 19.0229224 ], [ 72.8417009, 19.0229067 ] ] } },
{ "type": "Feature", "properties": { "name": "Urban Corridor", "highway": "residential", "slope_pct": 0.6 }, "geometry": { "type": "LineString", "coordinates": [ [ 72.8416465, 19.0229505 ], [ 72.8416551, 19.0229474 ], [ 72.8416672, 19.0229431 ], [ 72.8417109, 19.0229274 ] ] } },
{ "type": "Feature", "properties": { "name": "Urban Corridor", "highway": "residential", "slope_pct": 0.6 }, "geometry": { "type": "LineString", "coordinates": [ [ 72.8348266, 19.0195172 ], [ 72.8349101, 19.0194827 ], [ 72.8349573, 19.0194603 ], [ 72.8353192, 19.0193688 ], [ 72.8353271, 19.0193705 ], [ 72.8353324, 19.019376 ], [ 72.8353346, 19.0193869 ], [ 72.83533, 19.0195147 ], [ 72.8353132, 19.0195665 ], [ 72.8352823, 19.0196076 ], [ 72.8351475, 19.0197006 ], [ 72.8350772, 19.0197378 ], [ 72.8349846, 19.0197781 ] ] } },
{ "type": "Feature", "properties": { "name": "Urban Corridor", "highway": "residential", "slope_pct": 0.6 }, "geometry": { "type": "LineString", "coordinates": [ [ 72.834629, 19.0195849 ], [ 72.8347814, 19.0195013 ], [ 72.834796, 19.0194933 ], [ 72.8348138, 19.0194835 ] ] } },
{ "type": "Feature", "properties": { "name": "Urban Corridor", "highway": "residential", "slope_pct": 0.6 }, "geometry": { "type": "LineString", "coordinates": [ [ 72.8347814, 19.0195013 ], [ 72.8346998, 19.0193119 ] ] } },
{ "type": "Feature", "properties": { "name": "Urban Corridor", "highway": "residential", "slope_pct": 0.6 }, "geometry": { "type": "LineString", "coordinates": [ [ 72.8344944, 19.0193589 ], [ 72.8346998, 19.0193119 ], [ 72.8347084, 19.0193088 ], [ 72.8347507, 19.0192955 ] ] } },
{ "type": "Feature", "properties": { "name": "Urban Corridor", "highway": "residential", "slope_pct": 0.6 }, "geometry": { "type": "LineString", "coordinates": [ [ 72.8346479, 19.0197189 ], [ 72.8346914, 19.0198507 ], [ 72.8346968, 19.0198529 ], [ 72.8347018, 19.0198533 ], [ 72.8347101, 19.0198525 ], [ 72.8349665, 19.0197496 ] ] } },
{ "type": "Feature", "properties": { "name": "Urban Corridor", "highway": "residential", "slope_pct": 0.6 }, "geometry": { "type": "LineString", "coordinates": [ [ 72.8351312, 19.0219816 ], [ 72.8351498, 19.022029 ], [ 72.8351757, 19.0220979 ] ] } },
{ "type": "Feature", "properties": { "name": "Urban Corridor", "highway": "residential", "slope_pct": 0.6 }, "geometry": { "type": "LineString", "coordinates": [ [ 72.8351606, 19.0217543 ], [ 72.8352003, 19.0217435 ], [ 72.8352399, 19.0217328 ] ] } },
{ "type": "Feature", "properties": { "name": "Urban Corridor", "highway": "residential", "slope_pct": 0.6 }, "geometry": { "type": "LineString", "coordinates": [ [ 72.8371988, 19.0183134 ], [ 72.8372136, 19.0183517 ], [ 72.8372182, 19.0183637 ], [ 72.8372206, 19.01837 ] ] } },
{ "type": "Feature", "properties": { "name": "Urban Corridor", "highway": "residential", "slope_pct": 0.6 }, "geometry": { "type": "LineString", "coordinates": [ [ 72.8372189, 19.018588 ], [ 72.8372414, 19.0185805 ], [ 72.8372542, 19.0185754 ], [ 72.8372627, 19.018572 ] ] } },
{ "type": "Feature", "properties": { "name": "Urban Corridor", "highway": "residential", "slope_pct": 0.6 }, "geometry": { "type": "LineString", "coordinates": [ [ 72.8372831, 19.0186441 ], [ 72.8372542, 19.0185754 ], [ 72.8372136, 19.0184788 ], [ 72.8372142, 19.0184754 ], [ 72.8372167, 19.0184727 ], [ 72.8372205, 19.0184716 ] ] } },
{ "type": "Feature", "properties": { "name": "Urban Corridor", "highway": "residential", "slope_pct": 0.6 }, "geometry": { "type": "LineString", "coordinates": [ [ 72.8372926, 19.0186412 ], [ 72.8372831, 19.0186441 ], [ 72.8372521, 19.0186529 ] ] } },
{ "type": "Feature", "properties": { "name": "Urban Corridor", "highway": "residential", "slope_pct": 0.6 }, "geometry": { "type": "LineString", "coordinates": [ [ 72.8372029, 19.018375 ], [ 72.8372014, 19.0183721 ], [ 72.8372015, 19.01837 ], [ 72.8372035, 19.0183689 ], [ 72.8372182, 19.0183637 ], [ 72.8372407, 19.0183557 ], [ 72.8372433, 19.0183561 ], [ 72.837245, 19.0183574 ], [ 72.8372456, 19.0183593 ] ] } },
{ "type": "Feature", "properties": { "name": "Urban Corridor", "highway": "residential", "slope_pct": 0.6 }, "geometry": { "type": "LineString", "coordinates": [ [ 72.8373811, 19.0186007 ], [ 72.8372826, 19.0183517 ], [ 72.8372588, 19.0182917 ] ] } },
{ "type": "Feature", "properties": { "name": "Urban Corridor", "highway": "residential", "slope_pct": 0.6 }, "geometry": { "type": "LineString", "coordinates": [ [ 72.837464, 19.0185748 ], [ 72.8373667, 19.0183249 ], [ 72.8373426, 19.0182629 ] ] } },
{ "type": "Feature", "properties": { "name": "Gokhale Road", "highway": "secondary", "slope_pct": 0.6 }, "geometry": { "type": "LineString", "coordinates": [ [ 72.833866, 19.0136249 ], [ 72.8338006, 19.0134068 ] ] } },
{ "type": "Feature", "properties": { "name": "Bhawani Shankar Marg", "highway": "secondary", "slope_pct": 0.6 }, "geometry": { "type": "LineString", "coordinates": [ [ 72.833745, 19.0135821 ], [ 72.8337925, 19.0135972 ], [ 72.833866, 19.0136249 ] ] } },
{ "type": "Feature", "properties": { "name": "Urban Corridor", "highway": "residential", "slope_pct": 0.6 }, "geometry": { "type": "LineString", "coordinates": [ [ 72.8374861, 19.0204868 ], [ 72.8376847, 19.0203734 ], [ 72.8377178, 19.0203665 ], [ 72.8377539, 19.0203658 ], [ 72.8377943, 19.0203662 ], [ 72.8378804, 19.0203554 ], [ 72.8379256, 19.0203472 ] ] } },
{ "type": "Feature", "properties": { "name": "Urban Corridor", "highway": "residential", "slope_pct": 0.6 }, "geometry": { "type": "LineString", "coordinates": [ [ 72.8378046, 19.020662 ], [ 72.8378178, 19.0205292 ], [ 72.8378164, 19.0204972 ], [ 72.8377943, 19.0203662 ] ] } },
{ "type": "Feature", "properties": { "name": "Urban Corridor", "highway": "residential", "slope_pct": 0.6 }, "geometry": { "type": "LineString", "coordinates": [ [ 72.838338, 19.0197201 ], [ 72.838566, 19.0196978 ], [ 72.8386284, 19.0196917 ] ] } },
{ "type": "Feature", "properties": { "name": "Urban Corridor", "highway": "residential", "slope_pct": 0.6 }, "geometry": { "type": "LineString", "coordinates": [ [ 72.8383335, 19.0197388 ], [ 72.8385568, 19.0197284 ], [ 72.8385604, 19.0197293 ], [ 72.838563, 19.0197332 ], [ 72.8385638, 19.0197433 ], [ 72.8385673, 19.0197851 ] ] } },
{ "type": "Feature", "properties": { "name": "Urban Corridor", "highway": "residential", "slope_pct": 0.6 }, "geometry": { "type": "LineString", "coordinates": [ [ 72.8385638, 19.0197433 ], [ 72.8385786, 19.0197424 ], [ 72.8386327, 19.0197391 ] ] } },
{ "type": "Feature", "properties": { "name": "Urban Corridor", "highway": "residential", "slope_pct": 0.6 }, "geometry": { "type": "LineString", "coordinates": [ [ 72.8383649, 19.0198272 ], [ 72.8385797, 19.0198102 ], [ 72.8386386, 19.0198055 ] ] } },
{ "type": "Feature", "properties": { "name": "Urban Corridor", "highway": "residential", "slope_pct": 0.6 }, "geometry": { "type": "LineString", "coordinates": [ [ 72.8372432, 19.0178334 ], [ 72.83748, 19.017812 ], [ 72.8374981, 19.0178104 ] ] } },
{ "type": "Feature", "properties": { "name": "Urban Corridor", "highway": "residential", "slope_pct": 0.6 }, "geometry": { "type": "LineString", "coordinates": [ [ 72.8374937, 19.0177626 ], [ 72.8374589, 19.0177655 ], [ 72.8372454, 19.0177883 ], [ 72.837238, 19.0177863 ], [ 72.8372329, 19.0177786 ], [ 72.8372232, 19.0176961 ], [ 72.8372244, 19.0176924 ], [ 72.8372286, 19.0176899 ], [ 72.8374459, 19.017659 ], [ 72.8374837, 19.0176543 ] ] } },
{ "type": "Feature", "properties": { "name": "Urban Corridor", "highway": "residential", "slope_pct": 0.6 }, "geometry": { "type": "LineString", "coordinates": [ [ 72.8374763, 19.0178987 ], [ 72.837475, 19.0178697 ], [ 72.8374735, 19.0178395 ] ] } },
{ "type": "Feature", "properties": { "name": "Urban Corridor", "highway": "residential", "slope_pct": 0.6 }, "geometry": { "type": "LineString", "coordinates": [ [ 72.837475, 19.0178697 ], [ 72.8374854, 19.0178695 ], [ 72.8375035, 19.0178691 ] ] } },
{ "type": "Feature", "properties": { "name": "Urban Corridor", "highway": "residential", "slope_pct": 0.6 }, "geometry": { "type": "LineString", "coordinates": [ [ 72.8373238, 19.017959 ], [ 72.8374616, 19.0179481 ], [ 72.8374797, 19.0179466 ], [ 72.8375072, 19.0179444 ] ] } },
{ "type": "Feature", "properties": { "name": "Urban Corridor", "highway": "residential", "slope_pct": 0.6 }, "geometry": { "type": "LineString", "coordinates": [ [ 72.8374562, 19.0180262 ], [ 72.8374649, 19.0180261 ], [ 72.8375058, 19.0180255 ] ] } },
{ "type": "Feature", "properties": { "name": "Urban Corridor", "highway": "residential", "slope_pct": 0.6 }, "geometry": { "type": "LineString", "coordinates": [ [ 72.8374649, 19.0180261 ], [ 72.8374616, 19.0179481 ] ] } },
{ "type": "Feature", "properties": { "name": "Urban Corridor", "highway": "residential", "slope_pct": 0.6 }, "geometry": { "type": "LineString", "coordinates": [ [ 72.8366318, 19.0179945 ], [ 72.8368192, 19.0179341 ], [ 72.836917, 19.0179026 ], [ 72.8369641, 19.0178874 ] ] } },
{ "type": "Feature", "properties": { "name": "Urban Corridor", "highway": "residential", "slope_pct": 0.6 }, "geometry": { "type": "LineString", "coordinates": [ [ 72.8362987, 19.0180496 ], [ 72.8362395, 19.0178796 ], [ 72.8362395, 19.0178719 ], [ 72.8362453, 19.0178657 ], [ 72.8363575, 19.0178348 ] ] } },
{ "type": "Feature", "properties": { "name": "Urban Corridor", "highway": "residential", "slope_pct": 0.6 }, "geometry": { "type": "LineString", "coordinates": [ [ 72.8360646, 19.0179532 ], [ 72.8361476, 19.0181569 ] ] } },
{ "type": "Feature", "properties": { "name": "Urban Corridor", "highway": "residential", "slope_pct": 0.6 }, "geometry": { "type": "LineString", "coordinates": [ [ 72.8380008, 19.0204967 ], [ 72.8380018, 19.0204204 ] ] } },
{ "type": "Feature", "properties": { "name": "Urban Corridor", "highway": "residential", "slope_pct": 0.6 }, "geometry": { "type": "LineString", "coordinates": [ [ 72.8362209, 19.0214122 ], [ 72.8363602, 19.0213615 ], [ 72.8363808, 19.0213624 ], [ 72.8363939, 19.0213784 ], [ 72.8364548, 19.0215262 ], [ 72.8364688, 19.0215448 ], [ 72.8364922, 19.0215492 ], [ 72.8367806, 19.0215492 ], [ 72.8368019, 19.0215544 ], [ 72.8368106, 19.0215703 ], [ 72.8368856, 19.0217723 ] ] } },
{ "type": "Feature", "properties": { "name": "Urban Corridor", "highway": "residential", "slope_pct": 0.6 }, "geometry": { "type": "LineString", "coordinates": [ [ 72.8362209, 19.0214122 ], [ 72.836347, 19.0217944 ] ] } },
{ "type": "Feature", "properties": { "name": "Urban Corridor", "highway": "residential", "slope_pct": 0.6 }, "geometry": { "type": "LineString", "coordinates": [ [ 72.8361502, 19.0217896 ], [ 72.8361548, 19.0218344 ], [ 72.8361569, 19.0218576 ], [ 72.8361654, 19.0219799 ], [ 72.8361684, 19.021992 ], [ 72.8361758, 19.0219974 ], [ 72.8361881, 19.0219989 ], [ 72.8363302, 19.0219934 ], [ 72.8363508, 19.0219897 ], [ 72.8363873, 19.0219763 ], [ 72.8364095, 19.0219672 ], [ 72.8364487, 19.0219538 ] ] } },
{ "type": "Feature", "properties": { "name": "Urban Corridor", "highway": "residential", "slope_pct": 0.6 }, "geometry": { "type": "LineString", "coordinates": [ [ 72.8361569, 19.0218576 ], [ 72.8363181, 19.0218549 ], [ 72.8363279, 19.0218568 ], [ 72.8363354, 19.0218605 ], [ 72.8363437, 19.0218699 ], [ 72.8363494, 19.021883 ], [ 72.8363873, 19.0219763 ] ] } },
{ "type": "Feature", "properties": { "name": "Urban Corridor", "highway": "residential", "slope_pct": 0.6 }, "geometry": { "type": "LineString", "coordinates": [ [ 72.8278265, 19.0188874 ], [ 72.8278782, 19.0188816 ], [ 72.8279316, 19.0189015 ], [ 72.8284741, 19.0192607 ] ] } },
{ "type": "Feature", "properties": { "name": "Urban Corridor", "highway": "residential", "slope_pct": 0.6 }, "geometry": { "type": "LineString", "coordinates": [ [ 72.8380188, 19.0191426 ], [ 72.8380069, 19.0190731 ], [ 72.8380019, 19.0190437 ], [ 72.8379756, 19.01889 ], [ 72.8379815, 19.0188796 ], [ 72.8379933, 19.018874 ], [ 72.8381529, 19.0188538 ], [ 72.8381632, 19.0188545 ], [ 72.8381698, 19.0188629 ], [ 72.838199, 19.01901 ], [ 72.8382059, 19.0190449 ], [ 72.8382195, 19.0191138 ] ] } },
{ "type": "Feature", "properties": { "name": "Urban Corridor", "highway": "residential", "slope_pct": 0.6 }, "geometry": { "type": "LineString", "coordinates": [ [ 72.8380019, 19.0190437 ], [ 72.838199, 19.01901 ] ] } },
{ "type": "Feature", "properties": { "name": "Urban Corridor", "highway": "residential", "slope_pct": 0.6 }, "geometry": { "type": "LineString", "coordinates": [ [ 72.8378041, 19.0191859 ], [ 72.837791, 19.0191455 ], [ 72.8377422, 19.0189953 ], [ 72.8377305, 19.018987 ], [ 72.8377172, 19.018987 ], [ 72.8376047, 19.0190169 ], [ 72.8375988, 19.0190259 ], [ 72.8375959, 19.0190363 ], [ 72.8376473, 19.0191993 ], [ 72.837663, 19.0192513 ] ] } },
{ "type": "Feature", "properties": { "name": "Urban Corridor", "highway": "residential", "slope_pct": 0.6 }, "geometry": { "type": "LineString", "coordinates": [ [ 72.8400317, 19.0280196 ], [ 72.8406131, 19.0282439 ], [ 72.8407058, 19.0282816 ] ] } },
{ "type": "Feature", "properties": { "name": "Urban Corridor", "highway": "residential", "slope_pct": 0.6 }, "geometry": { "type": "LineString", "coordinates": [ [ 72.8407058, 19.0282816 ], [ 72.841092, 19.0284286 ], [ 72.841125, 19.0284578 ], [ 72.8411367, 19.0284863 ], [ 72.8411382, 19.0285162 ], [ 72.841141, 19.0286083 ] ] } },
{ "type": "Feature", "properties": { "name": "Dr Madhukar B. Raut Marg", "highway": "residential", "slope_pct": 0.6 }, "geometry": { "type": "LineString", "coordinates": [ [ 72.8404931, 19.0284662 ], [ 72.8404404, 19.0285045 ], [ 72.8398809, 19.028811 ], [ 72.8398093, 19.0288555 ], [ 72.8382575, 19.0297666 ] ] } },
{ "type": "Feature", "properties": { "name": "Shivaji Park Road no.2", "highway": "residential", "slope_pct": 0.6 }, "geometry": { "type": "LineString", "coordinates": [ [ 72.8400523, 19.0279534 ], [ 72.8401336, 19.0279834 ], [ 72.8406425, 19.0281714 ], [ 72.8407414, 19.028208 ] ] } },
{ "type": "Feature", "properties": { "name": "Dr Madhukar B. Raut Marg", "highway": "residential", "slope_pct": 0.6 }, "geometry": { "type": "LineString", "coordinates": [ [ 72.8407058, 19.0282816 ], [ 72.8407414, 19.028208 ] ] } },
{ "type": "Feature", "properties": { "name": "Urban Corridor", "highway": "primary_link", "slope_pct": 0.6 }, "geometry": { "type": "LineString", "coordinates": [ [ 72.8413164, 19.0283042 ], [ 72.8412775, 19.028351 ], [ 72.841259, 19.0283624 ], [ 72.8412338, 19.0283702 ], [ 72.8411912, 19.0283788 ] ] } },
{ "type": "Feature", "properties": { "name": "Urban Corridor", "highway": "residential", "slope_pct": 0.6 }, "geometry": { "type": "LineString", "coordinates": [ [ 72.8382038, 19.0187792 ], [ 72.8382677, 19.0190651 ], [ 72.8382698, 19.0190745 ], [ 72.838277, 19.0191065 ] ] } },
{ "type": "Feature", "properties": { "name": "Urban Corridor", "highway": "residential", "slope_pct": 0.6 }, "geometry": { "type": "LineString", "coordinates": [ [ 72.8372122, 19.011611 ], [ 72.8372037, 19.0116021 ], [ 72.8368332, 19.0111528 ], [ 72.8373623, 19.0107989 ], [ 72.8374381, 19.0107577 ], [ 72.837447, 19.0107563 ], [ 72.8374558, 19.010757 ], [ 72.8374627, 19.0107614 ], [ 72.8375159, 19.0108418 ] ] } },
{ "type": "Feature", "properties": { "name": "Urban Corridor", "highway": "residential", "slope_pct": 0.6 }, "geometry": { "type": "LineString", "coordinates": [ [ 72.8367494, 19.0112072 ], [ 72.8368332, 19.0111528 ] ] } },
{ "type": "Feature", "properties": { "name": "Urban Corridor", "highway": "residential", "slope_pct": 0.6 }, "geometry": { "type": "LineString", "coordinates": [ [ 72.8381621, 19.0178557 ], [ 72.838307, 19.0180789 ], [ 72.8383077, 19.0180872 ], [ 72.8383048, 19.0181011 ], [ 72.8383037, 19.0181204 ], [ 72.8383158, 19.0181773 ] ] } },
{ "type": "Feature", "properties": { "name": "Urban Corridor", "highway": "residential", "slope_pct": 0.6 }, "geometry": { "type": "LineString", "coordinates": [ [ 72.8382106, 19.0181978 ], [ 72.8381711, 19.0181289 ], [ 72.83804, 19.0179002 ], [ 72.8380348, 19.017887 ], [ 72.8380378, 19.0178737 ], [ 72.8380481, 19.0178605 ], [ 72.8381032, 19.0178355 ], [ 72.8381121, 19.0178258 ], [ 72.8381121, 19.0178132 ], [ 72.8380929, 19.0177444 ] ] } },
{ "type": "Feature", "properties": { "name": "Urban Corridor", "highway": "residential", "slope_pct": 0.6 }, "geometry": { "type": "LineString", "coordinates": [ [ 72.837866, 19.0186912 ], [ 72.837898, 19.018784 ], [ 72.8379061, 19.0187896 ], [ 72.83792, 19.0187917 ], [ 72.8382665, 19.018711 ], [ 72.838276, 19.0187054 ], [ 72.838279, 19.0186978 ], [ 72.8382461, 19.0185891 ] ] } },
{ "type": "Feature", "properties": { "name": "Urban Corridor", "highway": "residential", "slope_pct": 0.6 }, "geometry": { "type": "LineString", "coordinates": [ [ 72.8380382, 19.0182696 ], [ 72.838316, 19.0182952 ], [ 72.8383344, 19.0183015 ], [ 72.8383454, 19.0183112 ], [ 72.8383602, 19.0183293 ], [ 72.8383778, 19.0185198 ], [ 72.8383779, 19.0185363 ], [ 72.838374, 19.0185519 ], [ 72.8383675, 19.0185661 ] ] } },
{ "type": "Feature", "properties": { "name": "J A Ravil Marg", "highway": "residential", "slope_pct": 0.6 }, "geometry": { "type": "LineString", "coordinates": [ [ 72.8306978, 19.0127839 ], [ 72.8308745, 19.0128761 ], [ 72.8311791, 19.0130351 ] ] } },
{ "type": "Feature", "properties": { "name": "J A Ravil Marg", "highway": "residential", "slope_pct": 0.6 }, "geometry": { "type": "LineString", "coordinates": [ [ 72.8298902, 19.0122894 ], [ 72.8299925, 19.0123831 ], [ 72.8301612, 19.012517 ], [ 72.8302924, 19.0125735 ], [ 72.8306978, 19.0127839 ] ] } },
{ "type": "Feature", "properties": { "name": "Urban Corridor", "highway": "residential", "slope_pct": 0.6 }, "geometry": { "type": "LineString", "coordinates": [ [ 72.835378, 19.0156121 ], [ 72.8354015, 19.0156706 ], [ 72.8354263, 19.0157323 ], [ 72.835465, 19.0158283 ], [ 72.8354757, 19.0158376 ], [ 72.8354879, 19.0158404 ], [ 72.8357085, 19.0158147 ] ] } },
{ "type": "Feature", "properties": { "name": "Urban Corridor", "highway": "residential", "slope_pct": 0.6 }, "geometry": { "type": "LineString", "coordinates": [ [ 72.8356018, 19.0155069 ], [ 72.8358538, 19.015379 ], [ 72.8358603, 19.0153716 ], [ 72.8358623, 19.0153634 ], [ 72.8357934, 19.0152558 ], [ 72.8357809, 19.0152342 ] ] } },
{ "type": "Feature", "properties": { "name": "Urban Corridor", "highway": "residential", "slope_pct": 0.6 }, "geometry": { "type": "LineString", "coordinates": [ [ 72.8353658, 19.0155213 ], [ 72.8355424, 19.0153933 ] ] } },
{ "type": "Feature", "properties": { "name": "Urban Corridor", "highway": "residential", "slope_pct": 0.6 }, "geometry": { "type": "LineString", "coordinates": [ [ 72.8352599, 19.0150783 ], [ 72.8350964, 19.015268 ], [ 72.835093, 19.0152765 ], [ 72.8350925, 19.0152838 ], [ 72.8350949, 19.0152891 ], [ 72.8351975, 19.0154064 ], [ 72.8352411, 19.0154556 ], [ 72.8353126, 19.0155363 ], [ 72.8353232, 19.0155382 ], [ 72.8353329, 19.0155391 ], [ 72.8353658, 19.0155213 ] ] } },
{ "type": "Feature", "properties": { "name": "Urban Corridor", "highway": "residential", "slope_pct": 0.6 }, "geometry": { "type": "LineString", "coordinates": [ [ 72.8351975, 19.0154064 ], [ 72.8352444, 19.0153644 ], [ 72.8352501, 19.0153628 ], [ 72.8352557, 19.0153636 ], [ 72.8352938, 19.0153998 ], [ 72.8352962, 19.0154052 ], [ 72.8352943, 19.0154092 ], [ 72.8352411, 19.0154556 ] ] } },
{ "type": "Feature", "properties": { "name": "Urban Corridor", "highway": "residential", "slope_pct": 0.6 }, "geometry": { "type": "LineString", "coordinates": [ [ 72.8354015, 19.0156706 ], [ 72.8354822, 19.0156412 ], [ 72.8354935, 19.0156412 ], [ 72.8355032, 19.015647 ], [ 72.8355208, 19.0156949 ], [ 72.8355186, 19.0157013 ], [ 72.8355135, 19.0157056 ], [ 72.8354263, 19.0157323 ] ] } },
{ "type": "Feature", "properties": { "name": "Urban Corridor", "highway": "residential", "slope_pct": 0.6 }, "geometry": { "type": "LineString", "coordinates": [ [ 72.8356765, 19.0152482 ], [ 72.835701, 19.0152889 ], [ 72.8357092, 19.0152947 ], [ 72.8357215, 19.0152932 ], [ 72.8357934, 19.0152558 ] ] } },
{ "type": "Feature", "properties": { "name": "Urban Corridor", "highway": "residential", "slope_pct": 0.6 }, "geometry": { "type": "LineString", "coordinates": [ [ 72.8357051, 19.0159394 ], [ 72.8357971, 19.0159381 ], [ 72.835816, 19.0159323 ], [ 72.8358258, 19.0159202 ], [ 72.8358237, 19.0158331 ], [ 72.8358201, 19.0158176 ], [ 72.835816, 19.0158084 ], [ 72.8357991, 19.0158036 ], [ 72.8357085, 19.0158147 ] ] } },
{ "type": "Feature", "properties": { "name": "Urban Corridor", "highway": "residential", "slope_pct": 0.6 }, "geometry": { "type": "LineString", "coordinates": [ [ 72.8392246, 19.018805 ], [ 72.8392824, 19.0189568 ] ] } },
{ "type": "Feature", "properties": { "name": "Urban Corridor", "highway": "residential", "slope_pct": 0.6 }, "geometry": { "type": "LineString", "coordinates": [ [ 72.8391739, 19.0186728 ], [ 72.8393569, 19.0185994 ] ] } },
{ "type": "Feature", "properties": { "name": "Urban Corridor", "highway": "residential", "slope_pct": 0.6 }, "geometry": { "type": "LineString", "coordinates": [ [ 72.8392631, 19.0181367 ], [ 72.8394095, 19.0180135 ], [ 72.8396788, 19.0178126 ], [ 72.8397644, 19.0177781 ], [ 72.8398192, 19.0177767 ] ] } },
{ "type": "Feature", "properties": { "name": "Urban Corridor", "highway": "residential", "slope_pct": 0.6 }, "geometry": { "type": "LineString", "coordinates": [ [ 72.8400084, 19.0179301 ], [ 72.8402511, 19.0180748 ], [ 72.840268, 19.0180928 ], [ 72.8402761, 19.0181193 ], [ 72.8402798, 19.0181485 ], [ 72.8402717, 19.01817 ], [ 72.8400964, 19.0184009 ], [ 72.8399211, 19.0185162 ] ] } },
{ "type": "Feature", "properties": { "name": "Urban Corridor", "highway": "residential", "slope_pct": 0.6 }, "geometry": { "type": "LineString", "coordinates": [ [ 72.8368026, 19.0163822 ], [ 72.836895, 19.0163616 ], [ 72.8369206, 19.0163559 ] ] } },
{ "type": "Feature", "properties": { "name": "Urban Corridor", "highway": "residential", "slope_pct": 0.6 }, "geometry": { "type": "LineString", "coordinates": [ [ 72.8367566, 19.0164519 ], [ 72.8367801, 19.0165249 ], [ 72.8367875, 19.0165315 ], [ 72.8367983, 19.0165326 ], [ 72.8369221, 19.0165033 ], [ 72.8369404, 19.016499 ], [ 72.8369668, 19.0164927 ] ] } },
{ "type": "Feature", "properties": { "name": "Urban Corridor", "highway": "residential", "slope_pct": 0.6 }, "geometry": { "type": "LineString", "coordinates": [ [ 72.8369221, 19.0165033 ], [ 72.8369026, 19.0164438 ], [ 72.8369026, 19.0164394 ], [ 72.8369057, 19.0164354 ], [ 72.8369183, 19.0164323 ], [ 72.8369442, 19.0164258 ] ] } },
{ "type": "Feature", "properties": { "name": "Urban Corridor", "highway": "residential", "slope_pct": 0.6 }, "geometry": { "type": "LineString", "coordinates": [ [ 72.8431941, 19.0214047 ], [ 72.8432677, 19.0215442 ], [ 72.8432677, 19.0215551 ], [ 72.8432626, 19.0215647 ], [ 72.8431503, 19.0216116 ], [ 72.8431381, 19.0216082 ], [ 72.8431309, 19.0216 ], [ 72.8431194, 19.0215789 ], [ 72.8431107, 19.0215776 ], [ 72.8430754, 19.0215946 ], [ 72.8430632, 19.0215946 ], [ 72.8430534, 19.0215893 ], [ 72.8430465, 19.0215805 ], [ 72.8429988, 19.0214708 ] ] } },
{ "type": "Feature", "properties": { "name": "Urban Corridor", "highway": "residential", "slope_pct": 0.6 }, "geometry": { "type": "LineString", "coordinates": [ [ 72.8433906, 19.0212571 ], [ 72.8434062, 19.0212874 ], [ 72.8434117, 19.0212981 ], [ 72.8434677, 19.0214071 ], [ 72.8434699, 19.0214227 ], [ 72.8434634, 19.021435 ], [ 72.8434425, 19.0214452 ], [ 72.8434324, 19.021454 ], [ 72.8434295, 19.0214704 ], [ 72.8434382, 19.0214813 ], [ 72.8434411, 19.0214969 ], [ 72.8434346, 19.0215064 ], [ 72.8433539, 19.0215425 ], [ 72.8433439, 19.0215412 ], [ 72.8433345, 19.0215316 ], [ 72.843328, 19.0215207 ], [ 72.8433208, 19.0215173 ], [ 72.84331, 19.0215194 ], [ 72.8432999, 19.0215214 ], [ 72.8432891, 19.0215187 ], [ 72.8432841, 19.0215112 ], [ 72.8432263, 19.0213969 ], [ 72.8432258, 19.0213923 ], [ 72.8432264, 19.021388 ], [ 72.8432304, 19.0213831 ], [ 72.8434117, 19.0212981 ] ] } },
{ "type": "Feature", "properties": { "name": "Urban Corridor", "highway": "residential", "slope_pct": 0.6 }, "geometry": { "type": "LineString", "coordinates": [ [ 72.8434266, 19.0212393 ], [ 72.8434905, 19.0213473 ], [ 72.8434962, 19.0213527 ], [ 72.8435049, 19.0213554 ], [ 72.8435185, 19.0213568 ], [ 72.8435898, 19.0213241 ], [ 72.8436013, 19.0213228 ], [ 72.8436107, 19.0213289 ], [ 72.8436352, 19.0213806 ] ] } },
{ "type": "Feature", "properties": { "name": "Urban Corridor", "highway": "residential", "slope_pct": 0.6 }, "geometry": { "type": "LineString", "coordinates": [ [ 72.8434048, 19.0210593 ], [ 72.8434927, 19.0212066 ] ] } },
{ "type": "Feature", "properties": { "name": "Urban Corridor", "highway": "residential", "slope_pct": 0.6 }, "geometry": { "type": "LineString", "coordinates": [ [ 72.8383721, 19.0187243 ], [ 72.8386278, 19.0186861 ], [ 72.8386593, 19.0186814 ], [ 72.838763, 19.0186659 ] ] } },
{ "type": "Feature", "properties": { "name": "Urban Corridor", "highway": "residential", "slope_pct": 0.6 }, "geometry": { "type": "LineString", "coordinates": [ [ 72.838682, 19.0190554 ], [ 72.8386766, 19.0190188 ], [ 72.8386743, 19.0190032 ], [ 72.8386512, 19.0188452 ], [ 72.8386278, 19.0186861 ] ] } },
{ "type": "Feature", "properties": { "name": "Urban Corridor", "highway": "residential", "slope_pct": 0.6 }, "geometry": { "type": "LineString", "coordinates": [ [ 72.8384195, 19.0190886 ], [ 72.8384121, 19.0190576 ], [ 72.8384093, 19.0190461 ], [ 72.8383762, 19.0189079 ], [ 72.8383762, 19.0189003 ], [ 72.8383793, 19.0188934 ], [ 72.8383862, 19.0188894 ], [ 72.8386512, 19.0188452 ] ] } },
{ "type": "Feature", "properties": { "name": "Urban Corridor", "highway": "residential", "slope_pct": 0.6 }, "geometry": { "type": "LineString", "coordinates": [ [ 72.8384093, 19.0190461 ], [ 72.8386743, 19.0190032 ] ] } },
{ "type": "Feature", "properties": { "name": "Urban Corridor", "highway": "residential", "slope_pct": 0.6 }, "geometry": { "type": "LineString", "coordinates": [ [ 72.8381561, 19.0196078 ], [ 72.8381201, 19.0193889 ], [ 72.8381223, 19.0193791 ], [ 72.8381274, 19.0193687 ], [ 72.8381385, 19.0193631 ], [ 72.8386443, 19.0193189 ], [ 72.8387288, 19.0193115 ] ] } },
{ "type": "Feature", "properties": { "name": "Urban Corridor", "highway": "residential", "slope_pct": 0.6 }, "geometry": { "type": "LineString", "coordinates": [ [ 72.8386074, 19.0190649 ], [ 72.8386194, 19.0191464 ], [ 72.8386202, 19.0191528 ], [ 72.8386274, 19.0191528 ], [ 72.838634, 19.0191554 ], [ 72.8386394, 19.0191605 ], [ 72.8386425, 19.0191685 ], [ 72.838654, 19.0192606 ], [ 72.8386513, 19.0192661 ], [ 72.8386386, 19.019273 ], [ 72.8386401, 19.0192835 ], [ 72.8386443, 19.0193189 ] ] } },
{ "type": "Feature", "properties": { "name": "Urban Corridor", "highway": "residential", "slope_pct": 0.6 }, "geometry": { "type": "LineString", "coordinates": [ [ 72.8384549, 19.0191688 ], [ 72.8386202, 19.0191528 ] ] } },
{ "type": "Feature", "properties": { "name": "Urban Corridor", "highway": "residential", "slope_pct": 0.6 }, "geometry": { "type": "LineString", "coordinates": [ [ 72.8384922, 19.0192845 ], [ 72.8386386, 19.019273 ] ] } },
{ "type": "Feature", "properties": { "name": "Urban Corridor", "highway": "residential", "slope_pct": 0.6 }, "geometry": { "type": "LineString", "coordinates": [ [ 72.8397639, 19.0189501 ], [ 72.8397293, 19.0189008 ], [ 72.839719, 19.018889 ], [ 72.8397043, 19.0188841 ], [ 72.8396947, 19.0188834 ], [ 72.8396574, 19.0188954 ], [ 72.8396402, 19.0189076 ], [ 72.839606, 19.0189332 ], [ 72.8395677, 19.0189495 ] ] } },
{ "type": "Feature", "properties": { "name": "Urban Corridor", "highway": "residential", "slope_pct": 0.6 }, "geometry": { "type": "LineString", "coordinates": [ [ 72.8396574, 19.0188954 ], [ 72.8396134, 19.0188209 ] ] } },
{ "type": "Feature", "properties": { "name": "Urban Corridor", "highway": "residential", "slope_pct": 0.6 }, "geometry": { "type": "LineString", "coordinates": [ [ 72.8395879, 19.0187318 ], [ 72.8395049, 19.018772 ], [ 72.8395029, 19.0187748 ], [ 72.8395031, 19.0187789 ], [ 72.8395397, 19.0188427 ], [ 72.8395445, 19.018851 ] ] } },
{ "type": "Feature", "properties": { "name": "Urban Corridor", "highway": "residential", "slope_pct": 0.6 }, "geometry": { "type": "LineString", "coordinates": [ [ 72.8395927, 19.0188164 ], [ 72.839595, 19.0188206 ], [ 72.8395987, 19.0188274 ] ] } },
{ "type": "Feature", "properties": { "name": "Urban Corridor", "highway": "residential", "slope_pct": 0.6 }, "geometry": { "type": "LineString", "coordinates": [ [ 72.8385627, 19.0203298 ], [ 72.8387463, 19.0203453 ] ] } },
{ "type": "Feature", "properties": { "name": "Urban Corridor", "highway": "residential", "slope_pct": 0.6 }, "geometry": { "type": "LineString", "coordinates": [ [ 72.8387463, 19.0203453 ], [ 72.8387633, 19.0203487 ], [ 72.8387684, 19.0203605 ], [ 72.8387633, 19.0204307 ] ] } },
{ "type": "Feature", "properties": { "name": "Urban Corridor", "highway": "residential", "slope_pct": 0.6 }, "geometry": { "type": "LineString", "coordinates": [ [ 72.838517, 19.0207153 ], [ 72.8384375, 19.0207128 ], [ 72.838421, 19.0207123 ], [ 72.8381473, 19.0207037 ], [ 72.8381392, 19.0207086 ], [ 72.838137, 19.0207204 ], [ 72.8381311, 19.0207899 ], [ 72.8381406, 19.0207982 ], [ 72.8381568, 19.0208003 ], [ 72.8381951, 19.0207941 ], [ 72.8384118, 19.0208013 ], [ 72.8384256, 19.0208021 ], [ 72.8384906, 19.0208057 ] ] } },
{ "type": "Feature", "properties": { "name": "Urban Corridor", "highway": "residential", "slope_pct": 0.6 }, "geometry": { "type": "LineString", "coordinates": [ [ 72.8384118, 19.0208013 ], [ 72.838421, 19.0207123 ] ] } },
{ "type": "Feature", "properties": { "name": "Urban Corridor", "highway": "residential", "slope_pct": 0.6 }, "geometry": { "type": "LineString", "coordinates": [ [ 72.8345915, 19.0124993 ], [ 72.8349265, 19.0127687 ] ] } },
{ "type": "Feature", "properties": { "name": "Urban Corridor", "highway": "residential", "slope_pct": 0.6 }, "geometry": { "type": "LineString", "coordinates": [ [ 72.8348846, 19.0129106 ], [ 72.8347498, 19.0128019 ], [ 72.8344998, 19.0126003 ] ] } },
{ "type": "Feature", "properties": { "name": "Urban Corridor", "highway": "residential", "slope_pct": 0.6 }, "geometry": { "type": "LineString", "coordinates": [ [ 72.8343148, 19.0128067 ], [ 72.8343114, 19.0128277 ], [ 72.8343212, 19.0128414 ], [ 72.8345264, 19.0130104 ] ] } },
{ "type": "Feature", "properties": { "name": "Urban Corridor", "highway": "residential", "slope_pct": 0.6 }, "geometry": { "type": "LineString", "coordinates": [ [ 72.8345264, 19.0130104 ], [ 72.8345347, 19.013014 ], [ 72.8345461, 19.0130155 ], [ 72.8345534, 19.0130133 ], [ 72.8345641, 19.0130064 ], [ 72.8346483, 19.0129139 ], [ 72.8347498, 19.0128019 ] ] } },
{ "type": "Feature", "properties": { "name": "Urban Corridor", "highway": "residential", "slope_pct": 0.6 }, "geometry": { "type": "LineString", "coordinates": [ [ 72.8345406, 19.0128257 ], [ 72.8346483, 19.0129139 ] ] } },
{ "type": "Feature", "properties": { "name": "Urban Corridor", "highway": "residential", "slope_pct": 0.6 }, "geometry": { "type": "LineString", "coordinates": [ [ 72.8443158, 19.0250826 ], [ 72.8442162, 19.0248508 ], [ 72.8442125, 19.0248293 ], [ 72.8442206, 19.0248112 ], [ 72.8442339, 19.0247987 ], [ 72.8444192, 19.0247431 ], [ 72.8444368, 19.0247438 ], [ 72.8444582, 19.0247535 ], [ 72.8444751, 19.0247688 ], [ 72.8446068, 19.0250618 ], [ 72.8446298, 19.025113 ] ] } },
{ "type": "Feature", "properties": { "name": "Urban Corridor", "highway": "residential", "slope_pct": 0.6 }, "geometry": { "type": "LineString", "coordinates": [ [ 72.8340592, 19.017145 ], [ 72.8341873, 19.017047 ] ] } },
{ "type": "Feature", "properties": { "name": "Urban Corridor", "highway": "residential", "slope_pct": 0.6 }, "geometry": { "type": "LineString", "coordinates": [ [ 72.8337718, 19.0168803 ], [ 72.8339181, 19.0167843 ] ] } },
{ "type": "Feature", "properties": { "name": "Urban Corridor", "highway": "residential", "slope_pct": 0.6 }, "geometry": { "type": "LineString", "coordinates": [ [ 72.8371866, 19.0195435 ], [ 72.8370599, 19.0196825 ], [ 72.8370474, 19.0197019 ], [ 72.8370445, 19.0197228 ], [ 72.8370531, 19.0197796 ], [ 72.8370549, 19.0198296 ], [ 72.8370479, 19.0198567 ], [ 72.8369766, 19.019961 ], [ 72.8369736, 19.0199812 ], [ 72.836981, 19.0200118 ], [ 72.8370685, 19.0201154 ], [ 72.8370832, 19.0201244 ], [ 72.8371031, 19.0201258 ], [ 72.8373186, 19.0200417 ], [ 72.8373458, 19.0200306 ], [ 72.8374032, 19.0199902 ], [ 72.8375597, 19.0198078 ] ] } },
{ "type": "Feature", "properties": { "name": "Urban Corridor", "highway": "residential", "slope_pct": 0.6 }, "geometry": { "type": "LineString", "coordinates": [ [ 72.8363602, 19.020328 ], [ 72.8364959, 19.0202603 ], [ 72.8365992, 19.0202078 ] ] } },
{ "type": "Feature", "properties": { "name": "Urban Corridor", "highway": "residential", "slope_pct": 0.6 }, "geometry": { "type": "LineString", "coordinates": [ [ 72.8318429, 19.0144753 ], [ 72.8318546, 19.0144546 ], [ 72.8318674, 19.0144344 ], [ 72.832095, 19.0140762 ] ] } },
{ "type": "Feature", "properties": { "name": "Urban Corridor", "highway": "residential", "slope_pct": 0.6 }, "geometry": { "type": "LineString", "coordinates": [ [ 72.8317538, 19.0143779 ], [ 72.8318674, 19.0144344 ] ] } },
{ "type": "Feature", "properties": { "name": "Urban Corridor", "highway": "residential", "slope_pct": 0.6 }, "geometry": { "type": "LineString", "coordinates": [ [ 72.8317322, 19.0144135 ], [ 72.8317444, 19.0143934 ], [ 72.8317538, 19.0143779 ], [ 72.8317597, 19.0143682 ] ] } },
{ "type": "Feature", "properties": { "name": "Urban Corridor", "highway": "residential", "slope_pct": 0.6 }, "geometry": { "type": "LineString", "coordinates": [ [ 72.8365398, 19.0243669 ], [ 72.8366418, 19.0242907 ], [ 72.8366486, 19.0242832 ], [ 72.8366684, 19.0242318 ], [ 72.8366722, 19.0242207 ], [ 72.8366929, 19.0241517 ] ] } },
{ "type": "Feature", "properties": { "name": "Urban Corridor", "highway": "residential", "slope_pct": 0.6 }, "geometry": { "type": "LineString", "coordinates": [ [ 72.8364932, 19.0244072 ], [ 72.8364786, 19.0244141 ], [ 72.8364609, 19.0244203 ], [ 72.8364466, 19.0244178 ], [ 72.8363323, 19.0243049 ] ] } },
{ "type": "Feature", "properties": { "name": "Urban Corridor", "highway": "primary", "slope_pct": 0.6 }, "geometry": { "type": "LineString", "coordinates": [ [ 72.8357426, 19.0184426 ], [ 72.835626, 19.0184615 ], [ 72.8355503, 19.0184959 ] ] } },
{ "type": "Feature", "properties": { "name": "Urban Corridor", "highway": "primary", "slope_pct": 0.6 }, "geometry": { "type": "LineString", "coordinates": [ [ 72.8358527, 19.0184236 ], [ 72.8357426, 19.0184426 ] ] } },
{ "type": "Feature", "properties": { "name": "Urban Corridor", "highway": "residential", "slope_pct": 0.6 }, "geometry": { "type": "LineString", "coordinates": [ [ 72.8348736, 19.0153883 ], [ 72.8349566, 19.0155253 ], [ 72.8349798, 19.0155635 ], [ 72.8349827, 19.015576 ], [ 72.8349798, 19.0155878 ], [ 72.8349548, 19.0156365 ], [ 72.8349489, 19.0156622 ], [ 72.8349496, 19.0156747 ], [ 72.8350092, 19.0158242 ], [ 72.8350173, 19.0158339 ], [ 72.8350291, 19.0158367 ], [ 72.8350401, 19.0158388 ], [ 72.8350563, 19.0158451 ], [ 72.8350732, 19.015859 ], [ 72.8351173, 19.0160014 ], [ 72.8351488, 19.0161028 ] ] } },
{ "type": "Feature", "properties": { "name": "Urban Corridor", "highway": "residential", "slope_pct": 0.6 }, "geometry": { "type": "LineString", "coordinates": [ [ 72.8383133, 19.0232407 ], [ 72.838375, 19.0232774 ], [ 72.8387572, 19.0235048 ], [ 72.8388173, 19.0235406 ] ] } },
{ "type": "Feature", "properties": { "name": "Urban Corridor", "highway": "residential", "slope_pct": 0.6 }, "geometry": { "type": "LineString", "coordinates": [ [ 72.8365143, 19.0178006 ], [ 72.8363898, 19.0178391 ] ] } },
{ "type": "Feature", "properties": { "name": "Urban Corridor", "highway": "residential", "slope_pct": 0.6 }, "geometry": { "type": "LineString", "coordinates": [ [ 72.8363189, 19.0176374 ], [ 72.836437, 19.017598 ] ] } },
{ "type": "Feature", "properties": { "name": "Urban Corridor", "highway": "residential", "slope_pct": 0.6 }, "geometry": { "type": "LineString", "coordinates": [ [ 72.8364981, 19.0161757 ], [ 72.8366094, 19.0161507 ] ] } },
{ "type": "Feature", "properties": { "name": "Urban Corridor", "highway": "residential", "slope_pct": 0.6 }, "geometry": { "type": "LineString", "coordinates": [ [ 72.8374586, 19.021344 ], [ 72.8376931, 19.0212051 ], [ 72.8377895, 19.021148 ] ] } },
{ "type": "Feature", "properties": { "name": "Urban Corridor", "highway": "residential", "slope_pct": 0.6 }, "geometry": { "type": "LineString", "coordinates": [ [ 72.8307258, 19.0205358 ], [ 72.8309211, 19.0207432 ], [ 72.8309588, 19.0207833 ] ] } },
{ "type": "Feature", "properties": { "name": "Urban Corridor", "highway": "residential", "slope_pct": 0.6 }, "geometry": { "type": "LineString", "coordinates": [ [ 72.8308226, 19.0204591 ], [ 72.8310111, 19.0206686 ], [ 72.8310428, 19.0207038 ] ] } },
{ "type": "Feature", "properties": { "name": "Urban Corridor", "highway": "residential", "slope_pct": 0.6 }, "geometry": { "type": "LineString", "coordinates": [ [ 72.8309211, 19.0207432 ], [ 72.8310111, 19.0206686 ] ] } },
{ "type": "Feature", "properties": { "name": "Urban Corridor", "highway": "residential", "slope_pct": 0.6 }, "geometry": { "type": "LineString", "coordinates": [ [ 72.83095, 19.0204975 ], [ 72.8310966, 19.020653 ] ] } },
{ "type": "Feature", "properties": { "name": "Urban Corridor", "highway": "residential", "slope_pct": 0.6 }, "geometry": { "type": "LineString", "coordinates": [ [ 72.836044, 19.0163832 ], [ 72.8360662, 19.0165791 ], [ 72.8360681, 19.0167925 ], [ 72.8360375, 19.0168307 ], [ 72.8359227, 19.0168645 ], [ 72.8358957, 19.0168943 ], [ 72.835893, 19.0169182 ], [ 72.8359587, 19.0170674 ] ] } },
{ "type": "Feature", "properties": { "name": "Urban Corridor", "highway": "residential", "slope_pct": 0.6 }, "geometry": { "type": "LineString", "coordinates": [ [ 72.8359227, 19.0168645 ], [ 72.8358682, 19.0168575 ], [ 72.8358535, 19.0168514 ], [ 72.8358102, 19.0167815 ], [ 72.8357843, 19.0167364 ], [ 72.835731, 19.0166428 ], [ 72.8357314, 19.016628 ], [ 72.8357408, 19.0166173 ], [ 72.836044, 19.0163832 ] ] } },
{ "type": "Feature", "properties": { "name": "Urban Corridor", "highway": "residential", "slope_pct": 0.6 }, "geometry": { "type": "LineString", "coordinates": [ [ 72.8357843, 19.0167364 ], [ 72.8358458, 19.0167025 ], [ 72.8358565, 19.0167057 ], [ 72.8358762, 19.0167382 ], [ 72.8358742, 19.016747 ], [ 72.8358102, 19.0167815 ] ] } },
{ "type": "Feature", "properties": { "name": "Urban Corridor", "highway": "residential", "slope_pct": 0.6 }, "geometry": { "type": "LineString", "coordinates": [ [ 72.8360662, 19.0165791 ], [ 72.8362476, 19.0165657 ], [ 72.8362654, 19.0165577 ], [ 72.8362673, 19.0165383 ], [ 72.8362298, 19.0162453 ], [ 72.8362251, 19.016232 ], [ 72.8362083, 19.0162231 ], [ 72.8360247, 19.0162558 ] ] } },
{ "type": "Feature", "properties": { "name": "Urban Corridor", "highway": "residential", "slope_pct": 0.6 }, "geometry": { "type": "LineString", "coordinates": [ [ 72.8293326, 19.0205863 ], [ 72.8294471, 19.0204557 ], [ 72.8297064, 19.0201595 ], [ 72.8297326, 19.0201296 ], [ 72.8298129, 19.020038 ] ] } },
{ "type": "Feature", "properties": { "name": "Urban Corridor", "highway": "residential", "slope_pct": 0.6 }, "geometry": { "type": "LineString", "coordinates": [ [ 72.8294663, 19.0206919 ], [ 72.8295743, 19.0205641 ], [ 72.8298168, 19.020277 ], [ 72.8298192, 19.0202668 ], [ 72.8298158, 19.0202557 ], [ 72.8297064, 19.0201595 ] ] } },
{ "type": "Feature", "properties": { "name": "Urban Corridor", "highway": "residential", "slope_pct": 0.6 }, "geometry": { "type": "LineString", "coordinates": [ [ 72.8295743, 19.0205641 ], [ 72.8294471, 19.0204557 ] ] } },
{ "type": "Feature", "properties": { "name": "Urban Corridor", "highway": "residential", "slope_pct": 0.6 }, "geometry": { "type": "LineString", "coordinates": [ [ 72.830998, 19.0200311 ], [ 72.8308943, 19.020155 ], [ 72.8308774, 19.0201585 ], [ 72.8308484, 19.0201514 ], [ 72.8307567, 19.0200895 ], [ 72.830751, 19.0200726 ], [ 72.8307613, 19.0200558 ], [ 72.8308615, 19.0198823 ], [ 72.8308859, 19.0198177 ], [ 72.8308934, 19.0197469 ], [ 72.8308746, 19.0196415 ], [ 72.8308175, 19.0195548 ], [ 72.8305048, 19.0192689 ], [ 72.8304861, 19.0192689 ], [ 72.8304467, 19.0192812 ], [ 72.8303587, 19.0193636 ] ] } },
{ "type": "Feature", "properties": { "name": "Urban Corridor", "highway": "residential", "slope_pct": 0.6 }, "geometry": { "type": "LineString", "coordinates": [ [ 72.8295363, 19.0196746 ], [ 72.8295052, 19.0197055 ], [ 72.8294975, 19.0197132 ], [ 72.8294904, 19.0197202 ] ] } },
{ "type": "Feature", "properties": { "name": "Urban Corridor", "highway": "residential", "slope_pct": 0.6 }, "geometry": { "type": "LineString", "coordinates": [ [ 72.8295052, 19.0197055 ], [ 72.8294737, 19.0196758 ], [ 72.8294555, 19.0196577 ], [ 72.8294529, 19.0196495 ], [ 72.8294519, 19.0196405 ], [ 72.8294544, 19.0196361 ], [ 72.8295485, 19.019535 ], [ 72.8295589, 19.0195238 ] ] } },
{ "type": "Feature", "properties": { "name": "Urban Corridor", "highway": "residential", "slope_pct": 0.6 }, "geometry": { "type": "LineString", "coordinates": [ [ 72.8296186, 19.0195695 ], [ 72.8295589, 19.0195238 ], [ 72.829552, 19.0195186 ], [ 72.8295094, 19.019486 ] ] } },
{ "type": "Feature", "properties": { "name": "Urban Corridor", "highway": "residential", "slope_pct": 0.6 }, "geometry": { "type": "LineString", "coordinates": [ [ 72.82946, 19.0196902 ], [ 72.8294668, 19.019683 ], [ 72.8294737, 19.0196758 ] ] } },
{ "type": "Feature", "properties": { "name": "Urban Corridor", "highway": "residential", "slope_pct": 0.6 }, "geometry": { "type": "LineString", "coordinates": [ [ 72.8298788, 19.0190892 ], [ 72.8299133, 19.0191387 ], [ 72.8299444, 19.0191851 ], [ 72.830286, 19.0196521 ], [ 72.8302934, 19.0196725 ], [ 72.8302897, 19.0196911 ], [ 72.8302775, 19.0197052 ], [ 72.8302522, 19.0197159 ], [ 72.830212, 19.0197229 ], [ 72.8301455, 19.0197176 ], [ 72.8300809, 19.0196937 ], [ 72.8300432, 19.019663 ], [ 72.8300335, 19.0196402 ], [ 72.8300388, 19.0196153 ], [ 72.8300412, 19.0195816 ], [ 72.8300339, 19.0195593 ], [ 72.829926, 19.0193921 ], [ 72.8299094, 19.0193843 ], [ 72.8298888, 19.0193783 ], [ 72.829859, 19.0193379 ], [ 72.8298534, 19.0193104 ], [ 72.8298562, 19.0192821 ], [ 72.8298665, 19.0192697 ], [ 72.8299444, 19.0191851 ] ] } },
{ "type": "Feature", "properties": { "name": "Urban Corridor", "highway": "residential", "slope_pct": 0.6 }, "geometry": { "type": "LineString", "coordinates": [ [ 72.8340932, 19.0150596 ], [ 72.8340505, 19.0149673 ], [ 72.834047, 19.0149615 ], [ 72.834042, 19.0149593 ], [ 72.8340351, 19.0149593 ], [ 72.8338887, 19.0150157 ] ] } },
{ "type": "Feature", "properties": { "name": "Urban Corridor", "highway": "residential", "slope_pct": 0.6 }, "geometry": { "type": "LineString", "coordinates": [ [ 72.8316367, 19.0224485 ], [ 72.8317319, 19.0223596 ], [ 72.8317377, 19.022356 ], [ 72.8317435, 19.022356 ], [ 72.8317481, 19.0223574 ], [ 72.8317685, 19.022376 ], [ 72.8317762, 19.02238 ], [ 72.8317831, 19.0223804 ], [ 72.8317893, 19.0223778 ], [ 72.831864, 19.0223083 ], [ 72.8318694, 19.0223028 ], [ 72.8318729, 19.0222973 ], [ 72.8318736, 19.0222919 ], [ 72.8318725, 19.0222882 ], [ 72.831755, 19.0221699 ], [ 72.8317456, 19.0221662 ], [ 72.8317337, 19.0221638 ], [ 72.8317135, 19.0221596 ], [ 72.8316939, 19.0221538 ], [ 72.8316722, 19.0221432 ], [ 72.8316346, 19.0221077 ] ] } },
{ "type": "Feature", "properties": { "name": "P L K Marg", "highway": "residential", "slope_pct": 0.6 }, "geometry": { "type": "LineString", "coordinates": [ [ 72.8379241, 19.0219832 ], [ 72.8384163, 19.0215978 ] ] } },
{ "type": "Feature", "properties": { "name": "Raobahadur S.K. Bole Marg", "highway": "primary", "slope_pct": 0.6 }, "geometry": { "type": "LineString", "coordinates": [ [ 72.8330184, 19.0185034 ], [ 72.8329754, 19.0184767 ], [ 72.8327957, 19.0183496 ], [ 72.8323934, 19.0180973 ], [ 72.8322107, 19.0180255 ], [ 72.83198, 19.0179166 ], [ 72.8317734, 19.0178705 ], [ 72.8316535, 19.0178471 ], [ 72.8316209, 19.0178408 ], [ 72.8315692, 19.017829 ], [ 72.8314221, 19.0177879 ], [ 72.8310326, 19.0176792 ] ] } },
{ "type": "Feature", "properties": { "name": "Raobahadur S.K. Bole Marg", "highway": "primary", "slope_pct": 0.6 }, "geometry": { "type": "LineString", "coordinates": [ [ 72.833357, 19.0186191 ], [ 72.8333043, 19.01859 ], [ 72.8332046, 19.0185857 ], [ 72.8331378, 19.0185648 ] ] } },
{ "type": "Feature", "properties": { "name": "Urban Corridor", "highway": "primary", "slope_pct": 0.6 }, "geometry": { "type": "LineString", "coordinates": [ [ 72.8330184, 19.0185034 ], [ 72.8330201, 19.0185308 ], [ 72.8331246, 19.0186109 ], [ 72.8331931, 19.0186284 ] ] } },
{ "type": "Feature", "properties": { "name": "Raobahadur S.K. Bole Marg", "highway": "primary", "slope_pct": 0.6 }, "geometry": { "type": "LineString", "coordinates": [ [ 72.8331378, 19.0185648 ], [ 72.8330481, 19.0184976 ], [ 72.8330184, 19.0185034 ] ] } },
{ "type": "Feature", "properties": { "name": "Urban Corridor", "highway": "tertiary", "slope_pct": 0.6 }, "geometry": { "type": "LineString", "coordinates": [ [ 72.8331378, 19.0185648 ], [ 72.8331246, 19.0186109 ], [ 72.8331128, 19.0186664 ], [ 72.8331327, 19.0187181 ] ] } },
{ "type": "Feature", "properties": { "name": "Urban Corridor", "highway": "primary", "slope_pct": 0.6 }, "geometry": { "type": "LineString", "coordinates": [ [ 72.8331931, 19.0186284 ], [ 72.8332097, 19.0186323 ], [ 72.8333129, 19.0186372 ], [ 72.833357, 19.0186191 ] ] } },
{ "type": "Feature", "properties": { "name": "N.M. Kale Marg", "highway": "tertiary", "slope_pct": 0.6 }, "geometry": { "type": "LineString", "coordinates": [ [ 72.8331327, 19.0187181 ], [ 72.8331748, 19.0186893 ], [ 72.8331893, 19.0186428 ], [ 72.8331931, 19.0186284 ], [ 72.8332046, 19.0185857 ] ] } },
{ "type": "Feature", "properties": { "name": "Urban Corridor", "highway": "residential", "slope_pct": 0.6 }, "geometry": { "type": "LineString", "coordinates": [ [ 72.8380356, 19.0163779 ], [ 72.8381235, 19.0165144 ], [ 72.8381411, 19.0165224 ], [ 72.8381636, 19.0165204 ], [ 72.8383995, 19.0163916 ], [ 72.8384122, 19.0163843 ], [ 72.8384178, 19.0163737 ], [ 72.838415, 19.0163597 ], [ 72.8383405, 19.0162452 ], [ 72.8383313, 19.0162382 ], [ 72.838319, 19.0162364 ] ] } },
{ "type": "Feature", "properties": { "name": "Urban Corridor", "highway": "residential", "slope_pct": 0.6 }, "geometry": { "type": "LineString", "coordinates": [ [ 72.8377813, 19.0165183 ], [ 72.83797, 19.0164106 ], [ 72.8380211, 19.0163851 ] ] } },
{ "type": "Feature", "properties": { "name": "Urban Corridor", "highway": "residential", "slope_pct": 0.6 }, "geometry": { "type": "LineString", "coordinates": [ [ 72.8345365, 19.0198521 ], [ 72.8342754, 19.0198639 ], [ 72.8342754, 19.0198869 ], [ 72.8342622, 19.0199265 ], [ 72.8341624, 19.0200473 ], [ 72.8340745, 19.0201539 ] ] } },
{ "type": "Feature", "properties": { "name": "Urban Corridor", "highway": "residential", "slope_pct": 0.6 }, "geometry": { "type": "LineString", "coordinates": [ [ 72.8342754, 19.0198639 ], [ 72.8342658, 19.0197311 ], [ 72.8342695, 19.0197158 ], [ 72.8342798, 19.0197124 ], [ 72.834585, 19.0196943 ], [ 72.8345983, 19.0196991 ], [ 72.8346078, 19.0197089 ], [ 72.834613, 19.0197402 ] ] } },
{ "type": "Feature", "properties": { "name": "Urban Corridor", "highway": "residential", "slope_pct": 0.6 }, "geometry": { "type": "LineString", "coordinates": [ [ 72.8361179, 19.0170241 ], [ 72.8361312, 19.0169982 ], [ 72.8361395, 19.0169778 ], [ 72.8361435, 19.0169541 ], [ 72.836141, 19.0169245 ], [ 72.8361351, 19.0169045 ], [ 72.8361234, 19.0168883 ], [ 72.8361075, 19.0168717 ], [ 72.8360707, 19.0168676 ], [ 72.8360495, 19.016857 ], [ 72.8360375, 19.0168307 ] ] } },
{ "type": "Feature", "properties": { "name": "Urban Corridor", "highway": "residential", "slope_pct": 0.6 }, "geometry": { "type": "LineString", "coordinates": [ [ 72.8352041, 19.0213008 ], [ 72.8351763, 19.0213097 ], [ 72.8351022, 19.0213334 ] ] } },
{ "type": "Feature", "properties": { "name": "Urban Corridor", "highway": "residential", "slope_pct": 0.6 }, "geometry": { "type": "LineString", "coordinates": [ [ 72.8310542, 19.0172005 ], [ 72.8312287, 19.0173087 ], [ 72.8312539, 19.0173243 ], [ 72.8312991, 19.0173523 ] ] } },
{ "type": "Feature", "properties": { "name": "Urban Corridor", "highway": "residential", "slope_pct": 0.6 }, "geometry": { "type": "LineString", "coordinates": [ [ 72.8311103, 19.0174531 ], [ 72.8312287, 19.0173087 ] ] } },
{ "type": "Feature", "properties": { "name": "Urban Corridor", "highway": "residential", "slope_pct": 0.6 }, "geometry": { "type": "LineString", "coordinates": [ [ 72.8319661, 19.0200624 ], [ 72.8319349, 19.02002 ], [ 72.8319031, 19.0199762 ], [ 72.8317405, 19.0197591 ], [ 72.831739, 19.019748 ], [ 72.8317397, 19.0197375 ], [ 72.8317464, 19.0197264 ], [ 72.8318854, 19.0196416 ], [ 72.8318927, 19.0196409 ], [ 72.831903, 19.0196423 ], [ 72.8319882, 19.0197519 ], [ 72.8320542, 19.019837 ], [ 72.8320562, 19.0198472 ], [ 72.8320538, 19.0198603 ], [ 72.8320488, 19.0198665 ], [ 72.8319031, 19.0199762 ] ] } },
{ "type": "Feature", "properties": { "name": "Urban Corridor", "highway": "residential", "slope_pct": 0.6 }, "geometry": { "type": "LineString", "coordinates": [ [ 72.8319882, 19.0197519 ], [ 72.8320131, 19.019734 ], [ 72.832065, 19.0196967 ] ] } },
{ "type": "Feature", "properties": { "name": "Urban Corridor", "highway": "residential", "slope_pct": 0.6 }, "geometry": { "type": "LineString", "coordinates": [ [ 72.8311751, 19.0183888 ], [ 72.8312279, 19.0183532 ], [ 72.8312478, 19.0183398 ], [ 72.8314171, 19.0182354 ], [ 72.8313076, 19.0180766 ], [ 72.8312117, 19.0179534 ], [ 72.8311863, 19.0179378 ], [ 72.8311528, 19.0179301 ], [ 72.8311316, 19.0179333 ], [ 72.8310027, 19.0180104 ], [ 72.8309757, 19.0180265 ], [ 72.8309106, 19.0180654 ] ] } },
{ "type": "Feature", "properties": { "name": "Urban Corridor", "highway": "residential", "slope_pct": 0.6 }, "geometry": { "type": "LineString", "coordinates": [ [ 72.8312478, 19.0183398 ], [ 72.8310027, 19.0180104 ] ] } },
{ "type": "Feature", "properties": { "name": "Urban Corridor", "highway": "residential", "slope_pct": 0.6 }, "geometry": { "type": "LineString", "coordinates": [ [ 72.8314171, 19.0182354 ], [ 72.8314414, 19.0182208 ], [ 72.8314758, 19.0182 ] ] } },
{ "type": "Feature", "properties": { "name": "Urban Corridor", "highway": "residential", "slope_pct": 0.6 }, "geometry": { "type": "LineString", "coordinates": [ [ 72.8298804, 19.0201077 ], [ 72.830166, 19.0198508 ], [ 72.8301791, 19.0198458 ], [ 72.8301982, 19.0198541 ], [ 72.8303578, 19.0200245 ] ] } },
{ "type": "Feature", "properties": { "name": "Urban Corridor", "highway": "residential", "slope_pct": 0.6 }, "geometry": { "type": "LineString", "coordinates": [ [ 72.8286467, 19.0182195 ], [ 72.8286171, 19.0180952 ], [ 72.8286493, 19.0180141 ], [ 72.8286949, 19.0179406 ], [ 72.8287459, 19.0179025 ], [ 72.8288225, 19.0178933 ], [ 72.8299406, 19.0185904 ], [ 72.8300746, 19.0186902 ], [ 72.8301261, 19.0187316 ], [ 72.8302334, 19.0188133 ] ] } },
{ "type": "Feature", "properties": { "name": "Urban Corridor", "highway": "residential", "slope_pct": 0.6 }, "geometry": { "type": "LineString", "coordinates": [ [ 72.8298223, 19.0189004 ], [ 72.8298476, 19.0189192 ], [ 72.8298989, 19.0189572 ], [ 72.8299755, 19.019014 ] ] } },
{ "type": "Feature", "properties": { "name": "Urban Corridor", "highway": "residential", "slope_pct": 0.6 }, "geometry": { "type": "LineString", "coordinates": [ [ 72.8333512, 19.0112601 ], [ 72.8333017, 19.0111781 ], [ 72.8332599, 19.0111396 ], [ 72.8332251, 19.0111179 ], [ 72.8331923, 19.0111104 ], [ 72.8331216, 19.0111302 ], [ 72.8331037, 19.0111574 ], [ 72.8330898, 19.0111979 ], [ 72.8330908, 19.0112431 ] ] } },
{ "type": "Feature", "properties": { "name": "Urban Corridor", "highway": "residential", "slope_pct": 0.6 }, "geometry": { "type": "LineString", "coordinates": [ [ 72.8328, 19.0111501 ], [ 72.832818, 19.0111563 ], [ 72.8328349, 19.0111625 ], [ 72.8328852, 19.0111811 ] ] } },
{ "type": "Feature", "properties": { "name": "Urban Corridor", "highway": "residential", "slope_pct": 0.6 }, "geometry": { "type": "LineString", "coordinates": [ [ 72.8321355, 19.0108803 ], [ 72.8324175, 19.0110261 ], [ 72.8328, 19.0111501 ] ] } },
{ "type": "Feature", "properties": { "name": "Urban Corridor", "highway": "residential", "slope_pct": 0.6 }, "geometry": { "type": "LineString", "coordinates": [ [ 72.831737, 19.0198819 ], [ 72.8318578, 19.0200527 ], [ 72.831897, 19.0201102 ] ] } },
{ "type": "Feature", "properties": { "name": "Urban Corridor", "highway": "residential", "slope_pct": 0.6 }, "geometry": { "type": "LineString", "coordinates": [ [ 72.8316296, 19.0200265 ], [ 72.8316686, 19.0200861 ], [ 72.8316952, 19.0201267 ], [ 72.8317505, 19.0202111 ] ] } },
{ "type": "Feature", "properties": { "name": "Urban Corridor", "highway": "residential", "slope_pct": 0.6 }, "geometry": { "type": "LineString", "coordinates": [ [ 72.8316686, 19.0200861 ], [ 72.8316867, 19.0200765 ] ] } },
{ "type": "Feature", "properties": { "name": "Urban Corridor", "highway": "residential", "slope_pct": 0.6 }, "geometry": { "type": "LineString", "coordinates": [ [ 72.8316952, 19.0201267 ], [ 72.8317129, 19.0201166 ] ] } },
{ "type": "Feature", "properties": { "name": "Urban Corridor", "highway": "residential", "slope_pct": 0.6 }, "geometry": { "type": "LineString", "coordinates": [ [ 72.8387056, 19.0298865 ], [ 72.8386166, 19.0299401 ], [ 72.8386122, 19.0299512 ], [ 72.8386144, 19.0299602 ], [ 72.8386979, 19.0300712 ], [ 72.8387201, 19.0301007 ] ] } },
{ "type": "Feature", "properties": { "name": "Urban Corridor", "highway": "residential", "slope_pct": 0.6 }, "geometry": { "type": "LineString", "coordinates": [ [ 72.838935, 19.029753 ], [ 72.8390134, 19.0298656 ], [ 72.839021, 19.0298767 ], [ 72.8390459, 19.0299124 ] ] } },
{ "type": "Feature", "properties": { "name": "Urban Corridor", "highway": "residential", "slope_pct": 0.6 }, "geometry": { "type": "LineString", "coordinates": [ [ 72.8390674, 19.0296522 ], [ 72.8391551, 19.029783 ], [ 72.8391652, 19.0297981 ], [ 72.8391872, 19.0298309 ] ] } },
{ "type": "Feature", "properties": { "name": "Urban Corridor", "highway": "residential", "slope_pct": 0.6 }, "geometry": { "type": "LineString", "coordinates": [ [ 72.8390134, 19.0298656 ], [ 72.8391551, 19.029783 ] ] } },
{ "type": "Feature", "properties": { "name": "Urban Corridor", "highway": "residential", "slope_pct": 0.6 }, "geometry": { "type": "LineString", "coordinates": [ [ 72.8354433, 19.0256453 ], [ 72.8354924, 19.0257307 ], [ 72.835587, 19.0258956 ], [ 72.8356507, 19.0260094 ], [ 72.8356662, 19.02602 ], [ 72.8356804, 19.0260224 ], [ 72.8356951, 19.0260191 ], [ 72.8358995, 19.0259127 ], [ 72.8359905, 19.0258653 ] ] } },
{ "type": "Feature", "properties": { "name": "Urban Corridor", "highway": "residential", "slope_pct": 0.6 }, "geometry": { "type": "LineString", "coordinates": [ [ 72.835587, 19.0258956 ], [ 72.8356942, 19.0258416 ] ] } },
{ "type": "Feature", "properties": { "name": "Urban Corridor", "highway": "residential", "slope_pct": 0.6 }, "geometry": { "type": "LineString", "coordinates": [ [ 72.8439307, 19.0264085 ], [ 72.8441176, 19.0263641 ], [ 72.8441338, 19.0263562 ], [ 72.8441407, 19.0263441 ], [ 72.8441436, 19.0263274 ], [ 72.8441382, 19.0263043 ], [ 72.8440271, 19.0260753 ], [ 72.8440063, 19.0260338 ], [ 72.8439181, 19.0258475 ] ] } },
{ "type": "Feature", "properties": { "name": "Urban Corridor", "highway": "residential", "slope_pct": 0.6 }, "geometry": { "type": "LineString", "coordinates": [ [ 72.8438015, 19.025896 ], [ 72.8438803, 19.0260813 ], [ 72.843891, 19.0261063 ], [ 72.8438994, 19.0261161 ], [ 72.8439092, 19.0261175 ], [ 72.8440271, 19.0260753 ] ] } },
{ "type": "Feature", "properties": { "name": "Urban Corridor", "highway": "residential", "slope_pct": 0.6 }, "geometry": { "type": "LineString", "coordinates": [ [ 72.8428634, 19.0295075 ], [ 72.8429199, 19.0294905 ], [ 72.8429387, 19.0294848 ], [ 72.8431943, 19.0294111 ] ] } },
{ "type": "Feature", "properties": { "name": "Urban Corridor", "highway": "residential", "slope_pct": 0.6 }, "geometry": { "type": "LineString", "coordinates": [ [ 72.8428982, 19.0296116 ], [ 72.8429541, 19.0295952 ], [ 72.8429721, 19.0295899 ], [ 72.8432367, 19.0295123 ], [ 72.8432496, 19.029504 ], [ 72.8432541, 19.0294896 ], [ 72.843229, 19.0294148 ], [ 72.8432191, 19.0294083 ], [ 72.843207, 19.0294083 ], [ 72.8431943, 19.0294111 ] ] } },
{ "type": "Feature", "properties": { "name": "Urban Corridor", "highway": "residential", "slope_pct": 0.6 }, "geometry": { "type": "LineString", "coordinates": [ [ 72.8429721, 19.0295899 ], [ 72.8429387, 19.0294848 ] ] } },
{ "type": "Feature", "properties": { "name": "Urban Corridor", "highway": "residential", "slope_pct": 0.6 }, "geometry": { "type": "LineString", "coordinates": [ [ 72.8427841, 19.0296233 ], [ 72.8428587, 19.0296009 ], [ 72.8428914, 19.0295911 ] ] } },
{ "type": "Feature", "properties": { "name": "Urban Corridor", "highway": "residential", "slope_pct": 0.6 }, "geometry": { "type": "LineString", "coordinates": [ [ 72.841092, 19.0284286 ], [ 72.8411233, 19.028353 ] ] } },
{ "type": "Feature", "properties": { "name": "Urban Corridor", "highway": "residential", "slope_pct": 0.6 }, "geometry": { "type": "LineString", "coordinates": [ [ 72.8406425, 19.0281714 ], [ 72.8406131, 19.0282439 ], [ 72.8405931, 19.0283191 ], [ 72.8405274, 19.0284031 ], [ 72.8404931, 19.0284662 ] ] } },
{ "type": "Feature", "properties": { "name": "Dr Madhukar B. Raut Marg", "highway": "residential", "slope_pct": 0.6 }, "geometry": { "type": "LineString", "coordinates": [ [ 72.8404931, 19.0284662 ], [ 72.8405759, 19.0284384 ], [ 72.8406431, 19.0283905 ], [ 72.8407058, 19.0282816 ] ] } },
{ "type": "Feature", "properties": { "name": "Urban Corridor", "highway": "secondary", "slope_pct": 0.6 }, "geometry": { "type": "LineString", "coordinates": [ [ 72.8349367, 19.0236886 ], [ 72.834954, 19.0236127 ], [ 72.8348437, 19.0233915 ], [ 72.8347179, 19.0231392 ], [ 72.8346571, 19.0231255 ] ] } },
{ "type": "Feature", "properties": { "name": "Urban Corridor", "highway": "secondary_link", "slope_pct": 0.6 }, "geometry": { "type": "LineString", "coordinates": [ [ 72.8348, 19.0234134 ], [ 72.8348437, 19.0233915 ] ] } },
{ "type": "Feature", "properties": { "name": "Urban Corridor", "highway": "residential", "slope_pct": 0.6 }, "geometry": { "type": "LineString", "coordinates": [ [ 72.8429988, 19.0214708 ], [ 72.8429911, 19.021452 ] ] } },
{ "type": "Feature", "properties": { "name": "Urban Corridor", "highway": "residential", "slope_pct": 0.6 }, "geometry": { "type": "LineString", "coordinates": [ [ 72.8414015, 19.026048 ], [ 72.8415615, 19.026018 ], [ 72.8415166, 19.0256877 ], [ 72.8415238, 19.0256562 ], [ 72.8415267, 19.0256433 ], [ 72.8415445, 19.0255645 ] ] } },
{ "type": "Feature", "properties": { "name": "Urban Corridor", "highway": "residential", "slope_pct": 0.6 }, "geometry": { "type": "LineString", "coordinates": [ [ 72.8415615, 19.026018 ], [ 72.8416321, 19.0260043 ], [ 72.8416542, 19.0260084 ], [ 72.8416703, 19.0260182 ], [ 72.8417222, 19.02616 ], [ 72.8417233, 19.0261809 ], [ 72.8417226, 19.0261962 ], [ 72.8417218, 19.0262122 ], [ 72.8417424, 19.0262817 ], [ 72.8417487, 19.0263256 ], [ 72.8417346, 19.0263425 ], [ 72.8417131, 19.0263522 ], [ 72.8415602, 19.0263766 ] ] } },
{ "type": "Feature", "properties": { "name": "Urban Corridor", "highway": "residential", "slope_pct": 0.6 }, "geometry": { "type": "LineString", "coordinates": [ [ 72.8417222, 19.02616 ], [ 72.8417946, 19.0260821 ] ] } },
{ "type": "Feature", "properties": { "name": "Manmala Tank Path", "highway": "tertiary", "slope_pct": 0.6 }, "geometry": { "type": "LineString", "coordinates": [ [ 72.8455303, 19.0304474 ], [ 72.8455209, 19.0305004 ], [ 72.8455669, 19.0306814 ] ] } },
{ "type": "Feature", "properties": { "name": "Urban Corridor", "highway": "tertiary", "slope_pct": 0.6 }, "geometry": { "type": "LineString", "coordinates": [ [ 72.8456152, 19.0306826 ], [ 72.8455645, 19.0304804 ], [ 72.8455303, 19.0304474 ] ] } },
{ "type": "Feature", "properties": { "name": "Urban Corridor", "highway": "residential", "slope_pct": 0.6 }, "geometry": { "type": "LineString", "coordinates": [ [ 72.8369654, 19.0247726 ], [ 72.8369394, 19.0247309 ], [ 72.8369284, 19.024713 ], [ 72.8368585, 19.0246005 ] ] } },
{ "type": "Feature", "properties": { "name": "Urban Corridor", "highway": "residential", "slope_pct": 0.6 }, "geometry": { "type": "LineString", "coordinates": [ [ 72.8368959, 19.0247068 ], [ 72.8369073, 19.024724 ], [ 72.8369185, 19.024741 ], [ 72.8369461, 19.0247827 ] ] } },
{ "type": "Feature", "properties": { "name": "Urban Corridor", "highway": "residential", "slope_pct": 0.6 }, "geometry": { "type": "LineString", "coordinates": [ [ 72.8369073, 19.024724 ], [ 72.8369284, 19.024713 ] ] } },
{ "type": "Feature", "properties": { "name": "Urban Corridor", "highway": "residential", "slope_pct": 0.6 }, "geometry": { "type": "LineString", "coordinates": [ [ 72.836723, 19.0247171 ], [ 72.836743, 19.0247066 ], [ 72.8367548, 19.0247005 ], [ 72.8367588, 19.0246984 ] ] } },
{ "type": "Feature", "properties": { "name": "Ranade Road", "highway": "tertiary", "slope_pct": 0.6 }, "geometry": { "type": "LineString", "coordinates": [ [ 72.8373284, 19.024575 ], [ 72.8373794, 19.0245707 ], [ 72.8374843, 19.0245103 ] ] } },
{ "type": "Feature", "properties": { "name": "Urban Corridor", "highway": "tertiary", "slope_pct": 0.6 }, "geometry": { "type": "LineString", "coordinates": [ [ 72.8374584, 19.0244665 ], [ 72.8373358, 19.0245359 ], [ 72.8373284, 19.024575 ] ] } },
{ "type": "Feature", "properties": { "name": "Dada Rege Marg", "highway": "residential", "slope_pct": 0.6 }, "geometry": { "type": "LineString", "coordinates": [ [ 72.8377761, 19.0243802 ], [ 72.8379362, 19.0243914 ], [ 72.8379692, 19.0244195 ] ] } },
{ "type": "Feature", "properties": { "name": "Urban Corridor", "highway": "residential", "slope_pct": 0.6 }, "geometry": { "type": "LineString", "coordinates": [ [ 72.8377723, 19.0244554 ], [ 72.8379154, 19.0244524 ], [ 72.8379692, 19.0244195 ] ] } },
{ "type": "Feature", "properties": { "name": "Shankar Rao H. Parelkar Marg", "highway": "residential", "slope_pct": 0.6 }, "geometry": { "type": "LineString", "coordinates": [ [ 72.8372043, 19.0243389 ], [ 72.8372526, 19.0243851 ], [ 72.8374442, 19.0244264 ] ] } },
{ "type": "Feature", "properties": { "name": "Urban Corridor", "highway": "residential", "slope_pct": 0.6 }, "geometry": { "type": "LineString", "coordinates": [ [ 72.8374513, 19.0243729 ], [ 72.8372712, 19.0243307 ], [ 72.8372043, 19.0243389 ] ] } },
{ "type": "Feature", "properties": { "name": "Urban Corridor", "highway": "residential", "slope_pct": 0.6 }, "geometry": { "type": "LineString", "coordinates": [ [ 72.8433581, 19.0306656 ], [ 72.8432737, 19.0303994 ], [ 72.8432222, 19.0302369 ], [ 72.8432252, 19.0302133 ], [ 72.8432781, 19.030135 ], [ 72.8432958, 19.0301238 ], [ 72.8433983, 19.0300946 ], [ 72.8434169, 19.0300956 ], [ 72.8434287, 19.0301095 ], [ 72.8434929, 19.0303386 ], [ 72.8435172, 19.0304252 ], [ 72.8435437, 19.0305198 ], [ 72.843563, 19.0305886 ], [ 72.8435591, 19.030603 ], [ 72.8435513, 19.0306132 ], [ 72.8433581, 19.0306656 ], [ 72.8432681, 19.03069 ] ] } },
{ "type": "Feature", "properties": { "name": "Urban Corridor", "highway": "residential", "slope_pct": 0.6 }, "geometry": { "type": "LineString", "coordinates": [ [ 72.8435172, 19.0304252 ], [ 72.8434695, 19.0304356 ], [ 72.843465, 19.0304444 ], [ 72.8434655, 19.0304546 ], [ 72.8434856, 19.0305223 ], [ 72.8434925, 19.0305264 ], [ 72.8435023, 19.0305283 ], [ 72.8435437, 19.0305198 ] ] } },
{ "type": "Feature", "properties": { "name": "Urban Corridor", "highway": "residential", "slope_pct": 0.6 }, "geometry": { "type": "LineString", "coordinates": [ [ 72.8431771, 19.0304262 ], [ 72.8432737, 19.0303994 ], [ 72.8434929, 19.0303386 ] ] } },
{ "type": "Feature", "properties": { "name": "Urban Corridor", "highway": "residential", "slope_pct": 0.6 }, "geometry": { "type": "LineString", "coordinates": [ [ 72.8435974, 19.0303475 ], [ 72.8435815, 19.030344 ], [ 72.8435697, 19.0303272 ], [ 72.8434859, 19.0300677 ], [ 72.8434774, 19.0300418 ], [ 72.8434626, 19.0299968 ] ] } },
{ "type": "Feature", "properties": { "name": "Urban Corridor", "highway": "residential", "slope_pct": 0.6 }, "geometry": { "type": "LineString", "coordinates": [ [ 72.8434859, 19.0300677 ], [ 72.8437382, 19.0299655 ] ] } },
{ "type": "Feature", "properties": { "name": "Urban Corridor", "highway": "residential", "slope_pct": 0.6 }, "geometry": { "type": "LineString", "coordinates": [ [ 72.844978, 19.0254022 ], [ 72.8450017, 19.0254641 ], [ 72.8450592, 19.0256186 ], [ 72.845086, 19.0256899 ], [ 72.8450884, 19.0257052 ], [ 72.845083, 19.0257126 ], [ 72.8449232, 19.0257714 ], [ 72.8449021, 19.0257756 ], [ 72.8448903, 19.0257668 ], [ 72.8448818, 19.0257479 ], [ 72.8447981, 19.0255407 ], [ 72.844775, 19.0254834 ] ] } },
{ "type": "Feature", "properties": { "name": "Urban Corridor", "highway": "residential", "slope_pct": 0.6 }, "geometry": { "type": "LineString", "coordinates": [ [ 72.8446326, 19.0254099 ], [ 72.8447089, 19.025382 ], [ 72.8447241, 19.0253723 ], [ 72.8447295, 19.0253593 ], [ 72.8447315, 19.0253431 ], [ 72.8446555, 19.0251693 ], [ 72.8446437, 19.0251628 ], [ 72.8446315, 19.025162 ], [ 72.8445672, 19.0251953 ], [ 72.8445608, 19.0252115 ], [ 72.8445608, 19.025231 ], [ 72.8445633, 19.0252488 ], [ 72.8446326, 19.0254099 ], [ 72.844648, 19.0254456 ], [ 72.8446813, 19.025523 ] ] } },
{ "type": "Feature", "properties": { "name": "Urban Corridor", "highway": "residential", "slope_pct": 0.6 }, "geometry": { "type": "LineString", "coordinates": [ [ 72.8404655, 19.0301162 ], [ 72.8404675, 19.0301789 ], [ 72.8404742, 19.0303651 ] ] } },
{ "type": "Feature", "properties": { "name": "Urban Corridor", "highway": "residential", "slope_pct": 0.6 }, "geometry": { "type": "LineString", "coordinates": [ [ 72.8406271, 19.0302684 ], [ 72.840629, 19.0303607 ], [ 72.8404742, 19.0303651 ], [ 72.8403219, 19.0303697 ] ] } },
{ "type": "Feature", "properties": { "name": "Urban Corridor", "highway": "residential", "slope_pct": 0.6 }, "geometry": { "type": "LineString", "coordinates": [ [ 72.840155, 19.0302285 ], [ 72.8401646, 19.0303531 ], [ 72.8401864, 19.0306644 ], [ 72.8401908, 19.0306737 ], [ 72.8402046, 19.0306797 ], [ 72.8403262, 19.0306695 ], [ 72.840336, 19.0306649 ], [ 72.8403384, 19.0306528 ], [ 72.8403219, 19.0303697 ], [ 72.8403208, 19.0303497 ], [ 72.8403129, 19.0303409 ], [ 72.8402997, 19.0303395 ], [ 72.8401646, 19.0303531 ] ] } },
{ "type": "Feature", "properties": { "name": "Urban Corridor", "highway": "residential", "slope_pct": 0.6 }, "geometry": { "type": "LineString", "coordinates": [ [ 72.840629, 19.0303607 ], [ 72.8406295, 19.0303814 ], [ 72.8406313, 19.0303902 ], [ 72.8406364, 19.0303965 ], [ 72.8406459, 19.0304011 ], [ 72.840716, 19.0303974 ] ] } },
{ "type": "Feature", "properties": { "name": "Urban Corridor", "highway": "residential", "slope_pct": 0.6 }, "geometry": { "type": "LineString", "coordinates": [ [ 72.8400111, 19.0277196 ], [ 72.8400595, 19.027711 ], [ 72.8400746, 19.0277083 ], [ 72.8402604, 19.0276751 ], [ 72.8402709, 19.0276678 ], [ 72.8402714, 19.0276544 ], [ 72.840243, 19.0275334 ], [ 72.8402346, 19.0275232 ], [ 72.8402209, 19.0275227 ], [ 72.8400464, 19.0275519 ], [ 72.8400271, 19.0275551 ], [ 72.8399814, 19.0275628 ] ] } },
{ "type": "Feature", "properties": { "name": "Urban Corridor", "highway": "residential", "slope_pct": 0.6 }, "geometry": { "type": "LineString", "coordinates": [ [ 72.8429134, 19.0276636 ], [ 72.8430636, 19.0276286 ], [ 72.8432271, 19.0275901 ], [ 72.843401, 19.0275492 ], [ 72.8435458, 19.0275151 ], [ 72.8435895, 19.0275048 ] ] } },
{ "type": "Feature", "properties": { "name": "Urban Corridor", "highway": "residential", "slope_pct": 0.6 }, "geometry": { "type": "LineString", "coordinates": [ [ 72.842786, 19.0280872 ], [ 72.8429678, 19.0280637 ], [ 72.8431548, 19.0280396 ], [ 72.8433308, 19.028017 ], [ 72.8434322, 19.0280039 ], [ 72.8434459, 19.0280005 ], [ 72.8434502, 19.027992 ], [ 72.8433788, 19.0277522 ] ] } },
{ "type": "Feature", "properties": { "name": "Urban Corridor", "highway": "residential", "slope_pct": 0.6 }, "geometry": { "type": "LineString", "coordinates": [ [ 72.8434491, 19.0277368 ], [ 72.843401, 19.0275492 ] ] } },
{ "type": "Feature", "properties": { "name": "Urban Corridor", "highway": "residential", "slope_pct": 0.6 }, "geometry": { "type": "LineString", "coordinates": [ [ 72.8433308, 19.028017 ], [ 72.8432723, 19.0277754 ], [ 72.8432271, 19.0275901 ] ] } },
{ "type": "Feature", "properties": { "name": "Urban Corridor", "highway": "residential", "slope_pct": 0.6 }, "geometry": { "type": "LineString", "coordinates": [ [ 72.8431548, 19.0280396 ], [ 72.8431042, 19.027812 ], [ 72.8430636, 19.0276286 ] ] } },
{ "type": "Feature", "properties": { "name": "Urban Corridor", "highway": "residential", "slope_pct": 0.6 }, "geometry": { "type": "LineString", "coordinates": [ [ 72.8429678, 19.0280637 ], [ 72.8429186, 19.0278516 ], [ 72.8429092, 19.0278113 ], [ 72.8428815, 19.027689 ], [ 72.8428832, 19.027681 ], [ 72.842889, 19.0276744 ], [ 72.8428992, 19.0276666 ], [ 72.8429134, 19.0276636 ] ] } },
{ "type": "Feature", "properties": { "name": "Urban Corridor", "highway": "residential", "slope_pct": 0.6 }, "geometry": { "type": "LineString", "coordinates": [ [ 72.8427811, 19.0278408 ], [ 72.8429092, 19.0278113 ] ] } },
{ "type": "Feature", "properties": { "name": "Urban Corridor", "highway": "residential", "slope_pct": 0.6 }, "geometry": { "type": "LineString", "coordinates": [ [ 72.8413836, 19.0219126 ], [ 72.8414377, 19.0220137 ], [ 72.841621, 19.0223572 ], [ 72.8416224, 19.0223688 ], [ 72.8416175, 19.0223762 ], [ 72.8415001, 19.0224273 ], [ 72.8414742, 19.0224386 ] ] } },
{ "type": "Feature", "properties": { "name": "Urban Corridor", "highway": "residential", "slope_pct": 0.6 }, "geometry": { "type": "LineString", "coordinates": [ [ 72.8419635, 19.0193473 ], [ 72.8419746, 19.0193517 ], [ 72.8419868, 19.0193482 ], [ 72.8421468, 19.0192589 ], [ 72.8421528, 19.0192474 ], [ 72.842153, 19.019233 ], [ 72.8420064, 19.0190106 ], [ 72.84197, 19.0189573 ] ] } },
{ "type": "Feature", "properties": { "name": "Urban Corridor", "highway": "primary_link", "slope_pct": 0.6 }, "geometry": { "type": "LineString", "coordinates": [ [ 72.8401604, 19.0164247 ], [ 72.840269, 19.0163393 ] ] } },
{ "type": "Feature", "properties": { "name": "Urban Corridor", "highway": "residential", "slope_pct": 0.6 }, "geometry": { "type": "LineString", "coordinates": [ [ 72.8410129, 19.01742 ], [ 72.8412927, 19.0177001 ] ] } },
{ "type": "Feature", "properties": { "name": "Urban Corridor", "highway": "primary_link", "slope_pct": 0.6 }, "geometry": { "type": "LineString", "coordinates": [ [ 72.8409262, 19.0171634 ], [ 72.8409814, 19.0171166 ] ] } },
{ "type": "Feature", "properties": { "name": "Bhausaheb Todankar Marg", "highway": "residential", "slope_pct": 0.6 }, "geometry": { "type": "LineString", "coordinates": [ [ 72.8350276, 19.0110783 ], [ 72.8351483, 19.0109694 ] ] } },
{ "type": "Feature", "properties": { "name": "Senapati Bapat Marg", "highway": "primary", "slope_pct": 0.6 }, "geometry": { "type": "LineString", "coordinates": [ [ 72.8362182, 19.0120581 ], [ 72.8352354, 19.0110619 ], [ 72.8351882, 19.0110118 ], [ 72.8351483, 19.0109694 ] ] } },
{ "type": "Feature", "properties": { "name": "Urban Corridor", "highway": "tertiary", "slope_pct": 0.6 }, "geometry": { "type": "LineString", "coordinates": [ [ 72.8351483, 19.0109694 ], [ 72.835148, 19.0108801 ], [ 72.8351055, 19.0108334 ], [ 72.8350453, 19.0107673 ], [ 72.8346861, 19.0103726 ], [ 72.8346469, 19.0103295 ], [ 72.8345212, 19.0101914 ], [ 72.8344088, 19.0101757 ] ] } },
{ "type": "Feature", "properties": { "name": "Urban Corridor", "highway": "residential", "slope_pct": 0.6 }, "geometry": { "type": "LineString", "coordinates": [ [ 72.8344567, 19.0165132 ], [ 72.8344394, 19.0164777 ], [ 72.834432, 19.0164615 ], [ 72.8343617, 19.016307 ], [ 72.8343614, 19.0163012 ], [ 72.8343648, 19.0162953 ] ] } },
{ "type": "Feature", "properties": { "name": "Urban Corridor", "highway": "residential", "slope_pct": 0.6 }, "geometry": { "type": "LineString", "coordinates": [ [ 72.834469, 19.0162537 ], [ 72.8344762, 19.016254 ], [ 72.8344811, 19.0162574 ], [ 72.8345491, 19.0164102 ], [ 72.8345535, 19.0164207 ], [ 72.8345772, 19.0164755 ] ] } },
{ "type": "Feature", "properties": { "name": "Urban Corridor", "highway": "residential", "slope_pct": 0.6 }, "geometry": { "type": "LineString", "coordinates": [ [ 72.8343648, 19.0162953 ], [ 72.834469, 19.0162537 ] ] } },
{ "type": "Feature", "properties": { "name": "Urban Corridor", "highway": "residential", "slope_pct": 0.6 }, "geometry": { "type": "LineString", "coordinates": [ [ 72.834432, 19.0164615 ], [ 72.834489, 19.0164421 ], [ 72.8345491, 19.0164102 ] ] } },
{ "type": "Feature", "properties": { "name": "Urban Corridor", "highway": "residential", "slope_pct": 0.6 }, "geometry": { "type": "LineString", "coordinates": [ [ 72.8341272, 19.0166166 ], [ 72.834106, 19.016564 ], [ 72.8340962, 19.0165397 ], [ 72.8340524, 19.0164306 ], [ 72.8340537, 19.0164205 ], [ 72.8340626, 19.0164163 ], [ 72.83429, 19.0163299 ], [ 72.8343025, 19.0163286 ], [ 72.8343154, 19.0163353 ], [ 72.8343524, 19.0164268 ], [ 72.8343533, 19.0164352 ], [ 72.8343516, 19.0164436 ], [ 72.8343463, 19.0164497 ], [ 72.834288, 19.0164707 ], [ 72.8342321, 19.0164908 ], [ 72.8340962, 19.0165397 ] ] } },
{ "type": "Feature", "properties": { "name": "Urban Corridor", "highway": "residential", "slope_pct": 0.6 }, "geometry": { "type": "LineString", "coordinates": [ [ 72.8342321, 19.0164908 ], [ 72.8342429, 19.0165186 ], [ 72.8342641, 19.0165735 ] ] } },
{ "type": "Feature", "properties": { "name": "Urban Corridor", "highway": "residential", "slope_pct": 0.6 }, "geometry": { "type": "LineString", "coordinates": [ [ 72.834288, 19.0164707 ], [ 72.8342978, 19.0164943 ], [ 72.834323, 19.016555 ] ] } },
{ "type": "Feature", "properties": { "name": "Urban Corridor", "highway": "residential", "slope_pct": 0.6 }, "geometry": { "type": "LineString", "coordinates": [ [ 72.8298476, 19.0189192 ], [ 72.8300746, 19.0186902 ] ] } },
{ "type": "Feature", "properties": { "name": "Urban Corridor", "highway": "residential", "slope_pct": 0.6 }, "geometry": { "type": "LineString", "coordinates": [ [ 72.8330678, 19.0135215 ], [ 72.8330797, 19.0134993 ], [ 72.8330813, 19.0134961 ] ] } },
{ "type": "Feature", "properties": { "name": "Urban Corridor", "highway": "residential", "slope_pct": 0.6 }, "geometry": { "type": "LineString", "coordinates": [ [ 72.8334394, 19.0134234 ], [ 72.8334511, 19.0134297 ], [ 72.8334911, 19.0134529 ] ] } },
{ "type": "Feature", "properties": { "name": "Urban Corridor", "highway": "residential", "slope_pct": 0.6 }, "geometry": { "type": "LineString", "coordinates": [ [ 72.8400355, 19.0264594 ], [ 72.8400649, 19.0265609 ], [ 72.8400752, 19.0265699 ], [ 72.8400943, 19.0265699 ], [ 72.840271, 19.026528 ], [ 72.8403056, 19.0265198 ] ] } },
{ "type": "Feature", "properties": { "name": "Urban Corridor", "highway": "residential", "slope_pct": 0.6 }, "geometry": { "type": "LineString", "coordinates": [ [ 72.8407122, 19.0284848 ], [ 72.8406883, 19.0284513 ], [ 72.8406431, 19.0283905 ] ] } },
{ "type": "Feature", "properties": { "name": "Urban Corridor", "highway": "residential", "slope_pct": 0.6 }, "geometry": { "type": "LineString", "coordinates": [ [ 72.8404404, 19.0285045 ], [ 72.8404851, 19.0285648 ], [ 72.8405099, 19.0285983 ] ] } },
{ "type": "Feature", "properties": { "name": "Urban Corridor", "highway": "residential", "slope_pct": 0.6 }, "geometry": { "type": "LineString", "coordinates": [ [ 72.840841, 19.0287269 ], [ 72.8408834, 19.0287849 ], [ 72.8409126, 19.0288249 ] ] } },
{ "type": "Feature", "properties": { "name": "Urban Corridor", "highway": "residential", "slope_pct": 0.6 }, "geometry": { "type": "LineString", "coordinates": [ [ 72.8399338, 19.0288929 ], [ 72.8399245, 19.0288784 ], [ 72.8398809, 19.028811 ] ] } },
{ "type": "Feature", "properties": { "name": "Urban Corridor", "highway": "residential", "slope_pct": 0.6 }, "geometry": { "type": "LineString", "coordinates": [ [ 72.8398284, 19.0290675 ], [ 72.8399178, 19.0290289 ], [ 72.8399289, 19.0290242 ] ] } },
{ "type": "Feature", "properties": { "name": "Urban Corridor", "highway": "residential", "slope_pct": 0.6 }, "geometry": { "type": "LineString", "coordinates": [ [ 72.8406431, 19.0283905 ], [ 72.8405931, 19.0283191 ] ] } },
{ "type": "Feature", "properties": { "name": "Urban Corridor", "highway": "residential", "slope_pct": 0.6 }, "geometry": { "type": "LineString", "coordinates": [ [ 72.8460728, 19.0278643 ], [ 72.8460878, 19.0279264 ], [ 72.8461252, 19.0280803 ], [ 72.8461546, 19.0282017 ] ] } },
{ "type": "Feature", "properties": { "name": "Urban Corridor", "highway": "residential", "slope_pct": 0.6 }, "geometry": { "type": "LineString", "coordinates": [ [ 72.8461252, 19.0280803 ], [ 72.8462804, 19.0280647 ] ] } },
{ "type": "Feature", "properties": { "name": "Urban Corridor", "highway": "secondary_link", "slope_pct": 0.6 }, "geometry": { "type": "LineString", "coordinates": [ [ 72.8464956, 19.0281482 ], [ 72.8465906, 19.0281269 ] ] } },
{ "type": "Feature", "properties": { "name": "Urban Corridor", "highway": "secondary_link", "slope_pct": 0.6 }, "geometry": { "type": "LineString", "coordinates": [ [ 72.8465869, 19.0284595 ], [ 72.8466805, 19.0284338 ] ] } },
{ "type": "Feature", "properties": { "name": "Urban Corridor", "highway": "secondary_link", "slope_pct": 0.6 }, "geometry": { "type": "LineString", "coordinates": [ [ 72.846671, 19.0287461 ], [ 72.8467644, 19.0287176 ] ] } },
{ "type": "Feature", "properties": { "name": "Urban Corridor", "highway": "secondary_link", "slope_pct": 0.6 }, "geometry": { "type": "LineString", "coordinates": [ [ 72.8467367, 19.0289701 ], [ 72.8468326, 19.0289482 ] ] } },
{ "type": "Feature", "properties": { "name": "Urban Corridor", "highway": "residential", "slope_pct": 0.6 }, "geometry": { "type": "LineString", "coordinates": [ [ 72.8470726, 19.0301145 ], [ 72.8471689, 19.030086 ] ] } },
{ "type": "Feature", "properties": { "name": "Urban Corridor", "highway": "residential", "slope_pct": 0.6 }, "geometry": { "type": "LineString", "coordinates": [ [ 72.844569, 19.0236852 ], [ 72.8445008, 19.0234905 ] ] } },
{ "type": "Feature", "properties": { "name": "Urban Corridor", "highway": "residential", "slope_pct": 0.6 }, "geometry": { "type": "LineString", "coordinates": [ [ 72.8443071, 19.0233531 ], [ 72.8443724, 19.0235319 ] ] } },
{ "type": "Feature", "properties": { "name": "Urban Corridor", "highway": "residential", "slope_pct": 0.6 }, "geometry": { "type": "LineString", "coordinates": [ [ 72.8443724, 19.0235319 ], [ 72.844096, 19.0236208 ], [ 72.8440806, 19.0236222 ], [ 72.8440681, 19.0236181 ], [ 72.8440607, 19.0236055 ], [ 72.8440026, 19.0234199 ] ] } },
{ "type": "Feature", "properties": { "name": "Urban Corridor", "highway": "residential", "slope_pct": 0.6 }, "geometry": { "type": "LineString", "coordinates": [ [ 72.8444599, 19.0235037 ], [ 72.8444074, 19.0233405 ], [ 72.8444082, 19.0233268 ], [ 72.844416, 19.0233139 ], [ 72.8444351, 19.0233055 ] ] } },
{ "type": "Feature", "properties": { "name": "Urban Corridor", "highway": "residential", "slope_pct": 0.6 }, "geometry": { "type": "LineString", "coordinates": [ [ 72.8444815, 19.0237072 ], [ 72.844414, 19.0235185 ] ] } },
{ "type": "Feature", "properties": { "name": "Urban Corridor", "highway": "residential", "slope_pct": 0.6 }, "geometry": { "type": "LineString", "coordinates": [ [ 72.8444395, 19.0239616 ], [ 72.8446473, 19.0238938 ], [ 72.8448154, 19.0238494 ], [ 72.8449718, 19.023788 ] ] } },
{ "type": "Feature", "properties": { "name": "Urban Corridor", "highway": "residential", "slope_pct": 0.6 }, "geometry": { "type": "LineString", "coordinates": [ [ 72.8443806, 19.0237965 ], [ 72.844586, 19.0237284 ], [ 72.8448396, 19.0236444 ], [ 72.844906, 19.0236224 ] ] } },
{ "type": "Feature", "properties": { "name": "Urban Corridor", "highway": "residential", "slope_pct": 0.6 }, "geometry": { "type": "LineString", "coordinates": [ [ 72.8446473, 19.0238938 ], [ 72.844586, 19.0237284 ] ] } },
{ "type": "Feature", "properties": { "name": "Urban Corridor", "highway": "residential", "slope_pct": 0.6 }, "geometry": { "type": "LineString", "coordinates": [ [ 72.843839, 19.0236263 ], [ 72.8439496, 19.0235886 ] ] } },
{ "type": "Feature", "properties": { "name": "Urban Corridor", "highway": "residential", "slope_pct": 0.6 }, "geometry": { "type": "LineString", "coordinates": [ [ 72.8440014, 19.0237157 ], [ 72.8437866, 19.0237937 ] ] } },
{ "type": "Feature", "properties": { "name": "Urban Corridor", "highway": "residential", "slope_pct": 0.6 }, "geometry": { "type": "LineString", "coordinates": [ [ 72.8440014, 19.0237157 ], [ 72.8441233, 19.0240338 ] ] } },
{ "type": "Feature", "properties": { "name": "Urban Corridor", "highway": "residential", "slope_pct": 0.6 }, "geometry": { "type": "LineString", "coordinates": [ [ 72.8398123, 19.0230524 ], [ 72.8398524, 19.0230185 ], [ 72.8398641, 19.0230082 ], [ 72.8399871, 19.0229033 ] ] } },
{ "type": "Feature", "properties": { "name": "Urban Corridor", "highway": "residential", "slope_pct": 0.6 }, "geometry": { "type": "LineString", "coordinates": [ [ 72.840003, 19.0228828 ], [ 72.8399065, 19.022781 ], [ 72.8398819, 19.0227551 ] ] } },
{ "type": "Feature", "properties": { "name": "Urban Corridor", "highway": "residential", "slope_pct": 0.6 }, "geometry": { "type": "LineString", "coordinates": [ [ 72.8396919, 19.022918 ], [ 72.8398819, 19.0227551 ], [ 72.8400155, 19.0226405 ], [ 72.8401227, 19.0225487 ] ] } },
{ "type": "Feature", "properties": { "name": "Urban Corridor", "highway": "residential", "slope_pct": 0.6 }, "geometry": { "type": "LineString", "coordinates": [ [ 72.8400155, 19.0226405 ], [ 72.8400354, 19.0226618 ], [ 72.8400411, 19.0226679 ] ] } },
{ "type": "Feature", "properties": { "name": "Urban Corridor", "highway": "residential", "slope_pct": 0.6 }, "geometry": { "type": "LineString", "coordinates": [ [ 72.8397766, 19.0234629 ], [ 72.8398015, 19.0234435 ], [ 72.8399915, 19.0232959 ], [ 72.8400134, 19.0232789 ] ] } },
{ "type": "Feature", "properties": { "name": "Urban Corridor", "highway": "residential", "slope_pct": 0.6 }, "geometry": { "type": "LineString", "coordinates": [ [ 72.8398587, 19.023002 ], [ 72.8398409, 19.0229832 ], [ 72.839778, 19.0229163 ], [ 72.8397761, 19.0229104 ], [ 72.8397806, 19.0229024 ], [ 72.8398604, 19.0228328 ] ] } },
{ "type": "Feature", "properties": { "name": "Urban Corridor", "highway": "residential", "slope_pct": 0.6 }, "geometry": { "type": "LineString", "coordinates": [ [ 72.8398641, 19.0230082 ], [ 72.8398587, 19.023002 ] ] } },
{ "type": "Feature", "properties": { "name": "Urban Corridor", "highway": "residential", "slope_pct": 0.6 }, "geometry": { "type": "LineString", "coordinates": [ [ 72.8397883, 19.0230256 ], [ 72.8398259, 19.0229953 ], [ 72.8398409, 19.0229832 ] ] } },
{ "type": "Feature", "properties": { "name": "Urban Corridor", "highway": "residential", "slope_pct": 0.6 }, "geometry": { "type": "LineString", "coordinates": [ [ 72.839184, 19.0153983 ], [ 72.8391306, 19.0154369 ], [ 72.8389526, 19.0155658 ], [ 72.8389302, 19.0155713 ], [ 72.838913, 19.0155661 ], [ 72.8388103, 19.0154518 ], [ 72.8388037, 19.0154379 ], [ 72.8388044, 19.0154261 ], [ 72.83885, 19.015385 ], [ 72.8388552, 19.015376 ], [ 72.8388515, 19.0153621 ], [ 72.8388353, 19.0153419 ], [ 72.8388287, 19.0153273 ], [ 72.8388331, 19.0153134 ], [ 72.8389412, 19.0152333 ], [ 72.8389904, 19.0151968 ] ] } },
{ "type": "Feature", "properties": { "name": "Urban Corridor", "highway": "residential", "slope_pct": 0.6 }, "geometry": { "type": "LineString", "coordinates": [ [ 72.8408721, 19.0227908 ], [ 72.8410537, 19.0226427 ], [ 72.8410567, 19.0226422 ], [ 72.8410593, 19.0226429 ], [ 72.8411001, 19.0226893 ], [ 72.8410999, 19.0226921 ], [ 72.8410973, 19.022695 ], [ 72.8409128, 19.0228381 ] ] } },
{ "type": "Feature", "properties": { "name": "Urban Corridor", "highway": "residential", "slope_pct": 0.6 }, "geometry": { "type": "LineString", "coordinates": [ [ 72.8408435, 19.0228133 ], [ 72.840863, 19.0227978 ], [ 72.8408721, 19.0227908 ] ] } },
{ "type": "Feature", "properties": { "name": "Urban Corridor", "highway": "residential", "slope_pct": 0.6 }, "geometry": { "type": "LineString", "coordinates": [ [ 72.8409128, 19.0228381 ], [ 72.8409038, 19.022845 ], [ 72.8408858, 19.0228599 ] ] } },
{ "type": "Feature", "properties": { "name": "Urban Corridor", "highway": "residential", "slope_pct": 0.6 }, "geometry": { "type": "LineString", "coordinates": [ [ 72.8408676, 19.0228399 ], [ 72.840885, 19.0228252 ], [ 72.8408948, 19.0228171 ] ] } },
{ "type": "Feature", "properties": { "name": "Urban Corridor", "highway": "residential", "slope_pct": 0.6 }, "geometry": { "type": "LineString", "coordinates": [ [ 72.8409908, 19.0229756 ], [ 72.8410053, 19.0229614 ], [ 72.8410147, 19.022953 ], [ 72.8411527, 19.0228291 ] ] } },
{ "type": "Feature", "properties": { "name": "Urban Corridor", "highway": "residential", "slope_pct": 0.6 }, "geometry": { "type": "LineString", "coordinates": [ [ 72.8405278, 19.0237319 ], [ 72.8406843, 19.0236213 ], [ 72.8406908, 19.0236114 ], [ 72.8406907, 19.0235996 ], [ 72.8406862, 19.0235893 ], [ 72.8405913, 19.0234692 ], [ 72.8405587, 19.0234221 ] ] } },
{ "type": "Feature", "properties": { "name": "Urban Corridor", "highway": "residential", "slope_pct": 0.6 }, "geometry": { "type": "LineString", "coordinates": [ [ 72.841825, 19.0191365 ], [ 72.8419635, 19.0193473 ] ] } },
{ "type": "Feature", "properties": { "name": "Urban Corridor", "highway": "residential", "slope_pct": 0.6 }, "geometry": { "type": "LineString", "coordinates": [ [ 72.8417843, 19.0190733 ], [ 72.8418091, 19.0191123 ], [ 72.841825, 19.0191365 ] ] } },
{ "type": "Feature", "properties": { "name": "Urban Corridor", "highway": "residential", "slope_pct": 0.6 }, "geometry": { "type": "LineString", "coordinates": [ [ 72.8428774, 19.0215069 ], [ 72.8429349, 19.0214791 ], [ 72.8429911, 19.021452 ] ] } },
{ "type": "Feature", "properties": { "name": "Urban Corridor", "highway": "residential", "slope_pct": 0.6 }, "geometry": { "type": "LineString", "coordinates": [ [ 72.8410147, 19.022953 ], [ 72.8410662, 19.0230092 ] ] } },
{ "type": "Feature", "properties": { "name": "Khareghat Road", "highway": "residential", "slope_pct": 0.6 }, "geometry": { "type": "LineString", "coordinates": [ [ 72.8475336, 19.0216347 ], [ 72.8475555, 19.0216202 ], [ 72.8485414, 19.0209648 ] ] } },
{ "type": "Feature", "properties": { "name": "Urban Corridor", "highway": "primary_link", "slope_pct": 0.6 }, "geometry": { "type": "LineString", "coordinates": [ [ 72.8392525, 19.0154695 ], [ 72.8393671, 19.0153778 ] ] } },
{ "type": "Feature", "properties": { "name": "Urban Corridor", "highway": "residential", "slope_pct": 0.6 }, "geometry": { "type": "LineString", "coordinates": [ [ 72.8437475, 19.0299901 ], [ 72.8437382, 19.0299655 ], [ 72.8437279, 19.0299384 ], [ 72.8437091, 19.0298888 ] ] } },
{ "type": "Feature", "properties": { "name": "Urban Corridor", "highway": "residential", "slope_pct": 0.6 }, "geometry": { "type": "LineString", "coordinates": [ [ 72.829488, 19.0052203 ], [ 72.8295133, 19.0052719 ], [ 72.8295665, 19.0052965 ], [ 72.8296618, 19.0053104 ], [ 72.829736, 19.0052849 ] ] } },
{ "type": "Feature", "properties": { "name": "Pandurang Budhkar Marg", "highway": "secondary", "slope_pct": 0.6 }, "geometry": { "type": "LineString", "coordinates": [ [ 72.8308903, 19.006215 ], [ 72.8304346, 19.0062184 ], [ 72.8299565, 19.006222 ], [ 72.8294589, 19.0062257 ], [ 72.8292558, 19.0062272 ], [ 72.8291165, 19.0062265 ], [ 72.8286893, 19.0062316 ] ] } },
{ "type": "Feature", "properties": { "name": "Mumbai Marathi Granth Sangrahalaya Marg", "highway": "tertiary", "slope_pct": 0.6 }, "geometry": { "type": "LineString", "coordinates": [ [ 72.8489718, 19.0127076 ], [ 72.8490325, 19.0127218 ], [ 72.8492446, 19.0126874 ] ] } },
{ "type": "Feature", "properties": { "name": "Road No 26", "highway": "tertiary", "slope_pct": 0.6 }, "geometry": { "type": "LineString", "coordinates": [ [ 72.8493393, 19.0126485 ], [ 72.8493833, 19.0126314 ], [ 72.8494439, 19.0125723 ] ] } },
{ "type": "Feature", "properties": { "name": "Urban Corridor", "highway": "tertiary", "slope_pct": 0.6 }, "geometry": { "type": "LineString", "coordinates": [ [ 72.8494439, 19.0125723 ], [ 72.8493478, 19.0125629 ], [ 72.8493013, 19.012573 ], [ 72.8492025, 19.0126053 ], [ 72.8490363, 19.0126418 ], [ 72.8489718, 19.0127076 ] ] } },
{ "type": "Feature", "properties": { "name": "Katrak Road", "highway": "primary", "slope_pct": 0.6 }, "geometry": { "type": "LineString", "coordinates": [ [ 72.8513919, 19.015492 ], [ 72.8514334, 19.0155293 ], [ 72.8516276, 19.0157318 ], [ 72.8519297, 19.0160344 ], [ 72.8520989, 19.0162028 ], [ 72.8521816, 19.016279 ], [ 72.8525721, 19.0166273 ], [ 72.8526617, 19.0167072 ], [ 72.8528373, 19.0168475 ], [ 72.8530862, 19.0170464 ] ] } },
{ "type": "Feature", "properties": { "name": "Lady Jehangir Road", "highway": "tertiary", "slope_pct": 0.6 }, "geometry": { "type": "LineString", "coordinates": [ [ 72.8507184, 19.0222284 ], [ 72.8508085, 19.0222153 ], [ 72.8508388, 19.0221972 ], [ 72.8508854, 19.0221655 ] ] } },
{ "type": "Feature", "properties": { "name": "Lady Jehangir Road", "highway": "tertiary", "slope_pct": 0.6 }, "geometry": { "type": "LineString", "coordinates": [ [ 72.8511283, 19.0220005 ], [ 72.8512731, 19.0219057 ], [ 72.8512815, 19.0219002 ], [ 72.8513307, 19.0218175 ] ] } },
{ "type": "Feature", "properties": { "name": "Urban Corridor", "highway": "tertiary", "slope_pct": 0.6 }, "geometry": { "type": "LineString", "coordinates": [ [ 72.8510831, 19.0219392 ], [ 72.850841, 19.0221052 ] ] } },
{ "type": "Feature", "properties": { "name": "Urban Corridor", "highway": "residential", "slope_pct": 0.6 }, "geometry": { "type": "LineString", "coordinates": [ [ 72.8501543, 19.0258449 ], [ 72.8501169, 19.025854 ], [ 72.8496829, 19.0259981 ], [ 72.8496672, 19.0259966 ], [ 72.8496604, 19.0259924 ], [ 72.8495762, 19.025804 ], [ 72.8495787, 19.025794 ], [ 72.8495937, 19.0257848 ], [ 72.8500537, 19.025648 ], [ 72.8500807, 19.0256463 ] ] } },
{ "type": "Feature", "properties": { "name": "Urban Corridor", "highway": "residential", "slope_pct": 0.6 }, "geometry": { "type": "LineString", "coordinates": [ [ 72.8501765, 19.0258797 ], [ 72.8501452, 19.0258881 ], [ 72.8499974, 19.0259544 ], [ 72.8498571, 19.0260173 ], [ 72.8497202, 19.0260787 ], [ 72.8497138, 19.0260914 ], [ 72.8497138, 19.0261082 ], [ 72.8498132, 19.0262848 ], [ 72.8498302, 19.0262942 ], [ 72.8498487, 19.0262942 ], [ 72.8502504, 19.0260896 ], [ 72.8502924, 19.0260706 ] ] } },
{ "type": "Feature", "properties": { "name": "Urban Corridor", "highway": "residential", "slope_pct": 0.6 }, "geometry": { "type": "LineString", "coordinates": [ [ 72.8498571, 19.0260173 ], [ 72.8498799, 19.0260666 ], [ 72.8498892, 19.0260766 ], [ 72.8499069, 19.0260813 ], [ 72.8500184, 19.0260357 ], [ 72.8500284, 19.026025 ], [ 72.8500284, 19.0260135 ], [ 72.8499974, 19.0259544 ] ] } },
{ "type": "Feature", "properties": { "name": "Urban Corridor", "highway": "residential", "slope_pct": 0.6 }, "geometry": { "type": "LineString", "coordinates": [ [ 72.8490025, 19.0252727 ], [ 72.8491972, 19.0255479 ], [ 72.8492298, 19.0255634 ], [ 72.8492547, 19.0255627 ], [ 72.8493696, 19.0254902 ] ] } },
{ "type": "Feature", "properties": { "name": "Urban Corridor", "highway": "residential", "slope_pct": 0.6 }, "geometry": { "type": "LineString", "coordinates": [ [ 72.8487103, 19.0248087 ], [ 72.848898, 19.0247027 ] ] } },
{ "type": "Feature", "properties": { "name": "Urban Corridor", "highway": "residential", "slope_pct": 0.6 }, "geometry": { "type": "LineString", "coordinates": [ [ 72.8485796, 19.0246117 ], [ 72.8487466, 19.0244992 ] ] } },
{ "type": "Feature", "properties": { "name": "Urban Corridor", "highway": "residential", "slope_pct": 0.6 }, "geometry": { "type": "LineString", "coordinates": [ [ 72.8483003, 19.0242147 ], [ 72.8481796, 19.024071 ], [ 72.8481803, 19.0240489 ], [ 72.8482023, 19.0239985 ], [ 72.848232, 19.0239508 ], [ 72.848342, 19.023881 ] ] } },
{ "type": "Feature", "properties": { "name": "Urban Corridor", "highway": "residential", "slope_pct": 0.6 }, "geometry": { "type": "LineString", "coordinates": [ [ 72.8483003, 19.0242147 ], [ 72.848402, 19.0243412 ] ] } },
{ "type": "Feature", "properties": { "name": "Urban Corridor", "highway": "residential", "slope_pct": 0.6 }, "geometry": { "type": "LineString", "coordinates": [ [ 72.8481472, 19.023595 ], [ 72.8479822, 19.0236877 ], [ 72.8479758, 19.0237152 ], [ 72.8479772, 19.0237434 ], [ 72.8481058, 19.0239495 ], [ 72.8481278, 19.0239556 ], [ 72.8481704, 19.0239482 ], [ 72.8481981, 19.0239408 ], [ 72.848232, 19.0239508 ] ] } },
{ "type": "Feature", "properties": { "name": "Urban Corridor", "highway": "residential", "slope_pct": 0.6 }, "geometry": { "type": "LineString", "coordinates": [ [ 72.8480596, 19.0234664 ], [ 72.8479155, 19.0235595 ], [ 72.8478736, 19.0235602 ], [ 72.8478388, 19.0235494 ], [ 72.8478253, 19.0235367 ], [ 72.8477166, 19.0233688 ], [ 72.8477173, 19.0233507 ], [ 72.8477351, 19.0233218 ], [ 72.8477507, 19.0232668 ], [ 72.8478786, 19.0232004 ] ] } },
{ "type": "Feature", "properties": { "name": "Urban Corridor", "highway": "residential", "slope_pct": 0.6 }, "geometry": { "type": "LineString", "coordinates": [ [ 72.8477507, 19.0232668 ], [ 72.8476953, 19.0232574 ], [ 72.8476669, 19.0232608 ], [ 72.8476357, 19.0232591 ], [ 72.847613, 19.0232426 ], [ 72.8474856, 19.0229806 ], [ 72.8474859, 19.0229645 ], [ 72.8474927, 19.0229521 ], [ 72.8475069, 19.022941 ], [ 72.8475394, 19.0228891 ], [ 72.8476207, 19.0228444 ] ] } },
{ "type": "Feature", "properties": { "name": "Urban Corridor", "highway": "residential", "slope_pct": 0.6 }, "geometry": { "type": "LineString", "coordinates": [ [ 72.8475394, 19.0228891 ], [ 72.847433, 19.0228981 ], [ 72.8474157, 19.0228919 ], [ 72.8474045, 19.0228767 ], [ 72.8472542, 19.0226516 ], [ 72.8472334, 19.0226134 ], [ 72.8472257, 19.0225797 ], [ 72.8472281, 19.022564 ], [ 72.8472477, 19.0225483 ], [ 72.8473767, 19.0224861 ] ] } },
{ "type": "Feature", "properties": { "name": "Lakhamasi Nappu Road", "highway": "tertiary", "slope_pct": 0.6 }, "geometry": { "type": "LineString", "coordinates": [ [ 72.8452564, 19.019297 ], [ 72.8454385, 19.019536 ], [ 72.8455226, 19.0195774 ] ] } },
{ "type": "Feature", "properties": { "name": "Urban Corridor", "highway": "tertiary", "slope_pct": 0.6 }, "geometry": { "type": "LineString", "coordinates": [ [ 72.8455226, 19.0195774 ], [ 72.8455159, 19.0194868 ], [ 72.8453277, 19.0192302 ], [ 72.8452541, 19.0192018 ] ] } },
{ "type": "Feature", "properties": { "name": "Urban Corridor", "highway": "trunk_link", "slope_pct": 0.6 }, "geometry": { "type": "LineString", "coordinates": [ [ 72.8461756, 19.0165214 ], [ 72.8461699, 19.0165313 ], [ 72.8461406, 19.0165819 ] ] } },
{ "type": "Feature", "properties": { "name": "Tilak Road Extension", "highway": "secondary", "slope_pct": 0.6 }, "geometry": { "type": "LineString", "coordinates": [ [ 72.8516011, 19.0153884 ], [ 72.8515398, 19.015394 ], [ 72.8514389, 19.0154587 ] ] } },
{ "type": "Feature", "properties": { "name": "Tilak Road", "highway": "primary", "slope_pct": 0.6 }, "geometry": { "type": "LineString", "coordinates": [ [ 72.8513919, 19.015492 ], [ 72.8512917, 19.0155627 ], [ 72.8512585, 19.0156116 ] ] } },
{ "type": "Feature", "properties": { "name": "Tilak Road", "highway": "primary", "slope_pct": 0.6 }, "geometry": { "type": "LineString", "coordinates": [ [ 72.8512585, 19.0156116 ], [ 72.8513281, 19.0155979 ], [ 72.8514334, 19.0155293 ] ] } },
{ "type": "Feature", "properties": { "name": "Urban Corridor", "highway": "primary", "slope_pct": 0.6 }, "geometry": { "type": "LineString", "coordinates": [ [ 72.8514334, 19.0155293 ], [ 72.8514818, 19.0154993 ] ] } },
{ "type": "Feature", "properties": { "name": "Tilak Road Extension", "highway": "secondary", "slope_pct": 0.6 }, "geometry": { "type": "LineString", "coordinates": [ [ 72.8514818, 19.0154993 ], [ 72.8515114, 19.0154799 ], [ 72.8515853, 19.0154313 ], [ 72.8516011, 19.0153884 ] ] } },
{ "type": "Feature", "properties": { "name": "Jame Jamshed Road", "highway": "residential", "slope_pct": 0.6 }, "geometry": { "type": "LineString", "coordinates": [ [ 72.8489611, 19.0173747 ], [ 72.8490931, 19.0175028 ] ] } },
{ "type": "Feature", "properties": { "name": "Jame Jamshed Road", "highway": "residential", "slope_pct": 0.6 }, "geometry": { "type": "LineString", "coordinates": [ [ 72.8489611, 19.0173747 ], [ 72.8489439, 19.017319 ], [ 72.8488065, 19.0171767 ] ] } },
{ "type": "Feature", "properties": { "name": "Urban Corridor", "highway": "residential", "slope_pct": 0.6 }, "geometry": { "type": "LineString", "coordinates": [ [ 72.8445778, 19.0146898 ], [ 72.8446087, 19.0146708 ], [ 72.8449438, 19.014464 ] ] } },
{ "type": "Feature", "properties": { "name": "Urban Corridor", "highway": "residential", "slope_pct": 0.6 }, "geometry": { "type": "LineString", "coordinates": [ [ 72.8446851, 19.0148528 ], [ 72.8450549, 19.014626 ] ] } },
{ "type": "Feature", "properties": { "name": "Urban Corridor", "highway": "residential", "slope_pct": 0.6 }, "geometry": { "type": "LineString", "coordinates": [ [ 72.8465403, 19.0138196 ], [ 72.8465692, 19.0138579 ], [ 72.8465981, 19.0138962 ] ] } },
{ "type": "Feature", "properties": { "name": "Urban Corridor", "highway": "residential", "slope_pct": 0.6 }, "geometry": { "type": "LineString", "coordinates": [ [ 72.8459049, 19.0143883 ], [ 72.845868, 19.0143293 ], [ 72.8457849, 19.0141965 ] ] } },
{ "type": "Feature", "properties": { "name": "Urban Corridor", "highway": "residential", "slope_pct": 0.6 }, "geometry": { "type": "LineString", "coordinates": [ [ 72.8457118, 19.0142406 ], [ 72.8457849, 19.0141965 ], [ 72.8459095, 19.0141287 ] ] } },
{ "type": "Feature", "properties": { "name": "Urban Corridor", "highway": "residential", "slope_pct": 0.6 }, "geometry": { "type": "LineString", "coordinates": [ [ 72.8454029, 19.014427 ], [ 72.8454757, 19.0143831 ], [ 72.8455197, 19.0143565 ] ] } },
{ "type": "Feature", "properties": { "name": "Urban Corridor", "highway": "residential", "slope_pct": 0.6 }, "geometry": { "type": "LineString", "coordinates": [ [ 72.8455197, 19.0143565 ], [ 72.8457118, 19.0142406 ] ] } },
{ "type": "Feature", "properties": { "name": "Urban Corridor", "highway": "residential", "slope_pct": 0.6 }, "geometry": { "type": "LineString", "coordinates": [ [ 72.846686, 19.0140289 ], [ 72.8460858, 19.0144341 ], [ 72.8458637, 19.0145841 ], [ 72.8458488, 19.0146128 ], [ 72.8458495, 19.0146434 ], [ 72.8458592, 19.0146617 ], [ 72.8462624, 19.0152139 ], [ 72.8463005, 19.0152359 ], [ 72.846349, 19.0152481 ], [ 72.8464008, 19.0152432 ], [ 72.8464214, 19.0152334 ], [ 72.8471001, 19.014738 ], [ 72.8471131, 19.0147215 ], [ 72.847115, 19.0146885 ], [ 72.847106, 19.0146616 ], [ 72.8470904, 19.014639 ], [ 72.846686, 19.0140289 ], [ 72.8466556, 19.013983 ], [ 72.8465981, 19.0138962 ] ] } },
{ "type": "Feature", "properties": { "name": "Urban Corridor", "highway": "residential", "slope_pct": 0.6 }, "geometry": { "type": "LineString", "coordinates": [ [ 72.8460858, 19.0144341 ], [ 72.8460491, 19.0143793 ], [ 72.8460058, 19.0143147 ] ] } },
{ "type": "Feature", "properties": { "name": "Urban Corridor", "highway": "residential", "slope_pct": 0.6 }, "geometry": { "type": "LineString", "coordinates": [ [ 72.8450838, 19.0137931 ], [ 72.845091, 19.0137887 ], [ 72.8453046, 19.0136606 ] ] } },
{ "type": "Feature", "properties": { "name": "Urban Corridor", "highway": "residential", "slope_pct": 0.6 }, "geometry": { "type": "LineString", "coordinates": [ [ 72.8450016, 19.0138423 ], [ 72.8450838, 19.0137931 ] ] } },
{ "type": "Feature", "properties": { "name": "Urban Corridor", "highway": "residential", "slope_pct": 0.6 }, "geometry": { "type": "LineString", "coordinates": [ [ 72.8433615, 19.0124681 ], [ 72.8433417, 19.01237 ], [ 72.8433446, 19.012354 ], [ 72.8433542, 19.0123436 ], [ 72.8435896, 19.0122198 ], [ 72.8436545, 19.0121856 ] ] } },
{ "type": "Feature", "properties": { "name": "Urban Corridor", "highway": "residential", "slope_pct": 0.6 }, "geometry": { "type": "LineString", "coordinates": [ [ 72.850899, 19.017511 ], [ 72.8508256, 19.017396 ], [ 72.8507764, 19.017319 ] ] } },
{ "type": "Feature", "properties": { "name": "Urban Corridor", "highway": "residential", "slope_pct": 0.6 }, "geometry": { "type": "LineString", "coordinates": [ [ 72.8502896, 19.0173859 ], [ 72.8502526, 19.0174499 ], [ 72.8501753, 19.0175838 ], [ 72.8501748, 19.0176033 ], [ 72.8501851, 19.0176172 ], [ 72.8503415, 19.0176946 ], [ 72.8503523, 19.0176937 ], [ 72.8503626, 19.0176862 ], [ 72.85046, 19.0175339 ], [ 72.8504846, 19.0174955 ] ] } },
{ "type": "Feature", "properties": { "name": "Urban Corridor", "highway": "residential", "slope_pct": 0.6 }, "geometry": { "type": "LineString", "coordinates": [ [ 72.8502335, 19.0184352 ], [ 72.8503197, 19.0182989 ], [ 72.850332, 19.0182906 ], [ 72.8503501, 19.0182896 ], [ 72.8504477, 19.0183435 ], [ 72.8506079, 19.0184318 ], [ 72.8506996, 19.0184824 ], [ 72.8508062, 19.0185412 ], [ 72.8509094, 19.0185981 ], [ 72.8510053, 19.0186509 ], [ 72.8511138, 19.0187107 ], [ 72.8512125, 19.0187651 ], [ 72.8513518, 19.0188419 ], [ 72.8513694, 19.0188728 ], [ 72.8513709, 19.0188951 ], [ 72.851365, 19.0189164 ], [ 72.8513542, 19.018934 ], [ 72.8512685, 19.0189877 ], [ 72.8511717, 19.0190484 ], [ 72.851087, 19.0191014 ] ] } },
{ "type": "Feature", "properties": { "name": "Urban Corridor", "highway": "residential", "slope_pct": 0.6 }, "geometry": { "type": "LineString", "coordinates": [ [ 72.8505793, 19.0186658 ], [ 72.8506996, 19.0184824 ], [ 72.8507162, 19.0184572 ], [ 72.8507735, 19.0183699 ] ] } },
{ "type": "Feature", "properties": { "name": "Urban Corridor", "highway": "residential", "slope_pct": 0.6 }, "geometry": { "type": "LineString", "coordinates": [ [ 72.850278, 19.0185025 ], [ 72.8505793, 19.0186658 ], [ 72.8507142, 19.0187389 ], [ 72.850864, 19.0188201 ] ] } },
{ "type": "Feature", "properties": { "name": "Urban Corridor", "highway": "residential", "slope_pct": 0.6 }, "geometry": { "type": "LineString", "coordinates": [ [ 72.8505556, 19.0188743 ], [ 72.8507142, 19.0187389 ] ] } },
{ "type": "Feature", "properties": { "name": "Urban Corridor", "highway": "residential", "slope_pct": 0.6 }, "geometry": { "type": "LineString", "coordinates": [ [ 72.8504477, 19.0183435 ], [ 72.8504709, 19.0183092 ], [ 72.8505216, 19.018234 ] ] } },
{ "type": "Feature", "properties": { "name": "Urban Corridor", "highway": "residential", "slope_pct": 0.6 }, "geometry": { "type": "LineString", "coordinates": [ [ 72.8506079, 19.0184318 ], [ 72.8506293, 19.0183997 ], [ 72.850682, 19.0183205 ] ] } },
{ "type": "Feature", "properties": { "name": "Urban Corridor", "highway": "residential", "slope_pct": 0.6 }, "geometry": { "type": "LineString", "coordinates": [ [ 72.8508062, 19.0185412 ], [ 72.8508243, 19.0185143 ], [ 72.8508821, 19.0184285 ] ] } },
{ "type": "Feature", "properties": { "name": "Urban Corridor", "highway": "residential", "slope_pct": 0.6 }, "geometry": { "type": "LineString", "coordinates": [ [ 72.8509898, 19.0184866 ], [ 72.8509275, 19.0185731 ], [ 72.8509094, 19.0185981 ] ] } },
{ "type": "Feature", "properties": { "name": "Urban Corridor", "highway": "residential", "slope_pct": 0.6 }, "geometry": { "type": "LineString", "coordinates": [ [ 72.8510053, 19.0186509 ], [ 72.8510256, 19.0186215 ], [ 72.8510817, 19.0185401 ] ] } },
{ "type": "Feature", "properties": { "name": "Urban Corridor", "highway": "residential", "slope_pct": 0.6 }, "geometry": { "type": "LineString", "coordinates": [ [ 72.8512125, 19.0187651 ], [ 72.8512264, 19.0187457 ], [ 72.8512876, 19.0186599 ] ] } },
{ "type": "Feature", "properties": { "name": "Urban Corridor", "highway": "residential", "slope_pct": 0.6 }, "geometry": { "type": "LineString", "coordinates": [ [ 72.8510567, 19.0188061 ], [ 72.8511138, 19.0187107 ] ] } },
{ "type": "Feature", "properties": { "name": "Urban Corridor", "highway": "residential", "slope_pct": 0.6 }, "geometry": { "type": "LineString", "coordinates": [ [ 72.8512451, 19.0191416 ], [ 72.8512025, 19.0190875 ], [ 72.8511717, 19.0190484 ] ] } },
{ "type": "Feature", "properties": { "name": "Urban Corridor", "highway": "residential", "slope_pct": 0.6 }, "geometry": { "type": "LineString", "coordinates": [ [ 72.8513366, 19.0190799 ], [ 72.8513, 19.0190303 ], [ 72.8512685, 19.0189877 ] ] } },
{ "type": "Feature", "properties": { "name": "Khareghat Road", "highway": "residential", "slope_pct": 0.6 }, "geometry": { "type": "LineString", "coordinates": [ [ 72.8514731, 19.0189867 ], [ 72.8515222, 19.0189797 ], [ 72.8516452, 19.0188985 ] ] } },
{ "type": "Feature", "properties": { "name": "Mancherji Joshi Road", "highway": "residential", "slope_pct": 0.6 }, "geometry": { "type": "LineString", "coordinates": [ [ 72.8516452, 19.0188985 ], [ 72.8517281, 19.0189396 ], [ 72.8518017, 19.0189455 ] ] } },
{ "type": "Feature", "properties": { "name": "Khareghat Road", "highway": "residential", "slope_pct": 0.6 }, "geometry": { "type": "LineString", "coordinates": [ [ 72.8516452, 19.0188985 ], [ 72.8517043, 19.0188576 ], [ 72.8517924, 19.0187965 ], [ 72.8518154, 19.0187497 ] ] } },
{ "type": "Feature", "properties": { "name": "Mancherji Joshi Road", "highway": "residential", "slope_pct": 0.6 }, "geometry": { "type": "LineString", "coordinates": [ [ 72.8514683, 19.0187592 ], [ 72.8514974, 19.0188125 ], [ 72.8515481, 19.0188424 ], [ 72.8515929, 19.0188683 ], [ 72.8516452, 19.0188985 ] ] } },
{ "type": "Feature", "properties": { "name": "Urban Corridor", "highway": "residential", "slope_pct": 0.6 }, "geometry": { "type": "LineString", "coordinates": [ [ 72.8518154, 19.0187497 ], [ 72.8517565, 19.0187559 ], [ 72.851651, 19.0188285 ], [ 72.8515929, 19.0188683 ], [ 72.8514844, 19.0189433 ], [ 72.8514731, 19.0189867 ] ] } },
{ "type": "Feature", "properties": { "name": "Urban Corridor", "highway": "residential", "slope_pct": 0.6 }, "geometry": { "type": "LineString", "coordinates": [ [ 72.8518017, 19.0189455 ], [ 72.8517676, 19.0188921 ], [ 72.8517043, 19.0188576 ], [ 72.851651, 19.0188285 ], [ 72.8515263, 19.0187606 ], [ 72.8514683, 19.0187592 ] ] } },
{ "type": "Feature", "properties": { "name": "Urban Corridor", "highway": "secondary_link", "slope_pct": 0.6 }, "geometry": { "type": "LineString", "coordinates": [ [ 72.8501808, 19.0140943 ], [ 72.850253, 19.0140558 ] ] } },
{ "type": "Feature", "properties": { "name": "Urban Corridor", "highway": "primary_link", "slope_pct": 0.6 }, "geometry": { "type": "LineString", "coordinates": [ [ 72.8516276, 19.0157318 ], [ 72.8516759, 19.0156949 ] ] } },
{ "type": "Feature", "properties": { "name": "Mancherji Joshi Road", "highway": "residential", "slope_pct": 0.6 }, "geometry": { "type": "LineString", "coordinates": [ [ 72.8518017, 19.0189455 ], [ 72.8526314, 19.019424 ] ] } },
{ "type": "Feature", "properties": { "name": "Urban Corridor", "highway": "residential", "slope_pct": 0.6 }, "geometry": { "type": "LineString", "coordinates": [ [ 72.8491749, 19.004688 ], [ 72.8492359, 19.004687 ], [ 72.8493308, 19.0046855 ], [ 72.8493618, 19.004685 ] ] } },
{ "type": "Feature", "properties": { "name": "Urban Corridor", "highway": "residential", "slope_pct": 0.6 }, "geometry": { "type": "LineString", "coordinates": [ [ 72.8493104, 19.0034538 ], [ 72.8493952, 19.0034547 ], [ 72.8494758, 19.0034555 ], [ 72.8495109, 19.0034559 ], [ 72.849503, 19.0035593 ], [ 72.8494695, 19.0037634 ], [ 72.849448, 19.0038909 ], [ 72.8494723, 19.0039295 ], [ 72.8495905, 19.0039045 ], [ 72.8497509, 19.003774 ], [ 72.8498446, 19.003551 ], [ 72.8498268, 19.0034178 ], [ 72.849776, 19.003323 ], [ 72.8496616, 19.003233 ], [ 72.8496099, 19.0032244 ], [ 72.8495598, 19.0032348 ], [ 72.8495278, 19.0033124 ] ] } },
{ "type": "Feature", "properties": { "name": "Urban Corridor", "highway": "residential", "slope_pct": 0.6 }, "geometry": { "type": "LineString", "coordinates": [ [ 72.8493872, 19.0027545 ], [ 72.8495317, 19.0027647 ], [ 72.8496012, 19.0027695 ], [ 72.8498371, 19.0027861 ], [ 72.8502894, 19.0029535 ], [ 72.8504228, 19.0030615 ], [ 72.8505604, 19.0032451 ], [ 72.8505882, 19.003351 ], [ 72.8506031, 19.0035406 ], [ 72.8505519, 19.0040299 ], [ 72.8505273, 19.004156 ], [ 72.8504847, 19.0042135 ], [ 72.8504087, 19.0042666 ], [ 72.8503298, 19.0042958 ], [ 72.8502817, 19.0043437 ], [ 72.8502134, 19.0045038 ], [ 72.8501398, 19.0045936 ], [ 72.8500064, 19.004636 ], [ 72.8497098, 19.0046612 ] ] } },
{ "type": "Feature", "properties": { "name": "Urban Corridor", "highway": "residential", "slope_pct": 0.6 }, "geometry": { "type": "LineString", "coordinates": [ [ 72.8439257, 19.0049307 ], [ 72.8439688, 19.0048875 ], [ 72.8440268, 19.0048293 ], [ 72.8440584, 19.004777 ], [ 72.8440676, 19.0047285 ], [ 72.8440189, 19.0042087 ], [ 72.8440255, 19.0041751 ], [ 72.8440991, 19.0041191 ], [ 72.8441136, 19.0040967 ], [ 72.8441176, 19.0040719 ], [ 72.8441202, 19.0040345 ], [ 72.844136, 19.0040134 ], [ 72.8444496, 19.0038452 ], [ 72.8445674, 19.0037821 ] ] } },
{ "type": "Feature", "properties": { "name": "Urban Corridor", "highway": "residential", "slope_pct": 0.6 }, "geometry": { "type": "LineString", "coordinates": [ [ 72.843965, 19.0036565 ], [ 72.8439992, 19.0039786 ], [ 72.844015, 19.0039923 ], [ 72.8441202, 19.0040345 ] ] } },
{ "type": "Feature", "properties": { "name": "Urban Corridor", "highway": "residential", "slope_pct": 0.6 }, "geometry": { "type": "LineString", "coordinates": [ [ 72.8444496, 19.0038452 ], [ 72.8446673, 19.0041921 ], [ 72.8448505, 19.0044839 ] ] } },
{ "type": "Feature", "properties": { "name": "Urban Corridor", "highway": "residential", "slope_pct": 0.6 }, "geometry": { "type": "LineString", "coordinates": [ [ 72.8442965, 19.0043878 ], [ 72.8443739, 19.0043469 ], [ 72.8445282, 19.0042655 ], [ 72.8446673, 19.0041921 ] ] } },
{ "type": "Feature", "properties": { "name": "Urban Corridor", "highway": "residential", "slope_pct": 0.6 }, "geometry": { "type": "LineString", "coordinates": [ [ 72.8443739, 19.0043469 ], [ 72.8442609, 19.0041614 ], [ 72.8442609, 19.0041427 ], [ 72.8442728, 19.0041253 ], [ 72.8443727, 19.0040656 ], [ 72.8443885, 19.0040669 ], [ 72.8444017, 19.0040756 ], [ 72.8445282, 19.0042655 ], [ 72.8446121, 19.0044077 ], [ 72.8446148, 19.0044276 ], [ 72.8446029, 19.0044412 ], [ 72.8444898, 19.0045059 ], [ 72.8444727, 19.0045072 ], [ 72.8444596, 19.0044972 ], [ 72.8443739, 19.0043469 ] ] } },
{ "type": "Feature", "properties": { "name": "Urban Corridor", "highway": "residential", "slope_pct": 0.6 }, "geometry": { "type": "LineString", "coordinates": [ [ 72.8444225, 19.0047113 ], [ 72.8443096, 19.0045333 ] ] } },
{ "type": "Feature", "properties": { "name": "Urban Corridor", "highway": "residential", "slope_pct": 0.6 }, "geometry": { "type": "LineString", "coordinates": [ [ 72.8379172, 19.0048395 ], [ 72.8378972, 19.0047917 ], [ 72.8378909, 19.0047766 ], [ 72.8377511, 19.0044409 ], [ 72.83774, 19.0044319 ], [ 72.8377268, 19.0044319 ], [ 72.8376106, 19.0044785 ], [ 72.837604, 19.004491 ], [ 72.8376018, 19.0045028 ], [ 72.8377428, 19.0048265 ], [ 72.8377499, 19.0048426 ], [ 72.8377638, 19.0048747 ] ] } },
{ "type": "Feature", "properties": { "name": "Urban Corridor", "highway": "residential", "slope_pct": 0.6 }, "geometry": { "type": "LineString", "coordinates": [ [ 72.8378384, 19.0048671 ], [ 72.8377959, 19.0048658 ], [ 72.8377638, 19.0048747 ], [ 72.8377481, 19.004879 ] ] } },
{ "type": "Feature", "properties": { "name": "Urban Corridor", "highway": "residential", "slope_pct": 0.6 }, "geometry": { "type": "LineString", "coordinates": [ [ 72.8377428, 19.0048265 ], [ 72.8378909, 19.0047766 ] ] } },
{ "type": "Feature", "properties": { "name": "Urban Corridor", "highway": "residential", "slope_pct": 0.6 }, "geometry": { "type": "LineString", "coordinates": [ [ 72.8378623, 19.005149 ], [ 72.8379102, 19.0052683 ], [ 72.837911, 19.0052842 ], [ 72.8379022, 19.0053001 ], [ 72.8378765, 19.0053326 ] ] } },
{ "type": "Feature", "properties": { "name": "Urban Corridor", "highway": "residential", "slope_pct": 0.6 }, "geometry": { "type": "LineString", "coordinates": [ [ 72.8374252, 19.005141 ], [ 72.8375718, 19.0050956 ], [ 72.8377439, 19.0050419 ], [ 72.8377591, 19.0050305 ], [ 72.8377591, 19.0050146 ], [ 72.837735, 19.0049624 ], [ 72.8377247, 19.0049435 ], [ 72.8377127, 19.0049405 ], [ 72.8376668, 19.0049519 ], [ 72.8376012, 19.0049655 ], [ 72.8375804, 19.0049609 ], [ 72.8375676, 19.0049481 ], [ 72.8375292, 19.0048663 ], [ 72.8375123, 19.0048595 ], [ 72.8374963, 19.0048603 ], [ 72.8373531, 19.004917 ], [ 72.8373459, 19.0049322 ], [ 72.8373459, 19.0049473 ], [ 72.8373787, 19.0050396 ], [ 72.8373779, 19.0050533 ], [ 72.8373683, 19.0050631 ], [ 72.8373667, 19.005076 ], [ 72.8373843, 19.0051274 ], [ 72.8373931, 19.0051365 ], [ 72.8374091, 19.0051421 ], [ 72.8374252, 19.005141 ] ] } },
{ "type": "Feature", "properties": { "name": "Urban Corridor", "highway": "residential", "slope_pct": 0.6 }, "geometry": { "type": "LineString", "coordinates": [ [ 72.8376117, 19.0052187 ], [ 72.8375918, 19.0051571 ], [ 72.8375718, 19.0050956 ] ] } },
{ "type": "Feature", "properties": { "name": "Urban Corridor", "highway": "residential", "slope_pct": 0.6 }, "geometry": { "type": "LineString", "coordinates": [ [ 72.837735, 19.0049624 ], [ 72.8377857, 19.0049461 ], [ 72.8377968, 19.0049426 ] ] } },
{ "type": "Feature", "properties": { "name": "Urban Corridor", "highway": "residential", "slope_pct": 0.6 }, "geometry": { "type": "LineString", "coordinates": [ [ 72.8378196, 19.0049358 ], [ 72.8378434, 19.0049272 ] ] } },
{ "type": "Feature", "properties": { "name": "Urban Corridor", "highway": "residential", "slope_pct": 0.6 }, "geometry": { "type": "LineString", "coordinates": [ [ 72.8377932, 19.0069549 ], [ 72.8379444, 19.007052 ], [ 72.8380226, 19.0071214 ], [ 72.8381234, 19.0072914 ] ] } },
{ "type": "Feature", "properties": { "name": "Urban Corridor", "highway": "residential", "slope_pct": 0.6 }, "geometry": { "type": "LineString", "coordinates": [ [ 72.8379444, 19.007052 ], [ 72.8382464, 19.0068815 ] ] } },
{ "type": "Feature", "properties": { "name": "Urban Corridor", "highway": "residential", "slope_pct": 0.6 }, "geometry": { "type": "LineString", "coordinates": [ [ 72.8391888, 19.0058584 ], [ 72.8392371, 19.0059237 ], [ 72.8396835, 19.0065263 ], [ 72.8396952, 19.0065588 ], [ 72.8396881, 19.0065849 ], [ 72.8395617, 19.0066606 ], [ 72.8395336, 19.0066614 ], [ 72.839519, 19.0066476 ] ] } },
{ "type": "Feature", "properties": { "name": "Urban Corridor", "highway": "residential", "slope_pct": 0.6 }, "geometry": { "type": "LineString", "coordinates": [ [ 72.838951, 19.0060121 ], [ 72.8389842, 19.0060546 ], [ 72.8390072, 19.0060857 ], [ 72.839419, 19.0066431 ], [ 72.8394212, 19.0066765 ], [ 72.8394055, 19.0066996 ] ] } },
{ "type": "Feature", "properties": { "name": "Urban Corridor", "highway": "residential", "slope_pct": 0.6 }, "geometry": { "type": "LineString", "coordinates": [ [ 72.8391089, 19.0068665 ], [ 72.8390021, 19.0066987 ], [ 72.8389807, 19.0066785 ], [ 72.8389654, 19.0066697 ], [ 72.8389415, 19.0066745 ], [ 72.8388912, 19.0066817 ], [ 72.8388605, 19.0066729 ], [ 72.83877, 19.0065471 ], [ 72.8387632, 19.006522 ], [ 72.8387692, 19.0065059 ], [ 72.8387845, 19.0064817 ], [ 72.8387905, 19.0064478 ], [ 72.8387888, 19.006422 ], [ 72.8387531, 19.0063674 ] ] } },
{ "type": "Feature", "properties": { "name": "Urban Corridor", "highway": "residential", "slope_pct": 0.6 }, "geometry": { "type": "LineString", "coordinates": [ [ 72.8392942, 19.0067622 ], [ 72.8394713, 19.0070625 ], [ 72.8394721, 19.007077 ], [ 72.8394661, 19.0070883 ], [ 72.8393672, 19.0071383 ], [ 72.8393501, 19.0071358 ], [ 72.8393356, 19.0071229 ], [ 72.8391962, 19.0068436 ], [ 72.839186, 19.0068231 ] ] } },
{ "type": "Feature", "properties": { "name": "Urban Corridor", "highway": "residential", "slope_pct": 0.6 }, "geometry": { "type": "LineString", "coordinates": [ [ 72.8390835, 19.0068808 ], [ 72.839281, 19.0072689 ], [ 72.8392853, 19.0072915 ], [ 72.8392793, 19.0073101 ], [ 72.8392051, 19.0073431 ], [ 72.8391829, 19.0073431 ], [ 72.839165, 19.0073367 ], [ 72.8389668, 19.0069464 ] ] } },
{ "type": "Feature", "properties": { "name": "Urban Corridor", "highway": "residential", "slope_pct": 0.6 }, "geometry": { "type": "LineString", "coordinates": [ [ 72.8403102, 19.0067779 ], [ 72.8404686, 19.0070531 ], [ 72.8405006, 19.0071087 ] ] } },
{ "type": "Feature", "properties": { "name": "Urban Corridor", "highway": "residential", "slope_pct": 0.6 }, "geometry": { "type": "LineString", "coordinates": [ [ 72.8408108, 19.0071688 ], [ 72.8407601, 19.0071902 ], [ 72.8404843, 19.007306 ], [ 72.840453, 19.0073189 ], [ 72.8404444, 19.0073362 ], [ 72.8404456, 19.0073571 ], [ 72.8405363, 19.0075582 ], [ 72.8405502, 19.0075736 ], [ 72.84057, 19.0075725 ], [ 72.8408572, 19.0074469 ], [ 72.8409353, 19.0074127 ] ] } },
{ "type": "Feature", "properties": { "name": "Urban Corridor", "highway": "residential", "slope_pct": 0.6 }, "geometry": { "type": "LineString", "coordinates": [ [ 72.8407039, 19.0072381 ], [ 72.8406877, 19.0072033 ], [ 72.840674, 19.0071936 ], [ 72.840656, 19.0071895 ], [ 72.8404797, 19.0072478 ] ] } },
{ "type": "Feature", "properties": { "name": "Urban Corridor", "highway": "residential", "slope_pct": 0.6 }, "geometry": { "type": "LineString", "coordinates": [ [ 72.8404797, 19.0072478 ], [ 72.8404711, 19.0072607 ], [ 72.8404711, 19.0072745 ], [ 72.8404843, 19.007306 ] ] } },
{ "type": "Feature", "properties": { "name": "Urban Corridor", "highway": "residential", "slope_pct": 0.6 }, "geometry": { "type": "LineString", "coordinates": [ [ 72.8422073, 19.0105922 ], [ 72.8423984, 19.01053 ], [ 72.8424566, 19.0105111 ] ] } },
{ "type": "Feature", "properties": { "name": "Urban Corridor", "highway": "residential", "slope_pct": 0.6 }, "geometry": { "type": "LineString", "coordinates": [ [ 72.8508932, 19.0216841 ], [ 72.8509911, 19.0216301 ], [ 72.8512085, 19.0215103 ], [ 72.8512254, 19.021511 ], [ 72.8512386, 19.021518 ], [ 72.8513319, 19.0216648 ], [ 72.8514025, 19.0217683 ] ] } },
{ "type": "Feature", "properties": { "name": "Urban Corridor", "highway": "residential", "slope_pct": 0.6 }, "geometry": { "type": "LineString", "coordinates": [ [ 72.851421, 19.0213553 ], [ 72.8515566, 19.021523 ], [ 72.851632, 19.0216161 ] ] } },
{ "type": "Feature", "properties": { "name": "Urban Corridor", "highway": "residential", "slope_pct": 0.6 }, "geometry": { "type": "LineString", "coordinates": [ [ 72.8518925, 19.0219373 ], [ 72.8517312, 19.021738 ], [ 72.851632, 19.0216161 ] ] } },
{ "type": "Feature", "properties": { "name": "Urban Corridor", "highway": "residential", "slope_pct": 0.6 }, "geometry": { "type": "LineString", "coordinates": [ [ 72.8465706, 19.019156 ], [ 72.8465048, 19.0190703 ], [ 72.8464901, 19.0190512 ], [ 72.8463866, 19.0189163 ], [ 72.8463761, 19.0189081 ], [ 72.8463688, 19.0189076 ], [ 72.846363, 19.0189095 ], [ 72.8462786, 19.0189672 ], [ 72.8462758, 19.0189723 ], [ 72.8462758, 19.0189798 ], [ 72.8462792, 19.0189872 ], [ 72.8463857, 19.019126 ], [ 72.8464026, 19.019148 ], [ 72.8464618, 19.0192252 ] ] } },
{ "type": "Feature", "properties": { "name": "Urban Corridor", "highway": "residential", "slope_pct": 0.6 }, "geometry": { "type": "LineString", "coordinates": [ [ 72.8462778, 19.0190555 ], [ 72.8463723, 19.0191866 ], [ 72.8464184, 19.0192534 ] ] } },
{ "type": "Feature", "properties": { "name": "Urban Corridor", "highway": "residential", "slope_pct": 0.6 }, "geometry": { "type": "LineString", "coordinates": [ [ 72.8461447, 19.0191563 ], [ 72.846238, 19.0192739 ], [ 72.8462859, 19.0193368 ] ] } },
{ "type": "Feature", "properties": { "name": "Urban Corridor", "highway": "residential", "slope_pct": 0.6 }, "geometry": { "type": "LineString", "coordinates": [ [ 72.8463105, 19.0193691 ], [ 72.8464411, 19.0192855 ] ] } },
{ "type": "Feature", "properties": { "name": "Urban Corridor", "highway": "residential", "slope_pct": 0.6 }, "geometry": { "type": "LineString", "coordinates": [ [ 72.8492905, 19.0135029 ], [ 72.8492443, 19.013508 ], [ 72.8489545, 19.0135052 ], [ 72.8489413, 19.0135094 ], [ 72.8489376, 19.0135191 ], [ 72.8489383, 19.0136797 ], [ 72.8489427, 19.0136943 ], [ 72.8489508, 19.0137041 ], [ 72.8489611, 19.0137082 ], [ 72.8492597, 19.013711 ], [ 72.8492708, 19.0137048 ], [ 72.8492752, 19.0136957 ], [ 72.8492905, 19.0135029 ] ] } },
{ "type": "Feature", "properties": { "name": "Urban Corridor", "highway": "residential", "slope_pct": 0.6 }, "geometry": { "type": "LineString", "coordinates": [ [ 72.8483179, 19.0128965 ], [ 72.8483368, 19.0129598 ], [ 72.8483515, 19.013009 ], [ 72.8483537, 19.0130333 ], [ 72.8483478, 19.0130542 ], [ 72.8481779, 19.01326 ], [ 72.8481654, 19.0132802 ], [ 72.8481581, 19.0133045 ], [ 72.8481566, 19.013333 ], [ 72.8481617, 19.0133462 ], [ 72.8481735, 19.0133553 ], [ 72.8481912, 19.013358 ], [ 72.8485251, 19.0133441 ], [ 72.8485412, 19.0133379 ], [ 72.848553, 19.0133219 ], [ 72.8485574, 19.0133045 ], [ 72.8484642, 19.0129864 ], [ 72.8484498, 19.012937 ], [ 72.8484286, 19.0128648 ] ] } },
{ "type": "Feature", "properties": { "name": "Urban Corridor", "highway": "residential", "slope_pct": 0.6 }, "geometry": { "type": "LineString", "coordinates": [ [ 72.8483515, 19.013009 ], [ 72.8484642, 19.0129864 ] ] } },
{ "type": "Feature", "properties": { "name": "Urban Corridor", "highway": "residential", "slope_pct": 0.6 }, "geometry": { "type": "LineString", "coordinates": [ [ 72.8472032, 19.0126154 ], [ 72.8472708, 19.0127755 ], [ 72.8473319, 19.0129203 ] ] } },
{ "type": "Feature", "properties": { "name": "Urban Corridor", "highway": "residential", "slope_pct": 0.6 }, "geometry": { "type": "LineString", "coordinates": [ [ 72.8471752, 19.0130406 ], [ 72.8473319, 19.0129203 ], [ 72.8473517, 19.0129105 ], [ 72.8475264, 19.0128597 ] ] } },
{ "type": "Feature", "properties": { "name": "Urban Corridor", "highway": "residential", "slope_pct": 0.6 }, "geometry": { "type": "LineString", "coordinates": [ [ 72.8475786, 19.0130101 ], [ 72.8475264, 19.0128597 ], [ 72.8474761, 19.0127072 ], [ 72.8476203, 19.0126648 ], [ 72.84768, 19.0128132 ] ] } },
{ "type": "Feature", "properties": { "name": "Urban Corridor", "highway": "residential", "slope_pct": 0.6 }, "geometry": { "type": "LineString", "coordinates": [ [ 72.8475264, 19.0128597 ], [ 72.84768, 19.0128132 ], [ 72.8479279, 19.0127319 ], [ 72.8480038, 19.0127078 ] ] } },
{ "type": "Feature", "properties": { "name": "Urban Corridor", "highway": "residential", "slope_pct": 0.6 }, "geometry": { "type": "LineString", "coordinates": [ [ 72.8480142, 19.0129808 ], [ 72.8479279, 19.0127319 ] ] } },
{ "type": "Feature", "properties": { "name": "Urban Corridor", "highway": "residential", "slope_pct": 0.6 }, "geometry": { "type": "LineString", "coordinates": [ [ 72.8470209, 19.0128588 ], [ 72.8472708, 19.0127755 ], [ 72.8474761, 19.0127072 ] ] } },
{ "type": "Feature", "properties": { "name": "Urban Corridor", "highway": "residential", "slope_pct": 0.6 }, "geometry": { "type": "LineString", "coordinates": [ [ 72.8476203, 19.0126648 ], [ 72.8475854, 19.012578 ] ] } },
{ "type": "Feature", "properties": { "name": "Urban Corridor", "highway": "residential", "slope_pct": 0.6 }, "geometry": { "type": "LineString", "coordinates": [ [ 72.8495927, 19.0102692 ], [ 72.8487432, 19.0103525 ], [ 72.8483134, 19.0103973 ] ] } },
{ "type": "Feature", "properties": { "name": "Urban Corridor", "highway": "residential", "slope_pct": 0.6 }, "geometry": { "type": "LineString", "coordinates": [ [ 72.8483134, 19.0103973 ], [ 72.848226, 19.0104107 ] ] } },
{ "type": "Feature", "properties": { "name": "Urban Corridor", "highway": "residential", "slope_pct": 0.6 }, "geometry": { "type": "LineString", "coordinates": [ [ 72.8497951, 19.0112266 ], [ 72.8501159, 19.0112256 ] ] } },
{ "type": "Feature", "properties": { "name": "Urban Corridor", "highway": "residential", "slope_pct": 0.6 }, "geometry": { "type": "LineString", "coordinates": [ [ 72.8489069, 19.0119372 ], [ 72.8489714, 19.0119064 ] ] } },
{ "type": "Feature", "properties": { "name": "Urban Corridor", "highway": "residential", "slope_pct": 0.6 }, "geometry": { "type": "LineString", "coordinates": [ [ 72.8489501, 19.0118654 ], [ 72.8490129, 19.0118399 ], [ 72.8492572, 19.0117407 ], [ 72.849284, 19.0117153 ], [ 72.8492991, 19.011671 ], [ 72.8493163, 19.0116392 ], [ 72.8493501, 19.0116349 ], [ 72.8494476, 19.0116421 ], [ 72.8495582, 19.0116905 ], [ 72.8497633, 19.011711 ] ] } },
{ "type": "Feature", "properties": { "name": "Urban Corridor", "highway": "secondary_link", "slope_pct": 0.6 }, "geometry": { "type": "LineString", "coordinates": [ [ 72.8485032, 19.0110384 ], [ 72.8485694, 19.0110146 ] ] } },
{ "type": "Feature", "properties": { "name": "Urban Corridor", "highway": "residential", "slope_pct": 0.6 }, "geometry": { "type": "LineString", "coordinates": [ [ 72.8497612, 19.0117439 ], [ 72.8498086, 19.0118058 ], [ 72.8498581, 19.0118401 ], [ 72.8499208, 19.0118678 ], [ 72.8499995, 19.0118711 ], [ 72.8500323, 19.0118572 ], [ 72.8500469, 19.0118361 ], [ 72.8500427, 19.0118045 ], [ 72.8500246, 19.0117808 ], [ 72.8499933, 19.0117558 ], [ 72.8499215, 19.0117182 ], [ 72.8498734, 19.0117057 ], [ 72.8498163, 19.0117017 ], [ 72.84978, 19.0117037 ], [ 72.8497633, 19.011711 ], [ 72.8497563, 19.0117248 ], [ 72.8497612, 19.0117439 ] ] } },
{ "type": "Feature", "properties": { "name": "Urban Corridor", "highway": "residential", "slope_pct": 0.6 }, "geometry": { "type": "LineString", "coordinates": [ [ 72.8496965, 19.0116368 ], [ 72.8498185, 19.0116378 ] ] } },
{ "type": "Feature", "properties": { "name": "Urban Corridor", "highway": "residential", "slope_pct": 0.6 }, "geometry": { "type": "LineString", "coordinates": [ [ 72.8498234, 19.0116146 ], [ 72.8497048, 19.0116171 ] ] } },
{ "type": "Feature", "properties": { "name": "Urban Corridor", "highway": "residential", "slope_pct": 0.6 }, "geometry": { "type": "LineString", "coordinates": [ [ 72.8502546, 19.0108649 ], [ 72.8507773, 19.0108527 ], [ 72.8509003, 19.0108499 ] ] } },
{ "type": "Feature", "properties": { "name": "Urban Corridor", "highway": "residential", "slope_pct": 0.6 }, "geometry": { "type": "LineString", "coordinates": [ [ 72.8513833, 19.0107585 ], [ 72.8511638, 19.0107631 ], [ 72.8511401, 19.0107743 ], [ 72.8511269, 19.0107954 ], [ 72.8511269, 19.0108145 ], [ 72.8511112, 19.0112534 ] ] } },
{ "type": "Feature", "properties": { "name": "Urban Corridor", "highway": "residential", "slope_pct": 0.6 }, "geometry": { "type": "LineString", "coordinates": [ [ 72.8497098, 19.0109422 ], [ 72.8498045, 19.0109428 ] ] } },
{ "type": "Feature", "properties": { "name": "Urban Corridor", "highway": "residential", "slope_pct": 0.6 }, "geometry": { "type": "LineString", "coordinates": [ [ 72.8423899, 19.0108501 ], [ 72.8419111, 19.0109536 ] ] } },
{ "type": "Feature", "properties": { "name": "Urban Corridor", "highway": "residential", "slope_pct": 0.6 }, "geometry": { "type": "LineString", "coordinates": [ [ 72.8508484, 19.0079461 ], [ 72.8508514, 19.0079301 ], [ 72.8508572, 19.0079238 ], [ 72.8508734, 19.0079189 ], [ 72.8512833, 19.0079312 ], [ 72.8514538, 19.0079361 ], [ 72.8514675, 19.0079318 ], [ 72.8514773, 19.0079197 ], [ 72.8514804, 19.0078964 ] ] } },
{ "type": "Feature", "properties": { "name": "Urban Corridor", "highway": "residential", "slope_pct": 0.6 }, "geometry": { "type": "LineString", "coordinates": [ [ 72.8518196, 19.0079805 ], [ 72.8518209, 19.008075 ], [ 72.8518282, 19.0080937 ], [ 72.851843, 19.0081014 ], [ 72.8518577, 19.0081014 ], [ 72.8521942, 19.0081273 ], [ 72.85237, 19.0081409 ] ] } },
{ "type": "Feature", "properties": { "name": "Urban Corridor", "highway": "residential", "slope_pct": 0.6 }, "geometry": { "type": "LineString", "coordinates": [ [ 72.8508531, 19.0080877 ], [ 72.8512605, 19.0080904 ], [ 72.851273, 19.0080849 ], [ 72.8512803, 19.0080717 ], [ 72.8512833, 19.0079312 ] ] } },
{ "type": "Feature", "properties": { "name": "Urban Corridor", "highway": "residential", "slope_pct": 0.6 }, "geometry": { "type": "LineString", "coordinates": [ [ 72.8508759, 19.0087753 ], [ 72.851168, 19.0087796 ], [ 72.8513421, 19.0087821 ], [ 72.8513597, 19.0087759 ], [ 72.8513671, 19.0087682 ], [ 72.8513662, 19.0085451 ], [ 72.8513656, 19.0084164 ], [ 72.8513629, 19.0083901 ], [ 72.8513497, 19.0083762 ], [ 72.8511827, 19.0083755 ], [ 72.8511702, 19.0083789 ], [ 72.8511592, 19.0083908 ], [ 72.851168, 19.0087796 ] ] } },
{ "type": "Feature", "properties": { "name": "Urban Corridor", "highway": "residential", "slope_pct": 0.6 }, "geometry": { "type": "LineString", "coordinates": [ [ 72.8513662, 19.0085451 ], [ 72.8515931, 19.0085465 ] ] } },
{ "type": "Feature", "properties": { "name": "Urban Corridor", "highway": "residential", "slope_pct": 0.6 }, "geometry": { "type": "LineString", "coordinates": [ [ 72.8515957, 19.0090618 ], [ 72.8518134, 19.0090603 ], [ 72.8523477, 19.0090564 ] ] } },
{ "type": "Feature", "properties": { "name": "Urban Corridor", "highway": "residential", "slope_pct": 0.6 }, "geometry": { "type": "LineString", "coordinates": [ [ 72.8515978, 19.0094904 ], [ 72.8516, 19.009497 ], [ 72.8516072, 19.0095017 ], [ 72.8519578, 19.0095058 ], [ 72.851971, 19.0095038 ], [ 72.8519784, 19.0094912 ], [ 72.8519813, 19.0093835 ], [ 72.8519747, 19.0093682 ], [ 72.85196, 19.0093633 ], [ 72.8518342, 19.0093647 ], [ 72.8518188, 19.0093501 ], [ 72.8518135, 19.0093337 ], [ 72.8518134, 19.0090603 ] ] } },
{ "type": "Feature", "properties": { "name": "Urban Corridor", "highway": "residential", "slope_pct": 0.6 }, "geometry": { "type": "LineString", "coordinates": [ [ 72.8515935, 19.0086145 ], [ 72.8517975, 19.0086152 ] ] } },
{ "type": "Feature", "properties": { "name": "Urban Corridor", "highway": "residential", "slope_pct": 0.6 }, "geometry": { "type": "LineString", "coordinates": [ [ 72.8515927, 19.0084524 ], [ 72.8518, 19.0084594 ] ] } },
{ "type": "Feature", "properties": { "name": "Urban Corridor", "highway": "residential", "slope_pct": 0.6 }, "geometry": { "type": "LineString", "coordinates": [ [ 72.851795, 19.0087646 ], [ 72.8518009, 19.0087827 ], [ 72.8518134, 19.0087883 ], [ 72.8519973, 19.0087917 ], [ 72.8520135, 19.0087862 ], [ 72.8520201, 19.0087771 ], [ 72.8520282, 19.0082375 ], [ 72.852023, 19.0082243 ], [ 72.8520135, 19.0082146 ], [ 72.8518296, 19.0082097 ], [ 72.8518134, 19.0082153 ], [ 72.8518039, 19.0082285 ], [ 72.8518, 19.0084594 ], [ 72.8517975, 19.0086152 ], [ 72.851795, 19.0087646 ] ] } },
{ "type": "Feature", "properties": { "name": "Urban Corridor", "highway": "residential", "slope_pct": 0.6 }, "geometry": { "type": "LineString", "coordinates": [ [ 72.8513456, 19.0093612 ], [ 72.8515972, 19.0093682 ] ] } },
{ "type": "Feature", "properties": { "name": "Urban Corridor", "highway": "residential", "slope_pct": 0.6 }, "geometry": { "type": "LineString", "coordinates": [ [ 72.8463642, 19.0179661 ], [ 72.8464087, 19.0179338 ], [ 72.8464674, 19.0178919 ] ] } },
{ "type": "Feature", "properties": { "name": "Urban Corridor", "highway": "residential", "slope_pct": 0.6 }, "geometry": { "type": "LineString", "coordinates": [ [ 72.8462826, 19.0178561 ], [ 72.8463642, 19.0179661 ], [ 72.8464265, 19.0180503 ], [ 72.8465915, 19.0182766 ] ] } },
{ "type": "Feature", "properties": { "name": "Urban Corridor", "highway": "residential", "slope_pct": 0.6 }, "geometry": { "type": "LineString", "coordinates": [ [ 72.8456516, 19.0180704 ], [ 72.8456866, 19.0181223 ], [ 72.8457215, 19.0181743 ], [ 72.8458833, 19.0184149 ] ] } },
{ "type": "Feature", "properties": { "name": "Urban Corridor", "highway": "residential", "slope_pct": 0.6 }, "geometry": { "type": "LineString", "coordinates": [ [ 72.8464274, 19.0184206 ], [ 72.8462445, 19.0181725 ] ] } },
{ "type": "Feature", "properties": { "name": "Urban Corridor", "highway": "residential", "slope_pct": 0.6 }, "geometry": { "type": "LineString", "coordinates": [ [ 72.8366395, 19.0061839 ], [ 72.8366427, 19.0061737 ], [ 72.8366383, 19.0061631 ], [ 72.8366086, 19.0061099 ], [ 72.8365722, 19.0060449 ], [ 72.8365648, 19.0060386 ], [ 72.8365513, 19.0060369 ], [ 72.8364037, 19.0061006 ], [ 72.8362318, 19.0061795 ], [ 72.8362274, 19.0061892 ], [ 72.8362292, 19.0062038 ], [ 72.8362665, 19.0062716 ], [ 72.8363047, 19.0063409 ], [ 72.8363118, 19.0063446 ], [ 72.8363196, 19.0063453 ], [ 72.8363247, 19.006344 ], [ 72.8364906, 19.0062585 ], [ 72.8366395, 19.0061839 ] ] } },
{ "type": "Feature", "properties": { "name": "Urban Corridor", "highway": "residential", "slope_pct": 0.6 }, "geometry": { "type": "LineString", "coordinates": [ [ 72.8362665, 19.0062716 ], [ 72.8362317, 19.0062899 ], [ 72.836197, 19.0063083 ] ] } },
{ "type": "Feature", "properties": { "name": "Urban Corridor", "highway": "residential", "slope_pct": 0.6 }, "geometry": { "type": "LineString", "coordinates": [ [ 72.8364906, 19.0062585 ], [ 72.8364037, 19.0061006 ] ] } },
{ "type": "Feature", "properties": { "name": "Urban Corridor", "highway": "residential", "slope_pct": 0.6 }, "geometry": { "type": "LineString", "coordinates": [ [ 72.8365665, 19.0059639 ], [ 72.8366393, 19.0060943 ], [ 72.8366824, 19.0061669 ], [ 72.8368651, 19.0064738 ] ] } },
{ "type": "Feature", "properties": { "name": "Urban Corridor", "highway": "residential", "slope_pct": 0.6 }, "geometry": { "type": "LineString", "coordinates": [ [ 72.8364541, 19.0067207 ], [ 72.8365145, 19.0066892 ], [ 72.8368526, 19.0065127 ], [ 72.8368648, 19.0064945 ], [ 72.8368651, 19.0064738 ] ] } },
{ "type": "Feature", "properties": { "name": "Urban Corridor", "highway": "residential", "slope_pct": 0.6 }, "geometry": { "type": "LineString", "coordinates": [ [ 72.8366824, 19.0061669 ], [ 72.8368664, 19.0060768 ] ] } },
{ "type": "Feature", "properties": { "name": "Urban Corridor", "highway": "residential", "slope_pct": 0.6 }, "geometry": { "type": "LineString", "coordinates": [ [ 72.8366086, 19.0061099 ], [ 72.8366188, 19.0061047 ], [ 72.8366393, 19.0060943 ] ] } },
{ "type": "Feature", "properties": { "name": "Urban Corridor", "highway": "residential", "slope_pct": 0.6 }, "geometry": { "type": "LineString", "coordinates": [ [ 72.8365665, 19.0059639 ], [ 72.8367498, 19.0058806 ] ] } },
{ "type": "Feature", "properties": { "name": "Urban Corridor", "highway": "residential", "slope_pct": 0.6 }, "geometry": { "type": "LineString", "coordinates": [ [ 72.8495499, 19.0258931 ], [ 72.8493696, 19.0254902 ], [ 72.8491804, 19.0251709 ] ] } },
{ "type": "Feature", "properties": { "name": "Dadasaheb Phalke Marg", "highway": "tertiary", "slope_pct": 0.6 }, "geometry": { "type": "LineString", "coordinates": [ [ 72.8442579, 19.0178125 ], [ 72.8440807, 19.0176141 ] ] } },
{ "type": "Feature", "properties": { "name": "Urban Corridor", "highway": "tertiary", "slope_pct": 0.6 }, "geometry": { "type": "LineString", "coordinates": [ [ 72.8439863, 19.0175026 ], [ 72.8439746, 19.0175232 ], [ 72.8439704, 19.0175461 ], [ 72.8439739, 19.0175691 ], [ 72.8439848, 19.01759 ], [ 72.8440039, 19.0176077 ], [ 72.8440282, 19.0176183 ], [ 72.8440548, 19.0176206 ], [ 72.8440807, 19.0176141 ], [ 72.8441027, 19.0175998 ], [ 72.8441183, 19.0175793 ], [ 72.8441256, 19.0175549 ], [ 72.8441238, 19.0175297 ], [ 72.8441131, 19.0175065 ], [ 72.8440964, 19.0174894 ], [ 72.8440749, 19.0174781 ], [ 72.8440508, 19.0174736 ], [ 72.8440263, 19.0174766 ], [ 72.8440041, 19.0174866 ], [ 72.8439863, 19.0175026 ] ] } },
{ "type": "Feature", "properties": { "name": "Urban Corridor", "highway": "residential", "slope_pct": 0.6 }, "geometry": { "type": "LineString", "coordinates": [ [ 72.8482319, 19.0102077 ], [ 72.8481509, 19.0102278 ] ] } },
{ "type": "Feature", "properties": { "name": "Urban Corridor", "highway": "secondary_link", "slope_pct": 0.6 }, "geometry": { "type": "LineString", "coordinates": [ [ 72.8477038, 19.0091631 ], [ 72.8477821, 19.0091348 ] ] } },
{ "type": "Feature", "properties": { "name": "Urban Corridor", "highway": "secondary_link", "slope_pct": 0.6 }, "geometry": { "type": "LineString", "coordinates": [ [ 72.8473548, 19.0083591 ], [ 72.8474243, 19.0083369 ] ] } },
{ "type": "Feature", "properties": { "name": "Urban Corridor", "highway": "secondary_link", "slope_pct": 0.6 }, "geometry": { "type": "LineString", "coordinates": [ [ 72.8431009, 19.0043516 ], [ 72.8430445, 19.004422 ] ] } },
{ "type": "Feature", "properties": { "name": "Urban Corridor", "highway": "residential", "slope_pct": 0.6 }, "geometry": { "type": "LineString", "coordinates": [ [ 72.838843, 19.0061933 ], [ 72.8390072, 19.0060857 ] ] } },
{ "type": "Feature", "properties": { "name": "Urban Corridor", "highway": "residential", "slope_pct": 0.6 }, "geometry": { "type": "LineString", "coordinates": [ [ 72.8462859, 19.0193368 ], [ 72.8463048, 19.0193616 ], [ 72.8463105, 19.0193691 ], [ 72.8463789, 19.0194594 ] ] } },
{ "type": "Feature", "properties": { "name": "Urban Corridor", "highway": "residential", "slope_pct": 0.6 }, "geometry": { "type": "LineString", "coordinates": [ [ 72.846504, 19.0193744 ], [ 72.8464411, 19.0192855 ], [ 72.8464365, 19.019279 ], [ 72.8464184, 19.0192534 ] ] } },
{ "type": "Feature", "properties": { "name": "Urban Corridor", "highway": "trunk_link", "slope_pct": 0.6 }, "geometry": { "type": "LineString", "coordinates": [ [ 72.8420209, 19.009387 ], [ 72.841807, 19.0094917 ] ] } },
{ "type": "Feature", "properties": { "name": "Urban Corridor", "highway": "residential", "slope_pct": 0.6 }, "geometry": { "type": "LineString", "coordinates": [ [ 72.8514516, 19.0217358 ], [ 72.8515036, 19.021808 ], [ 72.8515509, 19.0218762 ], [ 72.8517393, 19.0221213 ], [ 72.8518626, 19.0222817 ], [ 72.8518704, 19.0222861 ], [ 72.8518805, 19.0222871 ], [ 72.8518888, 19.0222846 ], [ 72.8520405, 19.0221776 ], [ 72.8520512, 19.0221582 ], [ 72.8520485, 19.0221404 ], [ 72.8519341, 19.0220006 ], [ 72.8519277, 19.0219995 ], [ 72.8519216, 19.0220016 ], [ 72.8517393, 19.0221213 ] ] } },
{ "type": "Feature", "properties": { "name": "Urban Corridor", "highway": "residential", "slope_pct": 0.6 }, "geometry": { "type": "LineString", "coordinates": [ [ 72.8515036, 19.021808 ], [ 72.8515734, 19.0218144 ], [ 72.8515886, 19.0218207 ], [ 72.851603, 19.0218381 ], [ 72.8516135, 19.0218508 ] ] } },
{ "type": "Feature", "properties": { "name": "Urban Corridor", "highway": "residential", "slope_pct": 0.6 }, "geometry": { "type": "LineString", "coordinates": [ [ 72.8516026, 19.022054 ], [ 72.8514735, 19.0218693 ], [ 72.8514025, 19.0217683 ] ] } },
{ "type": "Feature", "properties": { "name": "P Balu Marg", "highway": "tertiary", "slope_pct": 0.6 }, "geometry": { "type": "LineString", "coordinates": [ [ 72.8274206, 19.0153528 ], [ 72.8272773, 19.0154446 ] ] } },
{ "type": "Feature", "properties": { "name": "R B Anant Desai Marg", "highway": "residential", "slope_pct": 0.6 }, "geometry": { "type": "LineString", "coordinates": [ [ 72.8260959, 19.0127697 ], [ 72.826042, 19.0130854 ], [ 72.8259471, 19.0137002 ] ] } },
{ "type": "Feature", "properties": { "name": "Anant Vishram Nagvekar Marg", "highway": "residential", "slope_pct": 0.6 }, "geometry": { "type": "LineString", "coordinates": [ [ 72.826817, 19.0163254 ], [ 72.8264341, 19.0161796 ] ] } },
{ "type": "Feature", "properties": { "name": "P Balu Marg", "highway": "residential", "slope_pct": 0.6 }, "geometry": { "type": "LineString", "coordinates": [ [ 72.8272773, 19.0154446 ], [ 72.8272312, 19.0156538 ], [ 72.826994, 19.0160384 ] ] } },
{ "type": "Feature", "properties": { "name": "P Balu Marg", "highway": "residential", "slope_pct": 0.6 }, "geometry": { "type": "LineString", "coordinates": [ [ 72.826994, 19.0160384 ], [ 72.826817, 19.0163254 ] ] } },
{ "type": "Feature", "properties": { "name": "P Balu Marg", "highway": "residential", "slope_pct": 0.6 }, "geometry": { "type": "LineString", "coordinates": [ [ 72.826705, 19.0164929 ], [ 72.8265028, 19.0167765 ], [ 72.8264234, 19.0168616 ], [ 72.8263852, 19.0169025 ], [ 72.826257, 19.0170399 ], [ 72.8259809, 19.0172961 ] ] } },
{ "type": "Feature", "properties": { "name": "Taikalwadi Marg", "highway": "residential", "slope_pct": 0.6 }, "geometry": { "type": "LineString", "coordinates": [ [ 72.841461, 19.0285527 ], [ 72.8413672, 19.0285586 ] ] } },
{ "type": "Feature", "properties": { "name": "Urban Corridor", "highway": "residential", "slope_pct": 0.6 }, "geometry": { "type": "LineString", "coordinates": [ [ 72.8306839, 19.0066502 ], [ 72.8303626, 19.0066436 ], [ 72.8303551, 19.0066459 ], [ 72.8303505, 19.0066528 ], [ 72.8303505, 19.0066606 ], [ 72.8303508, 19.0066995 ], [ 72.8303521, 19.0067072 ], [ 72.8304781, 19.0069358 ], [ 72.8304827, 19.0069408 ], [ 72.8304875, 19.0069436 ], [ 72.830494, 19.0069454 ], [ 72.8306757, 19.0069538 ] ] } },
{ "type": "Feature", "properties": { "name": "Urban Corridor", "highway": "residential", "slope_pct": 0.6 }, "geometry": { "type": "LineString", "coordinates": [ [ 72.8306757, 19.0069538 ], [ 72.8306851, 19.0069523 ], [ 72.8306927, 19.0069472 ], [ 72.8306986, 19.0069431 ], [ 72.8307083, 19.0069424 ], [ 72.830857, 19.0069469 ] ] } },
{ "type": "Feature", "properties": { "name": "Urban Corridor", "highway": "residential", "slope_pct": 0.6 }, "geometry": { "type": "LineString", "coordinates": [ [ 72.8308689, 19.0066556 ], [ 72.8306839, 19.0066502 ] ] } },
{ "type": "Feature", "properties": { "name": "Urban Corridor", "highway": "residential", "slope_pct": 0.6 }, "geometry": { "type": "LineString", "coordinates": [ [ 72.8302358, 19.0063083 ], [ 72.8302339, 19.0063928 ], [ 72.8302471, 19.0064514 ], [ 72.8302868, 19.0065384 ], [ 72.8302991, 19.0065528 ], [ 72.8303207, 19.0065648 ], [ 72.8303349, 19.0065681 ], [ 72.8307369, 19.0065795 ], [ 72.830872, 19.0065833 ] ] } },
{ "type": "Feature", "properties": { "name": "Urban Corridor", "highway": "residential", "slope_pct": 0.6 }, "geometry": { "type": "LineString", "coordinates": [ [ 72.8240532, 19.0037092 ], [ 72.8240873, 19.0037093 ], [ 72.8244739, 19.0037108 ], [ 72.8258218, 19.003716 ] ] } },
{ "type": "Feature", "properties": { "name": "Urban Corridor", "highway": "residential", "slope_pct": 0.6 }, "geometry": { "type": "LineString", "coordinates": [ [ 72.8304346, 19.0062184 ], [ 72.8304344, 19.0062101 ], [ 72.8304317, 19.006071 ], [ 72.8304371, 19.0060543 ], [ 72.8304478, 19.0060446 ], [ 72.8305317, 19.0060293 ], [ 72.830543, 19.0060233 ], [ 72.8305503, 19.0060108 ], [ 72.8305533, 19.0059936 ], [ 72.8305582, 19.0058694 ] ] } },
{ "type": "Feature", "properties": { "name": "Urban Corridor", "highway": "residential", "slope_pct": 0.6 }, "geometry": { "type": "LineString", "coordinates": [ [ 72.8323143, 19.008428 ], [ 72.8324758, 19.0083556 ], [ 72.8325053, 19.0083424 ] ] } },
{ "type": "Feature", "properties": { "name": "Urban Corridor", "highway": "residential", "slope_pct": 0.6 }, "geometry": { "type": "LineString", "coordinates": [ [ 72.8322717, 19.008301 ], [ 72.8324059, 19.0082379 ] ] } },
{ "type": "Feature", "properties": { "name": "Urban Corridor", "highway": "residential", "slope_pct": 0.6 }, "geometry": { "type": "LineString", "coordinates": [ [ 72.8323316, 19.0086891 ], [ 72.8325944, 19.0086119 ], [ 72.832655, 19.0085891 ] ] } },
{ "type": "Feature", "properties": { "name": "Senapati Bapat Marg", "highway": "primary", "slope_pct": 0.6 }, "geometry": { "type": "LineString", "coordinates": [ [ 72.832655, 19.0085891 ], [ 72.8328383, 19.0088432 ] ] } },
{ "type": "Feature", "properties": { "name": "Urban Corridor", "highway": "residential", "slope_pct": 0.6 }, "geometry": { "type": "LineString", "coordinates": [ [ 72.832655, 19.0085891 ], [ 72.8328248, 19.008498 ] ] } },
{ "type": "Feature", "properties": { "name": "Urban Corridor", "highway": "residential", "slope_pct": 0.6 }, "geometry": { "type": "LineString", "coordinates": [ [ 72.8325053, 19.0083424 ], [ 72.8326673, 19.0082624 ] ] } },
{ "type": "Feature", "properties": { "name": "Urban Corridor", "highway": "residential", "slope_pct": 0.6 }, "geometry": { "type": "LineString", "coordinates": [ [ 72.8324443, 19.0082199 ], [ 72.8326025, 19.0081452 ] ] } },
{ "type": "Feature", "properties": { "name": "Urban Corridor", "highway": "residential", "slope_pct": 0.6 }, "geometry": { "type": "LineString", "coordinates": [ [ 72.8263505, 19.0036514 ], [ 72.8264055, 19.0037909 ], [ 72.8264442, 19.0038428 ], [ 72.8264903, 19.0038609 ], [ 72.8265379, 19.0038581 ], [ 72.8265741, 19.0038433 ], [ 72.8265977, 19.0038224 ], [ 72.8266982, 19.0036129 ], [ 72.8267124, 19.003592 ], [ 72.8267364, 19.0035753 ], [ 72.8269458, 19.0034747 ], [ 72.826984, 19.0034543 ], [ 72.8270213, 19.0034242 ], [ 72.8276567, 19.0028584 ] ] } },
{ "type": "Feature", "properties": { "name": "Urban Corridor", "highway": "residential", "slope_pct": 0.6 }, "geometry": { "type": "LineString", "coordinates": [ [ 72.8275603, 19.0044892 ], [ 72.8275426, 19.0044521 ], [ 72.8275553, 19.0044032 ], [ 72.827595, 19.004368 ] ] } },
{ "type": "Feature", "properties": { "name": "Urban Corridor", "highway": "residential", "slope_pct": 0.6 }, "geometry": { "type": "LineString", "coordinates": [ [ 72.8283231, 19.0058608 ], [ 72.8284868, 19.0060304 ], [ 72.8285011, 19.0060448 ], [ 72.828527, 19.0060533 ], [ 72.8286288, 19.0060488 ], [ 72.8286846, 19.0060464 ] ] } },
{ "type": "Feature", "properties": { "name": "Urban Corridor", "highway": "residential", "slope_pct": 0.6 }, "geometry": { "type": "LineString", "coordinates": [ [ 72.8286288, 19.0060488 ], [ 72.8286347, 19.0061865 ], [ 72.8286362, 19.0062191 ], [ 72.8286367, 19.0062321 ] ] } },
{ "type": "Feature", "properties": { "name": "Urban Corridor", "highway": "residential", "slope_pct": 0.6 }, "geometry": { "type": "LineString", "coordinates": [ [ 72.8286846, 19.0060464 ], [ 72.8286556, 19.0056201 ], [ 72.8286456, 19.0055232 ], [ 72.8286233, 19.005492 ], [ 72.8285786, 19.0054903 ], [ 72.8285017, 19.0055063 ], [ 72.8284329, 19.0055334 ], [ 72.8281983, 19.0056832 ] ] } },
{ "type": "Feature", "properties": { "name": "Urban Corridor", "highway": "residential", "slope_pct": 0.6 }, "geometry": { "type": "LineString", "coordinates": [ [ 72.8286893, 19.0062316 ], [ 72.828689, 19.0062188 ], [ 72.8286881, 19.0061849 ], [ 72.8286846, 19.0060464 ] ] } },
{ "type": "Feature", "properties": { "name": "Urban Corridor", "highway": "residential", "slope_pct": 0.6 }, "geometry": { "type": "LineString", "coordinates": [ [ 72.829488, 19.0052203 ], [ 72.8294481, 19.0050237 ], [ 72.8294118, 19.0049859 ], [ 72.8293528, 19.0049746 ], [ 72.8289866, 19.0049744 ] ] } },
{ "type": "Feature", "properties": { "name": "Urban Corridor", "highway": "residential", "slope_pct": 0.6 }, "geometry": { "type": "LineString", "coordinates": [ [ 72.8300066, 19.0037301 ], [ 72.8300712, 19.0037033 ], [ 72.8301358, 19.0036765 ], [ 72.8302174, 19.0036427 ] ] } },
{ "type": "Feature", "properties": { "name": "Urban Corridor", "highway": "residential", "slope_pct": 0.6 }, "geometry": { "type": "LineString", "coordinates": [ [ 72.8305247, 19.0042395 ], [ 72.8304735, 19.0042618 ], [ 72.8304092, 19.004286 ] ] } },
{ "type": "Feature", "properties": { "name": "Urban Corridor", "highway": "residential", "slope_pct": 0.6 }, "geometry": { "type": "LineString", "coordinates": [ [ 72.830242, 19.0052859 ], [ 72.8302974, 19.005288 ], [ 72.8303352, 19.0052818 ], [ 72.8303572, 19.0052702 ], [ 72.8303695, 19.0052535 ], [ 72.8303749, 19.0052289 ], [ 72.8303966, 19.0049663 ], [ 72.8304093, 19.0049288 ], [ 72.8304363, 19.0049028 ], [ 72.8304642, 19.0048903 ], [ 72.830717, 19.004866 ], [ 72.830836, 19.0048523 ] ] } },
{ "type": "Feature", "properties": { "name": "Urban Corridor", "highway": "residential", "slope_pct": 0.6 }, "geometry": { "type": "LineString", "coordinates": [ [ 72.830836, 19.0048523 ], [ 72.8309469, 19.0047965 ] ] } },
{ "type": "Feature", "properties": { "name": "Urban Corridor", "highway": "residential", "slope_pct": 0.6 }, "geometry": { "type": "LineString", "coordinates": [ [ 72.8312761, 19.0074256 ], [ 72.8312722, 19.007331 ], [ 72.8312982, 19.0068836 ], [ 72.8313041, 19.0068646 ], [ 72.8313178, 19.0068582 ], [ 72.8313311, 19.0068595 ], [ 72.8313468, 19.0068697 ], [ 72.8315108, 19.0071986 ], [ 72.8315722, 19.0073246 ], [ 72.8315893, 19.007377 ], [ 72.8316002, 19.0074079 ] ] } },
{ "type": "Feature", "properties": { "name": "Urban Corridor", "highway": "residential", "slope_pct": 0.6 }, "geometry": { "type": "LineString", "coordinates": [ [ 72.8321738, 19.0076775 ], [ 72.832139, 19.0076911 ], [ 72.8319263, 19.0077742 ], [ 72.8317043, 19.007861 ], [ 72.8316631, 19.0078796 ], [ 72.8314621, 19.0080649 ], [ 72.8314293, 19.0080951 ], [ 72.8312544, 19.0082563 ], [ 72.8312446, 19.0082804 ], [ 72.8312441, 19.0085095 ], [ 72.831253, 19.0085257 ], [ 72.8312682, 19.0085345 ], [ 72.8312893, 19.0085377 ], [ 72.8313487, 19.0085363 ], [ 72.8314864, 19.0085331 ], [ 72.8315025, 19.0085271 ], [ 72.8315109, 19.0085169 ], [ 72.8315133, 19.0085048 ], [ 72.8315207, 19.0083639 ], [ 72.8315266, 19.0083518 ], [ 72.8315428, 19.008344 ], [ 72.8316781, 19.0083453 ], [ 72.8316948, 19.0083416 ], [ 72.8317075, 19.0083305 ], [ 72.8317104, 19.0083138 ], [ 72.8317149, 19.0081975 ], [ 72.8317202, 19.0081836 ], [ 72.8317359, 19.0081724 ], [ 72.8317556, 19.0081692 ], [ 72.8318891, 19.0081701 ], [ 72.8319313, 19.008172 ], [ 72.8319263, 19.0077742 ] ] } },
{ "type": "Feature", "properties": { "name": "Urban Corridor", "highway": "residential", "slope_pct": 0.6 }, "geometry": { "type": "LineString", "coordinates": [ [ 72.8312446, 19.0082804 ], [ 72.8314101, 19.0082842 ], [ 72.8314243, 19.0082791 ], [ 72.8314317, 19.0082684 ], [ 72.8314293, 19.0080951 ] ] } },
{ "type": "Feature", "properties": { "name": "Urban Corridor", "highway": "residential", "slope_pct": 0.6 }, "geometry": { "type": "LineString", "coordinates": [ [ 72.8314621, 19.0080649 ], [ 72.8316302, 19.0080686 ], [ 72.8316489, 19.0080603 ], [ 72.8316572, 19.0080454 ], [ 72.8316631, 19.0078796 ] ] } },
{ "type": "Feature", "properties": { "name": "Urban Corridor", "highway": "residential", "slope_pct": 0.6 }, "geometry": { "type": "LineString", "coordinates": [ [ 72.8318891, 19.0081701 ], [ 72.8318935, 19.0084431 ], [ 72.832144, 19.0084427 ], [ 72.8321308, 19.0082127 ], [ 72.8321166, 19.0081891 ], [ 72.8320945, 19.0081766 ], [ 72.8319313, 19.008172 ] ] } },
{ "type": "Feature", "properties": { "name": "Urban Corridor", "highway": "residential", "slope_pct": 0.6 }, "geometry": { "type": "LineString", "coordinates": [ [ 72.8315995, 19.0076696 ], [ 72.8316394, 19.0077436 ], [ 72.8317043, 19.007861 ] ] } },
{ "type": "Feature", "properties": { "name": "Urban Corridor", "highway": "residential", "slope_pct": 0.6 }, "geometry": { "type": "LineString", "coordinates": [ [ 72.8316394, 19.0077436 ], [ 72.8318383, 19.0076381 ], [ 72.8318545, 19.0076391 ], [ 72.8318633, 19.007646 ], [ 72.8319263, 19.0077742 ] ] } },
{ "type": "Feature", "properties": { "name": "Urban Corridor", "highway": "residential", "slope_pct": 0.6 }, "geometry": { "type": "LineString", "coordinates": [ [ 72.8313487, 19.0085363 ], [ 72.8313511, 19.0086139 ], [ 72.8313543, 19.0087186 ] ] } },
{ "type": "Feature", "properties": { "name": "Urban Corridor", "highway": "residential", "slope_pct": 0.6 }, "geometry": { "type": "LineString", "coordinates": [ [ 72.8318935, 19.0084431 ], [ 72.8318994, 19.0085637 ], [ 72.8319059, 19.008702 ] ] } },
{ "type": "Feature", "properties": { "name": "Urban Corridor", "highway": "residential", "slope_pct": 0.6 }, "geometry": { "type": "LineString", "coordinates": [ [ 72.832144, 19.0084427 ], [ 72.8321527, 19.0085685 ], [ 72.8321613, 19.0086942 ] ] } },
{ "type": "Feature", "properties": { "name": "Urban Corridor", "highway": "residential", "slope_pct": 0.6 }, "geometry": { "type": "LineString", "coordinates": [ [ 72.8285319, 19.0107059 ], [ 72.8285134, 19.010715 ], [ 72.8284086, 19.0107662 ], [ 72.8283968, 19.0107653 ], [ 72.828388, 19.0107583 ], [ 72.8283488, 19.0106851 ], [ 72.8283503, 19.0106735 ], [ 72.8283576, 19.0106679 ], [ 72.8284542, 19.0106179 ], [ 72.8284674, 19.0106111 ] ] } },
{ "type": "Feature", "properties": { "name": "Urban Corridor", "highway": "residential", "slope_pct": 0.6 }, "geometry": { "type": "LineString", "coordinates": [ [ 72.8246741, 19.0115138 ], [ 72.8258026, 19.0114543 ], [ 72.8259228, 19.0114501 ] ] } },
{ "type": "Feature", "properties": { "name": "Urban Corridor", "highway": "residential", "slope_pct": 0.6 }, "geometry": { "type": "LineString", "coordinates": [ [ 72.8254974, 19.0099066 ], [ 72.8258554, 19.0099108 ], [ 72.8258682, 19.0099025 ], [ 72.8258716, 19.0098909 ], [ 72.8258701, 19.0097819 ], [ 72.8258642, 19.0097704 ], [ 72.8258515, 19.0097615 ], [ 72.8257145, 19.0097597 ] ] } },
{ "type": "Feature", "properties": { "name": "Urban Corridor", "highway": "residential", "slope_pct": 0.6 }, "geometry": { "type": "LineString", "coordinates": [ [ 72.8245754, 19.0102212 ], [ 72.8246009, 19.0106166 ], [ 72.8246107, 19.01063 ], [ 72.8246288, 19.0106351 ], [ 72.8247909, 19.0106274 ], [ 72.8249585, 19.0106194 ], [ 72.8250951, 19.0106129 ], [ 72.8251246, 19.0106082 ], [ 72.8251373, 19.0105966 ], [ 72.8251412, 19.0105781 ], [ 72.8251302, 19.010189 ] ] } },
{ "type": "Feature", "properties": { "name": "Urban Corridor", "highway": "residential", "slope_pct": 0.6 }, "geometry": { "type": "LineString", "coordinates": [ [ 72.8249585, 19.0106194 ], [ 72.8249395, 19.0102 ] ] } },
{ "type": "Feature", "properties": { "name": "Urban Corridor", "highway": "residential", "slope_pct": 0.6 }, "geometry": { "type": "LineString", "coordinates": [ [ 72.8287236, 19.0097195 ], [ 72.8290194, 19.0096273 ], [ 72.8292372, 19.0095631 ], [ 72.8296383, 19.0094896 ], [ 72.8301041, 19.0094024 ], [ 72.8301918, 19.0094091 ] ] } },
{ "type": "Feature", "properties": { "name": "Urban Corridor", "highway": "residential", "slope_pct": 0.6 }, "geometry": { "type": "LineString", "coordinates": [ [ 72.8305606, 19.0051542 ], [ 72.8308324, 19.0051668 ] ] } },
{ "type": "Feature", "properties": { "name": "Urban Corridor", "highway": "residential", "slope_pct": 0.6 }, "geometry": { "type": "LineString", "coordinates": [ [ 72.8308324, 19.0051668 ], [ 72.8309216, 19.005171 ] ] } },
{ "type": "Feature", "properties": { "name": "Urban Corridor", "highway": "residential", "slope_pct": 0.6 }, "geometry": { "type": "LineString", "coordinates": [ [ 72.8253307, 19.0103741 ], [ 72.8253959, 19.0103732 ], [ 72.8255317, 19.0103713 ], [ 72.8255626, 19.0103783 ], [ 72.8255886, 19.010394 ], [ 72.8256004, 19.0104107 ] ] } },
{ "type": "Feature", "properties": { "name": "Urban Corridor", "highway": "residential", "slope_pct": 0.6 }, "geometry": { "type": "LineString", "coordinates": [ [ 72.8254022, 19.010214 ], [ 72.8253959, 19.0103732 ] ] } },
{ "type": "Feature", "properties": { "name": "Urban Corridor", "highway": "residential", "slope_pct": 0.6 }, "geometry": { "type": "LineString", "coordinates": [ [ 72.8251714, 19.0088411 ], [ 72.8250663, 19.0088075 ], [ 72.8249854, 19.0087991 ], [ 72.8249065, 19.0087903 ], [ 72.8248343, 19.008772 ], [ 72.8247862, 19.0087382 ], [ 72.8247539, 19.0086969 ], [ 72.8247387, 19.0086408 ], [ 72.8247582, 19.0079704 ], [ 72.8247349, 19.0079269 ], [ 72.8246867, 19.0078863 ], [ 72.8246312, 19.0078728 ], [ 72.824583, 19.0078728 ], [ 72.8245177, 19.0078796 ], [ 72.8244903, 19.0078647 ], [ 72.8243705, 19.0076655 ], [ 72.8243348, 19.0076199 ], [ 72.8242364, 19.0075878 ], [ 72.8241989, 19.0075557 ], [ 72.8241864, 19.0075049 ], [ 72.8241774, 19.0073612 ] ] } },
{ "type": "Feature", "properties": { "name": "Urban Corridor", "highway": "residential", "slope_pct": 0.6 }, "geometry": { "type": "LineString", "coordinates": [ [ 72.8299367, 19.0059067 ], [ 72.8299563, 19.0059132 ], [ 72.8299715, 19.0059327 ], [ 72.8299745, 19.0059531 ], [ 72.8299574, 19.006209 ], [ 72.8299565, 19.006222 ] ] } },
{ "type": "Feature", "properties": { "name": "Urban Corridor", "highway": "residential", "slope_pct": 0.6 }, "geometry": { "type": "LineString", "coordinates": [ [ 72.8297043, 19.0058947 ], [ 72.8299367, 19.0059067 ] ] } },
{ "type": "Feature", "properties": { "name": "Urban Corridor", "highway": "residential", "slope_pct": 0.6 }, "geometry": { "type": "LineString", "coordinates": [ [ 72.8312438, 19.0061672 ], [ 72.8312399, 19.0059902 ], [ 72.8312355, 19.0059832 ], [ 72.8312261, 19.0059786 ], [ 72.8311438, 19.0059758 ], [ 72.8311335, 19.0059707 ], [ 72.8311296, 19.0059609 ], [ 72.8311379, 19.0057667 ], [ 72.8311345, 19.005757 ], [ 72.8311217, 19.0057537 ], [ 72.8309432, 19.0057496 ] ] } },
{ "type": "Feature", "properties": { "name": "Urban Corridor", "highway": "residential", "slope_pct": 0.6 }, "geometry": { "type": "LineString", "coordinates": [ [ 72.8252742, 19.0117915 ], [ 72.8258371, 19.0117723 ], [ 72.8259962, 19.0117669 ] ] } },
{ "type": "Feature", "properties": { "name": "Urban Corridor", "highway": "residential", "slope_pct": 0.6 }, "geometry": { "type": "LineString", "coordinates": [ [ 72.8269982, 19.0110695 ], [ 72.827016, 19.0109977 ], [ 72.8270052, 19.0109759 ], [ 72.8269725, 19.0109622 ], [ 72.8264625, 19.0108732 ], [ 72.8264557, 19.0108677 ], [ 72.8264552, 19.0108556 ], [ 72.8264723, 19.0107453 ] ] } },
{ "type": "Feature", "properties": { "name": "Urban Corridor", "highway": "residential", "slope_pct": 0.6 }, "geometry": { "type": "LineString", "coordinates": [ [ 72.8252414, 19.0064574 ], [ 72.8252405, 19.0064139 ], [ 72.8252393, 19.0063524 ] ] } },
{ "type": "Feature", "properties": { "name": "Urban Corridor", "highway": "residential", "slope_pct": 0.6 }, "geometry": { "type": "LineString", "coordinates": [ [ 72.8255785, 19.0063492 ], [ 72.825579, 19.0064148 ], [ 72.8255793, 19.0064588 ] ] } },
{ "type": "Feature", "properties": { "name": "Urban Corridor", "highway": "residential", "slope_pct": 0.6 }, "geometry": { "type": "LineString", "coordinates": [ [ 72.8247251, 19.0064552 ], [ 72.8252414, 19.0064574 ], [ 72.8255793, 19.0064588 ], [ 72.8256459, 19.0064591 ], [ 72.8261999, 19.0064609 ], [ 72.8263605, 19.0064614 ], [ 72.8263973, 19.0064729 ], [ 72.8264243, 19.0064947 ], [ 72.8264542, 19.006532 ], [ 72.8266688, 19.0069512 ] ] } },
{ "type": "Feature", "properties": { "name": "Urban Corridor", "highway": "residential", "slope_pct": 0.6 }, "geometry": { "type": "LineString", "coordinates": [ [ 72.8261999, 19.0064609 ], [ 72.826198, 19.0064047 ], [ 72.8261959, 19.0063375 ] ] } },
{ "type": "Feature", "properties": { "name": "Urban Corridor", "highway": "residential", "slope_pct": 0.6 }, "geometry": { "type": "LineString", "coordinates": [ [ 72.8312761, 19.0074256 ], [ 72.8313008, 19.0075654 ], [ 72.8313205, 19.0076161 ], [ 72.8313437, 19.0076279 ], [ 72.8314045, 19.0076296 ], [ 72.8315619, 19.0075552 ] ] } },
{ "type": "Feature", "properties": { "name": "Urban Corridor", "highway": "tertiary", "slope_pct": 0.6 }, "geometry": { "type": "LineString", "coordinates": [ [ 72.8440743, 19.0202706 ], [ 72.8441002, 19.0203041 ] ] } },
{ "type": "Feature", "properties": { "name": "Tilak Bridge", "highway": "primary", "slope_pct": 0.6 }, "geometry": { "type": "LineString", "coordinates": [ [ 72.8440772, 19.0201973 ], [ 72.8440393, 19.0202232 ] ] } },
{ "type": "Feature", "properties": { "name": "Urban Corridor", "highway": "residential", "slope_pct": 0.6 }, "geometry": { "type": "LineString", "coordinates": [ [ 72.844425, 19.0303475 ], [ 72.8443205, 19.0303604 ], [ 72.8443033, 19.0303512 ], [ 72.8442905, 19.0303345 ], [ 72.8442675, 19.030322 ], [ 72.8441675, 19.0303391 ], [ 72.8441444, 19.0303493 ], [ 72.8441336, 19.0303609 ], [ 72.8441356, 19.0303864 ], [ 72.8441356, 19.0303985 ], [ 72.8441287, 19.0304068 ], [ 72.8440204, 19.0304314 ], [ 72.8440052, 19.03043 ], [ 72.8439919, 19.0304226 ], [ 72.8439749, 19.0304035 ], [ 72.8439298, 19.0302122 ], [ 72.8438946, 19.0300635 ], [ 72.8438984, 19.0300452 ], [ 72.8439088, 19.0300333 ], [ 72.8440058, 19.0300089 ], [ 72.8440191, 19.0300095 ], [ 72.8440254, 19.0300135 ], [ 72.8440405, 19.030055 ], [ 72.844047, 19.0300621 ], [ 72.8440558, 19.0300646 ], [ 72.8442051, 19.0300299 ], [ 72.8442123, 19.0300264 ], [ 72.8442157, 19.0300201 ], [ 72.8442058, 19.0299804 ], [ 72.8442066, 19.0299715 ], [ 72.8442117, 19.029965 ], [ 72.8443164, 19.0299339 ] ] } },
{ "type": "Feature", "properties": { "name": "Urban Corridor", "highway": "residential", "slope_pct": 0.6 }, "geometry": { "type": "LineString", "coordinates": [ [ 72.8293169, 19.003601 ], [ 72.8294389, 19.0038534 ], [ 72.8294636, 19.0039045 ] ] } },
{ "type": "Feature", "properties": { "name": "Urban Corridor", "highway": "residential", "slope_pct": 0.6 }, "geometry": { "type": "LineString", "coordinates": [ [ 72.8291264, 19.0036568 ], [ 72.8292749, 19.0039204 ] ] } },
{ "type": "Feature", "properties": { "name": "Urban Corridor", "highway": "residential", "slope_pct": 0.6 }, "geometry": { "type": "LineString", "coordinates": [ [ 72.8281983, 19.0056832 ], [ 72.8283231, 19.0058608 ] ] } },
{ "type": "Feature", "properties": { "name": "Urban Corridor", "highway": "residential", "slope_pct": 0.6 }, "geometry": { "type": "LineString", "coordinates": [ [ 72.829765, 19.0052369 ], [ 72.829736, 19.0052849 ] ] } },
{ "type": "Feature", "properties": { "name": "Urban Corridor", "highway": "residential", "slope_pct": 0.6 }, "geometry": { "type": "LineString", "coordinates": [ [ 72.8350986, 19.0077348 ], [ 72.8352613, 19.0079449 ], [ 72.8352887, 19.0079804 ] ] } },
{ "type": "Feature", "properties": { "name": "Lakhamsi Nappu Road", "highway": "tertiary", "slope_pct": 0.6 }, "geometry": { "type": "LineString", "coordinates": [ [ 72.8501331, 19.0255863 ], [ 72.8500865, 19.0255502 ] ] } },
{ "type": "Feature", "properties": { "name": "Bhandarkar Road", "highway": "tertiary", "slope_pct": 0.6 }, "geometry": { "type": "LineString", "coordinates": [ [ 72.8500865, 19.0255502 ], [ 72.8500744, 19.0256042 ] ] } },
{ "type": "Feature", "properties": { "name": "Bhandarkar Road", "highway": "tertiary", "slope_pct": 0.6 }, "geometry": { "type": "LineString", "coordinates": [ [ 72.8516649, 19.0281875 ], [ 72.8521716, 19.0279968 ], [ 72.8526208, 19.0278507 ], [ 72.852923, 19.0277491 ], [ 72.8541653, 19.0273062 ], [ 72.8547336, 19.0271153 ], [ 72.8548364, 19.0270808 ] ] } },
{ "type": "Feature", "properties": { "name": "U Bhat Marg", "highway": "residential", "slope_pct": 0.6 }, "geometry": { "type": "LineString", "coordinates": [ [ 72.8501834, 19.0257219 ], [ 72.850134, 19.0257877 ] ] } },
{ "type": "Feature", "properties": { "name": "Lakhamsi Nappu Road", "highway": "tertiary", "slope_pct": 0.6 }, "geometry": { "type": "LineString", "coordinates": [ [ 72.8501834, 19.0257219 ], [ 72.8501331, 19.0255863 ] ] } },
{ "type": "Feature", "properties": { "name": "Bhandarkar Road", "highway": "tertiary", "slope_pct": 0.6 }, "geometry": { "type": "LineString", "coordinates": [ [ 72.8500807, 19.0256463 ], [ 72.850134, 19.0257877 ] ] } },
{ "type": "Feature", "properties": { "name": "Urban Corridor", "highway": "residential", "slope_pct": 0.6 }, "geometry": { "type": "LineString", "coordinates": [ [ 72.8430955, 19.0283787 ], [ 72.843106, 19.028414 ], [ 72.843193, 19.0287061 ], [ 72.8432063, 19.0287585 ], [ 72.8434993, 19.0287332 ], [ 72.8434306, 19.0283688 ], [ 72.8434246, 19.0283366 ] ] } },
{ "type": "Feature", "properties": { "name": "Urban Corridor", "highway": "residential", "slope_pct": 0.6 }, "geometry": { "type": "LineString", "coordinates": [ [ 72.843106, 19.028414 ], [ 72.8432385, 19.0283955 ], [ 72.8434306, 19.0283688 ] ] } },
{ "type": "Feature", "properties": { "name": "Urban Corridor", "highway": "residential", "slope_pct": 0.6 }, "geometry": { "type": "LineString", "coordinates": [ [ 72.8430786, 19.0283221 ], [ 72.8430955, 19.0283787 ] ] } },
{ "type": "Feature", "properties": { "name": "Urban Corridor", "highway": "residential", "slope_pct": 0.6 }, "geometry": { "type": "LineString", "coordinates": [ [ 72.8434246, 19.0283366 ], [ 72.8434128, 19.0282744 ] ] } },
{ "type": "Feature", "properties": { "name": "Dr Madhukar B. Raut Marg", "highway": "residential", "slope_pct": 0.6 }, "geometry": { "type": "LineString", "coordinates": [ [ 72.8360923, 19.0258478 ], [ 72.8372769, 19.0252321 ], [ 72.8377874, 19.0250015 ] ] } },
{ "type": "Feature", "properties": { "name": "Urban Corridor", "highway": "primary", "slope_pct": 0.6 }, "geometry": { "type": "LineString", "coordinates": [ [ 72.8284124, 19.0131706 ], [ 72.8283748, 19.0131037 ], [ 72.8281271, 19.0129952 ], [ 72.8278385, 19.012909 ], [ 72.8277293, 19.0129158 ] ] } },
{ "type": "Feature", "properties": { "name": "Urban Corridor", "highway": "residential", "slope_pct": 0.6 }, "geometry": { "type": "LineString", "coordinates": [ [ 72.824994, 19.0147679 ], [ 72.8249505, 19.0148426 ], [ 72.8249431, 19.0148552 ], [ 72.8247561, 19.0151757 ], [ 72.8247348, 19.0151862 ], [ 72.8245417, 19.0151474 ], [ 72.8245267, 19.0151228 ], [ 72.8244991, 19.0150267 ], [ 72.8246607, 19.0147993 ], [ 72.8246765, 19.0147961 ], [ 72.8248324, 19.0148871 ] ] } },
{ "type": "Feature", "properties": { "name": "Urban Corridor", "highway": "residential", "slope_pct": 0.6 }, "geometry": { "type": "LineString", "coordinates": [ [ 72.8257975, 19.0154434 ], [ 72.8256997, 19.0154164 ], [ 72.8253829, 19.0153371 ], [ 72.82536, 19.0153423 ], [ 72.8253434, 19.0153602 ], [ 72.8253127, 19.0154123 ], [ 72.8251858, 19.015652 ], [ 72.8251738, 19.0156762 ], [ 72.8251445, 19.0157353 ] ] } },
{ "type": "Feature", "properties": { "name": "Urban Corridor", "highway": "residential", "slope_pct": 0.6 }, "geometry": { "type": "LineString", "coordinates": [ [ 72.8251858, 19.015652 ], [ 72.8252578, 19.015681 ] ] } },
{ "type": "Feature", "properties": { "name": "Urban Corridor", "highway": "residential", "slope_pct": 0.6 }, "geometry": { "type": "LineString", "coordinates": [ [ 72.8291029, 19.01232 ], [ 72.8291627, 19.0122349 ], [ 72.8294985, 19.0122055 ], [ 72.8295243, 19.0121913 ], [ 72.8295311, 19.0121714 ], [ 72.8295361, 19.0121568 ], [ 72.8295393, 19.0121415 ], [ 72.829566, 19.0120157 ] ] } },
{ "type": "Feature", "properties": { "name": "Urban Corridor", "highway": "residential", "slope_pct": 0.6 }, "geometry": { "type": "LineString", "coordinates": [ [ 72.8295311, 19.0121714 ], [ 72.8295454, 19.0122061 ] ] } },
{ "type": "Feature", "properties": { "name": "Urban Corridor", "highway": "residential", "slope_pct": 0.6 }, "geometry": { "type": "LineString", "coordinates": [ [ 72.8293197, 19.0130944 ], [ 72.8293346, 19.0130625 ], [ 72.8293405, 19.0130498 ] ] } },
{ "type": "Feature", "properties": { "name": "Urban Corridor", "highway": "residential", "slope_pct": 0.6 }, "geometry": { "type": "LineString", "coordinates": [ [ 72.8287259, 19.0140148 ], [ 72.8287167, 19.0139731 ], [ 72.8287186, 19.01392 ], [ 72.8287351, 19.0138626 ] ] } },
{ "type": "Feature", "properties": { "name": "Urban Corridor", "highway": "residential", "slope_pct": 0.6 }, "geometry": { "type": "LineString", "coordinates": [ [ 72.8290719, 19.0138979 ], [ 72.8289362, 19.0138287 ], [ 72.8289141, 19.0138295 ], [ 72.8288747, 19.0138846 ], [ 72.8288794, 19.0139092 ], [ 72.8289118, 19.0139357 ] ] } },
{ "type": "Feature", "properties": { "name": "Urban Corridor", "highway": "residential", "slope_pct": 0.6 }, "geometry": { "type": "LineString", "coordinates": [ [ 72.829359, 19.0155598 ], [ 72.8293314, 19.0156126 ], [ 72.8293121, 19.0156465 ], [ 72.8291861, 19.0158454 ] ] } },
{ "type": "Feature", "properties": { "name": "Urban Corridor", "highway": "residential", "slope_pct": 0.6 }, "geometry": { "type": "LineString", "coordinates": [ [ 72.8291377, 19.015423 ], [ 72.8290974, 19.0154947 ], [ 72.8290895, 19.0155086 ], [ 72.8290442, 19.0155891 ], [ 72.8290414, 19.0156187 ], [ 72.8289918, 19.0157726 ] ] } },
{ "type": "Feature", "properties": { "name": "Urban Corridor", "highway": "residential", "slope_pct": 0.6 }, "geometry": { "type": "LineString", "coordinates": [ [ 72.8290895, 19.0155086 ], [ 72.8293121, 19.0156465 ] ] } },
{ "type": "Feature", "properties": { "name": "Urban Corridor", "highway": "residential", "slope_pct": 0.6 }, "geometry": { "type": "LineString", "coordinates": [ [ 72.8299425, 19.0152646 ], [ 72.8298435, 19.0152063 ], [ 72.8297797, 19.0151734 ], [ 72.8298996, 19.0149661 ], [ 72.8299772, 19.0148266 ] ] } },
{ "type": "Feature", "properties": { "name": "Urban Corridor", "highway": "residential", "slope_pct": 0.6 }, "geometry": { "type": "LineString", "coordinates": [ [ 72.8298996, 19.0149661 ], [ 72.8297536, 19.0148859 ], [ 72.8297333, 19.0148892 ], [ 72.8296841, 19.0149489 ], [ 72.8296505, 19.0149681 ], [ 72.8295288, 19.0148991 ], [ 72.8295103, 19.0148969 ], [ 72.8294239, 19.0150152 ], [ 72.8294268, 19.0150382 ], [ 72.8296012, 19.0151467 ], [ 72.8296279, 19.0151429 ], [ 72.8296615, 19.0151155 ], [ 72.829676, 19.0151144 ], [ 72.8297797, 19.0151734 ] ] } },
{ "type": "Feature", "properties": { "name": "Urban Corridor", "highway": "residential", "slope_pct": 0.6 }, "geometry": { "type": "LineString", "coordinates": [ [ 72.8324577, 19.0087266 ], [ 72.8324532, 19.0088507 ], [ 72.8324472, 19.0089784 ], [ 72.8324218, 19.008994 ], [ 72.83229, 19.0089907 ] ] } },
{ "type": "Feature", "properties": { "name": "Bhandarkar Road", "highway": "tertiary", "slope_pct": 0.6 }, "geometry": { "type": "LineString", "coordinates": [ [ 72.850134, 19.0257877 ], [ 72.8501543, 19.0258449 ], [ 72.8501765, 19.0258797 ], [ 72.8502924, 19.0260706 ], [ 72.8504368, 19.0263241 ], [ 72.8505795, 19.0265881 ], [ 72.850806, 19.0270012 ], [ 72.8508858, 19.0271247 ], [ 72.8513099, 19.0278458 ], [ 72.851545, 19.0281562 ], [ 72.85159, 19.028183 ], [ 72.8516649, 19.0281875 ] ] } },
{ "type": "Feature", "properties": { "name": "Laxmi Narayan Lane", "highway": "residential", "slope_pct": 0.6 }, "geometry": { "type": "LineString", "coordinates": [ [ 72.8516856, 19.0281023 ], [ 72.8516649, 19.0281875 ] ] } },
{ "type": "Feature", "properties": { "name": "Urban Corridor", "highway": "residential", "slope_pct": 0.6 }, "geometry": { "type": "LineString", "coordinates": [ [ 72.8509847, 19.0267038 ], [ 72.8509555, 19.0266568 ], [ 72.8509262, 19.0266098 ] ] } },
{ "type": "Feature", "properties": { "name": "Urban Corridor", "highway": "residential", "slope_pct": 0.6 }, "geometry": { "type": "LineString", "coordinates": [ [ 72.8445249, 19.0155168 ], [ 72.8444767, 19.0154467 ], [ 72.8442378, 19.0150911 ], [ 72.8442386, 19.015065 ], [ 72.8443648, 19.0149912 ] ] } },
{ "type": "Feature", "properties": { "name": "Urban Corridor", "highway": "residential", "slope_pct": 0.6 }, "geometry": { "type": "LineString", "coordinates": [ [ 72.8508075, 19.0104 ], [ 72.850733, 19.0104865 ], [ 72.8506938, 19.0105864 ], [ 72.850704, 19.0106669 ], [ 72.8507773, 19.0108527 ] ] } },
{ "type": "Feature", "properties": { "name": "Urban Corridor", "highway": "residential", "slope_pct": 0.6 }, "geometry": { "type": "LineString", "coordinates": [ [ 72.8483149, 19.0097916 ], [ 72.8484638, 19.009774 ], [ 72.8491512, 19.0096926 ], [ 72.8491683, 19.0096774 ], [ 72.8491329, 19.0094613 ], [ 72.8491115, 19.009438 ], [ 72.8488872, 19.0094127 ], [ 72.8487402, 19.0094238 ], [ 72.8486447, 19.0094624 ], [ 72.8486308, 19.0094948 ], [ 72.848619, 19.0095242 ], [ 72.8485965, 19.0095425 ], [ 72.8484538, 19.0095638 ], [ 72.8484344, 19.0095881 ], [ 72.8484638, 19.009774 ] ] } },
{ "type": "Feature", "properties": { "name": "Urban Corridor", "highway": "residential", "slope_pct": 0.6 }, "geometry": { "type": "LineString", "coordinates": [ [ 72.8488317, 19.0100821 ], [ 72.8488124, 19.0098682 ] ] } },
{ "type": "Feature", "properties": { "name": "Urban Corridor", "highway": "residential", "slope_pct": 0.6 }, "geometry": { "type": "LineString", "coordinates": [ [ 72.8489056, 19.0053139 ], [ 72.8489169, 19.0050038 ], [ 72.8489248, 19.0047865 ], [ 72.8489348, 19.0047593 ], [ 72.8489335, 19.0045629 ], [ 72.8489068, 19.0045361 ], [ 72.8481913, 19.0045545 ] ] } },
{ "type": "Feature", "properties": { "name": "Urban Corridor", "highway": "residential", "slope_pct": 0.6 }, "geometry": { "type": "LineString", "coordinates": [ [ 72.848271, 19.0050502 ], [ 72.8483141, 19.0050471 ], [ 72.8489169, 19.0050038 ] ] } },
{ "type": "Feature", "properties": { "name": "Urban Corridor", "highway": "residential", "slope_pct": 0.6 }, "geometry": { "type": "LineString", "coordinates": [ [ 72.8482293, 19.0047912 ], [ 72.8482989, 19.0047881 ], [ 72.8489348, 19.0047593 ] ] } },
{ "type": "Feature", "properties": { "name": "Urban Corridor", "highway": "residential", "slope_pct": 0.6 }, "geometry": { "type": "LineString", "coordinates": [ [ 72.8481862, 19.0043353 ], [ 72.8489719, 19.0042805 ], [ 72.8489969, 19.0042604 ], [ 72.8489856, 19.0040959 ], [ 72.8489694, 19.0040734 ], [ 72.848732, 19.0040847 ], [ 72.8486922, 19.004069 ], [ 72.8486524, 19.004032 ] ] } },
{ "type": "Feature", "properties": { "name": "Urban Corridor", "highway": "residential", "slope_pct": 0.6 }, "geometry": { "type": "LineString", "coordinates": [ [ 72.848732, 19.0040847 ], [ 72.8487192, 19.0041008 ], [ 72.8486948, 19.0041063 ], [ 72.8484283, 19.0041206 ] ] } },
{ "type": "Feature", "properties": { "name": "Urban Corridor", "highway": "residential", "slope_pct": 0.6 }, "geometry": { "type": "LineString", "coordinates": [ [ 72.8441467, 19.0061438 ], [ 72.8441558, 19.0061049 ], [ 72.8441649, 19.006066 ], [ 72.8442046, 19.0058971 ], [ 72.8441935, 19.0058792 ], [ 72.8439964, 19.005868 ], [ 72.8439775, 19.0058807 ], [ 72.8439555, 19.0060274 ], [ 72.8439496, 19.0060671 ], [ 72.8439437, 19.0061067 ] ] } },
{ "type": "Feature", "properties": { "name": "Urban Corridor", "highway": "residential", "slope_pct": 0.6 }, "geometry": { "type": "LineString", "coordinates": [ [ 72.8441649, 19.006066 ], [ 72.8439555, 19.0060274 ] ] } },
{ "type": "Feature", "properties": { "name": "Urban Corridor", "highway": "secondary_link", "slope_pct": 0.6 }, "geometry": { "type": "LineString", "coordinates": [ [ 72.8451952, 19.0056237 ], [ 72.8452138, 19.0055512 ] ] } },
{ "type": "Feature", "properties": { "name": "Urban Corridor", "highway": "residential", "slope_pct": 0.6 }, "geometry": { "type": "LineString", "coordinates": [ [ 72.8410169, 19.003639 ], [ 72.841037, 19.0036626 ], [ 72.8410429, 19.0036694 ], [ 72.8410948, 19.0036316 ], [ 72.8411089, 19.0036336 ], [ 72.8412128, 19.00375 ], [ 72.8412136, 19.0037681 ], [ 72.8411276, 19.003845 ], [ 72.8411123, 19.0038426 ], [ 72.8410003, 19.0037161 ], [ 72.8410029, 19.0037012 ], [ 72.8410429, 19.0036694 ] ] } },
{ "type": "Feature", "properties": { "name": "Urban Corridor", "highway": "residential", "slope_pct": 0.6 }, "geometry": { "type": "LineString", "coordinates": [ [ 72.8386832, 19.0045717 ], [ 72.8385899, 19.0043644 ], [ 72.8385106, 19.0041882 ], [ 72.8384943, 19.0041769 ], [ 72.8384643, 19.0041747 ], [ 72.8383815, 19.0042015 ] ] } },
{ "type": "Feature", "properties": { "name": "Urban Corridor", "highway": "residential", "slope_pct": 0.6 }, "geometry": { "type": "LineString", "coordinates": [ [ 72.8383879, 19.0044342 ], [ 72.8382034, 19.0044979 ], [ 72.8380339, 19.0045565 ] ] } },
{ "type": "Feature", "properties": { "name": "Urban Corridor", "highway": "residential", "slope_pct": 0.6 }, "geometry": { "type": "LineString", "coordinates": [ [ 72.8379798, 19.0045752 ], [ 72.8378746, 19.0046115 ] ] } },
{ "type": "Feature", "properties": { "name": "Urban Corridor", "highway": "residential", "slope_pct": 0.6 }, "geometry": { "type": "LineString", "coordinates": [ [ 72.8380339, 19.0045565 ], [ 72.8379798, 19.0045752 ] ] } },
{ "type": "Feature", "properties": { "name": "Urban Corridor", "highway": "residential", "slope_pct": 0.6 }, "geometry": { "type": "LineString", "coordinates": [ [ 72.8385899, 19.0043644 ], [ 72.8384406, 19.004416 ] ] } },
{ "type": "Feature", "properties": { "name": "Urban Corridor", "highway": "residential", "slope_pct": 0.6 }, "geometry": { "type": "LineString", "coordinates": [ [ 72.8384406, 19.004416 ], [ 72.8383879, 19.0044342 ] ] } },
{ "type": "Feature", "properties": { "name": "Urban Corridor", "highway": "residential", "slope_pct": 0.6 }, "geometry": { "type": "LineString", "coordinates": [ [ 72.8380049, 19.0037722 ], [ 72.8379458, 19.0035972 ] ] } },
{ "type": "Feature", "properties": { "name": "Urban Corridor", "highway": "residential", "slope_pct": 0.6 }, "geometry": { "type": "LineString", "coordinates": [ [ 72.8503912, 19.013116 ], [ 72.8504346, 19.0130929 ], [ 72.8505224, 19.0130405 ], [ 72.850632, 19.0129909 ] ] } },
{ "type": "Feature", "properties": { "name": "Urban Corridor", "highway": "residential", "slope_pct": 0.6 }, "geometry": { "type": "LineString", "coordinates": [ [ 72.850632, 19.0129909 ], [ 72.8506992, 19.0127489 ] ] } },
{ "type": "Feature", "properties": { "name": "Urban Corridor", "highway": "residential", "slope_pct": 0.6 }, "geometry": { "type": "LineString", "coordinates": [ [ 72.8512878, 19.0128225 ], [ 72.8511563, 19.0129731 ], [ 72.8511195, 19.0129896 ], [ 72.8510652, 19.0129957 ], [ 72.8510026, 19.0129714 ], [ 72.8509755, 19.0129313 ] ] } },
{ "type": "Feature", "properties": { "name": "Urban Corridor", "highway": "residential", "slope_pct": 0.6 }, "geometry": { "type": "LineString", "coordinates": [ [ 72.8512586, 19.0125947 ], [ 72.8512511, 19.0123737 ], [ 72.8512139, 19.0122448 ] ] } },
{ "type": "Feature", "properties": { "name": "Urban Corridor", "highway": "residential", "slope_pct": 0.6 }, "geometry": { "type": "LineString", "coordinates": [ [ 72.8514105, 19.0127892 ], [ 72.8514471, 19.012535 ], [ 72.8514724, 19.0123069 ], [ 72.8514734, 19.0122549 ], [ 72.8514599, 19.0121635 ] ] } },
{ "type": "Feature", "properties": { "name": "Urban Corridor", "highway": "residential", "slope_pct": 0.6 }, "geometry": { "type": "LineString", "coordinates": [ [ 72.8516166, 19.0128703 ], [ 72.8515821, 19.0127426 ], [ 72.8515969, 19.0127075 ], [ 72.8516259, 19.0124857 ] ] } },
{ "type": "Feature", "properties": { "name": "Urban Corridor", "highway": "residential", "slope_pct": 0.6 }, "geometry": { "type": "LineString", "coordinates": [ [ 72.8516731, 19.0124685 ], [ 72.8516898, 19.0123159 ] ] } },
{ "type": "Feature", "properties": { "name": "Urban Corridor", "highway": "residential", "slope_pct": 0.6 }, "geometry": { "type": "LineString", "coordinates": [ [ 72.8513794, 19.0129125 ], [ 72.8512658, 19.0129432 ], [ 72.851259, 19.0129662 ], [ 72.8513111, 19.0131479 ], [ 72.85131, 19.0131928 ], [ 72.8513665, 19.0133764 ], [ 72.8512012, 19.0134425 ], [ 72.8510181, 19.0135158 ], [ 72.8509985, 19.0135107 ], [ 72.8509593, 19.0134947 ], [ 72.850939, 19.0134944 ], [ 72.8509194, 19.0134941 ], [ 72.850889, 19.0134979 ], [ 72.8507849, 19.0135553 ], [ 72.850733, 19.0135838 ] ] } },
{ "type": "Feature", "properties": { "name": "Urban Corridor", "highway": "residential", "slope_pct": 0.6 }, "geometry": { "type": "LineString", "coordinates": [ [ 72.850939, 19.0134944 ], [ 72.8508812, 19.0134003 ], [ 72.8508065, 19.0132788 ] ] } },
{ "type": "Feature", "properties": { "name": "Urban Corridor", "highway": "residential", "slope_pct": 0.6 }, "geometry": { "type": "LineString", "coordinates": [ [ 72.8508812, 19.0134003 ], [ 72.8511321, 19.0132946 ] ] } },
{ "type": "Feature", "properties": { "name": "Urban Corridor", "highway": "residential", "slope_pct": 0.6 }, "geometry": { "type": "LineString", "coordinates": [ [ 72.8512012, 19.0134425 ], [ 72.8511321, 19.0132946 ], [ 72.8511205, 19.0132698 ] ] } },
{ "type": "Feature", "properties": { "name": "Urban Corridor", "highway": "residential", "slope_pct": 0.6 }, "geometry": { "type": "LineString", "coordinates": [ [ 72.8513665, 19.0133764 ], [ 72.8515107, 19.0133324 ] ] } },
{ "type": "Feature", "properties": { "name": "Urban Corridor", "highway": "residential", "slope_pct": 0.6 }, "geometry": { "type": "LineString", "coordinates": [ [ 72.851561, 19.0134718 ], [ 72.8517582, 19.0133799 ], [ 72.8517638, 19.0133547 ], [ 72.8517256, 19.013265 ], [ 72.8517027, 19.0132591 ], [ 72.8515107, 19.0133324 ] ] } },
{ "type": "Feature", "properties": { "name": "Urban Corridor", "highway": "residential", "slope_pct": 0.6 }, "geometry": { "type": "LineString", "coordinates": [ [ 72.8512698, 19.0135872 ], [ 72.8512012, 19.0134425 ] ] } },
{ "type": "Feature", "properties": { "name": "Appasaheb Marathe Marg", "highway": "primary", "slope_pct": 0.6 }, "geometry": { "type": "LineString", "coordinates": [ [ 72.8305068, 19.0142301 ], [ 72.8304621, 19.0142078 ], [ 72.8303882, 19.0142097 ] ] } },
{ "type": "Feature", "properties": { "name": "Shankar Ghanekar Marg", "highway": "primary", "slope_pct": 0.6 }, "geometry": { "type": "LineString", "coordinates": [ [ 72.8303882, 19.0142097 ], [ 72.8304242, 19.0142754 ], [ 72.8304702, 19.0142998 ] ] } },
{ "type": "Feature", "properties": { "name": "Sayani Marg", "highway": "primary", "slope_pct": 0.6 }, "geometry": { "type": "LineString", "coordinates": [ [ 72.8304702, 19.0142998 ], [ 72.8304973, 19.0142465 ], [ 72.8305068, 19.0142301 ] ] } },
{ "type": "Feature", "properties": { "name": "Dada Rege Marg", "highway": "residential", "slope_pct": 0.6 }, "geometry": { "type": "LineString", "coordinates": [ [ 72.8403628, 19.0251311 ], [ 72.84041, 19.0252096 ] ] } },
{ "type": "Feature", "properties": { "name": "N C Kelkar Marg", "highway": "residential", "slope_pct": 0.6 }, "geometry": { "type": "LineString", "coordinates": [ [ 72.8404096, 19.0250959 ], [ 72.8403628, 19.0251311 ] ] } },
{ "type": "Feature", "properties": { "name": "Lady Jamshedji Road", "highway": "primary", "slope_pct": 0.6 }, "geometry": { "type": "LineString", "coordinates": [ [ 72.840642, 19.0251581 ], [ 72.8405952, 19.025077 ] ] } },
{ "type": "Feature", "properties": { "name": "Swatantrya Veer Savarkar Marg", "highway": "secondary", "slope_pct": 0.6 }, "geometry": { "type": "LineString", "coordinates": [ [ 72.8306119, 19.017675 ], [ 72.8305232, 19.0175589 ] ] } },
{ "type": "Feature", "properties": { "name": "Urban Corridor", "highway": "residential", "slope_pct": 0.6 }, "geometry": { "type": "LineString", "coordinates": [ [ 72.8364363, 19.0158106 ], [ 72.8364662, 19.0157993 ] ] } },
{ "type": "Feature", "properties": { "name": "Urban Corridor", "highway": "trunk_link", "slope_pct": 0.6 }, "geometry": { "type": "LineString", "coordinates": [ [ 72.8480485, 19.0183575 ], [ 72.8482452, 19.0182284 ] ] } },
{ "type": "Feature", "properties": { "name": "Urban Corridor", "highway": "residential", "slope_pct": 0.6 }, "geometry": { "type": "LineString", "coordinates": [ [ 72.8316209, 19.0178408 ], [ 72.8317553, 19.0174345 ] ] } },
{ "type": "Feature", "properties": { "name": "S S Wagh Road (Morbaugh Road)", "highway": "residential", "slope_pct": 0.6 }, "geometry": { "type": "LineString", "coordinates": [ [ 72.8476131, 19.0107918 ], [ 72.8478601, 19.0106959 ], [ 72.8482768, 19.0105341 ] ] } },
{ "type": "Feature", "properties": { "name": "Dr Babasaheb Ambedkar Marg (Vincent Road)", "highway": "trunk", "slope_pct": 0.6 }, "geometry": { "type": "LineString", "coordinates": [ [ 72.8442467, 19.0128296 ], [ 72.8440507, 19.0125342 ] ] } },
{ "type": "Feature", "properties": { "name": "Dr Babasaheb Ambedkar Marg (Vincent Road)", "highway": "trunk", "slope_pct": 0.6 }, "geometry": { "type": "LineString", "coordinates": [ [ 72.843054, 19.0111116 ], [ 72.8429687, 19.0109851 ] ] } },
{ "type": "Feature", "properties": { "name": "S S Wagh Road (Morbaugh Road)", "highway": "residential", "slope_pct": 0.6 }, "geometry": { "type": "LineString", "coordinates": [ [ 72.8450145, 19.0119917 ], [ 72.8440507, 19.0125342 ] ] } },
{ "type": "Feature", "properties": { "name": "Urban Corridor", "highway": "residential", "slope_pct": 0.6 }, "geometry": { "type": "LineString", "coordinates": [ [ 72.8474611, 19.0121788 ], [ 72.8474225, 19.012192 ] ] } },
{ "type": "Feature", "properties": { "name": "Urban Corridor", "highway": "residential", "slope_pct": 0.6 }, "geometry": { "type": "LineString", "coordinates": [ [ 72.8496615, 19.0183641 ], [ 72.8495988, 19.0184005 ], [ 72.849441, 19.0184921 ] ] } },
{ "type": "Feature", "properties": { "name": "Urban Corridor", "highway": "residential", "slope_pct": 0.6 }, "geometry": { "type": "LineString", "coordinates": [ [ 72.8497182, 19.0184401 ], [ 72.8496637, 19.0184708 ], [ 72.8494666, 19.0185818 ] ] } },
{ "type": "Feature", "properties": { "name": "Urban Corridor", "highway": "secondary", "slope_pct": 0.6 }, "geometry": { "type": "LineString", "coordinates": [ [ 72.8336808, 19.0134315 ], [ 72.8337763, 19.0133798 ] ] } },
{ "type": "Feature", "properties": { "name": "Urban Corridor", "highway": "residential", "slope_pct": 0.6 }, "geometry": { "type": "LineString", "coordinates": [ [ 72.8313592, 19.0204677 ], [ 72.8312787, 19.0203709 ] ] } },
{ "type": "Feature", "properties": { "name": "N.M. Kale Marg", "highway": "residential", "slope_pct": 0.6 }, "geometry": { "type": "LineString", "coordinates": [ [ 72.8322146, 19.0198767 ], [ 72.8319661, 19.0200624 ], [ 72.831897, 19.0201102 ], [ 72.8317505, 19.0202111 ], [ 72.8316689, 19.020268 ] ] } },
{ "type": "Feature", "properties": { "name": "N.M. Kale Marg", "highway": "residential", "slope_pct": 0.6 }, "geometry": { "type": "LineString", "coordinates": [ [ 72.8313592, 19.0204677 ], [ 72.8311497, 19.0206028 ] ] } },
{ "type": "Feature", "properties": { "name": "N.M. Kale Marg", "highway": "residential", "slope_pct": 0.6 }, "geometry": { "type": "LineString", "coordinates": [ [ 72.8316689, 19.020268 ], [ 72.8313592, 19.0204677 ] ] } },
{ "type": "Feature", "properties": { "name": "N.M. Kale Marg", "highway": "residential", "slope_pct": 0.6 }, "geometry": { "type": "LineString", "coordinates": [ [ 72.8310966, 19.020653 ], [ 72.8310428, 19.0207038 ], [ 72.8309588, 19.0207833 ], [ 72.8307357, 19.0209942 ], [ 72.8303963, 19.0214015 ], [ 72.8303542, 19.02145 ] ] } },
{ "type": "Feature", "properties": { "name": "Dr Babasaheb Ambedkar Marg (Vincent Road)", "highway": "trunk", "slope_pct": 0.6 }, "geometry": { "type": "LineString", "coordinates": [ [ 72.850841, 19.0221052 ], [ 72.8508854, 19.0221655 ] ] } },
{ "type": "Feature", "properties": { "name": "Urban Corridor", "highway": "tertiary", "slope_pct": 0.6 }, "geometry": { "type": "LineString", "coordinates": [ [ 72.850841, 19.0221052 ], [ 72.8507919, 19.0221391 ], [ 72.8507671, 19.0221562 ], [ 72.8507184, 19.0222284 ] ] } },
{ "type": "Feature", "properties": { "name": "Dr Babasaheb Ambedkar Marg (Vincent Road)", "highway": "trunk", "slope_pct": 0.6 }, "geometry": { "type": "LineString", "coordinates": [ [ 72.8511283, 19.0220005 ], [ 72.8510831, 19.0219392 ] ] } },
{ "type": "Feature", "properties": { "name": "Urban Corridor", "highway": "tertiary", "slope_pct": 0.6 }, "geometry": { "type": "LineString", "coordinates": [ [ 72.8513307, 19.0218175 ], [ 72.8512229, 19.0218415 ], [ 72.8510831, 19.0219392 ] ] } }
]
}
