{
"type": "FeatureCollection",
"name": "roads_13.084_80.272",
"crs": { "type": "name", "properties": { "name": "urn:ogc:def:crs:OGC:1.3:CRS84" } },
"features": [
{ "type": "Feature", "properties": { "name": "West Cooum River Road", "highway": "tertiary", "slope_pct": 0.6 }, "geometry": { "type": "LineString", "coordinates": [ [ 80.269388, 13.0682704 ], [ 80.2694044, 13.0683251 ], [ 80.2695626, 13.0688066 ], [ 80.2696303, 13.0690561 ], [ 80.2696395, 13.0691007 ], [ 80.269651, 13.0692793 ], [ 80.2696432, 13.0693891 ], [ 80.2695703, 13.0697148 ], [ 80.269547, 13.0698051 ], [ 80.2694569, 13.070155 ], [ 80.2693581, 13.0704524 ], [ 80.2690665, 13.0712262 ], [ 80.2687363, 13.0716811 ], [ 80.2684062, 13.0720699 ], [ 80.2680173, 13.0723854 ], [ 80.2677679, 13.0726495 ], [ 80.2675478, 13.0728917 ], [ 80.2672249, 13.0733025 ], [ 80.2669532, 13.0736539 ], [ 80.2665084, 13.0741685 ], [ 80.2663518, 13.0747552 ], [ 80.2662967, 13.0750104 ], [ 80.2662491, 13.0753055 ], [ 80.2662674, 13.0755166 ], [ 80.2662931, 13.0758851 ], [ 80.26636, 13.0761989 ] ] } },
{ "type": "Feature", "properties": { "name": "Arterial Link", "highway": "residential", "slope_pct": 0.6 }, "geometry": { "type": "LineString", "coordinates": [ [ 80.2767309, 13.0733872 ], [ 80.2781749, 13.0747468 ], [ 80.2784099, 13.0748268 ], [ 80.2786116, 13.0749632 ], [ 80.2788884, 13.075246 ], [ 80.2794519, 13.0757066 ], [ 80.280038, 13.0763409 ], [ 80.2807147, 13.0770028 ], [ 80.2814197, 13.0777254 ], [ 80.2815244, 13.0775958 ], [ 80.2817679, 13.0772235 ], [ 80.2819435, 13.0772179 ], [ 80.2820029, 13.0771407 ], [ 80.2823427, 13.0761451 ], [ 80.2826456, 13.0752047 ], [ 80.282892, 13.0743745 ], [ 80.2830703, 13.073856 ], [ 80.2832799, 13.0728714 ], [ 80.2833733, 13.0723336 ], [ 80.2833761, 13.0715559 ], [ 80.2833422, 13.0712221 ], [ 80.2829316, 13.0704113 ], [ 80.2829656, 13.0702872 ], [ 80.2830307, 13.0702541 ], [ 80.283127, 13.0702872 ], [ 80.2836338, 13.0709491 ], [ 80.2836791, 13.0710125 ], [ 80.2836848, 13.071098 ], [ 80.2837754, 13.0714373 ], [ 80.2837782, 13.0719144 ], [ 80.2837895, 13.072033 ], [ 80.2837499, 13.0722012 ], [ 80.2836678, 13.0730507 ], [ 80.2835857, 13.0735361 ] ] } },
{ "type": "Feature", "properties": { "name": "Olagappa Street", "highway": "residential", "slope_pct": 0.6 }, "geometry": { "type": "LineString", "coordinates": [ [ 80.2672861, 13.0769053 ], [ 80.2673373, 13.0773093 ] ] } },
{ "type": "Feature", "properties": { "name": "Nyniappan Street", "highway": "residential", "slope_pct": 0.6 }, "geometry": { "type": "LineString", "coordinates": [ [ 80.2681402, 13.075789 ], [ 80.2682185, 13.0761202 ], [ 80.2682564, 13.0762806 ], [ 80.2683332, 13.0767684 ] ] } },
{ "type": "Feature", "properties": { "name": "Arterial Link", "highway": "residential", "slope_pct": 0.6 }, "geometry": { "type": "LineString", "coordinates": [ [ 80.2682185, 13.0761202 ], [ 80.2678077, 13.0762117 ] ] } },
{ "type": "Feature", "properties": { "name": "St. Andrews Bridge", "highway": "secondary", "slope_pct": 0.6 }, "geometry": { "type": "LineString", "coordinates": [ [ 80.2656142, 13.0764602 ], [ 80.266194, 13.0763258 ] ] } },
{ "type": "Feature", "properties": { "name": "St. Andrews Bridge", "highway": "secondary", "slope_pct": 0.6 }, "geometry": { "type": "LineString", "coordinates": [ [ 80.2662422, 13.0762169 ], [ 80.2656188, 13.0763537 ] ] } },
{ "type": "Feature", "properties": { "name": "Arterial Link", "highway": "secondary", "slope_pct": 0.6 }, "geometry": { "type": "LineString", "coordinates": [ [ 80.2652806, 13.0764835 ], [ 80.2652977, 13.0764927 ], [ 80.265316, 13.0764992 ], [ 80.2653503, 13.0765036 ], [ 80.2653844, 13.0764986 ], [ 80.2654158, 13.0764846 ], [ 80.265442, 13.0764626 ], [ 80.2654495, 13.0764534 ], [ 80.2654627, 13.0764305 ], [ 80.2654706, 13.0764053 ], [ 80.2654726, 13.076379 ], [ 80.2654686, 13.0763529 ], [ 80.2654529, 13.076318 ], [ 80.2654267, 13.0762896 ], [ 80.2653927, 13.0762707 ], [ 80.2653544, 13.076263 ], [ 80.2653155, 13.0762674 ], [ 80.26528, 13.0762834 ], [ 80.2652647, 13.0762953 ], [ 80.2652458, 13.0763172 ], [ 80.2652327, 13.0763429 ], [ 80.2652262, 13.0763708 ], [ 80.2652266, 13.0763994 ], [ 80.265234, 13.0764271 ], [ 80.2652478, 13.0764523 ], [ 80.2652653, 13.0764718 ], [ 80.2652806, 13.0764835 ] ] } },
{ "type": "Feature", "properties": { "name": "Arunachallam Street", "highway": "secondary", "slope_pct": 0.6 }, "geometry": { "type": "LineString", "coordinates": [ [ 80.2654495, 13.0764534 ], [ 80.2655261, 13.0764713 ], [ 80.2656142, 13.0764602 ] ] } },
{ "type": "Feature", "properties": { "name": "Arunachallam Street", "highway": "secondary", "slope_pct": 0.6 }, "geometry": { "type": "LineString", "coordinates": [ [ 80.2656188, 13.0763537 ], [ 80.265598, 13.0763578 ], [ 80.2655545, 13.0763598 ], [ 80.265508, 13.076359 ], [ 80.2654686, 13.0763529 ] ] } },
{ "type": "Feature", "properties": { "name": "Pantheon Road", "highway": "secondary", "slope_pct": 0.6 }, "geometry": { "type": "LineString", "coordinates": [ [ 80.2652647, 13.0762953 ], [ 80.2651771, 13.0761937 ], [ 80.2651218, 13.0761594 ], [ 80.2651137, 13.0761544 ], [ 80.2650405, 13.0761226 ], [ 80.2650285, 13.0761174 ], [ 80.2649391, 13.076077 ], [ 80.2648433, 13.0760293 ], [ 80.2648197, 13.076017 ], [ 80.2647518, 13.0759816 ], [ 80.2645258, 13.0758661 ], [ 80.2643132, 13.0757524 ] ] } },
{ "type": "Feature", "properties": { "name": "Pantheon Road", "highway": "secondary", "slope_pct": 0.6 }, "geometry": { "type": "LineString", "coordinates": [ [ 80.2642474, 13.0757868 ], [ 80.2643034, 13.0758182 ], [ 80.2644736, 13.0759159 ], [ 80.2646983, 13.0760376 ], [ 80.2647831, 13.0760833 ], [ 80.2648639, 13.0761269 ], [ 80.2649272, 13.0761645 ], [ 80.2649687, 13.0761945 ], [ 80.2650138, 13.076231 ], [ 80.2650981, 13.0763121 ], [ 80.2652478, 13.0764523 ] ] } },
{ "type": "Feature", "properties": { "name": "Langs Garden Road", "highway": "tertiary", "slope_pct": 0.6 }, "geometry": { "type": "LineString", "coordinates": [ [ 80.2654267, 13.0762896 ], [ 80.2654098, 13.0762405 ], [ 80.2653912, 13.0761722 ], [ 80.2653718, 13.0760784 ], [ 80.2653558, 13.075992 ], [ 80.2653417, 13.0759054 ], [ 80.2653258, 13.0758183 ], [ 80.2653133, 13.0757247 ], [ 80.265309, 13.075641 ], [ 80.2653093, 13.0755715 ], [ 80.2653135, 13.0754752 ], [ 80.2653122, 13.0754301 ] ] } },
{ "type": "Feature", "properties": { "name": "Langs Garden Road", "highway": "tertiary", "slope_pct": 0.6 }, "geometry": { "type": "LineString", "coordinates": [ [ 80.265263, 13.0754137 ], [ 80.2652599, 13.0754456 ], [ 80.2652585, 13.0754757 ], [ 80.2652483, 13.0756642 ], [ 80.2652509, 13.0757786 ], [ 80.2652553, 13.0759084 ], [ 80.2652561, 13.0759302 ], [ 80.2652574, 13.0760321 ], [ 80.2652591, 13.0760837 ], [ 80.2652608, 13.0761372 ], [ 80.26528, 13.0762834 ] ] } },
{ "type": "Feature", "properties": { "name": "Ponniamman Koil Street", "highway": "secondary", "slope_pct": 0.6 }, "geometry": { "type": "LineString", "coordinates": [ [ 80.2641819, 13.0767058 ], [ 80.2646694, 13.0765973 ], [ 80.2652653, 13.0764718 ] ] } },
{ "type": "Feature", "properties": { "name": "Whannels Road", "highway": "secondary", "slope_pct": 0.6 }, "geometry": { "type": "LineString", "coordinates": [ [ 80.2642127, 13.076506 ], [ 80.2642255, 13.0763728 ], [ 80.2642329, 13.0763361 ], [ 80.2642439, 13.0762814 ], [ 80.264261, 13.0761396 ], [ 80.2643034, 13.0758182 ], [ 80.2643132, 13.0757524 ] ] } },
{ "type": "Feature", "properties": { "name": "Arunachalam Street", "highway": "secondary", "slope_pct": 0.6 }, "geometry": { "type": "LineString", "coordinates": [ [ 80.2663236, 13.0763165 ], [ 80.2663464, 13.0763259 ], [ 80.2663712, 13.07636 ], [ 80.2663966, 13.0763981 ] ] } },
{ "type": "Feature", "properties": { "name": "Arunachalam Street", "highway": "secondary", "slope_pct": 0.6 }, "geometry": { "type": "LineString", "coordinates": [ [ 80.26636, 13.0761989 ], [ 80.2662422, 13.0762169 ] ] } },
{ "type": "Feature", "properties": { "name": "Arunachalam Street", "highway": "secondary", "slope_pct": 0.6 }, "geometry": { "type": "LineString", "coordinates": [ [ 80.266194, 13.0763258 ], [ 80.2662691, 13.0763135 ], [ 80.2663035, 13.0763131 ], [ 80.2663236, 13.0763165 ] ] } },
{ "type": "Feature", "properties": { "name": "Mangapathi Street", "highway": "secondary", "slope_pct": 0.6 }, "geometry": { "type": "LineString", "coordinates": [ [ 80.2665597, 13.0769946 ], [ 80.2672861, 13.0769053 ], [ 80.267347, 13.0768966 ] ] } },
{ "type": "Feature", "properties": { "name": "Arterial Link", "highway": "secondary", "slope_pct": 0.6 }, "geometry": { "type": "LineString", "coordinates": [ [ 80.267347, 13.0768966 ], [ 80.2672158, 13.0760151 ] ] } },
{ "type": "Feature", "properties": { "name": "Arunachalam Street", "highway": "secondary", "slope_pct": 0.6 }, "geometry": { "type": "LineString", "coordinates": [ [ 80.2672158, 13.0760151 ], [ 80.26636, 13.0761989 ] ] } },
{ "type": "Feature", "properties": { "name": "West Cooum River Road", "highway": "secondary", "slope_pct": 0.6 }, "geometry": { "type": "LineString", "coordinates": [ [ 80.2663966, 13.0763981 ], [ 80.2664839, 13.0766262 ], [ 80.2665597, 13.0769946 ] ] } },
{ "type": "Feature", "properties": { "name": "Arterial Link", "highway": "secondary_link", "slope_pct": 0.6 }, "geometry": { "type": "LineString", "coordinates": [ [ 80.2652591, 13.0760837 ], [ 80.2652136, 13.0761191 ], [ 80.2651788, 13.07614 ], [ 80.2651526, 13.0761498 ], [ 80.2651218, 13.0761594 ] ] } },
{ "type": "Feature", "properties": { "name": "Arterial Link", "highway": "secondary_link", "slope_pct": 0.6 }, "geometry": { "type": "LineString", "coordinates": [ [ 80.2654555, 13.0765553 ], [ 80.2654691, 13.0765276 ], [ 80.2654817, 13.0765029 ], [ 80.2655022, 13.0764844 ], [ 80.2655261, 13.0764713 ] ] } },
{ "type": "Feature", "properties": { "name": "Arterial Link", "highway": "secondary", "slope_pct": 0.6 }, "geometry": { "type": "LineString", "coordinates": [ [ 80.2641349, 13.0767093 ], [ 80.2641819, 13.0767058 ] ] } },
{ "type": "Feature", "properties": { "name": "Mangapathi Street", "highway": "residential", "slope_pct": 0.6 }, "geometry": { "type": "LineString", "coordinates": [ [ 80.2694706, 13.0765348 ], [ 80.2683332, 13.0767684 ], [ 80.2678596, 13.0768349 ], [ 80.267347, 13.0768966 ] ] } },
{ "type": "Feature", "properties": { "name": "Arterial Link", "highway": "residential", "slope_pct": 0.6 }, "geometry": { "type": "LineString", "coordinates": [ [ 80.2696031, 13.0770183 ], [ 80.2688905, 13.0770947 ], [ 80.2684406, 13.0771687 ], [ 80.2679483, 13.0772497 ], [ 80.2673373, 13.0773093 ], [ 80.2671289, 13.0773492 ], [ 80.2666967, 13.0774536 ] ] } },
{ "type": "Feature", "properties": { "name": "Balakrishna Street", "highway": "residential", "slope_pct": 0.6 }, "geometry": { "type": "LineString", "coordinates": [ [ 80.268027, 13.0789065 ], [ 80.2680496, 13.0786304 ], [ 80.2680845, 13.0781324 ], [ 80.268075, 13.0778976 ], [ 80.268028, 13.0776619 ], [ 80.2679483, 13.0772497 ], [ 80.2678596, 13.0768349 ] ] } },
{ "type": "Feature", "properties": { "name": "Arterial Link", "highway": "residential", "slope_pct": 0.6 }, "geometry": { "type": "LineString", "coordinates": [ [ 80.2682564, 13.0762806 ], [ 80.2693278, 13.0760349 ] ] } },
{ "type": "Feature", "properties": { "name": "Arterial Link", "highway": "residential", "slope_pct": 0.6 }, "geometry": { "type": "LineString", "coordinates": [ [ 80.268028, 13.0776619 ], [ 80.2676325, 13.0777558 ], [ 80.2672152, 13.0778107 ] ] } },
{ "type": "Feature", "properties": { "name": "Arterial Link", "highway": "residential", "slope_pct": 0.6 }, "geometry": { "type": "LineString", "coordinates": [ [ 80.268903, 13.0784735 ], [ 80.2686085, 13.0784426 ], [ 80.2683931, 13.0784331 ], [ 80.2683652, 13.0786788 ], [ 80.2683446, 13.0789356 ] ] } },
{ "type": "Feature", "properties": { "name": "Barracks Road", "highway": "residential", "slope_pct": 0.6 }, "geometry": { "type": "LineString", "coordinates": [ [ 80.2668745, 13.0822961 ], [ 80.266785, 13.0823234 ], [ 80.2660914, 13.0823149 ], [ 80.2660158, 13.082338 ], [ 80.2660164, 13.0828916 ], [ 80.2660237, 13.0831228 ], [ 80.2660529, 13.0835057 ], [ 80.2660678, 13.0837708 ], [ 80.2660832, 13.0840657 ], [ 80.2660801, 13.0842508 ], [ 80.2660837, 13.0843191 ], [ 80.2661477, 13.0853063 ] ] } },
{ "type": "Feature", "properties": { "name": "Macfar Lane", "highway": "residential", "slope_pct": 0.6 }, "geometry": { "type": "LineString", "coordinates": [ [ 80.268175, 13.0837329 ], [ 80.2685538, 13.0837322 ], [ 80.2691327, 13.0835794 ] ] } },
{ "type": "Feature", "properties": { "name": "Atkinson Road", "highway": "residential", "slope_pct": 0.6 }, "geometry": { "type": "LineString", "coordinates": [ [ 80.2641849, 13.0855338 ], [ 80.2638588, 13.083918 ], [ 80.2636743, 13.082925 ], [ 80.2636704, 13.0828969 ], [ 80.2636008, 13.0825204 ], [ 80.2635934, 13.0823429 ], [ 80.2636443, 13.0822435 ], [ 80.2637767, 13.0821583 ], [ 80.2640434, 13.0821429 ], [ 80.2639845, 13.0813871 ], [ 80.2639637, 13.0811202 ], [ 80.2639451, 13.0808821 ], [ 80.2639379, 13.0807895 ], [ 80.2639719, 13.0805566 ] ] } },
{ "type": "Feature", "properties": { "name": "Arterial Link", "highway": "residential", "slope_pct": 0.6 }, "geometry": { "type": "LineString", "coordinates": [ [ 80.2671289, 13.0773492 ], [ 80.2672152, 13.0778107 ], [ 80.2672367, 13.0780474 ], [ 80.2670286, 13.0781722 ] ] } },
{ "type": "Feature", "properties": { "name": "EVR Periyar Salai", "highway": "primary", "slope_pct": 0.6 }, "geometry": { "type": "LineString", "coordinates": [ [ 80.2706397, 13.0807831 ], [ 80.2705552, 13.0807758 ], [ 80.2704542, 13.0807718 ], [ 80.2703489, 13.0807672 ], [ 80.2701978, 13.0807637 ], [ 80.2680216, 13.0806715 ], [ 80.2669981, 13.08068 ], [ 80.2654065, 13.0807108 ], [ 80.2653199, 13.0807016 ] ] } },
{ "type": "Feature", "properties": { "name": "Lazer Street", "highway": "residential", "slope_pct": 0.6 }, "geometry": { "type": "LineString", "coordinates": [ [ 80.2694498, 13.0777902 ], [ 80.2689288, 13.0777982 ], [ 80.268075, 13.0778976 ] ] } },
{ "type": "Feature", "properties": { "name": "Perianna Maistry Street", "highway": "residential", "slope_pct": 0.6 }, "geometry": { "type": "LineString", "coordinates": [ [ 80.268682, 13.0848896 ], [ 80.2685625, 13.0840705 ], [ 80.2685538, 13.0837322 ], [ 80.2685491, 13.0835759 ], [ 80.2685329, 13.0830643 ], [ 80.2684848, 13.0824714 ], [ 80.2684726, 13.0820867 ], [ 80.268533, 13.0820178 ], [ 80.2686625, 13.0819708 ] ] } },
{ "type": "Feature", "properties": { "name": "Uttukattan Street", "highway": "residential", "slope_pct": 0.6 }, "geometry": { "type": "LineString", "coordinates": [ [ 80.2682156, 13.0824865 ], [ 80.2682181, 13.0828643 ], [ 80.2681818, 13.0833352 ], [ 80.268175, 13.0837329 ], [ 80.2681792, 13.083908 ], [ 80.2681815, 13.0840635 ], [ 80.2681945, 13.0843339 ], [ 80.2682226, 13.0849183 ], [ 80.268225, 13.0849628 ] ] } },
{ "type": "Feature", "properties": { "name": "Mukki Amman Koil Street", "highway": "residential", "slope_pct": 0.6 }, "geometry": { "type": "LineString", "coordinates": [ [ 80.2688849, 13.0780731 ], [ 80.2680845, 13.0781324 ], [ 80.2677343, 13.0781309 ], [ 80.2670779, 13.0782594 ] ] } },
{ "type": "Feature", "properties": { "name": "EVR Periyar Salai", "highway": "primary", "slope_pct": 0.6 }, "geometry": { "type": "LineString", "coordinates": [ [ 80.2569471, 13.0792164 ], [ 80.2569642, 13.0792179 ], [ 80.2571695, 13.0792401 ], [ 80.2573802, 13.0792636 ], [ 80.2574424, 13.0792702 ], [ 80.2576976, 13.0792973 ], [ 80.2578411, 13.0793125 ], [ 80.2581876, 13.0793565 ], [ 80.2587734, 13.0794309 ], [ 80.2593655, 13.0795 ], [ 80.2601076, 13.0795865 ], [ 80.2602513, 13.0796048 ], [ 80.2607556, 13.079714 ], [ 80.2608465, 13.0797382 ], [ 80.2609267, 13.0797562 ], [ 80.2609569, 13.079763 ], [ 80.2615016, 13.079974 ], [ 80.2617224, 13.0800612 ], [ 80.2618869, 13.0801128 ], [ 80.2627848, 13.0802951 ], [ 80.2639719, 13.0805566 ], [ 80.2651669, 13.0807843 ] ] } },
{ "type": "Feature", "properties": { "name": "Dams Road", "highway": "tertiary", "slope_pct": 0.6 }, "geometry": { "type": "LineString", "coordinates": [ [ 80.270501, 13.0788138 ], [ 80.2700584, 13.0790329 ], [ 80.2698953, 13.0791029 ], [ 80.2698298, 13.079128 ], [ 80.2698155, 13.0791325 ], [ 80.2697459, 13.0791543 ], [ 80.2696421, 13.0791834 ], [ 80.2694261, 13.0792314 ], [ 80.2692645, 13.07926 ], [ 80.2690542, 13.0792944 ], [ 80.268948, 13.079308 ], [ 80.2689373, 13.0793087 ], [ 80.2688524, 13.0793139 ], [ 80.268592, 13.0793201 ], [ 80.2684226, 13.0793072 ], [ 80.2682227, 13.0792775 ], [ 80.2680943, 13.0792401 ], [ 80.2679363, 13.0791709 ], [ 80.2677952, 13.0790957 ], [ 80.2676456, 13.0790029 ], [ 80.2675473, 13.0789242 ], [ 80.267481, 13.0788645 ], [ 80.2674563, 13.0788379 ], [ 80.2674246, 13.078803 ], [ 80.2673319, 13.0787012 ] ] } },
{ "type": "Feature", "properties": { "name": "Rex Street", "highway": "residential", "slope_pct": 0.6 }, "geometry": { "type": "LineString", "coordinates": [ [ 80.2689197, 13.0789506 ], [ 80.2683446, 13.0789356 ], [ 80.268027, 13.0789065 ], [ 80.2679715, 13.0788947 ], [ 80.2678886, 13.0788623 ], [ 80.2678555, 13.0788501 ], [ 80.2678224, 13.0788378 ], [ 80.2678188, 13.0788368 ], [ 80.2677754, 13.0788249 ], [ 80.2677384, 13.0788177 ], [ 80.2677059, 13.0788114 ], [ 80.2676324, 13.0788082 ], [ 80.2674246, 13.078803 ] ] } },
{ "type": "Feature", "properties": { "name": "EVR Periyar Salai", "highway": "primary", "slope_pct": 0.6 }, "geometry": { "type": "LineString", "coordinates": [ [ 80.2651321, 13.0806787 ], [ 80.2647889, 13.0806112 ], [ 80.2640251, 13.0804511 ], [ 80.2631263, 13.0802557 ], [ 80.2628257, 13.0801904 ], [ 80.2625948, 13.0801458 ], [ 80.2619596, 13.080023 ], [ 80.2617976, 13.0799775 ], [ 80.2614318, 13.0798271 ], [ 80.2611103, 13.079695 ], [ 80.2609446, 13.0796331 ], [ 80.2603264, 13.0795058 ], [ 80.259556, 13.0794123 ], [ 80.2587891, 13.0793192 ], [ 80.2584228, 13.0792811 ], [ 80.2569891, 13.0791344 ] ] } },
{ "type": "Feature", "properties": { "name": "EVR Periyar Salai", "highway": "primary", "slope_pct": 0.6 }, "geometry": { "type": "LineString", "coordinates": [ [ 80.2651669, 13.0807843 ], [ 80.2653945, 13.0808037 ], [ 80.266937, 13.0807792 ], [ 80.2674773, 13.0807658 ], [ 80.268009, 13.0807703 ], [ 80.2685741, 13.0807851 ], [ 80.2688925, 13.0807902 ], [ 80.2694057, 13.0808021 ], [ 80.2701705, 13.0808265 ], [ 80.2703261, 13.0808312 ], [ 80.2704752, 13.0808409 ], [ 80.2706265, 13.0808548 ], [ 80.2706719, 13.0808618 ], [ 80.2707265, 13.0808734 ], [ 80.2707552, 13.0808815 ], [ 80.2707888, 13.080893 ], [ 80.270857, 13.0809267 ], [ 80.2709194, 13.0809633 ] ] } },
{ "type": "Feature", "properties": { "name": "Gandhi Irwin Bridge Road", "highway": "secondary", "slope_pct": 0.6 }, "geometry": { "type": "LineString", "coordinates": [ [ 80.265316, 13.0764992 ], [ 80.2653319, 13.0765324 ], [ 80.2653472, 13.0765751 ], [ 80.2653519, 13.0765884 ], [ 80.2653645, 13.0766264 ], [ 80.2653772, 13.0766643 ], [ 80.265405, 13.0767569 ], [ 80.2654262, 13.0768396 ], [ 80.2654572, 13.0769761 ], [ 80.2654957, 13.0771458 ], [ 80.2655042, 13.0772028 ], [ 80.2655068, 13.0772324 ], [ 80.26551, 13.0772694 ], [ 80.2655101, 13.0773401 ], [ 80.2655007, 13.0774961 ], [ 80.2654911, 13.0775952 ], [ 80.2654408, 13.0779958 ], [ 80.265384, 13.0785007 ], [ 80.26537, 13.0786041 ], [ 80.2653625, 13.0786602 ], [ 80.2653379, 13.0788431 ] ] } },
{ "type": "Feature", "properties": { "name": "Gandhi Irwin Bridge Road", "highway": "secondary", "slope_pct": 0.6 }, "geometry": { "type": "LineString", "coordinates": [ [ 80.26543, 13.0788816 ], [ 80.2654411, 13.0787994 ], [ 80.2654446, 13.078773 ], [ 80.2654558, 13.0786823 ], [ 80.2654562, 13.0786782 ], [ 80.2654625, 13.0786209 ], [ 80.2654824, 13.0784801 ], [ 80.2655348, 13.078013 ], [ 80.2655557, 13.0778074 ], [ 80.2655771, 13.0775748 ], [ 80.265584, 13.0774435 ], [ 80.2655861, 13.0773001 ], [ 80.2655814, 13.0771897 ], [ 80.2655693, 13.0771067 ], [ 80.2655513, 13.0770198 ], [ 80.2655392, 13.0769551 ], [ 80.2655193, 13.0768537 ], [ 80.2654828, 13.0766829 ], [ 80.2654657, 13.0766055 ], [ 80.2654555, 13.0765553 ], [ 80.265446, 13.0765056 ], [ 80.265442, 13.0764626 ] ] } },
{ "type": "Feature", "properties": { "name": "Whannels Road", "highway": "secondary", "slope_pct": 0.6 }, "geometry": { "type": "LineString", "coordinates": [ [ 80.263408, 13.0781239 ], [ 80.2634404, 13.0780995 ], [ 80.2634758, 13.07807 ], [ 80.2635387, 13.0780047 ], [ 80.2635694, 13.0779676 ], [ 80.2636185, 13.0779083 ], [ 80.2637997, 13.0776744 ], [ 80.2639786, 13.0774342 ], [ 80.2640041, 13.0773984 ], [ 80.2640394, 13.0773437 ], [ 80.2640566, 13.0773087 ], [ 80.2640698, 13.0772762 ], [ 80.2640753, 13.0772595 ], [ 80.2640817, 13.0772398 ], [ 80.2640918, 13.0771923 ], [ 80.2641313, 13.0769553 ], [ 80.2641819, 13.0767058 ], [ 80.2642127, 13.076506 ] ] } },
{ "type": "Feature", "properties": { "name": "Whannels Road", "highway": "secondary", "slope_pct": 0.6 }, "geometry": { "type": "LineString", "coordinates": [ [ 80.2642474, 13.0757868 ], [ 80.2642256, 13.0759149 ], [ 80.2642223, 13.0759419 ], [ 80.2642176, 13.0759796 ], [ 80.2642015, 13.0760968 ], [ 80.2641827, 13.0762458 ], [ 80.2641688, 13.0763698 ], [ 80.2641626, 13.0764805 ], [ 80.2641499, 13.0765971 ], [ 80.2641349, 13.0767093 ], [ 80.2641279, 13.0767614 ], [ 80.2641091, 13.0769164 ], [ 80.2641033, 13.0769511 ], [ 80.2640833, 13.0770724 ], [ 80.264069, 13.0771812 ], [ 80.2640463, 13.0772697 ], [ 80.2640112, 13.0773542 ], [ 80.2639808, 13.077398 ], [ 80.2639219, 13.077472 ], [ 80.2638048, 13.0776243 ], [ 80.2636935, 13.0777593 ], [ 80.2635703, 13.0779191 ], [ 80.2634597, 13.0780444 ], [ 80.2633896, 13.078111 ] ] } },
{ "type": "Feature", "properties": { "name": "West Cooum River Road", "highway": "tertiary", "slope_pct": 0.6 }, "geometry": { "type": "LineString", "coordinates": [ [ 80.2665597, 13.0769946 ], [ 80.2666967, 13.0774536 ], [ 80.2668581, 13.0778588 ], [ 80.2670286, 13.0781722 ], [ 80.2670779, 13.0782594 ], [ 80.2672417, 13.0785749 ], [ 80.2673319, 13.0787012 ] ] } },
{ "type": "Feature", "properties": { "name": "Naval Hospital Road", "highway": "tertiary", "slope_pct": 0.6 }, "geometry": { "type": "LineString", "coordinates": [ [ 80.2667777, 13.0837568 ], [ 80.2667784, 13.0838966 ], [ 80.2667672, 13.084047 ], [ 80.2667802, 13.0841869 ], [ 80.2667872, 13.0842516 ], [ 80.2667786, 13.0852164 ], [ 80.2667764, 13.0852766 ] ] } },
{ "type": "Feature", "properties": { "name": "Naval Hospital Road", "highway": "tertiary", "slope_pct": 0.6 }, "geometry": { "type": "LineString", "coordinates": [ [ 80.266937, 13.0807792 ], [ 80.2669242, 13.0811162 ], [ 80.2668745, 13.0822961 ], [ 80.2668734, 13.082636 ], [ 80.2668562, 13.0829073 ], [ 80.266831, 13.0831014 ], [ 80.2668072, 13.0832918 ], [ 80.2667873, 13.0834632 ], [ 80.2667869, 13.0835021 ], [ 80.2667857, 13.0836203 ], [ 80.2667777, 13.0837568 ] ] } },
{ "type": "Feature", "properties": { "name": "Mattukara Veerabadran Street", "highway": "residential", "slope_pct": 0.6 }, "geometry": { "type": "LineString", "coordinates": [ [ 80.2668734, 13.082636 ], [ 80.2674289, 13.0825827 ], [ 80.2679481, 13.0825283 ], [ 80.2682156, 13.0824865 ], [ 80.2684848, 13.0824714 ] ] } },
{ "type": "Feature", "properties": { "name": "Cudappah Rangarachetti Street", "highway": "residential", "slope_pct": 0.6 }, "geometry": { "type": "LineString", "coordinates": [ [ 80.2679481, 13.0825283 ], [ 80.2679991, 13.0810561 ], [ 80.268009, 13.0807703 ] ] } },
{ "type": "Feature", "properties": { "name": "Arterial Link", "highway": "secondary", "slope_pct": 0.6 }, "geometry": { "type": "LineString", "coordinates": [ [ 80.2651477, 13.0803737 ], [ 80.2650548, 13.0804845 ], [ 80.2649484, 13.0805548 ], [ 80.2647889, 13.0806112 ] ] } },
{ "type": "Feature", "properties": { "name": "Naval Hospital 2nd Street", "highway": "residential", "slope_pct": 0.6 }, "geometry": { "type": "LineString", "coordinates": [ [ 80.2677496, 13.0837517 ], [ 80.2677576, 13.0836417 ], [ 80.2677709, 13.0834902 ], [ 80.2677903, 13.0832927 ], [ 80.2678253, 13.0829346 ], [ 80.2674259, 13.0829199 ] ] } },
{ "type": "Feature", "properties": { "name": "Naval Hospital 4th Street", "highway": "residential", "slope_pct": 0.6 }, "geometry": { "type": "LineString", "coordinates": [ [ 80.2677709, 13.0834902 ], [ 80.2667873, 13.0834632 ] ] } },
{ "type": "Feature", "properties": { "name": "Arterial Link", "highway": "residential", "slope_pct": 0.6 }, "geometry": { "type": "LineString", "coordinates": [ [ 80.2660832, 13.0840657 ], [ 80.2651378, 13.0841673 ] ] } },
{ "type": "Feature", "properties": { "name": "Arterial Link", "highway": "residential", "slope_pct": 0.6 }, "geometry": { "type": "LineString", "coordinates": [ [ 80.2660678, 13.0837708 ], [ 80.2656779, 13.0838417 ], [ 80.2650407, 13.0839329 ] ] } },
{ "type": "Feature", "properties": { "name": "Naval Hospital 5th Street", "highway": "residential", "slope_pct": 0.6 }, "geometry": { "type": "LineString", "coordinates": [ [ 80.2677903, 13.0832927 ], [ 80.267429, 13.0832825 ], [ 80.2668072, 13.0832918 ] ] } },
{ "type": "Feature", "properties": { "name": "Naval Hospital 3rd Street", "highway": "residential", "slope_pct": 0.6 }, "geometry": { "type": "LineString", "coordinates": [ [ 80.2677576, 13.0836417 ], [ 80.2667857, 13.0836203 ] ] } },
{ "type": "Feature", "properties": { "name": "Naval Hospital 2nd Street", "highway": "residential", "slope_pct": 0.6 }, "geometry": { "type": "LineString", "coordinates": [ [ 80.2667777, 13.0837568 ], [ 80.2677496, 13.0837517 ] ] } },
{ "type": "Feature", "properties": { "name": "Gandhi Irwin Bridge", "highway": "secondary", "slope_pct": 0.6 }, "geometry": { "type": "LineString", "coordinates": [ [ 80.2653379, 13.0788431 ], [ 80.2652929, 13.0791086 ] ] } },
{ "type": "Feature", "properties": { "name": "Gandhi Irwin Bridge", "highway": "secondary", "slope_pct": 0.6 }, "geometry": { "type": "LineString", "coordinates": [ [ 80.2653874, 13.0791483 ], [ 80.26543, 13.0788816 ] ] } },
{ "type": "Feature", "properties": { "name": "Langs Garden Road", "highway": "secondary", "slope_pct": 0.6 }, "geometry": { "type": "LineString", "coordinates": [ [ 80.2651669, 13.0807843 ], [ 80.2652332, 13.0806923 ] ] } },
{ "type": "Feature", "properties": { "name": "Langs Garden Park", "highway": "secondary", "slope_pct": 0.6 }, "geometry": { "type": "LineString", "coordinates": [ [ 80.2652929, 13.0791086 ], [ 80.2651477, 13.0803737 ], [ 80.2651321, 13.0806787 ] ] } },
{ "type": "Feature", "properties": { "name": "Arterial Link", "highway": "residential", "slope_pct": 0.6 }, "geometry": { "type": "LineString", "coordinates": [ [ 80.2677384, 13.0788177 ], [ 80.2677573, 13.0785973 ], [ 80.2677343, 13.0781309 ] ] } },
{ "type": "Feature", "properties": { "name": "Stringers Road", "highway": "residential", "slope_pct": 0.6 }, "geometry": { "type": "LineString", "coordinates": [ [ 80.2660164, 13.0828916 ], [ 80.2656336, 13.0828801 ], [ 80.2655455, 13.0828775 ], [ 80.265498, 13.0828785 ], [ 80.2652825, 13.0828833 ], [ 80.2636743, 13.082925 ] ] } },
{ "type": "Feature", "properties": { "name": "Naval Hospital 1st Street", "highway": "residential", "slope_pct": 0.6 }, "geometry": { "type": "LineString", "coordinates": [ [ 80.2667802, 13.0841869 ], [ 80.2677185, 13.0840604 ] ] } },
{ "type": "Feature", "properties": { "name": "Arterial Link", "highway": "residential", "slope_pct": 0.6 }, "geometry": { "type": "LineString", "coordinates": [ [ 80.2656336, 13.0828801 ], [ 80.2656779, 13.0838417 ] ] } },
{ "type": "Feature", "properties": { "name": "Langs Garden Park", "highway": "secondary", "slope_pct": 0.6 }, "geometry": { "type": "LineString", "coordinates": [ [ 80.2651321, 13.0806787 ], [ 80.2651669, 13.0807843 ] ] } },
{ "type": "Feature", "properties": { "name": "EVR Periyar Salai", "highway": "primary", "slope_pct": 0.6 }, "geometry": { "type": "LineString", "coordinates": [ [ 80.2652332, 13.0806923 ], [ 80.2651321, 13.0806787 ] ] } },
{ "type": "Feature", "properties": { "name": "Langs Garden Road", "highway": "secondary", "slope_pct": 0.6 }, "geometry": { "type": "LineString", "coordinates": [ [ 80.2652332, 13.0806923 ], [ 80.2652507, 13.0806112 ], [ 80.2653874, 13.0791483 ] ] } },
{ "type": "Feature", "properties": { "name": "Gandhi Irwin Road", "highway": "secondary", "slope_pct": 0.6 }, "geometry": { "type": "LineString", "coordinates": [ [ 80.2633478, 13.0782767 ], [ 80.2634483, 13.0782891 ], [ 80.2635378, 13.0783005 ], [ 80.2636453, 13.0783171 ], [ 80.2637996, 13.0783409 ], [ 80.2640501, 13.0783827 ], [ 80.2651924, 13.0786242 ], [ 80.2653625, 13.0786602 ], [ 80.2654562, 13.0786782 ] ] } },
{ "type": "Feature", "properties": { "name": "Gandhi Irwin Road", "highway": "secondary", "slope_pct": 0.6 }, "geometry": { "type": "LineString", "coordinates": [ [ 80.2654625, 13.0786209 ], [ 80.26537, 13.0786041 ], [ 80.2647635, 13.0784831 ], [ 80.2640517, 13.078341 ], [ 80.2637981, 13.0782926 ], [ 80.2636627, 13.0782691 ], [ 80.2635688, 13.0782456 ], [ 80.2635031, 13.0782221 ], [ 80.2634602, 13.0781986 ], [ 80.2634339, 13.0781766 ] ] } },
{ "type": "Feature", "properties": { "name": "Arterial Link", "highway": "residential", "slope_pct": 0.6 }, "geometry": { "type": "LineString", "coordinates": [ [ 80.265498, 13.0828785 ], [ 80.2655542, 13.0836713 ] ] } },
{ "type": "Feature", "properties": { "name": "Arterial Link", "highway": "residential", "slope_pct": 0.6 }, "geometry": { "type": "LineString", "coordinates": [ [ 80.2678168, 13.0839119 ], [ 80.2681792, 13.083908 ] ] } },
{ "type": "Feature", "properties": { "name": "Naval Hospital 10th Street", "highway": "residential", "slope_pct": 0.6 }, "geometry": { "type": "LineString", "coordinates": [ [ 80.2662733, 13.0837678 ], [ 80.2667777, 13.0837568 ] ] } },
{ "type": "Feature", "properties": { "name": "Tiruvengeda Mudali Street", "highway": "residential", "slope_pct": 0.6 }, "geometry": { "type": "LineString", "coordinates": [ [ 80.267429, 13.0832825 ], [ 80.2674259, 13.0829199 ], [ 80.2674289, 13.0825827 ] ] } },
{ "type": "Feature", "properties": { "name": "EVR Periyar Salai", "highway": "primary", "slope_pct": 0.6 }, "geometry": { "type": "LineString", "coordinates": [ [ 80.2653199, 13.0807016 ], [ 80.2652332, 13.0806923 ] ] } },
{ "type": "Feature", "properties": { "name": "Sami Pillai Street", "highway": "residential", "slope_pct": 0.6 }, "geometry": { "type": "LineString", "coordinates": [ [ 80.268004, 13.0872735 ], [ 80.2679837, 13.0877602 ], [ 80.267964, 13.0882356 ], [ 80.2679503, 13.088565 ], [ 80.267937, 13.0888838 ], [ 80.2679353, 13.0889252 ], [ 80.2679345, 13.0889437 ], [ 80.2679343, 13.0890604 ], [ 80.2679048, 13.0897861 ], [ 80.2678947, 13.0905272 ] ] } },
{ "type": "Feature", "properties": { "name": "Arterial Link", "highway": "residential", "slope_pct": 0.6 }, "geometry": { "type": "LineString", "coordinates": [ [ 80.2681945, 13.0843339 ], [ 80.2676858, 13.084348 ], [ 80.2676014, 13.0843486 ], [ 80.2675865, 13.0843542 ], [ 80.2675819, 13.0843627 ], [ 80.2675959, 13.0845731 ] ] } },
{ "type": "Feature", "properties": { "name": "Arterial Link", "highway": "residential", "slope_pct": 0.6 }, "geometry": { "type": "LineString", "coordinates": [ [ 80.2660837, 13.0843191 ], [ 80.2651516, 13.0844824 ] ] } },
{ "type": "Feature", "properties": { "name": "Kandappa Mudali Street", "highway": "residential", "slope_pct": 0.6 }, "geometry": { "type": "LineString", "coordinates": [ [ 80.2670321, 13.0904589 ], [ 80.2670691, 13.0897407 ], [ 80.2670402, 13.0888985 ], [ 80.2670255, 13.0885694 ], [ 80.2670293, 13.0883695 ], [ 80.2670231, 13.0882275 ], [ 80.2669992, 13.0878165 ] ] } },
{ "type": "Feature", "properties": { "name": "Kandappa Mudali Street", "highway": "residential", "slope_pct": 0.6 }, "geometry": { "type": "LineString", "coordinates": [ [ 80.2659216, 13.087856 ], [ 80.2664687, 13.0878442 ], [ 80.2668499, 13.0878276 ], [ 80.2669992, 13.0878165 ], [ 80.2675127, 13.0878004 ] ] } },
{ "type": "Feature", "properties": { "name": "Nellu Challadai Street", "highway": "residential", "slope_pct": 0.6 }, "geometry": { "type": "LineString", "coordinates": [ [ 80.2668499, 13.0878276 ], [ 80.2668222, 13.0873421 ] ] } },
{ "type": "Feature", "properties": { "name": "Vathiar Kandan Street", "highway": "residential", "slope_pct": 0.6 }, "geometry": { "type": "LineString", "coordinates": [ [ 80.2649928, 13.0897833 ], [ 80.2659042, 13.0896796 ], [ 80.2665108, 13.0897045 ], [ 80.2670691, 13.0897407 ], [ 80.2679048, 13.0897861 ] ] } },
{ "type": "Feature", "properties": { "name": "Arani Muthu Street", "highway": "residential", "slope_pct": 0.6 }, "geometry": { "type": "LineString", "coordinates": [ [ 80.2665108, 13.0897045 ], [ 80.2665125, 13.0888942 ], [ 80.2665033, 13.0883615 ], [ 80.2670293, 13.0883695 ] ] } },
{ "type": "Feature", "properties": { "name": "Salai Street", "highway": "residential", "slope_pct": 0.6 }, "geometry": { "type": "LineString", "coordinates": [ [ 80.2658782, 13.0867712 ], [ 80.265548, 13.0867912 ], [ 80.2651431, 13.0867965 ], [ 80.2651253, 13.0867912 ], [ 80.2651191, 13.086774 ], [ 80.2651037, 13.0855168 ] ] } },
{ "type": "Feature", "properties": { "name": "Naramban Street", "highway": "residential", "slope_pct": 0.6 }, "geometry": { "type": "LineString", "coordinates": [ [ 80.265548, 13.0867912 ], [ 80.26551, 13.0864101 ] ] } },
{ "type": "Feature", "properties": { "name": "Aryan Lane", "highway": "residential", "slope_pct": 0.6 }, "geometry": { "type": "LineString", "coordinates": [ [ 80.2643375, 13.0855212 ], [ 80.26435, 13.0855853 ], [ 80.2645624, 13.0864361 ], [ 80.2648644, 13.0864372 ] ] } },
{ "type": "Feature", "properties": { "name": "General Collins Road", "highway": "tertiary", "slope_pct": 0.6 }, "geometry": { "type": "LineString", "coordinates": [ [ 80.2633917, 13.0884061 ], [ 80.2638375, 13.0883068 ], [ 80.2640527, 13.0882789 ], [ 80.2646078, 13.088283 ], [ 80.2648883, 13.0882709 ], [ 80.2650022, 13.0881709 ], [ 80.2650281, 13.0878663 ], [ 80.2651184, 13.0877619 ], [ 80.2657192, 13.0876946 ], [ 80.2659222, 13.0875999 ] ] } },
{ "type": "Feature", "properties": { "name": "Arterial Link", "highway": "residential", "slope_pct": 0.6 }, "geometry": { "type": "LineString", "coordinates": [ [ 80.2677151, 13.0849625 ], [ 80.2676987, 13.0848854 ], [ 80.2676728, 13.0847639 ] ] } },
{ "type": "Feature", "properties": { "name": "Arterial Link", "highway": "residential", "slope_pct": 0.6 }, "geometry": { "type": "LineString", "coordinates": [ [ 80.2683306, 13.0849604 ], [ 80.268332, 13.0852837 ] ] } },
{ "type": "Feature", "properties": { "name": "Arterial Link", "highway": "residential", "slope_pct": 0.6 }, "geometry": { "type": "LineString", "coordinates": [ [ 80.2661477, 13.0853063 ], [ 80.2661552, 13.0853712 ] ] } },
{ "type": "Feature", "properties": { "name": "Avadhanam Papier Road", "highway": "tertiary", "slope_pct": 0.6 }, "geometry": { "type": "LineString", "coordinates": [ [ 80.2606331, 13.0904816 ], [ 80.2610864, 13.0904438 ], [ 80.2617669, 13.0904015 ], [ 80.263157, 13.0902831 ], [ 80.2634826, 13.0902351 ], [ 80.2635055, 13.0902317 ], [ 80.2637905, 13.0901976 ], [ 80.2640681, 13.0901735 ], [ 80.264774, 13.0901524 ], [ 80.2650641, 13.0901429 ], [ 80.2652815, 13.090179 ] ] } },
{ "type": "Feature", "properties": { "name": "Baker Street", "highway": "tertiary", "slope_pct": 0.6 }, "geometry": { "type": "LineString", "coordinates": [ [ 80.2700194, 13.087023 ], [ 80.2696861, 13.0870681 ], [ 80.2695869, 13.0870807 ], [ 80.2692267, 13.0871265 ], [ 80.2684569, 13.0872244 ], [ 80.268004, 13.0872735 ], [ 80.2668222, 13.0873421 ], [ 80.2659203, 13.0873996 ] ] } },
{ "type": "Feature", "properties": { "name": "V V koil Street 2", "highway": "tertiary", "slope_pct": 0.6 }, "geometry": { "type": "LineString", "coordinates": [ [ 80.2662528, 13.0903822 ], [ 80.2662388, 13.0906164 ], [ 80.2661927, 13.0907618 ], [ 80.2661353, 13.0908457 ], [ 80.2660403, 13.0910043 ], [ 80.2659637, 13.0910586 ], [ 80.2658337, 13.0911306 ], [ 80.265676, 13.0911865 ], [ 80.2654871, 13.0912395 ], [ 80.2654512, 13.0912464 ], [ 80.2652757, 13.0912803 ], [ 80.2651843, 13.0913095 ], [ 80.2651574, 13.0913254 ], [ 80.2650442, 13.0913925 ], [ 80.2646552, 13.0915995 ], [ 80.2643129, 13.0918568 ], [ 80.2640389, 13.0919737 ], [ 80.2640168, 13.0919807 ], [ 80.2640088, 13.0919832 ], [ 80.2634418, 13.0921745 ] ] } },
{ "type": "Feature", "properties": { "name": "Kalathiyappan Street", "highway": "residential", "slope_pct": 0.6 }, "geometry": { "type": "LineString", "coordinates": [ [ 80.2590295, 13.0897175 ], [ 80.2600238, 13.0897469 ], [ 80.2603032, 13.0897304 ], [ 80.2604644, 13.0897326 ], [ 80.2610924, 13.0897032 ], [ 80.2614204, 13.0896948 ], [ 80.2615328, 13.0896945 ], [ 80.2618445, 13.0896724 ], [ 80.263131, 13.0895812 ], [ 80.2645435, 13.0894025 ] ] } },
{ "type": "Feature", "properties": { "name": "Basin Bridge Road", "highway": "secondary", "slope_pct": 0.6 }, "geometry": { "type": "LineString", "coordinates": [ [ 80.2684607, 13.0940109 ], [ 80.2685182, 13.0939095 ], [ 80.2686019, 13.0937566 ], [ 80.2691634, 13.0926972 ], [ 80.2692767, 13.0925212 ], [ 80.2694777, 13.092343 ], [ 80.2695173, 13.0922579 ] ] } },
{ "type": "Feature", "properties": { "name": "Narayana Guru Salai", "highway": "secondary", "slope_pct": 0.6 }, "geometry": { "type": "LineString", "coordinates": [ [ 80.2635124, 13.088607 ], [ 80.2640211, 13.0889995 ], [ 80.2645435, 13.0894025 ], [ 80.2649928, 13.0897833 ], [ 80.2652815, 13.090179 ], [ 80.2658841, 13.0903157 ], [ 80.2662528, 13.0903822 ], [ 80.2664715, 13.0904071 ], [ 80.26694, 13.0904605 ], [ 80.2670321, 13.0904589 ], [ 80.2678947, 13.0905272 ], [ 80.2685546, 13.0905844 ], [ 80.2687029, 13.0905868 ], [ 80.2688987, 13.0906087 ], [ 80.2693225, 13.0906681 ], [ 80.2693822, 13.0906645 ] ] } },
{ "type": "Feature", "properties": { "name": "Kuruvam Kulam Street", "highway": "residential", "slope_pct": 0.6 }, "geometry": { "type": "LineString", "coordinates": [ [ 80.2641259, 13.0907894 ], [ 80.264105, 13.090807 ], [ 80.2640882, 13.0908148 ], [ 80.2640674, 13.090821 ], [ 80.2640058, 13.090831 ], [ 80.2638678, 13.0908355 ], [ 80.2637348, 13.09084 ], [ 80.2635644, 13.0908501 ], [ 80.2632648, 13.0908943 ] ] } },
{ "type": "Feature", "properties": { "name": "Arterial Link", "highway": "residential", "slope_pct": 0.6 }, "geometry": { "type": "LineString", "coordinates": [ [ 80.26694, 13.0904605 ], [ 80.2669631, 13.0908592 ], [ 80.2669689, 13.0909587 ] ] } },
{ "type": "Feature", "properties": { "name": "Choolai Bazar Ln", "highway": "residential", "slope_pct": 0.6 }, "geometry": { "type": "LineString", "coordinates": [ [ 80.2678809, 13.0908074 ], [ 80.2678984, 13.0912195 ], [ 80.2679149, 13.091487 ], [ 80.2679184, 13.0915437 ] ] } },
{ "type": "Feature", "properties": { "name": "Maddox Street", "highway": "tertiary", "slope_pct": 0.6 }, "geometry": { "type": "LineString", "coordinates": [ [ 80.2656912, 13.085367 ], [ 80.2657013, 13.0854396 ], [ 80.2658676, 13.0866344 ], [ 80.2658782, 13.0867712 ], [ 80.2659203, 13.0873996 ], [ 80.2659222, 13.0875999 ], [ 80.2659216, 13.087856 ], [ 80.2659042, 13.0896796 ], [ 80.2658841, 13.0903157 ], [ 80.2661353, 13.0908457 ] ] } },
{ "type": "Feature", "properties": { "name": "Elephant Gate Bridge Road", "highway": "secondary", "slope_pct": 0.6 }, "geometry": { "type": "LineString", "coordinates": [ [ 80.2694012, 13.0907884 ], [ 80.2693901, 13.0908414 ], [ 80.2693508, 13.0910284 ], [ 80.2693809, 13.0914587 ], [ 80.2694244, 13.0920822 ], [ 80.2694304, 13.0921308 ], [ 80.2694406, 13.0922129 ], [ 80.26944, 13.0922347 ], [ 80.2694286, 13.0922648 ], [ 80.2693948, 13.0922994 ], [ 80.2693565, 13.0923344 ], [ 80.2693373, 13.092352 ], [ 80.2692899, 13.0924046 ], [ 80.2692147, 13.0924915 ], [ 80.2691005, 13.0926715 ], [ 80.2689956, 13.092873 ], [ 80.2688551, 13.0931405 ], [ 80.2687489, 13.0933442 ], [ 80.2686741, 13.0934878 ], [ 80.2685393, 13.0937455 ], [ 80.2684423, 13.0939138 ], [ 80.2683862, 13.0939892 ] ] } },
{ "type": "Feature", "properties": { "name": "Vepery High Road", "highway": "secondary", "slope_pct": 0.6 }, "geometry": { "type": "LineString", "coordinates": [ [ 80.2625542, 13.0856393 ], [ 80.2629115, 13.0856573 ], [ 80.2641669, 13.0856008 ], [ 80.26435, 13.0855853 ], [ 80.2651037, 13.0855168 ], [ 80.2657013, 13.0854396 ], [ 80.2661552, 13.0853712 ], [ 80.2662199, 13.0853615 ], [ 80.2666046, 13.0853036 ], [ 80.2667764, 13.0852766 ], [ 80.2670705, 13.0852018 ], [ 80.2677752, 13.0850063 ], [ 80.2680001, 13.0849773 ], [ 80.268225, 13.0849628 ], [ 80.2683306, 13.0849604 ], [ 80.268507, 13.0849563 ], [ 80.2685296, 13.0849554 ], [ 80.2687002, 13.084949 ], [ 80.2692176, 13.0848467 ], [ 80.2695028, 13.0847626 ], [ 80.2703217, 13.08439 ], [ 80.2704317, 13.0843346 ] ] } },
{ "type": "Feature", "properties": { "name": "Arterial Link", "highway": "residential", "slope_pct": 0.6 }, "geometry": { "type": "LineString", "coordinates": [ [ 80.2684884, 13.0885753 ], [ 80.2688308, 13.0885114 ], [ 80.2689624, 13.0884869 ], [ 80.2691187, 13.0884577 ], [ 80.2691979, 13.088458 ], [ 80.2697817, 13.0884598 ], [ 80.2698708, 13.0884649 ] ] } },
{ "type": "Feature", "properties": { "name": "Vepery High Road", "highway": "secondary", "slope_pct": 0.6 }, "geometry": { "type": "LineString", "coordinates": [ [ 80.2704402, 13.0842894 ], [ 80.2703205, 13.0843426 ], [ 80.2698131, 13.0845526 ], [ 80.2694813, 13.084703 ], [ 80.2693292, 13.0847484 ], [ 80.2691744, 13.084786 ], [ 80.268682, 13.0848896 ], [ 80.2685011, 13.0849105 ], [ 80.2682226, 13.0849183 ], [ 80.2679138, 13.0849239 ], [ 80.2677619, 13.0849502 ], [ 80.2677151, 13.0849625 ], [ 80.2675572, 13.0850039 ], [ 80.2667786, 13.0852164 ], [ 80.2666803, 13.0852304 ], [ 80.2665941, 13.0852436 ], [ 80.2662994, 13.0852847 ], [ 80.2661477, 13.0853063 ], [ 80.2656912, 13.085367 ], [ 80.2650998, 13.0854346 ], [ 80.2646723, 13.0854832 ], [ 80.2643375, 13.0855212 ], [ 80.2641849, 13.0855338 ], [ 80.2629079, 13.0855773 ] ] } },
{ "type": "Feature", "properties": { "name": "Arterial Link", "highway": "residential", "slope_pct": 0.6 }, "geometry": { "type": "LineString", "coordinates": [ [ 80.2679353, 13.0889252 ], [ 80.2687575, 13.0889883 ], [ 80.2687786, 13.0889897 ], [ 80.2688772, 13.088988 ], [ 80.2688903, 13.0889829 ], [ 80.2688964, 13.0889744 ], [ 80.2688308, 13.0885114 ] ] } },
{ "type": "Feature", "properties": { "name": "Kuruvam Kalan Lane", "highway": "residential", "slope_pct": 0.6 }, "geometry": { "type": "LineString", "coordinates": [ [ 80.2640681, 13.0901735 ], [ 80.2641259, 13.0907894 ], [ 80.264162, 13.0910572 ] ] } },
{ "type": "Feature", "properties": { "name": "Thottikarai Kumarappa Mudali Street", "highway": "residential", "slope_pct": 0.6 }, "geometry": { "type": "LineString", "coordinates": [ [ 80.2658337, 13.0911306 ], [ 80.265961, 13.0917853 ], [ 80.2661043, 13.092955 ], [ 80.2662015, 13.0940007 ], [ 80.266381, 13.0950366 ] ] } },
{ "type": "Feature", "properties": { "name": "Periyathambi Mudali Street", "highway": "residential", "slope_pct": 0.6 }, "geometry": { "type": "LineString", "coordinates": [ [ 80.2667605, 13.09394 ], [ 80.266619, 13.0929032 ], [ 80.266576, 13.0924167 ], [ 80.2665204, 13.0917876 ], [ 80.2665146, 13.0917218 ] ] } },
{ "type": "Feature", "properties": { "name": "Anandakrishna Iyer Street", "highway": "residential", "slope_pct": 0.6 }, "geometry": { "type": "LineString", "coordinates": [ [ 80.2665146, 13.0917218 ], [ 80.265961, 13.0917853 ], [ 80.2655687, 13.0918181 ] ] } },
{ "type": "Feature", "properties": { "name": "Alathur Subramanya Achari Street", "highway": "residential", "slope_pct": 0.6 }, "geometry": { "type": "LineString", "coordinates": [ [ 80.2652892, 13.0941196 ], [ 80.265216, 13.0930931 ], [ 80.2651812, 13.0924835 ], [ 80.2651649, 13.0922859 ] ] } },
{ "type": "Feature", "properties": { "name": "Arterial Link", "highway": "residential", "slope_pct": 0.6 }, "geometry": { "type": "LineString", "coordinates": [ [ 80.2647432, 13.0923215 ], [ 80.2651649, 13.0922859 ], [ 80.2652637, 13.092053 ], [ 80.2652487, 13.0919423 ] ] } },
{ "type": "Feature", "properties": { "name": "Arterial Link", "highway": "residential", "slope_pct": 0.6 }, "geometry": { "type": "LineString", "coordinates": [ [ 80.2660403, 13.0910043 ], [ 80.2662583, 13.0909992 ], [ 80.2666048, 13.0909795 ], [ 80.2667336, 13.0909721 ], [ 80.2669689, 13.0909587 ] ] } },
{ "type": "Feature", "properties": { "name": "Andiyappa Mudali Street", "highway": "residential", "slope_pct": 0.6 }, "geometry": { "type": "LineString", "coordinates": [ [ 80.2657595, 13.0940684 ], [ 80.2656909, 13.0929989 ], [ 80.2656331, 13.0924221 ], [ 80.2655687, 13.0918181 ], [ 80.2654871, 13.0912395 ] ] } },
{ "type": "Feature", "properties": { "name": "Arterial Link", "highway": "residential", "slope_pct": 0.6 }, "geometry": { "type": "LineString", "coordinates": [ [ 80.2644625, 13.0927129 ], [ 80.2644061, 13.0922589 ], [ 80.2643484, 13.0919454 ], [ 80.2643129, 13.0918568 ] ] } },
{ "type": "Feature", "properties": { "name": "Arterial Link", "highway": "residential", "slope_pct": 0.6 }, "geometry": { "type": "LineString", "coordinates": [ [ 80.2642842, 13.0926798 ], [ 80.2642505, 13.0925651 ], [ 80.2642306, 13.0924907 ], [ 80.2642075, 13.0924047 ], [ 80.2641627, 13.0922718 ], [ 80.2641312, 13.0921972 ], [ 80.2640817, 13.0921505 ], [ 80.2640435, 13.0920582 ], [ 80.2640168, 13.0919807 ] ] } },
{ "type": "Feature", "properties": { "name": "Arimuthu Maistry Street", "highway": "residential", "slope_pct": 0.6 }, "geometry": { "type": "LineString", "coordinates": [ [ 80.2648824, 13.0946575 ], [ 80.2649036, 13.0946415 ], [ 80.264917, 13.094618 ], [ 80.2649114, 13.0945543 ], [ 80.2648738, 13.0941741 ], [ 80.2647914, 13.0931259 ], [ 80.2647432, 13.0923215 ], [ 80.2646552, 13.0915995 ] ] } },
{ "type": "Feature", "properties": { "name": "Laffond Street", "highway": "residential", "slope_pct": 0.6 }, "geometry": { "type": "LineString", "coordinates": [ [ 80.2724187, 13.0776982 ], [ 80.2723808, 13.0773412 ], [ 80.2723623, 13.0771932 ], [ 80.2723448, 13.0770125 ], [ 80.2721789, 13.0757817 ], [ 80.2721807, 13.0752767 ], [ 80.2721767, 13.0751494 ], [ 80.2721639, 13.0747475 ] ] } },
{ "type": "Feature", "properties": { "name": "Kalavai Street", "highway": "residential", "slope_pct": 0.6 }, "geometry": { "type": "LineString", "coordinates": [ [ 80.2701881, 13.0771032 ], [ 80.2696968, 13.0772124 ], [ 80.269677, 13.0772134 ], [ 80.2696595, 13.0772042 ], [ 80.2696399, 13.0771886 ] ] } },
{ "type": "Feature", "properties": { "name": "Kalavai Street", "highway": "residential", "slope_pct": 0.6 }, "geometry": { "type": "LineString", "coordinates": [ [ 80.2696399, 13.0771886 ], [ 80.2696031, 13.0770183 ], [ 80.2694706, 13.0765348 ], [ 80.2693448, 13.076095 ], [ 80.2693278, 13.0760349 ], [ 80.2691808, 13.0755097 ], [ 80.269017, 13.0749793 ], [ 80.2689215, 13.0745832 ], [ 80.2687015, 13.0737977 ], [ 80.2685818, 13.0733699 ] ] } },
{ "type": "Feature", "properties": { "name": "Pallavan Salai", "highway": "secondary", "slope_pct": 0.6 }, "geometry": { "type": "LineString", "coordinates": [ [ 80.276291, 13.0770794 ], [ 80.2763513, 13.0765785 ], [ 80.2763591, 13.0763679 ], [ 80.2763729, 13.0759926 ], [ 80.2764355, 13.0742962 ], [ 80.2764611, 13.0740312 ], [ 80.2764982, 13.0737818 ] ] } },
{ "type": "Feature", "properties": { "name": "Arterial Link", "highway": "primary_link", "slope_pct": 0.6 }, "geometry": { "type": "LineString", "coordinates": [ [ 80.2790161, 13.0762045 ], [ 80.2790657, 13.0761917 ], [ 80.2791153, 13.076171 ], [ 80.2791331, 13.0761327 ], [ 80.2791396, 13.0760921 ] ] } },
{ "type": "Feature", "properties": { "name": "Pallavan Salai", "highway": "secondary", "slope_pct": 0.6 }, "geometry": { "type": "LineString", "coordinates": [ [ 80.27636, 13.0739188 ], [ 80.2763563, 13.0739684 ], [ 80.2763374, 13.074222 ], [ 80.276308, 13.0751468 ], [ 80.2762695, 13.0759372 ], [ 80.2762663, 13.0759948 ], [ 80.2762422, 13.0765859 ], [ 80.2762219, 13.0769783 ], [ 80.2762158, 13.0770718 ], [ 80.276213, 13.077115 ] ] } },
{ "type": "Feature", "properties": { "name": "Pallavan Salai", "highway": "secondary", "slope_pct": 0.6 }, "geometry": { "type": "LineString", "coordinates": [ [ 80.2762588, 13.0772122 ], [ 80.276285, 13.0771329 ], [ 80.276291, 13.0770794 ] ] } },
{ "type": "Feature", "properties": { "name": "Pallavan Salai", "highway": "secondary", "slope_pct": 0.6 }, "geometry": { "type": "LineString", "coordinates": [ [ 80.276213, 13.077115 ], [ 80.2761802, 13.0772072 ] ] } },
{ "type": "Feature", "properties": { "name": "Arterial Link", "highway": "residential", "slope_pct": 0.6 }, "geometry": { "type": "LineString", "coordinates": [ [ 80.276291, 13.0770794 ], [ 80.2762158, 13.0770718 ] ] } },
{ "type": "Feature", "properties": { "name": "Arterial Link", "highway": "residential", "slope_pct": 0.6 }, "geometry": { "type": "LineString", "coordinates": [ [ 80.2766268, 13.0765813 ], [ 80.2767452, 13.076571 ], [ 80.2769842, 13.0768327 ] ] } },
{ "type": "Feature", "properties": { "name": "Arterial Link", "highway": "residential", "slope_pct": 0.6 }, "geometry": { "type": "LineString", "coordinates": [ [ 80.2768514, 13.0763361 ], [ 80.2769276, 13.0763957 ], [ 80.2769473, 13.0764486 ], [ 80.2769078, 13.0765494 ], [ 80.2770952, 13.0766646 ], [ 80.2772085, 13.0766022 ], [ 80.2774107, 13.0768111 ] ] } },
{ "type": "Feature", "properties": { "name": "Arterial Link", "highway": "residential", "slope_pct": 0.6 }, "geometry": { "type": "LineString", "coordinates": [ [ 80.2769078, 13.0765494 ], [ 80.2767452, 13.076571 ], [ 80.2767797, 13.076475 ], [ 80.276772, 13.0764195 ] ] } },
{ "type": "Feature", "properties": { "name": "Evening Bazaar Road", "highway": "secondary", "slope_pct": 0.6 }, "geometry": { "type": "LineString", "coordinates": [ [ 80.280899, 13.0858418 ], [ 80.2806905, 13.0857538 ], [ 80.2797627, 13.0854832 ], [ 80.2796126, 13.0853574 ], [ 80.2794797, 13.0851603 ], [ 80.279387, 13.0848948 ], [ 80.2793323, 13.0845727 ], [ 80.2792047, 13.083821 ], [ 80.2790026, 13.0833505 ] ] } },
{ "type": "Feature", "properties": { "name": "Evening Bazaar Road", "highway": "secondary", "slope_pct": 0.6 }, "geometry": { "type": "LineString", "coordinates": [ [ 80.2790854, 13.0837083 ], [ 80.279135, 13.0838211 ], [ 80.2792435, 13.0845852 ], [ 80.2792865, 13.0848877 ], [ 80.2793292, 13.0851333 ], [ 80.279458, 13.0853334 ], [ 80.2796086, 13.0855156 ], [ 80.2797889, 13.0855854 ], [ 80.2800612, 13.0856637 ], [ 80.2806535, 13.0857954 ], [ 80.2808012, 13.0858803 ] ] } },
{ "type": "Feature", "properties": { "name": "Swami Naicken Street", "highway": "residential", "slope_pct": 0.6 }, "geometry": { "type": "LineString", "coordinates": [ [ 80.271092, 13.0784807 ], [ 80.2710338, 13.0782235 ], [ 80.271003, 13.0780872 ], [ 80.2709239, 13.0776486 ], [ 80.2706594, 13.0767067 ], [ 80.2706235, 13.0765991 ], [ 80.2703688, 13.0758365 ], [ 80.2702071, 13.075238 ] ] } },
{ "type": "Feature", "properties": { "name": "Vennkatesan Street", "highway": "residential", "slope_pct": 0.6 }, "geometry": { "type": "LineString", "coordinates": [ [ 80.2715969, 13.0781955 ], [ 80.2714105, 13.0775605 ], [ 80.2707302, 13.0751091 ] ] } },
{ "type": "Feature", "properties": { "name": "Padavatamman Koil", "highway": "residential", "slope_pct": 0.6 }, "geometry": { "type": "LineString", "coordinates": [ [ 80.268948, 13.079308 ], [ 80.2689197, 13.0789506 ], [ 80.2689082, 13.0788046 ], [ 80.2689, 13.0787001 ], [ 80.268903, 13.0784735 ], [ 80.2689091, 13.0783363 ], [ 80.2688849, 13.0780731 ], [ 80.2688948, 13.0779706 ], [ 80.2689112, 13.0779001 ], [ 80.2689288, 13.0777982 ], [ 80.2688905, 13.0770947 ] ] } },
{ "type": "Feature", "properties": { "name": "Kumarappa Chetty Street", "highway": "residential", "slope_pct": 0.6 }, "geometry": { "type": "LineString", "coordinates": [ [ 80.2698131, 13.0845526 ], [ 80.2697471, 13.0841738 ], [ 80.2697259, 13.0839383 ], [ 80.2697308, 13.0834399 ] ] } },
{ "type": "Feature", "properties": { "name": "Kolanda Street", "highway": "residential", "slope_pct": 0.6 }, "geometry": { "type": "LineString", "coordinates": [ [ 80.2768331, 13.0848929 ], [ 80.2768108, 13.0844876 ], [ 80.2767896, 13.0842312 ], [ 80.2767614, 13.0837007 ] ] } },
{ "type": "Feature", "properties": { "name": "Nyniappa Naicken Street", "highway": "residential", "slope_pct": 0.6 }, "geometry": { "type": "LineString", "coordinates": [ [ 80.2796713, 13.089204 ], [ 80.2796529, 13.0890826 ], [ 80.2796178, 13.0887148 ], [ 80.2795555, 13.0883624 ], [ 80.2793202, 13.0868442 ], [ 80.2792164, 13.086075 ], [ 80.279194, 13.0855778 ], [ 80.2791079, 13.0851711 ], [ 80.2790533, 13.0847085 ], [ 80.279003, 13.0840349 ], [ 80.2789566, 13.0836548 ] ] } },
{ "type": "Feature", "properties": { "name": "Jessan Street", "highway": "residential", "slope_pct": 0.6 }, "geometry": { "type": "LineString", "coordinates": [ [ 80.2764704, 13.0851405 ], [ 80.2764665, 13.0849003 ], [ 80.2764848, 13.0846742 ], [ 80.2764993, 13.0842985 ], [ 80.2765601, 13.0837155 ] ] } },
{ "type": "Feature", "properties": { "name": "Stanley Viaduct", "highway": "secondary", "slope_pct": 0.6 }, "geometry": { "type": "LineString", "coordinates": [ [ 80.2752236, 13.0813985 ], [ 80.2752723, 13.0808439 ], [ 80.2753393, 13.0802291 ], [ 80.2753591, 13.0800571 ], [ 80.2753672, 13.0799588 ], [ 80.2753712, 13.079904 ], [ 80.275373, 13.0798669 ], [ 80.2753725, 13.079801 ], [ 80.2753714, 13.0797565 ], [ 80.2753616, 13.0796651 ], [ 80.275334, 13.0794843 ], [ 80.275291, 13.0792837 ], [ 80.2752164, 13.0789772 ], [ 80.2752059, 13.0789043 ], [ 80.2752003, 13.0788497 ], [ 80.2752016, 13.0787858 ], [ 80.2752197, 13.0787013 ], [ 80.2752477, 13.0786342 ], [ 80.2752779, 13.0785758 ], [ 80.2753288, 13.0785108 ], [ 80.2753973, 13.0784491 ], [ 80.2754606, 13.0784086 ], [ 80.2755312, 13.0783761 ], [ 80.2756024, 13.078348 ], [ 80.2757359, 13.0783049 ], [ 80.2758813, 13.0782612 ], [ 80.2760208, 13.0782164 ], [ 80.2760565, 13.0781976 ], [ 80.2761172, 13.0781551 ], [ 80.2761715, 13.0780877 ], [ 80.2762119, 13.078013 ], [ 80.2762237, 13.0779477 ], [ 80.2762332, 13.077871 ], [ 80.2762354, 13.0777538 ], [ 80.2762588, 13.0772122 ] ] } },
{ "type": "Feature", "properties": { "name": "Vepery High Road", "highway": "secondary", "slope_pct": 0.6 }, "geometry": { "type": "LineString", "coordinates": [ [ 80.2705201, 13.0842566 ], [ 80.2704402, 13.0842894 ] ] } },
{ "type": "Feature", "properties": { "name": "Anna Salai", "highway": "primary", "slope_pct": 0.6 }, "geometry": { "type": "LineString", "coordinates": [ [ 80.281597, 13.0784721 ], [ 80.2814798, 13.0783404 ], [ 80.2810542, 13.0779486 ], [ 80.2793603, 13.0763336 ], [ 80.2791396, 13.0760921 ], [ 80.2790129, 13.0759285 ], [ 80.2788645, 13.0758 ], [ 80.2786653, 13.0756798 ], [ 80.2783259, 13.0753786 ], [ 80.2783018, 13.0753546 ], [ 80.2765861, 13.0736238 ], [ 80.2765139, 13.0735535 ] ] } },
{ "type": "Feature", "properties": { "name": "Deputy Mayor Kabalamurthy Road", "highway": "tertiary", "slope_pct": 0.6 }, "geometry": { "type": "LineString", "coordinates": [ [ 80.270501, 13.0788138 ], [ 80.2708274, 13.0786209 ], [ 80.271092, 13.0784807 ], [ 80.2712528, 13.0783899 ], [ 80.2715969, 13.0781955 ], [ 80.2719975, 13.0780523 ], [ 80.2721994, 13.0779101 ], [ 80.2722453, 13.0778658 ], [ 80.2724187, 13.0776982 ], [ 80.2725442, 13.0773745 ], [ 80.2725681, 13.0773162 ], [ 80.2726514, 13.077113 ], [ 80.2728342, 13.076667 ], [ 80.2730033, 13.0762546 ], [ 80.2730284, 13.0761933 ], [ 80.273062, 13.0760969 ], [ 80.2730721, 13.076068 ], [ 80.2731163, 13.0759415 ], [ 80.2731806, 13.0757575 ], [ 80.2732028, 13.0756728 ], [ 80.2732628, 13.0754433 ], [ 80.2733009, 13.0752977 ], [ 80.2734019, 13.0747191 ], [ 80.2734185, 13.074624 ], [ 80.2734438, 13.0743895 ], [ 80.2734337, 13.0742784 ], [ 80.2734141, 13.0741838 ] ] } },
{ "type": "Feature", "properties": { "name": "Arterial Link", "highway": "residential", "slope_pct": 0.6 }, "geometry": { "type": "LineString", "coordinates": [ [ 80.2718366, 13.0774426 ], [ 80.2714105, 13.0775605 ], [ 80.2709239, 13.0776486 ], [ 80.2703422, 13.0778198 ] ] } },
{ "type": "Feature", "properties": { "name": "Ayya Mudali Street", "highway": "tertiary", "slope_pct": 0.6 }, "geometry": { "type": "LineString", "coordinates": [ [ 80.2704753, 13.0787 ], [ 80.2704465, 13.0783807 ], [ 80.2703422, 13.0778198 ], [ 80.2701881, 13.0771032 ], [ 80.2700896, 13.0767454 ], [ 80.2698756, 13.0759678 ], [ 80.2697186, 13.0753584 ] ] } },
{ "type": "Feature", "properties": { "name": "Arterial Link", "highway": "residential", "slope_pct": 0.6 }, "geometry": { "type": "LineString", "coordinates": [ [ 80.2755199, 13.072874 ], [ 80.275386, 13.0730063 ], [ 80.2752338, 13.0733077 ], [ 80.2751299, 13.0736059 ], [ 80.2749006, 13.0743462 ], [ 80.2747345, 13.0749912 ], [ 80.2746043, 13.0754118 ], [ 80.2745382, 13.0755772 ], [ 80.2744507, 13.0760809 ], [ 80.2743063, 13.0767529 ], [ 80.2740398, 13.0775745 ], [ 80.273773, 13.0778798 ] ] } },
{ "type": "Feature", "properties": { "name": "South Mint Street", "highway": "residential", "slope_pct": 0.6 }, "geometry": { "type": "LineString", "coordinates": [ [ 80.2781193, 13.083387 ], [ 80.2780939, 13.0835807 ], [ 80.27813, 13.0840611 ], [ 80.2783081, 13.0853578 ], [ 80.2784418, 13.0861687 ], [ 80.2785305, 13.0867284 ], [ 80.2786636, 13.0878546 ], [ 80.2787168, 13.0882864 ], [ 80.2787863, 13.0887496 ], [ 80.2788316, 13.0890121 ], [ 80.278861, 13.089168 ], [ 80.2788984, 13.0892892 ], [ 80.2789136, 13.0894808 ] ] } },
{ "type": "Feature", "properties": { "name": "Swamy Mudali Street", "highway": "residential", "slope_pct": 0.6 }, "geometry": { "type": "LineString", "coordinates": [ [ 80.2691327, 13.0835794 ], [ 80.2692557, 13.0835678 ], [ 80.2694813, 13.084703 ] ] } },
{ "type": "Feature", "properties": { "name": "Arterial Link", "highway": "residential", "slope_pct": 0.6 }, "geometry": { "type": "LineString", "coordinates": [ [ 80.2752838, 13.0789035 ], [ 80.2752902, 13.0788153 ], [ 80.2752931, 13.0787755 ], [ 80.2753037, 13.0787273 ], [ 80.2753278, 13.0786644 ], [ 80.2753572, 13.078619 ], [ 80.2753865, 13.0785763 ], [ 80.2754353, 13.0785282 ], [ 80.2754913, 13.0784801 ], [ 80.2756414, 13.0784077 ], [ 80.2759597, 13.0783261 ], [ 80.2761506, 13.0782512 ], [ 80.2762651, 13.0781766 ], [ 80.2762919, 13.0781152 ], [ 80.2763136, 13.0780463 ], [ 80.2763261, 13.07792 ], [ 80.276343, 13.0774946 ], [ 80.2763494, 13.0771722 ], [ 80.276291, 13.0770794 ] ] } },
{ "type": "Feature", "properties": { "name": "Stanley Viaduct", "highway": "secondary", "slope_pct": 0.6 }, "geometry": { "type": "LineString", "coordinates": [ [ 80.2761802, 13.0772072 ], [ 80.2761504, 13.0778338 ], [ 80.2761461, 13.0778978 ], [ 80.2761373, 13.0779543 ], [ 80.2761166, 13.078001 ], [ 80.2760839, 13.0780536 ], [ 80.2760404, 13.0780983 ], [ 80.2759883, 13.0781327 ], [ 80.2759259, 13.0781562 ], [ 80.2757262, 13.0782137 ], [ 80.2756445, 13.0782405 ], [ 80.2755569, 13.0782737 ], [ 80.2754586, 13.0783138 ], [ 80.2753885, 13.0783519 ], [ 80.2753106, 13.0784105 ], [ 80.2752449, 13.0784789 ], [ 80.2751966, 13.0785431 ], [ 80.2751725, 13.0785894 ], [ 80.275146, 13.0786591 ], [ 80.2751304, 13.0787186 ], [ 80.2751232, 13.0787733 ], [ 80.2751209, 13.0788441 ], [ 80.2751253, 13.0789143 ], [ 80.2751363, 13.0789872 ], [ 80.2751569, 13.0790839 ], [ 80.275253, 13.0795089 ], [ 80.2752689, 13.0795807 ], [ 80.2752697, 13.0795853 ], [ 80.2752815, 13.0796567 ], [ 80.2752888, 13.0797227 ], [ 80.2752928, 13.0798096 ], [ 80.275294, 13.0798793 ], [ 80.2752923, 13.0799312 ], [ 80.2752843, 13.0800284 ], [ 80.2752734, 13.0801382 ], [ 80.275141, 13.0814289 ] ] } },
{ "type": "Feature", "properties": { "name": "Arterial Link", "highway": "residential", "slope_pct": 0.6 }, "geometry": { "type": "LineString", "coordinates": [ [ 80.276213, 13.077115 ], [ 80.2761336, 13.0771604 ], [ 80.2761151, 13.0775965 ], [ 80.2761117, 13.0776568 ], [ 80.2760927, 13.0778681 ], [ 80.2760635, 13.0779653 ], [ 80.2760093, 13.0780316 ], [ 80.2759387, 13.0780793 ], [ 80.2754959, 13.0782069 ], [ 80.2752619, 13.0783025 ], [ 80.2751836, 13.0783697 ], [ 80.2751357, 13.0784353 ], [ 80.2751006, 13.0785489 ] ] } },
{ "type": "Feature", "properties": { "name": "Anna Salai", "highway": "primary", "slope_pct": 0.6 }, "geometry": { "type": "LineString", "coordinates": [ [ 80.2768684, 13.0741199 ], [ 80.277577, 13.0747948 ], [ 80.2782047, 13.0753998 ], [ 80.2783394, 13.0755609 ], [ 80.2784968, 13.0757533 ], [ 80.2785507, 13.0758192 ], [ 80.2787176, 13.0760231 ], [ 80.2790161, 13.0762045 ], [ 80.2793151, 13.0764322 ], [ 80.2793317, 13.0764476 ], [ 80.2798071, 13.0768878 ], [ 80.2812732, 13.0782807 ], [ 80.2812954, 13.0783018 ], [ 80.2815073, 13.0784959 ], [ 80.2815328, 13.0785385 ] ] } },
{ "type": "Feature", "properties": { "name": "General Hospital Road", "highway": "primary", "slope_pct": 0.6 }, "geometry": { "type": "LineString", "coordinates": [ [ 80.2778503, 13.0820917 ], [ 80.2779162, 13.0820996 ], [ 80.277998, 13.0821094 ], [ 80.2784672, 13.0821655 ], [ 80.28057, 13.0823337 ], [ 80.2816954, 13.082379 ] ] } },
{ "type": "Feature", "properties": { "name": "General Hospital Road", "highway": "primary", "slope_pct": 0.6 }, "geometry": { "type": "LineString", "coordinates": [ [ 80.2747888, 13.0816988 ], [ 80.275054, 13.0817081 ] ] } },
{ "type": "Feature", "properties": { "name": "General Hospital Road", "highway": "primary", "slope_pct": 0.6 }, "geometry": { "type": "LineString", "coordinates": [ [ 80.2750642, 13.081602 ], [ 80.2747988, 13.0815952 ] ] } },
{ "type": "Feature", "properties": { "name": "Wall Tax Road", "highway": "trunk", "slope_pct": 0.6 }, "geometry": { "type": "LineString", "coordinates": [ [ 80.2757841, 13.0866209 ], [ 80.2758306, 13.0861146 ], [ 80.2758922, 13.0855752 ], [ 80.2759538, 13.0851144 ], [ 80.2761403, 13.0836704 ], [ 80.2761675, 13.0834865 ], [ 80.2762541, 13.0828376 ], [ 80.2762629, 13.0827718 ], [ 80.2762866, 13.0825941 ], [ 80.2763411, 13.0821081 ], [ 80.2763581, 13.0819936 ], [ 80.2763827, 13.0819649 ], [ 80.2764993, 13.0819213 ] ] } },
{ "type": "Feature", "properties": { "name": "Raja Muthiah Road", "highway": "secondary", "slope_pct": 0.6 }, "geometry": { "type": "LineString", "coordinates": [ [ 80.270516, 13.0842968 ], [ 80.2705201, 13.0842566 ] ] } },
{ "type": "Feature", "properties": { "name": "Raja Muthiah Road", "highway": "secondary", "slope_pct": 0.6 }, "geometry": { "type": "LineString", "coordinates": [ [ 80.2704958, 13.0839633 ], [ 80.2704649, 13.084182 ], [ 80.2704402, 13.0842894 ] ] } },
{ "type": "Feature", "properties": { "name": "Singanna Street part B", "highway": "residential", "slope_pct": 0.6 }, "geometry": { "type": "LineString", "coordinates": [ [ 80.2719975, 13.0780523 ], [ 80.2718366, 13.0774426 ], [ 80.271782, 13.0772843 ], [ 80.2717539, 13.077053 ], [ 80.2716673, 13.0766364 ], [ 80.2712845, 13.0750155 ] ] } },
{ "type": "Feature", "properties": { "name": "Arterial Link", "highway": "residential", "slope_pct": 0.6 }, "geometry": { "type": "LineString", "coordinates": [ [ 80.2700272, 13.0787642 ], [ 80.2699923, 13.0784557 ], [ 80.2699877, 13.0784292 ], [ 80.2699708, 13.0784028 ], [ 80.2699546, 13.0783847 ], [ 80.2699205, 13.0783429 ], [ 80.269908, 13.0783052 ], [ 80.2698557, 13.0779966 ], [ 80.2698501, 13.0779767 ], [ 80.2698366, 13.077961 ] ] } },
{ "type": "Feature", "properties": { "name": "General Hospital Road", "highway": "primary", "slope_pct": 0.6 }, "geometry": { "type": "LineString", "coordinates": [ [ 80.271122, 13.0810532 ], [ 80.2713216, 13.0811033 ], [ 80.2713544, 13.0811114 ], [ 80.2714499, 13.0811351 ], [ 80.2715065, 13.0811492 ], [ 80.2716228, 13.0811767 ], [ 80.2717781, 13.0812093 ], [ 80.2719158, 13.0812369 ], [ 80.2721001, 13.081276 ], [ 80.2721865, 13.0812881 ], [ 80.2722929, 13.0813026 ], [ 80.2723556, 13.0813124 ], [ 80.2724185, 13.0813221 ], [ 80.2724913, 13.0813321 ], [ 80.2725724, 13.0813469 ], [ 80.2725953, 13.0813518 ], [ 80.2728015, 13.081395 ], [ 80.2729465, 13.0814299 ], [ 80.2729938, 13.0814413 ], [ 80.2731477, 13.0814696 ], [ 80.2732799, 13.0814946 ], [ 80.2733598, 13.0815109 ], [ 80.2735908, 13.0815574 ], [ 80.2737412, 13.0815876 ], [ 80.2739558, 13.0816307 ], [ 80.2739994, 13.081637 ], [ 80.2745354, 13.0816755 ], [ 80.2746577, 13.081683 ], [ 80.2747412, 13.0816943 ], [ 80.2747888, 13.0816988 ] ] } },
{ "type": "Feature", "properties": { "name": "Rama Pillai Street", "highway": "residential", "slope_pct": 0.6 }, "geometry": { "type": "LineString", "coordinates": [ [ 80.2705721, 13.083466 ], [ 80.2700933, 13.0834409 ], [ 80.2697308, 13.0834399 ], [ 80.2696376, 13.083437 ] ] } },
{ "type": "Feature", "properties": { "name": "Arterial Link", "highway": "residential", "slope_pct": 0.6 }, "geometry": { "type": "LineString", "coordinates": [ [ 80.2706992, 13.0825329 ], [ 80.2704409, 13.082515 ], [ 80.2703201, 13.0825117 ], [ 80.2701461, 13.082507 ], [ 80.2700291, 13.0825038 ], [ 80.2696199, 13.0824585 ], [ 80.2694181, 13.0823983 ], [ 80.269111, 13.0819526 ], [ 80.2689645, 13.0819377 ] ] } },
{ "type": "Feature", "properties": { "name": "Arterial Link", "highway": "residential", "slope_pct": 0.6 }, "geometry": { "type": "LineString", "coordinates": [ [ 80.2689645, 13.0819377 ], [ 80.2689966, 13.082216 ], [ 80.2690327, 13.0826283 ], [ 80.2690567, 13.0828081 ], [ 80.2690663, 13.0829479 ], [ 80.2691327, 13.0835794 ] ] } },
{ "type": "Feature", "properties": { "name": "Muthu Gramani Street", "highway": "residential", "slope_pct": 0.6 }, "geometry": { "type": "LineString", "coordinates": [ [ 80.2706302, 13.0830691 ], [ 80.2705138, 13.0830139 ], [ 80.2700861, 13.0829485 ], [ 80.2696283, 13.0829503 ] ] } },
{ "type": "Feature", "properties": { "name": "Varasidhi Vinayakar Koil Street", "highway": "residential", "slope_pct": 0.6 }, "geometry": { "type": "LineString", "coordinates": [ [ 80.2705138, 13.0830139 ], [ 80.2704409, 13.082515 ], [ 80.2703792, 13.0820856 ], [ 80.2703325, 13.0817604 ], [ 80.2702727, 13.0813788 ], [ 80.2702083, 13.0810234 ], [ 80.2701705, 13.0808265 ] ] } },
{ "type": "Feature", "properties": { "name": "Arterial Link", "highway": "tertiary", "slope_pct": 0.6 }, "geometry": { "type": "LineString", "coordinates": [ [ 80.2732799, 13.0814946 ], [ 80.2732079, 13.0818836 ], [ 80.2731594, 13.0820798 ], [ 80.2730761, 13.0824918 ], [ 80.2730552, 13.0826439 ] ] } },
{ "type": "Feature", "properties": { "name": "Arterial Link", "highway": "residential", "slope_pct": 0.6 }, "geometry": { "type": "LineString", "coordinates": [ [ 80.2700291, 13.0825038 ], [ 80.2700137, 13.0821327 ], [ 80.2700031, 13.0818762 ] ] } },
{ "type": "Feature", "properties": { "name": "Thoppai Pillai Street", "highway": "residential", "slope_pct": 0.6 }, "geometry": { "type": "LineString", "coordinates": [ [ 80.2700031, 13.0818762 ], [ 80.2695657, 13.0819 ], [ 80.2693297, 13.0819128 ], [ 80.2692973, 13.0818791 ], [ 80.2692611, 13.0815477 ], [ 80.26925, 13.0814348 ] ] } },
{ "type": "Feature", "properties": { "name": "Nabikhan Street", "highway": "residential", "slope_pct": 0.6 }, "geometry": { "type": "LineString", "coordinates": [ [ 80.2697259, 13.0839383 ], [ 80.2704958, 13.0839633 ] ] } },
{ "type": "Feature", "properties": { "name": "Selvam Street", "highway": "residential", "slope_pct": 0.6 }, "geometry": { "type": "LineString", "coordinates": [ [ 80.2707936, 13.0818026 ], [ 80.2706234, 13.0817816 ], [ 80.2703325, 13.0817604 ] ] } },
{ "type": "Feature", "properties": { "name": "Raja Muthiah Road", "highway": "secondary", "slope_pct": 0.6 }, "geometry": { "type": "LineString", "coordinates": [ [ 80.2709194, 13.0809633 ], [ 80.2709107, 13.0809906 ], [ 80.2709032, 13.0810279 ], [ 80.2708955, 13.0810773 ], [ 80.2708824, 13.0811716 ], [ 80.2708478, 13.0814411 ], [ 80.2707936, 13.0818026 ], [ 80.2706992, 13.0825329 ], [ 80.2706302, 13.0830691 ], [ 80.2705922, 13.0833146 ], [ 80.2705721, 13.083466 ], [ 80.2704958, 13.0839633 ] ] } },
{ "type": "Feature", "properties": { "name": "Arterial Link", "highway": "residential", "slope_pct": 0.6 }, "geometry": { "type": "LineString", "coordinates": [ [ 80.2698366, 13.077961 ], [ 80.2694517, 13.0779893 ], [ 80.2694589, 13.0778161 ], [ 80.2694567, 13.0778005 ], [ 80.2694498, 13.0777902 ] ] } },
{ "type": "Feature", "properties": { "name": "Arterial Link", "highway": "residential", "slope_pct": 0.6 }, "geometry": { "type": "LineString", "coordinates": [ [ 80.2694517, 13.0779893 ], [ 80.2694598, 13.0782918 ], [ 80.2694491, 13.0784298 ], [ 80.269445, 13.0784656 ], [ 80.2694433, 13.0787991 ] ] } },
{ "type": "Feature", "properties": { "name": "Lalakutti Street", "highway": "residential", "slope_pct": 0.6 }, "geometry": { "type": "LineString", "coordinates": [ [ 80.2702727, 13.0813788 ], [ 80.26925, 13.0814348 ], [ 80.2689552, 13.0814794 ], [ 80.2686795, 13.0815353 ] ] } },
{ "type": "Feature", "properties": { "name": "Irusappa Mudali Street", "highway": "residential", "slope_pct": 0.6 }, "geometry": { "type": "LineString", "coordinates": [ [ 80.2686625, 13.0819708 ], [ 80.2689645, 13.0819377 ] ] } },
{ "type": "Feature", "properties": { "name": "Sheikh Ali Subedar Street", "highway": "residential", "slope_pct": 0.6 }, "geometry": { "type": "LineString", "coordinates": [ [ 80.2696199, 13.0824585 ], [ 80.2695893, 13.0821431 ], [ 80.2695657, 13.0819 ] ] } },
{ "type": "Feature", "properties": { "name": "Narayana Chetti Street", "highway": "residential", "slope_pct": 0.6 }, "geometry": { "type": "LineString", "coordinates": [ [ 80.2689645, 13.0819377 ], [ 80.2689552, 13.0814794 ], [ 80.2688925, 13.0807902 ] ] } },
{ "type": "Feature", "properties": { "name": "Muthu Street", "highway": "residential", "slope_pct": 0.6 }, "geometry": { "type": "LineString", "coordinates": [ [ 80.2696376, 13.083437 ], [ 80.2696283, 13.0829503 ], [ 80.2696199, 13.0824585 ] ] } },
{ "type": "Feature", "properties": { "name": "Raja Muthiah Road", "highway": "secondary", "slope_pct": 0.6 }, "geometry": { "type": "LineString", "coordinates": [ [ 80.270656, 13.0833269 ], [ 80.270875, 13.0817452 ], [ 80.2709108, 13.0814726 ], [ 80.2709135, 13.0814521 ], [ 80.2709288, 13.0813354 ] ] } },
{ "type": "Feature", "properties": { "name": "General Hospital Road", "highway": "primary", "slope_pct": 0.6 }, "geometry": { "type": "LineString", "coordinates": [ [ 80.2733909, 13.0814038 ], [ 80.2732573, 13.0813763 ], [ 80.272628, 13.0812539 ], [ 80.2719336, 13.0811418 ], [ 80.2718001, 13.081115 ], [ 80.2715394, 13.081052 ], [ 80.2712852, 13.080987 ], [ 80.2711799, 13.0809604 ], [ 80.2710924, 13.080936 ], [ 80.2710468, 13.08092 ], [ 80.271008, 13.0809032 ] ] } },
{ "type": "Feature", "properties": { "name": "Santhu Shah Street", "highway": "residential", "slope_pct": 0.6 }, "geometry": { "type": "LineString", "coordinates": [ [ 80.2706659, 13.0812261 ], [ 80.2706234, 13.0817816 ] ] } },
{ "type": "Feature", "properties": { "name": "Veeraswamy Pillai Street", "highway": "residential", "slope_pct": 0.6 }, "geometry": { "type": "LineString", "coordinates": [ [ 80.2685741, 13.0807851 ], [ 80.2686795, 13.0815353 ], [ 80.268728, 13.0818319 ], [ 80.2686625, 13.0819708 ] ] } },
{ "type": "Feature", "properties": { "name": "Arterial Link", "highway": "tertiary", "slope_pct": 0.6 }, "geometry": { "type": "LineString", "coordinates": [ [ 80.2724832, 13.0826638 ], [ 80.2729249, 13.0827296 ], [ 80.2730543, 13.082712 ] ] } },
{ "type": "Feature", "properties": { "name": "Arterial Link", "highway": "tertiary", "slope_pct": 0.6 }, "geometry": { "type": "LineString", "coordinates": [ [ 80.2724832, 13.0826638 ], [ 80.272391, 13.0829411 ], [ 80.2721093, 13.0835307 ], [ 80.2720669, 13.0835747 ], [ 80.2720105, 13.0836142 ], [ 80.2719415, 13.0836297 ], [ 80.2718602, 13.0836369 ], [ 80.271081, 13.0835668 ], [ 80.2710487, 13.0835628 ], [ 80.2710206, 13.0835758 ], [ 80.2710117, 13.0835937 ], [ 80.2708938, 13.0842273 ] ] } },
{ "type": "Feature", "properties": { "name": "General Hospital Road", "highway": "primary", "slope_pct": 0.6 }, "geometry": { "type": "LineString", "coordinates": [ [ 80.2747988, 13.0815952 ], [ 80.2740083, 13.0815287 ], [ 80.2739881, 13.081527 ], [ 80.2733909, 13.0814038 ] ] } },
{ "type": "Feature", "properties": { "name": "Arterial Link", "highway": "residential", "slope_pct": 0.6 }, "geometry": { "type": "LineString", "coordinates": [ [ 80.2703792, 13.0820856 ], [ 80.2700137, 13.0821327 ], [ 80.2695893, 13.0821431 ] ] } },
{ "type": "Feature", "properties": { "name": "Arterial Link", "highway": "secondary_link", "slope_pct": 0.6 }, "geometry": { "type": "LineString", "coordinates": [ [ 80.2709288, 13.0813354 ], [ 80.2709484, 13.081272 ], [ 80.2709678, 13.0812374 ], [ 80.2709873, 13.0812086 ], [ 80.2710054, 13.0811919 ], [ 80.2710362, 13.0811668 ], [ 80.2710717, 13.0811453 ], [ 80.2711214, 13.0811231 ], [ 80.271179, 13.0811087 ], [ 80.2712313, 13.0811041 ], [ 80.2712682, 13.0811015 ], [ 80.2713216, 13.0811033 ] ] } },
{ "type": "Feature", "properties": { "name": "Raja Muthiah Road", "highway": "secondary", "slope_pct": 0.6 }, "geometry": { "type": "LineString", "coordinates": [ [ 80.2709372, 13.0808678 ], [ 80.2709194, 13.0809633 ] ] } },
{ "type": "Feature", "properties": { "name": "General Hospital Road", "highway": "primary", "slope_pct": 0.6 }, "geometry": { "type": "LineString", "coordinates": [ [ 80.2709854, 13.0810014 ], [ 80.2710253, 13.0810203 ], [ 80.2710633, 13.0810355 ], [ 80.271122, 13.0810532 ] ] } },
{ "type": "Feature", "properties": { "name": "Bazzar Street", "highway": "residential", "slope_pct": 0.6 }, "geometry": { "type": "LineString", "coordinates": [ [ 80.2689082, 13.0788046 ], [ 80.2694433, 13.0787991 ], [ 80.2700272, 13.0787642 ], [ 80.2704823, 13.078737 ] ] } },
{ "type": "Feature", "properties": { "name": "Ayya Mudali Street", "highway": "tertiary", "slope_pct": 0.6 }, "geometry": { "type": "LineString", "coordinates": [ [ 80.270501, 13.0788138 ], [ 80.2704823, 13.078737 ], [ 80.2704753, 13.0787 ] ] } },
{ "type": "Feature", "properties": { "name": "Raja Muthiah Road", "highway": "secondary", "slope_pct": 0.6 }, "geometry": { "type": "LineString", "coordinates": [ [ 80.2705201, 13.0842566 ], [ 80.270656, 13.0833269 ] ] } },
{ "type": "Feature", "properties": { "name": "Arterial Link", "highway": "residential", "slope_pct": 0.6 }, "geometry": { "type": "LineString", "coordinates": [ [ 80.2698155, 13.0791325 ], [ 80.2697901, 13.0790567 ], [ 80.2697379, 13.078901 ] ] } },
{ "type": "Feature", "properties": { "name": "Arterial Link", "highway": "residential", "slope_pct": 0.6 }, "geometry": { "type": "LineString", "coordinates": [ [ 80.2696097, 13.0789449 ], [ 80.2697379, 13.078901 ], [ 80.2698087, 13.0788768 ] ] } },
{ "type": "Feature", "properties": { "name": "Arterial Link", "highway": "residential", "slope_pct": 0.6 }, "geometry": { "type": "LineString", "coordinates": [ [ 80.2710338, 13.0782235 ], [ 80.2708036, 13.0782797 ] ] } },
{ "type": "Feature", "properties": { "name": "Arterial Link", "highway": "residential", "slope_pct": 0.6 }, "geometry": { "type": "LineString", "coordinates": [ [ 80.2712528, 13.0783899 ], [ 80.2712058, 13.0782555 ], [ 80.2712063, 13.0782371 ], [ 80.2712149, 13.0782226 ], [ 80.2712312, 13.0782137 ], [ 80.2712395, 13.0781989 ], [ 80.2712376, 13.0781324 ] ] } },
{ "type": "Feature", "properties": { "name": "Arterial Link", "highway": "tertiary", "slope_pct": 0.6 }, "geometry": { "type": "LineString", "coordinates": [ [ 80.2730543, 13.082712 ], [ 80.2730552, 13.0826439 ] ] } },
{ "type": "Feature", "properties": { "name": "Arterial Link", "highway": "primary_link", "slope_pct": 0.6 }, "geometry": { "type": "LineString", "coordinates": [ [ 80.2739994, 13.081637 ], [ 80.2740083, 13.0815287 ] ] } },
{ "type": "Feature", "properties": { "name": "Raja Muthiah Road", "highway": "secondary", "slope_pct": 0.6 }, "geometry": { "type": "LineString", "coordinates": [ [ 80.2709854, 13.0810014 ], [ 80.271008, 13.0809032 ] ] } },
{ "type": "Feature", "properties": { "name": "General Hospital Road", "highway": "primary", "slope_pct": 0.6 }, "geometry": { "type": "LineString", "coordinates": [ [ 80.2709194, 13.0809633 ], [ 80.2709854, 13.0810014 ] ] } },
{ "type": "Feature", "properties": { "name": "EVR Periyar Salai", "highway": "primary", "slope_pct": 0.6 }, "geometry": { "type": "LineString", "coordinates": [ [ 80.2708772, 13.0808378 ], [ 80.27083, 13.0808209 ], [ 80.2707817, 13.0808095 ], [ 80.2707177, 13.0807959 ], [ 80.2706397, 13.0807831 ] ] } },
{ "type": "Feature", "properties": { "name": "EVR Periyar Salai", "highway": "primary", "slope_pct": 0.6 }, "geometry": { "type": "LineString", "coordinates": [ [ 80.271008, 13.0809032 ], [ 80.2709372, 13.0808678 ] ] } },
{ "type": "Feature", "properties": { "name": "EVR Periyar Salai", "highway": "primary", "slope_pct": 0.6 }, "geometry": { "type": "LineString", "coordinates": [ [ 80.2709372, 13.0808678 ], [ 80.2708772, 13.0808378 ] ] } },
{ "type": "Feature", "properties": { "name": "Raja Muthiah Road", "highway": "secondary", "slope_pct": 0.6 }, "geometry": { "type": "LineString", "coordinates": [ [ 80.2709477, 13.0811824 ], [ 80.2709596, 13.0810955 ], [ 80.2709665, 13.0810552 ], [ 80.2709854, 13.0810014 ] ] } },
{ "type": "Feature", "properties": { "name": "Raja Muthiah Road", "highway": "secondary", "slope_pct": 0.6 }, "geometry": { "type": "LineString", "coordinates": [ [ 80.2709288, 13.0813354 ], [ 80.2709477, 13.0811824 ] ] } },
{ "type": "Feature", "properties": { "name": "Arterial Link", "highway": "tertiary", "slope_pct": 0.6 }, "geometry": { "type": "LineString", "coordinates": [ [ 80.2708938, 13.0842273 ], [ 80.2708322, 13.0842289 ], [ 80.2705201, 13.0842566 ] ] } },
{ "type": "Feature", "properties": { "name": "Wall Tax Road", "highway": "trunk", "slope_pct": 0.6 }, "geometry": { "type": "LineString", "coordinates": [ [ 80.2761962, 13.0818797 ], [ 80.2762397, 13.081956 ], [ 80.276255, 13.0820671 ], [ 80.2762396, 13.0823062 ], [ 80.2762074, 13.0825713 ], [ 80.2761686, 13.0828621 ], [ 80.2758719, 13.0850875 ], [ 80.2756751, 13.0866386 ], [ 80.2756539, 13.087058 ], [ 80.2755401, 13.0880399 ], [ 80.2755092, 13.0883068 ], [ 80.2753909, 13.089201 ], [ 80.2753819, 13.0892694 ], [ 80.2752929, 13.0899424 ], [ 80.275218, 13.0906589 ], [ 80.2752039, 13.0914196 ], [ 80.2752068, 13.0915311 ], [ 80.2752062, 13.0923262 ], [ 80.2752054, 13.0940931 ], [ 80.2751941, 13.0948404 ], [ 80.2751956, 13.0955819 ], [ 80.2751958, 13.0956928 ], [ 80.2751976, 13.0965689 ], [ 80.2752006, 13.0974239 ], [ 80.2752042, 13.0986888 ], [ 80.2751993, 13.0992056 ], [ 80.2751957, 13.0992435 ], [ 80.2751895, 13.0993079 ], [ 80.2751501, 13.0997225 ], [ 80.2750852, 13.1000929 ], [ 80.2750239, 13.1002953 ], [ 80.2746013, 13.1014173 ], [ 80.2744623, 13.1016943 ], [ 80.2743555, 13.1019069 ], [ 80.2742831, 13.1020651 ], [ 80.2739221, 13.1028544 ], [ 80.273534, 13.1037446 ], [ 80.2735046, 13.1038387 ] ] } },
{ "type": "Feature", "properties": { "name": "Issac Street", "highway": "residential", "slope_pct": 0.6 }, "geometry": { "type": "LineString", "coordinates": [ [ 80.2761675, 13.0834865 ], [ 80.2762788, 13.0834996 ], [ 80.2767996, 13.0835634 ], [ 80.2770941, 13.0835995 ], [ 80.2771937, 13.0836069 ], [ 80.2772841, 13.0836177 ], [ 80.2775765, 13.0835995 ], [ 80.2780939, 13.0835807 ] ] } },
{ "type": "Feature", "properties": { "name": "Stringer Street", "highway": "residential", "slope_pct": 0.6 }, "geometry": { "type": "LineString", "coordinates": [ [ 80.2761403, 13.0836704 ], [ 80.2763455, 13.0836975 ], [ 80.2765601, 13.0837155 ], [ 80.2767614, 13.0837007 ], [ 80.2771102, 13.0836368 ], [ 80.277146, 13.0836369 ], [ 80.2771937, 13.0836069 ] ] } },
{ "type": "Feature", "properties": { "name": "Pallavan Salai", "highway": "secondary", "slope_pct": 0.6 }, "geometry": { "type": "LineString", "coordinates": [ [ 80.2754935, 13.0816317 ], [ 80.2753104, 13.0815305 ], [ 80.2752236, 13.0813985 ] ] } },
{ "type": "Feature", "properties": { "name": "General Hospital Road", "highway": "primary", "slope_pct": 0.6 }, "geometry": { "type": "LineString", "coordinates": [ [ 80.2760534, 13.081814 ], [ 80.2761962, 13.0818797 ], [ 80.276318, 13.0818975 ], [ 80.2764993, 13.0819213 ], [ 80.2778503, 13.0820917 ] ] } },
{ "type": "Feature", "properties": { "name": "Evening Bazaar Road", "highway": "secondary", "slope_pct": 0.6 }, "geometry": { "type": "LineString", "coordinates": [ [ 80.2790026, 13.0833505 ], [ 80.2789567, 13.083249 ], [ 80.2788195, 13.0829454 ], [ 80.2787391, 13.0827673 ], [ 80.2784672, 13.0821655 ], [ 80.2783988, 13.0820892 ], [ 80.2782268, 13.0820195 ] ] } },
{ "type": "Feature", "properties": { "name": "Memorial Hall Road", "highway": "secondary", "slope_pct": 0.6 }, "geometry": { "type": "LineString", "coordinates": [ [ 80.2781193, 13.083387 ], [ 80.2782213, 13.0834125 ], [ 80.2788261, 13.0836079 ], [ 80.2789566, 13.0836548 ], [ 80.2790854, 13.0837083 ] ] } },
{ "type": "Feature", "properties": { "name": "South Mint Street", "highway": "secondary", "slope_pct": 0.6 }, "geometry": { "type": "LineString", "coordinates": [ [ 80.277998, 13.0821094 ], [ 80.2780161, 13.0822608 ], [ 80.2780905, 13.0830259 ], [ 80.2781193, 13.083387 ] ] } },
{ "type": "Feature", "properties": { "name": "General Hospital Road", "highway": "primary", "slope_pct": 0.6 }, "geometry": { "type": "LineString", "coordinates": [ [ 80.2782268, 13.0820195 ], [ 80.2780064, 13.0819955 ], [ 80.2779462, 13.0819884 ], [ 80.2774889, 13.081935 ], [ 80.2763526, 13.0817815 ], [ 80.2760524, 13.0817097 ], [ 80.2759447, 13.0816839 ], [ 80.2756687, 13.0816467 ], [ 80.2754935, 13.0816317 ] ] } },
{ "type": "Feature", "properties": { "name": "General Hospital Road", "highway": "primary", "slope_pct": 0.6 }, "geometry": { "type": "LineString", "coordinates": [ [ 80.2811546, 13.082256 ], [ 80.2805106, 13.0822277 ], [ 80.2791042, 13.0820867 ], [ 80.2782268, 13.0820195 ] ] } },
{ "type": "Feature", "properties": { "name": "Memorial Hall Road", "highway": "residential", "slope_pct": 0.6 }, "geometry": { "type": "LineString", "coordinates": [ [ 80.2789566, 13.0836548 ], [ 80.2789799, 13.083468 ], [ 80.2790026, 13.0833505 ] ] } },
{ "type": "Feature", "properties": { "name": "General Hospital Road", "highway": "primary", "slope_pct": 0.6 }, "geometry": { "type": "LineString", "coordinates": [ [ 80.275054, 13.0817081 ], [ 80.2751616, 13.0817259 ] ] } },
{ "type": "Feature", "properties": { "name": "Pallavan Salai", "highway": "secondary", "slope_pct": 0.6 }, "geometry": { "type": "LineString", "coordinates": [ [ 80.275141, 13.0814289 ], [ 80.2751566, 13.0816211 ] ] } },
{ "type": "Feature", "properties": { "name": "General Hospital Road", "highway": "primary", "slope_pct": 0.6 }, "geometry": { "type": "LineString", "coordinates": [ [ 80.2751566, 13.0816211 ], [ 80.2750642, 13.081602 ] ] } },
{ "type": "Feature", "properties": { "name": "General Hospital Road", "highway": "primary", "slope_pct": 0.6 }, "geometry": { "type": "LineString", "coordinates": [ [ 80.2751616, 13.0817259 ], [ 80.2752772, 13.081732 ] ] } },
{ "type": "Feature", "properties": { "name": "General Hospital Road", "highway": "primary", "slope_pct": 0.6 }, "geometry": { "type": "LineString", "coordinates": [ [ 80.2754935, 13.0816317 ], [ 80.2751566, 13.0816211 ] ] } },
{ "type": "Feature", "properties": { "name": "Pallavan Salai", "highway": "secondary", "slope_pct": 0.6 }, "geometry": { "type": "LineString", "coordinates": [ [ 80.2751566, 13.0816211 ], [ 80.2751616, 13.0817259 ] ] } },
{ "type": "Feature", "properties": { "name": "General Hospital Road", "highway": "primary", "slope_pct": 0.6 }, "geometry": { "type": "LineString", "coordinates": [ [ 80.2752772, 13.081732 ], [ 80.2754581, 13.0817225 ], [ 80.2757816, 13.0817501 ], [ 80.2760534, 13.081814 ] ] } },
{ "type": "Feature", "properties": { "name": "Burial Ground Road", "highway": "residential", "slope_pct": 0.6 }, "geometry": { "type": "LineString", "coordinates": [ [ 80.276344, 13.0784287 ], [ 80.2766793, 13.0784228 ], [ 80.2769127, 13.0784202 ], [ 80.2774246, 13.0784165 ], [ 80.2775401, 13.078416 ], [ 80.277582, 13.0784158 ], [ 80.2785361, 13.0784117 ], [ 80.2808861, 13.0784014 ], [ 80.2809201, 13.0784012 ], [ 80.2809447, 13.0783997 ], [ 80.2809675, 13.0783968 ], [ 80.2809899, 13.0783919 ], [ 80.2810151, 13.078385 ], [ 80.2810507, 13.0783749 ], [ 80.2811469, 13.0783462 ], [ 80.281173, 13.0783367 ], [ 80.281195, 13.0783272 ], [ 80.2812229, 13.0783141 ], [ 80.2812415, 13.0783038 ], [ 80.2812582, 13.0782922 ], [ 80.2812732, 13.0782807 ] ] } },
{ "type": "Feature", "properties": { "name": "Arterial Link", "highway": "residential", "slope_pct": 0.6 }, "geometry": { "type": "LineString", "coordinates": [ [ 80.276344, 13.0784287 ], [ 80.2763427, 13.0783851 ], [ 80.2763407, 13.0783612 ], [ 80.2763378, 13.0783407 ], [ 80.2763322, 13.0783176 ], [ 80.2763255, 13.0782956 ], [ 80.2763109, 13.0782637 ], [ 80.2762651, 13.0781766 ] ] } },
{ "type": "Feature", "properties": { "name": "Arterial Link", "highway": "residential", "slope_pct": 0.6 }, "geometry": { "type": "LineString", "coordinates": [ [ 80.276344, 13.0784287 ], [ 80.2762871, 13.078432 ], [ 80.2762212, 13.0784394 ], [ 80.2761037, 13.0784567 ], [ 80.2760235, 13.0784711 ], [ 80.2759449, 13.0784871 ] ] } },
{ "type": "Feature", "properties": { "name": "Arterial Link", "highway": "residential", "slope_pct": 0.6 }, "geometry": { "type": "LineString", "coordinates": [ [ 80.2785361, 13.0784117 ], [ 80.278527, 13.0787788 ], [ 80.2785247, 13.0788731 ], [ 80.278522, 13.0789831 ], [ 80.2780201, 13.078952 ], [ 80.2778538, 13.0789417 ], [ 80.2776272, 13.0789472 ], [ 80.2776018, 13.0788148 ], [ 80.2775819, 13.0785059 ], [ 80.277582, 13.0784158 ] ] } },
{ "type": "Feature", "properties": { "name": "Arterial Link", "highway": "residential", "slope_pct": 0.6 }, "geometry": { "type": "LineString", "coordinates": [ [ 80.2780201, 13.078952 ], [ 80.2780184, 13.0788452 ], [ 80.2780151, 13.0786356 ] ] } },
{ "type": "Feature", "properties": { "name": "Arterial Link", "highway": "residential", "slope_pct": 0.6 }, "geometry": { "type": "LineString", "coordinates": [ [ 80.2776018, 13.0788148 ], [ 80.2780184, 13.0788452 ], [ 80.27827, 13.0788645 ], [ 80.2785247, 13.0788731 ] ] } },
{ "type": "Feature", "properties": { "name": "Arterial Link", "highway": "residential", "slope_pct": 0.6 }, "geometry": { "type": "LineString", "coordinates": [ [ 80.278522, 13.0789831 ], [ 80.2786182, 13.0790272 ], [ 80.27874, 13.0790244 ], [ 80.2788957, 13.0790299 ], [ 80.2789495, 13.0790162 ], [ 80.2790005, 13.0789307 ], [ 80.2794506, 13.0789251 ], [ 80.2796179, 13.0789181 ], [ 80.279714, 13.0789141 ], [ 80.2801217, 13.0789113 ], [ 80.2801641, 13.078961 ], [ 80.280133, 13.079063 ], [ 80.2791505, 13.0790327 ] ] } },
{ "type": "Feature", "properties": { "name": "Arterial Link", "highway": "residential", "slope_pct": 0.6 }, "geometry": { "type": "LineString", "coordinates": [ [ 80.2790005, 13.0789307 ], [ 80.2790061, 13.0787624 ], [ 80.278527, 13.0787788 ] ] } },
{ "type": "Feature", "properties": { "name": "Arterial Link", "highway": "residential", "slope_pct": 0.6 }, "geometry": { "type": "LineString", "coordinates": [ [ 80.2790061, 13.0787624 ], [ 80.2790174, 13.0786659 ], [ 80.2796347, 13.0786769 ], [ 80.2802066, 13.0786769 ], [ 80.2802123, 13.0787735 ], [ 80.2801783, 13.0788396 ], [ 80.279629, 13.0788148 ], [ 80.2796179, 13.0789181 ] ] } },
{ "type": "Feature", "properties": { "name": "Arterial Link", "highway": "residential", "slope_pct": 0.6 }, "geometry": { "type": "LineString", "coordinates": [ [ 80.279176, 13.0787872 ], [ 80.279629, 13.0788148 ] ] } },
{ "type": "Feature", "properties": { "name": "Arterial Link", "highway": "residential", "slope_pct": 0.6 }, "geometry": { "type": "LineString", "coordinates": [ [ 80.279629, 13.0788148 ], [ 80.2796347, 13.0786769 ], [ 80.2796403, 13.0785473 ] ] } },
{ "type": "Feature", "properties": { "name": "Arterial Link", "highway": "residential", "slope_pct": 0.6 }, "geometry": { "type": "LineString", "coordinates": [ [ 80.2696291, 13.0851079 ], [ 80.2692605, 13.0852014 ], [ 80.2687598, 13.0852416 ], [ 80.2687402, 13.0852369 ], [ 80.2687242, 13.0852188 ], [ 80.2687002, 13.084949 ] ] } },
{ "type": "Feature", "properties": { "name": "Ekambara Kumaraguru Road", "highway": "residential", "slope_pct": 0.6 }, "geometry": { "type": "LineString", "coordinates": [ [ 80.2694813, 13.084703 ], [ 80.2695028, 13.0847626 ], [ 80.2696291, 13.0851079 ], [ 80.269662, 13.0856221 ], [ 80.269657, 13.0856412 ], [ 80.2696371, 13.0856526 ], [ 80.2695485, 13.0856576 ], [ 80.26951, 13.0856533 ], [ 80.2694325, 13.0856274 ], [ 80.2693494, 13.0856107 ], [ 80.2690812, 13.0856408 ], [ 80.2689748, 13.0856454 ] ] } },
{ "type": "Feature", "properties": { "name": "Arterial Link", "highway": "residential", "slope_pct": 0.6 }, "geometry": { "type": "LineString", "coordinates": [ [ 80.269854, 13.0894751 ], [ 80.2694387, 13.0895113 ], [ 80.2693921, 13.0895398 ], [ 80.2691447, 13.0898312 ], [ 80.2688987, 13.0906087 ] ] } },
{ "type": "Feature", "properties": { "name": "Elephant Gate Bridge Road", "highway": "secondary", "slope_pct": 0.6 }, "geometry": { "type": "LineString", "coordinates": [ [ 80.2695087, 13.0906139 ], [ 80.2694722, 13.0906094 ], [ 80.2694362, 13.0906171 ], [ 80.269405, 13.0906363 ], [ 80.2693822, 13.0906645 ], [ 80.269371, 13.0906961 ], [ 80.2693706, 13.0907295 ], [ 80.269381, 13.0907614 ], [ 80.2694012, 13.0907884 ], [ 80.2694222, 13.0908043 ], [ 80.2694465, 13.0908146 ], [ 80.2694728, 13.0908188 ], [ 80.2694992, 13.0908166 ], [ 80.2695244, 13.0908082 ], [ 80.2695508, 13.0907904 ], [ 80.2695706, 13.0907659 ], [ 80.2695821, 13.0907367 ], [ 80.2695843, 13.0907055 ], [ 80.269577, 13.0906753 ], [ 80.2695609, 13.0906485 ], [ 80.2695375, 13.0906274 ], [ 80.2695087, 13.0906139 ] ] } },
{ "type": "Feature", "properties": { "name": "Raja Muthiah Road", "highway": "secondary", "slope_pct": 0.6 }, "geometry": { "type": "LineString", "coordinates": [ [ 80.2695843, 13.0907055 ], [ 80.2697134, 13.0905989 ], [ 80.2698684, 13.0903481 ], [ 80.2699014, 13.09028 ], [ 80.2699315, 13.0901859 ], [ 80.269946, 13.0900973 ], [ 80.269919, 13.0894755 ], [ 80.2698748, 13.0885645 ] ] } },
{ "type": "Feature", "properties": { "name": "Raja Muthiah Road", "highway": "secondary", "slope_pct": 0.6 }, "geometry": { "type": "LineString", "coordinates": [ [ 80.2704317, 13.0843346 ], [ 80.27031, 13.0850537 ], [ 80.2702912, 13.0851927 ], [ 80.2701986, 13.085728 ], [ 80.2701711, 13.0865028 ], [ 80.2701574, 13.0866597 ], [ 80.2700194, 13.087023 ], [ 80.2697985, 13.0874368 ], [ 80.2697688, 13.0874924 ], [ 80.2697425, 13.0876286 ], [ 80.2697342, 13.0878362 ], [ 80.2697817, 13.0884598 ], [ 80.269854, 13.0894751 ], [ 80.2698864, 13.0900757 ], [ 80.2698823, 13.090189 ], [ 80.269838, 13.0903211 ], [ 80.2697323, 13.0904613 ], [ 80.2695764, 13.090584 ], [ 80.2695087, 13.0906139 ] ] } },
{ "type": "Feature", "properties": { "name": "Raja Muthiah Road", "highway": "secondary", "slope_pct": 0.6 }, "geometry": { "type": "LineString", "coordinates": [ [ 80.2698748, 13.0885645 ], [ 80.2698708, 13.0884649 ], [ 80.2698109, 13.0878303 ], [ 80.2698109, 13.0876409 ], [ 80.2698433, 13.0875146 ], [ 80.2698628, 13.08747 ], [ 80.2701397, 13.0868932 ], [ 80.2701946, 13.0867605 ], [ 80.2702287, 13.0866822 ], [ 80.2702453, 13.0865959 ], [ 80.2702574, 13.0859666 ], [ 80.2702767, 13.0857033 ], [ 80.2703704, 13.0852101 ], [ 80.2703889, 13.0851011 ], [ 80.2704641, 13.0845825 ], [ 80.270516, 13.0842968 ] ] } },
{ "type": "Feature", "properties": { "name": "Arterial Link", "highway": "residential", "slope_pct": 0.6 }, "geometry": { "type": "LineString", "coordinates": [ [ 80.2691979, 13.088458 ], [ 80.2691228, 13.0879954 ] ] } },
{ "type": "Feature", "properties": { "name": "Arterial Link", "highway": "residential", "slope_pct": 0.6 }, "geometry": { "type": "LineString", "coordinates": [ [ 80.2701574, 13.0866597 ], [ 80.2702287, 13.0866822 ] ] } },
{ "type": "Feature", "properties": { "name": "Arterial Link", "highway": "residential", "slope_pct": 0.6 }, "geometry": { "type": "LineString", "coordinates": [ [ 80.2698823, 13.090189 ], [ 80.2699315, 13.0901859 ], [ 80.2700804, 13.0901507 ], [ 80.2703397, 13.0900357 ], [ 80.2705758, 13.0899713 ], [ 80.2706902, 13.0899347 ], [ 80.2707635, 13.0899208 ], [ 80.2708851, 13.0899452 ], [ 80.2709835, 13.0900305 ], [ 80.2711408, 13.0904241 ] ] } },
{ "type": "Feature", "properties": { "name": "Arterial Link", "highway": "residential", "slope_pct": 0.6 }, "geometry": { "type": "LineString", "coordinates": [ [ 80.2693921, 13.0895398 ], [ 80.2693598, 13.0895137 ], [ 80.2693061, 13.0894702 ], [ 80.2692668, 13.0894526 ], [ 80.2692269, 13.0894423 ], [ 80.2691153, 13.0894367 ], [ 80.2688947, 13.0894256 ] ] } },
{ "type": "Feature", "properties": { "name": "Raja Muthiah Road", "highway": "secondary", "slope_pct": 0.6 }, "geometry": { "type": "LineString", "coordinates": [ [ 80.2704402, 13.0842894 ], [ 80.2704317, 13.0843346 ] ] } },
{ "type": "Feature", "properties": { "name": "Vepery High Road", "highway": "secondary", "slope_pct": 0.6 }, "geometry": { "type": "LineString", "coordinates": [ [ 80.2704317, 13.0843346 ], [ 80.270516, 13.0842968 ] ] } },
{ "type": "Feature", "properties": { "name": "Arterial Link", "highway": "residential", "slope_pct": 0.6 }, "geometry": { "type": "LineString", "coordinates": [ [ 80.2685296, 13.0849554 ], [ 80.2685716, 13.0854737 ] ] } },
{ "type": "Feature", "properties": { "name": "Arterial Link", "highway": "residential", "slope_pct": 0.6 }, "geometry": { "type": "LineString", "coordinates": [ [ 80.268682, 13.0848896 ], [ 80.2687002, 13.084949 ] ] } },
{ "type": "Feature", "properties": { "name": "Rasappa Chetty Street", "highway": "tertiary", "slope_pct": 0.6 }, "geometry": { "type": "LineString", "coordinates": [ [ 80.2808012, 13.0858803 ], [ 80.2800539, 13.0859403 ], [ 80.2796108, 13.0860059 ], [ 80.2792164, 13.086075 ], [ 80.2784418, 13.0861687 ], [ 80.2780241, 13.0862232 ], [ 80.277641, 13.0862999 ], [ 80.2773133, 13.0863687 ], [ 80.2768869, 13.0864359 ], [ 80.2766869, 13.0864702 ], [ 80.2757841, 13.0866209 ] ] } },
{ "type": "Feature", "properties": { "name": "Ponappa Street", "highway": "residential", "slope_pct": 0.6 }, "geometry": { "type": "LineString", "coordinates": [ [ 80.2757277, 13.087114 ], [ 80.2757763, 13.0871076 ], [ 80.2759667, 13.0870811 ], [ 80.2763509, 13.0870333 ], [ 80.2764784, 13.0870183 ], [ 80.2767576, 13.0869757 ], [ 80.2768377, 13.0869626 ], [ 80.2770534, 13.0869437 ], [ 80.2771888, 13.0869201 ], [ 80.2774275, 13.0868885 ], [ 80.2777786, 13.0868573 ], [ 80.278102, 13.0868147 ], [ 80.2781687, 13.0868004 ], [ 80.2782134, 13.0867948 ], [ 80.2785305, 13.0867284 ] ] } },
{ "type": "Feature", "properties": { "name": "Mannady Street", "highway": "residential", "slope_pct": 0.6 }, "geometry": { "type": "LineString", "coordinates": [ [ 80.277341, 13.0851219 ], [ 80.2770676, 13.085135 ], [ 80.2764704, 13.0851405 ], [ 80.2759538, 13.0851144 ] ] } },
{ "type": "Feature", "properties": { "name": "Bommu Street", "highway": "residential", "slope_pct": 0.6 }, "geometry": { "type": "LineString", "coordinates": [ [ 80.2758922, 13.0855752 ], [ 80.2767961, 13.0855698 ] ] } },
{ "type": "Feature", "properties": { "name": "Kalappa Street", "highway": "residential", "slope_pct": 0.6 }, "geometry": { "type": "LineString", "coordinates": [ [ 80.2771586, 13.0860978 ], [ 80.2770676, 13.085135 ] ] } },
{ "type": "Feature", "properties": { "name": "Subbu Street", "highway": "residential", "slope_pct": 0.6 }, "geometry": { "type": "LineString", "coordinates": [ [ 80.276837, 13.086013 ], [ 80.2758306, 13.0861146 ] ] } },
{ "type": "Feature", "properties": { "name": "Sivaram Street", "highway": "residential", "slope_pct": 0.6 }, "geometry": { "type": "LineString", "coordinates": [ [ 80.2768377, 13.0869626 ], [ 80.2769171, 13.08751 ], [ 80.276939, 13.0876805 ], [ 80.2769724, 13.0878657 ] ] } },
{ "type": "Feature", "properties": { "name": "Hanumantharayar Koil Street", "highway": "residential", "slope_pct": 0.6 }, "geometry": { "type": "LineString", "coordinates": [ [ 80.2788984, 13.0892892 ], [ 80.2781346, 13.0894236 ], [ 80.2779823, 13.0894689 ], [ 80.2776624, 13.0893863 ] ] } },
{ "type": "Feature", "properties": { "name": "Amman Koil Street", "highway": "residential", "slope_pct": 0.6 }, "geometry": { "type": "LineString", "coordinates": [ [ 80.276939, 13.0876805 ], [ 80.2766877, 13.0876922 ], [ 80.2764499, 13.0876718 ], [ 80.2761943, 13.0876517 ], [ 80.2756755, 13.0875928 ] ] } },
{ "type": "Feature", "properties": { "name": "Ravanai Street", "highway": "residential", "slope_pct": 0.6 }, "geometry": { "type": "LineString", "coordinates": [ [ 80.2769171, 13.08751 ], [ 80.2781557, 13.087302 ] ] } },
{ "type": "Feature", "properties": { "name": "Kesava Street", "highway": "residential", "slope_pct": 0.6 }, "geometry": { "type": "LineString", "coordinates": [ [ 80.2782422, 13.0879302 ], [ 80.2781557, 13.087302 ], [ 80.278102, 13.0868147 ] ] } },
{ "type": "Feature", "properties": { "name": "Ekambareswara Agraharam Street", "highway": "residential", "slope_pct": 0.6 }, "geometry": { "type": "LineString", "coordinates": [ [ 80.2786636, 13.0878546 ], [ 80.2782422, 13.0879302 ], [ 80.2772081, 13.0881027 ] ] } },
{ "type": "Feature", "properties": { "name": "SM Street", "highway": "residential", "slope_pct": 0.6 }, "geometry": { "type": "LineString", "coordinates": [ [ 80.2788316, 13.0890121 ], [ 80.2778861, 13.0891866 ] ] } },
{ "type": "Feature", "properties": { "name": "Akkon Das Street", "highway": "residential", "slope_pct": 0.6 }, "geometry": { "type": "LineString", "coordinates": [ [ 80.2787863, 13.0887496 ], [ 80.2791659, 13.0887405 ], [ 80.2796178, 13.0887148 ] ] } },
{ "type": "Feature", "properties": { "name": "Devaraju Mudali Street", "highway": "residential", "slope_pct": 0.6 }, "geometry": { "type": "LineString", "coordinates": [ [ 80.2807928, 13.088777 ], [ 80.2806529, 13.0883202 ], [ 80.2806359, 13.0882493 ], [ 80.2804193, 13.0873428 ], [ 80.2803189, 13.0870148 ], [ 80.2800539, 13.0859403 ], [ 80.2800612, 13.0856637 ] ] } },
{ "type": "Feature", "properties": { "name": "Ayya Pillai Street", "highway": "residential", "slope_pct": 0.6 }, "geometry": { "type": "LineString", "coordinates": [ [ 80.2795555, 13.0883624 ], [ 80.2799737, 13.0883133 ], [ 80.2806359, 13.0882493 ] ] } },
{ "type": "Feature", "properties": { "name": "Venkatachala Mudali Street", "highway": "residential", "slope_pct": 0.6 }, "geometry": { "type": "LineString", "coordinates": [ [ 80.2799737, 13.0883133 ], [ 80.2799467, 13.0879524 ], [ 80.2798872, 13.0873218 ], [ 80.2798558, 13.0870672 ], [ 80.2798294, 13.0869117 ], [ 80.2798148, 13.0868389 ], [ 80.2796108, 13.0860059 ] ] } },
{ "type": "Feature", "properties": { "name": "Raghunayakulu Street", "highway": "residential", "slope_pct": 0.6 }, "geometry": { "type": "LineString", "coordinates": [ [ 80.2791659, 13.0887405 ], [ 80.278946, 13.0871249 ], [ 80.2789171, 13.086919 ] ] } },
{ "type": "Feature", "properties": { "name": "Venkatarayan Street", "highway": "residential", "slope_pct": 0.6 }, "geometry": { "type": "LineString", "coordinates": [ [ 80.275339, 13.0903764 ], [ 80.275772, 13.0903497 ], [ 80.2762591, 13.0902821 ], [ 80.2763649, 13.0902685 ] ] } },
{ "type": "Feature", "properties": { "name": "Ponappan Lane", "highway": "residential", "slope_pct": 0.6 }, "geometry": { "type": "LineString", "coordinates": [ [ 80.2753952, 13.0899285 ], [ 80.275538, 13.0899439 ], [ 80.2761476, 13.0899436 ], [ 80.276357, 13.0899342 ], [ 80.2763618, 13.0899355 ], [ 80.2763648, 13.0899396 ], [ 80.2763669, 13.0899443 ] ] } },
{ "type": "Feature", "properties": { "name": "Badari Garden Lane", "highway": "residential", "slope_pct": 0.6 }, "geometry": { "type": "LineString", "coordinates": [ [ 80.2763669, 13.0899443 ], [ 80.2764091, 13.0902573 ], [ 80.2764078, 13.0902609 ], [ 80.2764035, 13.0902641 ] ] } },
{ "type": "Feature", "properties": { "name": "Edapalaiyam Street", "highway": "residential", "slope_pct": 0.6 }, "geometry": { "type": "LineString", "coordinates": [ [ 80.2776624, 13.0893863 ], [ 80.2774065, 13.0891616 ], [ 80.2772342, 13.089069 ], [ 80.2771008, 13.0889802 ], [ 80.2769599, 13.08894 ], [ 80.2768508, 13.0888913 ], [ 80.2767362, 13.0887765 ], [ 80.2766124, 13.088664 ], [ 80.2755492, 13.0885082 ] ] } },
{ "type": "Feature", "properties": { "name": "Bangarammai Street", "highway": "residential", "slope_pct": 0.6 }, "geometry": { "type": "LineString", "coordinates": [ [ 80.2767961, 13.0855698 ], [ 80.276837, 13.086013 ], [ 80.2768869, 13.0864359 ] ] } },
{ "type": "Feature", "properties": { "name": "Thanja Murugappa Street", "highway": "residential", "slope_pct": 0.6 }, "geometry": { "type": "LineString", "coordinates": [ [ 80.2778187, 13.0848462 ], [ 80.2777182, 13.0848477 ], [ 80.2774778, 13.0848635 ], [ 80.2772785, 13.0848741 ], [ 80.2770933, 13.084876 ], [ 80.2768331, 13.0848929 ], [ 80.2764665, 13.0849003 ] ] } },
{ "type": "Feature", "properties": { "name": "Ekambareswara Agraharam Street", "highway": "residential", "slope_pct": 0.6 }, "geometry": { "type": "LineString", "coordinates": [ [ 80.2772081, 13.0881027 ], [ 80.277302, 13.0885244 ], [ 80.278076, 13.0883903 ], [ 80.2787168, 13.0882864 ] ] } },
{ "type": "Feature", "properties": { "name": "Pilliyar Koil Street", "highway": "residential", "slope_pct": 0.6 }, "geometry": { "type": "LineString", "coordinates": [ [ 80.2765671, 13.0881343 ], [ 80.2762804, 13.0881147 ], [ 80.2759853, 13.0880846 ], [ 80.2756048, 13.0880409 ] ] } },
{ "type": "Feature", "properties": { "name": "Arterial Link", "highway": "secondary_link", "slope_pct": 0.6 }, "geometry": { "type": "LineString", "coordinates": [ [ 80.2793323, 13.0845727 ], [ 80.2792435, 13.0845852 ] ] } },
{ "type": "Feature", "properties": { "name": "Veerapan Street", "highway": "residential", "slope_pct": 0.6 }, "geometry": { "type": "LineString", "coordinates": [ [ 80.2779035, 13.0903885 ], [ 80.2781428, 13.0903466 ] ] } },
{ "type": "Feature", "properties": { "name": "Netaji Subhash Chandra Bose Road", "highway": "tertiary", "slope_pct": 0.6 }, "geometry": { "type": "LineString", "coordinates": [ [ 80.2811951, 13.0886905 ], [ 80.2807928, 13.088777 ], [ 80.2805956, 13.0888471 ], [ 80.2802807, 13.0889591 ], [ 80.280248, 13.0889707 ], [ 80.2796713, 13.089204 ], [ 80.2792606, 13.0893649 ], [ 80.2789136, 13.0894808 ] ] } },
{ "type": "Feature", "properties": { "name": "Rasappa Chetty Street", "highway": "tertiary", "slope_pct": 0.6 }, "geometry": { "type": "LineString", "coordinates": [ [ 80.2757841, 13.0866209 ], [ 80.2756751, 13.0866386 ] ] } },
{ "type": "Feature", "properties": { "name": "Venkatarayan Street", "highway": "residential", "slope_pct": 0.6 }, "geometry": { "type": "LineString", "coordinates": [ [ 80.2764035, 13.0902641 ], [ 80.2763649, 13.0902685 ] ] } },
{ "type": "Feature", "properties": { "name": "Arterial Link", "highway": "residential", "slope_pct": 0.6 }, "geometry": { "type": "LineString", "coordinates": [ [ 80.2773133, 13.0863687 ], [ 80.2772791, 13.0861744 ] ] } },
{ "type": "Feature", "properties": { "name": "Arterial Link", "highway": "residential", "slope_pct": 0.6 }, "geometry": { "type": "LineString", "coordinates": [ [ 80.2756048, 13.0880409 ], [ 80.2755401, 13.0880399 ] ] } },
{ "type": "Feature", "properties": { "name": "Elephant Gate Bridge Road", "highway": "secondary", "slope_pct": 0.6 }, "geometry": { "type": "LineString", "coordinates": [ [ 80.2695173, 13.0922579 ], [ 80.2695202, 13.0921719 ], [ 80.269518, 13.0921553 ], [ 80.2695114, 13.0921043 ], [ 80.2695067, 13.0920682 ], [ 80.2695029, 13.0920391 ], [ 80.2694895, 13.0919356 ], [ 80.2694875, 13.0919199 ], [ 80.269435, 13.0910326 ], [ 80.2694928, 13.0908724 ], [ 80.2695244, 13.0908082 ] ] } },
{ "type": "Feature", "properties": { "name": "Erulappan Street", "highway": "residential", "slope_pct": 0.6 }, "geometry": { "type": "LineString", "coordinates": [ [ 80.277525, 13.0931786 ], [ 80.2773846, 13.0926469 ], [ 80.2772482, 13.0921651 ], [ 80.2771256, 13.0917474 ], [ 80.2770168, 13.0913278 ], [ 80.2769651, 13.0910925 ], [ 80.2767971, 13.0907613 ] ] } },
{ "type": "Feature", "properties": { "name": "Netaji Subhash Chandra Bose Road", "highway": "tertiary", "slope_pct": 0.6 }, "geometry": { "type": "LineString", "coordinates": [ [ 80.2789136, 13.0894808 ], [ 80.2788201, 13.0895536 ], [ 80.2787008, 13.0896306 ], [ 80.2784772, 13.0897491 ], [ 80.2782533, 13.0898529 ], [ 80.2778554, 13.0900371 ], [ 80.2772636, 13.0903952 ], [ 80.2770963, 13.0905369 ], [ 80.2767971, 13.0907613 ], [ 80.2765243, 13.0909096 ], [ 80.2761788, 13.0910608 ], [ 80.2759504, 13.0911525 ], [ 80.275841, 13.0911991 ], [ 80.2754731, 13.0913559 ], [ 80.2752715, 13.091413 ] ] } },
{ "type": "Feature", "properties": { "name": "Arterial Link", "highway": "residential", "slope_pct": 0.6 }, "geometry": { "type": "LineString", "coordinates": [ [ 80.2702033, 13.0922816 ], [ 80.2703395, 13.0922139 ], [ 80.2707161, 13.0922086 ], [ 80.2710731, 13.0922638 ], [ 80.2712627, 13.0923399 ], [ 80.27147, 13.0924808 ], [ 80.2715555, 13.0924504 ], [ 80.2716388, 13.0923548 ], [ 80.271735, 13.0920106 ], [ 80.2716995, 13.0918416 ], [ 80.271313, 13.0908785 ], [ 80.2712917, 13.0908253 ] ] } },
{ "type": "Feature", "properties": { "name": "General Muthiah Street", "highway": "residential", "slope_pct": 0.6 }, "geometry": { "type": "LineString", "coordinates": [ [ 80.2772636, 13.0903952 ], [ 80.2774238, 13.0909886 ], [ 80.2775063, 13.0912603 ], [ 80.2775826, 13.091538 ], [ 80.2776515, 13.0917527 ], [ 80.2777592, 13.0921456 ], [ 80.2779943, 13.0930819 ] ] } },
{ "type": "Feature", "properties": { "name": "Veerapan Street", "highway": "residential", "slope_pct": 0.6 }, "geometry": { "type": "LineString", "coordinates": [ [ 80.2781386, 13.0921168 ], [ 80.2780906, 13.0917148 ], [ 80.2780604, 13.0915608 ], [ 80.2780035, 13.0912187 ], [ 80.2779646, 13.0909845 ], [ 80.2779425, 13.0906728 ], [ 80.2779035, 13.0903885 ], [ 80.2778554, 13.0900371 ] ] } },
{ "type": "Feature", "properties": { "name": "Mint Street", "highway": "residential", "slope_pct": 0.6 }, "geometry": { "type": "LineString", "coordinates": [ [ 80.2789136, 13.0894808 ], [ 80.2790662, 13.0903945 ], [ 80.2792333, 13.0913808 ], [ 80.2792627, 13.0915757 ], [ 80.2792763, 13.0916423 ], [ 80.2793299, 13.09197 ], [ 80.279421, 13.0927747 ] ] } },
{ "type": "Feature", "properties": { "name": "Wall Tax Road", "highway": "trunk", "slope_pct": 0.6 }, "geometry": { "type": "LineString", "coordinates": [ [ 80.2752715, 13.091413 ], [ 80.275339, 13.0903764 ], [ 80.2753952, 13.0899285 ], [ 80.2754368, 13.089477 ], [ 80.2754605, 13.0892544 ], [ 80.2754842, 13.0890318 ], [ 80.2755492, 13.0885082 ], [ 80.2755766, 13.0883189 ], [ 80.2756048, 13.0880409 ], [ 80.2756755, 13.0875928 ], [ 80.2756845, 13.0875354 ], [ 80.2757277, 13.087114 ], [ 80.2757841, 13.0866209 ] ] } },
{ "type": "Feature", "properties": { "name": "Arterial Link", "highway": "secondary", "slope_pct": 0.6 }, "geometry": { "type": "LineString", "coordinates": [ [ 80.2751074, 13.0923317 ], [ 80.2750369, 13.092306 ], [ 80.2748874, 13.0923196 ], [ 80.2748007, 13.0923368 ], [ 80.2747497, 13.0923469 ], [ 80.2746493, 13.0923901 ], [ 80.2745466, 13.0924594 ], [ 80.2745308, 13.0924749 ], [ 80.2744626, 13.0925415 ] ] } },
{ "type": "Feature", "properties": { "name": "Narayana Mudali Street 1", "highway": "residential", "slope_pct": 0.6 }, "geometry": { "type": "LineString", "coordinates": [ [ 80.2796713, 13.089204 ], [ 80.2797772, 13.0898328 ], [ 80.2797871, 13.0898991 ], [ 80.279835, 13.0902211 ], [ 80.2798928, 13.0906309 ], [ 80.2799319, 13.0910018 ], [ 80.2799619, 13.0912324 ], [ 80.2799688, 13.0913079 ], [ 80.2799679, 13.0913704 ], [ 80.2799664, 13.0914513 ], [ 80.2800671, 13.0921535 ], [ 80.2801565, 13.0926246 ] ] } },
{ "type": "Feature", "properties": { "name": "Elephant Gate Bridge Road", "highway": "secondary", "slope_pct": 0.6 }, "geometry": { "type": "LineString", "coordinates": [ [ 80.2718427, 13.0929094 ], [ 80.2714703, 13.0925618 ], [ 80.2714362, 13.0925287 ], [ 80.271156, 13.0923708 ], [ 80.2708696, 13.0923319 ], [ 80.2705807, 13.0923101 ] ] } },
{ "type": "Feature", "properties": { "name": "Elephant Gate Bridge Road", "highway": "secondary", "slope_pct": 0.6 }, "geometry": { "type": "LineString", "coordinates": [ [ 80.2705807, 13.0923101 ], [ 80.2702033, 13.0922816 ], [ 80.2698831, 13.0922575 ], [ 80.2696818, 13.0922011 ], [ 80.269518, 13.0921553 ], [ 80.2694304, 13.0921308 ] ] } },
{ "type": "Feature", "properties": { "name": "Elephant Gate Bridge Road", "highway": "secondary", "slope_pct": 0.6 }, "geometry": { "type": "LineString", "coordinates": [ [ 80.26944, 13.0922347 ], [ 80.2695173, 13.0922579 ], [ 80.2699102, 13.0923761 ], [ 80.2702207, 13.0923958 ], [ 80.2705742, 13.0924182 ] ] } },
{ "type": "Feature", "properties": { "name": "Arterial Link", "highway": "secondary_link", "slope_pct": 0.6 }, "geometry": { "type": "LineString", "coordinates": [ [ 80.2696818, 13.0922011 ], [ 80.2695973, 13.0921605 ], [ 80.2695545, 13.0921345 ], [ 80.2695114, 13.0921043 ] ] } },
{ "type": "Feature", "properties": { "name": "Elephant Gate Road", "highway": "residential", "slope_pct": 0.6 }, "geometry": { "type": "LineString", "coordinates": [ [ 80.2752963, 13.0923212 ], [ 80.2757373, 13.0922511 ], [ 80.2761456, 13.092217 ], [ 80.2764974, 13.0922108 ], [ 80.2769022, 13.0921911 ], [ 80.2772482, 13.0921651 ], [ 80.2777592, 13.0921456 ], [ 80.2781386, 13.0921168 ], [ 80.2783952, 13.0921058 ], [ 80.2788302, 13.0920575 ], [ 80.2793299, 13.09197 ] ] } },
{ "type": "Feature", "properties": { "name": "Kalathi Naickeni Street", "highway": "residential", "slope_pct": 0.6 }, "geometry": { "type": "LineString", "coordinates": [ [ 80.2771443, 13.0930863 ], [ 80.2770742, 13.0928369 ], [ 80.2769022, 13.0921911 ], [ 80.276805, 13.0918739 ], [ 80.2767309, 13.0915811 ], [ 80.2767388, 13.0915607 ], [ 80.2767807, 13.0915411 ], [ 80.2767873, 13.0915162 ], [ 80.2765243, 13.0909096 ] ] } },
{ "type": "Feature", "properties": { "name": "Vinayaka Street", "highway": "residential", "slope_pct": 0.6 }, "geometry": { "type": "LineString", "coordinates": [ [ 80.2789109, 13.0928401 ], [ 80.2788302, 13.0920575 ] ] } },
{ "type": "Feature", "properties": { "name": "Ramanuja Street", "highway": "residential", "slope_pct": 0.6 }, "geometry": { "type": "LineString", "coordinates": [ [ 80.2784963, 13.0929075 ], [ 80.2784539, 13.0925347 ], [ 80.2783952, 13.0921058 ] ] } },
{ "type": "Feature", "properties": { "name": "Mangappan Street", "highway": "residential", "slope_pct": 0.6 }, "geometry": { "type": "LineString", "coordinates": [ [ 80.2761788, 13.0910608 ], [ 80.2763049, 13.0915439 ], [ 80.2764974, 13.0922108 ], [ 80.2765476, 13.0924024 ], [ 80.2766545, 13.092874 ] ] } },
{ "type": "Feature", "properties": { "name": "Kondappa Street", "highway": "residential", "slope_pct": 0.6 }, "geometry": { "type": "LineString", "coordinates": [ [ 80.2762965, 13.0927851 ], [ 80.2761456, 13.092217 ], [ 80.275841, 13.0911991 ] ] } },
{ "type": "Feature", "properties": { "name": "Murugappan Street", "highway": "residential", "slope_pct": 0.6 }, "geometry": { "type": "LineString", "coordinates": [ [ 80.2758518, 13.0927171 ], [ 80.2757373, 13.0922511 ], [ 80.2754731, 13.0913559 ] ] } },
{ "type": "Feature", "properties": { "name": "Netaji Subhash Chandra Bose Road", "highway": "tertiary", "slope_pct": 0.6 }, "geometry": { "type": "LineString", "coordinates": [ [ 80.2752715, 13.091413 ], [ 80.2752039, 13.0914196 ] ] } },
{ "type": "Feature", "properties": { "name": "Wall Tax Road", "highway": "trunk", "slope_pct": 0.6 }, "geometry": { "type": "LineString", "coordinates": [ [ 80.2752986, 13.0924682 ], [ 80.2752963, 13.0923212 ], [ 80.2752715, 13.091413 ] ] } }
]
}
