{
"type": "FeatureCollection",
"name": "roads_28.631_77.213",
"crs": { "type": "name", "properties": { "name": "urn:ogc:def:crs:OGC:1.3:CRS84" } },
"features": [
{ "type": "Feature", "properties": { "name": "Baba Kharak Singh Marg", "highway": "secondary", "slope_pct": 0.6 }, "geometry": { "type": "LineString", "coordinates": [ [ 77.2060972, 28.6265641 ], [ 77.2059421, 28.6265468 ], [ 77.2058802, 28.6265348 ], [ 77.205781, 28.6265155 ], [ 77.2056555, 28.6264685 ], [ 77.20501, 28.6261805 ], [ 77.2048861, 28.6261252 ], [ 77.2042125, 28.6258248 ], [ 77.2031537, 28.6253525 ], [ 77.202902, 28.6252402 ], [ 77.2025207, 28.6250701 ], [ 77.2017408, 28.6247223 ], [ 77.2016133, 28.6246654 ], [ 77.2012196, 28.6244898 ], [ 77.20072, 28.6242474 ], [ 77.2005976, 28.624156 ], [ 77.2005428, 28.6240924 ], [ 77.2004925, 28.6239984 ] ] } },
{ "type": "Feature", "properties": { "name": "Kali Bari Marg", "highway": "tertiary", "slope_pct": 0.6 }, "geometry": { "type": "LineString", "coordinates": [ [ 77.1986002, 28.6316564 ], [ 77.1987098, 28.631596 ], [ 77.1994171, 28.6311592 ], [ 77.2001419, 28.6307099 ], [ 77.2002614, 28.6306409 ], [ 77.2009448, 28.6302461 ], [ 77.2009992, 28.6302147 ], [ 77.2010727, 28.6301722 ], [ 77.2013942, 28.6299865 ], [ 77.2014966, 28.6299273 ], [ 77.202798, 28.6292007 ], [ 77.2030554, 28.6290539 ], [ 77.2036839, 28.6287018 ], [ 77.2040052, 28.6285218 ], [ 77.2044376, 28.6282795 ], [ 77.2044852, 28.6282528 ], [ 77.2045958, 28.6281807 ], [ 77.2046024, 28.6281769 ], [ 77.2048703, 28.6280217 ], [ 77.2048735, 28.6280198 ], [ 77.20495, 28.6279731 ], [ 77.2049933, 28.6279481 ], [ 77.2050229, 28.627931 ] ] } },
{ "type": "Feature", "properties": { "name": "Baba Kharak Singh Marg", "highway": "secondary", "slope_pct": 0.6 }, "geometry": { "type": "LineString", "coordinates": [ [ 77.2002687, 28.6241997 ], [ 77.2005055, 28.6242748 ], [ 77.2011746, 28.6245418 ], [ 77.2013135, 28.6246042 ], [ 77.2015822, 28.624725 ], [ 77.2017057, 28.6247842 ], [ 77.2028716, 28.6253045 ], [ 77.2028965, 28.6253157 ], [ 77.203119, 28.6254158 ], [ 77.2048599, 28.6261983 ], [ 77.2056159, 28.6265381 ], [ 77.2057221, 28.6265893 ], [ 77.205819, 28.6266597 ], [ 77.2058241, 28.6266634 ], [ 77.2058697, 28.6267305 ], [ 77.205941, 28.6268512 ] ] } },
{ "type": "Feature", "properties": { "name": "Kali Bari Marg", "highway": "tertiary", "slope_pct": 0.6 }, "geometry": { "type": "LineString", "coordinates": [ [ 77.2050082, 28.6278548 ], [ 77.2049082, 28.6279196 ], [ 77.2048416, 28.6279644 ], [ 77.2048325, 28.6279706 ], [ 77.2046162, 28.6281026 ], [ 77.2045606, 28.6281365 ], [ 77.2045515, 28.6281424 ], [ 77.2044503, 28.6282084 ], [ 77.2044041, 28.6282343 ], [ 77.2039767, 28.6284738 ], [ 77.20365, 28.6286569 ], [ 77.2030179, 28.629011 ], [ 77.2022093, 28.6294641 ], [ 77.2014643, 28.6298815 ], [ 77.2010404, 28.6301264 ], [ 77.2009095, 28.630202 ], [ 77.2001083, 28.6306648 ], [ 77.1993833, 28.6311146 ], [ 77.1986768, 28.6315505 ], [ 77.1985669, 28.6316111 ] ] } },
{ "type": "Feature", "properties": { "name": "Ashoka Road", "highway": "secondary", "slope_pct": 0.6 }, "geometry": { "type": "LineString", "coordinates": [ [ 77.2073144, 28.6267676 ], [ 77.2073524, 28.626692 ], [ 77.2073974, 28.6266215 ], [ 77.2074197, 28.6265949 ], [ 77.2074549, 28.6265593 ], [ 77.2075131, 28.6265139 ], [ 77.2075965, 28.6264678 ], [ 77.2085785, 28.625897 ], [ 77.2089927, 28.6256562 ], [ 77.209104, 28.6255915 ] ] } },
{ "type": "Feature", "properties": { "name": "Sansad Marg", "highway": "secondary", "slope_pct": 0.6 }, "geometry": { "type": "LineString", "coordinates": [ [ 77.2129097, 28.6237991 ], [ 77.2130542, 28.6238697 ], [ 77.2131117, 28.6239194 ], [ 77.2131561, 28.6239756 ], [ 77.2133154, 28.6241953 ], [ 77.2133939, 28.6243036 ], [ 77.2134541, 28.6243867 ], [ 77.213741, 28.6247825 ], [ 77.2138113, 28.6248795 ], [ 77.2139809, 28.6251135 ], [ 77.2142151, 28.6254366 ], [ 77.2142769, 28.6255219 ], [ 77.2146413, 28.6260718 ], [ 77.2149372, 28.6265184 ], [ 77.2149546, 28.6265389 ], [ 77.2150807, 28.6266867 ], [ 77.2152509, 28.6268862 ], [ 77.2152956, 28.6269395 ], [ 77.2153592, 28.6270239 ], [ 77.2154047, 28.6270801 ], [ 77.2155756, 28.6272785 ] ] } },
{ "type": "Feature", "properties": { "name": "Baba Kharak Singh Marg", "highway": "secondary", "slope_pct": 0.6 }, "geometry": { "type": "LineString", "coordinates": [ [ 77.2087482, 28.6279397 ], [ 77.2088493, 28.6279857 ], [ 77.2089338, 28.6280242 ], [ 77.2094503, 28.6282595 ], [ 77.2094901, 28.6282776 ], [ 77.2102342, 28.6286164 ], [ 77.2102833, 28.6286388 ], [ 77.2104276, 28.6287045 ], [ 77.2105607, 28.6287651 ], [ 77.2118078, 28.6293103 ], [ 77.2145916, 28.6305415 ], [ 77.2159299, 28.6311799 ], [ 77.2161249, 28.6312729 ] ] } },
{ "type": "Feature", "properties": { "name": "Baba Kharak Singh Marg", "highway": "secondary", "slope_pct": 0.6 }, "geometry": { "type": "LineString", "coordinates": [ [ 77.2167421, 28.6314291 ], [ 77.2165448, 28.6313349 ], [ 77.2161964, 28.6311684 ], [ 77.2161049, 28.631128 ], [ 77.2160983, 28.6311251 ], [ 77.2156806, 28.6309426 ], [ 77.2151812, 28.6307244 ], [ 77.2148855, 28.630596 ], [ 77.2141649, 28.6302742 ], [ 77.2137216, 28.6300762 ], [ 77.2126948, 28.6296176 ], [ 77.2125849, 28.6295685 ], [ 77.2123345, 28.6294567 ], [ 77.2122494, 28.6294187 ], [ 77.2120317, 28.6293215 ], [ 77.2114802, 28.6290751 ], [ 77.2110572, 28.6288861 ], [ 77.21087, 28.6288025 ], [ 77.2106225, 28.628692 ], [ 77.208997, 28.6279508 ], [ 77.2088192, 28.6278692 ], [ 77.2087948, 28.627858 ], [ 77.2087143, 28.627821 ], [ 77.2085677, 28.6277537 ], [ 77.2082794, 28.6276215 ], [ 77.2082287, 28.6275982 ], [ 77.2075964, 28.627308 ], [ 77.2075005, 28.6272566 ], [ 77.2074934, 28.6272528 ], [ 77.2073157, 28.6271648 ] ] } },
{ "type": "Feature", "properties": { "name": "Ashoka Road", "highway": "secondary", "slope_pct": 0.6 }, "geometry": { "type": "LineString", "coordinates": [ [ 77.2131566, 28.6232603 ], [ 77.2132371, 28.6231798 ], [ 77.2134129, 28.6230632 ], [ 77.213833, 28.6228245 ], [ 77.2142791, 28.6225572 ], [ 77.2143045, 28.622542 ], [ 77.2143413, 28.6225199 ], [ 77.2146098, 28.6223628 ], [ 77.2152697, 28.6219766 ], [ 77.2153793, 28.6219358 ], [ 77.2154124, 28.6219235 ], [ 77.2156887, 28.6219119 ] ] } },
{ "type": "Feature", "properties": { "name": "Ashoka Road", "highway": "secondary", "slope_pct": 0.6 }, "geometry": { "type": "LineString", "coordinates": [ [ 77.2154693, 28.6216983 ], [ 77.215414, 28.621768 ], [ 77.2153566, 28.6218281 ], [ 77.2145678, 28.6223045 ], [ 77.2142368, 28.6225045 ], [ 77.213912, 28.6227006 ], [ 77.2138036, 28.6227661 ], [ 77.2133943, 28.6229992 ], [ 77.2132528, 28.6230798 ], [ 77.2131228, 28.6231027 ], [ 77.2128937, 28.6230497 ] ] } },
{ "type": "Feature", "properties": { "name": "Jai Singh Road", "highway": "tertiary", "slope_pct": 0.6 }, "geometry": { "type": "LineString", "coordinates": [ [ 77.2147019, 28.627188 ], [ 77.2144444, 28.6270742 ], [ 77.2144069, 28.6270576 ], [ 77.2141083, 28.6269256 ], [ 77.2137483, 28.6267696 ], [ 77.2134952, 28.6266567 ], [ 77.2130518, 28.6264589 ], [ 77.2130022, 28.6264357 ], [ 77.2129492, 28.626411 ], [ 77.212613, 28.6262669 ], [ 77.2125411, 28.6262408 ], [ 77.212459, 28.6262081 ], [ 77.2122843, 28.626142 ], [ 77.2121708, 28.6261036 ], [ 77.2117344, 28.625943 ], [ 77.21156, 28.6258548 ], [ 77.2114352, 28.6257292 ], [ 77.2110542, 28.6252681 ], [ 77.2108438, 28.6249697 ], [ 77.2107998, 28.6249073 ], [ 77.2106381, 28.6246947 ] ] } },
{ "type": "Feature", "properties": { "name": "Hanuman Road", "highway": "residential", "slope_pct": 0.6 }, "geometry": { "type": "LineString", "coordinates": [ [ 77.2171227, 28.6293694 ], [ 77.2169268, 28.6295622 ], [ 77.2168101, 28.6296771 ], [ 77.2165965, 28.6298785 ], [ 77.216565, 28.6298935 ], [ 77.2165342, 28.6299017 ], [ 77.216502, 28.6299035 ], [ 77.2164735, 28.629899 ], [ 77.216186, 28.6297712 ], [ 77.2161416, 28.6297515 ], [ 77.2160289, 28.6297026 ], [ 77.2158039, 28.6296033 ], [ 77.2148357, 28.6291694 ], [ 77.2129287, 28.6283371 ], [ 77.212842, 28.6282844 ], [ 77.2127844, 28.6282337 ], [ 77.2127589, 28.6281959 ], [ 77.2122322, 28.6274881 ], [ 77.2121465, 28.6273813 ], [ 77.2118507, 28.6270127 ], [ 77.2117102, 28.6268375 ], [ 77.2115964, 28.6267638 ], [ 77.2114205, 28.6267391 ], [ 77.2113018, 28.6267448 ], [ 77.2107525, 28.626771 ] ] } },
{ "type": "Feature", "properties": { "name": "Arterial Link", "highway": "residential", "slope_pct": 0.6 }, "geometry": { "type": "LineString", "coordinates": [ [ 77.2083499, 28.6299956 ], [ 77.2090837, 28.6299083 ], [ 77.2098072, 28.6298502 ], [ 77.2099131, 28.6297946 ], [ 77.2100204, 28.629658 ], [ 77.2101138, 28.6295075 ], [ 77.2101718, 28.6294188 ], [ 77.2101813, 28.6294043 ], [ 77.2104831, 28.6288958 ], [ 77.2105607, 28.6287651 ] ] } },
{ "type": "Feature", "properties": { "name": "Pandit Pant Marg", "highway": "tertiary", "slope_pct": 0.6 }, "geometry": { "type": "LineString", "coordinates": [ [ 77.2067774, 28.626355 ], [ 77.2067226, 28.6262914 ], [ 77.2066811, 28.6262195 ], [ 77.2066564, 28.6261767 ], [ 77.2066395, 28.6261278 ], [ 77.206622, 28.626043 ], [ 77.20661, 28.6259363 ], [ 77.20654, 28.6249678 ], [ 77.2065373, 28.6249307 ], [ 77.2065416, 28.6248576 ], [ 77.2065376, 28.6248272 ], [ 77.2065362, 28.6247627 ], [ 77.2065362, 28.6246834 ], [ 77.2065355, 28.6246078 ], [ 77.2065336, 28.6243938 ], [ 77.2065338, 28.6243013 ], [ 77.2065309, 28.6242618 ], [ 77.206511, 28.6239957 ], [ 77.2064717, 28.6236306 ], [ 77.2064707, 28.6236213 ], [ 77.2064305, 28.6230257 ], [ 77.2064173, 28.6227896 ], [ 77.2064092, 28.6226449 ], [ 77.206401, 28.6224983 ], [ 77.2063771, 28.6221731 ], [ 77.2063554, 28.6218791 ], [ 77.2063527, 28.6217639 ], [ 77.2063366, 28.621457 ], [ 77.2063286, 28.6213823 ], [ 77.2063126, 28.6212245 ], [ 77.2063071, 28.6211704 ], [ 77.2063018, 28.6210996 ], [ 77.2062937, 28.6209914 ], [ 77.2063178, 28.6209208 ], [ 77.2063504, 28.6208644 ] ] } },
{ "type": "Feature", "properties": { "name": "Pandit Pant Marg", "highway": "tertiary", "slope_pct": 0.6 }, "geometry": { "type": "LineString", "coordinates": [ [ 77.2061442, 28.6208702 ], [ 77.2061993, 28.6209255 ], [ 77.2062251, 28.6209725 ], [ 77.2062314, 28.6211022 ], [ 77.2062474, 28.6214324 ], [ 77.2062749, 28.62177 ], [ 77.2062995, 28.6221793 ], [ 77.2063172, 28.6224732 ], [ 77.2063513, 28.6230891 ], [ 77.2063579, 28.6231854 ], [ 77.2063906, 28.6236588 ], [ 77.2064255, 28.6241064 ], [ 77.2064258, 28.6241913 ], [ 77.2064322, 28.6242554 ], [ 77.2064357, 28.6242902 ], [ 77.206437, 28.6243938 ], [ 77.2064572, 28.6246025 ], [ 77.2064625, 28.6246574 ], [ 77.2064625, 28.6247646 ], [ 77.2064586, 28.6248392 ], [ 77.2064611, 28.6248717 ], [ 77.206458, 28.6249288 ], [ 77.206459, 28.6249511 ], [ 77.206454, 28.625002 ], [ 77.2065201, 28.625941 ], [ 77.2065172, 28.6261715 ], [ 77.2065103, 28.6261983 ], [ 77.2064961, 28.6262278 ], [ 77.2064735, 28.6262747 ], [ 77.2064398, 28.6263166 ], [ 77.2064063, 28.6263471 ], [ 77.2063447, 28.6263996 ] ] } },
{ "type": "Feature", "properties": { "name": "Mahadev Road", "highway": "residential", "slope_pct": 0.6 }, "geometry": { "type": "LineString", "coordinates": [ [ 77.2064961, 28.6248376 ], [ 77.2065376, 28.6248272 ], [ 77.2065671, 28.6248199 ], [ 77.2066592, 28.6247769 ], [ 77.2072451, 28.6244407 ], [ 77.2095859, 28.6231232 ], [ 77.2107321, 28.6224835 ] ] } },
{ "type": "Feature", "properties": { "name": "Arterial Link", "highway": "residential", "slope_pct": 0.6 }, "geometry": { "type": "LineString", "coordinates": [ [ 77.2066592, 28.6247769 ], [ 77.2066757, 28.6249465 ], [ 77.2066918, 28.6249882 ], [ 77.206725, 28.6250267 ], [ 77.2074696, 28.6253249 ], [ 77.2075159, 28.6253326 ], [ 77.2075634, 28.6253214 ], [ 77.2102117, 28.6238102 ], [ 77.2106274, 28.6236141 ], [ 77.2108928, 28.6235361 ], [ 77.2112209, 28.6235256 ], [ 77.2116022, 28.6235454 ] ] } },
{ "type": "Feature", "properties": { "name": "Arterial Link", "highway": "residential", "slope_pct": 0.6 }, "geometry": { "type": "LineString", "coordinates": [ [ 77.2050673, 28.6224778 ], [ 77.2049247, 28.6224528 ], [ 77.2047954, 28.6224681 ], [ 77.2046654, 28.6225254 ], [ 77.204594, 28.6225846 ], [ 77.2045215, 28.6226953 ], [ 77.2044975, 28.6227954 ], [ 77.2045041, 28.6228498 ], [ 77.204513, 28.6229224 ], [ 77.2045535, 28.6230055 ], [ 77.2046475, 28.623103 ], [ 77.2047366, 28.6231528 ], [ 77.2049321, 28.6231877 ], [ 77.2051321, 28.623135 ], [ 77.2052416, 28.6230509 ], [ 77.2052826, 28.6229971 ], [ 77.2053293, 28.6228762 ], [ 77.2053287, 28.6227743 ], [ 77.2053286, 28.6227607 ], [ 77.2052399, 28.622588 ], [ 77.2050673, 28.6224778 ] ] } },
{ "type": "Feature", "properties": { "name": "Arterial Link", "highway": "residential", "slope_pct": 0.6 }, "geometry": { "type": "LineString", "coordinates": [ [ 77.2050673, 28.6224778 ], [ 77.2053617, 28.6219831 ], [ 77.2054551, 28.6218262 ], [ 77.2055103, 28.6217963 ], [ 77.2055717, 28.6217811 ], [ 77.2062749, 28.62177 ], [ 77.2063527, 28.6217639 ], [ 77.2070163, 28.6217262 ], [ 77.2070908, 28.621738 ], [ 77.2071554, 28.6217702 ], [ 77.2074072, 28.6221128 ], [ 77.2074834, 28.6222165 ], [ 77.2075269, 28.6230981 ], [ 77.2075246, 28.623133 ], [ 77.2075099, 28.6231648 ], [ 77.2072379, 28.6236003 ] ] } },
{ "type": "Feature", "properties": { "name": "Bhai Vir Singh Marg", "highway": "tertiary", "slope_pct": 0.6 }, "geometry": { "type": "LineString", "coordinates": [ [ 77.2050082, 28.6278548 ], [ 77.2050229, 28.627931 ], [ 77.2050342, 28.628026 ], [ 77.2051325, 28.628854 ], [ 77.2051358, 28.6288818 ], [ 77.2051867, 28.6295391 ], [ 77.205215, 28.6298348 ], [ 77.2052931, 28.6306497 ], [ 77.2053116, 28.6309181 ], [ 77.2053869, 28.6320118 ], [ 77.2054192, 28.6326364 ] ] } },
{ "type": "Feature", "properties": { "name": "Mahadev Road", "highway": "residential", "slope_pct": 0.6 }, "geometry": { "type": "LineString", "coordinates": [ [ 77.2107321, 28.6224835 ], [ 77.2108606, 28.6226384 ], [ 77.2111067, 28.6229352 ], [ 77.2112594, 28.6231193 ], [ 77.2114443, 28.6233491 ], [ 77.2116022, 28.6235454 ], [ 77.2117521, 28.6237314 ], [ 77.211879, 28.6238889 ] ] } },
{ "type": "Feature", "properties": { "name": "Arterial Link", "highway": "residential", "slope_pct": 0.6 }, "geometry": { "type": "LineString", "coordinates": [ [ 77.2044852, 28.6282528 ], [ 77.2045537, 28.6284662 ], [ 77.2046454, 28.6290343 ], [ 77.204663, 28.6292226 ], [ 77.2046922, 28.62985 ], [ 77.2047149, 28.6303385 ], [ 77.2047924, 28.6309916 ], [ 77.2048376, 28.6326628 ] ] } },
{ "type": "Feature", "properties": { "name": "Arterial Link", "highway": "residential", "slope_pct": 0.6 }, "geometry": { "type": "LineString", "coordinates": [ [ 77.204663, 28.6292226 ], [ 77.2038331, 28.6297293 ], [ 77.203383, 28.6300041 ], [ 77.2030011, 28.6302372 ], [ 77.2029776, 28.6302831 ], [ 77.2029793, 28.6303264 ], [ 77.2033684, 28.6309784 ], [ 77.2039854, 28.6318852 ], [ 77.2046226, 28.6326039 ], [ 77.2046627, 28.6326385 ], [ 77.2047164, 28.6326562 ], [ 77.2047719, 28.6326592 ], [ 77.2048376, 28.6326628 ], [ 77.2049918, 28.6326713 ], [ 77.2052119, 28.6326533 ], [ 77.2054192, 28.6326364 ] ] } },
{ "type": "Feature", "properties": { "name": "Imtiaz Khan Marg", "highway": "residential", "slope_pct": 0.6 }, "geometry": { "type": "LineString", "coordinates": [ [ 77.2095859, 28.6231232 ], [ 77.2093486, 28.6227793 ], [ 77.2093181, 28.622735 ], [ 77.2091774, 28.6225161 ], [ 77.2090833, 28.6220134 ] ] } },
{ "type": "Feature", "properties": { "name": "Arterial Link", "highway": "residential", "slope_pct": 0.6 }, "geometry": { "type": "LineString", "coordinates": [ [ 77.2148357, 28.6291694 ], [ 77.2146565, 28.629467 ], [ 77.2144904, 28.6297429 ], [ 77.2144827, 28.6297556 ], [ 77.2142771, 28.6300841 ], [ 77.2141649, 28.6302742 ] ] } },
{ "type": "Feature", "properties": { "name": "Hanuman Lane", "highway": "residential", "slope_pct": 0.6 }, "geometry": { "type": "LineString", "coordinates": [ [ 77.2144904, 28.6297429 ], [ 77.2129992, 28.6290829 ], [ 77.212442, 28.6288448 ], [ 77.2124259, 28.6288368 ], [ 77.212415, 28.628826 ], [ 77.2124081, 28.6288111 ], [ 77.2124072, 28.6287963 ], [ 77.2124128, 28.6287798 ], [ 77.2127589, 28.6281959 ] ] } },
{ "type": "Feature", "properties": { "name": "Arterial Link", "highway": "residential", "slope_pct": 0.6 }, "geometry": { "type": "LineString", "coordinates": [ [ 77.2161416, 28.6297515 ], [ 77.2163268, 28.6293757 ], [ 77.2163295, 28.6293585 ], [ 77.2163269, 28.6293433 ], [ 77.2163173, 28.6293259 ], [ 77.2162988, 28.6293105 ], [ 77.2137095, 28.6281504 ], [ 77.2129548, 28.6278123 ], [ 77.212884, 28.6277595 ], [ 77.2128099, 28.6276781 ], [ 77.2125057, 28.6272405 ] ] } },
{ "type": "Feature", "properties": { "name": "Arterial Link", "highway": "residential", "slope_pct": 0.6 }, "geometry": { "type": "LineString", "coordinates": [ [ 77.2112594, 28.6231193 ], [ 77.2120976, 28.6226383 ] ] } },
{ "type": "Feature", "properties": { "name": "Bhai Vir Singh Marg", "highway": "tertiary", "slope_pct": 0.6 }, "geometry": { "type": "LineString", "coordinates": [ [ 77.2055004, 28.6326289 ], [ 77.2054609, 28.6319063 ], [ 77.2054554, 28.6317627 ], [ 77.2054519, 28.6316704 ], [ 77.2054452, 28.6315528 ], [ 77.2054292, 28.6312718 ], [ 77.2054285, 28.6312589 ], [ 77.2053985, 28.6308446 ], [ 77.2053929, 28.6307711 ], [ 77.2053642, 28.6303853 ], [ 77.2053017, 28.6295469 ], [ 77.205281, 28.6292391 ], [ 77.2052373, 28.6285911 ], [ 77.2052, 28.628005 ], [ 77.2051998, 28.6280025 ], [ 77.2051876, 28.6278831 ], [ 77.2051833, 28.6278414 ], [ 77.2051588, 28.6277467 ] ] } },
{ "type": "Feature", "properties": { "name": "Ashoka Road", "highway": "secondary", "slope_pct": 0.6 }, "geometry": { "type": "LineString", "coordinates": [ [ 77.2123092, 28.623551 ], [ 77.2122863, 28.6236151 ], [ 77.2122432, 28.6236748 ], [ 77.2121449, 28.6237326 ], [ 77.211879, 28.6238889 ], [ 77.211683, 28.6240025 ], [ 77.2113575, 28.6241911 ], [ 77.2112558, 28.62425 ], [ 77.2106326, 28.624611 ], [ 77.2086041, 28.6257824 ], [ 77.2085197, 28.6258311 ], [ 77.2077838, 28.6262561 ], [ 77.2074881, 28.6264269 ], [ 77.2074001, 28.6264691 ], [ 77.2073597, 28.6264842 ], [ 77.2072899, 28.6264951 ], [ 77.2072343, 28.626496 ], [ 77.2071947, 28.6264927 ], [ 77.2070753, 28.6264735 ] ] } },
{ "type": "Feature", "properties": { "name": "Sansad Marg", "highway": "tertiary", "slope_pct": 0.6 }, "geometry": { "type": "LineString", "coordinates": [ [ 77.2118284, 28.6222536 ], [ 77.2120976, 28.6226383 ], [ 77.2123534, 28.6230038 ] ] } },
{ "type": "Feature", "properties": { "name": "Arterial Link", "highway": "residential", "slope_pct": 0.6 }, "geometry": { "type": "LineString", "coordinates": [ [ 77.2051325, 28.628854 ], [ 77.2049966, 28.628973 ], [ 77.2049765, 28.6290142 ], [ 77.2049712, 28.6290577 ], [ 77.2050195, 28.6298405 ], [ 77.2050268, 28.629923 ], [ 77.2050973, 28.6309314 ], [ 77.2051005, 28.6309778 ], [ 77.2051422, 28.6315749 ], [ 77.2051901, 28.6323186 ], [ 77.2052119, 28.6326533 ], [ 77.205276, 28.6331628 ] ] } },
{ "type": "Feature", "properties": { "name": "Arterial Link", "highway": "residential", "slope_pct": 0.6 }, "geometry": { "type": "LineString", "coordinates": [ [ 77.2114389, 28.6299742 ], [ 77.2109891, 28.6297677 ], [ 77.2104759, 28.6295358 ], [ 77.2101813, 28.6294043 ] ] } },
{ "type": "Feature", "properties": { "name": "Arterial Link", "highway": "residential", "slope_pct": 0.6 }, "geometry": { "type": "LineString", "coordinates": [ [ 77.2082759, 28.6288297 ], [ 77.2084788, 28.6289045 ], [ 77.2084908, 28.6289089 ], [ 77.2088744, 28.6290504 ], [ 77.2092008, 28.6291708 ], [ 77.2097543, 28.6293749 ], [ 77.2097847, 28.6293861 ], [ 77.2101138, 28.6295075 ] ] } },
{ "type": "Feature", "properties": { "name": "Sansad Marg", "highway": "secondary", "slope_pct": 0.6 }, "geometry": { "type": "LineString", "coordinates": [ [ 77.2153661, 28.6269024 ], [ 77.2153221, 28.6268468 ], [ 77.2151697, 28.6266478 ], [ 77.215048, 28.6264888 ], [ 77.2150364, 28.6264736 ], [ 77.2149337, 28.6263101 ], [ 77.2146385, 28.62584 ], [ 77.2145456, 28.6256919 ], [ 77.2142058, 28.6252021 ], [ 77.2138409, 28.6247208 ], [ 77.213487, 28.624254 ], [ 77.2132512, 28.623943 ], [ 77.2131615, 28.6237755 ], [ 77.2131594, 28.6235884 ] ] } },
{ "type": "Feature", "properties": { "name": "Arterial Link", "highway": "residential", "slope_pct": 0.6 }, "geometry": { "type": "LineString", "coordinates": [ [ 77.2098199, 28.6292728 ], [ 77.2101718, 28.6294188 ] ] } },
{ "type": "Feature", "properties": { "name": "Bangla Sahib Road", "highway": "tertiary", "slope_pct": 0.6 }, "geometry": { "type": "LineString", "coordinates": [ [ 77.2086619, 28.6279006 ], [ 77.2085417, 28.6281188 ], [ 77.2082957, 28.6285467 ], [ 77.2082067, 28.628757 ], [ 77.2082012, 28.6289464 ], [ 77.2081998, 28.6289944 ], [ 77.208244, 28.6296196 ], [ 77.2082512, 28.6297216 ], [ 77.2083094, 28.6305329 ], [ 77.2083353, 28.6311697 ], [ 77.2083795, 28.6319387 ], [ 77.2083961, 28.6321597 ], [ 77.2084196, 28.632474 ], [ 77.2084881, 28.6334242 ], [ 77.2084952, 28.6335228 ] ] } },
{ "type": "Feature", "properties": { "name": "Baba Kharak Singh Marg", "highway": "secondary", "slope_pct": 0.6 }, "geometry": { "type": "LineString", "coordinates": [ [ 77.2072094, 28.6273431 ], [ 77.2073834, 28.627365 ], [ 77.2074126, 28.6273734 ], [ 77.2076452, 28.6274399 ], [ 77.2076632, 28.6274481 ], [ 77.2083542, 28.6277612 ], [ 77.2085166, 28.6278348 ], [ 77.2086329, 28.6278875 ], [ 77.2086619, 28.6279006 ] ] } },
{ "type": "Feature", "properties": { "name": "Bangla Sahib Road", "highway": "tertiary", "slope_pct": 0.6 }, "geometry": { "type": "LineString", "coordinates": [ [ 77.2085003, 28.6324712 ], [ 77.2084641, 28.6319346 ], [ 77.2084102, 28.63116 ], [ 77.2083499, 28.6299956 ], [ 77.2083236, 28.6296203 ], [ 77.2082728, 28.6289321 ], [ 77.2082759, 28.6288297 ], [ 77.2083305, 28.6287263 ], [ 77.208669, 28.6280889 ], [ 77.2087086, 28.6280143 ], [ 77.2087342, 28.6279661 ], [ 77.2087482, 28.6279397 ] ] } },
{ "type": "Feature", "properties": { "name": "Sansad Marg", "highway": "tertiary", "slope_pct": 0.6 }, "geometry": { "type": "LineString", "coordinates": [ [ 77.2124319, 28.622968 ], [ 77.2122413, 28.6227097 ], [ 77.211673, 28.6219354 ], [ 77.2116577, 28.6219145 ], [ 77.211626, 28.6218713 ], [ 77.2114998, 28.6216993 ] ] } },
{ "type": "Feature", "properties": { "name": "Arterial Link", "highway": "residential", "slope_pct": 0.6 }, "geometry": { "type": "LineString", "coordinates": [ [ 77.2114963, 28.6298604 ], [ 77.2117262, 28.6294544 ], [ 77.2118078, 28.6293103 ] ] } },
{ "type": "Feature", "properties": { "name": "Gol Dakkhana Roundabout", "highway": "secondary", "slope_pct": 0.6 }, "geometry": { "type": "LineString", "coordinates": [ [ 77.2070753, 28.6264735 ], [ 77.2070212, 28.6264403 ], [ 77.2069639, 28.6264116 ], [ 77.2069038, 28.6263877 ], [ 77.2068415, 28.6263687 ], [ 77.2067774, 28.626355 ] ] } },
{ "type": "Feature", "properties": { "name": "Doctor Bishamber Dass Lane", "highway": "residential", "slope_pct": 0.6 }, "geometry": { "type": "LineString", "coordinates": [ [ 77.206454, 28.625002 ], [ 77.2057758, 28.6253367 ], [ 77.2057034, 28.6253473 ], [ 77.2056328, 28.6253426 ], [ 77.2053955, 28.6252355 ], [ 77.2047998, 28.6249667 ], [ 77.204126, 28.624665 ], [ 77.2034498, 28.6243688 ], [ 77.2030802, 28.6241987 ], [ 77.2029398, 28.6241341 ], [ 77.2021643, 28.6237829 ] ] } },
{ "type": "Feature", "properties": { "name": "Arterial Link", "highway": "residential", "slope_pct": 0.6 }, "geometry": { "type": "LineString", "coordinates": [ [ 77.2051321, 28.623135 ], [ 77.2058788, 28.6240035 ] ] } },
{ "type": "Feature", "properties": { "name": "Bhai Vir Singh Marg", "highway": "tertiary", "slope_pct": 0.6 }, "geometry": { "type": "LineString", "coordinates": [ [ 77.2050229, 28.627931 ], [ 77.2051833, 28.6278414 ], [ 77.2053143, 28.6277624 ], [ 77.2053183, 28.62776 ], [ 77.2057449, 28.6274996 ], [ 77.2058195, 28.6274541 ], [ 77.2058932, 28.6274315 ], [ 77.2059237, 28.6274276 ], [ 77.205973, 28.6274214 ], [ 77.2062655, 28.6274992 ] ] } },
{ "type": "Feature", "properties": { "name": "Kali Bari Lane", "highway": "residential", "slope_pct": 0.6 }, "geometry": { "type": "LineString", "coordinates": [ [ 77.2048599, 28.6261983 ], [ 77.204623, 28.6266453 ], [ 77.2046028, 28.6266833 ], [ 77.2044662, 28.62695 ], [ 77.204361, 28.6271554 ], [ 77.2043494, 28.6271722 ], [ 77.2043357, 28.627187 ], [ 77.2041723, 28.627279 ], [ 77.2030775, 28.6278951 ], [ 77.2027048, 28.6281056 ], [ 77.2025033, 28.6282194 ], [ 77.201786, 28.6286245 ], [ 77.2017565, 28.6286354 ], [ 77.2017257, 28.6286369 ], [ 77.2016927, 28.628627 ] ] } },
{ "type": "Feature", "properties": { "name": "Arterial Link", "highway": "tertiary", "slope_pct": 0.6 }, "geometry": { "type": "LineString", "coordinates": [ [ 77.2059456, 28.6271043 ], [ 77.205857, 28.627265 ], [ 77.2058215, 28.6273054 ], [ 77.2057611, 28.6273744 ], [ 77.2052508, 28.6276831 ], [ 77.2052435, 28.6276875 ], [ 77.2051839, 28.6277292 ], [ 77.2051588, 28.6277467 ], [ 77.2051345, 28.6277641 ], [ 77.2050082, 28.6278548 ] ] } },
{ "type": "Feature", "properties": { "name": "Gol Dakkhana Roundabout", "highway": "secondary", "slope_pct": 0.6 }, "geometry": { "type": "LineString", "coordinates": [ [ 77.2059915, 28.627225 ], [ 77.2060418, 28.6273062 ], [ 77.2061052, 28.62738 ], [ 77.2061803, 28.6274448 ], [ 77.2062655, 28.6274992 ], [ 77.206359, 28.6275419 ], [ 77.2064585, 28.627572 ], [ 77.2065621, 28.6275889 ], [ 77.206617, 28.6275946 ], [ 77.206772, 28.6275819 ], [ 77.2068738, 28.6275581 ], [ 77.2069704, 28.6275214 ], [ 77.2070599, 28.6274726 ], [ 77.2071401, 28.6274127 ], [ 77.2072094, 28.6273431 ] ] } },
{ "type": "Feature", "properties": { "name": "Gol Dakkhana Roundabout", "highway": "secondary", "slope_pct": 0.6 }, "geometry": { "type": "LineString", "coordinates": [ [ 77.205941, 28.6268512 ], [ 77.2059311, 28.6269143 ], [ 77.2059286, 28.6269779 ], [ 77.2059334, 28.6270415 ], [ 77.2059456, 28.6271043 ], [ 77.205965, 28.6271657 ], [ 77.2059915, 28.627225 ] ] } },
{ "type": "Feature", "properties": { "name": "Gol Dakkhana Roundabout", "highway": "secondary", "slope_pct": 0.6 }, "geometry": { "type": "LineString", "coordinates": [ [ 77.2063447, 28.6263996 ], [ 77.2062755, 28.6264315 ], [ 77.2062106, 28.6264699 ], [ 77.2061509, 28.6265143 ], [ 77.2060972, 28.6265641 ] ] } },
{ "type": "Feature", "properties": { "name": "Gol Dakkhana Roundabout", "highway": "secondary", "slope_pct": 0.6 }, "geometry": { "type": "LineString", "coordinates": [ [ 77.2073157, 28.6271648 ], [ 77.2073316, 28.6271162 ], [ 77.207343, 28.6270667 ], [ 77.2073498, 28.6270166 ], [ 77.207352, 28.6269661 ], [ 77.2073495, 28.6269156 ], [ 77.2073423, 28.6268655 ], [ 77.2073306, 28.6268161 ], [ 77.2073144, 28.6267676 ] ] } },
{ "type": "Feature", "properties": { "name": "Gol Dakkhana Roundabout", "highway": "secondary", "slope_pct": 0.6 }, "geometry": { "type": "LineString", "coordinates": [ [ 77.2067774, 28.626355 ], [ 77.2066897, 28.6263448 ], [ 77.2066012, 28.6263442 ], [ 77.2065133, 28.6263533 ], [ 77.2064274, 28.6263718 ], [ 77.2063447, 28.6263996 ] ] } },
{ "type": "Feature", "properties": { "name": "Gol Dakkhana Roundabout", "highway": "secondary", "slope_pct": 0.6 }, "geometry": { "type": "LineString", "coordinates": [ [ 77.2073144, 28.6267676 ], [ 77.2072738, 28.6266833 ], [ 77.2072196, 28.6266051 ], [ 77.2071529, 28.6265346 ], [ 77.2070753, 28.6264735 ] ] } },
{ "type": "Feature", "properties": { "name": "Gol Dakkhana Roundabout", "highway": "secondary", "slope_pct": 0.6 }, "geometry": { "type": "LineString", "coordinates": [ [ 77.2060972, 28.6265641 ], [ 77.2060426, 28.6266286 ], [ 77.2059979, 28.6266988 ], [ 77.2059639, 28.6267734 ], [ 77.205941, 28.6268512 ] ] } },
{ "type": "Feature", "properties": { "name": "Arterial Link", "highway": "tertiary_link", "slope_pct": 0.6 }, "geometry": { "type": "LineString", "coordinates": [ [ 77.2065201, 28.625941 ], [ 77.20661, 28.6259363 ] ] } },
{ "type": "Feature", "properties": { "name": "Gol Dakkhana Roundabout", "highway": "secondary", "slope_pct": 0.6 }, "geometry": { "type": "LineString", "coordinates": [ [ 77.2072094, 28.6273431 ], [ 77.2072421, 28.6273015 ], [ 77.2072708, 28.6272577 ], [ 77.2072954, 28.6272121 ], [ 77.2073157, 28.6271648 ] ] } },
{ "type": "Feature", "properties": { "name": "Doctor Bishamber Dass Marg", "highway": "residential", "slope_pct": 0.6 }, "geometry": { "type": "LineString", "coordinates": [ [ 77.2021014, 28.6229656 ], [ 77.2030805, 28.6234147 ], [ 77.2033222, 28.6235197 ], [ 77.203418, 28.6235613 ], [ 77.2036671, 28.6236696 ], [ 77.2038327, 28.6237414 ], [ 77.2045057, 28.6240337 ], [ 77.2050927, 28.6242887 ], [ 77.2051709, 28.6243227 ], [ 77.2052094, 28.6243394 ], [ 77.2056465, 28.6245293 ], [ 77.2063386, 28.6248299 ], [ 77.2064129, 28.6248411 ], [ 77.2064586, 28.6248392 ] ] } },
{ "type": "Feature", "properties": { "name": "Arterial Link", "highway": "residential", "slope_pct": 0.6 }, "geometry": { "type": "LineString", "coordinates": [ [ 77.2072451, 28.6244407 ], [ 77.2070096, 28.6244126 ], [ 77.2069131, 28.6243949 ], [ 77.2068098, 28.6243738 ], [ 77.2066891, 28.6243408 ], [ 77.206614, 28.6243184 ], [ 77.2065309, 28.6242618 ] ] } },
{ "type": "Feature", "properties": { "name": "Arterial Link", "highway": "residential", "slope_pct": 0.6 }, "geometry": { "type": "LineString", "coordinates": [ [ 77.204943, 28.626827 ], [ 77.2050825, 28.6266163 ] ] } },
{ "type": "Feature", "properties": { "name": "Arterial Link", "highway": "residential", "slope_pct": 0.6 }, "geometry": { "type": "LineString", "coordinates": [ [ 77.2050171, 28.6277027 ], [ 77.2049383, 28.627651 ], [ 77.2045702, 28.6274521 ], [ 77.204796, 28.6270734 ], [ 77.204943, 28.626827 ], [ 77.2046742, 28.6267135 ] ] } },
{ "type": "Feature", "properties": { "name": "Arterial Link", "highway": "residential", "slope_pct": 0.6 }, "geometry": { "type": "LineString", "coordinates": [ [ 77.2036854, 28.6239513 ], [ 77.2043812, 28.6242514 ], [ 77.2049184, 28.6244947 ], [ 77.2050498, 28.6245542 ], [ 77.2056887, 28.6248435 ] ] } },
{ "type": "Feature", "properties": { "name": "Arterial Link", "highway": "residential", "slope_pct": 0.6 }, "geometry": { "type": "LineString", "coordinates": [ [ 77.2045312, 28.6269743 ], [ 77.204796, 28.6270734 ] ] } },
{ "type": "Feature", "properties": { "name": "Arterial Link", "highway": "residential", "slope_pct": 0.6 }, "geometry": { "type": "LineString", "coordinates": [ [ 77.204943, 28.626827 ], [ 77.2050918, 28.6268972 ], [ 77.2051798, 28.6269758 ], [ 77.205245, 28.6270544 ] ] } },
{ "type": "Feature", "properties": { "name": "Arterial Link", "highway": "residential", "slope_pct": 0.6 }, "geometry": { "type": "LineString", "coordinates": [ [ 77.2072379, 28.6236003 ], [ 77.2064717, 28.6236306 ] ] } },
{ "type": "Feature", "properties": { "name": "Arterial Link", "highway": "residential", "slope_pct": 0.6 }, "geometry": { "type": "LineString", "coordinates": [ [ 77.204623, 28.6266453 ], [ 77.2032693, 28.6260352 ] ] } },
{ "type": "Feature", "properties": { "name": "Arterial Link", "highway": "residential", "slope_pct": 0.6 }, "geometry": { "type": "LineString", "coordinates": [ [ 77.2064322, 28.6242554 ], [ 77.2061972, 28.6244344 ], [ 77.2057659, 28.6245135 ], [ 77.2056465, 28.6245293 ] ] } },
{ "type": "Feature", "properties": { "name": "Arterial Link", "highway": "residential", "slope_pct": 0.6 }, "geometry": { "type": "LineString", "coordinates": [ [ 77.2050171, 28.6277027 ], [ 77.2050765, 28.6277369 ], [ 77.2051345, 28.6277641 ] ] } },
{ "type": "Feature", "properties": { "name": "Arterial Link", "highway": "residential", "slope_pct": 0.6 }, "geometry": { "type": "LineString", "coordinates": [ [ 77.2064586, 28.6248392 ], [ 77.2064961, 28.6248376 ] ] } },
{ "type": "Feature", "properties": { "name": "Arterial Link", "highway": "residential", "slope_pct": 0.6 }, "geometry": { "type": "LineString", "coordinates": [ [ 77.2057626, 28.6253945 ], [ 77.2058511, 28.6254129 ], [ 77.2059484, 28.6254274 ], [ 77.2060371, 28.625422 ], [ 77.2061448, 28.6254145 ], [ 77.206203, 28.6254234 ], [ 77.2062304, 28.625454 ], [ 77.2062343, 28.6255466 ], [ 77.2062589, 28.6259302 ], [ 77.206233, 28.6259737 ], [ 77.2061698, 28.6259978 ], [ 77.2060965, 28.6260051 ], [ 77.2060303, 28.6259914 ], [ 77.2059737, 28.6259354 ], [ 77.2059053, 28.6258539 ], [ 77.2058612, 28.6258213 ], [ 77.2057891, 28.6257553 ], [ 77.2057851, 28.6257033 ], [ 77.2057979, 28.625631 ], [ 77.2058371, 28.6255708 ], [ 77.2059484, 28.6254274 ] ] } },
{ "type": "Feature", "properties": { "name": "Arterial Link", "highway": "residential", "slope_pct": 0.6 }, "geometry": { "type": "LineString", "coordinates": [ [ 77.203812, 28.6253725 ], [ 77.2043376, 28.6256125 ], [ 77.2051476, 28.6259822 ], [ 77.2056056, 28.6261913 ], [ 77.2057492, 28.6262409 ], [ 77.2058471, 28.6262409 ], [ 77.2059706, 28.6262315 ], [ 77.2060372, 28.626177 ], [ 77.2060509, 28.6261371 ], [ 77.206041, 28.6260506 ], [ 77.2059794, 28.6259887 ], [ 77.2058606, 28.6258647 ], [ 77.2057319, 28.6257898 ], [ 77.2056292, 28.6257807 ] ] } },
{ "type": "Feature", "properties": { "name": "Arterial Link", "highway": "residential", "slope_pct": 0.6 }, "geometry": { "type": "LineString", "coordinates": [ [ 77.2051476, 28.6259822 ], [ 77.2050686, 28.6260961 ] ] } },
{ "type": "Feature", "properties": { "name": "Arterial Link", "highway": "residential", "slope_pct": 0.6 }, "geometry": { "type": "LineString", "coordinates": [ [ 77.2050686, 28.6260961 ], [ 77.20501, 28.6261805 ] ] } },
{ "type": "Feature", "properties": { "name": "Arterial Link", "highway": "residential", "slope_pct": 0.6 }, "geometry": { "type": "LineString", "coordinates": [ [ 77.2057034, 28.6253473 ], [ 77.2057626, 28.6253945 ] ] } },
{ "type": "Feature", "properties": { "name": "Patel Chowk", "highway": "secondary", "slope_pct": 0.6 }, "geometry": { "type": "LineString", "coordinates": [ [ 77.2126312, 28.6230299 ], [ 77.2125666, 28.6230581 ], [ 77.2125066, 28.6230848 ], [ 77.2124518, 28.623119 ], [ 77.2124033, 28.62316 ], [ 77.2123622, 28.6232067 ] ] } },
{ "type": "Feature", "properties": { "name": "Bangla Sahib Lane", "highway": "residential", "slope_pct": 0.6 }, "geometry": { "type": "LineString", "coordinates": [ [ 77.2106225, 28.628692 ], [ 77.2107848, 28.6285704 ], [ 77.2108189, 28.6285136 ], [ 77.2108261, 28.6284412 ], [ 77.2108177, 28.6282509 ], [ 77.2108071, 28.6280106 ], [ 77.2107962, 28.6277627 ], [ 77.2107865, 28.6275429 ], [ 77.2107826, 28.6274534 ], [ 77.2107755, 28.6272935 ], [ 77.210765, 28.6270557 ], [ 77.2107525, 28.626771 ], [ 77.2107401, 28.6265323 ], [ 77.2107233, 28.626211 ], [ 77.2107216, 28.6261776 ], [ 77.2110586, 28.6259608 ], [ 77.2112537, 28.6258408 ], [ 77.2114352, 28.6257292 ] ] } },
{ "type": "Feature", "properties": { "name": "Patel Chowk", "highway": "secondary", "slope_pct": 0.6 }, "geometry": { "type": "LineString", "coordinates": [ [ 77.2131594, 28.6235884 ], [ 77.2131811, 28.6235354 ], [ 77.2131941, 28.6234802 ], [ 77.2131981, 28.6234241 ], [ 77.2131931, 28.6233679 ], [ 77.2131792, 28.623313 ], [ 77.2131566, 28.6232603 ], [ 77.2131276, 28.6232133 ], [ 77.2130917, 28.6231701 ], [ 77.2130495, 28.6231315 ], [ 77.2130019, 28.6230982 ], [ 77.2129497, 28.6230708 ], [ 77.2128937, 28.6230497 ] ] } },
{ "type": "Feature", "properties": { "name": "Patel Chowk", "highway": "secondary", "slope_pct": 0.6 }, "geometry": { "type": "LineString", "coordinates": [ [ 77.2124882, 28.6237589 ], [ 77.2125862, 28.6238027 ], [ 77.2126933, 28.6238247 ], [ 77.2128032, 28.6238234 ], [ 77.2129097, 28.6237991 ] ] } },
{ "type": "Feature", "properties": { "name": "Patel Chowk", "highway": "secondary", "slope_pct": 0.6 }, "geometry": { "type": "LineString", "coordinates": [ [ 77.2123092, 28.623551 ], [ 77.2123414, 28.623617 ], [ 77.212405, 28.6236958 ], [ 77.2124882, 28.6237589 ] ] } },
{ "type": "Feature", "properties": { "name": "Patel Chowk", "highway": "secondary", "slope_pct": 0.6 }, "geometry": { "type": "LineString", "coordinates": [ [ 77.2129097, 28.6237991 ], [ 77.2129886, 28.6237636 ], [ 77.2130582, 28.6237154 ], [ 77.2131159, 28.6236562 ], [ 77.2131594, 28.6235884 ] ] } },
{ "type": "Feature", "properties": { "name": "Patel Chowk", "highway": "secondary", "slope_pct": 0.6 }, "geometry": { "type": "LineString", "coordinates": [ [ 77.2123622, 28.6232067 ], [ 77.2123234, 28.6232699 ], [ 77.2122982, 28.6233382 ], [ 77.2122922, 28.6233776 ], [ 77.2122873, 28.6234093 ], [ 77.212291, 28.623481 ], [ 77.2123092, 28.623551 ] ] } },
{ "type": "Feature", "properties": { "name": "Arterial Link", "highway": "residential", "slope_pct": 0.6 }, "geometry": { "type": "LineString", "coordinates": [ [ 77.2127589, 28.6281959 ], [ 77.2129548, 28.6278123 ] ] } },
{ "type": "Feature", "properties": { "name": "Sansad Marg", "highway": "tertiary", "slope_pct": 0.6 }, "geometry": { "type": "LineString", "coordinates": [ [ 77.2123534, 28.6230038 ], [ 77.2123644, 28.6230955 ], [ 77.2123674, 28.6231471 ], [ 77.2123622, 28.6232067 ] ] } },
{ "type": "Feature", "properties": { "name": "Sansad Marg", "highway": "tertiary", "slope_pct": 0.6 }, "geometry": { "type": "LineString", "coordinates": [ [ 77.2126312, 28.6230299 ], [ 77.212561, 28.6230197 ], [ 77.2124939, 28.6229988 ], [ 77.2124319, 28.622968 ] ] } },
{ "type": "Feature", "properties": { "name": "Arterial Link", "highway": "secondary_link", "slope_pct": 0.6 }, "geometry": { "type": "LineString", "coordinates": [ [ 77.209104, 28.6255915 ], [ 77.2092614, 28.625568 ], [ 77.2097026, 28.6253237 ], [ 77.2098334, 28.6251675 ] ] } },
{ "type": "Feature", "properties": { "name": "Ashoka Road", "highway": "secondary", "slope_pct": 0.6 }, "geometry": { "type": "LineString", "coordinates": [ [ 77.2106381, 28.6246947 ], [ 77.2107716, 28.6246198 ], [ 77.2112958, 28.6243258 ], [ 77.2113309, 28.6243059 ], [ 77.2116564, 28.6241209 ], [ 77.2118218, 28.624027 ], [ 77.2119083, 28.6239763 ], [ 77.2122115, 28.6237984 ], [ 77.2122989, 28.6237496 ], [ 77.2123913, 28.6237407 ], [ 77.2124882, 28.6237589 ] ] } },
{ "type": "Feature", "properties": { "name": "Ashoka Road", "highway": "secondary", "slope_pct": 0.6 }, "geometry": { "type": "LineString", "coordinates": [ [ 77.2098334, 28.6251675 ], [ 77.2099264, 28.6251135 ], [ 77.2101538, 28.6249813 ], [ 77.2106381, 28.6246947 ] ] } },
{ "type": "Feature", "properties": { "name": "Ashoka Road", "highway": "secondary", "slope_pct": 0.6 }, "geometry": { "type": "LineString", "coordinates": [ [ 77.209104, 28.6255915 ], [ 77.2096342, 28.6252833 ], [ 77.2098334, 28.6251675 ] ] } },
{ "type": "Feature", "properties": { "name": "Arterial Link", "highway": "residential", "slope_pct": 0.6 }, "geometry": { "type": "LineString", "coordinates": [ [ 77.2104831, 28.6288958 ], [ 77.2105499, 28.6289249 ], [ 77.2106855, 28.6289868 ], [ 77.2116841, 28.6294079 ] ] } },
{ "type": "Feature", "properties": { "name": "Arterial Link", "highway": "residential", "slope_pct": 0.6 }, "geometry": { "type": "LineString", "coordinates": [ [ 77.2106855, 28.6289868 ], [ 77.2106093, 28.6291275 ], [ 77.2105084, 28.6293137 ] ] } },
{ "type": "Feature", "properties": { "name": "Arterial Link", "highway": "residential", "slope_pct": 0.6 }, "geometry": { "type": "LineString", "coordinates": [ [ 77.2106093, 28.6291275 ], [ 77.2106477, 28.6291451 ], [ 77.2106768, 28.6291585 ], [ 77.2107276, 28.6291818 ], [ 77.2108437, 28.6292351 ], [ 77.2107701, 28.629365 ], [ 77.2107382, 28.6293763 ], [ 77.2105865, 28.629339 ], [ 77.21056, 28.629297 ], [ 77.2106477, 28.6291451 ] ] } },
{ "type": "Feature", "properties": { "name": "Arterial Link", "highway": "residential", "slope_pct": 0.6 }, "geometry": { "type": "LineString", "coordinates": [ [ 77.2107276, 28.6291818 ], [ 77.2107542, 28.6291359 ], [ 77.2107071, 28.6291113 ], [ 77.2106768, 28.6291585 ] ] } },
{ "type": "Feature", "properties": { "name": "Arterial Link", "highway": "residential", "slope_pct": 0.6 }, "geometry": { "type": "LineString", "coordinates": [ [ 77.2087295, 28.6280741 ], [ 77.2089608, 28.6281872 ], [ 77.2094145, 28.6284091 ], [ 77.2097607, 28.6285784 ], [ 77.2101523, 28.6287545 ] ] } },
{ "type": "Feature", "properties": { "name": "Arterial Link", "highway": "residential", "slope_pct": 0.6 }, "geometry": { "type": "LineString", "coordinates": [ [ 77.2102342, 28.6286164 ], [ 77.2101523, 28.6287545 ], [ 77.2098199, 28.6292728 ], [ 77.2097543, 28.6293749 ] ] } },
{ "type": "Feature", "properties": { "name": "Arterial Link", "highway": "residential", "slope_pct": 0.6 }, "geometry": { "type": "LineString", "coordinates": [ [ 77.2089608, 28.6281872 ], [ 77.2086637, 28.6287095 ], [ 77.2089701, 28.628865 ], [ 77.2091147, 28.6289383 ], [ 77.2092442, 28.629004 ], [ 77.209627, 28.6291463 ] ] } },
{ "type": "Feature", "properties": { "name": "Arterial Link", "highway": "residential", "slope_pct": 0.6 }, "geometry": { "type": "LineString", "coordinates": [ [ 77.2094901, 28.6282776 ], [ 77.2094145, 28.6284091 ], [ 77.2091147, 28.6289383 ] ] } },
{ "type": "Feature", "properties": { "name": "Arterial Link", "highway": "residential", "slope_pct": 0.6 }, "geometry": { "type": "LineString", "coordinates": [ [ 77.2089701, 28.628865 ], [ 77.2088744, 28.6290504 ] ] } },
{ "type": "Feature", "properties": { "name": "Arterial Link", "highway": "residential", "slope_pct": 0.6 }, "geometry": { "type": "LineString", "coordinates": [ [ 77.2086637, 28.6287095 ], [ 77.2085862, 28.6287215 ], [ 77.2084788, 28.6289045 ] ] } },
{ "type": "Feature", "properties": { "name": "Arterial Link", "highway": "residential", "slope_pct": 0.6 }, "geometry": { "type": "LineString", "coordinates": [ [ 77.2108177, 28.6282509 ], [ 77.2111574, 28.6282302 ] ] } },
{ "type": "Feature", "properties": { "name": "Arterial Link", "highway": "residential", "slope_pct": 0.6 }, "geometry": { "type": "LineString", "coordinates": [ [ 77.2108071, 28.6280106 ], [ 77.2110516, 28.6280003 ], [ 77.2110538, 28.6280531 ] ] } },
{ "type": "Feature", "properties": { "name": "Arterial Link", "highway": "residential", "slope_pct": 0.6 }, "geometry": { "type": "LineString", "coordinates": [ [ 77.2107962, 28.6277627 ], [ 77.2110342, 28.6277662 ], [ 77.2110406, 28.6278882 ] ] } },
{ "type": "Feature", "properties": { "name": "Arterial Link", "highway": "residential", "slope_pct": 0.6 }, "geometry": { "type": "LineString", "coordinates": [ [ 77.2107865, 28.6275429 ], [ 77.2111201, 28.6275343 ], [ 77.2111239, 28.6276761 ] ] } },
{ "type": "Feature", "properties": { "name": "Arterial Link", "highway": "residential", "slope_pct": 0.6 }, "geometry": { "type": "LineString", "coordinates": [ [ 77.2107755, 28.6272935 ], [ 77.2110194, 28.6272936 ] ] } },
{ "type": "Feature", "properties": { "name": "Arterial Link", "highway": "residential", "slope_pct": 0.6 }, "geometry": { "type": "LineString", "coordinates": [ [ 77.210765, 28.6270557 ], [ 77.2109934, 28.6270468 ], [ 77.2109947, 28.6271633 ], [ 77.2112244, 28.6271622 ], [ 77.2112139, 28.6269905 ], [ 77.2112115, 28.6269507 ], [ 77.2110771, 28.6269579 ] ] } },
{ "type": "Feature", "properties": { "name": "Arterial Link", "highway": "residential", "slope_pct": 0.6 }, "geometry": { "type": "LineString", "coordinates": [ [ 77.2113018, 28.6267448 ], [ 77.2113064, 28.6269833 ] ] } },
{ "type": "Feature", "properties": { "name": "Arterial Link", "highway": "residential", "slope_pct": 0.6 }, "geometry": { "type": "LineString", "coordinates": [ [ 77.2112139, 28.6269905 ], [ 77.2113064, 28.6269833 ], [ 77.2114165, 28.6269881 ], [ 77.2114938, 28.6269569 ], [ 77.2115767, 28.6268998 ] ] } },
{ "type": "Feature", "properties": { "name": "Arterial Link", "highway": "residential", "slope_pct": 0.6 }, "geometry": { "type": "LineString", "coordinates": [ [ 77.2118507, 28.6270127 ], [ 77.2116854, 28.6271161 ], [ 77.2118066, 28.6272695 ], [ 77.2119176, 28.6272029 ] ] } },
{ "type": "Feature", "properties": { "name": "Arterial Link", "highway": "tertiary", "slope_pct": 0.6 }, "geometry": { "type": "LineString", "coordinates": [ [ 77.2087143, 28.627821 ], [ 77.2086619, 28.6279006 ] ] } },
{ "type": "Feature", "properties": { "name": "Bangla Sahib Road", "highway": "tertiary", "slope_pct": 0.6 }, "geometry": { "type": "LineString", "coordinates": [ [ 77.2087948, 28.627858 ], [ 77.2087482, 28.6279397 ] ] } },
{ "type": "Feature", "properties": { "name": "Baba Kharak Singh Marg", "highway": "secondary", "slope_pct": 0.6 }, "geometry": { "type": "LineString", "coordinates": [ [ 77.2086619, 28.6279006 ], [ 77.2087482, 28.6279397 ] ] } },
{ "type": "Feature", "properties": { "name": "Patel Chowk", "highway": "secondary", "slope_pct": 0.6 }, "geometry": { "type": "LineString", "coordinates": [ [ 77.2128937, 28.6230497 ], [ 77.2128457, 28.6230375 ], [ 77.2127965, 28.6230299 ], [ 77.2127466, 28.6230271 ], [ 77.2126312, 28.6230299 ] ] } },
{ "type": "Feature", "properties": { "name": "Janpath", "highway": "secondary", "slope_pct": 0.6 }, "geometry": { "type": "LineString", "coordinates": [ [ 77.2188628, 28.6204246 ], [ 77.2188821, 28.6207224 ], [ 77.2189177, 28.621269 ], [ 77.2189266, 28.6214073 ], [ 77.2189742, 28.6221388 ], [ 77.2189943, 28.6224484 ], [ 77.2190388, 28.6231327 ], [ 77.2190624, 28.6234956 ], [ 77.219113, 28.6242755 ], [ 77.2191231, 28.624431 ], [ 77.2191268, 28.624488 ], [ 77.2191374, 28.6246501 ], [ 77.2191539, 28.6249036 ], [ 77.2191709, 28.6251657 ], [ 77.2191835, 28.6253602 ], [ 77.219231, 28.6260908 ], [ 77.2192393, 28.6262191 ], [ 77.2192455, 28.6263138 ] ] } },
{ "type": "Feature", "properties": { "name": "Janpath Lane", "highway": "tertiary", "slope_pct": 0.6 }, "geometry": { "type": "LineString", "coordinates": [ [ 77.2163732, 28.6219344 ], [ 77.2168195, 28.6221762 ], [ 77.2168943, 28.6222477 ], [ 77.216947, 28.6222981 ], [ 77.2170244, 28.6224988 ], [ 77.2171137, 28.6234248 ], [ 77.2171959, 28.6244564 ], [ 77.2172108, 28.6249851 ], [ 77.2172305, 28.625417 ], [ 77.2172521, 28.6256698 ], [ 77.2172585, 28.6257449 ], [ 77.2172912, 28.6259858 ] ] } },
{ "type": "Feature", "properties": { "name": "Jantar Mantar Road", "highway": "residential", "slope_pct": 0.6 }, "geometry": { "type": "LineString", "coordinates": [ [ 77.2158234, 28.6221029 ], [ 77.2158254, 28.6221388 ], [ 77.2158787, 28.623096 ], [ 77.2158815, 28.6231459 ], [ 77.2158873, 28.6232495 ], [ 77.2159011, 28.623498 ], [ 77.2159089, 28.6236379 ], [ 77.2158969, 28.6238786 ], [ 77.2158739, 28.6240339 ], [ 77.2158482, 28.6242077 ], [ 77.2157504, 28.6247676 ], [ 77.2157458, 28.624856 ], [ 77.2157378, 28.6250077 ], [ 77.215744, 28.6251647 ], [ 77.2157652, 28.6253112 ], [ 77.2158713, 28.6260455 ], [ 77.2158836, 28.6261306 ], [ 77.2159548, 28.6261796 ] ] } },
{ "type": "Feature", "properties": { "name": "Connaught Lane", "highway": "residential", "slope_pct": 0.6 }, "geometry": { "type": "LineString", "coordinates": [ [ 77.2195265, 28.6289849 ], [ 77.2196387, 28.628983 ], [ 77.2197649, 28.6289808 ], [ 77.2200133, 28.6289765 ], [ 77.2202722, 28.6289646 ], [ 77.2205492, 28.6289518 ], [ 77.2205559, 28.6289521 ], [ 77.2206897, 28.6289586 ], [ 77.2208378, 28.6289946 ], [ 77.2209547, 28.629037 ], [ 77.2211879, 28.6291214 ], [ 77.221429, 28.6292263 ], [ 77.2216652, 28.6293291 ] ] } },
{ "type": "Feature", "properties": { "name": "Janpath", "highway": "secondary", "slope_pct": 0.6 }, "geometry": { "type": "LineString", "coordinates": [ [ 77.219272, 28.6265854 ], [ 77.219285, 28.6269079 ], [ 77.2193008, 28.6271445 ], [ 77.2193459, 28.6278168 ], [ 77.2193779, 28.6282883 ], [ 77.2193823, 28.6283589 ], [ 77.2194243, 28.6289846 ], [ 77.2194654, 28.629595 ], [ 77.2194853, 28.6298938 ] ] } },
{ "type": "Feature", "properties": { "name": "Tolstoy Marg", "highway": "secondary", "slope_pct": 0.6 }, "geometry": { "type": "LineString", "coordinates": [ [ 77.2192551, 28.6264435 ], [ 77.2193638, 28.6264348 ], [ 77.2194795, 28.6264311 ], [ 77.2196132, 28.6264269 ], [ 77.2197735, 28.6264218 ], [ 77.2204718, 28.6263822 ], [ 77.2205942, 28.6263763 ], [ 77.2210576, 28.6263538 ], [ 77.2213565, 28.6263393 ], [ 77.2216316, 28.6263259 ], [ 77.2217907, 28.6263174 ], [ 77.2218811, 28.6263126 ], [ 77.2221119, 28.626326 ], [ 77.2222177, 28.6263321 ], [ 77.2225473, 28.6263235 ], [ 77.2227555, 28.6263208 ], [ 77.2229084, 28.6263267 ], [ 77.222984, 28.6263473 ], [ 77.2230516, 28.6263658 ], [ 77.2231364, 28.6264032 ], [ 77.2232972, 28.626468 ], [ 77.223376, 28.6264956 ] ] } },
{ "type": "Feature", "properties": { "name": "Janpath", "highway": "secondary", "slope_pct": 0.6 }, "geometry": { "type": "LineString", "coordinates": [ [ 77.2195711, 28.6296845 ], [ 77.2195503, 28.6295917 ], [ 77.2195265, 28.6289849 ], [ 77.2195038, 28.6286294 ], [ 77.219487, 28.6283662 ], [ 77.2194854, 28.6283415 ], [ 77.2194826, 28.6282868 ], [ 77.2194767, 28.628173 ], [ 77.2194221, 28.627349 ], [ 77.2194214, 28.6273383 ], [ 77.2194099, 28.6271569 ], [ 77.2194064, 28.6271021 ], [ 77.2193689, 28.6266548 ], [ 77.2193691, 28.6265855 ] ] } },
{ "type": "Feature", "properties": { "name": "Janpath", "highway": "secondary", "slope_pct": 0.6 }, "geometry": { "type": "LineString", "coordinates": [ [ 77.2193238, 28.6260101 ], [ 77.2192956, 28.6255439 ], [ 77.2192866, 28.6253964 ], [ 77.2192428, 28.6246726 ], [ 77.2192391, 28.6246127 ], [ 77.2192308, 28.6244744 ], [ 77.2192225, 28.6243377 ], [ 77.219218, 28.6242638 ], [ 77.2192082, 28.6241016 ], [ 77.2191484, 28.6231148 ], [ 77.2191089, 28.6224638 ], [ 77.2190844, 28.6220582 ], [ 77.2190533, 28.621546 ], [ 77.2190376, 28.6212854 ], [ 77.2190065, 28.6207192 ], [ 77.2189845, 28.620411 ] ] } },
{ "type": "Feature", "properties": { "name": "Tolstoy Lane", "highway": "residential", "slope_pct": 0.6 }, "geometry": { "type": "LineString", "coordinates": [ [ 77.2205815, 28.6281249 ], [ 77.2208051, 28.6280585 ], [ 77.2208772, 28.6277566 ], [ 77.2210572, 28.6276036 ], [ 77.2213776, 28.6273954 ], [ 77.2215299, 28.6272441 ], [ 77.221629, 28.6271122 ], [ 77.2216382, 28.6270981 ], [ 77.2218381, 28.6267903 ], [ 77.2219479, 28.6266057 ], [ 77.2220229, 28.6264769 ], [ 77.2221119, 28.626326 ] ] } },
{ "type": "Feature", "properties": { "name": "Tolstoy Marg", "highway": "secondary", "slope_pct": 0.6 }, "geometry": { "type": "LineString", "coordinates": [ [ 77.2223841, 28.6262102 ], [ 77.2222295, 28.6262041 ], [ 77.2218758, 28.6261831 ], [ 77.2216316, 28.6261952 ], [ 77.2207815, 28.6262311 ], [ 77.2206641, 28.6262372 ], [ 77.2204702, 28.6262472 ], [ 77.2202908, 28.6262575 ], [ 77.2197391, 28.6262893 ], [ 77.2196953, 28.6262918 ] ] } },
{ "type": "Feature", "properties": { "name": "Sansad Marg", "highway": "secondary", "slope_pct": 0.6 }, "geometry": { "type": "LineString", "coordinates": [ [ 77.2167229, 28.6288256 ], [ 77.2171227, 28.6293694 ], [ 77.2176728, 28.6300813 ] ] } },
{ "type": "Feature", "properties": { "name": "Arterial Link", "highway": "residential", "slope_pct": 0.6 }, "geometry": { "type": "LineString", "coordinates": [ [ 77.2211587, 28.6242882 ], [ 77.2209781, 28.6242646 ], [ 77.2207258, 28.6242597 ] ] } },
{ "type": "Feature", "properties": { "name": "Sansad Marg", "highway": "secondary", "slope_pct": 0.6 }, "geometry": { "type": "LineString", "coordinates": [ [ 77.2177443, 28.6300101 ], [ 77.2172711, 28.6293363 ], [ 77.2172213, 28.6292699 ], [ 77.2169405, 28.6288764 ] ] } },
{ "type": "Feature", "properties": { "name": "Sansad Marg", "highway": "secondary", "slope_pct": 0.6 }, "geometry": { "type": "LineString", "coordinates": [ [ 77.2165741, 28.6283967 ], [ 77.2164816, 28.6282755 ], [ 77.2158122, 28.6274574 ], [ 77.2155913, 28.6271877 ], [ 77.2154732, 28.6270431 ], [ 77.2154323, 28.6269871 ], [ 77.2153661, 28.6269024 ] ] } },
{ "type": "Feature", "properties": { "name": "Arterial Link", "highway": "residential", "slope_pct": 0.6 }, "geometry": { "type": "LineString", "coordinates": [ [ 77.220593, 28.6242774 ], [ 77.2192225, 28.6243377 ] ] } },
{ "type": "Feature", "properties": { "name": "Arterial Link", "highway": "residential", "slope_pct": 0.6 }, "geometry": { "type": "LineString", "coordinates": [ [ 77.2207258, 28.6242597 ], [ 77.2207815, 28.6262311 ] ] } },
{ "type": "Feature", "properties": { "name": "Tolstoy Marg", "highway": "secondary", "slope_pct": 0.6 }, "geometry": { "type": "LineString", "coordinates": [ [ 77.2154323, 28.6269871 ], [ 77.2155136, 28.6269417 ], [ 77.2156953, 28.6268283 ], [ 77.2158523, 28.6266977 ], [ 77.2158793, 28.6266526 ], [ 77.2158904, 28.6266116 ], [ 77.2159148, 28.6263224 ], [ 77.215924, 28.6262714 ], [ 77.2159392, 28.6262207 ], [ 77.2159548, 28.6261796 ], [ 77.2160312, 28.6261089 ], [ 77.2162119, 28.6260333 ], [ 77.2164188, 28.6259806 ], [ 77.2166035, 28.6259539 ], [ 77.2168399, 28.6259606 ], [ 77.2170628, 28.6260002 ], [ 77.2172962, 28.6260795 ], [ 77.2175777, 28.6262047 ], [ 77.2178624, 28.6263215 ], [ 77.2179814, 28.6263703 ], [ 77.2181234, 28.6264127 ], [ 77.2182065, 28.626435 ], [ 77.2182676, 28.6264431 ], [ 77.219034, 28.6264434 ], [ 77.2192551, 28.6264435 ] ] } },
{ "type": "Feature", "properties": { "name": "Arterial Link", "highway": "residential", "slope_pct": 0.6 }, "geometry": { "type": "LineString", "coordinates": [ [ 77.2174125, 28.6284041 ], [ 77.2177507, 28.6283909 ], [ 77.2178041, 28.6284221 ], [ 77.2178224, 28.628476 ], [ 77.2178119, 28.6289197 ], [ 77.2178088, 28.6289602 ], [ 77.2177866, 28.6290006 ], [ 77.2177243, 28.6290735 ], [ 77.2172711, 28.6293363 ] ] } },
{ "type": "Feature", "properties": { "name": "Arterial Link", "highway": "residential", "slope_pct": 0.6 }, "geometry": { "type": "LineString", "coordinates": [ [ 77.2177243, 28.6290735 ], [ 77.2180543, 28.6290069 ], [ 77.2185187, 28.6289842 ], [ 77.2191234, 28.6289902 ] ] } },
{ "type": "Feature", "properties": { "name": "Janpath Lane", "highway": "residential", "slope_pct": 0.6 }, "geometry": { "type": "LineString", "coordinates": [ [ 77.2171881, 28.6271708 ], [ 77.217497, 28.6271785 ], [ 77.2175566, 28.627177 ], [ 77.2184035, 28.6271546 ], [ 77.2192695, 28.6271449 ], [ 77.2193008, 28.6271445 ] ] } },
{ "type": "Feature", "properties": { "name": "Arterial Link", "highway": "residential", "slope_pct": 0.6 }, "geometry": { "type": "LineString", "coordinates": [ [ 77.2184035, 28.6271546 ], [ 77.2184091, 28.6283893 ], [ 77.2190857, 28.6283535 ], [ 77.2191234, 28.6289902 ] ] } },
{ "type": "Feature", "properties": { "name": "Arterial Link", "highway": "residential", "slope_pct": 0.6 }, "geometry": { "type": "LineString", "coordinates": [ [ 77.2171943, 28.6276126 ], [ 77.2171881, 28.6271708 ] ] } },
{ "type": "Feature", "properties": { "name": "Arterial Link", "highway": "residential", "slope_pct": 0.6 }, "geometry": { "type": "LineString", "coordinates": [ [ 77.2175777, 28.6262047 ], [ 77.2175623, 28.6268052 ], [ 77.2175566, 28.627177 ] ] } },
{ "type": "Feature", "properties": { "name": "Arterial Link", "highway": "secondary_link", "slope_pct": 0.6 }, "geometry": { "type": "LineString", "coordinates": [ [ 77.2196953, 28.6262918 ], [ 77.2196276, 28.6262698 ], [ 77.2195634, 28.6262409 ], [ 77.2195035, 28.6262055 ], [ 77.2194489, 28.6261641 ], [ 77.2194003, 28.6261172 ], [ 77.2193584, 28.6260657 ], [ 77.2193238, 28.6260101 ] ] } },
{ "type": "Feature", "properties": { "name": "Tolstoy Marg", "highway": "secondary", "slope_pct": 0.6 }, "geometry": { "type": "LineString", "coordinates": [ [ 77.2192455, 28.6263138 ], [ 77.2191257, 28.6263181 ], [ 77.2191226, 28.6263183 ], [ 77.21892, 28.6263256 ], [ 77.2182626, 28.6263494 ], [ 77.2182015, 28.6263413 ], [ 77.2181184, 28.6263189 ], [ 77.2179764, 28.6262766 ], [ 77.2179285, 28.6262569 ], [ 77.2175727, 28.6261109 ], [ 77.2172912, 28.6259858 ], [ 77.2170578, 28.6259065 ], [ 77.2168349, 28.6258669 ], [ 77.2167112, 28.6258582 ], [ 77.2165985, 28.6258602 ], [ 77.216502, 28.62587 ], [ 77.2164138, 28.6258869 ], [ 77.2163008, 28.6259123 ], [ 77.2162069, 28.6259396 ], [ 77.2160996, 28.6259806 ], [ 77.2160262, 28.6260152 ], [ 77.2159468, 28.6260595 ], [ 77.2159061, 28.6260917 ], [ 77.2158836, 28.6261306 ], [ 77.2158602, 28.6261922 ], [ 77.2158059, 28.6264459 ], [ 77.2157843, 28.6265581 ], [ 77.215759, 28.6266257 ], [ 77.2157201, 28.6266857 ], [ 77.2156713, 28.6267223 ], [ 77.2154528, 28.6268539 ], [ 77.2153661, 28.6269024 ] ] } },
{ "type": "Feature", "properties": { "name": "Tolstoy Marg", "highway": "secondary", "slope_pct": 0.6 }, "geometry": { "type": "LineString", "coordinates": [ [ 77.2196953, 28.6262918 ], [ 77.219467, 28.6263012 ], [ 77.2193396, 28.6263065 ], [ 77.2192455, 28.6263138 ] ] } },
{ "type": "Feature", "properties": { "name": "Tolstoy Marg", "highway": "secondary", "slope_pct": 0.6 }, "geometry": { "type": "LineString", "coordinates": [ [ 77.2153661, 28.6269024 ], [ 77.2152956, 28.6269395 ] ] } },
{ "type": "Feature", "properties": { "name": "Janpath", "highway": "secondary", "slope_pct": 0.6 }, "geometry": { "type": "LineString", "coordinates": [ [ 77.2193638, 28.6264348 ], [ 77.2193396, 28.6263065 ] ] } },
{ "type": "Feature", "properties": { "name": "Arterial Link", "highway": "secondary_link", "slope_pct": 0.6 }, "geometry": { "type": "LineString", "coordinates": [ [ 77.219034, 28.6264434 ], [ 77.219272, 28.6265854 ] ] } },
{ "type": "Feature", "properties": { "name": "Arterial Link", "highway": "secondary_link", "slope_pct": 0.6 }, "geometry": { "type": "LineString", "coordinates": [ [ 77.219231, 28.6260908 ], [ 77.219107, 28.6261803 ], [ 77.21892, 28.6263256 ] ] } },
{ "type": "Feature", "properties": { "name": "Arterial Link", "highway": "secondary_link", "slope_pct": 0.6 }, "geometry": { "type": "LineString", "coordinates": [ [ 77.216396, 28.6283808 ], [ 77.2163799, 28.6284897 ], [ 77.2163799, 28.628503 ], [ 77.216384, 28.6285162 ], [ 77.2163947, 28.6285312 ], [ 77.216569, 28.6287764 ], [ 77.2165845, 28.6287911 ], [ 77.2166039, 28.6287981 ], [ 77.2167229, 28.6288256 ] ] } },
{ "type": "Feature", "properties": { "name": "Arterial Link", "highway": "secondary_link", "slope_pct": 0.6 }, "geometry": { "type": "LineString", "coordinates": [ [ 77.2169405, 28.6288764 ], [ 77.2169185, 28.6287318 ], [ 77.2166664, 28.6283922 ], [ 77.2165741, 28.6283967 ] ] } },
{ "type": "Feature", "properties": { "name": "Janpath", "highway": "secondary", "slope_pct": 0.6 }, "geometry": { "type": "LineString", "coordinates": [ [ 77.2193396, 28.6263065 ], [ 77.2193304, 28.6262125 ], [ 77.2193238, 28.6260101 ] ] } },
{ "type": "Feature", "properties": { "name": "Janpath", "highway": "secondary", "slope_pct": 0.6 }, "geometry": { "type": "LineString", "coordinates": [ [ 77.2193691, 28.6265855 ], [ 77.2193638, 28.6264348 ] ] } },
{ "type": "Feature", "properties": { "name": "Janpath", "highway": "secondary", "slope_pct": 0.6 }, "geometry": { "type": "LineString", "coordinates": [ [ 77.2192551, 28.6264435 ], [ 77.219272, 28.6265854 ] ] } },
{ "type": "Feature", "properties": { "name": "Arterial Link", "highway": "secondary_link", "slope_pct": 0.6 }, "geometry": { "type": "LineString", "coordinates": [ [ 77.2193689, 28.6266548 ], [ 77.2194495, 28.6265762 ], [ 77.2195313, 28.6265015 ], [ 77.2196132, 28.6264269 ] ] } },
{ "type": "Feature", "properties": { "name": "Arterial Link", "highway": "residential", "slope_pct": 0.6 }, "geometry": { "type": "LineString", "coordinates": [ [ 77.2178041, 28.6284221 ], [ 77.2184091, 28.6283893 ] ] } },
{ "type": "Feature", "properties": { "name": "Arterial Link", "highway": "secondary_link", "slope_pct": 0.6 }, "geometry": { "type": "LineString", "coordinates": [ [ 77.2155913, 28.6271877 ], [ 77.2155751, 28.6270942 ], [ 77.2155854, 28.6270051 ], [ 77.2156143, 28.626949 ], [ 77.2156503, 28.6268926 ], [ 77.2156953, 28.6268283 ] ] } },
{ "type": "Feature", "properties": { "name": "Janpath", "highway": "secondary", "slope_pct": 0.6 }, "geometry": { "type": "LineString", "coordinates": [ [ 77.2192455, 28.6263138 ], [ 77.2192551, 28.6264435 ] ] } },
{ "type": "Feature", "properties": { "name": "Sansad Marg", "highway": "secondary", "slope_pct": 0.6 }, "geometry": { "type": "LineString", "coordinates": [ [ 77.216396, 28.6283808 ], [ 77.2167229, 28.6288256 ] ] } },
{ "type": "Feature", "properties": { "name": "Sansad Marg", "highway": "secondary", "slope_pct": 0.6 }, "geometry": { "type": "LineString", "coordinates": [ [ 77.2155756, 28.6272785 ], [ 77.215768, 28.6275177 ], [ 77.216396, 28.6283808 ] ] } },
{ "type": "Feature", "properties": { "name": "Jai Singh Road", "highway": "tertiary", "slope_pct": 0.6 }, "geometry": { "type": "LineString", "coordinates": [ [ 77.215061, 28.6271859 ], [ 77.2152839, 28.6270657 ], [ 77.2152911, 28.6270625 ], [ 77.2153592, 28.6270239 ] ] } },
{ "type": "Feature", "properties": { "name": "Arterial Link", "highway": "tertiary", "slope_pct": 0.6 }, "geometry": { "type": "LineString", "coordinates": [ [ 77.215061, 28.6271859 ], [ 77.2151602, 28.6271719 ], [ 77.2152206, 28.627166 ], [ 77.2152816, 28.6271666 ], [ 77.2153177, 28.6271718 ], [ 77.2153513, 28.6271813 ], [ 77.2154313, 28.6272153 ], [ 77.2155756, 28.6272785 ] ] } },
{ "type": "Feature", "properties": { "name": "Jai Singh Road", "highway": "tertiary", "slope_pct": 0.6 }, "geometry": { "type": "LineString", "coordinates": [ [ 77.2147019, 28.627188 ], [ 77.2147629, 28.6272169 ], [ 77.2148419, 28.6272315 ], [ 77.2149222, 28.6272319 ], [ 77.2150032, 28.6272154 ], [ 77.215061, 28.6271859 ] ] } },
{ "type": "Feature", "properties": { "name": "Jai Singh Road", "highway": "tertiary", "slope_pct": 0.6 }, "geometry": { "type": "LineString", "coordinates": [ [ 77.2152956, 28.6269395 ], [ 77.2152261, 28.6269806 ], [ 77.2151849, 28.6270043 ], [ 77.2150514, 28.6270749 ], [ 77.2149671, 28.6271195 ], [ 77.2148994, 28.6271378 ], [ 77.2148397, 28.6271519 ], [ 77.2147592, 28.6271719 ], [ 77.2147019, 28.627188 ] ] } },
{ "type": "Feature", "properties": { "name": "Tolstoy Marg", "highway": "secondary", "slope_pct": 0.6 }, "geometry": { "type": "LineString", "coordinates": [ [ 77.2153592, 28.6270239 ], [ 77.2154323, 28.6269871 ] ] } },
{ "type": "Feature", "properties": { "name": "Arterial Link", "highway": "tertiary", "slope_pct": 0.6 }, "geometry": { "type": "LineString", "coordinates": [ [ 77.2150807, 28.6266867 ], [ 77.2150886, 28.6268835 ], [ 77.2150895, 28.6269281 ], [ 77.2150514, 28.6270749 ] ] } },
{ "type": "Feature", "properties": { "name": "Arterial Link", "highway": "secondary", "slope_pct": 0.6 }, "geometry": { "type": "LineString", "coordinates": [ [ 77.2157201, 28.6266857 ], [ 77.215532, 28.6267358 ], [ 77.2154727, 28.6267429 ], [ 77.2154256, 28.626741 ], [ 77.2153886, 28.6267337 ], [ 77.2153243, 28.6267099 ], [ 77.2151697, 28.6266478 ] ] } },
{ "type": "Feature", "properties": { "name": "Arterial Link", "highway": "residential", "slope_pct": 0.6 }, "geometry": { "type": "LineString", "coordinates": [ [ 77.2156891, 28.6235092 ], [ 77.2156623, 28.6231016 ] ] } },
{ "type": "Feature", "properties": { "name": "Sansad Marg", "highway": "secondary", "slope_pct": 0.6 }, "geometry": { "type": "LineString", "coordinates": [ [ 77.2169405, 28.6288764 ], [ 77.2165741, 28.6283967 ] ] } },
{ "type": "Feature", "properties": { "name": "Arterial Link", "highway": "residential", "slope_pct": 0.6 }, "geometry": { "type": "LineString", "coordinates": [ [ 77.2191234, 28.6289902 ], [ 77.2194243, 28.6289846 ] ] } },
{ "type": "Feature", "properties": { "name": "Arterial Link", "highway": "tertiary", "slope_pct": 0.6 }, "geometry": { "type": "LineString", "coordinates": [ [ 77.2058886, 28.6337254 ], [ 77.2058686, 28.6336372 ], [ 77.2058159, 28.63356 ], [ 77.2057367, 28.6335028 ], [ 77.2056402, 28.6334724 ], [ 77.2055377, 28.6334722 ], [ 77.2054523, 28.633497 ], [ 77.2053792, 28.6335429 ], [ 77.2053247, 28.6336057 ], [ 77.2052939, 28.6336799 ], [ 77.2052895, 28.6337587 ], [ 77.2053119, 28.6338352 ] ] } },
{ "type": "Feature", "properties": { "name": "Peshwa Road", "highway": "tertiary", "slope_pct": 0.6 }, "geometry": { "type": "LineString", "coordinates": [ [ 77.2053119, 28.6338352 ], [ 77.2051228, 28.6339519 ], [ 77.204615, 28.6342653 ], [ 77.2032938, 28.6349972 ], [ 77.2025502, 28.6354048 ], [ 77.202059, 28.635674 ], [ 77.2018715, 28.6357927 ], [ 77.2018392, 28.6358131 ], [ 77.2018164, 28.6358276 ], [ 77.2016814, 28.6358937 ] ] } },
{ "type": "Feature", "properties": { "name": "Peshwa Road", "highway": "tertiary", "slope_pct": 0.6 }, "geometry": { "type": "LineString", "coordinates": [ [ 77.2018833, 28.6359205 ], [ 77.2019476, 28.6358846 ], [ 77.2026072, 28.6355155 ], [ 77.2033984, 28.6350729 ], [ 77.2045996, 28.6343726 ], [ 77.2051838, 28.6340321 ], [ 77.2051977, 28.634024 ], [ 77.205377, 28.6339194 ] ] } },
{ "type": "Feature", "properties": { "name": "Arterial Link", "highway": "residential", "slope_pct": 0.6 }, "geometry": { "type": "LineString", "coordinates": [ [ 77.204615, 28.6342653 ], [ 77.2045515, 28.6341749 ], [ 77.2043202, 28.6338456 ], [ 77.2041642, 28.6336235 ], [ 77.2039995, 28.6333891 ], [ 77.2036106, 28.6328354 ], [ 77.2032948, 28.6323859 ], [ 77.2026156, 28.6314189 ], [ 77.2022697, 28.6309579 ], [ 77.2018608, 28.6304128 ], [ 77.2018088, 28.6303435 ], [ 77.2016839, 28.6301769 ], [ 77.2014966, 28.6299273 ] ] } },
{ "type": "Feature", "properties": { "name": "Arterial Link", "highway": "tertiary", "slope_pct": 0.6 }, "geometry": { "type": "LineString", "coordinates": [ [ 77.2053119, 28.6338352 ], [ 77.205377, 28.6339194 ] ] } },
{ "type": "Feature", "properties": { "name": "Arterial Link", "highway": "tertiary", "slope_pct": 0.6 }, "geometry": { "type": "LineString", "coordinates": [ [ 77.2054873, 28.6339823 ], [ 77.2056365, 28.6339965 ], [ 77.2056557, 28.6339918 ], [ 77.2057645, 28.6339456 ], [ 77.2058326, 28.6338855 ], [ 77.2058755, 28.6338095 ], [ 77.2058886, 28.6337254 ] ] } },
{ "type": "Feature", "properties": { "name": "Arterial Link", "highway": "residential", "slope_pct": 0.6 }, "geometry": { "type": "LineString", "coordinates": [ [ 77.2076482, 28.6325042 ], [ 77.2076957, 28.633106 ], [ 77.2077197, 28.6335941 ] ] } },
{ "type": "Feature", "properties": { "name": "Arterial Link", "highway": "residential", "slope_pct": 0.6 }, "geometry": { "type": "LineString", "coordinates": [ [ 77.2073247, 28.6325141 ], [ 77.2073803, 28.6331311 ], [ 77.2074085, 28.6336164 ] ] } },
{ "type": "Feature", "properties": { "name": "Arterial Link", "highway": "residential", "slope_pct": 0.6 }, "geometry": { "type": "LineString", "coordinates": [ [ 77.2071026, 28.6336384 ], [ 77.207063, 28.6331596 ], [ 77.2070108, 28.632526 ] ] } },
{ "type": "Feature", "properties": { "name": "Arterial Link", "highway": "residential", "slope_pct": 0.6 }, "geometry": { "type": "LineString", "coordinates": [ [ 77.2061427, 28.6333544 ], [ 77.2069078, 28.6333 ] ] } },
{ "type": "Feature", "properties": { "name": "Arterial Link", "highway": "residential", "slope_pct": 0.6 }, "geometry": { "type": "LineString", "coordinates": [ [ 77.2068876, 28.6330246 ], [ 77.2068342, 28.6325352 ] ] } },
{ "type": "Feature", "properties": { "name": "Arterial Link", "highway": "residential", "slope_pct": 0.6 }, "geometry": { "type": "LineString", "coordinates": [ [ 77.2061215, 28.6330708 ], [ 77.2068876, 28.6330246 ], [ 77.2069078, 28.6333 ], [ 77.2069336, 28.6336505 ] ] } },
{ "type": "Feature", "properties": { "name": "Bhagat Singh Lane", "highway": "residential", "slope_pct": 0.6 }, "geometry": { "type": "LineString", "coordinates": [ [ 77.2061427, 28.6333544 ], [ 77.2061215, 28.6330708 ], [ 77.2061098, 28.6328622 ], [ 77.2061098, 28.6326 ] ] } },
{ "type": "Feature", "properties": { "name": "Arterial Link", "highway": "residential", "slope_pct": 0.6 }, "geometry": { "type": "LineString", "coordinates": [ [ 77.2055217, 28.6331971 ], [ 77.2057946, 28.6331988 ], [ 77.2059569, 28.6332577 ], [ 77.2061017, 28.6333401 ], [ 77.2061427, 28.6333544 ] ] } },
{ "type": "Feature", "properties": { "name": "Doctor Lane", "highway": "residential", "slope_pct": 0.6 }, "geometry": { "type": "LineString", "coordinates": [ [ 77.2059056, 28.6343709 ], [ 77.2063055, 28.6349621 ], [ 77.2068071, 28.6356389 ] ] } },
{ "type": "Feature", "properties": { "name": "Arterial Link", "highway": "residential", "slope_pct": 0.6 }, "geometry": { "type": "LineString", "coordinates": [ [ 77.2054384, 28.6331458 ], [ 77.205276, 28.6331628 ], [ 77.2051408, 28.6331769 ], [ 77.2051106, 28.63318 ], [ 77.2049503, 28.6332101 ], [ 77.2041642, 28.6336235 ], [ 77.2037997, 28.6338033 ] ] } },
{ "type": "Feature", "properties": { "name": "Arterial Link", "highway": "residential", "slope_pct": 0.6 }, "geometry": { "type": "LineString", "coordinates": [ [ 77.2053792, 28.6335429 ], [ 77.2051978, 28.6334083 ], [ 77.2051782, 28.6334022 ], [ 77.2051603, 28.6333966 ], [ 77.2051106, 28.6333977 ], [ 77.2050388, 28.6334267 ], [ 77.2043202, 28.6338456 ], [ 77.2039177, 28.6340576 ] ] } },
{ "type": "Feature", "properties": { "name": "Arterial Link", "highway": "tertiary", "slope_pct": 0.6 }, "geometry": { "type": "LineString", "coordinates": [ [ 77.205377, 28.6339194 ], [ 77.2054592, 28.63397 ], [ 77.2054873, 28.6339823 ] ] } },
{ "type": "Feature", "properties": { "name": "Arterial Link", "highway": "residential", "slope_pct": 0.6 }, "geometry": { "type": "LineString", "coordinates": [ [ 77.2075157, 28.6354641 ], [ 77.2071298, 28.6349166 ], [ 77.2066733, 28.6343052 ] ] } },
{ "type": "Feature", "properties": { "name": "Arterial Link", "highway": "residential", "slope_pct": 0.6 }, "geometry": { "type": "LineString", "coordinates": [ [ 77.206175, 28.6337049 ], [ 77.2061955, 28.6339327 ], [ 77.2061935, 28.6339775 ], [ 77.2061794, 28.6340152 ], [ 77.2058276, 28.634256 ] ] } },
{ "type": "Feature", "properties": { "name": "Arterial Link", "highway": "residential", "slope_pct": 0.6 }, "geometry": { "type": "LineString", "coordinates": [ [ 77.2051782, 28.6334022 ], [ 77.2051408, 28.6331769 ] ] } },
{ "type": "Feature", "properties": { "name": "Arterial Link", "highway": "residential", "slope_pct": 0.6 }, "geometry": { "type": "LineString", "coordinates": [ [ 77.2047924, 28.6309916 ], [ 77.2051005, 28.6309778 ] ] } },
{ "type": "Feature", "properties": { "name": "Arterial Link", "highway": "residential", "slope_pct": 0.6 }, "geometry": { "type": "LineString", "coordinates": [ [ 77.2046922, 28.62985 ], [ 77.2050195, 28.6298405 ], [ 77.205215, 28.6298348 ] ] } },
{ "type": "Feature", "properties": { "name": "Arterial Link", "highway": "residential", "slope_pct": 0.6 }, "geometry": { "type": "LineString", "coordinates": [ [ 77.2061794, 28.6340152 ], [ 77.2062512, 28.634336 ] ] } },
{ "type": "Feature", "properties": { "name": "Bhai Vir Singh Marg", "highway": "tertiary", "slope_pct": 0.6 }, "geometry": { "type": "LineString", "coordinates": [ [ 77.2055377, 28.6334722 ], [ 77.2055217, 28.6331971 ], [ 77.2055004, 28.6326289 ] ] } },
{ "type": "Feature", "properties": { "name": "Bhai Vir Singh Marg", "highway": "tertiary", "slope_pct": 0.6 }, "geometry": { "type": "LineString", "coordinates": [ [ 77.2054192, 28.6326364 ], [ 77.2054406, 28.6330969 ], [ 77.2054384, 28.6331458 ], [ 77.205436, 28.6331988 ], [ 77.2054523, 28.633497 ] ] } },
{ "type": "Feature", "properties": { "name": "Arterial Link", "highway": "residential", "slope_pct": 0.6 }, "geometry": { "type": "LineString", "coordinates": [ [ 77.2047719, 28.6326592 ], [ 77.2048084, 28.6328975 ], [ 77.20477, 28.6330101 ], [ 77.2043407, 28.6332401 ], [ 77.2040976, 28.6333809 ], [ 77.2039995, 28.6333891 ] ] } },
{ "type": "Feature", "properties": { "name": "Arterial Link", "highway": "residential", "slope_pct": 0.6 }, "geometry": { "type": "LineString", "coordinates": [ [ 77.2046148, 28.6347633 ], [ 77.2051081, 28.6345447 ], [ 77.2052172, 28.6346536 ], [ 77.2051791, 28.6347829 ], [ 77.2046265, 28.6350643 ] ] } },
{ "type": "Feature", "properties": { "name": "Arterial Link", "highway": "residential", "slope_pct": 0.6 }, "geometry": { "type": "LineString", "coordinates": [ [ 77.204698, 28.6356722 ], [ 77.2052917, 28.6353735 ] ] } },
{ "type": "Feature", "properties": { "name": "Arterial Link", "highway": "residential", "slope_pct": 0.6 }, "geometry": { "type": "LineString", "coordinates": [ [ 77.2046526, 28.6353656 ], [ 77.2052417, 28.6351009 ] ] } },
{ "type": "Feature", "properties": { "name": "Arterial Link", "highway": "residential", "slope_pct": 0.6 }, "geometry": { "type": "LineString", "coordinates": [ [ 77.2072272, 28.635851 ], [ 77.2071183, 28.6356648 ] ] } },
{ "type": "Feature", "properties": { "name": "Bhagat Singh Lane", "highway": "residential", "slope_pct": 0.6 }, "geometry": { "type": "LineString", "coordinates": [ [ 77.2061427, 28.6333544 ], [ 77.2061688, 28.6335331 ], [ 77.206175, 28.6337049 ] ] } },
{ "type": "Feature", "properties": { "name": "Doctor Lane", "highway": "residential", "slope_pct": 0.6 }, "geometry": { "type": "LineString", "coordinates": [ [ 77.2059056, 28.6343709 ], [ 77.2058703, 28.6343249 ], [ 77.2058276, 28.634256 ], [ 77.2057584, 28.6341734 ], [ 77.2057236, 28.6341305 ], [ 77.2056927, 28.6340746 ], [ 77.2056557, 28.6339918 ] ] } },
{ "type": "Feature", "properties": { "name": "Arterial Link", "highway": "residential", "slope_pct": 0.6 }, "geometry": { "type": "LineString", "coordinates": [ [ 77.2068071, 28.6356389 ], [ 77.2063714, 28.6358843 ], [ 77.2062588, 28.6359477 ] ] } },
{ "type": "Feature", "properties": { "name": "Arterial Link", "highway": "residential", "slope_pct": 0.6 }, "geometry": { "type": "LineString", "coordinates": [ [ 77.2085003, 28.6324712 ], [ 77.209005, 28.6324316 ], [ 77.2092478, 28.6324154 ], [ 77.210326, 28.6323433 ], [ 77.2111775, 28.632285 ], [ 77.2112144, 28.6322825 ], [ 77.2116394, 28.6322534 ], [ 77.211866, 28.6322379 ], [ 77.2121318, 28.6322273 ], [ 77.2122221, 28.6322487 ], [ 77.2122909, 28.6323324 ], [ 77.2123614, 28.6324029 ], [ 77.2123913, 28.6324366 ], [ 77.2125192, 28.6325808 ], [ 77.2126325, 28.6327235 ], [ 77.2126994, 28.6327368 ], [ 77.2127179, 28.6327399 ], [ 77.2127513, 28.6327454 ], [ 77.212823, 28.6327368 ] ] } },
{ "type": "Feature", "properties": { "name": "Arya School Lane", "highway": "residential", "slope_pct": 0.6 }, "geometry": { "type": "LineString", "coordinates": [ [ 77.2129482, 28.6305163 ], [ 77.2124424, 28.6302867 ], [ 77.2114963, 28.6298604 ] ] } },
{ "type": "Feature", "properties": { "name": "Doctor Lane", "highway": "residential", "slope_pct": 0.6 }, "geometry": { "type": "LineString", "coordinates": [ [ 77.2082242, 28.6342085 ], [ 77.2084605, 28.634587 ] ] } },
{ "type": "Feature", "properties": { "name": "Bangla Sahib Lane", "highway": "residential", "slope_pct": 0.6 }, "geometry": { "type": "LineString", "coordinates": [ [ 77.210326, 28.6323433 ], [ 77.2102943, 28.6319777 ], [ 77.2102047, 28.6309433 ], [ 77.2101355, 28.6300373 ], [ 77.2101135, 28.6299795 ], [ 77.2100687, 28.6299488 ], [ 77.2098072, 28.6298502 ] ] } },
{ "type": "Feature", "properties": { "name": "Arterial Link", "highway": "residential", "slope_pct": 0.6 }, "geometry": { "type": "LineString", "coordinates": [ [ 77.2114963, 28.6298604 ], [ 77.2114389, 28.6299742 ], [ 77.2112006, 28.6303714 ], [ 77.2111536, 28.6304466 ], [ 77.2109136, 28.6308305 ], [ 77.2108469, 28.6308988 ], [ 77.2107364, 28.630931 ], [ 77.2102047, 28.6309433 ] ] } },
{ "type": "Feature", "properties": { "name": "Arterial Link", "highway": "residential", "slope_pct": 0.6 }, "geometry": { "type": "LineString", "coordinates": [ [ 77.2090213, 28.6327294 ], [ 77.2090528, 28.6327272 ], [ 77.2090929, 28.6327244 ], [ 77.209517, 28.632695 ], [ 77.2098727, 28.6326704 ], [ 77.2102645, 28.6326432 ] ] } },
{ "type": "Feature", "properties": { "name": "Arterial Link", "highway": "residential", "slope_pct": 0.6 }, "geometry": { "type": "LineString", "coordinates": [ [ 77.209005, 28.6324316 ], [ 77.2090213, 28.6327294 ], [ 77.209032, 28.6329263 ], [ 77.2090734, 28.6333808 ], [ 77.2090799, 28.6334518 ] ] } },
{ "type": "Feature", "properties": { "name": "Arterial Link", "highway": "residential", "slope_pct": 0.6 }, "geometry": { "type": "LineString", "coordinates": [ [ 77.2092478, 28.6324154 ], [ 77.2091668, 28.6311782 ], [ 77.2091457, 28.6308559 ], [ 77.2090906, 28.6300133 ], [ 77.2090894, 28.6299955 ], [ 77.2090837, 28.6299083 ] ] } },
{ "type": "Feature", "properties": { "name": "Arterial Link", "highway": "residential", "slope_pct": 0.6 }, "geometry": { "type": "LineString", "coordinates": [ [ 77.2096294, 28.6349125 ], [ 77.2093927, 28.6350428 ], [ 77.2092336, 28.6351305 ], [ 77.2092269, 28.6352017 ], [ 77.2094753, 28.6355564 ], [ 77.2097221, 28.6354414 ], [ 77.2099327, 28.6353236 ] ] } },
{ "type": "Feature", "properties": { "name": "Arterial Link", "highway": "residential", "slope_pct": 0.6 }, "geometry": { "type": "LineString", "coordinates": [ [ 77.212541, 28.6316806 ], [ 77.2126321, 28.6317034 ], [ 77.212723, 28.6317142 ], [ 77.2128108, 28.6317142 ], [ 77.2131636, 28.6316817 ] ] } },
{ "type": "Feature", "properties": { "name": "Arterial Link", "highway": "residential", "slope_pct": 0.6 }, "geometry": { "type": "LineString", "coordinates": [ [ 77.2132927, 28.6321715 ], [ 77.2136004, 28.6315753 ], [ 77.213636, 28.6314809 ], [ 77.2136439, 28.631386 ], [ 77.2136161, 28.6312962 ], [ 77.2133095, 28.630675 ] ] } },
{ "type": "Feature", "properties": { "name": "Arterial Link", "highway": "residential", "slope_pct": 0.6 }, "geometry": { "type": "LineString", "coordinates": [ [ 77.2116394, 28.6322534 ], [ 77.211636, 28.6322109 ], [ 77.2116176, 28.6319796 ], [ 77.2116045, 28.631944 ], [ 77.2115747, 28.6319231 ], [ 77.2115316, 28.6319118 ], [ 77.2111919, 28.6319299 ], [ 77.2110378, 28.6319381 ], [ 77.2103392, 28.6319753 ], [ 77.2102943, 28.6319777 ] ] } },
{ "type": "Feature", "properties": { "name": "Arterial Link", "highway": "residential", "slope_pct": 0.6 }, "geometry": { "type": "LineString", "coordinates": [ [ 77.2143196, 28.6311235 ], [ 77.2140292, 28.6316107 ] ] } },
{ "type": "Feature", "properties": { "name": "Arterial Link", "highway": "residential", "slope_pct": 0.6 }, "geometry": { "type": "LineString", "coordinates": [ [ 77.2091668, 28.6311782 ], [ 77.2089507, 28.631189 ], [ 77.2089053, 28.6312352 ], [ 77.2088437, 28.6312596 ], [ 77.2084674, 28.6312523 ], [ 77.2084095, 28.6303788 ], [ 77.208851, 28.6303541 ], [ 77.2088791, 28.6308177 ], [ 77.2089301, 28.6308693 ], [ 77.2089383, 28.6308688 ], [ 77.2091457, 28.6308559 ] ] } },
{ "type": "Feature", "properties": { "name": "Arterial Link", "highway": "residential", "slope_pct": 0.6 }, "geometry": { "type": "LineString", "coordinates": [ [ 77.2089507, 28.631189 ], [ 77.2089441, 28.6310194 ], [ 77.2089383, 28.6308688 ] ] } },
{ "type": "Feature", "properties": { "name": "Arterial Link", "highway": "residential", "slope_pct": 0.6 }, "geometry": { "type": "LineString", "coordinates": [ [ 77.2089441, 28.6310194 ], [ 77.2085957, 28.6310432 ] ] } },
{ "type": "Feature", "properties": { "name": "Arterial Link", "highway": "residential", "slope_pct": 0.6 }, "geometry": { "type": "LineString", "coordinates": [ [ 77.2088791, 28.6308177 ], [ 77.2084856, 28.630831 ] ] } },
{ "type": "Feature", "properties": { "name": "Arterial Link", "highway": "residential", "slope_pct": 0.6 }, "geometry": { "type": "LineString", "coordinates": [ [ 77.208851, 28.6303541 ], [ 77.2088326, 28.6300221 ], [ 77.2089947, 28.6299986 ], [ 77.2090894, 28.6299955 ] ] } },
{ "type": "Feature", "properties": { "name": "Arterial Link", "highway": "residential", "slope_pct": 0.6 }, "geometry": { "type": "LineString", "coordinates": [ [ 77.2101135, 28.6299795 ], [ 77.2111536, 28.6304466 ] ] } },
{ "type": "Feature", "properties": { "name": "Arterial Link", "highway": "residential", "slope_pct": 0.6 }, "geometry": { "type": "LineString", "coordinates": [ [ 77.2140058, 28.6309842 ], [ 77.2141811, 28.6307057 ] ] } },
{ "type": "Feature", "properties": { "name": "Arterial Link", "highway": "residential", "slope_pct": 0.6 }, "geometry": { "type": "LineString", "coordinates": [ [ 77.2096031, 28.6334335 ], [ 77.2095979, 28.6333415 ], [ 77.2095954, 28.6332976 ], [ 77.2095825, 28.632975 ], [ 77.2095799, 28.6329525 ], [ 77.2095727, 28.632937 ], [ 77.2095439, 28.6329006 ], [ 77.2095336, 28.6328882 ], [ 77.2095294, 28.6328726 ], [ 77.209517, 28.632695 ] ] } },
{ "type": "Feature", "properties": { "name": "Arterial Link", "highway": "residential", "slope_pct": 0.6 }, "geometry": { "type": "LineString", "coordinates": [ [ 77.2093927, 28.6350428 ], [ 77.2093416, 28.6349561 ], [ 77.2092452, 28.6349532 ], [ 77.2091742, 28.6348591 ] ] } },
{ "type": "Feature", "properties": { "name": "Arterial Link", "highway": "residential", "slope_pct": 0.6 }, "geometry": { "type": "LineString", "coordinates": [ [ 77.2112144, 28.6322825 ], [ 77.2112119, 28.632243 ], [ 77.2111919, 28.6319299 ] ] } },
{ "type": "Feature", "properties": { "name": "Arterial Link", "highway": "residential", "slope_pct": 0.6 }, "geometry": { "type": "LineString", "coordinates": [ [ 77.2110378, 28.6319381 ], [ 77.2110229, 28.6316591 ] ] } },
{ "type": "Feature", "properties": { "name": "Arterial Link", "highway": "residential", "slope_pct": 0.6 }, "geometry": { "type": "LineString", "coordinates": [ [ 77.2098818, 28.6334156 ], [ 77.20988, 28.6333253 ], [ 77.2098786, 28.6332679 ], [ 77.2098727, 28.6326704 ] ] } },
{ "type": "Feature", "properties": { "name": "Bangla Sahib Road", "highway": "tertiary", "slope_pct": 0.6 }, "geometry": { "type": "LineString", "coordinates": [ [ 77.2085801, 28.6335138 ], [ 77.2085003, 28.6324712 ] ] } },
{ "type": "Feature", "properties": { "name": "Bangla Sahib Road", "highway": "tertiary", "slope_pct": 0.6 }, "geometry": { "type": "LineString", "coordinates": [ [ 77.2084952, 28.6335228 ], [ 77.2086109, 28.6336032 ], [ 77.2085863, 28.6335325 ], [ 77.2085801, 28.6335138 ] ] } },
{ "type": "Feature", "properties": { "name": "Raja Bazar Road", "highway": "residential", "slope_pct": 0.6 }, "geometry": { "type": "LineString", "coordinates": [ [ 77.2122221, 28.6322487 ], [ 77.2123494, 28.6320131 ], [ 77.212541, 28.6316806 ], [ 77.2125564, 28.6315856 ], [ 77.2125462, 28.6314802 ], [ 77.2125147, 28.631358 ], [ 77.2125133, 28.63127 ], [ 77.2125431, 28.631186 ], [ 77.2129482, 28.6305163 ] ] } },
{ "type": "Feature", "properties": { "name": "Bangla Sahib Road", "highway": "tertiary", "slope_pct": 0.6 }, "geometry": { "type": "LineString", "coordinates": [ [ 77.2116232, 28.6376045 ], [ 77.2115075, 28.6374535 ], [ 77.211442, 28.637364 ], [ 77.2111703, 28.6369928 ], [ 77.2107627, 28.6364401 ], [ 77.210526, 28.6361181 ], [ 77.2099327, 28.6353236 ], [ 77.2096568, 28.6349485 ], [ 77.2096294, 28.6349125 ], [ 77.2093151, 28.6344946 ], [ 77.2092274, 28.6343804 ], [ 77.209065, 28.6341492 ], [ 77.2088301, 28.6338319 ], [ 77.2086109, 28.6336032 ] ] } },
{ "type": "Feature", "properties": { "name": "Basant Road", "highway": "residential", "slope_pct": 0.6 }, "geometry": { "type": "LineString", "coordinates": [ [ 77.2170228, 28.6403487 ], [ 77.2167311, 28.6399883 ], [ 77.2165379, 28.6397497 ], [ 77.216243, 28.6393854 ], [ 77.2160105, 28.6390935 ], [ 77.2155295, 28.638486 ], [ 77.215087, 28.6378947 ], [ 77.2149349, 28.6376914 ], [ 77.2147056, 28.6373862 ], [ 77.2140997, 28.6364741 ] ] } },
{ "type": "Feature", "properties": { "name": "Ramakrishna Ashram Marg", "highway": "tertiary", "slope_pct": 0.6 }, "geometry": { "type": "LineString", "coordinates": [ [ 77.2080356, 28.6396588 ], [ 77.2079346, 28.6395114 ], [ 77.2078904, 28.6394404 ], [ 77.2078265, 28.6393612 ], [ 77.2077869, 28.639283 ], [ 77.2077432, 28.6392071 ], [ 77.2077037, 28.6391124 ], [ 77.2076963, 28.6390264 ], [ 77.2077097, 28.6389329 ], [ 77.2078845, 28.6384696 ], [ 77.2078918, 28.6383928 ], [ 77.2078938, 28.6382983 ], [ 77.2078621, 28.6381692 ], [ 77.2076585, 28.6378871 ], [ 77.2075275, 28.6377056 ], [ 77.2070615, 28.6370637 ], [ 77.2065094, 28.6362961 ], [ 77.2062588, 28.6359477 ], [ 77.2058015, 28.6353721 ], [ 77.2056914, 28.6351277 ], [ 77.2056248, 28.634748 ], [ 77.2055854, 28.6343064 ], [ 77.2056001, 28.6341805 ], [ 77.2056365, 28.6339965 ] ] } },
{ "type": "Feature", "properties": { "name": "Jain Mandir Marg", "highway": "residential", "slope_pct": 0.6 }, "geometry": { "type": "LineString", "coordinates": [ [ 77.2156013, 28.6320191 ], [ 77.2154844, 28.6320315 ], [ 77.2146322, 28.63207 ], [ 77.2141041, 28.6321031 ], [ 77.2136103, 28.6321402 ], [ 77.2132927, 28.6321715 ], [ 77.2131763, 28.6322203 ], [ 77.2130758, 28.6323071 ], [ 77.2129828, 28.6324485 ], [ 77.2129494, 28.6324993 ], [ 77.212823, 28.6327368 ], [ 77.2127584, 28.6328452 ], [ 77.2127254, 28.6329552 ], [ 77.2127246, 28.6330544 ], [ 77.2127429, 28.6331686 ], [ 77.2127579, 28.6332621 ] ] } },
{ "type": "Feature", "properties": { "name": "Panchkuian Road", "highway": "secondary", "slope_pct": 0.6 }, "geometry": { "type": "LineString", "coordinates": [ [ 77.2088992, 28.639169 ], [ 77.2098386, 28.638627 ], [ 77.2109513, 28.6379895 ], [ 77.2114376, 28.6377108 ], [ 77.2115246, 28.637661 ], [ 77.2116232, 28.6376045 ], [ 77.2117214, 28.6375484 ], [ 77.2137395, 28.6363948 ], [ 77.2138972, 28.6363046 ], [ 77.2142417, 28.636105 ], [ 77.2170018, 28.6345059 ], [ 77.2170779, 28.6344607 ], [ 77.2171312, 28.6344291 ] ] } },
{ "type": "Feature", "properties": { "name": "Ramakrishna Ashram Marg", "highway": "tertiary", "slope_pct": 0.6 }, "geometry": { "type": "LineString", "coordinates": [ [ 77.2054873, 28.6339823 ], [ 77.2054741, 28.634257 ], [ 77.2054739, 28.6347032 ], [ 77.2054739, 28.6347419 ], [ 77.2055306, 28.6351111 ], [ 77.2056157, 28.6353643 ], [ 77.2059365, 28.6357911 ], [ 77.2063255, 28.6363087 ], [ 77.2069434, 28.6371307 ], [ 77.2073365, 28.6377302 ], [ 77.207697, 28.6382118 ], [ 77.2077489, 28.6383445 ], [ 77.2077613, 28.6384676 ], [ 77.2075864, 28.6389958 ], [ 77.2075766, 28.639094 ], [ 77.2075884, 28.6391991 ], [ 77.2076259, 28.6392814 ] ] } },
{ "type": "Feature", "properties": { "name": "Panchkuian Road", "highway": "secondary", "slope_pct": 0.6 }, "geometry": { "type": "LineString", "coordinates": [ [ 77.2170406, 28.6343031 ], [ 77.2168596, 28.634322 ], [ 77.2158058, 28.6349454 ], [ 77.2145241, 28.6356958 ], [ 77.2144632, 28.6357313 ], [ 77.2116287, 28.6373829 ], [ 77.2116086, 28.6373946 ], [ 77.2115075, 28.6374535 ], [ 77.2113219, 28.6375602 ], [ 77.2086072, 28.6391215 ], [ 77.2082904, 28.6393037 ], [ 77.2079346, 28.6395114 ], [ 77.20782, 28.6395687 ], [ 77.2076279, 28.6397089 ] ] } },
{ "type": "Feature", "properties": { "name": "Arterial Link", "highway": "residential", "slope_pct": 0.6 }, "geometry": { "type": "LineString", "coordinates": [ [ 77.2063255, 28.6363087 ], [ 77.2061755, 28.636404 ], [ 77.2059542, 28.6365605 ], [ 77.2057731, 28.6366806 ], [ 77.2056162, 28.6367971 ], [ 77.2054258, 28.6369372 ], [ 77.2052287, 28.6370808 ], [ 77.2050878, 28.6371432 ], [ 77.2049711, 28.6371149 ], [ 77.2047794, 28.6370031 ], [ 77.2046131, 28.6368242 ], [ 77.2045085, 28.6366594 ], [ 77.2045045, 28.6366141 ], [ 77.2045274, 28.6365652 ], [ 77.2050022, 28.6363044 ], [ 77.2055932, 28.6359797 ], [ 77.2057851, 28.6358743 ], [ 77.2059365, 28.6357911 ] ] } },
{ "type": "Feature", "properties": { "name": "Shaheed Matbar Singh Negi Marg", "highway": "tertiary", "slope_pct": 0.6 }, "geometry": { "type": "LineString", "coordinates": [ [ 77.2047649, 28.6383489 ], [ 77.2032959, 28.6364148 ], [ 77.2032787, 28.6363522 ], [ 77.2032853, 28.6362782 ], [ 77.2036018, 28.6356498 ], [ 77.2036503, 28.6355389 ], [ 77.2036529, 28.6354906 ], [ 77.2036369, 28.63544 ], [ 77.2035717, 28.6353396 ], [ 77.2034322, 28.6351249 ], [ 77.2034151, 28.6350986 ], [ 77.2033984, 28.6350729 ] ] } },
{ "type": "Feature", "properties": { "name": "Doctor Lane", "highway": "residential", "slope_pct": 0.6 }, "geometry": { "type": "LineString", "coordinates": [ [ 77.2088301, 28.6338319 ], [ 77.2082242, 28.6342085 ], [ 77.2066733, 28.6343052 ], [ 77.2062512, 28.634336 ], [ 77.2059622, 28.6343571 ], [ 77.2059056, 28.6343709 ] ] } },
{ "type": "Feature", "properties": { "name": "Doctor Lane", "highway": "residential", "slope_pct": 0.6 }, "geometry": { "type": "LineString", "coordinates": [ [ 77.2084605, 28.634587 ], [ 77.2084816, 28.6346513 ], [ 77.2084905, 28.6348343 ], [ 77.2084795, 28.6348785 ], [ 77.2084451, 28.63492 ], [ 77.2080681, 28.6351459 ], [ 77.2075157, 28.6354641 ], [ 77.2072081, 28.6356412 ], [ 77.2071639, 28.6356595 ], [ 77.2071183, 28.6356648 ], [ 77.2069714, 28.6356483 ], [ 77.2068071, 28.6356389 ] ] } },
{ "type": "Feature", "properties": { "name": "Arterial Link", "highway": "residential", "slope_pct": 0.6 }, "geometry": { "type": "LineString", "coordinates": [ [ 77.2105801, 28.637301 ], [ 77.2105193, 28.637255 ], [ 77.2102754, 28.636926 ], [ 77.2100388, 28.6366428 ], [ 77.2096247, 28.6361453 ], [ 77.2092578, 28.6357011 ], [ 77.2091398, 28.6355612 ], [ 77.2087254, 28.6349955 ], [ 77.2088741, 28.6348511 ], [ 77.2087868, 28.6346354 ], [ 77.2092274, 28.6343804 ] ] } },
{ "type": "Feature", "properties": { "name": "Arterial Link", "highway": "residential", "slope_pct": 0.6 }, "geometry": { "type": "LineString", "coordinates": [ [ 77.2069434, 28.6371307 ], [ 77.2070615, 28.6370637 ], [ 77.207623, 28.6367488 ], [ 77.2080881, 28.6364879 ] ] } },
{ "type": "Feature", "properties": { "name": "Arterial Link", "highway": "residential", "slope_pct": 0.6 }, "geometry": { "type": "LineString", "coordinates": [ [ 77.2075275, 28.6377056 ], [ 77.208086, 28.6373797 ], [ 77.2086205, 28.6370945 ] ] } },
{ "type": "Feature", "properties": { "name": "Shaheed Bhagat Singh Marg", "highway": "tertiary", "slope_pct": 0.6 }, "geometry": { "type": "LineString", "coordinates": [ [ 77.215682, 28.6330539 ], [ 77.2153832, 28.6330752 ], [ 77.2147323, 28.6331222 ], [ 77.2145354, 28.6331356 ], [ 77.2140507, 28.6331701 ], [ 77.2127579, 28.6332621 ], [ 77.2106486, 28.633376 ], [ 77.2098818, 28.6334156 ], [ 77.2096031, 28.6334335 ], [ 77.2090799, 28.6334518 ], [ 77.2086517, 28.6335117 ], [ 77.2085801, 28.6335138 ] ] } },
{ "type": "Feature", "properties": { "name": "Arya School Lane", "highway": "residential", "slope_pct": 0.6 }, "geometry": { "type": "LineString", "coordinates": [ [ 77.2129482, 28.6305163 ], [ 77.2133095, 28.630675 ], [ 77.2137867, 28.6308869 ], [ 77.2140058, 28.6309842 ], [ 77.2143196, 28.6311235 ], [ 77.2158251, 28.6317918 ] ] } },
{ "type": "Feature", "properties": { "name": "Arterial Link", "highway": "residential", "slope_pct": 0.6 }, "geometry": { "type": "LineString", "coordinates": [ [ 77.207063, 28.6331596 ], [ 77.2072099, 28.6331445 ], [ 77.2073803, 28.6331311 ], [ 77.2075322, 28.6331178 ], [ 77.2076957, 28.633106 ], [ 77.2078394, 28.6331024 ], [ 77.2080004, 28.6330929 ] ] } },
{ "type": "Feature", "properties": { "name": "Arterial Link", "highway": "residential", "slope_pct": 0.6 }, "geometry": { "type": "LineString", "coordinates": [ [ 77.2079602, 28.63249 ], [ 77.2080004, 28.6330929 ], [ 77.2080323, 28.6335717 ] ] } },
{ "type": "Feature", "properties": { "name": "Arterial Link", "highway": "residential", "slope_pct": 0.6 }, "geometry": { "type": "LineString", "coordinates": [ [ 77.2091398, 28.6355612 ], [ 77.2089286, 28.6356709 ], [ 77.2080883, 28.636107 ] ] } },
{ "type": "Feature", "properties": { "name": "Arterial Link", "highway": "residential", "slope_pct": 0.6 }, "geometry": { "type": "LineString", "coordinates": [ [ 77.2073288, 28.6372185 ], [ 77.2077826, 28.6369663 ], [ 77.2082606, 28.6366827 ], [ 77.2082984, 28.6366812 ], [ 77.2083132, 28.6366824 ], [ 77.208329, 28.6366903 ], [ 77.2085264, 28.6369478 ], [ 77.2086205, 28.6370945 ], [ 77.2091991, 28.637837 ] ] } },
{ "type": "Feature", "properties": { "name": "Arterial Link", "highway": "residential", "slope_pct": 0.6 }, "geometry": { "type": "LineString", "coordinates": [ [ 77.2080681, 28.6351459 ], [ 77.2077222, 28.6346676 ], [ 77.2077003, 28.6346587 ], [ 77.2076748, 28.6346619 ], [ 77.2071298, 28.6349166 ] ] } },
{ "type": "Feature", "properties": { "name": "Arterial Link", "highway": "residential", "slope_pct": 0.6 }, "geometry": { "type": "LineString", "coordinates": [ [ 77.2078338, 28.6379995 ], [ 77.208085, 28.6378614 ], [ 77.2083368, 28.6377281 ] ] } },
{ "type": "Feature", "properties": { "name": "Arterial Link", "highway": "residential", "slope_pct": 0.6 }, "geometry": { "type": "LineString", "coordinates": [ [ 77.2076585, 28.6378871 ], [ 77.2079785, 28.6376973 ], [ 77.2082157, 28.6375567 ] ] } },
{ "type": "Feature", "properties": { "name": "Baird Lane", "highway": "residential", "slope_pct": 0.6 }, "geometry": { "type": "LineString", "coordinates": [ [ 77.2055004, 28.6326289 ], [ 77.2061098, 28.6326 ], [ 77.2068342, 28.6325352 ], [ 77.2068833, 28.6325357 ], [ 77.2070108, 28.632526 ], [ 77.2071608, 28.6325197 ], [ 77.2073247, 28.6325141 ], [ 77.2074935, 28.6325078 ], [ 77.2076482, 28.6325042 ], [ 77.2078147, 28.6324992 ], [ 77.2079602, 28.63249 ], [ 77.2084196, 28.632474 ], [ 77.2085003, 28.6324712 ] ] } },
{ "type": "Feature", "properties": { "name": "Arterial Link", "highway": "residential", "slope_pct": 0.6 }, "geometry": { "type": "LineString", "coordinates": [ [ 77.2067721, 28.6372328 ], [ 77.2064346, 28.6367639 ], [ 77.2061755, 28.636404 ], [ 77.2057851, 28.6358743 ], [ 77.2053895, 28.6353235 ], [ 77.2053227, 28.6350628 ], [ 77.2053086, 28.6348881 ], [ 77.2054739, 28.6347419 ] ] } },
{ "type": "Feature", "properties": { "name": "Arterial Link", "highway": "residential", "slope_pct": 0.6 }, "geometry": { "type": "LineString", "coordinates": [ [ 77.2107627, 28.6364401 ], [ 77.2105627, 28.6365548 ], [ 77.2103647, 28.6362806 ], [ 77.2097221, 28.6354414 ] ] } },
{ "type": "Feature", "properties": { "name": "Arterial Link", "highway": "residential", "slope_pct": 0.6 }, "geometry": { "type": "LineString", "coordinates": [ [ 77.2050022, 28.6363044 ], [ 77.2047866, 28.635977 ], [ 77.2047304, 28.6358917 ], [ 77.204698, 28.6356722 ], [ 77.2046526, 28.6353656 ], [ 77.204633, 28.6352331 ], [ 77.2046265, 28.6350643 ], [ 77.2046148, 28.6347633 ], [ 77.2046011, 28.6344101 ], [ 77.2045996, 28.6343726 ] ] } },
{ "type": "Feature", "properties": { "name": "Arterial Link", "highway": "residential", "slope_pct": 0.6 }, "geometry": { "type": "LineString", "coordinates": [ [ 77.2051791, 28.6347829 ], [ 77.2052274, 28.6349439 ], [ 77.2052417, 28.6351009 ], [ 77.2052837, 28.6352268 ], [ 77.2052917, 28.6353735 ], [ 77.2053624, 28.6354883 ], [ 77.2053645, 28.6355988 ], [ 77.2054182, 28.6356529 ], [ 77.2055932, 28.6359797 ] ] } },
{ "type": "Feature", "properties": { "name": "Arterial Link", "highway": "residential", "slope_pct": 0.6 }, "geometry": { "type": "LineString", "coordinates": [ [ 77.2047866, 28.635977 ], [ 77.2053645, 28.6355988 ] ] } },
{ "type": "Feature", "properties": { "name": "Shaheed Bhagat Singh Marg", "highway": "tertiary", "slope_pct": 0.6 }, "geometry": { "type": "LineString", "coordinates": [ [ 77.2085801, 28.6335138 ], [ 77.2084952, 28.6335228 ], [ 77.2080323, 28.6335717 ], [ 77.2078716, 28.6335832 ], [ 77.2077197, 28.6335941 ], [ 77.2075767, 28.6336065 ], [ 77.2074085, 28.6336164 ], [ 77.2072497, 28.6336278 ], [ 77.2071026, 28.6336384 ], [ 77.2069336, 28.6336505 ], [ 77.206175, 28.6337049 ], [ 77.2058886, 28.6337254 ] ] } },
{ "type": "Feature", "properties": { "name": "Arterial Link", "highway": "residential", "slope_pct": 0.6 }, "geometry": { "type": "LineString", "coordinates": [ [ 77.2084928, 28.6384735 ], [ 77.2086404, 28.6383938 ], [ 77.2086639, 28.6383685 ], [ 77.208676, 28.6383355 ], [ 77.2086753, 28.6383055 ], [ 77.2086592, 28.6382755 ], [ 77.2086345, 28.6382355 ], [ 77.2083368, 28.6377281 ], [ 77.2082157, 28.6375567 ], [ 77.208086, 28.6373797 ], [ 77.2080027, 28.6372662 ], [ 77.2077826, 28.6369663 ], [ 77.207623, 28.6367488 ] ] } },
{ "type": "Feature", "properties": { "name": "Ramakrishna Ashram Lane", "highway": "residential", "slope_pct": 0.6 }, "geometry": { "type": "LineString", "coordinates": [ [ 77.2069434, 28.6371307 ], [ 77.2067721, 28.6372328 ], [ 77.2065015, 28.6373939 ], [ 77.2059725, 28.6376839 ], [ 77.2056727, 28.6378483 ], [ 77.2049255, 28.6382606 ], [ 77.2047649, 28.6383489 ], [ 77.2044213, 28.6385492 ], [ 77.204047, 28.6387673 ], [ 77.2038684, 28.6388654 ], [ 77.2037832, 28.6389122 ] ] } },
{ "type": "Feature", "properties": { "name": "Arterial Link", "highway": "residential", "slope_pct": 0.6 }, "geometry": { "type": "LineString", "coordinates": [ [ 77.204296, 28.6396125 ], [ 77.2043342, 28.6395893 ], [ 77.2043931, 28.6395551 ], [ 77.2046671, 28.6393956 ], [ 77.2049303, 28.6392425 ], [ 77.2053701, 28.6389864 ] ] } },
{ "type": "Feature", "properties": { "name": "Arterial Link", "highway": "residential", "slope_pct": 0.6 }, "geometry": { "type": "LineString", "coordinates": [ [ 77.2041467, 28.6392331 ], [ 77.2044302, 28.6390714 ], [ 77.2046948, 28.6389208 ], [ 77.2051612, 28.6386551 ], [ 77.2051696, 28.6386414 ], [ 77.2051717, 28.638621 ], [ 77.2051008, 28.6385172 ], [ 77.2049993, 28.6383686 ], [ 77.2049758, 28.6383342 ], [ 77.2049255, 28.6382606 ] ] } },
{ "type": "Feature", "properties": { "name": "Arterial Link", "highway": "residential", "slope_pct": 0.6 }, "geometry": { "type": "LineString", "coordinates": [ [ 77.2064346, 28.6367639 ], [ 77.2061956, 28.6369162 ], [ 77.2059596, 28.6369351 ], [ 77.2056726, 28.637008 ], [ 77.2053131, 28.637235 ], [ 77.2051683, 28.6373256 ], [ 77.2050985, 28.6373586 ], [ 77.2051442, 28.6374957 ], [ 77.2052347, 28.6376511 ], [ 77.2052595, 28.6376734 ], [ 77.2052977, 28.6376876 ], [ 77.2054888, 28.6376611 ], [ 77.2055277, 28.6376681 ], [ 77.2055532, 28.6376846 ], [ 77.2056727, 28.6378483 ] ] } },
{ "type": "Feature", "properties": { "name": "Arterial Link", "highway": "residential", "slope_pct": 0.6 }, "geometry": { "type": "LineString", "coordinates": [ [ 77.2044213, 28.6385492 ], [ 77.2044686, 28.6386125 ], [ 77.2045035, 28.6386594 ], [ 77.2046948, 28.6389208 ], [ 77.2049303, 28.6392425 ], [ 77.2051215, 28.6395038 ] ] } },
{ "type": "Feature", "properties": { "name": "Arterial Link", "highway": "residential", "slope_pct": 0.6 }, "geometry": { "type": "LineString", "coordinates": [ [ 77.2056727, 28.6378483 ], [ 77.2057082, 28.6378993 ], [ 77.2059029, 28.638179 ], [ 77.2061767, 28.6385723 ] ] } },
{ "type": "Feature", "properties": { "name": "Arterial Link", "highway": "residential", "slope_pct": 0.6 }, "geometry": { "type": "LineString", "coordinates": [ [ 77.2059029, 28.638179 ], [ 77.2061962, 28.6380014 ] ] } },
{ "type": "Feature", "properties": { "name": "Arterial Link", "highway": "residential", "slope_pct": 0.6 }, "geometry": { "type": "LineString", "coordinates": [ [ 77.2063425, 28.6382091 ], [ 77.2061962, 28.6380014 ], [ 77.2060071, 28.6377331 ], [ 77.2059725, 28.6376839 ] ] } },
{ "type": "Feature", "properties": { "name": "Arterial Link", "highway": "residential", "slope_pct": 0.6 }, "geometry": { "type": "LineString", "coordinates": [ [ 77.2039557, 28.6389807 ], [ 77.2042415, 28.6388131 ], [ 77.2045035, 28.6386594 ], [ 77.2049993, 28.6383686 ] ] } },
{ "type": "Feature", "properties": { "name": "Arterial Link", "highway": "residential", "slope_pct": 0.6 }, "geometry": { "type": "LineString", "coordinates": [ [ 77.2105801, 28.637301 ], [ 77.2106618, 28.637297 ], [ 77.2111703, 28.6369928 ] ] } },
{ "type": "Feature", "properties": { "name": "Ramdwara Road", "highway": "tertiary", "slope_pct": 0.6 }, "geometry": { "type": "LineString", "coordinates": [ [ 77.2137121, 28.6411016 ], [ 77.2136292, 28.6410159 ], [ 77.2135975, 28.640835 ], [ 77.2135483, 28.6407752 ], [ 77.2134152, 28.6407102 ], [ 77.2133286, 28.6406799 ], [ 77.2132804, 28.640634 ], [ 77.2132133, 28.6405565 ], [ 77.2131524, 28.6404655 ], [ 77.2131435, 28.6403745 ], [ 77.2131246, 28.6402548 ], [ 77.2131304, 28.6401317 ], [ 77.213169, 28.639811 ], [ 77.213148, 28.6396487 ], [ 77.2131038, 28.6395647 ], [ 77.212982, 28.6393946 ], [ 77.2125593, 28.6388371 ], [ 77.2117693, 28.6377953 ], [ 77.2116802, 28.6376789 ], [ 77.2116232, 28.6376045 ] ] } },
{ "type": "Feature", "properties": { "name": "Basant Road", "highway": "residential", "slope_pct": 0.6 }, "geometry": { "type": "LineString", "coordinates": [ [ 77.2140997, 28.6364741 ], [ 77.2141121, 28.6364311 ], [ 77.2141644, 28.6362875 ], [ 77.2142087, 28.6361827 ], [ 77.2142417, 28.636105 ] ] } },
{ "type": "Feature", "properties": { "name": "Basant Road", "highway": "residential", "slope_pct": 0.6 }, "geometry": { "type": "LineString", "coordinates": [ [ 77.2137395, 28.6363948 ], [ 77.2137849, 28.6364016 ], [ 77.2138453, 28.6364146 ], [ 77.2140997, 28.6364741 ] ] } },
{ "type": "Feature", "properties": { "name": "Arterial Link", "highway": "residential", "slope_pct": 0.6 }, "geometry": { "type": "LineString", "coordinates": [ [ 77.2138977, 28.6378811 ], [ 77.21349, 28.6373327 ] ] } },
{ "type": "Feature", "properties": { "name": "Arterial Link", "highway": "residential", "slope_pct": 0.6 }, "geometry": { "type": "LineString", "coordinates": [ [ 77.2080027, 28.6372662 ], [ 77.2085264, 28.6369478 ] ] } },
{ "type": "Feature", "properties": { "name": "Arterial Link", "highway": "residential", "slope_pct": 0.6 }, "geometry": { "type": "LineString", "coordinates": [ [ 77.2095108, 28.6374015 ], [ 77.2099721, 28.6380954 ] ] } },
{ "type": "Feature", "properties": { "name": "Arterial Link", "highway": "residential", "slope_pct": 0.6 }, "geometry": { "type": "LineString", "coordinates": [ [ 77.2086345, 28.6382355 ], [ 77.2088858, 28.6380883 ], [ 77.2088959, 28.6380804 ], [ 77.2089455, 28.6380133 ], [ 77.2089566, 28.6380001 ], [ 77.208971, 28.6379892 ], [ 77.2091259, 28.6379 ], [ 77.2091554, 28.6378777 ], [ 77.2091991, 28.637837 ], [ 77.2093619, 28.6376858 ], [ 77.2093738, 28.6376726 ], [ 77.2093847, 28.6376575 ], [ 77.2095108, 28.6374015 ], [ 77.2095309, 28.6373733 ], [ 77.2095571, 28.6373521 ], [ 77.2102754, 28.636926 ] ] } },
{ "type": "Feature", "properties": { "name": "Arterial Link", "highway": "residential", "slope_pct": 0.6 }, "geometry": { "type": "LineString", "coordinates": [ [ 77.2079785, 28.6376973 ], [ 77.208085, 28.6378614 ], [ 77.2081375, 28.6379424 ] ] } },
{ "type": "Feature", "properties": { "name": "Arterial Link", "highway": "residential", "slope_pct": 0.6 }, "geometry": { "type": "LineString", "coordinates": [ [ 77.2136559, 28.6387573 ], [ 77.2133468, 28.6383494 ] ] } },
{ "type": "Feature", "properties": { "name": "Arterial Link", "highway": "residential", "slope_pct": 0.6 }, "geometry": { "type": "LineString", "coordinates": [ [ 77.2138695, 28.6386311 ], [ 77.2135657, 28.6382124 ] ] } },
{ "type": "Feature", "properties": { "name": "Arterial Link", "highway": "residential", "slope_pct": 0.6 }, "geometry": { "type": "LineString", "coordinates": [ [ 77.2143827, 28.6383448 ], [ 77.2139763, 28.6378358 ] ] } },
{ "type": "Feature", "properties": { "name": "Arterial Link", "highway": "residential", "slope_pct": 0.6 }, "geometry": { "type": "LineString", "coordinates": [ [ 77.2137168, 28.6372002 ], [ 77.2134228, 28.6367902 ], [ 77.2121567, 28.6375539 ] ] } },
{ "type": "Feature", "properties": { "name": "Inner Circle", "highway": "tertiary", "slope_pct": 0.6 }, "geometry": { "type": "LineString", "coordinates": [ [ 77.2206283, 28.6335703 ], [ 77.220695, 28.6335031 ], [ 77.2207554, 28.6334314 ], [ 77.2208092, 28.6333557 ], [ 77.2208941, 28.6331974 ], [ 77.22095, 28.6330295 ], [ 77.2209582, 28.6329679 ], [ 77.2209768, 28.6328285 ], [ 77.2209621, 28.6326265 ], [ 77.2209516, 28.6325893 ], [ 77.2208801, 28.6323608 ], [ 77.2207567, 28.6321678 ], [ 77.2206473, 28.6320329 ], [ 77.2205163, 28.6319161 ], [ 77.2203727, 28.6318222 ], [ 77.2202627, 28.6317719 ], [ 77.2201604, 28.6317257 ], [ 77.2199834, 28.6316743 ], [ 77.2198229, 28.6316541 ], [ 77.2197049, 28.6316372 ], [ 77.2195809, 28.6316347 ], [ 77.2193911, 28.6316773 ], [ 77.2191965, 28.6317464 ], [ 77.2189724, 28.6318698 ], [ 77.2188463, 28.6319587 ], [ 77.2186847, 28.632107 ], [ 77.2185744, 28.6322574 ], [ 77.2185397, 28.6323119 ], [ 77.2185101, 28.6323706 ], [ 77.2184612, 28.6324954 ], [ 77.2184292, 28.6326243 ], [ 77.2184138, 28.6327868 ], [ 77.2184244, 28.6329374 ], [ 77.2184253, 28.6329495 ], [ 77.2184634, 28.6331091 ], [ 77.2185004, 28.6331973 ], [ 77.2185275, 28.6332621 ], [ 77.2186161, 28.6334054 ], [ 77.2187978, 28.6336009 ], [ 77.2190004, 28.633744 ], [ 77.2190729, 28.6337821 ], [ 77.2190881, 28.6337889 ], [ 77.219146, 28.6338151 ], [ 77.2193018, 28.6338694 ], [ 77.2194307, 28.6338979 ], [ 77.2194644, 28.6339053 ], [ 77.2195654, 28.633918 ], [ 77.2195791, 28.6339187 ], [ 77.2196672, 28.6339235 ], [ 77.2197696, 28.6339283 ], [ 77.2199011, 28.6339092 ], [ 77.2200307, 28.6338846 ], [ 77.2201568, 28.6338484 ], [ 77.2202779, 28.6338009 ], [ 77.2203928, 28.6337427 ], [ 77.2205164, 28.6336627 ], [ 77.2205701, 28.6336184 ], [ 77.2206283, 28.6335703 ] ] } },
{ "type": "Feature", "properties": { "name": "Outer Circle", "highway": "secondary", "slope_pct": 0.6 }, "geometry": { "type": "LineString", "coordinates": [ [ 77.2209174, 28.6300832 ], [ 77.2208552, 28.6300608 ], [ 77.220815, 28.6300478 ], [ 77.2206518, 28.6299952 ], [ 77.2205331, 28.6299741 ], [ 77.2202029, 28.6299163 ], [ 77.2200819, 28.6299063 ], [ 77.2198676, 28.6298886 ], [ 77.2197987, 28.6298842 ], [ 77.2197655, 28.629882 ], [ 77.2194853, 28.6298938 ] ] } },
{ "type": "Feature", "properties": { "name": "Radial Road 1", "highway": "tertiary", "slope_pct": 0.6 }, "geometry": { "type": "LineString", "coordinates": [ [ 77.2194853, 28.6298938 ], [ 77.2194961, 28.6300779 ], [ 77.2195014, 28.6301679 ], [ 77.2195053, 28.630235 ], [ 77.2195281, 28.6306228 ], [ 77.2195322, 28.6306928 ], [ 77.2195553, 28.6311044 ], [ 77.2195662, 28.631324 ], [ 77.2195719, 28.6314124 ], [ 77.2195737, 28.6314455 ], [ 77.2195814, 28.6315893 ], [ 77.2195809, 28.6316347 ] ] } },
{ "type": "Feature", "properties": { "name": "Radial Road 4", "highway": "tertiary", "slope_pct": 0.6 }, "geometry": { "type": "LineString", "coordinates": [ [ 77.2198833, 28.6357191 ], [ 77.2198719, 28.6355209 ], [ 77.2198689, 28.6354683 ], [ 77.2198418, 28.6349975 ], [ 77.2198366, 28.6349075 ], [ 77.2198021, 28.6343002 ], [ 77.2197924, 28.6341262 ], [ 77.2197696, 28.6339283 ] ] } },
{ "type": "Feature", "properties": { "name": "Radial Road 3", "highway": "tertiary", "slope_pct": 0.6 }, "geometry": { "type": "LineString", "coordinates": [ [ 77.2186161, 28.6334054 ], [ 77.2182722, 28.6336029 ], [ 77.2176776, 28.63394 ], [ 77.2172568, 28.634179 ], [ 77.2172211, 28.6341993 ], [ 77.2171298, 28.6342511 ], [ 77.2170406, 28.6343031 ] ] } },
{ "type": "Feature", "properties": { "name": "Radial Road 2", "highway": "tertiary", "slope_pct": 0.6 }, "geometry": { "type": "LineString", "coordinates": [ [ 77.2185744, 28.6322574 ], [ 77.2184809, 28.6322214 ], [ 77.2182548, 28.6321267 ], [ 77.2182071, 28.6321067 ], [ 77.2181956, 28.6321017 ], [ 77.2180698, 28.6320468 ], [ 77.2177412, 28.6319034 ], [ 77.2175751, 28.6318278 ], [ 77.2172822, 28.6316826 ], [ 77.2170792, 28.6315818 ], [ 77.2169733, 28.6315337 ], [ 77.2167421, 28.6314291 ] ] } },
{ "type": "Feature", "properties": { "name": "Arterial Link", "highway": "tertiary", "slope_pct": 0.6 }, "geometry": { "type": "LineString", "coordinates": [ [ 77.2164245, 28.6329636 ], [ 77.216192, 28.6330133 ] ] } },
{ "type": "Feature", "properties": { "name": "Arterial Link", "highway": "tertiary", "slope_pct": 0.6 }, "geometry": { "type": "LineString", "coordinates": [ [ 77.2179008, 28.6303392 ], [ 77.218028, 28.6305031 ], [ 77.2181438, 28.6306523 ], [ 77.2182679, 28.6308122 ], [ 77.2186158, 28.6312879 ], [ 77.218698, 28.63142 ], [ 77.2187588, 28.6315202 ], [ 77.2187982, 28.6315839 ], [ 77.2189724, 28.6318698 ] ] } },
{ "type": "Feature", "properties": { "name": "Outer Circle", "highway": "secondary", "slope_pct": 0.6 }, "geometry": { "type": "LineString", "coordinates": [ [ 77.2164245, 28.6329636 ], [ 77.2164376, 28.6330471 ], [ 77.2164752, 28.633187 ], [ 77.2165136, 28.6332886 ], [ 77.2165784, 28.6334225 ], [ 77.2166735, 28.6336388 ], [ 77.2168133, 28.6339187 ], [ 77.2169271, 28.6341025 ], [ 77.2169647, 28.6341784 ], [ 77.2170406, 28.6343031 ] ] } },
{ "type": "Feature", "properties": { "name": "Outer Circle", "highway": "secondary", "slope_pct": 0.6 }, "geometry": { "type": "LineString", "coordinates": [ [ 77.2194853, 28.6298938 ], [ 77.2193141, 28.6299109 ], [ 77.2192426, 28.6299181 ], [ 77.2189581, 28.6299672 ], [ 77.2186797, 28.6300383 ], [ 77.2184123, 28.6301347 ], [ 77.2182836, 28.630181 ], [ 77.2181923, 28.6302174 ] ] } },
{ "type": "Feature", "properties": { "name": "Outer Circle", "highway": "secondary", "slope_pct": 0.6 }, "geometry": { "type": "LineString", "coordinates": [ [ 77.2181923, 28.6302174 ], [ 77.2180411, 28.6302682 ], [ 77.2179008, 28.6303392 ], [ 77.2178158, 28.6303962 ], [ 77.217738, 28.6304606 ], [ 77.2176681, 28.6305317 ] ] } },
{ "type": "Feature", "properties": { "name": "Outer Circle", "highway": "secondary", "slope_pct": 0.6 }, "geometry": { "type": "LineString", "coordinates": [ [ 77.2166601, 28.6316729 ], [ 77.2165819, 28.6319608 ], [ 77.2164923, 28.6323795 ], [ 77.2164715, 28.6325014 ], [ 77.2164221, 28.6327899 ], [ 77.2164245, 28.6329636 ] ] } },
{ "type": "Feature", "properties": { "name": "Outer Circle", "highway": "secondary", "slope_pct": 0.6 }, "geometry": { "type": "LineString", "coordinates": [ [ 77.2176681, 28.6305317 ], [ 77.2173364, 28.6308523 ], [ 77.217031, 28.6311388 ], [ 77.2168729, 28.6312977 ], [ 77.2167421, 28.6314291 ] ] } },
{ "type": "Feature", "properties": { "name": "Sansad Marg", "highway": "secondary", "slope_pct": 0.6 }, "geometry": { "type": "LineString", "coordinates": [ [ 77.2181923, 28.6302174 ], [ 77.2181247, 28.6302198 ], [ 77.218057, 28.6302159 ], [ 77.2179911, 28.6302022 ], [ 77.2179285, 28.6301792 ], [ 77.2178711, 28.6301476 ], [ 77.2178204, 28.6301081 ], [ 77.2177886, 28.6300736 ], [ 77.2177778, 28.6300619 ], [ 77.2177443, 28.6300101 ] ] } },
{ "type": "Feature", "properties": { "name": "Sansad Marg", "highway": "secondary", "slope_pct": 0.6 }, "geometry": { "type": "LineString", "coordinates": [ [ 77.2176728, 28.6300813 ], [ 77.2176977, 28.6301219 ], [ 77.2177049, 28.6301337 ], [ 77.2177282, 28.6301897 ], [ 77.2177421, 28.6302479 ], [ 77.2177465, 28.6303074 ], [ 77.2177413, 28.6303667 ], [ 77.2177264, 28.6304249 ], [ 77.2177023, 28.6304805 ], [ 77.2176681, 28.6305317 ] ] } },
{ "type": "Feature", "properties": { "name": "Outer Circle", "highway": "secondary", "slope_pct": 0.6 }, "geometry": { "type": "LineString", "coordinates": [ [ 77.2170406, 28.6343031 ], [ 77.2171312, 28.6344291 ] ] } },
{ "type": "Feature", "properties": { "name": "Outer Circle", "highway": "secondary", "slope_pct": 0.6 }, "geometry": { "type": "LineString", "coordinates": [ [ 77.2167421, 28.6314291 ], [ 77.2166601, 28.6316729 ] ] } },
{ "type": "Feature", "properties": { "name": "Outer Circle", "highway": "secondary", "slope_pct": 0.6 }, "geometry": { "type": "LineString", "coordinates": [ [ 77.2171312, 28.6344291 ], [ 77.2175564, 28.6348446 ], [ 77.2180055, 28.6352571 ] ] } },
{ "type": "Feature", "properties": { "name": "Janpath", "highway": "secondary", "slope_pct": 0.6 }, "geometry": { "type": "LineString", "coordinates": [ [ 77.2197655, 28.629882 ], [ 77.2197184, 28.6298631 ], [ 77.2196757, 28.6298375 ], [ 77.2196386, 28.6298058 ], [ 77.2196083, 28.629769 ], [ 77.2195855, 28.6297281 ], [ 77.2195711, 28.6296845 ] ] } },
{ "type": "Feature", "properties": { "name": "Arterial Link", "highway": "residential", "slope_pct": 0.6 }, "geometry": { "type": "LineString", "coordinates": [ [ 77.2170525, 28.6299309 ], [ 77.2167228, 28.6302235 ], [ 77.2164988, 28.6304222 ], [ 77.2164754, 28.630457 ], [ 77.2164683, 28.6304981 ], [ 77.2164907, 28.6305382 ], [ 77.2166062, 28.6306315 ], [ 77.2166253, 28.6306546 ], [ 77.216632, 28.6306841 ], [ 77.2166259, 28.6307098 ], [ 77.2165764, 28.6307529 ] ] } },
{ "type": "Feature", "properties": { "name": "Arterial Link", "highway": "residential", "slope_pct": 0.6 }, "geometry": { "type": "LineString", "coordinates": [ [ 77.2168101, 28.6296771 ], [ 77.2170525, 28.6299309 ], [ 77.2172108, 28.6301408 ], [ 77.2172466, 28.6301883 ] ] } },
{ "type": "Feature", "properties": { "name": "Baba Kharak Singh Marg", "highway": "secondary", "slope_pct": 0.6 }, "geometry": { "type": "LineString", "coordinates": [ [ 77.2161249, 28.6312729 ], [ 77.2164747, 28.6314483 ], [ 77.2165478, 28.6315 ], [ 77.2165816, 28.6315384 ], [ 77.2165999, 28.6315591 ], [ 77.2166601, 28.6316729 ] ] } },
{ "type": "Feature", "properties": { "name": "Arterial Link", "highway": "residential", "slope_pct": 0.6 }, "geometry": { "type": "LineString", "coordinates": [ [ 77.2161249, 28.6312729 ], [ 77.2160337, 28.631437 ], [ 77.2159983, 28.6315006 ] ] } },
{ "type": "Feature", "properties": { "name": "Arterial Link", "highway": "secondary_link", "slope_pct": 0.6 }, "geometry": { "type": "LineString", "coordinates": [ [ 77.2170792, 28.6315818 ], [ 77.2170049, 28.6315838 ], [ 77.2169469, 28.6315844 ], [ 77.2168909, 28.631585 ], [ 77.2168024, 28.6315909 ], [ 77.2167528, 28.6316062 ], [ 77.2166601, 28.6316729 ] ] } },
{ "type": "Feature", "properties": { "name": "Outer Circle", "highway": "secondary", "slope_pct": 0.6 }, "geometry": { "type": "LineString", "coordinates": [ [ 77.2180055, 28.6352571 ], [ 77.218109, 28.6353093 ], [ 77.2182027, 28.6353565 ], [ 77.2183626, 28.6354345 ], [ 77.21862, 28.6355299 ], [ 77.2188663, 28.6355861 ] ] } },
{ "type": "Feature", "properties": { "name": "Arterial Link", "highway": "residential", "slope_pct": 0.6 }, "geometry": { "type": "LineString", "coordinates": [ [ 77.2163011, 28.630796 ], [ 77.2162691, 28.6307693 ], [ 77.2162427, 28.6307398 ], [ 77.2162254, 28.6306952 ], [ 77.2162213, 28.6306569 ], [ 77.2162274, 28.6305413 ], [ 77.2162173, 28.6305068 ], [ 77.2161959, 28.6304854 ], [ 77.2154744, 28.6301745 ], [ 77.215569, 28.6300028 ], [ 77.2157794, 28.6296433 ], [ 77.2158039, 28.6296033 ] ] } },
{ "type": "Feature", "properties": { "name": "hanuman lane", "highway": "residential", "slope_pct": 0.6 }, "geometry": { "type": "LineString", "coordinates": [ [ 77.2161049, 28.631128 ], [ 77.2163011, 28.630796 ], [ 77.2163337, 28.6307411 ], [ 77.2163516, 28.6307262 ], [ 77.2163746, 28.6307216 ], [ 77.2164091, 28.6307317 ], [ 77.2165153, 28.6307783 ], [ 77.2165386, 28.6307806 ], [ 77.2165573, 28.6307739 ], [ 77.2165764, 28.6307529 ] ] } },
{ "type": "Feature", "properties": { "name": "Arterial Link", "highway": "residential", "slope_pct": 0.6 }, "geometry": { "type": "LineString", "coordinates": [ [ 77.2207434, 28.6308967 ], [ 77.220915, 28.6305647 ] ] } },
{ "type": "Feature", "properties": { "name": "Arterial Link", "highway": "residential", "slope_pct": 0.6 }, "geometry": { "type": "LineString", "coordinates": [ [ 77.215569, 28.6300028 ], [ 77.2153176, 28.6298907 ], [ 77.215251, 28.6298838 ], [ 77.2152012, 28.6299585 ] ] } },
{ "type": "Feature", "properties": { "name": "Arterial Link", "highway": "residential", "slope_pct": 0.6 }, "geometry": { "type": "LineString", "coordinates": [ [ 77.2159299, 28.6311799 ], [ 77.215848, 28.6312951 ], [ 77.2153413, 28.6310583 ], [ 77.2150791, 28.6309565 ], [ 77.2150413, 28.6309897 ], [ 77.2149783, 28.6309831 ], [ 77.2148951, 28.6309388 ], [ 77.2147993, 28.6308835 ], [ 77.2146657, 28.6308149 ] ] } },
{ "type": "Feature", "properties": { "name": "Arterial Link", "highway": "secondary_link", "slope_pct": 0.6 }, "geometry": { "type": "LineString", "coordinates": [ [ 77.2176977, 28.6301219 ], [ 77.2177886, 28.6300736 ] ] } },
{ "type": "Feature", "properties": { "name": "Shaheed Bhagat Singh Marg", "highway": "tertiary", "slope_pct": 0.6 }, "geometry": { "type": "LineString", "coordinates": [ [ 77.216192, 28.6330133 ], [ 77.2160868, 28.6330299 ], [ 77.2158749, 28.6330435 ], [ 77.2157846, 28.6330477 ], [ 77.2157793, 28.6330473 ], [ 77.215682, 28.6330539 ] ] } },
{ "type": "Feature", "properties": { "name": "Arterial Link", "highway": "secondary_link", "slope_pct": 0.6 }, "geometry": { "type": "LineString", "coordinates": [ [ 77.2182675, 28.6357466 ], [ 77.2183568, 28.6357504 ] ] } },
{ "type": "Feature", "properties": { "name": "Jain Mandir Marg", "highway": "residential", "slope_pct": 0.6 }, "geometry": { "type": "LineString", "coordinates": [ [ 77.2159983, 28.6315006 ], [ 77.2158251, 28.6317918 ], [ 77.2157151, 28.6319419 ], [ 77.2156626, 28.6319895 ], [ 77.2156013, 28.6320191 ] ] } },
{ "type": "Feature", "properties": { "name": "Chelmsford Road", "highway": "secondary", "slope_pct": 0.6 }, "geometry": { "type": "LineString", "coordinates": [ [ 77.2180055, 28.6352571 ], [ 77.218057, 28.6353777 ], [ 77.218061, 28.635387 ], [ 77.2181403, 28.6355015 ], [ 77.2182243, 28.6356272 ] ] } },
{ "type": "Feature", "properties": { "name": "Chelmsford Road", "highway": "secondary", "slope_pct": 0.6 }, "geometry": { "type": "LineString", "coordinates": [ [ 77.2182574, 28.6357188 ], [ 77.2182675, 28.6357466 ] ] } },
{ "type": "Feature", "properties": { "name": "Chelmsford Road", "highway": "secondary", "slope_pct": 0.6 }, "geometry": { "type": "LineString", "coordinates": [ [ 77.2183568, 28.6357504 ], [ 77.218387, 28.6356953 ] ] } },
{ "type": "Feature", "properties": { "name": "Chelmsford Road", "highway": "secondary", "slope_pct": 0.6 }, "geometry": { "type": "LineString", "coordinates": [ [ 77.2182243, 28.6356272 ], [ 77.2182574, 28.6357188 ] ] } },
{ "type": "Feature", "properties": { "name": "Chelmsford Road", "highway": "secondary", "slope_pct": 0.6 }, "geometry": { "type": "LineString", "coordinates": [ [ 77.218387, 28.6356953 ], [ 77.2184337, 28.6356574 ], [ 77.2184407, 28.6356517 ], [ 77.2185066, 28.6356214 ], [ 77.2186267, 28.6356037 ], [ 77.2188663, 28.6355861 ] ] } },
{ "type": "Feature", "properties": { "name": "Middle Circle", "highway": "residential", "slope_pct": 0.6 }, "geometry": { "type": "LineString", "coordinates": [ [ 77.2195322, 28.6306928 ], [ 77.2197362, 28.6306881 ], [ 77.2197441, 28.6306879 ], [ 77.2199556, 28.6306994 ], [ 77.2200739, 28.6307132 ], [ 77.2201652, 28.6307271 ], [ 77.2203711, 28.630771 ], [ 77.2205719, 28.6308305 ], [ 77.2207434, 28.6308967 ], [ 77.2207659, 28.6309054 ], [ 77.2209517, 28.6309949 ], [ 77.2211278, 28.6310984 ], [ 77.2212929, 28.631205 ], [ 77.2214484, 28.6313298 ], [ 77.221582, 28.6314584 ], [ 77.2217092, 28.631635 ], [ 77.2218192, 28.6317961 ], [ 77.2218375, 28.6318251 ], [ 77.2219124, 28.6319651 ], [ 77.2219756, 28.6321115 ], [ 77.2219882, 28.6321408 ], [ 77.2220459, 28.6323216 ], [ 77.2220743, 28.6324555 ], [ 77.222085, 28.6325062 ], [ 77.2221005, 28.6326494 ], [ 77.2221053, 28.6326932 ], [ 77.2221065, 28.6328501 ], [ 77.2221067, 28.632881 ], [ 77.222089, 28.6330682 ], [ 77.2220524, 28.6332532 ], [ 77.2219973, 28.6334347 ], [ 77.2219474, 28.6335548 ], [ 77.221924, 28.6336111 ], [ 77.2218332, 28.6337812 ], [ 77.2217344, 28.6339312 ], [ 77.2217209, 28.6339483 ], [ 77.221622, 28.6340736 ], [ 77.2215063, 28.6341971 ], [ 77.2214967, 28.6342074 ], [ 77.2213593, 28.6343318 ], [ 77.2212215, 28.6344376 ], [ 77.2212107, 28.6344459 ], [ 77.2210037, 28.6345795 ], [ 77.2209104, 28.6346269 ], [ 77.2207766, 28.6346899 ], [ 77.2207631, 28.6346962 ], [ 77.2206106, 28.6347563 ], [ 77.2204537, 28.6348069 ], [ 77.2202932, 28.6348479 ], [ 77.2201298, 28.634879 ], [ 77.2199644, 28.6349001 ], [ 77.2198366, 28.6349075 ], [ 77.2196441, 28.6349121 ], [ 77.2195578, 28.6349079 ], [ 77.2194908, 28.6349046 ], [ 77.2193384, 28.6348886 ], [ 77.2191875, 28.634864 ], [ 77.2190386, 28.634831 ], [ 77.2188924, 28.6347898 ], [ 77.2187906, 28.6347546 ], [ 77.2187496, 28.6347405 ], [ 77.2186106, 28.6346833 ], [ 77.2184742, 28.6346175 ], [ 77.218343, 28.6345441 ], [ 77.2182175, 28.6344634 ], [ 77.2180982, 28.6343758 ], [ 77.2179855, 28.6342816 ], [ 77.2178801, 28.6341812 ], [ 77.2178323, 28.6341288 ], [ 77.2177822, 28.634075 ], [ 77.2176776, 28.63394 ], [ 77.2176204, 28.6338616 ], [ 77.2175675, 28.6337761 ], [ 77.2175552, 28.6337563 ], [ 77.2174968, 28.6336479 ], [ 77.2174456, 28.6335367 ], [ 77.2174016, 28.6334232 ], [ 77.217365, 28.6333077 ], [ 77.217336, 28.6331905 ], [ 77.2173146, 28.6330721 ], [ 77.2173009, 28.6329528 ], [ 77.2172949, 28.632833 ], [ 77.2172966, 28.6327131 ], [ 77.2173061, 28.6325935 ], [ 77.2173233, 28.6324745 ], [ 77.2173482, 28.6323566 ], [ 77.2173807, 28.6322402 ], [ 77.2174206, 28.6321255 ], [ 77.217476, 28.6319913 ], [ 77.2175224, 28.6319031 ], [ 77.2175751, 28.6318278 ] ] } },
{ "type": "Feature", "properties": { "name": "Radial Road 7", "highway": "tertiary", "slope_pct": 0.6 }, "geometry": { "type": "LineString", "coordinates": [ [ 77.2207567, 28.6321678 ], [ 77.221105, 28.6319768 ], [ 77.2212982, 28.6318649 ], [ 77.2217092, 28.631635 ] ] } },
{ "type": "Feature", "properties": { "name": "Chelmsford Road", "highway": "secondary", "slope_pct": 0.6 }, "geometry": { "type": "LineString", "coordinates": [ [ 77.2182675, 28.6357466 ], [ 77.2182896, 28.6358681 ], [ 77.2183298, 28.6363056 ], [ 77.2183452, 28.6365293 ], [ 77.2183747, 28.6369594 ], [ 77.2183874, 28.6371377 ], [ 77.2183923, 28.637273 ], [ 77.2184057, 28.6376461 ], [ 77.2184561, 28.6383126 ], [ 77.2184857, 28.6388892 ], [ 77.2185261, 28.6394258 ], [ 77.2185643, 28.6399033 ], [ 77.2185989, 28.6408926 ], [ 77.2185189, 28.6414122 ], [ 77.2184547, 28.6418752 ] ] } },
{ "type": "Feature", "properties": { "name": "Basant Lane", "highway": "residential", "slope_pct": 0.6 }, "geometry": { "type": "LineString", "coordinates": [ [ 77.2147056, 28.6373862 ], [ 77.2164119, 28.6364347 ], [ 77.2164582, 28.6364089 ], [ 77.2169391, 28.6361495 ], [ 77.2175588, 28.6358152 ], [ 77.2181403, 28.6355015 ] ] } },
{ "type": "Feature", "properties": { "name": "Radial Road 5", "highway": "tertiary", "slope_pct": 0.6 }, "geometry": { "type": "LineString", "coordinates": [ [ 77.2203928, 28.6337427 ], [ 77.2206138, 28.634046 ], [ 77.2207802, 28.6342737 ], [ 77.2210037, 28.6345795 ], [ 77.2213324, 28.6350104 ], [ 77.2213471, 28.6350297 ], [ 77.2213842, 28.6350783 ], [ 77.2214219, 28.6351136 ], [ 77.2214718, 28.6351402 ], [ 77.2215809, 28.6351806 ] ] } },
{ "type": "Feature", "properties": { "name": "Outer Circle", "highway": "secondary", "slope_pct": 0.6 }, "geometry": { "type": "LineString", "coordinates": [ [ 77.2188663, 28.6355861 ], [ 77.2191658, 28.6356418 ], [ 77.2194699, 28.6356738 ], [ 77.2196659, 28.6357004 ], [ 77.2197623, 28.6357135 ], [ 77.21982, 28.6357191 ], [ 77.2198833, 28.6357191 ], [ 77.2199296, 28.6357173 ], [ 77.2199976, 28.6357078 ], [ 77.2200349, 28.6356967 ], [ 77.2204439, 28.6355749 ], [ 77.2210487, 28.6353948 ], [ 77.2213076, 28.6353155 ], [ 77.2213537, 28.6353014 ], [ 77.221439, 28.6352759 ] ] } },
{ "type": "Feature", "properties": { "name": "State Entry Road", "highway": "residential", "slope_pct": 0.6 }, "geometry": { "type": "LineString", "coordinates": [ [ 77.2198833, 28.6357191 ], [ 77.2198894, 28.6358178 ], [ 77.2199077, 28.6361156 ], [ 77.2199334, 28.6365354 ], [ 77.2199557, 28.6370997 ] ] } },
{ "type": "Feature", "properties": { "name": "Chelmsford Road", "highway": "secondary", "slope_pct": 0.6 }, "geometry": { "type": "LineString", "coordinates": [ [ 77.2185325, 28.6418874 ], [ 77.2185748, 28.6416689 ], [ 77.2186323, 28.6413925 ], [ 77.2187085, 28.640951 ], [ 77.2187112, 28.6407432 ], [ 77.2186753, 28.6401746 ], [ 77.2186592, 28.6398874 ], [ 77.218552, 28.6385032 ], [ 77.2184815, 28.6372739 ], [ 77.2184745, 28.6371513 ], [ 77.2184469, 28.636961 ], [ 77.218391, 28.6361585 ], [ 77.2183633, 28.6358779 ], [ 77.2183568, 28.6357504 ] ] } },
{ "type": "Feature", "properties": { "name": "Arterial Link", "highway": "residential", "slope_pct": 0.6 }, "geometry": { "type": "LineString", "coordinates": [ [ 77.218502, 28.6405835 ], [ 77.2184621, 28.6399081 ], [ 77.2183782, 28.6386708 ], [ 77.2183458, 28.6380406 ], [ 77.2182916, 28.6371278 ], [ 77.2182492, 28.6367794 ], [ 77.2182227, 28.6361335 ], [ 77.2182284, 28.6359084 ], [ 77.2182438, 28.6357914 ], [ 77.2182574, 28.6357188 ] ] } },
{ "type": "Feature", "properties": { "name": "Arterial Link", "highway": "residential", "slope_pct": 0.6 }, "geometry": { "type": "LineString", "coordinates": [ [ 77.218387, 28.6356953 ], [ 77.2184567, 28.6357804 ], [ 77.2185033, 28.6364078 ], [ 77.2185591, 28.6371586 ], [ 77.2187454, 28.6400798 ] ] } },
{ "type": "Feature", "properties": { "name": "Arterial Link", "highway": "residential", "slope_pct": 0.6 }, "geometry": { "type": "LineString", "coordinates": [ [ 77.2192025, 28.6368634 ], [ 77.2192061, 28.6371128 ], [ 77.2192067, 28.6371506 ], [ 77.2192193, 28.6375307 ] ] } }
]
}
