{
"type": "FeatureCollection",
"name": "roads_13.08_80.27",
"crs": { "type": "name", "properties": { "name": "urn:ogc:def:crs:OGC:1.3:CRS84" } },
"features": [
{ "type": "Feature", "properties": { "name": "Muthuswamy Road", "highway": "primary", "slope_pct": 0.6 }, "geometry": { "type": "LineString", "coordinates": [ [ 80.2844352, 13.0852831 ], [ 80.2839593, 13.0850846 ], [ 80.283507, 13.0847701 ], [ 80.283191, 13.0844462 ], [ 80.2817846, 13.082277 ] ] } },
{ "type": "Feature", "properties": { "name": "Pallavan Salai", "highway": "secondary", "slope_pct": 0.6 }, "geometry": { "type": "LineString", "coordinates": [ [ 80.276291, 13.0770794 ], [ 80.2763513, 13.0765785 ], [ 80.2763591, 13.0763679 ], [ 80.2763729, 13.0759926 ], [ 80.2764355, 13.0742962 ], [ 80.2764611, 13.0740312 ], [ 80.2764982, 13.0737818 ] ] } },
{ "type": "Feature", "properties": { "name": "Elephant Gate Road", "highway": "residential", "slope_pct": 0.6 }, "geometry": { "type": "LineString", "coordinates": [ [ 80.2752963, 13.0923212 ], [ 80.2757373, 13.0922511 ], [ 80.2761456, 13.092217 ], [ 80.2764974, 13.0922108 ], [ 80.2769022, 13.0921911 ], [ 80.2772482, 13.0921651 ], [ 80.2777592, 13.0921456 ], [ 80.2781386, 13.0921168 ], [ 80.2783952, 13.0921058 ], [ 80.2788302, 13.0920575 ], [ 80.2793299, 13.09197 ] ] } },
{ "type": "Feature", "properties": { "name": "Rattan Bazaar Road", "highway": "secondary", "slope_pct": 0.6 }, "geometry": { "type": "LineString", "coordinates": [ [ 80.282541, 13.0883111 ], [ 80.2824731, 13.088306 ], [ 80.2823291, 13.0882873 ], [ 80.2822098, 13.0882673 ], [ 80.2821049, 13.0882453 ], [ 80.2820315, 13.0882274 ], [ 80.2819612, 13.0882077 ], [ 80.2819271, 13.0881982 ], [ 80.2818682, 13.0881784 ], [ 80.281793, 13.0881531 ], [ 80.2817049, 13.0881176 ], [ 80.2816514, 13.0880904 ], [ 80.2816093, 13.0880644 ], [ 80.2815772, 13.0880429 ], [ 80.2815442, 13.0880061 ], [ 80.2815224, 13.0879767 ], [ 80.2815036, 13.0879435 ], [ 80.2814884, 13.0879068 ], [ 80.281477, 13.0878769 ], [ 80.281449, 13.0877844 ], [ 80.2814165, 13.0876671 ], [ 80.2809925, 13.0859873 ], [ 80.280899, 13.0858418 ] ] } },
{ "type": "Feature", "properties": { "name": "Evening Bazaar Road", "highway": "secondary", "slope_pct": 0.6 }, "geometry": { "type": "LineString", "coordinates": [ [ 80.280899, 13.0858418 ], [ 80.2806905, 13.0857538 ], [ 80.2797627, 13.0854832 ], [ 80.2796126, 13.0853574 ], [ 80.2794797, 13.0851603 ], [ 80.279387, 13.0848948 ], [ 80.2793323, 13.0845727 ], [ 80.2792047, 13.083821 ], [ 80.2790026, 13.0833505 ] ] } },
{ "type": "Feature", "properties": { "name": "Rasappa Chetty Street", "highway": "tertiary", "slope_pct": 0.6 }, "geometry": { "type": "LineString", "coordinates": [ [ 80.280899, 13.0858418 ], [ 80.2808012, 13.0858803 ], [ 80.2800539, 13.0859403 ], [ 80.2796108, 13.0860059 ], [ 80.2792164, 13.086075 ], [ 80.2784418, 13.0861687 ], [ 80.2780241, 13.0862232 ], [ 80.277641, 13.0862999 ], [ 80.2773133, 13.0863687 ], [ 80.2768869, 13.0864359 ], [ 80.2766869, 13.0864702 ], [ 80.2757841, 13.0866209 ] ] } },
{ "type": "Feature", "properties": { "name": "Evening Bazaar Road", "highway": "secondary", "slope_pct": 0.6 }, "geometry": { "type": "LineString", "coordinates": [ [ 80.2790854, 13.0837083 ], [ 80.279135, 13.0838211 ], [ 80.2792435, 13.0845852 ], [ 80.2792865, 13.0848877 ], [ 80.2793292, 13.0851333 ], [ 80.279458, 13.0853334 ], [ 80.2796086, 13.0855156 ], [ 80.2797889, 13.0855854 ], [ 80.2800612, 13.0856637 ], [ 80.2806535, 13.0857954 ], [ 80.2808012, 13.0858803 ] ] } },
{ "type": "Feature", "properties": { "name": "Issac Street", "highway": "residential", "slope_pct": 0.6 }, "geometry": { "type": "LineString", "coordinates": [ [ 80.2761675, 13.0834865 ], [ 80.2762788, 13.0834996 ], [ 80.2767996, 13.0835634 ], [ 80.2770941, 13.0835995 ], [ 80.2771937, 13.0836069 ], [ 80.2772841, 13.0836177 ], [ 80.2775765, 13.0835995 ], [ 80.2780939, 13.0835807 ] ] } },
{ "type": "Feature", "properties": { "name": "Narasingapuram Street", "highway": "residential", "slope_pct": 0.6 }, "geometry": { "type": "LineString", "coordinates": [ [ 80.2713796, 13.0698885 ], [ 80.2712211, 13.0692666 ], [ 80.2710407, 13.0684707 ], [ 80.2709934, 13.0681476 ] ] } },
{ "type": "Feature", "properties": { "name": "Swami Naicken Street", "highway": "residential", "slope_pct": 0.6 }, "geometry": { "type": "LineString", "coordinates": [ [ 80.271092, 13.0784807 ], [ 80.2710338, 13.0782235 ], [ 80.271003, 13.0780872 ], [ 80.2709239, 13.0776486 ], [ 80.2706594, 13.0767067 ], [ 80.2706235, 13.0765991 ], [ 80.2703688, 13.0758365 ], [ 80.2702071, 13.075238 ] ] } },
{ "type": "Feature", "properties": { "name": "Urban Corridor", "highway": "residential", "slope_pct": 0.6 }, "geometry": { "type": "LineString", "coordinates": [ [ 80.2712603, 13.0731183 ], [ 80.2711433, 13.0730123 ], [ 80.2710813, 13.0728073 ], [ 80.2706803, 13.0728929 ] ] } },
{ "type": "Feature", "properties": { "name": "Meeran Sahib Street", "highway": "residential", "slope_pct": 0.6 }, "geometry": { "type": "LineString", "coordinates": [ [ 80.2707518, 13.0700594 ], [ 80.2705187, 13.0690194 ], [ 80.2703532, 13.0681894 ] ] } },
{ "type": "Feature", "properties": { "name": "Atthipattan Street", "highway": "residential", "slope_pct": 0.6 }, "geometry": { "type": "LineString", "coordinates": [ [ 80.2728892, 13.0699358 ], [ 80.2724158, 13.0701676 ], [ 80.2716157, 13.0704281 ] ] } },
{ "type": "Feature", "properties": { "name": "Urban Corridor", "highway": "residential", "slope_pct": 0.6 }, "geometry": { "type": "LineString", "coordinates": [ [ 80.270067, 13.0747455 ], [ 80.2695276, 13.0748603 ], [ 80.269017, 13.0749793 ], [ 80.2679937, 13.0752581 ], [ 80.2670819, 13.0754276 ], [ 80.2662674, 13.0755166 ] ] } },
{ "type": "Feature", "properties": { "name": "Laffond Street", "highway": "residential", "slope_pct": 0.6 }, "geometry": { "type": "LineString", "coordinates": [ [ 80.2724187, 13.0776982 ], [ 80.2723808, 13.0773412 ], [ 80.2723623, 13.0771932 ], [ 80.2723448, 13.0770125 ], [ 80.2721789, 13.0757817 ], [ 80.2721807, 13.0752767 ], [ 80.2721767, 13.0751494 ], [ 80.2721639, 13.0747475 ] ] } },
{ "type": "Feature", "properties": { "name": "Singanna Street Part A", "highway": "residential", "slope_pct": 0.6 }, "geometry": { "type": "LineString", "coordinates": [ [ 80.2712845, 13.0750155 ], [ 80.2710621, 13.0743064 ], [ 80.2706803, 13.0728929 ], [ 80.2705337, 13.0723291 ], [ 80.2704944, 13.0719582 ], [ 80.2704933, 13.0715542 ], [ 80.2704994, 13.0713327 ], [ 80.2704816, 13.0710694 ], [ 80.2704607, 13.0706103 ], [ 80.2703748, 13.0701446 ] ] } },
{ "type": "Feature", "properties": { "name": "Kalavai Street", "highway": "residential", "slope_pct": 0.6 }, "geometry": { "type": "LineString", "coordinates": [ [ 80.2701881, 13.0771032 ], [ 80.2696968, 13.0772124 ], [ 80.269677, 13.0772134 ], [ 80.2696595, 13.0772042 ], [ 80.2696399, 13.0771886 ] ] } },
{ "type": "Feature", "properties": { "name": "Ayya Mudali Street", "highway": "residential", "slope_pct": 0.6 }, "geometry": { "type": "LineString", "coordinates": [ [ 80.2695276, 13.0748603 ], [ 80.2691181, 13.0732437 ], [ 80.2690173, 13.0728056 ], [ 80.2689746, 13.0725444 ], [ 80.2689078, 13.072043 ], [ 80.2692633, 13.0719537 ] ] } },
{ "type": "Feature", "properties": { "name": "Urban Corridor", "highway": "residential", "slope_pct": 0.6 }, "geometry": { "type": "LineString", "coordinates": [ [ 80.2675478, 13.0728917 ], [ 80.267779, 13.0729834 ], [ 80.2682398, 13.0730689 ], [ 80.2683039, 13.0730586 ], [ 80.2684087, 13.0730286 ], [ 80.268431, 13.0728684 ], [ 80.2690173, 13.0728056 ] ] } },
{ "type": "Feature", "properties": { "name": "Nyniappan Street", "highway": "residential", "slope_pct": 0.6 }, "geometry": { "type": "LineString", "coordinates": [ [ 80.2675351, 13.0736165 ], [ 80.267641, 13.0740573 ], [ 80.2677218, 13.0744101 ], [ 80.2678427, 13.0748011 ], [ 80.2678911, 13.0749539 ], [ 80.2679937, 13.0752581 ], [ 80.2681402, 13.075789 ] ] } },
{ "type": "Feature", "properties": { "name": "Nagamani Street", "highway": "residential", "slope_pct": 0.6 }, "geometry": { "type": "LineString", "coordinates": [ [ 80.2689215, 13.0745832 ], [ 80.2678427, 13.0748011 ] ] } },
{ "type": "Feature", "properties": { "name": "Devaraj Sarang Lane", "highway": "residential", "slope_pct": 0.6 }, "geometry": { "type": "LineString", "coordinates": [ [ 80.267641, 13.0740573 ], [ 80.2683932, 13.0738751 ] ] } },
{ "type": "Feature", "properties": { "name": "Urban Corridor", "highway": "residential", "slope_pct": 0.6 }, "geometry": { "type": "LineString", "coordinates": [ [ 80.2696641, 13.0711228 ], [ 80.2696983, 13.0716194 ], [ 80.2697535, 13.071883 ], [ 80.269787, 13.0720499 ], [ 80.2699478, 13.0726059 ], [ 80.2700426, 13.072997 ] ] } },
{ "type": "Feature", "properties": { "name": "Sivaprakasam Street", "highway": "residential", "slope_pct": 0.6 }, "geometry": { "type": "LineString", "coordinates": [ [ 80.2718338, 13.0711212 ], [ 80.2715468, 13.0711894 ], [ 80.2710616, 13.0712796 ], [ 80.2704994, 13.0713327 ] ] } },
{ "type": "Feature", "properties": { "name": "Urban Corridor", "highway": "residential", "slope_pct": 0.6 }, "geometry": { "type": "LineString", "coordinates": [ [ 80.2662967, 13.0750104 ], [ 80.2664865, 13.0750045 ], [ 80.2665429, 13.0750028 ], [ 80.2667827, 13.0750028 ], [ 80.266815, 13.0749917 ], [ 80.2669615, 13.0749202 ], [ 80.2671704, 13.0748653 ], [ 80.2673512, 13.0748065 ] ] } },
{ "type": "Feature", "properties": { "name": "Urban Corridor", "highway": "residential", "slope_pct": 0.6 }, "geometry": { "type": "LineString", "coordinates": [ [ 80.2669615, 13.0749202 ], [ 80.2670819, 13.0754276 ], [ 80.2672158, 13.0760151 ] ] } },
{ "type": "Feature", "properties": { "name": "Mangapathi Street", "highway": "residential", "slope_pct": 0.6 }, "geometry": { "type": "LineString", "coordinates": [ [ 80.2694706, 13.0765348 ], [ 80.2683332, 13.0767684 ], [ 80.2678596, 13.0768349 ], [ 80.267347, 13.0768966 ] ] } },
{ "type": "Feature", "properties": { "name": "Urban Corridor", "highway": "residential", "slope_pct": 0.6 }, "geometry": { "type": "LineString", "coordinates": [ [ 80.2696031, 13.0770183 ], [ 80.2688905, 13.0770947 ], [ 80.2684406, 13.0771687 ], [ 80.2679483, 13.0772497 ], [ 80.2673373, 13.0773093 ], [ 80.2671289, 13.0773492 ], [ 80.2666967, 13.0774536 ] ] } },
{ "type": "Feature", "properties": { "name": "Balakrishna Street", "highway": "residential", "slope_pct": 0.6 }, "geometry": { "type": "LineString", "coordinates": [ [ 80.268027, 13.0789065 ], [ 80.2680496, 13.0786304 ], [ 80.2680845, 13.0781324 ], [ 80.268075, 13.0778976 ], [ 80.268028, 13.0776619 ], [ 80.2679483, 13.0772497 ], [ 80.2678596, 13.0768349 ] ] } },
{ "type": "Feature", "properties": { "name": "Urban Corridor", "highway": "residential", "slope_pct": 0.6 }, "geometry": { "type": "LineString", "coordinates": [ [ 80.2682564, 13.0762806 ], [ 80.2693278, 13.0760349 ] ] } },
{ "type": "Feature", "properties": { "name": "Arunchalam Street", "highway": "residential", "slope_pct": 0.6 }, "geometry": { "type": "LineString", "coordinates": [ [ 80.2703688, 13.0758365 ], [ 80.2698756, 13.0759678 ], [ 80.2693448, 13.076095 ] ] } },
{ "type": "Feature", "properties": { "name": "Vennkatesan Street", "highway": "residential", "slope_pct": 0.6 }, "geometry": { "type": "LineString", "coordinates": [ [ 80.2715969, 13.0781955 ], [ 80.2714105, 13.0775605 ], [ 80.2707302, 13.0751091 ] ] } },
{ "type": "Feature", "properties": { "name": "Laffond Lane", "highway": "residential", "slope_pct": 0.6 }, "geometry": { "type": "LineString", "coordinates": [ [ 80.2731806, 13.0757575 ], [ 80.2728256, 13.0757426 ], [ 80.2727371, 13.0757389 ], [ 80.2721789, 13.0757817 ] ] } },
{ "type": "Feature", "properties": { "name": "Urban Corridor", "highway": "residential", "slope_pct": 0.6 }, "geometry": { "type": "LineString", "coordinates": [ [ 80.2710621, 13.0743064 ], [ 80.270539, 13.0744823 ], [ 80.2700276, 13.0745996 ] ] } },
{ "type": "Feature", "properties": { "name": "Hussain Sahib Street", "highway": "residential", "slope_pct": 0.6 }, "geometry": { "type": "LineString", "coordinates": [ [ 80.2710687, 13.0699872 ], [ 80.2712176, 13.0704135 ], [ 80.2712631, 13.0705685 ], [ 80.2713345, 13.0709273 ] ] } },
{ "type": "Feature", "properties": { "name": "Urban Corridor", "highway": "residential", "slope_pct": 0.6 }, "geometry": { "type": "LineString", "coordinates": [ [ 80.2702215, 13.0701775 ], [ 80.270008, 13.0693252 ], [ 80.2699343, 13.0690307 ], [ 80.2696395, 13.0691007 ] ] } },
{ "type": "Feature", "properties": { "name": "Urban Corridor", "highway": "residential", "slope_pct": 0.6 }, "geometry": { "type": "LineString", "coordinates": [ [ 80.2704441, 13.0729316 ], [ 80.2701733, 13.0718299 ], [ 80.2701329, 13.0715957 ] ] } },
{ "type": "Feature", "properties": { "name": "Usman Khan Street", "highway": "residential", "slope_pct": 0.6 }, "geometry": { "type": "LineString", "coordinates": [ [ 80.2708648, 13.0705608 ], [ 80.2709366, 13.0707953 ], [ 80.2710034, 13.0709961 ], [ 80.2710616, 13.0712796 ], [ 80.2711603, 13.07164 ], [ 80.2712121, 13.0718888 ] ] } },
{ "type": "Feature", "properties": { "name": "Seeyaliamman Koil Street", "highway": "residential", "slope_pct": 0.6 }, "geometry": { "type": "LineString", "coordinates": [ [ 80.2710034, 13.0709961 ], [ 80.2713345, 13.0709273 ], [ 80.2714881, 13.0708969 ], [ 80.2717555, 13.0708608 ] ] } },
{ "type": "Feature", "properties": { "name": "Sivaprakasam Street", "highway": "residential", "slope_pct": 0.6 }, "geometry": { "type": "LineString", "coordinates": [ [ 80.2718985, 13.0717578 ], [ 80.2716922, 13.071797 ], [ 80.2712121, 13.0718888 ], [ 80.270842, 13.0719517 ], [ 80.2706649, 13.0719405 ], [ 80.2704944, 13.0719582 ] ] } },
{ "type": "Feature", "properties": { "name": "Sadasivam lane", "highway": "residential", "slope_pct": 0.6 }, "geometry": { "type": "LineString", "coordinates": [ [ 80.2685284, 13.0742533 ], [ 80.2677218, 13.0744101 ] ] } },
{ "type": "Feature", "properties": { "name": "Urban Corridor", "highway": "residential", "slope_pct": 0.6 }, "geometry": { "type": "LineString", "coordinates": [ [ 80.268028, 13.0776619 ], [ 80.2676325, 13.0777558 ], [ 80.2672152, 13.0778107 ] ] } },
{ "type": "Feature", "properties": { "name": "Padavatamman Koil", "highway": "residential", "slope_pct": 0.6 }, "geometry": { "type": "LineString", "coordinates": [ [ 80.268948, 13.079308 ], [ 80.2689197, 13.0789506 ], [ 80.2689082, 13.0788046 ], [ 80.2689, 13.0787001 ], [ 80.268903, 13.0784735 ], [ 80.2689091, 13.0783363 ], [ 80.2688849, 13.0780731 ], [ 80.2688948, 13.0779706 ], [ 80.2689112, 13.0779001 ], [ 80.2689288, 13.0777982 ], [ 80.2688905, 13.0770947 ] ] } },
{ "type": "Feature", "properties": { "name": "Urban Corridor", "highway": "residential", "slope_pct": 0.6 }, "geometry": { "type": "LineString", "coordinates": [ [ 80.268903, 13.0784735 ], [ 80.2686085, 13.0784426 ], [ 80.2683931, 13.0784331 ], [ 80.2683652, 13.0786788 ], [ 80.2683446, 13.0789356 ] ] } },
{ "type": "Feature", "properties": { "name": "Urban Corridor", "highway": "residential", "slope_pct": 0.6 }, "geometry": { "type": "LineString", "coordinates": [ [ 80.2700272, 13.0787642 ], [ 80.2699923, 13.0784557 ], [ 80.2699877, 13.0784292 ], [ 80.2699708, 13.0784028 ], [ 80.2699546, 13.0783847 ], [ 80.2699205, 13.0783429 ], [ 80.269908, 13.0783052 ], [ 80.2698557, 13.0779966 ], [ 80.2698501, 13.0779767 ], [ 80.2698366, 13.077961 ] ] } },
{ "type": "Feature", "properties": { "name": "Mothibaba Lane", "highway": "residential", "slope_pct": 0.6 }, "geometry": { "type": "LineString", "coordinates": [ [ 80.2614882, 13.0736463 ], [ 80.2614895, 13.073973 ], [ 80.2615168, 13.0747421 ], [ 80.2615245, 13.0749597 ] ] } },
{ "type": "Feature", "properties": { "name": "Thulasingam Street", "highway": "residential", "slope_pct": 0.6 }, "geometry": { "type": "LineString", "coordinates": [ [ 80.2624242, 13.0709934 ], [ 80.2639423, 13.0709215 ] ] } },
{ "type": "Feature", "properties": { "name": "Rukmani Lakshmipathi Road", "highway": "tertiary", "slope_pct": 0.6 }, "geometry": { "type": "LineString", "coordinates": [ [ 80.2607214, 13.0667209 ], [ 80.2608124, 13.0675101 ], [ 80.2608296, 13.067684 ], [ 80.2608356, 13.0677604 ], [ 80.2608839, 13.0683752 ], [ 80.2609125, 13.0687389 ], [ 80.2609157, 13.0687797 ], [ 80.2609189, 13.0688203 ], [ 80.2609383, 13.0690666 ], [ 80.2609443, 13.0691433 ], [ 80.2610003, 13.0698557 ], [ 80.2610202, 13.0701091 ], [ 80.2610716, 13.0707626 ], [ 80.2610816, 13.0708898 ] ] } },
{ "type": "Feature", "properties": { "name": "Palli Street", "highway": "residential", "slope_pct": 0.6 }, "geometry": { "type": "LineString", "coordinates": [ [ 80.2689746, 13.0725444 ], [ 80.2683245, 13.072642 ], [ 80.2677679, 13.0726495 ] ] } },
{ "type": "Feature", "properties": { "name": "Halls Road", "highway": "secondary", "slope_pct": 0.6 }, "geometry": { "type": "LineString", "coordinates": [ [ 80.257504, 13.0745092 ], [ 80.2572539, 13.0742118 ], [ 80.2567486, 13.0737588 ], [ 80.2565865, 13.0736022 ], [ 80.2563807, 13.0734034 ], [ 80.2555346, 13.0725861 ], [ 80.2553049, 13.0723642 ], [ 80.2552279, 13.0722898 ], [ 80.255133, 13.0721982 ], [ 80.2543193, 13.071412 ], [ 80.2542304, 13.0713294 ], [ 80.2541501, 13.0712548 ], [ 80.2541266, 13.0712306 ] ] } },
{ "type": "Feature", "properties": { "name": "Urban Corridor", "highway": "residential", "slope_pct": 0.6 }, "geometry": { "type": "LineString", "coordinates": [ [ 80.2690665, 13.0712262 ], [ 80.2691837, 13.0716384 ], [ 80.2692633, 13.0719537 ], [ 80.2693301, 13.072161 ], [ 80.2696027, 13.0730994 ], [ 80.2700276, 13.0745996 ], [ 80.270067, 13.0747455 ], [ 80.2702071, 13.075238 ] ] } },
{ "type": "Feature", "properties": { "name": "Water Basin Street", "highway": "residential", "slope_pct": 0.6 }, "geometry": { "type": "LineString", "coordinates": [ [ 80.2774902, 13.0936354 ], [ 80.2768663, 13.0937331 ], [ 80.2766079, 13.0937641 ], [ 80.2762796, 13.0937946 ], [ 80.2761737, 13.0938089 ], [ 80.2760413, 13.093842 ], [ 80.2752621, 13.0940738 ], [ 80.2752054, 13.0940931 ] ] } },
{ "type": "Feature", "properties": { "name": "Anna Pillai Street", "highway": "residential", "slope_pct": 0.6 }, "geometry": { "type": "LineString", "coordinates": [ [ 80.2752573, 13.0955693 ], [ 80.275937, 13.0953724 ], [ 80.2765566, 13.0951881 ], [ 80.2769091, 13.0951002 ], [ 80.2771315, 13.0950244 ], [ 80.2776845, 13.0948726 ], [ 80.2780457, 13.094773 ], [ 80.278342, 13.0946754 ], [ 80.2785264, 13.0946335 ], [ 80.2788114, 13.0945588 ], [ 80.2789419, 13.0945117 ], [ 80.2792952, 13.0944566 ], [ 80.2796393, 13.0943668 ], [ 80.280029, 13.0942749 ], [ 80.2803423, 13.0942191 ] ] } },
{ "type": "Feature", "properties": { "name": "Thatha Muthiappan Street 2", "highway": "residential", "slope_pct": 0.6 }, "geometry": { "type": "LineString", "coordinates": [ [ 80.2855411, 13.094119 ], [ 80.2851083, 13.0942263 ], [ 80.2846035, 13.0943287 ], [ 80.284472, 13.0943723 ], [ 80.2842242, 13.0944221 ], [ 80.2841031, 13.0944445 ], [ 80.2836759, 13.0944974 ], [ 80.2832951, 13.0945574 ], [ 80.2828956, 13.0946354 ] ] } },
{ "type": "Feature", "properties": { "name": "Tandavaraya Street", "highway": "residential", "slope_pct": 0.6 }, "geometry": { "type": "LineString", "coordinates": [ [ 80.2789878, 13.095582 ], [ 80.2782343, 13.0957044 ], [ 80.2776964, 13.0957738 ] ] } },
{ "type": "Feature", "properties": { "name": "Arunachala Street", "highway": "residential", "slope_pct": 0.6 }, "geometry": { "type": "LineString", "coordinates": [ [ 80.2790693, 13.0960242 ], [ 80.2787934, 13.0960694 ], [ 80.2783751, 13.096138 ], [ 80.2783544, 13.0961669 ], [ 80.2783559, 13.0962638 ], [ 80.2783305, 13.0962955 ], [ 80.2781405, 13.0963403 ], [ 80.2778592, 13.096409 ] ] } },
{ "type": "Feature", "properties": { "name": "4th Lane", "highway": "residential", "slope_pct": 0.6 }, "geometry": { "type": "LineString", "coordinates": [ [ 80.275241, 13.0961882 ], [ 80.2755927, 13.0961412 ], [ 80.2760791, 13.0960412 ], [ 80.2766838, 13.0959418 ], [ 80.2770749, 13.0958843 ], [ 80.2773065, 13.0958427 ] ] } },
{ "type": "Feature", "properties": { "name": "5th Lane", "highway": "residential", "slope_pct": 0.6 }, "geometry": { "type": "LineString", "coordinates": [ [ 80.275242, 13.0959552 ], [ 80.2760291, 13.0958049 ], [ 80.2766437, 13.0956906 ], [ 80.2770366, 13.0956029 ], [ 80.2772448, 13.0955493 ] ] } },
{ "type": "Feature", "properties": { "name": "Perumal Koil Garden 3rd Lane", "highway": "residential", "slope_pct": 0.6 }, "geometry": { "type": "LineString", "coordinates": [ [ 80.2755927, 13.0961412 ], [ 80.2756091, 13.096306 ], [ 80.2756199, 13.0963233 ] ] } },
{ "type": "Feature", "properties": { "name": "3rd Lane", "highway": "residential", "slope_pct": 0.6 }, "geometry": { "type": "LineString", "coordinates": [ [ 80.2773379, 13.0960454 ], [ 80.2773065, 13.0958427 ], [ 80.2772448, 13.0955493 ], [ 80.2771315, 13.0950244 ] ] } },
{ "type": "Feature", "properties": { "name": "6th Lane", "highway": "residential", "slope_pct": 0.6 }, "geometry": { "type": "LineString", "coordinates": [ [ 80.275251, 13.0956976 ], [ 80.2759818, 13.0955816 ], [ 80.2766024, 13.0954594 ], [ 80.2769856, 13.095388 ] ] } },
{ "type": "Feature", "properties": { "name": "2nd Lane", "highway": "residential", "slope_pct": 0.6 }, "geometry": { "type": "LineString", "coordinates": [ [ 80.2770366, 13.0956029 ], [ 80.2769856, 13.095388 ], [ 80.2769091, 13.0951002 ] ] } },
{ "type": "Feature", "properties": { "name": "Chandrappan Street", "highway": "residential", "slope_pct": 0.6 }, "geometry": { "type": "LineString", "coordinates": [ [ 80.2780457, 13.094773 ], [ 80.277996, 13.094521 ], [ 80.2778801, 13.0938773 ], [ 80.2778612, 13.093723 ], [ 80.2778335, 13.0935539 ], [ 80.2777546, 13.0931484 ] ] } },
{ "type": "Feature", "properties": { "name": "Ayyah Street", "highway": "residential", "slope_pct": 0.6 }, "geometry": { "type": "LineString", "coordinates": [ [ 80.2785264, 13.0946335 ], [ 80.27842, 13.0943273 ], [ 80.2783653, 13.0939458 ], [ 80.2783521, 13.093841 ], [ 80.2782925, 13.0934365 ] ] } },
{ "type": "Feature", "properties": { "name": "Ritherdon Road", "highway": "secondary", "slope_pct": 0.6 }, "geometry": { "type": "LineString", "coordinates": [ [ 80.2587891, 13.0793192 ], [ 80.2587734, 13.0794309 ], [ 80.2587418, 13.0799098 ], [ 80.2587326, 13.0800522 ], [ 80.2587238, 13.0801875 ], [ 80.2587188, 13.080221 ], [ 80.2587102, 13.0802786 ], [ 80.2586728, 13.0805277 ], [ 80.2586302, 13.0808294 ], [ 80.2586175, 13.0809511 ], [ 80.2586038, 13.0810824 ], [ 80.2585884, 13.0812018 ], [ 80.2585671, 13.0813668 ], [ 80.2585522, 13.0817558 ], [ 80.2585407, 13.0823673 ], [ 80.2585407, 13.0824601 ], [ 80.2585407, 13.0829033 ], [ 80.2585796, 13.0830731 ], [ 80.2586048, 13.0831828 ], [ 80.2586275, 13.0832817 ], [ 80.2586214, 13.0836782 ], [ 80.2586117, 13.0843076 ], [ 80.2585738, 13.0851537 ], [ 80.2585569, 13.0855316 ], [ 80.2585254, 13.0862342 ], [ 80.2584967, 13.0868744 ] ] } },
{ "type": "Feature", "properties": { "name": "Vepery Church Road", "highway": "tertiary", "slope_pct": 0.6 }, "geometry": { "type": "LineString", "coordinates": [ [ 80.2623079, 13.0870673 ], [ 80.262127, 13.0870255 ], [ 80.2619088, 13.086975 ], [ 80.2611743, 13.0868053 ], [ 80.2608695, 13.086762 ], [ 80.2605989, 13.0867197 ] ] } },
{ "type": "Feature", "properties": { "name": "Urban Corridor", "highway": "secondary_link", "slope_pct": 0.6 }, "geometry": { "type": "LineString", "coordinates": [ [ 80.2629632, 13.0883726 ], [ 80.2631984, 13.0883635 ], [ 80.263309, 13.0882537 ] ] } },
{ "type": "Feature", "properties": { "name": "General Hospital Road", "highway": "primary", "slope_pct": 0.6 }, "geometry": { "type": "LineString", "coordinates": [ [ 80.271122, 13.0810532 ], [ 80.2713216, 13.0811033 ], [ 80.2713544, 13.0811114 ], [ 80.2714499, 13.0811351 ], [ 80.2715065, 13.0811492 ], [ 80.2716228, 13.0811767 ], [ 80.2717781, 13.0812093 ], [ 80.2719158, 13.0812369 ], [ 80.2721001, 13.081276 ], [ 80.2721865, 13.0812881 ], [ 80.2722929, 13.0813026 ], [ 80.2723556, 13.0813124 ], [ 80.2724185, 13.0813221 ], [ 80.2724913, 13.0813321 ], [ 80.2725724, 13.0813469 ], [ 80.2725953, 13.0813518 ], [ 80.2728015, 13.081395 ], [ 80.2729465, 13.0814299 ], [ 80.2729938, 13.0814413 ], [ 80.2731477, 13.0814696 ], [ 80.2732799, 13.0814946 ], [ 80.2733598, 13.0815109 ], [ 80.2735908, 13.0815574 ], [ 80.2737412, 13.0815876 ], [ 80.2739558, 13.0816307 ], [ 80.2739994, 13.081637 ], [ 80.2745354, 13.0816755 ], [ 80.2746577, 13.081683 ], [ 80.2747412, 13.0816943 ], [ 80.2747888, 13.0816988 ] ] } },
{ "type": "Feature", "properties": { "name": "Avadhanam Papier Road", "highway": "tertiary", "slope_pct": 0.6 }, "geometry": { "type": "LineString", "coordinates": [ [ 80.2606331, 13.0904816 ], [ 80.2610864, 13.0904438 ], [ 80.2617669, 13.0904015 ], [ 80.263157, 13.0902831 ], [ 80.2634826, 13.0902351 ], [ 80.2635055, 13.0902317 ], [ 80.2637905, 13.0901976 ], [ 80.2640681, 13.0901735 ], [ 80.264774, 13.0901524 ], [ 80.2650641, 13.0901429 ], [ 80.2652815, 13.090179 ] ] } },
{ "type": "Feature", "properties": { "name": "Baker Street", "highway": "tertiary", "slope_pct": 0.6 }, "geometry": { "type": "LineString", "coordinates": [ [ 80.2700194, 13.087023 ], [ 80.2696861, 13.0870681 ], [ 80.2695869, 13.0870807 ], [ 80.2684569, 13.0872244 ], [ 80.268004, 13.0872735 ], [ 80.2668222, 13.0873421 ], [ 80.2659203, 13.0873996 ] ] } },
{ "type": "Feature", "properties": { "name": "Naval Hospital Road", "highway": "tertiary", "slope_pct": 0.6 }, "geometry": { "type": "LineString", "coordinates": [ [ 80.266937, 13.0807792 ], [ 80.2669242, 13.0811162 ], [ 80.2668745, 13.0822961 ], [ 80.2668734, 13.082636 ], [ 80.2668562, 13.0829073 ], [ 80.266831, 13.0831014 ], [ 80.2668072, 13.0832918 ], [ 80.2667873, 13.0834632 ], [ 80.2667869, 13.0835021 ], [ 80.2667857, 13.0836203 ], [ 80.2667777, 13.0837568 ] ] } },
{ "type": "Feature", "properties": { "name": "Barracks Road", "highway": "residential", "slope_pct": 0.6 }, "geometry": { "type": "LineString", "coordinates": [ [ 80.2668745, 13.0822961 ], [ 80.266785, 13.0823234 ], [ 80.2660914, 13.0823149 ], [ 80.2660158, 13.082338 ], [ 80.2660164, 13.0828916 ], [ 80.2660237, 13.0831228 ], [ 80.2660529, 13.0835057 ], [ 80.2660678, 13.0837708 ], [ 80.2660832, 13.0840657 ], [ 80.2660801, 13.0842508 ], [ 80.2660837, 13.0843191 ], [ 80.2661477, 13.0853063 ] ] } },
{ "type": "Feature", "properties": { "name": "Mattukara Veerabadran Street", "highway": "residential", "slope_pct": 0.6 }, "geometry": { "type": "LineString", "coordinates": [ [ 80.2668734, 13.082636 ], [ 80.2674289, 13.0825827 ], [ 80.2679481, 13.0825283 ], [ 80.2682156, 13.0824865 ], [ 80.2684848, 13.0824714 ] ] } },
{ "type": "Feature", "properties": { "name": "Macfar Lane", "highway": "residential", "slope_pct": 0.6 }, "geometry": { "type": "LineString", "coordinates": [ [ 80.268175, 13.0837329 ], [ 80.2685538, 13.0837322 ], [ 80.2691327, 13.0835794 ] ] } },
{ "type": "Feature", "properties": { "name": "Kumarappa Chetty Street", "highway": "residential", "slope_pct": 0.6 }, "geometry": { "type": "LineString", "coordinates": [ [ 80.2698131, 13.0845526 ], [ 80.2697471, 13.0841738 ], [ 80.2697259, 13.0839383 ], [ 80.2697308, 13.0834399 ] ] } },
{ "type": "Feature", "properties": { "name": "Rama Pillai Street", "highway": "residential", "slope_pct": 0.6 }, "geometry": { "type": "LineString", "coordinates": [ [ 80.2705721, 13.083466 ], [ 80.2700933, 13.0834409 ], [ 80.2697308, 13.0834399 ], [ 80.2696376, 13.083437 ] ] } },
{ "type": "Feature", "properties": { "name": "Urban Corridor", "highway": "residential", "slope_pct": 0.6 }, "geometry": { "type": "LineString", "coordinates": [ [ 80.2706992, 13.0825329 ], [ 80.2704409, 13.082515 ], [ 80.2703201, 13.0825117 ], [ 80.2701461, 13.082507 ], [ 80.2700291, 13.0825038 ], [ 80.2696199, 13.0824585 ], [ 80.2694181, 13.0823983 ], [ 80.269111, 13.0819526 ], [ 80.2689645, 13.0819377 ] ] } },
{ "type": "Feature", "properties": { "name": "Urban Corridor", "highway": "residential", "slope_pct": 0.6 }, "geometry": { "type": "LineString", "coordinates": [ [ 80.2689645, 13.0819377 ], [ 80.2689966, 13.082216 ], [ 80.2690327, 13.0826283 ], [ 80.2690567, 13.0828081 ], [ 80.2690663, 13.0829479 ], [ 80.2691327, 13.0835794 ] ] } },
{ "type": "Feature", "properties": { "name": "Cudappah Rangarachetti Street", "highway": "residential", "slope_pct": 0.6 }, "geometry": { "type": "LineString", "coordinates": [ [ 80.2679481, 13.0825283 ], [ 80.2679991, 13.0810561 ], [ 80.268009, 13.0807703 ] ] } },
{ "type": "Feature", "properties": { "name": "Muthu Gramani Street", "highway": "residential", "slope_pct": 0.6 }, "geometry": { "type": "LineString", "coordinates": [ [ 80.2706302, 13.0830691 ], [ 80.2705138, 13.0830139 ], [ 80.2700861, 13.0829485 ], [ 80.2696283, 13.0829503 ] ] } },
{ "type": "Feature", "properties": { "name": "Varasidhi Vinayakar Koil Street", "highway": "residential", "slope_pct": 0.6 }, "geometry": { "type": "LineString", "coordinates": [ [ 80.2705138, 13.0830139 ], [ 80.2704409, 13.082515 ], [ 80.2703792, 13.0820856 ], [ 80.2703325, 13.0817604 ], [ 80.2702727, 13.0813788 ], [ 80.2702083, 13.0810234 ], [ 80.2701705, 13.0808265 ] ] } },
{ "type": "Feature", "properties": { "name": "Atkinson Road", "highway": "residential", "slope_pct": 0.6 }, "geometry": { "type": "LineString", "coordinates": [ [ 80.2641849, 13.0855338 ], [ 80.2638588, 13.083918 ], [ 80.2636743, 13.082925 ], [ 80.2636704, 13.0828969 ], [ 80.2636008, 13.0825204 ], [ 80.2635934, 13.0823429 ], [ 80.2636443, 13.0822435 ], [ 80.2637767, 13.0821583 ], [ 80.2640434, 13.0821429 ], [ 80.2639845, 13.0813871 ], [ 80.2639637, 13.0811202 ], [ 80.2639451, 13.0808821 ], [ 80.2639379, 13.0807895 ], [ 80.2639719, 13.0805566 ] ] } },
{ "type": "Feature", "properties": { "name": "Briethams Road", "highway": "residential", "slope_pct": 0.6 }, "geometry": { "type": "LineString", "coordinates": [ [ 80.2638588, 13.083918 ], [ 80.2633336, 13.0840036 ], [ 80.263209, 13.0840239 ], [ 80.2625742, 13.0841274 ] ] } },
{ "type": "Feature", "properties": { "name": "V V koil Street 2", "highway": "tertiary", "slope_pct": 0.6 }, "geometry": { "type": "LineString", "coordinates": [ [ 80.2662528, 13.0903822 ], [ 80.2662388, 13.0906164 ], [ 80.2661927, 13.0907618 ], [ 80.2661353, 13.0908457 ], [ 80.2660403, 13.0910043 ], [ 80.2659637, 13.0910586 ], [ 80.2658337, 13.0911306 ], [ 80.265676, 13.0911865 ], [ 80.2654871, 13.0912395 ], [ 80.2654512, 13.0912464 ], [ 80.2652757, 13.0912803 ], [ 80.2651843, 13.0913095 ], [ 80.2651574, 13.0913254 ], [ 80.2650442, 13.0913925 ], [ 80.2646552, 13.0915995 ], [ 80.2643129, 13.0918568 ], [ 80.2640389, 13.0919737 ], [ 80.2640168, 13.0919807 ], [ 80.2640088, 13.0919832 ], [ 80.2634418, 13.0921745 ] ] } },
{ "type": "Feature", "properties": { "name": "Subba Street", "highway": "residential", "slope_pct": 0.6 }, "geometry": { "type": "LineString", "coordinates": [ [ 80.263157, 13.0902831 ], [ 80.2631769, 13.0904051 ], [ 80.2632026, 13.0905401 ], [ 80.2632284, 13.0906758 ], [ 80.2632478, 13.0907777 ], [ 80.2632648, 13.0908943 ], [ 80.2634418, 13.0921745 ] ] } },
{ "type": "Feature", "properties": { "name": "D'Mellows Salai", "highway": "secondary", "slope_pct": 0.6 }, "geometry": { "type": "LineString", "coordinates": [ [ 80.2681408, 13.0942828 ], [ 80.2676677, 13.0945467 ], [ 80.267572, 13.0945811 ], [ 80.2675491, 13.0945893 ], [ 80.2672911, 13.094682 ], [ 80.2671432, 13.0947396 ], [ 80.2666437, 13.0949342 ], [ 80.2665955, 13.094953 ], [ 80.266381, 13.0950366 ], [ 80.2661958, 13.0951202 ], [ 80.2659432, 13.0951869 ], [ 80.2656825, 13.0952746 ], [ 80.265403, 13.0953683 ], [ 80.2653435, 13.0954344 ], [ 80.2652455, 13.0955023 ], [ 80.2649368, 13.0957271 ], [ 80.2645283, 13.0960533 ], [ 80.2642169, 13.0962739 ], [ 80.2639891, 13.0963844 ], [ 80.2638349, 13.0964591 ], [ 80.2632134, 13.0967698 ], [ 80.2630906, 13.0968376 ], [ 80.262432, 13.0971913 ] ] } },
{ "type": "Feature", "properties": { "name": "Kattur Nallamuthu Street", "highway": "residential", "slope_pct": 0.6 }, "geometry": { "type": "LineString", "coordinates": [ [ 80.2626486, 13.094681 ], [ 80.2627485, 13.0947013 ], [ 80.2629743, 13.0947123 ], [ 80.2635355, 13.0946882 ], [ 80.2636048, 13.0946775 ], [ 80.2638439, 13.0946739 ], [ 80.2638569, 13.0946734 ], [ 80.2640279, 13.0946787 ], [ 80.2641106, 13.0946905 ], [ 80.2641544, 13.0946906 ], [ 80.264272, 13.0946956 ], [ 80.2643802, 13.0946987 ], [ 80.2644286, 13.0946997 ], [ 80.2646657, 13.0947109 ], [ 80.2647105, 13.0947094 ], [ 80.2647775, 13.0946885 ], [ 80.2648433, 13.0946768 ], [ 80.2648824, 13.0946575 ] ] } },
{ "type": "Feature", "properties": { "name": "Chitoor Naick Street", "highway": "residential", "slope_pct": 0.6 }, "geometry": { "type": "LineString", "coordinates": [ [ 80.2691005, 13.0926715 ], [ 80.2687901, 13.0926225 ], [ 80.267579, 13.0927791 ], [ 80.266619, 13.0929032 ], [ 80.2661043, 13.092955 ], [ 80.2656909, 13.0929989 ], [ 80.265216, 13.0930931 ], [ 80.2647914, 13.0931259 ], [ 80.2645754, 13.0931505 ], [ 80.2644968, 13.0931454 ], [ 80.2639937, 13.093212 ] ] } },
{ "type": "Feature", "properties": { "name": "Thottikarai Kumarappa Mudali Street", "highway": "residential", "slope_pct": 0.6 }, "geometry": { "type": "LineString", "coordinates": [ [ 80.2658337, 13.0911306 ], [ 80.265961, 13.0917853 ], [ 80.2661043, 13.092955 ], [ 80.2662015, 13.0940007 ], [ 80.266381, 13.0950366 ] ] } },
{ "type": "Feature", "properties": { "name": "Avadi Srinivasa Street", "highway": "residential", "slope_pct": 0.6 }, "geometry": { "type": "LineString", "coordinates": [ [ 80.2672911, 13.094682 ], [ 80.2671504, 13.0939004 ], [ 80.2667605, 13.09394 ], [ 80.2662015, 13.0940007 ], [ 80.2657595, 13.0940684 ], [ 80.2652892, 13.0941196 ], [ 80.2648738, 13.0941741 ] ] } },
{ "type": "Feature", "properties": { "name": "Periyathambi Mudali Street", "highway": "residential", "slope_pct": 0.6 }, "geometry": { "type": "LineString", "coordinates": [ [ 80.2667605, 13.09394 ], [ 80.266619, 13.0929032 ], [ 80.2665204, 13.0917876 ], [ 80.2665146, 13.0917218 ] ] } },
{ "type": "Feature", "properties": { "name": "Rangiah Street", "highway": "tertiary", "slope_pct": 0.6 }, "geometry": { "type": "LineString", "coordinates": [ [ 80.2604017, 13.0923908 ], [ 80.2604556, 13.0920712 ], [ 80.2605491, 13.0916498 ], [ 80.260691, 13.0912034 ], [ 80.2607218, 13.0909892 ], [ 80.2606331, 13.0904816 ] ] } },
{ "type": "Feature", "properties": { "name": "Manickam Street", "highway": "residential", "slope_pct": 0.6 }, "geometry": { "type": "LineString", "coordinates": [ [ 80.2587647, 13.0918555 ], [ 80.2596401, 13.0917277 ], [ 80.2605491, 13.0916498 ], [ 80.2619196, 13.0915509 ], [ 80.2619893, 13.0915488 ] ] } },
{ "type": "Feature", "properties": { "name": "Avadana Papier 1st Lane", "highway": "residential", "slope_pct": 0.6 }, "geometry": { "type": "LineString", "coordinates": [ [ 80.2621464, 13.0923292 ], [ 80.2620866, 13.0919875 ], [ 80.2619893, 13.0915488 ], [ 80.2619317, 13.0915065 ], [ 80.2619081, 13.0914374 ], [ 80.2618504, 13.0911284 ], [ 80.2618419, 13.091077 ], [ 80.2617669, 13.0904015 ] ] } },
{ "type": "Feature", "properties": { "name": "Vadamalai Pillai Street", "highway": "tertiary", "slope_pct": 0.6 }, "geometry": { "type": "LineString", "coordinates": [ [ 80.2587029, 13.0908619 ], [ 80.2578092, 13.0908534 ], [ 80.2573666, 13.090856 ], [ 80.257042, 13.0908168 ], [ 80.2569415, 13.0908088 ], [ 80.2566562, 13.0907276 ], [ 80.2559424, 13.0905397 ], [ 80.2559268, 13.0905317 ], [ 80.2557835, 13.0905014 ], [ 80.255296, 13.0904069 ], [ 80.2550045, 13.0903633 ], [ 80.2546469, 13.0902991 ], [ 80.2543246, 13.0902074 ] ] } },
{ "type": "Feature", "properties": { "name": "Arunachalam Street", "highway": "residential", "slope_pct": 0.6 }, "geometry": { "type": "LineString", "coordinates": [ [ 80.2564351, 13.0931813 ], [ 80.2565339, 13.0926666 ], [ 80.2567309, 13.0917155 ], [ 80.2567779, 13.0915131 ], [ 80.2569415, 13.0908088 ], [ 80.2570143, 13.0905389 ], [ 80.2570901, 13.0902695 ], [ 80.2572075, 13.0899414 ], [ 80.2572659, 13.0896786 ], [ 80.2573238, 13.0894797 ], [ 80.2574618, 13.0890482 ], [ 80.2575642, 13.0886775 ] ] } },
{ "type": "Feature", "properties": { "name": "Karappa Mudali Street", "highway": "residential", "slope_pct": 0.6 }, "geometry": { "type": "LineString", "coordinates": [ [ 80.2590975, 13.088967 ], [ 80.2585836, 13.0888641 ], [ 80.2575642, 13.0886775 ], [ 80.2570178, 13.0885303 ], [ 80.2565611, 13.0884109 ], [ 80.2559863, 13.0882529 ], [ 80.2555266, 13.0881356 ], [ 80.2549816, 13.0879829 ] ] } },
{ "type": "Feature", "properties": { "name": "Prasanna Vinayagar Koil Street", "highway": "residential", "slope_pct": 0.6 }, "geometry": { "type": "LineString", "coordinates": [ [ 80.2572659, 13.0896786 ], [ 80.2567308, 13.0895472 ], [ 80.2562905, 13.0894248 ], [ 80.2557162, 13.0892663 ], [ 80.2552495, 13.0891426 ], [ 80.2546919, 13.0889994 ] ] } },
{ "type": "Feature", "properties": { "name": "Valluvar Street", "highway": "residential", "slope_pct": 0.6 }, "geometry": { "type": "LineString", "coordinates": [ [ 80.2572075, 13.0899414 ], [ 80.2577011, 13.0900381 ], [ 80.2581976, 13.0900746 ] ] } },
{ "type": "Feature", "properties": { "name": "Malayappan Lane", "highway": "residential", "slope_pct": 0.6 }, "geometry": { "type": "LineString", "coordinates": [ [ 80.2567863, 13.0876024 ], [ 80.2575237, 13.0878131 ], [ 80.2577936, 13.0878592 ] ] } },
{ "type": "Feature", "properties": { "name": "Rottler's Lane", "highway": "residential", "slope_pct": 0.6 }, "geometry": { "type": "LineString", "coordinates": [ [ 80.2590123, 13.090477 ], [ 80.2590295, 13.0897175 ], [ 80.2590975, 13.088967 ], [ 80.2590618, 13.0886905 ], [ 80.2591404, 13.0872297 ] ] } },
{ "type": "Feature", "properties": { "name": "Kalathiyappan Street", "highway": "residential", "slope_pct": 0.6 }, "geometry": { "type": "LineString", "coordinates": [ [ 80.2590295, 13.0897175 ], [ 80.2600238, 13.0897469 ], [ 80.2603032, 13.0897304 ], [ 80.2604644, 13.0897326 ], [ 80.2610924, 13.0897032 ], [ 80.2614204, 13.0896948 ], [ 80.2615328, 13.0896945 ], [ 80.2618445, 13.0896724 ], [ 80.263131, 13.0895812 ], [ 80.2645435, 13.0894025 ] ] } },
{ "type": "Feature", "properties": { "name": "Elephant Gate Bridge Road", "highway": "secondary", "slope_pct": 0.6 }, "geometry": { "type": "LineString", "coordinates": [ [ 80.2695173, 13.0922579 ], [ 80.2695202, 13.0921719 ], [ 80.269518, 13.0921553 ], [ 80.2695114, 13.0921043 ], [ 80.2695067, 13.0920682 ], [ 80.2695029, 13.0920391 ], [ 80.2694895, 13.0919356 ], [ 80.2694875, 13.0919199 ], [ 80.269435, 13.0910326 ], [ 80.2694928, 13.0908724 ], [ 80.2695244, 13.0908082 ] ] } },
{ "type": "Feature", "properties": { "name": "Ponappa Street", "highway": "residential", "slope_pct": 0.6 }, "geometry": { "type": "LineString", "coordinates": [ [ 80.2757277, 13.087114 ], [ 80.2757763, 13.0871076 ], [ 80.2759667, 13.0870811 ], [ 80.2763509, 13.0870333 ], [ 80.2764784, 13.0870183 ], [ 80.2767576, 13.0869757 ], [ 80.2768377, 13.0869626 ], [ 80.2770534, 13.0869437 ], [ 80.2771888, 13.0869201 ], [ 80.2774275, 13.0868885 ], [ 80.2777786, 13.0868573 ], [ 80.278102, 13.0868147 ], [ 80.2781687, 13.0868004 ], [ 80.2782134, 13.0867948 ], [ 80.2785305, 13.0867284 ] ] } },
{ "type": "Feature", "properties": { "name": "Kolanda Street", "highway": "residential", "slope_pct": 0.6 }, "geometry": { "type": "LineString", "coordinates": [ [ 80.2768331, 13.0848929 ], [ 80.2768108, 13.0844876 ], [ 80.2767896, 13.0842312 ], [ 80.2767614, 13.0837007 ] ] } },
{ "type": "Feature", "properties": { "name": "Nyniappa Naicken Street", "highway": "residential", "slope_pct": 0.6 }, "geometry": { "type": "LineString", "coordinates": [ [ 80.2796713, 13.089204 ], [ 80.2796529, 13.0890826 ], [ 80.2796178, 13.0887148 ], [ 80.2795555, 13.0883624 ], [ 80.2793202, 13.0868442 ], [ 80.2792164, 13.086075 ], [ 80.279194, 13.0855778 ], [ 80.2791079, 13.0851711 ], [ 80.2790533, 13.0847085 ], [ 80.279003, 13.0840349 ], [ 80.2789566, 13.0836548 ] ] } },
{ "type": "Feature", "properties": { "name": "Mannady Street", "highway": "residential", "slope_pct": 0.6 }, "geometry": { "type": "LineString", "coordinates": [ [ 80.277341, 13.0851219 ], [ 80.2770676, 13.085135 ], [ 80.2764704, 13.0851405 ], [ 80.2759538, 13.0851144 ] ] } },
{ "type": "Feature", "properties": { "name": "Bommu Street", "highway": "residential", "slope_pct": 0.6 }, "geometry": { "type": "LineString", "coordinates": [ [ 80.2758922, 13.0855752 ], [ 80.2767961, 13.0855698 ] ] } },
{ "type": "Feature", "properties": { "name": "Kalappa Street", "highway": "residential", "slope_pct": 0.6 }, "geometry": { "type": "LineString", "coordinates": [ [ 80.2771586, 13.0860978 ], [ 80.2770676, 13.085135 ] ] } },
{ "type": "Feature", "properties": { "name": "Subbu Street", "highway": "residential", "slope_pct": 0.6 }, "geometry": { "type": "LineString", "coordinates": [ [ 80.276837, 13.086013 ], [ 80.2758306, 13.0861146 ] ] } },
{ "type": "Feature", "properties": { "name": "Jessan Street", "highway": "residential", "slope_pct": 0.6 }, "geometry": { "type": "LineString", "coordinates": [ [ 80.2764704, 13.0851405 ], [ 80.2764665, 13.0849003 ], [ 80.2764848, 13.0846742 ], [ 80.2764993, 13.0842985 ], [ 80.2765601, 13.0837155 ] ] } },
{ "type": "Feature", "properties": { "name": "Sivaram Street", "highway": "residential", "slope_pct": 0.6 }, "geometry": { "type": "LineString", "coordinates": [ [ 80.2768377, 13.0869626 ], [ 80.2769171, 13.08751 ], [ 80.276939, 13.0876805 ], [ 80.2769724, 13.0878657 ] ] } },
{ "type": "Feature", "properties": { "name": "Hanumantharayar Koil Street", "highway": "residential", "slope_pct": 0.6 }, "geometry": { "type": "LineString", "coordinates": [ [ 80.2788984, 13.0892892 ], [ 80.2781346, 13.0894236 ], [ 80.2779823, 13.0894689 ], [ 80.2776624, 13.0893863 ] ] } },
{ "type": "Feature", "properties": { "name": "Amman Koil Street", "highway": "residential", "slope_pct": 0.6 }, "geometry": { "type": "LineString", "coordinates": [ [ 80.276939, 13.0876805 ], [ 80.2766877, 13.0876922 ], [ 80.2764499, 13.0876718 ], [ 80.2761943, 13.0876517 ], [ 80.2756755, 13.0875928 ] ] } },
{ "type": "Feature", "properties": { "name": "Ravanai Street", "highway": "residential", "slope_pct": 0.6 }, "geometry": { "type": "LineString", "coordinates": [ [ 80.2769171, 13.08751 ], [ 80.2781557, 13.087302 ] ] } },
{ "type": "Feature", "properties": { "name": "Kesava Street", "highway": "residential", "slope_pct": 0.6 }, "geometry": { "type": "LineString", "coordinates": [ [ 80.2782422, 13.0879302 ], [ 80.2781557, 13.087302 ], [ 80.278102, 13.0868147 ] ] } },
{ "type": "Feature", "properties": { "name": "Ekambareswara Agraharam Street", "highway": "residential", "slope_pct": 0.6 }, "geometry": { "type": "LineString", "coordinates": [ [ 80.2786636, 13.0878546 ], [ 80.2782422, 13.0879302 ], [ 80.2772081, 13.0881027 ] ] } },
{ "type": "Feature", "properties": { "name": "SM Street", "highway": "residential", "slope_pct": 0.6 }, "geometry": { "type": "LineString", "coordinates": [ [ 80.2788316, 13.0890121 ], [ 80.2778861, 13.0891866 ] ] } },
{ "type": "Feature", "properties": { "name": "Akkon Das Street", "highway": "residential", "slope_pct": 0.6 }, "geometry": { "type": "LineString", "coordinates": [ [ 80.2787863, 13.0887496 ], [ 80.2791659, 13.0887405 ], [ 80.2796178, 13.0887148 ] ] } },
{ "type": "Feature", "properties": { "name": "Devaraju Mudali Street", "highway": "residential", "slope_pct": 0.6 }, "geometry": { "type": "LineString", "coordinates": [ [ 80.2807928, 13.088777 ], [ 80.2806529, 13.0883202 ], [ 80.2806359, 13.0882493 ], [ 80.2804193, 13.0873428 ], [ 80.2803189, 13.0870148 ], [ 80.2800539, 13.0859403 ], [ 80.2800612, 13.0856637 ] ] } },
{ "type": "Feature", "properties": { "name": "Ayya Pillai Street", "highway": "residential", "slope_pct": 0.6 }, "geometry": { "type": "LineString", "coordinates": [ [ 80.2795555, 13.0883624 ], [ 80.2799737, 13.0883133 ], [ 80.2806359, 13.0882493 ] ] } },
{ "type": "Feature", "properties": { "name": "Venkatachala Mudali Street", "highway": "residential", "slope_pct": 0.6 }, "geometry": { "type": "LineString", "coordinates": [ [ 80.2799737, 13.0883133 ], [ 80.2799467, 13.0879524 ], [ 80.2798872, 13.0873218 ], [ 80.2798558, 13.0870672 ], [ 80.2798294, 13.0869117 ], [ 80.2798148, 13.0868389 ], [ 80.2796108, 13.0860059 ] ] } },
{ "type": "Feature", "properties": { "name": "Raghunayakulu Street", "highway": "residential", "slope_pct": 0.6 }, "geometry": { "type": "LineString", "coordinates": [ [ 80.2791659, 13.0887405 ], [ 80.278946, 13.0871249 ], [ 80.2789171, 13.086919 ] ] } },
{ "type": "Feature", "properties": { "name": "Stanley Viaduct", "highway": "secondary", "slope_pct": 0.6 }, "geometry": { "type": "LineString", "coordinates": [ [ 80.2752236, 13.0813985 ], [ 80.2752723, 13.0808439 ], [ 80.2753393, 13.0802291 ], [ 80.2753591, 13.0800571 ], [ 80.2753672, 13.0799588 ], [ 80.2753712, 13.079904 ], [ 80.275373, 13.0798669 ], [ 80.2753725, 13.079801 ], [ 80.2753714, 13.0797565 ], [ 80.2753616, 13.0796651 ], [ 80.275334, 13.0794843 ], [ 80.275291, 13.0792837 ], [ 80.2752164, 13.0789772 ], [ 80.2752059, 13.0789043 ], [ 80.2752003, 13.0788497 ], [ 80.2752016, 13.0787858 ], [ 80.2752197, 13.0787013 ], [ 80.2752477, 13.0786342 ], [ 80.2752779, 13.0785758 ], [ 80.2753288, 13.0785108 ], [ 80.2753973, 13.0784491 ], [ 80.2754606, 13.0784086 ], [ 80.2755312, 13.0783761 ], [ 80.2756024, 13.078348 ], [ 80.2757359, 13.0783049 ], [ 80.2758813, 13.0782612 ], [ 80.2760208, 13.0782164 ], [ 80.2760565, 13.0781976 ], [ 80.2761172, 13.0781551 ], [ 80.2761715, 13.0780877 ], [ 80.2762119, 13.078013 ], [ 80.2762237, 13.0779477 ], [ 80.2762332, 13.077871 ], [ 80.2762354, 13.0777538 ], [ 80.2762588, 13.0772122 ] ] } },
{ "type": "Feature", "properties": { "name": "Urban Corridor", "highway": "tertiary", "slope_pct": 0.6 }, "geometry": { "type": "LineString", "coordinates": [ [ 80.2732799, 13.0814946 ], [ 80.2732079, 13.0818836 ], [ 80.2731594, 13.0820798 ], [ 80.2730761, 13.0824918 ], [ 80.2730552, 13.0826439 ] ] } },
{ "type": "Feature", "properties": { "name": "Urban Corridor", "highway": "residential", "slope_pct": 0.6 }, "geometry": { "type": "LineString", "coordinates": [ [ 80.2700291, 13.0825038 ], [ 80.2700137, 13.0821327 ], [ 80.2700031, 13.0818762 ] ] } },
{ "type": "Feature", "properties": { "name": "Thoppai Pillai Street", "highway": "residential", "slope_pct": 0.6 }, "geometry": { "type": "LineString", "coordinates": [ [ 80.2700031, 13.0818762 ], [ 80.2695657, 13.0819 ], [ 80.2693297, 13.0819128 ], [ 80.2692973, 13.0818791 ], [ 80.2692611, 13.0815477 ], [ 80.26925, 13.0814348 ] ] } },
{ "type": "Feature", "properties": { "name": "Nabikhan Street", "highway": "residential", "slope_pct": 0.6 }, "geometry": { "type": "LineString", "coordinates": [ [ 80.2697259, 13.0839383 ], [ 80.2704958, 13.0839633 ] ] } },
{ "type": "Feature", "properties": { "name": "Selvam Street", "highway": "residential", "slope_pct": 0.6 }, "geometry": { "type": "LineString", "coordinates": [ [ 80.2707936, 13.0818026 ], [ 80.2706234, 13.0817816 ], [ 80.2703325, 13.0817604 ] ] } },
{ "type": "Feature", "properties": { "name": "Audiappa Naicken Street", "highway": "tertiary", "slope_pct": 0.6 }, "geometry": { "type": "LineString", "coordinates": [ [ 80.2850618, 13.0914651 ], [ 80.2848899, 13.0915023 ], [ 80.2847671, 13.0915303 ], [ 80.2846768, 13.0915536 ], [ 80.2846279, 13.0915694 ], [ 80.2845792, 13.0915871 ], [ 80.2845305, 13.0916052 ], [ 80.2841222, 13.0917836 ], [ 80.2840267, 13.0918269 ], [ 80.2839034, 13.0918874 ], [ 80.2837819, 13.0919503 ], [ 80.2836431, 13.092016 ], [ 80.2834121, 13.0921172 ], [ 80.2832025, 13.0921973 ], [ 80.283061, 13.0922459 ], [ 80.2829108, 13.0922818 ], [ 80.282725, 13.0923191 ], [ 80.2825594, 13.0923452 ], [ 80.2822722, 13.0923924 ], [ 80.2821451, 13.0924069 ], [ 80.2820299, 13.0924149 ], [ 80.2819481, 13.0924182 ], [ 80.2818724, 13.092419 ], [ 80.2818086, 13.0924217 ], [ 80.2817478, 13.0924251 ] ] } },
{ "type": "Feature", "properties": { "name": "Kalathi Naickeni Street", "highway": "residential", "slope_pct": 0.6 }, "geometry": { "type": "LineString", "coordinates": [ [ 80.2771443, 13.0930863 ], [ 80.2770742, 13.0928369 ], [ 80.2769022, 13.0921911 ], [ 80.276805, 13.0918739 ], [ 80.2767309, 13.0915811 ], [ 80.2767388, 13.0915607 ], [ 80.2767807, 13.0915411 ], [ 80.2767873, 13.0915162 ], [ 80.2765243, 13.0909096 ] ] } },
{ "type": "Feature", "properties": { "name": "Vinayaka Street", "highway": "residential", "slope_pct": 0.6 }, "geometry": { "type": "LineString", "coordinates": [ [ 80.2789109, 13.0928401 ], [ 80.2788302, 13.0920575 ] ] } },
{ "type": "Feature", "properties": { "name": "Ramanuja Street", "highway": "residential", "slope_pct": 0.6 }, "geometry": { "type": "LineString", "coordinates": [ [ 80.2784963, 13.0929075 ], [ 80.2784539, 13.0925347 ], [ 80.2783952, 13.0921058 ] ] } },
{ "type": "Feature", "properties": { "name": "Erulappan Street", "highway": "residential", "slope_pct": 0.6 }, "geometry": { "type": "LineString", "coordinates": [ [ 80.277525, 13.0931786 ], [ 80.2773846, 13.0926469 ], [ 80.2772482, 13.0921651 ], [ 80.2771256, 13.0917474 ], [ 80.2770168, 13.0913278 ], [ 80.2769651, 13.0910925 ], [ 80.2767971, 13.0907613 ] ] } },
{ "type": "Feature", "properties": { "name": "Mangappan Street", "highway": "residential", "slope_pct": 0.6 }, "geometry": { "type": "LineString", "coordinates": [ [ 80.2761788, 13.0910608 ], [ 80.2763049, 13.0915439 ], [ 80.2764974, 13.0922108 ], [ 80.2765476, 13.0924024 ], [ 80.2766545, 13.092874 ] ] } },
{ "type": "Feature", "properties": { "name": "Kondappa Street", "highway": "residential", "slope_pct": 0.6 }, "geometry": { "type": "LineString", "coordinates": [ [ 80.2762965, 13.0927851 ], [ 80.2761456, 13.092217 ], [ 80.275841, 13.0911991 ] ] } },
{ "type": "Feature", "properties": { "name": "Murugappan Street", "highway": "residential", "slope_pct": 0.6 }, "geometry": { "type": "LineString", "coordinates": [ [ 80.2758518, 13.0927171 ], [ 80.2757373, 13.0922511 ], [ 80.2754731, 13.0913559 ] ] } },
{ "type": "Feature", "properties": { "name": "Venkatarayan Street", "highway": "residential", "slope_pct": 0.6 }, "geometry": { "type": "LineString", "coordinates": [ [ 80.275339, 13.0903764 ], [ 80.275772, 13.0903497 ], [ 80.2762591, 13.0902821 ], [ 80.2763649, 13.0902685 ] ] } },
{ "type": "Feature", "properties": { "name": "Ponappan Lane", "highway": "residential", "slope_pct": 0.6 }, "geometry": { "type": "LineString", "coordinates": [ [ 80.2753952, 13.0899285 ], [ 80.275538, 13.0899439 ], [ 80.2761476, 13.0899436 ], [ 80.276357, 13.0899342 ], [ 80.2763618, 13.0899355 ], [ 80.2763648, 13.0899396 ], [ 80.2763669, 13.0899443 ] ] } },
{ "type": "Feature", "properties": { "name": "Stringer Street", "highway": "residential", "slope_pct": 0.6 }, "geometry": { "type": "LineString", "coordinates": [ [ 80.2761403, 13.0836704 ], [ 80.2763455, 13.0836975 ], [ 80.2765601, 13.0837155 ], [ 80.2767614, 13.0837007 ], [ 80.2771102, 13.0836368 ], [ 80.277146, 13.0836369 ], [ 80.2771937, 13.0836069 ] ] } },
{ "type": "Feature", "properties": { "name": "Urban Corridor", "highway": "tertiary", "slope_pct": 0.6 }, "geometry": { "type": "LineString", "coordinates": [ [ 80.2757051, 13.0927178 ], [ 80.2755401, 13.0927229 ], [ 80.2752928, 13.092721 ] ] } },
{ "type": "Feature", "properties": { "name": "Narayana Mudali Street 3", "highway": "residential", "slope_pct": 0.6 }, "geometry": { "type": "LineString", "coordinates": [ [ 80.2804957, 13.0950881 ], [ 80.2806793, 13.0958943 ], [ 80.2807076, 13.0960766 ], [ 80.2808074, 13.0967028 ] ] } },
{ "type": "Feature", "properties": { "name": "Godown Street", "highway": "residential", "slope_pct": 0.6 }, "geometry": { "type": "LineString", "coordinates": [ [ 80.2825594, 13.0923452 ], [ 80.2824171, 13.0913902 ], [ 80.2823714, 13.0909942 ], [ 80.2823376, 13.0907014 ], [ 80.2822792, 13.0903028 ], [ 80.2821791, 13.0897033 ], [ 80.2821127, 13.0893455 ], [ 80.2819531, 13.0885355 ] ] } },
{ "type": "Feature", "properties": { "name": "Arumugam Street", "highway": "residential", "slope_pct": 0.6 }, "geometry": { "type": "LineString", "coordinates": [ [ 80.2815748, 13.0965919 ], [ 80.2815287, 13.0962257 ], [ 80.281478, 13.0959026 ], [ 80.2814331, 13.0956714 ] ] } },
{ "type": "Feature", "properties": { "name": "Ramakrishna Street", "highway": "residential", "slope_pct": 0.6 }, "geometry": { "type": "LineString", "coordinates": [ [ 80.281961, 13.0965448 ], [ 80.2819286, 13.0962892 ], [ 80.2818868, 13.0960245 ], [ 80.2817164, 13.0948734 ] ] } },
{ "type": "Feature", "properties": { "name": "Urban Corridor", "highway": "residential", "slope_pct": 0.6 }, "geometry": { "type": "LineString", "coordinates": [ [ 80.2816547, 13.0948847 ], [ 80.281627, 13.0947211 ], [ 80.2815958, 13.0945581 ], [ 80.2815225, 13.0941422 ] ] } },
{ "type": "Feature", "properties": { "name": "Acharappan Street", "highway": "residential", "slope_pct": 0.6 }, "geometry": { "type": "LineString", "coordinates": [ [ 80.2834121, 13.0921172 ], [ 80.2834728, 13.0923239 ], [ 80.2834819, 13.0923658 ], [ 80.2834819, 13.0924167 ], [ 80.2834762, 13.092469 ], [ 80.2834694, 13.0926705 ], [ 80.2835193, 13.0933689 ], [ 80.2835363, 13.0934911 ], [ 80.2835921, 13.093907 ], [ 80.2836169, 13.0940963 ], [ 80.2836759, 13.0944974 ], [ 80.2837428, 13.0950347 ], [ 80.2838246, 13.0955499 ], [ 80.2839903, 13.0965655 ], [ 80.2840514, 13.0969152 ], [ 80.2841792, 13.0976822 ] ] } },
{ "type": "Feature", "properties": { "name": "Guruvappan Street", "highway": "residential", "slope_pct": 0.6 }, "geometry": { "type": "LineString", "coordinates": [ [ 80.2824297, 13.0884475 ], [ 80.2825705, 13.0892472 ], [ 80.2826253, 13.0895678 ], [ 80.2826611, 13.0897731 ], [ 80.28269, 13.0899552 ], [ 80.2827131, 13.0901261 ], [ 80.2827415, 13.0903388 ], [ 80.2827761, 13.09059 ], [ 80.2828103, 13.0908934 ], [ 80.2828443, 13.0912661 ] ] } },
{ "type": "Feature", "properties": { "name": "Anderson Street", "highway": "residential", "slope_pct": 0.6 }, "geometry": { "type": "LineString", "coordinates": [ [ 80.2845305, 13.0916052 ], [ 80.284466, 13.0913645 ], [ 80.2843696, 13.0910008 ], [ 80.2842135, 13.0903736 ], [ 80.2841586, 13.090131 ], [ 80.2840969, 13.0898382 ], [ 80.284007, 13.0894147 ], [ 80.2839822, 13.0893102 ], [ 80.2838091, 13.0885111 ], [ 80.2837875, 13.0884075 ] ] } },
{ "type": "Feature", "properties": { "name": "Varada Muthiappan Street 2", "highway": "residential", "slope_pct": 0.6 }, "geometry": { "type": "LineString", "coordinates": [ [ 80.2828956, 13.0946354 ], [ 80.2831751, 13.096672 ], [ 80.2833758, 13.0979196 ], [ 80.2834933, 13.0983616 ] ] } },
{ "type": "Feature", "properties": { "name": "Nattu Pilliyar Koil Street", "highway": "residential", "slope_pct": 0.6 }, "geometry": { "type": "LineString", "coordinates": [ [ 80.2807076, 13.0960766 ], [ 80.2806435, 13.0963622 ], [ 80.2805792, 13.0966824 ], [ 80.2804509, 13.0974267 ], [ 80.2803719, 13.0983236 ] ] } },
{ "type": "Feature", "properties": { "name": "Karuppan Street", "highway": "residential", "slope_pct": 0.6 }, "geometry": { "type": "LineString", "coordinates": [ [ 80.2811039, 13.0957686 ], [ 80.2811728, 13.0961881 ], [ 80.2812523, 13.0966389 ] ] } },
{ "type": "Feature", "properties": { "name": "Urban Corridor", "highway": "residential", "slope_pct": 0.6 }, "geometry": { "type": "LineString", "coordinates": [ [ 80.2696291, 13.0851079 ], [ 80.2692605, 13.0852014 ], [ 80.2687598, 13.0852416 ], [ 80.2687402, 13.0852369 ], [ 80.2687242, 13.0852188 ], [ 80.2687002, 13.084949 ] ] } },
{ "type": "Feature", "properties": { "name": "Basin Bridge Road", "highway": "secondary", "slope_pct": 0.6 }, "geometry": { "type": "LineString", "coordinates": [ [ 80.2684607, 13.0940109 ], [ 80.2685182, 13.0939095 ], [ 80.2686019, 13.0937566 ], [ 80.2691634, 13.0926972 ], [ 80.2692767, 13.0925212 ], [ 80.2694777, 13.092343 ], [ 80.2695173, 13.0922579 ] ] } },
{ "type": "Feature", "properties": { "name": "wood warf road", "highway": "residential", "slope_pct": 0.6 }, "geometry": { "type": "LineString", "coordinates": [ [ 80.274338, 13.0945224 ], [ 80.2743354, 13.094781 ], [ 80.2743256, 13.0957446 ], [ 80.2743171, 13.0965793 ], [ 80.2742884, 13.0985725 ], [ 80.2742382, 13.0996232 ], [ 80.2741198, 13.100247 ], [ 80.2738829, 13.1011629 ], [ 80.2732709, 13.1033149 ], [ 80.2731588, 13.1037397 ], [ 80.2731521, 13.1037759 ], [ 80.2731514, 13.1038273 ], [ 80.2731542, 13.1038628 ] ] } },
{ "type": "Feature", "properties": { "name": "Audiappa Street", "highway": "residential", "slope_pct": 0.6 }, "geometry": { "type": "LineString", "coordinates": [ [ 80.2774341, 13.0932171 ], [ 80.2766565, 13.0933326 ], [ 80.2765303, 13.0933571 ], [ 80.2761144, 13.0934413 ], [ 80.2757415, 13.093539 ], [ 80.2752959, 13.0936562 ] ] } },
{ "type": "Feature", "properties": { "name": "Ramanan Street", "highway": "tertiary", "slope_pct": 0.6 }, "geometry": { "type": "LineString", "coordinates": [ [ 80.2774341, 13.0932171 ], [ 80.277324, 13.0931671 ], [ 80.2771443, 13.0930863 ], [ 80.2768791, 13.092967 ], [ 80.2767279, 13.0929038 ], [ 80.2766545, 13.092874 ], [ 80.2766386, 13.0928676 ], [ 80.2765598, 13.0928406 ], [ 80.2764417, 13.0928126 ], [ 80.2763554, 13.092795 ], [ 80.2762965, 13.0927851 ], [ 80.2761894, 13.092767 ], [ 80.2760919, 13.0927509 ], [ 80.2759539, 13.0927346 ], [ 80.2758518, 13.0927171 ], [ 80.2757051, 13.0927178 ], [ 80.2755604, 13.0926728 ], [ 80.2754854, 13.0926327 ], [ 80.2754119, 13.0925791 ], [ 80.2752986, 13.0924682 ] ] } },
{ "type": "Feature", "properties": { "name": "Basin Bridge Road", "highway": "secondary", "slope_pct": 0.6 }, "geometry": { "type": "LineString", "coordinates": [ [ 80.2683907, 13.0980788 ], [ 80.2684328, 13.0978545 ], [ 80.2684997, 13.0975387 ], [ 80.2685552, 13.0973128 ], [ 80.2686236, 13.0967758 ], [ 80.2686294, 13.0966683 ], [ 80.2686315, 13.096417 ], [ 80.2686336, 13.0961693 ], [ 80.2686362, 13.0958682 ], [ 80.2686298, 13.0955448 ], [ 80.2685922, 13.0950283 ], [ 80.2685475, 13.0945124 ] ] } },
{ "type": "Feature", "properties": { "name": "General Hospital Road", "highway": "primary", "slope_pct": 0.6 }, "geometry": { "type": "LineString", "coordinates": [ [ 80.2817846, 13.082277 ], [ 80.2816254, 13.0822677 ], [ 80.2811546, 13.082256 ] ] } },
{ "type": "Feature", "properties": { "name": "Urban Corridor", "highway": "residential", "slope_pct": 0.6 }, "geometry": { "type": "LineString", "coordinates": [ [ 80.2671289, 13.0773492 ], [ 80.2672152, 13.0778107 ], [ 80.2672367, 13.0780474 ], [ 80.2670286, 13.0781722 ] ] } },
{ "type": "Feature", "properties": { "name": "Shiyali Street", "highway": "residential", "slope_pct": 0.6 }, "geometry": { "type": "LineString", "coordinates": [ [ 80.2611302, 13.0714882 ], [ 80.2624433, 13.0714647 ], [ 80.2639883, 13.0713707 ] ] } },
{ "type": "Feature", "properties": { "name": "Thiru Venkatam Street", "highway": "residential", "slope_pct": 0.6 }, "geometry": { "type": "LineString", "coordinates": [ [ 80.2611516, 13.0718866 ], [ 80.262464, 13.0718533 ], [ 80.2640414, 13.0717901 ] ] } },
{ "type": "Feature", "properties": { "name": "Urban Corridor", "highway": "residential", "slope_pct": 0.6 }, "geometry": { "type": "LineString", "coordinates": [ [ 80.2610716, 13.0707626 ], [ 80.2623909, 13.0707272 ], [ 80.2628639, 13.0705507 ], [ 80.2630674, 13.0705504 ], [ 80.263094, 13.0705504 ], [ 80.2638713, 13.0705391 ], [ 80.2638988, 13.0705409 ] ] } },
{ "type": "Feature", "properties": { "name": "Basha Avenue", "highway": "residential", "slope_pct": 0.6 }, "geometry": { "type": "LineString", "coordinates": [ [ 80.2643868, 13.0705071 ], [ 80.2644234, 13.0708762 ], [ 80.2644322, 13.0709419 ], [ 80.264519, 13.0711155 ], [ 80.2648239, 13.0713862 ] ] } },
{ "type": "Feature", "properties": { "name": "Urban Corridor", "highway": "residential", "slope_pct": 0.6 }, "geometry": { "type": "LineString", "coordinates": [ [ 80.2639724, 13.071186 ], [ 80.264279, 13.0711822 ], [ 80.264519, 13.0711155 ], [ 80.2647584, 13.0710152 ], [ 80.2649426, 13.0709622 ] ] } },
{ "type": "Feature", "properties": { "name": "Veerabadhran Street", "highway": "residential", "slope_pct": 0.6 }, "geometry": { "type": "LineString", "coordinates": [ [ 80.265212, 13.0710184 ], [ 80.2649426, 13.0709622 ] ] } },
{ "type": "Feature", "properties": { "name": "Urban Corridor", "highway": "residential", "slope_pct": 0.6 }, "geometry": { "type": "LineString", "coordinates": [ [ 80.2660445, 13.0692377 ], [ 80.2669532, 13.0692549 ] ] } },
{ "type": "Feature", "properties": { "name": "Urban Corridor", "highway": "residential", "slope_pct": 0.6 }, "geometry": { "type": "LineString", "coordinates": [ [ 80.2651784, 13.0710504 ], [ 80.2653277, 13.071023 ], [ 80.2657478, 13.0709492 ], [ 80.2659957, 13.0709002 ], [ 80.2660414, 13.0708978 ], [ 80.2662029, 13.07088 ], [ 80.2664422, 13.0708541 ], [ 80.2668238, 13.0708215 ], [ 80.2670001, 13.0707985 ], [ 80.2671623, 13.0708159 ], [ 80.2673467, 13.0708444 ], [ 80.2675744, 13.0708872 ], [ 80.2679104, 13.0709672 ] ] } },
{ "type": "Feature", "properties": { "name": "Urban Corridor", "highway": "residential", "slope_pct": 0.6 }, "geometry": { "type": "LineString", "coordinates": [ [ 80.2660414, 13.0708978 ], [ 80.2660907, 13.0716602 ] ] } },
{ "type": "Feature", "properties": { "name": "Ayyasamy Street", "highway": "residential", "slope_pct": 0.6 }, "geometry": { "type": "LineString", "coordinates": [ [ 80.2671909, 13.0720707 ], [ 80.2669908, 13.0720236 ], [ 80.2661299, 13.0719992 ], [ 80.2657865, 13.0719667 ] ] } },
{ "type": "Feature", "properties": { "name": "C.P. Mudali Street", "highway": "residential", "slope_pct": 0.6 }, "geometry": { "type": "LineString", "coordinates": [ [ 80.2669958, 13.0689108 ], [ 80.2673023, 13.0689565 ], [ 80.2673925, 13.0689777 ], [ 80.2679382, 13.0690295 ], [ 80.2680948, 13.0692292 ], [ 80.268159, 13.0697226 ], [ 80.2681498, 13.0701896 ], [ 80.2680432, 13.0705669 ], [ 80.2679104, 13.0709672 ], [ 80.2677942, 13.0712944 ], [ 80.2677162, 13.0715139 ] ] } },
{ "type": "Feature", "properties": { "name": "Urban Corridor", "highway": "residential", "slope_pct": 0.6 }, "geometry": { "type": "LineString", "coordinates": [ [ 80.2680948, 13.0692292 ], [ 80.2675426, 13.0692084 ], [ 80.2670456, 13.0692404 ] ] } },
{ "type": "Feature", "properties": { "name": "Venkatachala Street", "highway": "residential", "slope_pct": 0.6 }, "geometry": { "type": "LineString", "coordinates": [ [ 80.2687265, 13.0697454 ], [ 80.268159, 13.0697226 ], [ 80.2678053, 13.0696715 ], [ 80.2677265, 13.0696461 ], [ 80.2673535, 13.0695999 ], [ 80.2671273, 13.0695739 ], [ 80.2667769, 13.0695208 ] ] } },
{ "type": "Feature", "properties": { "name": "Urban Corridor", "highway": "residential", "slope_pct": 0.6 }, "geometry": { "type": "LineString", "coordinates": [ [ 80.2681498, 13.0701896 ], [ 80.2675814, 13.0701611 ], [ 80.2668166, 13.070135 ], [ 80.2664356, 13.0700576 ], [ 80.266262, 13.0700231 ] ] } },
{ "type": "Feature", "properties": { "name": "Urban Corridor", "highway": "residential", "slope_pct": 0.6 }, "geometry": { "type": "LineString", "coordinates": [ [ 80.2654268, 13.0745711 ], [ 80.2654063, 13.0745645 ], [ 80.2651958, 13.0745388 ], [ 80.2649227, 13.0745248 ], [ 80.2644934, 13.0745484 ], [ 80.2644322, 13.074555 ] ] } },
{ "type": "Feature", "properties": { "name": "Urban Corridor", "highway": "residential", "slope_pct": 0.6 }, "geometry": { "type": "LineString", "coordinates": [ [ 80.262464, 13.0718533 ], [ 80.2624433, 13.0714647 ], [ 80.2624242, 13.0709934 ] ] } },
{ "type": "Feature", "properties": { "name": "Urban Corridor", "highway": "residential", "slope_pct": 0.6 }, "geometry": { "type": "LineString", "coordinates": [ [ 80.2573936, 13.0753952 ], [ 80.2573158, 13.0754197 ], [ 80.2572005, 13.0754392 ], [ 80.2569224, 13.075423 ], [ 80.2567295, 13.0754111 ], [ 80.2562415, 13.0754422 ], [ 80.2559765, 13.0755317 ], [ 80.2557331, 13.0757633 ], [ 80.2555894, 13.0758224 ], [ 80.2554017, 13.0758457 ], [ 80.255122, 13.0758511 ], [ 80.2547892, 13.0758599 ], [ 80.2542785, 13.075925 ], [ 80.2535844, 13.0759956 ] ] } },
{ "type": "Feature", "properties": { "name": "Urban Corridor", "highway": "residential", "slope_pct": 0.6 }, "geometry": { "type": "LineString", "coordinates": [ [ 80.2576529, 13.0758938 ], [ 80.2574202, 13.076123 ], [ 80.2572184, 13.076334 ], [ 80.2568308, 13.076693 ], [ 80.2566625, 13.0768501 ], [ 80.2565329, 13.0767969 ] ] } },
{ "type": "Feature", "properties": { "name": "Narayana M Street", "highway": "residential", "slope_pct": 0.6 }, "geometry": { "type": "LineString", "coordinates": [ [ 80.2572539, 13.0742118 ], [ 80.2570674, 13.0742321 ], [ 80.2569463, 13.0742565 ], [ 80.2565752, 13.074353 ], [ 80.2562767, 13.0743851 ], [ 80.2560705, 13.0743901 ], [ 80.255893, 13.0743816 ], [ 80.2557072, 13.0743713 ], [ 80.2555489, 13.0743343 ], [ 80.2553713, 13.074282 ], [ 80.2549569, 13.074251 ], [ 80.2547385, 13.0742577 ], [ 80.2545287, 13.0742726 ], [ 80.2542573, 13.0743065 ], [ 80.2542233, 13.0742966 ], [ 80.254219, 13.0741629 ], [ 80.2542113, 13.0739998 ], [ 80.2542054, 13.0739704 ], [ 80.2541187, 13.0738878 ], [ 80.2539334, 13.0739406 ], [ 80.2536008, 13.0740802 ], [ 80.253392, 13.0741061 ] ] } },
{ "type": "Feature", "properties": { "name": "Manickam Street", "highway": "residential", "slope_pct": 0.6 }, "geometry": { "type": "LineString", "coordinates": [ [ 80.2640748, 13.0720615 ], [ 80.2640414, 13.0717901 ], [ 80.2640162, 13.0716234 ], [ 80.2639883, 13.0713707 ], [ 80.2639724, 13.071186 ], [ 80.2639423, 13.0709215 ], [ 80.2638988, 13.0705409 ] ] } },
{ "type": "Feature", "properties": { "name": "Vepery High Road", "highway": "secondary", "slope_pct": 0.6 }, "geometry": { "type": "LineString", "coordinates": [ [ 80.2705201, 13.0842566 ], [ 80.2704402, 13.0842894 ] ] } },
{ "type": "Feature", "properties": { "name": "Deputy Mayor Kabalamurthy Road", "highway": "secondary", "slope_pct": 0.6 }, "geometry": { "type": "LineString", "coordinates": [ [ 80.2734774, 13.0740834 ], [ 80.2735303, 13.0736349 ], [ 80.2735707, 13.0732924 ], [ 80.2736205, 13.0729198 ], [ 80.2737981, 13.0725602 ] ] } },
{ "type": "Feature", "properties": { "name": "West Cooum River Road", "highway": "tertiary", "slope_pct": 0.6 }, "geometry": { "type": "LineString", "coordinates": [ [ 80.269388, 13.0682704 ], [ 80.2694044, 13.0683251 ], [ 80.2695626, 13.0688066 ], [ 80.2696303, 13.0690561 ], [ 80.2696395, 13.0691007 ], [ 80.269651, 13.0692793 ], [ 80.2696432, 13.0693891 ], [ 80.2695703, 13.0697148 ], [ 80.269547, 13.0698051 ], [ 80.2694569, 13.070155 ], [ 80.2693581, 13.0704524 ], [ 80.2690665, 13.0712262 ], [ 80.2687363, 13.0716811 ], [ 80.2684062, 13.0720699 ], [ 80.2680173, 13.0723854 ], [ 80.2677679, 13.0726495 ], [ 80.2675478, 13.0728917 ], [ 80.2672249, 13.0733025 ], [ 80.2669532, 13.0736539 ], [ 80.2665084, 13.0741685 ], [ 80.2663518, 13.0747552 ], [ 80.2662967, 13.0750104 ], [ 80.2662491, 13.0753055 ], [ 80.2662674, 13.0755166 ], [ 80.2662931, 13.0758851 ], [ 80.26636, 13.0761989 ] ] } },
{ "type": "Feature", "properties": { "name": "Adithanar Road", "highway": "secondary", "slope_pct": 0.6 }, "geometry": { "type": "LineString", "coordinates": [ [ 80.2625902, 13.0727188 ], [ 80.2628886, 13.0726221 ], [ 80.2630919, 13.0725546 ], [ 80.2633753, 13.0724509 ], [ 80.2635407, 13.0723816 ], [ 80.2636835, 13.0723173 ], [ 80.2638069, 13.0722508 ], [ 80.2639244, 13.0721722 ], [ 80.2640114, 13.072111 ], [ 80.2640748, 13.0720615 ], [ 80.2642154, 13.0719506 ], [ 80.2644359, 13.0717515 ], [ 80.2646192, 13.0715858 ], [ 80.2648239, 13.0713862 ], [ 80.2648595, 13.0713547 ], [ 80.2651784, 13.0710504 ], [ 80.265212, 13.0710184 ], [ 80.2655125, 13.0707087 ], [ 80.2655304, 13.0706903 ] ] } },
{ "type": "Feature", "properties": { "name": "Valliammal Road", "highway": "residential", "slope_pct": 0.6 }, "geometry": { "type": "LineString", "coordinates": [ [ 80.2569262, 13.0819787 ], [ 80.2571874, 13.081955 ], [ 80.2573589, 13.0819394 ], [ 80.257831, 13.0818345 ], [ 80.2580443, 13.0817812 ], [ 80.2581981, 13.0817427 ], [ 80.2582728, 13.0817455 ], [ 80.2585522, 13.0817558 ] ] } },
{ "type": "Feature", "properties": { "name": "Perambur Barracks Salai", "highway": "secondary", "slope_pct": 0.6 }, "geometry": { "type": "LineString", "coordinates": [ [ 80.2589084, 13.0943566 ], [ 80.2589228, 13.0948915 ], [ 80.2589285, 13.095044 ], [ 80.258937, 13.0951772 ], [ 80.2589481, 13.0953001 ], [ 80.2589857, 13.0955339 ], [ 80.2590181, 13.095743 ], [ 80.2590486, 13.0959405 ], [ 80.2590783, 13.0961214 ], [ 80.2591189, 13.0964367 ], [ 80.2591341, 13.0965545 ], [ 80.2591846, 13.0968739 ], [ 80.2592128, 13.0970903 ], [ 80.2592517, 13.0973747 ] ] } },
{ "type": "Feature", "properties": { "name": "EVK Sampath Salai", "highway": "secondary", "slope_pct": 0.6 }, "geometry": { "type": "LineString", "coordinates": [ [ 80.2635124, 13.088607 ], [ 80.2633917, 13.0884061 ], [ 80.263309, 13.0882537 ], [ 80.2630189, 13.0872316 ], [ 80.263009, 13.0870867 ], [ 80.262969, 13.0865053 ], [ 80.2629541, 13.0862876 ], [ 80.2629115, 13.0856573 ], [ 80.2629079, 13.0855773 ] ] } },
{ "type": "Feature", "properties": { "name": "Raja Muthiah Road", "highway": "secondary", "slope_pct": 0.6 }, "geometry": { "type": "LineString", "coordinates": [ [ 80.2709194, 13.0809633 ], [ 80.2709107, 13.0809906 ], [ 80.2709032, 13.0810279 ], [ 80.2708955, 13.0810773 ], [ 80.2708824, 13.0811716 ], [ 80.2708478, 13.0814411 ], [ 80.2707936, 13.0818026 ], [ 80.2706992, 13.0825329 ], [ 80.2706302, 13.0830691 ], [ 80.2705922, 13.0833146 ], [ 80.2705721, 13.083466 ], [ 80.2704958, 13.0839633 ] ] } },
{ "type": "Feature", "properties": { "name": "Muthuswamy Road", "highway": "primary", "slope_pct": 0.6 }, "geometry": { "type": "LineString", "coordinates": [ [ 80.281023, 13.0815726 ], [ 80.2811903, 13.0817612 ], [ 80.2812392, 13.0819178 ], [ 80.2812387, 13.0819963 ], [ 80.2812149, 13.0821225 ], [ 80.2811546, 13.082256 ] ] } },
{ "type": "Feature", "properties": { "name": "Frazer Bridge Road", "highway": "tertiary", "slope_pct": 0.6 }, "geometry": { "type": "LineString", "coordinates": [ [ 80.2841821, 13.0853242 ], [ 80.2839205, 13.0854041 ], [ 80.2835529, 13.0854871 ], [ 80.283417, 13.0854975 ], [ 80.2832066, 13.0855223 ], [ 80.2829154, 13.0855566 ], [ 80.2825964, 13.0855942 ], [ 80.282405, 13.0856167 ], [ 80.2820935, 13.0856534 ], [ 80.2819606, 13.0856691 ], [ 80.2819028, 13.0856759 ], [ 80.2814924, 13.0857242 ], [ 80.2810301, 13.0857787 ], [ 80.280899, 13.0858418 ] ] } },
{ "type": "Feature", "properties": { "name": "Muthuswamy Road", "highway": "primary", "slope_pct": 0.6 }, "geometry": { "type": "LineString", "coordinates": [ [ 80.2853397, 13.0736861 ], [ 80.2853483, 13.0741686 ], [ 80.2853206, 13.0743991 ], [ 80.2852995, 13.0744764 ], [ 80.2850617, 13.0748204 ], [ 80.2835828, 13.0762796 ], [ 80.2832934, 13.0766334 ], [ 80.283237, 13.0767275 ], [ 80.2829023, 13.0772864 ], [ 80.2822838, 13.078669 ], [ 80.2822348, 13.0787427 ], [ 80.2821263, 13.0788478 ], [ 80.2820623, 13.0789113 ], [ 80.2820326, 13.0789407 ] ] } },
{ "type": "Feature", "properties": { "name": "Pallavan Salai", "highway": "secondary", "slope_pct": 0.6 }, "geometry": { "type": "LineString", "coordinates": [ [ 80.2754935, 13.0816317 ], [ 80.2753104, 13.0815305 ], [ 80.2752236, 13.0813985 ] ] } },
{ "type": "Feature", "properties": { "name": "Urban Corridor", "highway": "secondary", "slope_pct": 0.6 }, "geometry": { "type": "LineString", "coordinates": [ [ 80.2651477, 13.0803737 ], [ 80.2650548, 13.0804845 ], [ 80.2649484, 13.0805548 ], [ 80.2647889, 13.0806112 ] ] } },
{ "type": "Feature", "properties": { "name": "Taravath Madhavan Nair Bridge Road", "highway": "secondary", "slope_pct": 0.6 }, "geometry": { "type": "LineString", "coordinates": [ [ 80.2580824, 13.075582 ], [ 80.2580136, 13.0756635 ], [ 80.2579086, 13.0758022 ], [ 80.2577545, 13.0759888 ], [ 80.2575959, 13.0761723 ], [ 80.2573676, 13.0764154 ], [ 80.2572402, 13.0765464 ], [ 80.2570969, 13.076717 ], [ 80.2569819, 13.076879 ], [ 80.2569294, 13.0769656 ] ] } },
{ "type": "Feature", "properties": { "name": "EVR Periyar Salai", "highway": "primary", "slope_pct": 0.6 }, "geometry": { "type": "LineString", "coordinates": [ [ 80.2706397, 13.0807831 ], [ 80.2705552, 13.0807758 ], [ 80.2704542, 13.0807718 ], [ 80.2703489, 13.0807672 ], [ 80.2701978, 13.0807637 ], [ 80.2680216, 13.0806715 ], [ 80.2669981, 13.08068 ], [ 80.2654065, 13.0807108 ], [ 80.2652332, 13.0806923 ] ] } },
{ "type": "Feature", "properties": { "name": "EVK Sampath Salai", "highway": "tertiary", "slope_pct": 0.6 }, "geometry": { "type": "LineString", "coordinates": [ [ 80.2628257, 13.0801904 ], [ 80.2627848, 13.0802951 ], [ 80.2626826, 13.080639 ], [ 80.2626014, 13.080912 ], [ 80.2625599, 13.0810516 ], [ 80.2625462, 13.0810978 ], [ 80.2624961, 13.0812663 ], [ 80.2624749, 13.0813376 ], [ 80.2624513, 13.0814291 ], [ 80.2624462, 13.0814488 ], [ 80.262442, 13.0814653 ], [ 80.262427, 13.0815204 ], [ 80.2623528, 13.0817934 ], [ 80.2623077, 13.0819801 ], [ 80.2622798, 13.0820954 ], [ 80.2622233, 13.0823147 ], [ 80.262213, 13.0823547 ], [ 80.2622342, 13.0825462 ], [ 80.2622232, 13.0826115 ], [ 80.262234, 13.0826571 ], [ 80.2623052, 13.0829588 ] ] } },
{ "type": "Feature", "properties": { "name": "Periyar Bridge", "highway": "primary", "slope_pct": 0.6 }, "geometry": { "type": "LineString", "coordinates": [ [ 80.274623, 13.0720436 ], [ 80.2754947, 13.0728487 ] ] } },
{ "type": "Feature", "properties": { "name": "Anna Salai", "highway": "primary", "slope_pct": 0.6 }, "geometry": { "type": "LineString", "coordinates": [ [ 80.2754947, 13.0728487 ], [ 80.2755229, 13.0728681 ], [ 80.276218, 13.0735117 ] ] } },
{ "type": "Feature", "properties": { "name": "Periyar Bridge", "highway": "primary", "slope_pct": 0.6 }, "geometry": { "type": "LineString", "coordinates": [ [ 80.2755773, 13.0727639 ], [ 80.2747056, 13.0719588 ] ] } },
{ "type": "Feature", "properties": { "name": "Urban Corridor", "highway": "primary_link", "slope_pct": 0.6 }, "geometry": { "type": "LineString", "coordinates": [ [ 80.2786653, 13.0756798 ], [ 80.2786049, 13.0757049 ], [ 80.2785751, 13.0757267 ], [ 80.2785544, 13.0757715 ], [ 80.2785507, 13.0758192 ] ] } },
{ "type": "Feature", "properties": { "name": "Urban Corridor", "highway": "primary_link", "slope_pct": 0.6 }, "geometry": { "type": "LineString", "coordinates": [ [ 80.2790161, 13.0762045 ], [ 80.2790657, 13.0761917 ], [ 80.2791153, 13.076171 ], [ 80.2791331, 13.0761327 ], [ 80.2791396, 13.0760921 ] ] } },
{ "type": "Feature", "properties": { "name": "Quaid-e-Milleth Bridge", "highway": "primary", "slope_pct": 0.6 }, "geometry": { "type": "LineString", "coordinates": [ [ 80.2815328, 13.0785385 ], [ 80.281863, 13.0788433 ] ] } },
{ "type": "Feature", "properties": { "name": "Anna Salai", "highway": "primary", "slope_pct": 0.6 }, "geometry": { "type": "LineString", "coordinates": [ [ 80.281597, 13.0784721 ], [ 80.2814798, 13.0783404 ], [ 80.2810542, 13.0779486 ], [ 80.2793603, 13.0763336 ], [ 80.2791396, 13.0760921 ], [ 80.2790129, 13.0759285 ], [ 80.2788645, 13.0758 ], [ 80.2786653, 13.0756798 ], [ 80.2783259, 13.0753786 ], [ 80.2783018, 13.0753546 ], [ 80.2765861, 13.0736238 ], [ 80.2765139, 13.0735535 ] ] } },
{ "type": "Feature", "properties": { "name": "Urban Corridor", "highway": "primary_link", "slope_pct": 0.6 }, "geometry": { "type": "LineString", "coordinates": [ [ 80.2764355, 13.0742962 ], [ 80.276494, 13.0741686 ], [ 80.2766199, 13.0740828 ], [ 80.2767254, 13.0740728 ], [ 80.2768684, 13.0741199 ] ] } },
{ "type": "Feature", "properties": { "name": "Urban Corridor", "highway": "tertiary", "slope_pct": 0.6 }, "geometry": { "type": "LineString", "coordinates": [ [ 80.2749612, 13.0715455 ], [ 80.2745319, 13.0712084 ], [ 80.2742971, 13.0708764 ], [ 80.274225, 13.0707843 ], [ 80.2741107, 13.070677 ], [ 80.2739918, 13.0706117 ] ] } },
{ "type": "Feature", "properties": { "name": "Arunachalam Street", "highway": "secondary", "slope_pct": 0.6 }, "geometry": { "type": "LineString", "coordinates": [ [ 80.2672158, 13.0760151 ], [ 80.2681402, 13.075789 ], [ 80.2691808, 13.0755097 ], [ 80.2697186, 13.0753584 ], [ 80.2702071, 13.075238 ], [ 80.2707302, 13.0751091 ], [ 80.2712845, 13.0750155 ] ] } },
{ "type": "Feature", "properties": { "name": "Netaji Subhash Chandra Bose Road", "highway": "secondary", "slope_pct": 0.6 }, "geometry": { "type": "LineString", "coordinates": [ [ 80.2815146, 13.0886274 ], [ 80.2818541, 13.0885554 ], [ 80.2819531, 13.0885355 ], [ 80.2820194, 13.0885223 ], [ 80.2824297, 13.0884475 ], [ 80.2825575, 13.0884283 ], [ 80.2826191, 13.0884201 ], [ 80.282718, 13.088406 ], [ 80.2828037, 13.0883972 ], [ 80.2829029, 13.0883895 ], [ 80.2829663, 13.0883853 ], [ 80.2830325, 13.0883831 ], [ 80.2830996, 13.088383 ], [ 80.2831988, 13.0883844 ], [ 80.2833615, 13.0883888 ], [ 80.2837875, 13.0884075 ], [ 80.2842253, 13.0884254 ], [ 80.2842869, 13.0884279 ], [ 80.2848115, 13.0884538 ], [ 80.2848503, 13.0884557 ], [ 80.2852912, 13.0884768 ], [ 80.2856088, 13.088487 ], [ 80.2859923, 13.0884962 ], [ 80.2860396, 13.0884993 ], [ 80.2861146, 13.0885089 ], [ 80.2861986, 13.0885222 ], [ 80.2862747, 13.0885339 ], [ 80.2863273, 13.0885415 ], [ 80.2863705, 13.0885461 ], [ 80.2864733, 13.0885529 ], [ 80.2869036, 13.0885812 ], [ 80.2874839, 13.0886235 ], [ 80.2876706, 13.0886371 ], [ 80.2883903, 13.0886979 ], [ 80.2886055, 13.0887177 ], [ 80.2889059, 13.0887453 ], [ 80.2894292, 13.0887974 ], [ 80.2898915, 13.0888388 ], [ 80.2898997, 13.0888395 ], [ 80.2900973, 13.0888532 ], [ 80.2902015, 13.0888603 ], [ 80.2903598, 13.0888458 ] ] } },
{ "type": "Feature", "properties": { "name": "Netaji Subhash Chandra Bose Road", "highway": "tertiary", "slope_pct": 0.6 }, "geometry": { "type": "LineString", "coordinates": [ [ 80.2789136, 13.0894808 ], [ 80.2788201, 13.0895536 ], [ 80.2787008, 13.0896306 ], [ 80.2784772, 13.0897491 ], [ 80.2782533, 13.0898529 ], [ 80.2778554, 13.0900371 ], [ 80.2772636, 13.0903952 ], [ 80.2770963, 13.0905369 ], [ 80.2767971, 13.0907613 ], [ 80.2765243, 13.0909096 ], [ 80.2761788, 13.0910608 ], [ 80.2759504, 13.0911525 ], [ 80.275841, 13.0911991 ], [ 80.2754731, 13.0913559 ], [ 80.2752715, 13.091413 ] ] } },
{ "type": "Feature", "properties": { "name": "Badari Garden Lane", "highway": "residential", "slope_pct": 0.6 }, "geometry": { "type": "LineString", "coordinates": [ [ 80.2763669, 13.0899443 ], [ 80.2764091, 13.0902573 ], [ 80.2764078, 13.0902609 ], [ 80.2764035, 13.0902641 ] ] } },
{ "type": "Feature", "properties": { "name": "Edapalaiyam Street", "highway": "residential", "slope_pct": 0.6 }, "geometry": { "type": "LineString", "coordinates": [ [ 80.2776624, 13.0893863 ], [ 80.2774065, 13.0891616 ], [ 80.2772342, 13.089069 ], [ 80.2771008, 13.0889802 ], [ 80.2769599, 13.08894 ], [ 80.2768508, 13.0888913 ], [ 80.2767362, 13.0887765 ], [ 80.2766124, 13.088664 ], [ 80.2755492, 13.0885082 ] ] } },
{ "type": "Feature", "properties": { "name": "Palappan Street", "highway": "residential", "slope_pct": 0.6 }, "geometry": { "type": "LineString", "coordinates": [ [ 80.2780562, 13.0930844 ], [ 80.2781384, 13.093411 ], [ 80.2781497, 13.0934253 ], [ 80.2781705, 13.0934276 ], [ 80.2782925, 13.0934365 ], [ 80.2785973, 13.0934295 ], [ 80.2787861, 13.0934217 ], [ 80.2787992, 13.0934244 ], [ 80.2788064, 13.0934365 ], [ 80.2788253, 13.0936639 ], [ 80.2788693, 13.0939481 ], [ 80.2789419, 13.0945117 ] ] } },
{ "type": "Feature", "properties": { "name": "Sami Pillai Street", "highway": "residential", "slope_pct": 0.6 }, "geometry": { "type": "LineString", "coordinates": [ [ 80.268004, 13.0872735 ], [ 80.2679837, 13.0877602 ], [ 80.267964, 13.0882356 ], [ 80.2679503, 13.088565 ], [ 80.267937, 13.0888838 ], [ 80.2679353, 13.0889252 ], [ 80.2679345, 13.0889437 ], [ 80.2679343, 13.0890604 ], [ 80.2679048, 13.0897861 ], [ 80.2678947, 13.0905272 ] ] } },
{ "type": "Feature", "properties": { "name": "Kalavai Street", "highway": "residential", "slope_pct": 0.6 }, "geometry": { "type": "LineString", "coordinates": [ [ 80.2696399, 13.0771886 ], [ 80.2696031, 13.0770183 ], [ 80.2694706, 13.0765348 ], [ 80.2693448, 13.076095 ], [ 80.2693278, 13.0760349 ], [ 80.2691808, 13.0755097 ], [ 80.269017, 13.0749793 ], [ 80.2689215, 13.0745832 ], [ 80.2687015, 13.0737977 ], [ 80.2685818, 13.0733699 ] ] } },
{ "type": "Feature", "properties": { "name": "Urban Corridor", "highway": "residential", "slope_pct": 0.6 }, "geometry": { "type": "LineString", "coordinates": [ [ 80.2698366, 13.077961 ], [ 80.2694517, 13.0779893 ], [ 80.2694589, 13.0778161 ], [ 80.2694567, 13.0778005 ], [ 80.2694498, 13.0777902 ] ] } },
{ "type": "Feature", "properties": { "name": "Deputy Mayor Kabalamurthy Road", "highway": "tertiary", "slope_pct": 0.6 }, "geometry": { "type": "LineString", "coordinates": [ [ 80.270501, 13.0788138 ], [ 80.2708274, 13.0786209 ], [ 80.271092, 13.0784807 ], [ 80.2712528, 13.0783899 ], [ 80.2715969, 13.0781955 ], [ 80.2719975, 13.0780523 ], [ 80.2721994, 13.0779101 ], [ 80.2722453, 13.0778658 ], [ 80.2724187, 13.0776982 ], [ 80.2725442, 13.0773745 ], [ 80.2725681, 13.0773162 ], [ 80.2726514, 13.077113 ], [ 80.2728342, 13.076667 ], [ 80.2730033, 13.0762546 ], [ 80.2730284, 13.0761933 ], [ 80.273062, 13.0760969 ], [ 80.2730721, 13.076068 ], [ 80.2731163, 13.0759415 ], [ 80.2731806, 13.0757575 ], [ 80.2732028, 13.0756728 ], [ 80.2732628, 13.0754433 ], [ 80.2733009, 13.0752977 ], [ 80.2734019, 13.0747191 ], [ 80.2734185, 13.074624 ], [ 80.2734438, 13.0743895 ], [ 80.2734337, 13.0742784 ], [ 80.2734141, 13.0741838 ] ] } },
{ "type": "Feature", "properties": { "name": "Urban Corridor", "highway": "residential", "slope_pct": 0.6 }, "geometry": { "type": "LineString", "coordinates": [ [ 80.2694517, 13.0779893 ], [ 80.2694598, 13.0782918 ], [ 80.2694491, 13.0784298 ], [ 80.269445, 13.0784656 ], [ 80.2694433, 13.0787991 ] ] } },
{ "type": "Feature", "properties": { "name": "Lazer Street", "highway": "residential", "slope_pct": 0.6 }, "geometry": { "type": "LineString", "coordinates": [ [ 80.2694498, 13.0777902 ], [ 80.2689288, 13.0777982 ], [ 80.268075, 13.0778976 ] ] } },
{ "type": "Feature", "properties": { "name": "Olagappa Street", "highway": "residential", "slope_pct": 0.6 }, "geometry": { "type": "LineString", "coordinates": [ [ 80.2672861, 13.0769053 ], [ 80.2673373, 13.0773093 ] ] } },
{ "type": "Feature", "properties": { "name": "Urban Corridor", "highway": "residential", "slope_pct": 0.6 }, "geometry": { "type": "LineString", "coordinates": [ [ 80.2718366, 13.0774426 ], [ 80.2714105, 13.0775605 ], [ 80.2709239, 13.0776486 ], [ 80.2703422, 13.0778198 ] ] } },
{ "type": "Feature", "properties": { "name": "Rattan Bazaar Road", "highway": "secondary", "slope_pct": 0.6 }, "geometry": { "type": "LineString", "coordinates": [ [ 80.2808012, 13.0858803 ], [ 80.2808325, 13.0859534 ], [ 80.280908, 13.0862041 ], [ 80.2810728, 13.0867511 ], [ 80.2810837, 13.0867916 ], [ 80.2811721, 13.0871185 ], [ 80.2813327, 13.08771 ], [ 80.2813441, 13.0877607 ], [ 80.2813657, 13.0878447 ], [ 80.2813817, 13.087923 ], [ 80.2813906, 13.0879894 ], [ 80.2813971, 13.0880605 ], [ 80.2814036, 13.0881148 ], [ 80.2814177, 13.0881797 ], [ 80.2815146, 13.0886274 ] ] } },
{ "type": "Feature", "properties": { "name": "Quaid-e-Milleth Bridge", "highway": "primary", "slope_pct": 0.6 }, "geometry": { "type": "LineString", "coordinates": [ [ 80.2819299, 13.0787772 ], [ 80.281597, 13.0784721 ] ] } },
{ "type": "Feature", "properties": { "name": "Urban Corridor", "highway": "secondary", "slope_pct": 0.6 }, "geometry": { "type": "LineString", "coordinates": [ [ 80.255433, 13.0681217 ], [ 80.25582, 13.0685062 ], [ 80.2561765, 13.0688628 ], [ 80.256605, 13.0692701 ], [ 80.2570019, 13.069655 ], [ 80.2572925, 13.0699469 ], [ 80.2575582, 13.0702043 ], [ 80.2580951, 13.070701 ] ] } },
{ "type": "Feature", "properties": { "name": "Urban Corridor", "highway": "residential", "slope_pct": 0.6 }, "geometry": { "type": "LineString", "coordinates": [ [ 80.270539, 13.0744823 ], [ 80.270397, 13.0737278 ], [ 80.2703093, 13.0735224 ], [ 80.2702102, 13.0729626 ] ] } },
{ "type": "Feature", "properties": { "name": "Guruvappa Street", "highway": "residential", "slope_pct": 0.6 }, "geometry": { "type": "LineString", "coordinates": [ [ 80.2706803, 13.0728929 ], [ 80.2704441, 13.0729316 ], [ 80.2702102, 13.0729626 ], [ 80.2700426, 13.072997 ], [ 80.2696027, 13.0730994 ], [ 80.2691181, 13.0732437 ], [ 80.2685818, 13.0733699 ], [ 80.2681827, 13.0734632 ], [ 80.2675351, 13.0736165 ], [ 80.2671617, 13.07367 ], [ 80.2670855, 13.073662 ], [ 80.2669532, 13.0736539 ] ] } },
{ "type": "Feature", "properties": { "name": "Ayya Mudali Street", "highway": "tertiary", "slope_pct": 0.6 }, "geometry": { "type": "LineString", "coordinates": [ [ 80.2704753, 13.0787 ], [ 80.2704465, 13.0783807 ], [ 80.2703422, 13.0778198 ], [ 80.2701881, 13.0771032 ], [ 80.2700896, 13.0767454 ], [ 80.2698756, 13.0759678 ], [ 80.2697186, 13.0753584 ] ] } },
{ "type": "Feature", "properties": { "name": "Urban Corridor", "highway": "secondary", "slope_pct": 0.6 }, "geometry": { "type": "LineString", "coordinates": [ [ 80.2743139, 13.0716541 ], [ 80.2741532, 13.0718297 ], [ 80.2740486, 13.071999 ], [ 80.2739856, 13.0721132 ], [ 80.2739754, 13.0721614 ], [ 80.2739583, 13.0722422 ] ] } },
{ "type": "Feature", "properties": { "name": "Lalakutti Street", "highway": "residential", "slope_pct": 0.6 }, "geometry": { "type": "LineString", "coordinates": [ [ 80.2702727, 13.0813788 ], [ 80.26925, 13.0814348 ], [ 80.2689552, 13.0814794 ], [ 80.2686795, 13.0815353 ] ] } },
{ "type": "Feature", "properties": { "name": "Perianna Maistry Street", "highway": "residential", "slope_pct": 0.6 }, "geometry": { "type": "LineString", "coordinates": [ [ 80.268682, 13.0848896 ], [ 80.2685625, 13.0840705 ], [ 80.2685538, 13.0837322 ], [ 80.2685491, 13.0835759 ], [ 80.2685329, 13.0830643 ], [ 80.2684848, 13.0824714 ], [ 80.2684726, 13.0820867 ], [ 80.268533, 13.0820178 ], [ 80.2686625, 13.0819708 ] ] } },
{ "type": "Feature", "properties": { "name": "Uttukattan Street", "highway": "residential", "slope_pct": 0.6 }, "geometry": { "type": "LineString", "coordinates": [ [ 80.2682156, 13.0824865 ], [ 80.2682181, 13.0828643 ], [ 80.2681818, 13.0833352 ], [ 80.268175, 13.0837329 ], [ 80.2681792, 13.083908 ], [ 80.2681815, 13.0840635 ], [ 80.2681945, 13.0843339 ], [ 80.2682226, 13.0849183 ], [ 80.268225, 13.0849628 ] ] } },
{ "type": "Feature", "properties": { "name": "Urban Corridor", "highway": "residential", "slope_pct": 0.6 }, "geometry": { "type": "LineString", "coordinates": [ [ 80.2681945, 13.0843339 ], [ 80.2676858, 13.084348 ], [ 80.2676014, 13.0843486 ], [ 80.2675865, 13.0843542 ], [ 80.2675819, 13.0843627 ], [ 80.2675959, 13.0845731 ] ] } },
{ "type": "Feature", "properties": { "name": "Naval Hospital 2nd Street", "highway": "residential", "slope_pct": 0.6 }, "geometry": { "type": "LineString", "coordinates": [ [ 80.2677496, 13.0837517 ], [ 80.2677576, 13.0836417 ], [ 80.2677709, 13.0834902 ], [ 80.2677903, 13.0832927 ], [ 80.2678253, 13.0829346 ], [ 80.2674259, 13.0829199 ] ] } },
{ "type": "Feature", "properties": { "name": "Naval Hospital 4th Street", "highway": "residential", "slope_pct": 0.6 }, "geometry": { "type": "LineString", "coordinates": [ [ 80.2677709, 13.0834902 ], [ 80.2667873, 13.0834632 ] ] } },
{ "type": "Feature", "properties": { "name": "Urban Corridor", "highway": "residential", "slope_pct": 0.6 }, "geometry": { "type": "LineString", "coordinates": [ [ 80.2660837, 13.0843191 ], [ 80.2651516, 13.0844824 ] ] } },
{ "type": "Feature", "properties": { "name": "Urban Corridor", "highway": "residential", "slope_pct": 0.6 }, "geometry": { "type": "LineString", "coordinates": [ [ 80.2660832, 13.0840657 ], [ 80.2651378, 13.0841673 ] ] } },
{ "type": "Feature", "properties": { "name": "Urban Corridor", "highway": "residential", "slope_pct": 0.6 }, "geometry": { "type": "LineString", "coordinates": [ [ 80.2660678, 13.0837708 ], [ 80.2656779, 13.0838417 ], [ 80.2650407, 13.0839329 ] ] } },
{ "type": "Feature", "properties": { "name": "Irusappa Mudali Street", "highway": "residential", "slope_pct": 0.6 }, "geometry": { "type": "LineString", "coordinates": [ [ 80.2686625, 13.0819708 ], [ 80.2689645, 13.0819377 ] ] } },
{ "type": "Feature", "properties": { "name": "Narayana Guru Salai", "highway": "secondary", "slope_pct": 0.6 }, "geometry": { "type": "LineString", "coordinates": [ [ 80.2608828, 13.0876608 ], [ 80.2617819, 13.0879403 ], [ 80.2618911, 13.08797 ], [ 80.2629632, 13.0883726 ], [ 80.2632883, 13.0885036 ], [ 80.2633057, 13.0885116 ], [ 80.2635124, 13.088607 ] ] } },
{ "type": "Feature", "properties": { "name": "Jermiah Road", "highway": "secondary", "slope_pct": 0.6 }, "geometry": { "type": "LineString", "coordinates": [ [ 80.2629079, 13.0855773 ], [ 80.2625542, 13.0856393 ], [ 80.2622733, 13.0857497 ], [ 80.2622083, 13.0857752 ], [ 80.2621933, 13.0857811 ], [ 80.2621693, 13.0857998 ], [ 80.2621573, 13.0858092 ], [ 80.2618388, 13.0860583 ], [ 80.2615857, 13.0861712 ], [ 80.2615377, 13.0861926 ], [ 80.2614889, 13.0862154 ], [ 80.2614038, 13.086237 ], [ 80.261346, 13.0862517 ], [ 80.2612239, 13.0862827 ], [ 80.2611749, 13.0862952 ], [ 80.2607947, 13.0866061 ], [ 80.2606864, 13.0866541 ] ] } },
{ "type": "Feature", "properties": { "name": "Purasaiwalkam Flyover", "highway": "secondary", "slope_pct": 0.6 }, "geometry": { "type": "LineString", "coordinates": [ [ 80.2582132, 13.0869089 ], [ 80.2588051, 13.0870918 ], [ 80.2606991, 13.0876039 ] ] } },
{ "type": "Feature", "properties": { "name": "Purasaiwalkam Flyover", "highway": "secondary", "slope_pct": 0.6 }, "geometry": { "type": "LineString", "coordinates": [ [ 80.259132, 13.0868879 ], [ 80.2589186, 13.0869157 ], [ 80.2587072, 13.0869337 ], [ 80.2585461, 13.086935 ], [ 80.2583608, 13.0869198 ], [ 80.2582132, 13.0869089 ] ] } },
{ "type": "Feature", "properties": { "name": "Purasaiwalkam Flyover", "highway": "secondary", "slope_pct": 0.6 }, "geometry": { "type": "LineString", "coordinates": [ [ 80.2575066, 13.0867127 ], [ 80.2576933, 13.0867725 ], [ 80.2582132, 13.0869089 ] ] } },
{ "type": "Feature", "properties": { "name": "Narayana Guru Salai", "highway": "secondary", "slope_pct": 0.6 }, "geometry": { "type": "LineString", "coordinates": [ [ 80.2635124, 13.088607 ], [ 80.2640211, 13.0889995 ], [ 80.2645435, 13.0894025 ], [ 80.2649928, 13.0897833 ], [ 80.2652815, 13.090179 ], [ 80.2658841, 13.0903157 ], [ 80.2662528, 13.0903822 ], [ 80.2664715, 13.0904071 ], [ 80.26694, 13.0904605 ], [ 80.2670321, 13.0904589 ], [ 80.2678947, 13.0905272 ], [ 80.2685546, 13.0905844 ], [ 80.2687029, 13.0905868 ], [ 80.2688987, 13.0906087 ], [ 80.2693225, 13.0906681 ], [ 80.2693822, 13.0906645 ] ] } },
{ "type": "Feature", "properties": { "name": "Lettangs road", "highway": "residential", "slope_pct": 0.6 }, "geometry": { "type": "LineString", "coordinates": [ [ 80.2586117, 13.0843076 ], [ 80.2579585, 13.0841476 ], [ 80.2572156, 13.0839785 ], [ 80.2570431, 13.0839393 ], [ 80.2565801, 13.0838136 ], [ 80.2563397, 13.0837422 ], [ 80.2562116, 13.0836952 ], [ 80.2561791, 13.0836707 ], [ 80.2561447, 13.0836141 ] ] } },
{ "type": "Feature", "properties": { "name": "Urban Corridor", "highway": "residential", "slope_pct": 0.6 }, "geometry": { "type": "LineString", "coordinates": [ [ 80.2573165, 13.0865573 ], [ 80.2574513, 13.0860969 ], [ 80.257517, 13.0858809 ], [ 80.2575208, 13.0858684 ], [ 80.2575715, 13.0856975 ], [ 80.2575823, 13.0856609 ], [ 80.257686, 13.0852493 ], [ 80.2577534, 13.0849985 ], [ 80.2577675, 13.0849461 ], [ 80.2578155, 13.0847454 ], [ 80.2579585, 13.0841476 ] ] } },
{ "type": "Feature", "properties": { "name": "Satchi Street", "highway": "residential", "slope_pct": 0.6 }, "geometry": { "type": "LineString", "coordinates": [ [ 80.2589228, 13.0948915 ], [ 80.258217, 13.0949989 ], [ 80.2577283, 13.0950337 ], [ 80.257467, 13.0950262 ], [ 80.2572225, 13.0950191 ], [ 80.2566505, 13.0949055 ], [ 80.2560838, 13.0948162 ] ] } },
{ "type": "Feature", "properties": { "name": "Urban Corridor", "highway": "residential", "slope_pct": 0.6 }, "geometry": { "type": "LineString", "coordinates": [ [ 80.2573384, 13.0945425 ], [ 80.2567964, 13.0944419 ], [ 80.2564855, 13.0943829 ], [ 80.2562027, 13.0943498 ] ] } },
{ "type": "Feature", "properties": { "name": "Urban Corridor", "highway": "residential", "slope_pct": 0.6 }, "geometry": { "type": "LineString", "coordinates": [ [ 80.2572828, 13.0948355 ], [ 80.2561022, 13.0946308 ] ] } },
{ "type": "Feature", "properties": { "name": "Ethiraj Garden Street", "highway": "residential", "slope_pct": 0.6 }, "geometry": { "type": "LineString", "coordinates": [ [ 80.2573417, 13.0960177 ], [ 80.2574364, 13.097453 ] ] } },
{ "type": "Feature", "properties": { "name": "Urban Corridor", "highway": "residential", "slope_pct": 0.6 }, "geometry": { "type": "LineString", "coordinates": [ [ 80.257869, 13.0960554 ], [ 80.2579255, 13.0959943 ], [ 80.2582311, 13.0956639 ], [ 80.2583104, 13.095627 ], [ 80.2589857, 13.0955339 ] ] } },
{ "type": "Feature", "properties": { "name": "Vallam Bangaru Chetty Street", "highway": "residential", "slope_pct": 0.6 }, "geometry": { "type": "LineString", "coordinates": [ [ 80.2572263, 13.092333 ], [ 80.2588161, 13.0924905 ] ] } },
{ "type": "Feature", "properties": { "name": "Muthu Naicken Street", "highway": "residential", "slope_pct": 0.6 }, "geometry": { "type": "LineString", "coordinates": [ [ 80.2571455, 13.0933624 ], [ 80.2571851, 13.09298 ], [ 80.2572036, 13.0927711 ], [ 80.2571723, 13.092766 ], [ 80.2572263, 13.092333 ] ] } },
{ "type": "Feature", "properties": { "name": "Kutti Chetty Street", "highway": "residential", "slope_pct": 0.6 }, "geometry": { "type": "LineString", "coordinates": [ [ 80.2571851, 13.09298 ], [ 80.2572636, 13.0929857 ], [ 80.2578523, 13.0930068 ], [ 80.258845, 13.0930745 ] ] } },
{ "type": "Feature", "properties": { "name": "Astabujam Naicken Street", "highway": "tertiary", "slope_pct": 0.6 }, "geometry": { "type": "LineString", "coordinates": [ [ 80.2588649, 13.0934773 ], [ 80.2593732, 13.0934906 ], [ 80.2594772, 13.0934899 ], [ 80.2599311, 13.0934868 ], [ 80.2601867, 13.0934839 ], [ 80.260616, 13.0934739 ], [ 80.2610236, 13.0934847 ], [ 80.2612174, 13.0934838 ], [ 80.2615203, 13.0934749 ], [ 80.2620169, 13.0934651 ], [ 80.2622894, 13.0934578 ], [ 80.262439, 13.093478 ], [ 80.2626125, 13.0933067 ], [ 80.2628237, 13.0930731 ] ] } },
{ "type": "Feature", "properties": { "name": "Kuruvam Kulam Street", "highway": "residential", "slope_pct": 0.6 }, "geometry": { "type": "LineString", "coordinates": [ [ 80.2641259, 13.0907894 ], [ 80.264105, 13.090807 ], [ 80.2640882, 13.0908148 ], [ 80.2640674, 13.090821 ], [ 80.2640058, 13.090831 ], [ 80.2638678, 13.0908355 ], [ 80.2637348, 13.09084 ], [ 80.2635644, 13.0908501 ], [ 80.2632648, 13.0908943 ] ] } },
{ "type": "Feature", "properties": { "name": "Anandakrishna Iyer Street", "highway": "residential", "slope_pct": 0.6 }, "geometry": { "type": "LineString", "coordinates": [ [ 80.2665146, 13.0917218 ], [ 80.265961, 13.0917853 ], [ 80.2655687, 13.0918181 ] ] } },
{ "type": "Feature", "properties": { "name": "Alathur Subramanya Achari Street", "highway": "residential", "slope_pct": 0.6 }, "geometry": { "type": "LineString", "coordinates": [ [ 80.2652892, 13.0941196 ], [ 80.265216, 13.0930931 ], [ 80.2651812, 13.0924835 ], [ 80.2651649, 13.0922859 ] ] } },
{ "type": "Feature", "properties": { "name": "Urban Corridor", "highway": "residential", "slope_pct": 0.6 }, "geometry": { "type": "LineString", "coordinates": [ [ 80.2647432, 13.0923215 ], [ 80.2651649, 13.0922859 ], [ 80.2652637, 13.092053 ], [ 80.2652487, 13.0919423 ] ] } },
{ "type": "Feature", "properties": { "name": "Urban Corridor", "highway": "residential", "slope_pct": 0.6 }, "geometry": { "type": "LineString", "coordinates": [ [ 80.2660403, 13.0910043 ], [ 80.2662583, 13.0909992 ], [ 80.2669689, 13.0909587 ] ] } },
{ "type": "Feature", "properties": { "name": "Urban Corridor", "highway": "residential", "slope_pct": 0.6 }, "geometry": { "type": "LineString", "coordinates": [ [ 80.26694, 13.0904605 ], [ 80.2669631, 13.0908592 ], [ 80.2669689, 13.0909587 ] ] } },
{ "type": "Feature", "properties": { "name": "Urban Corridor", "highway": "residential", "slope_pct": 0.6 }, "geometry": { "type": "LineString", "coordinates": [ [ 80.2678818, 13.090952 ], [ 80.2679149, 13.091487 ], [ 80.2679184, 13.0915437 ] ] } },
{ "type": "Feature", "properties": { "name": "Urban Corridor", "highway": "residential", "slope_pct": 0.6 }, "geometry": { "type": "LineString", "coordinates": [ [ 80.2667712, 13.0911257 ], [ 80.2673771, 13.0910655 ], [ 80.2673962, 13.0910759 ], [ 80.2674052, 13.0910944 ], [ 80.2674224, 13.0913685 ], [ 80.2674457, 13.0913896 ] ] } },
{ "type": "Feature", "properties": { "name": "Kandappa Mudali Street", "highway": "residential", "slope_pct": 0.6 }, "geometry": { "type": "LineString", "coordinates": [ [ 80.2670321, 13.0904589 ], [ 80.2670691, 13.0897407 ], [ 80.2670402, 13.0888985 ], [ 80.2670255, 13.0885694 ], [ 80.2670293, 13.0883695 ], [ 80.2670231, 13.0882275 ], [ 80.2669992, 13.0878165 ] ] } },
{ "type": "Feature", "properties": { "name": "Kandappa Mudali Street", "highway": "residential", "slope_pct": 0.6 }, "geometry": { "type": "LineString", "coordinates": [ [ 80.2659216, 13.087856 ], [ 80.2664687, 13.0878442 ], [ 80.2668499, 13.0878276 ], [ 80.2669992, 13.0878165 ], [ 80.2675127, 13.0878004 ] ] } },
{ "type": "Feature", "properties": { "name": "Nellu Challadai Street", "highway": "residential", "slope_pct": 0.6 }, "geometry": { "type": "LineString", "coordinates": [ [ 80.2668499, 13.0878276 ], [ 80.2668222, 13.0873421 ] ] } },
{ "type": "Feature", "properties": { "name": "Vathiar Kandan Street", "highway": "residential", "slope_pct": 0.6 }, "geometry": { "type": "LineString", "coordinates": [ [ 80.2649928, 13.0897833 ], [ 80.2659042, 13.0896796 ], [ 80.2665108, 13.0897045 ], [ 80.2670691, 13.0897407 ], [ 80.2679048, 13.0897861 ] ] } },
{ "type": "Feature", "properties": { "name": "Arani Muthu Street", "highway": "residential", "slope_pct": 0.6 }, "geometry": { "type": "LineString", "coordinates": [ [ 80.2665108, 13.0897045 ], [ 80.2665125, 13.0888942 ], [ 80.2665033, 13.0883615 ], [ 80.2670293, 13.0883695 ] ] } },
{ "type": "Feature", "properties": { "name": "Nammalwar Street", "highway": "residential", "slope_pct": 0.6 }, "geometry": { "type": "LineString", "coordinates": [ [ 80.2597682, 13.0921255 ], [ 80.2604556, 13.0920712 ], [ 80.2620866, 13.0919875 ] ] } },
{ "type": "Feature", "properties": { "name": "Urban Corridor", "highway": "residential", "slope_pct": 0.6 }, "geometry": { "type": "LineString", "coordinates": [ [ 80.2623613, 13.0923093 ], [ 80.2624806, 13.0928166 ], [ 80.2626125, 13.0933067 ] ] } },
{ "type": "Feature", "properties": { "name": "Urban Corridor", "highway": "residential", "slope_pct": 0.6 }, "geometry": { "type": "LineString", "coordinates": [ [ 80.2622894, 13.0934578 ], [ 80.2620245, 13.0923405 ] ] } },
{ "type": "Feature", "properties": { "name": "Sidddhalu Chetty Lane", "highway": "residential", "slope_pct": 0.6 }, "geometry": { "type": "LineString", "coordinates": [ [ 80.2620169, 13.0934651 ], [ 80.2617449, 13.0923518 ] ] } },
{ "type": "Feature", "properties": { "name": "Kancheepuram Muniswamy Street", "highway": "residential", "slope_pct": 0.6 }, "geometry": { "type": "LineString", "coordinates": [ [ 80.2612823, 13.0923649 ], [ 80.2613167, 13.0926556 ], [ 80.2613946, 13.0929464 ], [ 80.2615203, 13.0934749 ] ] } },
{ "type": "Feature", "properties": { "name": "KM Garden Street", "highway": "residential", "slope_pct": 0.6 }, "geometry": { "type": "LineString", "coordinates": [ [ 80.2626534, 13.0945982 ], [ 80.2610948, 13.0944926 ], [ 80.2610002, 13.0944897 ], [ 80.2600416, 13.0944378 ] ] } },
{ "type": "Feature", "properties": { "name": "Urban Corridor", "highway": "residential", "slope_pct": 0.6 }, "geometry": { "type": "LineString", "coordinates": [ [ 80.2644968, 13.0931454 ], [ 80.2644625, 13.0927129 ] ] } },
{ "type": "Feature", "properties": { "name": "Urban Corridor", "highway": "residential", "slope_pct": 0.6 }, "geometry": { "type": "LineString", "coordinates": [ [ 80.2627485, 13.0947013 ], [ 80.2630915, 13.0941706 ], [ 80.2632147, 13.0941261 ], [ 80.2632362, 13.093891 ], [ 80.2632255, 13.0936662 ], [ 80.263167, 13.0934969 ] ] } },
{ "type": "Feature", "properties": { "name": "Urban Corridor", "highway": "residential", "slope_pct": 0.6 }, "geometry": { "type": "LineString", "coordinates": [ [ 80.2632134, 13.0967698 ], [ 80.2629573, 13.0956909 ], [ 80.2627974, 13.0950048 ], [ 80.262719, 13.094948 ], [ 80.2626198, 13.0949238 ] ] } },
{ "type": "Feature", "properties": { "name": "Urban Corridor", "highway": "residential", "slope_pct": 0.6 }, "geometry": { "type": "LineString", "coordinates": [ [ 80.2602423, 13.0948118 ], [ 80.2610919, 13.0947028 ], [ 80.2611062, 13.0947132 ], [ 80.2611931, 13.0951162 ], [ 80.261199, 13.0951435 ], [ 80.2613285, 13.0957443 ], [ 80.26145, 13.0963239 ], [ 80.2615622, 13.0968588 ] ] } },
{ "type": "Feature", "properties": { "name": "Urban Corridor", "highway": "residential", "slope_pct": 0.6 }, "geometry": { "type": "LineString", "coordinates": [ [ 80.2613285, 13.0957443 ], [ 80.2615473, 13.0956982 ], [ 80.261794, 13.0956536 ], [ 80.2625394, 13.0955538 ] ] } },
{ "type": "Feature", "properties": { "name": "Urban Corridor", "highway": "residential", "slope_pct": 0.6 }, "geometry": { "type": "LineString", "coordinates": [ [ 80.2636048, 13.0946775 ], [ 80.2636248, 13.0942209 ], [ 80.2635826, 13.0937493 ], [ 80.2635932, 13.0937293 ] ] } },
{ "type": "Feature", "properties": { "name": "D'Mellows Lane", "highway": "residential", "slope_pct": 0.6 }, "geometry": { "type": "LineString", "coordinates": [ [ 80.2645754, 13.0931505 ], [ 80.2645953, 13.0934492 ], [ 80.264601, 13.0942248 ], [ 80.2646032, 13.0944743 ], [ 80.2646657, 13.0947109 ] ] } },
{ "type": "Feature", "properties": { "name": "Urban Corridor", "highway": "residential", "slope_pct": 0.6 }, "geometry": { "type": "LineString", "coordinates": [ [ 80.264601, 13.0942248 ], [ 80.2642916, 13.094203 ], [ 80.2640665, 13.0941904 ] ] } },
{ "type": "Feature", "properties": { "name": "Urban Corridor", "highway": "residential", "slope_pct": 0.6 }, "geometry": { "type": "LineString", "coordinates": [ [ 80.264179, 13.0936771 ], [ 80.263877, 13.0936985 ], [ 80.2636215, 13.0937141 ], [ 80.2635932, 13.0937293 ] ] } },
{ "type": "Feature", "properties": { "name": "Urban Corridor", "highway": "residential", "slope_pct": 0.6 }, "geometry": { "type": "LineString", "coordinates": [ [ 80.2755229, 13.0728681 ], [ 80.2752338, 13.0733077 ], [ 80.2751436, 13.0736118 ], [ 80.2747345, 13.0749912 ], [ 80.2746439, 13.0754237 ], [ 80.2743566, 13.0767722 ], [ 80.2741282, 13.0775033 ], [ 80.2740152, 13.0776869 ] ] } },
{ "type": "Feature", "properties": { "name": "Urban Corridor", "highway": "residential", "slope_pct": 0.6 }, "geometry": { "type": "LineString", "coordinates": [ [ 80.2623694, 13.0832378 ], [ 80.262248, 13.0832485 ], [ 80.2621088, 13.0832591 ], [ 80.2616146, 13.0833252 ], [ 80.2616192, 13.083561 ], [ 80.2616081, 13.0835872 ], [ 80.2615837, 13.0836064 ], [ 80.2615605, 13.0836146 ], [ 80.261529, 13.0836216 ], [ 80.2612746, 13.0836419 ], [ 80.2609704, 13.0836662 ], [ 80.2607162, 13.0836865 ], [ 80.2606919, 13.0836859 ], [ 80.2606761, 13.0836802 ], [ 80.2606698, 13.0836639 ], [ 80.260652, 13.0834833 ], [ 80.260654, 13.0834647 ], [ 80.2606553, 13.0834452 ], [ 80.2606611, 13.08343 ], [ 80.2606793, 13.08341 ], [ 80.260704, 13.0834001 ], [ 80.2609458, 13.0833802 ], [ 80.2612563, 13.0833547 ], [ 80.2616146, 13.0833252 ] ] } },
{ "type": "Feature", "properties": { "name": "Urban Corridor", "highway": "residential", "slope_pct": 0.6 }, "geometry": { "type": "LineString", "coordinates": [ [ 80.2595578, 13.0824032 ], [ 80.2585407, 13.0823673 ] ] } },
{ "type": "Feature", "properties": { "name": "Wallers Road", "highway": "residential", "slope_pct": 0.6 }, "geometry": { "type": "LineString", "coordinates": [ [ 80.2724275, 13.0695043 ], [ 80.2722055, 13.0696001 ], [ 80.2714408, 13.0698752 ], [ 80.2713796, 13.0698885 ], [ 80.2710687, 13.0699872 ], [ 80.2707518, 13.0700594 ], [ 80.2703748, 13.0701446 ], [ 80.2702215, 13.0701775 ], [ 80.2693581, 13.0704524 ] ] } },
{ "type": "Feature", "properties": { "name": "Atthipattan Street", "highway": "residential", "slope_pct": 0.6 }, "geometry": { "type": "LineString", "coordinates": [ [ 80.2704816, 13.0710694 ], [ 80.2700659, 13.0710829 ], [ 80.2696641, 13.0711228 ], [ 80.2693051, 13.0711656 ], [ 80.2690665, 13.0712262 ] ] } },
{ "type": "Feature", "properties": { "name": "Pantheon Road", "highway": "secondary", "slope_pct": 0.6 }, "geometry": { "type": "LineString", "coordinates": [ [ 80.2643132, 13.0757524 ], [ 80.2642916, 13.0757376 ], [ 80.2642609, 13.0757165 ], [ 80.2638793, 13.0754542 ], [ 80.2638167, 13.0754082 ], [ 80.2627698, 13.0746219 ], [ 80.2623437, 13.0742691 ], [ 80.2623013, 13.074234 ], [ 80.2622676, 13.0742065 ], [ 80.2622025, 13.0741522 ], [ 80.2616191, 13.0736709 ], [ 80.2615516, 13.0736129 ], [ 80.2614982, 13.0735577 ], [ 80.2614542, 13.0734927 ], [ 80.261389, 13.0733807 ], [ 80.2613145, 13.0732499 ] ] } },
{ "type": "Feature", "properties": { "name": "Wallers Lane", "highway": "residential", "slope_pct": 0.6 }, "geometry": { "type": "LineString", "coordinates": [ [ 80.2724158, 13.0701676 ], [ 80.2722055, 13.0696001 ] ] } },
{ "type": "Feature", "properties": { "name": "Hussain Sahib Lane", "highway": "residential", "slope_pct": 0.6 }, "geometry": { "type": "LineString", "coordinates": [ [ 80.2712176, 13.0704135 ], [ 80.2708648, 13.0705608 ], [ 80.2707448, 13.0705802 ], [ 80.2707017, 13.0705468 ], [ 80.2706139, 13.07055 ], [ 80.2704607, 13.0706103 ] ] } },
{ "type": "Feature", "properties": { "name": "Seeyaliamman Koil Lane", "highway": "residential", "slope_pct": 0.6 }, "geometry": { "type": "LineString", "coordinates": [ [ 80.2714881, 13.0708969 ], [ 80.2715468, 13.0711894 ] ] } },
{ "type": "Feature", "properties": { "name": "Urban Corridor", "highway": "residential", "slope_pct": 0.6 }, "geometry": { "type": "LineString", "coordinates": [ [ 80.2585671, 13.0813668 ], [ 80.2596158, 13.0815893 ], [ 80.2597976, 13.0816315 ], [ 80.2598149, 13.0816368 ], [ 80.2598273, 13.0816539 ], [ 80.2598296, 13.0816738 ], [ 80.2598078, 13.0817661 ], [ 80.2597772, 13.0818867 ] ] } },
{ "type": "Feature", "properties": { "name": "Urban Corridor", "highway": "residential", "slope_pct": 0.6 }, "geometry": { "type": "LineString", "coordinates": [ [ 80.2587326, 13.0800522 ], [ 80.2585728, 13.080042 ], [ 80.2583139, 13.0800254 ], [ 80.2580265, 13.0800071 ], [ 80.2580098, 13.0800271 ], [ 80.2580059, 13.0800653 ], [ 80.2579843, 13.0802067 ], [ 80.2580157, 13.0802315 ], [ 80.2580795, 13.0802468 ], [ 80.2581601, 13.080244 ], [ 80.2583011, 13.0802361 ], [ 80.2585717, 13.0802207 ], [ 80.2587188, 13.080221 ] ] } },
{ "type": "Feature", "properties": { "name": "Urban Corridor", "highway": "secondary_link", "slope_pct": 0.6 }, "geometry": { "type": "LineString", "coordinates": [ [ 80.2568144, 13.0695209 ], [ 80.2570546, 13.0697651 ], [ 80.2574767, 13.0701809 ], [ 80.2581263, 13.0708005 ], [ 80.2583088, 13.0709716 ], [ 80.2583984, 13.0710557 ], [ 80.2584632, 13.0710661 ] ] } },
{ "type": "Feature", "properties": { "name": "Bangarammai Street", "highway": "residential", "slope_pct": 0.6 }, "geometry": { "type": "LineString", "coordinates": [ [ 80.2767961, 13.0855698 ], [ 80.276837, 13.086013 ], [ 80.2768869, 13.0864359 ] ] } },
{ "type": "Feature", "properties": { "name": "Bommiyalayyar Street", "highway": "residential", "slope_pct": 0.6 }, "geometry": { "type": "LineString", "coordinates": [ [ 80.2757415, 13.093539 ], [ 80.2755401, 13.0927229 ] ] } },
{ "type": "Feature", "properties": { "name": "Vaikuntavathiyar Street", "highway": "residential", "slope_pct": 0.6 }, "geometry": { "type": "LineString", "coordinates": [ [ 80.2761144, 13.0934413 ], [ 80.2760789, 13.0932865 ], [ 80.2760262, 13.0930568 ], [ 80.2759539, 13.0927346 ] ] } },
{ "type": "Feature", "properties": { "name": "Perumal Koil Garden Street", "highway": "residential", "slope_pct": 0.6 }, "geometry": { "type": "LineString", "coordinates": [ [ 80.278007, 13.0969504 ], [ 80.2778592, 13.096409 ], [ 80.2777939, 13.0962252 ], [ 80.2777704, 13.0961249 ], [ 80.2777515, 13.0960676 ], [ 80.277735, 13.0959817 ], [ 80.2777359, 13.0959418 ], [ 80.2776964, 13.0957738 ], [ 80.2776506, 13.0954534 ], [ 80.2776987, 13.095157 ], [ 80.2776845, 13.0948726 ] ] } },
{ "type": "Feature", "properties": { "name": "Urban Corridor", "highway": "residential", "slope_pct": 0.6 }, "geometry": { "type": "LineString", "coordinates": [ [ 80.2760791, 13.0960412 ], [ 80.2760291, 13.0958049 ], [ 80.2759818, 13.0955816 ], [ 80.275937, 13.0953724 ] ] } },
{ "type": "Feature", "properties": { "name": "Anna Pillai 1st Lane", "highway": "residential", "slope_pct": 0.6 }, "geometry": { "type": "LineString", "coordinates": [ [ 80.2765566, 13.0951881 ], [ 80.2766024, 13.0954594 ], [ 80.2766437, 13.0956906 ], [ 80.2766838, 13.0959418 ], [ 80.2767171, 13.0961445 ], [ 80.2767628, 13.0964098 ] ] } },
{ "type": "Feature", "properties": { "name": "Trivelayan Basin Street", "highway": "residential", "slope_pct": 0.6 }, "geometry": { "type": "LineString", "coordinates": [ [ 80.2776845, 13.0948726 ], [ 80.2775329, 13.0939368 ], [ 80.2774902, 13.0936354 ], [ 80.2774341, 13.0932171 ] ] } },
{ "type": "Feature", "properties": { "name": "Urban Corridor", "highway": "residential", "slope_pct": 0.6 }, "geometry": { "type": "LineString", "coordinates": [ [ 80.2811508, 13.0944086 ], [ 80.2812568, 13.0949668 ] ] } },
{ "type": "Feature", "properties": { "name": "South Mint Street", "highway": "residential", "slope_pct": 0.6 }, "geometry": { "type": "LineString", "coordinates": [ [ 80.2781193, 13.083387 ], [ 80.2780939, 13.0835807 ], [ 80.27813, 13.0840611 ], [ 80.2783081, 13.0853578 ], [ 80.2784418, 13.0861687 ], [ 80.2785305, 13.0867284 ], [ 80.2786636, 13.0878546 ], [ 80.2787168, 13.0882864 ], [ 80.2787863, 13.0887496 ], [ 80.2788316, 13.0890121 ], [ 80.278861, 13.089168 ], [ 80.2788984, 13.0892892 ], [ 80.2789136, 13.0894808 ] ] } },
{ "type": "Feature", "properties": { "name": "Ekambara Kumaraguru Road", "highway": "residential", "slope_pct": 0.6 }, "geometry": { "type": "LineString", "coordinates": [ [ 80.2694813, 13.084703 ], [ 80.2695028, 13.0847626 ], [ 80.2696291, 13.0851079 ], [ 80.269662, 13.0856221 ], [ 80.269657, 13.0856412 ], [ 80.2696371, 13.0856526 ], [ 80.2695485, 13.0856576 ], [ 80.26951, 13.0856533 ], [ 80.2694325, 13.0856274 ], [ 80.2693494, 13.0856107 ], [ 80.2690812, 13.0856408 ], [ 80.2689748, 13.0856454 ] ] } },
{ "type": "Feature", "properties": { "name": "Maddox Street", "highway": "tertiary", "slope_pct": 0.6 }, "geometry": { "type": "LineString", "coordinates": [ [ 80.2656912, 13.085367 ], [ 80.2657013, 13.0854396 ], [ 80.2658676, 13.0866344 ], [ 80.2658782, 13.0867712 ], [ 80.2659203, 13.0873996 ], [ 80.2659222, 13.0875999 ], [ 80.2659216, 13.087856 ], [ 80.2659042, 13.0896796 ], [ 80.2658841, 13.0903157 ], [ 80.2661353, 13.0908457 ] ] } },
{ "type": "Feature", "properties": { "name": "Salai Street", "highway": "residential", "slope_pct": 0.6 }, "geometry": { "type": "LineString", "coordinates": [ [ 80.2658782, 13.0867712 ], [ 80.265548, 13.0867912 ], [ 80.2651431, 13.0867965 ], [ 80.2651253, 13.0867912 ], [ 80.2651191, 13.086774 ], [ 80.2651037, 13.0855168 ] ] } },
{ "type": "Feature", "properties": { "name": "Naramban Street", "highway": "residential", "slope_pct": 0.6 }, "geometry": { "type": "LineString", "coordinates": [ [ 80.265548, 13.0867912 ], [ 80.26551, 13.0864101 ] ] } },
{ "type": "Feature", "properties": { "name": "Aryan Lane", "highway": "residential", "slope_pct": 0.6 }, "geometry": { "type": "LineString", "coordinates": [ [ 80.2643375, 13.0855212 ], [ 80.26435, 13.0855853 ], [ 80.2645624, 13.0864361 ], [ 80.2648644, 13.0864372 ] ] } },
{ "type": "Feature", "properties": { "name": "Urban Corridor", "highway": "residential", "slope_pct": 0.6 }, "geometry": { "type": "LineString", "coordinates": [ [ 80.2611743, 13.0868053 ], [ 80.2611749, 13.0862952 ] ] } },
{ "type": "Feature", "properties": { "name": "General Collins Road", "highway": "tertiary", "slope_pct": 0.6 }, "geometry": { "type": "LineString", "coordinates": [ [ 80.2633917, 13.0884061 ], [ 80.2638375, 13.0883068 ], [ 80.2640527, 13.0882789 ], [ 80.2646078, 13.088283 ], [ 80.2648883, 13.0882709 ], [ 80.2650022, 13.0881709 ], [ 80.2650281, 13.0878663 ], [ 80.2651184, 13.0877619 ], [ 80.2657192, 13.0876946 ], [ 80.2659222, 13.0875999 ] ] } },
{ "type": "Feature", "properties": { "name": "Andiyappa Mudali Street", "highway": "residential", "slope_pct": 0.6 }, "geometry": { "type": "LineString", "coordinates": [ [ 80.2657595, 13.0940684 ], [ 80.2656909, 13.0929989 ], [ 80.2656331, 13.0924221 ], [ 80.2655687, 13.0918181 ], [ 80.2654871, 13.0912395 ] ] } },
{ "type": "Feature", "properties": { "name": "Urban Corridor", "highway": "residential", "slope_pct": 0.6 }, "geometry": { "type": "LineString", "coordinates": [ [ 80.2644625, 13.0927129 ], [ 80.2644061, 13.0922589 ], [ 80.2643484, 13.0919454 ], [ 80.2643129, 13.0918568 ] ] } },
{ "type": "Feature", "properties": { "name": "Urban Corridor", "highway": "residential", "slope_pct": 0.6 }, "geometry": { "type": "LineString", "coordinates": [ [ 80.2642842, 13.0926798 ], [ 80.2642505, 13.0925651 ], [ 80.2642306, 13.0924907 ], [ 80.2642075, 13.0924047 ], [ 80.2641627, 13.0922718 ], [ 80.2641312, 13.0921972 ], [ 80.2640817, 13.0921505 ], [ 80.2640435, 13.0920582 ], [ 80.2640168, 13.0919807 ] ] } },
{ "type": "Feature", "properties": { "name": "Urban Corridor", "highway": "residential", "slope_pct": 0.6 }, "geometry": { "type": "LineString", "coordinates": [ [ 80.2644625, 13.0927129 ], [ 80.2642842, 13.0926798 ], [ 80.2640572, 13.0926304 ], [ 80.2639162, 13.09259 ], [ 80.2638249, 13.0925572 ], [ 80.2636778, 13.0925457 ], [ 80.2634947, 13.092572 ] ] } },
{ "type": "Feature", "properties": { "name": "Urban Corridor", "highway": "residential", "slope_pct": 0.6 }, "geometry": { "type": "LineString", "coordinates": [ [ 80.2638249, 13.0925572 ], [ 80.2638035, 13.0924187 ], [ 80.2637836, 13.0923273 ], [ 80.263762, 13.0922186 ] ] } },
{ "type": "Feature", "properties": { "name": "Urban Corridor", "highway": "residential", "slope_pct": 0.6 }, "geometry": { "type": "LineString", "coordinates": [ [ 80.265403, 13.0953683 ], [ 80.2653395, 13.0952437 ], [ 80.2652579, 13.09489 ], [ 80.2652121, 13.094695 ], [ 80.2652094, 13.0946787 ], [ 80.2652094, 13.0946719 ], [ 80.2652114, 13.094665 ], [ 80.2652156, 13.094656 ], [ 80.2652198, 13.0946501 ], [ 80.26523, 13.0946459 ], [ 80.2657974, 13.0945339 ] ] } },
{ "type": "Feature", "properties": { "name": "Sheikh Ali Subedar Street", "highway": "residential", "slope_pct": 0.6 }, "geometry": { "type": "LineString", "coordinates": [ [ 80.2696199, 13.0824585 ], [ 80.2695893, 13.0821431 ], [ 80.2695657, 13.0819 ] ] } },
{ "type": "Feature", "properties": { "name": "Narayana Chetti Street", "highway": "residential", "slope_pct": 0.6 }, "geometry": { "type": "LineString", "coordinates": [ [ 80.2689645, 13.0819377 ], [ 80.2689552, 13.0814794 ], [ 80.2688925, 13.0807902 ] ] } },
{ "type": "Feature", "properties": { "name": "Naval Hospital 5th Street", "highway": "residential", "slope_pct": 0.6 }, "geometry": { "type": "LineString", "coordinates": [ [ 80.2677903, 13.0832927 ], [ 80.267429, 13.0832825 ], [ 80.2668072, 13.0832918 ] ] } },
{ "type": "Feature", "properties": { "name": "Naval Hospital 3rd Street", "highway": "residential", "slope_pct": 0.6 }, "geometry": { "type": "LineString", "coordinates": [ [ 80.2677576, 13.0836417 ], [ 80.2667857, 13.0836203 ] ] } },
{ "type": "Feature", "properties": { "name": "Naval Hospital 2nd Street", "highway": "residential", "slope_pct": 0.6 }, "geometry": { "type": "LineString", "coordinates": [ [ 80.2667777, 13.0837568 ], [ 80.2677496, 13.0837517 ] ] } },
{ "type": "Feature", "properties": { "name": "Swamy Mudali Street", "highway": "residential", "slope_pct": 0.6 }, "geometry": { "type": "LineString", "coordinates": [ [ 80.2691327, 13.0835794 ], [ 80.2692557, 13.0835678 ], [ 80.2694813, 13.084703 ] ] } },
{ "type": "Feature", "properties": { "name": "Muthu Street", "highway": "residential", "slope_pct": 0.6 }, "geometry": { "type": "LineString", "coordinates": [ [ 80.2696376, 13.083437 ], [ 80.2696283, 13.0829503 ], [ 80.2696199, 13.0824585 ] ] } },
{ "type": "Feature", "properties": { "name": "Urban Corridor", "highway": "residential", "slope_pct": 0.6 }, "geometry": { "type": "LineString", "coordinates": [ [ 80.269854, 13.0894751 ], [ 80.2694387, 13.0895113 ], [ 80.2693921, 13.0895398 ], [ 80.2691447, 13.0898312 ], [ 80.2688987, 13.0906087 ] ] } },
{ "type": "Feature", "properties": { "name": "Elephant Gate Bridge Road", "highway": "secondary", "slope_pct": 0.6 }, "geometry": { "type": "LineString", "coordinates": [ [ 80.2705742, 13.0924182 ], [ 80.2708155, 13.0924335 ], [ 80.2711614, 13.0925052 ], [ 80.2713969, 13.0926557 ], [ 80.2717752, 13.0930077 ] ] } },
{ "type": "Feature", "properties": { "name": "Elephant Gate Bridge Road", "highway": "secondary", "slope_pct": 0.6 }, "geometry": { "type": "LineString", "coordinates": [ [ 80.2718427, 13.0929094 ], [ 80.2714703, 13.0925618 ], [ 80.2714362, 13.0925287 ], [ 80.271156, 13.0923708 ], [ 80.2708696, 13.0923319 ], [ 80.2705807, 13.0923101 ] ] } },
{ "type": "Feature", "properties": { "name": "Elephant Gate Bridge Road", "highway": "secondary", "slope_pct": 0.6 }, "geometry": { "type": "LineString", "coordinates": [ [ 80.2730507, 13.0938441 ], [ 80.2731079, 13.0938708 ], [ 80.2731757, 13.0938913 ], [ 80.273262, 13.0938913 ], [ 80.2733391, 13.0938753 ], [ 80.2733951, 13.0938503 ], [ 80.2734722, 13.093798 ], [ 80.2735306, 13.0937434 ], [ 80.2736174, 13.0936494 ], [ 80.2739237, 13.0932832 ] ] } },
{ "type": "Feature", "properties": { "name": "Elephant Gate Bridge Road", "highway": "secondary", "slope_pct": 0.6 }, "geometry": { "type": "LineString", "coordinates": [ [ 80.2694012, 13.0907884 ], [ 80.2693508, 13.0910284 ], [ 80.2693809, 13.0914587 ], [ 80.2694244, 13.0920822 ], [ 80.2694304, 13.0921308 ], [ 80.2694406, 13.0922129 ], [ 80.26944, 13.0922347 ], [ 80.2694286, 13.0922648 ], [ 80.2693948, 13.0922994 ], [ 80.2693565, 13.0923344 ], [ 80.2693373, 13.092352 ], [ 80.2692899, 13.0924046 ], [ 80.2692147, 13.0924915 ], [ 80.2691005, 13.0926715 ], [ 80.2689956, 13.092873 ], [ 80.2688551, 13.0931405 ], [ 80.2687489, 13.0933442 ], [ 80.2686741, 13.0934878 ], [ 80.2685393, 13.0937455 ], [ 80.2684423, 13.0939138 ], [ 80.2683862, 13.0939892 ] ] } },
{ "type": "Feature", "properties": { "name": "Urban Corridor", "highway": "residential", "slope_pct": 0.6 }, "geometry": { "type": "LineString", "coordinates": [ [ 80.2679149, 13.091487 ], [ 80.2676583, 13.0914088 ], [ 80.2674457, 13.0913896 ] ] } },
{ "type": "Feature", "properties": { "name": "Elephant Gate Bridge", "highway": "secondary", "slope_pct": 0.6 }, "geometry": { "type": "LineString", "coordinates": [ [ 80.2717752, 13.0930077 ], [ 80.2730507, 13.0938441 ] ] } },
{ "type": "Feature", "properties": { "name": "Elephant Gate Bridge", "highway": "secondary", "slope_pct": 0.6 }, "geometry": { "type": "LineString", "coordinates": [ [ 80.2731196, 13.0937439 ], [ 80.2718427, 13.0929094 ] ] } },
{ "type": "Feature", "properties": { "name": "Urban Corridor", "highway": "residential", "slope_pct": 0.6 }, "geometry": { "type": "LineString", "coordinates": [ [ 80.2675166, 13.0978331 ], [ 80.2675469, 13.0972552 ], [ 80.2676249, 13.0965805 ], [ 80.2676722, 13.0961393 ] ] } },
{ "type": "Feature", "properties": { "name": "Urban Corridor", "highway": "residential", "slope_pct": 0.6 }, "geometry": { "type": "LineString", "coordinates": [ [ 80.2673288, 13.097863 ], [ 80.2673863, 13.0972504 ], [ 80.2674363, 13.0965885 ], [ 80.2674922, 13.0961699 ] ] } },
{ "type": "Feature", "properties": { "name": "Urban Corridor", "highway": "residential", "slope_pct": 0.6 }, "geometry": { "type": "LineString", "coordinates": [ [ 80.261794, 13.0956536 ], [ 80.261605, 13.094724 ] ] } },
{ "type": "Feature", "properties": { "name": "Dhimaraja Koil St", "highway": "residential", "slope_pct": 0.6 }, "geometry": { "type": "LineString", "coordinates": [ [ 80.2603032, 13.0897304 ], [ 80.2603291, 13.0904662 ] ] } },
{ "type": "Feature", "properties": { "name": "Dhimaraja Koil Lane", "highway": "residential", "slope_pct": 0.6 }, "geometry": { "type": "LineString", "coordinates": [ [ 80.2607909, 13.0876755 ], [ 80.2606144, 13.0884814 ], [ 80.2605211, 13.0889073 ], [ 80.2604644, 13.0897326 ] ] } },
{ "type": "Feature", "properties": { "name": "Urban Corridor", "highway": "residential", "slope_pct": 0.6 }, "geometry": { "type": "LineString", "coordinates": [ [ 80.2590618, 13.0886905 ], [ 80.259962, 13.0887273 ], [ 80.2600238, 13.0897469 ] ] } },
{ "type": "Feature", "properties": { "name": "Hunter's Lane", "highway": "residential", "slope_pct": 0.6 }, "geometry": { "type": "LineString", "coordinates": [ [ 80.2614635, 13.0886599 ], [ 80.2617079, 13.0885432 ], [ 80.2617819, 13.0879403 ] ] } },
{ "type": "Feature", "properties": { "name": "Narasinga Perumal Koil Street", "highway": "tertiary", "slope_pct": 0.6 }, "geometry": { "type": "LineString", "coordinates": [ [ 80.2621464, 13.0923292 ], [ 80.2620245, 13.0923405 ], [ 80.2617449, 13.0923518 ], [ 80.2612823, 13.0923649 ], [ 80.2604017, 13.0923908 ] ] } },
{ "type": "Feature", "properties": { "name": "Urban Corridor", "highway": "tertiary", "slope_pct": 0.6 }, "geometry": { "type": "LineString", "coordinates": [ [ 80.262439, 13.093478 ], [ 80.2627728, 13.0935379 ] ] } },
{ "type": "Feature", "properties": { "name": "Urban Corridor", "highway": "residential", "slope_pct": 0.6 }, "geometry": { "type": "LineString", "coordinates": [ [ 80.260616, 13.0934739 ], [ 80.2605802, 13.0930889 ], [ 80.2605677, 13.0929821 ], [ 80.2605546, 13.092867 ] ] } },
{ "type": "Feature", "properties": { "name": "Thirumalayappa Mudali Street", "highway": "residential", "slope_pct": 0.6 }, "geometry": { "type": "LineString", "coordinates": [ [ 80.2570901, 13.0902695 ], [ 80.2572244, 13.0902917 ], [ 80.257525, 13.0903066 ], [ 80.258636, 13.090306 ] ] } },
{ "type": "Feature", "properties": { "name": "Chokkavelsubramani Street", "highway": "residential", "slope_pct": 0.6 }, "geometry": { "type": "LineString", "coordinates": [ [ 80.2639326, 13.0914321 ], [ 80.2637925, 13.0914638 ], [ 80.2636872, 13.0914921 ], [ 80.2636631, 13.0914921 ], [ 80.2636456, 13.0914856 ], [ 80.2636349, 13.0914765 ], [ 80.2636257, 13.091464 ], [ 80.2635644, 13.0908501 ], [ 80.2634826, 13.0902351 ] ] } },
{ "type": "Feature", "properties": { "name": "Murugesan Street", "highway": "residential", "slope_pct": 0.6 }, "geometry": { "type": "LineString", "coordinates": [ [ 80.2609206, 13.0928299 ], [ 80.2609247, 13.0928933 ], [ 80.2609348, 13.0929677 ], [ 80.2609424, 13.0930251 ], [ 80.2609413, 13.0930368 ], [ 80.2609346, 13.0930459 ], [ 80.260924, 13.0930533 ], [ 80.2608895, 13.0930592 ], [ 80.2608043, 13.0930697 ], [ 80.2606804, 13.0930792 ], [ 80.2605802, 13.0930889 ] ] } },
{ "type": "Feature", "properties": { "name": "Ramanujalu Garden Street", "highway": "residential", "slope_pct": 0.6 }, "geometry": { "type": "LineString", "coordinates": [ [ 80.2572225, 13.0950191 ], [ 80.2572828, 13.0948355 ], [ 80.2573384, 13.0945425 ], [ 80.2573576, 13.0944787 ], [ 80.2573897, 13.0942404 ] ] } },
{ "type": "Feature", "properties": { "name": "Ramanujammal Street", "highway": "residential", "slope_pct": 0.6 }, "geometry": { "type": "LineString", "coordinates": [ [ 80.257869, 13.0960554 ], [ 80.2578824, 13.0961233 ], [ 80.2578937, 13.0962795 ], [ 80.257947, 13.0964675 ], [ 80.258009, 13.0974064 ] ] } },
{ "type": "Feature", "properties": { "name": "Venkatesa Street", "highway": "residential", "slope_pct": 0.6 }, "geometry": { "type": "LineString", "coordinates": [ [ 80.2558302, 13.0930304 ], [ 80.2564219, 13.093176 ], [ 80.2564351, 13.0931813 ], [ 80.2565078, 13.0932104 ], [ 80.2566698, 13.0932753 ], [ 80.2568017, 13.0933166 ], [ 80.2569485, 13.0933373 ], [ 80.2571455, 13.0933624 ], [ 80.2574042, 13.0933845 ], [ 80.2588649, 13.0934773 ] ] } },
{ "type": "Feature", "properties": { "name": "Muthuswamy Road", "highway": "primary", "slope_pct": 0.6 }, "geometry": { "type": "LineString", "coordinates": [ [ 80.2817846, 13.082277 ], [ 80.2816179, 13.0820918 ], [ 80.2814444, 13.0818884 ], [ 80.2810762, 13.0815217 ] ] } },
{ "type": "Feature", "properties": { "name": "Pallavan Salai", "highway": "secondary", "slope_pct": 0.6 }, "geometry": { "type": "LineString", "coordinates": [ [ 80.2765139, 13.0735535 ], [ 80.2764266, 13.0737086 ], [ 80.27636, 13.0739188 ] ] } },
{ "type": "Feature", "properties": { "name": "Pallavan Salai", "highway": "secondary", "slope_pct": 0.6 }, "geometry": { "type": "LineString", "coordinates": [ [ 80.27636, 13.0739188 ], [ 80.2763563, 13.0739684 ], [ 80.2763374, 13.074222 ], [ 80.276308, 13.0751468 ], [ 80.2762685, 13.0759421 ], [ 80.2762663, 13.0759948 ], [ 80.2762422, 13.0765859 ], [ 80.2762219, 13.0769783 ], [ 80.2762158, 13.0770718 ], [ 80.276213, 13.077115 ] ] } },
{ "type": "Feature", "properties": { "name": "Swami Sivananda Salai", "highway": "tertiary", "slope_pct": 0.6 }, "geometry": { "type": "LineString", "coordinates": [ [ 80.2823679, 13.0678155 ], [ 80.2816758, 13.0678201 ], [ 80.2809928, 13.0678275 ], [ 80.2805722, 13.0678191 ], [ 80.2804846, 13.0678361 ], [ 80.2804006, 13.0678525 ], [ 80.2797053, 13.0682539 ], [ 80.2792247, 13.0686385 ], [ 80.2784995, 13.0691143 ], [ 80.2783872, 13.0691935 ], [ 80.2774413, 13.0698606 ], [ 80.27621, 13.0706859 ], [ 80.2761644, 13.0707164 ], [ 80.2752936, 13.0713139 ], [ 80.2749612, 13.0715455 ], [ 80.2748188, 13.071638 ], [ 80.2747371, 13.0716351 ], [ 80.2746142, 13.0716115 ], [ 80.2744964, 13.0715696 ] ] } },
{ "type": "Feature", "properties": { "name": "Mint Street", "highway": "tertiary", "slope_pct": 0.6 }, "geometry": { "type": "LineString", "coordinates": [ [ 80.2798611, 13.1056048 ], [ 80.2798924, 13.1055633 ], [ 80.2799543, 13.1054674 ], [ 80.2799787, 13.1053435 ], [ 80.2799684, 13.104968 ], [ 80.279965, 13.1048178 ], [ 80.2799652, 13.104563 ], [ 80.2799635, 13.1042652 ], [ 80.279983, 13.1034236 ], [ 80.2799803, 13.1033147 ], [ 80.2799718, 13.1031091 ], [ 80.2799626, 13.1027998 ], [ 80.2799636, 13.1023555 ], [ 80.279963, 13.1023261 ], [ 80.2799666, 13.1021796 ], [ 80.2799667, 13.1018945 ], [ 80.2799664, 13.1018157 ], [ 80.2799807, 13.1012556 ], [ 80.2800133, 13.1007453 ], [ 80.2800719, 13.099886 ], [ 80.2801018, 13.0995204 ], [ 80.2801067, 13.0991782 ], [ 80.280109, 13.0991403 ], [ 80.2800775, 13.0985744 ], [ 80.280042, 13.0983058 ], [ 80.2799555, 13.0968015 ], [ 80.2799096, 13.0959964 ], [ 80.2798126, 13.0951601 ], [ 80.2796393, 13.0943668 ], [ 80.2795621, 13.093912 ], [ 80.2795174, 13.0935899 ], [ 80.279421, 13.0927747 ] ] } },
{ "type": "Feature", "properties": { "name": "Urban Corridor", "highway": "residential", "slope_pct": 0.6 }, "geometry": { "type": "LineString", "coordinates": [ [ 80.2752838, 13.0789035 ], [ 80.2752902, 13.0788153 ], [ 80.2752931, 13.0787755 ], [ 80.2753037, 13.0787273 ], [ 80.2753278, 13.0786644 ], [ 80.2753572, 13.078619 ], [ 80.2753865, 13.0785763 ], [ 80.2754353, 13.0785282 ], [ 80.2754913, 13.0784801 ], [ 80.2756414, 13.0784077 ], [ 80.2759597, 13.0783261 ], [ 80.2761506, 13.0782512 ], [ 80.2762651, 13.0781766 ], [ 80.2763078, 13.0781336 ], [ 80.2763365, 13.0780725 ], [ 80.276354, 13.0779656 ], [ 80.276358, 13.0774936 ], [ 80.2763743, 13.0771877 ], [ 80.276291, 13.0770794 ] ] } },
{ "type": "Feature", "properties": { "name": "Chennakulanthia Street", "highway": "residential", "slope_pct": 0.6 }, "geometry": { "type": "LineString", "coordinates": [ [ 80.2644322, 13.074555 ], [ 80.264394, 13.0747468 ], [ 80.2643494, 13.0748444 ], [ 80.2643401, 13.0749472 ], [ 80.2643326, 13.0751295 ], [ 80.2643285, 13.0753859 ], [ 80.2642916, 13.0757376 ] ] } },
{ "type": "Feature", "properties": { "name": "Urban Corridor", "highway": "residential", "slope_pct": 0.6 }, "geometry": { "type": "LineString", "coordinates": [ [ 80.2696983, 13.0716194 ], [ 80.2701329, 13.0715957 ], [ 80.2704933, 13.0715542 ] ] } },
{ "type": "Feature", "properties": { "name": "Audiappa Street", "highway": "residential", "slope_pct": 0.6 }, "geometry": { "type": "LineString", "coordinates": [ [ 80.2673512, 13.0748065 ], [ 80.2672037, 13.0739053 ], [ 80.2671946, 13.0738521 ], [ 80.2671617, 13.07367 ] ] } },
{ "type": "Feature", "properties": { "name": "Urban Corridor", "highway": "residential", "slope_pct": 0.6 }, "geometry": { "type": "LineString", "coordinates": [ [ 80.2638988, 13.0705409 ], [ 80.2639887, 13.0705352 ], [ 80.2643868, 13.0705071 ], [ 80.2646794, 13.070484 ], [ 80.2648779, 13.070467 ] ] } },
{ "type": "Feature", "properties": { "name": "Thanja Murugappa Street", "highway": "residential", "slope_pct": 0.6 }, "geometry": { "type": "LineString", "coordinates": [ [ 80.2778187, 13.0848462 ], [ 80.2777182, 13.0848477 ], [ 80.2774778, 13.0848635 ], [ 80.2772785, 13.0848741 ], [ 80.2770933, 13.084876 ], [ 80.2768331, 13.0848929 ], [ 80.2764665, 13.0849003 ] ] } },
{ "type": "Feature", "properties": { "name": "Ekambareswara Agraharam Street", "highway": "residential", "slope_pct": 0.6 }, "geometry": { "type": "LineString", "coordinates": [ [ 80.2772081, 13.0881027 ], [ 80.277302, 13.0885244 ], [ 80.278076, 13.0883903 ], [ 80.2787168, 13.0882864 ] ] } },
{ "type": "Feature", "properties": { "name": "Urban Corridor", "highway": "residential", "slope_pct": 0.6 }, "geometry": { "type": "LineString", "coordinates": [ [ 80.2627728, 13.0935379 ], [ 80.263167, 13.0934969 ], [ 80.2632955, 13.0934608 ], [ 80.2639859, 13.0933936 ], [ 80.2639997, 13.0933908 ], [ 80.2640118, 13.0933806 ], [ 80.2640131, 13.0933679 ], [ 80.2639937, 13.093212 ] ] } },
{ "type": "Feature", "properties": { "name": "Urban Corridor", "highway": "residential", "slope_pct": 0.6 }, "geometry": { "type": "LineString", "coordinates": [ [ 80.2625419, 13.095575 ], [ 80.2627324, 13.0955852 ], [ 80.2628544, 13.0955872 ], [ 80.2628812, 13.0956081 ], [ 80.2629, 13.0956708 ], [ 80.26301, 13.096418 ], [ 80.2630906, 13.0968376 ] ] } },
{ "type": "Feature", "properties": { "name": "Urban Corridor", "highway": "residential", "slope_pct": 0.6 }, "geometry": { "type": "LineString", "coordinates": [ [ 80.257281, 13.0834885 ], [ 80.2586214, 13.0836782 ] ] } },
{ "type": "Feature", "properties": { "name": "Urban Corridor", "highway": "tertiary", "slope_pct": 0.6 }, "geometry": { "type": "LineString", "coordinates": [ [ 80.2606864, 13.0866541 ], [ 80.2606061, 13.086646 ], [ 80.2599447, 13.0867318 ], [ 80.2590702, 13.0868518 ], [ 80.2588861, 13.0868676 ], [ 80.2587539, 13.086879 ], [ 80.2584967, 13.0868744 ], [ 80.2581957, 13.0868396 ], [ 80.2573165, 13.0865573 ], [ 80.2570915, 13.0864816 ], [ 80.2567116, 13.0863537 ], [ 80.2565009, 13.0862982 ], [ 80.2564451, 13.0863014 ] ] } },
{ "type": "Feature", "properties": { "name": "Adithanar Road", "highway": "secondary", "slope_pct": 0.6 }, "geometry": { "type": "LineString", "coordinates": [ [ 80.2625902, 13.0727188 ], [ 80.2624634, 13.0727333 ], [ 80.2622197, 13.0728145 ], [ 80.2620716, 13.0728638 ], [ 80.2618455, 13.0729343 ], [ 80.2618208, 13.0729433 ], [ 80.2618003, 13.0729508 ], [ 80.2616337, 13.0730083 ], [ 80.2616151, 13.0730145 ], [ 80.2612858, 13.0731562 ] ] } },
{ "type": "Feature", "properties": { "name": "Gandhi Irwin Bridge", "highway": "secondary", "slope_pct": 0.6 }, "geometry": { "type": "LineString", "coordinates": [ [ 80.2653379, 13.0788431 ], [ 80.2652929, 13.0791086 ] ] } },
{ "type": "Feature", "properties": { "name": "Pantheon Road", "highway": "secondary", "slope_pct": 0.6 }, "geometry": { "type": "LineString", "coordinates": [ [ 80.2584476, 13.070985 ], [ 80.258015, 13.0705669 ], [ 80.257317, 13.0699052 ], [ 80.2569322, 13.0695165 ], [ 80.2563898, 13.0689963 ], [ 80.2557261, 13.0683544 ], [ 80.2554712, 13.0680858 ] ] } },
{ "type": "Feature", "properties": { "name": "Urban Corridor", "highway": "secondary_link", "slope_pct": 0.6 }, "geometry": { "type": "LineString", "coordinates": [ [ 80.2585059, 13.0710396 ], [ 80.2584968, 13.0709604 ], [ 80.2583613, 13.0708248 ], [ 80.2582609, 13.0707304 ], [ 80.2574614, 13.069943 ], [ 80.2573792, 13.0698641 ], [ 80.2572397, 13.0697302 ], [ 80.2569186, 13.069422 ], [ 80.2568333, 13.0693402 ], [ 80.2565999, 13.0691161 ], [ 80.2564403, 13.068963 ], [ 80.2564079, 13.0689319 ], [ 80.2559825, 13.0685237 ], [ 80.2558459, 13.0683925 ], [ 80.2557108, 13.0682629 ], [ 80.255509, 13.0680668 ], [ 80.2554184, 13.0680302 ] ] } },
{ "type": "Feature", "properties": { "name": "Gandhi Irwin Bridge", "highway": "secondary", "slope_pct": 0.6 }, "geometry": { "type": "LineString", "coordinates": [ [ 80.2653874, 13.0791483 ], [ 80.26543, 13.0788816 ] ] } },
{ "type": "Feature", "properties": { "name": "Langs Garden Road", "highway": "tertiary", "slope_pct": 0.6 }, "geometry": { "type": "LineString", "coordinates": [ [ 80.2652981, 13.0752562 ], [ 80.2653177, 13.0750622 ], [ 80.2653803, 13.0747126 ], [ 80.2654268, 13.0745711 ], [ 80.2654837, 13.0742937 ], [ 80.2655139, 13.0741466 ], [ 80.2655856, 13.0739006 ], [ 80.2659333, 13.0734551 ], [ 80.2667994, 13.0724846 ], [ 80.2668802, 13.0724021 ], [ 80.2671909, 13.0720707 ], [ 80.2677162, 13.0715139 ], [ 80.2683125, 13.0708476 ], [ 80.2685466, 13.0704046 ], [ 80.2686059, 13.070234 ], [ 80.2686803, 13.07002 ], [ 80.2687265, 13.0697454 ], [ 80.2686558, 13.0692481 ], [ 80.2686475, 13.0691549 ], [ 80.2686351, 13.0690899 ] ] } },
{ "type": "Feature", "properties": { "name": "Langs Garden Road", "highway": "secondary", "slope_pct": 0.6 }, "geometry": { "type": "LineString", "coordinates": [ [ 80.2651669, 13.0807843 ], [ 80.2652332, 13.0806923 ] ] } },
{ "type": "Feature", "properties": { "name": "Langs Garden Park", "highway": "secondary", "slope_pct": 0.6 }, "geometry": { "type": "LineString", "coordinates": [ [ 80.2652929, 13.0791086 ], [ 80.2651477, 13.0803737 ], [ 80.2651321, 13.0806787 ] ] } },
{ "type": "Feature", "properties": { "name": "Urban Corridor", "highway": "residential", "slope_pct": 0.6 }, "geometry": { "type": "LineString", "coordinates": [ [ 80.2602486, 13.0712098 ], [ 80.2595931, 13.072033 ] ] } },
{ "type": "Feature", "properties": { "name": "Elephant Gate Bridge Road", "highway": "secondary", "slope_pct": 0.6 }, "geometry": { "type": "LineString", "coordinates": [ [ 80.2695087, 13.0906139 ], [ 80.2694722, 13.0906094 ], [ 80.2694362, 13.0906171 ], [ 80.269405, 13.0906363 ], [ 80.2693822, 13.0906645 ], [ 80.269371, 13.0906961 ], [ 80.2693706, 13.0907295 ], [ 80.269381, 13.0907614 ], [ 80.2694012, 13.0907884 ], [ 80.2694222, 13.0908043 ], [ 80.2694465, 13.0908146 ], [ 80.2694728, 13.0908188 ], [ 80.2694992, 13.0908166 ], [ 80.2695244, 13.0908082 ], [ 80.2695508, 13.0907904 ], [ 80.2695706, 13.0907659 ], [ 80.2695821, 13.0907367 ], [ 80.2695843, 13.0907055 ], [ 80.269577, 13.0906753 ], [ 80.2695609, 13.0906485 ], [ 80.2695375, 13.0906274 ], [ 80.2695087, 13.0906139 ] ] } },
{ "type": "Feature", "properties": { "name": "Raja Muthiah Road", "highway": "secondary", "slope_pct": 0.6 }, "geometry": { "type": "LineString", "coordinates": [ [ 80.2695843, 13.0907055 ], [ 80.2697134, 13.0905989 ], [ 80.2698684, 13.0903481 ], [ 80.2699014, 13.09028 ], [ 80.2699315, 13.0901859 ], [ 80.269946, 13.0900973 ], [ 80.269919, 13.0894755 ], [ 80.2698748, 13.0885645 ] ] } },
{ "type": "Feature", "properties": { "name": "Raja Muthiah Road", "highway": "secondary", "slope_pct": 0.6 }, "geometry": { "type": "LineString", "coordinates": [ [ 80.2704317, 13.0843346 ], [ 80.27031, 13.0850537 ], [ 80.2702912, 13.0851927 ], [ 80.2701986, 13.085728 ], [ 80.2701711, 13.0865028 ], [ 80.2701574, 13.0866597 ], [ 80.2700194, 13.087023 ], [ 80.2697985, 13.0874368 ], [ 80.2697688, 13.0874924 ], [ 80.2697425, 13.0876286 ], [ 80.2697342, 13.0878362 ], [ 80.2697817, 13.0884598 ], [ 80.269854, 13.0894751 ], [ 80.2698864, 13.0900757 ], [ 80.2698823, 13.090189 ], [ 80.269838, 13.0903211 ], [ 80.2697323, 13.0904613 ], [ 80.2695764, 13.090584 ], [ 80.2695087, 13.0906139 ] ] } },
{ "type": "Feature", "properties": { "name": "Raja Muthiah Road", "highway": "secondary", "slope_pct": 0.6 }, "geometry": { "type": "LineString", "coordinates": [ [ 80.270656, 13.0833269 ], [ 80.270875, 13.0817452 ], [ 80.2709108, 13.0814726 ], [ 80.2709135, 13.0814521 ], [ 80.2709288, 13.0813354 ] ] } },
{ "type": "Feature", "properties": { "name": "Vepery High Road", "highway": "secondary", "slope_pct": 0.6 }, "geometry": { "type": "LineString", "coordinates": [ [ 80.2625542, 13.0856393 ], [ 80.2629115, 13.0856573 ], [ 80.2641669, 13.0856008 ], [ 80.26435, 13.0855853 ], [ 80.2651037, 13.0855168 ], [ 80.2657013, 13.0854396 ], [ 80.2662199, 13.0853615 ], [ 80.2666046, 13.0853036 ], [ 80.2667764, 13.0852766 ], [ 80.2670705, 13.0852018 ], [ 80.2677752, 13.0850063 ], [ 80.2680001, 13.0849773 ], [ 80.268225, 13.0849628 ], [ 80.2683306, 13.0849604 ], [ 80.268507, 13.0849563 ], [ 80.2685296, 13.0849554 ], [ 80.2687002, 13.084949 ], [ 80.2692176, 13.0848467 ], [ 80.2695028, 13.0847626 ], [ 80.2703217, 13.08439 ], [ 80.2704317, 13.0843346 ] ] } },
{ "type": "Feature", "properties": { "name": "General Hospital Road", "highway": "primary", "slope_pct": 0.6 }, "geometry": { "type": "LineString", "coordinates": [ [ 80.2734253, 13.0814141 ], [ 80.2732573, 13.0813763 ], [ 80.272628, 13.0812539 ], [ 80.2719336, 13.0811418 ], [ 80.2718001, 13.081115 ], [ 80.2715394, 13.081052 ], [ 80.2712852, 13.080987 ], [ 80.2711799, 13.0809604 ], [ 80.2710924, 13.080936 ], [ 80.2710468, 13.08092 ], [ 80.271008, 13.0809032 ] ] } },
{ "type": "Feature", "properties": { "name": "General Hospital Road", "highway": "primary", "slope_pct": 0.6 }, "geometry": { "type": "LineString", "coordinates": [ [ 80.2760534, 13.081814 ], [ 80.2761962, 13.0818797 ], [ 80.276318, 13.0818975 ], [ 80.2764993, 13.0819213 ], [ 80.2778503, 13.0820917 ] ] } },
{ "type": "Feature", "properties": { "name": "Adikesavalu Street", "highway": "residential", "slope_pct": 0.6 }, "geometry": { "type": "LineString", "coordinates": [ [ 80.2715219, 13.0742423 ], [ 80.2717388, 13.0749143 ] ] } },
{ "type": "Feature", "properties": { "name": "Mukki Amman Koil Street", "highway": "residential", "slope_pct": 0.6 }, "geometry": { "type": "LineString", "coordinates": [ [ 80.2688849, 13.0780731 ], [ 80.2680845, 13.0781324 ], [ 80.2677343, 13.0781309 ], [ 80.2670779, 13.0782594 ] ] } },
{ "type": "Feature", "properties": { "name": "Nyniappan Street", "highway": "residential", "slope_pct": 0.6 }, "geometry": { "type": "LineString", "coordinates": [ [ 80.2681402, 13.075789 ], [ 80.2682185, 13.0761202 ], [ 80.2682564, 13.0762806 ], [ 80.2683332, 13.0767684 ] ] } },
{ "type": "Feature", "properties": { "name": "Stanley Viaduct", "highway": "secondary", "slope_pct": 0.6 }, "geometry": { "type": "LineString", "coordinates": [ [ 80.2761802, 13.0772072 ], [ 80.2761504, 13.0778338 ], [ 80.2761461, 13.0778978 ], [ 80.2761373, 13.0779543 ], [ 80.2761166, 13.078001 ], [ 80.2760839, 13.0780536 ], [ 80.2760404, 13.0780983 ], [ 80.2759883, 13.0781327 ], [ 80.2759259, 13.0781562 ], [ 80.2757262, 13.0782137 ], [ 80.2756445, 13.0782405 ], [ 80.2755569, 13.0782737 ], [ 80.2754586, 13.0783138 ], [ 80.2753885, 13.0783519 ], [ 80.2753106, 13.0784105 ], [ 80.2752449, 13.0784789 ], [ 80.2751966, 13.0785431 ], [ 80.2751725, 13.0785894 ], [ 80.275146, 13.0786591 ], [ 80.2751304, 13.0787186 ], [ 80.2751232, 13.0787733 ], [ 80.2751209, 13.0788441 ], [ 80.2751253, 13.0789143 ], [ 80.2751363, 13.0789872 ], [ 80.2751569, 13.0790839 ], [ 80.275253, 13.0795089 ], [ 80.2752689, 13.0795807 ], [ 80.2752697, 13.0795853 ], [ 80.2752815, 13.0796567 ], [ 80.2752888, 13.0797227 ], [ 80.2752928, 13.0798096 ], [ 80.275294, 13.0798793 ], [ 80.2752923, 13.0799312 ], [ 80.2752843, 13.0800284 ], [ 80.2752734, 13.0801382 ], [ 80.275141, 13.0814289 ] ] } },
{ "type": "Feature", "properties": { "name": "Urban Corridor", "highway": "residential", "slope_pct": 0.6 }, "geometry": { "type": "LineString", "coordinates": [ [ 80.2682185, 13.0761202 ], [ 80.2678077, 13.0762117 ] ] } },
{ "type": "Feature", "properties": { "name": "Urban Corridor", "highway": "residential", "slope_pct": 0.6 }, "geometry": { "type": "LineString", "coordinates": [ [ 80.2709191, 13.0722367 ], [ 80.2721066, 13.0718153 ] ] } },
{ "type": "Feature", "properties": { "name": "Urban Corridor", "highway": "residential", "slope_pct": 0.6 }, "geometry": { "type": "LineString", "coordinates": [ [ 80.2677384, 13.0788177 ], [ 80.2677573, 13.0785973 ], [ 80.2677343, 13.0781309 ] ] } },
{ "type": "Feature", "properties": { "name": "Urban Corridor", "highway": "residential", "slope_pct": 0.6 }, "geometry": { "type": "LineString", "coordinates": [ [ 80.2666947, 13.0742979 ], [ 80.2668492, 13.0743477 ], [ 80.2668007, 13.0745057 ] ] } },
{ "type": "Feature", "properties": { "name": "Adikesavalu Street", "highway": "residential", "slope_pct": 0.6 }, "geometry": { "type": "LineString", "coordinates": [ [ 80.2710813, 13.0728073 ], [ 80.2709191, 13.0722367 ], [ 80.270842, 13.0719517 ] ] } },
{ "type": "Feature", "properties": { "name": "Urban Corridor", "highway": "residential", "slope_pct": 0.6 }, "geometry": { "type": "LineString", "coordinates": [ [ 80.266815, 13.0749917 ], [ 80.2668375, 13.0748512 ], [ 80.2668994, 13.0745334 ], [ 80.2669345, 13.074377 ], [ 80.2668492, 13.0743477 ] ] } },
{ "type": "Feature", "properties": { "name": "Washerman street", "highway": "residential", "slope_pct": 0.6 }, "geometry": { "type": "LineString", "coordinates": [ [ 80.2669532, 13.0736539 ], [ 80.266938, 13.073794 ], [ 80.2666947, 13.0742979 ], [ 80.2665531, 13.0747338 ], [ 80.2664865, 13.0750045 ] ] } },
{ "type": "Feature", "properties": { "name": "Urban Corridor", "highway": "residential", "slope_pct": 0.6 }, "geometry": { "type": "LineString", "coordinates": [ [ 80.276213, 13.077115 ], [ 80.2761336, 13.0771604 ], [ 80.2761151, 13.0775965 ], [ 80.2761117, 13.0776568 ], [ 80.2760993, 13.0778758 ], [ 80.2760463, 13.07802 ], [ 80.2759387, 13.0780793 ], [ 80.2754959, 13.0782069 ], [ 80.2752619, 13.0783025 ], [ 80.2751585, 13.0783756 ], [ 80.2751132, 13.0784614 ], [ 80.275072, 13.0785809 ] ] } },
{ "type": "Feature", "properties": { "name": "Ritchie Street", "highway": "residential", "slope_pct": 0.6 }, "geometry": { "type": "LineString", "coordinates": [ [ 80.2714408, 13.0698752 ], [ 80.2716157, 13.0704281 ], [ 80.2717555, 13.0708608 ], [ 80.2718338, 13.0711212 ], [ 80.2720544, 13.0717281 ], [ 80.2721066, 13.0718153 ], [ 80.2723507, 13.0724963 ], [ 80.2724133, 13.0725924 ], [ 80.272458, 13.0726529 ] ] } },
{ "type": "Feature", "properties": { "name": "Atthipattan Street", "highway": "residential", "slope_pct": 0.6 }, "geometry": { "type": "LineString", "coordinates": [ [ 80.2716157, 13.0704281 ], [ 80.2712631, 13.0705685 ], [ 80.2709366, 13.0707953 ], [ 80.2704816, 13.0710694 ] ] } },
{ "type": "Feature", "properties": { "name": "Veerabadhran Street", "highway": "residential", "slope_pct": 0.6 }, "geometry": { "type": "LineString", "coordinates": [ [ 80.2649426, 13.0709622 ], [ 80.2648779, 13.070467 ], [ 80.2648425, 13.0700916 ], [ 80.2648251, 13.06993 ], [ 80.2648034, 13.0697233 ], [ 80.264781, 13.0695447 ], [ 80.2647662, 13.0694325 ], [ 80.2647619, 13.0693516 ], [ 80.2647493, 13.0692218 ], [ 80.2647417, 13.0691156 ], [ 80.2647097, 13.0690359 ], [ 80.2647072, 13.0677779 ], [ 80.2647184, 13.0673117 ] ] } },
{ "type": "Feature", "properties": { "name": "Urban Corridor", "highway": "residential", "slope_pct": 0.6 }, "geometry": { "type": "LineString", "coordinates": [ [ 80.2670055, 13.0705909 ], [ 80.2670001, 13.0707985 ] ] } },
{ "type": "Feature", "properties": { "name": "Urban Corridor", "highway": "residential", "slope_pct": 0.6 }, "geometry": { "type": "LineString", "coordinates": [ [ 80.2664422, 13.0708541 ], [ 80.2665221, 13.0714622 ] ] } },
{ "type": "Feature", "properties": { "name": "Urban Corridor", "highway": "residential", "slope_pct": 0.6 }, "geometry": { "type": "LineString", "coordinates": [ [ 80.2662029, 13.07088 ], [ 80.2662946, 13.0714898 ] ] } },
{ "type": "Feature", "properties": { "name": "Urban Corridor", "highway": "residential", "slope_pct": 0.6 }, "geometry": { "type": "LineString", "coordinates": [ [ 80.2668238, 13.0708215 ], [ 80.2668802, 13.0714334 ] ] } },
{ "type": "Feature", "properties": { "name": "Urban Corridor", "highway": "residential", "slope_pct": 0.6 }, "geometry": { "type": "LineString", "coordinates": [ [ 80.2673467, 13.0708444 ], [ 80.2673998, 13.0703998 ] ] } },
{ "type": "Feature", "properties": { "name": "Urban Corridor", "highway": "residential", "slope_pct": 0.6 }, "geometry": { "type": "LineString", "coordinates": [ [ 80.2671623, 13.0708159 ], [ 80.2671598, 13.0708346 ], [ 80.2671158, 13.0711597 ], [ 80.2673024, 13.0711742 ] ] } },
{ "type": "Feature", "properties": { "name": "Urban Corridor", "highway": "residential", "slope_pct": 0.6 }, "geometry": { "type": "LineString", "coordinates": [ [ 80.2711603, 13.07164 ], [ 80.271542, 13.0715575 ], [ 80.2715165, 13.0714495 ], [ 80.2716414, 13.0714314 ] ] } },
{ "type": "Feature", "properties": { "name": "Urban Corridor", "highway": "residential", "slope_pct": 0.6 }, "geometry": { "type": "LineString", "coordinates": [ [ 80.2702033, 13.0922816 ], [ 80.2703395, 13.0922139 ], [ 80.2707161, 13.0922086 ], [ 80.2710731, 13.0922638 ], [ 80.2712627, 13.0923399 ], [ 80.27147, 13.0924808 ], [ 80.2715555, 13.0924504 ], [ 80.2716388, 13.0923548 ], [ 80.271735, 13.0920106 ], [ 80.2716995, 13.0918416 ], [ 80.271313, 13.0908785 ], [ 80.2712917, 13.0908253 ] ] } },
{ "type": "Feature", "properties": { "name": "Govindappa Naicken Street", "highway": "residential", "slope_pct": 0.6 }, "geometry": { "type": "LineString", "coordinates": [ [ 80.2817478, 13.0924251 ], [ 80.281875, 13.0932656 ], [ 80.2818924, 13.0933593 ], [ 80.2819787, 13.0938562 ], [ 80.2821533, 13.0947943 ], [ 80.2823925, 13.0964954 ], [ 80.2824182, 13.0967709 ], [ 80.2824489, 13.0969531 ], [ 80.2826338, 13.0984924 ] ] } },
{ "type": "Feature", "properties": { "name": "General Muthiah Street", "highway": "residential", "slope_pct": 0.6 }, "geometry": { "type": "LineString", "coordinates": [ [ 80.2772636, 13.0903952 ], [ 80.2774238, 13.0909886 ], [ 80.2775063, 13.0912603 ], [ 80.2775826, 13.091538 ], [ 80.2776515, 13.0917527 ], [ 80.2777592, 13.0921456 ], [ 80.2779943, 13.0930819 ] ] } },
{ "type": "Feature", "properties": { "name": "Santhu Shah Street", "highway": "residential", "slope_pct": 0.6 }, "geometry": { "type": "LineString", "coordinates": [ [ 80.2706659, 13.0812261 ], [ 80.2706234, 13.0817816 ] ] } },
{ "type": "Feature", "properties": { "name": "Stringers Road", "highway": "residential", "slope_pct": 0.6 }, "geometry": { "type": "LineString", "coordinates": [ [ 80.2660164, 13.0828916 ], [ 80.2656336, 13.0828801 ], [ 80.2655455, 13.0828775 ], [ 80.265498, 13.0828785 ], [ 80.2652825, 13.0828833 ], [ 80.2636743, 13.082925 ] ] } },
{ "type": "Feature", "properties": { "name": "Veeraswamy Pillai Street", "highway": "residential", "slope_pct": 0.6 }, "geometry": { "type": "LineString", "coordinates": [ [ 80.2685741, 13.0807851 ], [ 80.2686795, 13.0815353 ], [ 80.268728, 13.0818319 ], [ 80.2686625, 13.0819708 ] ] } },
{ "type": "Feature", "properties": { "name": "Urban Corridor", "highway": "residential", "slope_pct": 0.6 }, "geometry": { "type": "LineString", "coordinates": [ [ 80.263209, 13.0840239 ], [ 80.2632762, 13.0847652 ] ] } },
{ "type": "Feature", "properties": { "name": "Urban Corridor", "highway": "residential", "slope_pct": 0.6 }, "geometry": { "type": "LineString", "coordinates": [ [ 80.2623052, 13.0829588 ], [ 80.260795, 13.0831602 ] ] } },
{ "type": "Feature", "properties": { "name": "Naval Hospital 1st Street", "highway": "residential", "slope_pct": 0.6 }, "geometry": { "type": "LineString", "coordinates": [ [ 80.2667802, 13.0841869 ], [ 80.2677185, 13.0840604 ] ] } },
{ "type": "Feature", "properties": { "name": "Urban Corridor", "highway": "residential", "slope_pct": 0.6 }, "geometry": { "type": "LineString", "coordinates": [ [ 80.2576454, 13.0811248 ], [ 80.2575501, 13.081134 ], [ 80.2568653, 13.0812002 ] ] } },
{ "type": "Feature", "properties": { "name": "Urban Corridor", "highway": "residential", "slope_pct": 0.6 }, "geometry": { "type": "LineString", "coordinates": [ [ 80.2578411, 13.0793125 ], [ 80.257832, 13.0794159 ], [ 80.2577304, 13.0805697 ] ] } },
{ "type": "Feature", "properties": { "name": "Urban Corridor", "highway": "residential", "slope_pct": 0.6 }, "geometry": { "type": "LineString", "coordinates": [ [ 80.2572082, 13.08512 ], [ 80.257686, 13.0852493 ] ] } },
{ "type": "Feature", "properties": { "name": "Urban Corridor", "highway": "residential", "slope_pct": 0.6 }, "geometry": { "type": "LineString", "coordinates": [ [ 80.2577534, 13.0849985 ], [ 80.257289, 13.0848896 ], [ 80.257189, 13.0848662 ] ] } },
{ "type": "Feature", "properties": { "name": "Urban Corridor", "highway": "residential", "slope_pct": 0.6 }, "geometry": { "type": "LineString", "coordinates": [ [ 80.2575715, 13.0856975 ], [ 80.2575374, 13.0856884 ], [ 80.2570628, 13.0855613 ] ] } },
{ "type": "Feature", "properties": { "name": "Urban Corridor", "highway": "residential", "slope_pct": 0.6 }, "geometry": { "type": "LineString", "coordinates": [ [ 80.2609896, 13.0802795 ], [ 80.2609055, 13.0808943 ], [ 80.2609161, 13.0809419 ], [ 80.2609413, 13.0809745 ], [ 80.2609745, 13.0809943 ], [ 80.2610547, 13.0810018 ], [ 80.2611093, 13.0810013 ], [ 80.2611638, 13.080976 ], [ 80.261216, 13.0809189 ], [ 80.2613871, 13.0801536 ], [ 80.2614566, 13.0800396 ], [ 80.2615016, 13.079974 ] ] } },
{ "type": "Feature", "properties": { "name": "Anna Salai", "highway": "primary", "slope_pct": 0.6 }, "geometry": { "type": "LineString", "coordinates": [ [ 80.2768684, 13.0741199 ], [ 80.277577, 13.0747948 ], [ 80.2782047, 13.0753998 ], [ 80.2783394, 13.0755609 ], [ 80.2784968, 13.0757533 ], [ 80.2785507, 13.0758192 ], [ 80.2787176, 13.0760231 ], [ 80.2790161, 13.0762045 ], [ 80.2793151, 13.0764322 ], [ 80.2793317, 13.0764476 ], [ 80.2798071, 13.0768878 ], [ 80.2812732, 13.0782807 ], [ 80.2812954, 13.0783018 ], [ 80.2815073, 13.0784959 ], [ 80.2815328, 13.0785385 ] ] } },
{ "type": "Feature", "properties": { "name": "Anna Salai", "highway": "primary", "slope_pct": 0.6 }, "geometry": { "type": "LineString", "coordinates": [ [ 80.2765139, 13.0735535 ], [ 80.2759156, 13.0730456 ], [ 80.2758712, 13.0730063 ], [ 80.2757558, 13.0729112 ], [ 80.2755773, 13.0727639 ] ] } },
{ "type": "Feature", "properties": { "name": "Urban Corridor", "highway": "residential", "slope_pct": 0.6 }, "geometry": { "type": "LineString", "coordinates": [ [ 80.2582803, 13.0953951 ], [ 80.2589481, 13.0953001 ] ] } },
{ "type": "Feature", "properties": { "name": "Urban Corridor", "highway": "residential", "slope_pct": 0.6 }, "geometry": { "type": "LineString", "coordinates": [ [ 80.2589285, 13.095044 ], [ 80.2582355, 13.0951388 ] ] } },
{ "type": "Feature", "properties": { "name": "Urban Corridor", "highway": "residential", "slope_pct": 0.6 }, "geometry": { "type": "LineString", "coordinates": [ [ 80.2583532, 13.0958474 ], [ 80.2590181, 13.095743 ] ] } },
{ "type": "Feature", "properties": { "name": "Urban Corridor", "highway": "residential", "slope_pct": 0.6 }, "geometry": { "type": "LineString", "coordinates": [ [ 80.2578824, 13.0961233 ], [ 80.2582063, 13.0961148 ] ] } },
{ "type": "Feature", "properties": { "name": "Park Street", "highway": "residential", "slope_pct": 0.6 }, "geometry": { "type": "LineString", "coordinates": [ [ 80.257869, 13.0960554 ], [ 80.2573417, 13.0960177 ], [ 80.2570092, 13.0959882 ] ] } },
{ "type": "Feature", "properties": { "name": "Urban Corridor", "highway": "residential", "slope_pct": 0.6 }, "geometry": { "type": "LineString", "coordinates": [ [ 80.2645953, 13.0934492 ], [ 80.2642148, 13.093474 ], [ 80.264179, 13.0936771 ], [ 80.2640665, 13.0941904 ] ] } },
{ "type": "Feature", "properties": { "name": "Urban Corridor", "highway": "residential", "slope_pct": 0.6 }, "geometry": { "type": "LineString", "coordinates": [ [ 80.258217, 13.0949989 ], [ 80.2582355, 13.0951388 ], [ 80.2582803, 13.0953951 ], [ 80.2583104, 13.095627 ], [ 80.2583532, 13.0958474 ], [ 80.2584061, 13.0961462 ] ] } },
{ "type": "Feature", "properties": { "name": "Angalamman Kovli Street", "highway": "tertiary", "slope_pct": 0.6 }, "geometry": { "type": "LineString", "coordinates": [ [ 80.2634418, 13.0921745 ], [ 80.2634947, 13.092572 ], [ 80.2635172, 13.0927918 ], [ 80.2633156, 13.0928503 ], [ 80.2629655, 13.0929178 ], [ 80.2628781, 13.0929661 ], [ 80.2628237, 13.0930731 ], [ 80.2627728, 13.0935379 ], [ 80.2627037, 13.0941124 ], [ 80.2626534, 13.0945982 ], [ 80.2626486, 13.094681 ], [ 80.2626198, 13.0949238 ], [ 80.2625394, 13.0955538 ], [ 80.2625419, 13.095575 ], [ 80.2623909, 13.0965823 ], [ 80.2623395, 13.0967449 ] ] } },
{ "type": "Feature", "properties": { "name": "Wall Tax Road", "highway": "primary", "slope_pct": 0.6 }, "geometry": { "type": "LineString", "coordinates": [ [ 80.2744605, 13.1019385 ], [ 80.2745152, 13.1018068 ], [ 80.2747036, 13.101353 ], [ 80.2749949, 13.1006764 ], [ 80.2751425, 13.1001989 ], [ 80.2752353, 13.0997346 ], [ 80.2752758, 13.0993068 ], [ 80.2752758, 13.0992443 ], [ 80.2752784, 13.0983036 ], [ 80.2752802, 13.0980497 ], [ 80.2752844, 13.0974042 ], [ 80.275272, 13.0968043 ], [ 80.2752598, 13.0966669 ], [ 80.275241, 13.0961882 ], [ 80.275242, 13.0959552 ], [ 80.275251, 13.0956976 ], [ 80.2752573, 13.0955693 ], [ 80.2752621, 13.0940738 ], [ 80.2752959, 13.0936562 ], [ 80.2752928, 13.092721 ], [ 80.2752986, 13.0924682 ] ] } },
{ "type": "Feature", "properties": { "name": "Wall Tax Road", "highway": "primary", "slope_pct": 0.6 }, "geometry": { "type": "LineString", "coordinates": [ [ 80.2761962, 13.0818797 ], [ 80.2762397, 13.081956 ], [ 80.276255, 13.0820671 ], [ 80.2762396, 13.0823062 ], [ 80.2762074, 13.0825713 ], [ 80.2758719, 13.0850875 ], [ 80.2756751, 13.0866386 ], [ 80.2756539, 13.087058 ], [ 80.2755401, 13.0880399 ], [ 80.2755092, 13.0883068 ], [ 80.2753909, 13.089201 ], [ 80.2753819, 13.0892694 ], [ 80.2752929, 13.0899424 ], [ 80.275218, 13.0906589 ], [ 80.2752039, 13.0914196 ], [ 80.2752068, 13.0915311 ], [ 80.2752062, 13.0923262 ], [ 80.2752054, 13.0940931 ], [ 80.2751941, 13.0948404 ], [ 80.2751956, 13.0955819 ], [ 80.2751958, 13.0956928 ], [ 80.2751976, 13.0965689 ], [ 80.2752006, 13.0974239 ], [ 80.2752042, 13.0986888 ], [ 80.2751993, 13.0992056 ], [ 80.2751957, 13.0992435 ], [ 80.2751895, 13.0993079 ], [ 80.2751501, 13.0997225 ], [ 80.2750852, 13.1000929 ], [ 80.2750239, 13.1002953 ], [ 80.2746013, 13.1014173 ], [ 80.2744623, 13.1016943 ], [ 80.2743555, 13.1019069 ], [ 80.2742831, 13.1020651 ], [ 80.2739221, 13.1028544 ], [ 80.273534, 13.1037446 ], [ 80.2735046, 13.1038387 ] ] } },
{ "type": "Feature", "properties": { "name": "Pilliyar Koil Street", "highway": "residential", "slope_pct": 0.6 }, "geometry": { "type": "LineString", "coordinates": [ [ 80.2765671, 13.0881343 ], [ 80.2762804, 13.0881147 ], [ 80.2759853, 13.0880846 ], [ 80.2756048, 13.0880409 ] ] } },
{ "type": "Feature", "properties": { "name": "Evening Bazaar Road", "highway": "secondary", "slope_pct": 0.6 }, "geometry": { "type": "LineString", "coordinates": [ [ 80.2790026, 13.0833505 ], [ 80.2789567, 13.083249 ], [ 80.2788195, 13.0829454 ], [ 80.2787391, 13.0827673 ], [ 80.2784672, 13.0821655 ], [ 80.2783988, 13.0820892 ], [ 80.2782268, 13.0820195 ] ] } },
{ "type": "Feature", "properties": { "name": "General Hospital Road", "highway": "primary", "slope_pct": 0.6 }, "geometry": { "type": "LineString", "coordinates": [ [ 80.2778503, 13.0820917 ], [ 80.2779162, 13.0820996 ], [ 80.277998, 13.0821094 ], [ 80.2784672, 13.0821655 ], [ 80.28057, 13.0823337 ], [ 80.2816954, 13.082379 ] ] } },
{ "type": "Feature", "properties": { "name": "Memorial Hall Road", "highway": "secondary", "slope_pct": 0.6 }, "geometry": { "type": "LineString", "coordinates": [ [ 80.2781193, 13.083387 ], [ 80.2782213, 13.0834125 ], [ 80.2788261, 13.0836079 ], [ 80.2789566, 13.0836548 ], [ 80.2790854, 13.0837083 ] ] } },
{ "type": "Feature", "properties": { "name": "Muthuswamy Bridge", "highway": "primary", "slope_pct": 0.6 }, "geometry": { "type": "LineString", "coordinates": [ [ 80.2808888, 13.0803358 ], [ 80.2809461, 13.0802532 ], [ 80.281032, 13.0801543 ], [ 80.2811661, 13.0800034 ], [ 80.2818635, 13.0792711 ] ] } },
{ "type": "Feature", "properties": { "name": "Muthuswamy Road", "highway": "primary", "slope_pct": 0.6 }, "geometry": { "type": "LineString", "coordinates": [ [ 80.2820156, 13.0791132 ], [ 80.2820599, 13.0790639 ], [ 80.2821343, 13.078981 ], [ 80.2822029, 13.0789046 ], [ 80.282271, 13.0788192 ], [ 80.2823323, 13.0787172 ], [ 80.2829683, 13.077321 ], [ 80.2832888, 13.0767556 ], [ 80.2835397, 13.0764182 ], [ 80.2836332, 13.0763291 ], [ 80.2840926, 13.0758792 ], [ 80.2847072, 13.0752773 ], [ 80.2847944, 13.0751919 ], [ 80.2850602, 13.0749527 ], [ 80.2851091, 13.0748982 ], [ 80.2851535, 13.0748452 ], [ 80.2852027, 13.0747599 ], [ 80.285241, 13.0746874 ], [ 80.285258, 13.0746645 ], [ 80.2853135, 13.07459 ], [ 80.2853714, 13.074528 ], [ 80.2854204, 13.0744819 ], [ 80.285503, 13.074412 ], [ 80.2856202, 13.0743167 ], [ 80.2857119, 13.0742335 ], [ 80.2857283, 13.0742158 ], [ 80.285796, 13.0741428 ], [ 80.2858758, 13.0740293 ], [ 80.2859436, 13.0739057 ], [ 80.2860363, 13.0736986 ] ] } },
{ "type": "Feature", "properties": { "name": "Muthuswamy Road", "highway": "primary", "slope_pct": 0.6 }, "geometry": { "type": "LineString", "coordinates": [ [ 80.2816954, 13.082379 ], [ 80.2830048, 13.0843768 ], [ 80.2833299, 13.0847762 ], [ 80.2836532, 13.0850279 ], [ 80.2836834, 13.0850451 ] ] } },
{ "type": "Feature", "properties": { "name": "South Mint Street", "highway": "secondary", "slope_pct": 0.6 }, "geometry": { "type": "LineString", "coordinates": [ [ 80.277998, 13.0821094 ], [ 80.2780161, 13.0822608 ], [ 80.2780905, 13.0830259 ], [ 80.2781193, 13.083387 ] ] } },
{ "type": "Feature", "properties": { "name": "Krishna Iyer Street", "highway": "residential", "slope_pct": 0.6 }, "geometry": { "type": "LineString", "coordinates": [ [ 80.2815167, 13.0906722 ], [ 80.28116, 13.090722 ], [ 80.2809465, 13.0907343 ], [ 80.2808341, 13.0907376 ], [ 80.2806946, 13.0907546 ], [ 80.2802769, 13.0907996 ] ] } },
{ "type": "Feature", "properties": { "name": "EVR Periyar Salai", "highway": "primary", "slope_pct": 0.6 }, "geometry": { "type": "LineString", "coordinates": [ [ 80.2569471, 13.0792164 ], [ 80.2569642, 13.0792179 ], [ 80.2571695, 13.0792401 ], [ 80.2573802, 13.0792636 ], [ 80.2574424, 13.0792702 ], [ 80.2576976, 13.0792973 ], [ 80.2578411, 13.0793125 ], [ 80.2581876, 13.0793565 ], [ 80.2587734, 13.0794309 ], [ 80.2593655, 13.0795 ], [ 80.2601076, 13.0795865 ], [ 80.2602513, 13.0796048 ], [ 80.2607556, 13.079714 ], [ 80.2608465, 13.0797382 ], [ 80.2609267, 13.0797562 ], [ 80.2609569, 13.079763 ], [ 80.2615016, 13.079974 ], [ 80.2617224, 13.0800612 ], [ 80.2618869, 13.0801128 ], [ 80.2627848, 13.0802951 ], [ 80.2639719, 13.0805566 ], [ 80.2651669, 13.0807843 ] ] } },
{ "type": "Feature", "properties": { "name": "General Hospital Road", "highway": "primary", "slope_pct": 0.6 }, "geometry": { "type": "LineString", "coordinates": [ [ 80.2782268, 13.0820195 ], [ 80.2780064, 13.0819955 ], [ 80.2779462, 13.0819884 ], [ 80.2774889, 13.081935 ], [ 80.2763526, 13.0817815 ], [ 80.2760524, 13.0817097 ], [ 80.2759447, 13.0816839 ], [ 80.2756687, 13.0816467 ], [ 80.2754935, 13.0816317 ] ] } },
{ "type": "Feature", "properties": { "name": "Urban Corridor", "highway": "residential", "slope_pct": 0.6 }, "geometry": { "type": "LineString", "coordinates": [ [ 80.2580385, 13.074155 ], [ 80.2581243, 13.0742817 ], [ 80.2582325, 13.0744842 ], [ 80.2582954, 13.0748114 ], [ 80.2585063, 13.0750284 ] ] } },
{ "type": "Feature", "properties": { "name": "Urban Corridor", "highway": "residential", "slope_pct": 0.6 }, "geometry": { "type": "LineString", "coordinates": [ [ 80.2588413, 13.0746401 ], [ 80.258695, 13.0745391 ], [ 80.258551, 13.0745208 ], [ 80.2582325, 13.0744842 ], [ 80.2580278, 13.0745333 ] ] } },
{ "type": "Feature", "properties": { "name": "Urban Corridor", "highway": "residential", "slope_pct": 0.6 }, "geometry": { "type": "LineString", "coordinates": [ [ 80.2615168, 13.0747421 ], [ 80.2611159, 13.0747487 ] ] } },
{ "type": "Feature", "properties": { "name": "Raghava Street", "highway": "residential", "slope_pct": 0.6 }, "geometry": { "type": "LineString", "coordinates": [ [ 80.2618504, 13.0911284 ], [ 80.2612151, 13.0911776 ], [ 80.260691, 13.0912034 ], [ 80.2600982, 13.0912831 ], [ 80.2587382, 13.0914288 ] ] } },
{ "type": "Feature", "properties": { "name": "Urban Corridor", "highway": "residential", "slope_pct": 0.6 }, "geometry": { "type": "LineString", "coordinates": [ [ 80.2600336, 13.0923939 ], [ 80.2600336, 13.0924181 ], [ 80.2600334, 13.0925534 ] ] } },
{ "type": "Feature", "properties": { "name": "Urban Corridor", "highway": "residential", "slope_pct": 0.6 }, "geometry": { "type": "LineString", "coordinates": [ [ 80.2571874, 13.081955 ], [ 80.2571923, 13.082059 ], [ 80.2572308, 13.0828782 ] ] } },
{ "type": "Feature", "properties": { "name": "General Hospital Road", "highway": "primary", "slope_pct": 0.6 }, "geometry": { "type": "LineString", "coordinates": [ [ 80.2816954, 13.082379 ], [ 80.2817846, 13.082277 ] ] } },
{ "type": "Feature", "properties": { "name": "General Hospital Road", "highway": "primary", "slope_pct": 0.6 }, "geometry": { "type": "LineString", "coordinates": [ [ 80.2811546, 13.082256 ], [ 80.2805106, 13.0822277 ], [ 80.2791042, 13.0820867 ], [ 80.2782268, 13.0820195 ] ] } },
{ "type": "Feature", "properties": { "name": "Memorial Hall Road", "highway": "residential", "slope_pct": 0.6 }, "geometry": { "type": "LineString", "coordinates": [ [ 80.2789566, 13.0836548 ], [ 80.2789799, 13.083468 ], [ 80.2790026, 13.0833505 ] ] } },
{ "type": "Feature", "properties": { "name": "Muthuswamy Road", "highway": "primary", "slope_pct": 0.6 }, "geometry": { "type": "LineString", "coordinates": [ [ 80.2811903, 13.0817612 ], [ 80.2816254, 13.0822677 ] ] } },
{ "type": "Feature", "properties": { "name": "Muthuswamy Bridge", "highway": "primary", "slope_pct": 0.6 }, "geometry": { "type": "LineString", "coordinates": [ [ 80.2817836, 13.0792026 ], [ 80.2817377, 13.0792701 ], [ 80.281696, 13.0793294 ], [ 80.2816185, 13.0794237 ], [ 80.281532, 13.0795241 ], [ 80.2811643, 13.0799069 ], [ 80.2809879, 13.0800941 ], [ 80.2808796, 13.0802245 ], [ 80.2808397, 13.0802865 ] ] } },
{ "type": "Feature", "properties": { "name": "Pantheon Road", "highway": "secondary", "slope_pct": 0.6 }, "geometry": { "type": "LineString", "coordinates": [ [ 80.2611871, 13.0733276 ], [ 80.2612438, 13.0733986 ], [ 80.2612701, 13.0734298 ], [ 80.2612983, 13.0734632 ], [ 80.2613499, 13.0735183 ], [ 80.261403, 13.0735696 ], [ 80.2614882, 13.0736463 ], [ 80.2616947, 13.0738192 ], [ 80.2618886, 13.0739823 ], [ 80.2621548, 13.0742061 ], [ 80.2622238, 13.0742685 ], [ 80.2627689, 13.07472 ] ] } },
{ "type": "Feature", "properties": { "name": "Taravath Madhavan Nair Bridge Road", "highway": "secondary", "slope_pct": 0.6 }, "geometry": { "type": "LineString", "coordinates": [ [ 80.2569785, 13.0769857 ], [ 80.2570187, 13.0769135 ], [ 80.257068, 13.0768355 ], [ 80.2571337, 13.0767455 ], [ 80.2571999, 13.0766635 ], [ 80.2572515, 13.0766025 ], [ 80.2573476, 13.0765023 ], [ 80.2574853, 13.076359 ], [ 80.2576091, 13.0762271 ], [ 80.2577118, 13.0761202 ], [ 80.2578356, 13.0759746 ], [ 80.257964, 13.075829 ], [ 80.2580948, 13.0756675 ], [ 80.2581566, 13.0755851 ], [ 80.2582111, 13.0755122 ] ] } },
{ "type": "Feature", "properties": { "name": "Gandhi Irwin Road", "highway": "secondary", "slope_pct": 0.6 }, "geometry": { "type": "LineString", "coordinates": [ [ 80.2594329, 13.0758861 ], [ 80.2596166, 13.0760591 ], [ 80.2597017, 13.0761583 ], [ 80.2600667, 13.0766452 ], [ 80.2603326, 13.0769263 ], [ 80.2603544, 13.0769497 ], [ 80.2605638, 13.0771747 ], [ 80.2606228, 13.0772051 ], [ 80.2607829, 13.0772859 ], [ 80.2608264, 13.0773101 ], [ 80.2610651, 13.0774102 ] ] } },
{ "type": "Feature", "properties": { "name": "Halls Road", "highway": "secondary", "slope_pct": 0.6 }, "geometry": { "type": "LineString", "coordinates": [ [ 80.2575413, 13.0747568 ], [ 80.2576637, 13.0748825 ], [ 80.258038, 13.0752455 ] ] } },
{ "type": "Feature", "properties": { "name": "Urban Corridor", "highway": "secondary", "slope_pct": 0.6 }, "geometry": { "type": "LineString", "coordinates": [ [ 80.2573049, 13.0747456 ], [ 80.257218, 13.0747618 ], [ 80.2569826, 13.0748057 ], [ 80.2564463, 13.0748836 ], [ 80.2562239, 13.0749095 ] ] } },
{ "type": "Feature", "properties": { "name": "Halls Road", "highway": "secondary", "slope_pct": 0.6 }, "geometry": { "type": "LineString", "coordinates": [ [ 80.2575276, 13.0745657 ], [ 80.2575205, 13.0746619 ], [ 80.2575188, 13.0746977 ] ] } },
{ "type": "Feature", "properties": { "name": "Deputy Mayor Kabalamurthy Road", "highway": "secondary", "slope_pct": 0.6 }, "geometry": { "type": "LineString", "coordinates": [ [ 80.2739583, 13.0722422 ], [ 80.274064, 13.0721406 ], [ 80.2743746, 13.0717936 ] ] } },
{ "type": "Feature", "properties": { "name": "Swami Sivananda Salai", "highway": "tertiary", "slope_pct": 0.6 }, "geometry": { "type": "LineString", "coordinates": [ [ 80.274538, 13.0716919 ], [ 80.2746615, 13.07175 ], [ 80.2747146, 13.0717678 ], [ 80.274846, 13.0717583 ], [ 80.2754203, 13.0714104 ], [ 80.2762599, 13.0708182 ], [ 80.2775078, 13.0699381 ], [ 80.2784577, 13.0692713 ], [ 80.2797674, 13.0683518 ], [ 80.2802693, 13.0680875 ], [ 80.2805202, 13.0680083 ], [ 80.2810899, 13.0679422 ], [ 80.2814764, 13.0679422 ], [ 80.2823706, 13.067898 ] ] } },
{ "type": "Feature", "properties": { "name": "Urban Corridor", "highway": "residential", "slope_pct": 0.6 }, "geometry": { "type": "LineString", "coordinates": [ [ 80.2632147, 13.0941261 ], [ 80.2632219, 13.0941739 ], [ 80.2632312, 13.0941948 ], [ 80.2632413, 13.0942091 ], [ 80.2632734, 13.0942187 ], [ 80.2636248, 13.0942209 ] ] } },
{ "type": "Feature", "properties": { "name": "Urban Corridor", "highway": "residential", "slope_pct": 0.6 }, "geometry": { "type": "LineString", "coordinates": [ [ 80.2640665, 13.0941904 ], [ 80.2640037, 13.0942379 ], [ 80.2639474, 13.0942483 ], [ 80.2639045, 13.0942744 ], [ 80.2638698, 13.0943211 ], [ 80.2638569, 13.0946734 ] ] } },
{ "type": "Feature", "properties": { "name": "Urban Corridor", "highway": "residential", "slope_pct": 0.6 }, "geometry": { "type": "LineString", "coordinates": [ [ 80.2579015, 13.0911873 ], [ 80.2581496, 13.0911758 ], [ 80.2581643, 13.0911867 ], [ 80.2581684, 13.0914147 ], [ 80.2581839, 13.0914266 ], [ 80.2582108, 13.0914277 ], [ 80.2586392, 13.0914336 ], [ 80.2587382, 13.0914288 ] ] } },
{ "type": "Feature", "properties": { "name": "Anna Salai (Mount Road)", "highway": "primary", "slope_pct": 0.6 }, "geometry": { "type": "LineString", "coordinates": [ [ 80.2717904, 13.0685129 ], [ 80.271856, 13.0686017 ], [ 80.2719365, 13.0687753 ], [ 80.2721446, 13.069146 ], [ 80.2724275, 13.0695043 ], [ 80.2728892, 13.0699358 ], [ 80.273658, 13.070547 ], [ 80.2738958, 13.070777 ], [ 80.2739279, 13.0708107 ], [ 80.2739549, 13.0708696 ], [ 80.2743139, 13.0716541 ] ] } },
{ "type": "Feature", "properties": { "name": "Perumal Koil Garden 3rd Lane", "highway": "residential", "slope_pct": 0.6 }, "geometry": { "type": "LineString", "coordinates": [ [ 80.2756199, 13.0963233 ], [ 80.2756418, 13.0963235 ], [ 80.2767171, 13.0961445 ], [ 80.2771253, 13.0960777 ], [ 80.2773379, 13.0960454 ] ] } },
{ "type": "Feature", "properties": { "name": "Veerapan Street", "highway": "residential", "slope_pct": 0.6 }, "geometry": { "type": "LineString", "coordinates": [ [ 80.2781386, 13.0921168 ], [ 80.2780906, 13.0917148 ], [ 80.2780604, 13.0915608 ], [ 80.2780035, 13.0912187 ], [ 80.2779646, 13.0909845 ], [ 80.2779425, 13.0906728 ], [ 80.2779035, 13.0903885 ], [ 80.2778554, 13.0900371 ] ] } },
{ "type": "Feature", "properties": { "name": "Elephant Gate Bridge Road", "highway": "secondary", "slope_pct": 0.6 }, "geometry": { "type": "LineString", "coordinates": [ [ 80.2744626, 13.0925415 ], [ 80.274262, 13.0927611 ] ] } },
{ "type": "Feature", "properties": { "name": "Elephant Gate Bridge Road", "highway": "secondary", "slope_pct": 0.6 }, "geometry": { "type": "LineString", "coordinates": [ [ 80.2743186, 13.0928113 ], [ 80.2745206, 13.0925959 ] ] } },
{ "type": "Feature", "properties": { "name": "Elephant Gate Bridge Road", "highway": "secondary", "slope_pct": 0.6 }, "geometry": { "type": "LineString", "coordinates": [ [ 80.2738674, 13.0932389 ], [ 80.2735729, 13.0935954 ], [ 80.2734886, 13.09369 ], [ 80.2734355, 13.0937382 ], [ 80.2733789, 13.0937744 ], [ 80.2733152, 13.0937986 ], [ 80.2732719, 13.0938008 ], [ 80.273226, 13.0937913 ], [ 80.2731736, 13.0937702 ], [ 80.2731196, 13.0937439 ] ] } },
{ "type": "Feature", "properties": { "name": "Purasaiwalkam Flyover", "highway": "secondary", "slope_pct": 0.6 }, "geometry": { "type": "LineString", "coordinates": [ [ 80.2566142, 13.0863898 ], [ 80.2575066, 13.0867127 ] ] } },
{ "type": "Feature", "properties": { "name": "Hunters Road", "highway": "tertiary", "slope_pct": 0.6 }, "geometry": { "type": "LineString", "coordinates": [ [ 80.2585742, 13.0870784 ], [ 80.2587736, 13.0871317 ], [ 80.2591404, 13.0872297 ], [ 80.2591487, 13.0872319 ], [ 80.2607909, 13.0876755 ], [ 80.2608828, 13.0876608 ] ] } },
{ "type": "Feature", "properties": { "name": "Urban Corridor", "highway": "tertiary", "slope_pct": 0.6 }, "geometry": { "type": "LineString", "coordinates": [ [ 80.2606864, 13.0866541 ], [ 80.2605989, 13.0867197 ], [ 80.2603879, 13.0867561 ], [ 80.2600421, 13.0868157 ], [ 80.2591903, 13.0869277 ], [ 80.2588962, 13.0869675 ], [ 80.2587632, 13.0869855 ], [ 80.2585438, 13.0869985 ] ] } },
{ "type": "Feature", "properties": { "name": "General Hospital Road", "highway": "primary", "slope_pct": 0.6 }, "geometry": { "type": "LineString", "coordinates": [ [ 80.275054, 13.0817081 ], [ 80.2751616, 13.0817259 ] ] } },
{ "type": "Feature", "properties": { "name": "Pallavan Salai", "highway": "secondary", "slope_pct": 0.6 }, "geometry": { "type": "LineString", "coordinates": [ [ 80.275141, 13.0814289 ], [ 80.2751566, 13.0816211 ] ] } },
{ "type": "Feature", "properties": { "name": "Raja Muthiah Road", "highway": "secondary", "slope_pct": 0.6 }, "geometry": { "type": "LineString", "coordinates": [ [ 80.2698748, 13.0885645 ], [ 80.2698708, 13.0884649 ], [ 80.2698109, 13.0878303 ], [ 80.2698109, 13.0876409 ], [ 80.2698433, 13.0875146 ], [ 80.2698628, 13.08747 ], [ 80.2701397, 13.0868932 ], [ 80.2701946, 13.0867605 ], [ 80.2702287, 13.0866822 ], [ 80.2702453, 13.0865959 ], [ 80.2702574, 13.0859666 ], [ 80.2702767, 13.0857033 ], [ 80.2703704, 13.0852101 ], [ 80.2703889, 13.0851011 ], [ 80.2704641, 13.0845825 ], [ 80.270516, 13.0842968 ] ] } },
{ "type": "Feature", "properties": { "name": "Kenneth Lane", "highway": "residential", "slope_pct": 0.6 }, "geometry": { "type": "LineString", "coordinates": [ [ 80.2627689, 13.07472 ], [ 80.2627698, 13.0746219 ] ] } },
{ "type": "Feature", "properties": { "name": "Pantheon Road", "highway": "secondary", "slope_pct": 0.6 }, "geometry": { "type": "LineString", "coordinates": [ [ 80.2627689, 13.07472 ], [ 80.2638107, 13.0754793 ], [ 80.2641198, 13.0756967 ], [ 80.2642474, 13.0757868 ] ] } },
{ "type": "Feature", "properties": { "name": "Kenneth Lane", "highway": "residential", "slope_pct": 0.6 }, "geometry": { "type": "LineString", "coordinates": [ [ 80.2623028, 13.0777391 ], [ 80.2624214, 13.0769868 ], [ 80.262468, 13.0766897 ], [ 80.2625097, 13.076425 ], [ 80.2625585, 13.0761028 ], [ 80.2625869, 13.0759151 ], [ 80.2626282, 13.0756426 ] ] } },
{ "type": "Feature", "properties": { "name": "Gandhi Irwin Road", "highway": "secondary", "slope_pct": 0.6 }, "geometry": { "type": "LineString", "coordinates": [ [ 80.2600535, 13.0764883 ], [ 80.2599815, 13.076384 ], [ 80.2596555, 13.0759867 ], [ 80.2595446, 13.0758741 ], [ 80.2594808, 13.0758218 ] ] } },
{ "type": "Feature", "properties": { "name": "Urban Corridor", "highway": "tertiary", "slope_pct": 0.6 }, "geometry": { "type": "LineString", "coordinates": [ [ 80.2724832, 13.0826638 ], [ 80.2729249, 13.0827296 ], [ 80.2730543, 13.082712 ] ] } },
{ "type": "Feature", "properties": { "name": "Urban Corridor", "highway": "tertiary", "slope_pct": 0.6 }, "geometry": { "type": "LineString", "coordinates": [ [ 80.2724832, 13.0826638 ], [ 80.272391, 13.0829411 ], [ 80.2721093, 13.0835307 ], [ 80.2720669, 13.0835747 ], [ 80.2720105, 13.0836142 ], [ 80.2719415, 13.0836297 ], [ 80.2718602, 13.0836369 ], [ 80.271081, 13.0835668 ], [ 80.2710487, 13.0835628 ], [ 80.2710206, 13.0835758 ], [ 80.2710117, 13.0835937 ], [ 80.2708938, 13.0842273 ] ] } },
{ "type": "Feature", "properties": { "name": "Urban Corridor", "highway": "secondary_link", "slope_pct": 0.6 }, "geometry": { "type": "LineString", "coordinates": [ [ 80.2793323, 13.0845727 ], [ 80.2792435, 13.0845852 ] ] } },
{ "type": "Feature", "properties": { "name": "Frazer Bridge Road", "highway": "tertiary_link", "slope_pct": 0.6 }, "geometry": { "type": "LineString", "coordinates": [ [ 80.2838377, 13.0851331 ], [ 80.2838494, 13.0852064 ], [ 80.2838306, 13.0852848 ], [ 80.2837658, 13.085356 ], [ 80.2836753, 13.0854149 ] ] } },
{ "type": "Feature", "properties": { "name": "Anna Salai", "highway": "primary", "slope_pct": 0.6 }, "geometry": { "type": "LineString", "coordinates": [ [ 80.2764982, 13.0737818 ], [ 80.2768684, 13.0741199 ] ] } },
{ "type": "Feature", "properties": { "name": "Urban Corridor", "highway": "residential", "slope_pct": 0.6 }, "geometry": { "type": "LineString", "coordinates": [ [ 80.2582609, 13.0707304 ], [ 80.2584816, 13.0704721 ], [ 80.2588267, 13.070076 ], [ 80.2589161, 13.0699109 ], [ 80.258913, 13.0697668 ], [ 80.2594891, 13.0690946 ] ] } },
{ "type": "Feature", "properties": { "name": "Anna Salai (Mount Road)", "highway": "primary", "slope_pct": 0.6 }, "geometry": { "type": "LineString", "coordinates": [ [ 80.2747056, 13.0719588 ], [ 80.2746906, 13.071935 ], [ 80.274538, 13.0716919 ], [ 80.2744964, 13.0715696 ], [ 80.2744553, 13.0714735 ], [ 80.2741381, 13.0707874 ], [ 80.2740004, 13.0706193 ], [ 80.2739918, 13.0706117 ], [ 80.2737145, 13.0703667 ], [ 80.273309, 13.0700505 ], [ 80.2730842, 13.0698825 ], [ 80.2728784, 13.0697211 ], [ 80.2726449, 13.069515 ], [ 80.2724678, 13.0693235 ], [ 80.2722483, 13.0690471 ], [ 80.272091, 13.068774 ], [ 80.2720246, 13.0686211 ], [ 80.271881, 13.0684298 ] ] } },
{ "type": "Feature", "properties": { "name": "Rukmani Lakshmipathi Road", "highway": "tertiary", "slope_pct": 0.6 }, "geometry": { "type": "LineString", "coordinates": [ [ 80.2612193, 13.0729209 ], [ 80.261205, 13.073127 ] ] } },
{ "type": "Feature", "properties": { "name": "Rukmani Lakshmipathi Road", "highway": "tertiary", "slope_pct": 0.6 }, "geometry": { "type": "LineString", "coordinates": [ [ 80.2611099, 13.0712493 ], [ 80.2611302, 13.0714882 ], [ 80.2611516, 13.0718866 ], [ 80.2612193, 13.0729209 ] ] } },
{ "type": "Feature", "properties": { "name": "Gandhi Irwin Road", "highway": "secondary", "slope_pct": 0.6 }, "geometry": { "type": "LineString", "coordinates": [ [ 80.2633186, 13.0781006 ], [ 80.2629619, 13.0779624 ], [ 80.262731, 13.0778872 ], [ 80.2623992, 13.0777758 ], [ 80.2623028, 13.0777391 ] ] } },
{ "type": "Feature", "properties": { "name": "Swami Sivananda Salai", "highway": "secondary", "slope_pct": 0.6 }, "geometry": { "type": "LineString", "coordinates": [ [ 80.2743746, 13.0717936 ], [ 80.274538, 13.0716919 ] ] } },
{ "type": "Feature", "properties": { "name": "Urban Corridor", "highway": "primary_link", "slope_pct": 0.6 }, "geometry": { "type": "LineString", "coordinates": [ [ 80.2739583, 13.0722422 ], [ 80.2740821, 13.0721818 ], [ 80.2741867, 13.0720779 ], [ 80.2742752, 13.0719917 ], [ 80.2743423, 13.071976 ], [ 80.2744053, 13.0719741 ], [ 80.274471, 13.0719839 ], [ 80.274623, 13.0720436 ] ] } },
{ "type": "Feature", "properties": { "name": "Deputy Mayor Kabalamurthy Road", "highway": "secondary", "slope_pct": 0.6 }, "geometry": { "type": "LineString", "coordinates": [ [ 80.2744964, 13.0715696 ], [ 80.2743139, 13.0716541 ] ] } },
{ "type": "Feature", "properties": { "name": "Urban Corridor", "highway": "residential", "slope_pct": 0.6 }, "geometry": { "type": "LineString", "coordinates": [ [ 80.2583613, 13.0708248 ], [ 80.2587117, 13.0704711 ], [ 80.2591851, 13.0706919 ], [ 80.2594668, 13.0708042 ], [ 80.2597618, 13.070961 ] ] } },
{ "type": "Feature", "properties": { "name": "Halls Road", "highway": "secondary", "slope_pct": 0.6 }, "geometry": { "type": "LineString", "coordinates": [ [ 80.2580748, 13.0752085 ], [ 80.2575798, 13.0747226 ] ] } },
{ "type": "Feature", "properties": { "name": "Urban Corridor", "highway": "residential", "slope_pct": 0.6 }, "geometry": { "type": "LineString", "coordinates": [ [ 80.2656336, 13.0828801 ], [ 80.2656779, 13.0838417 ] ] } },
{ "type": "Feature", "properties": { "name": "Urban Corridor", "highway": "residential", "slope_pct": 0.6 }, "geometry": { "type": "LineString", "coordinates": [ [ 80.2686019, 13.0937566 ], [ 80.2685393, 13.0937455 ], [ 80.2684213, 13.0937245 ], [ 80.2679104, 13.0937467 ], [ 80.2678862, 13.0937488 ], [ 80.267331, 13.0937964 ] ] } },
{ "type": "Feature", "properties": { "name": "CORPORATION LANE 1ST STREET", "highway": "residential", "slope_pct": 0.6 }, "geometry": { "type": "LineString", "coordinates": [ [ 80.2595401, 13.0945609 ], [ 80.259543, 13.0947643 ], [ 80.2600332, 13.0947866 ], [ 80.260036, 13.0945808 ] ] } },
{ "type": "Feature", "properties": { "name": "CORPORATION LANE 2ND STREET", "highway": "residential", "slope_pct": 0.6 }, "geometry": { "type": "LineString", "coordinates": [ [ 80.259544, 13.0943615 ], [ 80.2595401, 13.0945609 ], [ 80.260036, 13.0945808 ], [ 80.2600416, 13.0944378 ] ] } },
{ "type": "Feature", "properties": { "name": "Urban Corridor", "highway": "residential", "slope_pct": 0.6 }, "geometry": { "type": "LineString", "coordinates": [ [ 80.2622238, 13.0742685 ], [ 80.2621663, 13.0743469 ], [ 80.262086, 13.0744566 ], [ 80.2620533, 13.0745013 ], [ 80.2620326, 13.0745394 ], [ 80.2620199, 13.0745748 ], [ 80.262003, 13.0746516 ] ] } },
{ "type": "Feature", "properties": { "name": "Urban Corridor", "highway": "residential", "slope_pct": 0.6 }, "geometry": { "type": "LineString", "coordinates": [ [ 80.2618886, 13.0739823 ], [ 80.2617225, 13.074172 ], [ 80.2616823, 13.0742582 ], [ 80.2616715, 13.074347 ], [ 80.2617037, 13.0747128 ] ] } },
{ "type": "Feature", "properties": { "name": "Netaji Subhash Chandra Bose Road", "highway": "secondary", "slope_pct": 0.6 }, "geometry": { "type": "LineString", "coordinates": [ [ 80.2838631, 13.0883365 ], [ 80.2835776, 13.0883156 ] ] } },
{ "type": "Feature", "properties": { "name": "General Hospital Road", "highway": "primary", "slope_pct": 0.6 }, "geometry": { "type": "LineString", "coordinates": [ [ 80.2751566, 13.0816211 ], [ 80.2750642, 13.081602 ] ] } },
{ "type": "Feature", "properties": { "name": "General Hospital Road", "highway": "primary", "slope_pct": 0.6 }, "geometry": { "type": "LineString", "coordinates": [ [ 80.2747988, 13.0815952 ], [ 80.2740083, 13.0815287 ], [ 80.2739881, 13.081527 ], [ 80.2734253, 13.0814141 ] ] } },
{ "type": "Feature", "properties": { "name": "General Hospital Road", "highway": "primary", "slope_pct": 0.6 }, "geometry": { "type": "LineString", "coordinates": [ [ 80.2747888, 13.0816988 ], [ 80.275054, 13.0817081 ] ] } },
{ "type": "Feature", "properties": { "name": "General Hospital Road", "highway": "primary", "slope_pct": 0.6 }, "geometry": { "type": "LineString", "coordinates": [ [ 80.2750642, 13.081602 ], [ 80.2747988, 13.0815952 ] ] } },
{ "type": "Feature", "properties": { "name": "Urban Corridor", "highway": "residential", "slope_pct": 0.6 }, "geometry": { "type": "LineString", "coordinates": [ [ 80.2703792, 13.0820856 ], [ 80.2700137, 13.0821327 ], [ 80.2695893, 13.0821431 ] ] } },
{ "type": "Feature", "properties": { "name": "Urban Corridor", "highway": "residential", "slope_pct": 0.6 }, "geometry": { "type": "LineString", "coordinates": [ [ 80.2691979, 13.088458 ], [ 80.2691228, 13.0879954 ] ] } },
{ "type": "Feature", "properties": { "name": "ANDIAPPA LANE", "highway": "residential", "slope_pct": 0.6 }, "geometry": { "type": "LineString", "coordinates": [ [ 80.2651812, 13.0924835 ], [ 80.2656331, 13.0924221 ] ] } },
{ "type": "Feature", "properties": { "name": "Urban Corridor", "highway": "residential", "slope_pct": 0.6 }, "geometry": { "type": "LineString", "coordinates": [ [ 80.2612151, 13.0911776 ], [ 80.2610864, 13.0904438 ] ] } },
{ "type": "Feature", "properties": { "name": "Urban Corridor", "highway": "residential", "slope_pct": 0.6 }, "geometry": { "type": "LineString", "coordinates": [ [ 80.2588464, 13.0931025 ], [ 80.2589141, 13.0931016 ], [ 80.2589767, 13.0931013 ], [ 80.2590086, 13.0931011 ], [ 80.2590533, 13.0931008 ], [ 80.2591026, 13.0931006 ], [ 80.2591456, 13.0931003 ], [ 80.2592036, 13.0931 ], [ 80.2592779, 13.0930996 ], [ 80.2593521, 13.0930992 ], [ 80.2593629, 13.0931056 ], [ 80.2593716, 13.0931138 ], [ 80.2593772, 13.093125 ], [ 80.259379, 13.0931889 ], [ 80.2593809, 13.0932528 ], [ 80.2593824, 13.0933085 ], [ 80.2593836, 13.0933495 ], [ 80.2593844, 13.0933801 ], [ 80.2593856, 13.09342 ], [ 80.2593851, 13.0934383 ], [ 80.2593732, 13.0934906 ] ] } },
{ "type": "Feature", "properties": { "name": "Urban Corridor", "highway": "residential", "slope_pct": 0.6 }, "geometry": { "type": "LineString", "coordinates": [ [ 80.2587102, 13.0802786 ], [ 80.2585794, 13.0802754 ], [ 80.2585484, 13.0802746 ], [ 80.2584212, 13.0802716 ], [ 80.2580782, 13.0802966 ], [ 80.2579682, 13.0803053 ], [ 80.257949, 13.0803208 ], [ 80.2579434, 13.0803486 ], [ 80.2579482, 13.0805182 ], [ 80.2579677, 13.0805493 ], [ 80.257993, 13.0805625 ], [ 80.2580407, 13.0805607 ], [ 80.2584903, 13.0805357 ], [ 80.2585207, 13.0805233 ], [ 80.2585427, 13.0804971 ], [ 80.2585484, 13.0802746 ] ] } },
{ "type": "Feature", "properties": { "name": "Urban Corridor", "highway": "residential", "slope_pct": 0.6 }, "geometry": { "type": "LineString", "coordinates": [ [ 80.2583322, 13.0810196 ], [ 80.2580409, 13.0810561 ], [ 80.2580211, 13.0810596 ], [ 80.2578083, 13.0810965 ], [ 80.2576454, 13.0811248 ] ] } },
{ "type": "Feature", "properties": { "name": "Urban Corridor", "highway": "residential", "slope_pct": 0.6 }, "geometry": { "type": "LineString", "coordinates": [ [ 80.2585796, 13.0830731 ], [ 80.2584529, 13.0831045 ], [ 80.258054, 13.0831222 ], [ 80.2576908, 13.0831384 ] ] } },
{ "type": "Feature", "properties": { "name": "Urban Corridor", "highway": "residential", "slope_pct": 0.6 }, "geometry": { "type": "LineString", "coordinates": [ [ 80.267019, 13.0961711 ], [ 80.2664828, 13.0962342 ], [ 80.2663863, 13.0958737 ], [ 80.2661958, 13.0951202 ] ] } },
{ "type": "Feature", "properties": { "name": "Urban Corridor", "highway": "residential", "slope_pct": 0.6 }, "geometry": { "type": "LineString", "coordinates": [ [ 80.2647505, 13.0951546 ], [ 80.2648284, 13.0951394 ], [ 80.2649465, 13.0950984 ], [ 80.264961, 13.095089 ], [ 80.264967, 13.0950738 ], [ 80.2649625, 13.0950568 ], [ 80.2649385, 13.0950111 ], [ 80.2649327, 13.0949936 ], [ 80.2649355, 13.0949804 ], [ 80.2649492, 13.0949693 ], [ 80.26497, 13.0949622 ], [ 80.2650712, 13.0949409 ], [ 80.2652579, 13.09489 ] ] } },
{ "type": "Feature", "properties": { "name": "Urban Corridor", "highway": "residential", "slope_pct": 0.6 }, "geometry": { "type": "LineString", "coordinates": [ [ 80.2599311, 13.0934868 ], [ 80.2599332, 13.0934588 ], [ 80.2599352, 13.0934307 ], [ 80.2599499, 13.0932308 ] ] } },
{ "type": "Feature", "properties": { "name": "Urban Corridor", "highway": "residential", "slope_pct": 0.6 }, "geometry": { "type": "LineString", "coordinates": [ [ 80.2606144, 13.0884814 ], [ 80.2610869, 13.0885284 ] ] } },
{ "type": "Feature", "properties": { "name": "Urban Corridor", "highway": "residential", "slope_pct": 0.6 }, "geometry": { "type": "LineString", "coordinates": [ [ 80.2578155, 13.0847454 ], [ 80.2571398, 13.0845829 ], [ 80.2571287, 13.0845776 ], [ 80.2571203, 13.0845683 ], [ 80.2571166, 13.0845587 ], [ 80.257118, 13.0845418 ], [ 80.2571699, 13.0843389 ] ] } },
{ "type": "Feature", "properties": { "name": "Urban Corridor", "highway": "residential", "slope_pct": 0.6 }, "geometry": { "type": "LineString", "coordinates": [ [ 80.2588937, 13.0940602 ], [ 80.2588437, 13.0940565 ], [ 80.2588177, 13.0940565 ], [ 80.2587042, 13.0940518 ], [ 80.2585907, 13.094047 ], [ 80.2584903, 13.0940428 ], [ 80.2583967, 13.0940389 ], [ 80.2582857, 13.0940342 ], [ 80.2581767, 13.0940297 ] ] } },
{ "type": "Feature", "properties": { "name": "Urban Corridor", "highway": "residential", "slope_pct": 0.6 }, "geometry": { "type": "LineString", "coordinates": [ [ 80.2573576, 13.0944787 ], [ 80.2579141, 13.0945192 ] ] } },
{ "type": "Feature", "properties": { "name": "Urban Corridor", "highway": "residential", "slope_pct": 0.6 }, "geometry": { "type": "LineString", "coordinates": [ [ 80.2576753, 13.0686889 ], [ 80.2577258, 13.068732 ], [ 80.2580701, 13.0690265 ], [ 80.2583186, 13.069239 ], [ 80.257962, 13.0696738 ], [ 80.2573297, 13.0691311 ], [ 80.2572689, 13.0690789 ] ] } },
{ "type": "Feature", "properties": { "name": "Netaji Subhash Chandra Bose Road", "highway": "secondary", "slope_pct": 0.6 }, "geometry": { "type": "LineString", "coordinates": [ [ 80.2852273, 13.0883818 ], [ 80.284709, 13.0883649 ], [ 80.2840425, 13.0883431 ], [ 80.2838631, 13.0883365 ] ] } },
{ "type": "Feature", "properties": { "name": "Muthuswamy Road", "highway": "primary", "slope_pct": 0.6 }, "geometry": { "type": "LineString", "coordinates": [ [ 80.2816254, 13.0822677 ], [ 80.2816954, 13.082379 ] ] } },
{ "type": "Feature", "properties": { "name": "General Hospital Road", "highway": "primary", "slope_pct": 0.6 }, "geometry": { "type": "LineString", "coordinates": [ [ 80.2751616, 13.0817259 ], [ 80.2752772, 13.081732 ] ] } },
{ "type": "Feature", "properties": { "name": "Adithanar Road", "highway": "secondary", "slope_pct": 0.6 }, "geometry": { "type": "LineString", "coordinates": [ [ 80.2613167, 13.0732338 ], [ 80.2613789, 13.0731926 ], [ 80.2614499, 13.0731501 ], [ 80.2615296, 13.0731108 ], [ 80.2616616, 13.0730611 ], [ 80.2620643, 13.0729213 ], [ 80.262472, 13.0727933 ], [ 80.2625902, 13.0727188 ] ] } },
{ "type": "Feature", "properties": { "name": "General Hospital Road", "highway": "primary", "slope_pct": 0.6 }, "geometry": { "type": "LineString", "coordinates": [ [ 80.2754935, 13.0816317 ], [ 80.2751566, 13.0816211 ] ] } },
{ "type": "Feature", "properties": { "name": "Urban Corridor", "highway": "residential", "slope_pct": 0.6 }, "geometry": { "type": "LineString", "coordinates": [ [ 80.2701574, 13.0866597 ], [ 80.2702287, 13.0866822 ] ] } },
{ "type": "Feature", "properties": { "name": "Deputy Mayor Kabalamurthy Road", "highway": "secondary", "slope_pct": 0.6 }, "geometry": { "type": "LineString", "coordinates": [ [ 80.2737981, 13.0725602 ], [ 80.2738616, 13.0724317 ], [ 80.2738784, 13.0723988 ], [ 80.2739583, 13.0722422 ] ] } },
{ "type": "Feature", "properties": { "name": "Arunachalam Street", "highway": "secondary", "slope_pct": 0.6 }, "geometry": { "type": "LineString", "coordinates": [ [ 80.2718636, 13.0748757 ], [ 80.2719897, 13.0748261 ], [ 80.2721639, 13.0747475 ], [ 80.2731206, 13.0743279 ], [ 80.2733439, 13.0742366 ], [ 80.2734141, 13.0741838 ], [ 80.2734558, 13.0741256 ], [ 80.2734774, 13.0740834 ] ] } },
{ "type": "Feature", "properties": { "name": "Ritchie Street", "highway": "residential", "slope_pct": 0.6 }, "geometry": { "type": "LineString", "coordinates": [ [ 80.272458, 13.0726529 ], [ 80.2725504, 13.072691 ], [ 80.2727259, 13.072697 ], [ 80.2729494, 13.0726634 ], [ 80.2737981, 13.0725602 ] ] } },
{ "type": "Feature", "properties": { "name": "Anna Salai (Mount Road)", "highway": "primary", "slope_pct": 0.6 }, "geometry": { "type": "LineString", "coordinates": [ [ 80.2743139, 13.0716541 ], [ 80.2743746, 13.0717936 ], [ 80.274623, 13.0720436 ] ] } },
{ "type": "Feature", "properties": { "name": "Netaji Subhash Chandra Bose Road", "highway": "secondary", "slope_pct": 0.6 }, "geometry": { "type": "LineString", "coordinates": [ [ 80.2835776, 13.0883156 ], [ 80.2833667, 13.0883141 ], [ 80.283003, 13.0883004 ], [ 80.2828691, 13.088301 ], [ 80.2827697, 13.0883044 ], [ 80.2826321, 13.0883115 ], [ 80.282541, 13.0883111 ] ] } },
{ "type": "Feature", "properties": { "name": "Urban Corridor", "highway": "residential", "slope_pct": 0.6 }, "geometry": { "type": "LineString", "coordinates": [ [ 80.2638439, 13.0946739 ], [ 80.263847, 13.094763 ], [ 80.2638525, 13.0949044 ], [ 80.2638508, 13.0950153 ] ] } },
{ "type": "Feature", "properties": { "name": "Urban Corridor", "highway": "residential", "slope_pct": 0.6 }, "geometry": { "type": "LineString", "coordinates": [ [ 80.2819606, 13.0856691 ], [ 80.2819658, 13.0857596 ], [ 80.2819808, 13.0858362 ], [ 80.2820286, 13.086246 ], [ 80.2820631, 13.0862747 ], [ 80.2825722, 13.0862141 ], [ 80.2827957, 13.0861888 ], [ 80.2832962, 13.0861283 ], [ 80.2833882, 13.0861077 ], [ 80.2834151, 13.0860571 ], [ 80.2834184, 13.0860165 ], [ 80.2833819, 13.0856632 ], [ 80.283381, 13.085578 ], [ 80.283417, 13.0854975 ] ] } },
{ "type": "Feature", "properties": { "name": "Urban Corridor", "highway": "residential", "slope_pct": 0.6 }, "geometry": { "type": "LineString", "coordinates": [ [ 80.2819808, 13.0858362 ], [ 80.2833819, 13.0856632 ] ] } },
{ "type": "Feature", "properties": { "name": "Urban Corridor", "highway": "tertiary_link", "slope_pct": 0.6 }, "geometry": { "type": "LineString", "coordinates": [ [ 80.2836753, 13.0854149 ], [ 80.2836867, 13.0853558 ], [ 80.2836938, 13.0853083 ], [ 80.2836938, 13.0851895 ], [ 80.2836834, 13.0850451 ] ] } },
{ "type": "Feature", "properties": { "name": "Veerapan Street", "highway": "residential", "slope_pct": 0.6 }, "geometry": { "type": "LineString", "coordinates": [ [ 80.2779035, 13.0903885 ], [ 80.2781428, 13.0903466 ] ] } },
{ "type": "Feature", "properties": { "name": "Urban Corridor", "highway": "residential", "slope_pct": 0.6 }, "geometry": { "type": "LineString", "coordinates": [ [ 80.2698823, 13.090189 ], [ 80.2699315, 13.0901859 ], [ 80.2700804, 13.0901507 ], [ 80.2703397, 13.0900357 ], [ 80.2705758, 13.0899713 ], [ 80.2706902, 13.0899347 ], [ 80.2707635, 13.0899208 ], [ 80.2708851, 13.0899452 ], [ 80.2709835, 13.0900305 ], [ 80.2711408, 13.0904241 ] ] } },
{ "type": "Feature", "properties": { "name": "Urban Corridor", "highway": "secondary_link", "slope_pct": 0.6 }, "geometry": { "type": "LineString", "coordinates": [ [ 80.2816514, 13.0880904 ], [ 80.2816246, 13.0880855 ], [ 80.2816083, 13.0880836 ], [ 80.2815825, 13.0880831 ], [ 80.2815631, 13.0880849 ], [ 80.2815356, 13.088092 ], [ 80.2815131, 13.0880993 ], [ 80.2814963, 13.0881058 ], [ 80.2814826, 13.0881131 ], [ 80.2814786, 13.0881153 ], [ 80.2814574, 13.0881305 ], [ 80.2814371, 13.0881499 ], [ 80.2814245, 13.0881654 ], [ 80.2814177, 13.0881797 ] ] } },
{ "type": "Feature", "properties": { "name": "Urban Corridor", "highway": "secondary_link", "slope_pct": 0.6 }, "geometry": { "type": "LineString", "coordinates": [ [ 80.282541, 13.0883111 ], [ 80.2825575, 13.0884283 ] ] } },
{ "type": "Feature", "properties": { "name": "Urban Corridor", "highway": "residential", "slope_pct": 0.6 }, "geometry": { "type": "LineString", "coordinates": [ [ 80.2590783, 13.0961214 ], [ 80.2591852, 13.0961103 ], [ 80.2592821, 13.0960891 ], [ 80.2593038, 13.0960844 ], [ 80.2593798, 13.0961747 ], [ 80.2594187, 13.0961986 ], [ 80.2594718, 13.0962085 ], [ 80.2600229, 13.0961449 ], [ 80.2600628, 13.0961536 ], [ 80.2600889, 13.0961794 ], [ 80.2601309, 13.0964789 ], [ 80.2601444, 13.0965003 ], [ 80.2601697, 13.0965079 ], [ 80.2605484, 13.0964597 ], [ 80.2605815, 13.0964716 ], [ 80.2606035, 13.0964991 ], [ 80.2606597, 13.0968454 ], [ 80.2606816, 13.0968822 ], [ 80.2607276, 13.0968972 ], [ 80.2609792, 13.0968473 ] ] } },
{ "type": "Feature", "properties": { "name": "Urban Corridor", "highway": "residential", "slope_pct": 0.6 }, "geometry": { "type": "LineString", "coordinates": [ [ 80.2592821, 13.0960891 ], [ 80.2591914, 13.0951162 ], [ 80.2591991, 13.0950676 ], [ 80.2592485, 13.0950449 ], [ 80.2599628, 13.0950258 ], [ 80.260189, 13.0950004 ], [ 80.2602057, 13.0952921 ] ] } },
{ "type": "Feature", "properties": { "name": "Netaji Subhash Chandra Bose Road", "highway": "tertiary", "slope_pct": 0.6 }, "geometry": { "type": "LineString", "coordinates": [ [ 80.2811951, 13.0886905 ], [ 80.2807928, 13.088777 ], [ 80.2805956, 13.0888471 ], [ 80.2802807, 13.0889591 ], [ 80.280248, 13.0889707 ], [ 80.2796713, 13.089204 ], [ 80.2792606, 13.0893649 ], [ 80.2789136, 13.0894808 ] ] } },
{ "type": "Feature", "properties": { "name": "Mint Street", "highway": "residential", "slope_pct": 0.6 }, "geometry": { "type": "LineString", "coordinates": [ [ 80.2789136, 13.0894808 ], [ 80.2790662, 13.0903945 ], [ 80.2792333, 13.0913808 ], [ 80.2792627, 13.0915757 ], [ 80.2792763, 13.0916423 ], [ 80.2793299, 13.09197 ], [ 80.279421, 13.0927747 ] ] } },
{ "type": "Feature", "properties": { "name": "Audiappa Naicken Street", "highway": "tertiary", "slope_pct": 0.6 }, "geometry": { "type": "LineString", "coordinates": [ [ 80.279421, 13.0927747 ], [ 80.2789109, 13.0928401 ], [ 80.2784963, 13.0929075 ], [ 80.2780562, 13.0930844 ], [ 80.2779943, 13.0930819 ], [ 80.2777546, 13.0931484 ], [ 80.277525, 13.0931786 ], [ 80.2774341, 13.0932171 ] ] } },
{ "type": "Feature", "properties": { "name": "Police Quarters Lane", "highway": "residential", "slope_pct": 0.6 }, "geometry": { "type": "LineString", "coordinates": [ [ 80.2630389, 13.0672383 ], [ 80.2630278, 13.067531 ], [ 80.263017, 13.0678237 ], [ 80.2630062, 13.0681058 ], [ 80.2630022, 13.0682109 ], [ 80.2629957, 13.0683824 ], [ 80.262987, 13.0686133 ], [ 80.2629852, 13.0686596 ], [ 80.262978, 13.0689039 ], [ 80.2629772, 13.0689318 ], [ 80.2629738, 13.0689503 ], [ 80.2629631, 13.0689764 ], [ 80.2629081, 13.0690901 ], [ 80.2628799, 13.0691345 ], [ 80.2628075, 13.069228 ] ] } },
{ "type": "Feature", "properties": { "name": "Urban Corridor", "highway": "residential", "slope_pct": 0.6 }, "geometry": { "type": "LineString", "coordinates": [ [ 80.2623487, 13.068372 ], [ 80.2623501, 13.068895 ], [ 80.2623515, 13.068939 ], [ 80.2623537, 13.0689714 ], [ 80.2623584, 13.0689957 ], [ 80.2623693, 13.069033 ], [ 80.2623786, 13.0690547 ], [ 80.2623923, 13.0690792 ], [ 80.2624262, 13.0691266 ], [ 80.2624617, 13.0691652 ], [ 80.2624862, 13.0691866 ], [ 80.2625006, 13.0691949 ], [ 80.2625226, 13.0692011 ], [ 80.262745, 13.0692077 ], [ 80.2627608, 13.0692087 ], [ 80.2627732, 13.069211 ], [ 80.2627838, 13.0692148 ], [ 80.2628075, 13.069228 ] ] } },
{ "type": "Feature", "properties": { "name": "Ranganathan Lane", "highway": "residential", "slope_pct": 0.6 }, "geometry": { "type": "LineString", "coordinates": [ [ 80.2628075, 13.069228 ], [ 80.2629175, 13.0693098 ], [ 80.262951, 13.0693405 ], [ 80.2629784, 13.0693702 ], [ 80.2629966, 13.069394 ], [ 80.263011, 13.0694224 ], [ 80.2630234, 13.0694554 ], [ 80.2630327, 13.069487 ], [ 80.2630422, 13.0695286 ], [ 80.2630493, 13.0695847 ], [ 80.2630542, 13.0696409 ], [ 80.2630674, 13.0705504 ] ] } },
{ "type": "Feature", "properties": { "name": "Urban Corridor", "highway": "secondary_link", "slope_pct": 0.6 }, "geometry": { "type": "LineString", "coordinates": [ [ 80.2709288, 13.0813354 ], [ 80.2709484, 13.081272 ], [ 80.2709678, 13.0812374 ], [ 80.2709873, 13.0812086 ], [ 80.2710054, 13.0811919 ], [ 80.2710362, 13.0811668 ], [ 80.2710717, 13.0811453 ], [ 80.2711214, 13.0811231 ], [ 80.271179, 13.0811087 ], [ 80.2712313, 13.0811041 ], [ 80.2712682, 13.0811015 ], [ 80.2713216, 13.0811033 ] ] } },
{ "type": "Feature", "properties": { "name": "Raja Muthiah Road", "highway": "secondary", "slope_pct": 0.6 }, "geometry": { "type": "LineString", "coordinates": [ [ 80.2709372, 13.0808678 ], [ 80.2709194, 13.0809633 ] ] } },
{ "type": "Feature", "properties": { "name": "General Hospital Road", "highway": "primary", "slope_pct": 0.6 }, "geometry": { "type": "LineString", "coordinates": [ [ 80.2709854, 13.0810014 ], [ 80.2710253, 13.0810203 ], [ 80.2710633, 13.0810355 ], [ 80.271122, 13.0810532 ] ] } },
{ "type": "Feature", "properties": { "name": "Urban Corridor", "highway": "residential", "slope_pct": 0.6 }, "geometry": { "type": "LineString", "coordinates": [ [ 80.2685922, 13.0950283 ], [ 80.2685355, 13.0950416 ], [ 80.2683645, 13.0950819 ], [ 80.2679493, 13.0951813 ], [ 80.267706, 13.0952395 ] ] } },
{ "type": "Feature", "properties": { "name": "Urban Corridor", "highway": "residential", "slope_pct": 0.6 }, "geometry": { "type": "LineString", "coordinates": [ [ 80.2678938, 13.0960175 ], [ 80.2677933, 13.0956012 ], [ 80.267706, 13.0952395 ], [ 80.2675772, 13.0947059 ], [ 80.2675491, 13.0945893 ] ] } },
{ "type": "Feature", "properties": { "name": "Urban Corridor", "highway": "residential", "slope_pct": 0.6 }, "geometry": { "type": "LineString", "coordinates": [ [ 80.2682605, 13.0946923 ], [ 80.268273, 13.0947107 ], [ 80.2683645, 13.0950819 ], [ 80.2684624, 13.0954715 ] ] } },
{ "type": "Feature", "properties": { "name": "Urban Corridor", "highway": "residential", "slope_pct": 0.6 }, "geometry": { "type": "LineString", "coordinates": [ [ 80.2682605, 13.0946923 ], [ 80.2682381, 13.0946851 ], [ 80.2678815, 13.094768 ], [ 80.2678601, 13.0947864 ] ] } },
{ "type": "Feature", "properties": { "name": "Urban Corridor", "highway": "residential", "slope_pct": 0.6 }, "geometry": { "type": "LineString", "coordinates": [ [ 80.2680389, 13.0955578 ], [ 80.2679493, 13.0951813 ], [ 80.2678563, 13.09481 ], [ 80.2678601, 13.0947864 ] ] } },
{ "type": "Feature", "properties": { "name": "Urban Corridor", "highway": "residential", "slope_pct": 0.6 }, "geometry": { "type": "LineString", "coordinates": [ [ 80.2678938, 13.0960175 ], [ 80.2674918, 13.0961118 ] ] } },
{ "type": "Feature", "properties": { "name": "Urban Corridor", "highway": "residential", "slope_pct": 0.6 }, "geometry": { "type": "LineString", "coordinates": [ [ 80.2674918, 13.0961118 ], [ 80.2674872, 13.0960936 ], [ 80.2673861, 13.0956955 ], [ 80.2673775, 13.0956616 ], [ 80.2672586, 13.0951938 ], [ 80.2671432, 13.0947396 ] ] } },
{ "type": "Feature", "properties": { "name": "Urban Corridor", "highway": "residential", "slope_pct": 0.6 }, "geometry": { "type": "LineString", "coordinates": [ [ 80.2677933, 13.0956012 ], [ 80.2673861, 13.0956955 ] ] } },
{ "type": "Feature", "properties": { "name": "Urban Corridor", "highway": "residential", "slope_pct": 0.6 }, "geometry": { "type": "LineString", "coordinates": [ [ 80.2674872, 13.0960936 ], [ 80.2670264, 13.0961979 ] ] } },
{ "type": "Feature", "properties": { "name": "Urban Corridor", "highway": "residential", "slope_pct": 0.6 }, "geometry": { "type": "LineString", "coordinates": [ [ 80.2670264, 13.0961979 ], [ 80.267019, 13.0961711 ], [ 80.266909, 13.0957736 ], [ 80.2667688, 13.0953164 ] ] } },
{ "type": "Feature", "properties": { "name": "Urban Corridor", "highway": "residential", "slope_pct": 0.6 }, "geometry": { "type": "LineString", "coordinates": [ [ 80.2667688, 13.0953164 ], [ 80.2672586, 13.0951938 ] ] } },
{ "type": "Feature", "properties": { "name": "Urban Corridor", "highway": "residential", "slope_pct": 0.6 }, "geometry": { "type": "LineString", "coordinates": [ [ 80.2673775, 13.0956616 ], [ 80.266909, 13.0957736 ] ] } },
{ "type": "Feature", "properties": { "name": "Urban Corridor", "highway": "residential", "slope_pct": 0.6 }, "geometry": { "type": "LineString", "coordinates": [ [ 80.261199, 13.0951435 ], [ 80.2611215, 13.0951477 ], [ 80.2610823, 13.0951512 ], [ 80.2609144, 13.0951564 ], [ 80.2608685, 13.0948472 ], [ 80.2608611, 13.0948377 ], [ 80.2608479, 13.0948361 ], [ 80.260675, 13.094859 ], [ 80.2602715, 13.0949255 ], [ 80.2600025, 13.0949625 ], [ 80.2599628, 13.0950258 ] ] } },
{ "type": "Feature", "properties": { "name": "Gandhi Irwin Road", "highway": "secondary", "slope_pct": 0.6 }, "geometry": { "type": "LineString", "coordinates": [ [ 80.2610651, 13.0774102 ], [ 80.2612507, 13.0774724 ], [ 80.2615618, 13.0775941 ], [ 80.2618437, 13.077686 ], [ 80.2626118, 13.0779293 ], [ 80.2629246, 13.0780284 ], [ 80.2631416, 13.0781114 ], [ 80.2632177, 13.0781759 ], [ 80.2632549, 13.0782162 ] ] } },
{ "type": "Feature", "properties": { "name": "Gandhi Irwin Road", "highway": "secondary", "slope_pct": 0.6 }, "geometry": { "type": "LineString", "coordinates": [ [ 80.2623028, 13.0777391 ], [ 80.2616909, 13.0775023 ], [ 80.2614339, 13.0774141 ], [ 80.2612255, 13.0773425 ], [ 80.2611036, 13.0773407 ] ] } },
{ "type": "Feature", "properties": { "name": "Gandhi Irwin Road", "highway": "secondary", "slope_pct": 0.6 }, "geometry": { "type": "LineString", "coordinates": [ [ 80.2611036, 13.0773407 ], [ 80.2606038, 13.077139 ], [ 80.2603606, 13.0768805 ], [ 80.2601604, 13.0766626 ], [ 80.2600535, 13.0764883 ] ] } },
{ "type": "Feature", "properties": { "name": "Urban Corridor", "highway": "residential", "slope_pct": 0.6 }, "geometry": { "type": "LineString", "coordinates": [ [ 80.2591237, 13.0746825 ], [ 80.2596014, 13.0746612 ], [ 80.2596249, 13.0746686 ], [ 80.2596415, 13.074686 ], [ 80.2597054, 13.0753426 ], [ 80.2596952, 13.0753707 ], [ 80.2596593, 13.0753851 ], [ 80.2593252, 13.0754053 ], [ 80.2593057, 13.0754 ], [ 80.2592985, 13.07538 ], [ 80.2592771, 13.0751536 ], [ 80.2591831, 13.07513 ], [ 80.2591645, 13.0751253 ], [ 80.2591537, 13.0751025 ], [ 80.2591237, 13.0746825 ] ] } },
{ "type": "Feature", "properties": { "name": "Netaji Subhash Chandra Bose Road", "highway": "tertiary", "slope_pct": 0.6 }, "geometry": { "type": "LineString", "coordinates": [ [ 80.2752715, 13.091413 ], [ 80.2752039, 13.0914196 ] ] } },
{ "type": "Feature", "properties": { "name": "Wall Tax Road", "highway": "primary", "slope_pct": 0.6 }, "geometry": { "type": "LineString", "coordinates": [ [ 80.2757841, 13.0866209 ], [ 80.2758306, 13.0861146 ], [ 80.2758922, 13.0855752 ], [ 80.2759538, 13.0851144 ], [ 80.2761403, 13.0836704 ], [ 80.2761675, 13.0834865 ], [ 80.2762541, 13.0828376 ], [ 80.2762629, 13.0827718 ], [ 80.2762866, 13.0825941 ], [ 80.2763411, 13.0821081 ], [ 80.2763581, 13.0819936 ], [ 80.2763827, 13.0819649 ], [ 80.2764993, 13.0819213 ] ] } },
{ "type": "Feature", "properties": { "name": "Bazzar Street", "highway": "residential", "slope_pct": 0.6 }, "geometry": { "type": "LineString", "coordinates": [ [ 80.2689082, 13.0788046 ], [ 80.2694433, 13.0787991 ], [ 80.2700272, 13.0787642 ], [ 80.2704823, 13.078737 ] ] } },
{ "type": "Feature", "properties": { "name": "Ayya Mudali Street", "highway": "tertiary", "slope_pct": 0.6 }, "geometry": { "type": "LineString", "coordinates": [ [ 80.270501, 13.0788138 ], [ 80.2704823, 13.078737 ], [ 80.2704753, 13.0787 ] ] } },
{ "type": "Feature", "properties": { "name": "Dams Road", "highway": "tertiary", "slope_pct": 0.6 }, "geometry": { "type": "LineString", "coordinates": [ [ 80.270501, 13.0788138 ], [ 80.2700584, 13.0790329 ], [ 80.2698953, 13.0791029 ], [ 80.2698298, 13.079128 ], [ 80.2698155, 13.0791325 ], [ 80.2697459, 13.0791543 ], [ 80.2696421, 13.0791834 ], [ 80.2694261, 13.0792314 ], [ 80.2692645, 13.07926 ], [ 80.2690542, 13.0792944 ], [ 80.268948, 13.079308 ], [ 80.2689373, 13.0793087 ], [ 80.2688524, 13.0793139 ], [ 80.268592, 13.0793201 ], [ 80.2684226, 13.0793072 ], [ 80.2682227, 13.0792775 ], [ 80.2680943, 13.0792401 ], [ 80.2679363, 13.0791709 ], [ 80.2677952, 13.0790957 ], [ 80.2676456, 13.0790029 ], [ 80.2675473, 13.0789242 ], [ 80.267481, 13.0788645 ], [ 80.2674563, 13.0788379 ], [ 80.2674246, 13.078803 ], [ 80.2673319, 13.0787012 ] ] } },
{ "type": "Feature", "properties": { "name": "Rex Street", "highway": "residential", "slope_pct": 0.6 }, "geometry": { "type": "LineString", "coordinates": [ [ 80.2689197, 13.0789506 ], [ 80.2683446, 13.0789356 ], [ 80.268027, 13.0789065 ], [ 80.2679715, 13.0788947 ], [ 80.2678886, 13.0788623 ], [ 80.2678555, 13.0788501 ], [ 80.2678224, 13.0788378 ], [ 80.2678188, 13.0788368 ], [ 80.2677754, 13.0788249 ], [ 80.2677384, 13.0788177 ], [ 80.2677059, 13.0788114 ], [ 80.2676324, 13.0788082 ], [ 80.2674246, 13.078803 ] ] } },
{ "type": "Feature", "properties": { "name": "Basin Bridge Road", "highway": "secondary", "slope_pct": 0.6 }, "geometry": { "type": "LineString", "coordinates": [ [ 80.2685475, 13.0945124 ], [ 80.2685715, 13.0944609 ], [ 80.2684607, 13.0940109 ] ] } },
{ "type": "Feature", "properties": { "name": "Urban Corridor", "highway": "residential", "slope_pct": 0.6 }, "geometry": { "type": "LineString", "coordinates": [ [ 80.2609144, 13.0951564 ], [ 80.2607248, 13.0951872 ], [ 80.2607143, 13.0951828 ], [ 80.2607084, 13.0951746 ], [ 80.260675, 13.094859 ] ] } },
{ "type": "Feature", "properties": { "name": "Urban Corridor", "highway": "residential", "slope_pct": 0.6 }, "geometry": { "type": "LineString", "coordinates": [ [ 80.2602715, 13.0949255 ], [ 80.2603273, 13.0952747 ], [ 80.2602057, 13.0952921 ], [ 80.2600548, 13.0953091 ], [ 80.2595868, 13.0953683 ] ] } },
{ "type": "Feature", "properties": { "name": "Urban Corridor", "highway": "residential", "slope_pct": 0.6 }, "geometry": { "type": "LineString", "coordinates": [ [ 80.2600548, 13.0953091 ], [ 80.260071, 13.0954714 ] ] } },
{ "type": "Feature", "properties": { "name": "Audiappa Naicken Street", "highway": "tertiary", "slope_pct": 0.6 }, "geometry": { "type": "LineString", "coordinates": [ [ 80.2811234, 13.0924823 ], [ 80.2807304, 13.0925427 ], [ 80.280641, 13.0925484 ], [ 80.2801565, 13.0926246 ] ] } },
{ "type": "Feature", "properties": { "name": "Govindappa Naicken Street", "highway": "residential", "slope_pct": 0.6 }, "geometry": { "type": "LineString", "coordinates": [ [ 80.2811951, 13.0886905 ], [ 80.281427, 13.0901028 ], [ 80.2815167, 13.0906722 ], [ 80.2815436, 13.0908315 ], [ 80.2817478, 13.0924251 ] ] } },
{ "type": "Feature", "properties": { "name": "Muthuswamy Road", "highway": "primary", "slope_pct": 0.6 }, "geometry": { "type": "LineString", "coordinates": [ [ 80.2819163, 13.0790646 ], [ 80.2817836, 13.0792026 ] ] } },
{ "type": "Feature", "properties": { "name": "Muthuswamy Road", "highway": "primary", "slope_pct": 0.6 }, "geometry": { "type": "LineString", "coordinates": [ [ 80.2818635, 13.0792711 ], [ 80.2820156, 13.0791132 ] ] } },
{ "type": "Feature", "properties": { "name": "Halls Road", "highway": "secondary", "slope_pct": 0.6 }, "geometry": { "type": "LineString", "coordinates": [ [ 80.2575522, 13.0746883 ], [ 80.2575401, 13.0746876 ], [ 80.2575286, 13.0746909 ], [ 80.2575188, 13.0746977 ], [ 80.2575121, 13.0747069 ], [ 80.2575087, 13.0747176 ], [ 80.2575091, 13.0747288 ], [ 80.2575131, 13.0747394 ], [ 80.2575203, 13.0747481 ], [ 80.2575301, 13.0747541 ], [ 80.2575413, 13.0747568 ], [ 80.2575528, 13.0747559 ], [ 80.2575634, 13.0747514 ], [ 80.2575719, 13.0747439 ], [ 80.2575776, 13.0747342 ], [ 80.2575798, 13.0747226 ], [ 80.2575779, 13.074711 ], [ 80.2575722, 13.0747007 ], [ 80.2575633, 13.0746928 ], [ 80.2575522, 13.0746883 ] ] } },
{ "type": "Feature", "properties": { "name": "Pallavan Salai", "highway": "secondary", "slope_pct": 0.6 }, "geometry": { "type": "LineString", "coordinates": [ [ 80.2751566, 13.0816211 ], [ 80.2751616, 13.0817259 ] ] } },
{ "type": "Feature", "properties": { "name": "General Hospital Road", "highway": "primary", "slope_pct": 0.6 }, "geometry": { "type": "LineString", "coordinates": [ [ 80.2752772, 13.081732 ], [ 80.2754581, 13.0817225 ], [ 80.2757816, 13.0817501 ], [ 80.2760534, 13.081814 ] ] } },
{ "type": "Feature", "properties": { "name": "EVR Periyar Salai", "highway": "primary", "slope_pct": 0.6 }, "geometry": { "type": "LineString", "coordinates": [ [ 80.2651321, 13.0806787 ], [ 80.2647889, 13.0806112 ], [ 80.2640251, 13.0804511 ], [ 80.2631263, 13.0802557 ], [ 80.2628257, 13.0801904 ], [ 80.2625948, 13.0801458 ], [ 80.2619596, 13.080023 ], [ 80.2617976, 13.0799775 ], [ 80.2614318, 13.0798271 ], [ 80.2611103, 13.079695 ], [ 80.2609446, 13.0796331 ], [ 80.2603264, 13.0795058 ], [ 80.259556, 13.0794123 ], [ 80.2587891, 13.0793192 ], [ 80.2584228, 13.0792811 ], [ 80.2569891, 13.0791344 ] ] } },
{ "type": "Feature", "properties": { "name": "Langs Garden Park", "highway": "secondary", "slope_pct": 0.6 }, "geometry": { "type": "LineString", "coordinates": [ [ 80.2651321, 13.0806787 ], [ 80.2651669, 13.0807843 ] ] } },
{ "type": "Feature", "properties": { "name": "EVR Periyar Salai", "highway": "primary", "slope_pct": 0.6 }, "geometry": { "type": "LineString", "coordinates": [ [ 80.2651669, 13.0807843 ], [ 80.2653945, 13.0808037 ], [ 80.266937, 13.0807792 ], [ 80.2674773, 13.0807658 ], [ 80.268009, 13.0807703 ], [ 80.2685741, 13.0807851 ], [ 80.2688925, 13.0807902 ], [ 80.2694057, 13.0808021 ], [ 80.2701705, 13.0808265 ], [ 80.2703261, 13.0808312 ], [ 80.2704752, 13.0808409 ], [ 80.2706265, 13.0808548 ], [ 80.2706719, 13.0808618 ], [ 80.2707265, 13.0808734 ], [ 80.2707552, 13.0808815 ], [ 80.2707888, 13.080893 ], [ 80.270857, 13.0809267 ], [ 80.2709194, 13.0809633 ] ] } },
{ "type": "Feature", "properties": { "name": "EVR Periyar Salai", "highway": "primary", "slope_pct": 0.6 }, "geometry": { "type": "LineString", "coordinates": [ [ 80.2652332, 13.0806923 ], [ 80.2651321, 13.0806787 ] ] } },
{ "type": "Feature", "properties": { "name": "Langs Garden Road", "highway": "secondary", "slope_pct": 0.6 }, "geometry": { "type": "LineString", "coordinates": [ [ 80.2652332, 13.0806923 ], [ 80.2652507, 13.0806112 ], [ 80.2653874, 13.0791483 ] ] } },
{ "type": "Feature", "properties": { "name": "Burial Ground Road", "highway": "residential", "slope_pct": 0.6 }, "geometry": { "type": "LineString", "coordinates": [ [ 80.276344, 13.0784287 ], [ 80.2766793, 13.0784228 ], [ 80.2769127, 13.0784202 ], [ 80.2774246, 13.0784165 ], [ 80.2775401, 13.078416 ], [ 80.277582, 13.0784158 ], [ 80.2785361, 13.0784117 ], [ 80.2808861, 13.0784014 ], [ 80.2809201, 13.0784012 ], [ 80.2809447, 13.0783997 ], [ 80.2809675, 13.0783968 ], [ 80.2809899, 13.0783919 ], [ 80.2810151, 13.078385 ], [ 80.2810507, 13.0783749 ], [ 80.2811469, 13.0783462 ], [ 80.281173, 13.0783367 ], [ 80.281195, 13.0783272 ], [ 80.2812229, 13.0783141 ], [ 80.2812415, 13.0783038 ], [ 80.2812582, 13.0782922 ], [ 80.2812732, 13.0782807 ] ] } },
{ "type": "Feature", "properties": { "name": "Urban Corridor", "highway": "residential", "slope_pct": 0.6 }, "geometry": { "type": "LineString", "coordinates": [ [ 80.276344, 13.0784287 ], [ 80.2763427, 13.0783851 ], [ 80.2763407, 13.0783612 ], [ 80.2763378, 13.0783407 ], [ 80.2763322, 13.0783176 ], [ 80.2763255, 13.0782956 ], [ 80.2763109, 13.0782637 ], [ 80.2762651, 13.0781766 ] ] } },
{ "type": "Feature", "properties": { "name": "Urban Corridor", "highway": "residential", "slope_pct": 0.6 }, "geometry": { "type": "LineString", "coordinates": [ [ 80.276344, 13.0784287 ], [ 80.2762871, 13.078432 ], [ 80.2762212, 13.0784394 ], [ 80.2761037, 13.0784567 ], [ 80.2760235, 13.0784711 ], [ 80.2759449, 13.0784871 ] ] } },
{ "type": "Feature", "properties": { "name": "Gandhi Irwin Bridge Road", "highway": "secondary", "slope_pct": 0.6 }, "geometry": { "type": "LineString", "coordinates": [ [ 80.265316, 13.0764992 ], [ 80.2653319, 13.0765324 ], [ 80.2653472, 13.0765751 ], [ 80.2653519, 13.0765884 ], [ 80.2653645, 13.0766264 ], [ 80.2653772, 13.0766643 ], [ 80.265405, 13.0767569 ], [ 80.2654262, 13.0768396 ], [ 80.2654572, 13.0769761 ], [ 80.2654957, 13.0771458 ], [ 80.2655042, 13.0772028 ], [ 80.2655068, 13.0772324 ], [ 80.26551, 13.0772694 ], [ 80.2655101, 13.0773401 ], [ 80.2655007, 13.0774961 ], [ 80.2654911, 13.0775952 ], [ 80.2654408, 13.0779958 ], [ 80.265384, 13.0785007 ], [ 80.26537, 13.0786041 ], [ 80.2653625, 13.0786602 ], [ 80.2653379, 13.0788431 ] ] } },
{ "type": "Feature", "properties": { "name": "Gandhi Irwin Bridge Road", "highway": "secondary", "slope_pct": 0.6 }, "geometry": { "type": "LineString", "coordinates": [ [ 80.26543, 13.0788816 ], [ 80.2654411, 13.0787994 ], [ 80.2654446, 13.078773 ], [ 80.2654558, 13.0786823 ], [ 80.2654562, 13.0786782 ], [ 80.2654625, 13.0786209 ], [ 80.2654824, 13.0784801 ], [ 80.2655348, 13.078013 ], [ 80.2655557, 13.0778074 ], [ 80.2655771, 13.0775748 ], [ 80.265584, 13.0774435 ], [ 80.2655861, 13.0773001 ], [ 80.2655814, 13.0771897 ], [ 80.2655693, 13.0771067 ], [ 80.2655513, 13.0770198 ], [ 80.2655392, 13.0769551 ], [ 80.2655193, 13.0768537 ], [ 80.2654828, 13.0766829 ], [ 80.2654657, 13.0766055 ], [ 80.2654555, 13.0765553 ], [ 80.265446, 13.0765056 ], [ 80.265442, 13.0764626 ] ] } },
{ "type": "Feature", "properties": { "name": "St. Andrews Bridge", "highway": "secondary", "slope_pct": 0.6 }, "geometry": { "type": "LineString", "coordinates": [ [ 80.2656142, 13.0764602 ], [ 80.266194, 13.0763258 ] ] } },
{ "type": "Feature", "properties": { "name": "St. Andrews Bridge", "highway": "secondary", "slope_pct": 0.6 }, "geometry": { "type": "LineString", "coordinates": [ [ 80.2662422, 13.0762169 ], [ 80.2656188, 13.0763537 ] ] } },
{ "type": "Feature", "properties": { "name": "Urban Corridor", "highway": "secondary", "slope_pct": 0.6 }, "geometry": { "type": "LineString", "coordinates": [ [ 80.2652806, 13.0764835 ], [ 80.2652977, 13.0764927 ], [ 80.265316, 13.0764992 ], [ 80.2653503, 13.0765036 ], [ 80.2653844, 13.0764986 ], [ 80.2654158, 13.0764846 ], [ 80.265442, 13.0764626 ], [ 80.2654495, 13.0764534 ], [ 80.2654627, 13.0764305 ], [ 80.2654706, 13.0764053 ], [ 80.2654726, 13.076379 ], [ 80.2654686, 13.0763529 ], [ 80.2654529, 13.076318 ], [ 80.2654267, 13.0762896 ], [ 80.2653927, 13.0762707 ], [ 80.2653544, 13.076263 ], [ 80.2653155, 13.0762674 ], [ 80.26528, 13.0762834 ], [ 80.2652647, 13.0762953 ], [ 80.2652458, 13.0763172 ], [ 80.2652327, 13.0763429 ], [ 80.2652262, 13.0763708 ], [ 80.2652266, 13.0763994 ], [ 80.265234, 13.0764271 ], [ 80.2652478, 13.0764523 ], [ 80.2652653, 13.0764718 ], [ 80.2652806, 13.0764835 ] ] } },
{ "type": "Feature", "properties": { "name": "Arunachallam Street", "highway": "secondary", "slope_pct": 0.6 }, "geometry": { "type": "LineString", "coordinates": [ [ 80.2654495, 13.0764534 ], [ 80.2655261, 13.0764713 ], [ 80.2656142, 13.0764602 ] ] } },
{ "type": "Feature", "properties": { "name": "Arunachallam Street", "highway": "secondary", "slope_pct": 0.6 }, "geometry": { "type": "LineString", "coordinates": [ [ 80.2656188, 13.0763537 ], [ 80.265598, 13.0763578 ], [ 80.2655545, 13.0763598 ], [ 80.265508, 13.076359 ], [ 80.2654686, 13.0763529 ] ] } },
{ "type": "Feature", "properties": { "name": "Pantheon Road", "highway": "secondary", "slope_pct": 0.6 }, "geometry": { "type": "LineString", "coordinates": [ [ 80.2652647, 13.0762953 ], [ 80.2651771, 13.0761937 ], [ 80.2651218, 13.0761594 ], [ 80.2651137, 13.0761544 ], [ 80.2650405, 13.0761226 ], [ 80.2650285, 13.0761174 ], [ 80.2649391, 13.076077 ], [ 80.2648433, 13.0760293 ], [ 80.2648197, 13.076017 ], [ 80.2647518, 13.0759816 ], [ 80.2645258, 13.0758661 ], [ 80.2643132, 13.0757524 ] ] } },
{ "type": "Feature", "properties": { "name": "Pantheon Road", "highway": "secondary", "slope_pct": 0.6 }, "geometry": { "type": "LineString", "coordinates": [ [ 80.2642474, 13.0757868 ], [ 80.2643034, 13.0758182 ], [ 80.2644736, 13.0759159 ], [ 80.2646983, 13.0760376 ], [ 80.2647831, 13.0760833 ], [ 80.2648639, 13.0761269 ], [ 80.2649272, 13.0761645 ], [ 80.2649687, 13.0761945 ], [ 80.2650138, 13.076231 ], [ 80.2650981, 13.0763121 ], [ 80.2652478, 13.0764523 ] ] } },
{ "type": "Feature", "properties": { "name": "Urban Corridor", "highway": "secondary_link", "slope_pct": 0.6 }, "geometry": { "type": "LineString", "coordinates": [ [ 80.2647831, 13.0760833 ], [ 80.2648197, 13.076017 ] ] } },
{ "type": "Feature", "properties": { "name": "Langs Garden Road", "highway": "tertiary", "slope_pct": 0.6 }, "geometry": { "type": "LineString", "coordinates": [ [ 80.2654267, 13.0762896 ], [ 80.2654098, 13.0762405 ], [ 80.2653912, 13.0761722 ], [ 80.2653718, 13.0760784 ], [ 80.2653558, 13.075992 ], [ 80.2653417, 13.0759054 ], [ 80.2653258, 13.0758183 ], [ 80.2653133, 13.0757247 ], [ 80.265309, 13.075641 ], [ 80.2653093, 13.0755715 ], [ 80.2653135, 13.0754752 ], [ 80.2653122, 13.0754301 ] ] } },
{ "type": "Feature", "properties": { "name": "Langs Garden Road", "highway": "tertiary", "slope_pct": 0.6 }, "geometry": { "type": "LineString", "coordinates": [ [ 80.265263, 13.0754137 ], [ 80.2652599, 13.0754456 ], [ 80.2652585, 13.0754757 ], [ 80.2652483, 13.0756642 ], [ 80.2652509, 13.0757786 ], [ 80.2652553, 13.0759084 ], [ 80.2652561, 13.0759302 ], [ 80.2652574, 13.0760321 ], [ 80.2652591, 13.0760837 ], [ 80.2652608, 13.0761372 ], [ 80.26528, 13.0762834 ] ] } },
{ "type": "Feature", "properties": { "name": "Ponniamman Koil Street", "highway": "secondary", "slope_pct": 0.6 }, "geometry": { "type": "LineString", "coordinates": [ [ 80.2641819, 13.0767058 ], [ 80.2646694, 13.0765973 ], [ 80.2652653, 13.0764718 ] ] } },
{ "type": "Feature", "properties": { "name": "Urban Corridor", "highway": "secondary", "slope_pct": 0.6 }, "geometry": { "type": "LineString", "coordinates": [ [ 80.2634216, 13.0782328 ], [ 80.2634325, 13.0782057 ], [ 80.2634339, 13.0781766 ], [ 80.2634257, 13.0781486 ], [ 80.263408, 13.0781239 ], [ 80.2633896, 13.078111 ], [ 80.2633829, 13.0781062 ], [ 80.2633532, 13.0780977 ], [ 80.2633223, 13.0780991 ], [ 80.2633186, 13.0781006 ], [ 80.2632936, 13.0781105 ], [ 80.2632704, 13.0781304 ], [ 80.2632552, 13.0781567 ], [ 80.2632499, 13.0781864 ], [ 80.2632549, 13.0782162 ], [ 80.263269, 13.0782418 ], [ 80.2632909, 13.0782617 ], [ 80.263318, 13.0782737 ], [ 80.2633478, 13.0782767 ], [ 80.2633769, 13.0782703 ], [ 80.2634024, 13.0782551 ], [ 80.2634216, 13.0782328 ] ] } },
{ "type": "Feature", "properties": { "name": "Gandhi Irwin Road", "highway": "secondary", "slope_pct": 0.6 }, "geometry": { "type": "LineString", "coordinates": [ [ 80.2633478, 13.0782767 ], [ 80.2634483, 13.0782891 ], [ 80.2635378, 13.0783005 ], [ 80.2636453, 13.0783171 ], [ 80.2637996, 13.0783409 ], [ 80.2640501, 13.0783827 ], [ 80.2651924, 13.0786242 ], [ 80.2653625, 13.0786602 ], [ 80.2654562, 13.0786782 ] ] } },
{ "type": "Feature", "properties": { "name": "Gandhi Irwin Road", "highway": "secondary", "slope_pct": 0.6 }, "geometry": { "type": "LineString", "coordinates": [ [ 80.2654625, 13.0786209 ], [ 80.26537, 13.0786041 ], [ 80.2647635, 13.0784831 ], [ 80.2640517, 13.078341 ], [ 80.2637981, 13.0782926 ], [ 80.2636627, 13.0782691 ], [ 80.2635688, 13.0782456 ], [ 80.2635031, 13.0782221 ], [ 80.2634602, 13.0781986 ], [ 80.2634339, 13.0781766 ] ] } },
{ "type": "Feature", "properties": { "name": "Whannels Road", "highway": "secondary", "slope_pct": 0.6 }, "geometry": { "type": "LineString", "coordinates": [ [ 80.263408, 13.0781239 ], [ 80.2634404, 13.0780995 ], [ 80.2634758, 13.07807 ], [ 80.2635387, 13.0780047 ], [ 80.2635694, 13.0779676 ], [ 80.2636185, 13.0779083 ], [ 80.2637997, 13.0776744 ], [ 80.2639786, 13.0774342 ], [ 80.2640041, 13.0773984 ], [ 80.2640394, 13.0773437 ], [ 80.2640566, 13.0773087 ], [ 80.2640698, 13.0772762 ], [ 80.2640753, 13.0772595 ], [ 80.2640817, 13.0772398 ], [ 80.2640918, 13.0771923 ], [ 80.2641313, 13.0769553 ], [ 80.2641819, 13.0767058 ], [ 80.2642127, 13.076506 ] ] } },
{ "type": "Feature", "properties": { "name": "Whannels Road", "highway": "secondary", "slope_pct": 0.6 }, "geometry": { "type": "LineString", "coordinates": [ [ 80.2642127, 13.076506 ], [ 80.2642255, 13.0763728 ], [ 80.2642329, 13.0763361 ], [ 80.2642439, 13.0762814 ], [ 80.264261, 13.0761396 ], [ 80.2643034, 13.0758182 ], [ 80.2643132, 13.0757524 ] ] } },
{ "type": "Feature", "properties": { "name": "Whannels Road", "highway": "secondary", "slope_pct": 0.6 }, "geometry": { "type": "LineString", "coordinates": [ [ 80.2642474, 13.0757868 ], [ 80.2642256, 13.0759149 ], [ 80.2642223, 13.0759419 ], [ 80.2642176, 13.0759796 ], [ 80.2642015, 13.0760968 ], [ 80.2641827, 13.0762458 ], [ 80.2641688, 13.0763698 ], [ 80.2641626, 13.0764805 ], [ 80.2641499, 13.0765971 ], [ 80.2641349, 13.0767093 ], [ 80.2641279, 13.0767614 ], [ 80.2641091, 13.0769164 ], [ 80.2641033, 13.0769511 ], [ 80.2640833, 13.0770724 ], [ 80.264069, 13.0771812 ], [ 80.2640463, 13.0772697 ], [ 80.2640112, 13.0773542 ], [ 80.2639808, 13.077398 ], [ 80.2639219, 13.077472 ], [ 80.2638048, 13.0776243 ], [ 80.2636935, 13.0777593 ], [ 80.2635703, 13.0779191 ], [ 80.2634597, 13.0780444 ], [ 80.2633896, 13.078111 ] ] } },
{ "type": "Feature", "properties": { "name": "Urban Corridor", "highway": "secondary", "slope_pct": 0.6 }, "geometry": { "type": "LineString", "coordinates": [ [ 80.2642609, 13.0757165 ], [ 80.2642474, 13.0757868 ] ] } },
{ "type": "Feature", "properties": { "name": "Arunachalam Street", "highway": "secondary", "slope_pct": 0.6 }, "geometry": { "type": "LineString", "coordinates": [ [ 80.2663236, 13.0763165 ], [ 80.2663464, 13.0763259 ], [ 80.2663712, 13.07636 ], [ 80.2663966, 13.0763981 ] ] } },
{ "type": "Feature", "properties": { "name": "Arunachalam Street", "highway": "secondary", "slope_pct": 0.6 }, "geometry": { "type": "LineString", "coordinates": [ [ 80.26636, 13.0761989 ], [ 80.2662422, 13.0762169 ] ] } },
{ "type": "Feature", "properties": { "name": "Mulla Sahib Lane", "highway": "residential", "slope_pct": 0.6 }, "geometry": { "type": "LineString", "coordinates": [ [ 80.2792586, 13.0962324 ], [ 80.2794486, 13.0961341 ], [ 80.2794958, 13.0961109 ], [ 80.2795166, 13.0961003 ], [ 80.2795685, 13.0960738 ], [ 80.2795966, 13.0960613 ], [ 80.2796228, 13.0960515 ], [ 80.279645, 13.0960443 ], [ 80.2796706, 13.0960373 ], [ 80.2796975, 13.0960303 ], [ 80.2797325, 13.0960213 ], [ 80.2797689, 13.0960134 ], [ 80.2798108, 13.0960062 ], [ 80.2798409, 13.0960021 ], [ 80.279866, 13.0959992 ], [ 80.2799096, 13.0959964 ] ] } },
{ "type": "Feature", "properties": { "name": "Mulla Sahib Street", "highway": "residential", "slope_pct": 0.6 }, "geometry": { "type": "LineString", "coordinates": [ [ 80.2791234, 13.0962691 ], [ 80.2791034, 13.096183 ], [ 80.2790693, 13.0960242 ], [ 80.2790316, 13.0958176 ], [ 80.2789878, 13.095582 ], [ 80.2789425, 13.0952928 ], [ 80.2788114, 13.0945588 ] ] } },
{ "type": "Feature", "properties": { "name": "Urban Corridor", "highway": "secondary", "slope_pct": 0.6 }, "geometry": { "type": "LineString", "coordinates": [ [ 80.2609502, 13.0731887 ], [ 80.2609283, 13.0731729 ], [ 80.2608977, 13.0731618 ], [ 80.2608651, 13.0731602 ], [ 80.2608352, 13.0731674 ], [ 80.2608087, 13.0731827 ], [ 80.2607877, 13.0732046 ], [ 80.260774, 13.0732315 ], [ 80.2607703, 13.0732458 ], [ 80.2607687, 13.0732604 ], [ 80.2607724, 13.0732915 ], [ 80.2607854, 13.0733201 ], [ 80.2608065, 13.0733438 ], [ 80.2608338, 13.0733602 ], [ 80.2608683, 13.0733683 ], [ 80.2609036, 13.0733651 ], [ 80.2609359, 13.0733508 ], [ 80.2609564, 13.0733332 ], [ 80.2609717, 13.0733112 ], [ 80.2609808, 13.0732862 ], [ 80.2609831, 13.0732598 ], [ 80.2609785, 13.0732336 ], [ 80.2609673, 13.0732094 ], [ 80.2609502, 13.0731887 ] ] } },
{ "type": "Feature", "properties": { "name": "Urban Corridor", "highway": "secondary", "slope_pct": 0.6 }, "geometry": { "type": "LineString", "coordinates": [ [ 80.2611553, 13.0733142 ], [ 80.2611871, 13.0733276 ], [ 80.2612204, 13.0733303 ], [ 80.2612528, 13.0733226 ], [ 80.2612811, 13.0733053 ], [ 80.2613024, 13.0732803 ], [ 80.2613145, 13.0732499 ], [ 80.2613167, 13.0732338 ], [ 80.261314, 13.0732054 ], [ 80.2613035, 13.0731789 ], [ 80.2612858, 13.0731562 ], [ 80.2612621, 13.0731391 ], [ 80.2612344, 13.0731291 ], [ 80.261205, 13.073127 ], [ 80.2611874, 13.0731296 ], [ 80.2611556, 13.0731429 ], [ 80.2611299, 13.0731656 ], [ 80.2611133, 13.0731952 ], [ 80.2611075, 13.0732285 ], [ 80.2611132, 13.0732618 ], [ 80.2611297, 13.0732915 ], [ 80.2611553, 13.0733142 ] ] } },
{ "type": "Feature", "properties": { "name": "Urban Corridor", "highway": "secondary", "slope_pct": 0.6 }, "geometry": { "type": "LineString", "coordinates": [ [ 80.2611874, 13.0731296 ], [ 80.2609283, 13.0731729 ] ] } },
{ "type": "Feature", "properties": { "name": "Urban Corridor", "highway": "secondary", "slope_pct": 0.6 }, "geometry": { "type": "LineString", "coordinates": [ [ 80.2609359, 13.0733508 ], [ 80.2611871, 13.0733276 ] ] } },
{ "type": "Feature", "properties": { "name": "Raja Muthiah Road", "highway": "secondary", "slope_pct": 0.6 }, "geometry": { "type": "LineString", "coordinates": [ [ 80.2705201, 13.0842566 ], [ 80.270656, 13.0833269 ] ] } },
{ "type": "Feature", "properties": { "name": "Urban Corridor", "highway": "residential", "slope_pct": 0.6 }, "geometry": { "type": "LineString", "coordinates": [ [ 80.2638713, 13.0705391 ], [ 80.2638734, 13.0705023 ], [ 80.2638759, 13.0704573 ], [ 80.2638826, 13.0703385 ], [ 80.2638915, 13.0701797 ], [ 80.2639, 13.0700284 ], [ 80.2639084, 13.0698621 ], [ 80.2635307, 13.0698512 ], [ 80.2632578, 13.069848 ] ] } },
{ "type": "Feature", "properties": { "name": "Urban Corridor", "highway": "residential", "slope_pct": 0.6 }, "geometry": { "type": "LineString", "coordinates": [ [ 80.2638759, 13.0704573 ], [ 80.2635429, 13.0704398 ], [ 80.2635253, 13.0704317 ], [ 80.2635175, 13.0704186 ], [ 80.2635199, 13.0703148 ], [ 80.2635234, 13.0701663 ], [ 80.2635269, 13.0700162 ], [ 80.2635307, 13.0698512 ], [ 80.2635395, 13.0694311 ] ] } },
{ "type": "Feature", "properties": { "name": "Urban Corridor", "highway": "residential", "slope_pct": 0.6 }, "geometry": { "type": "LineString", "coordinates": [ [ 80.2639084, 13.0698621 ], [ 80.2639271, 13.0694643 ], [ 80.2639167, 13.0694455 ], [ 80.2638964, 13.069437 ], [ 80.2635395, 13.0694311 ], [ 80.263011, 13.0694224 ] ] } },
{ "type": "Feature", "properties": { "name": "Urban Corridor", "highway": "residential", "slope_pct": 0.6 }, "geometry": { "type": "LineString", "coordinates": [ [ 80.2638826, 13.0703385 ], [ 80.2635199, 13.0703148 ] ] } },
{ "type": "Feature", "properties": { "name": "Urban Corridor", "highway": "residential", "slope_pct": 0.6 }, "geometry": { "type": "LineString", "coordinates": [ [ 80.2635234, 13.0701663 ], [ 80.2638915, 13.0701797 ] ] } },
{ "type": "Feature", "properties": { "name": "Urban Corridor", "highway": "residential", "slope_pct": 0.6 }, "geometry": { "type": "LineString", "coordinates": [ [ 80.2639, 13.0700284 ], [ 80.2635269, 13.0700162 ] ] } },
{ "type": "Feature", "properties": { "name": "Urban Corridor", "highway": "residential", "slope_pct": 0.6 }, "geometry": { "type": "LineString", "coordinates": [ [ 80.2612239, 13.0862827 ], [ 80.2612201, 13.0861904 ] ] } },
{ "type": "Feature", "properties": { "name": "Urban Corridor", "highway": "residential", "slope_pct": 0.6 }, "geometry": { "type": "LineString", "coordinates": [ [ 80.2613462, 13.0861709 ], [ 80.261346, 13.0862517 ] ] } },
{ "type": "Feature", "properties": { "name": "Urban Corridor", "highway": "residential", "slope_pct": 0.6 }, "geometry": { "type": "LineString", "coordinates": [ [ 80.2614038, 13.086237 ], [ 80.2613984, 13.0861583 ] ] } },
{ "type": "Feature", "properties": { "name": "Urban Corridor", "highway": "residential", "slope_pct": 0.6 }, "geometry": { "type": "LineString", "coordinates": [ [ 80.2615388, 13.0861133 ], [ 80.2615377, 13.0861926 ] ] } },
{ "type": "Feature", "properties": { "name": "Netaji Subhash Chandra Bose Road", "highway": "tertiary", "slope_pct": 0.6 }, "geometry": { "type": "LineString", "coordinates": [ [ 80.2815146, 13.0886274 ], [ 80.2811951, 13.0886905 ] ] } },
{ "type": "Feature", "properties": { "name": "Urban Corridor", "highway": "residential", "slope_pct": 0.6 }, "geometry": { "type": "LineString", "coordinates": [ [ 80.2567728, 13.080322 ], [ 80.2568086, 13.0803192 ], [ 80.2572353, 13.0802888 ] ] } },
{ "type": "Feature", "properties": { "name": "Urban Corridor", "highway": "residential", "slope_pct": 0.6 }, "geometry": { "type": "LineString", "coordinates": [ [ 80.2575501, 13.081134 ], [ 80.2575088, 13.0808121 ] ] } },
{ "type": "Feature", "properties": { "name": "Urban Corridor", "highway": "residential", "slope_pct": 0.6 }, "geometry": { "type": "LineString", "coordinates": [ [ 80.2580211, 13.0810596 ], [ 80.2580386, 13.0815765 ] ] } },
{ "type": "Feature", "properties": { "name": "Urban Corridor", "highway": "residential", "slope_pct": 0.6 }, "geometry": { "type": "LineString", "coordinates": [ [ 80.2608918, 13.0800385 ], [ 80.2608889, 13.0801513 ], [ 80.2608241, 13.0808621 ], [ 80.2608177, 13.0809318 ], [ 80.2607962, 13.0809627 ], [ 80.260756, 13.0810079 ], [ 80.260671, 13.0810329 ], [ 80.2605561, 13.0810374 ], [ 80.2604767, 13.0810293 ], [ 80.2604278, 13.0810017 ], [ 80.2604116, 13.0809525 ], [ 80.2604124, 13.080882 ], [ 80.2605209, 13.0801894 ], [ 80.2605556, 13.0801513 ], [ 80.2606197, 13.0801375 ], [ 80.2606643, 13.0801322 ], [ 80.2608228, 13.08014 ], [ 80.2608889, 13.0801513 ] ] } },
{ "type": "Feature", "properties": { "name": "Urban Corridor", "highway": "residential", "slope_pct": 0.6 }, "geometry": { "type": "LineString", "coordinates": [ [ 80.2609267, 13.0797562 ], [ 80.2609073, 13.0798306 ], [ 80.2608918, 13.0800385 ] ] } },
{ "type": "Feature", "properties": { "name": "Urban Corridor", "highway": "residential", "slope_pct": 0.6 }, "geometry": { "type": "LineString", "coordinates": [ [ 80.265498, 13.0828785 ], [ 80.2655542, 13.0836713 ] ] } },
{ "type": "Feature", "properties": { "name": "Urban Corridor", "highway": "residential", "slope_pct": 0.6 }, "geometry": { "type": "LineString", "coordinates": [ [ 80.2684884, 13.0885753 ], [ 80.2688308, 13.0885114 ], [ 80.2689624, 13.0884869 ], [ 80.2691187, 13.0884577 ], [ 80.2691979, 13.088458 ], [ 80.2697817, 13.0884598 ], [ 80.2698708, 13.0884649 ] ] } },
{ "type": "Feature", "properties": { "name": "Urban Corridor", "highway": "residential", "slope_pct": 0.6 }, "geometry": { "type": "LineString", "coordinates": [ [ 80.2609386, 13.0952863 ], [ 80.2609144, 13.0951564 ] ] } },
{ "type": "Feature", "properties": { "name": "Urban Corridor", "highway": "residential", "slope_pct": 0.6 }, "geometry": { "type": "LineString", "coordinates": [ [ 80.2610823, 13.0951512 ], [ 80.2610917, 13.0952572 ] ] } },
{ "type": "Feature", "properties": { "name": "Urban Corridor", "highway": "residential", "slope_pct": 0.6 }, "geometry": { "type": "LineString", "coordinates": [ [ 80.2686673, 13.0933082 ], [ 80.2686298, 13.0932951 ], [ 80.2687739, 13.0930301 ], [ 80.2687777, 13.0929685 ], [ 80.268773, 13.0929181 ], [ 80.2687272, 13.0928757 ], [ 80.2685796, 13.0928137 ], [ 80.2681933, 13.0928565 ], [ 80.2681653, 13.092872 ], [ 80.2681401, 13.0929022 ], [ 80.2681432, 13.0933007 ], [ 80.2681684, 13.0933161 ], [ 80.2681959, 13.0933244 ], [ 80.2685701, 13.0933406 ], [ 80.2685976, 13.093334 ], [ 80.2686114, 13.0933191 ], [ 80.2686298, 13.0932951 ] ] } },
{ "type": "Feature", "properties": { "name": "Urban Corridor", "highway": "residential", "slope_pct": 0.6 }, "geometry": { "type": "LineString", "coordinates": [ [ 80.2666437, 13.0949342 ], [ 80.2667688, 13.0953164 ] ] } },
{ "type": "Feature", "properties": { "name": "Urban Corridor", "highway": "residential", "slope_pct": 0.6 }, "geometry": { "type": "LineString", "coordinates": [ [ 80.2693921, 13.0895398 ], [ 80.2693598, 13.0895137 ], [ 80.2693061, 13.0894702 ], [ 80.2692668, 13.0894526 ], [ 80.2692269, 13.0894423 ], [ 80.2691153, 13.0894367 ], [ 80.2688947, 13.0894256 ] ] } },
{ "type": "Feature", "properties": { "name": "Urban Corridor", "highway": "residential", "slope_pct": 0.6 }, "geometry": { "type": "LineString", "coordinates": [ [ 80.2564855, 13.0943829 ], [ 80.2565824, 13.0943378 ], [ 80.2566371, 13.094332 ], [ 80.2573897, 13.0942404 ] ] } },
{ "type": "Feature", "properties": { "name": "Urban Corridor", "highway": "residential", "slope_pct": 0.6 }, "geometry": { "type": "LineString", "coordinates": [ [ 80.2585848, 13.0917399 ], [ 80.2585538, 13.0917384 ], [ 80.2578772, 13.0917216 ], [ 80.2578702, 13.091709 ], [ 80.2578678, 13.0916792 ], [ 80.2578771, 13.0916178 ], [ 80.2578858, 13.0916102 ], [ 80.2579232, 13.0916028 ], [ 80.2580495, 13.0915949 ], [ 80.2580722, 13.0915892 ], [ 80.2580999, 13.0915761 ], [ 80.2581106, 13.0915642 ], [ 80.2581099, 13.0915231 ], [ 80.2585764, 13.0915081 ] ] } },
{ "type": "Feature", "properties": { "name": "Urban Corridor", "highway": "residential", "slope_pct": 0.6 }, "geometry": { "type": "LineString", "coordinates": [ [ 80.2587535, 13.0917321 ], [ 80.2586764, 13.0917372 ], [ 80.2585848, 13.0917399 ], [ 80.2585764, 13.0915081 ] ] } },
{ "type": "Feature", "properties": { "name": "Muthuswamy Bridge", "highway": "primary", "slope_pct": 0.6 }, "geometry": { "type": "LineString", "coordinates": [ [ 80.2808397, 13.0802865 ], [ 80.2807935, 13.0803902 ], [ 80.2807629, 13.0804718 ], [ 80.2807381, 13.0805579 ], [ 80.280711, 13.0806469 ], [ 80.2806957, 13.0807335 ], [ 80.2806934, 13.0808079 ], [ 80.2806986, 13.0808833 ], [ 80.2807077, 13.0809373 ], [ 80.2807198, 13.0809945 ], [ 80.280731, 13.0810428 ], [ 80.2807673, 13.0811564 ], [ 80.2807868, 13.081212 ], [ 80.280817, 13.0812828 ], [ 80.2808497, 13.0813458 ], [ 80.2808759, 13.0813928 ], [ 80.280894, 13.0814192 ], [ 80.2809265, 13.0814606 ], [ 80.281023, 13.0815726 ] ] } },
{ "type": "Feature", "properties": { "name": "Muthuswamy Bridge", "highway": "primary", "slope_pct": 0.6 }, "geometry": { "type": "LineString", "coordinates": [ [ 80.2810762, 13.0815217 ], [ 80.2809813, 13.0814255 ], [ 80.2809504, 13.0813874 ], [ 80.2809186, 13.0813416 ], [ 80.2808964, 13.0813063 ], [ 80.2808566, 13.0812347 ], [ 80.2808343, 13.0811794 ], [ 80.2808121, 13.0811151 ], [ 80.2807988, 13.0810671 ], [ 80.2807847, 13.0810068 ], [ 80.2807689, 13.0809135 ], [ 80.2807623, 13.0808223 ], [ 80.2807676, 13.0807411 ], [ 80.2807817, 13.0806649 ], [ 80.2808016, 13.0805753 ], [ 80.2808256, 13.0804875 ], [ 80.2808536, 13.0804073 ], [ 80.2808888, 13.0803358 ] ] } },
{ "type": "Feature", "properties": { "name": "Pallavan Salai", "highway": "secondary", "slope_pct": 0.6 }, "geometry": { "type": "LineString", "coordinates": [ [ 80.2762588, 13.0772122 ], [ 80.276285, 13.0771329 ], [ 80.276291, 13.0770794 ] ] } },
{ "type": "Feature", "properties": { "name": "Pallavan Salai", "highway": "secondary", "slope_pct": 0.6 }, "geometry": { "type": "LineString", "coordinates": [ [ 80.276213, 13.077115 ], [ 80.2761802, 13.0772072 ] ] } },
{ "type": "Feature", "properties": { "name": "Urban Corridor", "highway": "residential", "slope_pct": 0.6 }, "geometry": { "type": "LineString", "coordinates": [ [ 80.276291, 13.0770794 ], [ 80.2762158, 13.0770718 ] ] } },
{ "type": "Feature", "properties": { "name": "Arunachalam Street", "highway": "secondary", "slope_pct": 0.6 }, "geometry": { "type": "LineString", "coordinates": [ [ 80.266194, 13.0763258 ], [ 80.2662691, 13.0763135 ], [ 80.2663035, 13.0763131 ], [ 80.2663236, 13.0763165 ] ] } },
{ "type": "Feature", "properties": { "name": "Frazer Bridge Road", "highway": "tertiary_link", "slope_pct": 0.6 }, "geometry": { "type": "LineString", "coordinates": [ [ 80.2836753, 13.0854149 ], [ 80.2835529, 13.0854871 ] ] } },
{ "type": "Feature", "properties": { "name": "Muthuswamy Road", "highway": "primary", "slope_pct": 0.6 }, "geometry": { "type": "LineString", "coordinates": [ [ 80.2836834, 13.0850451 ], [ 80.2838377, 13.0851331 ], [ 80.2839029, 13.0851702 ], [ 80.2841821, 13.0853242 ], [ 80.2843995, 13.0854441 ] ] } },
{ "type": "Feature", "properties": { "name": "Pantheon Road", "highway": "secondary", "slope_pct": 0.6 }, "geometry": { "type": "LineString", "coordinates": [ [ 80.2584185, 13.0710218 ], [ 80.2584632, 13.0710661 ], [ 80.258488, 13.0710907 ], [ 80.2586884, 13.0712836 ], [ 80.2593548, 13.0719003 ], [ 80.2596219, 13.0721737 ], [ 80.2599148, 13.0724299 ], [ 80.2604869, 13.0729107 ], [ 80.2606908, 13.0730811 ], [ 80.2607453, 13.0731586 ], [ 80.260774, 13.0732315 ] ] } },
{ "type": "Feature", "properties": { "name": "Urban Corridor", "highway": "residential", "slope_pct": 0.6 }, "geometry": { "type": "LineString", "coordinates": [ [ 80.2574513, 13.0860969 ], [ 80.257487, 13.0861056 ], [ 80.2575323, 13.0861179 ], [ 80.25784, 13.0861974 ] ] } },
{ "type": "Feature", "properties": { "name": "Urban Corridor", "highway": "residential", "slope_pct": 0.6 }, "geometry": { "type": "LineString", "coordinates": [ [ 80.2614339, 13.0774141 ], [ 80.2615056, 13.0771518 ] ] } },
{ "type": "Feature", "properties": { "name": "Urban Corridor", "highway": "residential", "slope_pct": 0.6 }, "geometry": { "type": "LineString", "coordinates": [ [ 80.2583715, 13.0964303 ], [ 80.2583832, 13.096414 ], [ 80.2583952, 13.0963853 ], [ 80.2583751, 13.096286 ], [ 80.2584061, 13.0961462 ] ] } },
{ "type": "Feature", "properties": { "name": "Rasappa Chetty Street", "highway": "tertiary", "slope_pct": 0.6 }, "geometry": { "type": "LineString", "coordinates": [ [ 80.2757841, 13.0866209 ], [ 80.2756751, 13.0866386 ] ] } },
{ "type": "Feature", "properties": { "name": "Wall Tax Road", "highway": "primary", "slope_pct": 0.6 }, "geometry": { "type": "LineString", "coordinates": [ [ 80.2752715, 13.091413 ], [ 80.275339, 13.0903764 ], [ 80.2753952, 13.0899285 ], [ 80.2754368, 13.089477 ], [ 80.2754605, 13.0892544 ], [ 80.2754842, 13.0890318 ], [ 80.2755492, 13.0885082 ], [ 80.2755766, 13.0883189 ], [ 80.2756048, 13.0880409 ], [ 80.2756755, 13.0875928 ], [ 80.2756845, 13.0875354 ], [ 80.2757277, 13.087114 ], [ 80.2757841, 13.0866209 ] ] } },
{ "type": "Feature", "properties": { "name": "Urban Corridor", "highway": "residential", "slope_pct": 0.6 }, "geometry": { "type": "LineString", "coordinates": [ [ 80.2588757, 13.0746939 ], [ 80.258987, 13.0746874 ], [ 80.2591237, 13.0746825 ] ] } },
{ "type": "Feature", "properties": { "name": "D'Mellows Salai", "highway": "secondary", "slope_pct": 0.6 }, "geometry": { "type": "LineString", "coordinates": [ [ 80.2681408, 13.0942828 ], [ 80.2682039, 13.0942672 ], [ 80.2684063, 13.0940836 ] ] } },
{ "type": "Feature", "properties": { "name": "Elephant Gate Bridge Road", "highway": "secondary", "slope_pct": 0.6 }, "geometry": { "type": "LineString", "coordinates": [ [ 80.2684063, 13.0940836 ], [ 80.2684201, 13.0941349 ], [ 80.2684613, 13.0942768 ], [ 80.2685093, 13.0944709 ], [ 80.2685475, 13.0945124 ] ] } },
{ "type": "Feature", "properties": { "name": "Elephant Gate Bridge Road", "highway": "secondary", "slope_pct": 0.6 }, "geometry": { "type": "LineString", "coordinates": [ [ 80.2683862, 13.0939892 ], [ 80.2684063, 13.0940836 ] ] } },
{ "type": "Feature", "properties": { "name": "Basin Bridge Road", "highway": "secondary", "slope_pct": 0.6 }, "geometry": { "type": "LineString", "coordinates": [ [ 80.2684607, 13.0940109 ], [ 80.2684423, 13.0939138 ] ] } },
{ "type": "Feature", "properties": { "name": "Basin Bridge Road", "highway": "secondary", "slope_pct": 0.6 }, "geometry": { "type": "LineString", "coordinates": [ [ 80.2684063, 13.0940836 ], [ 80.2684607, 13.0940109 ] ] } },
{ "type": "Feature", "properties": { "name": "D'Mellows Salai", "highway": "secondary", "slope_pct": 0.6 }, "geometry": { "type": "LineString", "coordinates": [ [ 80.2683862, 13.0939892 ], [ 80.2682864, 13.0940966 ], [ 80.2681504, 13.0942377 ], [ 80.2681408, 13.0942828 ] ] } },
{ "type": "Feature", "properties": { "name": "Raja Muthiah Road", "highway": "secondary", "slope_pct": 0.6 }, "geometry": { "type": "LineString", "coordinates": [ [ 80.2704402, 13.0842894 ], [ 80.2704317, 13.0843346 ] ] } },
{ "type": "Feature", "properties": { "name": "Vepery High Road", "highway": "secondary", "slope_pct": 0.6 }, "geometry": { "type": "LineString", "coordinates": [ [ 80.2704317, 13.0843346 ], [ 80.270516, 13.0842968 ] ] } },
{ "type": "Feature", "properties": { "name": "Raja Muthiah Road", "highway": "secondary", "slope_pct": 0.6 }, "geometry": { "type": "LineString", "coordinates": [ [ 80.270516, 13.0842968 ], [ 80.2705201, 13.0842566 ] ] } },
{ "type": "Feature", "properties": { "name": "Vepery High Road", "highway": "secondary", "slope_pct": 0.6 }, "geometry": { "type": "LineString", "coordinates": [ [ 80.2704402, 13.0842894 ], [ 80.2703205, 13.0843426 ], [ 80.2698131, 13.0845526 ], [ 80.2694813, 13.084703 ], [ 80.2693292, 13.0847484 ], [ 80.2691744, 13.084786 ], [ 80.268682, 13.0848896 ], [ 80.2685011, 13.0849105 ], [ 80.2682226, 13.0849183 ], [ 80.2679138, 13.0849239 ], [ 80.2677619, 13.0849502 ], [ 80.2677151, 13.0849625 ], [ 80.2675572, 13.0850039 ], [ 80.2667786, 13.0852164 ], [ 80.2666803, 13.0852304 ], [ 80.2665941, 13.0852436 ], [ 80.2662994, 13.0852847 ], [ 80.2661477, 13.0853063 ], [ 80.2656912, 13.085367 ], [ 80.2650998, 13.0854346 ], [ 80.2646723, 13.0854832 ], [ 80.2643375, 13.0855212 ], [ 80.2641849, 13.0855338 ], [ 80.2629079, 13.0855773 ] ] } },
{ "type": "Feature", "properties": { "name": "Hunter's Lane", "highway": "residential", "slope_pct": 0.6 }, "geometry": { "type": "LineString", "coordinates": [ [ 80.2614204, 13.0896948 ], [ 80.261442, 13.0891774 ] ] } },
{ "type": "Feature", "properties": { "name": "Urban Corridor", "highway": "residential", "slope_pct": 0.6 }, "geometry": { "type": "LineString", "coordinates": [ [ 80.2590086, 13.0931011 ], [ 80.2590103, 13.0931729 ], [ 80.2590121, 13.0932446 ], [ 80.2590135, 13.0933027 ], [ 80.2590147, 13.0933527 ], [ 80.259016, 13.0934082 ], [ 80.2590221, 13.0934159 ], [ 80.2590322, 13.0934251 ], [ 80.2590448, 13.09343 ], [ 80.2591086, 13.0934281 ], [ 80.2591837, 13.0934259 ], [ 80.259249, 13.093424 ], [ 80.2593079, 13.0934223 ], [ 80.2593856, 13.09342 ] ] } },
{ "type": "Feature", "properties": { "name": "Urban Corridor", "highway": "residential", "slope_pct": 0.6 }, "geometry": { "type": "LineString", "coordinates": [ [ 80.2615473, 13.0956982 ], [ 80.2615008, 13.095478 ], [ 80.2613474, 13.0947054 ], [ 80.2613951, 13.0946566 ], [ 80.2615067, 13.0946433 ], [ 80.2615739, 13.09466 ], [ 80.261605, 13.094724 ] ] } },
{ "type": "Feature", "properties": { "name": "Urban Corridor", "highway": "secondary_link", "slope_pct": 0.6 }, "geometry": { "type": "LineString", "coordinates": [ [ 80.2633057, 13.0885116 ], [ 80.2633917, 13.0884061 ] ] } },
{ "type": "Feature", "properties": { "name": "Urban Corridor", "highway": "residential", "slope_pct": 0.6 }, "geometry": { "type": "LineString", "coordinates": [ [ 80.2732028, 13.0756728 ], [ 80.2731235, 13.0756717 ], [ 80.2730997, 13.0756714 ], [ 80.2728942, 13.0756687 ], [ 80.272871, 13.0756588 ], [ 80.2728619, 13.0756411 ], [ 80.2728639, 13.0754612 ], [ 80.2728811, 13.0754494 ], [ 80.2728972, 13.0754464 ], [ 80.2731076, 13.0754446 ], [ 80.2731462, 13.0754443 ], [ 80.2732628, 13.0754433 ] ] } },
{ "type": "Feature", "properties": { "name": "Urban Corridor", "highway": "residential", "slope_pct": 0.6 }, "geometry": { "type": "LineString", "coordinates": [ [ 80.2730997, 13.0756714 ], [ 80.2731076, 13.0754446 ] ] } },
{ "type": "Feature", "properties": { "name": "Urban Corridor", "highway": "residential", "slope_pct": 0.6 }, "geometry": { "type": "LineString", "coordinates": [ [ 80.2728256, 13.0757426 ], [ 80.2728241, 13.0756998 ], [ 80.2728179, 13.0755192 ], [ 80.2728166, 13.0754964 ], [ 80.2728025, 13.0754811 ], [ 80.2727867, 13.0754743 ], [ 80.2727467, 13.0754739 ] ] } },
{ "type": "Feature", "properties": { "name": "Urban Corridor", "highway": "residential", "slope_pct": 0.6 }, "geometry": { "type": "LineString", "coordinates": [ [ 80.2698155, 13.0791325 ], [ 80.2697901, 13.0790567 ], [ 80.2697379, 13.078901 ] ] } },
{ "type": "Feature", "properties": { "name": "Urban Corridor", "highway": "residential", "slope_pct": 0.6 }, "geometry": { "type": "LineString", "coordinates": [ [ 80.2696097, 13.0789449 ], [ 80.2697379, 13.078901 ], [ 80.2698087, 13.0788768 ] ] } },
{ "type": "Feature", "properties": { "name": "Urban Corridor", "highway": "residential", "slope_pct": 0.6 }, "geometry": { "type": "LineString", "coordinates": [ [ 80.2721767, 13.0751494 ], [ 80.2722331, 13.0751361 ], [ 80.272634, 13.0750419 ] ] } },
{ "type": "Feature", "properties": { "name": "Venkatarayan Street", "highway": "residential", "slope_pct": 0.6 }, "geometry": { "type": "LineString", "coordinates": [ [ 80.2764035, 13.0902641 ], [ 80.2763649, 13.0902685 ] ] } },
{ "type": "Feature", "properties": { "name": "Urban Corridor", "highway": "residential", "slope_pct": 0.6 }, "geometry": { "type": "LineString", "coordinates": [ [ 80.2679353, 13.0889252 ], [ 80.2687575, 13.0889883 ], [ 80.2687786, 13.0889897 ], [ 80.2688772, 13.088988 ], [ 80.2688903, 13.0889829 ], [ 80.2688964, 13.0889744 ], [ 80.2688308, 13.0885114 ] ] } },
{ "type": "Feature", "properties": { "name": "Urban Corridor", "highway": "residential", "slope_pct": 0.6 }, "geometry": { "type": "LineString", "coordinates": [ [ 80.2677151, 13.0849625 ], [ 80.2676987, 13.0848854 ], [ 80.2676728, 13.0847639 ] ] } },
{ "type": "Feature", "properties": { "name": "Urban Corridor", "highway": "residential", "slope_pct": 0.6 }, "geometry": { "type": "LineString", "coordinates": [ [ 80.2773133, 13.0863687 ], [ 80.2772791, 13.0861744 ] ] } },
{ "type": "Feature", "properties": { "name": "Elephant Gate Bridge Road", "highway": "secondary", "slope_pct": 0.6 }, "geometry": { "type": "LineString", "coordinates": [ [ 80.274262, 13.0927611 ], [ 80.2738674, 13.0932389 ] ] } },
{ "type": "Feature", "properties": { "name": "Elephant Gate Bridge Road", "highway": "secondary", "slope_pct": 0.6 }, "geometry": { "type": "LineString", "coordinates": [ [ 80.2739237, 13.0932832 ], [ 80.2741751, 13.0929828 ], [ 80.2743186, 13.0928113 ] ] } },
{ "type": "Feature", "properties": { "name": "Urban Corridor", "highway": "secondary", "slope_pct": 0.6 }, "geometry": { "type": "LineString", "coordinates": [ [ 80.2745206, 13.0925959 ], [ 80.2745812, 13.0925378 ], [ 80.274623, 13.0924976 ], [ 80.27469, 13.092448 ], [ 80.2747893, 13.0924088 ], [ 80.2748724, 13.0923905 ], [ 80.274977, 13.0923775 ], [ 80.2750396, 13.0923712 ], [ 80.2751074, 13.0923317 ] ] } },
{ "type": "Feature", "properties": { "name": "Urban Corridor", "highway": "secondary", "slope_pct": 0.6 }, "geometry": { "type": "LineString", "coordinates": [ [ 80.2751074, 13.0923317 ], [ 80.2750369, 13.092306 ], [ 80.2748874, 13.0923196 ], [ 80.2748007, 13.0923368 ], [ 80.2747497, 13.0923469 ], [ 80.2746493, 13.0923901 ], [ 80.2745466, 13.0924594 ], [ 80.2745308, 13.0924749 ], [ 80.2744626, 13.0925415 ] ] } },
{ "type": "Feature", "properties": { "name": "Vepery Church Road", "highway": "tertiary", "slope_pct": 0.6 }, "geometry": { "type": "LineString", "coordinates": [ [ 80.2630189, 13.0872316 ], [ 80.2626701, 13.087151 ], [ 80.2623079, 13.0870673 ] ] } },
{ "type": "Feature", "properties": { "name": "Urban Corridor", "highway": "residential", "slope_pct": 0.6 }, "geometry": { "type": "LineString", "coordinates": [ [ 80.262761, 13.0869596 ], [ 80.262669, 13.0869228 ], [ 80.2626391, 13.086903 ], [ 80.2626263, 13.0868783 ], [ 80.2626294, 13.0868571 ], [ 80.2626748, 13.0867702 ], [ 80.2627287, 13.0866828 ], [ 80.2627489, 13.0866306 ], [ 80.2627458, 13.0865956 ], [ 80.2626489, 13.0865217 ] ] } },
{ "type": "Feature", "properties": { "name": "Urban Corridor", "highway": "residential", "slope_pct": 0.6 }, "geometry": { "type": "LineString", "coordinates": [ [ 80.2627104, 13.0847192 ], [ 80.2625313, 13.0847454 ], [ 80.26177, 13.0847558 ], [ 80.2617414, 13.084752 ], [ 80.2617113, 13.084737 ], [ 80.2617022, 13.0847039 ], [ 80.2617064, 13.0845141 ], [ 80.2617131, 13.0844934 ], [ 80.2617306, 13.0844753 ], [ 80.261755, 13.0844735 ], [ 80.2624859, 13.0844733 ], [ 80.2626494, 13.0844542 ] ] } },
{ "type": "Feature", "properties": { "name": "EVK Sampath Salai", "highway": "tertiary", "slope_pct": 0.6 }, "geometry": { "type": "LineString", "coordinates": [ [ 80.2623052, 13.0829588 ], [ 80.2623411, 13.0831149 ], [ 80.2623694, 13.0832378 ], [ 80.2624407, 13.0835476 ], [ 80.2625742, 13.0841274 ], [ 80.2625809, 13.0841567 ], [ 80.2626494, 13.0844542 ], [ 80.2627104, 13.0847192 ], [ 80.2629079, 13.0855773 ] ] } },
{ "type": "Feature", "properties": { "name": "Urban Corridor", "highway": "residential", "slope_pct": 0.6 }, "geometry": { "type": "LineString", "coordinates": [ [ 80.2678168, 13.0839119 ], [ 80.2681792, 13.083908 ] ] } },
{ "type": "Feature", "properties": { "name": "Police Commissioner Office Road", "highway": "secondary", "slope_pct": 0.6 }, "geometry": { "type": "LineString", "coordinates": [ [ 80.2607687, 13.0732604 ], [ 80.2606682, 13.0733131 ], [ 80.2603886, 13.0734596 ], [ 80.2599936, 13.0736443 ], [ 80.2596887, 13.0738224 ], [ 80.2593556, 13.0740805 ], [ 80.2592181, 13.0742106 ], [ 80.2591101, 13.0743362 ], [ 80.2588413, 13.0746401 ], [ 80.2585063, 13.0750284 ], [ 80.2583147, 13.07524 ], [ 80.258292, 13.0752735 ], [ 80.2582733, 13.0753 ] ] } },
{ "type": "Feature", "properties": { "name": "Police Commissioner Office Road", "highway": "secondary", "slope_pct": 0.6 }, "geometry": { "type": "LineString", "coordinates": [ [ 80.258288, 13.0753845 ], [ 80.2583299, 13.0753288 ], [ 80.2584322, 13.0752058 ], [ 80.2585493, 13.075069 ], [ 80.2588757, 13.0746939 ], [ 80.2591552, 13.07437 ], [ 80.2592694, 13.0742368 ], [ 80.2594719, 13.0740556 ], [ 80.2596669, 13.0739194 ], [ 80.2598133, 13.0738285 ], [ 80.2600176, 13.0737227 ], [ 80.2603043, 13.0735839 ], [ 80.2606672, 13.073422 ] ] } },
{ "type": "Feature", "properties": { "name": "Gandhi - Irwin Road", "highway": "secondary", "slope_pct": 0.6 }, "geometry": { "type": "LineString", "coordinates": [ [ 80.2582897, 13.0754678 ], [ 80.2583168, 13.0754826 ], [ 80.2583444, 13.0754945 ], [ 80.2583497, 13.0754968 ], [ 80.2583862, 13.0755111 ], [ 80.2584462, 13.0755291 ], [ 80.2585279, 13.0755501 ] ] } },
{ "type": "Feature", "properties": { "name": "Halls Road", "highway": "secondary", "slope_pct": 0.6 }, "geometry": { "type": "LineString", "coordinates": [ [ 80.258038, 13.0752455 ], [ 80.2581263, 13.0753272 ], [ 80.2581421, 13.0753422 ], [ 80.2581567, 13.0753556 ] ] } },
{ "type": "Feature", "properties": { "name": "Taravath Madhavan Nair Bridge Road", "highway": "secondary", "slope_pct": 0.6 }, "geometry": { "type": "LineString", "coordinates": [ [ 80.258202, 13.0753974 ], [ 80.2581821, 13.0754376 ], [ 80.2581525, 13.0754805 ], [ 80.2581156, 13.0755339 ], [ 80.2580824, 13.075582 ] ] } },
{ "type": "Feature", "properties": { "name": "Taravath Madhavan Nair Bridge Road", "highway": "secondary", "slope_pct": 0.6 }, "geometry": { "type": "LineString", "coordinates": [ [ 80.2582111, 13.0755122 ], [ 80.2582331, 13.0754838 ], [ 80.2582613, 13.0754474 ] ] } },
{ "type": "Feature", "properties": { "name": "Gandhi - Irwin Road", "highway": "secondary", "slope_pct": 0.6 }, "geometry": { "type": "LineString", "coordinates": [ [ 80.2585478, 13.0754925 ], [ 80.2584623, 13.0754718 ], [ 80.258406, 13.0754554 ], [ 80.2583698, 13.0754397 ], [ 80.2583416, 13.0754227 ], [ 80.2583014, 13.0753979 ], [ 80.258288, 13.0753845 ] ] } },
{ "type": "Feature", "properties": { "name": "Urban Corridor", "highway": "residential", "slope_pct": 0.6 }, "geometry": { "type": "LineString", "coordinates": [ [ 80.2576529, 13.0758938 ], [ 80.2580491, 13.0755471 ], [ 80.2581156, 13.0755339 ] ] } },
{ "type": "Feature", "properties": { "name": "Police Commissioner Office Road", "highway": "secondary", "slope_pct": 0.6 }, "geometry": { "type": "LineString", "coordinates": [ [ 80.2582373, 13.0753503 ], [ 80.258202, 13.0753974 ] ] } },
{ "type": "Feature", "properties": { "name": "Halls Road", "highway": "secondary", "slope_pct": 0.6 }, "geometry": { "type": "LineString", "coordinates": [ [ 80.2581851, 13.0753066 ], [ 80.2581781, 13.0753007 ], [ 80.258151, 13.0752778 ], [ 80.2580748, 13.0752085 ] ] } },
{ "type": "Feature", "properties": { "name": "Gandhi Irwin Road", "highway": "secondary", "slope_pct": 0.6 }, "geometry": { "type": "LineString", "coordinates": [ [ 80.258288, 13.0753845 ], [ 80.2582373, 13.0753503 ] ] } },
{ "type": "Feature", "properties": { "name": "Taravath Madhavan Nair Bridge Road", "highway": "secondary", "slope_pct": 0.6 }, "geometry": { "type": "LineString", "coordinates": [ [ 80.2582613, 13.0754474 ], [ 80.258288, 13.0753845 ] ] } },
{ "type": "Feature", "properties": { "name": "Urban Corridor", "highway": "secondary_link", "slope_pct": 0.6 }, "geometry": { "type": "LineString", "coordinates": [ [ 80.2581567, 13.0753556 ], [ 80.2581616, 13.0753732 ], [ 80.2581629, 13.0753901 ], [ 80.2581616, 13.0754071 ], [ 80.2581525, 13.0754805 ] ] } },
{ "type": "Feature", "properties": { "name": "Urban Corridor", "highway": "residential", "slope_pct": 0.6 }, "geometry": { "type": "LineString", "coordinates": [ [ 80.2567573, 13.0801776 ], [ 80.2567957, 13.0801731 ], [ 80.2570044, 13.0801567 ], [ 80.2572151, 13.0801388 ], [ 80.2572237, 13.0801343 ], [ 80.2572259, 13.0801233 ], [ 80.2572098, 13.0798959 ], [ 80.2572076, 13.0798901 ], [ 80.257199, 13.0798884 ], [ 80.2569943, 13.0799099 ], [ 80.2569888, 13.0799136 ], [ 80.2569855, 13.0799205 ], [ 80.2570044, 13.0801567 ] ] } },
{ "type": "Feature", "properties": { "name": "Urban Corridor", "highway": "residential", "slope_pct": 0.6 }, "geometry": { "type": "LineString", "coordinates": [ [ 80.2632955, 13.0934608 ], [ 80.2632627, 13.0930456 ] ] } },
{ "type": "Feature", "properties": { "name": "Urban Corridor", "highway": "residential", "slope_pct": 0.6 }, "geometry": { "type": "LineString", "coordinates": [ [ 80.257517, 13.0858809 ], [ 80.2575552, 13.0858905 ], [ 80.257907, 13.0859785 ] ] } },
{ "type": "Feature", "properties": { "name": "Urban Corridor", "highway": "residential", "slope_pct": 0.6 }, "geometry": { "type": "LineString", "coordinates": [ [ 80.2585738, 13.0851537 ], [ 80.258113, 13.0850663 ] ] } },
{ "type": "Feature", "properties": { "name": "Urban Corridor", "highway": "residential", "slope_pct": 0.6 }, "geometry": { "type": "LineString", "coordinates": [ [ 80.2598078, 13.0817661 ], [ 80.2598388, 13.0817728 ], [ 80.2601069, 13.0818316 ] ] } },
{ "type": "Feature", "properties": { "name": "Urban Corridor", "highway": "residential", "slope_pct": 0.6 }, "geometry": { "type": "LineString", "coordinates": [ [ 80.2571228, 13.0830971 ], [ 80.2571128, 13.0829149 ], [ 80.2571167, 13.0829036 ], [ 80.2571254, 13.0828933 ], [ 80.2571364, 13.0828876 ], [ 80.2572308, 13.0828782 ], [ 80.2573371, 13.082879 ], [ 80.2574583, 13.0828743 ], [ 80.2574676, 13.0828721 ], [ 80.2574748, 13.0828686 ], [ 80.2574794, 13.0828614 ], [ 80.2574767, 13.0827601 ] ] } },
{ "type": "Feature", "properties": { "name": "Urban Corridor", "highway": "residential", "slope_pct": 0.6 }, "geometry": { "type": "LineString", "coordinates": [ [ 80.2574614, 13.069943 ], [ 80.2575225, 13.0698832 ], [ 80.2575282, 13.0698777 ], [ 80.2576691, 13.0697505 ] ] } },
{ "type": "Feature", "properties": { "name": "Urban Corridor", "highway": "residential", "slope_pct": 0.6 }, "geometry": { "type": "LineString", "coordinates": [ [ 80.2710338, 13.0782235 ], [ 80.2708036, 13.0782797 ] ] } },
{ "type": "Feature", "properties": { "name": "Urban Corridor", "highway": "residential", "slope_pct": 0.6 }, "geometry": { "type": "LineString", "coordinates": [ [ 80.2712528, 13.0783899 ], [ 80.2712058, 13.0782555 ], [ 80.2712063, 13.0782371 ], [ 80.2712149, 13.0782226 ], [ 80.2712312, 13.0782137 ], [ 80.2712395, 13.0781989 ], [ 80.2712376, 13.0781324 ] ] } },
{ "type": "Feature", "properties": { "name": "Urban Corridor", "highway": "residential", "slope_pct": 0.6 }, "geometry": { "type": "LineString", "coordinates": [ [ 80.2687489, 13.0933442 ], [ 80.2686673, 13.0933082 ] ] } },
{ "type": "Feature", "properties": { "name": "Urban Corridor", "highway": "residential", "slope_pct": 0.6 }, "geometry": { "type": "LineString", "coordinates": [ [ 80.2685296, 13.0849554 ], [ 80.2685716, 13.0854737 ] ] } },
{ "type": "Feature", "properties": { "name": "Urban Corridor", "highway": "residential", "slope_pct": 0.6 }, "geometry": { "type": "LineString", "coordinates": [ [ 80.2683306, 13.0849604 ], [ 80.268332, 13.0852837 ] ] } },
{ "type": "Feature", "properties": { "name": "Urban Corridor", "highway": "residential", "slope_pct": 0.6 }, "geometry": { "type": "LineString", "coordinates": [ [ 80.2773379, 13.0960454 ], [ 80.2774622, 13.0960287 ] ] } },
{ "type": "Feature", "properties": { "name": "Anna Pillai Street", "highway": "residential", "slope_pct": 0.6 }, "geometry": { "type": "LineString", "coordinates": [ [ 80.2825765, 13.0928835 ], [ 80.2826263, 13.0928075 ], [ 80.2830371, 13.0926421 ], [ 80.2834762, 13.092469 ] ] } },
{ "type": "Feature", "properties": { "name": "Anna Pillai Street", "highway": "residential", "slope_pct": 0.6 }, "geometry": { "type": "LineString", "coordinates": [ [ 80.281875, 13.0932656 ], [ 80.2822221, 13.0930632 ], [ 80.2824768, 13.0929437 ], [ 80.2825765, 13.0928835 ] ] } },
{ "type": "Feature", "properties": { "name": "Kuruvam Kalan Lane", "highway": "residential", "slope_pct": 0.6 }, "geometry": { "type": "LineString", "coordinates": [ [ 80.2640681, 13.0901735 ], [ 80.2641259, 13.0907894 ], [ 80.264162, 13.0910572 ] ] } },
{ "type": "Feature", "properties": { "name": "Avadanam 2nd Lane", "highway": "residential", "slope_pct": 0.6 }, "geometry": { "type": "LineString", "coordinates": [ [ 80.2632648, 13.0908943 ], [ 80.2628199, 13.0909274 ], [ 80.2618419, 13.091077 ] ] } },
{ "type": "Feature", "properties": { "name": "Old Slaughter House Road", "highway": "residential", "slope_pct": 0.6 }, "geometry": { "type": "LineString", "coordinates": [ [ 80.2646657, 13.0947109 ], [ 80.2647505, 13.0951546 ], [ 80.2647968, 13.0953453 ], [ 80.2649368, 13.0957271 ] ] } },
{ "type": "Feature", "properties": { "name": "Arimuthu Maistry Street", "highway": "residential", "slope_pct": 0.6 }, "geometry": { "type": "LineString", "coordinates": [ [ 80.2648824, 13.0946575 ], [ 80.2649036, 13.0946415 ], [ 80.264917, 13.094618 ], [ 80.2649114, 13.0945543 ], [ 80.2648738, 13.0941741 ], [ 80.2647914, 13.0931259 ], [ 80.2647432, 13.0923215 ], [ 80.2646552, 13.0915995 ] ] } },
{ "type": "Feature", "properties": { "name": "Adithanar Road", "highway": "secondary", "slope_pct": 0.6 }, "geometry": { "type": "LineString", "coordinates": [ [ 80.2686228, 13.0684648 ], [ 80.2685213, 13.0685063 ], [ 80.2684825, 13.0685221 ], [ 80.2684503, 13.0685373 ], [ 80.2684079, 13.0685573 ], [ 80.268103, 13.0686515 ], [ 80.2679586, 13.0687023 ], [ 80.2675818, 13.0688368 ], [ 80.2674401, 13.0688899 ], [ 80.2673023, 13.0689565 ], [ 80.2672232, 13.0689975 ], [ 80.2671754, 13.0690322 ], [ 80.2671155, 13.0690817 ], [ 80.2670067, 13.0692005 ], [ 80.2669532, 13.0692549 ], [ 80.2667506, 13.0694609 ], [ 80.2664796, 13.069723 ], [ 80.2660278, 13.0701652 ], [ 80.2657326, 13.0704513 ], [ 80.2655571, 13.0706213 ] ] } },
{ "type": "Feature", "properties": { "name": "Narasinga Perumal Koil Street", "highway": "residential", "slope_pct": 0.6 }, "geometry": { "type": "LineString", "coordinates": [ [ 80.2604017, 13.0923908 ], [ 80.2600336, 13.0923939 ], [ 80.2598049, 13.092408 ] ] } },
{ "type": "Feature", "properties": { "name": "Rangiah Street", "highway": "tertiary", "slope_pct": 0.6 }, "geometry": { "type": "LineString", "coordinates": [ [ 80.2601867, 13.0934839 ], [ 80.2604017, 13.0923908 ] ] } },
{ "type": "Feature", "properties": { "name": "West Cooum River Road", "highway": "tertiary", "slope_pct": 0.6 }, "geometry": { "type": "LineString", "coordinates": [ [ 80.2665597, 13.0769946 ], [ 80.2666967, 13.0774536 ], [ 80.2668581, 13.0778588 ], [ 80.2670286, 13.0781722 ], [ 80.2670779, 13.0782594 ], [ 80.2672417, 13.0785749 ], [ 80.2673319, 13.0787012 ] ] } },
{ "type": "Feature", "properties": { "name": "Mangapathi Street", "highway": "secondary", "slope_pct": 0.6 }, "geometry": { "type": "LineString", "coordinates": [ [ 80.2665597, 13.0769946 ], [ 80.2672861, 13.0769053 ], [ 80.267347, 13.0768966 ] ] } },
{ "type": "Feature", "properties": { "name": "Urban Corridor", "highway": "secondary", "slope_pct": 0.6 }, "geometry": { "type": "LineString", "coordinates": [ [ 80.267347, 13.0768966 ], [ 80.2672158, 13.0760151 ] ] } },
{ "type": "Feature", "properties": { "name": "Arunachalam Street", "highway": "secondary", "slope_pct": 0.6 }, "geometry": { "type": "LineString", "coordinates": [ [ 80.2672158, 13.0760151 ], [ 80.26636, 13.0761989 ] ] } },
{ "type": "Feature", "properties": { "name": "West Cooum River Road", "highway": "secondary", "slope_pct": 0.6 }, "geometry": { "type": "LineString", "coordinates": [ [ 80.2663966, 13.0763981 ], [ 80.2664839, 13.0766262 ], [ 80.2665597, 13.0769946 ] ] } },
{ "type": "Feature", "properties": { "name": "Urban Corridor", "highway": "residential", "slope_pct": 0.6 }, "geometry": { "type": "LineString", "coordinates": [ [ 80.2675523, 13.071239 ], [ 80.2677942, 13.0712944 ] ] } },
{ "type": "Feature", "properties": { "name": "Urban Corridor", "highway": "residential", "slope_pct": 0.6 }, "geometry": { "type": "LineString", "coordinates": [ [ 80.2581876, 13.0793565 ], [ 80.2581785, 13.0794288 ], [ 80.2581648, 13.0794756 ], [ 80.2581244, 13.0794776 ], [ 80.2580875, 13.0794852 ], [ 80.2580362, 13.0795255 ], [ 80.2580147, 13.0796577 ] ] } },
{ "type": "Feature", "properties": { "name": "Urban Corridor", "highway": "residential", "slope_pct": 0.6 }, "geometry": { "type": "LineString", "coordinates": [ [ 80.2581648, 13.0794756 ], [ 80.2582747, 13.0794917 ], [ 80.2583271, 13.0795109 ], [ 80.2583605, 13.0795305 ] ] } },
{ "type": "Feature", "properties": { "name": "Urban Corridor", "highway": "residential", "slope_pct": 0.6 }, "geometry": { "type": "LineString", "coordinates": [ [ 80.2609704, 13.0836662 ], [ 80.2609458, 13.0833802 ] ] } },
{ "type": "Feature", "properties": { "name": "Urban Corridor", "highway": "residential", "slope_pct": 0.6 }, "geometry": { "type": "LineString", "coordinates": [ [ 80.2612746, 13.0836419 ], [ 80.2612563, 13.0833547 ] ] } },
{ "type": "Feature", "properties": { "name": "Urban Corridor", "highway": "residential", "slope_pct": 0.6 }, "geometry": { "type": "LineString", "coordinates": [ [ 80.2751436, 13.0736118 ], [ 80.2753449, 13.0736708 ] ] } },
{ "type": "Feature", "properties": { "name": "Urban Corridor", "highway": "residential", "slope_pct": 0.6 }, "geometry": { "type": "LineString", "coordinates": [ [ 80.2678862, 13.0937488 ], [ 80.2678593, 13.0933197 ] ] } },
{ "type": "Feature", "properties": { "name": "Wall Tax Road", "highway": "primary", "slope_pct": 0.6 }, "geometry": { "type": "LineString", "coordinates": [ [ 80.2752986, 13.0924682 ], [ 80.2752963, 13.0923212 ], [ 80.2752715, 13.091413 ] ] } },
{ "type": "Feature", "properties": { "name": "Urban Corridor", "highway": "tertiary", "slope_pct": 0.6 }, "geometry": { "type": "LineString", "coordinates": [ [ 80.2730543, 13.082712 ], [ 80.2730552, 13.0826439 ] ] } },
{ "type": "Feature", "properties": { "name": "Perambur Barracks Salai", "highway": "secondary", "slope_pct": 0.6 }, "geometry": { "type": "LineString", "coordinates": [ [ 80.2588161, 13.0924905 ], [ 80.2588435, 13.0930442 ], [ 80.258845, 13.0930745 ], [ 80.2588464, 13.0931025 ], [ 80.2588649, 13.0934773 ] ] } },
{ "type": "Feature", "properties": { "name": "Perambur Barracks Salai", "highway": "secondary", "slope_pct": 0.6 }, "geometry": { "type": "LineString", "coordinates": [ [ 80.2584967, 13.0868744 ], [ 80.2585438, 13.0869985 ], [ 80.2585548, 13.0870274 ], [ 80.2585742, 13.0870784 ] ] } },
{ "type": "Feature", "properties": { "name": "Perambur Barracks Salai", "highway": "secondary", "slope_pct": 0.6 }, "geometry": { "type": "LineString", "coordinates": [ [ 80.2585742, 13.0870784 ], [ 80.2585836, 13.0888641 ], [ 80.2586066, 13.0894158 ] ] } },
{ "type": "Feature", "properties": { "name": "Urban Corridor", "highway": "primary_link", "slope_pct": 0.6 }, "geometry": { "type": "LineString", "coordinates": [ [ 80.2746906, 13.071935 ], [ 80.2746871, 13.071855 ], [ 80.2746951, 13.0718089 ], [ 80.2747146, 13.0717678 ] ] } },
{ "type": "Feature", "properties": { "name": "Urban Corridor", "highway": "tertiary_link", "slope_pct": 0.6 }, "geometry": { "type": "LineString", "coordinates": [ [ 80.2783872, 13.0691935 ], [ 80.2784577, 13.0692713 ] ] } },
{ "type": "Feature", "properties": { "name": "Pallavan Salai", "highway": "secondary", "slope_pct": 0.6 }, "geometry": { "type": "LineString", "coordinates": [ [ 80.2764982, 13.0737818 ], [ 80.2765861, 13.0736238 ] ] } },
{ "type": "Feature", "properties": { "name": "Anna Salai", "highway": "primary", "slope_pct": 0.6 }, "geometry": { "type": "LineString", "coordinates": [ [ 80.276218, 13.0735117 ], [ 80.2764266, 13.0737086 ], [ 80.2764982, 13.0737818 ] ] } },
{ "type": "Feature", "properties": { "name": "Perambur Barracks Salai", "highway": "secondary", "slope_pct": 0.6 }, "geometry": { "type": "LineString", "coordinates": [ [ 80.2587029, 13.0908619 ], [ 80.2587382, 13.0914288 ], [ 80.2587452, 13.0915028 ], [ 80.2587535, 13.0917321 ], [ 80.2587647, 13.0918555 ], [ 80.2588161, 13.0924905 ] ] } },
{ "type": "Feature", "properties": { "name": "Perambur Barracks Salai", "highway": "secondary", "slope_pct": 0.6 }, "geometry": { "type": "LineString", "coordinates": [ [ 80.2588649, 13.0934773 ], [ 80.2588794, 13.0937707 ], [ 80.2588937, 13.0940602 ], [ 80.2589084, 13.0943566 ] ] } },
{ "type": "Feature", "properties": { "name": "Urban Corridor", "highway": "residential", "slope_pct": 0.6 }, "geometry": { "type": "LineString", "coordinates": [ [ 80.2585764, 13.0915081 ], [ 80.2586548, 13.0915046 ], [ 80.2587452, 13.0915028 ] ] } },
{ "type": "Feature", "properties": { "name": "Urban Corridor", "highway": "residential", "slope_pct": 0.6 }, "geometry": { "type": "LineString", "coordinates": [ [ 80.2599499, 13.0932308 ], [ 80.2599516, 13.0931743 ], [ 80.2599496, 13.0931587 ], [ 80.2599426, 13.0931461 ], [ 80.2599327, 13.0931422 ], [ 80.2594811, 13.0931422 ], [ 80.2594682, 13.0931471 ], [ 80.2594632, 13.0931558 ], [ 80.2594632, 13.0931743 ], [ 80.2594745, 13.0934286 ], [ 80.2594758, 13.0934592 ], [ 80.2594772, 13.0934899 ] ] } },
{ "type": "Feature", "properties": { "name": "Urban Corridor", "highway": "residential", "slope_pct": 0.6 }, "geometry": { "type": "LineString", "coordinates": [ [ 80.2594745, 13.0934286 ], [ 80.2599352, 13.0934307 ] ] } },
{ "type": "Feature", "properties": { "name": "Urban Corridor", "highway": "tertiary", "slope_pct": 0.6 }, "geometry": { "type": "LineString", "coordinates": [ [ 80.2626701, 13.087151 ], [ 80.262761, 13.0869596 ], [ 80.262969, 13.0865053 ] ] } },
{ "type": "Feature", "properties": { "name": "Uthandi Street", "highway": "residential", "slope_pct": 0.6 }, "geometry": { "type": "LineString", "coordinates": [ [ 80.2824171, 13.0913902 ], [ 80.2826767, 13.0913129 ], [ 80.2827625, 13.0912892 ], [ 80.2828443, 13.0912661 ] ] } },
{ "type": "Feature", "properties": { "name": "Urban Corridor", "highway": "residential", "slope_pct": 0.6 }, "geometry": { "type": "LineString", "coordinates": [ [ 80.2583011, 13.0802361 ], [ 80.2583139, 13.0800254 ] ] } },
{ "type": "Feature", "properties": { "name": "Urban Corridor", "highway": "residential", "slope_pct": 0.6 }, "geometry": { "type": "LineString", "coordinates": [ [ 80.2576529, 13.0758938 ], [ 80.2575728, 13.0757011 ] ] } },
{ "type": "Feature", "properties": { "name": "Urban Corridor", "highway": "residential", "slope_pct": 0.6 }, "geometry": { "type": "LineString", "coordinates": [ [ 80.258038, 13.0752455 ], [ 80.2579775, 13.0752805 ], [ 80.2573936, 13.0753952 ] ] } },
{ "type": "Feature", "properties": { "name": "Urban Corridor", "highway": "residential", "slope_pct": 0.6 }, "geometry": { "type": "LineString", "coordinates": [ [ 80.2609896, 13.0802795 ], [ 80.2610062, 13.0801531 ], [ 80.2610239, 13.0801221 ], [ 80.2610451, 13.0801094 ], [ 80.2610923, 13.0801129 ], [ 80.2611653, 13.0801237 ], [ 80.2613871, 13.0801536 ] ] } },
{ "type": "Feature", "properties": { "name": "Urban Corridor", "highway": "secondary", "slope_pct": 0.6 }, "geometry": { "type": "LineString", "coordinates": [ [ 80.2752963, 13.0923212 ], [ 80.2752062, 13.0923262 ], [ 80.2751074, 13.0923317 ] ] } },
{ "type": "Feature", "properties": { "name": "Urban Corridor", "highway": "residential", "slope_pct": 0.6 }, "geometry": { "type": "LineString", "coordinates": [ [ 80.2574424, 13.0792702 ], [ 80.2574523, 13.0793886 ], [ 80.2574874, 13.0798097 ], [ 80.257528, 13.0798414 ], [ 80.2575719, 13.0798509 ], [ 80.2576321, 13.0798477 ], [ 80.257663, 13.0798113 ], [ 80.2576905, 13.079402 ], [ 80.2576976, 13.0792973 ] ] } },
{ "type": "Feature", "properties": { "name": "Urban Corridor", "highway": "residential", "slope_pct": 0.6 }, "geometry": { "type": "LineString", "coordinates": [ [ 80.2574523, 13.0793886 ], [ 80.2576905, 13.079402 ] ] } },
{ "type": "Feature", "properties": { "name": "Urban Corridor", "highway": "secondary_link", "slope_pct": 0.6 }, "geometry": { "type": "LineString", "coordinates": [ [ 80.2745308, 13.0924749 ], [ 80.2745812, 13.0925378 ] ] } },
{ "type": "Feature", "properties": { "name": "Perambur Barracks Salai", "highway": "secondary", "slope_pct": 0.6 }, "geometry": { "type": "LineString", "coordinates": [ [ 80.2586329, 13.0904844 ], [ 80.2587029, 13.0908619 ] ] } },
{ "type": "Feature", "properties": { "name": "Urban Corridor", "highway": "secondary_link", "slope_pct": 0.6 }, "geometry": { "type": "LineString", "coordinates": [ [ 80.2652591, 13.0760837 ], [ 80.2652136, 13.0761191 ], [ 80.2651788, 13.07614 ], [ 80.2651526, 13.0761498 ], [ 80.2651218, 13.0761594 ] ] } },
{ "type": "Feature", "properties": { "name": "Langs Garden Road", "highway": "tertiary", "slope_pct": 0.6 }, "geometry": { "type": "LineString", "coordinates": [ [ 80.2652981, 13.0752562 ], [ 80.2652793, 13.07533 ], [ 80.2652646, 13.0753979 ], [ 80.265263, 13.0754137 ] ] } },
{ "type": "Feature", "properties": { "name": "Langs Garden Road", "highway": "tertiary", "slope_pct": 0.6 }, "geometry": { "type": "LineString", "coordinates": [ [ 80.2653122, 13.0754301 ], [ 80.2653102, 13.0753927 ], [ 80.2652981, 13.0752562 ] ] } },
{ "type": "Feature", "properties": { "name": "Adithanar Road", "highway": "secondary", "slope_pct": 0.6 }, "geometry": { "type": "LineString", "coordinates": [ [ 80.265603, 13.0706565 ], [ 80.2658132, 13.0704521 ], [ 80.2659738, 13.0702993 ], [ 80.2660202, 13.0702533 ], [ 80.266262, 13.0700231 ], [ 80.2667769, 13.0695208 ], [ 80.2670372, 13.0692492 ], [ 80.2670456, 13.0692404 ], [ 80.267132, 13.0691513 ], [ 80.26718, 13.0691039 ], [ 80.2672285, 13.0690622 ], [ 80.2672657, 13.0690364 ], [ 80.267329, 13.069006 ], [ 80.2673925, 13.0689777 ] ] } },
{ "type": "Feature", "properties": { "name": "Adithanar Road", "highway": "secondary", "slope_pct": 0.6 }, "geometry": { "type": "LineString", "coordinates": [ [ 80.2655571, 13.0706213 ], [ 80.2655304, 13.0706903 ] ] } },
{ "type": "Feature", "properties": { "name": "Adithanar Road", "highway": "secondary", "slope_pct": 0.6 }, "geometry": { "type": "LineString", "coordinates": [ [ 80.2655304, 13.0706903 ], [ 80.265603, 13.0706565 ] ] } },
{ "type": "Feature", "properties": { "name": "Purasaiwalkam Flyover", "highway": "secondary", "slope_pct": 0.6 }, "geometry": { "type": "LineString", "coordinates": [ [ 80.2605846, 13.0866745 ], [ 80.2605613, 13.0866791 ], [ 80.259132, 13.0868879 ] ] } },
{ "type": "Feature", "properties": { "name": "Purasaiwalkam Flyover", "highway": "secondary", "slope_pct": 0.6 }, "geometry": { "type": "LineString", "coordinates": [ [ 80.2606864, 13.0866541 ], [ 80.2605846, 13.0866745 ] ] } },
{ "type": "Feature", "properties": { "name": "Purasaiwalkam Flyover", "highway": "secondary", "slope_pct": 0.6 }, "geometry": { "type": "LineString", "coordinates": [ [ 80.2606991, 13.0876039 ], [ 80.2608828, 13.0876608 ] ] } },
{ "type": "Feature", "properties": { "name": "Urban Corridor", "highway": "tertiary", "slope_pct": 0.6 }, "geometry": { "type": "LineString", "coordinates": [ [ 80.2585548, 13.0870274 ], [ 80.2587498, 13.0870701 ], [ 80.2591537, 13.0871673 ], [ 80.2592443, 13.0871884 ], [ 80.2598767, 13.0873648 ], [ 80.2608234, 13.0876116 ], [ 80.2608828, 13.0876608 ] ] } },
{ "type": "Feature", "properties": { "name": "Urban Corridor", "highway": "tertiary_link", "slope_pct": 0.6 }, "geometry": { "type": "LineString", "coordinates": [ [ 80.2587632, 13.0869855 ], [ 80.258741, 13.0870042 ], [ 80.2587359, 13.0870369 ], [ 80.2587498, 13.0870701 ], [ 80.2587736, 13.0871317 ] ] } },
{ "type": "Feature", "properties": { "name": "Urban Corridor", "highway": "tertiary_link", "slope_pct": 0.6 }, "geometry": { "type": "LineString", "coordinates": [ [ 80.2588962, 13.0869675 ], [ 80.2588861, 13.0868676 ] ] } },
{ "type": "Feature", "properties": { "name": "Urban Corridor", "highway": "residential", "slope_pct": 0.6 }, "geometry": { "type": "LineString", "coordinates": [ [ 80.2752573, 13.0955693 ], [ 80.2751956, 13.0955819 ] ] } },
{ "type": "Feature", "properties": { "name": "Urban Corridor", "highway": "residential", "slope_pct": 0.6 }, "geometry": { "type": "LineString", "coordinates": [ [ 80.2840926, 13.0758792 ], [ 80.2845844, 13.0761493 ], [ 80.2847178, 13.0761905 ], [ 80.2848804, 13.0762126 ], [ 80.2850528, 13.0760891 ] ] } },
{ "type": "Feature", "properties": { "name": "Urban Corridor", "highway": "residential", "slope_pct": 0.6 }, "geometry": { "type": "LineString", "coordinates": [ [ 80.2766268, 13.0765813 ], [ 80.2767452, 13.076571 ], [ 80.2769842, 13.0768327 ] ] } },
{ "type": "Feature", "properties": { "name": "Urban Corridor", "highway": "residential", "slope_pct": 0.6 }, "geometry": { "type": "LineString", "coordinates": [ [ 80.2768514, 13.0763361 ], [ 80.2769276, 13.0763957 ], [ 80.2769473, 13.0764486 ], [ 80.2769078, 13.0765494 ], [ 80.2770952, 13.0766646 ], [ 80.2772085, 13.0766022 ], [ 80.2774107, 13.0768111 ] ] } },
{ "type": "Feature", "properties": { "name": "Urban Corridor", "highway": "residential", "slope_pct": 0.6 }, "geometry": { "type": "LineString", "coordinates": [ [ 80.2769078, 13.0765494 ], [ 80.2767452, 13.076571 ], [ 80.2767797, 13.076475 ], [ 80.276772, 13.0764195 ] ] } },
{ "type": "Feature", "properties": { "name": "Urban Corridor", "highway": "residential", "slope_pct": 0.6 }, "geometry": { "type": "LineString", "coordinates": [ [ 80.2785361, 13.0784117 ], [ 80.278527, 13.0787788 ], [ 80.2785247, 13.0788731 ], [ 80.278522, 13.0789831 ], [ 80.2780201, 13.078952 ], [ 80.2778538, 13.0789417 ], [ 80.2776272, 13.0789472 ], [ 80.2776018, 13.0788148 ], [ 80.2775819, 13.0785059 ], [ 80.277582, 13.0784158 ] ] } },
{ "type": "Feature", "properties": { "name": "Urban Corridor", "highway": "residential", "slope_pct": 0.6 }, "geometry": { "type": "LineString", "coordinates": [ [ 80.2780201, 13.078952 ], [ 80.2780184, 13.0788452 ], [ 80.2780151, 13.0786356 ] ] } },
{ "type": "Feature", "properties": { "name": "Urban Corridor", "highway": "residential", "slope_pct": 0.6 }, "geometry": { "type": "LineString", "coordinates": [ [ 80.2776018, 13.0788148 ], [ 80.2780184, 13.0788452 ], [ 80.27827, 13.0788645 ], [ 80.2785247, 13.0788731 ] ] } },
{ "type": "Feature", "properties": { "name": "Urban Corridor", "highway": "residential", "slope_pct": 0.6 }, "geometry": { "type": "LineString", "coordinates": [ [ 80.278522, 13.0789831 ], [ 80.2786182, 13.0790272 ], [ 80.27874, 13.0790244 ], [ 80.2788957, 13.0790299 ], [ 80.2789495, 13.0790162 ], [ 80.2790005, 13.0789307 ], [ 80.2794506, 13.0789251 ], [ 80.2796179, 13.0789181 ], [ 80.279714, 13.0789141 ], [ 80.2801217, 13.0789113 ], [ 80.2801641, 13.078961 ], [ 80.280133, 13.079063 ], [ 80.2791505, 13.0790327 ] ] } },
{ "type": "Feature", "properties": { "name": "Urban Corridor", "highway": "residential", "slope_pct": 0.6 }, "geometry": { "type": "LineString", "coordinates": [ [ 80.2790005, 13.0789307 ], [ 80.2790061, 13.0787624 ], [ 80.278527, 13.0787788 ] ] } },
{ "type": "Feature", "properties": { "name": "Urban Corridor", "highway": "residential", "slope_pct": 0.6 }, "geometry": { "type": "LineString", "coordinates": [ [ 80.2790061, 13.0787624 ], [ 80.2790174, 13.0786659 ], [ 80.2796347, 13.0786769 ], [ 80.2802066, 13.0786769 ], [ 80.2802123, 13.0787735 ], [ 80.2801783, 13.0788396 ], [ 80.279629, 13.0788148 ], [ 80.2796179, 13.0789181 ] ] } },
{ "type": "Feature", "properties": { "name": "Urban Corridor", "highway": "residential", "slope_pct": 0.6 }, "geometry": { "type": "LineString", "coordinates": [ [ 80.279176, 13.0787872 ], [ 80.279629, 13.0788148 ] ] } },
{ "type": "Feature", "properties": { "name": "Urban Corridor", "highway": "residential", "slope_pct": 0.6 }, "geometry": { "type": "LineString", "coordinates": [ [ 80.279629, 13.0788148 ], [ 80.2796347, 13.0786769 ], [ 80.2796403, 13.0785473 ] ] } },
{ "type": "Feature", "properties": { "name": "Urban Corridor", "highway": "residential", "slope_pct": 0.6 }, "geometry": { "type": "LineString", "coordinates": [ [ 80.2780382, 13.070841 ], [ 80.2781551, 13.0710994 ], [ 80.2783307, 13.0714028 ], [ 80.2785402, 13.0716841 ], [ 80.2777814, 13.0723626 ], [ 80.2774558, 13.0726453 ], [ 80.2774812, 13.072739 ], [ 80.2775605, 13.0728438 ], [ 80.27762, 13.0729018 ], [ 80.2776851, 13.0729321 ], [ 80.2777596, 13.0729776 ] ] } },
{ "type": "Feature", "properties": { "name": "Urban Corridor", "highway": "residential", "slope_pct": 0.6 }, "geometry": { "type": "LineString", "coordinates": [ [ 80.2767309, 13.0733872 ], [ 80.2781749, 13.0747468 ], [ 80.2784099, 13.0748268 ], [ 80.2786116, 13.0749632 ], [ 80.2788884, 13.075246 ], [ 80.2794519, 13.0757066 ], [ 80.280038, 13.0763409 ], [ 80.2807147, 13.0770028 ], [ 80.2814197, 13.0777254 ], [ 80.2815244, 13.0775958 ], [ 80.2817679, 13.0772235 ], [ 80.2819435, 13.0772179 ], [ 80.2820029, 13.0771407 ], [ 80.2823427, 13.0761451 ], [ 80.2826456, 13.0752047 ], [ 80.282892, 13.0743745 ], [ 80.2830703, 13.073856 ], [ 80.2832799, 13.0728714 ], [ 80.2833733, 13.0723336 ], [ 80.2833761, 13.0715559 ], [ 80.2833422, 13.0712221 ], [ 80.2829316, 13.0704113 ], [ 80.2829656, 13.0702872 ], [ 80.2830307, 13.0702541 ], [ 80.283127, 13.0702872 ], [ 80.2836338, 13.0709491 ], [ 80.2836791, 13.0710125 ], [ 80.2836848, 13.071098 ], [ 80.2837754, 13.0714373 ], [ 80.2837782, 13.0719144 ], [ 80.2837895, 13.072033 ], [ 80.2837499, 13.0722012 ], [ 80.2836678, 13.0730507 ], [ 80.2835857, 13.0735361 ] ] } },
{ "type": "Feature", "properties": { "name": "Urban Corridor", "highway": "residential", "slope_pct": 0.6 }, "geometry": { "type": "LineString", "coordinates": [ [ 80.2625585, 13.0761028 ], [ 80.2621393, 13.0760094 ] ] } },
{ "type": "Feature", "properties": { "name": "Urban Corridor", "highway": "secondary_link", "slope_pct": 0.6 }, "geometry": { "type": "LineString", "coordinates": [ [ 80.2654555, 13.0765553 ], [ 80.2654691, 13.0765276 ], [ 80.2654817, 13.0765029 ], [ 80.2655022, 13.0764844 ], [ 80.2655261, 13.0764713 ] ] } },
{ "type": "Feature", "properties": { "name": "Urban Corridor", "highway": "primary_link", "slope_pct": 0.6 }, "geometry": { "type": "LineString", "coordinates": [ [ 80.2739994, 13.081637 ], [ 80.2740083, 13.0815287 ] ] } },
{ "type": "Feature", "properties": { "name": "Halls Road", "highway": "secondary", "slope_pct": 0.6 }, "geometry": { "type": "LineString", "coordinates": [ [ 80.258202, 13.0753974 ], [ 80.2582613, 13.0754474 ] ] } },
{ "type": "Feature", "properties": { "name": "Halls Road", "highway": "secondary", "slope_pct": 0.6 }, "geometry": { "type": "LineString", "coordinates": [ [ 80.2581567, 13.0753556 ], [ 80.258202, 13.0753974 ] ] } },
{ "type": "Feature", "properties": { "name": "Raja Muthiah Road", "highway": "secondary", "slope_pct": 0.6 }, "geometry": { "type": "LineString", "coordinates": [ [ 80.2709854, 13.0810014 ], [ 80.271008, 13.0809032 ] ] } },
{ "type": "Feature", "properties": { "name": "General Hospital Road", "highway": "primary", "slope_pct": 0.6 }, "geometry": { "type": "LineString", "coordinates": [ [ 80.2709194, 13.0809633 ], [ 80.2709854, 13.0810014 ] ] } },
{ "type": "Feature", "properties": { "name": "EVR Periyar Salai", "highway": "primary", "slope_pct": 0.6 }, "geometry": { "type": "LineString", "coordinates": [ [ 80.2708772, 13.0808378 ], [ 80.27083, 13.0808209 ], [ 80.2707817, 13.0808095 ], [ 80.2707177, 13.0807959 ], [ 80.2706397, 13.0807831 ] ] } },
{ "type": "Feature", "properties": { "name": "EVR Periyar Salai", "highway": "primary", "slope_pct": 0.6 }, "geometry": { "type": "LineString", "coordinates": [ [ 80.271008, 13.0809032 ], [ 80.2709372, 13.0808678 ] ] } },
{ "type": "Feature", "properties": { "name": "EVR Periyar Salai", "highway": "primary", "slope_pct": 0.6 }, "geometry": { "type": "LineString", "coordinates": [ [ 80.2709372, 13.0808678 ], [ 80.2708772, 13.0808378 ] ] } },
{ "type": "Feature", "properties": { "name": "Gandhi Irwin Road", "highway": "secondary", "slope_pct": 0.6 }, "geometry": { "type": "LineString", "coordinates": [ [ 80.2593995, 13.0757595 ], [ 80.259282, 13.0756931 ], [ 80.2591593, 13.0756491 ], [ 80.2590472, 13.0756152 ], [ 80.2585478, 13.0754925 ] ] } },
{ "type": "Feature", "properties": { "name": "Urban Corridor", "highway": "residential", "slope_pct": 0.6 }, "geometry": { "type": "LineString", "coordinates": [ [ 80.2756048, 13.0880409 ], [ 80.2755401, 13.0880399 ] ] } },
{ "type": "Feature", "properties": { "name": "Rukmani Lakshmipathi Road", "highway": "tertiary", "slope_pct": 0.6 }, "geometry": { "type": "LineString", "coordinates": [ [ 80.2610926, 13.0710289 ], [ 80.2611099, 13.0712493 ] ] } },
{ "type": "Feature", "properties": { "name": "Rukmani Lakshmipathi Road", "highway": "tertiary", "slope_pct": 0.6 }, "geometry": { "type": "LineString", "coordinates": [ [ 80.2610816, 13.0708898 ], [ 80.2610926, 13.0710289 ] ] } },
{ "type": "Feature", "properties": { "name": "Thulasingam Street", "highway": "residential", "slope_pct": 0.6 }, "geometry": { "type": "LineString", "coordinates": [ [ 80.2612441, 13.0710249 ], [ 80.2624242, 13.0709934 ] ] } },
{ "type": "Feature", "properties": { "name": "Urban Corridor", "highway": "residential", "slope_pct": 0.6 }, "geometry": { "type": "LineString", "coordinates": [ [ 80.2639749, 13.0963373 ], [ 80.2638808, 13.0960256 ], [ 80.264147, 13.0959482 ] ] } },
{ "type": "Feature", "properties": { "name": "Halls Road", "highway": "secondary", "slope_pct": 0.6 }, "geometry": { "type": "LineString", "coordinates": [ [ 80.2582373, 13.0753503 ], [ 80.2581851, 13.0753066 ] ] } },
{ "type": "Feature", "properties": { "name": "Gandhi - Irwin Road", "highway": "secondary", "slope_pct": 0.6 }, "geometry": { "type": "LineString", "coordinates": [ [ 80.2582613, 13.0754474 ], [ 80.2582897, 13.0754678 ] ] } },
{ "type": "Feature", "properties": { "name": "Urban Corridor", "highway": "residential", "slope_pct": 0.6 }, "geometry": { "type": "LineString", "coordinates": [ [ 80.268682, 13.0848896 ], [ 80.2687002, 13.084949 ] ] } },
{ "type": "Feature", "properties": { "name": "Muthuswamy Road", "highway": "primary", "slope_pct": 0.6 }, "geometry": { "type": "LineString", "coordinates": [ [ 80.2820326, 13.0789407 ], [ 80.2819911, 13.078985 ], [ 80.2819163, 13.0790646 ] ] } },
{ "type": "Feature", "properties": { "name": "Muthuswamy Road", "highway": "primary", "slope_pct": 0.6 }, "geometry": { "type": "LineString", "coordinates": [ [ 80.2821343, 13.078981 ], [ 80.2820623, 13.0789113 ], [ 80.2820053, 13.0788561 ], [ 80.2819299, 13.0787772 ] ] } },
{ "type": "Feature", "properties": { "name": "Muthuswamy Road", "highway": "primary", "slope_pct": 0.6 }, "geometry": { "type": "LineString", "coordinates": [ [ 80.281863, 13.0788433 ], [ 80.2819268, 13.0789113 ], [ 80.2819911, 13.078985 ], [ 80.2820599, 13.0790639 ] ] } },
{ "type": "Feature", "properties": { "name": "Halls Road", "highway": "secondary", "slope_pct": 0.6 }, "geometry": { "type": "LineString", "coordinates": [ [ 80.257504, 13.0745092 ], [ 80.2575276, 13.0745657 ] ] } },
{ "type": "Feature", "properties": { "name": "Halls Road", "highway": "secondary", "slope_pct": 0.6 }, "geometry": { "type": "LineString", "coordinates": [ [ 80.2575633, 13.0746928 ], [ 80.2575489, 13.0746312 ], [ 80.2575276, 13.0745657 ] ] } },
{ "type": "Feature", "properties": { "name": "Urban Corridor", "highway": "secondary", "slope_pct": 0.6 }, "geometry": { "type": "LineString", "coordinates": [ [ 80.2573049, 13.0747456 ], [ 80.2573608, 13.0747643 ], [ 80.2574591, 13.0747608 ], [ 80.2575301, 13.0747541 ] ] } },
{ "type": "Feature", "properties": { "name": "Urban Corridor", "highway": "secondary", "slope_pct": 0.6 }, "geometry": { "type": "LineString", "coordinates": [ [ 80.2575121, 13.0747069 ], [ 80.2574155, 13.074719 ], [ 80.2573507, 13.0747271 ], [ 80.2573049, 13.0747456 ] ] } },
{ "type": "Feature", "properties": { "name": "Elephant Gate Bridge Road", "highway": "secondary", "slope_pct": 0.6 }, "geometry": { "type": "LineString", "coordinates": [ [ 80.2705807, 13.0923101 ], [ 80.2702033, 13.0922816 ], [ 80.2698831, 13.0922575 ], [ 80.2696818, 13.0922011 ], [ 80.269518, 13.0921553 ], [ 80.2694304, 13.0921308 ] ] } },
{ "type": "Feature", "properties": { "name": "Elephant Gate Bridge Road", "highway": "secondary", "slope_pct": 0.6 }, "geometry": { "type": "LineString", "coordinates": [ [ 80.26944, 13.0922347 ], [ 80.2695173, 13.0922579 ], [ 80.2699102, 13.0923761 ], [ 80.2702207, 13.0923958 ], [ 80.2705742, 13.0924182 ] ] } },
{ "type": "Feature", "properties": { "name": "Raja Muthiah Road", "highway": "secondary", "slope_pct": 0.6 }, "geometry": { "type": "LineString", "coordinates": [ [ 80.2709477, 13.0811824 ], [ 80.2709596, 13.0810955 ], [ 80.2709665, 13.0810552 ], [ 80.2709854, 13.0810014 ] ] } },
{ "type": "Feature", "properties": { "name": "Raja Muthiah Road", "highway": "secondary", "slope_pct": 0.6 }, "geometry": { "type": "LineString", "coordinates": [ [ 80.2709288, 13.0813354 ], [ 80.2709477, 13.0811824 ] ] } },
{ "type": "Feature", "properties": { "name": "Raja Muthiah Road", "highway": "secondary", "slope_pct": 0.6 }, "geometry": { "type": "LineString", "coordinates": [ [ 80.2704958, 13.0839633 ], [ 80.2704649, 13.084182 ], [ 80.2704402, 13.0842894 ] ] } },
{ "type": "Feature", "properties": { "name": "Urban Corridor", "highway": "tertiary", "slope_pct": 0.6 }, "geometry": { "type": "LineString", "coordinates": [ [ 80.2708938, 13.0842273 ], [ 80.2708322, 13.0842289 ], [ 80.2705201, 13.0842566 ] ] } },
{ "type": "Feature", "properties": { "name": "Police Commissioner Office Road", "highway": "secondary", "slope_pct": 0.6 }, "geometry": { "type": "LineString", "coordinates": [ [ 80.2582733, 13.0753 ], [ 80.2582373, 13.0753503 ] ] } },
{ "type": "Feature", "properties": { "name": "Purasaivakkam High Road", "highway": "tertiary", "slope_pct": 0.6 }, "geometry": { "type": "LineString", "coordinates": [ [ 80.2564099, 13.0863452 ], [ 80.2564443, 13.0863922 ], [ 80.2565281, 13.0864191 ], [ 80.2570374, 13.0866208 ], [ 80.2575584, 13.0867952 ], [ 80.2580848, 13.0869181 ], [ 80.2583652, 13.0870016 ], [ 80.2583809, 13.0870063 ], [ 80.2585742, 13.0870784 ] ] } },
{ "type": "Feature", "properties": { "name": "Urban Corridor", "highway": "secondary", "slope_pct": 0.6 }, "geometry": { "type": "LineString", "coordinates": [ [ 80.2641349, 13.0767093 ], [ 80.2641819, 13.0767058 ] ] } },
{ "type": "Feature", "properties": { "name": "Urban Corridor", "highway": "residential", "slope_pct": 0.6 }, "geometry": { "type": "LineString", "coordinates": [ [ 80.2573238, 13.0894797 ], [ 80.2586213, 13.0897673 ] ] } },
{ "type": "Feature", "properties": { "name": "Urban Corridor", "highway": "secondary_link", "slope_pct": 0.6 }, "geometry": { "type": "LineString", "coordinates": [ [ 80.2696818, 13.0922011 ], [ 80.2695973, 13.0921605 ], [ 80.2695545, 13.0921345 ], [ 80.2695114, 13.0921043 ] ] } },
{ "type": "Feature", "properties": { "name": "Kenneth Lane", "highway": "residential", "slope_pct": 0.6 }, "geometry": { "type": "LineString", "coordinates": [ [ 80.2626282, 13.0756426 ], [ 80.2627131, 13.0750825 ], [ 80.2627689, 13.07472 ] ] } },
{ "type": "Feature", "properties": { "name": "Urban Corridor", "highway": "residential", "slope_pct": 0.6 }, "geometry": { "type": "LineString", "coordinates": [ [ 80.2610694, 13.0968384 ], [ 80.2613538, 13.0967935 ], [ 80.2613962, 13.0967597 ], [ 80.2614097, 13.096717 ], [ 80.2612277, 13.0956344 ], [ 80.261153, 13.0955548 ], [ 80.2611042, 13.0953203 ] ] } },
{ "type": "Feature", "properties": { "name": "Gandhi Irwin Road", "highway": "secondary", "slope_pct": 0.6 }, "geometry": { "type": "LineString", "coordinates": [ [ 80.2594808, 13.0758218 ], [ 80.259417, 13.0757694 ], [ 80.2593995, 13.0757595 ] ] } },
{ "type": "Feature", "properties": { "name": "Gandhi Irwin Road", "highway": "secondary", "slope_pct": 0.6 }, "geometry": { "type": "LineString", "coordinates": [ [ 80.2585279, 13.0755501 ], [ 80.259105, 13.0757157 ], [ 80.2592511, 13.075764 ], [ 80.2593442, 13.0758214 ] ] } },
{ "type": "Feature", "properties": { "name": "Gandhi Irwin Road", "highway": "secondary", "slope_pct": 0.6 }, "geometry": { "type": "LineString", "coordinates": [ [ 80.2593442, 13.0758214 ], [ 80.259402, 13.075857 ], [ 80.2594329, 13.0758861 ] ] } },
{ "type": "Feature", "properties": { "name": "Thulasingam Street", "highway": "residential", "slope_pct": 0.6 }, "geometry": { "type": "LineString", "coordinates": [ [ 80.2610926, 13.0710289 ], [ 80.2612441, 13.0710249 ] ] } },
{ "type": "Feature", "properties": { "name": "Audiappa Naicken Street", "highway": "tertiary", "slope_pct": 0.6 }, "geometry": { "type": "LineString", "coordinates": [ [ 80.2798024, 13.0926896 ], [ 80.279421, 13.0927747 ] ] } },
{ "type": "Feature", "properties": { "name": "Narayana Mudali Street 1", "highway": "residential", "slope_pct": 0.6 }, "geometry": { "type": "LineString", "coordinates": [ [ 80.2796713, 13.089204 ], [ 80.2797772, 13.0898328 ], [ 80.2797871, 13.0898991 ], [ 80.279835, 13.0902211 ], [ 80.2798928, 13.0906309 ], [ 80.2799319, 13.0910018 ], [ 80.2799619, 13.0912324 ], [ 80.2799688, 13.0913079 ], [ 80.2799679, 13.0913704 ], [ 80.2799664, 13.0914513 ], [ 80.2800671, 13.0921535 ], [ 80.2801565, 13.0926246 ] ] } },
{ "type": "Feature", "properties": { "name": "Audiappa Naicken Street", "highway": "tertiary", "slope_pct": 0.6 }, "geometry": { "type": "LineString", "coordinates": [ [ 80.2801565, 13.0926246 ], [ 80.2798024, 13.0926896 ] ] } },
{ "type": "Feature", "properties": { "name": "Anna Pillai Street", "highway": "residential", "slope_pct": 0.6 }, "geometry": { "type": "LineString", "coordinates": [ [ 80.2803423, 13.0942191 ], [ 80.2810413, 13.0940179 ], [ 80.2812078, 13.093881 ], [ 80.2813718, 13.0937555 ], [ 80.2815098, 13.0936264 ], [ 80.281563, 13.0935747 ], [ 80.2816056, 13.0935371 ], [ 80.2816517, 13.093505 ], [ 80.2818924, 13.0933593 ] ] } },
{ "type": "Feature", "properties": { "name": "Narayana Mudali Street 2", "highway": "residential", "slope_pct": 0.6 }, "geometry": { "type": "LineString", "coordinates": [ [ 80.2801565, 13.0926246 ], [ 80.2801533, 13.0927196 ], [ 80.2802205, 13.0933847 ], [ 80.2803423, 13.0942191 ] ] } },
{ "type": "Feature", "properties": { "name": "Audiappa Naicken Street", "highway": "tertiary", "slope_pct": 0.6 }, "geometry": { "type": "LineString", "coordinates": [ [ 80.2817478, 13.0924251 ], [ 80.281651, 13.0924327 ], [ 80.281454, 13.0924514 ], [ 80.2812653, 13.0924658 ], [ 80.2811234, 13.0924823 ] ] } },
{ "type": "Feature", "properties": { "name": "nattupilliar Koil street", "highway": "residential", "slope_pct": 0.6 }, "geometry": { "type": "LineString", "coordinates": [ [ 80.2803423, 13.0942191 ], [ 80.2804957, 13.0950881 ] ] } },
{ "type": "Feature", "properties": { "name": "Thatha Muthiappan Street", "highway": "residential", "slope_pct": 0.6 }, "geometry": { "type": "LineString", "coordinates": [ [ 80.2804957, 13.0950881 ], [ 80.2798126, 13.0951601 ] ] } },
{ "type": "Feature", "properties": { "name": "Thatha Muthiappan Street 1", "highway": "residential", "slope_pct": 0.6 }, "geometry": { "type": "LineString", "coordinates": [ [ 80.2828956, 13.0946354 ], [ 80.2821533, 13.0947943 ], [ 80.2817164, 13.0948734 ], [ 80.2816547, 13.0948847 ], [ 80.2813076, 13.0949535 ], [ 80.2812568, 13.0949668 ], [ 80.2804957, 13.0950881 ] ] } },
{ "type": "Feature", "properties": { "name": "Varada Muthiappan Street 1", "highway": "residential", "slope_pct": 0.6 }, "geometry": { "type": "LineString", "coordinates": [ [ 80.2825594, 13.0923452 ], [ 80.2826263, 13.0928075 ], [ 80.2826987, 13.0933498 ], [ 80.2827512, 13.0937011 ], [ 80.2827821, 13.0939066 ], [ 80.2828956, 13.0946354 ] ] } },
{ "type": "Feature", "properties": { "name": "Naval Hospital Road", "highway": "tertiary", "slope_pct": 0.6 }, "geometry": { "type": "LineString", "coordinates": [ [ 80.2667777, 13.0837568 ], [ 80.2667784, 13.0838966 ], [ 80.2667672, 13.084047 ], [ 80.2667802, 13.0841869 ], [ 80.2667872, 13.0842516 ], [ 80.2667786, 13.0852164 ], [ 80.2667764, 13.0852766 ] ] } },
{ "type": "Feature", "properties": { "name": "Naval Hospital 10th Street", "highway": "residential", "slope_pct": 0.6 }, "geometry": { "type": "LineString", "coordinates": [ [ 80.2662733, 13.0837678 ], [ 80.2667777, 13.0837568 ] ] } },
{ "type": "Feature", "properties": { "name": "Singanna Street part B", "highway": "residential", "slope_pct": 0.6 }, "geometry": { "type": "LineString", "coordinates": [ [ 80.2719975, 13.0780523 ], [ 80.2718366, 13.0774426 ], [ 80.271782, 13.0772843 ], [ 80.2717539, 13.077053 ], [ 80.2716673, 13.0766364 ], [ 80.2712845, 13.0750155 ] ] } },
{ "type": "Feature", "properties": { "name": "Arunachalam Street", "highway": "secondary", "slope_pct": 0.6 }, "geometry": { "type": "LineString", "coordinates": [ [ 80.2712845, 13.0750155 ], [ 80.2717388, 13.0749143 ], [ 80.2718636, 13.0748757 ] ] } },
{ "type": "Feature", "properties": { "name": "Avadhanam Papier Road", "highway": "tertiary", "slope_pct": 0.6 }, "geometry": { "type": "LineString", "coordinates": [ [ 80.2606331, 13.0904816 ], [ 80.2603291, 13.0904662 ], [ 80.2590123, 13.090477 ], [ 80.2586329, 13.0904844 ] ] } },
{ "type": "Feature", "properties": { "name": "Tiruvengeda Mudali Street", "highway": "residential", "slope_pct": 0.6 }, "geometry": { "type": "LineString", "coordinates": [ [ 80.267429, 13.0832825 ], [ 80.2674259, 13.0829199 ], [ 80.2674289, 13.0825827 ] ] } },
{ "type": "Feature", "properties": { "name": "Urban Corridor", "highway": "residential", "slope_pct": 0.6 }, "geometry": { "type": "LineString", "coordinates": [ [ 80.2622238, 13.0742685 ], [ 80.2622676, 13.0742065 ] ] } },
{ "type": "Feature", "properties": { "name": "V V koil Street 1", "highway": "tertiary", "slope_pct": 0.6 }, "geometry": { "type": "LineString", "coordinates": [ [ 80.2634418, 13.0921745 ], [ 80.2631023, 13.0922176 ], [ 80.262709, 13.0922564 ], [ 80.2623613, 13.0923093 ], [ 80.2621464, 13.0923292 ] ] } },
{ "type": "Feature", "properties": { "name": "Motilal Nehru Street", "highway": "residential", "slope_pct": 0.6 }, "geometry": { "type": "LineString", "coordinates": [ [ 80.2660316, 13.0966068 ], [ 80.2659911, 13.0964264 ], [ 80.2659601, 13.0962879 ], [ 80.2659112, 13.096082 ], [ 80.2656825, 13.0952746 ] ] } },
{ "type": "Feature", "properties": { "name": "KM garden 3rd street", "highway": "residential", "slope_pct": 0.6 }, "geometry": { "type": "LineString", "coordinates": [ [ 80.2593542, 13.094359 ], [ 80.2593645, 13.0941855 ], [ 80.2595131, 13.0941936 ], [ 80.2595338, 13.0939481 ] ] } },
{ "type": "Feature", "properties": { "name": "KM garden 6th street", "highway": "residential", "slope_pct": 0.6 }, "geometry": { "type": "LineString", "coordinates": [ [ 80.2588794, 13.0937707 ], [ 80.2599905, 13.0938512 ], [ 80.2599964, 13.0939514 ] ] } },
{ "type": "Feature", "properties": { "name": "Pantheon Road", "highway": "secondary", "slope_pct": 0.6 }, "geometry": { "type": "LineString", "coordinates": [ [ 80.2608651, 13.0731602 ], [ 80.2608436, 13.0731145 ], [ 80.2604047, 13.072753 ], [ 80.2600964, 13.0724863 ], [ 80.2599226, 13.0723383 ], [ 80.2598036, 13.0722332 ], [ 80.2596664, 13.0721042 ], [ 80.2595931, 13.072033 ], [ 80.2592241, 13.0716944 ], [ 80.2585059, 13.0710396 ], [ 80.2584878, 13.0710239 ], [ 80.2584476, 13.070985 ] ] } },
{ "type": "Feature", "properties": { "name": "Pantheon Road", "highway": "secondary", "slope_pct": 0.6 }, "geometry": { "type": "LineString", "coordinates": [ [ 80.2580951, 13.070701 ], [ 80.2584185, 13.0710218 ] ] } },
{ "type": "Feature", "properties": { "name": "Police Commissioner Office Road", "highway": "secondary", "slope_pct": 0.6 }, "geometry": { "type": "LineString", "coordinates": [ [ 80.2606672, 13.073422 ], [ 80.2607115, 13.0734056 ], [ 80.2607482, 13.073392 ], [ 80.2608338, 13.0733602 ] ] } }
]
}
