{
"type": "FeatureCollection",
"name": "roads_28.634_77.207",
"crs": { "type": "name", "properties": { "name": "urn:ogc:def:crs:OGC:1.3:CRS84" } },
"features": [
{ "type": "Feature", "properties": { "name": "Arterial Link", "highway": "residential", "slope_pct": 0.6 }, "geometry": { "type": "LineString", "coordinates": [ [ 77.1981589, 28.6253276 ], [ 77.1985786, 28.625894 ], [ 77.1990636, 28.6265485 ], [ 77.1991187, 28.6266229 ], [ 77.1997558, 28.6274827 ], [ 77.2000876, 28.6279305 ], [ 77.2011437, 28.6294271 ], [ 77.2014643, 28.6298815 ], [ 77.2014966, 28.6299273 ] ] } },
{ "type": "Feature", "properties": { "name": "Udyan Marg", "highway": "residential", "slope_pct": 0.6 }, "geometry": { "type": "LineString", "coordinates": [ [ 77.2032938, 28.6349972 ], [ 77.2032488, 28.6349361 ], [ 77.2029388, 28.6345147 ], [ 77.2023332, 28.6336917 ], [ 77.202265, 28.633599 ], [ 77.201957, 28.6331804 ], [ 77.2018952, 28.6330964 ], [ 77.2016932, 28.6328218 ], [ 77.2012227, 28.6321824 ], [ 77.2005755, 28.6313006 ], [ 77.2003723, 28.6310237 ], [ 77.2001419, 28.6307099 ], [ 77.2001083, 28.6306648 ], [ 77.1997733, 28.630215 ], [ 77.1996988, 28.630115 ], [ 77.1990899, 28.6292983 ], [ 77.1988917, 28.6290332 ], [ 77.198642, 28.6287564 ], [ 77.1970327, 28.6265889 ], [ 77.1967157, 28.6261623 ] ] } },
{ "type": "Feature", "properties": { "name": "Arterial Link", "highway": "residential", "slope_pct": 0.6 }, "geometry": { "type": "LineString", "coordinates": [ [ 77.2016927, 28.628627 ], [ 77.2012427, 28.6279884 ], [ 77.2010134, 28.6276631 ], [ 77.2008836, 28.6274788 ] ] } },
{ "type": "Feature", "properties": { "name": "Arterial Link", "highway": "residential", "slope_pct": 0.6 }, "geometry": { "type": "LineString", "coordinates": [ [ 77.1972321, 28.6295579 ], [ 77.197907, 28.6291676 ], [ 77.1979283, 28.6291555 ], [ 77.1980478, 28.6290861 ], [ 77.1983227, 28.6289318 ], [ 77.1984233, 28.6288809 ], [ 77.198642, 28.6287564 ], [ 77.1990016, 28.6285436 ], [ 77.1994727, 28.6282794 ], [ 77.2000876, 28.6279305 ], [ 77.2005347, 28.6276768 ], [ 77.2008836, 28.6274788 ], [ 77.2016372, 28.627066 ], [ 77.2019293, 28.6268828 ], [ 77.2022368, 28.6266899 ] ] } },
{ "type": "Feature", "properties": { "name": "Kali Bari Marg", "highway": "tertiary", "slope_pct": 0.6 }, "geometry": { "type": "LineString", "coordinates": [ [ 77.1986002, 28.6316564 ], [ 77.1987098, 28.631596 ], [ 77.1994171, 28.6311592 ], [ 77.2001419, 28.6307099 ], [ 77.2002614, 28.6306409 ], [ 77.2009448, 28.6302461 ], [ 77.2009992, 28.6302147 ], [ 77.2010727, 28.6301722 ], [ 77.2013942, 28.6299865 ], [ 77.2014966, 28.6299273 ], [ 77.202798, 28.6292007 ], [ 77.2030554, 28.6290539 ], [ 77.2036839, 28.6287018 ], [ 77.2040052, 28.6285218 ], [ 77.2044376, 28.6282795 ], [ 77.2044852, 28.6282528 ], [ 77.2045958, 28.6281807 ], [ 77.2046024, 28.6281769 ], [ 77.2048703, 28.6280217 ], [ 77.2048735, 28.6280198 ], [ 77.20495, 28.6279731 ], [ 77.2049933, 28.6279481 ], [ 77.2050229, 28.627931 ] ] } },
{ "type": "Feature", "properties": { "name": "Baba Kharak Singh Marg", "highway": "secondary", "slope_pct": 0.6 }, "geometry": { "type": "LineString", "coordinates": [ [ 77.2002687, 28.6241997 ], [ 77.2005055, 28.6242748 ], [ 77.2011746, 28.6245418 ], [ 77.2013135, 28.6246042 ], [ 77.2015822, 28.624725 ], [ 77.2017057, 28.6247842 ], [ 77.2028716, 28.6253045 ], [ 77.2028965, 28.6253157 ], [ 77.203119, 28.6254158 ], [ 77.2048599, 28.6261983 ], [ 77.2056159, 28.6265381 ], [ 77.2057221, 28.6265893 ], [ 77.205819, 28.6266597 ], [ 77.2058241, 28.6266634 ], [ 77.2058697, 28.6267305 ], [ 77.205941, 28.6268512 ] ] } },
{ "type": "Feature", "properties": { "name": "Arterial Link", "highway": "residential", "slope_pct": 0.6 }, "geometry": { "type": "LineString", "coordinates": [ [ 77.1994727, 28.6282794 ], [ 77.1996142, 28.6284527 ], [ 77.1996778, 28.628558 ], [ 77.1997486, 28.628667 ], [ 77.1998081, 28.6287733 ], [ 77.1998481, 28.6288562 ], [ 77.19986, 28.6289273 ], [ 77.1998297, 28.6291717 ], [ 77.1997111, 28.6300267 ], [ 77.1996988, 28.630115 ] ] } },
{ "type": "Feature", "properties": { "name": "Kali Bari Marg", "highway": "tertiary", "slope_pct": 0.6 }, "geometry": { "type": "LineString", "coordinates": [ [ 77.2050082, 28.6278548 ], [ 77.2049082, 28.6279196 ], [ 77.2048416, 28.6279644 ], [ 77.2048325, 28.6279706 ], [ 77.2046162, 28.6281026 ], [ 77.2045606, 28.6281365 ], [ 77.2045515, 28.6281424 ], [ 77.2044503, 28.6282084 ], [ 77.2044041, 28.6282343 ], [ 77.2039767, 28.6284738 ], [ 77.20365, 28.6286569 ], [ 77.2030179, 28.629011 ], [ 77.2022093, 28.6294641 ], [ 77.2014643, 28.6298815 ], [ 77.2010404, 28.6301264 ], [ 77.2009095, 28.630202 ], [ 77.2001083, 28.6306648 ], [ 77.1993833, 28.6311146 ], [ 77.1986768, 28.6315505 ], [ 77.1985669, 28.6316111 ] ] } },
{ "type": "Feature", "properties": { "name": "Arterial Link", "highway": "residential", "slope_pct": 0.6 }, "geometry": { "type": "LineString", "coordinates": [ [ 77.2014586, 28.6278713 ], [ 77.2012427, 28.6279884 ], [ 77.2008004, 28.6282282 ] ] } },
{ "type": "Feature", "properties": { "name": "Arterial Link", "highway": "residential", "slope_pct": 0.6 }, "geometry": { "type": "LineString", "coordinates": [ [ 77.2007497, 28.6279463 ], [ 77.2006263, 28.6280116 ], [ 77.2008004, 28.6282282 ], [ 77.2008488, 28.6282901 ], [ 77.2012213, 28.6287657 ], [ 77.2015029, 28.6286255 ] ] } },
{ "type": "Feature", "properties": { "name": "Mandir Marg", "highway": "tertiary", "slope_pct": 0.6 }, "geometry": { "type": "LineString", "coordinates": [ [ 77.1951355, 28.6270711 ], [ 77.1952253, 28.6271755 ], [ 77.1953205, 28.6272954 ], [ 77.1969298, 28.6293859 ], [ 77.1971154, 28.6296382 ], [ 77.1984257, 28.6314192 ], [ 77.1985669, 28.6316111 ], [ 77.1986002, 28.6316564 ], [ 77.1986581, 28.631736 ], [ 77.2000507, 28.6336512 ], [ 77.2009142, 28.6348387 ], [ 77.2016556, 28.6358582 ], [ 77.2016682, 28.6358755 ], [ 77.2016814, 28.6358937 ] ] } },
{ "type": "Feature", "properties": { "name": "Arterial Link", "highway": "residential", "slope_pct": 0.6 }, "geometry": { "type": "LineString", "coordinates": [ [ 77.2008488, 28.6282901 ], [ 77.2005314, 28.6284643 ] ] } },
{ "type": "Feature", "properties": { "name": "Arterial Link", "highway": "residential", "slope_pct": 0.6 }, "geometry": { "type": "LineString", "coordinates": [ [ 77.2005347, 28.6276768 ], [ 77.2010134, 28.6276631 ] ] } },
{ "type": "Feature", "properties": { "name": "Arterial Link", "highway": "residential", "slope_pct": 0.6 }, "geometry": { "type": "LineString", "coordinates": [ [ 77.1990899, 28.6292983 ], [ 77.1991404, 28.6292706 ], [ 77.1992162, 28.629229 ], [ 77.1997139, 28.6289557 ] ] } },
{ "type": "Feature", "properties": { "name": "Arterial Link", "highway": "tertiary_link", "slope_pct": 0.6 }, "geometry": { "type": "LineString", "coordinates": [ [ 77.2000507, 28.6336512 ], [ 77.2001768, 28.6335943 ] ] } },
{ "type": "Feature", "properties": { "name": "Arterial Link", "highway": "residential", "slope_pct": 0.6 }, "geometry": { "type": "LineString", "coordinates": [ [ 77.1997111, 28.6300267 ], [ 77.1997409, 28.6300303 ], [ 77.1998855, 28.630048 ], [ 77.1999299, 28.6300535 ], [ 77.1999703, 28.6300578 ], [ 77.1999961, 28.6300595 ], [ 77.2000192, 28.6300582 ], [ 77.2000385, 28.6300548 ], [ 77.2002065, 28.6299548 ], [ 77.2004282, 28.6298228 ], [ 77.2005606, 28.629744 ], [ 77.2008527, 28.6295701 ] ] } },
{ "type": "Feature", "properties": { "name": "Arterial Link", "highway": "residential", "slope_pct": 0.6 }, "geometry": { "type": "LineString", "coordinates": [ [ 77.1982545, 28.6307756 ], [ 77.1988626, 28.6304289 ], [ 77.1992435, 28.6302223 ], [ 77.1993442, 28.6301675 ], [ 77.1993767, 28.6301558 ], [ 77.1994153, 28.6301517 ], [ 77.1994948, 28.6301531 ], [ 77.1995343, 28.6301615 ], [ 77.1995556, 28.6301736 ], [ 77.1997426, 28.6304301 ], [ 77.1998771, 28.6306075 ] ] } },
{ "type": "Feature", "properties": { "name": "Arterial Link", "highway": "residential", "slope_pct": 0.6 }, "geometry": { "type": "LineString", "coordinates": [ [ 77.1997426, 28.6304301 ], [ 77.1995442, 28.6305399 ] ] } },
{ "type": "Feature", "properties": { "name": "Arterial Link", "highway": "residential", "slope_pct": 0.6 }, "geometry": { "type": "LineString", "coordinates": [ [ 77.2002065, 28.6299548 ], [ 77.2000987, 28.6298126 ] ] } },
{ "type": "Feature", "properties": { "name": "Arterial Link", "highway": "residential", "slope_pct": 0.6 }, "geometry": { "type": "LineString", "coordinates": [ [ 77.2000385, 28.6300548 ], [ 77.2001676, 28.6302216 ] ] } },
{ "type": "Feature", "properties": { "name": "Arterial Link", "highway": "residential", "slope_pct": 0.6 }, "geometry": { "type": "LineString", "coordinates": [ [ 77.2002614, 28.6306409 ], [ 77.2003771, 28.6308005 ] ] } },
{ "type": "Feature", "properties": { "name": "Arterial Link", "highway": "residential", "slope_pct": 0.6 }, "geometry": { "type": "LineString", "coordinates": [ [ 77.2005755, 28.6313006 ], [ 77.2009465, 28.6310927 ], [ 77.2012043, 28.6309483 ], [ 77.2013755, 28.6312105 ], [ 77.2009156, 28.6314659 ] ] } },
{ "type": "Feature", "properties": { "name": "Arterial Link", "highway": "residential", "slope_pct": 0.6 }, "geometry": { "type": "LineString", "coordinates": [ [ 77.2009465, 28.6310927 ], [ 77.2008116, 28.6309026 ] ] } },
{ "type": "Feature", "properties": { "name": "Arterial Link", "highway": "residential", "slope_pct": 0.6 }, "geometry": { "type": "LineString", "coordinates": [ [ 77.2003723, 28.6310237 ], [ 77.2005782, 28.6309084 ], [ 77.2007175, 28.6309554 ], [ 77.2008116, 28.6309026 ], [ 77.2009141, 28.6308415 ], [ 77.2009254, 28.6308043 ], [ 77.2008749, 28.630735 ], [ 77.2008135, 28.6306507 ], [ 77.2005227, 28.6308225 ], [ 77.2005782, 28.6309084 ] ] } },
{ "type": "Feature", "properties": { "name": "Arterial Link", "highway": "residential", "slope_pct": 0.6 }, "geometry": { "type": "LineString", "coordinates": [ [ 77.2009992, 28.6302147 ], [ 77.2011105, 28.6303582 ], [ 77.200833, 28.6305173 ] ] } },
{ "type": "Feature", "properties": { "name": "Arterial Link", "highway": "residential", "slope_pct": 0.6 }, "geometry": { "type": "LineString", "coordinates": [ [ 77.2012563, 28.6304091 ], [ 77.2012536, 28.6304623 ], [ 77.2012655, 28.6305096 ], [ 77.2012916, 28.6305325 ] ] } },
{ "type": "Feature", "properties": { "name": "Arterial Link", "highway": "residential", "slope_pct": 0.6 }, "geometry": { "type": "LineString", "coordinates": [ [ 77.2009095, 28.630202 ], [ 77.2009448, 28.6302461 ] ] } },
{ "type": "Feature", "properties": { "name": "Arterial Link", "highway": "residential", "slope_pct": 0.6 }, "geometry": { "type": "LineString", "coordinates": [ [ 77.2012227, 28.6321824 ], [ 77.2019093, 28.6318103 ], [ 77.202028, 28.6317403 ], [ 77.2026156, 28.6314189 ], [ 77.2028248, 28.6312965 ], [ 77.2030128, 28.6311865 ], [ 77.2032586, 28.6310427 ], [ 77.2033684, 28.6309784 ], [ 77.2040745, 28.6306044 ], [ 77.2042039, 28.630528 ] ] } },
{ "type": "Feature", "properties": { "name": "Mandir Marg", "highway": "tertiary", "slope_pct": 0.6 }, "geometry": { "type": "LineString", "coordinates": [ [ 77.2018833, 28.6359205 ], [ 77.2018164, 28.6358276 ], [ 77.201787, 28.6357875 ], [ 77.2014695, 28.6353551 ], [ 77.2008654, 28.6345323 ], [ 77.2001768, 28.6335943 ], [ 77.1987098, 28.631596 ], [ 77.1986768, 28.6315505 ], [ 77.1972321, 28.6295579 ] ] } },
{ "type": "Feature", "properties": { "name": "Arterial Link", "highway": "residential", "slope_pct": 0.6 }, "geometry": { "type": "LineString", "coordinates": [ [ 77.2008654, 28.6345323 ], [ 77.2023332, 28.6336917 ] ] } },
{ "type": "Feature", "properties": { "name": "Arterial Link", "highway": "residential", "slope_pct": 0.6 }, "geometry": { "type": "LineString", "coordinates": [ [ 77.2016839, 28.6301769 ], [ 77.2012563, 28.6304091 ] ] } },
{ "type": "Feature", "properties": { "name": "Arterial Link", "highway": "residential", "slope_pct": 0.6 }, "geometry": { "type": "LineString", "coordinates": [ [ 77.2018088, 28.6303435 ], [ 77.2014192, 28.630558 ], [ 77.2013964, 28.6305656 ], [ 77.2013737, 28.6305691 ], [ 77.2012241, 28.630575 ], [ 77.2011966, 28.6305791 ], [ 77.2011209, 28.6306056 ], [ 77.2008749, 28.630735 ], [ 77.2006287, 28.6308646 ] ] } },
{ "type": "Feature", "properties": { "name": "Baba Kharak Singh Marg", "highway": "secondary", "slope_pct": 0.6 }, "geometry": { "type": "LineString", "coordinates": [ [ 77.2087482, 28.6279397 ], [ 77.2088493, 28.6279857 ], [ 77.2089338, 28.6280242 ], [ 77.2094503, 28.6282595 ], [ 77.2094901, 28.6282776 ], [ 77.2102342, 28.6286164 ], [ 77.2102833, 28.6286388 ], [ 77.2104276, 28.6287045 ], [ 77.2105607, 28.6287651 ], [ 77.2118078, 28.6293103 ], [ 77.2145916, 28.6305415 ], [ 77.2159299, 28.6311799 ], [ 77.2161249, 28.6312729 ] ] } },
{ "type": "Feature", "properties": { "name": "Baba Kharak Singh Marg", "highway": "secondary", "slope_pct": 0.6 }, "geometry": { "type": "LineString", "coordinates": [ [ 77.2167421, 28.6314291 ], [ 77.2165448, 28.6313349 ], [ 77.2161964, 28.6311684 ], [ 77.2161049, 28.631128 ], [ 77.2160983, 28.6311251 ], [ 77.2156806, 28.6309426 ], [ 77.2151812, 28.6307244 ], [ 77.2148855, 28.630596 ], [ 77.2141649, 28.6302742 ], [ 77.2137216, 28.6300762 ], [ 77.2126948, 28.6296176 ], [ 77.2125849, 28.6295685 ], [ 77.2123345, 28.6294567 ], [ 77.2122494, 28.6294187 ], [ 77.2120317, 28.6293215 ], [ 77.2114802, 28.6290751 ], [ 77.2110572, 28.6288861 ], [ 77.21087, 28.6288025 ], [ 77.2106225, 28.628692 ], [ 77.208997, 28.6279508 ], [ 77.2088192, 28.6278692 ], [ 77.2087948, 28.627858 ], [ 77.2087143, 28.627821 ], [ 77.2085677, 28.6277537 ], [ 77.2082794, 28.6276215 ], [ 77.2082287, 28.6275982 ], [ 77.2075964, 28.627308 ], [ 77.2075005, 28.6272566 ], [ 77.2074934, 28.6272528 ], [ 77.2073157, 28.6271648 ] ] } },
{ "type": "Feature", "properties": { "name": "Jai Singh Road", "highway": "tertiary", "slope_pct": 0.6 }, "geometry": { "type": "LineString", "coordinates": [ [ 77.2147019, 28.627188 ], [ 77.2144444, 28.6270742 ], [ 77.2144069, 28.6270576 ], [ 77.2141083, 28.6269256 ], [ 77.2137483, 28.6267696 ], [ 77.2134952, 28.6266567 ], [ 77.2130518, 28.6264589 ], [ 77.2130022, 28.6264357 ], [ 77.2129492, 28.626411 ], [ 77.212613, 28.6262669 ], [ 77.2125411, 28.6262408 ], [ 77.212459, 28.6262081 ], [ 77.2122843, 28.626142 ], [ 77.2121708, 28.6261036 ], [ 77.2117344, 28.625943 ], [ 77.21156, 28.6258548 ], [ 77.2114352, 28.6257292 ], [ 77.2110542, 28.6252681 ], [ 77.2108438, 28.6249697 ], [ 77.2107998, 28.6249073 ], [ 77.2106381, 28.6246947 ] ] } },
{ "type": "Feature", "properties": { "name": "Hanuman Road", "highway": "residential", "slope_pct": 0.6 }, "geometry": { "type": "LineString", "coordinates": [ [ 77.2171227, 28.6293694 ], [ 77.2169268, 28.6295622 ], [ 77.2168101, 28.6296771 ], [ 77.2165965, 28.6298785 ], [ 77.216565, 28.6298935 ], [ 77.2165342, 28.6299017 ], [ 77.216502, 28.6299035 ], [ 77.2164735, 28.629899 ], [ 77.216186, 28.6297712 ], [ 77.2161416, 28.6297515 ], [ 77.2160289, 28.6297026 ], [ 77.2158039, 28.6296033 ], [ 77.2148357, 28.6291694 ], [ 77.2129287, 28.6283371 ], [ 77.212842, 28.6282844 ], [ 77.2127844, 28.6282337 ], [ 77.2127589, 28.6281959 ], [ 77.2122322, 28.6274881 ], [ 77.2121465, 28.6273813 ], [ 77.2118507, 28.6270127 ], [ 77.2117102, 28.6268375 ], [ 77.2115964, 28.6267638 ], [ 77.2114205, 28.6267391 ], [ 77.2113018, 28.6267448 ], [ 77.2107525, 28.626771 ] ] } },
{ "type": "Feature", "properties": { "name": "Arterial Link", "highway": "residential", "slope_pct": 0.6 }, "geometry": { "type": "LineString", "coordinates": [ [ 77.2083499, 28.6299956 ], [ 77.2090837, 28.6299083 ], [ 77.2098072, 28.6298502 ], [ 77.2099131, 28.6297946 ], [ 77.2100204, 28.629658 ], [ 77.2101138, 28.6295075 ], [ 77.2101718, 28.6294188 ], [ 77.2101813, 28.6294043 ], [ 77.2104831, 28.6288958 ], [ 77.2105607, 28.6287651 ] ] } },
{ "type": "Feature", "properties": { "name": "Bhai Vir Singh Marg", "highway": "tertiary", "slope_pct": 0.6 }, "geometry": { "type": "LineString", "coordinates": [ [ 77.2050082, 28.6278548 ], [ 77.2050229, 28.627931 ], [ 77.2050342, 28.628026 ], [ 77.2051325, 28.628854 ], [ 77.2051358, 28.6288818 ], [ 77.2051867, 28.6295391 ], [ 77.205215, 28.6298348 ], [ 77.2052931, 28.6306497 ], [ 77.2053116, 28.6309181 ], [ 77.2053869, 28.6320118 ], [ 77.2054192, 28.6326364 ] ] } },
{ "type": "Feature", "properties": { "name": "Arterial Link", "highway": "residential", "slope_pct": 0.6 }, "geometry": { "type": "LineString", "coordinates": [ [ 77.2044852, 28.6282528 ], [ 77.2045537, 28.6284662 ], [ 77.2046454, 28.6290343 ], [ 77.204663, 28.6292226 ], [ 77.2046922, 28.62985 ], [ 77.2047149, 28.6303385 ], [ 77.2047924, 28.6309916 ], [ 77.2048376, 28.6326628 ] ] } },
{ "type": "Feature", "properties": { "name": "Arterial Link", "highway": "residential", "slope_pct": 0.6 }, "geometry": { "type": "LineString", "coordinates": [ [ 77.204663, 28.6292226 ], [ 77.2038331, 28.6297293 ], [ 77.203383, 28.6300041 ], [ 77.2030011, 28.6302372 ], [ 77.2029776, 28.6302831 ], [ 77.2029793, 28.6303264 ], [ 77.2033684, 28.6309784 ], [ 77.2039854, 28.6318852 ], [ 77.2046226, 28.6326039 ], [ 77.2046627, 28.6326385 ], [ 77.2047164, 28.6326562 ], [ 77.2047719, 28.6326592 ], [ 77.2048376, 28.6326628 ], [ 77.2049918, 28.6326713 ], [ 77.2052119, 28.6326533 ], [ 77.2054192, 28.6326364 ] ] } },
{ "type": "Feature", "properties": { "name": "Hanuman Lane", "highway": "residential", "slope_pct": 0.6 }, "geometry": { "type": "LineString", "coordinates": [ [ 77.2144904, 28.6297429 ], [ 77.2129992, 28.6290829 ], [ 77.212442, 28.6288448 ], [ 77.2124259, 28.6288368 ], [ 77.212415, 28.628826 ], [ 77.2124081, 28.6288111 ], [ 77.2124072, 28.6287963 ], [ 77.2124128, 28.6287798 ], [ 77.2127589, 28.6281959 ] ] } },
{ "type": "Feature", "properties": { "name": "Arterial Link", "highway": "residential", "slope_pct": 0.6 }, "geometry": { "type": "LineString", "coordinates": [ [ 77.2161416, 28.6297515 ], [ 77.2163268, 28.6293757 ], [ 77.2163295, 28.6293585 ], [ 77.2163269, 28.6293433 ], [ 77.2163173, 28.6293259 ], [ 77.2162988, 28.6293105 ], [ 77.2137095, 28.6281504 ], [ 77.2129548, 28.6278123 ], [ 77.212884, 28.6277595 ], [ 77.2128099, 28.6276781 ], [ 77.2125057, 28.6272405 ] ] } },
{ "type": "Feature", "properties": { "name": "Bhai Vir Singh Marg", "highway": "tertiary", "slope_pct": 0.6 }, "geometry": { "type": "LineString", "coordinates": [ [ 77.2055004, 28.6326289 ], [ 77.2054609, 28.6319063 ], [ 77.2054554, 28.6317627 ], [ 77.2054519, 28.6316704 ], [ 77.2054452, 28.6315528 ], [ 77.2054292, 28.6312718 ], [ 77.2054285, 28.6312589 ], [ 77.2053985, 28.6308446 ], [ 77.2053929, 28.6307711 ], [ 77.2053642, 28.6303853 ], [ 77.2053017, 28.6295469 ], [ 77.205281, 28.6292391 ], [ 77.2052373, 28.6285911 ], [ 77.2052, 28.628005 ], [ 77.2051998, 28.6280025 ], [ 77.2051876, 28.6278831 ], [ 77.2051833, 28.6278414 ], [ 77.2051588, 28.6277467 ] ] } },
{ "type": "Feature", "properties": { "name": "Arterial Link", "highway": "residential", "slope_pct": 0.6 }, "geometry": { "type": "LineString", "coordinates": [ [ 77.2051325, 28.628854 ], [ 77.2049966, 28.628973 ], [ 77.2049765, 28.6290142 ], [ 77.2049712, 28.6290577 ], [ 77.2050195, 28.6298405 ], [ 77.2050268, 28.629923 ], [ 77.2050973, 28.6309314 ], [ 77.2051005, 28.6309778 ], [ 77.2051422, 28.6315749 ], [ 77.2051901, 28.6323186 ], [ 77.2052119, 28.6326533 ], [ 77.205276, 28.6331628 ] ] } },
{ "type": "Feature", "properties": { "name": "Arterial Link", "highway": "residential", "slope_pct": 0.6 }, "geometry": { "type": "LineString", "coordinates": [ [ 77.2114389, 28.6299742 ], [ 77.2109891, 28.6297677 ], [ 77.2104759, 28.6295358 ], [ 77.2101813, 28.6294043 ] ] } },
{ "type": "Feature", "properties": { "name": "Arterial Link", "highway": "residential", "slope_pct": 0.6 }, "geometry": { "type": "LineString", "coordinates": [ [ 77.2082759, 28.6288297 ], [ 77.2084788, 28.6289045 ], [ 77.2084908, 28.6289089 ], [ 77.2088744, 28.6290504 ], [ 77.2092008, 28.6291708 ], [ 77.2097543, 28.6293749 ], [ 77.2097847, 28.6293861 ], [ 77.2101138, 28.6295075 ] ] } },
{ "type": "Feature", "properties": { "name": "Arterial Link", "highway": "residential", "slope_pct": 0.6 }, "geometry": { "type": "LineString", "coordinates": [ [ 77.2028437, 28.6292647 ], [ 77.2031693, 28.6297106 ], [ 77.2032683, 28.6298675 ] ] } },
{ "type": "Feature", "properties": { "name": "Arterial Link", "highway": "residential", "slope_pct": 0.6 }, "geometry": { "type": "LineString", "coordinates": [ [ 77.2016927, 28.628627 ], [ 77.202108, 28.6292999 ], [ 77.2022093, 28.6294641 ] ] } },
{ "type": "Feature", "properties": { "name": "Arterial Link", "highway": "residential", "slope_pct": 0.6 }, "geometry": { "type": "LineString", "coordinates": [ [ 77.2031693, 28.6297106 ], [ 77.2033682, 28.6296114 ], [ 77.2032861, 28.6295037 ], [ 77.2033506, 28.6294718 ], [ 77.2035568, 28.6293699 ], [ 77.2036133, 28.6294434 ], [ 77.2036494, 28.6295126 ], [ 77.203652, 28.6295575 ], [ 77.2036106, 28.6296045 ], [ 77.2035739, 28.629642 ], [ 77.2035759, 28.6296836 ], [ 77.2036226, 28.6297504 ] ] } },
{ "type": "Feature", "properties": { "name": "Arterial Link", "highway": "residential", "slope_pct": 0.6 }, "geometry": { "type": "LineString", "coordinates": [ [ 77.2033506, 28.6294718 ], [ 77.2030955, 28.6291106 ], [ 77.2030554, 28.6290539 ] ] } },
{ "type": "Feature", "properties": { "name": "Arterial Link", "highway": "residential", "slope_pct": 0.6 }, "geometry": { "type": "LineString", "coordinates": [ [ 77.2036133, 28.6294434 ], [ 77.2039929, 28.6291998 ], [ 77.2042915, 28.6290412 ] ] } },
{ "type": "Feature", "properties": { "name": "Arterial Link", "highway": "residential", "slope_pct": 0.6 }, "geometry": { "type": "LineString", "coordinates": [ [ 77.2043717, 28.6287964 ], [ 77.2045871, 28.6290994 ], [ 77.2045954, 28.6291605 ], [ 77.204577, 28.6292126 ], [ 77.2043443, 28.6293316 ], [ 77.2036226, 28.6297504 ], [ 77.2033901, 28.6298854 ], [ 77.2033226, 28.6299012 ], [ 77.2032683, 28.6298675 ] ] } },
{ "type": "Feature", "properties": { "name": "Arterial Link", "highway": "residential", "slope_pct": 0.6 }, "geometry": { "type": "LineString", "coordinates": [ [ 77.2098199, 28.6292728 ], [ 77.2101718, 28.6294188 ] ] } },
{ "type": "Feature", "properties": { "name": "Bangla Sahib Road", "highway": "tertiary", "slope_pct": 0.6 }, "geometry": { "type": "LineString", "coordinates": [ [ 77.2086619, 28.6279006 ], [ 77.2085417, 28.6281188 ], [ 77.2082957, 28.6285467 ], [ 77.2082067, 28.628757 ], [ 77.2082012, 28.6289464 ], [ 77.2081998, 28.6289944 ], [ 77.208244, 28.6296196 ], [ 77.2082512, 28.6297216 ], [ 77.2083094, 28.6305329 ], [ 77.2083353, 28.6311697 ], [ 77.2083795, 28.6319387 ], [ 77.2083961, 28.6321597 ], [ 77.2084196, 28.632474 ], [ 77.2084881, 28.6334242 ], [ 77.2084952, 28.6335228 ] ] } },
{ "type": "Feature", "properties": { "name": "Baba Kharak Singh Marg", "highway": "secondary", "slope_pct": 0.6 }, "geometry": { "type": "LineString", "coordinates": [ [ 77.2072094, 28.6273431 ], [ 77.2073834, 28.627365 ], [ 77.2074126, 28.6273734 ], [ 77.2076452, 28.6274399 ], [ 77.2076632, 28.6274481 ], [ 77.2083542, 28.6277612 ], [ 77.2085166, 28.6278348 ], [ 77.2086329, 28.6278875 ], [ 77.2086619, 28.6279006 ] ] } },
{ "type": "Feature", "properties": { "name": "Bangla Sahib Road", "highway": "tertiary", "slope_pct": 0.6 }, "geometry": { "type": "LineString", "coordinates": [ [ 77.2085003, 28.6324712 ], [ 77.2084641, 28.6319346 ], [ 77.2084102, 28.63116 ], [ 77.2083499, 28.6299956 ], [ 77.2083236, 28.6296203 ], [ 77.2082728, 28.6289321 ], [ 77.2082759, 28.6288297 ], [ 77.2083305, 28.6287263 ], [ 77.208669, 28.6280889 ], [ 77.2087086, 28.6280143 ], [ 77.2087342, 28.6279661 ], [ 77.2087482, 28.6279397 ] ] } },
{ "type": "Feature", "properties": { "name": "Arterial Link", "highway": "residential", "slope_pct": 0.6 }, "geometry": { "type": "LineString", "coordinates": [ [ 77.2114963, 28.6298604 ], [ 77.2117262, 28.6294544 ], [ 77.2118078, 28.6293103 ] ] } },
{ "type": "Feature", "properties": { "name": "Bhai Vir Singh Marg", "highway": "tertiary", "slope_pct": 0.6 }, "geometry": { "type": "LineString", "coordinates": [ [ 77.2050229, 28.627931 ], [ 77.2051833, 28.6278414 ], [ 77.2053143, 28.6277624 ], [ 77.2053183, 28.62776 ], [ 77.2057449, 28.6274996 ], [ 77.2058195, 28.6274541 ], [ 77.2058932, 28.6274315 ], [ 77.2059237, 28.6274276 ], [ 77.205973, 28.6274214 ], [ 77.2062655, 28.6274992 ] ] } },
{ "type": "Feature", "properties": { "name": "Kali Bari Lane", "highway": "residential", "slope_pct": 0.6 }, "geometry": { "type": "LineString", "coordinates": [ [ 77.2048599, 28.6261983 ], [ 77.204623, 28.6266453 ], [ 77.2046028, 28.6266833 ], [ 77.2044662, 28.62695 ], [ 77.204361, 28.6271554 ], [ 77.2043494, 28.6271722 ], [ 77.2043357, 28.627187 ], [ 77.2041723, 28.627279 ], [ 77.2030775, 28.6278951 ], [ 77.2027048, 28.6281056 ], [ 77.2025033, 28.6282194 ], [ 77.201786, 28.6286245 ], [ 77.2017565, 28.6286354 ], [ 77.2017257, 28.6286369 ], [ 77.2016927, 28.628627 ] ] } },
{ "type": "Feature", "properties": { "name": "Arterial Link", "highway": "tertiary", "slope_pct": 0.6 }, "geometry": { "type": "LineString", "coordinates": [ [ 77.2059456, 28.6271043 ], [ 77.205857, 28.627265 ], [ 77.2058215, 28.6273054 ], [ 77.2057611, 28.6273744 ], [ 77.2052508, 28.6276831 ], [ 77.2052435, 28.6276875 ], [ 77.2051839, 28.6277292 ], [ 77.2051588, 28.6277467 ], [ 77.2051345, 28.6277641 ], [ 77.2050082, 28.6278548 ] ] } },
{ "type": "Feature", "properties": { "name": "Gol Dakkhana Roundabout", "highway": "secondary", "slope_pct": 0.6 }, "geometry": { "type": "LineString", "coordinates": [ [ 77.2059915, 28.627225 ], [ 77.2060418, 28.6273062 ], [ 77.2061052, 28.62738 ], [ 77.2061803, 28.6274448 ], [ 77.2062655, 28.6274992 ], [ 77.206359, 28.6275419 ], [ 77.2064585, 28.627572 ], [ 77.2065621, 28.6275889 ], [ 77.206617, 28.6275946 ], [ 77.206772, 28.6275819 ], [ 77.2068738, 28.6275581 ], [ 77.2069704, 28.6275214 ], [ 77.2070599, 28.6274726 ], [ 77.2071401, 28.6274127 ], [ 77.2072094, 28.6273431 ] ] } },
{ "type": "Feature", "properties": { "name": "Gol Dakkhana Roundabout", "highway": "secondary", "slope_pct": 0.6 }, "geometry": { "type": "LineString", "coordinates": [ [ 77.205941, 28.6268512 ], [ 77.2059311, 28.6269143 ], [ 77.2059286, 28.6269779 ], [ 77.2059334, 28.6270415 ], [ 77.2059456, 28.6271043 ], [ 77.205965, 28.6271657 ], [ 77.2059915, 28.627225 ] ] } },
{ "type": "Feature", "properties": { "name": "Gol Dakkhana Roundabout", "highway": "secondary", "slope_pct": 0.6 }, "geometry": { "type": "LineString", "coordinates": [ [ 77.2073157, 28.6271648 ], [ 77.2073316, 28.6271162 ], [ 77.207343, 28.6270667 ], [ 77.2073498, 28.6270166 ], [ 77.207352, 28.6269661 ], [ 77.2073495, 28.6269156 ], [ 77.2073423, 28.6268655 ], [ 77.2073306, 28.6268161 ], [ 77.2073144, 28.6267676 ] ] } },
{ "type": "Feature", "properties": { "name": "Gol Dakkhana Roundabout", "highway": "secondary", "slope_pct": 0.6 }, "geometry": { "type": "LineString", "coordinates": [ [ 77.2060972, 28.6265641 ], [ 77.2060426, 28.6266286 ], [ 77.2059979, 28.6266988 ], [ 77.2059639, 28.6267734 ], [ 77.205941, 28.6268512 ] ] } },
{ "type": "Feature", "properties": { "name": "Gol Dakkhana Roundabout", "highway": "secondary", "slope_pct": 0.6 }, "geometry": { "type": "LineString", "coordinates": [ [ 77.2072094, 28.6273431 ], [ 77.2072421, 28.6273015 ], [ 77.2072708, 28.6272577 ], [ 77.2072954, 28.6272121 ], [ 77.2073157, 28.6271648 ] ] } },
{ "type": "Feature", "properties": { "name": "Arterial Link", "highway": "residential", "slope_pct": 0.6 }, "geometry": { "type": "LineString", "coordinates": [ [ 77.204943, 28.626827 ], [ 77.2050825, 28.6266163 ] ] } },
{ "type": "Feature", "properties": { "name": "Arterial Link", "highway": "residential", "slope_pct": 0.6 }, "geometry": { "type": "LineString", "coordinates": [ [ 77.2050171, 28.6277027 ], [ 77.2049383, 28.627651 ], [ 77.2045702, 28.6274521 ], [ 77.204796, 28.6270734 ], [ 77.204943, 28.626827 ], [ 77.2046742, 28.6267135 ] ] } },
{ "type": "Feature", "properties": { "name": "Arterial Link", "highway": "residential", "slope_pct": 0.6 }, "geometry": { "type": "LineString", "coordinates": [ [ 77.2022368, 28.6266899 ], [ 77.2022782, 28.6266846 ], [ 77.2023198, 28.626694 ], [ 77.2025142, 28.6269647 ], [ 77.2026873, 28.6272014 ], [ 77.2028791, 28.6274745 ], [ 77.2029307, 28.6275827 ], [ 77.2029495, 28.6276675 ], [ 77.2029662, 28.6277334 ], [ 77.2030775, 28.6278951 ] ] } },
{ "type": "Feature", "properties": { "name": "Arterial Link", "highway": "residential", "slope_pct": 0.6 }, "geometry": { "type": "LineString", "coordinates": [ [ 77.2036189, 28.6286157 ], [ 77.2036083, 28.6286016 ], [ 77.2034376, 28.6283755 ], [ 77.2031657, 28.6280127 ] ] } },
{ "type": "Feature", "properties": { "name": "Arterial Link", "highway": "residential", "slope_pct": 0.6 }, "geometry": { "type": "LineString", "coordinates": [ [ 77.2034376, 28.6283755 ], [ 77.2037987, 28.6281857 ], [ 77.2042131, 28.6279679 ], [ 77.2043069, 28.6280006 ], [ 77.204362, 28.6280473 ], [ 77.2044108, 28.6281061 ], [ 77.2044386, 28.6281222 ], [ 77.2044807, 28.6281228 ] ] } },
{ "type": "Feature", "properties": { "name": "Arterial Link", "highway": "residential", "slope_pct": 0.6 }, "geometry": { "type": "LineString", "coordinates": [ [ 77.2042131, 28.6279679 ], [ 77.204173, 28.627883 ], [ 77.2041942, 28.6277712 ], [ 77.2042509, 28.6276718 ], [ 77.2043402, 28.6275693 ], [ 77.2044349, 28.6274885 ], [ 77.2045702, 28.6274521 ] ] } },
{ "type": "Feature", "properties": { "name": "Arterial Link", "highway": "residential", "slope_pct": 0.6 }, "geometry": { "type": "LineString", "coordinates": [ [ 77.2015192, 28.6279488 ], [ 77.2020449, 28.6276141 ], [ 77.2023241, 28.6274347 ], [ 77.2026873, 28.6272014 ] ] } },
{ "type": "Feature", "properties": { "name": "Arterial Link", "highway": "residential", "slope_pct": 0.6 }, "geometry": { "type": "LineString", "coordinates": [ [ 77.2016372, 28.627066 ], [ 77.2020449, 28.6276141 ], [ 77.2025033, 28.6282194 ] ] } },
{ "type": "Feature", "properties": { "name": "Arterial Link", "highway": "residential", "slope_pct": 0.6 }, "geometry": { "type": "LineString", "coordinates": [ [ 77.2026373, 28.6290426 ], [ 77.2025006, 28.628824 ], [ 77.2023788, 28.6286292 ] ] } },
{ "type": "Feature", "properties": { "name": "Arterial Link", "highway": "residential", "slope_pct": 0.6 }, "geometry": { "type": "LineString", "coordinates": [ [ 77.2030554, 28.6290539 ], [ 77.2030179, 28.629011 ], [ 77.2029109, 28.6289253 ], [ 77.2028861, 28.6289176 ], [ 77.2028522, 28.6289185 ], [ 77.2026373, 28.6290426 ], [ 77.2022501, 28.6292661 ] ] } },
{ "type": "Feature", "properties": { "name": "Arterial Link", "highway": "residential", "slope_pct": 0.6 }, "geometry": { "type": "LineString", "coordinates": [ [ 77.2038892, 28.6290326 ], [ 77.2043717, 28.6287964 ] ] } },
{ "type": "Feature", "properties": { "name": "Arterial Link", "highway": "residential", "slope_pct": 0.6 }, "geometry": { "type": "LineString", "coordinates": [ [ 77.2019293, 28.6268828 ], [ 77.2023241, 28.6274347 ], [ 77.2026533, 28.6278894 ] ] } },
{ "type": "Feature", "properties": { "name": "Arterial Link", "highway": "residential", "slope_pct": 0.6 }, "geometry": { "type": "LineString", "coordinates": [ [ 77.2029034, 28.6288687 ], [ 77.2027467, 28.6286737 ], [ 77.2027003, 28.628616 ], [ 77.2026036, 28.6284957 ] ] } },
{ "type": "Feature", "properties": { "name": "Arterial Link", "highway": "residential", "slope_pct": 0.6 }, "geometry": { "type": "LineString", "coordinates": [ [ 77.2027467, 28.6286737 ], [ 77.2025006, 28.628824 ], [ 77.2022196, 28.6289797 ] ] } },
{ "type": "Feature", "properties": { "name": "Arterial Link", "highway": "residential", "slope_pct": 0.6 }, "geometry": { "type": "LineString", "coordinates": [ [ 77.2027048, 28.6281056 ], [ 77.202826, 28.6282747 ], [ 77.2029583, 28.6284594 ], [ 77.2030658, 28.6286095 ] ] } },
{ "type": "Feature", "properties": { "name": "Arterial Link", "highway": "residential", "slope_pct": 0.6 }, "geometry": { "type": "LineString", "coordinates": [ [ 77.2027003, 28.628616 ], [ 77.2029583, 28.6284594 ] ] } },
{ "type": "Feature", "properties": { "name": "Arterial Link", "highway": "residential", "slope_pct": 0.6 }, "geometry": { "type": "LineString", "coordinates": [ [ 77.2045312, 28.6269743 ], [ 77.204796, 28.6270734 ] ] } },
{ "type": "Feature", "properties": { "name": "Arterial Link", "highway": "residential", "slope_pct": 0.6 }, "geometry": { "type": "LineString", "coordinates": [ [ 77.204943, 28.626827 ], [ 77.2050918, 28.6268972 ], [ 77.2051798, 28.6269758 ], [ 77.205245, 28.6270544 ] ] } },
{ "type": "Feature", "properties": { "name": "Arterial Link", "highway": "residential", "slope_pct": 0.6 }, "geometry": { "type": "LineString", "coordinates": [ [ 77.2039929, 28.6291998 ], [ 77.2038892, 28.6290326 ], [ 77.2037176, 28.6287561 ], [ 77.2037039, 28.628734 ] ] } },
{ "type": "Feature", "properties": { "name": "Arterial Link", "highway": "residential", "slope_pct": 0.6 }, "geometry": { "type": "LineString", "coordinates": [ [ 77.2043717, 28.6287964 ], [ 77.2044274, 28.6287404 ], [ 77.2044448, 28.6286827 ], [ 77.2044516, 28.6285843 ], [ 77.2043878, 28.6284824 ], [ 77.2043298, 28.628462 ], [ 77.2042157, 28.6284892 ], [ 77.2037176, 28.6287561 ] ] } },
{ "type": "Feature", "properties": { "name": "Arterial Link", "highway": "residential", "slope_pct": 0.6 }, "geometry": { "type": "LineString", "coordinates": [ [ 77.2037039, 28.628734 ], [ 77.2036839, 28.6287018 ], [ 77.20365, 28.6286569 ], [ 77.2036189, 28.6286157 ] ] } },
{ "type": "Feature", "properties": { "name": "Arterial Link", "highway": "residential", "slope_pct": 0.6 }, "geometry": { "type": "LineString", "coordinates": [ [ 77.2050171, 28.6277027 ], [ 77.2050765, 28.6277369 ], [ 77.2051345, 28.6277641 ] ] } },
{ "type": "Feature", "properties": { "name": "Arterial Link", "highway": "residential", "slope_pct": 0.6 }, "geometry": { "type": "LineString", "coordinates": [ [ 77.2044807, 28.6281228 ], [ 77.2045515, 28.6281424 ], [ 77.2046024, 28.6281769 ] ] } },
{ "type": "Feature", "properties": { "name": "Arterial Link", "highway": "residential", "slope_pct": 0.6 }, "geometry": { "type": "LineString", "coordinates": [ [ 77.2039767, 28.6284738 ], [ 77.2039539, 28.628437 ], [ 77.2037987, 28.6281857 ] ] } },
{ "type": "Feature", "properties": { "name": "Arterial Link", "highway": "residential", "slope_pct": 0.6 }, "geometry": { "type": "LineString", "coordinates": [ [ 77.2039767, 28.6284738 ], [ 77.2040052, 28.6285218 ] ] } },
{ "type": "Feature", "properties": { "name": "Bangla Sahib Lane", "highway": "residential", "slope_pct": 0.6 }, "geometry": { "type": "LineString", "coordinates": [ [ 77.2106225, 28.628692 ], [ 77.2107848, 28.6285704 ], [ 77.2108189, 28.6285136 ], [ 77.2108261, 28.6284412 ], [ 77.2108177, 28.6282509 ], [ 77.2108071, 28.6280106 ], [ 77.2107962, 28.6277627 ], [ 77.2107865, 28.6275429 ], [ 77.2107826, 28.6274534 ], [ 77.2107755, 28.6272935 ], [ 77.210765, 28.6270557 ], [ 77.2107525, 28.626771 ], [ 77.2107401, 28.6265323 ], [ 77.2107233, 28.626211 ], [ 77.2107216, 28.6261776 ], [ 77.2110586, 28.6259608 ], [ 77.2112537, 28.6258408 ], [ 77.2114352, 28.6257292 ] ] } },
{ "type": "Feature", "properties": { "name": "Arterial Link", "highway": "residential", "slope_pct": 0.6 }, "geometry": { "type": "LineString", "coordinates": [ [ 77.2127589, 28.6281959 ], [ 77.2129548, 28.6278123 ] ] } },
{ "type": "Feature", "properties": { "name": "Arterial Link", "highway": "residential", "slope_pct": 0.6 }, "geometry": { "type": "LineString", "coordinates": [ [ 77.2104831, 28.6288958 ], [ 77.2105499, 28.6289249 ], [ 77.2106855, 28.6289868 ], [ 77.2116841, 28.6294079 ] ] } },
{ "type": "Feature", "properties": { "name": "Arterial Link", "highway": "residential", "slope_pct": 0.6 }, "geometry": { "type": "LineString", "coordinates": [ [ 77.2106855, 28.6289868 ], [ 77.2106093, 28.6291275 ], [ 77.2105084, 28.6293137 ] ] } },
{ "type": "Feature", "properties": { "name": "Arterial Link", "highway": "residential", "slope_pct": 0.6 }, "geometry": { "type": "LineString", "coordinates": [ [ 77.2106093, 28.6291275 ], [ 77.2106477, 28.6291451 ], [ 77.2106768, 28.6291585 ], [ 77.2107276, 28.6291818 ], [ 77.2108437, 28.6292351 ], [ 77.2107701, 28.629365 ], [ 77.2107382, 28.6293763 ], [ 77.2105865, 28.629339 ], [ 77.21056, 28.629297 ], [ 77.2106477, 28.6291451 ] ] } },
{ "type": "Feature", "properties": { "name": "Arterial Link", "highway": "residential", "slope_pct": 0.6 }, "geometry": { "type": "LineString", "coordinates": [ [ 77.2107276, 28.6291818 ], [ 77.2107542, 28.6291359 ], [ 77.2107071, 28.6291113 ], [ 77.2106768, 28.6291585 ] ] } },
{ "type": "Feature", "properties": { "name": "Arterial Link", "highway": "residential", "slope_pct": 0.6 }, "geometry": { "type": "LineString", "coordinates": [ [ 77.2087295, 28.6280741 ], [ 77.2089608, 28.6281872 ], [ 77.2094145, 28.6284091 ], [ 77.2097607, 28.6285784 ], [ 77.2101523, 28.6287545 ] ] } },
{ "type": "Feature", "properties": { "name": "Arterial Link", "highway": "residential", "slope_pct": 0.6 }, "geometry": { "type": "LineString", "coordinates": [ [ 77.2102342, 28.6286164 ], [ 77.2101523, 28.6287545 ], [ 77.2098199, 28.6292728 ], [ 77.2097543, 28.6293749 ] ] } },
{ "type": "Feature", "properties": { "name": "Arterial Link", "highway": "residential", "slope_pct": 0.6 }, "geometry": { "type": "LineString", "coordinates": [ [ 77.2089608, 28.6281872 ], [ 77.2086637, 28.6287095 ], [ 77.2089701, 28.628865 ], [ 77.2091147, 28.6289383 ], [ 77.2092442, 28.629004 ], [ 77.209627, 28.6291463 ] ] } },
{ "type": "Feature", "properties": { "name": "Arterial Link", "highway": "residential", "slope_pct": 0.6 }, "geometry": { "type": "LineString", "coordinates": [ [ 77.2094901, 28.6282776 ], [ 77.2094145, 28.6284091 ], [ 77.2091147, 28.6289383 ] ] } },
{ "type": "Feature", "properties": { "name": "Arterial Link", "highway": "residential", "slope_pct": 0.6 }, "geometry": { "type": "LineString", "coordinates": [ [ 77.2089701, 28.628865 ], [ 77.2088744, 28.6290504 ] ] } },
{ "type": "Feature", "properties": { "name": "Arterial Link", "highway": "residential", "slope_pct": 0.6 }, "geometry": { "type": "LineString", "coordinates": [ [ 77.2086637, 28.6287095 ], [ 77.2085862, 28.6287215 ], [ 77.2084788, 28.6289045 ] ] } },
{ "type": "Feature", "properties": { "name": "Arterial Link", "highway": "residential", "slope_pct": 0.6 }, "geometry": { "type": "LineString", "coordinates": [ [ 77.2108177, 28.6282509 ], [ 77.2111574, 28.6282302 ] ] } },
{ "type": "Feature", "properties": { "name": "Arterial Link", "highway": "residential", "slope_pct": 0.6 }, "geometry": { "type": "LineString", "coordinates": [ [ 77.2108071, 28.6280106 ], [ 77.2110516, 28.6280003 ], [ 77.2110538, 28.6280531 ] ] } },
{ "type": "Feature", "properties": { "name": "Arterial Link", "highway": "residential", "slope_pct": 0.6 }, "geometry": { "type": "LineString", "coordinates": [ [ 77.2107962, 28.6277627 ], [ 77.2110342, 28.6277662 ], [ 77.2110406, 28.6278882 ] ] } },
{ "type": "Feature", "properties": { "name": "Arterial Link", "highway": "residential", "slope_pct": 0.6 }, "geometry": { "type": "LineString", "coordinates": [ [ 77.2107865, 28.6275429 ], [ 77.2111201, 28.6275343 ], [ 77.2111239, 28.6276761 ] ] } },
{ "type": "Feature", "properties": { "name": "Arterial Link", "highway": "residential", "slope_pct": 0.6 }, "geometry": { "type": "LineString", "coordinates": [ [ 77.2107755, 28.6272935 ], [ 77.2110194, 28.6272936 ] ] } },
{ "type": "Feature", "properties": { "name": "Arterial Link", "highway": "residential", "slope_pct": 0.6 }, "geometry": { "type": "LineString", "coordinates": [ [ 77.210765, 28.6270557 ], [ 77.2109934, 28.6270468 ], [ 77.2109947, 28.6271633 ], [ 77.2112244, 28.6271622 ], [ 77.2112139, 28.6269905 ], [ 77.2112115, 28.6269507 ], [ 77.2110771, 28.6269579 ] ] } },
{ "type": "Feature", "properties": { "name": "Arterial Link", "highway": "residential", "slope_pct": 0.6 }, "geometry": { "type": "LineString", "coordinates": [ [ 77.2113018, 28.6267448 ], [ 77.2113064, 28.6269833 ] ] } },
{ "type": "Feature", "properties": { "name": "Arterial Link", "highway": "residential", "slope_pct": 0.6 }, "geometry": { "type": "LineString", "coordinates": [ [ 77.2112139, 28.6269905 ], [ 77.2113064, 28.6269833 ], [ 77.2114165, 28.6269881 ], [ 77.2114938, 28.6269569 ], [ 77.2115767, 28.6268998 ] ] } },
{ "type": "Feature", "properties": { "name": "Arterial Link", "highway": "residential", "slope_pct": 0.6 }, "geometry": { "type": "LineString", "coordinates": [ [ 77.2118507, 28.6270127 ], [ 77.2116854, 28.6271161 ], [ 77.2118066, 28.6272695 ], [ 77.2119176, 28.6272029 ] ] } },
{ "type": "Feature", "properties": { "name": "Arterial Link", "highway": "tertiary", "slope_pct": 0.6 }, "geometry": { "type": "LineString", "coordinates": [ [ 77.2087143, 28.627821 ], [ 77.2086619, 28.6279006 ] ] } },
{ "type": "Feature", "properties": { "name": "Bangla Sahib Road", "highway": "tertiary", "slope_pct": 0.6 }, "geometry": { "type": "LineString", "coordinates": [ [ 77.2087948, 28.627858 ], [ 77.2087482, 28.6279397 ] ] } },
{ "type": "Feature", "properties": { "name": "Baba Kharak Singh Marg", "highway": "secondary", "slope_pct": 0.6 }, "geometry": { "type": "LineString", "coordinates": [ [ 77.2086619, 28.6279006 ], [ 77.2087482, 28.6279397 ] ] } },
{ "type": "Feature", "properties": { "name": "Arterial Link", "highway": "tertiary", "slope_pct": 0.6 }, "geometry": { "type": "LineString", "coordinates": [ [ 77.2058886, 28.6337254 ], [ 77.2058686, 28.6336372 ], [ 77.2058159, 28.63356 ], [ 77.2057367, 28.6335028 ], [ 77.2056402, 28.6334724 ], [ 77.2055377, 28.6334722 ], [ 77.2054523, 28.633497 ], [ 77.2053792, 28.6335429 ], [ 77.2053247, 28.6336057 ], [ 77.2052939, 28.6336799 ], [ 77.2052895, 28.6337587 ], [ 77.2053119, 28.6338352 ] ] } },
{ "type": "Feature", "properties": { "name": "Peshwa Road", "highway": "tertiary", "slope_pct": 0.6 }, "geometry": { "type": "LineString", "coordinates": [ [ 77.2053119, 28.6338352 ], [ 77.2051228, 28.6339519 ], [ 77.204615, 28.6342653 ], [ 77.2032938, 28.6349972 ], [ 77.2025502, 28.6354048 ], [ 77.202059, 28.635674 ], [ 77.2018715, 28.6357927 ], [ 77.2018392, 28.6358131 ], [ 77.2018164, 28.6358276 ], [ 77.2016814, 28.6358937 ] ] } },
{ "type": "Feature", "properties": { "name": "Peshwa Road", "highway": "tertiary", "slope_pct": 0.6 }, "geometry": { "type": "LineString", "coordinates": [ [ 77.2018833, 28.6359205 ], [ 77.2019476, 28.6358846 ], [ 77.2026072, 28.6355155 ], [ 77.2033984, 28.6350729 ], [ 77.2045996, 28.6343726 ], [ 77.2051838, 28.6340321 ], [ 77.2051977, 28.634024 ], [ 77.205377, 28.6339194 ] ] } },
{ "type": "Feature", "properties": { "name": "Arterial Link", "highway": "residential", "slope_pct": 0.6 }, "geometry": { "type": "LineString", "coordinates": [ [ 77.204615, 28.6342653 ], [ 77.2045515, 28.6341749 ], [ 77.2043202, 28.6338456 ], [ 77.2041642, 28.6336235 ], [ 77.2039995, 28.6333891 ], [ 77.2036106, 28.6328354 ], [ 77.2032948, 28.6323859 ], [ 77.2026156, 28.6314189 ], [ 77.2022697, 28.6309579 ], [ 77.2018608, 28.6304128 ], [ 77.2018088, 28.6303435 ], [ 77.2016839, 28.6301769 ], [ 77.2014966, 28.6299273 ] ] } },
{ "type": "Feature", "properties": { "name": "Arterial Link", "highway": "tertiary", "slope_pct": 0.6 }, "geometry": { "type": "LineString", "coordinates": [ [ 77.2053119, 28.6338352 ], [ 77.205377, 28.6339194 ] ] } },
{ "type": "Feature", "properties": { "name": "Arterial Link", "highway": "tertiary", "slope_pct": 0.6 }, "geometry": { "type": "LineString", "coordinates": [ [ 77.2054873, 28.6339823 ], [ 77.2056365, 28.6339965 ], [ 77.2056557, 28.6339918 ], [ 77.2057645, 28.6339456 ], [ 77.2058326, 28.6338855 ], [ 77.2058755, 28.6338095 ], [ 77.2058886, 28.6337254 ] ] } },
{ "type": "Feature", "properties": { "name": "Arterial Link", "highway": "residential", "slope_pct": 0.6 }, "geometry": { "type": "LineString", "coordinates": [ [ 77.2076482, 28.6325042 ], [ 77.2076957, 28.633106 ], [ 77.2077197, 28.6335941 ] ] } },
{ "type": "Feature", "properties": { "name": "Arterial Link", "highway": "residential", "slope_pct": 0.6 }, "geometry": { "type": "LineString", "coordinates": [ [ 77.2073247, 28.6325141 ], [ 77.2073803, 28.6331311 ], [ 77.2074085, 28.6336164 ] ] } },
{ "type": "Feature", "properties": { "name": "Arterial Link", "highway": "residential", "slope_pct": 0.6 }, "geometry": { "type": "LineString", "coordinates": [ [ 77.2071026, 28.6336384 ], [ 77.207063, 28.6331596 ], [ 77.2070108, 28.632526 ] ] } },
{ "type": "Feature", "properties": { "name": "Arterial Link", "highway": "residential", "slope_pct": 0.6 }, "geometry": { "type": "LineString", "coordinates": [ [ 77.2061427, 28.6333544 ], [ 77.2069078, 28.6333 ] ] } },
{ "type": "Feature", "properties": { "name": "Arterial Link", "highway": "residential", "slope_pct": 0.6 }, "geometry": { "type": "LineString", "coordinates": [ [ 77.2068876, 28.6330246 ], [ 77.2068342, 28.6325352 ] ] } },
{ "type": "Feature", "properties": { "name": "Arterial Link", "highway": "residential", "slope_pct": 0.6 }, "geometry": { "type": "LineString", "coordinates": [ [ 77.2061215, 28.6330708 ], [ 77.2068876, 28.6330246 ], [ 77.2069078, 28.6333 ], [ 77.2069336, 28.6336505 ] ] } },
{ "type": "Feature", "properties": { "name": "Bhagat Singh Lane", "highway": "residential", "slope_pct": 0.6 }, "geometry": { "type": "LineString", "coordinates": [ [ 77.2061427, 28.6333544 ], [ 77.2061215, 28.6330708 ], [ 77.2061098, 28.6328622 ], [ 77.2061098, 28.6326 ] ] } },
{ "type": "Feature", "properties": { "name": "Arterial Link", "highway": "residential", "slope_pct": 0.6 }, "geometry": { "type": "LineString", "coordinates": [ [ 77.2055217, 28.6331971 ], [ 77.2057946, 28.6331988 ], [ 77.2059569, 28.6332577 ], [ 77.2061017, 28.6333401 ], [ 77.2061427, 28.6333544 ] ] } },
{ "type": "Feature", "properties": { "name": "Doctor Lane", "highway": "residential", "slope_pct": 0.6 }, "geometry": { "type": "LineString", "coordinates": [ [ 77.2059056, 28.6343709 ], [ 77.2063055, 28.6349621 ], [ 77.2068071, 28.6356389 ] ] } },
{ "type": "Feature", "properties": { "name": "Arterial Link", "highway": "residential", "slope_pct": 0.6 }, "geometry": { "type": "LineString", "coordinates": [ [ 77.201957, 28.6331804 ], [ 77.2020595, 28.6331227 ], [ 77.2026108, 28.6328127 ], [ 77.2032948, 28.6323859 ] ] } },
{ "type": "Feature", "properties": { "name": "Arterial Link", "highway": "residential", "slope_pct": 0.6 }, "geometry": { "type": "LineString", "coordinates": [ [ 77.2019093, 28.6318103 ], [ 77.202073, 28.6320794 ], [ 77.2020797, 28.6320982 ], [ 77.2020797, 28.6321176 ], [ 77.2019885, 28.632243 ], [ 77.2019805, 28.6322657 ], [ 77.2019865, 28.6322836 ], [ 77.2022152, 28.6325797 ], [ 77.2022413, 28.6325926 ], [ 77.2022675, 28.6325938 ], [ 77.2024103, 28.6325496 ], [ 77.2024299, 28.6325538 ], [ 77.2024466, 28.6325655 ], [ 77.2026108, 28.6328127 ] ] } },
{ "type": "Feature", "properties": { "name": "Arterial Link", "highway": "residential", "slope_pct": 0.6 }, "geometry": { "type": "LineString", "coordinates": [ [ 77.2054384, 28.6331458 ], [ 77.205276, 28.6331628 ], [ 77.2051408, 28.6331769 ], [ 77.2051106, 28.63318 ], [ 77.2049503, 28.6332101 ], [ 77.2041642, 28.6336235 ], [ 77.2037997, 28.6338033 ] ] } },
{ "type": "Feature", "properties": { "name": "Arterial Link", "highway": "residential", "slope_pct": 0.6 }, "geometry": { "type": "LineString", "coordinates": [ [ 77.2053792, 28.6335429 ], [ 77.2051978, 28.6334083 ], [ 77.2051782, 28.6334022 ], [ 77.2051603, 28.6333966 ], [ 77.2051106, 28.6333977 ], [ 77.2050388, 28.6334267 ], [ 77.2043202, 28.6338456 ], [ 77.2039177, 28.6340576 ] ] } },
{ "type": "Feature", "properties": { "name": "Arterial Link", "highway": "tertiary", "slope_pct": 0.6 }, "geometry": { "type": "LineString", "coordinates": [ [ 77.205377, 28.6339194 ], [ 77.2054592, 28.63397 ], [ 77.2054873, 28.6339823 ] ] } },
{ "type": "Feature", "properties": { "name": "Arterial Link", "highway": "residential", "slope_pct": 0.6 }, "geometry": { "type": "LineString", "coordinates": [ [ 77.2075157, 28.6354641 ], [ 77.2071298, 28.6349166 ], [ 77.2066733, 28.6343052 ] ] } },
{ "type": "Feature", "properties": { "name": "Arterial Link", "highway": "residential", "slope_pct": 0.6 }, "geometry": { "type": "LineString", "coordinates": [ [ 77.2031177, 28.6331151 ], [ 77.2036106, 28.6328354 ] ] } },
{ "type": "Feature", "properties": { "name": "Arterial Link", "highway": "residential", "slope_pct": 0.6 }, "geometry": { "type": "LineString", "coordinates": [ [ 77.2018504, 28.6344406 ], [ 77.2021174, 28.6342889 ] ] } },
{ "type": "Feature", "properties": { "name": "Arterial Link", "highway": "residential", "slope_pct": 0.6 }, "geometry": { "type": "LineString", "coordinates": [ [ 77.2022077, 28.6349329 ], [ 77.202187, 28.6349043 ], [ 77.2018504, 28.6344406 ], [ 77.2015473, 28.6346031 ] ] } },
{ "type": "Feature", "properties": { "name": "Arterial Link", "highway": "residential", "slope_pct": 0.6 }, "geometry": { "type": "LineString", "coordinates": [ [ 77.206175, 28.6337049 ], [ 77.2061955, 28.6339327 ], [ 77.2061935, 28.6339775 ], [ 77.2061794, 28.6340152 ], [ 77.2058276, 28.634256 ] ] } },
{ "type": "Feature", "properties": { "name": "Arterial Link", "highway": "residential", "slope_pct": 0.6 }, "geometry": { "type": "LineString", "coordinates": [ [ 77.2051782, 28.6334022 ], [ 77.2051408, 28.6331769 ] ] } },
{ "type": "Feature", "properties": { "name": "Arterial Link", "highway": "residential", "slope_pct": 0.6 }, "geometry": { "type": "LineString", "coordinates": [ [ 77.2029388, 28.6345147 ], [ 77.2022077, 28.6349329 ], [ 77.2014695, 28.6353551 ] ] } },
{ "type": "Feature", "properties": { "name": "Arterial Link", "highway": "residential", "slope_pct": 0.6 }, "geometry": { "type": "LineString", "coordinates": [ [ 77.2047924, 28.6309916 ], [ 77.2051005, 28.6309778 ] ] } },
{ "type": "Feature", "properties": { "name": "Arterial Link", "highway": "residential", "slope_pct": 0.6 }, "geometry": { "type": "LineString", "coordinates": [ [ 77.2046922, 28.62985 ], [ 77.2050195, 28.6298405 ], [ 77.205215, 28.6298348 ] ] } },
{ "type": "Feature", "properties": { "name": "Arterial Link", "highway": "residential", "slope_pct": 0.6 }, "geometry": { "type": "LineString", "coordinates": [ [ 77.2028248, 28.6312965 ], [ 77.2026563, 28.6310621 ], [ 77.2025025, 28.630848 ], [ 77.2024356, 28.6307551 ], [ 77.2020999, 28.6302879 ] ] } },
{ "type": "Feature", "properties": { "name": "Arterial Link", "highway": "residential", "slope_pct": 0.6 }, "geometry": { "type": "LineString", "coordinates": [ [ 77.2018608, 28.6304128 ], [ 77.2020999, 28.6302879 ], [ 77.2024448, 28.6301077 ] ] } },
{ "type": "Feature", "properties": { "name": "Arterial Link", "highway": "residential", "slope_pct": 0.6 }, "geometry": { "type": "LineString", "coordinates": [ [ 77.2032586, 28.6310427 ], [ 77.2030831, 28.6307958 ], [ 77.2029282, 28.6305778 ], [ 77.2028825, 28.6305137 ], [ 77.2027458, 28.6303213 ] ] } },
{ "type": "Feature", "properties": { "name": "Arterial Link", "highway": "residential", "slope_pct": 0.6 }, "geometry": { "type": "LineString", "coordinates": [ [ 77.2026563, 28.6310621 ], [ 77.2030831, 28.6307958 ] ] } },
{ "type": "Feature", "properties": { "name": "Arterial Link", "highway": "residential", "slope_pct": 0.6 }, "geometry": { "type": "LineString", "coordinates": [ [ 77.2024356, 28.6307551 ], [ 77.2028825, 28.6305137 ] ] } },
{ "type": "Feature", "properties": { "name": "Arterial Link", "highway": "residential", "slope_pct": 0.6 }, "geometry": { "type": "LineString", "coordinates": [ [ 77.2025025, 28.630848 ], [ 77.2029282, 28.6305778 ] ] } },
{ "type": "Feature", "properties": { "name": "Arterial Link", "highway": "residential", "slope_pct": 0.6 }, "geometry": { "type": "LineString", "coordinates": [ [ 77.2061794, 28.6340152 ], [ 77.2062512, 28.634336 ] ] } },
{ "type": "Feature", "properties": { "name": "Bhai Vir Singh Marg", "highway": "tertiary", "slope_pct": 0.6 }, "geometry": { "type": "LineString", "coordinates": [ [ 77.2055377, 28.6334722 ], [ 77.2055217, 28.6331971 ], [ 77.2055004, 28.6326289 ] ] } },
{ "type": "Feature", "properties": { "name": "Bhai Vir Singh Marg", "highway": "tertiary", "slope_pct": 0.6 }, "geometry": { "type": "LineString", "coordinates": [ [ 77.2054192, 28.6326364 ], [ 77.2054406, 28.6330969 ], [ 77.2054384, 28.6331458 ], [ 77.205436, 28.6331988 ], [ 77.2054523, 28.633497 ] ] } },
{ "type": "Feature", "properties": { "name": "Arterial Link", "highway": "residential", "slope_pct": 0.6 }, "geometry": { "type": "LineString", "coordinates": [ [ 77.2047719, 28.6326592 ], [ 77.2048084, 28.6328975 ], [ 77.20477, 28.6330101 ], [ 77.2043407, 28.6332401 ], [ 77.2040976, 28.6333809 ], [ 77.2039995, 28.6333891 ] ] } },
{ "type": "Feature", "properties": { "name": "Arterial Link", "highway": "residential", "slope_pct": 0.6 }, "geometry": { "type": "LineString", "coordinates": [ [ 77.2046148, 28.6347633 ], [ 77.2051081, 28.6345447 ], [ 77.2052172, 28.6346536 ], [ 77.2051791, 28.6347829 ], [ 77.2046265, 28.6350643 ] ] } },
{ "type": "Feature", "properties": { "name": "Arterial Link", "highway": "residential", "slope_pct": 0.6 }, "geometry": { "type": "LineString", "coordinates": [ [ 77.204698, 28.6356722 ], [ 77.2052917, 28.6353735 ] ] } },
{ "type": "Feature", "properties": { "name": "Arterial Link", "highway": "residential", "slope_pct": 0.6 }, "geometry": { "type": "LineString", "coordinates": [ [ 77.2046526, 28.6353656 ], [ 77.2052417, 28.6351009 ] ] } },
{ "type": "Feature", "properties": { "name": "Arterial Link", "highway": "residential", "slope_pct": 0.6 }, "geometry": { "type": "LineString", "coordinates": [ [ 77.2072272, 28.635851 ], [ 77.2071183, 28.6356648 ] ] } },
{ "type": "Feature", "properties": { "name": "Arterial Link", "highway": "residential", "slope_pct": 0.6 }, "geometry": { "type": "LineString", "coordinates": [ [ 77.2025502, 28.6354048 ], [ 77.2025193, 28.6353623 ], [ 77.2024951, 28.6353289 ], [ 77.202225, 28.6349567 ], [ 77.2022077, 28.6349329 ] ] } },
{ "type": "Feature", "properties": { "name": "Bhagat Singh Lane", "highway": "residential", "slope_pct": 0.6 }, "geometry": { "type": "LineString", "coordinates": [ [ 77.2061427, 28.6333544 ], [ 77.2061688, 28.6335331 ], [ 77.206175, 28.6337049 ] ] } },
{ "type": "Feature", "properties": { "name": "Doctor Lane", "highway": "residential", "slope_pct": 0.6 }, "geometry": { "type": "LineString", "coordinates": [ [ 77.2059056, 28.6343709 ], [ 77.2058703, 28.6343249 ], [ 77.2058276, 28.634256 ], [ 77.2057584, 28.6341734 ], [ 77.2057236, 28.6341305 ], [ 77.2056927, 28.6340746 ], [ 77.2056557, 28.6339918 ] ] } },
{ "type": "Feature", "properties": { "name": "Arterial Link", "highway": "residential", "slope_pct": 0.6 }, "geometry": { "type": "LineString", "coordinates": [ [ 77.2068071, 28.6356389 ], [ 77.2063714, 28.6358843 ], [ 77.2062588, 28.6359477 ] ] } },
{ "type": "Feature", "properties": { "name": "Arterial Link", "highway": "residential", "slope_pct": 0.6 }, "geometry": { "type": "LineString", "coordinates": [ [ 77.2027797, 28.6357526 ], [ 77.2026611, 28.6355897 ], [ 77.2026286, 28.635545 ], [ 77.2026072, 28.6355155 ] ] } },
{ "type": "Feature", "properties": { "name": "Arterial Link", "highway": "residential", "slope_pct": 0.6 }, "geometry": { "type": "LineString", "coordinates": [ [ 77.202265, 28.633599 ], [ 77.2028579, 28.6332625 ] ] } },
{ "type": "Feature", "properties": { "name": "Arterial Link", "highway": "residential", "slope_pct": 0.6 }, "geometry": { "type": "LineString", "coordinates": [ [ 77.2028579, 28.6332625 ], [ 77.2031177, 28.6331151 ] ] } },
{ "type": "Feature", "properties": { "name": "Arterial Link", "highway": "residential", "slope_pct": 0.6 }, "geometry": { "type": "LineString", "coordinates": [ [ 77.2085003, 28.6324712 ], [ 77.209005, 28.6324316 ], [ 77.2092478, 28.6324154 ], [ 77.210326, 28.6323433 ], [ 77.2111775, 28.632285 ], [ 77.2112144, 28.6322825 ], [ 77.2116394, 28.6322534 ], [ 77.211866, 28.6322379 ], [ 77.2121318, 28.6322273 ], [ 77.2122221, 28.6322487 ], [ 77.2122909, 28.6323324 ], [ 77.2123614, 28.6324029 ], [ 77.2123913, 28.6324366 ], [ 77.2125192, 28.6325808 ], [ 77.2126325, 28.6327235 ], [ 77.2126994, 28.6327368 ], [ 77.2127179, 28.6327399 ], [ 77.2127513, 28.6327454 ], [ 77.212823, 28.6327368 ] ] } },
{ "type": "Feature", "properties": { "name": "Arya School Lane", "highway": "residential", "slope_pct": 0.6 }, "geometry": { "type": "LineString", "coordinates": [ [ 77.2129482, 28.6305163 ], [ 77.2124424, 28.6302867 ], [ 77.2114963, 28.6298604 ] ] } },
{ "type": "Feature", "properties": { "name": "Doctor Lane", "highway": "residential", "slope_pct": 0.6 }, "geometry": { "type": "LineString", "coordinates": [ [ 77.2082242, 28.6342085 ], [ 77.2084605, 28.634587 ] ] } },
{ "type": "Feature", "properties": { "name": "Bangla Sahib Lane", "highway": "residential", "slope_pct": 0.6 }, "geometry": { "type": "LineString", "coordinates": [ [ 77.210326, 28.6323433 ], [ 77.2102943, 28.6319777 ], [ 77.2102047, 28.6309433 ], [ 77.2101355, 28.6300373 ], [ 77.2101135, 28.6299795 ], [ 77.2100687, 28.6299488 ], [ 77.2098072, 28.6298502 ] ] } },
{ "type": "Feature", "properties": { "name": "Arterial Link", "highway": "residential", "slope_pct": 0.6 }, "geometry": { "type": "LineString", "coordinates": [ [ 77.2114963, 28.6298604 ], [ 77.2114389, 28.6299742 ], [ 77.2112006, 28.6303714 ], [ 77.2111536, 28.6304466 ], [ 77.2109136, 28.6308305 ], [ 77.2108469, 28.6308988 ], [ 77.2107364, 28.630931 ], [ 77.2102047, 28.6309433 ] ] } },
{ "type": "Feature", "properties": { "name": "Arterial Link", "highway": "residential", "slope_pct": 0.6 }, "geometry": { "type": "LineString", "coordinates": [ [ 77.2090213, 28.6327294 ], [ 77.2090528, 28.6327272 ], [ 77.2090929, 28.6327244 ], [ 77.209517, 28.632695 ], [ 77.2098727, 28.6326704 ], [ 77.2102645, 28.6326432 ] ] } },
{ "type": "Feature", "properties": { "name": "Arterial Link", "highway": "residential", "slope_pct": 0.6 }, "geometry": { "type": "LineString", "coordinates": [ [ 77.209005, 28.6324316 ], [ 77.2090213, 28.6327294 ], [ 77.209032, 28.6329263 ], [ 77.2090734, 28.6333808 ], [ 77.2090799, 28.6334518 ] ] } },
{ "type": "Feature", "properties": { "name": "Arterial Link", "highway": "residential", "slope_pct": 0.6 }, "geometry": { "type": "LineString", "coordinates": [ [ 77.2092478, 28.6324154 ], [ 77.2091668, 28.6311782 ], [ 77.2091457, 28.6308559 ], [ 77.2090906, 28.6300133 ], [ 77.2090894, 28.6299955 ], [ 77.2090837, 28.6299083 ] ] } },
{ "type": "Feature", "properties": { "name": "Arterial Link", "highway": "residential", "slope_pct": 0.6 }, "geometry": { "type": "LineString", "coordinates": [ [ 77.2096294, 28.6349125 ], [ 77.2093927, 28.6350428 ], [ 77.2092336, 28.6351305 ], [ 77.2092269, 28.6352017 ], [ 77.2094753, 28.6355564 ], [ 77.2097221, 28.6354414 ], [ 77.2099327, 28.6353236 ] ] } },
{ "type": "Feature", "properties": { "name": "Arterial Link", "highway": "residential", "slope_pct": 0.6 }, "geometry": { "type": "LineString", "coordinates": [ [ 77.212541, 28.6316806 ], [ 77.2126321, 28.6317034 ], [ 77.212723, 28.6317142 ], [ 77.2128108, 28.6317142 ], [ 77.2131636, 28.6316817 ] ] } },
{ "type": "Feature", "properties": { "name": "Arterial Link", "highway": "residential", "slope_pct": 0.6 }, "geometry": { "type": "LineString", "coordinates": [ [ 77.2132927, 28.6321715 ], [ 77.2136004, 28.6315753 ], [ 77.213636, 28.6314809 ], [ 77.2136439, 28.631386 ], [ 77.2136161, 28.6312962 ], [ 77.2133095, 28.630675 ] ] } },
{ "type": "Feature", "properties": { "name": "Arterial Link", "highway": "residential", "slope_pct": 0.6 }, "geometry": { "type": "LineString", "coordinates": [ [ 77.2116394, 28.6322534 ], [ 77.211636, 28.6322109 ], [ 77.2116176, 28.6319796 ], [ 77.2116045, 28.631944 ], [ 77.2115747, 28.6319231 ], [ 77.2115316, 28.6319118 ], [ 77.2111919, 28.6319299 ], [ 77.2110378, 28.6319381 ], [ 77.2103392, 28.6319753 ], [ 77.2102943, 28.6319777 ] ] } },
{ "type": "Feature", "properties": { "name": "Arterial Link", "highway": "residential", "slope_pct": 0.6 }, "geometry": { "type": "LineString", "coordinates": [ [ 77.2091668, 28.6311782 ], [ 77.2089507, 28.631189 ], [ 77.2089053, 28.6312352 ], [ 77.2088437, 28.6312596 ], [ 77.2084674, 28.6312523 ], [ 77.2084095, 28.6303788 ], [ 77.208851, 28.6303541 ], [ 77.2088791, 28.6308177 ], [ 77.2089301, 28.6308693 ], [ 77.2089383, 28.6308688 ], [ 77.2091457, 28.6308559 ] ] } },
{ "type": "Feature", "properties": { "name": "Arterial Link", "highway": "residential", "slope_pct": 0.6 }, "geometry": { "type": "LineString", "coordinates": [ [ 77.2089507, 28.631189 ], [ 77.2089441, 28.6310194 ], [ 77.2089383, 28.6308688 ] ] } },
{ "type": "Feature", "properties": { "name": "Arterial Link", "highway": "residential", "slope_pct": 0.6 }, "geometry": { "type": "LineString", "coordinates": [ [ 77.2089441, 28.6310194 ], [ 77.2085957, 28.6310432 ] ] } },
{ "type": "Feature", "properties": { "name": "Arterial Link", "highway": "residential", "slope_pct": 0.6 }, "geometry": { "type": "LineString", "coordinates": [ [ 77.2088791, 28.6308177 ], [ 77.2084856, 28.630831 ] ] } },
{ "type": "Feature", "properties": { "name": "Arterial Link", "highway": "residential", "slope_pct": 0.6 }, "geometry": { "type": "LineString", "coordinates": [ [ 77.208851, 28.6303541 ], [ 77.2088326, 28.6300221 ], [ 77.2089947, 28.6299986 ], [ 77.2090894, 28.6299955 ] ] } },
{ "type": "Feature", "properties": { "name": "Arterial Link", "highway": "residential", "slope_pct": 0.6 }, "geometry": { "type": "LineString", "coordinates": [ [ 77.2101135, 28.6299795 ], [ 77.2111536, 28.6304466 ] ] } },
{ "type": "Feature", "properties": { "name": "Arterial Link", "highway": "residential", "slope_pct": 0.6 }, "geometry": { "type": "LineString", "coordinates": [ [ 77.2096031, 28.6334335 ], [ 77.2095979, 28.6333415 ], [ 77.2095954, 28.6332976 ], [ 77.2095825, 28.632975 ], [ 77.2095799, 28.6329525 ], [ 77.2095727, 28.632937 ], [ 77.2095439, 28.6329006 ], [ 77.2095336, 28.6328882 ], [ 77.2095294, 28.6328726 ], [ 77.209517, 28.632695 ] ] } },
{ "type": "Feature", "properties": { "name": "Arterial Link", "highway": "residential", "slope_pct": 0.6 }, "geometry": { "type": "LineString", "coordinates": [ [ 77.2093927, 28.6350428 ], [ 77.2093416, 28.6349561 ], [ 77.2092452, 28.6349532 ], [ 77.2091742, 28.6348591 ] ] } },
{ "type": "Feature", "properties": { "name": "Arterial Link", "highway": "residential", "slope_pct": 0.6 }, "geometry": { "type": "LineString", "coordinates": [ [ 77.2112144, 28.6322825 ], [ 77.2112119, 28.632243 ], [ 77.2111919, 28.6319299 ] ] } },
{ "type": "Feature", "properties": { "name": "Arterial Link", "highway": "residential", "slope_pct": 0.6 }, "geometry": { "type": "LineString", "coordinates": [ [ 77.2110378, 28.6319381 ], [ 77.2110229, 28.6316591 ] ] } },
{ "type": "Feature", "properties": { "name": "Arterial Link", "highway": "residential", "slope_pct": 0.6 }, "geometry": { "type": "LineString", "coordinates": [ [ 77.2098818, 28.6334156 ], [ 77.20988, 28.6333253 ], [ 77.2098786, 28.6332679 ], [ 77.2098727, 28.6326704 ] ] } },
{ "type": "Feature", "properties": { "name": "Bangla Sahib Road", "highway": "tertiary", "slope_pct": 0.6 }, "geometry": { "type": "LineString", "coordinates": [ [ 77.2085801, 28.6335138 ], [ 77.2085003, 28.6324712 ] ] } },
{ "type": "Feature", "properties": { "name": "Bangla Sahib Road", "highway": "tertiary", "slope_pct": 0.6 }, "geometry": { "type": "LineString", "coordinates": [ [ 77.2084952, 28.6335228 ], [ 77.2086109, 28.6336032 ], [ 77.2085863, 28.6335325 ], [ 77.2085801, 28.6335138 ] ] } },
{ "type": "Feature", "properties": { "name": "Raja Bazar Road", "highway": "residential", "slope_pct": 0.6 }, "geometry": { "type": "LineString", "coordinates": [ [ 77.2122221, 28.6322487 ], [ 77.2123494, 28.6320131 ], [ 77.212541, 28.6316806 ], [ 77.2125564, 28.6315856 ], [ 77.2125462, 28.6314802 ], [ 77.2125147, 28.631358 ], [ 77.2125133, 28.63127 ], [ 77.2125431, 28.631186 ], [ 77.2129482, 28.6305163 ] ] } },
{ "type": "Feature", "properties": { "name": "Bangla Sahib Road", "highway": "tertiary", "slope_pct": 0.6 }, "geometry": { "type": "LineString", "coordinates": [ [ 77.2116232, 28.6376045 ], [ 77.2115075, 28.6374535 ], [ 77.211442, 28.637364 ], [ 77.2111703, 28.6369928 ], [ 77.2107627, 28.6364401 ], [ 77.210526, 28.6361181 ], [ 77.2099327, 28.6353236 ], [ 77.2096568, 28.6349485 ], [ 77.2096294, 28.6349125 ], [ 77.2093151, 28.6344946 ], [ 77.2092274, 28.6343804 ], [ 77.209065, 28.6341492 ], [ 77.2088301, 28.6338319 ], [ 77.2086109, 28.6336032 ] ] } },
{ "type": "Feature", "properties": { "name": "Mandir Marg", "highway": "tertiary", "slope_pct": 0.6 }, "geometry": { "type": "LineString", "coordinates": [ [ 77.2054196, 28.6411042 ], [ 77.2052337, 28.6410017 ], [ 77.2051445, 28.6408703 ], [ 77.2049933, 28.6406477 ], [ 77.2048198, 28.6403811 ], [ 77.2047136, 28.6402085 ], [ 77.2044938, 28.6398855 ], [ 77.2043822, 28.6397344 ], [ 77.204296, 28.6396125 ], [ 77.2040541, 28.63929 ], [ 77.2037832, 28.6389122 ], [ 77.2035938, 28.6386025 ], [ 77.2034331, 28.6382792 ], [ 77.2028213, 28.6370929 ], [ 77.2026002, 28.6368199 ], [ 77.2022029, 28.6363295 ], [ 77.2019883, 28.6360645 ], [ 77.2019058, 28.6359514 ], [ 77.2018986, 28.6359415 ], [ 77.2018833, 28.6359205 ] ] } },
{ "type": "Feature", "properties": { "name": "Panchkuian Road", "highway": "secondary", "slope_pct": 0.6 }, "geometry": { "type": "LineString", "coordinates": [ [ 77.2036923, 28.642988 ], [ 77.2037221, 28.6427645 ], [ 77.2037575, 28.6426022 ], [ 77.2038146, 28.6424806 ], [ 77.203912, 28.6423137 ], [ 77.2042948, 28.6418725 ], [ 77.2043498, 28.6418313 ], [ 77.2047988, 28.6414944 ], [ 77.2048674, 28.6414505 ], [ 77.2052099, 28.6412314 ], [ 77.205265, 28.6411962 ], [ 77.2052862, 28.6411826 ], [ 77.2053421, 28.6411482 ], [ 77.2054196, 28.6411042 ] ] } },
{ "type": "Feature", "properties": { "name": "Arya Nagar Road;Sang Trashan Marg", "highway": "residential", "slope_pct": 0.6 }, "geometry": { "type": "LineString", "coordinates": [ [ 77.2127098, 28.6410398 ], [ 77.2127392, 28.6413992 ], [ 77.2127425, 28.6415405 ], [ 77.2127221, 28.6417065 ], [ 77.2126884, 28.6420278 ], [ 77.2126596, 28.6423054 ], [ 77.2126419, 28.6424831 ], [ 77.2126363, 28.6425784 ], [ 77.2125822, 28.6429663 ], [ 77.2125208, 28.6432264 ], [ 77.2123954, 28.6436371 ], [ 77.2123856, 28.6436962 ], [ 77.2123467, 28.6438333 ], [ 77.2124001, 28.6440508 ], [ 77.2124303, 28.6442542 ], [ 77.2124486, 28.6444579 ], [ 77.2125024, 28.6446832 ], [ 77.2125531, 28.6449207 ], [ 77.2126245, 28.6451895 ] ] } },
{ "type": "Feature", "properties": { "name": "Rajguru Marg", "highway": "residential", "slope_pct": 0.6 }, "geometry": { "type": "LineString", "coordinates": [ [ 77.2107854, 28.640635 ], [ 77.2106816, 28.6409907 ], [ 77.2104986, 28.6418596 ], [ 77.2104218, 28.6422565 ], [ 77.210403, 28.6424026 ], [ 77.21042, 28.6425796 ], [ 77.2104566, 28.6427229 ], [ 77.2104772, 28.6428032 ], [ 77.210536, 28.6430208 ], [ 77.2105766, 28.6432229 ], [ 77.2106154, 28.6434358 ], [ 77.2106573, 28.6436553 ], [ 77.2107027, 28.643877 ], [ 77.2107446, 28.6440925 ], [ 77.2107842, 28.6442955 ], [ 77.2108324, 28.6445211 ], [ 77.2108782, 28.6447271 ], [ 77.2109271, 28.6449455 ], [ 77.210977, 28.6451683 ], [ 77.2110464, 28.6454785 ] ] } },
{ "type": "Feature", "properties": { "name": "Arterial Link", "highway": "residential", "slope_pct": 0.6 }, "geometry": { "type": "LineString", "coordinates": [ [ 77.2087776, 28.6406969 ], [ 77.2089442, 28.6413694 ], [ 77.2091289, 28.6422156 ], [ 77.2092089, 28.6425823 ], [ 77.2093361, 28.642996 ], [ 77.2093885, 28.6432217 ], [ 77.2094383, 28.6434366 ], [ 77.2094869, 28.6436456 ], [ 77.2095233, 28.6438381 ] ] } },
{ "type": "Feature", "properties": { "name": "Arterial Link", "highway": "residential", "slope_pct": 0.6 }, "geometry": { "type": "LineString", "coordinates": [ [ 77.2157564, 28.6404267 ], [ 77.215513, 28.6404448 ], [ 77.215304, 28.6404399 ], [ 77.215013, 28.6404098 ], [ 77.2150106, 28.6403732 ], [ 77.215019, 28.6401852 ], [ 77.2149871, 28.6401457 ], [ 77.2149362, 28.6401011 ], [ 77.2146666, 28.6399442 ], [ 77.2144196, 28.6398123 ], [ 77.2142069, 28.6397133 ], [ 77.2139662, 28.639656 ], [ 77.2138802, 28.6396386 ], [ 77.2134884, 28.6395868 ], [ 77.2131038, 28.6395647 ] ] } },
{ "type": "Feature", "properties": { "name": "Ramakrishna Ashram Marg", "highway": "tertiary", "slope_pct": 0.6 }, "geometry": { "type": "LineString", "coordinates": [ [ 77.2080356, 28.6396588 ], [ 77.2079346, 28.6395114 ], [ 77.2078904, 28.6394404 ], [ 77.2078265, 28.6393612 ], [ 77.2077869, 28.639283 ], [ 77.2077432, 28.6392071 ], [ 77.2077037, 28.6391124 ], [ 77.2076963, 28.6390264 ], [ 77.2077097, 28.6389329 ], [ 77.2078845, 28.6384696 ], [ 77.2078918, 28.6383928 ], [ 77.2078938, 28.6382983 ], [ 77.2078621, 28.6381692 ], [ 77.2076585, 28.6378871 ], [ 77.2075275, 28.6377056 ], [ 77.2070615, 28.6370637 ], [ 77.2065094, 28.6362961 ], [ 77.2062588, 28.6359477 ], [ 77.2058015, 28.6353721 ], [ 77.2056914, 28.6351277 ], [ 77.2056248, 28.634748 ], [ 77.2055854, 28.6343064 ], [ 77.2056001, 28.6341805 ], [ 77.2056365, 28.6339965 ] ] } },
{ "type": "Feature", "properties": { "name": "Jain Mandir Marg", "highway": "residential", "slope_pct": 0.6 }, "geometry": { "type": "LineString", "coordinates": [ [ 77.2156013, 28.6320191 ], [ 77.2154844, 28.6320315 ], [ 77.2146322, 28.63207 ], [ 77.2141041, 28.6321031 ], [ 77.2136103, 28.6321402 ], [ 77.2132927, 28.6321715 ], [ 77.2131763, 28.6322203 ], [ 77.2130758, 28.6323071 ], [ 77.2129828, 28.6324485 ], [ 77.2129494, 28.6324993 ], [ 77.212823, 28.6327368 ], [ 77.2127584, 28.6328452 ], [ 77.2127254, 28.6329552 ], [ 77.2127246, 28.6330544 ], [ 77.2127429, 28.6331686 ], [ 77.2127579, 28.6332621 ] ] } },
{ "type": "Feature", "properties": { "name": "Arterial Link", "highway": "residential", "slope_pct": 0.6 }, "geometry": { "type": "LineString", "coordinates": [ [ 77.2084735, 28.6410574 ], [ 77.2079248, 28.6413567 ], [ 77.2076603, 28.641501 ], [ 77.2075875, 28.6415407 ], [ 77.2073303, 28.641681 ], [ 77.2070623, 28.6418272 ], [ 77.2068568, 28.6419393 ], [ 77.2067422, 28.6420076 ], [ 77.2061518, 28.6423239 ] ] } },
{ "type": "Feature", "properties": { "name": "Panchkuian Road", "highway": "secondary", "slope_pct": 0.6 }, "geometry": { "type": "LineString", "coordinates": [ [ 77.2088992, 28.639169 ], [ 77.2098386, 28.638627 ], [ 77.2109513, 28.6379895 ], [ 77.2114376, 28.6377108 ], [ 77.2115246, 28.637661 ], [ 77.2116232, 28.6376045 ], [ 77.2117214, 28.6375484 ], [ 77.2137395, 28.6363948 ], [ 77.2138972, 28.6363046 ], [ 77.2142417, 28.636105 ], [ 77.2170018, 28.6345059 ], [ 77.2170779, 28.6344607 ], [ 77.2171312, 28.6344291 ] ] } },
{ "type": "Feature", "properties": { "name": "Ramakrishna Ashram Marg", "highway": "tertiary", "slope_pct": 0.6 }, "geometry": { "type": "LineString", "coordinates": [ [ 77.2054873, 28.6339823 ], [ 77.2054741, 28.634257 ], [ 77.2054739, 28.6347032 ], [ 77.2054739, 28.6347419 ], [ 77.2055306, 28.6351111 ], [ 77.2056157, 28.6353643 ], [ 77.2059365, 28.6357911 ], [ 77.2063255, 28.6363087 ], [ 77.2069434, 28.6371307 ], [ 77.2073365, 28.6377302 ], [ 77.207697, 28.6382118 ], [ 77.2077489, 28.6383445 ], [ 77.2077613, 28.6384676 ], [ 77.2075864, 28.6389958 ], [ 77.2075766, 28.639094 ], [ 77.2075884, 28.6391991 ], [ 77.2076259, 28.6392814 ] ] } },
{ "type": "Feature", "properties": { "name": "Arterial Link", "highway": "residential", "slope_pct": 0.6 }, "geometry": { "type": "LineString", "coordinates": [ [ 77.2113023, 28.6411049 ], [ 77.2109042, 28.642833 ] ] } },
{ "type": "Feature", "properties": { "name": "Arterial Link", "highway": "residential", "slope_pct": 0.6 }, "geometry": { "type": "LineString", "coordinates": [ [ 77.2097497, 28.6408206 ], [ 77.2096399, 28.6414636 ], [ 77.2093697, 28.6425984 ] ] } },
{ "type": "Feature", "properties": { "name": "Arterial Link", "highway": "residential", "slope_pct": 0.6 }, "geometry": { "type": "LineString", "coordinates": [ [ 77.2101863, 28.6409149 ], [ 77.2098256, 28.6426672 ] ] } },
{ "type": "Feature", "properties": { "name": "Panchkuian Road", "highway": "secondary", "slope_pct": 0.6 }, "geometry": { "type": "LineString", "coordinates": [ [ 77.2170406, 28.6343031 ], [ 77.2168596, 28.634322 ], [ 77.2158058, 28.6349454 ], [ 77.2145241, 28.6356958 ], [ 77.2144632, 28.6357313 ], [ 77.2116287, 28.6373829 ], [ 77.2116086, 28.6373946 ], [ 77.2115075, 28.6374535 ], [ 77.2113219, 28.6375602 ], [ 77.2086072, 28.6391215 ], [ 77.2082904, 28.6393037 ], [ 77.2079346, 28.6395114 ], [ 77.20782, 28.6395687 ], [ 77.2076279, 28.6397089 ] ] } },
{ "type": "Feature", "properties": { "name": "Arterial Link", "highway": "residential", "slope_pct": 0.6 }, "geometry": { "type": "LineString", "coordinates": [ [ 77.2063255, 28.6363087 ], [ 77.2061755, 28.636404 ], [ 77.2059542, 28.6365605 ], [ 77.2057731, 28.6366806 ], [ 77.2056162, 28.6367971 ], [ 77.2054258, 28.6369372 ], [ 77.2052287, 28.6370808 ], [ 77.2050878, 28.6371432 ], [ 77.2049711, 28.6371149 ], [ 77.2047794, 28.6370031 ], [ 77.2046131, 28.6368242 ], [ 77.2045085, 28.6366594 ], [ 77.2045045, 28.6366141 ], [ 77.2045274, 28.6365652 ], [ 77.2050022, 28.6363044 ], [ 77.2055932, 28.6359797 ], [ 77.2057851, 28.6358743 ], [ 77.2059365, 28.6357911 ] ] } },
{ "type": "Feature", "properties": { "name": "Shaheed Matbar Singh Negi Marg", "highway": "tertiary", "slope_pct": 0.6 }, "geometry": { "type": "LineString", "coordinates": [ [ 77.2047649, 28.6383489 ], [ 77.2032959, 28.6364148 ], [ 77.2032787, 28.6363522 ], [ 77.2032853, 28.6362782 ], [ 77.2036018, 28.6356498 ], [ 77.2036503, 28.6355389 ], [ 77.2036529, 28.6354906 ], [ 77.2036369, 28.63544 ], [ 77.2035717, 28.6353396 ], [ 77.2034322, 28.6351249 ], [ 77.2034151, 28.6350986 ], [ 77.2033984, 28.6350729 ] ] } },
{ "type": "Feature", "properties": { "name": "Doctor Lane", "highway": "residential", "slope_pct": 0.6 }, "geometry": { "type": "LineString", "coordinates": [ [ 77.2088301, 28.6338319 ], [ 77.2082242, 28.6342085 ], [ 77.2066733, 28.6343052 ], [ 77.2062512, 28.634336 ], [ 77.2059622, 28.6343571 ], [ 77.2059056, 28.6343709 ] ] } },
{ "type": "Feature", "properties": { "name": "Main Bazar Road", "highway": "tertiary", "slope_pct": 0.6 }, "geometry": { "type": "LineString", "coordinates": [ [ 77.2184547, 28.6418752 ], [ 77.2182268, 28.6418392 ], [ 77.2181178, 28.6418203 ], [ 77.21661, 28.6415745 ], [ 77.2162558, 28.6415219 ], [ 77.2157907, 28.6414496 ], [ 77.2157339, 28.6414373 ], [ 77.2155636, 28.641404 ], [ 77.2153277, 28.6413673 ], [ 77.2151812, 28.6413435 ], [ 77.2151093, 28.6413328 ], [ 77.2147921, 28.6412837 ], [ 77.2142663, 28.6411861 ], [ 77.2137121, 28.6411016 ], [ 77.2136769, 28.6410963 ], [ 77.2134834, 28.6410775 ], [ 77.2132657, 28.6410851 ], [ 77.2131911, 28.6410854 ], [ 77.212903, 28.6410705 ], [ 77.2127098, 28.6410398 ], [ 77.2124938, 28.6409572 ], [ 77.2123593, 28.640924 ], [ 77.2120076, 28.6408235 ], [ 77.2119315, 28.6408085 ], [ 77.2116673, 28.6407563 ], [ 77.2107854, 28.640635 ], [ 77.2105423, 28.6406012 ], [ 77.2098797, 28.6404972 ], [ 77.209791, 28.6404831 ], [ 77.209372, 28.6404143 ], [ 77.2092599, 28.6403957 ], [ 77.2084071, 28.6404094 ] ] } },
{ "type": "Feature", "properties": { "name": "Vallabacharya Marg", "highway": "tertiary", "slope_pct": 0.6 }, "geometry": { "type": "LineString", "coordinates": [ [ 77.2053421, 28.6411482 ], [ 77.2056716, 28.6416266 ], [ 77.2061518, 28.6423239 ], [ 77.2065782, 28.642943 ], [ 77.2068518, 28.6433403 ], [ 77.2068947, 28.6435292 ], [ 77.2069484, 28.643765 ], [ 77.2070557, 28.6442369 ], [ 77.2071126, 28.6444872 ], [ 77.2071463, 28.6446354 ], [ 77.2071622, 28.6447055 ], [ 77.2072356, 28.6450283 ] ] } },
{ "type": "Feature", "properties": { "name": "Doctor Lane", "highway": "residential", "slope_pct": 0.6 }, "geometry": { "type": "LineString", "coordinates": [ [ 77.2084605, 28.634587 ], [ 77.2084816, 28.6346513 ], [ 77.2084905, 28.6348343 ], [ 77.2084795, 28.6348785 ], [ 77.2084451, 28.63492 ], [ 77.2080681, 28.6351459 ], [ 77.2075157, 28.6354641 ], [ 77.2072081, 28.6356412 ], [ 77.2071639, 28.6356595 ], [ 77.2071183, 28.6356648 ], [ 77.2069714, 28.6356483 ], [ 77.2068071, 28.6356389 ] ] } },
{ "type": "Feature", "properties": { "name": "Arterial Link", "highway": "residential", "slope_pct": 0.6 }, "geometry": { "type": "LineString", "coordinates": [ [ 77.2105801, 28.637301 ], [ 77.2105193, 28.637255 ], [ 77.2102754, 28.636926 ], [ 77.2100388, 28.6366428 ], [ 77.2096247, 28.6361453 ], [ 77.2092578, 28.6357011 ], [ 77.2091398, 28.6355612 ], [ 77.2087254, 28.6349955 ], [ 77.2088741, 28.6348511 ], [ 77.2087868, 28.6346354 ], [ 77.2092274, 28.6343804 ] ] } },
{ "type": "Feature", "properties": { "name": "Arterial Link", "highway": "residential", "slope_pct": 0.6 }, "geometry": { "type": "LineString", "coordinates": [ [ 77.2069434, 28.6371307 ], [ 77.2070615, 28.6370637 ], [ 77.207623, 28.6367488 ], [ 77.2080881, 28.6364879 ] ] } },
{ "type": "Feature", "properties": { "name": "Arterial Link", "highway": "residential", "slope_pct": 0.6 }, "geometry": { "type": "LineString", "coordinates": [ [ 77.2075275, 28.6377056 ], [ 77.208086, 28.6373797 ], [ 77.2086205, 28.6370945 ] ] } },
{ "type": "Feature", "properties": { "name": "Panchkuian Road", "highway": "secondary", "slope_pct": 0.6 }, "geometry": { "type": "LineString", "coordinates": [ [ 77.2079363, 28.6397138 ], [ 77.2080356, 28.6396588 ], [ 77.2082355, 28.6395452 ] ] } },
{ "type": "Feature", "properties": { "name": "Peshwa Road", "highway": "tertiary", "slope_pct": 0.6 }, "geometry": { "type": "LineString", "coordinates": [ [ 77.2017427, 28.6359892 ], [ 77.2018833, 28.6359205 ] ] } },
{ "type": "Feature", "properties": { "name": "Mandir Marg", "highway": "tertiary", "slope_pct": 0.6 }, "geometry": { "type": "LineString", "coordinates": [ [ 77.2016814, 28.6358937 ], [ 77.2017046, 28.6359298 ], [ 77.2017341, 28.6359759 ], [ 77.2017427, 28.6359892 ] ] } },
{ "type": "Feature", "properties": { "name": "Shaheed Bhagat Singh Marg", "highway": "tertiary", "slope_pct": 0.6 }, "geometry": { "type": "LineString", "coordinates": [ [ 77.215682, 28.6330539 ], [ 77.2153832, 28.6330752 ], [ 77.2147323, 28.6331222 ], [ 77.2145354, 28.6331356 ], [ 77.2140507, 28.6331701 ], [ 77.2127579, 28.6332621 ], [ 77.2106486, 28.633376 ], [ 77.2098818, 28.6334156 ], [ 77.2096031, 28.6334335 ], [ 77.2090799, 28.6334518 ], [ 77.2086517, 28.6335117 ], [ 77.2085801, 28.6335138 ] ] } },
{ "type": "Feature", "properties": { "name": "Arya School Lane", "highway": "residential", "slope_pct": 0.6 }, "geometry": { "type": "LineString", "coordinates": [ [ 77.2129482, 28.6305163 ], [ 77.2133095, 28.630675 ], [ 77.2137867, 28.6308869 ], [ 77.2140058, 28.6309842 ], [ 77.2143196, 28.6311235 ], [ 77.2158251, 28.6317918 ] ] } },
{ "type": "Feature", "properties": { "name": "Arterial Link", "highway": "residential", "slope_pct": 0.6 }, "geometry": { "type": "LineString", "coordinates": [ [ 77.207063, 28.6331596 ], [ 77.2072099, 28.6331445 ], [ 77.2073803, 28.6331311 ], [ 77.2075322, 28.6331178 ], [ 77.2076957, 28.633106 ], [ 77.2078394, 28.6331024 ], [ 77.2080004, 28.6330929 ] ] } },
{ "type": "Feature", "properties": { "name": "Arterial Link", "highway": "residential", "slope_pct": 0.6 }, "geometry": { "type": "LineString", "coordinates": [ [ 77.2079602, 28.63249 ], [ 77.2080004, 28.6330929 ], [ 77.2080323, 28.6335717 ] ] } },
{ "type": "Feature", "properties": { "name": "Arterial Link", "highway": "residential", "slope_pct": 0.6 }, "geometry": { "type": "LineString", "coordinates": [ [ 77.2138802, 28.6396386 ], [ 77.2140201, 28.6393028 ], [ 77.2140413, 28.6392709 ], [ 77.2140705, 28.6392523 ], [ 77.2141172, 28.6392508 ], [ 77.2149811, 28.6394324 ], [ 77.2150635, 28.6394315 ] ] } },
{ "type": "Feature", "properties": { "name": "Arterial Link", "highway": "residential", "slope_pct": 0.6 }, "geometry": { "type": "LineString", "coordinates": [ [ 77.2091398, 28.6355612 ], [ 77.2089286, 28.6356709 ], [ 77.2080883, 28.636107 ] ] } },
{ "type": "Feature", "properties": { "name": "Chitragupta Road", "highway": "tertiary", "slope_pct": 0.6 }, "geometry": { "type": "LineString", "coordinates": [ [ 77.2096952, 28.6457241 ], [ 77.2096078, 28.6454248 ], [ 77.2094821, 28.6449409 ], [ 77.2093432, 28.6443873 ], [ 77.209238, 28.643899 ], [ 77.2090304, 28.6431038 ], [ 77.2089354, 28.6426464 ], [ 77.2087374, 28.6417716 ], [ 77.2085635, 28.6410402 ], [ 77.2084899, 28.6406968 ], [ 77.2084071, 28.6404094 ] ] } },
{ "type": "Feature", "properties": { "name": "Arterial Link", "highway": "residential", "slope_pct": 0.6 }, "geometry": { "type": "LineString", "coordinates": [ [ 77.2073288, 28.6372185 ], [ 77.2077826, 28.6369663 ], [ 77.2082606, 28.6366827 ], [ 77.2082984, 28.6366812 ], [ 77.2083132, 28.6366824 ], [ 77.208329, 28.6366903 ], [ 77.2085264, 28.6369478 ], [ 77.2086205, 28.6370945 ], [ 77.2091991, 28.637837 ] ] } },
{ "type": "Feature", "properties": { "name": "Arterial Link", "highway": "residential", "slope_pct": 0.6 }, "geometry": { "type": "LineString", "coordinates": [ [ 77.2080681, 28.6351459 ], [ 77.2077222, 28.6346676 ], [ 77.2077003, 28.6346587 ], [ 77.2076748, 28.6346619 ], [ 77.2071298, 28.6349166 ] ] } },
{ "type": "Feature", "properties": { "name": "Arterial Link", "highway": "residential", "slope_pct": 0.6 }, "geometry": { "type": "LineString", "coordinates": [ [ 77.2078338, 28.6379995 ], [ 77.208085, 28.6378614 ], [ 77.2083368, 28.6377281 ] ] } },
{ "type": "Feature", "properties": { "name": "Arterial Link", "highway": "residential", "slope_pct": 0.6 }, "geometry": { "type": "LineString", "coordinates": [ [ 77.2076585, 28.6378871 ], [ 77.2079785, 28.6376973 ], [ 77.2082157, 28.6375567 ] ] } },
{ "type": "Feature", "properties": { "name": "Arterial Link", "highway": "tertiary_link", "slope_pct": 0.6 }, "geometry": { "type": "LineString", "coordinates": [ [ 77.2076823, 28.6398541 ], [ 77.2077596, 28.6398444 ], [ 77.2079445, 28.6398333 ], [ 77.2079965, 28.6398477 ], [ 77.2080662, 28.6398859 ] ] } },
{ "type": "Feature", "properties": { "name": "Baird Lane", "highway": "residential", "slope_pct": 0.6 }, "geometry": { "type": "LineString", "coordinates": [ [ 77.2055004, 28.6326289 ], [ 77.2061098, 28.6326 ], [ 77.2068342, 28.6325352 ], [ 77.2068833, 28.6325357 ], [ 77.2070108, 28.632526 ], [ 77.2071608, 28.6325197 ], [ 77.2073247, 28.6325141 ], [ 77.2074935, 28.6325078 ], [ 77.2076482, 28.6325042 ], [ 77.2078147, 28.6324992 ], [ 77.2079602, 28.63249 ], [ 77.2084196, 28.632474 ], [ 77.2085003, 28.6324712 ] ] } },
{ "type": "Feature", "properties": { "name": "Arterial Link", "highway": "residential", "slope_pct": 0.6 }, "geometry": { "type": "LineString", "coordinates": [ [ 77.2067721, 28.6372328 ], [ 77.2064346, 28.6367639 ], [ 77.2061755, 28.636404 ], [ 77.2057851, 28.6358743 ], [ 77.2053895, 28.6353235 ], [ 77.2053227, 28.6350628 ], [ 77.2053086, 28.6348881 ], [ 77.2054739, 28.6347419 ] ] } },
{ "type": "Feature", "properties": { "name": "Arterial Link", "highway": "residential", "slope_pct": 0.6 }, "geometry": { "type": "LineString", "coordinates": [ [ 77.2107627, 28.6364401 ], [ 77.2105627, 28.6365548 ], [ 77.2103647, 28.6362806 ], [ 77.2097221, 28.6354414 ] ] } },
{ "type": "Feature", "properties": { "name": "Arterial Link", "highway": "residential", "slope_pct": 0.6 }, "geometry": { "type": "LineString", "coordinates": [ [ 77.2050022, 28.6363044 ], [ 77.2047866, 28.635977 ], [ 77.2047304, 28.6358917 ], [ 77.204698, 28.6356722 ], [ 77.2046526, 28.6353656 ], [ 77.204633, 28.6352331 ], [ 77.2046265, 28.6350643 ], [ 77.2046148, 28.6347633 ], [ 77.2046011, 28.6344101 ], [ 77.2045996, 28.6343726 ] ] } },
{ "type": "Feature", "properties": { "name": "Arterial Link", "highway": "residential", "slope_pct": 0.6 }, "geometry": { "type": "LineString", "coordinates": [ [ 77.2051791, 28.6347829 ], [ 77.2052274, 28.6349439 ], [ 77.2052417, 28.6351009 ], [ 77.2052837, 28.6352268 ], [ 77.2052917, 28.6353735 ], [ 77.2053624, 28.6354883 ], [ 77.2053645, 28.6355988 ], [ 77.2054182, 28.6356529 ], [ 77.2055932, 28.6359797 ] ] } },
{ "type": "Feature", "properties": { "name": "Arterial Link", "highway": "residential", "slope_pct": 0.6 }, "geometry": { "type": "LineString", "coordinates": [ [ 77.2047866, 28.635977 ], [ 77.2053645, 28.6355988 ] ] } },
{ "type": "Feature", "properties": { "name": "Arterial Link", "highway": "residential", "slope_pct": 0.6 }, "geometry": { "type": "LineString", "coordinates": [ [ 77.2081315, 28.6406953 ], [ 77.2077731, 28.6407499 ], [ 77.2076417, 28.6407785 ], [ 77.2075636, 28.6407955 ], [ 77.2071885, 28.640877 ], [ 77.2069667, 28.6409829 ] ] } },
{ "type": "Feature", "properties": { "name": "Arterial Link", "highway": "residential", "slope_pct": 0.6 }, "geometry": { "type": "LineString", "coordinates": [ [ 77.2078049, 28.641011 ], [ 77.2081322, 28.6409372 ], [ 77.2082033, 28.6409223 ] ] } },
{ "type": "Feature", "properties": { "name": "Arterial Link", "highway": "residential", "slope_pct": 0.6 }, "geometry": { "type": "LineString", "coordinates": [ [ 77.2076417, 28.6407785 ], [ 77.2076069, 28.6406167 ], [ 77.2076038, 28.6406047 ], [ 77.2080946, 28.6404941 ] ] } },
{ "type": "Feature", "properties": { "name": "Shaheed Bhagat Singh Marg", "highway": "tertiary", "slope_pct": 0.6 }, "geometry": { "type": "LineString", "coordinates": [ [ 77.2085801, 28.6335138 ], [ 77.2084952, 28.6335228 ], [ 77.2080323, 28.6335717 ], [ 77.2078716, 28.6335832 ], [ 77.2077197, 28.6335941 ], [ 77.2075767, 28.6336065 ], [ 77.2074085, 28.6336164 ], [ 77.2072497, 28.6336278 ], [ 77.2071026, 28.6336384 ], [ 77.2069336, 28.6336505 ], [ 77.206175, 28.6337049 ], [ 77.2058886, 28.6337254 ] ] } },
{ "type": "Feature", "properties": { "name": "Chitragupta Road", "highway": "tertiary", "slope_pct": 0.6 }, "geometry": { "type": "LineString", "coordinates": [ [ 77.2079363, 28.6397138 ], [ 77.2080662, 28.6398859 ], [ 77.2082179, 28.640087 ], [ 77.2082394, 28.6401381 ], [ 77.2082535, 28.6401858 ], [ 77.2082676, 28.6402382 ], [ 77.2083092, 28.640413 ] ] } },
{ "type": "Feature", "properties": { "name": "Arterial Link", "highway": "residential", "slope_pct": 0.6 }, "geometry": { "type": "LineString", "coordinates": [ [ 77.2084928, 28.6384735 ], [ 77.2086404, 28.6383938 ], [ 77.2086639, 28.6383685 ], [ 77.208676, 28.6383355 ], [ 77.2086753, 28.6383055 ], [ 77.2086592, 28.6382755 ], [ 77.2086345, 28.6382355 ], [ 77.2083368, 28.6377281 ], [ 77.2082157, 28.6375567 ], [ 77.208086, 28.6373797 ], [ 77.2080027, 28.6372662 ], [ 77.2077826, 28.6369663 ], [ 77.207623, 28.6367488 ] ] } },
{ "type": "Feature", "properties": { "name": "Arterial Link", "highway": "residential", "slope_pct": 0.6 }, "geometry": { "type": "LineString", "coordinates": [ [ 77.2025999, 28.6360864 ], [ 77.2025298, 28.6359772 ], [ 77.2025218, 28.6359254 ], [ 77.2025567, 28.6358689 ], [ 77.2027797, 28.6357526 ], [ 77.203435, 28.6354109 ], [ 77.2035717, 28.6353396 ] ] } },
{ "type": "Feature", "properties": { "name": "Mandir Marg", "highway": "tertiary", "slope_pct": 0.6 }, "geometry": { "type": "LineString", "coordinates": [ [ 77.2017427, 28.6359892 ], [ 77.2017639, 28.6360239 ], [ 77.2018325, 28.636136 ], [ 77.2026718, 28.637279 ], [ 77.2029495, 28.6377503 ], [ 77.2032941, 28.6383402 ], [ 77.2033308, 28.6384085 ], [ 77.2034062, 28.6385489 ], [ 77.2034775, 28.6386817 ], [ 77.2036753, 28.6389607 ], [ 77.2038872, 28.6392549 ], [ 77.2041866, 28.639667 ], [ 77.2042095, 28.6396986 ], [ 77.2044486, 28.6400265 ], [ 77.2046019, 28.6402373 ], [ 77.2046936, 28.6403633 ], [ 77.2049717, 28.6407467 ] ] } },
{ "type": "Feature", "properties": { "name": "Panchkuian Road", "highway": "secondary", "slope_pct": 0.6 }, "geometry": { "type": "LineString", "coordinates": [ [ 77.2076279, 28.6397089 ], [ 77.2070375, 28.6400336 ], [ 77.206524, 28.6403103 ], [ 77.2064343, 28.6403587 ], [ 77.206141, 28.6405168 ], [ 77.2060557, 28.6405628 ], [ 77.2052898, 28.6409715 ], [ 77.2052337, 28.6410017 ] ] } },
{ "type": "Feature", "properties": { "name": "Panchkuian Road", "highway": "secondary", "slope_pct": 0.6 }, "geometry": { "type": "LineString", "coordinates": [ [ 77.2054196, 28.6411042 ], [ 77.2066641, 28.6404166 ], [ 77.2076823, 28.6398541 ], [ 77.2079363, 28.6397138 ] ] } },
{ "type": "Feature", "properties": { "name": "Arterial Link", "highway": "residential", "slope_pct": 0.6 }, "geometry": { "type": "LineString", "coordinates": [ [ 77.202469, 28.6416334 ], [ 77.2030761, 28.6412799 ], [ 77.20354, 28.6410097 ], [ 77.2036047, 28.640971 ], [ 77.2045992, 28.640416 ], [ 77.2046936, 28.6403633 ] ] } },
{ "type": "Feature", "properties": { "name": "Ramakrishna Ashram Lane", "highway": "residential", "slope_pct": 0.6 }, "geometry": { "type": "LineString", "coordinates": [ [ 77.2069434, 28.6371307 ], [ 77.2067721, 28.6372328 ], [ 77.2065015, 28.6373939 ], [ 77.2059725, 28.6376839 ], [ 77.2056727, 28.6378483 ], [ 77.2049255, 28.6382606 ], [ 77.2047649, 28.6383489 ], [ 77.2044213, 28.6385492 ], [ 77.204047, 28.6387673 ], [ 77.2038684, 28.6388654 ], [ 77.2037832, 28.6389122 ] ] } },
{ "type": "Feature", "properties": { "name": "Arterial Link", "highway": "residential", "slope_pct": 0.6 }, "geometry": { "type": "LineString", "coordinates": [ [ 77.2038684, 28.6388654 ], [ 77.2039104, 28.6389209 ], [ 77.2039557, 28.6389807 ], [ 77.2040467, 28.639101 ], [ 77.2041467, 28.6392331 ], [ 77.2042896, 28.6394198 ], [ 77.2043931, 28.6395551 ], [ 77.2044842, 28.6396741 ], [ 77.2045695, 28.6397854 ], [ 77.2045896, 28.6397994 ], [ 77.2046101, 28.6398048 ], [ 77.2046325, 28.6398035 ], [ 77.2048608, 28.6396608 ], [ 77.2051215, 28.6395038 ], [ 77.2053721, 28.6393664 ] ] } },
{ "type": "Feature", "properties": { "name": "Arterial Link", "highway": "residential", "slope_pct": 0.6 }, "geometry": { "type": "LineString", "coordinates": [ [ 77.204296, 28.6396125 ], [ 77.2043342, 28.6395893 ], [ 77.2043931, 28.6395551 ], [ 77.2046671, 28.6393956 ], [ 77.2049303, 28.6392425 ], [ 77.2053701, 28.6389864 ] ] } },
{ "type": "Feature", "properties": { "name": "Arterial Link", "highway": "residential", "slope_pct": 0.6 }, "geometry": { "type": "LineString", "coordinates": [ [ 77.2041467, 28.6392331 ], [ 77.2044302, 28.6390714 ], [ 77.2046948, 28.6389208 ], [ 77.2051612, 28.6386551 ], [ 77.2051696, 28.6386414 ], [ 77.2051717, 28.638621 ], [ 77.2051008, 28.6385172 ], [ 77.2049993, 28.6383686 ], [ 77.2049758, 28.6383342 ], [ 77.2049255, 28.6382606 ] ] } },
{ "type": "Feature", "properties": { "name": "Arterial Link", "highway": "residential", "slope_pct": 0.6 }, "geometry": { "type": "LineString", "coordinates": [ [ 77.2048854, 28.6401101 ], [ 77.2055519, 28.6397254 ] ] } },
{ "type": "Feature", "properties": { "name": "Arterial Link", "highway": "residential", "slope_pct": 0.6 }, "geometry": { "type": "LineString", "coordinates": [ [ 77.2048198, 28.6403811 ], [ 77.205318, 28.640083 ], [ 77.2056329, 28.6398951 ], [ 77.2055519, 28.6397254 ], [ 77.2054407, 28.6393571 ] ] } },
{ "type": "Feature", "properties": { "name": "Arterial Link", "highway": "residential", "slope_pct": 0.6 }, "geometry": { "type": "LineString", "coordinates": [ [ 77.2056329, 28.6398951 ], [ 77.2056997, 28.6400052 ], [ 77.2056795, 28.6400251 ], [ 77.2057814, 28.6401835 ], [ 77.2060557, 28.6405628 ] ] } },
{ "type": "Feature", "properties": { "name": "Arterial Link", "highway": "tertiary", "slope_pct": 0.6 }, "geometry": { "type": "LineString", "coordinates": [ [ 77.2076259, 28.6392814 ], [ 77.2077724, 28.6395116 ], [ 77.20782, 28.6395687 ], [ 77.2079363, 28.6397138 ] ] } },
{ "type": "Feature", "properties": { "name": "Mandir Marg", "highway": "tertiary", "slope_pct": 0.6 }, "geometry": { "type": "LineString", "coordinates": [ [ 77.2049717, 28.6407467 ], [ 77.2050786, 28.6409071 ], [ 77.205123, 28.6409738 ], [ 77.2051648, 28.6410366 ], [ 77.2052862, 28.6411826 ] ] } },
{ "type": "Feature", "properties": { "name": "Panchkuian Road", "highway": "secondary", "slope_pct": 0.6 }, "geometry": { "type": "LineString", "coordinates": [ [ 77.2052337, 28.6410017 ], [ 77.2051648, 28.6410366 ], [ 77.2051433, 28.6410487 ], [ 77.204857, 28.641209 ] ] } },
{ "type": "Feature", "properties": { "name": "Arterial Link", "highway": "secondary_link", "slope_pct": 0.6 }, "geometry": { "type": "LineString", "coordinates": [ [ 77.2049717, 28.6407467 ], [ 77.2049978, 28.6408996 ] ] } },
{ "type": "Feature", "properties": { "name": "Arterial Link", "highway": "secondary_link", "slope_pct": 0.6 }, "geometry": { "type": "LineString", "coordinates": [ [ 77.2049978, 28.6408996 ], [ 77.2049983, 28.6409519 ], [ 77.2049984, 28.6409688 ], [ 77.2049839, 28.6410368 ], [ 77.2049546, 28.6411011 ], [ 77.2049118, 28.6411592 ], [ 77.204857, 28.641209 ] ] } },
{ "type": "Feature", "properties": { "name": "Arterial Link", "highway": "residential", "slope_pct": 0.6 }, "geometry": { "type": "LineString", "coordinates": [ [ 77.2069667, 28.6409829 ], [ 77.2068893, 28.6407831 ], [ 77.2068765, 28.6407761 ], [ 77.2068541, 28.6407778 ], [ 77.2062774, 28.6410921 ], [ 77.2061706, 28.641151 ], [ 77.2061597, 28.64117 ], [ 77.2061638, 28.6411962 ], [ 77.2062976, 28.6413389 ] ] } },
{ "type": "Feature", "properties": { "name": "Arterial Link", "highway": "residential", "slope_pct": 0.6 }, "geometry": { "type": "LineString", "coordinates": [ [ 77.2064346, 28.6367639 ], [ 77.2061956, 28.6369162 ], [ 77.2059596, 28.6369351 ], [ 77.2056726, 28.637008 ], [ 77.2053131, 28.637235 ], [ 77.2051683, 28.6373256 ], [ 77.2050985, 28.6373586 ], [ 77.2051442, 28.6374957 ], [ 77.2052347, 28.6376511 ], [ 77.2052595, 28.6376734 ], [ 77.2052977, 28.6376876 ], [ 77.2054888, 28.6376611 ], [ 77.2055277, 28.6376681 ], [ 77.2055532, 28.6376846 ], [ 77.2056727, 28.6378483 ] ] } },
{ "type": "Feature", "properties": { "name": "Ramakrishna Ashram Marg", "highway": "secondary", "slope_pct": 0.6 }, "geometry": { "type": "LineString", "coordinates": [ [ 77.2076259, 28.6392814 ], [ 77.2076102, 28.6395066 ], [ 77.2076279, 28.6397089 ] ] } },
{ "type": "Feature", "properties": { "name": "Arterial Link", "highway": "residential", "slope_pct": 0.6 }, "geometry": { "type": "LineString", "coordinates": [ [ 77.2069667, 28.6409829 ], [ 77.2068722, 28.6410355 ], [ 77.2062976, 28.6413389 ] ] } },
{ "type": "Feature", "properties": { "name": "Arterial Link", "highway": "residential", "slope_pct": 0.6 }, "geometry": { "type": "LineString", "coordinates": [ [ 77.2022029, 28.6363295 ], [ 77.2022527, 28.6362962 ], [ 77.2022966, 28.6362668 ], [ 77.2025382, 28.6361165 ], [ 77.2025999, 28.6360864 ], [ 77.20263, 28.6361195 ], [ 77.2027597, 28.6363019 ], [ 77.2028647, 28.6364495 ], [ 77.2029746, 28.636604 ], [ 77.2032787, 28.637037 ], [ 77.2033064, 28.6370486 ], [ 77.2033424, 28.6370433 ], [ 77.2035445, 28.6369293 ] ] } },
{ "type": "Feature", "properties": { "name": "Arterial Link", "highway": "residential", "slope_pct": 0.6 }, "geometry": { "type": "LineString", "coordinates": [ [ 77.2026002, 28.6368199 ], [ 77.2026319, 28.6368016 ], [ 77.2026822, 28.6367726 ], [ 77.2029746, 28.636604 ], [ 77.2030869, 28.6365393 ] ] } },
{ "type": "Feature", "properties": { "name": "Arterial Link", "highway": "residential", "slope_pct": 0.6 }, "geometry": { "type": "LineString", "coordinates": [ [ 77.2038997, 28.6385679 ], [ 77.2045329, 28.638213 ] ] } },
{ "type": "Feature", "properties": { "name": "Arterial Link", "highway": "residential", "slope_pct": 0.6 }, "geometry": { "type": "LineString", "coordinates": [ [ 77.2036587, 28.6380416 ], [ 77.2041469, 28.63774 ] ] } },
{ "type": "Feature", "properties": { "name": "Arterial Link", "highway": "residential", "slope_pct": 0.6 }, "geometry": { "type": "LineString", "coordinates": [ [ 77.2035489, 28.6379093 ], [ 77.204027, 28.6376093 ] ] } },
{ "type": "Feature", "properties": { "name": "Arterial Link", "highway": "residential", "slope_pct": 0.6 }, "geometry": { "type": "LineString", "coordinates": [ [ 77.2034389, 28.6377326 ], [ 77.2039063, 28.6374527 ] ] } },
{ "type": "Feature", "properties": { "name": "Arterial Link", "highway": "residential", "slope_pct": 0.6 }, "geometry": { "type": "LineString", "coordinates": [ [ 77.2033455, 28.6375824 ], [ 77.2037923, 28.6373127 ] ] } },
{ "type": "Feature", "properties": { "name": "Arterial Link", "highway": "residential", "slope_pct": 0.6 }, "geometry": { "type": "LineString", "coordinates": [ [ 77.2036265, 28.6381784 ], [ 77.2036787, 28.6381296 ], [ 77.2036921, 28.6381047 ], [ 77.2036947, 28.6380864 ], [ 77.2036858, 28.638069 ], [ 77.2036587, 28.6380416 ], [ 77.2036325, 28.6380176 ], [ 77.2035489, 28.6379093 ], [ 77.2034389, 28.6377326 ], [ 77.2033455, 28.6375824 ], [ 77.2032626, 28.6374492 ], [ 77.2032535, 28.6374265 ], [ 77.2032579, 28.6374127 ], [ 77.2032693, 28.6373986 ], [ 77.203677, 28.6371632 ] ] } },
{ "type": "Feature", "properties": { "name": "Arterial Link", "highway": "residential", "slope_pct": 0.6 }, "geometry": { "type": "LineString", "coordinates": [ [ 77.2042415, 28.6388131 ], [ 77.2044302, 28.6390714 ], [ 77.2046671, 28.6393956 ], [ 77.2048608, 28.6396608 ] ] } },
{ "type": "Feature", "properties": { "name": "Arterial Link", "highway": "residential", "slope_pct": 0.6 }, "geometry": { "type": "LineString", "coordinates": [ [ 77.2044213, 28.6385492 ], [ 77.2044686, 28.6386125 ], [ 77.2045035, 28.6386594 ], [ 77.2046948, 28.6389208 ], [ 77.2049303, 28.6392425 ], [ 77.2051215, 28.6395038 ] ] } },
{ "type": "Feature", "properties": { "name": "Arterial Link", "highway": "residential", "slope_pct": 0.6 }, "geometry": { "type": "LineString", "coordinates": [ [ 77.2065963, 28.6398735 ], [ 77.2064772, 28.6395861 ], [ 77.2064638, 28.6395396 ], [ 77.2064591, 28.6395043 ], [ 77.2064786, 28.6392595 ] ] } },
{ "type": "Feature", "properties": { "name": "Arterial Link", "highway": "residential", "slope_pct": 0.6 }, "geometry": { "type": "LineString", "coordinates": [ [ 77.2056795, 28.6400251 ], [ 77.2058117, 28.6400113 ], [ 77.2065319, 28.6398957 ], [ 77.2065805, 28.6398827 ], [ 77.2065963, 28.6398735 ], [ 77.2066382, 28.6398492 ], [ 77.2069828, 28.6395791 ] ] } },
{ "type": "Feature", "properties": { "name": "Arterial Link", "highway": "residential", "slope_pct": 0.6 }, "geometry": { "type": "LineString", "coordinates": [ [ 77.2056727, 28.6378483 ], [ 77.2057082, 28.6378993 ], [ 77.2059029, 28.638179 ], [ 77.2061767, 28.6385723 ] ] } },
{ "type": "Feature", "properties": { "name": "Arterial Link", "highway": "residential", "slope_pct": 0.6 }, "geometry": { "type": "LineString", "coordinates": [ [ 77.2059029, 28.638179 ], [ 77.2061962, 28.6380014 ] ] } },
{ "type": "Feature", "properties": { "name": "Arterial Link", "highway": "residential", "slope_pct": 0.6 }, "geometry": { "type": "LineString", "coordinates": [ [ 77.2063425, 28.6382091 ], [ 77.2061962, 28.6380014 ], [ 77.2060071, 28.6377331 ], [ 77.2059725, 28.6376839 ] ] } },
{ "type": "Feature", "properties": { "name": "Arterial Link", "highway": "residential", "slope_pct": 0.6 }, "geometry": { "type": "LineString", "coordinates": [ [ 77.2027597, 28.6363019 ], [ 77.202464, 28.6364864 ] ] } },
{ "type": "Feature", "properties": { "name": "Arterial Link", "highway": "residential", "slope_pct": 0.6 }, "geometry": { "type": "LineString", "coordinates": [ [ 77.2073303, 28.641681 ], [ 77.2072791, 28.6416208 ], [ 77.2071478, 28.6414664 ], [ 77.2070122, 28.6412706 ], [ 77.2068722, 28.6410355 ] ] } },
{ "type": "Feature", "properties": { "name": "Arterial Link", "highway": "residential", "slope_pct": 0.6 }, "geometry": { "type": "LineString", "coordinates": [ [ 77.2068893, 28.6407831 ], [ 77.2068278, 28.6406421 ], [ 77.2067746, 28.6405736 ], [ 77.2064045, 28.6407783 ], [ 77.205732, 28.6411456 ] ] } },
{ "type": "Feature", "properties": { "name": "Arterial Link", "highway": "residential", "slope_pct": 0.6 }, "geometry": { "type": "LineString", "coordinates": [ [ 77.2067746, 28.6405736 ], [ 77.2072311, 28.6403068 ] ] } },
{ "type": "Feature", "properties": { "name": "Arterial Link", "highway": "residential", "slope_pct": 0.6 }, "geometry": { "type": "LineString", "coordinates": [ [ 77.2079248, 28.6413567 ], [ 77.2078953, 28.6412715 ], [ 77.2078354, 28.6410987 ], [ 77.2078049, 28.641011 ] ] } },
{ "type": "Feature", "properties": { "name": "Arterial Link", "highway": "residential", "slope_pct": 0.6 }, "geometry": { "type": "LineString", "coordinates": [ [ 77.2078049, 28.641011 ], [ 77.2076651, 28.6410368 ], [ 77.2076374, 28.6410304 ], [ 77.207621, 28.6410106 ], [ 77.2075636, 28.6407955 ] ] } },
{ "type": "Feature", "properties": { "name": "Arterial Link", "highway": "residential", "slope_pct": 0.6 }, "geometry": { "type": "LineString", "coordinates": [ [ 77.2076038, 28.6406047 ], [ 77.2071932, 28.6406814 ], [ 77.2071698, 28.6406889 ] ] } },
{ "type": "Feature", "properties": { "name": "Arterial Link", "highway": "residential", "slope_pct": 0.6 }, "geometry": { "type": "LineString", "coordinates": [ [ 77.2078354, 28.6410987 ], [ 77.2075886, 28.6411491 ], [ 77.2074586, 28.6411806 ] ] } },
{ "type": "Feature", "properties": { "name": "Arterial Link", "highway": "residential", "slope_pct": 0.6 }, "geometry": { "type": "LineString", "coordinates": [ [ 77.2039557, 28.6389807 ], [ 77.2042415, 28.6388131 ], [ 77.2045035, 28.6386594 ], [ 77.2049993, 28.6383686 ] ] } },
{ "type": "Feature", "properties": { "name": "Arterial Link", "highway": "tertiary_link", "slope_pct": 0.6 }, "geometry": { "type": "LineString", "coordinates": [ [ 77.204296, 28.6396125 ], [ 77.2041866, 28.639667 ] ] } },
{ "type": "Feature", "properties": { "name": "Arterial Link", "highway": "residential", "slope_pct": 0.6 }, "geometry": { "type": "LineString", "coordinates": [ [ 77.2022966, 28.6362668 ], [ 77.202464, 28.6364864 ], [ 77.2026822, 28.6367726 ], [ 77.2028717, 28.6370212 ] ] } },
{ "type": "Feature", "properties": { "name": "Arterial Link", "highway": "residential", "slope_pct": 0.6 }, "geometry": { "type": "LineString", "coordinates": [ [ 77.2028647, 28.6364495 ], [ 77.2030738, 28.6363339 ] ] } },
{ "type": "Feature", "properties": { "name": "Arterial Link", "highway": "residential", "slope_pct": 0.6 }, "geometry": { "type": "LineString", "coordinates": [ [ 77.2067746, 28.6405736 ], [ 77.2067364, 28.6405174 ], [ 77.2066641, 28.6404166 ] ] } },
{ "type": "Feature", "properties": { "name": "Arterial Link", "highway": "residential", "slope_pct": 0.6 }, "geometry": { "type": "LineString", "coordinates": [ [ 77.2034331, 28.6382792 ], [ 77.2035155, 28.6382363 ], [ 77.2036265, 28.6381784 ] ] } },
{ "type": "Feature", "properties": { "name": "Arterial Link", "highway": "residential", "slope_pct": 0.6 }, "geometry": { "type": "LineString", "coordinates": [ [ 77.2040066, 28.6387126 ], [ 77.2038997, 28.6385679 ], [ 77.2036265, 28.6381784 ] ] } },
{ "type": "Feature", "properties": { "name": "Lakshmi Narayan Street", "highway": "residential", "slope_pct": 0.6 }, "geometry": { "type": "LineString", "coordinates": [ [ 77.2118419, 28.6412279 ], [ 77.2118147, 28.6411951 ], [ 77.2117682, 28.6411756 ], [ 77.2113023, 28.6411049 ], [ 77.2106816, 28.6409907 ], [ 77.2101863, 28.6409149 ], [ 77.2097497, 28.6408206 ], [ 77.2094618, 28.6407552 ], [ 77.2087776, 28.6406969 ] ] } },
{ "type": "Feature", "properties": { "name": "Arterial Link", "highway": "residential", "slope_pct": 0.6 }, "geometry": { "type": "LineString", "coordinates": [ [ 77.2106379, 28.6400908 ], [ 77.2100441, 28.6400104 ], [ 77.2099996, 28.6400263 ], [ 77.2099775, 28.6400587 ], [ 77.2098988, 28.6404115 ], [ 77.2098797, 28.6404972 ] ] } },
{ "type": "Feature", "properties": { "name": "Arterial Link", "highway": "residential", "slope_pct": 0.6 }, "geometry": { "type": "LineString", "coordinates": [ [ 77.2091289, 28.6422156 ], [ 77.209307, 28.6414241 ], [ 77.2094618, 28.6407552 ] ] } },
{ "type": "Feature", "properties": { "name": "Arterial Link", "highway": "residential", "slope_pct": 0.6 }, "geometry": { "type": "LineString", "coordinates": [ [ 77.2134999, 28.6413875 ], [ 77.2135345, 28.641337 ], [ 77.2135906, 28.6412662 ], [ 77.2136481, 28.6411812 ], [ 77.2136769, 28.6410963 ] ] } },
{ "type": "Feature", "properties": { "name": "Arterial Link", "highway": "residential", "slope_pct": 0.6 }, "geometry": { "type": "LineString", "coordinates": [ [ 77.2135975, 28.640835 ], [ 77.2136662, 28.6406872 ], [ 77.2136796, 28.6405855 ], [ 77.2134805, 28.6405766 ], [ 77.2132133, 28.6405565 ] ] } },
{ "type": "Feature", "properties": { "name": "Arterial Link", "highway": "residential", "slope_pct": 0.6 }, "geometry": { "type": "LineString", "coordinates": [ [ 77.2136796, 28.6405855 ], [ 77.2136961, 28.6404912 ], [ 77.213756, 28.6401828 ], [ 77.2137665, 28.6401679 ], [ 77.2137865, 28.6401616 ], [ 77.213972, 28.6401935 ], [ 77.2139907, 28.6401874 ], [ 77.2139981, 28.6401729 ], [ 77.2139991, 28.6401295 ], [ 77.2139927, 28.6400007 ], [ 77.2139759, 28.6398463 ], [ 77.2139619, 28.6397062 ], [ 77.2139662, 28.639656 ] ] } },
{ "type": "Feature", "properties": { "name": "Arterial Link", "highway": "residential", "slope_pct": 0.6 }, "geometry": { "type": "LineString", "coordinates": [ [ 77.2105801, 28.637301 ], [ 77.2106618, 28.637297 ], [ 77.2111703, 28.6369928 ] ] } },
{ "type": "Feature", "properties": { "name": "Ramdwara Road", "highway": "tertiary", "slope_pct": 0.6 }, "geometry": { "type": "LineString", "coordinates": [ [ 77.2137121, 28.6411016 ], [ 77.2136292, 28.6410159 ], [ 77.2135975, 28.640835 ], [ 77.2135483, 28.6407752 ], [ 77.2134152, 28.6407102 ], [ 77.2133286, 28.6406799 ], [ 77.2132804, 28.640634 ], [ 77.2132133, 28.6405565 ], [ 77.2131524, 28.6404655 ], [ 77.2131435, 28.6403745 ], [ 77.2131246, 28.6402548 ], [ 77.2131304, 28.6401317 ], [ 77.213169, 28.639811 ], [ 77.213148, 28.6396487 ], [ 77.2131038, 28.6395647 ], [ 77.212982, 28.6393946 ], [ 77.2125593, 28.6388371 ], [ 77.2117693, 28.6377953 ], [ 77.2116802, 28.6376789 ], [ 77.2116232, 28.6376045 ] ] } },
{ "type": "Feature", "properties": { "name": "Arterial Link", "highway": "residential", "slope_pct": 0.6 }, "geometry": { "type": "LineString", "coordinates": [ [ 77.2106379, 28.6400908 ], [ 77.21056, 28.6405065 ], [ 77.2105423, 28.6406012 ] ] } },
{ "type": "Feature", "properties": { "name": "Panchkuian Road", "highway": "secondary", "slope_pct": 0.6 }, "geometry": { "type": "LineString", "coordinates": [ [ 77.2082925, 28.6395128 ], [ 77.2086578, 28.6393058 ], [ 77.2088992, 28.639169 ] ] } },
{ "type": "Feature", "properties": { "name": "Basant Road", "highway": "residential", "slope_pct": 0.6 }, "geometry": { "type": "LineString", "coordinates": [ [ 77.2137395, 28.6363948 ], [ 77.2137849, 28.6364016 ], [ 77.2138453, 28.6364146 ], [ 77.2140997, 28.6364741 ] ] } },
{ "type": "Feature", "properties": { "name": "Arterial Link", "highway": "residential", "slope_pct": 0.6 }, "geometry": { "type": "LineString", "coordinates": [ [ 77.2138977, 28.6378811 ], [ 77.21349, 28.6373327 ] ] } },
{ "type": "Feature", "properties": { "name": "Arterial Link", "highway": "residential", "slope_pct": 0.6 }, "geometry": { "type": "LineString", "coordinates": [ [ 77.2080027, 28.6372662 ], [ 77.2085264, 28.6369478 ] ] } },
{ "type": "Feature", "properties": { "name": "Arterial Link", "highway": "residential", "slope_pct": 0.6 }, "geometry": { "type": "LineString", "coordinates": [ [ 77.2095108, 28.6374015 ], [ 77.2099721, 28.6380954 ] ] } },
{ "type": "Feature", "properties": { "name": "Arterial Link", "highway": "residential", "slope_pct": 0.6 }, "geometry": { "type": "LineString", "coordinates": [ [ 77.2086345, 28.6382355 ], [ 77.2088858, 28.6380883 ], [ 77.2088959, 28.6380804 ], [ 77.2089455, 28.6380133 ], [ 77.2089566, 28.6380001 ], [ 77.208971, 28.6379892 ], [ 77.2091259, 28.6379 ], [ 77.2091554, 28.6378777 ], [ 77.2091991, 28.637837 ], [ 77.2093619, 28.6376858 ], [ 77.2093738, 28.6376726 ], [ 77.2093847, 28.6376575 ], [ 77.2095108, 28.6374015 ], [ 77.2095309, 28.6373733 ], [ 77.2095571, 28.6373521 ], [ 77.2102754, 28.636926 ] ] } },
{ "type": "Feature", "properties": { "name": "Arterial Link", "highway": "residential", "slope_pct": 0.6 }, "geometry": { "type": "LineString", "coordinates": [ [ 77.2079785, 28.6376973 ], [ 77.208085, 28.6378614 ], [ 77.2081375, 28.6379424 ] ] } },
{ "type": "Feature", "properties": { "name": "Arterial Link", "highway": "residential", "slope_pct": 0.6 }, "geometry": { "type": "LineString", "coordinates": [ [ 77.2136559, 28.6387573 ], [ 77.2133468, 28.6383494 ] ] } },
{ "type": "Feature", "properties": { "name": "Arterial Link", "highway": "residential", "slope_pct": 0.6 }, "geometry": { "type": "LineString", "coordinates": [ [ 77.2138695, 28.6386311 ], [ 77.2135657, 28.6382124 ] ] } },
{ "type": "Feature", "properties": { "name": "Arterial Link", "highway": "residential", "slope_pct": 0.6 }, "geometry": { "type": "LineString", "coordinates": [ [ 77.2143827, 28.6383448 ], [ 77.2139763, 28.6378358 ] ] } },
{ "type": "Feature", "properties": { "name": "Arterial Link", "highway": "tertiary_link", "slope_pct": 0.6 }, "geometry": { "type": "LineString", "coordinates": [ [ 77.2082082, 28.6399137 ], [ 77.2081879, 28.6397168 ], [ 77.2081904, 28.6396722 ], [ 77.2082355, 28.6395452 ] ] } },
{ "type": "Feature", "properties": { "name": "Arterial Link", "highway": "residential", "slope_pct": 0.6 }, "geometry": { "type": "LineString", "coordinates": [ [ 77.2137168, 28.6372002 ], [ 77.2134228, 28.6367902 ], [ 77.2121567, 28.6375539 ] ] } },
{ "type": "Feature", "properties": { "name": "Arterial Link", "highway": "residential", "slope_pct": 0.6 }, "geometry": { "type": "LineString", "coordinates": [ [ 77.2119315, 28.6408085 ], [ 77.2119656, 28.6406843 ], [ 77.2119933, 28.6406547 ], [ 77.2121831, 28.6406665 ] ] } },
{ "type": "Feature", "properties": { "name": "Lakshmi Narayan Street", "highway": "residential", "slope_pct": 0.6 }, "geometry": { "type": "LineString", "coordinates": [ [ 77.2087776, 28.6406969 ], [ 77.2084899, 28.6406968 ] ] } },
{ "type": "Feature", "properties": { "name": "Arterial Link", "highway": "residential", "slope_pct": 0.6 }, "geometry": { "type": "LineString", "coordinates": [ [ 77.2136961, 28.6404912 ], [ 77.2142534, 28.640586 ] ] } },
{ "type": "Feature", "properties": { "name": "Main Bazar Road", "highway": "tertiary", "slope_pct": 0.6 }, "geometry": { "type": "LineString", "coordinates": [ [ 77.2084071, 28.6404094 ], [ 77.2083092, 28.640413 ] ] } },
{ "type": "Feature", "properties": { "name": "Chitragupta Road", "highway": "tertiary", "slope_pct": 0.6 }, "geometry": { "type": "LineString", "coordinates": [ [ 77.2084071, 28.6404094 ], [ 77.2083575, 28.6402204 ], [ 77.2083429, 28.6401664 ], [ 77.2083274, 28.6401139 ], [ 77.2083006, 28.6400501 ], [ 77.2082082, 28.6399137 ] ] } },
{ "type": "Feature", "properties": { "name": "Chitragupta Road", "highway": "tertiary", "slope_pct": 0.6 }, "geometry": { "type": "LineString", "coordinates": [ [ 77.2083092, 28.640413 ], [ 77.2083796, 28.6407147 ] ] } },
{ "type": "Feature", "properties": { "name": "Arterial Link", "highway": "residential", "slope_pct": 0.6 }, "geometry": { "type": "LineString", "coordinates": [ [ 77.2083796, 28.6407147 ], [ 77.2084899, 28.6406968 ] ] } },
{ "type": "Feature", "properties": { "name": "Panchkuian Road", "highway": "secondary", "slope_pct": 0.6 }, "geometry": { "type": "LineString", "coordinates": [ [ 77.2082355, 28.6395452 ], [ 77.2082925, 28.6395128 ] ] } },
{ "type": "Feature", "properties": { "name": "Chitragupta Road", "highway": "tertiary", "slope_pct": 0.6 }, "geometry": { "type": "LineString", "coordinates": [ [ 77.2082082, 28.6399137 ], [ 77.2080356, 28.6396588 ] ] } },
{ "type": "Feature", "properties": { "name": "Arterial Link", "highway": "residential", "slope_pct": 0.6 }, "geometry": { "type": "LineString", "coordinates": [ [ 77.2098988, 28.6404115 ], [ 77.21056, 28.6405065 ] ] } }
]
}
