{
"type": "FeatureCollection",
"name": "roads_28.524_77.156",
"crs": { "type": "name", "properties": { "name": "urn:ogc:def:crs:OGC:1.3:CRS84" } },
"features": [
{ "type": "Feature", "properties": { "name": "Urban Arterial", "highway": "residential", "slope_pct": 0.6 }, "geometry": { "type": "LineString", "coordinates": [ [ 77.1333852, 28.5206017 ], [ 77.1338416, 28.5205549 ], [ 77.1344988, 28.5205455 ], [ 77.1355583, 28.5205647 ], [ 77.1358345, 28.5205641 ], [ 77.1368457, 28.5205361 ], [ 77.1378879, 28.5205278 ], [ 77.1379609, 28.5205256 ], [ 77.1381566, 28.5205196 ], [ 77.1385442, 28.5205213 ], [ 77.1390497, 28.5205063 ], [ 77.1396444, 28.5204886 ], [ 77.1397908, 28.5204843 ], [ 77.1414108, 28.5204512 ], [ 77.1421216, 28.5204598 ], [ 77.142589, 28.5204583 ], [ 77.1427093, 28.5204575 ], [ 77.1446288, 28.5204399 ], [ 77.1448542, 28.5204335 ], [ 77.1452205, 28.5204289 ], [ 77.1456902, 28.5204322 ], [ 77.1458599, 28.5204334 ], [ 77.1460457, 28.5204392 ], [ 77.1462911, 28.5204412 ], [ 77.1464308, 28.5204394 ], [ 77.1465679, 28.5204308 ], [ 77.1467597, 28.5203801 ], [ 77.146903, 28.5203227 ], [ 77.1470411, 28.5202467 ], [ 77.1473597, 28.5200031 ], [ 77.1476317, 28.5197996 ], [ 77.1477536, 28.519727 ], [ 77.1478124, 28.519692 ], [ 77.1479565, 28.5196341 ], [ 77.1481261, 28.5195829 ], [ 77.1484745, 28.5195091 ], [ 77.1486185, 28.5194863 ], [ 77.1488127, 28.5194555 ], [ 77.1493921, 28.5193386 ], [ 77.1495106, 28.5193147 ], [ 77.1500662, 28.5191771 ], [ 77.1501018, 28.5191724 ], [ 77.1502117, 28.5191579 ], [ 77.1503616, 28.5191463 ], [ 77.1504119, 28.5191479 ], [ 77.150766, 28.5191594 ], [ 77.1513202, 28.5191609 ], [ 77.1513903, 28.5191596 ], [ 77.1514885, 28.519158 ], [ 77.1521139, 28.519146 ], [ 77.1521592, 28.5191452 ], [ 77.1526074, 28.5191399 ], [ 77.1532995, 28.5191234 ], [ 77.1535626, 28.5191171 ], [ 77.154233, 28.5191117 ], [ 77.1543754, 28.5191093 ], [ 77.1551472, 28.5190942 ], [ 77.155369, 28.5190949 ], [ 77.1555345, 28.5190988 ], [ 77.1555743, 28.5190998 ], [ 77.1556164, 28.5191008 ], [ 77.1557094, 28.5191031 ], [ 77.155746, 28.519104 ], [ 77.1557802, 28.5191048 ], [ 77.1558289, 28.5191082 ], [ 77.155873, 28.5191112 ], [ 77.1560284, 28.5191275 ], [ 77.1561523, 28.5191474 ], [ 77.1565279, 28.5192283 ], [ 77.1566375, 28.5192483 ], [ 77.1567441, 28.5192549 ], [ 77.1568215, 28.5192525 ], [ 77.156908, 28.5192447 ], [ 77.1570357, 28.5192232 ], [ 77.1570973, 28.5192129 ], [ 77.1576051, 28.5191088 ], [ 77.157837, 28.5190538 ], [ 77.1579238, 28.5190387 ], [ 77.1580254, 28.519027 ], [ 77.1580949, 28.5190234 ], [ 77.1583336, 28.5190109 ], [ 77.1584401, 28.5190066 ], [ 77.1585497, 28.5189917 ], [ 77.1586471, 28.5189728 ], [ 77.1587522, 28.5189498 ], [ 77.1589881, 28.5188777 ], [ 77.1592088, 28.5187936 ], [ 77.1594066, 28.5187077 ], [ 77.1596301, 28.518615 ] ] } },
{ "type": "Feature", "properties": { "name": "Church Mall Road", "highway": "tertiary", "slope_pct": 0.6 }, "geometry": { "type": "LineString", "coordinates": [ [ 77.1580788, 28.5054858 ], [ 77.1581329, 28.5067384 ], [ 77.1581418, 28.507196 ], [ 77.1581519, 28.5076485 ], [ 77.1581686, 28.5081971 ], [ 77.1581788, 28.5086225 ], [ 77.15818, 28.5086723 ], [ 77.1581979, 28.5091981 ], [ 77.1581931, 28.5092963 ], [ 77.1581933, 28.5094111 ], [ 77.1581925, 28.5102115 ], [ 77.1581923, 28.5103931 ], [ 77.1581854, 28.5106142 ], [ 77.1581916, 28.510782 ], [ 77.1581956, 28.5110119 ], [ 77.1582015, 28.5113578 ], [ 77.1582068, 28.5115846 ], [ 77.1582042, 28.5120884 ], [ 77.1582323, 28.5128355 ], [ 77.1582457, 28.5132297 ], [ 77.1582602, 28.5138059 ], [ 77.1582706, 28.5139555 ] ] } },
{ "type": "Feature", "properties": { "name": "Abdul Gaffar Khan Marg", "highway": "primary", "slope_pct": 0.6 }, "geometry": { "type": "LineString", "coordinates": [ [ 77.1757474, 28.5079651 ], [ 77.1753767, 28.5080158 ], [ 77.1751413, 28.5080514 ], [ 77.1747186, 28.508133 ], [ 77.1745251, 28.5082093 ], [ 77.1743493, 28.5083048 ], [ 77.1740332, 28.5085929 ], [ 77.1739364, 28.5086964 ], [ 77.173883, 28.5087411 ], [ 77.1736481, 28.5089123 ], [ 77.1733103, 28.5090737 ], [ 77.1731147, 28.5091555 ], [ 77.1725755, 28.509381 ], [ 77.1718486, 28.5096517 ], [ 77.1708421, 28.5101141 ], [ 77.1705827, 28.5102017 ], [ 77.1702544, 28.5102913 ], [ 77.1700828, 28.5103251 ], [ 77.1699402, 28.510349 ], [ 77.1694751, 28.5104038 ], [ 77.1693715, 28.510416 ], [ 77.1684499, 28.5105245 ], [ 77.1681719, 28.5105736 ], [ 77.1679373, 28.5106497 ], [ 77.1679061, 28.5106631 ], [ 77.1677848, 28.5107153 ], [ 77.1676719, 28.5107638 ], [ 77.1674233, 28.5109037 ], [ 77.1672138, 28.5110191 ], [ 77.167138, 28.5110701 ], [ 77.1670588, 28.5111185 ], [ 77.1669191, 28.51124 ], [ 77.1665022, 28.5117702 ], [ 77.1658502, 28.5125885 ], [ 77.1651057, 28.5135015 ], [ 77.1649483, 28.5136835 ], [ 77.1648799, 28.513765 ] ] } },
{ "type": "Feature", "properties": { "name": "Abdul Gaffar Khan Marg", "highway": "primary", "slope_pct": 0.6 }, "geometry": { "type": "LineString", "coordinates": [ [ 77.1624165, 28.5161252 ], [ 77.1626522, 28.5159262 ], [ 77.1629878, 28.5156356 ], [ 77.1634068, 28.5152972 ], [ 77.1637386, 28.5150338 ], [ 77.1641242, 28.5146955 ], [ 77.1643477, 28.5144785 ], [ 77.1646175, 28.5142313 ], [ 77.1648527, 28.5140021 ], [ 77.1649614, 28.5138859 ], [ 77.1650904, 28.5137304 ], [ 77.1657427, 28.5129011 ], [ 77.1658046, 28.512825 ], [ 77.1664562, 28.5120191 ], [ 77.166743, 28.5116901 ], [ 77.1670488, 28.5113912 ], [ 77.1671781, 28.5112877 ], [ 77.1673232, 28.5111921 ], [ 77.1674392, 28.5111255 ], [ 77.1676187, 28.5110226 ], [ 77.1677709, 28.510945 ], [ 77.1678906, 28.510884 ], [ 77.1679972, 28.5108348 ], [ 77.1681591, 28.5107626 ], [ 77.1683583, 28.5106958 ], [ 77.1687187, 28.5106065 ], [ 77.1692886, 28.5105312 ], [ 77.1694069, 28.5105122 ], [ 77.1697777, 28.5104732 ], [ 77.1699048, 28.5104551 ], [ 77.1702345, 28.5104006 ], [ 77.1705268, 28.5102987 ], [ 77.1708452, 28.5101967 ], [ 77.1717638, 28.5097804 ], [ 77.1718526, 28.5097402 ], [ 77.172852, 28.5093619 ], [ 77.1735592, 28.5090512 ], [ 77.1737982, 28.5089036 ], [ 77.1739661, 28.5087787 ], [ 77.1742426, 28.5085096 ], [ 77.174454, 28.5083326 ], [ 77.1746545, 28.5082359 ], [ 77.1752421, 28.508126 ], [ 77.1758798, 28.5080474 ] ] } },
{ "type": "Feature", "properties": { "name": "Urban Arterial", "highway": "living_street", "slope_pct": 0.6 }, "geometry": { "type": "LineString", "coordinates": [ [ 77.1456285, 28.5149071 ], [ 77.1456608, 28.5155162 ] ] } },
{ "type": "Feature", "properties": { "name": "Urban Arterial", "highway": "living_street", "slope_pct": 0.6 }, "geometry": { "type": "LineString", "coordinates": [ [ 77.1464253, 28.5144258 ], [ 77.1459035, 28.5144292 ] ] } },
{ "type": "Feature", "properties": { "name": "Urban Arterial", "highway": "residential", "slope_pct": 0.6 }, "geometry": { "type": "LineString", "coordinates": [ [ 77.1458405, 28.5131967 ], [ 77.1458482, 28.5132125 ], [ 77.1458528, 28.5132333 ], [ 77.1458649, 28.5133579 ], [ 77.1458841, 28.513598 ], [ 77.1458993, 28.5138195 ], [ 77.1458975, 28.5139064 ], [ 77.1458982, 28.5140909 ], [ 77.1459009, 28.5143567 ], [ 77.1459035, 28.5144292 ], [ 77.1459137, 28.514716 ], [ 77.1459133, 28.5149077 ] ] } },
{ "type": "Feature", "properties": { "name": "Urban Arterial", "highway": "living_street", "slope_pct": 0.6 }, "geometry": { "type": "LineString", "coordinates": [ [ 77.1471666, 28.5143827 ], [ 77.1472, 28.5148842 ] ] } },
{ "type": "Feature", "properties": { "name": "Urban Arterial", "highway": "living_street", "slope_pct": 0.6 }, "geometry": { "type": "LineString", "coordinates": [ [ 77.1478488, 28.5116898 ], [ 77.1479038, 28.5126063 ], [ 77.1479085, 28.5127578 ], [ 77.1479031, 28.5131997 ], [ 77.1479014, 28.5132868 ], [ 77.1479272, 28.5135909 ], [ 77.1479336, 28.5140339 ], [ 77.1479647, 28.5148624 ] ] } },
{ "type": "Feature", "properties": { "name": "Urban Arterial", "highway": "residential", "slope_pct": 0.6 }, "geometry": { "type": "LineString", "coordinates": [ [ 77.1486034, 28.5131937 ], [ 77.1485925, 28.5138351 ], [ 77.1485947, 28.5139541 ], [ 77.1486017, 28.5141458 ], [ 77.1486254, 28.5146513 ], [ 77.1486314, 28.5147786 ], [ 77.1486332, 28.5148517 ] ] } },
{ "type": "Feature", "properties": { "name": "Urban Arterial", "highway": "residential", "slope_pct": 0.6 }, "geometry": { "type": "LineString", "coordinates": [ [ 77.1451443, 28.5251506 ], [ 77.1450522, 28.5247805 ], [ 77.1449291, 28.5242863 ], [ 77.1448501, 28.5239688 ], [ 77.1448312, 28.5238981 ], [ 77.1448071, 28.5238364 ], [ 77.1447756, 28.5237951 ], [ 77.1447441, 28.5237606 ], [ 77.1446635, 28.5237021 ], [ 77.1446093, 28.5236733 ], [ 77.1445449, 28.523649 ], [ 77.1444315, 28.5236256 ], [ 77.1444047, 28.5236239 ], [ 77.1443707, 28.5236218 ], [ 77.1443623, 28.5236225 ], [ 77.1443098, 28.523627 ], [ 77.1438702, 28.5237041 ], [ 77.1434985, 28.5237916 ], [ 77.1433921, 28.5238288 ], [ 77.1432929, 28.5238926 ], [ 77.1432189, 28.5239509 ], [ 77.1431301, 28.5240384 ], [ 77.142972, 28.5242069 ], [ 77.1428697, 28.5243574 ], [ 77.1428146, 28.5244693 ], [ 77.1427892, 28.5245505 ], [ 77.1427693, 28.5246387 ], [ 77.1427645, 28.5247167 ], [ 77.142769, 28.5247585 ], [ 77.1427812, 28.5248025 ], [ 77.1428155, 28.5248887 ], [ 77.1428517, 28.5249592 ], [ 77.142895, 28.5250447 ], [ 77.1429208, 28.5251013 ], [ 77.1429466, 28.5251669 ], [ 77.1429551, 28.5252045 ], [ 77.142968, 28.5252619 ], [ 77.1429881, 28.5253968 ], [ 77.1430194, 28.5255235 ], [ 77.1430542, 28.5256217 ], [ 77.1431033, 28.5257278 ], [ 77.143156, 28.5258561 ], [ 77.1432066, 28.5260091 ], [ 77.1432674, 28.5261907 ], [ 77.1433064, 28.5263145 ], [ 77.1433546, 28.5264382 ], [ 77.1433921, 28.5265259 ] ] } },
{ "type": "Feature", "properties": { "name": "Urban Arterial", "highway": "residential", "slope_pct": 0.6 }, "geometry": { "type": "LineString", "coordinates": [ [ 77.1507547, 28.5242129 ], [ 77.1506742, 28.5240323 ], [ 77.1504682, 28.5235523 ], [ 77.1502665, 28.5231045 ], [ 77.1502419, 28.5230558 ], [ 77.1502143, 28.5230244 ], [ 77.150174, 28.5230106 ], [ 77.1501205, 28.5230102 ], [ 77.1500445, 28.5230176 ], [ 77.1498281, 28.5230398 ], [ 77.1497051, 28.5230527 ], [ 77.1495856, 28.5230757 ], [ 77.1494773, 28.5231005 ], [ 77.1490902, 28.5232146 ], [ 77.1490045, 28.5232343 ], [ 77.1489095, 28.5232408 ], [ 77.148746, 28.5232264 ], [ 77.1486539, 28.5232307 ], [ 77.1485557, 28.5232359 ], [ 77.1478954, 28.5233152 ], [ 77.147861, 28.5233216 ], [ 77.1478053, 28.5233365 ], [ 77.1477281, 28.5233596 ], [ 77.1476399, 28.5233909 ], [ 77.1475603, 28.5234221 ], [ 77.146783, 28.5237118 ], [ 77.1467602, 28.5237202 ], [ 77.1465424, 28.5238014 ], [ 77.1465011, 28.5238266 ], [ 77.1464726, 28.5238607 ] ] } },
{ "type": "Feature", "properties": { "name": "Urban Arterial", "highway": "tertiary", "slope_pct": 0.6 }, "geometry": { "type": "LineString", "coordinates": [ [ 77.1527315, 28.5147918 ], [ 77.1524709, 28.5147912 ], [ 77.1523728, 28.514791 ], [ 77.1521235, 28.5148008 ], [ 77.1511439, 28.5148084 ], [ 77.1509744, 28.5148122 ], [ 77.1506533, 28.5148131 ], [ 77.1503233, 28.5148177 ], [ 77.150054, 28.5148215 ], [ 77.149319, 28.5148317 ], [ 77.1487966, 28.5148469 ], [ 77.1486332, 28.5148517 ], [ 77.1479647, 28.5148624 ], [ 77.147273, 28.514885 ], [ 77.1472, 28.5148842 ], [ 77.1465909, 28.5149056 ], [ 77.1459133, 28.5149077 ], [ 77.1456285, 28.5149071 ], [ 77.1451066, 28.5149076 ], [ 77.1438371, 28.5149218 ], [ 77.1437812, 28.5149224 ], [ 77.1431297, 28.514935 ], [ 77.1430001, 28.5149353 ], [ 77.1417475, 28.5149449 ], [ 77.1415966, 28.514939 ], [ 77.141256, 28.5149526 ], [ 77.1408854, 28.5149719 ], [ 77.1408295, 28.5149738 ], [ 77.1405029, 28.5149721 ], [ 77.1400389, 28.514995 ], [ 77.1397331, 28.515005 ], [ 77.1394649, 28.514998 ], [ 77.1388252, 28.5149956 ], [ 77.138337, 28.5150027 ] ] } },
{ "type": "Feature", "properties": { "name": "Nelson Mandela Marg", "highway": "residential", "slope_pct": 0.6 }, "geometry": { "type": "LineString", "coordinates": [ [ 77.1454841, 28.5236346 ], [ 77.1454778, 28.5236534 ], [ 77.1454812, 28.5236906 ], [ 77.1455925, 28.5241025 ], [ 77.1456069, 28.5241588 ], [ 77.1457794, 28.5248341 ], [ 77.1458439, 28.5250386 ], [ 77.1458721, 28.5251841 ], [ 77.1459877, 28.525579 ], [ 77.1460735, 28.5259134 ], [ 77.1461145, 28.5261402 ], [ 77.1461961, 28.5264636 ], [ 77.1462305, 28.526572 ], [ 77.1462778, 28.5266992 ], [ 77.1463183, 28.5267883 ], [ 77.1463675, 28.5268773 ], [ 77.1464369, 28.5269775 ], [ 77.1465135, 28.5270763 ], [ 77.1469283, 28.5275638 ], [ 77.1472338, 28.5279555 ], [ 77.1474867, 28.5282819 ], [ 77.1476614, 28.5285073 ], [ 77.1479265, 28.5288481 ], [ 77.1480376, 28.529 ], [ 77.1481141, 28.5290999 ] ] } },
{ "type": "Feature", "properties": { "name": "Nelson Mandela Marg", "highway": "residential", "slope_pct": 0.6 }, "geometry": { "type": "LineString", "coordinates": [ [ 77.1482008, 28.5290338 ], [ 77.148112, 28.528933 ], [ 77.1475953, 28.5282379 ], [ 77.1474801, 28.528083 ], [ 77.1470379, 28.5274953 ], [ 77.1469555, 28.5273945 ], [ 77.1468032, 28.5272083 ], [ 77.1466976, 28.5270741 ], [ 77.1466027, 28.52694 ], [ 77.1465322, 28.5268318 ], [ 77.1464797, 28.5267316 ], [ 77.1464358, 28.5266237 ], [ 77.1464063, 28.5265237 ], [ 77.1462681, 28.5259505 ], [ 77.1461382, 28.5254933 ], [ 77.1460381, 28.5251656 ], [ 77.1460034, 28.5250111 ], [ 77.1458154, 28.5243357 ], [ 77.145758, 28.5240735 ], [ 77.145625, 28.5236197 ], [ 77.1456124, 28.5236088 ], [ 77.1455864, 28.5236062 ], [ 77.1454967, 28.5236231 ], [ 77.1454841, 28.5236346 ] ] } },
{ "type": "Feature", "properties": { "name": "Urban Arterial", "highway": "residential", "slope_pct": 0.6 }, "geometry": { "type": "LineString", "coordinates": [ [ 77.1469444, 28.5250842 ], [ 77.1468908, 28.5249735 ], [ 77.1467822, 28.5247489 ], [ 77.1466964, 28.5245698 ], [ 77.1466622, 28.524484 ], [ 77.1466249, 28.5243907 ], [ 77.1464893, 28.5240357 ], [ 77.1464763, 28.5240082 ], [ 77.1464605, 28.5239932 ] ] } },
{ "type": "Feature", "properties": { "name": "Urban Arterial", "highway": "residential", "slope_pct": 0.6 }, "geometry": { "type": "LineString", "coordinates": [ [ 77.1467602, 28.5237202 ], [ 77.1468588, 28.5239486 ], [ 77.1468837, 28.5239925 ], [ 77.1469173, 28.5240343 ], [ 77.146967, 28.5240847 ], [ 77.1469949, 28.5241279 ], [ 77.1470105, 28.5241717 ], [ 77.1470117, 28.5242091 ], [ 77.1470125, 28.5242741 ], [ 77.1470173, 28.5243241 ], [ 77.1470253, 28.5243588 ], [ 77.1470461, 28.5244019 ], [ 77.1470793, 28.524461 ], [ 77.1471252, 28.5245219 ], [ 77.1471699, 28.5245691 ], [ 77.14718, 28.5245798 ], [ 77.1472041, 28.5245936 ], [ 77.1472382, 28.5245981 ], [ 77.1472758, 28.5245948 ], [ 77.1474124, 28.5245819 ], [ 77.1474661, 28.524577 ], [ 77.147508, 28.5245712 ], [ 77.1475948, 28.5245544 ], [ 77.1476345, 28.5245456 ], [ 77.1476688, 28.524532 ], [ 77.14773, 28.5244838 ], [ 77.1477786, 28.5244452 ], [ 77.1478128, 28.5244201 ], [ 77.1479201, 28.5243616 ], [ 77.1479463, 28.5243462 ], [ 77.1479744, 28.5243245 ], [ 77.1479957, 28.5243027 ], [ 77.1480184, 28.5242694 ], [ 77.1480488, 28.5242401 ], [ 77.1480818, 28.5242161 ], [ 77.1481415, 28.5241894 ], [ 77.1482111, 28.5241628 ], [ 77.1484252, 28.5240995 ], [ 77.1484343, 28.5240914 ], [ 77.1484355, 28.5240798 ], [ 77.148355, 28.5238659 ] ] } },
{ "type": "Feature", "properties": { "name": "Urban Arterial", "highway": "residential", "slope_pct": 0.6 }, "geometry": { "type": "LineString", "coordinates": [ [ 77.1484343, 28.5240914 ], [ 77.1484833, 28.5240998 ], [ 77.1485345, 28.5241023 ], [ 77.1485883, 28.5241019 ], [ 77.1486374, 28.524096 ], [ 77.1487178, 28.524077 ], [ 77.1488811, 28.5240176 ], [ 77.1489791, 28.5239726 ], [ 77.149075, 28.52392 ], [ 77.1491069, 28.5238943 ], [ 77.149116, 28.5238708 ], [ 77.1491214, 28.523844 ], [ 77.1491248, 28.5238158 ], [ 77.1491363, 28.5237844 ], [ 77.149163, 28.5237351 ], [ 77.1491809, 28.5237104 ], [ 77.1492051, 28.5236913 ], [ 77.1492587, 28.52366 ], [ 77.1493366, 28.5236252 ], [ 77.1493889, 28.5236004 ], [ 77.1494278, 28.5235831 ] ] } },
{ "type": "Feature", "properties": { "name": "Urban Arterial", "highway": "residential", "slope_pct": 0.6 }, "geometry": { "type": "LineString", "coordinates": [ [ 77.1484765, 28.5164904 ], [ 77.1496686, 28.5164605 ], [ 77.1497064, 28.5164595 ] ] } },
{ "type": "Feature", "properties": { "name": "Urban Arterial", "highway": "residential", "slope_pct": 0.6 }, "geometry": { "type": "LineString", "coordinates": [ [ 77.1478844, 28.5240041 ], [ 77.148332, 28.5238754 ], [ 77.148355, 28.5238659 ], [ 77.1483752, 28.5238493 ], [ 77.1483812, 28.5238277 ], [ 77.1483765, 28.5238112 ], [ 77.1482864, 28.5236116 ], [ 77.1482379, 28.5234928 ], [ 77.1482246, 28.5234812 ], [ 77.148201, 28.5234771 ], [ 77.1479849, 28.5235253 ], [ 77.1479593, 28.5235259 ], [ 77.1479388, 28.5235146 ], [ 77.1479283, 28.5234976 ], [ 77.147861, 28.5233216 ] ] } },
{ "type": "Feature", "properties": { "name": "Urban Arterial", "highway": "residential", "slope_pct": 0.6 }, "geometry": { "type": "LineString", "coordinates": [ [ 77.1464726, 28.5238607 ], [ 77.1464583, 28.5239213 ], [ 77.1464605, 28.5239932 ] ] } },
{ "type": "Feature", "properties": { "name": "Urban Arterial", "highway": "residential", "slope_pct": 0.6 }, "geometry": { "type": "LineString", "coordinates": [ [ 77.1464605, 28.5239932 ], [ 77.1464229, 28.5239802 ], [ 77.146387, 28.5239783 ], [ 77.1463636, 28.5239813 ], [ 77.1459029, 28.5240502 ], [ 77.145758, 28.5240735 ] ] } },
{ "type": "Feature", "properties": { "name": "Urban Arterial", "highway": "residential", "slope_pct": 0.6 }, "geometry": { "type": "LineString", "coordinates": [ [ 77.145758, 28.5240735 ], [ 77.1455925, 28.5241025 ] ] } },
{ "type": "Feature", "properties": { "name": "Urban Arterial", "highway": "residential", "slope_pct": 0.6 }, "geometry": { "type": "LineString", "coordinates": [ [ 77.1470105, 28.5241717 ], [ 77.14709, 28.524127 ], [ 77.1471801, 28.5240761 ], [ 77.1472392, 28.5240441 ], [ 77.1473143, 28.5240054 ], [ 77.1473958, 28.5239753 ], [ 77.1474816, 28.5239574 ], [ 77.1475846, 28.5239451 ], [ 77.1476683, 28.5239366 ] ] } },
{ "type": "Feature", "properties": { "name": "Urban Arterial", "highway": "residential", "slope_pct": 0.6 }, "geometry": { "type": "LineString", "coordinates": [ [ 77.1449291, 28.5242863 ], [ 77.1455176, 28.5241756 ], [ 77.1456069, 28.5241588 ] ] } },
{ "type": "Feature", "properties": { "name": "Abdul Gaffar Khan Marg", "highway": "primary", "slope_pct": 0.6 }, "geometry": { "type": "LineString", "coordinates": [ [ 77.1483472, 28.5291661 ], [ 77.1482319, 28.5292374 ], [ 77.148038, 28.5293867 ], [ 77.1475757, 28.529797 ], [ 77.1473189, 28.5300663 ], [ 77.1471504, 28.5302261 ], [ 77.147072, 28.530297 ], [ 77.14694, 28.5304249 ], [ 77.146794, 28.5305553 ], [ 77.1466604, 28.5306705 ], [ 77.1465182, 28.5307857 ], [ 77.1464057, 28.5308709 ], [ 77.1462954, 28.5309543 ], [ 77.14618, 28.5310399 ], [ 77.1458879, 28.5312384 ], [ 77.1454752, 28.531529 ], [ 77.1451689, 28.5317448 ], [ 77.1451363, 28.5317672 ], [ 77.1449432, 28.5319 ], [ 77.1446302, 28.5321098 ], [ 77.1444146, 28.5322572 ], [ 77.1442921, 28.5323401 ], [ 77.1439715, 28.5325574 ], [ 77.143804, 28.5326811 ], [ 77.1436473, 28.532803 ], [ 77.1435265, 28.5329024 ], [ 77.1434218, 28.5329971 ], [ 77.1433349, 28.5330793 ], [ 77.1432289, 28.5331826 ], [ 77.1423299, 28.5341323 ], [ 77.1421082, 28.5343786 ], [ 77.1420625, 28.5344273 ], [ 77.141881, 28.5346332 ], [ 77.1416542, 28.534896 ], [ 77.1414405, 28.535163 ], [ 77.1411978, 28.5354327 ], [ 77.1407293, 28.5359561 ], [ 77.1403628, 28.5363522 ], [ 77.1401456, 28.5365755 ], [ 77.1400253, 28.536694 ], [ 77.1398402, 28.5368598 ], [ 77.1397311, 28.5369454 ], [ 77.1396084, 28.5370284 ], [ 77.1394916, 28.5370931 ], [ 77.1393627, 28.5371525 ], [ 77.1390694, 28.537269 ], [ 77.1387736, 28.5373716 ], [ 77.1386863, 28.5374011 ], [ 77.1386181, 28.5374242 ], [ 77.1385861, 28.5374359 ], [ 77.1382718, 28.5375503 ], [ 77.1375016, 28.5377991 ], [ 77.1373855, 28.5378321 ], [ 77.1372695, 28.5378627 ], [ 77.1371821, 28.5378831 ], [ 77.1370785, 28.5379036 ], [ 77.1368792, 28.5379349 ], [ 77.136662, 28.5379638 ], [ 77.1359993, 28.5380573 ], [ 77.1355855, 28.5381075 ], [ 77.1354341, 28.538121 ], [ 77.1353461, 28.5381289 ], [ 77.1346258, 28.5381883 ], [ 77.1345015, 28.5381998 ], [ 77.1343416, 28.5382154 ], [ 77.1342846, 28.5382237 ], [ 77.134144, 28.5382438 ], [ 77.1340585, 28.5382582 ] ] } },
{ "type": "Feature", "properties": { "name": "Abdul Gaffar Khan Marg", "highway": "primary", "slope_pct": 0.6 }, "geometry": { "type": "LineString", "coordinates": [ [ 77.1320388, 28.5395282 ], [ 77.1324103, 28.5392838 ], [ 77.1324576, 28.5392534 ], [ 77.1327893, 28.5390406 ], [ 77.1331748, 28.5387986 ], [ 77.1331978, 28.5387841 ], [ 77.1333683, 28.538672 ], [ 77.1334563, 28.5386145 ], [ 77.1335533, 28.5385598 ], [ 77.133664, 28.5385077 ], [ 77.1338233, 28.5384422 ], [ 77.1339523, 28.5383986 ], [ 77.1341035, 28.5383595 ], [ 77.1342693, 28.5383223 ], [ 77.1344341, 28.5382951 ], [ 77.1346571, 28.5382603 ], [ 77.1350182, 28.5382269 ], [ 77.1350365, 28.5382252 ], [ 77.1353279, 28.5381983 ], [ 77.1358597, 28.5381472 ], [ 77.1361978, 28.5381045 ], [ 77.1365158, 28.538058 ], [ 77.1366699, 28.5380363 ], [ 77.1367059, 28.5380313 ], [ 77.1368692, 28.5380035 ], [ 77.1370223, 28.5379753 ], [ 77.1371945, 28.5379426 ], [ 77.1374154, 28.5378935 ], [ 77.137621, 28.5378376 ], [ 77.1379688, 28.5377342 ], [ 77.1382871, 28.5376329 ], [ 77.1384038, 28.5375953 ], [ 77.1384807, 28.5375723 ], [ 77.1386247, 28.5375261 ], [ 77.1387279, 28.5374906 ], [ 77.139102, 28.5373673 ], [ 77.1392458, 28.5373145 ], [ 77.1393165, 28.5372869 ], [ 77.1393884, 28.5372527 ], [ 77.1395211, 28.5371779 ], [ 77.1396398, 28.5371054 ], [ 77.1397214, 28.5370455 ], [ 77.139812, 28.536975 ], [ 77.1398318, 28.5369583 ], [ 77.1398797, 28.5369179 ], [ 77.1400562, 28.5367649 ], [ 77.1402392, 28.5365768 ], [ 77.1403762, 28.5364306 ], [ 77.1406422, 28.5361486 ], [ 77.1407304, 28.536055 ], [ 77.1409701, 28.5357751 ], [ 77.1410683, 28.5356666 ], [ 77.1412841, 28.5354282 ], [ 77.1415126, 28.5351697 ], [ 77.1418353, 28.5347958 ], [ 77.1420387, 28.5345722 ], [ 77.1421222, 28.5344807 ], [ 77.1421868, 28.534422 ], [ 77.142371, 28.5342018 ], [ 77.142509, 28.534052 ], [ 77.1431386, 28.5333841 ], [ 77.1433497, 28.5331885 ], [ 77.1434691, 28.5330728 ], [ 77.1435752, 28.5329649 ], [ 77.1436079, 28.5329323 ], [ 77.1436471, 28.5328998 ], [ 77.1437176, 28.532849 ], [ 77.1440248, 28.5326221 ], [ 77.1441984, 28.5325104 ], [ 77.1450039, 28.5319586 ], [ 77.1452461, 28.5318209 ] ] } },
{ "type": "Feature", "properties": { "name": "Nelson Mandela Marg", "highway": "primary_link", "slope_pct": 0.6 }, "geometry": { "type": "LineString", "coordinates": [ [ 77.1481332, 28.5295432 ], [ 77.1482542, 28.5295298 ], [ 77.1483106, 28.5295252 ], [ 77.148367, 28.52953 ], [ 77.1484917, 28.5295749 ] ] } },
{ "type": "Feature", "properties": { "name": "Nelson Mandela Marg", "highway": "primary_link", "slope_pct": 0.6 }, "geometry": { "type": "LineString", "coordinates": [ [ 77.1486537, 28.5295456 ], [ 77.1487008, 28.5293946 ], [ 77.1487502, 28.5292488 ], [ 77.1487937, 28.5291551 ], [ 77.1488263, 28.5290851 ] ] } },
{ "type": "Feature", "properties": { "name": "Urban Arterial", "highway": "residential", "slope_pct": 0.6 }, "geometry": { "type": "LineString", "coordinates": [ [ 77.1455348, 28.5283479 ], [ 77.145751, 28.5286333 ], [ 77.145861, 28.5287784 ], [ 77.1459763, 28.5289307 ], [ 77.1461896, 28.5292123 ], [ 77.1464251, 28.5295231 ], [ 77.1465276, 28.5296584 ], [ 77.1468135, 28.5300358 ], [ 77.1469041, 28.5301344 ] ] } },
{ "type": "Feature", "properties": { "name": "Urban Arterial", "highway": "residential", "slope_pct": 0.6 }, "geometry": { "type": "LineString", "coordinates": [ [ 77.1477134, 28.53035 ], [ 77.1481332, 28.5301228 ], [ 77.1482751, 28.5300423 ], [ 77.1483484, 28.5300042 ] ] } },
{ "type": "Feature", "properties": { "name": "Urban Arterial", "highway": "residential", "slope_pct": 0.6 }, "geometry": { "type": "LineString", "coordinates": [ [ 77.1475933, 28.530219 ], [ 77.1476667, 28.5302942 ], [ 77.1477134, 28.53035 ], [ 77.1477548, 28.5304261 ], [ 77.1477558, 28.5304462 ], [ 77.1477427, 28.5304632 ], [ 77.1471848, 28.5307981 ] ] } },
{ "type": "Feature", "properties": { "name": "Urban Arterial", "highway": "residential", "slope_pct": 0.6 }, "geometry": { "type": "LineString", "coordinates": [ [ 77.1436135, 28.5267299 ], [ 77.1436691, 28.5267381 ], [ 77.1437338, 28.5267384 ], [ 77.1439922, 28.5266933 ], [ 77.1443945, 28.5266188 ], [ 77.144667, 28.5265707 ], [ 77.14477, 28.5265511 ], [ 77.1448729, 28.5265249 ], [ 77.1449186, 28.5265021 ], [ 77.1449593, 28.5264749 ], [ 77.1449919, 28.526435 ], [ 77.1450015, 28.5263951 ], [ 77.1450036, 28.5263207 ], [ 77.1449755, 28.5262143 ], [ 77.144939, 28.5260754 ], [ 77.1449004, 28.5259131 ], [ 77.1448711, 28.5257897 ], [ 77.1448369, 28.5255644 ], [ 77.1448374, 28.5254981 ], [ 77.1448489, 28.5254664 ], [ 77.1448695, 28.5254348 ], [ 77.1449014, 28.525406 ], [ 77.1449448, 28.5253817 ], [ 77.1450693, 28.5253446 ], [ 77.1451775, 28.5253168 ], [ 77.1456367, 28.5252258 ], [ 77.1456922, 28.5252154 ], [ 77.1457731, 28.5252013 ], [ 77.1458721, 28.5251841 ] ] } },
{ "type": "Feature", "properties": { "name": "Urban Arterial", "highway": "residential", "slope_pct": 0.6 }, "geometry": { "type": "LineString", "coordinates": [ [ 77.1469046, 28.5292439 ], [ 77.1464251, 28.5295231 ] ] } },
{ "type": "Feature", "properties": { "name": "Urban Arterial", "highway": "residential", "slope_pct": 0.6 }, "geometry": { "type": "LineString", "coordinates": [ [ 77.1451196, 28.5291947 ], [ 77.145861, 28.5287784 ] ] } },
{ "type": "Feature", "properties": { "name": "Urban Arterial", "highway": "residential", "slope_pct": 0.6 }, "geometry": { "type": "LineString", "coordinates": [ [ 77.1454558, 28.5296326 ], [ 77.1449206, 28.5299456 ] ] } },
{ "type": "Feature", "properties": { "name": "Urban Arterial", "highway": "residential", "slope_pct": 0.6 }, "geometry": { "type": "LineString", "coordinates": [ [ 77.1451421, 28.5302444 ], [ 77.1455781, 28.5299927 ], [ 77.1455994, 28.5299832 ], [ 77.1456222, 28.5299823 ], [ 77.1456396, 28.5299891 ], [ 77.1456973, 28.530039 ], [ 77.1457205, 28.5300564 ], [ 77.1457474, 28.5300628 ], [ 77.1457721, 28.5300567 ], [ 77.1465276, 28.5296584 ] ] } },
{ "type": "Feature", "properties": { "name": "Urban Arterial", "highway": "residential", "slope_pct": 0.6 }, "geometry": { "type": "LineString", "coordinates": [ [ 77.145751, 28.5286333 ], [ 77.1462609, 28.5283363 ], [ 77.1462849, 28.528328 ], [ 77.146307, 28.5283373 ], [ 77.1463731, 28.5284228 ], [ 77.1463928, 28.5284339 ], [ 77.1464199, 28.5284305 ], [ 77.1470921, 28.5280368 ], [ 77.1472338, 28.5279555 ] ] } },
{ "type": "Feature", "properties": { "name": "Urban Arterial", "highway": "residential", "slope_pct": 0.6 }, "geometry": { "type": "LineString", "coordinates": [ [ 77.1466779, 28.5289348 ], [ 77.1461896, 28.5292123 ] ] } },
{ "type": "Feature", "properties": { "name": "Urban Arterial", "highway": "residential", "slope_pct": 0.6 }, "geometry": { "type": "LineString", "coordinates": [ [ 77.1442822, 28.5256367 ], [ 77.1442533, 28.5254711 ], [ 77.1442535, 28.5254257 ], [ 77.1442804, 28.525388 ], [ 77.1443256, 28.5253656 ], [ 77.1443657, 28.5253565 ], [ 77.1444523, 28.5253415 ], [ 77.1445538, 28.5253117 ], [ 77.1446268, 28.5252804 ], [ 77.1446788, 28.5252486 ], [ 77.1447308, 28.5252302 ], [ 77.1451443, 28.5251506 ] ] } },
{ "type": "Feature", "properties": { "name": "Urban Arterial", "highway": "residential", "slope_pct": 0.6 }, "geometry": { "type": "LineString", "coordinates": [ [ 77.1469283, 28.5275638 ], [ 77.1467961, 28.5276382 ], [ 77.1455348, 28.5283479 ] ] } },
{ "type": "Feature", "properties": { "name": "Urban Arterial", "highway": "residential", "slope_pct": 0.6 }, "geometry": { "type": "LineString", "coordinates": [ [ 77.1449206, 28.5299456 ], [ 77.1446637, 28.5296078 ], [ 77.1445162, 28.5294286 ], [ 77.1444702, 28.5293691 ], [ 77.1444234, 28.5293086 ], [ 77.1443601, 28.5292268 ], [ 77.1443136, 28.5291413 ], [ 77.1442927, 28.5290751 ], [ 77.1442842, 28.5290482 ], [ 77.1442766, 28.5289964 ], [ 77.1442602, 28.5288849 ], [ 77.144228, 28.5287185 ], [ 77.1442163, 28.5286398 ], [ 77.1442181, 28.5285974 ], [ 77.1442308, 28.5285309 ], [ 77.1442868, 28.5284647 ], [ 77.1443728, 28.5283947 ], [ 77.1446217, 28.5282294 ], [ 77.1449117, 28.5280327 ], [ 77.1451725, 28.5278638 ] ] } },
{ "type": "Feature", "properties": { "name": "Urban Arterial", "highway": "residential", "slope_pct": 0.6 }, "geometry": { "type": "LineString", "coordinates": [ [ 77.1478947, 28.5277406 ], [ 77.1477232, 28.5274998 ], [ 77.1475588, 28.5272688 ] ] } },
{ "type": "Feature", "properties": { "name": "Urban Arterial", "highway": "residential", "slope_pct": 0.6 }, "geometry": { "type": "LineString", "coordinates": [ [ 77.147109, 28.5272985 ], [ 77.147892, 28.5268524 ] ] } },
{ "type": "Feature", "properties": { "name": "Urban Arterial", "highway": "residential", "slope_pct": 0.6 }, "geometry": { "type": "LineString", "coordinates": [ [ 77.1478103, 28.5267366 ], [ 77.1479697, 28.5266433 ], [ 77.1480453, 28.526599 ], [ 77.1481264, 28.52655 ], [ 77.1483564, 28.5264113 ], [ 77.1485782, 28.5262685 ] ] } },
{ "type": "Feature", "properties": { "name": "Urban Arterial", "highway": "residential", "slope_pct": 0.6 }, "geometry": { "type": "LineString", "coordinates": [ [ 77.147748, 28.5281576 ], [ 77.1477828, 28.5281505 ], [ 77.1483981, 28.527812 ], [ 77.1486663, 28.527658 ] ] } },
{ "type": "Feature", "properties": { "name": "Urban Arterial", "highway": "residential", "slope_pct": 0.6 }, "geometry": { "type": "LineString", "coordinates": [ [ 77.147091, 28.5255876 ], [ 77.1472954, 28.5255597 ], [ 77.1474001, 28.5255499 ], [ 77.1474756, 28.5255518 ], [ 77.1475315, 28.5255645 ], [ 77.147561, 28.5255806 ], [ 77.1475814, 28.5256033 ], [ 77.1476142, 28.5256624 ], [ 77.1476515, 28.5257348 ], [ 77.1476895, 28.5258005 ], [ 77.1480548, 28.5263429 ] ] } },
{ "type": "Feature", "properties": { "name": "Urban Arterial", "highway": "residential", "slope_pct": 0.6 }, "geometry": { "type": "LineString", "coordinates": [ [ 77.1488113, 28.5259063 ], [ 77.1481672, 28.5251742 ], [ 77.1481393, 28.5251458 ], [ 77.1480912, 28.5251206 ], [ 77.1480404, 28.525112 ], [ 77.1479951, 28.5251135 ], [ 77.1471191, 28.5252501 ], [ 77.1470836, 28.5252583 ], [ 77.1470507, 28.5252751 ] ] } },
{ "type": "Feature", "properties": { "name": "Urban Arterial", "highway": "residential", "slope_pct": 0.6 }, "geometry": { "type": "LineString", "coordinates": [ [ 77.147748, 28.5281576 ], [ 77.1477193, 28.5281471 ], [ 77.1476895, 28.5281194 ], [ 77.1475693, 28.5279283 ], [ 77.1473888, 28.5276804 ], [ 77.1472234, 28.5274533 ], [ 77.147109, 28.5272985 ], [ 77.1470094, 28.5271651 ], [ 77.1469072, 28.5270284 ] ] } },
{ "type": "Feature", "properties": { "name": "Urban Arterial", "highway": "residential", "slope_pct": 0.6 }, "geometry": { "type": "LineString", "coordinates": [ [ 77.1484045, 28.5261569 ], [ 77.1479301, 28.5255244 ], [ 77.1479292, 28.5255165 ], [ 77.1479363, 28.5255073 ], [ 77.1479601, 28.5254944 ], [ 77.1479689, 28.525494 ], [ 77.1479774, 28.5254976 ], [ 77.1485335, 28.5260767 ] ] } },
{ "type": "Feature", "properties": { "name": "Urban Arterial", "highway": "residential", "slope_pct": 0.6 }, "geometry": { "type": "LineString", "coordinates": [ [ 77.1470507, 28.5252751 ], [ 77.1470362, 28.5253027 ], [ 77.1470343, 28.5253329 ], [ 77.147091, 28.5255876 ], [ 77.1471184, 28.5256719 ], [ 77.1471585, 28.525755 ], [ 77.1472441, 28.5258938 ], [ 77.1475967, 28.52642 ], [ 77.1476881, 28.526555 ] ] } },
{ "type": "Feature", "properties": { "name": "Urban Arterial", "highway": "residential", "slope_pct": 0.6 }, "geometry": { "type": "LineString", "coordinates": [ [ 77.1442927, 28.5290751 ], [ 77.1455348, 28.5283479 ] ] } },
{ "type": "Feature", "properties": { "name": "Urban Arterial", "highway": "residential", "slope_pct": 0.6 }, "geometry": { "type": "LineString", "coordinates": [ [ 77.1451775, 28.5253168 ], [ 77.1451443, 28.5251506 ] ] } },
{ "type": "Feature", "properties": { "name": "Urban Arterial", "highway": "residential", "slope_pct": 0.6 }, "geometry": { "type": "LineString", "coordinates": [ [ 77.147072, 28.530297 ], [ 77.1470127, 28.530239 ], [ 77.1469041, 28.5301344 ] ] } },
{ "type": "Feature", "properties": { "name": "Urban Arterial", "highway": "residential", "slope_pct": 0.6 }, "geometry": { "type": "LineString", "coordinates": [ [ 77.1457377, 28.5310478 ], [ 77.1468318, 28.530191 ], [ 77.1469041, 28.5301344 ] ] } },
{ "type": "Feature", "properties": { "name": "Urban Arterial", "highway": "residential", "slope_pct": 0.6 }, "geometry": { "type": "LineString", "coordinates": [ [ 77.1451725, 28.5278638 ], [ 77.145148, 28.5277499 ], [ 77.1451043, 28.5276122 ], [ 77.1450449, 28.527458 ], [ 77.1450055, 28.5273715 ], [ 77.1449746, 28.5273039 ], [ 77.1448448, 28.5270209 ] ] } },
{ "type": "Feature", "properties": { "name": "Urban Arterial", "highway": "residential", "slope_pct": 0.6 }, "geometry": { "type": "LineString", "coordinates": [ [ 77.1457377, 28.5310478 ], [ 77.1451421, 28.5302444 ], [ 77.1449206, 28.5299456 ] ] } },
{ "type": "Feature", "properties": { "name": "Urban Arterial", "highway": "residential", "slope_pct": 0.6 }, "geometry": { "type": "LineString", "coordinates": [ [ 77.1471721, 28.5304162 ], [ 77.147072, 28.530297 ] ] } },
{ "type": "Feature", "properties": { "name": "Urban Arterial", "highway": "residential", "slope_pct": 0.6 }, "geometry": { "type": "LineString", "coordinates": [ [ 77.1470379, 28.5274953 ], [ 77.1469283, 28.5275638 ] ] } },
{ "type": "Feature", "properties": { "name": "Urban Arterial", "highway": "residential", "slope_pct": 0.6 }, "geometry": { "type": "LineString", "coordinates": [ [ 77.1460034, 28.5250111 ], [ 77.1458439, 28.5250386 ] ] } },
{ "type": "Feature", "properties": { "name": "Urban Arterial", "highway": "residential", "slope_pct": 0.6 }, "geometry": { "type": "LineString", "coordinates": [ [ 77.1444638, 28.5245865 ], [ 77.1445263, 28.524632 ], [ 77.1445676, 28.5246555 ], [ 77.1446109, 28.5246668 ], [ 77.1446673, 28.5246822 ], [ 77.1447147, 28.5247003 ], [ 77.1447494, 28.5247241 ], [ 77.1447924, 28.5247686 ], [ 77.1448258, 28.5247863 ], [ 77.1448654, 28.5247988 ], [ 77.1449211, 28.5247988 ], [ 77.1450522, 28.5247805 ] ] } },
{ "type": "Feature", "properties": { "name": "Urban Arterial", "highway": "residential", "slope_pct": 0.6 }, "geometry": { "type": "LineString", "coordinates": [ [ 77.1458721, 28.5251841 ], [ 77.1460381, 28.5251656 ] ] } },
{ "type": "Feature", "properties": { "name": "Urban Arterial", "highway": "residential", "slope_pct": 0.6 }, "geometry": { "type": "LineString", "coordinates": [ [ 77.1469041, 28.5301344 ], [ 77.147079, 28.5299864 ], [ 77.1471493, 28.5299203 ], [ 77.1472142, 28.5298573 ], [ 77.1475499, 28.5295067 ], [ 77.147833, 28.5292198 ], [ 77.1479276, 28.5291182 ], [ 77.1480376, 28.529 ] ] } },
{ "type": "Feature", "properties": { "name": "Urban Arterial", "highway": "residential", "slope_pct": 0.6 }, "geometry": { "type": "LineString", "coordinates": [ [ 77.1480376, 28.529 ], [ 77.148112, 28.528933 ] ] } },
{ "type": "Feature", "properties": { "name": "Urban Arterial", "highway": "residential", "slope_pct": 0.6 }, "geometry": { "type": "LineString", "coordinates": [ [ 77.1469072, 28.5270284 ], [ 77.1468241, 28.5269266 ], [ 77.1468182, 28.5269121 ], [ 77.1468193, 28.5268949 ], [ 77.146828, 28.5268791 ], [ 77.1468456, 28.526865 ], [ 77.1475967, 28.52642 ] ] } },
{ "type": "Feature", "properties": { "name": "Urban Arterial", "highway": "residential", "slope_pct": 0.6 }, "geometry": { "type": "LineString", "coordinates": [ [ 77.1476881, 28.526555 ], [ 77.1477803, 28.5266935 ], [ 77.1478103, 28.5267366 ], [ 77.147892, 28.5268524 ], [ 77.1480116, 28.5270199 ], [ 77.1483461, 28.5274824 ] ] } },
{ "type": "Feature", "properties": { "name": "Urban Arterial", "highway": "residential", "slope_pct": 0.6 }, "geometry": { "type": "LineString", "coordinates": [ [ 77.1472234, 28.5274533 ], [ 77.1475588, 28.5272688 ], [ 77.1480116, 28.5270199 ] ] } },
{ "type": "Feature", "properties": { "name": "Urban Arterial", "highway": "residential", "slope_pct": 0.6 }, "geometry": { "type": "LineString", "coordinates": [ [ 77.1476881, 28.526555 ], [ 77.1469072, 28.5270284 ] ] } },
{ "type": "Feature", "properties": { "name": "Urban Arterial", "highway": "residential", "slope_pct": 0.6 }, "geometry": { "type": "LineString", "coordinates": [ [ 77.1470094, 28.5271651 ], [ 77.1477803, 28.5266935 ] ] } },
{ "type": "Feature", "properties": { "name": "Urban Arterial", "highway": "residential", "slope_pct": 0.6 }, "geometry": { "type": "LineString", "coordinates": [ [ 77.1468908, 28.5249735 ], [ 77.1472163, 28.5249125 ], [ 77.1472443, 28.5247629 ], [ 77.1472758, 28.5245948 ] ] } },
{ "type": "Feature", "properties": { "name": "Urban Arterial", "highway": "residential", "slope_pct": 0.6 }, "geometry": { "type": "LineString", "coordinates": [ [ 77.1472856, 28.5250879 ], [ 77.1472163, 28.5249125 ] ] } },
{ "type": "Feature", "properties": { "name": "Urban Arterial", "highway": "residential", "slope_pct": 0.6 }, "geometry": { "type": "LineString", "coordinates": [ [ 77.1475953, 28.5282379 ], [ 77.1476717, 28.5281978 ], [ 77.147748, 28.5281576 ] ] } },
{ "type": "Feature", "properties": { "name": "Urban Arterial", "highway": "residential", "slope_pct": 0.6 }, "geometry": { "type": "LineString", "coordinates": [ [ 77.1474867, 28.5282819 ], [ 77.1473864, 28.5283355 ], [ 77.1466409, 28.5287263 ], [ 77.1466146, 28.5287281 ], [ 77.1465983, 28.5287138 ], [ 77.1465212, 28.5286205 ], [ 77.146429, 28.528494 ] ] } },
{ "type": "Feature", "properties": { "name": "Urban Arterial", "highway": "residential", "slope_pct": 0.6 }, "geometry": { "type": "LineString", "coordinates": [ [ 77.1465212, 28.5286205 ], [ 77.1459763, 28.5289307 ] ] } },
{ "type": "Feature", "properties": { "name": "Urban Arterial", "highway": "residential", "slope_pct": 0.6 }, "geometry": { "type": "LineString", "coordinates": [ [ 77.148367, 28.52953 ], [ 77.1482942, 28.5295723 ], [ 77.1482359, 28.5296178 ], [ 77.1480799, 28.5297445 ], [ 77.1479187, 28.529886 ], [ 77.1475933, 28.530219 ], [ 77.1473526, 28.5304536 ], [ 77.1468957, 28.5308636 ] ] } },
{ "type": "Feature", "properties": { "name": "Urban Arterial", "highway": "residential", "slope_pct": 0.6 }, "geometry": { "type": "LineString", "coordinates": [ [ 77.1468957, 28.5308636 ], [ 77.1467991, 28.5307382 ] ] } },
{ "type": "Feature", "properties": { "name": "Urban Arterial", "highway": "residential", "slope_pct": 0.6 }, "geometry": { "type": "LineString", "coordinates": [ [ 77.1451725, 28.5278638 ], [ 77.145204, 28.527943 ], [ 77.1452385, 28.5279927 ], [ 77.1454078, 28.5282014 ], [ 77.1455348, 28.5283479 ] ] } },
{ "type": "Feature", "properties": { "name": "Abdul Gaffar Khan Marg", "highway": "primary_link", "slope_pct": 0.6 }, "geometry": { "type": "LineString", "coordinates": [ [ 77.1482008, 28.5290338 ], [ 77.1481141, 28.5290999 ] ] } },
{ "type": "Feature", "properties": { "name": "Nelson Mandela Marg", "highway": "primary", "slope_pct": 0.6 }, "geometry": { "type": "LineString", "coordinates": [ [ 77.1483472, 28.5291661 ], [ 77.1482008, 28.5290338 ] ] } },
{ "type": "Feature", "properties": { "name": "Urban Arterial", "highway": "residential", "slope_pct": 0.6 }, "geometry": { "type": "LineString", "coordinates": [ [ 77.147109, 28.5272985 ], [ 77.1470322, 28.5273465 ], [ 77.1469555, 28.5273945 ] ] } },
{ "type": "Feature", "properties": { "name": "Urban Arterial", "highway": "residential", "slope_pct": 0.6 }, "geometry": { "type": "LineString", "coordinates": [ [ 77.1473888, 28.5276804 ], [ 77.1477232, 28.5274998 ] ] } },
{ "type": "Feature", "properties": { "name": "Urban Arterial", "highway": "residential", "slope_pct": 0.6 }, "geometry": { "type": "LineString", "coordinates": [ [ 77.1458439, 28.5250386 ], [ 77.1457172, 28.5250573 ], [ 77.1456157, 28.5250722 ], [ 77.1451443, 28.5251506 ] ] } },
{ "type": "Feature", "properties": { "name": "Masoodpur Flyover", "highway": "primary", "slope_pct": 0.6 }, "geometry": { "type": "LineString", "coordinates": [ [ 77.1507087, 28.5279254 ], [ 77.1505464, 28.5280462 ], [ 77.1492976, 28.5287013 ], [ 77.14866, 28.5290842 ], [ 77.1481867, 28.5294148 ], [ 77.1469193, 28.5305544 ], [ 77.1463889, 28.5309789 ], [ 77.1462742, 28.5310613 ], [ 77.1461486, 28.5311527 ], [ 77.1458651, 28.5313459 ], [ 77.1456239, 28.5315102 ], [ 77.145432, 28.5316324 ] ] } },
{ "type": "Feature", "properties": { "name": "Urban Arterial", "highway": "residential", "slope_pct": 0.6 }, "geometry": { "type": "LineString", "coordinates": [ [ 77.1468957, 28.5308636 ], [ 77.1465546, 28.5311736 ], [ 77.1464538, 28.531255 ], [ 77.1463422, 28.5313381 ], [ 77.1462415, 28.5314148 ], [ 77.1461263, 28.5314915 ], [ 77.1451568, 28.5321263 ] ] } },
{ "type": "Feature", "properties": { "name": "Urban Arterial", "highway": "residential", "slope_pct": 0.6 }, "geometry": { "type": "LineString", "coordinates": [ [ 77.1484917, 28.5295749 ], [ 77.1484888, 28.5296825 ], [ 77.1484981, 28.5297193 ], [ 77.1485215, 28.5297549 ], [ 77.1486792, 28.5299718 ], [ 77.1492928, 28.5308535 ], [ 77.1495534, 28.5312208 ], [ 77.1498026, 28.5315601 ], [ 77.1504801, 28.532494 ], [ 77.1508053, 28.5329336 ], [ 77.1512252, 28.5334939 ], [ 77.151603, 28.5339885 ] ] } },
{ "type": "Feature", "properties": { "name": "Urban Arterial", "highway": "residential", "slope_pct": 0.6 }, "geometry": { "type": "LineString", "coordinates": [ [ 77.1476881, 28.526555 ], [ 77.1480548, 28.5263429 ], [ 77.1484045, 28.5261569 ], [ 77.1484536, 28.526126 ], [ 77.1485335, 28.5260767 ], [ 77.1487458, 28.5259424 ], [ 77.1488113, 28.5259063 ], [ 77.1490866, 28.5257704 ], [ 77.1491639, 28.525737 ], [ 77.1492579, 28.5256995 ], [ 77.1494891, 28.5256228 ], [ 77.1498084, 28.5255045 ], [ 77.1498311, 28.5254994 ], [ 77.1498534, 28.5255001 ] ] } },
{ "type": "Feature", "properties": { "name": "Urban Arterial", "highway": "residential", "slope_pct": 0.6 }, "geometry": { "type": "LineString", "coordinates": [ [ 77.1460381, 28.5251656 ], [ 77.146213, 28.5251438 ], [ 77.1462931, 28.5251338 ], [ 77.1466007, 28.5251068 ], [ 77.1469444, 28.5250842 ], [ 77.1471715, 28.5250976 ], [ 77.1472332, 28.5250952 ], [ 77.1472856, 28.5250879 ], [ 77.1473507, 28.5250749 ], [ 77.1483392, 28.5247141 ], [ 77.148382, 28.5247101 ], [ 77.1484311, 28.5247188 ], [ 77.1484792, 28.5247445 ], [ 77.148508, 28.5247787 ], [ 77.1486092, 28.5249201 ], [ 77.1486307, 28.5249419 ], [ 77.1486564, 28.524958 ], [ 77.1486997, 28.5249639 ], [ 77.148746, 28.5249568 ], [ 77.1489531, 28.5249004 ], [ 77.1490535, 28.5248694 ], [ 77.1491474, 28.5248346 ], [ 77.1493872, 28.5247452 ], [ 77.1495326, 28.5246906 ] ] } },
{ "type": "Feature", "properties": { "name": "Urban Arterial", "highway": "residential", "slope_pct": 0.6 }, "geometry": { "type": "LineString", "coordinates": [ [ 77.1500067, 28.5273189 ], [ 77.1497879, 28.5270586 ], [ 77.1495452, 28.5267855 ], [ 77.1487458, 28.5259424 ] ] } },
{ "type": "Feature", "properties": { "name": "Urban Arterial", "highway": "residential", "slope_pct": 0.6 }, "geometry": { "type": "LineString", "coordinates": [ [ 77.1497795, 28.5275028 ], [ 77.1492829, 28.5269943 ], [ 77.1491501, 28.5268625 ], [ 77.148806, 28.5264981 ], [ 77.1485782, 28.5262685 ], [ 77.1484536, 28.526126 ] ] } },
{ "type": "Feature", "properties": { "name": "Urban Arterial", "highway": "residential", "slope_pct": 0.6 }, "geometry": { "type": "LineString", "coordinates": [ [ 77.149085, 28.5281033 ], [ 77.1490406, 28.5280564 ], [ 77.1486663, 28.527658 ], [ 77.1484477, 28.5274076 ] ] } },
{ "type": "Feature", "properties": { "name": "Urban Arterial", "highway": "residential", "slope_pct": 0.6 }, "geometry": { "type": "LineString", "coordinates": [ [ 77.1475693, 28.5279283 ], [ 77.1478947, 28.5277406 ], [ 77.1483461, 28.5274824 ], [ 77.1483982, 28.527445 ], [ 77.1484477, 28.5274076 ], [ 77.148638, 28.5272549 ], [ 77.1488764, 28.5270718 ], [ 77.1491501, 28.5268625 ] ] } },
{ "type": "Feature", "properties": { "name": "Urban Arterial", "highway": "residential", "slope_pct": 0.6 }, "geometry": { "type": "LineString", "coordinates": [ [ 77.1504211, 28.5283181 ], [ 77.1498614, 28.5286332 ], [ 77.1490354, 28.5290982 ], [ 77.1487502, 28.5292488 ] ] } },
{ "type": "Feature", "properties": { "name": "Abdul Gaffar Khan Marg", "highway": "primary_link", "slope_pct": 0.6 }, "geometry": { "type": "LineString", "coordinates": [ [ 77.1452461, 28.5318209 ], [ 77.1453597, 28.5317504 ], [ 77.1454439, 28.5317098 ], [ 77.1456234, 28.5316055 ], [ 77.1461152, 28.5312567 ], [ 77.1465202, 28.530979 ], [ 77.1467493, 28.5307812 ], [ 77.1467991, 28.5307382 ], [ 77.1470901, 28.530487 ], [ 77.1471721, 28.5304162 ], [ 77.1478554, 28.5297868 ], [ 77.1481332, 28.5295432 ], [ 77.1482217, 28.5294655 ], [ 77.148345, 28.5293695 ], [ 77.1484819, 28.5292863 ], [ 77.1488263, 28.5290851 ], [ 77.150341, 28.528224 ], [ 77.150659, 28.5280348 ], [ 77.1508387, 28.52792 ] ] } },
{ "type": "Feature", "properties": { "name": "Nelson Mandela Marg", "highway": "primary", "slope_pct": 0.6 }, "geometry": { "type": "LineString", "coordinates": [ [ 77.1516064, 28.5335947 ], [ 77.1515176, 28.5334787 ], [ 77.1514188, 28.5333508 ], [ 77.1513757, 28.533289 ], [ 77.1509021, 28.5326416 ], [ 77.150499, 28.5320833 ], [ 77.1499198, 28.531281 ], [ 77.149496, 28.5307002 ], [ 77.1491603, 28.5302399 ], [ 77.1486537, 28.5295456 ], [ 77.1485525, 28.5293987 ], [ 77.1484819, 28.5292863 ], [ 77.1483472, 28.5291661 ] ] } },
{ "type": "Feature", "properties": { "name": "Nelson Mandela Marg", "highway": "primary", "slope_pct": 0.6 }, "geometry": { "type": "LineString", "coordinates": [ [ 77.1481141, 28.5290999 ], [ 77.1482319, 28.5292374 ], [ 77.148345, 28.5293695 ], [ 77.1484917, 28.5295749 ], [ 77.1512184, 28.533301 ], [ 77.1512618, 28.5333589 ] ] } },
{ "type": "Feature", "properties": { "name": "Urban Arterial", "highway": "residential", "slope_pct": 0.6 }, "geometry": { "type": "LineString", "coordinates": [ [ 77.1457377, 28.5310478 ], [ 77.1458128, 28.5311431 ], [ 77.1458879, 28.5312384 ] ] } },
{ "type": "Feature", "properties": { "name": "Urban Arterial", "highway": "residential", "slope_pct": 0.6 }, "geometry": { "type": "LineString", "coordinates": [ [ 77.1486663, 28.527658 ], [ 77.1490506, 28.5273466 ] ] } },
{ "type": "Feature", "properties": { "name": "Abdul Gaffar Khan Marg", "highway": "primary", "slope_pct": 0.6 }, "geometry": { "type": "LineString", "coordinates": [ [ 77.1508667, 28.5277483 ], [ 77.1499912, 28.5282756 ], [ 77.1488908, 28.5288611 ], [ 77.1483472, 28.5291661 ] ] } },
{ "type": "Feature", "properties": { "name": "Urban Arterial", "highway": "residential", "slope_pct": 0.6 }, "geometry": { "type": "LineString", "coordinates": [ [ 77.1457382, 28.5349272 ], [ 77.1457036, 28.5349315 ], [ 77.1456705, 28.5349386 ], [ 77.1455476, 28.5350069 ], [ 77.1453022, 28.5351248 ], [ 77.1451748, 28.5351919 ], [ 77.1450759, 28.5352629 ], [ 77.1449736, 28.5353015 ], [ 77.1448074, 28.5353781 ], [ 77.1447403, 28.5354346 ], [ 77.1447041, 28.5355018 ], [ 77.1446706, 28.5355466 ], [ 77.1446303, 28.5355795 ], [ 77.1445311, 28.5356326 ], [ 77.1442132, 28.5357881 ], [ 77.1437559, 28.5360237 ], [ 77.1437168, 28.5360524 ], [ 77.1436644, 28.5360909 ] ] } },
{ "type": "Feature", "properties": { "name": "Urban Arterial", "highway": "residential", "slope_pct": 0.6 }, "geometry": { "type": "LineString", "coordinates": [ [ 77.147472, 28.5372909 ], [ 77.1474287, 28.5372327 ], [ 77.1472153, 28.5369457 ], [ 77.1470424, 28.5367131 ], [ 77.1468704, 28.5364818 ], [ 77.146854, 28.5364597 ], [ 77.1462962, 28.5356619 ], [ 77.145789, 28.5349612 ], [ 77.1457679, 28.5349419 ], [ 77.1457382, 28.5349272 ] ] } },
{ "type": "Feature", "properties": { "name": "Urban Arterial", "highway": "residential", "slope_pct": 0.6 }, "geometry": { "type": "LineString", "coordinates": [ [ 77.1485347, 28.5366824 ], [ 77.1480797, 28.5360952 ], [ 77.1476048, 28.5354824 ], [ 77.1474806, 28.5353222 ], [ 77.1472887, 28.5350746 ], [ 77.1472241, 28.5349871 ], [ 77.1468211, 28.534441 ], [ 77.146435, 28.533905 ], [ 77.146062, 28.5333693 ], [ 77.1456772, 28.5328211 ], [ 77.1451568, 28.5321263 ], [ 77.1451057, 28.5320724 ], [ 77.1450039, 28.5319586 ] ] } },
{ "type": "Feature", "properties": { "name": "Masoodpur Flyover", "highway": "primary", "slope_pct": 0.6 }, "geometry": { "type": "LineString", "coordinates": [ [ 77.145432, 28.5316324 ], [ 77.1452743, 28.5317329 ], [ 77.1451363, 28.5317672 ] ] } },
{ "type": "Feature", "properties": { "name": "Urban Arterial", "highway": "living_street", "slope_pct": 0.6 }, "geometry": { "type": "LineString", "coordinates": [ [ 77.150054, 28.5148215 ], [ 77.1500349, 28.5151326 ] ] } },
{ "type": "Feature", "properties": { "name": "Urban Arterial", "highway": "residential", "slope_pct": 0.6 }, "geometry": { "type": "LineString", "coordinates": [ [ 77.1546916, 28.5137938 ], [ 77.1547193, 28.5146905 ], [ 77.1547215, 28.5147622 ] ] } },
{ "type": "Feature", "properties": { "name": "Urban Arterial", "highway": "living_street", "slope_pct": 0.6 }, "geometry": { "type": "LineString", "coordinates": [ [ 77.1509744, 28.5148122 ], [ 77.1509651, 28.5144208 ], [ 77.1509529, 28.5144001 ] ] } },
{ "type": "Feature", "properties": { "name": "Urban Arterial", "highway": "living_street", "slope_pct": 0.6 }, "geometry": { "type": "LineString", "coordinates": [ [ 77.1505403, 28.5138024 ], [ 77.1506242, 28.5143853 ], [ 77.1506533, 28.5148131 ] ] } },
{ "type": "Feature", "properties": { "name": "Prabhu Marg", "highway": "residential", "slope_pct": 0.6 }, "geometry": { "type": "LineString", "coordinates": [ [ 77.1527315, 28.5147918 ], [ 77.1527317, 28.5148873 ], [ 77.1527328, 28.5154802 ], [ 77.1527331, 28.5156311 ], [ 77.1527334, 28.5157903 ], [ 77.1527366, 28.5160185 ], [ 77.1527398, 28.5161905 ] ] } },
{ "type": "Feature", "properties": { "name": "Urban Arterial", "highway": "living_street", "slope_pct": 0.6 }, "geometry": { "type": "LineString", "coordinates": [ [ 77.1506242, 28.5143853 ], [ 77.1509286, 28.5143915 ], [ 77.1509431, 28.5143949 ], [ 77.1509529, 28.5144001 ] ] } },
{ "type": "Feature", "properties": { "name": "Urban Arterial", "highway": "residential", "slope_pct": 0.6 }, "geometry": { "type": "LineString", "coordinates": [ [ 77.1527331, 28.5156311 ], [ 77.1541053, 28.5156303 ] ] } },
{ "type": "Feature", "properties": { "name": "Urban Arterial", "highway": "living_street", "slope_pct": 0.6 }, "geometry": { "type": "LineString", "coordinates": [ [ 77.1513691, 28.5115795 ], [ 77.151337, 28.51372 ] ] } },
{ "type": "Feature", "properties": { "name": "Urban Arterial", "highway": "residential", "slope_pct": 0.6 }, "geometry": { "type": "LineString", "coordinates": [ [ 77.1491065, 28.5131848 ], [ 77.1498927, 28.5132028 ], [ 77.1499287, 28.5132119 ], [ 77.1499477, 28.5132253 ], [ 77.1499584, 28.5132412 ], [ 77.149972, 28.5137161 ], [ 77.149977, 28.5137281 ], [ 77.1499869, 28.5137415 ], [ 77.1500004, 28.513748 ], [ 77.1500204, 28.5137506 ], [ 77.1500919, 28.5137508 ], [ 77.1509198, 28.5137668 ], [ 77.1512928, 28.5137599 ], [ 77.1513122, 28.5137546 ], [ 77.1513245, 28.5137453 ], [ 77.1513337, 28.5137345 ], [ 77.151337, 28.51372 ] ] } },
{ "type": "Feature", "properties": { "name": "Urban Arterial", "highway": "residential", "slope_pct": 0.6 }, "geometry": { "type": "LineString", "coordinates": [ [ 77.1497064, 28.5164595 ], [ 77.1502023, 28.5164535 ], [ 77.1514704, 28.5164382 ] ] } },
{ "type": "Feature", "properties": { "name": "Urban Arterial", "highway": "residential", "slope_pct": 0.6 }, "geometry": { "type": "LineString", "coordinates": [ [ 77.1531357, 28.5167654 ], [ 77.1540296, 28.5167289 ], [ 77.1550754, 28.5167071 ], [ 77.1551042, 28.516699 ], [ 77.1551242, 28.5166877 ] ] } },
{ "type": "Feature", "properties": { "name": "Prabhu Marg", "highway": "residential", "slope_pct": 0.6 }, "geometry": { "type": "LineString", "coordinates": [ [ 77.1528481, 28.516172 ], [ 77.1551136, 28.5161614 ] ] } },
{ "type": "Feature", "properties": { "name": "Urban Arterial", "highway": "residential", "slope_pct": 0.6 }, "geometry": { "type": "LineString", "coordinates": [ [ 77.1579764, 28.5177451 ], [ 77.158796, 28.5165154 ] ] } },
{ "type": "Feature", "properties": { "name": "Urban Arterial", "highway": "residential", "slope_pct": 0.6 }, "geometry": { "type": "LineString", "coordinates": [ [ 77.1575095, 28.5138042 ], [ 77.1575343, 28.5137982 ], [ 77.1575614, 28.5137936 ], [ 77.1582602, 28.5138059 ] ] } },
{ "type": "Feature", "properties": { "name": "Urban Arterial", "highway": "residential", "slope_pct": 0.6 }, "geometry": { "type": "LineString", "coordinates": [ [ 77.1568132, 28.514731 ], [ 77.1568108, 28.5146649 ], [ 77.1567961, 28.5142995 ] ] } },
{ "type": "Feature", "properties": { "name": "Urban Arterial", "highway": "residential", "slope_pct": 0.6 }, "geometry": { "type": "LineString", "coordinates": [ [ 77.1570264, 28.5141864 ], [ 77.1574164, 28.5142266 ], [ 77.1574365, 28.5142229 ], [ 77.1574437, 28.5142091 ], [ 77.1574469, 28.5141887 ], [ 77.1574347, 28.5140504 ], [ 77.1574341, 28.5139732 ], [ 77.157452, 28.5138683 ], [ 77.1574713, 28.5138349 ], [ 77.1574873, 28.5138172 ], [ 77.1575095, 28.5138042 ] ] } },
{ "type": "Feature", "properties": { "name": "Urban Arterial", "highway": "residential", "slope_pct": 0.6 }, "geometry": { "type": "LineString", "coordinates": [ [ 77.1579937, 28.5141014 ], [ 77.1580258, 28.5143357 ], [ 77.1580291, 28.5143597 ], [ 77.1580441, 28.5143825 ], [ 77.1580694, 28.5143898 ], [ 77.1582117, 28.5143869 ], [ 77.1582814, 28.5143855 ] ] } },
{ "type": "Feature", "properties": { "name": "Urban Arterial", "highway": "residential", "slope_pct": 0.6 }, "geometry": { "type": "LineString", "coordinates": [ [ 77.1561515, 28.5147408 ], [ 77.1561628, 28.5155817 ] ] } },
{ "type": "Feature", "properties": { "name": "Urban Arterial", "highway": "residential", "slope_pct": 0.6 }, "geometry": { "type": "LineString", "coordinates": [ [ 77.1568707, 28.5150628 ], [ 77.1572901, 28.5150493 ], [ 77.1580114, 28.5150598 ], [ 77.1583874, 28.5150854 ], [ 77.1584047, 28.5150894 ], [ 77.1584168, 28.5150968 ], [ 77.1584211, 28.5151069 ], [ 77.1584173, 28.5151179 ], [ 77.1582223, 28.5153904 ], [ 77.1580911, 28.5155686 ], [ 77.1580641, 28.5155922 ] ] } },
{ "type": "Feature", "properties": { "name": "Urban Arterial", "highway": "unclassified", "slope_pct": 0.6 }, "geometry": { "type": "LineString", "coordinates": [ [ 77.1582706, 28.5139555 ], [ 77.1582814, 28.5143855 ], [ 77.1582823, 28.5147091 ] ] } },
{ "type": "Feature", "properties": { "name": "Urban Arterial", "highway": "residential", "slope_pct": 0.6 }, "geometry": { "type": "LineString", "coordinates": [ [ 77.1572861, 28.5147239 ], [ 77.1572871, 28.5148108 ], [ 77.1572901, 28.5150493 ], [ 77.1572926, 28.5152441 ], [ 77.1572833, 28.5155944 ], [ 77.1572976, 28.5157806 ], [ 77.1573057, 28.51588 ], [ 77.1573215, 28.516074 ], [ 77.1573441, 28.5163119 ] ] } },
{ "type": "Feature", "properties": { "name": "Urban Arterial", "highway": "residential", "slope_pct": 0.6 }, "geometry": { "type": "LineString", "coordinates": [ [ 77.1556022, 28.5167017 ], [ 77.155639, 28.5166928 ], [ 77.1564556, 28.5166691 ], [ 77.1569075, 28.5166139 ], [ 77.1569774, 28.5165922 ], [ 77.1570375, 28.5165644 ], [ 77.157052, 28.5165298 ], [ 77.1570147, 28.5155964 ] ] } },
{ "type": "Feature", "properties": { "name": "Urban Arterial", "highway": "residential", "slope_pct": 0.6 }, "geometry": { "type": "LineString", "coordinates": [ [ 77.1607557, 28.5155203 ], [ 77.1607271, 28.5155653 ], [ 77.1598013, 28.5170244 ] ] } },
{ "type": "Feature", "properties": { "name": "Urban Arterial", "highway": "residential", "slope_pct": 0.6 }, "geometry": { "type": "LineString", "coordinates": [ [ 77.1593813, 28.5148533 ], [ 77.1593535, 28.5148997 ], [ 77.1584697, 28.5163512 ] ] } },
{ "type": "Feature", "properties": { "name": "Mall/Church Road", "highway": "tertiary", "slope_pct": 0.6 }, "geometry": { "type": "LineString", "coordinates": [ [ 77.1610948, 28.5157009 ], [ 77.1613443, 28.5158446 ], [ 77.1614574, 28.5159279 ], [ 77.1615488, 28.5160033 ], [ 77.1617889, 28.5162416 ], [ 77.1618596, 28.5163117 ], [ 77.1619023, 28.5163488 ] ] } },
{ "type": "Feature", "properties": { "name": "Access Road", "highway": "residential", "slope_pct": 0.6 }, "geometry": { "type": "LineString", "coordinates": [ [ 77.1616413, 28.5176015 ], [ 77.1610541, 28.5171766 ] ] } },
{ "type": "Feature", "properties": { "name": "Vasant Kunj Exit Road", "highway": "residential", "slope_pct": 0.6 }, "geometry": { "type": "LineString", "coordinates": [ [ 77.1598866, 28.5170725 ], [ 77.1602389, 28.5172633 ], [ 77.1603788, 28.5173426 ] ] } },
{ "type": "Feature", "properties": { "name": "Church Mall Road", "highway": "tertiary", "slope_pct": 0.6 }, "geometry": { "type": "LineString", "coordinates": [ [ 77.1590844, 28.514728 ], [ 77.1591101, 28.5147366 ], [ 77.1593813, 28.5148533 ], [ 77.1594374, 28.5148775 ], [ 77.1597409, 28.5150229 ], [ 77.1601015, 28.5151957 ], [ 77.1607557, 28.5155203 ], [ 77.1610646, 28.5156848 ], [ 77.1610948, 28.5157009 ] ] } },
{ "type": "Feature", "properties": { "name": "Urban Arterial", "highway": "tertiary", "slope_pct": 0.6 }, "geometry": { "type": "LineString", "coordinates": [ [ 77.1590844, 28.514728 ], [ 77.1590192, 28.5147094 ], [ 77.1589649, 28.5146972 ], [ 77.158917, 28.5146943 ], [ 77.1582823, 28.5147091 ] ] } },
{ "type": "Feature", "properties": { "name": "Urban Arterial", "highway": "tertiary", "slope_pct": 0.6 }, "geometry": { "type": "LineString", "coordinates": [ [ 77.1619023, 28.5163488 ], [ 77.1620072, 28.5164639 ] ] } },
{ "type": "Feature", "properties": { "name": "Urban Arterial", "highway": "residential", "slope_pct": 0.6 }, "geometry": { "type": "LineString", "coordinates": [ [ 77.1572826, 28.517408 ], [ 77.1570039, 28.5172814 ], [ 77.1569853, 28.5172768 ], [ 77.156972, 28.5172796 ], [ 77.1569619, 28.5172894 ], [ 77.1565403, 28.5178984 ], [ 77.1565338, 28.5179116 ], [ 77.1565365, 28.5179247 ] ] } },
{ "type": "Feature", "properties": { "name": "Church Mall Road", "highway": "residential", "slope_pct": 0.6 }, "geometry": { "type": "LineString", "coordinates": [ [ 77.1600593, 28.5139229 ], [ 77.1598671, 28.5140899 ], [ 77.1597402, 28.5141871 ], [ 77.1596097, 28.514286 ], [ 77.1593269, 28.514471 ], [ 77.1592633, 28.5145184 ], [ 77.1592176, 28.5145595 ], [ 77.1591419, 28.5146435 ], [ 77.1590844, 28.514728 ] ] } },
{ "type": "Feature", "properties": { "name": "Church Mall Road", "highway": "residential", "slope_pct": 0.6 }, "geometry": { "type": "LineString", "coordinates": [ [ 77.1582706, 28.5139555 ], [ 77.1600593, 28.5139229 ] ] } },
{ "type": "Feature", "properties": { "name": "Urban Arterial", "highway": "residential", "slope_pct": 0.6 }, "geometry": { "type": "LineString", "coordinates": [ [ 77.1587367, 28.5164842 ], [ 77.1590363, 28.5161169 ], [ 77.1590665, 28.5161057 ], [ 77.1591094, 28.5161074 ], [ 77.1591557, 28.5161204 ], [ 77.1592221, 28.5161446 ], [ 77.1593961, 28.5162244 ], [ 77.1595561, 28.5163151 ], [ 77.1597089, 28.5163861 ], [ 77.1597337, 28.5163867 ], [ 77.1597545, 28.5163755 ], [ 77.1597699, 28.5163579 ], [ 77.1598497, 28.5162435 ] ] } },
{ "type": "Feature", "properties": { "name": "Urban Arterial", "highway": "residential", "slope_pct": 0.6 }, "geometry": { "type": "LineString", "coordinates": [ [ 77.1564498, 28.5156005 ], [ 77.1570147, 28.5155964 ], [ 77.1572833, 28.5155944 ], [ 77.1580278, 28.5155997 ], [ 77.1580641, 28.5155922 ] ] } },
{ "type": "Feature", "properties": { "name": "Urban Arterial", "highway": "residential", "slope_pct": 0.6 }, "geometry": { "type": "LineString", "coordinates": [ [ 77.1584697, 28.5163512 ], [ 77.157653, 28.5175869 ] ] } },
{ "type": "Feature", "properties": { "name": "Urban Arterial", "highway": "residential", "slope_pct": 0.6 }, "geometry": { "type": "LineString", "coordinates": [ [ 77.1598732, 28.5179612 ], [ 77.1598032, 28.5179287 ], [ 77.1596648, 28.5178657 ], [ 77.1594631, 28.5177664 ], [ 77.1594452, 28.5177414 ], [ 77.1594435, 28.5177115 ], [ 77.1594915, 28.5176455 ], [ 77.1597408, 28.5172851 ], [ 77.1598866, 28.5170725 ] ] } },
{ "type": "Feature", "properties": { "name": "Urban Arterial", "highway": "residential", "slope_pct": 0.6 }, "geometry": { "type": "LineString", "coordinates": [ [ 77.1602389, 28.5172633 ], [ 77.1601799, 28.5173496 ], [ 77.1598201, 28.5178649 ] ] } },
{ "type": "Feature", "properties": { "name": "Urban Arterial", "highway": "residential", "slope_pct": 0.6 }, "geometry": { "type": "LineString", "coordinates": [ [ 77.1581749, 28.5162024 ], [ 77.1584147, 28.5157371 ], [ 77.1586516, 28.5152956 ], [ 77.1587214, 28.5151495 ], [ 77.1587214, 28.5151024 ], [ 77.158716, 28.5150694 ], [ 77.1586946, 28.5150505 ], [ 77.1585336, 28.514994 ] ] } },
{ "type": "Feature", "properties": { "name": "Urban Arterial", "highway": "residential", "slope_pct": 0.6 }, "geometry": { "type": "LineString", "coordinates": [ [ 77.1591937, 28.5158559 ], [ 77.1590867, 28.5160381 ], [ 77.1590363, 28.5161169 ] ] } },
{ "type": "Feature", "properties": { "name": "Urban Arterial", "highway": "residential", "slope_pct": 0.6 }, "geometry": { "type": "LineString", "coordinates": [ [ 77.1595375, 28.5160138 ], [ 77.1593961, 28.5162244 ] ] } },
{ "type": "Feature", "properties": { "name": "Urban Arterial", "highway": "residential", "slope_pct": 0.6 }, "geometry": { "type": "LineString", "coordinates": [ [ 77.1566285, 28.5150697 ], [ 77.1568707, 28.5150628 ] ] } },
{ "type": "Feature", "properties": { "name": "Vasant Kunj Exit Road", "highway": "residential", "slope_pct": 0.6 }, "geometry": { "type": "LineString", "coordinates": [ [ 77.1603788, 28.5173426 ], [ 77.1605579, 28.5174368 ] ] } },
{ "type": "Feature", "properties": { "name": "Vasant Kunj Exit Road", "highway": "residential", "slope_pct": 0.6 }, "geometry": { "type": "LineString", "coordinates": [ [ 77.1594847, 28.5168631 ], [ 77.1598013, 28.5170244 ], [ 77.1598866, 28.5170725 ] ] } },
{ "type": "Feature", "properties": { "name": "Sector A, Pocket A Internal road", "highway": "residential", "slope_pct": 0.6 }, "geometry": { "type": "LineString", "coordinates": [ [ 77.1616413, 28.5176015 ], [ 77.1619412, 28.5178042 ], [ 77.1620177, 28.5178504 ] ] } },
{ "type": "Feature", "properties": { "name": "Urban Arterial", "highway": "residential", "slope_pct": 0.6 }, "geometry": { "type": "LineString", "coordinates": [ [ 77.1573057, 28.51588 ], [ 77.1576802, 28.5158827 ] ] } },
{ "type": "Feature", "properties": { "name": "Vasant Kunj Exit Road", "highway": "residential", "slope_pct": 0.6 }, "geometry": { "type": "LineString", "coordinates": [ [ 77.1594847, 28.5168631 ], [ 77.158796, 28.5165154 ], [ 77.1587367, 28.5164842 ] ] } },
{ "type": "Feature", "properties": { "name": "Urban Arterial", "highway": "residential", "slope_pct": 0.6 }, "geometry": { "type": "LineString", "coordinates": [ [ 77.152011, 28.5237781 ], [ 77.1520015, 28.5238284 ], [ 77.1520119, 28.5238612 ], [ 77.1520237, 28.5238908 ], [ 77.1523336, 28.5243319 ], [ 77.1524006, 28.524423 ], [ 77.1524441, 28.5244763 ], [ 77.1524777, 28.5245175 ], [ 77.1525366, 28.524581 ], [ 77.1526192, 28.5246601 ], [ 77.1526967, 28.5247362 ], [ 77.1527542, 28.524786 ], [ 77.1529259, 28.5249489 ], [ 77.1530078, 28.5250306 ], [ 77.1530851, 28.5251117 ], [ 77.1531347, 28.5251715 ], [ 77.1531627, 28.5252164 ], [ 77.1531751, 28.5252363 ], [ 77.1532437, 28.525355 ], [ 77.1536575, 28.5260345 ] ] } },
{ "type": "Feature", "properties": { "name": "Urban Arterial", "highway": "residential", "slope_pct": 0.6 }, "geometry": { "type": "LineString", "coordinates": [ [ 77.1537739, 28.5259421 ], [ 77.1533006, 28.5252372 ], [ 77.1532448, 28.5251459 ], [ 77.1531737, 28.5250546 ], [ 77.1531184, 28.5249936 ], [ 77.1530645, 28.5249416 ], [ 77.1530528, 28.5249304 ], [ 77.1529396, 28.5248208 ], [ 77.1526118, 28.5245107 ], [ 77.1525402, 28.5244372 ], [ 77.152526, 28.5244212 ], [ 77.1524789, 28.5243682 ], [ 77.1524161, 28.5242783 ], [ 77.152101, 28.5238392 ], [ 77.1520767, 28.5238093 ] ] } },
{ "type": "Feature", "properties": { "name": "Urban Arterial", "highway": "residential", "slope_pct": 0.6 }, "geometry": { "type": "LineString", "coordinates": [ [ 77.1514, 28.5250311 ], [ 77.1513139, 28.5247253 ], [ 77.1512097, 28.5243999 ] ] } },
{ "type": "Feature", "properties": { "name": "Urban Arterial", "highway": "residential", "slope_pct": 0.6 }, "geometry": { "type": "LineString", "coordinates": [ [ 77.1512548, 28.5260097 ], [ 77.1511779, 28.5256966 ], [ 77.1510132, 28.5251241 ], [ 77.1509177, 28.5248123 ], [ 77.1508456, 28.5245471 ], [ 77.1508421, 28.5245198 ], [ 77.1508476, 28.5244947 ], [ 77.1508689, 28.5244781 ], [ 77.1509012, 28.5244677 ], [ 77.1512097, 28.5243999 ], [ 77.1515993, 28.5243157 ], [ 77.1519406, 28.5242502 ], [ 77.1519586, 28.524248 ], [ 77.1519723, 28.5242493 ], [ 77.1519822, 28.5242582 ], [ 77.1519878, 28.5242696 ], [ 77.1520686, 28.5245591 ], [ 77.1522363, 28.525119 ], [ 77.1523293, 28.5254048 ], [ 77.1523424, 28.5254468 ] ] } },
{ "type": "Feature", "properties": { "name": "Urban Arterial", "highway": "residential", "slope_pct": 0.6 }, "geometry": { "type": "LineString", "coordinates": [ [ 77.1516903, 28.524644 ], [ 77.1515993, 28.5243157 ] ] } },
{ "type": "Feature", "properties": { "name": "Aruna Asaf Ali Marg", "highway": "secondary", "slope_pct": 0.6 }, "geometry": { "type": "LineString", "coordinates": [ [ 77.1600978, 28.5186324 ], [ 77.1601714, 28.5186765 ], [ 77.161037, 28.5191518 ], [ 77.1611133, 28.5191938 ], [ 77.1611235, 28.5191994 ], [ 77.1619502, 28.5196632 ], [ 77.1628643, 28.5201701 ], [ 77.1635459, 28.5205481 ], [ 77.1637463, 28.5206628 ], [ 77.1638411, 28.520713 ], [ 77.1639359, 28.5207531 ], [ 77.1640343, 28.520785 ], [ 77.1641276, 28.520808 ], [ 77.1644445, 28.5208559 ], [ 77.1653913, 28.5209293 ], [ 77.1655799, 28.520954 ], [ 77.1656781, 28.5209812 ], [ 77.1657619, 28.5210116 ], [ 77.1659462, 28.521088 ], [ 77.1663544, 28.5212727 ], [ 77.1666724, 28.5214063 ], [ 77.16674, 28.5214347 ], [ 77.16704, 28.5215725 ], [ 77.1670664, 28.5215846 ], [ 77.1673756, 28.5217165 ], [ 77.1674871, 28.5217768 ], [ 77.1675653, 28.521824 ], [ 77.1676375, 28.5218722 ], [ 77.1678549, 28.522061 ], [ 77.1679319, 28.5221412 ], [ 77.167978, 28.5221932 ], [ 77.1680144, 28.5222452 ] ] } },
{ "type": "Feature", "properties": { "name": "Bhagwan Mahavir Marg", "highway": "tertiary", "slope_pct": 0.6 }, "geometry": { "type": "LineString", "coordinates": [ [ 77.1683361, 28.5229576 ], [ 77.1681992, 28.5230158 ], [ 77.1680323, 28.523089 ], [ 77.167832, 28.5231859 ], [ 77.1675376, 28.5233344 ], [ 77.1668862, 28.5237263 ], [ 77.1665762, 28.5239106 ], [ 77.1661978, 28.524143 ], [ 77.1651866, 28.5247305 ], [ 77.1649649, 28.5248575 ], [ 77.1641173, 28.5253719 ], [ 77.1633604, 28.5258183 ], [ 77.163039, 28.5260006 ], [ 77.1627746, 28.5261562 ], [ 77.1623771, 28.5263776 ], [ 77.1620011, 28.5265782 ], [ 77.1616371, 28.5268055 ], [ 77.1604852, 28.5274821 ], [ 77.1603105, 28.5275814 ], [ 77.1596567, 28.5279393 ], [ 77.1595645, 28.5279992 ], [ 77.1595057, 28.5280607 ], [ 77.1594761, 28.5281259 ], [ 77.1594574, 28.5281876 ], [ 77.1594369, 28.5282449 ], [ 77.1593804, 28.5284023 ], [ 77.1593388, 28.5285066 ], [ 77.1592764, 28.5286373 ], [ 77.1591912, 28.5287749 ], [ 77.1591634, 28.5288182 ], [ 77.1591361, 28.5288441 ], [ 77.1591042, 28.528865 ], [ 77.1590688, 28.5288843 ], [ 77.1590189, 28.5289088 ], [ 77.1588457, 28.5289724 ], [ 77.1584915, 28.5290897 ], [ 77.1581597, 28.5292371 ], [ 77.1580835, 28.5292589 ], [ 77.1580246, 28.5292679 ], [ 77.1579709, 28.5292589 ], [ 77.1579357, 28.5292369 ], [ 77.1579081, 28.5292104 ], [ 77.157736, 28.5289997 ], [ 77.1573168, 28.528444 ], [ 77.1567255, 28.5277484 ] ] } },
{ "type": "Feature", "properties": { "name": "Urban Arterial", "highway": "residential", "slope_pct": 0.6 }, "geometry": { "type": "LineString", "coordinates": [ [ 77.1635459, 28.5205481 ], [ 77.1635103, 28.5205982 ], [ 77.1623512, 28.5221319 ], [ 77.1622359, 28.5222865 ], [ 77.1620156, 28.522582 ], [ 77.1615372, 28.5232236 ], [ 77.1612148, 28.5236561 ], [ 77.1611176, 28.5237928 ], [ 77.1608597, 28.5241776 ], [ 77.160596, 28.5245235 ], [ 77.1605055, 28.5246408 ], [ 77.1604384, 28.5247285 ], [ 77.1603737, 28.5248029 ], [ 77.1602862, 28.5248814 ], [ 77.1601806, 28.5249543 ], [ 77.1598681, 28.5251701 ], [ 77.1594108, 28.5254858 ] ] } },
{ "type": "Feature", "properties": { "name": "Urban Arterial", "highway": "residential", "slope_pct": 0.6 }, "geometry": { "type": "LineString", "coordinates": [ [ 77.1570724, 28.5229338 ], [ 77.1572184, 28.5230187 ], [ 77.1577691, 28.5233321 ], [ 77.1578611, 28.5233844 ], [ 77.1582156, 28.5236331 ], [ 77.1583064, 28.5237207 ], [ 77.15838, 28.5238082 ], [ 77.1585702, 28.5241144 ], [ 77.1585996, 28.5241617 ], [ 77.1588716, 28.5245991 ], [ 77.1589448, 28.5247169 ], [ 77.1589595, 28.5247405 ], [ 77.159252, 28.5252109 ], [ 77.1594108, 28.5254858 ], [ 77.159589, 28.5257943 ], [ 77.1596061, 28.5258239 ], [ 77.1598212, 28.5261963 ], [ 77.1602397, 28.5270198 ], [ 77.1604852, 28.5274821 ] ] } },
{ "type": "Feature", "properties": { "name": "Urban Arterial", "highway": "residential", "slope_pct": 0.6 }, "geometry": { "type": "LineString", "coordinates": [ [ 77.1620882, 28.5248623 ], [ 77.1608597, 28.5241776 ] ] } },
{ "type": "Feature", "properties": { "name": "Urban Arterial", "highway": "residential", "slope_pct": 0.6 }, "geometry": { "type": "LineString", "coordinates": [ [ 77.160596, 28.5245235 ], [ 77.1606646, 28.5245662 ], [ 77.1607175, 28.5245991 ], [ 77.1610659, 28.5248158 ], [ 77.1610773, 28.5248284 ], [ 77.1610818, 28.5248457 ], [ 77.1610801, 28.524863 ], [ 77.1610708, 28.5248835 ], [ 77.1606243, 28.5254601 ], [ 77.1603584, 28.525808 ] ] } },
{ "type": "Feature", "properties": { "name": "Urban Arterial", "highway": "residential", "slope_pct": 0.6 }, "geometry": { "type": "LineString", "coordinates": [ [ 77.1620464, 28.5266484 ], [ 77.1620011, 28.5265782 ], [ 77.1617957, 28.5262905 ], [ 77.161439, 28.5257811 ], [ 77.1614275, 28.5257487 ], [ 77.1614237, 28.5257202 ], [ 77.1614425, 28.5256763 ], [ 77.1620882, 28.5248623 ], [ 77.1623406, 28.5245774 ], [ 77.1625877, 28.5242873 ] ] } },
{ "type": "Feature", "properties": { "name": "Urban Arterial", "highway": "residential", "slope_pct": 0.6 }, "geometry": { "type": "LineString", "coordinates": [ [ 77.1565365, 28.5179247 ], [ 77.1565404, 28.5179363 ], [ 77.1565516, 28.517946 ], [ 77.1568763, 28.5181059 ], [ 77.1572102, 28.5182683 ], [ 77.1575171, 28.518417 ], [ 77.1575561, 28.5184359 ], [ 77.1578002, 28.5185491 ], [ 77.1582216, 28.5187459 ], [ 77.1582441, 28.5187482 ], [ 77.1582649, 28.5187414 ], [ 77.1582816, 28.5187305 ], [ 77.1584142, 28.5185068 ], [ 77.1585217, 28.5183177 ], [ 77.1586562, 28.5180808 ] ] } },
{ "type": "Feature", "properties": { "name": "Urban Arterial", "highway": "residential", "slope_pct": 0.6 }, "geometry": { "type": "LineString", "coordinates": [ [ 77.1587367, 28.5164842 ], [ 77.1584697, 28.5163512 ], [ 77.1581749, 28.5162024 ], [ 77.1581315, 28.5161988 ], [ 77.1581049, 28.5162132 ], [ 77.1580807, 28.5162378 ], [ 77.1572826, 28.517408 ], [ 77.157653, 28.5175869 ], [ 77.1579764, 28.5177451 ], [ 77.1586562, 28.5180808 ] ] } },
{ "type": "Feature", "properties": { "name": "Abdul Gaffar Khan Marg", "highway": "primary", "slope_pct": 0.6 }, "geometry": { "type": "LineString", "coordinates": [ [ 77.1599932, 28.5182391 ], [ 77.1602414, 28.517964 ], [ 77.1603149, 28.5178766 ], [ 77.160397, 28.5177875 ], [ 77.1604694, 28.5177112 ], [ 77.1605608, 28.517618 ], [ 77.1607387, 28.5174599 ], [ 77.1610541, 28.5171766 ], [ 77.1619107, 28.5165292 ], [ 77.1620072, 28.5164639 ] ] } },
{ "type": "Feature", "properties": { "name": "Urban Arterial", "highway": "residential", "slope_pct": 0.6 }, "geometry": { "type": "LineString", "coordinates": [ [ 77.1551242, 28.5166877 ], [ 77.1551361, 28.5166597 ], [ 77.155136, 28.5166266 ], [ 77.1551136, 28.5161614 ], [ 77.1550982, 28.5156737 ], [ 77.155104, 28.5156528 ], [ 77.1551193, 28.5156341 ], [ 77.1551402, 28.5156233 ], [ 77.1557485, 28.5156049 ], [ 77.1561628, 28.5155817 ] ] } },
{ "type": "Feature", "properties": { "name": "Urban Arterial", "highway": "residential", "slope_pct": 0.6 }, "geometry": { "type": "LineString", "coordinates": [ [ 77.1521235, 28.5148008 ], [ 77.1521033, 28.5152365 ], [ 77.1520861, 28.5156709 ], [ 77.1520776, 28.5156921 ], [ 77.1520662, 28.5157023 ], [ 77.1520523, 28.5157079 ], [ 77.1514677, 28.5157647 ], [ 77.1514343, 28.5157826 ], [ 77.1514221, 28.5158099 ], [ 77.1514704, 28.5164382 ], [ 77.1515278, 28.5173113 ], [ 77.1515335, 28.517338 ], [ 77.1515491, 28.5173624 ], [ 77.1515828, 28.5173761 ], [ 77.1520544, 28.5173667 ], [ 77.1520817, 28.5173731 ], [ 77.1520994, 28.517393 ], [ 77.1521059, 28.5174264 ], [ 77.1521355, 28.5182936 ], [ 77.1521434, 28.5184935 ], [ 77.1521465, 28.518622 ], [ 77.1521592, 28.5191452 ] ] } },
{ "type": "Feature", "properties": { "name": "Sector A, Pocket A Internal road", "highway": "residential", "slope_pct": 0.6 }, "geometry": { "type": "LineString", "coordinates": [ [ 77.1620177, 28.5178504 ], [ 77.1622504, 28.517995 ], [ 77.1626488, 28.5182425 ], [ 77.1632289, 28.5173815 ], [ 77.1632481, 28.5173561 ], [ 77.1636645, 28.5168 ], [ 77.1636772, 28.5167898 ] ] } },
{ "type": "Feature", "properties": { "name": "Aruna Asaf Ali Marg", "highway": "secondary", "slope_pct": 0.6 }, "geometry": { "type": "LineString", "coordinates": [ [ 77.1680906, 28.5222124 ], [ 77.1680171, 28.5221203 ], [ 77.1679061, 28.5219988 ], [ 77.1678443, 28.5219426 ], [ 77.1677051, 28.5218282 ], [ 77.1676188, 28.5217673 ], [ 77.1675268, 28.5217095 ], [ 77.1674347, 28.5216573 ], [ 77.167332, 28.5216051 ], [ 77.1671189, 28.5215109 ], [ 77.1668951, 28.5214129 ], [ 77.1665071, 28.5212433 ], [ 77.1660318, 28.5210358 ], [ 77.1658061, 28.5209395 ], [ 77.1657506, 28.5209178 ], [ 77.1656688, 28.5208929 ], [ 77.1655955, 28.5208736 ], [ 77.1655046, 28.5208583 ], [ 77.1654009, 28.5208468 ], [ 77.1651806, 28.5208351 ], [ 77.1648481, 28.5208169 ], [ 77.1647871, 28.5208135 ], [ 77.1645193, 28.5207843 ], [ 77.1642024, 28.5207364 ], [ 77.1640134, 28.5206886 ], [ 77.1638945, 28.5206436 ], [ 77.1637867, 28.5206005 ], [ 77.1635871, 28.5204859 ], [ 77.1633165, 28.5203359 ], [ 77.1622653, 28.5197531 ], [ 77.162244, 28.5197413 ], [ 77.1621701, 28.5197004 ], [ 77.162025, 28.5196199 ], [ 77.1610918, 28.5190756 ], [ 77.1602646, 28.5186321 ], [ 77.1602295, 28.5186133 ], [ 77.1599919, 28.5184858 ] ] } },
{ "type": "Feature", "properties": { "name": "Abdul Gaffar Khan Marg", "highway": "primary", "slope_pct": 0.6 }, "geometry": { "type": "LineString", "coordinates": [ [ 77.1596671, 28.5185393 ], [ 77.1596301, 28.518615 ], [ 77.1591125, 28.519474 ], [ 77.158778, 28.5200425 ], [ 77.158427, 28.5207041 ], [ 77.1580606, 28.5214119 ], [ 77.1579321, 28.5216377 ], [ 77.1578497, 28.5217767 ], [ 77.1578039, 28.5218447 ], [ 77.1577573, 28.521915 ], [ 77.1575424, 28.522201 ], [ 77.1572846, 28.5225458 ], [ 77.1571879, 28.5226731 ], [ 77.1571452, 28.5227286 ], [ 77.1570917, 28.5227991 ], [ 77.1570315, 28.5228734 ], [ 77.1569649, 28.5229459 ], [ 77.1568294, 28.5230888 ], [ 77.1563261, 28.523618 ], [ 77.1560855, 28.5238804 ], [ 77.1559239, 28.5240742 ], [ 77.1557537, 28.5242718 ], [ 77.1555172, 28.5245401 ], [ 77.1554314, 28.5246262 ] ] } },
{ "type": "Feature", "properties": { "name": "Urban Arterial", "highway": "residential", "slope_pct": 0.6 }, "geometry": { "type": "LineString", "coordinates": [ [ 77.157653, 28.5175869 ], [ 77.1572102, 28.5182683 ] ] } },
{ "type": "Feature", "properties": { "name": "Urban Arterial", "highway": "residential", "slope_pct": 0.6 }, "geometry": { "type": "LineString", "coordinates": [ [ 77.1600593, 28.5139229 ], [ 77.1609964, 28.513106 ], [ 77.1612579, 28.5128915 ], [ 77.161591, 28.51263 ], [ 77.1617689, 28.5124788 ], [ 77.1620319, 28.5122632 ], [ 77.1624836, 28.5118928 ] ] } },
{ "type": "Feature", "properties": { "name": "Abdul Gaffar Khan Marg", "highway": "primary", "slope_pct": 0.6 }, "geometry": { "type": "LineString", "coordinates": [ [ 77.1619023, 28.5163488 ], [ 77.1608581, 28.5172084 ], [ 77.1605579, 28.5174368 ], [ 77.1604012, 28.5175739 ], [ 77.1602365, 28.5177399 ], [ 77.1601366, 28.5178563 ], [ 77.1600075, 28.518027 ], [ 77.1598085, 28.5182898 ] ] } },
{ "type": "Feature", "properties": { "name": "Urban Arterial", "highway": "residential", "slope_pct": 0.6 }, "geometry": { "type": "LineString", "coordinates": [ [ 77.1551472, 28.5190942 ], [ 77.1551476, 28.5189943 ], [ 77.1551494, 28.5185261 ], [ 77.1551683, 28.5179731 ], [ 77.1551677, 28.5170572 ], [ 77.1551713, 28.5170303 ], [ 77.1551821, 28.5170119 ], [ 77.1551999, 28.5170033 ], [ 77.1553067, 28.5169917 ], [ 77.1555224, 28.5169741 ], [ 77.1555443, 28.5169647 ], [ 77.1555635, 28.5169435 ], [ 77.155575, 28.5169128 ], [ 77.155575, 28.5167438 ], [ 77.1555805, 28.516722 ], [ 77.1556022, 28.5167017 ] ] } },
{ "type": "Feature", "properties": { "name": "Sector A, Pocket A internal road", "highway": "residential", "slope_pct": 0.6 }, "geometry": { "type": "LineString", "coordinates": [ [ 77.1620177, 28.5178504 ], [ 77.1626237, 28.5170184 ], [ 77.1630344, 28.5164544 ], [ 77.1630712, 28.5164039 ] ] } },
{ "type": "Feature", "properties": { "name": "Urban Arterial", "highway": "residential", "slope_pct": 0.6 }, "geometry": { "type": "LineString", "coordinates": [ [ 77.1629263, 28.518969 ], [ 77.1628505, 28.5189844 ], [ 77.1627791, 28.5189932 ], [ 77.1623326, 28.5190415 ], [ 77.1622465, 28.5190508 ], [ 77.1621852, 28.5190499 ], [ 77.1621488, 28.5190341 ], [ 77.162111, 28.5190034 ], [ 77.1618766, 28.5187697 ], [ 77.1618354, 28.5187465 ] ] } },
{ "type": "Feature", "properties": { "name": "Urban Arterial", "highway": "residential", "slope_pct": 0.6 }, "geometry": { "type": "LineString", "coordinates": [ [ 77.1586562, 28.5180808 ], [ 77.158974, 28.5176137 ], [ 77.1594847, 28.5168631 ] ] } },
{ "type": "Feature", "properties": { "name": "Urban Arterial", "highway": "primary", "slope_pct": 0.6 }, "geometry": { "type": "LineString", "coordinates": [ [ 77.1620072, 28.5164639 ], [ 77.1624165, 28.5161252 ] ] } },
{ "type": "Feature", "properties": { "name": "Urban Arterial", "highway": "primary_link", "slope_pct": 0.6 }, "geometry": { "type": "LineString", "coordinates": [ [ 77.1556539, 28.5248911 ], [ 77.1557041, 28.5247126 ], [ 77.15574, 28.5245993 ], [ 77.1557525, 28.5245631 ], [ 77.1557729, 28.5245039 ], [ 77.1558602, 28.524241 ] ] } },
{ "type": "Feature", "properties": { "name": "Abdul Gaffar Khan Marg", "highway": "primary", "slope_pct": 0.6 }, "geometry": { "type": "LineString", "coordinates": [ [ 77.1648799, 28.513765 ], [ 77.1646958, 28.5139641 ], [ 77.1645347, 28.5141167 ], [ 77.1643642, 28.5142811 ], [ 77.164014, 28.5146047 ], [ 77.1634549, 28.5150808 ], [ 77.1631906, 28.5152904 ], [ 77.1628003, 28.5156114 ], [ 77.1619851, 28.5162832 ], [ 77.1619023, 28.5163488 ] ] } },
{ "type": "Feature", "properties": { "name": "Urban Arterial", "highway": "residential", "slope_pct": 0.6 }, "geometry": { "type": "LineString", "coordinates": [ [ 77.1549651, 28.5137055 ], [ 77.1557126, 28.513681 ], [ 77.1557316, 28.5136842 ], [ 77.1557513, 28.5136976 ], [ 77.1557604, 28.5137159 ], [ 77.1557866, 28.5141447 ], [ 77.155792, 28.5141653 ], [ 77.1558046, 28.5141835 ], [ 77.1558245, 28.5141923 ], [ 77.1558669, 28.5141954 ], [ 77.1567188, 28.5141409 ], [ 77.1567513, 28.5141433 ], [ 77.1567702, 28.5141512 ], [ 77.1567828, 28.5141695 ], [ 77.1567961, 28.5142995 ] ] } },
{ "type": "Feature", "properties": { "name": "Urban Arterial", "highway": "residential", "slope_pct": 0.6 }, "geometry": { "type": "LineString", "coordinates": [ [ 77.1656878, 28.5124879 ], [ 77.1655315, 28.5126786 ], [ 77.1648602, 28.5134969 ], [ 77.1648133, 28.5135759 ], [ 77.1645628, 28.5138391 ], [ 77.1643771, 28.5140257 ], [ 77.1642016, 28.5141905 ], [ 77.1637076, 28.5146282 ], [ 77.163212, 28.5150437 ], [ 77.1629024, 28.5152989 ], [ 77.1627079, 28.5154563 ], [ 77.1623047, 28.5158037 ], [ 77.1617889, 28.5162416 ] ] } },
{ "type": "Feature", "properties": { "name": "Urban Arterial", "highway": "residential", "slope_pct": 0.6 }, "geometry": { "type": "LineString", "coordinates": [ [ 77.1495326, 28.5246906 ], [ 77.1505367, 28.5242943 ], [ 77.1507547, 28.5242129 ] ] } },
{ "type": "Feature", "properties": { "name": "Urban Arterial", "highway": "residential", "slope_pct": 0.6 }, "geometry": { "type": "LineString", "coordinates": [ [ 77.1610143, 28.5191823 ], [ 77.1613496, 28.5193597 ], [ 77.1614614, 28.5194191 ], [ 77.1616175, 28.519504 ], [ 77.1617651, 28.5195888 ], [ 77.1620225, 28.5197465 ], [ 77.162117, 28.5198075 ], [ 77.1622028, 28.5198636 ], [ 77.1622897, 28.5199187 ], [ 77.162362, 28.5199627 ], [ 77.1624361, 28.5200044 ], [ 77.162526, 28.5200562 ], [ 77.1626105, 28.5201033 ], [ 77.1629996, 28.5203135 ], [ 77.1632573, 28.5204551 ], [ 77.1635103, 28.5205982 ] ] } },
{ "type": "Feature", "properties": { "name": "Urban Arterial", "highway": "residential", "slope_pct": 0.6 }, "geometry": { "type": "LineString", "coordinates": [ [ 77.1589595, 28.5247405 ], [ 77.1595568, 28.5244585 ], [ 77.1596398, 28.5243465 ], [ 77.1594687, 28.5243123 ], [ 77.1588716, 28.5245991 ] ] } },
{ "type": "Feature", "properties": { "name": "Urban Arterial", "highway": "residential", "slope_pct": 0.6 }, "geometry": { "type": "LineString", "coordinates": [ [ 77.1548729, 28.5251 ], [ 77.1544092, 28.5244859 ] ] } },
{ "type": "Feature", "properties": { "name": "Abdul Gaffar Khan Marg", "highway": "primary", "slope_pct": 0.6 }, "geometry": { "type": "LineString", "coordinates": [ [ 77.1554932, 28.5246634 ], [ 77.1555615, 28.5245777 ], [ 77.1556288, 28.5244998 ], [ 77.1558343, 28.524269 ], [ 77.1558602, 28.524241 ], [ 77.1563342, 28.5237271 ], [ 77.1563944, 28.5236618 ], [ 77.1570724, 28.5229338 ], [ 77.1571619, 28.5228343 ], [ 77.1572359, 28.522742 ], [ 77.157463, 28.5224497 ], [ 77.1576052, 28.5222699 ], [ 77.1577411, 28.5220857 ], [ 77.157889, 28.521879 ], [ 77.1579987, 28.5217039 ], [ 77.1580757, 28.5215792 ], [ 77.1581373, 28.5214657 ], [ 77.1582737, 28.5212189 ], [ 77.1586388, 28.5205173 ], [ 77.1590752, 28.5196944 ], [ 77.1592225, 28.5194357 ], [ 77.1596235, 28.5187698 ], [ 77.1597146, 28.5186337 ], [ 77.1598171, 28.5184653 ] ] } },
{ "type": "Feature", "properties": { "name": "Urban Arterial", "highway": "residential", "slope_pct": 0.6 }, "geometry": { "type": "LineString", "coordinates": [ [ 77.1551119, 28.5249052 ], [ 77.1548163, 28.5245178 ], [ 77.1547291, 28.5243985 ] ] } },
{ "type": "Feature", "properties": { "name": "Urban Arterial", "highway": "residential", "slope_pct": 0.6 }, "geometry": { "type": "LineString", "coordinates": [ [ 77.1548163, 28.5245178 ], [ 77.1548635, 28.5244954 ], [ 77.1548955, 28.5244915 ], [ 77.1549216, 28.5245068 ], [ 77.1551266, 28.5247706 ] ] } },
{ "type": "Feature", "properties": { "name": "Urban Arterial", "highway": "residential", "slope_pct": 0.6 }, "geometry": { "type": "LineString", "coordinates": [ [ 77.1621701, 28.5197004 ], [ 77.1620522, 28.5192309 ], [ 77.1620617, 28.5191551 ], [ 77.16211, 28.5190996 ], [ 77.1621852, 28.5190499 ] ] } },
{ "type": "Feature", "properties": { "name": "Urban Arterial", "highway": "residential", "slope_pct": 0.6 }, "geometry": { "type": "LineString", "coordinates": [ [ 77.1595568, 28.5244585 ], [ 77.1596455, 28.524508 ], [ 77.1598264, 28.5248367 ] ] } },
{ "type": "Feature", "properties": { "name": "Urban Arterial", "highway": "residential", "slope_pct": 0.6 }, "geometry": { "type": "LineString", "coordinates": [ [ 77.1596455, 28.524508 ], [ 77.1598132, 28.5244541 ], [ 77.1598991, 28.5245052 ], [ 77.1601806, 28.5249543 ] ] } },
{ "type": "Feature", "properties": { "name": "Urban Arterial", "highway": "residential", "slope_pct": 0.6 }, "geometry": { "type": "LineString", "coordinates": [ [ 77.1572826, 28.517408 ], [ 77.1568763, 28.5181059 ] ] } },
{ "type": "Feature", "properties": { "name": "Urban Arterial", "highway": "residential", "slope_pct": 0.6 }, "geometry": { "type": "LineString", "coordinates": [ [ 77.1575171, 28.518417 ], [ 77.1579764, 28.5177451 ] ] } },
{ "type": "Feature", "properties": { "name": "Urban Arterial", "highway": "residential", "slope_pct": 0.6 }, "geometry": { "type": "LineString", "coordinates": [ [ 77.1557699, 28.5190355 ], [ 77.1558219, 28.5189196 ], [ 77.1558775, 28.5188065 ], [ 77.1558829, 28.518797 ], [ 77.1558883, 28.5187876 ], [ 77.1559634, 28.5186839 ], [ 77.1561404, 28.5184293 ], [ 77.1565338, 28.5179116 ] ] } },
{ "type": "Feature", "properties": { "name": "Urban Arterial", "highway": "tertiary", "slope_pct": 0.6 }, "geometry": { "type": "LineString", "coordinates": [ [ 77.1582823, 28.5147091 ], [ 77.1572861, 28.5147239 ], [ 77.1568132, 28.514731 ], [ 77.1561515, 28.5147408 ], [ 77.1547215, 28.5147622 ], [ 77.1527315, 28.5147918 ] ] } },
{ "type": "Feature", "properties": { "name": "Urban Arterial", "highway": "residential", "slope_pct": 0.6 }, "geometry": { "type": "LineString", "coordinates": [ [ 77.1598732, 28.5179612 ], [ 77.1600075, 28.518027 ] ] } },
{ "type": "Feature", "properties": { "name": "Urban Arterial", "highway": "residential", "slope_pct": 0.6 }, "geometry": { "type": "LineString", "coordinates": [ [ 77.1520767, 28.5238093 ], [ 77.1520497, 28.5237921 ], [ 77.152011, 28.5237781 ] ] } },
{ "type": "Feature", "properties": { "name": "Urban Arterial", "highway": "residential", "slope_pct": 0.6 }, "geometry": { "type": "LineString", "coordinates": [ [ 77.1507547, 28.5242129 ], [ 77.1517929, 28.5238128 ], [ 77.1518127, 28.5238086 ] ] } },
{ "type": "Feature", "properties": { "name": "Urban Arterial", "highway": "residential", "slope_pct": 0.6 }, "geometry": { "type": "LineString", "coordinates": [ [ 77.1524441, 28.5244763 ], [ 77.152526, 28.5244212 ] ] } },
{ "type": "Feature", "properties": { "name": "Urban Arterial", "highway": "residential", "slope_pct": 0.6 }, "geometry": { "type": "LineString", "coordinates": [ [ 77.1530835, 28.5222654 ], [ 77.1532276, 28.5221299 ], [ 77.1533444, 28.5219129 ], [ 77.1535079, 28.5217634 ], [ 77.1537682, 28.5216373 ], [ 77.1540752, 28.5215347 ], [ 77.154242, 28.5214438 ], [ 77.1542715, 28.5214352 ] ] } },
{ "type": "Feature", "properties": { "name": "Urban Arterial", "highway": "residential", "slope_pct": 0.6 }, "geometry": { "type": "LineString", "coordinates": [ [ 77.1542282, 28.5207349 ], [ 77.1542715, 28.5214352 ] ] } },
{ "type": "Feature", "properties": { "name": "Urban Arterial", "highway": "residential", "slope_pct": 0.6 }, "geometry": { "type": "LineString", "coordinates": [ [ 77.1518127, 28.5238086 ], [ 77.1519449, 28.5237803 ], [ 77.1519744, 28.5237759 ], [ 77.1519955, 28.5237771 ], [ 77.152011, 28.5237781 ] ] } },
{ "type": "Feature", "properties": { "name": "Aruna Asaf Ali Marg", "highway": "secondary", "slope_pct": 0.6 }, "geometry": { "type": "LineString", "coordinates": [ [ 77.1599919, 28.5184858 ], [ 77.1598596, 28.5184038 ] ] } },
{ "type": "Feature", "properties": { "name": "Aruna Asaf Ali Marg", "highway": "secondary", "slope_pct": 0.6 }, "geometry": { "type": "LineString", "coordinates": [ [ 77.1598171, 28.5184653 ], [ 77.1599049, 28.5185098 ] ] } },
{ "type": "Feature", "properties": { "name": "Urban Arterial", "highway": "residential", "slope_pct": 0.6 }, "geometry": { "type": "LineString", "coordinates": [ [ 77.1605222, 28.5226513 ], [ 77.1611329, 28.5217474 ] ] } },
{ "type": "Feature", "properties": { "name": "Urban Arterial", "highway": "residential", "slope_pct": 0.6 }, "geometry": { "type": "LineString", "coordinates": [ [ 77.159844, 28.5231257 ], [ 77.1602832, 28.5225165 ] ] } },
{ "type": "Feature", "properties": { "name": "Urban Arterial", "highway": "residential", "slope_pct": 0.6 }, "geometry": { "type": "LineString", "coordinates": [ [ 77.1593502, 28.5228599 ], [ 77.1597855, 28.5222357 ] ] } },
{ "type": "Feature", "properties": { "name": "Urban Arterial", "highway": "residential", "slope_pct": 0.6 }, "geometry": { "type": "LineString", "coordinates": [ [ 77.1593235, 28.520713 ], [ 77.1600337, 28.5196638 ], [ 77.1600526, 28.519645 ], [ 77.1600838, 28.5196331 ] ] } },
{ "type": "Feature", "properties": { "name": "Urban Arterial", "highway": "residential", "slope_pct": 0.6 }, "geometry": { "type": "LineString", "coordinates": [ [ 77.1609626, 28.5228996 ], [ 77.1615756, 28.5220506 ], [ 77.1615839, 28.5220318 ], [ 77.161588, 28.5220172 ], [ 77.1615878, 28.5220033 ] ] } },
{ "type": "Feature", "properties": { "name": "Urban Arterial", "highway": "residential", "slope_pct": 0.6 }, "geometry": { "type": "LineString", "coordinates": [ [ 77.159426, 28.5241021 ], [ 77.1600854, 28.5232624 ] ] } },
{ "type": "Feature", "properties": { "name": "Urban Arterial", "highway": "residential", "slope_pct": 0.6 }, "geometry": { "type": "LineString", "coordinates": [ [ 77.1603075, 28.5233756 ], [ 77.1607444, 28.5227766 ] ] } },
{ "type": "Feature", "properties": { "name": "Urban Arterial", "highway": "residential", "slope_pct": 0.6 }, "geometry": { "type": "LineString", "coordinates": [ [ 77.1600838, 28.5196331 ], [ 77.1601241, 28.5196356 ], [ 77.1601688, 28.5196474 ], [ 77.1605988, 28.5198854 ] ] } },
{ "type": "Feature", "properties": { "name": "Urban Arterial", "highway": "residential", "slope_pct": 0.6 }, "geometry": { "type": "LineString", "coordinates": [ [ 77.159577, 28.5229834 ], [ 77.1589768, 28.5238317 ], [ 77.158899, 28.5239245 ], [ 77.1587023, 28.5240847 ] ] } },
{ "type": "Feature", "properties": { "name": "Urban Arterial", "highway": "residential", "slope_pct": 0.6 }, "geometry": { "type": "LineString", "coordinates": [ [ 77.1599104, 28.5243756 ], [ 77.1605124, 28.5234899 ] ] } },
{ "type": "Feature", "properties": { "name": "Urban Arterial", "highway": "residential", "slope_pct": 0.6 }, "geometry": { "type": "LineString", "coordinates": [ [ 77.1598567, 28.5209876 ], [ 77.1605988, 28.5198854 ], [ 77.1607265, 28.5197111 ] ] } },
{ "type": "Feature", "properties": { "name": "Urban Arterial", "highway": "residential", "slope_pct": 0.6 }, "geometry": { "type": "LineString", "coordinates": [ [ 77.1606515, 28.5214833 ], [ 77.160029, 28.5223745 ] ] } },
{ "type": "Feature", "properties": { "name": "Urban Arterial", "highway": "residential", "slope_pct": 0.6 }, "geometry": { "type": "LineString", "coordinates": [ [ 77.1588514, 28.5204564 ], [ 77.1590597, 28.5205696 ], [ 77.1593235, 28.520713 ], [ 77.1595737, 28.5208485 ], [ 77.1598567, 28.5209876 ], [ 77.1601516, 28.5211319 ] ] } },
{ "type": "Feature", "properties": { "name": "Urban Arterial", "highway": "residential", "slope_pct": 0.6 }, "geometry": { "type": "LineString", "coordinates": [ [ 77.1577691, 28.5233321 ], [ 77.1578281, 28.5232504 ], [ 77.1584678, 28.522365 ], [ 77.1585528, 28.5222414 ], [ 77.1589067, 28.5217615 ], [ 77.1595737, 28.5208485 ] ] } },
{ "type": "Feature", "properties": { "name": "Urban Arterial", "highway": "residential", "slope_pct": 0.6 }, "geometry": { "type": "LineString", "coordinates": [ [ 77.1595525, 28.5193273 ], [ 77.159117, 28.5200335 ], [ 77.1588514, 28.5204564 ], [ 77.1581418, 28.5217819 ], [ 77.158004, 28.521988 ], [ 77.1576295, 28.5224853 ], [ 77.1572527, 28.5229742 ], [ 77.1572184, 28.5230187 ] ] } },
{ "type": "Feature", "properties": { "name": "Urban Arterial", "highway": "residential", "slope_pct": 0.6 }, "geometry": { "type": "LineString", "coordinates": [ [ 77.1584678, 28.522365 ], [ 77.1589264, 28.5226222 ], [ 77.1593502, 28.5228599 ], [ 77.159577, 28.5229834 ], [ 77.159844, 28.5231257 ], [ 77.1600854, 28.5232624 ], [ 77.1603075, 28.5233756 ], [ 77.1605124, 28.5234899 ], [ 77.1607105, 28.523589 ], [ 77.1610334, 28.5237507 ], [ 77.1611176, 28.5237928 ] ] } },
{ "type": "Feature", "properties": { "name": "Urban Arterial", "highway": "residential", "slope_pct": 0.6 }, "geometry": { "type": "LineString", "coordinates": [ [ 77.1589067, 28.5217615 ], [ 77.1593627, 28.5220075 ], [ 77.1597855, 28.5222357 ], [ 77.160029, 28.5223745 ], [ 77.1602832, 28.5225165 ], [ 77.1605222, 28.5226513 ], [ 77.1607444, 28.5227766 ], [ 77.1609626, 28.5228996 ], [ 77.1611824, 28.5230235 ] ] } },
{ "type": "Feature", "properties": { "name": "Urban Arterial", "highway": "residential", "slope_pct": 0.6 }, "geometry": { "type": "LineString", "coordinates": [ [ 77.1594192, 28.5184269 ], [ 77.1586562, 28.5180808 ] ] } },
{ "type": "Feature", "properties": { "name": "Urban Arterial", "highway": "primary_link", "slope_pct": 0.6 }, "geometry": { "type": "LineString", "coordinates": [ [ 77.1599919, 28.5184858 ], [ 77.1599695, 28.5184473 ], [ 77.1599582, 28.5184255 ], [ 77.1599501, 28.5183973 ], [ 77.1599443, 28.5183795 ], [ 77.1599452, 28.5183444 ], [ 77.1599517, 28.5183141 ], [ 77.1599671, 28.5182796 ], [ 77.1599932, 28.5182391 ] ] } },
{ "type": "Feature", "properties": { "name": "Abdul Gaffar Khan Marg", "highway": "primary", "slope_pct": 0.6 }, "geometry": { "type": "LineString", "coordinates": [ [ 77.1598596, 28.5184038 ], [ 77.1599932, 28.5182391 ] ] } },
{ "type": "Feature", "properties": { "name": "Abdul Gaffar Khan Marg", "highway": "primary", "slope_pct": 0.6 }, "geometry": { "type": "LineString", "coordinates": [ [ 77.1598171, 28.5184653 ], [ 77.1598596, 28.5184038 ] ] } },
{ "type": "Feature", "properties": { "name": "Urban Arterial", "highway": "residential", "slope_pct": 0.6 }, "geometry": { "type": "LineString", "coordinates": [ [ 77.1568763, 28.5181059 ], [ 77.156195, 28.5190855 ] ] } },
{ "type": "Feature", "properties": { "name": "Urban Arterial", "highway": "residential", "slope_pct": 0.6 }, "geometry": { "type": "LineString", "coordinates": [ [ 77.1575561, 28.5184359 ], [ 77.1570832, 28.5190772 ] ] } },
{ "type": "Feature", "properties": { "name": "Urban Arterial", "highway": "primary_link", "slope_pct": 0.6 }, "geometry": { "type": "LineString", "coordinates": [ [ 77.1597146, 28.5186337 ], [ 77.1597914, 28.5185958 ], [ 77.159841, 28.5185805 ], [ 77.1599142, 28.5185652 ], [ 77.159975, 28.5185544 ] ] } },
{ "type": "Feature", "properties": { "name": "Urban Arterial", "highway": "residential", "slope_pct": 0.6 }, "geometry": { "type": "LineString", "coordinates": [ [ 77.1618354, 28.5187465 ], [ 77.1617824, 28.5187316 ], [ 77.1616924, 28.5187136 ], [ 77.1615161, 28.5186808 ], [ 77.1611634, 28.5186071 ], [ 77.1605244, 28.518467 ], [ 77.1604672, 28.518467 ], [ 77.1604238, 28.5184781 ], [ 77.1603857, 28.5185059 ], [ 77.1602646, 28.5186321 ] ] } },
{ "type": "Feature", "properties": { "name": "Urban Arterial", "highway": "primary", "slope_pct": 0.6 }, "geometry": { "type": "LineString", "coordinates": [ [ 77.1598085, 28.5182898 ], [ 77.1597684, 28.5183554 ], [ 77.159733, 28.518417 ] ] } },
{ "type": "Feature", "properties": { "name": "Urban Arterial", "highway": "secondary", "slope_pct": 0.6 }, "geometry": { "type": "LineString", "coordinates": [ [ 77.159733, 28.518417 ], [ 77.1598171, 28.5184653 ] ] } },
{ "type": "Feature", "properties": { "name": "Urban Arterial", "highway": "secondary", "slope_pct": 0.6 }, "geometry": { "type": "LineString", "coordinates": [ [ 77.1598596, 28.5184038 ], [ 77.1597684, 28.5183554 ] ] } },
{ "type": "Feature", "properties": { "name": "Urban Arterial", "highway": "primary", "slope_pct": 0.6 }, "geometry": { "type": "LineString", "coordinates": [ [ 77.159733, 28.518417 ], [ 77.1596671, 28.5185393 ] ] } },
{ "type": "Feature", "properties": { "name": "Aruna Asaf Ali Marg", "highway": "secondary", "slope_pct": 0.6 }, "geometry": { "type": "LineString", "coordinates": [ [ 77.1599049, 28.5185098 ], [ 77.159975, 28.5185544 ], [ 77.1600978, 28.5186324 ] ] } },
{ "type": "Feature", "properties": { "name": "Urban Arterial", "highway": "residential", "slope_pct": 0.6 }, "geometry": { "type": "LineString", "coordinates": [ [ 77.1578002, 28.5185491 ], [ 77.1579906, 28.5181892 ] ] } },
{ "type": "Feature", "properties": { "name": "Urban Arterial", "highway": "residential", "slope_pct": 0.6 }, "geometry": { "type": "LineString", "coordinates": [ [ 77.1617132, 28.5223195 ], [ 77.161629, 28.5223478 ], [ 77.161592, 28.5223949 ], [ 77.1615101, 28.5225011 ], [ 77.1614264, 28.5226086 ], [ 77.1613557, 28.5227042 ], [ 77.1613421, 28.5227652 ], [ 77.1613302, 28.5228219 ] ] } },
{ "type": "Feature", "properties": { "name": "Urban Arterial", "highway": "residential", "slope_pct": 0.6 }, "geometry": { "type": "LineString", "coordinates": [ [ 77.1606278, 28.5233386 ], [ 77.1606803, 28.5233302 ], [ 77.1607009, 28.523323 ], [ 77.1607165, 28.5233129 ], [ 77.1607776, 28.5232481 ], [ 77.1608527, 28.5231543 ], [ 77.160859, 28.5231285 ], [ 77.1608544, 28.5230934 ], [ 77.160843, 28.5230692 ] ] } },
{ "type": "Feature", "properties": { "name": "Urban Arterial", "highway": "residential", "slope_pct": 0.6 }, "geometry": { "type": "LineString", "coordinates": [ [ 77.1601953, 28.5230828 ], [ 77.1602337, 28.5230749 ], [ 77.1602676, 28.5230554 ], [ 77.1602945, 28.5230284 ], [ 77.1603348, 28.5229738 ], [ 77.160365, 28.5229187 ], [ 77.1603777, 28.522893 ], [ 77.16038, 28.5228688 ], [ 77.1603726, 28.5228127 ] ] } },
{ "type": "Feature", "properties": { "name": "Urban Arterial", "highway": "residential", "slope_pct": 0.6 }, "geometry": { "type": "LineString", "coordinates": [ [ 77.1608922, 28.5225509 ], [ 77.1609524, 28.5225271 ], [ 77.160974, 28.5225129 ], [ 77.1609905, 28.5224941 ], [ 77.1610128, 28.5224657 ], [ 77.161089, 28.5223564 ], [ 77.1611137, 28.5223125 ], [ 77.1611364, 28.5222705 ], [ 77.1611507, 28.5222274 ], [ 77.1611485, 28.5221844 ], [ 77.1612065, 28.5221005 ] ] } },
{ "type": "Feature", "properties": { "name": "Urban Arterial", "highway": "residential", "slope_pct": 0.6 }, "geometry": { "type": "LineString", "coordinates": [ [ 77.1615878, 28.5220033 ], [ 77.1615723, 28.5219867 ], [ 77.1613663, 28.5218756 ], [ 77.161248, 28.521809 ], [ 77.1611329, 28.5217474 ], [ 77.1606515, 28.5214833 ] ] } },
{ "type": "Feature", "properties": { "name": "Urban Arterial", "highway": "residential", "slope_pct": 0.6 }, "geometry": { "type": "LineString", "coordinates": [ [ 77.1594687, 28.5243123 ], [ 77.1595568, 28.5244585 ] ] } },
{ "type": "Feature", "properties": { "name": "Urban Arterial", "highway": "residential", "slope_pct": 0.6 }, "geometry": { "type": "LineString", "coordinates": [ [ 77.1601714, 28.5186765 ], [ 77.1600099, 28.5188367 ], [ 77.1596969, 28.5191472 ], [ 77.1596068, 28.5192595 ] ] } },
{ "type": "Feature", "properties": { "name": "Urban Arterial", "highway": "residential", "slope_pct": 0.6 }, "geometry": { "type": "LineString", "coordinates": [ [ 77.1595737, 28.5208485 ], [ 77.1600947, 28.5200795 ] ] } },
{ "type": "Feature", "properties": { "name": "Urban Arterial", "highway": "residential", "slope_pct": 0.6 }, "geometry": { "type": "LineString", "coordinates": [ [ 77.1598909, 28.5194195 ], [ 77.1597866, 28.5195683 ], [ 77.1596496, 28.5197589 ], [ 77.1595777, 28.5198601 ] ] } },
{ "type": "Feature", "properties": { "name": "Urban Arterial", "highway": "residential", "slope_pct": 0.6 }, "geometry": { "type": "LineString", "coordinates": [ [ 77.1582441, 28.5187482 ], [ 77.1581171, 28.5189824 ] ] } },
{ "type": "Feature", "properties": { "name": "Urban Arterial", "highway": "residential", "slope_pct": 0.6 }, "geometry": { "type": "LineString", "coordinates": [ [ 77.1596671, 28.5185393 ], [ 77.1594192, 28.5184269 ] ] } },
{ "type": "Feature", "properties": { "name": "Urban Arterial", "highway": "residential", "slope_pct": 0.6 }, "geometry": { "type": "LineString", "coordinates": [ [ 77.1595777, 28.5198601 ], [ 77.1595581, 28.5198636 ], [ 77.1595063, 28.5198812 ], [ 77.1594624, 28.5199162 ], [ 77.1594225, 28.5199565 ], [ 77.159269, 28.5201859 ], [ 77.1592431, 28.520249 ], [ 77.1592391, 28.5202945 ], [ 77.1592299, 28.5203217 ], [ 77.1590597, 28.5205696 ] ] } },
{ "type": "Feature", "properties": { "name": "Urban Arterial", "highway": "residential", "slope_pct": 0.6 }, "geometry": { "type": "LineString", "coordinates": [ [ 77.1592299, 28.5203217 ], [ 77.1592675, 28.520306 ], [ 77.1593148, 28.5202875 ], [ 77.1593706, 28.5202315 ], [ 77.1595002, 28.5200931 ], [ 77.1595381, 28.5200353 ], [ 77.159562, 28.5199932 ], [ 77.1595799, 28.5199354 ], [ 77.1595839, 28.5198864 ], [ 77.1595777, 28.5198601 ] ] } },
{ "type": "Feature", "properties": { "name": "Urban Arterial", "highway": "residential", "slope_pct": 0.6 }, "geometry": { "type": "LineString", "coordinates": [ [ 77.1596068, 28.5192595 ], [ 77.1595525, 28.5193273 ] ] } },
{ "type": "Feature", "properties": { "name": "Urban Arterial", "highway": "residential", "slope_pct": 0.6 }, "geometry": { "type": "LineString", "coordinates": [ [ 77.1593627, 28.5220075 ], [ 77.1589264, 28.5226222 ] ] } },
{ "type": "Feature", "properties": { "name": "Urban Arterial", "highway": "residential", "slope_pct": 0.6 }, "geometry": { "type": "LineString", "coordinates": [ [ 77.1598886, 28.5225459 ], [ 77.1598938, 28.5225578 ], [ 77.1599022, 28.5225985 ], [ 77.1599064, 28.5226233 ], [ 77.1598811, 28.5226716 ], [ 77.1598219, 28.5227509 ], [ 77.1597908, 28.5227682 ], [ 77.1597129, 28.5227814 ] ] } },
{ "type": "Feature", "properties": { "name": "Urban Arterial", "highway": "residential", "slope_pct": 0.6 }, "geometry": { "type": "LineString", "coordinates": [ [ 77.1597129, 28.5227814 ], [ 77.159577, 28.5229834 ] ] } },
{ "type": "Feature", "properties": { "name": "Urban Arterial", "highway": "residential", "slope_pct": 0.6 }, "geometry": { "type": "LineString", "coordinates": [ [ 77.1598886, 28.5225459 ], [ 77.1598576, 28.522545 ], [ 77.1598279, 28.5225512 ], [ 77.159803, 28.5225606 ], [ 77.1597781, 28.5225783 ], [ 77.1597046, 28.5226627 ], [ 77.1596833, 28.5227022 ], [ 77.1596869, 28.5227314 ], [ 77.1597129, 28.5227814 ] ] } },
{ "type": "Feature", "properties": { "name": "Urban Arterial", "highway": "residential", "slope_pct": 0.6 }, "geometry": { "type": "LineString", "coordinates": [ [ 77.160029, 28.5223745 ], [ 77.1598886, 28.5225459 ] ] } },
{ "type": "Feature", "properties": { "name": "Urban Arterial", "highway": "residential", "slope_pct": 0.6 }, "geometry": { "type": "LineString", "coordinates": [ [ 77.1587023, 28.5240847 ], [ 77.1585996, 28.5241617 ] ] } },
{ "type": "Feature", "properties": { "name": "Urban Arterial", "highway": "residential", "slope_pct": 0.6 }, "geometry": { "type": "LineString", "coordinates": [ [ 77.1605124, 28.5234899 ], [ 77.1606278, 28.5233386 ] ] } },
{ "type": "Feature", "properties": { "name": "Urban Arterial", "highway": "residential", "slope_pct": 0.6 }, "geometry": { "type": "LineString", "coordinates": [ [ 77.160843, 28.5230692 ], [ 77.1609626, 28.5228996 ] ] } },
{ "type": "Feature", "properties": { "name": "Urban Arterial", "highway": "residential", "slope_pct": 0.6 }, "geometry": { "type": "LineString", "coordinates": [ [ 77.1606278, 28.5233386 ], [ 77.1606156, 28.5232952 ], [ 77.1606199, 28.5232717 ], [ 77.1607129, 28.523133 ], [ 77.1607326, 28.5231082 ], [ 77.1607552, 28.5230921 ], [ 77.1607991, 28.5230732 ], [ 77.160843, 28.5230692 ] ] } },
{ "type": "Feature", "properties": { "name": "Urban Arterial", "highway": "residential", "slope_pct": 0.6 }, "geometry": { "type": "LineString", "coordinates": [ [ 77.1600854, 28.5232624 ], [ 77.1601953, 28.5230828 ] ] } },
{ "type": "Feature", "properties": { "name": "Urban Arterial", "highway": "residential", "slope_pct": 0.6 }, "geometry": { "type": "LineString", "coordinates": [ [ 77.1603726, 28.5228127 ], [ 77.1605222, 28.5226513 ] ] } },
{ "type": "Feature", "properties": { "name": "Urban Arterial", "highway": "residential", "slope_pct": 0.6 }, "geometry": { "type": "LineString", "coordinates": [ [ 77.1601953, 28.5230828 ], [ 77.1601812, 28.523053 ], [ 77.1601757, 28.5230203 ], [ 77.1601788, 28.5229843 ], [ 77.1602643, 28.5228609 ], [ 77.1602973, 28.5228319 ], [ 77.1603229, 28.5228233 ], [ 77.1603726, 28.5228127 ] ] } },
{ "type": "Feature", "properties": { "name": "Urban Arterial", "highway": "residential", "slope_pct": 0.6 }, "geometry": { "type": "LineString", "coordinates": [ [ 77.1611824, 28.5230235 ], [ 77.1614154, 28.5231549 ], [ 77.1615372, 28.5232236 ] ] } },
{ "type": "Feature", "properties": { "name": "Urban Arterial", "highway": "residential", "slope_pct": 0.6 }, "geometry": { "type": "LineString", "coordinates": [ [ 77.1611824, 28.5230235 ], [ 77.1609152, 28.5233536 ], [ 77.1607105, 28.523589 ] ] } },
{ "type": "Feature", "properties": { "name": "Urban Arterial", "highway": "residential", "slope_pct": 0.6 }, "geometry": { "type": "LineString", "coordinates": [ [ 77.1607444, 28.5227766 ], [ 77.1608922, 28.5225509 ] ] } },
{ "type": "Feature", "properties": { "name": "Urban Arterial", "highway": "residential", "slope_pct": 0.6 }, "geometry": { "type": "LineString", "coordinates": [ [ 77.1612065, 28.5221005 ], [ 77.1613663, 28.5218756 ] ] } },
{ "type": "Feature", "properties": { "name": "Urban Arterial", "highway": "residential", "slope_pct": 0.6 }, "geometry": { "type": "LineString", "coordinates": [ [ 77.1608922, 28.5225509 ], [ 77.1608799, 28.5225162 ], [ 77.1608823, 28.5224787 ], [ 77.1608994, 28.52244 ], [ 77.1610534, 28.5222114 ], [ 77.1610729, 28.5221964 ], [ 77.1611083, 28.5221857 ], [ 77.1611485, 28.5221844 ] ] } },
{ "type": "Feature", "properties": { "name": "Urban Arterial", "highway": "residential", "slope_pct": 0.6 }, "geometry": { "type": "LineString", "coordinates": [ [ 77.1613302, 28.5228219 ], [ 77.1611824, 28.5230235 ] ] } },
{ "type": "Feature", "properties": { "name": "Urban Arterial", "highway": "residential", "slope_pct": 0.6 }, "geometry": { "type": "LineString", "coordinates": [ [ 77.1617897, 28.5221953 ], [ 77.1617132, 28.5223195 ] ] } },
{ "type": "Feature", "properties": { "name": "Urban Arterial", "highway": "residential", "slope_pct": 0.6 }, "geometry": { "type": "LineString", "coordinates": [ [ 77.1613302, 28.5228219 ], [ 77.1614519, 28.5227686 ], [ 77.1614784, 28.5227427 ], [ 77.1617297, 28.5223835 ], [ 77.1617132, 28.5223195 ] ] } },
{ "type": "Feature", "properties": { "name": "Urban Arterial", "highway": "residential", "slope_pct": 0.6 }, "geometry": { "type": "LineString", "coordinates": [ [ 77.1637895, 28.5176744 ], [ 77.1641621, 28.5170805 ], [ 77.1641662, 28.5170709 ], [ 77.1641679, 28.517056 ] ] } },
{ "type": "Feature", "properties": { "name": "Urban Arterial", "highway": "residential", "slope_pct": 0.6 }, "geometry": { "type": "LineString", "coordinates": [ [ 77.1643635, 28.514917 ], [ 77.1644064, 28.5149281 ], [ 77.1644196, 28.5149326 ], [ 77.1644305, 28.5149379 ], [ 77.1644413, 28.514945 ], [ 77.1644981, 28.5150117 ], [ 77.1645473, 28.5150667 ], [ 77.1645973, 28.5151227 ], [ 77.1646215, 28.5151498 ], [ 77.1648191, 28.5153389 ], [ 77.1649543, 28.5154638 ], [ 77.1650621, 28.5155452 ], [ 77.1651193, 28.5155854 ], [ 77.1651819, 28.5156272 ] ] } },
{ "type": "Feature", "properties": { "name": "Urban Arterial", "highway": "residential", "slope_pct": 0.6 }, "geometry": { "type": "LineString", "coordinates": [ [ 77.164551, 28.5158713 ], [ 77.1644468, 28.5153986 ], [ 77.1644138, 28.515264 ], [ 77.1643705, 28.5151077 ], [ 77.1643122, 28.5148863 ] ] } },
{ "type": "Feature", "properties": { "name": "Urban Arterial", "highway": "residential", "slope_pct": 0.6 }, "geometry": { "type": "LineString", "coordinates": [ [ 77.1674184, 28.5143518 ], [ 77.166954, 28.514506 ], [ 77.1665987, 28.514624 ], [ 77.166205, 28.514747 ] ] } },
{ "type": "Feature", "properties": { "name": "Urban Arterial", "highway": "residential", "slope_pct": 0.6 }, "geometry": { "type": "LineString", "coordinates": [ [ 77.1670935, 28.5135642 ], [ 77.1658338, 28.5139492 ] ] } },
{ "type": "Feature", "properties": { "name": "Urban Arterial", "highway": "residential", "slope_pct": 0.6 }, "geometry": { "type": "LineString", "coordinates": [ [ 77.1636772, 28.5167898 ], [ 77.1636891, 28.5167895 ], [ 77.1637022, 28.5167943 ], [ 77.1641508, 28.5170383 ], [ 77.1641606, 28.5170465 ], [ 77.1641679, 28.517056 ] ] } },
{ "type": "Feature", "properties": { "name": "Kishangarh access road", "highway": "tertiary", "slope_pct": 0.6 }, "geometry": { "type": "LineString", "coordinates": [ [ 77.1642649, 28.5169796 ], [ 77.1639117, 28.5167925 ], [ 77.1635424, 28.5166185 ], [ 77.1633661, 28.5165363 ], [ 77.1632718, 28.5164924 ], [ 77.1630712, 28.5164039 ], [ 77.1629909, 28.5163685 ], [ 77.1626325, 28.5162167 ], [ 77.1624165, 28.5161252 ] ] } },
{ "type": "Feature", "properties": { "name": "Urban Arterial", "highway": "residential", "slope_pct": 0.6 }, "geometry": { "type": "LineString", "coordinates": [ [ 77.1651819, 28.5156272 ], [ 77.1652328, 28.5156474 ], [ 77.1652945, 28.5156695 ], [ 77.1658498, 28.5158287 ], [ 77.1660693, 28.5158937 ], [ 77.1667377, 28.5160916 ] ] } },
{ "type": "Feature", "properties": { "name": "Urban Arterial", "highway": "residential", "slope_pct": 0.6 }, "geometry": { "type": "LineString", "coordinates": [ [ 77.1650676, 28.5171308 ], [ 77.1650746, 28.5172028 ], [ 77.1650478, 28.5173112 ], [ 77.1650286, 28.5173606 ], [ 77.1649912, 28.5174072 ], [ 77.1649297, 28.5174524 ], [ 77.164752, 28.5175801 ] ] } },
{ "type": "Feature", "properties": { "name": "Urban Arterial", "highway": "residential", "slope_pct": 0.6 }, "geometry": { "type": "LineString", "coordinates": [ [ 77.1661308, 28.5170151 ], [ 77.1661356, 28.5170388 ], [ 77.1661539, 28.5170512 ], [ 77.166179, 28.5170536 ], [ 77.1666304, 28.517039 ] ] } },
{ "type": "Feature", "properties": { "name": "Urban Arterial", "highway": "residential", "slope_pct": 0.6 }, "geometry": { "type": "LineString", "coordinates": [ [ 77.1650916, 28.5140669 ], [ 77.1656097, 28.5134335 ], [ 77.1659331, 28.5130234 ], [ 77.1659689, 28.512978 ], [ 77.1660368, 28.5128999 ], [ 77.1662547, 28.5126462 ], [ 77.1665629, 28.5122778 ] ] } },
{ "type": "Feature", "properties": { "name": "Urban Arterial", "highway": "residential", "slope_pct": 0.6 }, "geometry": { "type": "LineString", "coordinates": [ [ 77.1649218, 28.5157393 ], [ 77.1650452, 28.5161426 ], [ 77.1650843, 28.5162709 ], [ 77.165126, 28.5163809 ], [ 77.1651805, 28.5164758 ], [ 77.1654512, 28.5168936 ], [ 77.1654515, 28.5169209 ] ] } },
{ "type": "Feature", "properties": { "name": "Urban Arterial", "highway": "residential", "slope_pct": 0.6 }, "geometry": { "type": "LineString", "coordinates": [ [ 77.1648133, 28.5135759 ], [ 77.1649483, 28.5136835 ] ] } },
{ "type": "Feature", "properties": { "name": "Urban Arterial", "highway": "residential", "slope_pct": 0.6 }, "geometry": { "type": "LineString", "coordinates": [ [ 77.164259, 28.5148332 ], [ 77.1638958, 28.5151857 ], [ 77.163841, 28.5152436 ], [ 77.1638125, 28.5152708 ], [ 77.1637875, 28.5152947 ], [ 77.1636679, 28.5153956 ], [ 77.1635392, 28.5154939 ], [ 77.1634915, 28.5155241 ], [ 77.1634767, 28.5155471 ], [ 77.1634693, 28.515573 ], [ 77.163466, 28.5155931 ], [ 77.1634546, 28.5156219 ], [ 77.1634318, 28.515642 ], [ 77.1633929, 28.5156614 ], [ 77.1633446, 28.515682 ], [ 77.1626325, 28.5162167 ] ] } },
{ "type": "Feature", "properties": { "name": "Urban Arterial", "highway": "residential", "slope_pct": 0.6 }, "geometry": { "type": "LineString", "coordinates": [ [ 77.1651819, 28.5156272 ], [ 77.1650572, 28.5156832 ], [ 77.1649218, 28.5157393 ], [ 77.164551, 28.5158713 ] ] } },
{ "type": "Feature", "properties": { "name": "Urban Arterial", "highway": "residential", "slope_pct": 0.6 }, "geometry": { "type": "LineString", "coordinates": [ [ 77.1643635, 28.514917 ], [ 77.1643378, 28.5149052 ], [ 77.1643122, 28.5148863 ], [ 77.164259, 28.5148332 ], [ 77.164234, 28.5148076 ], [ 77.1641242, 28.5146955 ] ] } },
{ "type": "Feature", "properties": { "name": "Urban Arterial", "highway": "residential", "slope_pct": 0.6 }, "geometry": { "type": "LineString", "coordinates": [ [ 77.1642256, 28.5159492 ], [ 77.1642552, 28.5159519 ], [ 77.1643099, 28.5159224 ], [ 77.164551, 28.5158713 ] ] } },
{ "type": "Feature", "properties": { "name": "Urban Arterial", "highway": "residential", "slope_pct": 0.6 }, "geometry": { "type": "LineString", "coordinates": [ [ 77.1638125, 28.5152708 ], [ 77.1639063, 28.5154459 ], [ 77.1639606, 28.5155472 ], [ 77.1641902, 28.5159168 ], [ 77.1642093, 28.5159376 ], [ 77.1642256, 28.5159492 ] ] } },
{ "type": "Feature", "properties": { "name": "Urban Arterial", "highway": "residential", "slope_pct": 0.6 }, "geometry": { "type": "LineString", "coordinates": [ [ 77.1645973, 28.5151227 ], [ 77.1647032, 28.5150757 ], [ 77.1647742, 28.5150604 ], [ 77.1650773, 28.5150274 ] ] } },
{ "type": "Feature", "properties": { "name": "Urban Arterial", "highway": "residential", "slope_pct": 0.6 }, "geometry": { "type": "LineString", "coordinates": [ [ 77.1645473, 28.5150667 ], [ 77.1650143, 28.5147906 ] ] } },
{ "type": "Feature", "properties": { "name": "Urban Arterial", "highway": "residential", "slope_pct": 0.6 }, "geometry": { "type": "LineString", "coordinates": [ [ 77.164752, 28.5175801 ], [ 77.164659, 28.5169441 ], [ 77.1645529, 28.5163184 ] ] } },
{ "type": "Feature", "properties": { "name": "Urban Arterial", "highway": "residential", "slope_pct": 0.6 }, "geometry": { "type": "LineString", "coordinates": [ [ 77.1642649, 28.5169796 ], [ 77.1641757, 28.5160739 ], [ 77.1642256, 28.5159492 ] ] } },
{ "type": "Feature", "properties": { "name": "Urban Arterial", "highway": "residential", "slope_pct": 0.6 }, "geometry": { "type": "LineString", "coordinates": [ [ 77.1661308, 28.5170151 ], [ 77.1661305, 28.5163143 ], [ 77.1661418, 28.5162628 ], [ 77.1661668, 28.5162236 ], [ 77.1662108, 28.51618 ], [ 77.1662681, 28.5161423 ], [ 77.1663372, 28.5161178 ], [ 77.166403, 28.516111 ], [ 77.166475, 28.5161112 ], [ 77.1665469, 28.5161178 ], [ 77.1666909, 28.5161423 ] ] } },
{ "type": "Feature", "properties": { "name": "Urban Arterial", "highway": "residential", "slope_pct": 0.6 }, "geometry": { "type": "LineString", "coordinates": [ [ 77.1650676, 28.5171308 ], [ 77.1648724, 28.5165766 ] ] } },
{ "type": "Feature", "properties": { "name": "Urban Arterial", "highway": "residential", "slope_pct": 0.6 }, "geometry": { "type": "LineString", "coordinates": [ [ 77.1660693, 28.5158937 ], [ 77.16608, 28.5157053 ], [ 77.1658225, 28.5149137 ], [ 77.1658225, 28.5146935 ] ] } },
{ "type": "Feature", "properties": { "name": "Urban Arterial", "highway": "residential", "slope_pct": 0.6 }, "geometry": { "type": "LineString", "coordinates": [ [ 77.1654515, 28.5169209 ], [ 77.1654412, 28.5169412 ], [ 77.1654048, 28.5169601 ], [ 77.1651417, 28.5170967 ], [ 77.1651059, 28.51713 ], [ 77.1651009, 28.5171737 ], [ 77.1650998, 28.5172283 ], [ 77.1651009, 28.5172811 ], [ 77.1651308, 28.5173355 ] ] } },
{ "type": "Feature", "properties": { "name": "Urban Arterial", "highway": "residential", "slope_pct": 0.6 }, "geometry": { "type": "LineString", "coordinates": [ [ 77.1654048, 28.5169601 ], [ 77.1656165, 28.5174693 ] ] } },
{ "type": "Feature", "properties": { "name": "Bhagwan Mahavir Marg", "highway": "tertiary", "slope_pct": 0.6 }, "geometry": { "type": "LineString", "coordinates": [ [ 77.1641482, 28.5254309 ], [ 77.1642383, 28.5253747 ], [ 77.1650003, 28.5249249 ], [ 77.1652177, 28.5248004 ], [ 77.1660912, 28.5242894 ], [ 77.166231, 28.5242085 ], [ 77.1666145, 28.5239865 ], [ 77.1676417, 28.523392 ], [ 77.1677203, 28.5233502 ], [ 77.1677936, 28.5233104 ], [ 77.167852, 28.5232852 ] ] } },
{ "type": "Feature", "properties": { "name": "Urban Arterial", "highway": "residential", "slope_pct": 0.6 }, "geometry": { "type": "LineString", "coordinates": [ [ 77.1731715, 28.5198181 ], [ 77.172638, 28.5197997 ], [ 77.1724151, 28.5197939 ], [ 77.1722415, 28.5197863 ], [ 77.1721177, 28.5197748 ], [ 77.171879, 28.5197479 ], [ 77.1714684, 28.5197017 ], [ 77.171362, 28.5196883 ], [ 77.1711166, 28.5196643 ], [ 77.1701678, 28.5195761 ], [ 77.169947, 28.5195763 ], [ 77.1697996, 28.5195854 ], [ 77.1696403, 28.5196313 ], [ 77.1695369, 28.5196655 ], [ 77.1687947, 28.5199079 ], [ 77.1686774, 28.5199393 ], [ 77.1685423, 28.519964 ], [ 77.1683988, 28.51998 ], [ 77.1683415, 28.5199945 ], [ 77.1682769, 28.5200212 ], [ 77.167947, 28.5201485 ], [ 77.1677313, 28.5202277 ], [ 77.1676607, 28.5202536 ], [ 77.1676202, 28.5202685 ], [ 77.1672907, 28.5203896 ], [ 77.1671691, 28.5204259 ], [ 77.1670232, 28.5204568 ], [ 77.1668479, 28.5204718 ], [ 77.1667645, 28.5204853 ], [ 77.1666128, 28.5205199 ], [ 77.1664809, 28.520563 ], [ 77.1663642, 28.5206043 ], [ 77.16624, 28.5206554 ], [ 77.1661162, 28.5207153 ], [ 77.1660035, 28.5207772 ], [ 77.1659258, 28.5208284 ], [ 77.1658629, 28.5208767 ], [ 77.1658061, 28.5209395 ], [ 77.1657619, 28.5210116 ] ] } },
{ "type": "Feature", "properties": { "name": "Baba Laturiya Marg", "highway": "residential", "slope_pct": 0.6 }, "geometry": { "type": "LineString", "coordinates": [ [ 77.1731715, 28.5198181 ], [ 77.1730946, 28.5196067 ], [ 77.1730384, 28.5194833 ], [ 77.1729837, 28.5193945 ], [ 77.1728942, 28.5192534 ], [ 77.1726469, 28.5188968 ], [ 77.1726223, 28.5188688 ], [ 77.1725931, 28.5188539 ], [ 77.1725655, 28.5188524 ], [ 77.1725416, 28.5188604 ], [ 77.172468, 28.518916 ], [ 77.1722808, 28.519027 ], [ 77.1722521, 28.5190418 ], [ 77.1722199, 28.5190346 ], [ 77.1721868, 28.5190152 ], [ 77.1718675, 28.5187836 ], [ 77.1715628, 28.5185741 ], [ 77.1710825, 28.5182583 ], [ 77.1709965, 28.5182 ], [ 77.1701998, 28.5176594 ], [ 77.1701326, 28.5176202 ], [ 77.1700571, 28.5175707 ], [ 77.169949, 28.5174948 ], [ 77.1696443, 28.5172815 ], [ 77.1691027, 28.5169024 ], [ 77.168242, 28.5163334 ], [ 77.1677324, 28.5160101 ], [ 77.1672585, 28.5156969 ], [ 77.16714, 28.5156175 ], [ 77.1660148, 28.5148178 ], [ 77.1658225, 28.5146935 ], [ 77.1657795, 28.5146657 ], [ 77.1657054, 28.5146225 ], [ 77.1654309, 28.5144622 ], [ 77.1653086, 28.5143715 ], [ 77.1652668, 28.5143247 ], [ 77.1652136, 28.5142351 ], [ 77.1651689, 28.5141524 ], [ 77.1651238, 28.5141025 ], [ 77.1650916, 28.5140669 ], [ 77.1650293, 28.514016 ], [ 77.1649964, 28.5140026 ], [ 77.1649392, 28.5139972 ], [ 77.1648527, 28.5140021 ] ] } },
{ "type": "Feature", "properties": { "name": "Urban Arterial", "highway": "residential", "slope_pct": 0.6 }, "geometry": { "type": "LineString", "coordinates": [ [ 77.1622359, 28.5222865 ], [ 77.1632052, 28.5228587 ], [ 77.1635913, 28.5230865 ], [ 77.1636486, 28.5231382 ], [ 77.1637333, 28.5232164 ], [ 77.1638036, 28.5232883 ], [ 77.1638571, 28.5233521 ], [ 77.1639803, 28.5235504 ], [ 77.1640106, 28.5235912 ], [ 77.1642389, 28.5238991 ], [ 77.1644304, 28.5241518 ], [ 77.1649649, 28.5248575 ] ] } },
{ "type": "Feature", "properties": { "name": "Urban Arterial", "highway": "residential", "slope_pct": 0.6 }, "geometry": { "type": "LineString", "coordinates": [ [ 77.1640238, 28.5246143 ], [ 77.1637027, 28.5244214 ] ] } },
{ "type": "Feature", "properties": { "name": "Urban Arterial", "highway": "residential", "slope_pct": 0.6 }, "geometry": { "type": "LineString", "coordinates": [ [ 77.1635913, 28.5230865 ], [ 77.1635254, 28.5231643 ], [ 77.1626555, 28.5241911 ], [ 77.1626496, 28.5242037 ], [ 77.1626482, 28.5242129 ], [ 77.1626512, 28.524227 ], [ 77.1626603, 28.5242391 ], [ 77.163677, 28.5248971 ], [ 77.1637067, 28.524907 ], [ 77.1637409, 28.524909 ], [ 77.1637692, 28.5248978 ], [ 77.1637966, 28.524875 ], [ 77.1640238, 28.5246143 ], [ 77.1643705, 28.52422 ], [ 77.1644304, 28.5241518 ] ] } },
{ "type": "Feature", "properties": { "name": "Kishangarh internal road", "highway": "tertiary", "slope_pct": 0.6 }, "geometry": { "type": "LineString", "coordinates": [ [ 77.1679732, 28.518751 ], [ 77.1679101, 28.5187086 ], [ 77.1678708, 28.51869 ], [ 77.1678161, 28.5186735 ], [ 77.1674151, 28.5185521 ], [ 77.1673273, 28.5185197 ], [ 77.1672446, 28.5184872 ], [ 77.1671267, 28.5184313 ], [ 77.1671002, 28.5184134 ], [ 77.1670139, 28.5183552 ], [ 77.1668815, 28.5182686 ], [ 77.1668625, 28.5182588 ], [ 77.1668229, 28.5182383 ], [ 77.1667465, 28.518209 ], [ 77.1663775, 28.5181214 ], [ 77.166169, 28.5180583 ], [ 77.1658127, 28.5179119 ], [ 77.1657549, 28.517891 ], [ 77.1657081, 28.517874 ], [ 77.1656085, 28.5178394 ], [ 77.1655129, 28.5178107 ], [ 77.1654096, 28.5177853 ], [ 77.1652894, 28.5177612 ], [ 77.1651604, 28.517746 ], [ 77.1650433, 28.5177203 ], [ 77.1649853, 28.517703 ], [ 77.1649325, 28.5176812 ], [ 77.1648359, 28.5176261 ], [ 77.164752, 28.5175801 ], [ 77.164647, 28.5175316 ], [ 77.1645856, 28.5174961 ], [ 77.1645293, 28.5174517 ], [ 77.1644687, 28.5173781 ], [ 77.1644237, 28.5172245 ], [ 77.1642649, 28.5169796 ] ] } },
{ "type": "Feature", "properties": { "name": "Urban Arterial", "highway": "residential", "slope_pct": 0.6 }, "geometry": { "type": "LineString", "coordinates": [ [ 77.1649325, 28.5176812 ], [ 77.1648911, 28.5177299 ], [ 77.1648602, 28.5177668 ], [ 77.1648305, 28.517806 ], [ 77.164748, 28.517897 ], [ 77.1647404, 28.5180466 ] ] } },
{ "type": "Feature", "properties": { "name": "Urban Arterial", "highway": "living_street", "slope_pct": 0.6 }, "geometry": { "type": "LineString", "coordinates": [ [ 77.1657328, 28.5184934 ], [ 77.1657496, 28.5180364 ], [ 77.1657549, 28.517891 ] ] } },
{ "type": "Feature", "properties": { "name": "Sector A, Pocket A, Internal road", "highway": "residential", "slope_pct": 0.6 }, "geometry": { "type": "LineString", "coordinates": [ [ 77.1637895, 28.5176744 ], [ 77.1634927, 28.5181186 ] ] } },
{ "type": "Feature", "properties": { "name": "Urban Arterial", "highway": "residential", "slope_pct": 0.6 }, "geometry": { "type": "LineString", "coordinates": [ [ 77.1661835, 28.5174971 ], [ 77.166225, 28.5175741 ], [ 77.1662709, 28.5176694 ], [ 77.1663206, 28.5178331 ], [ 77.1663594, 28.5180064 ], [ 77.1663775, 28.5181214 ] ] } },
{ "type": "Feature", "properties": { "name": "Urban Arterial", "highway": "residential", "slope_pct": 0.6 }, "geometry": { "type": "LineString", "coordinates": [ [ 77.1642389, 28.5238991 ], [ 77.1643209, 28.5238533 ], [ 77.1651048, 28.5234153 ] ] } },
{ "type": "Feature", "properties": { "name": "Urban Arterial", "highway": "residential", "slope_pct": 0.6 }, "geometry": { "type": "LineString", "coordinates": [ [ 77.1660405, 28.5226642 ], [ 77.1667675, 28.5235772 ], [ 77.1668382, 28.5236661 ], [ 77.1668862, 28.5237263 ] ] } },
{ "type": "Feature", "properties": { "name": "Urban Arterial", "highway": "residential", "slope_pct": 0.6 }, "geometry": { "type": "LineString", "coordinates": [ [ 77.1670664, 28.5215846 ], [ 77.1669941, 28.5217756 ], [ 77.1669115, 28.5220332 ], [ 77.1668878, 28.5220941 ], [ 77.1668572, 28.5221448 ], [ 77.1668253, 28.5221775 ], [ 77.1667735, 28.5222224 ], [ 77.1660405, 28.5226642 ], [ 77.1651012, 28.523218 ], [ 77.1650624, 28.5232462 ], [ 77.1650381, 28.5232759 ], [ 77.1650421, 28.5233134 ], [ 77.1650546, 28.5233435 ], [ 77.1651048, 28.5234153 ], [ 77.1651111, 28.5234216 ], [ 77.1653351, 28.5237265 ], [ 77.1655022, 28.5239801 ], [ 77.1655126, 28.5239986 ], [ 77.1655084, 28.5240185 ], [ 77.1654953, 28.5240314 ], [ 77.1651094, 28.5242758 ], [ 77.1650864, 28.5242787 ], [ 77.165067, 28.5242702 ], [ 77.1650455, 28.5242541 ], [ 77.1649128, 28.5240823 ] ] } },
{ "type": "Feature", "properties": { "name": "Urban Arterial", "highway": "residential", "slope_pct": 0.6 }, "geometry": { "type": "LineString", "coordinates": [ [ 77.1664998, 28.5237301 ], [ 77.1667675, 28.5235772 ], [ 77.1677143, 28.5230161 ] ] } },
{ "type": "Feature", "properties": { "name": "Urban Arterial", "highway": "residential", "slope_pct": 0.6 }, "geometry": { "type": "LineString", "coordinates": [ [ 77.1655419, 28.5184684 ], [ 77.1654827, 28.5184635 ], [ 77.1651911, 28.5184846 ], [ 77.1648221, 28.5185072 ], [ 77.1647469, 28.5185168 ], [ 77.1646801, 28.5185253 ], [ 77.164535, 28.5185601 ], [ 77.1644071, 28.5185948 ], [ 77.1641684, 28.5186644 ], [ 77.1640635, 28.5187007 ], [ 77.1633456, 28.5188543 ], [ 77.1629263, 28.518969 ] ] } },
{ "type": "Feature", "properties": { "name": "Urban Arterial", "highway": "residential", "slope_pct": 0.6 }, "geometry": { "type": "LineString", "coordinates": [ [ 77.1626488, 28.5182425 ], [ 77.162512, 28.5184462 ], [ 77.1623322, 28.5186983 ], [ 77.1623157, 28.5187264 ], [ 77.1623031, 28.5187595 ] ] } },
{ "type": "Feature", "properties": { "name": "Urban Arterial", "highway": "residential", "slope_pct": 0.6 }, "geometry": { "type": "LineString", "coordinates": [ [ 77.1640635, 28.5187007 ], [ 77.1643207, 28.5193544 ], [ 77.164414, 28.519588 ], [ 77.1643191, 28.5196295 ] ] } },
{ "type": "Feature", "properties": { "name": "Urban Arterial", "highway": "residential", "slope_pct": 0.6 }, "geometry": { "type": "LineString", "coordinates": [ [ 77.1684171, 28.5190271 ], [ 77.1680856, 28.5190534 ], [ 77.1679167, 28.5190763 ], [ 77.1677448, 28.519102 ], [ 77.1674511, 28.5191519 ], [ 77.1672628, 28.5191845 ], [ 77.1670387, 28.519229 ], [ 77.1668073, 28.5192859 ], [ 77.1667511, 28.5192997 ], [ 77.1665758, 28.5193428 ], [ 77.1663504, 28.5194024 ], [ 77.1660992, 28.5194582 ], [ 77.1658511, 28.5195139 ], [ 77.1657916, 28.5195244 ], [ 77.1653155, 28.5196081 ], [ 77.1649289, 28.5196778 ], [ 77.1645025, 28.519753 ] ] } },
{ "type": "Feature", "properties": { "name": "Urban Arterial", "highway": "residential", "slope_pct": 0.6 }, "geometry": { "type": "LineString", "coordinates": [ [ 77.1635871, 28.5204859 ], [ 77.163594, 28.5204443 ], [ 77.1635933, 28.5204016 ], [ 77.1635466, 28.5202242 ], [ 77.1634204, 28.5197441 ] ] } },
{ "type": "Feature", "properties": { "name": "Urban Arterial", "highway": "residential", "slope_pct": 0.6 }, "geometry": { "type": "LineString", "coordinates": [ [ 77.1622653, 28.5197531 ], [ 77.1623647, 28.5197457 ], [ 77.1634204, 28.5197441 ], [ 77.1637918, 28.5197178 ], [ 77.1640307, 28.5196958 ], [ 77.1641913, 28.5196692 ], [ 77.1642372, 28.5196576 ], [ 77.1642663, 28.5196415 ], [ 77.1643191, 28.5196295 ] ] } },
{ "type": "Feature", "properties": { "name": "Urban Arterial", "highway": "residential", "slope_pct": 0.6 }, "geometry": { "type": "LineString", "coordinates": [ [ 77.1653155, 28.5196081 ], [ 77.1652777, 28.5194121 ], [ 77.1652277, 28.519122 ] ] } },
{ "type": "Feature", "properties": { "name": "Urban Arterial", "highway": "tertiary_link", "slope_pct": 0.6 }, "geometry": { "type": "LineString", "coordinates": [ [ 77.1661978, 28.524143 ], [ 77.166231, 28.5242085 ] ] } },
{ "type": "Feature", "properties": { "name": "Urban Arterial", "highway": "tertiary_link", "slope_pct": 0.6 }, "geometry": { "type": "LineString", "coordinates": [ [ 77.1665762, 28.5239106 ], [ 77.1666145, 28.5239865 ] ] } },
{ "type": "Feature", "properties": { "name": "Urban Arterial", "highway": "residential", "slope_pct": 0.6 }, "geometry": { "type": "LineString", "coordinates": [ [ 77.1635871, 28.5204859 ], [ 77.1635459, 28.5205481 ] ] } },
{ "type": "Feature", "properties": { "name": "Urban Arterial", "highway": "residential", "slope_pct": 0.6 }, "geometry": { "type": "LineString", "coordinates": [ [ 77.1648376, 28.5190778 ], [ 77.1648221, 28.5185072 ] ] } },
{ "type": "Feature", "properties": { "name": "Urban Arterial", "highway": "residential", "slope_pct": 0.6 }, "geometry": { "type": "LineString", "coordinates": [ [ 77.1647404, 28.5180466 ], [ 77.1647515, 28.5182809 ], [ 77.1647469, 28.5185168 ] ] } },
{ "type": "Feature", "properties": { "name": "Urban Arterial", "highway": "residential", "slope_pct": 0.6 }, "geometry": { "type": "LineString", "coordinates": [ [ 77.1645025, 28.519753 ], [ 77.1648481, 28.5208169 ] ] } },
{ "type": "Feature", "properties": { "name": "Urban Arterial", "highway": "residential", "slope_pct": 0.6 }, "geometry": { "type": "LineString", "coordinates": [ [ 77.164414, 28.519588 ], [ 77.1645025, 28.519753 ] ] } },
{ "type": "Feature", "properties": { "name": "Urban Arterial", "highway": "residential", "slope_pct": 0.6 }, "geometry": { "type": "LineString", "coordinates": [ [ 77.1657496, 28.5180364 ], [ 77.1654079, 28.5180331 ] ] } },
{ "type": "Feature", "properties": { "name": "Urban Arterial", "highway": "residential", "slope_pct": 0.6 }, "geometry": { "type": "LineString", "coordinates": [ [ 77.1653351, 28.5237265 ], [ 77.1648639, 28.5239898 ] ] } },
{ "type": "Feature", "properties": { "name": "Urban Arterial", "highway": "residential", "slope_pct": 0.6 }, "geometry": { "type": "LineString", "coordinates": [ [ 77.1656168, 28.5184757 ], [ 77.1656087, 28.5190343 ], [ 77.1657916, 28.5195244 ] ] } },
{ "type": "Feature", "properties": { "name": "Urban Arterial", "highway": "residential", "slope_pct": 0.6 }, "geometry": { "type": "LineString", "coordinates": [ [ 77.1680559, 28.5188556 ], [ 77.1679494, 28.5188592 ], [ 77.167835, 28.5188626 ], [ 77.1676933, 28.5188553 ], [ 77.1675094, 28.5188412 ], [ 77.1673073, 28.5188138 ], [ 77.1671818, 28.5187973 ], [ 77.1670351, 28.5187703 ], [ 77.1667129, 28.5186958 ], [ 77.1666766, 28.5186874 ], [ 77.1666297, 28.5186767 ], [ 77.1664702, 28.5186401 ], [ 77.1662865, 28.5185981 ], [ 77.1659347, 28.5185243 ], [ 77.1657328, 28.5184934 ], [ 77.1656168, 28.5184757 ], [ 77.165592, 28.5184719 ], [ 77.1655419, 28.5184684 ] ] } },
{ "type": "Feature", "properties": { "name": "Urban Arterial", "highway": "residential", "slope_pct": 0.6 }, "geometry": { "type": "LineString", "coordinates": [ [ 77.163456, 28.5181792 ], [ 77.1634927, 28.5181186 ] ] } },
{ "type": "Feature", "properties": { "name": "Urban Arterial", "highway": "residential", "slope_pct": 0.6 }, "geometry": { "type": "LineString", "coordinates": [ [ 77.1626488, 28.5182425 ], [ 77.1628725, 28.5183825 ] ] } },
{ "type": "Feature", "properties": { "name": "Urban Arterial", "highway": "residential", "slope_pct": 0.6 }, "geometry": { "type": "LineString", "coordinates": [ [ 77.1623065, 28.518853 ], [ 77.1623275, 28.5190143 ], [ 77.1623326, 28.5190415 ] ] } },
{ "type": "Feature", "properties": { "name": "Urban Arterial", "highway": "residential", "slope_pct": 0.6 }, "geometry": { "type": "LineString", "coordinates": [ [ 77.1497879, 28.5270586 ], [ 77.150539, 28.5265039 ] ] } },
{ "type": "Feature", "properties": { "name": "Urban Arterial", "highway": "residential", "slope_pct": 0.6 }, "geometry": { "type": "LineString", "coordinates": [ [ 77.14999, 28.5250783 ], [ 77.1506268, 28.5248442 ] ] } },
{ "type": "Feature", "properties": { "name": "Urban Arterial", "highway": "residential", "slope_pct": 0.6 }, "geometry": { "type": "LineString", "coordinates": [ [ 77.1496503, 28.5267094 ], [ 77.1491639, 28.525737 ] ] } },
{ "type": "Feature", "properties": { "name": "Urban Arterial", "highway": "residential", "slope_pct": 0.6 }, "geometry": { "type": "LineString", "coordinates": [ [ 77.149912, 28.5265167 ], [ 77.1494891, 28.5256228 ] ] } },
{ "type": "Feature", "properties": { "name": "Urban Arterial", "highway": "residential", "slope_pct": 0.6 }, "geometry": { "type": "LineString", "coordinates": [ [ 77.1527771, 28.5253254 ], [ 77.1527468, 28.5253187 ], [ 77.1527165, 28.5253164 ], [ 77.1526685, 28.5253222 ], [ 77.1523293, 28.5254048 ] ] } },
{ "type": "Feature", "properties": { "name": "Urban Arterial", "highway": "residential", "slope_pct": 0.6 }, "geometry": { "type": "LineString", "coordinates": [ [ 77.1510132, 28.5251241 ], [ 77.1514, 28.5250311 ], [ 77.1516546, 28.524975 ] ] } },
{ "type": "Feature", "properties": { "name": "Urban Arterial", "highway": "residential", "slope_pct": 0.6 }, "geometry": { "type": "LineString", "coordinates": [ [ 77.1519262, 28.5255361 ], [ 77.1518681, 28.5252628 ], [ 77.1518594, 28.525198 ], [ 77.1518871, 28.5251789 ], [ 77.1522363, 28.525119 ] ] } },
{ "type": "Feature", "properties": { "name": "Urban Arterial", "highway": "residential", "slope_pct": 0.6 }, "geometry": { "type": "LineString", "coordinates": [ [ 77.1508308, 28.5271547 ], [ 77.1507861, 28.5272594 ], [ 77.1507375, 28.5273315 ], [ 77.1506785, 28.5273947 ], [ 77.1506017, 28.527459 ] ] } },
{ "type": "Feature", "properties": { "name": "Urban Arterial", "highway": "residential", "slope_pct": 0.6 }, "geometry": { "type": "LineString", "coordinates": [ [ 77.1511779, 28.5256966 ], [ 77.1519262, 28.5255361 ], [ 77.1523424, 28.5254468 ] ] } },
{ "type": "Feature", "properties": { "name": "Urban Arterial", "highway": "residential", "slope_pct": 0.6 }, "geometry": { "type": "LineString", "coordinates": [ [ 77.1490406, 28.5280564 ], [ 77.1497795, 28.5275028 ], [ 77.1500067, 28.5273189 ], [ 77.1507071, 28.5268218 ] ] } },
{ "type": "Feature", "properties": { "name": "Urban Arterial", "highway": "residential", "slope_pct": 0.6 }, "geometry": { "type": "LineString", "coordinates": [ [ 77.1509177, 28.5248123 ], [ 77.1513139, 28.5247253 ], [ 77.1516903, 28.524644 ], [ 77.1520686, 28.5245591 ] ] } },
{ "type": "Feature", "properties": { "name": "Urban Arterial", "highway": "residential", "slope_pct": 0.6 }, "geometry": { "type": "LineString", "coordinates": [ [ 77.1523424, 28.5254468 ], [ 77.1524411, 28.5257595 ], [ 77.1524788, 28.5258917 ], [ 77.152481, 28.5259248 ], [ 77.1524629, 28.5259562 ], [ 77.1522109, 28.5261664 ], [ 77.1519036, 28.5264251 ] ] } },
{ "type": "Feature", "properties": { "name": "Urban Arterial", "highway": "residential", "slope_pct": 0.6 }, "geometry": { "type": "LineString", "coordinates": [ [ 77.1492829, 28.5269943 ], [ 77.1495452, 28.5267855 ], [ 77.1496503, 28.5267094 ], [ 77.149912, 28.5265167 ], [ 77.1502939, 28.526251 ] ] } },
{ "type": "Feature", "properties": { "name": "Urban Arterial", "highway": "residential", "slope_pct": 0.6 }, "geometry": { "type": "LineString", "coordinates": [ [ 77.1509853, 28.5273904 ], [ 77.1509402, 28.5273435 ], [ 77.1509003, 28.527291 ], [ 77.1508553, 28.5272134 ], [ 77.1508308, 28.5271547 ] ] } },
{ "type": "Feature", "properties": { "name": "Urban Arterial", "highway": "residential", "slope_pct": 0.6 }, "geometry": { "type": "LineString", "coordinates": [ [ 77.1509302, 28.5268496 ], [ 77.1509034, 28.5268096 ], [ 77.1506099, 28.5262527 ], [ 77.1506023, 28.5262109 ], [ 77.1506188, 28.5261746 ], [ 77.1506855, 28.5261369 ], [ 77.1507412, 28.5261219 ], [ 77.1508046, 28.526107 ], [ 77.1512548, 28.5260097 ], [ 77.1516325, 28.5259365 ], [ 77.1516676, 28.5259293 ], [ 77.1520158, 28.5258528 ], [ 77.1521432, 28.5258244 ], [ 77.1524411, 28.5257595 ], [ 77.1528045, 28.525686 ], [ 77.1528227, 28.5256775 ], [ 77.152832, 28.5256682 ], [ 77.1528389, 28.5256432 ], [ 77.1528408, 28.5256222 ], [ 77.1527771, 28.5253254 ] ] } },
{ "type": "Feature", "properties": { "name": "Urban Arterial", "highway": "residential", "slope_pct": 0.6 }, "geometry": { "type": "LineString", "coordinates": [ [ 77.1498534, 28.5255001 ], [ 77.149868, 28.5255166 ], [ 77.1501244, 28.5260979 ], [ 77.1501515, 28.5261404 ], [ 77.1501787, 28.5261716 ], [ 77.1502277, 28.5262117 ], [ 77.1502939, 28.526251 ], [ 77.1503572, 28.5262952 ], [ 77.1504276, 28.5263642 ], [ 77.1504879, 28.5264355 ], [ 77.150539, 28.5265039 ], [ 77.1505837, 28.5265716 ], [ 77.1506352, 28.5266732 ], [ 77.1507071, 28.5268218 ] ] } },
{ "type": "Feature", "properties": { "name": "Urban Arterial", "highway": "residential", "slope_pct": 0.6 }, "geometry": { "type": "LineString", "coordinates": [ [ 77.1529723, 28.5266383 ], [ 77.1530826, 28.5267388 ], [ 77.153137, 28.5267608 ], [ 77.1537154, 28.526994 ], [ 77.1537865, 28.5270294 ], [ 77.1539584, 28.5271151 ], [ 77.1541543, 28.5270489 ], [ 77.1541653, 28.5270488 ], [ 77.1541757, 28.5270512 ], [ 77.1541976, 28.5270733 ], [ 77.1542028, 28.5270752 ], [ 77.1542091, 28.5270754 ], [ 77.1543739, 28.5270371 ], [ 77.1543923, 28.5270351 ], [ 77.1544139, 28.527034 ], [ 77.1544538, 28.5270376 ], [ 77.1544865, 28.5270397 ], [ 77.154512, 28.5270378 ], [ 77.154533, 28.5270331 ], [ 77.1546202, 28.5269987 ], [ 77.154646, 28.5269919 ], [ 77.1546706, 28.5269913 ], [ 77.1546967, 28.5269975 ], [ 77.1547169, 28.5270119 ], [ 77.1547333, 28.5270318 ], [ 77.1547498, 28.5270501 ], [ 77.15477, 28.5270661 ], [ 77.1548039, 28.5270762 ], [ 77.1548787, 28.5270853 ], [ 77.154911, 28.5270999 ], [ 77.1549571, 28.5271237 ], [ 77.1550651, 28.5272025 ] ] } },
{ "type": "Feature", "properties": { "name": "Urban Arterial", "highway": "residential", "slope_pct": 0.6 }, "geometry": { "type": "LineString", "coordinates": [ [ 77.152216, 28.5276523 ], [ 77.1527093, 28.5276686 ], [ 77.1527344, 28.5276762 ], [ 77.1527412, 28.527693 ], [ 77.1527401, 28.5278646 ], [ 77.1527351, 28.5278872 ], [ 77.1527238, 28.5278991 ], [ 77.1527049, 28.5279053 ], [ 77.1526695, 28.5279069 ], [ 77.1521988, 28.5278621 ], [ 77.151344, 28.5278268 ] ] } },
{ "type": "Feature", "properties": { "name": "Urban Arterial", "highway": "residential", "slope_pct": 0.6 }, "geometry": { "type": "LineString", "coordinates": [ [ 77.1514247, 28.5280637 ], [ 77.1521798, 28.5280935 ], [ 77.1524573, 28.5281004 ], [ 77.1524729, 28.5281041 ], [ 77.1524824, 28.5281105 ], [ 77.1524884, 28.5281178 ], [ 77.1524913, 28.528129 ], [ 77.1524816, 28.5283405 ] ] } },
{ "type": "Feature", "properties": { "name": "Urban Arterial", "highway": "residential", "slope_pct": 0.6 }, "geometry": { "type": "LineString", "coordinates": [ [ 77.1550651, 28.5272025 ], [ 77.1550564, 28.5272276 ], [ 77.1550545, 28.5272595 ], [ 77.1551378, 28.5277011 ], [ 77.1551393, 28.5277216 ], [ 77.1551385, 28.5277402 ], [ 77.1551264, 28.5277593 ], [ 77.1551103, 28.5277734 ], [ 77.1550859, 28.5277828 ], [ 77.1541715, 28.5280324 ], [ 77.1534676, 28.5282245 ], [ 77.1534042, 28.5282516 ], [ 77.1533524, 28.5282797 ], [ 77.1533189, 28.5283145 ], [ 77.1532995, 28.5283516 ], [ 77.1532369, 28.5286329 ] ] } },
{ "type": "Feature", "properties": { "name": "Urban Arterial", "highway": "residential", "slope_pct": 0.6 }, "geometry": { "type": "LineString", "coordinates": [ [ 77.1520807, 28.5271496 ], [ 77.1521329, 28.5272704 ], [ 77.152144, 28.527296 ], [ 77.1521697, 28.5273678 ], [ 77.1521892, 28.527445 ], [ 77.1522028, 28.5275148 ], [ 77.1522134, 28.5275873 ], [ 77.152216, 28.5276523 ], [ 77.1521988, 28.5278621 ], [ 77.1521798, 28.5280935 ], [ 77.1521623, 28.5283059 ], [ 77.1521627, 28.5283166 ], [ 77.1521704, 28.5283283 ], [ 77.1521841, 28.5283306 ], [ 77.1524816, 28.5283405 ], [ 77.1530974, 28.528361 ] ] } },
{ "type": "Feature", "properties": { "name": "Abdul Gaffar Khan Marg", "highway": "primary", "slope_pct": 0.6 }, "geometry": { "type": "LineString", "coordinates": [ [ 77.1514893, 28.5274049 ], [ 77.1508667, 28.5277483 ] ] } },
{ "type": "Feature", "properties": { "name": "Abdul Gaffar Khan Marg", "highway": "primary", "slope_pct": 0.6 }, "geometry": { "type": "LineString", "coordinates": [ [ 77.1508387, 28.52792 ], [ 77.15154, 28.5274558 ], [ 77.1520807, 28.5271496 ], [ 77.1523559, 28.5270121 ], [ 77.1525839, 28.5268898 ], [ 77.152622, 28.5268693 ], [ 77.1527261, 28.5268078 ], [ 77.1528132, 28.5267519 ], [ 77.1528583, 28.5267196 ], [ 77.1529723, 28.5266383 ], [ 77.1540516, 28.525825 ], [ 77.1540967, 28.5257894 ], [ 77.1543196, 28.5256138 ], [ 77.1548623, 28.5252207 ], [ 77.1551475, 28.5250084 ], [ 77.1552077, 28.5249539 ], [ 77.1552619, 28.5249034 ], [ 77.1553684, 28.5248019 ], [ 77.155435, 28.5247292 ] ] } },
{ "type": "Feature", "properties": { "name": "Urban Arterial", "highway": "residential", "slope_pct": 0.6 }, "geometry": { "type": "LineString", "coordinates": [ [ 77.1545492, 28.5306408 ], [ 77.1541055, 28.5308898 ] ] } },
{ "type": "Feature", "properties": { "name": "Urban Arterial", "highway": "residential", "slope_pct": 0.6 }, "geometry": { "type": "LineString", "coordinates": [ [ 77.1528132, 28.5267519 ], [ 77.1532045, 28.5274013 ] ] } },
{ "type": "Feature", "properties": { "name": "Urban Arterial", "highway": "residential", "slope_pct": 0.6 }, "geometry": { "type": "LineString", "coordinates": [ [ 77.1514122, 28.5273933 ], [ 77.1513448, 28.5273311 ], [ 77.1512787, 28.5272622 ], [ 77.1511592, 28.5271164 ], [ 77.1510956, 28.5270456 ], [ 77.1510379, 28.5269844 ], [ 77.1509886, 28.5269254 ], [ 77.1509302, 28.5268496 ] ] } },
{ "type": "Feature", "properties": { "name": "Urban Arterial", "highway": "residential", "slope_pct": 0.6 }, "geometry": { "type": "LineString", "coordinates": [ [ 77.14999, 28.5250783 ], [ 77.1498861, 28.5251097 ], [ 77.1497854, 28.5251402 ], [ 77.149774, 28.5251422 ], [ 77.1497611, 28.5251414 ], [ 77.1497509, 28.5251356 ], [ 77.1497435, 28.5251268 ], [ 77.1496847, 28.5250112 ], [ 77.1495326, 28.5246906 ] ] } },
{ "type": "Feature", "properties": { "name": "Abdul Gaffar Khan Marg", "highway": "primary", "slope_pct": 0.6 }, "geometry": { "type": "LineString", "coordinates": [ [ 77.1553768, 28.524678 ], [ 77.1553236, 28.5247262 ], [ 77.1552597, 28.5247826 ], [ 77.1551119, 28.5249052 ], [ 77.1549515, 28.525038 ], [ 77.1548729, 28.5251 ], [ 77.1546414, 28.5252797 ], [ 77.1545714, 28.5253324 ], [ 77.1540157, 28.525751 ], [ 77.1537739, 28.5259421 ], [ 77.1536575, 28.5260345 ], [ 77.1535325, 28.5261325 ], [ 77.1532184, 28.5263766 ], [ 77.1528674, 28.5266176 ], [ 77.1527015, 28.5267371 ], [ 77.1525227, 28.5268463 ], [ 77.1524859, 28.5268687 ], [ 77.15224, 28.5269963 ], [ 77.1520446, 28.5270982 ], [ 77.1520317, 28.5271048 ], [ 77.151696, 28.5272905 ], [ 77.1514893, 28.5274049 ] ] } },
{ "type": "Feature", "properties": { "name": "Abdul Gaffar Khan Marg", "highway": "primary", "slope_pct": 0.6 }, "geometry": { "type": "LineString", "coordinates": [ [ 77.1554314, 28.5246262 ], [ 77.1553768, 28.524678 ] ] } },
{ "type": "Feature", "properties": { "name": "Bhagwan Mahavir Marg", "highway": "tertiary", "slope_pct": 0.6 }, "geometry": { "type": "LineString", "coordinates": [ [ 77.1553768, 28.524678 ], [ 77.155435, 28.5247292 ] ] } },
{ "type": "Feature", "properties": { "name": "Bhagwan Mahavir Marg", "highway": "tertiary", "slope_pct": 0.6 }, "geometry": { "type": "LineString", "coordinates": [ [ 77.1554932, 28.5246634 ], [ 77.1554314, 28.5246262 ] ] } },
{ "type": "Feature", "properties": { "name": "Urban Arterial", "highway": "residential", "slope_pct": 0.6 }, "geometry": { "type": "LineString", "coordinates": [ [ 77.1508308, 28.5271547 ], [ 77.1508174, 28.5270953 ], [ 77.1507889, 28.5269837 ] ] } },
{ "type": "Feature", "properties": { "name": "Urban Arterial", "highway": "residential", "slope_pct": 0.6 }, "geometry": { "type": "LineString", "coordinates": [ [ 77.1528811, 28.5253299 ], [ 77.1529371, 28.5253217 ], [ 77.1529843, 28.5253075 ], [ 77.1530701, 28.5252708 ], [ 77.1531627, 28.5252164 ] ] } },
{ "type": "Feature", "properties": { "name": "Urban Arterial", "highway": "residential", "slope_pct": 0.6 }, "geometry": { "type": "LineString", "coordinates": [ [ 77.1551385, 28.5277402 ], [ 77.155194, 28.5277659 ], [ 77.1552265, 28.5278231 ], [ 77.1553362, 28.5281981 ], [ 77.155381, 28.5283553 ], [ 77.1554123, 28.5284582 ] ] } },
{ "type": "Feature", "properties": { "name": "Urban Arterial", "highway": "residential", "slope_pct": 0.6 }, "geometry": { "type": "LineString", "coordinates": [ [ 77.1498861, 28.5251097 ], [ 77.1500882, 28.5255227 ] ] } },
{ "type": "Feature", "properties": { "name": "Urban Arterial", "highway": "residential", "slope_pct": 0.6 }, "geometry": { "type": "LineString", "coordinates": [ [ 77.1545714, 28.5253324 ], [ 77.1539612, 28.5246271 ] ] } },
{ "type": "Feature", "properties": { "name": "Urban Arterial", "highway": "residential", "slope_pct": 0.6 }, "geometry": { "type": "LineString", "coordinates": [ [ 77.1534054, 28.5271961 ], [ 77.153137, 28.5267608 ] ] } },
{ "type": "Feature", "properties": { "name": "Abdul Gaffar Khan Marg", "highway": "primary", "slope_pct": 0.6 }, "geometry": { "type": "LineString", "coordinates": [ [ 77.155435, 28.5247292 ], [ 77.1554932, 28.5246634 ] ] } },
{ "type": "Feature", "properties": { "name": "Urban Arterial", "highway": "residential", "slope_pct": 0.6 }, "geometry": { "type": "LineString", "coordinates": [ [ 77.151696, 28.5272905 ], [ 77.1514359, 28.5269071 ] ] } },
{ "type": "Feature", "properties": { "name": "Urban Arterial", "highway": "residential", "slope_pct": 0.6 }, "geometry": { "type": "LineString", "coordinates": [ [ 77.1534042, 28.5282516 ], [ 77.1533467, 28.5278856 ], [ 77.1535863, 28.5278125 ] ] } },
{ "type": "Feature", "properties": { "name": "Urban Arterial", "highway": "residential", "slope_pct": 0.6 }, "geometry": { "type": "LineString", "coordinates": [ [ 77.1537865, 28.5270294 ], [ 77.1536047, 28.5272064 ] ] } },
{ "type": "Feature", "properties": { "name": "Urban Arterial", "highway": "residential", "slope_pct": 0.6 }, "geometry": { "type": "LineString", "coordinates": [ [ 77.1546437, 28.5307705 ], [ 77.1546346, 28.5307762 ], [ 77.1544525, 28.5308865 ] ] } },
{ "type": "Feature", "properties": { "name": "Urban Arterial", "highway": "residential", "slope_pct": 0.6 }, "geometry": { "type": "LineString", "coordinates": [ [ 77.1527771, 28.5253254 ], [ 77.1528205, 28.5253314 ], [ 77.1528811, 28.5253299 ] ] } },
{ "type": "Feature", "properties": { "name": "Urban Arterial", "highway": "residential", "slope_pct": 0.6 }, "geometry": { "type": "LineString", "coordinates": [ [ 77.1491293, 28.5281502 ], [ 77.149085, 28.5281033 ] ] } },
{ "type": "Feature", "properties": { "name": "Urban Arterial", "highway": "residential", "slope_pct": 0.6 }, "geometry": { "type": "LineString", "coordinates": [ [ 77.1540492, 28.5276603 ], [ 77.1541715, 28.5280324 ] ] } },
{ "type": "Feature", "properties": { "name": "Abdul Gaffar Khan Marg", "highway": "residential", "slope_pct": 0.6 }, "geometry": { "type": "LineString", "coordinates": [ [ 77.1514893, 28.5274049 ], [ 77.1514122, 28.5273933 ], [ 77.151335, 28.5273833 ], [ 77.1512552, 28.5273823 ], [ 77.1509853, 28.5273904 ], [ 77.1508395, 28.5274042 ], [ 77.1507182, 28.5274268 ], [ 77.1506017, 28.527459 ], [ 77.1504878, 28.5275086 ], [ 77.1495818, 28.5280007 ] ] } },
{ "type": "Feature", "properties": { "name": "Urban Arterial", "highway": "residential", "slope_pct": 0.6 }, "geometry": { "type": "LineString", "coordinates": [ [ 77.1507889, 28.5269837 ], [ 77.1509302, 28.5268496 ] ] } },
{ "type": "Feature", "properties": { "name": "Urban Arterial", "highway": "residential", "slope_pct": 0.6 }, "geometry": { "type": "LineString", "coordinates": [ [ 77.1507071, 28.5268218 ], [ 77.150748, 28.5269028 ], [ 77.1507889, 28.5269837 ] ] } },
{ "type": "Feature", "properties": { "name": "Masoodpur Flyover", "highway": "primary", "slope_pct": 0.6 }, "geometry": { "type": "LineString", "coordinates": [ [ 77.1508667, 28.5277483 ], [ 77.1507087, 28.5279254 ] ] } },
{ "type": "Feature", "properties": { "name": "Urban Arterial", "highway": "residential", "slope_pct": 0.6 }, "geometry": { "type": "LineString", "coordinates": [ [ 77.1514893, 28.5274049 ], [ 77.15154, 28.5274558 ] ] } },
{ "type": "Feature", "properties": { "name": "Urban Arterial", "highway": "residential", "slope_pct": 0.6 }, "geometry": { "type": "LineString", "coordinates": [ [ 77.1560692, 28.5307861 ], [ 77.1572613, 28.5300814 ] ] } },
{ "type": "Feature", "properties": { "name": "Urban Arterial", "highway": "residential", "slope_pct": 0.6 }, "geometry": { "type": "LineString", "coordinates": [ [ 77.1585055, 28.5291495 ], [ 77.1585548, 28.5292176 ], [ 77.1586692, 28.5293755 ], [ 77.1588065, 28.5295648 ], [ 77.1588461, 28.5296195 ], [ 77.1589577, 28.5297735 ], [ 77.1591093, 28.5299827 ], [ 77.1591217, 28.5300089 ], [ 77.1591171, 28.5300278 ], [ 77.1591037, 28.5300438 ], [ 77.1588967, 28.5301683 ] ] } },
{ "type": "Feature", "properties": { "name": "Urban Arterial", "highway": "residential", "slope_pct": 0.6 }, "geometry": { "type": "LineString", "coordinates": [ [ 77.1576664, 28.5290366 ], [ 77.1575988, 28.5290764 ], [ 77.1568476, 28.529518 ], [ 77.1566412, 28.5296394 ], [ 77.1562367, 28.5298773 ], [ 77.1562176, 28.5298891 ], [ 77.1561878, 28.5299045 ], [ 77.1561486, 28.5299093 ], [ 77.1561095, 28.5298988 ], [ 77.1560759, 28.5298783 ], [ 77.1557264, 28.5294075 ], [ 77.1557146, 28.5293856 ], [ 77.155713, 28.5293584 ], [ 77.155735, 28.5293378 ], [ 77.1562179, 28.529065 ], [ 77.1571853, 28.5285184 ], [ 77.1572452, 28.5284846 ] ] } },
{ "type": "Feature", "properties": { "name": "Urban Arterial", "highway": "residential", "slope_pct": 0.6 }, "geometry": { "type": "LineString", "coordinates": [ [ 77.1576607, 28.5306246 ], [ 77.1572613, 28.5300814 ], [ 77.1568476, 28.529518 ] ] } },
{ "type": "Feature", "properties": { "name": "Urban Arterial", "highway": "residential", "slope_pct": 0.6 }, "geometry": { "type": "LineString", "coordinates": [ [ 77.1595232, 28.5258667 ], [ 77.1579915, 28.5266566 ] ] } },
{ "type": "Feature", "properties": { "name": "Urban Arterial", "highway": "residential", "slope_pct": 0.6 }, "geometry": { "type": "LineString", "coordinates": [ [ 77.162048, 28.5273973 ], [ 77.1616034, 28.5276422 ], [ 77.1608062, 28.5280922 ] ] } },
{ "type": "Feature", "properties": { "name": "Urban Arterial", "highway": "residential", "slope_pct": 0.6 }, "geometry": { "type": "LineString", "coordinates": [ [ 77.1573956, 28.5258895 ], [ 77.1573694, 28.5258947 ], [ 77.1573477, 28.525904 ], [ 77.1560495, 28.5265933 ] ] } },
{ "type": "Feature", "properties": { "name": "Urban Arterial", "highway": "residential", "slope_pct": 0.6 }, "geometry": { "type": "LineString", "coordinates": [ [ 77.1578866, 28.5272725 ], [ 77.1578589, 28.527273 ], [ 77.1578111, 28.5272869 ], [ 77.1569625, 28.5276036 ], [ 77.1568459, 28.5276396 ], [ 77.1567921, 28.5276663 ], [ 77.156741, 28.5276865 ], [ 77.1567193, 28.5276932 ], [ 77.1566829, 28.5276959 ] ] } },
{ "type": "Feature", "properties": { "name": "Urban Arterial", "highway": "residential", "slope_pct": 0.6 }, "geometry": { "type": "LineString", "coordinates": [ [ 77.1573956, 28.5258895 ], [ 77.1574163, 28.5258998 ], [ 77.1576092, 28.5261272 ], [ 77.1577143, 28.5262726 ], [ 77.1579915, 28.5266566 ] ] } },
{ "type": "Feature", "properties": { "name": "Urban Arterial", "highway": "residential", "slope_pct": 0.6 }, "geometry": { "type": "LineString", "coordinates": [ [ 77.1574652, 28.528341 ], [ 77.1573525, 28.5281676 ], [ 77.157303, 28.5280893 ], [ 77.1572406, 28.5279898 ], [ 77.1571996, 28.5279261 ], [ 77.1571236, 28.5278088 ], [ 77.1570811, 28.5277487 ], [ 77.1570371, 28.527693 ], [ 77.1569625, 28.5276036 ] ] } },
{ "type": "Feature", "properties": { "name": "Urban Arterial", "highway": "residential", "slope_pct": 0.6 }, "geometry": { "type": "LineString", "coordinates": [ [ 77.1588457, 28.5289724 ], [ 77.1584693, 28.5283004 ], [ 77.1583639, 28.5280961 ], [ 77.1583492, 28.5280709 ], [ 77.158335, 28.5280464 ], [ 77.1579452, 28.5273496 ], [ 77.1579093, 28.5272937 ], [ 77.1578866, 28.5272725 ] ] } },
{ "type": "Feature", "properties": { "name": "Urban Arterial", "highway": "residential", "slope_pct": 0.6 }, "geometry": { "type": "LineString", "coordinates": [ [ 77.158335, 28.5280464 ], [ 77.1582647, 28.5280813 ], [ 77.1581816, 28.5281105 ], [ 77.1580995, 28.5281369 ], [ 77.1580153, 28.5281576 ], [ 77.157927, 28.5281845 ], [ 77.1578388, 28.5282114 ], [ 77.1576772, 28.5282652 ], [ 77.1574652, 28.528341 ], [ 77.1573936, 28.5283818 ], [ 77.1573168, 28.528444 ] ] } },
{ "type": "Feature", "properties": { "name": "Urban Arterial", "highway": "residential", "slope_pct": 0.6 }, "geometry": { "type": "LineString", "coordinates": [ [ 77.1577143, 28.5262726 ], [ 77.1572765, 28.5265291 ], [ 77.1572651, 28.5265423 ], [ 77.1572645, 28.5265558 ], [ 77.1573051, 28.526618 ], [ 77.1573062, 28.5266307 ], [ 77.1572998, 28.5266396 ], [ 77.156444, 28.5271475 ] ] } },
{ "type": "Feature", "properties": { "name": "Urban Arterial", "highway": "residential", "slope_pct": 0.6 }, "geometry": { "type": "LineString", "coordinates": [ [ 77.1567054, 28.5274701 ], [ 77.1569719, 28.5272909 ], [ 77.1579915, 28.5266566 ] ] } },
{ "type": "Feature", "properties": { "name": "Urban Arterial", "highway": "residential", "slope_pct": 0.6 }, "geometry": { "type": "LineString", "coordinates": [ [ 77.1580174, 28.5258731 ], [ 77.1576092, 28.5261272 ] ] } },
{ "type": "Feature", "properties": { "name": "Bhagwan Mahaveer Road", "highway": "tertiary", "slope_pct": 0.6 }, "geometry": { "type": "LineString", "coordinates": [ [ 77.1566527, 28.5277914 ], [ 77.1567255, 28.5277484 ] ] } },
{ "type": "Feature", "properties": { "name": "Bhagwan Mahavir Marg", "highway": "tertiary", "slope_pct": 0.6 }, "geometry": { "type": "LineString", "coordinates": [ [ 77.1567255, 28.5277484 ], [ 77.1566829, 28.5276959 ] ] } },
{ "type": "Feature", "properties": { "name": "Urban Arterial", "highway": "residential", "slope_pct": 0.6 }, "geometry": { "type": "LineString", "coordinates": [ [ 77.1584915, 28.5290897 ], [ 77.1585055, 28.5291495 ] ] } },
{ "type": "Feature", "properties": { "name": "Urban Arterial", "highway": "residential", "slope_pct": 0.6 }, "geometry": { "type": "LineString", "coordinates": [ [ 77.157736, 28.5289997 ], [ 77.1576664, 28.5290366 ] ] } },
{ "type": "Feature", "properties": { "name": "Urban Arterial", "highway": "residential", "slope_pct": 0.6 }, "geometry": { "type": "LineString", "coordinates": [ [ 77.1572452, 28.5284846 ], [ 77.1573168, 28.528444 ] ] } },
{ "type": "Feature", "properties": { "name": "Urban Arterial", "highway": "residential", "slope_pct": 0.6 }, "geometry": { "type": "LineString", "coordinates": [ [ 77.1616774, 28.5268664 ], [ 77.1616371, 28.5268055 ] ] } },
{ "type": "Feature", "properties": { "name": "Urban Arterial", "highway": "residential", "slope_pct": 0.6 }, "geometry": { "type": "LineString", "coordinates": [ [ 77.1575115, 28.5311062 ], [ 77.1577257, 28.5309739 ], [ 77.1577383, 28.5309588 ], [ 77.1577434, 28.5309372 ], [ 77.1577422, 28.530923 ], [ 77.1577388, 28.5309092 ], [ 77.1577329, 28.5308933 ], [ 77.1577255, 28.5308779 ], [ 77.1577152, 28.5308574 ], [ 77.1577032, 28.5308392 ], [ 77.1575824, 28.5306704 ] ] } },
{ "type": "Feature", "properties": { "name": "Urban Arterial", "highway": "residential", "slope_pct": 0.6 }, "geometry": { "type": "LineString", "coordinates": [ [ 77.1572613, 28.5300814 ], [ 77.1579899, 28.5296506 ] ] } },
{ "type": "Feature", "properties": { "name": "Urban Arterial", "highway": "residential", "slope_pct": 0.6 }, "geometry": { "type": "LineString", "coordinates": [ [ 77.1598843, 28.5281384 ], [ 77.1602003, 28.5285496 ], [ 77.1605678, 28.5290326 ], [ 77.1605958, 28.5290499 ], [ 77.1606299, 28.5290585 ], [ 77.1606605, 28.5290485 ], [ 77.1608803, 28.5289193 ], [ 77.1609079, 28.5289142 ], [ 77.1609327, 28.5289172 ], [ 77.1609544, 28.5289331 ], [ 77.1611309, 28.5291759 ], [ 77.1611511, 28.5291968 ], [ 77.1611977, 28.529213 ], [ 77.161268, 28.5292096 ], [ 77.161366, 28.5291905 ], [ 77.1614349, 28.5291733 ], [ 77.1617065, 28.5290201 ], [ 77.1617205, 28.5290086 ], [ 77.1617289, 28.5289925 ], [ 77.1617226, 28.5289746 ], [ 77.1614913, 28.5286425 ], [ 77.1614778, 28.5286335 ], [ 77.1614592, 28.5286329 ], [ 77.1614375, 28.5286379 ], [ 77.1613321, 28.5286901 ], [ 77.1613051, 28.5286941 ], [ 77.1612719, 28.5286927 ], [ 77.1611099, 28.5286664 ], [ 77.1610856, 28.5286595 ], [ 77.1610614, 28.5286453 ], [ 77.1607553, 28.5282394 ], [ 77.1605294, 28.5279398 ], [ 77.1605083, 28.5279171 ], [ 77.1604733, 28.5278917 ], [ 77.1604314, 28.5278761 ], [ 77.1603881, 28.5278707 ], [ 77.1603481, 28.527886 ], [ 77.1598843, 28.5281384 ], [ 77.1598164, 28.5280502 ], [ 77.1597567, 28.5279726 ] ] } },
{ "type": "Feature", "properties": { "name": "Urban Arterial", "highway": "residential", "slope_pct": 0.6 }, "geometry": { "type": "LineString", "coordinates": [ [ 77.1604852, 28.5274821 ], [ 77.1605192, 28.5275321 ] ] } },
{ "type": "Feature", "properties": { "name": "Urban Arterial", "highway": "residential", "slope_pct": 0.6 }, "geometry": { "type": "LineString", "coordinates": [ [ 77.1602397, 28.5270198 ], [ 77.160274, 28.5269922 ], [ 77.1602972, 28.5269735 ], [ 77.1603377, 28.5269408 ], [ 77.1603885, 28.5268875 ], [ 77.1607656, 28.5264293 ], [ 77.1609186, 28.5262165 ], [ 77.1609447, 28.526183 ], [ 77.160979, 28.5261664 ], [ 77.161025, 28.5261633 ], [ 77.1610663, 28.5261705 ], [ 77.1612472, 28.5262673 ] ] } },
{ "type": "Feature", "properties": { "name": "Urban Arterial", "highway": "residential", "slope_pct": 0.6 }, "geometry": { "type": "LineString", "coordinates": [ [ 77.1611223, 28.5266639 ], [ 77.1612205, 28.5267285 ], [ 77.1612495, 28.5267394 ], [ 77.1612821, 28.5267432 ], [ 77.1613137, 28.5267394 ], [ 77.1613411, 28.5267203 ], [ 77.1616125, 28.5264628 ], [ 77.1617029, 28.5263771 ], [ 77.1617308, 28.526351 ], [ 77.1617525, 28.5263307 ], [ 77.1617957, 28.5262905 ] ] } },
{ "type": "Feature", "properties": { "name": "Urban Arterial", "highway": "residential", "slope_pct": 0.6 }, "geometry": { "type": "LineString", "coordinates": [ [ 77.1598681, 28.5251701 ], [ 77.159738, 28.5249693 ], [ 77.1595989, 28.5248293 ], [ 77.1595516, 28.5247905 ], [ 77.1593289, 28.5248944 ] ] } },
{ "type": "Feature", "properties": { "name": "Urban Arterial", "highway": "residential", "slope_pct": 0.6 }, "geometry": { "type": "LineString", "coordinates": [ [ 77.1596061, 28.5258239 ], [ 77.1595232, 28.5258667 ] ] } },
{ "type": "Feature", "properties": { "name": "Urban Arterial", "highway": "residential", "slope_pct": 0.6 }, "geometry": { "type": "LineString", "coordinates": [ [ 77.1565684, 28.5275622 ], [ 77.1567054, 28.5274701 ] ] } },
{ "type": "Feature", "properties": { "name": "Urban Arterial", "highway": "residential", "slope_pct": 0.6 }, "geometry": { "type": "LineString", "coordinates": [ [ 77.156444, 28.5271475 ], [ 77.1563022, 28.5272272 ] ] } },
{ "type": "Feature", "properties": { "name": "Urban Arterial", "highway": "residential", "slope_pct": 0.6 }, "geometry": { "type": "LineString", "coordinates": [ [ 77.1560495, 28.5265933 ], [ 77.1559983, 28.5266205 ] ] } },
{ "type": "Feature", "properties": { "name": "Bhagwan Mahavir Marg", "highway": "tertiary", "slope_pct": 0.6 }, "geometry": { "type": "LineString", "coordinates": [ [ 77.1566527, 28.5277914 ], [ 77.1569549, 28.5281132 ], [ 77.1571345, 28.5283324 ], [ 77.1572452, 28.5284846 ], [ 77.1574755, 28.5287681 ], [ 77.1576664, 28.5290366 ], [ 77.1578106, 28.5292334 ], [ 77.1578823, 28.529309 ], [ 77.1579136, 28.5293357 ], [ 77.1579492, 28.5293511 ], [ 77.1580061, 28.5293592 ], [ 77.1580694, 28.5293457 ], [ 77.1581339, 28.5293206 ], [ 77.158192, 28.5292974 ], [ 77.158345, 28.529223 ], [ 77.1585055, 28.5291495 ], [ 77.1585697, 28.5291253 ], [ 77.1586442, 28.5291033 ], [ 77.1588603, 28.5290414 ], [ 77.159005, 28.5289911 ], [ 77.1591029, 28.5289559 ], [ 77.1591667, 28.5289202 ], [ 77.1592051, 28.528883 ], [ 77.1592541, 28.5288147 ], [ 77.1593368, 28.528667 ], [ 77.1594067, 28.5285227 ], [ 77.1594404, 28.5284416 ], [ 77.1594688, 28.5283578 ], [ 77.1595185, 28.5281818 ], [ 77.159541, 28.5281338 ], [ 77.1595711, 28.5280962 ], [ 77.1596134, 28.5280602 ], [ 77.159666, 28.5280241 ], [ 77.1597567, 28.5279726 ], [ 77.1598763, 28.5279047 ], [ 77.1605192, 28.5275321 ], [ 77.1610028, 28.5272405 ], [ 77.1613957, 28.5270126 ], [ 77.1616774, 28.5268664 ] ] } },
{ "type": "Feature", "properties": { "name": "Urban Arterial", "highway": "residential", "slope_pct": 0.6 }, "geometry": { "type": "LineString", "coordinates": [ [ 77.1589577, 28.5297735 ], [ 77.1586758, 28.5299425 ] ] } },
{ "type": "Feature", "properties": { "name": "Urban Arterial", "highway": "residential", "slope_pct": 0.6 }, "geometry": { "type": "LineString", "coordinates": [ [ 77.1588461, 28.5296195 ], [ 77.1585781, 28.5297692 ], [ 77.1585646, 28.5297728 ], [ 77.1585528, 28.5297691 ], [ 77.1585363, 28.5297449 ], [ 77.1585351, 28.5297324 ], [ 77.1585432, 28.5297246 ], [ 77.1588065, 28.5295648 ] ] } },
{ "type": "Feature", "properties": { "name": "Urban Arterial", "highway": "residential", "slope_pct": 0.6 }, "geometry": { "type": "LineString", "coordinates": [ [ 77.1586692, 28.5293755 ], [ 77.1583825, 28.5295507 ] ] } },
{ "type": "Feature", "properties": { "name": "Urban Arterial", "highway": "residential", "slope_pct": 0.6 }, "geometry": { "type": "LineString", "coordinates": [ [ 77.1566412, 28.5296394 ], [ 77.1562179, 28.529065 ] ] } },
{ "type": "Feature", "properties": { "name": "Urban Arterial", "highway": "residential", "slope_pct": 0.6 }, "geometry": { "type": "LineString", "coordinates": [ [ 77.1602003, 28.5285496 ], [ 77.1605736, 28.5283474 ] ] } },
{ "type": "Feature", "properties": { "name": "Urban Arterial", "highway": "residential", "slope_pct": 0.6 }, "geometry": { "type": "LineString", "coordinates": [ [ 77.1617029, 28.5263771 ], [ 77.1615805, 28.5262056 ] ] } },
{ "type": "Feature", "properties": { "name": "Urban Arterial", "highway": "residential", "slope_pct": 0.6 }, "geometry": { "type": "LineString", "coordinates": [ [ 77.1590688, 28.5288843 ], [ 77.1588238, 28.5284346 ], [ 77.1584845, 28.5278455 ] ] } },
{ "type": "Feature", "properties": { "name": "Nelson Mandela Marg", "highway": "primary", "slope_pct": 0.6 }, "geometry": { "type": "LineString", "coordinates": [ [ 77.1512618, 28.5333589 ], [ 77.1513103, 28.5334224 ], [ 77.1513204, 28.5334368 ], [ 77.151693, 28.5339325 ], [ 77.1521538, 28.5345427 ], [ 77.1521939, 28.5345959 ], [ 77.1522312, 28.5346453 ], [ 77.1523988, 28.5348477 ], [ 77.1534519, 28.5362734 ], [ 77.1536301, 28.5364978 ], [ 77.1537865, 28.5367456 ], [ 77.1538943, 28.536968 ], [ 77.1539182, 28.5370173 ], [ 77.1543097, 28.5379547 ], [ 77.1543511, 28.5380341 ], [ 77.1546126, 28.5384398 ], [ 77.1553091, 28.5394023 ], [ 77.1561191, 28.5404755 ], [ 77.1562641, 28.5407493 ], [ 77.15687, 28.5415927 ], [ 77.1569306, 28.5416751 ], [ 77.1576891, 28.5427076 ], [ 77.1584739, 28.5437759 ], [ 77.1588698, 28.5443147 ], [ 77.1588787, 28.5443268 ], [ 77.1590081, 28.5445029 ], [ 77.159092, 28.5446171 ], [ 77.1592276, 28.5448017 ], [ 77.1597067, 28.5454396 ], [ 77.1601982, 28.5459853 ], [ 77.1611678, 28.5467601 ], [ 77.1612537, 28.5468287 ], [ 77.1613302, 28.5468823 ], [ 77.1613812, 28.5469365 ], [ 77.1614133, 28.5469791 ] ] } },
{ "type": "Feature", "properties": { "name": "Bhagwan Mahaveer Road", "highway": "tertiary", "slope_pct": 0.6 }, "geometry": { "type": "LineString", "coordinates": [ [ 77.1566829, 28.5276959 ], [ 77.1566077, 28.5277367 ], [ 77.1560816, 28.5280497 ], [ 77.1555292, 28.5283682 ], [ 77.1554408, 28.528431 ], [ 77.1554123, 28.5284582 ], [ 77.1553848, 28.5284845 ], [ 77.1553723, 28.5284965 ], [ 77.1552989, 28.5285761 ], [ 77.1552444, 28.5286478 ], [ 77.155099, 28.5288702 ], [ 77.1549069, 28.5291872 ], [ 77.1542624, 28.5302506 ], [ 77.154211, 28.5303356 ], [ 77.154066, 28.5305548 ], [ 77.1534441, 28.5314951 ], [ 77.1532986, 28.5317212 ], [ 77.1530032, 28.5321848 ], [ 77.1529448, 28.5322815 ], [ 77.1529049, 28.5323437 ], [ 77.1528548, 28.5324026 ], [ 77.1527983, 28.5324517 ], [ 77.1527368, 28.5324974 ], [ 77.1526243, 28.5325726 ], [ 77.1525926, 28.5325937 ], [ 77.1524221, 28.5327007 ], [ 77.1521245, 28.5328663 ], [ 77.1518715, 28.5330072 ], [ 77.1515439, 28.5331896 ], [ 77.1514647, 28.5332337 ], [ 77.1513757, 28.533289 ] ] } },
{ "type": "Feature", "properties": { "name": "Urban Arterial", "highway": "residential", "slope_pct": 0.6 }, "geometry": { "type": "LineString", "coordinates": [ [ 77.1548756, 28.5310889 ], [ 77.15383, 28.5317256 ] ] } },
{ "type": "Feature", "properties": { "name": "Urban Arterial", "highway": "residential", "slope_pct": 0.6 }, "geometry": { "type": "LineString", "coordinates": [ [ 77.1538749, 28.5332572 ], [ 77.1556354, 28.5322196 ], [ 77.1556529, 28.532206 ], [ 77.1556601, 28.5321838 ], [ 77.1556543, 28.5321594 ], [ 77.155471, 28.5319061 ], [ 77.1552633, 28.531621 ], [ 77.1548756, 28.5310889 ], [ 77.1547343, 28.5308948 ], [ 77.1546437, 28.5307705 ], [ 77.1545492, 28.5306408 ], [ 77.1545193, 28.5305998 ], [ 77.1543462, 28.5303621 ], [ 77.1543038, 28.5303039 ] ] } },
{ "type": "Feature", "properties": { "name": "Bhagwan Mahaveer Road", "highway": "tertiary", "slope_pct": 0.6 }, "geometry": { "type": "LineString", "coordinates": [ [ 77.1517097, 28.533175 ], [ 77.1521648, 28.5329243 ], [ 77.1524338, 28.5327601 ], [ 77.1526261, 28.5326475 ], [ 77.1526998, 28.5326007 ], [ 77.1527697, 28.5325495 ], [ 77.1528171, 28.5325134 ], [ 77.1528658, 28.5324717 ], [ 77.152912, 28.5324211 ], [ 77.1529492, 28.5323738 ], [ 77.1530103, 28.5322937 ], [ 77.1533498, 28.5317377 ], [ 77.1534838, 28.5315256 ], [ 77.1542686, 28.5303586 ], [ 77.1543038, 28.5303039 ], [ 77.1550261, 28.5291077 ], [ 77.1552366, 28.528759 ], [ 77.1553417, 28.5286137 ], [ 77.155434, 28.5285146 ], [ 77.1555558, 28.5284233 ], [ 77.1561188, 28.5280981 ], [ 77.1566527, 28.5277914 ] ] } },
{ "type": "Feature", "properties": { "name": "Urban Arterial", "highway": "residential", "slope_pct": 0.6 }, "geometry": { "type": "LineString", "coordinates": [ [ 77.1561018, 28.5270542 ], [ 77.1551402, 28.5271726 ], [ 77.1550921, 28.5271856 ], [ 77.1550651, 28.5272025 ] ] } },
{ "type": "Feature", "properties": { "name": "Urban Arterial", "highway": "residential", "slope_pct": 0.6 }, "geometry": { "type": "LineString", "coordinates": [ [ 77.1587669, 28.5307613 ], [ 77.1574874, 28.5314987 ], [ 77.1574695, 28.531502 ], [ 77.1574503, 28.5315001 ], [ 77.157433, 28.5314896 ], [ 77.1570439, 28.5309856 ] ] } },
{ "type": "Feature", "properties": { "name": "Urban Arterial", "highway": "residential", "slope_pct": 0.6 }, "geometry": { "type": "LineString", "coordinates": [ [ 77.155471, 28.5319061 ], [ 77.1570439, 28.5309856 ], [ 77.1575824, 28.5306704 ], [ 77.1576607, 28.5306246 ], [ 77.1582234, 28.5302953 ] ] } },
{ "type": "Feature", "properties": { "name": "Genius Associates Road", "highway": "residential", "slope_pct": 0.6 }, "geometry": { "type": "LineString", "coordinates": [ [ 77.1543196, 28.5256138 ], [ 77.1546837, 28.5259333 ], [ 77.1547919, 28.5260187 ], [ 77.1549131, 28.52618 ], [ 77.1549771, 28.5262316 ], [ 77.1550754, 28.5263498 ], [ 77.1551265, 28.526373 ], [ 77.1552064, 28.5263834 ], [ 77.1553089, 28.5263729 ], [ 77.155882, 28.5262724 ], [ 77.1559517, 28.5262775 ] ] } },
{ "type": "Feature", "properties": { "name": "Urban Arterial", "highway": "residential", "slope_pct": 0.6 }, "geometry": { "type": "LineString", "coordinates": [ [ 77.1617166, 28.5287616 ], [ 77.1626094, 28.5282863 ], [ 77.1626267, 28.5282706 ], [ 77.1626372, 28.5282528 ] ] } },
{ "type": "Feature", "properties": { "name": "Urban Arterial", "highway": "residential", "slope_pct": 0.6 }, "geometry": { "type": "LineString", "coordinates": [ [ 77.161124, 28.5284967 ], [ 77.1623374, 28.5277985 ], [ 77.1626477, 28.5276201 ], [ 77.1634312, 28.5271696 ], [ 77.1640737, 28.526805 ] ] } },
{ "type": "Feature", "properties": { "name": "Urban Arterial", "highway": "residential", "slope_pct": 0.6 }, "geometry": { "type": "LineString", "coordinates": [ [ 77.1626372, 28.5282528 ], [ 77.1626305, 28.5282204 ], [ 77.1625318, 28.5280783 ], [ 77.1623374, 28.5277985 ], [ 77.162048, 28.5273973 ], [ 77.1617572, 28.5269668 ], [ 77.1617369, 28.5269413 ], [ 77.1617173, 28.5269166 ], [ 77.1616774, 28.5268664 ] ] } },
{ "type": "Feature", "properties": { "name": "Nelson Mandela Marg", "highway": "primary", "slope_pct": 0.6 }, "geometry": { "type": "LineString", "coordinates": [ [ 77.1616058, 28.5469692 ], [ 77.1591123, 28.5436376 ], [ 77.1586627, 28.5430369 ], [ 77.156966, 28.5407232 ], [ 77.1566171, 28.5402981 ], [ 77.1562838, 28.5398373 ], [ 77.1551476, 28.5383092 ], [ 77.1549877, 28.5380941 ], [ 77.1541472, 28.5369536 ], [ 77.1534191, 28.5360071 ], [ 77.1532217, 28.5357506 ], [ 77.1523538, 28.5345731 ], [ 77.1523128, 28.5345174 ], [ 77.1522837, 28.5344793 ], [ 77.1521905, 28.5343575 ], [ 77.151801, 28.5338488 ], [ 77.1516064, 28.5335947 ] ] } },
{ "type": "Feature", "properties": { "name": "Bhagwan Mahavir Marg", "highway": "tertiary", "slope_pct": 0.6 }, "geometry": { "type": "LineString", "coordinates": [ [ 77.155435, 28.5247292 ], [ 77.1555505, 28.5248734 ], [ 77.1556091, 28.524963 ], [ 77.1556549, 28.5250527 ], [ 77.1557169, 28.5251876 ], [ 77.1557764, 28.5253259 ], [ 77.1558195, 28.5254817 ], [ 77.1558313, 28.5255661 ], [ 77.1558515, 28.5257875 ], [ 77.155882, 28.5262724 ], [ 77.1559162, 28.5265142 ], [ 77.1559361, 28.5266493 ], [ 77.1559562, 28.5267226 ], [ 77.1559825, 28.5268068 ], [ 77.1560048, 28.5268645 ], [ 77.1560372, 28.5269402 ], [ 77.1560667, 28.5269935 ], [ 77.1561018, 28.5270542 ], [ 77.1561934, 28.5271849 ], [ 77.1562519, 28.5272588 ], [ 77.1564886, 28.5275686 ], [ 77.1566077, 28.5277367 ], [ 77.1566527, 28.5277914 ] ] } },
{ "type": "Feature", "properties": { "name": "Bhagwan Mahavir Marg", "highway": "tertiary", "slope_pct": 0.6 }, "geometry": { "type": "LineString", "coordinates": [ [ 77.1566829, 28.5276959 ], [ 77.1565684, 28.5275622 ], [ 77.1565555, 28.5275472 ], [ 77.1563022, 28.5272272 ], [ 77.1562249, 28.5271214 ], [ 77.1561683, 28.5270364 ], [ 77.1561265, 28.5269665 ], [ 77.1560942, 28.5269081 ], [ 77.1560694, 28.5268497 ], [ 77.1560231, 28.5267239 ], [ 77.1560071, 28.5266658 ], [ 77.1559983, 28.5266205 ], [ 77.1559674, 28.5264491 ], [ 77.1559517, 28.5262775 ], [ 77.1559366, 28.5259135 ], [ 77.1559272, 28.5257808 ], [ 77.1558995, 28.5255476 ], [ 77.1558874, 28.5254744 ], [ 77.1558662, 28.5253815 ], [ 77.1558284, 28.5252607 ], [ 77.1557846, 28.5251362 ], [ 77.1557288, 28.5250231 ], [ 77.1556759, 28.524929 ], [ 77.1556539, 28.5248911 ], [ 77.1556197, 28.5248411 ], [ 77.155561, 28.5247546 ], [ 77.1554932, 28.5246634 ] ] } },
{ "type": "Feature", "properties": { "name": "Urban Arterial", "highway": "residential", "slope_pct": 0.6 }, "geometry": { "type": "LineString", "coordinates": [ [ 77.1547343, 28.5308948 ], [ 77.1555772, 28.5305532 ] ] } },
{ "type": "Feature", "properties": { "name": "Bhagwan Mahavir Marg", "highway": "tertiary", "slope_pct": 0.6 }, "geometry": { "type": "LineString", "coordinates": [ [ 77.1616774, 28.5268664 ], [ 77.1620464, 28.5266484 ], [ 77.1627191, 28.5262477 ], [ 77.1641482, 28.5254309 ] ] } },
{ "type": "Feature", "properties": { "name": "Urban Arterial", "highway": "residential", "slope_pct": 0.6 }, "geometry": { "type": "LineString", "coordinates": [ [ 77.1524104, 28.5344745 ], [ 77.1522837, 28.5344793 ], [ 77.1521538, 28.5345427 ], [ 77.152068, 28.534595 ], [ 77.1510343, 28.5352255 ] ] } },
{ "type": "Feature", "properties": { "name": "Urban Arterial", "highway": "residential", "slope_pct": 0.6 }, "geometry": { "type": "LineString", "coordinates": [ [ 77.1504801, 28.532494 ], [ 77.1504501, 28.5325108 ], [ 77.1501014, 28.5327061 ] ] } },
{ "type": "Feature", "properties": { "name": "Urban Arterial", "highway": "residential", "slope_pct": 0.6 }, "geometry": { "type": "LineString", "coordinates": [ [ 77.1534559, 28.5326681 ], [ 77.1552633, 28.531621 ] ] } },
{ "type": "Feature", "properties": { "name": "Urban Arterial", "highway": "residential", "slope_pct": 0.6 }, "geometry": { "type": "LineString", "coordinates": [ [ 77.1528108, 28.5334382 ], [ 77.1536578, 28.532952 ] ] } },
{ "type": "Feature", "properties": { "name": "Urban Arterial", "highway": "tertiary_link", "slope_pct": 0.6 }, "geometry": { "type": "LineString", "coordinates": [ [ 77.1516064, 28.5335947 ], [ 77.1517097, 28.533175 ] ] } },
{ "type": "Feature", "properties": { "name": "Urban Arterial", "highway": "residential", "slope_pct": 0.6 }, "geometry": { "type": "LineString", "coordinates": [ [ 77.150499, 28.5320833 ], [ 77.1506, 28.5320218 ] ] } },
{ "type": "Feature", "properties": { "name": "Urban Arterial", "highway": "residential", "slope_pct": 0.6 }, "geometry": { "type": "LineString", "coordinates": [ [ 77.154658, 28.5331762 ], [ 77.1540578, 28.5335144 ], [ 77.1531357, 28.534034 ] ] } },
{ "type": "Feature", "properties": { "name": "Urban Arterial", "highway": "residential", "slope_pct": 0.6 }, "geometry": { "type": "LineString", "coordinates": [ [ 77.1530742, 28.5323327 ], [ 77.1531969, 28.5324226 ], [ 77.153321, 28.5325325 ], [ 77.1534559, 28.5326681 ], [ 77.1536578, 28.532952 ], [ 77.1538749, 28.5332572 ], [ 77.1540578, 28.5335144 ] ] } },
{ "type": "Feature", "properties": { "name": "Urban Arterial", "highway": "residential", "slope_pct": 0.6 }, "geometry": { "type": "LineString", "coordinates": [ [ 77.1510416, 28.5325618 ], [ 77.1510509, 28.5325565 ], [ 77.15171, 28.53218 ], [ 77.1526739, 28.5316295 ], [ 77.1528124, 28.5315912 ], [ 77.1529329, 28.5315889 ], [ 77.1530458, 28.5316182 ], [ 77.1532559, 28.5317038 ], [ 77.1532986, 28.5317212 ] ] } },
{ "type": "Feature", "properties": { "name": "Bhagwan Mahaveer Road", "highway": "tertiary", "slope_pct": 0.6 }, "geometry": { "type": "LineString", "coordinates": [ [ 77.1514188, 28.5333508 ], [ 77.1515053, 28.5332906 ], [ 77.1517097, 28.533175 ] ] } },
{ "type": "Feature", "properties": { "name": "Urban Arterial", "highway": "residential", "slope_pct": 0.6 }, "geometry": { "type": "LineString", "coordinates": [ [ 77.1512252, 28.5334939 ], [ 77.1513204, 28.5334368 ] ] } },
{ "type": "Feature", "properties": { "name": "Urban Arterial", "highway": "residential", "slope_pct": 0.6 }, "geometry": { "type": "LineString", "coordinates": [ [ 77.1514647, 28.5332337 ], [ 77.1515053, 28.5332906 ] ] } },
{ "type": "Feature", "properties": { "name": "Urban Arterial", "highway": "tertiary", "slope_pct": 0.6 }, "geometry": { "type": "LineString", "coordinates": [ [ 77.1513757, 28.533289 ], [ 77.1512618, 28.5333589 ] ] } },
{ "type": "Feature", "properties": { "name": "Urban Arterial", "highway": "tertiary", "slope_pct": 0.6 }, "geometry": { "type": "LineString", "coordinates": [ [ 77.1513103, 28.5334224 ], [ 77.1514188, 28.5333508 ] ] } },
{ "type": "Feature", "properties": { "name": "Urban Arterial", "highway": "residential", "slope_pct": 0.6 }, "geometry": { "type": "LineString", "coordinates": [ [ 77.1526243, 28.5325726 ], [ 77.1525884, 28.5325327 ], [ 77.1525382, 28.5324768 ], [ 77.1525236, 28.5324705 ], [ 77.1525017, 28.5324726 ], [ 77.1521125, 28.5327146 ], [ 77.1517975, 28.5329047 ], [ 77.1515377, 28.5330614 ] ] } },
{ "type": "Feature", "properties": { "name": "Urban Arterial", "highway": "residential", "slope_pct": 0.6 }, "geometry": { "type": "LineString", "coordinates": [ [ 77.1507811, 28.5354879 ], [ 77.150995, 28.5353563 ], [ 77.1510936, 28.5353064 ], [ 77.1511366, 28.5352814 ], [ 77.1522312, 28.5346453 ], [ 77.1523538, 28.5345731 ], [ 77.1524104, 28.5344745 ] ] } },
{ "type": "Feature", "properties": { "name": "Urban Arterial", "highway": "residential", "slope_pct": 0.6 }, "geometry": { "type": "LineString", "coordinates": [ [ 77.151603, 28.5339885 ], [ 77.1519284, 28.5344092 ], [ 77.152068, 28.534595 ] ] } },
{ "type": "Feature", "properties": { "name": "Urban Arterial", "highway": "residential", "slope_pct": 0.6 }, "geometry": { "type": "LineString", "coordinates": [ [ 77.151693, 28.5339325 ], [ 77.151603, 28.5339885 ] ] } },
{ "type": "Feature", "properties": { "name": "Urban Arterial", "highway": "residential", "slope_pct": 0.6 }, "geometry": { "type": "LineString", "coordinates": [ [ 77.1548145, 28.5322699 ], [ 77.154328, 28.5325603 ], [ 77.1543697, 28.5326205 ], [ 77.1543784, 28.5326401 ], [ 77.1543668, 28.5326561 ], [ 77.1540387, 28.5328497 ], [ 77.1540134, 28.5328554 ], [ 77.1539916, 28.5328474 ], [ 77.1539347, 28.5327861 ], [ 77.1538889, 28.5327173 ], [ 77.1538863, 28.5326995 ], [ 77.153895, 28.5326847 ], [ 77.1542216, 28.5324882 ], [ 77.1542446, 28.5324798 ], [ 77.1542642, 28.5324889 ], [ 77.154328, 28.5325603 ] ] } },
{ "type": "Feature", "properties": { "name": "Urban Arterial", "highway": "residential", "slope_pct": 0.6 }, "geometry": { "type": "LineString", "coordinates": [ [ 77.1521905, 28.5343575 ], [ 77.152281, 28.5342403 ], [ 77.1519558, 28.5338252 ], [ 77.151801, 28.5338488 ] ] } },
{ "type": "Feature", "properties": { "name": "Urban Arterial", "highway": "residential", "slope_pct": 0.6 }, "geometry": { "type": "LineString", "coordinates": [ [ 77.1512958, 28.5316301 ], [ 77.15171, 28.53218 ], [ 77.1521125, 28.5327146 ] ] } },
{ "type": "Feature", "properties": { "name": "Urban Arterial", "highway": "residential", "slope_pct": 0.6 }, "geometry": { "type": "LineString", "coordinates": [ [ 77.1509021, 28.5326416 ], [ 77.1510016, 28.5325847 ], [ 77.1510416, 28.5325618 ] ] } },
{ "type": "Feature", "properties": { "name": "Urban Arterial", "highway": "residential", "slope_pct": 0.6 }, "geometry": { "type": "LineString", "coordinates": [ [ 77.1517975, 28.5329047 ], [ 77.1518486, 28.5329754 ], [ 77.1518715, 28.5330072 ] ] } },
{ "type": "Feature", "properties": { "name": "Urban Arterial", "highway": "residential", "slope_pct": 0.6 }, "geometry": { "type": "LineString", "coordinates": [ [ 77.1529448, 28.5322815 ], [ 77.1530103, 28.5322937 ], [ 77.1530742, 28.5323327 ] ] } },
{ "type": "Feature", "properties": { "name": "Urban Arterial", "highway": "residential", "slope_pct": 0.6 }, "geometry": { "type": "LineString", "coordinates": [ [ 77.1539347, 28.5327861 ], [ 77.1536578, 28.532952 ] ] } },
{ "type": "Feature", "properties": { "name": "Urban Arterial", "highway": "residential", "slope_pct": 0.6 }, "geometry": { "type": "LineString", "coordinates": [ [ 77.155471, 28.5319061 ], [ 77.1551753, 28.5320699 ], [ 77.1552235, 28.5321379 ], [ 77.1552319, 28.5321575 ], [ 77.1552211, 28.5321736 ], [ 77.154938, 28.5323439 ], [ 77.1549159, 28.5323487 ], [ 77.1548903, 28.5323476 ], [ 77.1548721, 28.5323345 ], [ 77.1548145, 28.5322699 ], [ 77.1547622, 28.5322112 ], [ 77.1547553, 28.5321897 ], [ 77.1547675, 28.5321683 ], [ 77.1550779, 28.5319906 ], [ 77.1550988, 28.5319878 ], [ 77.1551214, 28.5319973 ], [ 77.1551753, 28.5320699 ] ] } },
{ "type": "Feature", "properties": { "name": "Urban Arterial", "highway": "residential", "slope_pct": 0.6 }, "geometry": { "type": "LineString", "coordinates": [ [ 77.1506, 28.5320218 ], [ 77.1506357, 28.5320017 ], [ 77.1506471, 28.5319953 ], [ 77.1512958, 28.5316301 ], [ 77.151815, 28.5313379 ] ] } },
{ "type": "Feature", "properties": { "name": "Urban Arterial", "highway": "residential", "slope_pct": 0.6 }, "geometry": { "type": "LineString", "coordinates": [ [ 77.1661838, 28.5261757 ], [ 77.1651566, 28.5267792 ], [ 77.164483, 28.5271752 ], [ 77.1644499, 28.5271846 ] ] } },
{ "type": "Feature", "properties": { "name": "Urban Arterial", "highway": "residential", "slope_pct": 0.6 }, "geometry": { "type": "LineString", "coordinates": [ [ 77.1634312, 28.5271696 ], [ 77.1630957, 28.5267369 ], [ 77.1628092, 28.5263675 ], [ 77.162762, 28.5263047 ], [ 77.1627191, 28.5262477 ] ] } },
{ "type": "Feature", "properties": { "name": "Urban Arterial", "highway": "residential", "slope_pct": 0.6 }, "geometry": { "type": "LineString", "coordinates": [ [ 77.1641164, 28.5267756 ], [ 77.1637999, 28.5263334 ], [ 77.1635259, 28.525961 ] ] } },
{ "type": "Feature", "properties": { "name": "Urban Arterial", "highway": "residential", "slope_pct": 0.6 }, "geometry": { "type": "LineString", "coordinates": [ [ 77.1655783, 28.5253145 ], [ 77.1645213, 28.5259312 ], [ 77.1637999, 28.5263334 ], [ 77.1630957, 28.5267369 ] ] } },
{ "type": "Feature", "properties": { "name": "Urban Arterial", "highway": "residential", "slope_pct": 0.6 }, "geometry": { "type": "LineString", "coordinates": [ [ 77.1641482, 28.5254309 ], [ 77.1641858, 28.5254832 ], [ 77.1642233, 28.5255355 ], [ 77.1645213, 28.5259312 ], [ 77.1647429, 28.5262332 ], [ 77.1648323, 28.5263507 ], [ 77.1651566, 28.5267792 ] ] } },
{ "type": "Feature", "properties": { "name": "Urban Arterial", "highway": "residential", "slope_pct": 0.6 }, "geometry": { "type": "LineString", "coordinates": [ [ 77.1661838, 28.5261757 ], [ 77.1659, 28.5257496 ], [ 77.1655783, 28.5253145 ], [ 77.1652883, 28.5249009 ], [ 77.1652177, 28.5248004 ] ] } },
{ "type": "Feature", "properties": { "name": "Urban Arterial", "highway": "residential", "slope_pct": 0.6 }, "geometry": { "type": "LineString", "coordinates": [ [ 77.1644499, 28.5271846 ], [ 77.1645596, 28.5273471 ], [ 77.1656275, 28.5267505 ], [ 77.1662987, 28.5263879 ], [ 77.1663047, 28.5263844 ], [ 77.1663089, 28.5263808 ] ] } },
{ "type": "Feature", "properties": { "name": "Urban Arterial", "highway": "residential", "slope_pct": 0.6 }, "geometry": { "type": "LineString", "coordinates": [ [ 77.1663089, 28.5263808 ], [ 77.1663074, 28.5263758 ], [ 77.1663057, 28.5263718 ], [ 77.166268, 28.5263104 ], [ 77.1661838, 28.5261757 ] ] } },
{ "type": "Feature", "properties": { "name": "Urban Arterial", "highway": "residential", "slope_pct": 0.6 }, "geometry": { "type": "LineString", "coordinates": [ [ 77.1652177, 28.5248004 ], [ 77.1651866, 28.5247305 ] ] } },
{ "type": "Feature", "properties": { "name": "Urban Arterial", "highway": "residential", "slope_pct": 0.6 }, "geometry": { "type": "LineString", "coordinates": [ [ 77.1649649, 28.5248575 ], [ 77.1650003, 28.5249249 ] ] } },
{ "type": "Feature", "properties": { "name": "Urban Arterial", "highway": "residential", "slope_pct": 0.6 }, "geometry": { "type": "LineString", "coordinates": [ [ 77.1623406, 28.5245774 ], [ 77.16257, 28.5245882 ], [ 77.1627175, 28.5246424 ], [ 77.1628121, 28.5247043 ], [ 77.1628518, 28.5247952 ] ] } },
{ "type": "Feature", "properties": { "name": "Urban Arterial", "highway": "residential", "slope_pct": 0.6 }, "geometry": { "type": "LineString", "coordinates": [ [ 77.1641173, 28.5253719 ], [ 77.1641482, 28.5254309 ] ] } },
{ "type": "Feature", "properties": { "name": "Urban Arterial", "highway": "residential", "slope_pct": 0.6 }, "geometry": { "type": "LineString", "coordinates": [ [ 77.1641164, 28.5267756 ], [ 77.1648323, 28.5263507 ], [ 77.1659, 28.5257496 ] ] } },
{ "type": "Feature", "properties": { "name": "Urban Arterial", "highway": "residential", "slope_pct": 0.6 }, "geometry": { "type": "LineString", "coordinates": [ [ 77.1644499, 28.5271846 ], [ 77.1644259, 28.5271746 ], [ 77.1644081, 28.5271602 ], [ 77.1641164, 28.5267756 ] ] } }
]
}
