{
"type": "FeatureCollection",
"name": "roads_19.225_72.968",
"crs": { "type": "name", "properties": { "name": "urn:ogc:def:crs:OGC:1.3:CRS84" } },
"features": [
{ "type": "Feature", "properties": { "name": "Prabhakar Kunte Marg", "highway": "tertiary", "slope_pct": 0.6 }, "geometry": { "type": "LineString", "coordinates": [ [ 72.9604299, 19.2206196 ], [ 72.9601097, 19.2199734 ], [ 72.9600005, 19.21972 ], [ 72.9597583, 19.2191844 ], [ 72.9596471, 19.2189043 ], [ 72.9595285, 19.2186244 ], [ 72.9593849, 19.2182855 ], [ 72.9592962, 19.2180914 ], [ 72.9592217, 19.2179103 ], [ 72.9590843, 19.2175819 ], [ 72.9589303, 19.2172154 ], [ 72.9587691, 19.2168353 ], [ 72.9587008, 19.2166854 ], [ 72.9585298, 19.2162817 ], [ 72.9584617, 19.2160475 ], [ 72.9584444, 19.2159789 ], [ 72.9583351, 19.2155466 ], [ 72.9583023, 19.2154286 ], [ 72.9581882, 19.2149406 ] ] } },
{ "type": "Feature", "properties": { "name": "Arterial Link", "highway": "residential", "slope_pct": 0.6 }, "geometry": { "type": "LineString", "coordinates": [ [ 72.9615462, 19.2163923 ], [ 72.9618385, 19.2171571 ], [ 72.9620827, 19.21757 ], [ 72.962705, 19.2181424 ], [ 72.9627585, 19.2182259 ], [ 72.9627787, 19.218331 ], [ 72.9627773, 19.2184374 ], [ 72.9627374, 19.2185837 ] ] } },
{ "type": "Feature", "properties": { "name": "Arterial Link", "highway": "residential", "slope_pct": 0.6 }, "geometry": { "type": "LineString", "coordinates": [ [ 72.9627374, 19.2185837 ], [ 72.9628881, 19.2185575 ], [ 72.963011, 19.2184712 ], [ 72.963081, 19.2183425 ], [ 72.9632038, 19.2175218 ] ] } },
{ "type": "Feature", "properties": { "name": "Arterial Link", "highway": "residential", "slope_pct": 0.6 }, "geometry": { "type": "LineString", "coordinates": [ [ 72.9624352, 19.2156098 ], [ 72.9631955, 19.2158415 ], [ 72.9637151, 19.2160057 ], [ 72.9638619, 19.2160591 ], [ 72.9639701, 19.2160712 ], [ 72.9644799, 19.2161919 ], [ 72.9646388, 19.2162169 ], [ 72.9648547, 19.2162411 ], [ 72.9656093, 19.2163903 ], [ 72.9658686, 19.2164401 ], [ 72.9662459, 19.2165162 ], [ 72.9669552, 19.2166602 ], [ 72.9677075, 19.2168178 ], [ 72.9687406, 19.2170664 ], [ 72.9693539, 19.2171643 ], [ 72.9699748, 19.2172849 ], [ 72.9701312, 19.2173103 ], [ 72.9707515, 19.21744 ], [ 72.9707676, 19.2174459 ], [ 72.9707773, 19.2174645 ], [ 72.9707739, 19.2175392 ], [ 72.9707749, 19.2175597 ], [ 72.9708131, 19.2175909 ] ] } },
{ "type": "Feature", "properties": { "name": "Arterial Link", "highway": "residential", "slope_pct": 0.6 }, "geometry": { "type": "LineString", "coordinates": [ [ 72.967581, 19.2186482 ], [ 72.9673468, 19.2175118 ], [ 72.9672807, 19.2168962 ], [ 72.9658002, 19.216648 ], [ 72.9655105, 19.2166024 ], [ 72.9653978, 19.2166379 ], [ 72.965312, 19.2166936 ], [ 72.9652744, 19.2168152 ], [ 72.9652071, 19.2173919 ] ] } },
{ "type": "Feature", "properties": { "name": "Arterial Link", "highway": "residential", "slope_pct": 0.6 }, "geometry": { "type": "LineString", "coordinates": [ [ 72.9600005, 19.21972 ], [ 72.9600634, 19.219696 ], [ 72.9604354, 19.2195543 ], [ 72.9608174, 19.2194087 ], [ 72.9607254, 19.2191933 ], [ 72.9604859, 19.218633 ], [ 72.9605464, 19.2186099 ], [ 72.9608133, 19.2185082 ], [ 72.960608, 19.2180283 ], [ 72.9606732, 19.2179474 ], [ 72.9607058, 19.2178543 ], [ 72.9606971, 19.2177565 ], [ 72.9606486, 19.2176698 ], [ 72.9605674, 19.2176065 ], [ 72.9597381, 19.2179226 ], [ 72.9593868, 19.2180565 ], [ 72.9592962, 19.2180914 ] ] } },
{ "type": "Feature", "properties": { "name": "Arterial Link", "highway": "residential", "slope_pct": 0.6 }, "geometry": { "type": "LineString", "coordinates": [ [ 72.9597381, 19.2179226 ], [ 72.9604354, 19.2195543 ] ] } },
{ "type": "Feature", "properties": { "name": "Prabhakar Kunte Marg", "highway": "tertiary", "slope_pct": 0.6 }, "geometry": { "type": "LineString", "coordinates": [ [ 72.9581084, 19.214961 ], [ 72.9581824, 19.2152583 ], [ 72.9582638, 19.215569 ], [ 72.9583407, 19.2158624 ], [ 72.9583834, 19.2160196 ], [ 72.958397, 19.2160764 ], [ 72.9584547, 19.2162524 ], [ 72.9585512, 19.2165095 ], [ 72.9586455, 19.2167173 ], [ 72.9587027, 19.2168573 ], [ 72.9588606, 19.2172435 ], [ 72.9588943, 19.217326 ], [ 72.95902, 19.2176092 ], [ 72.9590863, 19.2177588 ], [ 72.9591647, 19.2179272 ], [ 72.9592034, 19.2180215 ], [ 72.9592407, 19.2181126 ], [ 72.9592836, 19.2182173 ], [ 72.9593285, 19.2183098 ], [ 72.959468, 19.2186487 ], [ 72.9595444, 19.2188345 ], [ 72.9595844, 19.2189281 ], [ 72.959695, 19.2192059 ], [ 72.9597736, 19.2193702 ], [ 72.9599363, 19.2197428 ], [ 72.9600216, 19.2199384 ], [ 72.9600466, 19.2200003 ], [ 72.9602649, 19.2204514 ], [ 72.9603893, 19.2207348 ], [ 72.9604861, 19.2209098 ], [ 72.9605367, 19.2209872 ], [ 72.9605694, 19.2210449 ] ] } },
{ "type": "Feature", "properties": { "name": "Pokhran Road 2", "highway": "secondary", "slope_pct": 0.6 }, "geometry": { "type": "LineString", "coordinates": [ [ 72.9697883, 19.2184018 ], [ 72.9695433, 19.2184866 ], [ 72.9683549, 19.2188437 ], [ 72.9680127, 19.2189401 ], [ 72.9678078, 19.2190023 ], [ 72.9674827, 19.2190912 ], [ 72.966416, 19.2193072 ] ] } },
{ "type": "Feature", "properties": { "name": "Arterial Link", "highway": "residential", "slope_pct": 0.6 }, "geometry": { "type": "LineString", "coordinates": [ [ 72.9593285, 19.2183098 ], [ 72.9592953, 19.2183241 ], [ 72.9590516, 19.2184148 ], [ 72.9592652, 19.2189054 ], [ 72.9593199, 19.2190313 ], [ 72.959553, 19.21894 ], [ 72.9595844, 19.2189281 ] ] } },
{ "type": "Feature", "properties": { "name": "Arterial Link", "highway": "residential", "slope_pct": 0.6 }, "geometry": { "type": "LineString", "coordinates": [ [ 72.9605464, 19.2186099 ], [ 72.960374, 19.2181843 ], [ 72.9603689, 19.2181516 ], [ 72.9603741, 19.2181203 ], [ 72.960608, 19.2180283 ] ] } },
{ "type": "Feature", "properties": { "name": "Arterial Link", "highway": "residential", "slope_pct": 0.6 }, "geometry": { "type": "LineString", "coordinates": [ [ 72.9627292, 19.2186117 ], [ 72.9626416, 19.2185584 ], [ 72.9626287, 19.2185456 ], [ 72.9622791, 19.2181963 ], [ 72.9622345, 19.2181518 ], [ 72.9621167, 19.2179998 ], [ 72.9620893, 19.2179998 ], [ 72.9615396, 19.2184287 ], [ 72.9615396, 19.218467 ], [ 72.9615788, 19.2185201 ], [ 72.9616325, 19.2185399 ], [ 72.9616691, 19.2185436 ], [ 72.9617228, 19.2185844 ], [ 72.9617555, 19.2185868 ], [ 72.9622791, 19.2181963 ] ] } },
{ "type": "Feature", "properties": { "name": "Ravi Estate Road", "highway": "residential", "slope_pct": 0.6 }, "geometry": { "type": "LineString", "coordinates": [ [ 72.9590843, 19.2175819 ], [ 72.9591829, 19.2175529 ], [ 72.9594956, 19.217461 ], [ 72.9595225, 19.2174344 ], [ 72.9595307, 19.2173916 ], [ 72.9595211, 19.2173382 ], [ 72.9594943, 19.2172749 ], [ 72.9594903, 19.2172356 ], [ 72.9595077, 19.2171913 ], [ 72.9595385, 19.2171533 ], [ 72.9601043, 19.216474 ], [ 72.960112, 19.2164694 ], [ 72.9601216, 19.2164672 ], [ 72.9601304, 19.2164677 ], [ 72.9603658, 19.2165615 ], [ 72.9603974, 19.21643 ], [ 72.9604159, 19.2163602 ], [ 72.9604231, 19.2163459 ], [ 72.9604356, 19.216334 ], [ 72.9604528, 19.2163305 ], [ 72.9606409, 19.2163736 ], [ 72.9606595, 19.2163817 ], [ 72.9606703, 19.2163968 ], [ 72.9606758, 19.2164164 ], [ 72.9606998, 19.2166177 ], [ 72.9606916, 19.2166348 ], [ 72.960675, 19.2166474 ], [ 72.9603658, 19.2165615 ] ] } },
{ "type": "Feature", "properties": { "name": "Ravi Estate Road", "highway": "residential", "slope_pct": 0.6 }, "geometry": { "type": "LineString", "coordinates": [ [ 72.9603668, 19.2171274 ], [ 72.9604113, 19.2166929 ], [ 72.9604252, 19.2166695 ], [ 72.9604469, 19.2166566 ], [ 72.9604696, 19.216651 ], [ 72.9606734, 19.2166855 ], [ 72.9606843, 19.2167012 ], [ 72.960692, 19.2167206 ], [ 72.9606839, 19.2171518 ], [ 72.9606751, 19.217288 ], [ 72.9606671, 19.2173768 ], [ 72.9606597, 19.2174376 ], [ 72.9606499, 19.2174614 ], [ 72.9606344, 19.2174771 ] ] } },
{ "type": "Feature", "properties": { "name": "Ravi Estate Road", "highway": "residential", "slope_pct": 0.6 }, "geometry": { "type": "LineString", "coordinates": [ [ 72.9594956, 19.217461 ], [ 72.9596943, 19.2176538 ], [ 72.9597256, 19.2176791 ], [ 72.959757, 19.217692 ], [ 72.9598098, 19.2177034 ], [ 72.9599048, 19.2177126 ], [ 72.9600426, 19.2176884 ], [ 72.9600794, 19.2176851 ], [ 72.9603318, 19.2176198 ], [ 72.9605177, 19.2175365 ], [ 72.9606344, 19.2174771 ] ] } },
{ "type": "Feature", "properties": { "name": "Ravi Estate Road", "highway": "residential", "slope_pct": 0.6 }, "geometry": { "type": "LineString", "coordinates": [ [ 72.9600426, 19.2176884 ], [ 72.959935, 19.2174002 ], [ 72.959933, 19.2173919 ], [ 72.9599354, 19.2173844 ], [ 72.9599444, 19.2173769 ], [ 72.9601902, 19.217252 ], [ 72.960202, 19.2172516 ], [ 72.9602102, 19.2172569 ], [ 72.9602145, 19.2172641 ], [ 72.9602748, 19.2174414 ], [ 72.9603318, 19.2176198 ] ] } },
{ "type": "Feature", "properties": { "name": "Arterial Link", "highway": "residential", "slope_pct": 0.6 }, "geometry": { "type": "LineString", "coordinates": [ [ 72.962705, 19.2181424 ], [ 72.9627947, 19.2172179 ], [ 72.9628269, 19.217166 ], [ 72.9628618, 19.2171406 ], [ 72.9629329, 19.2171356 ], [ 72.9630429, 19.2171457 ], [ 72.9632306, 19.2171926 ], [ 72.9633701, 19.2172052 ], [ 72.9634532, 19.2171698 ], [ 72.9634827, 19.2171014 ], [ 72.9635149, 19.2170102 ], [ 72.9635686, 19.2165417 ], [ 72.9635739, 19.2162934 ], [ 72.963531, 19.216182 ], [ 72.963472, 19.2161313 ], [ 72.9633701, 19.216106 ], [ 72.962854, 19.2160366 ] ] } },
{ "type": "Feature", "properties": { "name": "Arterial Link", "highway": "residential", "slope_pct": 0.6 }, "geometry": { "type": "LineString", "coordinates": [ [ 72.966368, 19.2175991 ], [ 72.9666369, 19.2175924 ], [ 72.9669413, 19.2175723 ], [ 72.9673468, 19.2175118 ] ] } },
{ "type": "Feature", "properties": { "name": "Arterial Link", "highway": "residential", "slope_pct": 0.6 }, "geometry": { "type": "LineString", "coordinates": [ [ 72.963081, 19.2183425 ], [ 72.9632628, 19.2182943 ], [ 72.9634613, 19.2182715 ], [ 72.9638556, 19.2182715 ], [ 72.9640299, 19.2182842 ], [ 72.9641238, 19.2182715 ], [ 72.9641828, 19.2182462 ], [ 72.9642177, 19.2181981 ], [ 72.9642364, 19.2181348 ], [ 72.9643276, 19.2174585 ] ] } },
{ "type": "Feature", "properties": { "name": "Arterial Link", "highway": "residential", "slope_pct": 0.6 }, "geometry": { "type": "LineString", "coordinates": [ [ 72.9757726, 19.2184991 ], [ 72.975491, 19.2184665 ], [ 72.9751423, 19.2184184 ], [ 72.9751083, 19.218418 ], [ 72.9743752, 19.2182563 ], [ 72.9741552, 19.2181778 ], [ 72.9737415, 19.2180784 ], [ 72.973702, 19.2180664 ], [ 72.9733479, 19.2180106 ], [ 72.9727524, 19.2178587 ] ] } },
{ "type": "Feature", "properties": { "name": "Glady's Alwares Avenue", "highway": "secondary", "slope_pct": 0.6 }, "geometry": { "type": "LineString", "coordinates": [ [ 72.9699787, 19.2224571 ], [ 72.9699804, 19.2224451 ], [ 72.9699761, 19.2223782 ], [ 72.9699744, 19.2222103 ], [ 72.9699819, 19.2217754 ], [ 72.969987, 19.2217466 ], [ 72.9700071, 19.2216332 ], [ 72.9702021, 19.2210551 ], [ 72.9702759, 19.2208519 ], [ 72.970399, 19.220513 ], [ 72.9704216, 19.2204093 ], [ 72.9704167, 19.2203082 ], [ 72.9701327, 19.2190313 ], [ 72.9699509, 19.2184 ] ] } },
{ "type": "Feature", "properties": { "name": "Pokhran Road 2", "highway": "secondary", "slope_pct": 0.6 }, "geometry": { "type": "LineString", "coordinates": [ [ 72.9712718, 19.2172786 ], [ 72.9713125, 19.2172402 ], [ 72.9713899, 19.2171974 ], [ 72.9714907, 19.2171763 ], [ 72.9715855, 19.2171564 ], [ 72.9717716, 19.2171218 ], [ 72.9718609, 19.2171052 ], [ 72.9719037, 19.2170982 ], [ 72.9720832, 19.2170687 ], [ 72.9723532, 19.2169687 ], [ 72.9725191, 19.2168532 ], [ 72.9726916, 19.2166268 ], [ 72.9727672, 19.2165783 ], [ 72.9732691, 19.2165277 ], [ 72.9734784, 19.2164914 ], [ 72.9736176, 19.2164644 ], [ 72.9740269, 19.216385 ], [ 72.9741864, 19.2163213 ], [ 72.9742181, 19.2163086 ], [ 72.9742805, 19.2162627 ], [ 72.9745505, 19.2160994 ], [ 72.9746473, 19.2160164 ], [ 72.9749793, 19.215732 ], [ 72.9756906, 19.2151443 ], [ 72.9757575, 19.2150891 ], [ 72.9757944, 19.2150642 ], [ 72.9759408, 19.2149657 ], [ 72.9763894, 19.2146865 ], [ 72.9765498, 19.2145594 ], [ 72.9767411, 19.2144365 ], [ 72.9768273, 19.2143811 ], [ 72.9769998, 19.2142703 ], [ 72.9770663, 19.2142275 ], [ 72.9772826, 19.2141451 ] ] } },
{ "type": "Feature", "properties": { "name": "Pokhran Road 2", "highway": "secondary", "slope_pct": 0.6 }, "geometry": { "type": "LineString", "coordinates": [ [ 72.977374, 19.2137405 ], [ 72.9772219, 19.2138546 ], [ 72.976934, 19.2141077 ], [ 72.9765192, 19.2143892 ], [ 72.9761398, 19.2146453 ], [ 72.9761014, 19.2146729 ], [ 72.9760733, 19.2146967 ], [ 72.9756484, 19.2149861 ], [ 72.9756106, 19.2150131 ], [ 72.9752296, 19.2153345 ], [ 72.9748791, 19.2156302 ], [ 72.9744487, 19.2160017 ], [ 72.9741644, 19.21619 ], [ 72.9739944, 19.2162444 ], [ 72.9732453, 19.2163859 ], [ 72.9731129, 19.2164042 ], [ 72.9727569, 19.2164533 ], [ 72.9726051, 19.2165167 ], [ 72.9725734, 19.2165554 ], [ 72.9723799, 19.2167917 ], [ 72.9722556, 19.2168775 ], [ 72.9720363, 19.2169646 ], [ 72.9720098, 19.2169687 ], [ 72.9717525, 19.217008 ], [ 72.9715731, 19.2170355 ], [ 72.971445, 19.2170778 ], [ 72.9713603, 19.2171057 ], [ 72.971293, 19.217131 ], [ 72.9712271, 19.2171729 ], [ 72.9711711, 19.2172343 ] ] } },
{ "type": "Feature", "properties": { "name": "Arterial Link", "highway": "secondary", "slope_pct": 0.6 }, "geometry": { "type": "LineString", "coordinates": [ [ 72.9698153, 19.2184652 ], [ 72.9699509, 19.2184 ] ] } },
{ "type": "Feature", "properties": { "name": "Arterial Link", "highway": "secondary", "slope_pct": 0.6 }, "geometry": { "type": "LineString", "coordinates": [ [ 72.9697883, 19.2184018 ], [ 72.9698153, 19.2184652 ] ] } },
{ "type": "Feature", "properties": { "name": "Arterial Link", "highway": "residential", "slope_pct": 0.6 }, "geometry": { "type": "LineString", "coordinates": [ [ 72.9703965, 19.2181487 ], [ 72.9704918, 19.2182928 ], [ 72.9704984, 19.2183028 ], [ 72.9710164, 19.2190797 ], [ 72.9710584, 19.2191426 ], [ 72.971349, 19.2195883 ], [ 72.9713802, 19.2195938 ], [ 72.9715226, 19.2195091 ], [ 72.9715353, 19.2194815 ], [ 72.9712417, 19.2189842 ], [ 72.9712105, 19.2189741 ], [ 72.9710164, 19.2190797 ] ] } },
{ "type": "Feature", "properties": { "name": "Arterial Link", "highway": "residential", "slope_pct": 0.6 }, "geometry": { "type": "LineString", "coordinates": [ [ 72.9706276, 19.2180018 ], [ 72.970719, 19.2181439 ], [ 72.9707265, 19.2181547 ], [ 72.9708645, 19.2183543 ], [ 72.9708437, 19.2183833 ], [ 72.970985, 19.218591 ] ] } },
{ "type": "Feature", "properties": { "name": "Pokhran Road 2", "highway": "secondary_link", "slope_pct": 0.6 }, "geometry": { "type": "LineString", "coordinates": [ [ 72.9710637, 19.2172148 ], [ 72.9708611, 19.2175305 ] ] } },
{ "type": "Feature", "properties": { "name": "Pokhran Road 2", "highway": "secondary", "slope_pct": 0.6 }, "geometry": { "type": "LineString", "coordinates": [ [ 72.9711711, 19.2172343 ], [ 72.9709501, 19.2175775 ] ] } },
{ "type": "Feature", "properties": { "name": "Pokhran Road 2", "highway": "secondary", "slope_pct": 0.6 }, "geometry": { "type": "LineString", "coordinates": [ [ 72.9709501, 19.2175775 ], [ 72.9707276, 19.217789 ], [ 72.9705785, 19.2179131 ], [ 72.9702721, 19.2181255 ], [ 72.9702584, 19.2181335 ], [ 72.969919, 19.2183311 ] ] } },
{ "type": "Feature", "properties": { "name": "Pokhran Road 2", "highway": "secondary", "slope_pct": 0.6 }, "geometry": { "type": "LineString", "coordinates": [ [ 72.9710573, 19.2175807 ], [ 72.9712718, 19.2172786 ] ] } },
{ "type": "Feature", "properties": { "name": "Pokhran Road 2", "highway": "secondary", "slope_pct": 0.6 }, "geometry": { "type": "LineString", "coordinates": [ [ 72.9699509, 19.2184 ], [ 72.9703555, 19.2181781 ], [ 72.9703965, 19.2181487 ], [ 72.9706276, 19.2180018 ], [ 72.9706522, 19.2179819 ], [ 72.9708654, 19.2177883 ], [ 72.9709258, 19.2177335 ], [ 72.9710573, 19.2175807 ] ] } },
{ "type": "Feature", "properties": { "name": "Arterial Link", "highway": "tertiary", "slope_pct": 0.6 }, "geometry": { "type": "LineString", "coordinates": [ [ 72.9711035, 19.2171604 ], [ 72.9704553, 19.2170226 ], [ 72.9691162, 19.2167839 ], [ 72.9690011, 19.2167448 ] ] } },
{ "type": "Feature", "properties": { "name": "Arterial Link", "highway": "secondary", "slope_pct": 0.6 }, "geometry": { "type": "LineString", "coordinates": [ [ 72.969919, 19.2183311 ], [ 72.9697883, 19.2184018 ] ] } },
{ "type": "Feature", "properties": { "name": "Arterial Link", "highway": "secondary", "slope_pct": 0.6 }, "geometry": { "type": "LineString", "coordinates": [ [ 72.9699509, 19.2184 ], [ 72.969919, 19.2183311 ] ] } },
{ "type": "Feature", "properties": { "name": "Pokhran Road 2", "highway": "secondary_link", "slope_pct": 0.6 }, "geometry": { "type": "LineString", "coordinates": [ [ 72.9708611, 19.2175305 ], [ 72.9708131, 19.2175909 ], [ 72.9707821, 19.2176415 ], [ 72.9707608, 19.2176991 ], [ 72.9707276, 19.217789 ] ] } },
{ "type": "Feature", "properties": { "name": "Pokhran Road 2", "highway": "secondary_link", "slope_pct": 0.6 }, "geometry": { "type": "LineString", "coordinates": [ [ 72.971445, 19.2170778 ], [ 72.9713629, 19.217071 ], [ 72.9712574, 19.2170807 ], [ 72.9711817, 19.2171066 ], [ 72.9711035, 19.2171604 ], [ 72.9710637, 19.2172148 ] ] } },
{ "type": "Feature", "properties": { "name": "Arterial Link", "highway": "residential", "slope_pct": 0.6 }, "geometry": { "type": "LineString", "coordinates": [ [ 72.9707608, 19.2176991 ], [ 72.9706371, 19.2176073 ], [ 72.9705859, 19.2175685 ], [ 72.9705314, 19.2175503 ], [ 72.9704911, 19.2175503 ], [ 72.970357, 19.2176746 ], [ 72.9703301, 19.2176968 ], [ 72.9702966, 19.2176921 ], [ 72.9701423, 19.2177158 ], [ 72.9701238, 19.2177348 ], [ 72.9701616, 19.2179534 ], [ 72.9702584, 19.2181335 ] ] } },
{ "type": "Feature", "properties": { "name": "Arterial Link", "highway": "residential", "slope_pct": 0.6 }, "geometry": { "type": "LineString", "coordinates": [ [ 72.9704911, 19.2175503 ], [ 72.9704643, 19.2175448 ], [ 72.970393, 19.2175416 ] ] } },
{ "type": "Feature", "properties": { "name": "Arterial Link", "highway": "residential", "slope_pct": 0.6 }, "geometry": { "type": "LineString", "coordinates": [ [ 72.9707265, 19.2181547 ], [ 72.9704984, 19.2183028 ] ] } },
{ "type": "Feature", "properties": { "name": "Arterial Link", "highway": "secondary_link", "slope_pct": 0.6 }, "geometry": { "type": "LineString", "coordinates": [ [ 72.971407, 19.217307 ], [ 72.9714797, 19.217269 ], [ 72.9717784, 19.2172048 ], [ 72.9718359, 19.2171822 ], [ 72.9719037, 19.2170982 ] ] } },
{ "type": "Feature", "properties": { "name": "Arterial Link", "highway": "secondary_link", "slope_pct": 0.6 }, "geometry": { "type": "LineString", "coordinates": [ [ 72.9708654, 19.2177883 ], [ 72.9710154, 19.2177382 ], [ 72.971199, 19.2175911 ] ] } },
{ "type": "Feature", "properties": { "name": "Arterial Link", "highway": "secondary_link", "slope_pct": 0.6 }, "geometry": { "type": "LineString", "coordinates": [ [ 72.971199, 19.2175911 ], [ 72.9712567, 19.2175393 ], [ 72.9713112, 19.2174471 ], [ 72.971407, 19.217307 ] ] } },
{ "type": "Feature", "properties": { "name": "Pokhran Road 2", "highway": "secondary", "slope_pct": 0.6 }, "geometry": { "type": "LineString", "coordinates": [ [ 72.957889, 19.2232723 ], [ 72.9579718, 19.2231915 ], [ 72.9581103, 19.2229456 ], [ 72.9581559, 19.2228126 ], [ 72.9582149, 19.2225847 ], [ 72.9582398, 19.2222537 ], [ 72.9582538, 19.2220364 ], [ 72.9583356, 19.2217261 ], [ 72.9583798, 19.2216463 ], [ 72.9584737, 19.2215628 ], [ 72.9586124, 19.2214854 ], [ 72.9586912, 19.2214537 ], [ 72.9587446, 19.2214323 ], [ 72.9589596, 19.2213711 ], [ 72.9591604, 19.221345 ], [ 72.9596981, 19.22135 ], [ 72.9598564, 19.2213412 ], [ 72.9602117, 19.2212228 ] ] } },
{ "type": "Feature", "properties": { "name": "Arterial Link", "highway": "tertiary", "slope_pct": 0.6 }, "geometry": { "type": "LineString", "coordinates": [ [ 72.9606406, 19.2210051 ], [ 72.9606116, 19.220946 ] ] } },
{ "type": "Feature", "properties": { "name": "Arterial Link", "highway": "residential", "slope_pct": 0.6 }, "geometry": { "type": "LineString", "coordinates": [ [ 72.9580379, 19.2196671 ], [ 72.9584536, 19.2196037 ], [ 72.9587205, 19.2195306 ], [ 72.9588238, 19.2195024 ], [ 72.9590024, 19.2194416 ], [ 72.959695, 19.2192059 ], [ 72.9597583, 19.2191844 ] ] } },
{ "type": "Feature", "properties": { "name": "Arterial Link", "highway": "residential", "slope_pct": 0.6 }, "geometry": { "type": "LineString", "coordinates": [ [ 72.9606606, 19.2220289 ], [ 72.96054, 19.2218123 ], [ 72.9603175, 19.2214128 ], [ 72.9602117, 19.2212228 ] ] } },
{ "type": "Feature", "properties": { "name": "Arterial Link", "highway": "residential", "slope_pct": 0.6 }, "geometry": { "type": "LineString", "coordinates": [ [ 72.9594714, 19.2221326 ], [ 72.9600455, 19.2223411 ], [ 72.9604022, 19.2221596 ], [ 72.9605744, 19.222072 ], [ 72.9606606, 19.2220289 ], [ 72.9607279, 19.2219952 ] ] } },
{ "type": "Feature", "properties": { "name": "Arterial Link", "highway": "residential", "slope_pct": 0.6 }, "geometry": { "type": "LineString", "coordinates": [ [ 72.9592449, 19.2208703 ], [ 72.9594711, 19.2207868 ], [ 72.9596809, 19.2212934 ] ] } },
{ "type": "Feature", "properties": { "name": "Arterial Link", "highway": "secondary_link", "slope_pct": 0.6 }, "geometry": { "type": "LineString", "coordinates": [ [ 72.960977, 19.2207596 ], [ 72.960799, 19.2207614 ], [ 72.9606255, 19.220724 ], [ 72.960458, 19.2206541 ] ] } },
{ "type": "Feature", "properties": { "name": "Pokhran Road 2", "highway": "secondary", "slope_pct": 0.6 }, "geometry": { "type": "LineString", "coordinates": [ [ 72.9603794, 19.2210632 ], [ 72.9602591, 19.2211236 ], [ 72.9601791, 19.2211641 ], [ 72.9601313, 19.2211881 ], [ 72.9598269, 19.2212791 ], [ 72.9597618, 19.2212855 ], [ 72.9596809, 19.2212934 ], [ 72.9592311, 19.2212963 ], [ 72.959159, 19.2212968 ], [ 72.9589465, 19.2212993 ], [ 72.9588269, 19.2213336 ], [ 72.9586534, 19.2213844 ], [ 72.9585788, 19.2214204 ], [ 72.9583785, 19.2215438 ], [ 72.9583141, 19.221616 ], [ 72.9581769, 19.2218518 ], [ 72.9581309, 19.2220623 ], [ 72.9581179, 19.2222105 ], [ 72.9581112, 19.2223347 ], [ 72.9581026, 19.2225281 ], [ 72.9580508, 19.2227587 ], [ 72.9579479, 19.2230102 ], [ 72.9579037, 19.2231191 ], [ 72.9578206, 19.2232077 ] ] } },
{ "type": "Feature", "properties": { "name": "Arterial Link", "highway": "tertiary_link", "slope_pct": 0.6 }, "geometry": { "type": "LineString", "coordinates": [ [ 72.9608829, 19.2219928 ], [ 72.9607579, 19.2220509 ] ] } },
{ "type": "Feature", "properties": { "name": "Pokhran Road 2", "highway": "secondary", "slope_pct": 0.6 }, "geometry": { "type": "LineString", "coordinates": [ [ 72.960977, 19.2207596 ], [ 72.9606116, 19.220946 ], [ 72.9605367, 19.2209872 ], [ 72.9603794, 19.2210632 ] ] } },
{ "type": "Feature", "properties": { "name": "Prabhakar Kunte Marg", "highway": "tertiary", "slope_pct": 0.6 }, "geometry": { "type": "LineString", "coordinates": [ [ 72.9606116, 19.220946 ], [ 72.960458, 19.2206541 ] ] } },
{ "type": "Feature", "properties": { "name": "Mission Drive", "highway": "tertiary", "slope_pct": 0.6 }, "geometry": { "type": "LineString", "coordinates": [ [ 72.9602591, 19.2211236 ], [ 72.9602929, 19.2211865 ] ] } },
{ "type": "Feature", "properties": { "name": "Arterial Link", "highway": "residential", "slope_pct": 0.6 }, "geometry": { "type": "LineString", "coordinates": [ [ 72.9599456, 19.2229535 ], [ 72.9599503, 19.2229215 ], [ 72.9599677, 19.2228962 ], [ 72.9600026, 19.2228772 ], [ 72.960022, 19.222857 ], [ 72.9600297, 19.2228277 ], [ 72.9600455, 19.2223411 ] ] } },
{ "type": "Feature", "properties": { "name": "Arterial Link", "highway": "residential", "slope_pct": 0.6 }, "geometry": { "type": "LineString", "coordinates": [ [ 72.9590024, 19.2194416 ], [ 72.9590396, 19.219531 ], [ 72.9590768, 19.2196204 ], [ 72.9591148, 19.2196842 ], [ 72.9592183, 19.21976 ], [ 72.9593197, 19.2198079 ], [ 72.9594147, 19.2197779 ], [ 72.9595013, 19.21975 ], [ 72.9596365, 19.2200592 ], [ 72.9596597, 19.220099 ], [ 72.9596977, 19.220115 ], [ 72.9598012, 19.220105 ], [ 72.9599718, 19.2200322 ], [ 72.9600466, 19.2200003 ] ] } },
{ "type": "Feature", "properties": { "name": "Pokhran Road 2", "highway": "secondary", "slope_pct": 0.6 }, "geometry": { "type": "LineString", "coordinates": [ [ 72.9602117, 19.2212228 ], [ 72.9602929, 19.2211865 ], [ 72.9604124, 19.2211248 ], [ 72.9605162, 19.2210711 ], [ 72.9605694, 19.2210449 ] ] } },
{ "type": "Feature", "properties": { "name": "Arterial Link", "highway": "residential", "slope_pct": 0.6 }, "geometry": { "type": "LineString", "coordinates": [ [ 72.9602117, 19.2212228 ], [ 72.9601791, 19.2211641 ] ] } },
{ "type": "Feature", "properties": { "name": "Prabhakar Kunte Marg", "highway": "tertiary", "slope_pct": 0.6 }, "geometry": { "type": "LineString", "coordinates": [ [ 72.960458, 19.2206541 ], [ 72.9604299, 19.2206196 ] ] } },
{ "type": "Feature", "properties": { "name": "Arterial Link", "highway": "residential", "slope_pct": 0.6 }, "geometry": { "type": "LineString", "coordinates": [ [ 72.9600005, 19.21972 ], [ 72.9599363, 19.2197428 ] ] } },
{ "type": "Feature", "properties": { "name": "Arterial Link", "highway": "residential", "slope_pct": 0.6 }, "geometry": { "type": "LineString", "coordinates": [ [ 72.9600466, 19.2200003 ], [ 72.9601097, 19.2199734 ] ] } },
{ "type": "Feature", "properties": { "name": "Pokhran Road 2", "highway": "secondary", "slope_pct": 0.6 }, "geometry": { "type": "LineString", "coordinates": [ [ 72.9605694, 19.2210449 ], [ 72.9606406, 19.2210051 ] ] } },
{ "type": "Feature", "properties": { "name": "Arterial Link", "highway": "residential", "slope_pct": 0.6 }, "geometry": { "type": "LineString", "coordinates": [ [ 72.9611957, 19.2230518 ], [ 72.9610386, 19.2231336 ], [ 72.9610155, 19.2231529 ], [ 72.9610009, 19.2231709 ], [ 72.960977, 19.2231939 ], [ 72.9609529, 19.2232367 ], [ 72.9606072, 19.2233947 ], [ 72.9606005, 19.2234349 ], [ 72.960608, 19.2234768 ], [ 72.9606742, 19.2236047 ], [ 72.9606924, 19.2236076 ], [ 72.9610938, 19.2234143 ] ] } },
{ "type": "Feature", "properties": { "name": "Arterial Link", "highway": "residential", "slope_pct": 0.6 }, "geometry": { "type": "LineString", "coordinates": [ [ 72.9646628, 19.2235033 ], [ 72.9647346, 19.2238148 ], [ 72.9648342, 19.2242373 ], [ 72.9649432, 19.2247033 ] ] } },
{ "type": "Feature", "properties": { "name": "Arterial Link", "highway": "residential", "slope_pct": 0.6 }, "geometry": { "type": "LineString", "coordinates": [ [ 72.9627374, 19.2185837 ], [ 72.9627292, 19.2186117 ], [ 72.9627186, 19.2186478 ], [ 72.9626578, 19.2188545 ], [ 72.9624183, 19.2196692 ], [ 72.9624045, 19.2197163 ], [ 72.9623961, 19.2197446 ], [ 72.9623707, 19.2198454 ], [ 72.9622905, 19.2201646 ] ] } },
{ "type": "Feature", "properties": { "name": "Vasant Vihar Road", "highway": "tertiary", "slope_pct": 0.6 }, "geometry": { "type": "LineString", "coordinates": [ [ 72.9663415, 19.2197672 ], [ 72.9663296, 19.2198899 ], [ 72.9663298, 19.2199121 ], [ 72.9663385, 19.2209552 ], [ 72.9663428, 19.22147 ], [ 72.9663446, 19.2216879 ], [ 72.9663473, 19.2221573 ], [ 72.9663476, 19.2222096 ] ] } },
{ "type": "Feature", "properties": { "name": "Arterial Link", "highway": "residential", "slope_pct": 0.6 }, "geometry": { "type": "LineString", "coordinates": [ [ 72.9622905, 19.2201646 ], [ 72.9623125, 19.2202183 ] ] } },
{ "type": "Feature", "properties": { "name": "Arterial Link", "highway": "residential", "slope_pct": 0.6 }, "geometry": { "type": "LineString", "coordinates": [ [ 72.9647346, 19.2238148 ], [ 72.9646469, 19.2238247 ], [ 72.9643967, 19.2238642 ], [ 72.9643593, 19.2238706 ], [ 72.964342, 19.2238821 ], [ 72.9643244, 19.2238972 ], [ 72.9641365, 19.2239383 ], [ 72.9640885, 19.2239493 ], [ 72.9640654, 19.2239583 ], [ 72.9640457, 19.2239722 ], [ 72.9640266, 19.223992 ], [ 72.9640098, 19.2240184 ], [ 72.9640019, 19.2240426 ], [ 72.9639995, 19.2240683 ], [ 72.9642022, 19.2249112 ], [ 72.9642078, 19.2249346 ], [ 72.9642222, 19.2249882 ] ] } },
{ "type": "Feature", "properties": { "name": "Arterial Link", "highway": "residential", "slope_pct": 0.6 }, "geometry": { "type": "LineString", "coordinates": [ [ 72.9617869, 19.2232194 ], [ 72.9620029, 19.2232149 ], [ 72.9625737, 19.2231974 ], [ 72.9628148, 19.2231947 ], [ 72.9633382, 19.223172 ], [ 72.9634227, 19.2231692 ], [ 72.9635928, 19.223149 ], [ 72.9638345, 19.223085 ] ] } },
{ "type": "Feature", "properties": { "name": "Arterial Link", "highway": "residential", "slope_pct": 0.6 }, "geometry": { "type": "LineString", "coordinates": [ [ 72.9657616, 19.2224994 ], [ 72.9657536, 19.222463 ], [ 72.9657237, 19.2223086 ], [ 72.9657304, 19.2222479 ], [ 72.965882, 19.2217375 ], [ 72.9658806, 19.2216539 ], [ 72.9658659, 19.221616 ], [ 72.9658337, 19.221578 ], [ 72.9657966, 19.2215517 ], [ 72.9657023, 19.221559 ], [ 72.96565, 19.2215792 ], [ 72.9656245, 19.2216084 ], [ 72.965595, 19.2216691 ], [ 72.9655051, 19.2220085 ], [ 72.9654863, 19.2220516 ], [ 72.9654736, 19.2220718 ], [ 72.9654568, 19.222082 ], [ 72.965431, 19.2220927 ], [ 72.9653047, 19.2221031 ], [ 72.9652699, 19.222112 ], [ 72.9652216, 19.222136 ], [ 72.9651948, 19.2221626 ], [ 72.9651693, 19.2222031 ], [ 72.9651599, 19.22225 ], [ 72.9651506, 19.222336 ], [ 72.9651451, 19.2225367 ], [ 72.9651464, 19.2225582 ] ] } },
{ "type": "Feature", "properties": { "name": "Arterial Link", "highway": "residential", "slope_pct": 0.6 }, "geometry": { "type": "LineString", "coordinates": [ [ 72.9617869, 19.2232194 ], [ 72.9615592, 19.2228541 ], [ 72.9616468, 19.2226726 ] ] } },
{ "type": "Feature", "properties": { "name": "Arterial Link", "highway": "residential", "slope_pct": 0.6 }, "geometry": { "type": "LineString", "coordinates": [ [ 72.9638257, 19.2207383 ], [ 72.9629527, 19.220879 ], [ 72.9629145, 19.2208898 ], [ 72.9628903, 19.2209129 ], [ 72.9628799, 19.2209481 ], [ 72.9628789, 19.2209882 ], [ 72.9630128, 19.2218547 ], [ 72.9630381, 19.2219036 ], [ 72.9630858, 19.2219224 ], [ 72.9642896, 19.2217241 ], [ 72.9643072, 19.2217198 ], [ 72.9643211, 19.2217105 ], [ 72.9643267, 19.2216958 ], [ 72.9642984, 19.2214552 ], [ 72.9642888, 19.2214293 ], [ 72.9642579, 19.2213983 ], [ 72.9642209, 19.2213745 ], [ 72.9641936, 19.2213735 ], [ 72.9641057, 19.2213908 ], [ 72.9640236, 19.2214032 ], [ 72.9639942, 19.2214064 ], [ 72.9639635, 19.2214085 ], [ 72.9639327, 19.2213879 ], [ 72.9638257, 19.2207383 ] ] } },
{ "type": "Feature", "properties": { "name": "Arterial Link", "highway": "tertiary", "slope_pct": 0.6 }, "geometry": { "type": "LineString", "coordinates": [ [ 72.9662645, 19.2225182 ], [ 72.9662744, 19.2225364 ], [ 72.9662891, 19.2225514 ], [ 72.9663076, 19.2225621 ], [ 72.9663284, 19.2225679 ], [ 72.966356, 19.2225672 ], [ 72.9663817, 19.2225578 ], [ 72.9664026, 19.2225407 ], [ 72.9664161, 19.2225179 ], [ 72.9664206, 19.2224922 ], [ 72.9664173, 19.222471 ], [ 72.9664077, 19.2224515 ], [ 72.9663928, 19.2224353 ], [ 72.9663736, 19.2224237 ] ] } },
{ "type": "Feature", "properties": { "name": "Arterial Link", "highway": "residential", "slope_pct": 0.6 }, "geometry": { "type": "LineString", "coordinates": [ [ 72.967477, 19.2223671 ], [ 72.9674966, 19.2223283 ], [ 72.9675201, 19.2221898 ], [ 72.9675183, 19.2221384 ], [ 72.9675133, 19.2221072 ], [ 72.9674952, 19.2220842 ], [ 72.9674648, 19.222076 ], [ 72.9674052, 19.2219829 ], [ 72.9673573, 19.2219591 ], [ 72.9673222, 19.2219232 ], [ 72.9672941, 19.2218662 ], [ 72.9672925, 19.2218002 ], [ 72.9672837, 19.2217612 ], [ 72.9672639, 19.2217454 ], [ 72.9672122, 19.2217349 ], [ 72.96718, 19.2217447 ], [ 72.9671437, 19.2217591 ], [ 72.9670286, 19.2218502 ], [ 72.9669897, 19.2219274 ], [ 72.9669944, 19.2220843 ] ] } },
{ "type": "Feature", "properties": { "name": "Arterial Link", "highway": "residential", "slope_pct": 0.6 }, "geometry": { "type": "LineString", "coordinates": [ [ 72.9675209, 19.2236987 ], [ 72.9675251, 19.2233224 ] ] } },
{ "type": "Feature", "properties": { "name": "Arterial Link", "highway": "residential", "slope_pct": 0.6 }, "geometry": { "type": "LineString", "coordinates": [ [ 72.9677443, 19.2237057 ], [ 72.9677433, 19.2233254 ] ] } },
{ "type": "Feature", "properties": { "name": "Arterial Link", "highway": "residential", "slope_pct": 0.6 }, "geometry": { "type": "LineString", "coordinates": [ [ 72.9672678, 19.2236932 ], [ 72.9672925, 19.2233189 ], [ 72.967297, 19.2229469 ] ] } },
{ "type": "Feature", "properties": { "name": "Arterial Link", "highway": "residential", "slope_pct": 0.6 }, "geometry": { "type": "LineString", "coordinates": [ [ 72.9675125, 19.2229394 ], [ 72.9675127, 19.2233222 ] ] } },
{ "type": "Feature", "properties": { "name": "Arterial Link", "highway": "residential", "slope_pct": 0.6 }, "geometry": { "type": "LineString", "coordinates": [ [ 72.9677433, 19.2233254 ], [ 72.9677384, 19.222949 ] ] } },
{ "type": "Feature", "properties": { "name": "Arterial Link", "highway": "residential", "slope_pct": 0.6 }, "geometry": { "type": "LineString", "coordinates": [ [ 72.967477, 19.2242616 ], [ 72.9674896, 19.2238799 ] ] } },
{ "type": "Feature", "properties": { "name": "Arterial Link", "highway": "residential", "slope_pct": 0.6 }, "geometry": { "type": "LineString", "coordinates": [ [ 72.9673097, 19.2244811 ], [ 72.9677296, 19.2245113 ] ] } },
{ "type": "Feature", "properties": { "name": "Arterial Link", "highway": "residential", "slope_pct": 0.6 }, "geometry": { "type": "LineString", "coordinates": [ [ 72.9673045, 19.2247252 ], [ 72.9676129, 19.2247412 ] ] } },
{ "type": "Feature", "properties": { "name": "Arterial Link", "highway": "residential", "slope_pct": 0.6 }, "geometry": { "type": "LineString", "coordinates": [ [ 72.9673045, 19.2247252 ], [ 72.9668815, 19.2247272 ] ] } },
{ "type": "Feature", "properties": { "name": "Arterial Link", "highway": "residential", "slope_pct": 0.6 }, "geometry": { "type": "LineString", "coordinates": [ [ 72.9673007, 19.2249619 ], [ 72.9668961, 19.224968 ] ] } },
{ "type": "Feature", "properties": { "name": "Courtyard Road", "highway": "residential", "slope_pct": 0.6 }, "geometry": { "type": "LineString", "coordinates": [ [ 72.9650233, 19.2202133 ], [ 72.9650189, 19.2203231 ], [ 72.9652712, 19.2215062 ], [ 72.9652398, 19.2215486 ], [ 72.9645612, 19.2216887 ], [ 72.9645321, 19.2216723 ], [ 72.9644149, 19.2210804 ] ] } },
{ "type": "Feature", "properties": { "name": "Arterial Link", "highway": "residential", "slope_pct": 0.6 }, "geometry": { "type": "LineString", "coordinates": [ [ 72.9662601, 19.2224859 ], [ 72.9658216, 19.2224978 ], [ 72.9657616, 19.2224994 ], [ 72.9653969, 19.2225343 ], [ 72.9651464, 19.2225582 ], [ 72.9650909, 19.2225657 ], [ 72.9647912, 19.2226943 ], [ 72.9644731, 19.2228342 ], [ 72.964426, 19.2228549 ] ] } },
{ "type": "Feature", "properties": { "name": "Arterial Link", "highway": "residential", "slope_pct": 0.6 }, "geometry": { "type": "LineString", "coordinates": [ [ 72.9644824, 19.2228595 ], [ 72.9647958, 19.222727 ], [ 72.9650895, 19.2226029 ], [ 72.9653964, 19.2225718 ], [ 72.965758, 19.2225351 ], [ 72.9658213, 19.2225333 ], [ 72.965967, 19.2225289 ], [ 72.9662645, 19.2225182 ] ] } },
{ "type": "Feature", "properties": { "name": "Arterial Link", "highway": "residential", "slope_pct": 0.6 }, "geometry": { "type": "LineString", "coordinates": [ [ 72.9638345, 19.223085 ], [ 72.963861, 19.2230854 ], [ 72.9639725, 19.2230561 ], [ 72.9644344, 19.2228798 ] ] } },
{ "type": "Feature", "properties": { "name": "Arterial Link", "highway": "residential", "slope_pct": 0.6 }, "geometry": { "type": "LineString", "coordinates": [ [ 72.964426, 19.2228549 ], [ 72.9644344, 19.2228798 ], [ 72.9646005, 19.2233303 ], [ 72.9646258, 19.2234007 ], [ 72.9646628, 19.2235033 ] ] } },
{ "type": "Feature", "properties": { "name": "Arterial Link", "highway": "residential", "slope_pct": 0.6 }, "geometry": { "type": "LineString", "coordinates": [ [ 72.9649916, 19.2247013 ], [ 72.9649562, 19.2245463 ], [ 72.9648819, 19.224221 ], [ 72.9647879, 19.2238093 ], [ 72.9647135, 19.2234835 ], [ 72.9646759, 19.223382 ], [ 72.9644824, 19.2228595 ] ] } },
{ "type": "Feature", "properties": { "name": "Arterial Link", "highway": "residential", "slope_pct": 0.6 }, "geometry": { "type": "LineString", "coordinates": [ [ 72.9647346, 19.2238148 ], [ 72.9647879, 19.2238093 ] ] } },
{ "type": "Feature", "properties": { "name": "Arterial Link", "highway": "residential", "slope_pct": 0.6 }, "geometry": { "type": "LineString", "coordinates": [ [ 72.9646759, 19.223382 ], [ 72.9646258, 19.2234007 ] ] } },
{ "type": "Feature", "properties": { "name": "Arterial Link", "highway": "residential", "slope_pct": 0.6 }, "geometry": { "type": "LineString", "coordinates": [ [ 72.9653964, 19.2225718 ], [ 72.9653969, 19.2225343 ] ] } },
{ "type": "Feature", "properties": { "name": "Arterial Link", "highway": "residential", "slope_pct": 0.6 }, "geometry": { "type": "LineString", "coordinates": [ [ 72.9658213, 19.2225333 ], [ 72.9658216, 19.2224978 ] ] } },
{ "type": "Feature", "properties": { "name": "Arterial Link", "highway": "residential", "slope_pct": 0.6 }, "geometry": { "type": "LineString", "coordinates": [ [ 72.9639649, 19.2230305 ], [ 72.9638524, 19.2230661 ], [ 72.9638345, 19.223085 ] ] } },
{ "type": "Feature", "properties": { "name": "Arterial Link", "highway": "residential", "slope_pct": 0.6 }, "geometry": { "type": "LineString", "coordinates": [ [ 72.9639725, 19.2230561 ], [ 72.9639649, 19.2230305 ] ] } },
{ "type": "Feature", "properties": { "name": "Arterial Link", "highway": "residential", "slope_pct": 0.6 }, "geometry": { "type": "LineString", "coordinates": [ [ 72.9628148, 19.2231947 ], [ 72.9628075, 19.2231384 ], [ 72.9628023, 19.2230513 ], [ 72.9627808, 19.2227134 ], [ 72.9627708, 19.2226092 ], [ 72.9627531, 19.2225814 ], [ 72.9627287, 19.2225629 ], [ 72.9626793, 19.2225552 ], [ 72.9619249, 19.2227184 ], [ 72.961889, 19.2227304 ], [ 72.9618832, 19.2227593 ], [ 72.9619285, 19.2229579 ] ] } },
{ "type": "Feature", "properties": { "name": "Arterial Link", "highway": "residential", "slope_pct": 0.6 }, "geometry": { "type": "LineString", "coordinates": [ [ 72.9628023, 19.2230513 ], [ 72.9625103, 19.2230609 ], [ 72.9622431, 19.2230717 ], [ 72.9619885, 19.2230622 ], [ 72.9619575, 19.223062 ], [ 72.9619338, 19.223057 ], [ 72.9619197, 19.2230363 ], [ 72.9619073, 19.2230046 ], [ 72.9618871, 19.2229412 ], [ 72.9618289, 19.2227294 ] ] } },
{ "type": "Feature", "properties": { "name": "Arterial Link", "highway": "residential", "slope_pct": 0.6 }, "geometry": { "type": "LineString", "coordinates": [ [ 72.964426, 19.2228549 ], [ 72.9639649, 19.2230305 ] ] } },
{ "type": "Feature", "properties": { "name": "Arterial Link", "highway": "residential", "slope_pct": 0.6 }, "geometry": { "type": "LineString", "coordinates": [ [ 72.9644344, 19.2228798 ], [ 72.9644824, 19.2228595 ] ] } },
{ "type": "Feature", "properties": { "name": "Arterial Link", "highway": "residential", "slope_pct": 0.6 }, "geometry": { "type": "LineString", "coordinates": [ [ 72.9644824, 19.2228595 ], [ 72.9644731, 19.2228342 ] ] } },
{ "type": "Feature", "properties": { "name": "Arterial Link", "highway": "residential", "slope_pct": 0.6 }, "geometry": { "type": "LineString", "coordinates": [ [ 72.9663383, 19.223351 ], [ 72.9664405, 19.2233546 ], [ 72.9668042, 19.2233643 ], [ 72.9668136, 19.223651 ], [ 72.9668546, 19.2236972 ], [ 72.9669529, 19.2237385 ], [ 72.9669976, 19.2237301 ], [ 72.9671069, 19.2236194 ], [ 72.9671039, 19.2233661 ], [ 72.9670751, 19.2233005 ], [ 72.9669927, 19.2232282 ], [ 72.9669581, 19.2232232 ], [ 72.9669044, 19.2232389 ] ] } },
{ "type": "Feature", "properties": { "name": "Arterial Link", "highway": "residential", "slope_pct": 0.6 }, "geometry": { "type": "LineString", "coordinates": [ [ 72.9674173, 19.22252 ], [ 72.9674401, 19.2224406 ], [ 72.967477, 19.2223671 ] ] } },
{ "type": "Feature", "properties": { "name": "Arterial Link", "highway": "residential", "slope_pct": 0.6 }, "geometry": { "type": "LineString", "coordinates": [ [ 72.9620054, 19.2195097 ], [ 72.9620573, 19.2194623 ], [ 72.9620784, 19.2194345 ], [ 72.962167, 19.2190778 ], [ 72.9622605, 19.2186858 ], [ 72.9622836, 19.2185888 ], [ 72.9622861, 19.2185783 ], [ 72.9623102, 19.2185677 ], [ 72.9625058, 19.2185958 ], [ 72.9625203, 19.2186221 ], [ 72.9623102, 19.2196079 ], [ 72.9622895, 19.2196241 ], [ 72.9622489, 19.2196182 ], [ 72.9621696, 19.2195986 ], [ 72.962083, 19.2195186 ], [ 72.9620573, 19.2194623 ] ] } },
{ "type": "Feature", "properties": { "name": "Arterial Link", "highway": "residential", "slope_pct": 0.6 }, "geometry": { "type": "LineString", "coordinates": [ [ 72.9663359, 19.2239252 ], [ 72.9664487, 19.2239269 ], [ 72.9666982, 19.2239164 ], [ 72.9668117, 19.2239165 ], [ 72.9668573, 19.2239713 ], [ 72.9668613, 19.2240181 ], [ 72.9668354, 19.2240932 ], [ 72.9668275, 19.2241404 ], [ 72.9668424, 19.2241993 ], [ 72.9669012, 19.2242624 ], [ 72.966939, 19.224274 ], [ 72.9669926, 19.2242707 ], [ 72.9670716, 19.2242201 ], [ 72.9671024, 19.2241653 ], [ 72.9671234, 19.2241313 ], [ 72.9671278, 19.2240865 ], [ 72.9671305, 19.2239273 ], [ 72.9671226, 19.2239058 ], [ 72.9670198, 19.2237922 ], [ 72.9669768, 19.2237797 ], [ 72.9669258, 19.2237872 ], [ 72.9668477, 19.2238477 ], [ 72.9668117, 19.2239165 ] ] } },
{ "type": "Feature", "properties": { "name": "Arterial Link", "highway": "residential", "slope_pct": 0.6 }, "geometry": { "type": "LineString", "coordinates": [ [ 72.9662475, 19.2222362 ], [ 72.9662132, 19.2222863 ], [ 72.9661799, 19.2223209 ], [ 72.9661672, 19.2223258 ], [ 72.9661552, 19.2223281 ], [ 72.9661203, 19.222327 ], [ 72.9659903, 19.2222184 ], [ 72.965986, 19.222211 ], [ 72.9659838, 19.2222013 ], [ 72.9659708, 19.2221028 ], [ 72.9659971, 19.2220482 ], [ 72.9660717, 19.2219597 ], [ 72.9661639, 19.2218679 ], [ 72.9661779, 19.2218627 ], [ 72.9661914, 19.2218611 ], [ 72.966204, 19.2218624 ], [ 72.9662152, 19.2218705 ], [ 72.96629, 19.2219477 ], [ 72.9663026, 19.2220019 ], [ 72.9662625, 19.2220394 ], [ 72.9661886, 19.2221052 ], [ 72.9661865, 19.2221252 ], [ 72.9662369, 19.2221566 ], [ 72.9662475, 19.2222362 ] ] } },
{ "type": "Feature", "properties": { "name": "Arterial Link", "highway": "residential", "slope_pct": 0.6 }, "geometry": { "type": "LineString", "coordinates": [ [ 72.9668042, 19.2233643 ], [ 72.9668096, 19.2233369 ], [ 72.9669044, 19.2232389 ] ] } },
{ "type": "Feature", "properties": { "name": "Arterial Link", "highway": "residential", "slope_pct": 0.6 }, "geometry": { "type": "LineString", "coordinates": [ [ 72.9672759, 19.2242623 ], [ 72.9673007, 19.223875 ] ] } },
{ "type": "Feature", "properties": { "name": "Arterial Link", "highway": "residential", "slope_pct": 0.6 }, "geometry": { "type": "LineString", "coordinates": [ [ 72.965018, 19.2248169 ], [ 72.9649719, 19.2248268 ] ] } },
{ "type": "Feature", "properties": { "name": "Arterial Link", "highway": "residential", "slope_pct": 0.6 }, "geometry": { "type": "LineString", "coordinates": [ [ 72.9649869, 19.2248908 ], [ 72.9650328, 19.2248817 ] ] } },
{ "type": "Feature", "properties": { "name": "Arterial Link", "highway": "residential", "slope_pct": 0.6 }, "geometry": { "type": "LineString", "coordinates": [ [ 72.9642022, 19.2249112 ], [ 72.9646694, 19.2248155 ], [ 72.9646786, 19.2248173 ], [ 72.9646845, 19.2248261 ], [ 72.9646932, 19.2248519 ], [ 72.9647002, 19.2248811 ] ] } },
{ "type": "Feature", "properties": { "name": "Arterial Link", "highway": "residential", "slope_pct": 0.6 }, "geometry": { "type": "LineString", "coordinates": [ [ 72.9646786, 19.2248173 ], [ 72.9648652, 19.2247781 ] ] } },
{ "type": "Feature", "properties": { "name": "Arterial Link", "highway": "residential", "slope_pct": 0.6 }, "geometry": { "type": "LineString", "coordinates": [ [ 72.9647002, 19.2248811 ], [ 72.9647172, 19.2249474 ] ] } },
{ "type": "Feature", "properties": { "name": "Arterial Link", "highway": "residential", "slope_pct": 0.6 }, "geometry": { "type": "LineString", "coordinates": [ [ 72.9619885, 19.2230622 ], [ 72.961998, 19.2231566 ], [ 72.9620029, 19.2232149 ] ] } },
{ "type": "Feature", "properties": { "name": "Arterial Link", "highway": "tertiary", "slope_pct": 0.6 }, "geometry": { "type": "LineString", "coordinates": [ [ 72.9663736, 19.2224237 ], [ 72.9663794, 19.2222458 ], [ 72.9663476, 19.2222096 ] ] } },
{ "type": "Feature", "properties": { "name": "Vasant Vihar Road", "highway": "tertiary", "slope_pct": 0.6 }, "geometry": { "type": "LineString", "coordinates": [ [ 72.9663476, 19.2222096 ], [ 72.9663095, 19.2222452 ], [ 72.9663243, 19.2224183 ] ] } },
{ "type": "Feature", "properties": { "name": "Arterial Link", "highway": "residential", "slope_pct": 0.6 }, "geometry": { "type": "LineString", "coordinates": [ [ 72.9663473, 19.2221573 ], [ 72.9662588, 19.2221569 ], [ 72.9662369, 19.2221566 ] ] } },
{ "type": "Feature", "properties": { "name": "Arterial Link", "highway": "residential", "slope_pct": 0.6 }, "geometry": { "type": "LineString", "coordinates": [ [ 72.9639327, 19.2213879 ], [ 72.9639571, 19.2215176 ], [ 72.9639614, 19.2215348 ], [ 72.9639807, 19.2215469 ], [ 72.9641009, 19.2215358 ], [ 72.9641149, 19.2215277 ], [ 72.9641202, 19.2215105 ], [ 72.9641057, 19.2213908 ] ] } },
{ "type": "Feature", "properties": { "name": "Arterial Link", "highway": "residential", "slope_pct": 0.6 }, "geometry": { "type": "LineString", "coordinates": [ [ 72.9674648, 19.222076 ], [ 72.9674802, 19.2221852 ], [ 72.9674824, 19.2222542 ], [ 72.9674703, 19.2222823 ], [ 72.9674348, 19.2223546 ], [ 72.9674144, 19.2223662 ], [ 72.9673934, 19.2223694 ], [ 72.9671089, 19.2223316 ], [ 72.9670815, 19.2223033 ], [ 72.9670703, 19.222267 ], [ 72.967068, 19.222114 ], [ 72.9670495, 19.2220938 ], [ 72.9669944, 19.2220843 ] ] } },
{ "type": "Feature", "properties": { "name": "Arterial Link", "highway": "residential", "slope_pct": 0.6 }, "geometry": { "type": "LineString", "coordinates": [ [ 72.9670637, 19.2225101 ], [ 72.9670637, 19.222421 ], [ 72.9670649, 19.2223908 ], [ 72.9670815, 19.2223784 ], [ 72.9673857, 19.2223986 ] ] } },
{ "type": "Feature", "properties": { "name": "Arterial Link", "highway": "residential", "slope_pct": 0.6 }, "geometry": { "type": "LineString", "coordinates": [ [ 72.9669944, 19.2220843 ], [ 72.9669998, 19.2224224 ], [ 72.9670015, 19.2225084 ] ] } },
{ "type": "Feature", "properties": { "name": "Arterial Link", "highway": "residential", "slope_pct": 0.6 }, "geometry": { "type": "LineString", "coordinates": [ [ 72.9638257, 19.2207383 ], [ 72.9637351, 19.2201427 ], [ 72.9637058, 19.2200008 ] ] } },
{ "type": "Feature", "properties": { "name": "Arterial Link", "highway": "tertiary", "slope_pct": 0.6 }, "geometry": { "type": "LineString", "coordinates": [ [ 72.9663243, 19.2224183 ], [ 72.9663003, 19.2224269 ], [ 72.9662803, 19.2224421 ], [ 72.9662665, 19.2224625 ], [ 72.9662601, 19.2224859 ] ] } },
{ "type": "Feature", "properties": { "name": "Arterial Link", "highway": "tertiary", "slope_pct": 0.6 }, "geometry": { "type": "LineString", "coordinates": [ [ 72.9663736, 19.2224237 ], [ 72.9663494, 19.2224173 ], [ 72.9663243, 19.2224183 ] ] } },
{ "type": "Feature", "properties": { "name": "Arterial Link", "highway": "tertiary", "slope_pct": 0.6 }, "geometry": { "type": "LineString", "coordinates": [ [ 72.9662601, 19.2224859 ], [ 72.9662604, 19.2225023 ], [ 72.9662645, 19.2225182 ] ] } },
{ "type": "Feature", "properties": { "name": "Arterial Link", "highway": "residential", "slope_pct": 0.6 }, "geometry": { "type": "LineString", "coordinates": [ [ 72.9615691, 19.2243439 ], [ 72.961619, 19.2243163 ], [ 72.9618567, 19.2241803 ], [ 72.9618925, 19.2241598 ] ] } },
{ "type": "Feature", "properties": { "name": "Arterial Link", "highway": "residential", "slope_pct": 0.6 }, "geometry": { "type": "LineString", "coordinates": [ [ 72.9615131, 19.2243749 ], [ 72.9615691, 19.2243439 ] ] } },
{ "type": "Feature", "properties": { "name": "Arterial Link", "highway": "residential", "slope_pct": 0.6 }, "geometry": { "type": "LineString", "coordinates": [ [ 72.9638372, 19.2199759 ], [ 72.9638643, 19.2201242 ], [ 72.9639089, 19.2203951 ], [ 72.9639258, 19.2204271 ], [ 72.9639562, 19.2204523 ], [ 72.9639955, 19.2204594 ], [ 72.9649254, 19.2202827 ] ] } },
{ "type": "Feature", "properties": { "name": "Arterial Link", "highway": "residential", "slope_pct": 0.6 }, "geometry": { "type": "LineString", "coordinates": [ [ 72.9650966, 19.2203514 ], [ 72.9650676, 19.2202647 ], [ 72.9650233, 19.2202133 ] ] } },
{ "type": "Feature", "properties": { "name": "Courtyard Road", "highway": "residential", "slope_pct": 0.6 }, "geometry": { "type": "LineString", "coordinates": [ [ 72.964923, 19.2197751 ], [ 72.9649471, 19.2198966 ], [ 72.9649508, 19.219912 ], [ 72.9650233, 19.2202133 ] ] } },
{ "type": "Feature", "properties": { "name": "Arterial Link", "highway": "residential", "slope_pct": 0.6 }, "geometry": { "type": "LineString", "coordinates": [ [ 72.9653964, 19.2225718 ], [ 72.9654006, 19.2226209 ], [ 72.9654553, 19.2232631 ], [ 72.9654534, 19.2232994 ], [ 72.9654419, 19.223342 ], [ 72.9654208, 19.2233804 ], [ 72.9653892, 19.2234206 ], [ 72.9653489, 19.2234594 ], [ 72.9653063, 19.2234816 ], [ 72.9652534, 19.2234942 ], [ 72.9651992, 19.2234982 ], [ 72.965131, 19.223494 ], [ 72.965082, 19.2234886 ], [ 72.9650622, 19.2232676 ], [ 72.9650575, 19.223202 ], [ 72.964936, 19.2230527 ], [ 72.9649172, 19.2230279 ], [ 72.9649048, 19.2230059 ], [ 72.9648983, 19.2229285 ] ] } },
{ "type": "Feature", "properties": { "name": "Arterial Link", "highway": "residential", "slope_pct": 0.6 }, "geometry": { "type": "LineString", "coordinates": [ [ 72.9650909, 19.2225657 ], [ 72.9650902, 19.222546 ] ] } },
{ "type": "Feature", "properties": { "name": "Arterial Link", "highway": "residential", "slope_pct": 0.6 }, "geometry": { "type": "LineString", "coordinates": [ [ 72.9650902, 19.222546 ], [ 72.9650902, 19.2223386 ], [ 72.9650946, 19.2222816 ], [ 72.9651086, 19.2222195 ] ] } },
{ "type": "Feature", "properties": { "name": "Arterial Link", "highway": "residential", "slope_pct": 0.6 }, "geometry": { "type": "LineString", "coordinates": [ [ 72.9620054, 19.2195097 ], [ 72.9620062, 19.2195526 ], [ 72.9620695, 19.219651 ], [ 72.9621252, 19.2196882 ], [ 72.9623405, 19.219733 ], [ 72.962347, 19.2197344 ], [ 72.9623961, 19.2197446 ] ] } },
{ "type": "Feature", "properties": { "name": "Arterial Link", "highway": "residential", "slope_pct": 0.6 }, "geometry": { "type": "LineString", "coordinates": [ [ 72.9624045, 19.2197163 ], [ 72.9623538, 19.2197049 ], [ 72.9623468, 19.2197033 ], [ 72.9621425, 19.2196573 ], [ 72.9621037, 19.219642 ], [ 72.9620794, 19.2196199 ], [ 72.9620307, 19.2195432 ], [ 72.9620054, 19.2195097 ] ] } },
{ "type": "Feature", "properties": { "name": "Arterial Link", "highway": "residential", "slope_pct": 0.6 }, "geometry": { "type": "LineString", "coordinates": [ [ 72.962167, 19.2190778 ], [ 72.9621398, 19.2190495 ], [ 72.9622047, 19.2187141 ] ] } },
{ "type": "Feature", "properties": { "name": "Arterial Link", "highway": "residential", "slope_pct": 0.6 }, "geometry": { "type": "LineString", "coordinates": [ [ 72.9627186, 19.2186478 ], [ 72.9626257, 19.2186347 ], [ 72.9626208, 19.2186343 ], [ 72.9626098, 19.2186332 ] ] } },
{ "type": "Feature", "properties": { "name": "Arterial Link", "highway": "residential", "slope_pct": 0.6 }, "geometry": { "type": "LineString", "coordinates": [ [ 72.9626578, 19.2188545 ], [ 72.9625648, 19.2188372 ], [ 72.9625594, 19.2188362 ], [ 72.962551, 19.2188346 ] ] } },
{ "type": "Feature", "properties": { "name": "Arterial Link", "highway": "residential", "slope_pct": 0.6 }, "geometry": { "type": "LineString", "coordinates": [ [ 72.9624183, 19.2196692 ], [ 72.9623631, 19.2196555 ], [ 72.9623542, 19.2196541 ], [ 72.9623282, 19.2196468 ] ] } },
{ "type": "Feature", "properties": { "name": "Arterial Link", "highway": "residential", "slope_pct": 0.6 }, "geometry": { "type": "LineString", "coordinates": [ [ 72.9622836, 19.2185888 ], [ 72.9621736, 19.2185666 ] ] } },
{ "type": "Feature", "properties": { "name": "Arterial Link", "highway": "residential", "slope_pct": 0.6 }, "geometry": { "type": "LineString", "coordinates": [ [ 72.9622605, 19.2186858 ], [ 72.9621924, 19.2186659 ], [ 72.9621562, 19.2186494 ], [ 72.9621151, 19.2186442 ], [ 72.962088, 19.2186442 ], [ 72.9620553, 19.2186599 ] ] } },
{ "type": "Feature", "properties": { "name": "Arterial Link", "highway": "secondary", "slope_pct": 0.6 }, "geometry": { "type": "LineString", "coordinates": [ [ 72.9662803, 19.2194411 ], [ 72.9663146, 19.2194572 ], [ 72.9663528, 19.21946 ], [ 72.9663903, 19.2194483 ], [ 72.9664201, 19.2194238 ], [ 72.9664324, 19.2194002 ], [ 72.9664374, 19.2193904 ], [ 72.9664397, 19.2193531 ], [ 72.9664264, 19.219318 ], [ 72.966416, 19.2193072 ], [ 72.9663998, 19.2192905 ], [ 72.9663639, 19.2192749 ], [ 72.9663245, 19.2192737 ], [ 72.9662886, 19.2192864 ], [ 72.9662605, 19.219311 ], [ 72.9662506, 19.219331 ], [ 72.9662443, 19.2193437 ], [ 72.9662423, 19.2193799 ], [ 72.966255, 19.219414 ], [ 72.96627, 19.2194301 ], [ 72.9662803, 19.2194411 ] ] } },
{ "type": "Feature", "properties": { "name": "Arterial Link", "highway": "tertiary", "slope_pct": 0.6 }, "geometry": { "type": "LineString", "coordinates": [ [ 72.9663415, 19.2197672 ], [ 72.9663728, 19.2196939 ], [ 72.9663896, 19.2194581 ], [ 72.9663903, 19.2194483 ] ] } },
{ "type": "Feature", "properties": { "name": "Vasant Vihar Road", "highway": "tertiary", "slope_pct": 0.6 }, "geometry": { "type": "LineString", "coordinates": [ [ 72.9663146, 19.2194572 ], [ 72.966314, 19.2194745 ], [ 72.9663063, 19.2196876 ], [ 72.9663415, 19.2197672 ] ] } },
{ "type": "Feature", "properties": { "name": "Arterial Link", "highway": "residential", "slope_pct": 0.6 }, "geometry": { "type": "LineString", "coordinates": [ [ 72.9663325, 19.2235819 ], [ 72.9664185, 19.2235826 ], [ 72.9664374, 19.2235828 ], [ 72.9664433, 19.2238192 ], [ 72.9664692, 19.2238567 ], [ 72.9665506, 19.2238961 ], [ 72.9665973, 19.2238933 ], [ 72.9666291, 19.2238745 ], [ 72.9667235, 19.223777 ], [ 72.9667374, 19.2237488 ], [ 72.9667344, 19.2235275 ], [ 72.9667264, 19.2234946 ], [ 72.9666075, 19.2234045 ], [ 72.9665665, 19.2233984 ], [ 72.9665119, 19.2234107 ], [ 72.9664433, 19.2234993 ], [ 72.9664374, 19.2235828 ] ] } },
{ "type": "Feature", "properties": { "name": "Vasant Vihar Road", "highway": "tertiary", "slope_pct": 0.6 }, "geometry": { "type": "LineString", "coordinates": [ [ 72.9663284, 19.2225679 ], [ 72.9663305, 19.223117 ], [ 72.9663383, 19.223351 ], [ 72.9663318, 19.2234204 ], [ 72.9663325, 19.2235819 ], [ 72.9663359, 19.2239252 ], [ 72.9663371, 19.2246412 ], [ 72.9663406, 19.2251728 ], [ 72.966342, 19.2260749 ], [ 72.9663468, 19.2268846 ], [ 72.9663742, 19.2269687 ], [ 72.9664084, 19.2270264 ], [ 72.9664627, 19.2270675 ], [ 72.9669041, 19.2273734 ], [ 72.9669607, 19.2274126 ], [ 72.9670501, 19.2275107 ], [ 72.9671063, 19.2276261 ], [ 72.9673195, 19.2285246 ] ] } },
{ "type": "Feature", "properties": { "name": "Vasantkunj Lane", "highway": "residential", "slope_pct": 0.6 }, "geometry": { "type": "LineString", "coordinates": [ [ 72.9679975, 19.228394 ], [ 72.9679835, 19.2267104 ], [ 72.9680264, 19.2256479 ], [ 72.9680183, 19.2255757 ], [ 72.9679835, 19.2255213 ], [ 72.9676711, 19.2253427 ], [ 72.9676131, 19.2253084 ], [ 72.9676012, 19.2252641 ], [ 72.9676148, 19.2252323 ], [ 72.968052, 19.2243064 ], [ 72.9684415, 19.2233856 ], [ 72.9686377, 19.2233888 ], [ 72.969618, 19.223387 ], [ 72.9698342, 19.2233866 ] ] } },
{ "type": "Feature", "properties": { "name": "Arterial Link", "highway": "residential", "slope_pct": 0.6 }, "geometry": { "type": "LineString", "coordinates": [ [ 72.9664206, 19.2224922 ], [ 72.9670015, 19.2225084 ], [ 72.9670637, 19.2225101 ], [ 72.9671465, 19.2225124 ], [ 72.9674173, 19.22252 ], [ 72.9677083, 19.2225281 ], [ 72.9691129, 19.2225674 ], [ 72.9697761, 19.2225859 ] ] } },
{ "type": "Feature", "properties": { "name": "Garden Estate Road", "highway": "tertiary", "slope_pct": 0.6 }, "geometry": { "type": "LineString", "coordinates": [ [ 72.9695778, 19.2320494 ], [ 72.9692525, 19.231768 ], [ 72.9690286, 19.2315746 ], [ 72.9689742, 19.2315437 ], [ 72.9689114, 19.2315194 ], [ 72.9688216, 19.2314894 ], [ 72.9687283, 19.231479 ], [ 72.9686591, 19.2314975 ], [ 72.9686048, 19.2315394 ], [ 72.968449, 19.231819 ], [ 72.967962, 19.2327068 ], [ 72.9678728, 19.2328695 ], [ 72.967793, 19.2329629 ], [ 72.9676911, 19.2330417 ], [ 72.9675772, 19.2331128 ], [ 72.9674588, 19.2331713 ], [ 72.967069, 19.2332977 ], [ 72.9666574, 19.2334314 ], [ 72.96616, 19.2335924 ], [ 72.9661009, 19.2336001 ], [ 72.9660495, 19.2335915 ], [ 72.9659165, 19.2335637 ], [ 72.965781, 19.233548 ], [ 72.9656758, 19.2335487 ], [ 72.9655982, 19.2335596 ], [ 72.9655135, 19.2335744 ], [ 72.9654212, 19.2336117 ], [ 72.9653765, 19.2336874 ], [ 72.9653494, 19.233763 ], [ 72.9653293, 19.2338758 ], [ 72.9653534, 19.2339844 ], [ 72.9653841, 19.234076 ], [ 72.9654414, 19.2341551 ], [ 72.9656931, 19.2342774 ], [ 72.9658139, 19.2343419 ], [ 72.9659183, 19.2344373 ], [ 72.9659682, 19.2345009 ], [ 72.9661727, 19.2347548 ], [ 72.966518, 19.2351838 ], [ 72.9665403, 19.2352115 ], [ 72.9669377, 19.2356822 ], [ 72.9670942, 19.2358675 ], [ 72.9671155, 19.2359026 ], [ 72.9671306, 19.2359466 ], [ 72.9671468, 19.236047 ], [ 72.9672015, 19.2363869 ], [ 72.9672784, 19.23687 ] ] } },
{ "type": "Feature", "properties": { "name": "Arterial Link", "highway": "residential", "slope_pct": 0.6 }, "geometry": { "type": "LineString", "coordinates": [ [ 72.9671431, 19.224276 ], [ 72.9672759, 19.2242623 ], [ 72.9673119, 19.2242621 ], [ 72.967477, 19.2242616 ], [ 72.9678574, 19.2242603 ], [ 72.968052, 19.2243064 ] ] } },
{ "type": "Feature", "properties": { "name": "Arterial Link", "highway": "residential", "slope_pct": 0.6 }, "geometry": { "type": "LineString", "coordinates": [ [ 72.9672925, 19.2233189 ], [ 72.9675127, 19.2233222 ], [ 72.9675251, 19.2233224 ], [ 72.9677433, 19.2233254 ], [ 72.9679497, 19.2233282 ], [ 72.967991, 19.2233288 ], [ 72.9681767, 19.2233313 ], [ 72.9684415, 19.2233856 ] ] } },
{ "type": "Feature", "properties": { "name": "Arterial Link", "highway": "residential", "slope_pct": 0.6 }, "geometry": { "type": "LineString", "coordinates": [ [ 72.9662402, 19.2188574 ], [ 72.967581, 19.2186482 ], [ 72.9679075, 19.2186041 ], [ 72.9680127, 19.2189401 ] ] } },
{ "type": "Feature", "properties": { "name": "Arterial Link", "highway": "residential", "slope_pct": 0.6 }, "geometry": { "type": "LineString", "coordinates": [ [ 72.9672695, 19.2268911 ], [ 72.967273, 19.2266722 ], [ 72.9672765, 19.2264531 ], [ 72.9672794, 19.226279 ], [ 72.9672803, 19.2262211 ], [ 72.9672831, 19.2260508 ], [ 72.9672824, 19.2259463 ], [ 72.9672867, 19.2258251 ], [ 72.9672886, 19.2257079 ], [ 72.9672927, 19.2254572 ], [ 72.9672958, 19.2252608 ], [ 72.9672966, 19.2252105 ], [ 72.9673007, 19.2249619 ], [ 72.9673045, 19.2247252 ], [ 72.9673096, 19.2244923 ], [ 72.9673097, 19.2244811 ], [ 72.9673119, 19.2242621 ] ] } },
{ "type": "Feature", "properties": { "name": "Mission Drive", "highway": "tertiary", "slope_pct": 0.6 }, "geometry": { "type": "LineString", "coordinates": [ [ 72.9602929, 19.2211865 ], [ 72.9607279, 19.2219952 ], [ 72.9607579, 19.2220509 ], [ 72.9612117, 19.2228944 ], [ 72.9612461, 19.2229583 ], [ 72.9617338, 19.2238649 ], [ 72.9618925, 19.2241598 ], [ 72.9625658, 19.2254114 ], [ 72.9627599, 19.2255491 ], [ 72.9628045, 19.225582 ], [ 72.963842, 19.2263469 ], [ 72.9638921, 19.2264007 ], [ 72.9639299, 19.2264717 ], [ 72.9648872, 19.2288235 ], [ 72.9649662, 19.2289467 ], [ 72.9650657, 19.2290505 ], [ 72.9651548, 19.2291214 ], [ 72.9652653, 19.2291709 ], [ 72.9654036, 19.2291911 ], [ 72.96554, 19.2291948 ], [ 72.9656939, 19.2291862 ], [ 72.9658471, 19.2291616 ], [ 72.9659896, 19.2291138 ] ] } },
{ "type": "Feature", "properties": { "name": "Arterial Link", "highway": "residential", "slope_pct": 0.6 }, "geometry": { "type": "LineString", "coordinates": [ [ 72.9649719, 19.2248268 ], [ 72.9647002, 19.2248811 ], [ 72.9642222, 19.2249882 ], [ 72.9640165, 19.2250317 ], [ 72.9638898, 19.2250589 ], [ 72.9637781, 19.2250829 ], [ 72.963731, 19.225093 ] ] } },
{ "type": "Feature", "properties": { "name": "Arterial Link", "highway": "residential", "slope_pct": 0.6 }, "geometry": { "type": "LineString", "coordinates": [ [ 72.9609312, 19.2186373 ], [ 72.961734, 19.2203977 ] ] } },
{ "type": "Feature", "properties": { "name": "Mission Drive", "highway": "tertiary", "slope_pct": 0.6 }, "geometry": { "type": "LineString", "coordinates": [ [ 72.9626824, 19.2253584 ], [ 72.9620511, 19.2241777 ], [ 72.9619336, 19.2239579 ], [ 72.9613364, 19.222841 ], [ 72.9608829, 19.2219928 ], [ 72.9605118, 19.2212992 ], [ 72.9604887, 19.2212554 ], [ 72.9604915, 19.2212114 ], [ 72.9605247, 19.2211799 ], [ 72.9606063, 19.2211287 ], [ 72.9606442, 19.2210928 ], [ 72.9606594, 19.2210603 ], [ 72.9606406, 19.2210051 ] ] } },
{ "type": "Feature", "properties": { "name": "Arterial Link", "highway": "residential", "slope_pct": 0.6 }, "geometry": { "type": "LineString", "coordinates": [ [ 72.9673007, 19.223875 ], [ 72.9674896, 19.2238799 ], [ 72.96798, 19.2238879 ] ] } },
{ "type": "Feature", "properties": { "name": "Arterial Link", "highway": "residential", "slope_pct": 0.6 }, "geometry": { "type": "LineString", "coordinates": [ [ 72.9678574, 19.2242603 ], [ 72.9677296, 19.2245113 ], [ 72.9676129, 19.2247412 ], [ 72.9675137, 19.2249366 ] ] } },
{ "type": "Feature", "properties": { "name": "Arterial Link", "highway": "residential", "slope_pct": 0.6 }, "geometry": { "type": "LineString", "coordinates": [ [ 72.9672794, 19.226279 ], [ 72.9677976, 19.226279 ] ] } },
{ "type": "Feature", "properties": { "name": "Arterial Link", "highway": "residential", "slope_pct": 0.6 }, "geometry": { "type": "LineString", "coordinates": [ [ 72.9672867, 19.2258251 ], [ 72.9677976, 19.2258252 ] ] } },
{ "type": "Feature", "properties": { "name": "Arterial Link", "highway": "residential", "slope_pct": 0.6 }, "geometry": { "type": "LineString", "coordinates": [ [ 72.967896, 19.2240906 ], [ 72.967762, 19.2240393 ] ] } },
{ "type": "Feature", "properties": { "name": "Arterial Link", "highway": "tertiary", "slope_pct": 0.6 }, "geometry": { "type": "LineString", "coordinates": [ [ 72.9609071, 19.2208669 ], [ 72.9611063, 19.2208399 ], [ 72.9615698, 19.2206188 ], [ 72.9621352, 19.2203918 ], [ 72.9628997, 19.2201241 ], [ 72.9635317, 19.220028 ], [ 72.9637058, 19.2200008 ], [ 72.9638372, 19.2199759 ], [ 72.964923, 19.2197751 ], [ 72.965164, 19.2197264 ], [ 72.965549, 19.2196507 ], [ 72.9655801, 19.2196251 ], [ 72.9655879, 19.2195428 ] ] } },
{ "type": "Feature", "properties": { "name": "Arterial Link", "highway": "residential", "slope_pct": 0.6 }, "geometry": { "type": "LineString", "coordinates": [ [ 72.9649015, 19.2252398 ], [ 72.9648554, 19.2250107 ], [ 72.9648451, 19.2249942 ], [ 72.9648334, 19.2249878 ], [ 72.9648188, 19.2249866 ], [ 72.9647975, 19.2249894 ], [ 72.9644615, 19.2250623 ], [ 72.9641268, 19.2251339 ], [ 72.9641053, 19.2251411 ], [ 72.9640894, 19.2251521 ], [ 72.964082, 19.2251671 ], [ 72.9640813, 19.2252335 ], [ 72.9640719, 19.2252526 ], [ 72.964055, 19.225271 ], [ 72.9640353, 19.2252804 ], [ 72.963939, 19.2253015 ] ] } },
{ "type": "Feature", "properties": { "name": "Arterial Link", "highway": "tertiary_link", "slope_pct": 0.6 }, "geometry": { "type": "LineString", "coordinates": [ [ 72.9613364, 19.222841 ], [ 72.9612117, 19.2228944 ] ] } },
{ "type": "Feature", "properties": { "name": "Mission Drive", "highway": "tertiary", "slope_pct": 0.6 }, "geometry": { "type": "LineString", "coordinates": [ [ 72.9695884, 19.2281977 ], [ 72.9694754, 19.2282101 ], [ 72.969395, 19.2282199 ], [ 72.9689727, 19.2282683 ], [ 72.9684533, 19.2283175 ], [ 72.9679975, 19.228394 ], [ 72.9673195, 19.2285246 ] ] } },
{ "type": "Feature", "properties": { "name": "Mission Drive", "highway": "tertiary", "slope_pct": 0.6 }, "geometry": { "type": "LineString", "coordinates": [ [ 72.9663798, 19.2289711 ], [ 72.9672081, 19.2286676 ], [ 72.96736, 19.2286267 ], [ 72.9677155, 19.2285747 ], [ 72.9683749, 19.2284345 ], [ 72.9689896, 19.2283618 ], [ 72.9694728, 19.2283131 ], [ 72.9695917, 19.2283012 ] ] } },
{ "type": "Feature", "properties": { "name": "Arterial Link", "highway": "residential", "slope_pct": 0.6 }, "geometry": { "type": "LineString", "coordinates": [ [ 72.9649432, 19.2247033 ], [ 72.9649719, 19.2248268 ], [ 72.9649869, 19.2248908 ], [ 72.9651247, 19.2254809 ], [ 72.9652135, 19.2259154 ] ] } },
{ "type": "Feature", "properties": { "name": "Pokhran Road 2", "highway": "secondary", "slope_pct": 0.6 }, "geometry": { "type": "LineString", "coordinates": [ [ 72.9664324, 19.2194002 ], [ 72.9664917, 19.2193874 ], [ 72.967501, 19.2191696 ], [ 72.9678299, 19.2190765 ], [ 72.9683792, 19.218934 ], [ 72.9695825, 19.2185536 ], [ 72.9697334, 19.218489 ] ] } },
{ "type": "Feature", "properties": { "name": "Pokhran Road 2", "highway": "secondary", "slope_pct": 0.6 }, "geometry": { "type": "LineString", "coordinates": [ [ 72.9606406, 19.2210051 ], [ 72.9609071, 19.2208669 ], [ 72.9615214, 19.220547 ], [ 72.9618442, 19.2204129 ], [ 72.9623125, 19.2202183 ], [ 72.9627111, 19.2201077 ], [ 72.9630716, 19.2200029 ], [ 72.9635085, 19.219929 ], [ 72.9637233, 19.21989 ], [ 72.9641604, 19.2198134 ], [ 72.9646032, 19.2197254 ], [ 72.9647232, 19.2197074 ], [ 72.9653984, 19.2195806 ], [ 72.9655879, 19.2195428 ], [ 72.9656446, 19.2195315 ], [ 72.96627, 19.2194301 ] ] } },
{ "type": "Feature", "properties": { "name": "Pokhran Road 2", "highway": "secondary", "slope_pct": 0.6 }, "geometry": { "type": "LineString", "coordinates": [ [ 72.9662506, 19.219331 ], [ 72.965413, 19.2195058 ], [ 72.9646949, 19.2196412 ], [ 72.9636853, 19.2198209 ], [ 72.9634918, 19.219862 ], [ 72.9630519, 19.2199336 ], [ 72.9626791, 19.2200409 ], [ 72.9622905, 19.2201646 ], [ 72.9620473, 19.2202667 ], [ 72.9620269, 19.2202753 ], [ 72.9618162, 19.2203638 ], [ 72.9617998, 19.2203706 ], [ 72.961734, 19.2203977 ], [ 72.961632, 19.2204408 ], [ 72.961498, 19.2204974 ], [ 72.960977, 19.2207596 ] ] } },
{ "type": "Feature", "properties": { "name": "Arterial Link", "highway": "residential", "slope_pct": 0.6 }, "geometry": { "type": "LineString", "coordinates": [ [ 72.9652891, 19.2259403 ], [ 72.965264, 19.2258943 ], [ 72.9651666, 19.2254675 ], [ 72.9650988, 19.2251709 ], [ 72.9650328, 19.2248817 ], [ 72.965018, 19.2248169 ], [ 72.9649916, 19.2247013 ] ] } },
{ "type": "Feature", "properties": { "name": "Arterial Link", "highway": "residential", "slope_pct": 0.6 }, "geometry": { "type": "LineString", "coordinates": [ [ 72.9588305, 19.2252415 ], [ 72.9597974, 19.2249325 ], [ 72.9601339, 19.2248907 ], [ 72.9606128, 19.2248312 ], [ 72.9607391, 19.2247979 ], [ 72.9608917, 19.2247577 ], [ 72.9610111, 19.2247086 ], [ 72.9611335, 19.2246322 ], [ 72.9611952, 19.2245883 ], [ 72.9614443, 19.2244131 ], [ 72.9615131, 19.2243749 ] ] } },
{ "type": "Feature", "properties": { "name": "Arterial Link", "highway": "residential", "slope_pct": 0.6 }, "geometry": { "type": "LineString", "coordinates": [ [ 72.9612461, 19.2229583 ], [ 72.9611701, 19.2229958 ], [ 72.9609339, 19.2231125 ], [ 72.9605915, 19.2232815 ], [ 72.9605212, 19.2233162 ], [ 72.9605057, 19.223316 ], [ 72.9604518, 19.2233154 ] ] } },
{ "type": "Feature", "properties": { "name": "Arterial Link", "highway": "residential", "slope_pct": 0.6 }, "geometry": { "type": "LineString", "coordinates": [ [ 72.9642222, 19.2249882 ], [ 72.964242, 19.2250534 ] ] } },
{ "type": "Feature", "properties": { "name": "Arterial Link", "highway": "residential", "slope_pct": 0.6 }, "geometry": { "type": "LineString", "coordinates": [ [ 72.9639041, 19.2251296 ], [ 72.964242, 19.2250534 ], [ 72.9643175, 19.2250339 ], [ 72.9644441, 19.2250048 ], [ 72.9647172, 19.2249474 ], [ 72.9649869, 19.2248908 ] ] } },
{ "type": "Feature", "properties": { "name": "Arterial Link", "highway": "residential", "slope_pct": 0.6 }, "geometry": { "type": "LineString", "coordinates": [ [ 72.9609339, 19.2231125 ], [ 72.9609689, 19.2231786 ], [ 72.960977, 19.2231939 ], [ 72.9610938, 19.2234143 ], [ 72.9611539, 19.223528 ], [ 72.961192, 19.2235363 ], [ 72.9613729, 19.2234626 ], [ 72.9613838, 19.2234394 ], [ 72.9611957, 19.2230518 ], [ 72.9611878, 19.2230345 ], [ 72.9611701, 19.2229958 ] ] } },
{ "type": "Feature", "properties": { "name": "Arterial Link", "highway": "residential", "slope_pct": 0.6 }, "geometry": { "type": "LineString", "coordinates": [ [ 72.9663406, 19.2251728 ], [ 72.9663867, 19.2251733 ], [ 72.9664052, 19.225175 ], [ 72.9664449, 19.2251859 ], [ 72.9665197, 19.2252438 ], [ 72.9665277, 19.2252709 ], [ 72.9664248, 19.2253741 ], [ 72.966432, 19.2254013 ], [ 72.9665112, 19.2254828 ], [ 72.9665523, 19.2254906 ], [ 72.9666191, 19.2254828 ], [ 72.9667116, 19.2253935 ], [ 72.9667198, 19.2253635 ], [ 72.9667146, 19.2253091 ], [ 72.9667003, 19.2252398 ], [ 72.9667208, 19.225148 ], [ 72.9667126, 19.2251092 ], [ 72.966581, 19.2249938 ], [ 72.966542, 19.2249908 ], [ 72.9664392, 19.2250937 ], [ 72.9664177, 19.2251277 ], [ 72.9664052, 19.225175 ], [ 72.9664044, 19.2253025 ], [ 72.9664049, 19.225339 ], [ 72.9664248, 19.2253741 ] ] } },
{ "type": "Feature", "properties": { "name": "Mission Drive", "highway": "tertiary", "slope_pct": 0.6 }, "geometry": { "type": "LineString", "coordinates": [ [ 72.9659517, 19.2290045 ], [ 72.9658775, 19.2290242 ], [ 72.9657161, 19.2290621 ], [ 72.9656969, 19.2290657 ], [ 72.9655547, 19.2290784 ], [ 72.9654072, 19.2290657 ], [ 72.9653369, 19.2290438 ], [ 72.9652117, 19.2290035 ], [ 72.9651203, 19.2289365 ], [ 72.9650538, 19.228854 ], [ 72.964998, 19.2287655 ], [ 72.9640771, 19.226442 ], [ 72.9640208, 19.2263333 ], [ 72.9639637, 19.226247 ], [ 72.9638698, 19.226173 ], [ 72.962881, 19.2254881 ], [ 72.9628341, 19.2254556 ] ] } },
{ "type": "Feature", "properties": { "name": "Pawar Nagar Road", "highway": "residential", "slope_pct": 0.6 }, "geometry": { "type": "LineString", "coordinates": [ [ 72.9658397, 19.227774 ], [ 72.9659083, 19.228386 ], [ 72.9659428, 19.228478 ], [ 72.9660213, 19.2287986 ] ] } },
{ "type": "Feature", "properties": { "name": "Arterial Link", "highway": "residential", "slope_pct": 0.6 }, "geometry": { "type": "LineString", "coordinates": [ [ 72.9653111, 19.2264322 ], [ 72.9644513, 19.2268051 ] ] } },
{ "type": "Feature", "properties": { "name": "Arterial Link", "highway": "residential", "slope_pct": 0.6 }, "geometry": { "type": "LineString", "coordinates": [ [ 72.9659531, 19.2260654 ], [ 72.9659538, 19.2261651 ], [ 72.9659545, 19.2262647 ], [ 72.9659073, 19.2263431 ], [ 72.9659091, 19.2265989 ], [ 72.9658283, 19.2266762 ], [ 72.9658297, 19.22688 ], [ 72.9658804, 19.2269617 ] ] } },
{ "type": "Feature", "properties": { "name": "Arterial Link", "highway": "residential", "slope_pct": 0.6 }, "geometry": { "type": "LineString", "coordinates": [ [ 72.9653928, 19.2269204 ], [ 72.9653837, 19.2271906 ], [ 72.9654196, 19.2274917 ], [ 72.9654455, 19.227709 ], [ 72.9654743, 19.2279513 ], [ 72.9655043, 19.2282032 ], [ 72.9655393, 19.2284415 ], [ 72.9655492, 19.2285797 ], [ 72.9655544, 19.2286235 ] ] } },
{ "type": "Feature", "properties": { "name": "Harasiddh Park Road", "highway": "residential", "slope_pct": 0.6 }, "geometry": { "type": "LineString", "coordinates": [ [ 72.9665972, 19.2287779 ], [ 72.9664811, 19.2284649 ], [ 72.9664597, 19.228407 ], [ 72.9664101, 19.2282587 ], [ 72.9663026, 19.2279504 ], [ 72.9661713, 19.2277855 ], [ 72.9661539, 19.2277335 ], [ 72.9661756, 19.2276626 ], [ 72.966195, 19.2275853 ], [ 72.9661892, 19.2275289 ], [ 72.9661165, 19.2274734 ], [ 72.9660114, 19.2274326 ], [ 72.9659789, 19.2274107 ], [ 72.9659697, 19.2272757 ] ] } },
{ "type": "Feature", "properties": { "name": "Arterial Link", "highway": "residential", "slope_pct": 0.6 }, "geometry": { "type": "LineString", "coordinates": [ [ 72.9639041, 19.2251296 ], [ 72.9639087, 19.2251522 ], [ 72.963939, 19.2253015 ], [ 72.9640703, 19.2259512 ], [ 72.9641145, 19.2260079 ], [ 72.9641706, 19.2260541 ], [ 72.9642361, 19.2260877 ], [ 72.9643077, 19.2261071 ], [ 72.9643725, 19.2261105 ], [ 72.9644524, 19.2261034 ], [ 72.9645195, 19.2260889 ], [ 72.9649691, 19.2259431 ] ] } },
{ "type": "Feature", "properties": { "name": "Arterial Link", "highway": "residential", "slope_pct": 0.6 }, "geometry": { "type": "LineString", "coordinates": [ [ 72.963731, 19.225093 ], [ 72.9634482, 19.2251512 ], [ 72.9633072, 19.2251832 ], [ 72.9631775, 19.2252213 ], [ 72.9630334, 19.2252817 ], [ 72.9629089, 19.2253697 ] ] } },
{ "type": "Feature", "properties": { "name": "Arterial Link", "highway": "residential", "slope_pct": 0.6 }, "geometry": { "type": "LineString", "coordinates": [ [ 72.9653505, 19.226039 ], [ 72.9653583, 19.2260164 ], [ 72.9653571, 19.225994 ], [ 72.9653484, 19.2259731 ], [ 72.9653329, 19.2259561 ], [ 72.9653124, 19.2259447 ], [ 72.9652891, 19.2259403 ], [ 72.9652656, 19.2259432 ], [ 72.9652443, 19.2259532 ], [ 72.9652276, 19.2259692 ], [ 72.9652174, 19.2259895 ], [ 72.9652147, 19.2260117 ], [ 72.9652196, 19.2260334 ], [ 72.9652318, 19.2260525 ], [ 72.9652499, 19.2260669 ], [ 72.9652721, 19.226075 ], [ 72.9652958, 19.2260758 ], [ 72.9653186, 19.2260694 ], [ 72.9653379, 19.2260563 ], [ 72.9653505, 19.226039 ] ] } },
{ "type": "Feature", "properties": { "name": "Arterial Link", "highway": "residential", "slope_pct": 0.6 }, "geometry": { "type": "LineString", "coordinates": [ [ 72.966342, 19.2260749 ], [ 72.9659531, 19.2260654 ], [ 72.9653186, 19.2260694 ] ] } },
{ "type": "Feature", "properties": { "name": "Arterial Link", "highway": "residential", "slope_pct": 0.6 }, "geometry": { "type": "LineString", "coordinates": [ [ 72.9652135, 19.2259154 ], [ 72.9652276, 19.2259692 ] ] } },
{ "type": "Feature", "properties": { "name": "Arterial Link", "highway": "residential", "slope_pct": 0.6 }, "geometry": { "type": "LineString", "coordinates": [ [ 72.9629089, 19.2253697 ], [ 72.9628341, 19.2254556 ] ] } },
{ "type": "Feature", "properties": { "name": "Arterial Link", "highway": "residential", "slope_pct": 0.6 }, "geometry": { "type": "LineString", "coordinates": [ [ 72.9628341, 19.2254556 ], [ 72.9627599, 19.2255491 ] ] } },
{ "type": "Feature", "properties": { "name": "Arterial Link", "highway": "residential", "slope_pct": 0.6 }, "geometry": { "type": "LineString", "coordinates": [ [ 72.9652499, 19.2260669 ], [ 72.9653111, 19.2264322 ], [ 72.9653581, 19.2267129 ], [ 72.9653928, 19.2269204 ] ] } },
{ "type": "Feature", "properties": { "name": "Arterial Link", "highway": "residential", "slope_pct": 0.6 }, "geometry": { "type": "LineString", "coordinates": [ [ 72.9672966, 19.2252105 ], [ 72.967158, 19.2252106 ], [ 72.9668944, 19.2252142 ] ] } },
{ "type": "Feature", "properties": { "name": "Arterial Link", "highway": "residential", "slope_pct": 0.6 }, "geometry": { "type": "LineString", "coordinates": [ [ 72.9672927, 19.2254572 ], [ 72.9671466, 19.2254573 ], [ 72.9669317, 19.225456 ] ] } },
{ "type": "Feature", "properties": { "name": "Arterial Link", "highway": "residential", "slope_pct": 0.6 }, "geometry": { "type": "LineString", "coordinates": [ [ 72.9672886, 19.2257079 ], [ 72.9672599, 19.2257068 ], [ 72.9668731, 19.2256922 ] ] } },
{ "type": "Feature", "properties": { "name": "Arterial Link", "highway": "residential", "slope_pct": 0.6 }, "geometry": { "type": "LineString", "coordinates": [ [ 72.9672803, 19.2262211 ], [ 72.9669003, 19.2262171 ] ] } },
{ "type": "Feature", "properties": { "name": "Arterial Link", "highway": "residential", "slope_pct": 0.6 }, "geometry": { "type": "LineString", "coordinates": [ [ 72.9672765, 19.2264531 ], [ 72.96686, 19.2264484 ] ] } },
{ "type": "Feature", "properties": { "name": "Arterial Link", "highway": "residential", "slope_pct": 0.6 }, "geometry": { "type": "LineString", "coordinates": [ [ 72.967273, 19.2266722 ], [ 72.9668623, 19.2266832 ] ] } },
{ "type": "Feature", "properties": { "name": "Arterial Link", "highway": "residential", "slope_pct": 0.6 }, "geometry": { "type": "LineString", "coordinates": [ [ 72.9672765, 19.2264531 ], [ 72.9676982, 19.2264512 ] ] } },
{ "type": "Feature", "properties": { "name": "Arterial Link", "highway": "residential", "slope_pct": 0.6 }, "geometry": { "type": "LineString", "coordinates": [ [ 72.9672831, 19.2260508 ], [ 72.9675155, 19.2260485 ] ] } },
{ "type": "Feature", "properties": { "name": "Arterial Link", "highway": "residential", "slope_pct": 0.6 }, "geometry": { "type": "LineString", "coordinates": [ [ 72.966342, 19.2260749 ], [ 72.966592, 19.2260713 ], [ 72.9666637, 19.2260243 ], [ 72.9667611, 19.225962 ], [ 72.9668543, 19.2259515 ], [ 72.9672824, 19.2259463 ] ] } },
{ "type": "Feature", "properties": { "name": "Vasantkunj Lane", "highway": "residential", "slope_pct": 0.6 }, "geometry": { "type": "LineString", "coordinates": [ [ 72.9672958, 19.2252608 ], [ 72.9676012, 19.2252641 ] ] } },
{ "type": "Feature", "properties": { "name": "Pawar Nagar Road", "highway": "residential", "slope_pct": 0.6 }, "geometry": { "type": "LineString", "coordinates": [ [ 72.9661279, 19.2289442 ], [ 72.9660989, 19.2288477 ], [ 72.9660213, 19.2287986 ], [ 72.9659281, 19.2288042 ], [ 72.9658579, 19.2288624 ], [ 72.9658398, 19.2289489 ], [ 72.9658775, 19.2290242 ] ] } },
{ "type": "Feature", "properties": { "name": "Mission Drive", "highway": "tertiary_link", "slope_pct": 0.6 }, "geometry": { "type": "LineString", "coordinates": [ [ 72.9659896, 19.2291138 ], [ 72.9659517, 19.2290045 ] ] } },
{ "type": "Feature", "properties": { "name": "Arterial Link", "highway": "residential", "slope_pct": 0.6 }, "geometry": { "type": "LineString", "coordinates": [ [ 72.9649015, 19.2252398 ], [ 72.964318, 19.2253337 ], [ 72.964299, 19.2253434 ], [ 72.9642883, 19.2253548 ], [ 72.964283, 19.22537 ], [ 72.9643914, 19.225859 ], [ 72.9644008, 19.2258701 ], [ 72.964419, 19.225875 ] ] } },
{ "type": "Feature", "properties": { "name": "Arterial Link", "highway": "residential", "slope_pct": 0.6 }, "geometry": { "type": "LineString", "coordinates": [ [ 72.9652135, 19.2259154 ], [ 72.965264, 19.2258943 ] ] } },
{ "type": "Feature", "properties": { "name": "Arterial Link", "highway": "residential", "slope_pct": 0.6 }, "geometry": { "type": "LineString", "coordinates": [ [ 72.9651247, 19.2254809 ], [ 72.9651666, 19.2254675 ] ] } },
{ "type": "Feature", "properties": { "name": "Arterial Link", "highway": "tertiary", "slope_pct": 0.6 }, "geometry": { "type": "LineString", "coordinates": [ [ 72.9628341, 19.2254556 ], [ 72.9626824, 19.2253584 ] ] } },
{ "type": "Feature", "properties": { "name": "Mission Drive", "highway": "tertiary", "slope_pct": 0.6 }, "geometry": { "type": "LineString", "coordinates": [ [ 72.9673195, 19.2285246 ], [ 72.96736, 19.2286267 ] ] } },
{ "type": "Feature", "properties": { "name": "Mission Drive", "highway": "tertiary", "slope_pct": 0.6 }, "geometry": { "type": "LineString", "coordinates": [ [ 72.9673195, 19.2285246 ], [ 72.9665972, 19.2287779 ], [ 72.9661279, 19.2289442 ], [ 72.9660171, 19.2289854 ], [ 72.9659517, 19.2290045 ] ] } },
{ "type": "Feature", "properties": { "name": "Mission Drive", "highway": "tertiary", "slope_pct": 0.6 }, "geometry": { "type": "LineString", "coordinates": [ [ 72.9659896, 19.2291138 ], [ 72.9663798, 19.2289711 ] ] } },
{ "type": "Feature", "properties": { "name": "Arterial Link", "highway": "residential", "slope_pct": 0.6 }, "geometry": { "type": "LineString", "coordinates": [ [ 72.962881, 19.2254881 ], [ 72.9629554, 19.2254144 ], [ 72.9630684, 19.2253435 ], [ 72.9631986, 19.2252821 ], [ 72.9634696, 19.2252103 ], [ 72.9637531, 19.225158 ], [ 72.9639041, 19.2251296 ] ] } },
{ "type": "Feature", "properties": { "name": "Arterial Link", "highway": "residential", "slope_pct": 0.6 }, "geometry": { "type": "LineString", "coordinates": [ [ 72.9628045, 19.225582 ], [ 72.962881, 19.2254881 ] ] } },
{ "type": "Feature", "properties": { "name": "Arterial Link", "highway": "residential", "slope_pct": 0.6 }, "geometry": { "type": "LineString", "coordinates": [ [ 72.9649691, 19.2259431 ], [ 72.964992, 19.2259316 ], [ 72.9650056, 19.2259162 ], [ 72.9650063, 19.2258975 ], [ 72.9649682, 19.2255207 ] ] } },
{ "type": "Feature", "properties": { "name": "Arterial Link", "highway": "residential", "slope_pct": 0.6 }, "geometry": { "type": "LineString", "coordinates": [ [ 72.9649682, 19.2255207 ], [ 72.9650465, 19.2255008 ], [ 72.9651247, 19.2254809 ] ] } },
{ "type": "Feature", "properties": { "name": "Arterial Link", "highway": "residential", "slope_pct": 0.6 }, "geometry": { "type": "LineString", "coordinates": [ [ 72.964419, 19.225875 ], [ 72.9644403, 19.2258705 ], [ 72.9647476, 19.2258095 ], [ 72.9647655, 19.2258021 ], [ 72.9647756, 19.2257854 ], [ 72.9647736, 19.2257587 ], [ 72.9647285, 19.2256083 ], [ 72.9647324, 19.2255885 ], [ 72.9647493, 19.2255763 ], [ 72.9649682, 19.2255207 ], [ 72.9649015, 19.2252398 ] ] } },
{ "type": "Feature", "properties": { "name": "Arterial Link", "highway": "residential", "slope_pct": 0.6 }, "geometry": { "type": "LineString", "coordinates": [ [ 72.9644441, 19.2250048 ], [ 72.9644528, 19.2250335 ], [ 72.9644615, 19.2250623 ] ] } },
{ "type": "Feature", "properties": { "name": "Arterial Link", "highway": "residential", "slope_pct": 0.6 }, "geometry": { "type": "LineString", "coordinates": [ [ 72.9644708, 19.2261699 ], [ 72.9644868, 19.2261796 ], [ 72.9645155, 19.226174 ], [ 72.9652135, 19.2259154 ] ] } },
{ "type": "Feature", "properties": { "name": "Arterial Link", "highway": "residential", "slope_pct": 0.6 }, "geometry": { "type": "LineString", "coordinates": [ [ 72.9644524, 19.2261034 ], [ 72.9644646, 19.2261475 ], [ 72.9644708, 19.2261699 ] ] } },
{ "type": "Feature", "properties": { "name": "Arterial Link", "highway": "residential", "slope_pct": 0.6 }, "geometry": { "type": "LineString", "coordinates": [ [ 72.9634482, 19.2251512 ], [ 72.9634696, 19.2252103 ] ] } },
{ "type": "Feature", "properties": { "name": "Arterial Link", "highway": "residential", "slope_pct": 0.6 }, "geometry": { "type": "LineString", "coordinates": [ [ 72.9638898, 19.2250589 ], [ 72.9639041, 19.2251296 ] ] } },
{ "type": "Feature", "properties": { "name": "Arterial Link", "highway": "residential", "slope_pct": 0.6 }, "geometry": { "type": "LineString", "coordinates": [ [ 72.9664101, 19.2282587 ], [ 72.9666448, 19.2281812 ], [ 72.966719, 19.2281219 ], [ 72.9667366, 19.2280732 ], [ 72.9667202, 19.2280103 ], [ 72.9666724, 19.2279248 ], [ 72.9666423, 19.2278441 ], [ 72.9665982, 19.2277811 ], [ 72.9665404, 19.2277396 ] ] } },
{ "type": "Feature", "properties": { "name": "Arterial Link", "highway": "residential", "slope_pct": 0.6 }, "geometry": { "type": "LineString", "coordinates": [ [ 72.9664811, 19.2284649 ], [ 72.9664363, 19.2284803 ], [ 72.966341, 19.228513 ], [ 72.966265, 19.2285391 ] ] } },
{ "type": "Feature", "properties": { "name": "Arterial Link", "highway": "residential", "slope_pct": 0.6 }, "geometry": { "type": "LineString", "coordinates": [ [ 72.966341, 19.228513 ], [ 72.9663169, 19.2284679 ], [ 72.9663221, 19.228449 ], [ 72.9663614, 19.2284229 ], [ 72.9663694, 19.2283993 ], [ 72.9663123, 19.2282511 ], [ 72.9662847, 19.2282385 ], [ 72.9661161, 19.2282966 ], [ 72.9661009, 19.2283193 ], [ 72.966067, 19.2283799 ] ] } },
{ "type": "Feature", "properties": { "name": "Tulsidham Road", "highway": "tertiary", "slope_pct": 0.6 }, "geometry": { "type": "LineString", "coordinates": [ [ 72.9719087, 19.2225429 ], [ 72.9718585, 19.2225298 ], [ 72.9717606, 19.2225343 ] ] } },
{ "type": "Feature", "properties": { "name": "Glady's Alwares Avenue", "highway": "secondary", "slope_pct": 0.6 }, "geometry": { "type": "LineString", "coordinates": [ [ 72.9698153, 19.2184652 ], [ 72.969886, 19.2186349 ], [ 72.9699524, 19.219034 ], [ 72.9701966, 19.2203102 ], [ 72.9702091, 19.2203696 ], [ 72.97021, 19.2204748 ], [ 72.9701884, 19.2206021 ], [ 72.9701071, 19.2208361 ], [ 72.9698298, 19.2215946 ], [ 72.9698043, 19.2216714 ], [ 72.9698039, 19.221727 ], [ 72.9698126, 19.2224245 ], [ 72.9698311, 19.2224724 ] ] } },
{ "type": "Feature", "properties": { "name": "Arterial Link", "highway": "residential", "slope_pct": 0.6 }, "geometry": { "type": "LineString", "coordinates": [ [ 72.9711755, 19.2225484 ], [ 72.9711736, 19.2225043 ], [ 72.9711703, 19.2224603 ], [ 72.9711684, 19.2222732 ], [ 72.9711618, 19.2221185 ], [ 72.9711509, 19.2217769 ], [ 72.9711505, 19.2217644 ], [ 72.9711421, 19.2215009 ], [ 72.97113, 19.2211234 ], [ 72.9711531, 19.2209956 ], [ 72.9711853, 19.2209101 ], [ 72.9712266, 19.2208642 ], [ 72.9713733, 19.220729 ] ] } },
{ "type": "Feature", "properties": { "name": "Tulsidham Nalpada Road", "highway": "residential", "slope_pct": 0.6 }, "geometry": { "type": "LineString", "coordinates": [ [ 72.9734952, 19.2224492 ], [ 72.9734497, 19.221898 ], [ 72.9734467, 19.2218416 ], [ 72.9733197, 19.2208068 ], [ 72.9731265, 19.2192219 ], [ 72.9731441, 19.219127 ], [ 72.9731481, 19.2191055 ], [ 72.9731401, 19.2188894 ] ] } },
{ "type": "Feature", "properties": { "name": "Arterial Link", "highway": "tertiary", "slope_pct": 0.6 }, "geometry": { "type": "LineString", "coordinates": [ [ 72.9700406, 19.2226468 ], [ 72.9701549, 19.222643 ], [ 72.9706573, 19.2226264 ], [ 72.9709098, 19.222618 ], [ 72.9709825, 19.2226156 ], [ 72.9711768, 19.2226092 ], [ 72.9712415, 19.2226071 ], [ 72.9713319, 19.2226041 ], [ 72.9713465, 19.2226036 ] ] } },
{ "type": "Feature", "properties": { "name": "Lower Delta Avenue", "highway": "tertiary", "slope_pct": 0.6 }, "geometry": { "type": "LineString", "coordinates": [ [ 72.9735828, 19.2233148 ], [ 72.9739291, 19.2237978 ], [ 72.9740989, 19.2241947 ], [ 72.9741438, 19.2248156 ] ] } },
{ "type": "Feature", "properties": { "name": "Arterial Link", "highway": "residential", "slope_pct": 0.6 }, "geometry": { "type": "LineString", "coordinates": [ [ 72.9722289, 19.2247912 ], [ 72.9727511, 19.2247396 ], [ 72.9729829, 19.2247168 ], [ 72.973352, 19.2246806 ] ] } },
{ "type": "Feature", "properties": { "name": "Arterial Link", "highway": "residential", "slope_pct": 0.6 }, "geometry": { "type": "LineString", "coordinates": [ [ 72.9719622, 19.2225399 ], [ 72.9720312, 19.2231666 ], [ 72.9721462, 19.2242114 ], [ 72.9721513, 19.2242575 ], [ 72.9721634, 19.2243735 ], [ 72.9721762, 19.2245506 ], [ 72.9721943, 19.2247627 ], [ 72.9722289, 19.2247912 ] ] } },
{ "type": "Feature", "properties": { "name": "Tulsidham Nalpada Road", "highway": "residential", "slope_pct": 0.6 }, "geometry": { "type": "LineString", "coordinates": [ [ 72.9731401, 19.2188894 ], [ 72.9731177, 19.2187714 ] ] } },
{ "type": "Feature", "properties": { "name": "Tulsidham Road", "highway": "tertiary", "slope_pct": 0.6 }, "geometry": { "type": "LineString", "coordinates": [ [ 72.9717606, 19.2225343 ], [ 72.9713379, 19.2225446 ] ] } },
{ "type": "Feature", "properties": { "name": "Tulsidham Road", "highway": "tertiary", "slope_pct": 0.6 }, "geometry": { "type": "LineString", "coordinates": [ [ 72.9713379, 19.2225446 ], [ 72.9711755, 19.2225484 ], [ 72.9706565, 19.2225604 ], [ 72.970347, 19.2225688 ], [ 72.9700603, 19.2225742 ] ] } },
{ "type": "Feature", "properties": { "name": "Arterial Link", "highway": "tertiary", "slope_pct": 0.6 }, "geometry": { "type": "LineString", "coordinates": [ [ 72.9717662, 19.2225927 ], [ 72.9718635, 19.2225858 ], [ 72.9719087, 19.2225429 ] ] } },
{ "type": "Feature", "properties": { "name": "Arterial Link", "highway": "residential", "slope_pct": 0.6 }, "geometry": { "type": "LineString", "coordinates": [ [ 72.9681706, 19.2194243 ], [ 72.9687015, 19.2193173 ], [ 72.9692465, 19.2191502 ], [ 72.9696712, 19.2190566 ], [ 72.9699524, 19.219034 ] ] } },
{ "type": "Feature", "properties": { "name": "Arterial Link", "highway": "residential", "slope_pct": 0.6 }, "geometry": { "type": "LineString", "coordinates": [ [ 72.968531, 19.2247078 ], [ 72.968551, 19.2244655 ], [ 72.9685749, 19.2241694 ], [ 72.9686018, 19.2238378 ], [ 72.9686377, 19.2233888 ] ] } },
{ "type": "Feature", "properties": { "name": "Arterial Link", "highway": "tertiary", "slope_pct": 0.6 }, "geometry": { "type": "LineString", "coordinates": [ [ 72.9713465, 19.2226036 ], [ 72.9717662, 19.2225927 ] ] } },
{ "type": "Feature", "properties": { "name": "Arterial Link", "highway": "residential", "slope_pct": 0.6 }, "geometry": { "type": "LineString", "coordinates": [ [ 72.9706769, 19.2201954 ], [ 72.9707089, 19.2201528 ], [ 72.9707262, 19.220111 ], [ 72.9707368, 19.2200554 ], [ 72.9706876, 19.2198012 ], [ 72.9708133, 19.2198385 ], [ 72.970845, 19.2198467 ], [ 72.9708926, 19.2198546 ], [ 72.9709386, 19.2198521 ], [ 72.9709628, 19.2198411 ], [ 72.9710084, 19.2197588 ], [ 72.9710146, 19.2197331 ], [ 72.9710055, 19.219706 ], [ 72.9709939, 19.2196807 ], [ 72.9708466, 19.2195933 ], [ 72.9708392, 19.2195831 ], [ 72.9707886, 19.2193003 ], [ 72.9708485, 19.2192252 ], [ 72.970847, 19.2192056 ], [ 72.9708443, 19.2191894 ], [ 72.970831, 19.2191736 ], [ 72.9707371, 19.2191211 ], [ 72.9707034, 19.2191156 ], [ 72.9706788, 19.2191175 ], [ 72.9706628, 19.2191262 ], [ 72.9705745, 19.2192264 ], [ 72.9705591, 19.2192551 ], [ 72.9705493, 19.2192915 ], [ 72.9705557, 19.2193369 ], [ 72.9706876, 19.2198012 ] ] } },
{ "type": "Feature", "properties": { "name": "Ashar Residency Road", "highway": "residential", "slope_pct": 0.6 }, "geometry": { "type": "LineString", "coordinates": [ [ 72.9705804, 19.2202355 ], [ 72.9706769, 19.2201954 ], [ 72.9708033, 19.2201735 ], [ 72.9708896, 19.2201311 ], [ 72.971355, 19.2198621 ] ] } },
{ "type": "Feature", "properties": { "name": "Arterial Link", "highway": "secondary_link", "slope_pct": 0.6 }, "geometry": { "type": "LineString", "coordinates": [ [ 72.9678078, 19.2190023 ], [ 72.9678299, 19.2190765 ] ] } },
{ "type": "Feature", "properties": { "name": "Arterial Link", "highway": "residential", "slope_pct": 0.6 }, "geometry": { "type": "LineString", "coordinates": [ [ 72.9699321, 19.2242043 ], [ 72.9700441, 19.2242024 ], [ 72.9701561, 19.2242005 ], [ 72.9702513, 19.2242005 ], [ 72.9705825, 19.2241558 ], [ 72.9706965, 19.2241404 ], [ 72.9711417, 19.2240803 ] ] } },
{ "type": "Feature", "properties": { "name": "Arterial Link", "highway": "residential", "slope_pct": 0.6 }, "geometry": { "type": "LineString", "coordinates": [ [ 72.9679184, 19.2237088 ], [ 72.9679808, 19.2235011 ], [ 72.967991, 19.2233288 ] ] } },
{ "type": "Feature", "properties": { "name": "Arterial Link", "highway": "residential", "slope_pct": 0.6 }, "geometry": { "type": "LineString", "coordinates": [ [ 72.9679497, 19.2233282 ], [ 72.967958, 19.2229583 ] ] } },
{ "type": "Feature", "properties": { "name": "Arterial Link", "highway": "residential", "slope_pct": 0.6 }, "geometry": { "type": "LineString", "coordinates": [ [ 72.9681767, 19.2233313 ], [ 72.9681804, 19.2229678 ] ] } },
{ "type": "Feature", "properties": { "name": "Arterial Link", "highway": "residential", "slope_pct": 0.6 }, "geometry": { "type": "LineString", "coordinates": [ [ 72.9678574, 19.2242603 ], [ 72.9678714, 19.2242295 ], [ 72.9678764, 19.2241332 ], [ 72.967896, 19.2240906 ], [ 72.96798, 19.2238879 ], [ 72.9680404, 19.2237129 ], [ 72.968101, 19.2235662 ] ] } },
{ "type": "Feature", "properties": { "name": "Arterial Link", "highway": "residential", "slope_pct": 0.6 }, "geometry": { "type": "LineString", "coordinates": [ [ 72.9685749, 19.2241694 ], [ 72.9688012, 19.2241778 ], [ 72.9688462, 19.2243276 ], [ 72.9688698, 19.2244304 ], [ 72.9688686, 19.2244795 ], [ 72.9688627, 19.2247166 ], [ 72.968531, 19.2247078 ] ] } },
{ "type": "Feature", "properties": { "name": "Arterial Link", "highway": "residential", "slope_pct": 0.6 }, "geometry": { "type": "LineString", "coordinates": [ [ 72.968551, 19.2244655 ], [ 72.9688686, 19.2244795 ] ] } },
{ "type": "Feature", "properties": { "name": "Arterial Link", "highway": "residential", "slope_pct": 0.6 }, "geometry": { "type": "LineString", "coordinates": [ [ 72.9686018, 19.2238378 ], [ 72.9690569, 19.223838 ] ] } },
{ "type": "Feature", "properties": { "name": "Arterial Link", "highway": "residential", "slope_pct": 0.6 }, "geometry": { "type": "LineString", "coordinates": [ [ 72.972109, 19.2225312 ], [ 72.9721129, 19.2225703 ], [ 72.9721616, 19.2230476 ], [ 72.9721965, 19.2234545 ], [ 72.9722218, 19.2237398 ], [ 72.9722406, 19.2239686 ], [ 72.9722545, 19.223988 ], [ 72.9722736, 19.2239953 ], [ 72.9725285, 19.2239644 ], [ 72.9728958, 19.2239199 ], [ 72.9728608, 19.2235925 ], [ 72.9727236, 19.2235894 ], [ 72.9726932, 19.2235732 ], [ 72.9726746, 19.2235433 ], [ 72.972648, 19.2232773 ], [ 72.9725726, 19.2232843 ], [ 72.9725521, 19.2232721 ], [ 72.972545, 19.223244 ], [ 72.9725297, 19.2230354 ], [ 72.9724046, 19.2230395 ], [ 72.9721616, 19.2230476 ] ] } },
{ "type": "Feature", "properties": { "name": "Arterial Link", "highway": "secondary", "slope_pct": 0.6 }, "geometry": { "type": "LineString", "coordinates": [ [ 72.9699683, 19.2227042 ], [ 72.96999, 19.2226944 ], [ 72.9700097, 19.2226813 ], [ 72.9700267, 19.2226653 ], [ 72.9700406, 19.2226468 ], [ 72.9700518, 19.2226243 ], [ 72.9700584, 19.2226003 ], [ 72.9700603, 19.2225742 ], [ 72.9700561, 19.2225461 ], [ 72.9700452, 19.2225182 ], [ 72.970028, 19.2224934 ], [ 72.9700055, 19.2224726 ], [ 72.9699787, 19.2224571 ] ] } },
{ "type": "Feature", "properties": { "name": "Tulsidham Road", "highway": "tertiary", "slope_pct": 0.6 }, "geometry": { "type": "LineString", "coordinates": [ [ 72.9719087, 19.2225429 ], [ 72.9719622, 19.2225399 ], [ 72.972109, 19.2225312 ], [ 72.9727013, 19.2224961 ], [ 72.9733641, 19.2224567 ], [ 72.9734952, 19.2224492 ], [ 72.9735828, 19.2233148 ] ] } },
{ "type": "Feature", "properties": { "name": "Ashar Residency Road", "highway": "residential", "slope_pct": 0.6 }, "geometry": { "type": "LineString", "coordinates": [ [ 72.9702091, 19.2203696 ], [ 72.9704167, 19.2203082 ] ] } },
{ "type": "Feature", "properties": { "name": "Arterial Link", "highway": "residential", "slope_pct": 0.6 }, "geometry": { "type": "LineString", "coordinates": [ [ 72.9709812, 19.2227063 ], [ 72.9709776, 19.2231285 ], [ 72.9709908, 19.2231507 ], [ 72.9710138, 19.2231632 ], [ 72.9713222, 19.2231557 ], [ 72.9713453, 19.2231451 ], [ 72.9713558, 19.2231288 ], [ 72.9713393, 19.2227107 ] ] } },
{ "type": "Feature", "properties": { "name": "Arterial Link", "highway": "residential", "slope_pct": 0.6 }, "geometry": { "type": "LineString", "coordinates": [ [ 72.970599, 19.2217927 ], [ 72.9705919, 19.2218116 ], [ 72.9705753, 19.2218187 ], [ 72.9702924, 19.2218122 ], [ 72.9703507, 19.2215244 ], [ 72.9703868, 19.2214957 ], [ 72.9704557, 19.2214812 ], [ 72.9704708, 19.2213544 ], [ 72.9704875, 19.221323 ], [ 72.9705156, 19.2213145 ], [ 72.9706164, 19.2213067 ], [ 72.9706295, 19.2211575 ], [ 72.9706543, 19.2211316 ], [ 72.97113, 19.2211234 ] ] } },
{ "type": "Feature", "properties": { "name": "Arterial Link", "highway": "residential", "slope_pct": 0.6 }, "geometry": { "type": "LineString", "coordinates": [ [ 72.9702924, 19.2218122 ], [ 72.9702433, 19.2218024 ], [ 72.9702081, 19.2217947 ], [ 72.9701749, 19.2217875 ], [ 72.969987, 19.2217466 ] ] } },
{ "type": "Feature", "properties": { "name": "Arterial Link", "highway": "residential", "slope_pct": 0.6 }, "geometry": { "type": "LineString", "coordinates": [ [ 72.9728418, 19.2228545 ], [ 72.9729532, 19.2232367 ], [ 72.9730625, 19.2235695 ], [ 72.9730796, 19.2236217 ], [ 72.9731519, 19.2238418 ], [ 72.9731433, 19.2238689 ], [ 72.9731233, 19.2238847 ], [ 72.9728958, 19.2239199 ] ] } },
{ "type": "Feature", "properties": { "name": "Arterial Link", "highway": "residential", "slope_pct": 0.6 }, "geometry": { "type": "LineString", "coordinates": [ [ 72.972648, 19.2232773 ], [ 72.9729532, 19.2232367 ] ] } },
{ "type": "Feature", "properties": { "name": "Arterial Link", "highway": "residential", "slope_pct": 0.6 }, "geometry": { "type": "LineString", "coordinates": [ [ 72.9728608, 19.2235925 ], [ 72.9730625, 19.2235695 ] ] } },
{ "type": "Feature", "properties": { "name": "Arterial Link", "highway": "residential", "slope_pct": 0.6 }, "geometry": { "type": "LineString", "coordinates": [ [ 72.9721965, 19.2234545 ], [ 72.972419, 19.2234349 ], [ 72.9724509, 19.2234424 ], [ 72.9724669, 19.2234751 ], [ 72.9724978, 19.2237163 ], [ 72.9722218, 19.2237398 ] ] } },
{ "type": "Feature", "properties": { "name": "Arterial Link", "highway": "residential", "slope_pct": 0.6 }, "geometry": { "type": "LineString", "coordinates": [ [ 72.970347, 19.2225688 ], [ 72.9703505, 19.2225155 ], [ 72.9703515, 19.2224701 ], [ 72.9703361, 19.2224493 ], [ 72.9703294, 19.2224359 ], [ 72.9703207, 19.2222691 ], [ 72.9702334, 19.2222632 ], [ 72.9702112, 19.2222544 ], [ 72.970198, 19.2222385 ], [ 72.9701917, 19.2221843 ], [ 72.9702022, 19.2220905 ], [ 72.9702136, 19.2219951 ], [ 72.9702168, 19.221972 ], [ 72.9702433, 19.2218024 ] ] } },
{ "type": "Feature", "properties": { "name": "Ashar Residency Road", "highway": "residential", "slope_pct": 0.6 }, "geometry": { "type": "LineString", "coordinates": [ [ 72.9708033, 19.2201735 ], [ 72.9708531, 19.2202642 ], [ 72.9709083, 19.2203107 ], [ 72.9709943, 19.220336 ], [ 72.9710539, 19.2203434 ], [ 72.9710993, 19.2203387 ], [ 72.9714367, 19.2201124 ], [ 72.9714472, 19.2200922 ], [ 72.9714577, 19.2200643 ], [ 72.9714559, 19.2200159 ], [ 72.9714507, 19.2199847 ], [ 72.9714419, 19.2199494 ], [ 72.9713942, 19.2198679 ], [ 72.9713839, 19.2198555 ], [ 72.9713715, 19.2198535 ], [ 72.971355, 19.2198621 ] ] } },
{ "type": "Feature", "properties": { "name": "Arterial Link", "highway": "residential", "slope_pct": 0.6 }, "geometry": { "type": "LineString", "coordinates": [ [ 72.9742965, 19.2229964 ], [ 72.9742836, 19.2228485 ], [ 72.9742764, 19.2227651 ], [ 72.9742644, 19.2226962 ], [ 72.9742107, 19.2226567 ], [ 72.9741082, 19.222647 ], [ 72.9741045, 19.2226086 ], [ 72.974086, 19.2225806 ], [ 72.9738543, 19.222583 ], [ 72.9738284, 19.2226051 ], [ 72.9738321, 19.2227459 ], [ 72.9738519, 19.2227878 ], [ 72.9739431, 19.2227948 ], [ 72.9739652, 19.222825 ], [ 72.9739788, 19.2229018 ], [ 72.9739973, 19.222924 ], [ 72.9742204, 19.2229042 ], [ 72.9742413, 19.2228855 ], [ 72.9742339, 19.2227087 ], [ 72.9741957, 19.2226819 ], [ 72.9741181, 19.2226743 ], [ 72.9741082, 19.222647 ] ] } },
{ "type": "Feature", "properties": { "name": "Arterial Link", "highway": "residential", "slope_pct": 0.6 }, "geometry": { "type": "LineString", "coordinates": [ [ 72.9725297, 19.2230354 ], [ 72.972536, 19.2229259 ], [ 72.9725474, 19.2228791 ], [ 72.9725856, 19.2228596 ], [ 72.9727912, 19.2228503 ], [ 72.9728418, 19.2228545 ] ] } },
{ "type": "Feature", "properties": { "name": "Royale Street", "highway": "residential", "slope_pct": 0.6 }, "geometry": { "type": "LineString", "coordinates": [ [ 72.9709083, 19.2203107 ], [ 72.9708568, 19.2203525 ], [ 72.97062, 19.2203662 ], [ 72.9705975, 19.2203718 ], [ 72.9705869, 19.2203841 ], [ 72.9705952, 19.2206392 ], [ 72.9706059, 19.2206582 ], [ 72.970639, 19.220666 ], [ 72.9709054, 19.2206426 ], [ 72.9709275, 19.2206282 ], [ 72.9709427, 19.2206009 ], [ 72.9709233, 19.220438 ], [ 72.9709123, 19.2203937 ], [ 72.9708985, 19.2203729 ], [ 72.9708568, 19.2203525 ] ] } },
{ "type": "Feature", "properties": { "name": "Ashar Residency Road", "highway": "residential", "slope_pct": 0.6 }, "geometry": { "type": "LineString", "coordinates": [ [ 72.9704167, 19.2203082 ], [ 72.9704791, 19.2202769 ] ] } },
{ "type": "Feature", "properties": { "name": "Ashar Residency Road", "highway": "residential", "slope_pct": 0.6 }, "geometry": { "type": "LineString", "coordinates": [ [ 72.9704791, 19.2202769 ], [ 72.9705086, 19.220263 ], [ 72.9705631, 19.2202415 ] ] } },
{ "type": "Feature", "properties": { "name": "Ashar Residency Road", "highway": "residential", "slope_pct": 0.6 }, "geometry": { "type": "LineString", "coordinates": [ [ 72.9705631, 19.2202415 ], [ 72.9705804, 19.2202355 ] ] } },
{ "type": "Feature", "properties": { "name": "Arterial Link", "highway": "secondary", "slope_pct": 0.6 }, "geometry": { "type": "LineString", "coordinates": [ [ 72.9698489, 19.2226959 ], [ 72.9698873, 19.2227097 ], [ 72.9699282, 19.2227125 ], [ 72.9699683, 19.2227042 ] ] } },
{ "type": "Feature", "properties": { "name": "Arterial Link", "highway": "secondary", "slope_pct": 0.6 }, "geometry": { "type": "LineString", "coordinates": [ [ 72.9698311, 19.2224724 ], [ 72.9698111, 19.2224902 ], [ 72.9697951, 19.2225112 ], [ 72.9697837, 19.2225348 ], [ 72.9697773, 19.22256 ], [ 72.9697761, 19.2225859 ], [ 72.9697805, 19.2226126 ], [ 72.9697905, 19.2226379 ], [ 72.9698057, 19.2226608 ], [ 72.9698254, 19.2226804 ], [ 72.9698489, 19.2226959 ] ] } },
{ "type": "Feature", "properties": { "name": "Arterial Link", "highway": "secondary", "slope_pct": 0.6 }, "geometry": { "type": "LineString", "coordinates": [ [ 72.9699787, 19.2224571 ], [ 72.9699492, 19.2224476 ], [ 72.9699182, 19.2224443 ], [ 72.9698872, 19.2224475 ], [ 72.9698577, 19.222457 ], [ 72.9698311, 19.2224724 ] ] } },
{ "type": "Feature", "properties": { "name": "Arterial Link", "highway": "residential", "slope_pct": 0.6 }, "geometry": { "type": "LineString", "coordinates": [ [ 72.9709825, 19.2226156 ], [ 72.9709812, 19.2227063 ] ] } },
{ "type": "Feature", "properties": { "name": "Arterial Link", "highway": "residential", "slope_pct": 0.6 }, "geometry": { "type": "LineString", "coordinates": [ [ 72.9713393, 19.2227107 ], [ 72.9713319, 19.2226041 ] ] } },
{ "type": "Feature", "properties": { "name": "Arterial Link", "highway": "residential", "slope_pct": 0.6 }, "geometry": { "type": "LineString", "coordinates": [ [ 72.9725285, 19.2239644 ], [ 72.9724978, 19.2237163 ] ] } },
{ "type": "Feature", "properties": { "name": "Arterial Link", "highway": "residential", "slope_pct": 0.6 }, "geometry": { "type": "LineString", "coordinates": [ [ 72.9706965, 19.2241404 ], [ 72.9706801, 19.2240544 ], [ 72.9706451, 19.2238709 ], [ 72.9710713, 19.2238079 ] ] } },
{ "type": "Feature", "properties": { "name": "Arterial Link", "highway": "residential", "slope_pct": 0.6 }, "geometry": { "type": "LineString", "coordinates": [ [ 72.9705825, 19.2241558 ], [ 72.9705379, 19.2238897 ] ] } },
{ "type": "Feature", "properties": { "name": "Pokhran Road 2", "highway": "secondary", "slope_pct": 0.6 }, "geometry": { "type": "LineString", "coordinates": [ [ 72.9697334, 19.218489 ], [ 72.9698153, 19.2184652 ] ] } },
{ "type": "Feature", "properties": { "name": "Arterial Link", "highway": "residential", "slope_pct": 0.6 }, "geometry": { "type": "LineString", "coordinates": [ [ 72.9699389, 19.2239285 ], [ 72.9700533, 19.2239154 ], [ 72.9701677, 19.2239024 ], [ 72.9705146, 19.2238633 ], [ 72.9705379, 19.2238897 ] ] } },
{ "type": "Feature", "properties": { "name": "Tulsidham Nalpada Road", "highway": "residential", "slope_pct": 0.6 }, "geometry": { "type": "LineString", "coordinates": [ [ 72.9731177, 19.2187714 ], [ 72.9731075, 19.2187011 ] ] } },
{ "type": "Feature", "properties": { "name": "Arterial Link", "highway": "residential", "slope_pct": 0.6 }, "geometry": { "type": "LineString", "coordinates": [ [ 72.9731441, 19.219127 ], [ 72.9729836, 19.2191749 ], [ 72.9728808, 19.2192056 ], [ 72.9725621, 19.2192715 ] ] } },
{ "type": "Feature", "properties": { "name": "Arterial Link", "highway": "residential", "slope_pct": 0.6 }, "geometry": { "type": "LineString", "coordinates": [ [ 72.9729829, 19.2247168 ], [ 72.972977, 19.2246594 ], [ 72.9729598, 19.2244917 ], [ 72.9729409, 19.2243077 ], [ 72.9729231, 19.2241346 ] ] } },
{ "type": "Feature", "properties": { "name": "Arterial Link", "highway": "residential", "slope_pct": 0.6 }, "geometry": { "type": "LineString", "coordinates": [ [ 72.9729598, 19.2244917 ], [ 72.9733272, 19.2244604 ], [ 72.9733438, 19.2244743 ], [ 72.9733659, 19.2246251 ], [ 72.972977, 19.2246594 ] ] } },
{ "type": "Feature", "properties": { "name": "Arterial Link", "highway": "residential", "slope_pct": 0.6 }, "geometry": { "type": "LineString", "coordinates": [ [ 72.9733659, 19.2246251 ], [ 72.9733881, 19.2247087 ] ] } },
{ "type": "Feature", "properties": { "name": "Arterial Link", "highway": "residential", "slope_pct": 0.6 }, "geometry": { "type": "LineString", "coordinates": [ [ 72.9729409, 19.2243077 ], [ 72.9732696, 19.2242809 ] ] } },
{ "type": "Feature", "properties": { "name": "Arterial Link", "highway": "residential", "slope_pct": 0.6 }, "geometry": { "type": "LineString", "coordinates": [ [ 72.9729231, 19.2241346 ], [ 72.9732211, 19.2241041 ], [ 72.973234, 19.2240884 ], [ 72.9732137, 19.2239638 ], [ 72.9731925, 19.223949 ], [ 72.9729028, 19.2239778 ] ] } },
{ "type": "Feature", "properties": { "name": "Arterial Link", "highway": "residential", "slope_pct": 0.6 }, "geometry": { "type": "LineString", "coordinates": [ [ 72.9717019, 19.2242021 ], [ 72.9718115, 19.22419 ], [ 72.9719846, 19.2241707 ] ] } },
{ "type": "Feature", "properties": { "name": "Arterial Link", "highway": "residential", "slope_pct": 0.6 }, "geometry": { "type": "LineString", "coordinates": [ [ 72.9718115, 19.22419 ], [ 72.9719126, 19.2247808 ], [ 72.9719309, 19.2247919 ], [ 72.9720655, 19.224776 ], [ 72.9720874, 19.2247587 ], [ 72.9720954, 19.2247415 ], [ 72.9720209, 19.2242216 ], [ 72.9720113, 19.2242002 ], [ 72.9719846, 19.2241707 ] ] } },
{ "type": "Feature", "properties": { "name": "Arterial Link", "highway": "residential", "slope_pct": 0.6 }, "geometry": { "type": "LineString", "coordinates": [ [ 72.9721762, 19.2245506 ], [ 72.9722731, 19.2245433 ], [ 72.9729598, 19.2244917 ] ] } },
{ "type": "Feature", "properties": { "name": "Arterial Link", "highway": "residential", "slope_pct": 0.6 }, "geometry": { "type": "LineString", "coordinates": [ [ 72.9721634, 19.2243735 ], [ 72.9722543, 19.2243671 ], [ 72.9729409, 19.2243077 ] ] } },
{ "type": "Feature", "properties": { "name": "Arterial Link", "highway": "residential", "slope_pct": 0.6 }, "geometry": { "type": "LineString", "coordinates": [ [ 72.9722312, 19.224203 ], [ 72.9729231, 19.2241346 ] ] } },
{ "type": "Feature", "properties": { "name": "Arterial Link", "highway": "residential", "slope_pct": 0.6 }, "geometry": { "type": "LineString", "coordinates": [ [ 72.972977, 19.2246594 ], [ 72.9723228, 19.2247208 ], [ 72.972296, 19.2247105 ], [ 72.9722811, 19.2246627 ], [ 72.9722731, 19.2245433 ], [ 72.9722543, 19.2243671 ], [ 72.9722312, 19.224203 ] ] } },
{ "type": "Feature", "properties": { "name": "Arterial Link", "highway": "residential", "slope_pct": 0.6 }, "geometry": { "type": "LineString", "coordinates": [ [ 72.9722122, 19.2240466 ], [ 72.9722261, 19.2240293 ], [ 72.9722392, 19.2240281 ], [ 72.9725532, 19.2239964 ] ] } },
{ "type": "Feature", "properties": { "name": "Arterial Link", "highway": "residential", "slope_pct": 0.6 }, "geometry": { "type": "LineString", "coordinates": [ [ 72.9722312, 19.224203 ], [ 72.9722103, 19.2240663 ], [ 72.9722122, 19.2240466 ] ] } },
{ "type": "Feature", "properties": { "name": "Arterial Link", "highway": "residential", "slope_pct": 0.6 }, "geometry": { "type": "LineString", "coordinates": [ [ 72.9738828, 19.2218821 ], [ 72.9738736, 19.2216379 ], [ 72.9738543, 19.2216223 ], [ 72.9737439, 19.2216257 ], [ 72.9737265, 19.2216136 ], [ 72.97372, 19.2214694 ], [ 72.9737025, 19.2214529 ], [ 72.9735563, 19.2214651 ], [ 72.9735333, 19.2214894 ], [ 72.973548, 19.2217386 ], [ 72.9735609, 19.2217525 ], [ 72.973674, 19.2217491 ], [ 72.9736998, 19.2217569 ], [ 72.973711, 19.2218884 ] ] } },
{ "type": "Feature", "properties": { "name": "Arterial Link", "highway": "residential", "slope_pct": 0.6 }, "geometry": { "type": "LineString", "coordinates": [ [ 72.9691129, 19.2225674 ], [ 72.9691123, 19.2226431 ], [ 72.9691121, 19.2226639 ], [ 72.9691108, 19.222828 ], [ 72.9691319, 19.2228612 ], [ 72.9694743, 19.2228687 ], [ 72.9694954, 19.222846 ], [ 72.9695004, 19.2227085 ], [ 72.9694773, 19.2226715 ], [ 72.9691121, 19.2226639 ] ] } },
{ "type": "Feature", "properties": { "name": "Arterial Link", "highway": "residential", "slope_pct": 0.6 }, "geometry": { "type": "LineString", "coordinates": [ [ 72.9702168, 19.221972 ], [ 72.9704263, 19.2219826 ], [ 72.9704496, 19.2219887 ], [ 72.9704592, 19.2220106 ], [ 72.9704574, 19.2221845 ], [ 72.970472, 19.2222015 ], [ 72.9704899, 19.2222137 ], [ 72.9705638, 19.2222149 ], [ 72.9705838, 19.2222257 ], [ 72.9705903, 19.2222494 ], [ 72.9705883, 19.2224396 ], [ 72.9705755, 19.2224602 ], [ 72.9705554, 19.2224708 ], [ 72.9703515, 19.2224701 ] ] } },
{ "type": "Feature", "properties": { "name": "Arterial Link", "highway": "residential", "slope_pct": 0.6 }, "geometry": { "type": "LineString", "coordinates": [ [ 72.9706164, 19.2213067 ], [ 72.9707194, 19.2213095 ] ] } },
{ "type": "Feature", "properties": { "name": "Arterial Link", "highway": "residential", "slope_pct": 0.6 }, "geometry": { "type": "LineString", "coordinates": [ [ 72.9711505, 19.2217644 ], [ 72.9709133, 19.2217678 ], [ 72.9709056, 19.2217563 ], [ 72.9709023, 19.2217406 ], [ 72.9709023, 19.2213191 ], [ 72.9708858, 19.221309 ], [ 72.9707194, 19.2213095 ], [ 72.9707156, 19.2215719 ], [ 72.9707057, 19.2215922 ], [ 72.9706301, 19.2216003 ], [ 72.9706121, 19.2216194 ], [ 72.970599, 19.2217927 ] ] } },
{ "type": "Feature", "properties": { "name": "Arterial Link", "highway": "residential", "slope_pct": 0.6 }, "geometry": { "type": "LineString", "coordinates": [ [ 72.9705753, 19.2218187 ], [ 72.9705716, 19.2219786 ], [ 72.970577, 19.2220032 ], [ 72.9705937, 19.2220175 ], [ 72.970659, 19.2220167 ], [ 72.9708588, 19.2220142 ], [ 72.9708806, 19.2220096 ], [ 72.9708975, 19.2219844 ], [ 72.9709133, 19.2217678 ] ] } },
{ "type": "Feature", "properties": { "name": "Arterial Link", "highway": "residential", "slope_pct": 0.6 }, "geometry": { "type": "LineString", "coordinates": [ [ 72.9711703, 19.2224603 ], [ 72.9708664, 19.2224644 ], [ 72.970847, 19.2224588 ], [ 72.9708387, 19.2224426 ], [ 72.9708428, 19.2222929 ], [ 72.9708526, 19.2222806 ], [ 72.970869, 19.2222756 ], [ 72.9711684, 19.2222732 ] ] } },
{ "type": "Feature", "properties": { "name": "Arterial Link", "highway": "residential", "slope_pct": 0.6 }, "geometry": { "type": "LineString", "coordinates": [ [ 72.9711618, 19.2221185 ], [ 72.9712126, 19.2221195 ], [ 72.9714054, 19.2221234 ], [ 72.9714155, 19.2221358 ], [ 72.9714175, 19.2221507 ], [ 72.9714193, 19.2224065 ], [ 72.9714149, 19.2224172 ], [ 72.9713968, 19.2224296 ], [ 72.9712308, 19.2224374 ], [ 72.9712192, 19.2224299 ], [ 72.9712141, 19.2224129 ], [ 72.9712126, 19.2221195 ] ] } },
{ "type": "Feature", "properties": { "name": "Arterial Link", "highway": "residential", "slope_pct": 0.6 }, "geometry": { "type": "LineString", "coordinates": [ [ 72.9711421, 19.2215009 ], [ 72.9711894, 19.2215019 ], [ 72.9713569, 19.2215057 ], [ 72.971375, 19.2215228 ], [ 72.9713777, 19.2215393 ], [ 72.9713804, 19.2219592 ], [ 72.9713738, 19.2219786 ], [ 72.9713593, 19.2219925 ], [ 72.9712094, 19.2219902 ], [ 72.9711959, 19.2219817 ], [ 72.9711903, 19.2219662 ], [ 72.9711894, 19.2215019 ] ] } },
{ "type": "Feature", "properties": { "name": "Arterial Link", "highway": "residential", "slope_pct": 0.6 }, "geometry": { "type": "LineString", "coordinates": [ [ 72.9711755, 19.2225484 ], [ 72.9711768, 19.2226092 ] ] } },
{ "type": "Feature", "properties": { "name": "Arterial Link", "highway": "residential", "slope_pct": 0.6 }, "geometry": { "type": "LineString", "coordinates": [ [ 72.9699246, 19.2243637 ], [ 72.9700332, 19.2243586 ], [ 72.9700837, 19.2243535 ], [ 72.9701146, 19.2243492 ] ] } },
{ "type": "Feature", "properties": { "name": "Palm Street", "highway": "residential", "slope_pct": 0.6 }, "geometry": { "type": "LineString", "coordinates": [ [ 72.9755626, 19.2227211 ], [ 72.975548, 19.2225261 ], [ 72.9755199, 19.2221878 ], [ 72.9754842, 19.2219683 ], [ 72.9754156, 19.2217431 ], [ 72.9751028, 19.2210817 ], [ 72.9750647, 19.221029 ], [ 72.97496, 19.2208681 ], [ 72.9748981, 19.2207563 ], [ 72.9748662, 19.2205838 ], [ 72.9748052, 19.2204351 ], [ 72.9747258, 19.2198876 ], [ 72.9747603, 19.2198353 ], [ 72.9749081, 19.2197789 ], [ 72.9749231, 19.2196514 ], [ 72.975767, 19.219689 ], [ 72.9758022, 19.2196612 ], [ 72.9758136, 19.2194027 ], [ 72.9757556, 19.2193195 ] ] } },
{ "type": "Feature", "properties": { "name": "Arterial Link", "highway": "residential", "slope_pct": 0.6 }, "geometry": { "type": "LineString", "coordinates": [ [ 72.97496, 19.2208681 ], [ 72.9749417, 19.2207505 ], [ 72.9749569, 19.2206652 ], [ 72.9749942, 19.2206111 ], [ 72.9751136, 19.2205953 ], [ 72.9752382, 19.2205468 ], [ 72.9753525, 19.2204474 ], [ 72.9759564, 19.2201872 ], [ 72.9759908, 19.2201932 ], [ 72.976112, 19.2204278 ], [ 72.9761028, 19.2204669 ], [ 72.9750647, 19.221029 ] ] } },
{ "type": "Feature", "properties": { "name": "Arterial Link", "highway": "residential", "slope_pct": 0.6 }, "geometry": { "type": "LineString", "coordinates": [ [ 72.9749231, 19.2196514 ], [ 72.9749482, 19.2193338 ], [ 72.9749897, 19.2192822 ], [ 72.9752598, 19.2192954 ], [ 72.975661, 19.2193149 ], [ 72.9757556, 19.2193195 ] ] } },
{ "type": "Feature", "properties": { "name": "Arterial Link", "highway": "residential", "slope_pct": 0.6 }, "geometry": { "type": "LineString", "coordinates": [ [ 72.9747057, 19.2248661 ], [ 72.9747083, 19.2248094 ], [ 72.9747443, 19.2244959 ], [ 72.9747739, 19.2244624 ], [ 72.9748817, 19.2244437 ], [ 72.9753116, 19.2243688 ], [ 72.9753295, 19.2243442 ], [ 72.9753054, 19.224198 ], [ 72.975285, 19.2241863 ], [ 72.9748769, 19.2242532 ], [ 72.9748514, 19.2242725 ], [ 72.9748817, 19.2244437 ] ] } },
{ "type": "Feature", "properties": { "name": "Arterial Link", "highway": "residential", "slope_pct": 0.6 }, "geometry": { "type": "LineString", "coordinates": [ [ 72.9748662, 19.2205838 ], [ 72.9749258, 19.2205687 ], [ 72.9749846, 19.2205536 ], [ 72.9751845, 19.2205158 ], [ 72.9752159, 19.2204935 ], [ 72.9752201, 19.2204547 ], [ 72.9751542, 19.2202863 ], [ 72.9750301, 19.2198116 ], [ 72.9750054, 19.2197967 ], [ 72.9749081, 19.2197789 ] ] } },
{ "type": "Feature", "properties": { "name": "Arterial Link", "highway": "residential", "slope_pct": 0.6 }, "geometry": { "type": "LineString", "coordinates": [ [ 72.9752598, 19.2192954 ], [ 72.9753003, 19.2193508 ], [ 72.9753365, 19.219371 ], [ 72.9755571, 19.2193863 ], [ 72.9755896, 19.2193745 ], [ 72.975661, 19.2193149 ] ] } },
{ "type": "Feature", "properties": { "name": "Arterial Link", "highway": "residential", "slope_pct": 0.6 }, "geometry": { "type": "LineString", "coordinates": [ [ 72.9757397, 19.2226147 ], [ 72.9757223, 19.2225466 ], [ 72.9756878, 19.222317 ], [ 72.9756833, 19.2221781 ], [ 72.9756788, 19.221991 ], [ 72.9756848, 19.2218988 ], [ 72.9757433, 19.2217769 ], [ 72.9758469, 19.2217231 ], [ 72.9759055, 19.2216536 ], [ 72.975928, 19.221553 ], [ 72.9759685, 19.2214268 ] ] } },
{ "type": "Feature", "properties": { "name": "Arterial Link", "highway": "residential", "slope_pct": 0.6 }, "geometry": { "type": "LineString", "coordinates": [ [ 72.9744597, 19.2224548 ], [ 72.9744713, 19.2225654 ], [ 72.974484, 19.222576 ], [ 72.9745693, 19.222571 ], [ 72.9745835, 19.2225562 ], [ 72.9745731, 19.2224422 ] ] } },
{ "type": "Feature", "properties": { "name": "Tulsidham Road", "highway": "tertiary", "slope_pct": 0.6 }, "geometry": { "type": "LineString", "coordinates": [ [ 72.9735828, 19.2233148 ], [ 72.973892, 19.2231657 ], [ 72.9741111, 19.2230658 ], [ 72.9742965, 19.2229964 ], [ 72.9743611, 19.2229789 ], [ 72.9749372, 19.2228607 ], [ 72.9754013, 19.2227791 ], [ 72.9755626, 19.2227211 ], [ 72.9757397, 19.2226147 ], [ 72.9757635, 19.2226004 ], [ 72.9759588, 19.2225359 ], [ 72.9761313, 19.222531 ], [ 72.9763736, 19.2225488 ], [ 72.9765838, 19.2225863 ], [ 72.9767268, 19.2226517 ], [ 72.9768364, 19.2227501 ], [ 72.9768804, 19.2227886 ], [ 72.976936, 19.2228151 ], [ 72.9772526, 19.222839 ], [ 72.9773465, 19.2228461 ] ] } },
{ "type": "Feature", "properties": { "name": "Upper Delta Avenue", "highway": "tertiary", "slope_pct": 0.6 }, "geometry": { "type": "LineString", "coordinates": [ [ 72.9741438, 19.2248156 ], [ 72.9741454, 19.2253881 ], [ 72.9740578, 19.2261867 ], [ 72.9740472, 19.2262784 ], [ 72.9739749, 19.2265645 ], [ 72.9739611, 19.2266189 ], [ 72.9738955, 19.2268787 ], [ 72.9738217, 19.2270995 ], [ 72.9738051, 19.2271493 ], [ 72.9734311, 19.2281323 ] ] } },
{ "type": "Feature", "properties": { "name": "Arterial Link", "highway": "residential", "slope_pct": 0.6 }, "geometry": { "type": "LineString", "coordinates": [ [ 72.973959, 19.2289412 ], [ 72.9738654, 19.2288842 ], [ 72.9737897, 19.2288573 ], [ 72.9737161, 19.2288233 ], [ 72.9736707, 19.228786 ], [ 72.9736876, 19.2286151 ], [ 72.9737397, 19.228593 ], [ 72.9738257, 19.2285945 ], [ 72.97393, 19.2286754 ], [ 72.9740538, 19.2286732 ], [ 72.9741834, 19.2285992 ], [ 72.9742784, 19.2286116 ], [ 72.97439, 19.228723 ], [ 72.9744315, 19.2287371 ], [ 72.9745271, 19.2286836 ], [ 72.9746113, 19.2286917 ], [ 72.9746873, 19.2287745 ], [ 72.9746608, 19.2290042 ], [ 72.9746197, 19.2290156 ], [ 72.973959, 19.2289412 ], [ 72.9738404, 19.2289395 ] ] } },
{ "type": "Feature", "properties": { "name": "Arterial Link", "highway": "residential", "slope_pct": 0.6 }, "geometry": { "type": "LineString", "coordinates": [ [ 72.9727511, 19.2247396 ], [ 72.9727887, 19.2250813 ], [ 72.9728221, 19.2253845 ], [ 72.972853, 19.2256652 ] ] } },
{ "type": "Feature", "properties": { "name": "Hyde Park Internal Road", "highway": "residential", "slope_pct": 0.6 }, "geometry": { "type": "LineString", "coordinates": [ [ 72.9740578, 19.2261867 ], [ 72.9741473, 19.2262043 ], [ 72.9746937, 19.2263121 ], [ 72.9747199, 19.2264824 ] ] } },
{ "type": "Feature", "properties": { "name": "Arterial Link", "highway": "residential", "slope_pct": 0.6 }, "geometry": { "type": "LineString", "coordinates": [ [ 72.9741206, 19.2270389 ], [ 72.9741486, 19.2270213 ], [ 72.9742729, 19.2269501 ], [ 72.9742901, 19.2269401 ], [ 72.9744687, 19.2268391 ], [ 72.9745368, 19.2268089 ], [ 72.9746138, 19.2267513 ], [ 72.9756172, 19.2268906 ] ] } },
{ "type": "Feature", "properties": { "name": "Arterial Link", "highway": "residential", "slope_pct": 0.6 }, "geometry": { "type": "LineString", "coordinates": [ [ 72.9759891, 19.2188138 ], [ 72.9758088, 19.218873 ], [ 72.9757195, 19.2189195 ], [ 72.9755991, 19.2189624 ], [ 72.9754899, 19.2189727 ], [ 72.9754073, 19.2189593 ], [ 72.9753088, 19.2189528 ], [ 72.9751598, 19.218892 ], [ 72.975126, 19.2188833 ], [ 72.974901, 19.218822 ], [ 72.9748041, 19.2188151 ], [ 72.9747162, 19.2188088 ], [ 72.9745574, 19.218818 ], [ 72.9743515, 19.2188375 ], [ 72.9742067, 19.2188488 ], [ 72.9741496, 19.218873 ], [ 72.9740867, 19.2189225 ] ] } },
{ "type": "Feature", "properties": { "name": "Arterial Link", "highway": "residential", "slope_pct": 0.6 }, "geometry": { "type": "LineString", "coordinates": [ [ 72.9734497, 19.221898 ], [ 72.9735361, 19.2218948 ], [ 72.973711, 19.2218884 ], [ 72.9738828, 19.2218821 ], [ 72.9740475, 19.2218761 ], [ 72.9742804, 19.221863 ], [ 72.9743099, 19.2218447 ], [ 72.974384, 19.2217557 ], [ 72.9744116, 19.2217383 ], [ 72.9744052, 19.2215333 ], [ 72.9743923, 19.2215229 ], [ 72.9742431, 19.2215296 ], [ 72.9742281, 19.221555 ], [ 72.9742304, 19.2216532 ], [ 72.9742115, 19.2216674 ], [ 72.9740712, 19.2216763 ], [ 72.9740412, 19.2216942 ], [ 72.9740475, 19.2218761 ] ] } },
{ "type": "Feature", "properties": { "name": "Glady's Alwares Avenue", "highway": "secondary", "slope_pct": 0.6 }, "geometry": { "type": "LineString", "coordinates": [ [ 72.9696661, 19.2283579 ], [ 72.9697017, 19.2285254 ], [ 72.9697114, 19.228571 ], [ 72.970001, 19.2293923 ], [ 72.9700279, 19.2305447 ], [ 72.9700463, 19.2308749 ], [ 72.9700716, 19.2313268 ], [ 72.9700705, 19.2316504 ], [ 72.9700637, 19.2317154 ], [ 72.9700058, 19.2318717 ], [ 72.9699602, 19.2320633 ], [ 72.9699227, 19.2321577 ] ] } },
{ "type": "Feature", "properties": { "name": "Glady's Alwares Avenue", "highway": "secondary", "slope_pct": 0.6 }, "geometry": { "type": "LineString", "coordinates": [ [ 72.9697915, 19.2281727 ], [ 72.969825, 19.2280349 ], [ 72.9698405, 19.2279714 ], [ 72.9698627, 19.2278664 ], [ 72.9699175, 19.2276072 ], [ 72.9700183, 19.2271481 ], [ 72.9701262, 19.226653 ], [ 72.9701654, 19.2261883 ], [ 72.9701495, 19.2258662 ], [ 72.9701343, 19.2257553 ], [ 72.9700192, 19.2252224 ], [ 72.9699954, 19.2251239 ], [ 72.969935, 19.2248747 ], [ 72.9699088, 19.2247026 ], [ 72.9699246, 19.2243637 ], [ 72.9699321, 19.2242043 ], [ 72.9699389, 19.2239285 ], [ 72.9699639, 19.2229117 ], [ 72.9699683, 19.2227042 ] ] } },
{ "type": "Feature", "properties": { "name": "Glady's Alwares Avenue", "highway": "secondary", "slope_pct": 0.6 }, "geometry": { "type": "LineString", "coordinates": [ [ 72.9698489, 19.2226959 ], [ 72.9698342, 19.2233866 ], [ 72.969786, 19.2240644 ], [ 72.9697773, 19.2247588 ], [ 72.9697949, 19.2249036 ], [ 72.9698701, 19.2252579 ], [ 72.9699158, 19.2254884 ], [ 72.9699772, 19.2257939 ], [ 72.9699933, 19.2259388 ], [ 72.9700141, 19.2261257 ], [ 72.9700068, 19.2262693 ], [ 72.9700005, 19.2263539 ], [ 72.9699885, 19.2265354 ], [ 72.9699747, 19.2266883 ], [ 72.9697306, 19.2277889 ], [ 72.9696923, 19.2279421 ], [ 72.9696791, 19.2279996 ], [ 72.969666, 19.2280326 ], [ 72.9696402, 19.2281461 ] ] } },
{ "type": "Feature", "properties": { "name": "Arterial Link", "highway": "residential", "slope_pct": 0.6 }, "geometry": { "type": "LineString", "coordinates": [ [ 72.971866, 19.2253326 ], [ 72.9717019, 19.2242021 ], [ 72.9716972, 19.2241696 ], [ 72.9716087, 19.2235744 ], [ 72.9716112, 19.223518 ], [ 72.9716398, 19.2234658 ], [ 72.9720312, 19.2231666 ] ] } },
{ "type": "Feature", "properties": { "name": "Apricot Street", "highway": "residential", "slope_pct": 0.6 }, "geometry": { "type": "LineString", "coordinates": [ [ 72.9741438, 19.2248156 ], [ 72.9746513, 19.2248602 ], [ 72.9747057, 19.2248661 ], [ 72.9753675, 19.2249232 ], [ 72.977056, 19.2250717 ], [ 72.9772277, 19.2250868 ] ] } },
{ "type": "Feature", "properties": { "name": "Arterial Link", "highway": "residential", "slope_pct": 0.6 }, "geometry": { "type": "LineString", "coordinates": [ [ 72.9741454, 19.2253881 ], [ 72.9742087, 19.2253873 ], [ 72.9744812, 19.2253835 ], [ 72.9745692, 19.225298 ], [ 72.9745642, 19.2249705 ] ] } },
{ "type": "Feature", "properties": { "name": "Arterial Link", "highway": "residential", "slope_pct": 0.6 }, "geometry": { "type": "LineString", "coordinates": [ [ 72.9753675, 19.2249232 ], [ 72.9753616, 19.22501 ], [ 72.9753586, 19.2250672 ], [ 72.9753352, 19.225282 ], [ 72.975308, 19.2252973 ], [ 72.9751429, 19.2252766 ], [ 72.9747135, 19.2252172 ], [ 72.9746677, 19.2252063 ], [ 72.9746408, 19.2251667 ], [ 72.9746489, 19.2249339 ], [ 72.9746513, 19.2248602 ] ] } },
{ "type": "Feature", "properties": { "name": "Arterial Link", "highway": "residential", "slope_pct": 0.6 }, "geometry": { "type": "LineString", "coordinates": [ [ 72.9704425, 19.2312966 ], [ 72.9703906, 19.2314668 ], [ 72.9703809, 19.2316253 ], [ 72.9703848, 19.2316632 ], [ 72.9703951, 19.2316967 ], [ 72.9704106, 19.2317148 ], [ 72.970673, 19.2316863 ], [ 72.9707627, 19.2316473 ], [ 72.9708615, 19.2315886 ], [ 72.9708907, 19.2315684 ], [ 72.9709989, 19.2314994 ], [ 72.9710498, 19.2314516 ], [ 72.9710866, 19.231407 ], [ 72.9711144, 19.2313406 ] ] } },
{ "type": "Feature", "properties": { "name": "Glady's Alwares Avenue", "highway": "secondary", "slope_pct": 0.6 }, "geometry": { "type": "LineString", "coordinates": [ [ 72.9700012, 19.2321873 ], [ 72.9700864, 19.2321017 ], [ 72.9702021, 19.2319333 ], [ 72.9702101, 19.2313206 ], [ 72.9701887, 19.2306395 ] ] } },
{ "type": "Feature", "properties": { "name": "Arterial Link", "highway": "residential", "slope_pct": 0.6 }, "geometry": { "type": "LineString", "coordinates": [ [ 72.9744687, 19.2268391 ], [ 72.9743838, 19.2267774 ], [ 72.9744774, 19.2263243 ], [ 72.974176, 19.2263071 ], [ 72.9740711, 19.2267928 ], [ 72.9742188, 19.2268341 ], [ 72.9742901, 19.2269401 ], [ 72.9744999, 19.2272523 ], [ 72.9746558, 19.2274161 ], [ 72.9748499, 19.2273024 ], [ 72.9745368, 19.2268089 ] ] } },
{ "type": "Feature", "properties": { "name": "Arterial Link", "highway": "residential", "slope_pct": 0.6 }, "geometry": { "type": "LineString", "coordinates": [ [ 72.9751581, 19.231458 ], [ 72.9752126, 19.2308487 ], [ 72.9751961, 19.230828 ], [ 72.9750567, 19.2308134 ], [ 72.9750443, 19.2308257 ], [ 72.9749899, 19.2314177 ], [ 72.9750003, 19.231439 ], [ 72.9751581, 19.231458 ], [ 72.9753267, 19.2314694 ], [ 72.9754804, 19.2314853 ], [ 72.9758967, 19.2315253 ], [ 72.976076, 19.2315468 ], [ 72.9762186, 19.2315638 ], [ 72.9763047, 19.2315741 ] ] } },
{ "type": "Feature", "properties": { "name": "Arterial Link", "highway": "residential", "slope_pct": 0.6 }, "geometry": { "type": "LineString", "coordinates": [ [ 72.976301, 19.2316159 ], [ 72.9762497, 19.231611 ], [ 72.9750295, 19.2314954 ], [ 72.9749747, 19.2315198 ], [ 72.9749565, 19.2315703 ], [ 72.9748061, 19.2329605 ], [ 72.9748033, 19.2329806 ], [ 72.9747998, 19.2330835 ] ] } },
{ "type": "Feature", "properties": { "name": "Kensington Way", "highway": "residential", "slope_pct": 0.6 }, "geometry": { "type": "LineString", "coordinates": [ [ 72.9738955, 19.2268787 ], [ 72.9741206, 19.2270389 ], [ 72.9743899, 19.2272321 ] ] } },
{ "type": "Feature", "properties": { "name": "Arterial Link", "highway": "residential", "slope_pct": 0.6 }, "geometry": { "type": "LineString", "coordinates": [ [ 72.9702044, 19.2250815 ], [ 72.9704825, 19.2250235 ], [ 72.9705638, 19.2249823 ], [ 72.9705793, 19.2248601 ], [ 72.9705006, 19.2243973 ], [ 72.9704687, 19.2243322 ], [ 72.9703971, 19.2243184 ], [ 72.97027, 19.2243276 ], [ 72.9701146, 19.2243492 ] ] } },
{ "type": "Feature", "properties": { "name": "Arterial Link", "highway": "residential", "slope_pct": 0.6 }, "geometry": { "type": "LineString", "coordinates": [ [ 72.9708907, 19.2315684 ], [ 72.9708583, 19.2312546 ] ] } },
{ "type": "Feature", "properties": { "name": "Arterial Link", "highway": "residential", "slope_pct": 0.6 }, "geometry": { "type": "LineString", "coordinates": [ [ 72.9740412, 19.2216942 ], [ 72.9740072, 19.2216203 ], [ 72.9739898, 19.2215824 ], [ 72.9739811, 19.2214149 ], [ 72.9739985, 19.2213963 ], [ 72.9740679, 19.2213896 ], [ 72.9740844, 19.2213702 ], [ 72.9740852, 19.2212786 ], [ 72.974101, 19.2212578 ], [ 72.9741877, 19.2212421 ], [ 72.9742027, 19.2212287 ], [ 72.9742027, 19.2211766 ], [ 72.9742169, 19.2211588 ], [ 72.9744211, 19.2211454 ], [ 72.9744432, 19.2211603 ], [ 72.9744542, 19.2212965 ], [ 72.9744392, 19.2213159 ], [ 72.9742878, 19.2213315 ], [ 72.9742713, 19.2213531 ], [ 72.9742784, 19.2214357 ], [ 72.9742642, 19.2214499 ], [ 72.9741506, 19.2214618 ], [ 72.9741333, 19.2214841 ], [ 72.9741391, 19.221584 ], [ 72.974117, 19.2216103 ], [ 72.9740072, 19.2216203 ] ] } },
{ "type": "Feature", "properties": { "name": "Arterial Link", "highway": "residential", "slope_pct": 0.6 }, "geometry": { "type": "LineString", "coordinates": [ [ 72.9742836, 19.2228485 ], [ 72.974323, 19.2228406 ], [ 72.9744141, 19.2228221 ], [ 72.974641, 19.222777 ], [ 72.9746887, 19.2227412 ], [ 72.9747614, 19.2226644 ], [ 72.9747848, 19.2226249 ], [ 72.9747627, 19.2224712 ], [ 72.9747331, 19.2224375 ], [ 72.9746899, 19.2224294 ], [ 72.9745731, 19.2224422 ], [ 72.9744597, 19.2224548 ], [ 72.9742573, 19.2224771 ], [ 72.9742257, 19.2224999 ], [ 72.9742407, 19.2226493 ], [ 72.9742578, 19.2226675 ], [ 72.9743808, 19.2226684 ], [ 72.9743985, 19.2226868 ], [ 72.9744141, 19.2228221 ] ] } },
{ "type": "Feature", "properties": { "name": "Glady's Alwares Avenue", "highway": "secondary", "slope_pct": 0.6 }, "geometry": { "type": "LineString", "coordinates": [ [ 72.9701869, 19.2305811 ], [ 72.9701856, 19.2305396 ], [ 72.970174, 19.2293527 ], [ 72.9698957, 19.2285151 ], [ 72.9698826, 19.2284868 ], [ 72.9698003, 19.2283087 ] ] } },
{ "type": "Feature", "properties": { "name": "Banyan Drive", "highway": "residential", "slope_pct": 0.6 }, "geometry": { "type": "LineString", "coordinates": [ [ 72.9724707, 19.2283548 ], [ 72.9725355, 19.2279951 ], [ 72.9725426, 19.2279024 ], [ 72.9725579, 19.2277045 ], [ 72.9725659, 19.2274611 ], [ 72.9725563, 19.2272319 ], [ 72.972538, 19.2271615 ], [ 72.972514, 19.2270695 ], [ 72.9724916, 19.2270481 ], [ 72.9723795, 19.2269412 ], [ 72.9721658, 19.2268496 ], [ 72.9721, 19.2268358 ], [ 72.9720731, 19.2268302 ], [ 72.9719842, 19.2268116 ], [ 72.9718579, 19.226821 ], [ 72.9717034, 19.2268874 ], [ 72.9716055, 19.2269581 ], [ 72.971578, 19.2270028 ], [ 72.9714594, 19.2272996 ], [ 72.9714113, 19.2274322 ], [ 72.9713166, 19.227827 ], [ 72.9712686, 19.2280926 ], [ 72.9712818, 19.2283621 ] ] } },
{ "type": "Feature", "properties": { "name": "Arterial Link", "highway": "residential", "slope_pct": 0.6 }, "geometry": { "type": "LineString", "coordinates": [ [ 72.970174, 19.2293527 ], [ 72.9705992, 19.2293649 ], [ 72.9706946, 19.229393 ], [ 72.9707632, 19.2294493 ], [ 72.9708288, 19.2295422 ], [ 72.9708944, 19.22959 ], [ 72.9710047, 19.2296041 ], [ 72.9711259, 19.2295976 ] ] } },
{ "type": "Feature", "properties": { "name": "Arterial Link", "highway": "residential", "slope_pct": 0.6 }, "geometry": { "type": "LineString", "coordinates": [ [ 72.9703244, 19.2251654 ], [ 72.9705924, 19.2251171 ], [ 72.9707261, 19.2250951 ], [ 72.9707908, 19.2251051 ], [ 72.9708414, 19.2251223 ], [ 72.9708807, 19.2251517 ], [ 72.9709109, 19.225186 ], [ 72.970923, 19.225243 ], [ 72.970926, 19.2253117 ], [ 72.9709139, 19.2253692 ], [ 72.9708863, 19.2254336 ], [ 72.9708567, 19.2254936 ], [ 72.9708488, 19.2255373 ], [ 72.9708536, 19.2255905 ], [ 72.970881, 19.2256259 ], [ 72.970925, 19.2256431 ], [ 72.9709753, 19.2256474 ], [ 72.9710364, 19.2256316 ], [ 72.9711509, 19.2255799 ], [ 72.9713097, 19.2255009 ], [ 72.9713606, 19.2255256 ], [ 72.9714421, 19.2255755 ], [ 72.9714745, 19.2256105 ], [ 72.9714911, 19.2256472 ], [ 72.9714889, 19.225797 ], [ 72.9714739, 19.2258662 ], [ 72.9714583, 19.2259158 ], [ 72.9714135, 19.225966 ], [ 72.9713738, 19.2259873 ], [ 72.9711984, 19.2259948 ], [ 72.9708818, 19.2259354 ], [ 72.9708606, 19.2259269 ], [ 72.9708447, 19.2259132 ], [ 72.9707704, 19.2257993 ], [ 72.9707632, 19.2257928 ], [ 72.9707537, 19.2257896 ], [ 72.970745, 19.2257883 ], [ 72.9705215, 19.2258142 ] ] } },
{ "type": "Feature", "properties": { "name": "Gladys Alwares Road", "highway": "residential", "slope_pct": 0.6 }, "geometry": { "type": "LineString", "coordinates": [ [ 72.9700279, 19.2305447 ], [ 72.970131, 19.2305414 ], [ 72.9701856, 19.2305396 ] ] } },
{ "type": "Feature", "properties": { "name": "Arterial Link", "highway": "residential", "slope_pct": 0.6 }, "geometry": { "type": "LineString", "coordinates": [ [ 72.9714551, 19.230771 ], [ 72.9716932, 19.2307644 ], [ 72.9718642, 19.2307598 ], [ 72.9719194, 19.2307583 ], [ 72.9721247, 19.2308149 ], [ 72.9723005, 19.2308982 ], [ 72.9724545, 19.2310043 ], [ 72.9724887, 19.2310576 ], [ 72.9724536, 19.2311376 ], [ 72.9724321, 19.2311692 ], [ 72.9723738, 19.231255 ] ] } },
{ "type": "Feature", "properties": { "name": "Arterial Link", "highway": "residential", "slope_pct": 0.6 }, "geometry": { "type": "LineString", "coordinates": [ [ 72.9706467, 19.2305323 ], [ 72.9708717, 19.2300159 ], [ 72.9709847, 19.2299212 ], [ 72.9709935, 19.2299138 ] ] } },
{ "type": "Feature", "properties": { "name": "Eden Woods Rd", "highway": "residential", "slope_pct": 0.6 }, "geometry": { "type": "LineString", "coordinates": [ [ 72.9706467, 19.2305323 ], [ 72.9712073, 19.2305227 ], [ 72.9712678, 19.2305418 ], [ 72.9713231, 19.2305718 ], [ 72.9713711, 19.2306113 ], [ 72.9714101, 19.230659 ], [ 72.9714384, 19.2307129 ], [ 72.9714551, 19.230771 ], [ 72.9714851, 19.2313044 ], [ 72.971511, 19.2313225 ], [ 72.9715946, 19.2313372 ] ] } },
{ "type": "Feature", "properties": { "name": "Canberra Terrace", "highway": "residential", "slope_pct": 0.6 }, "geometry": { "type": "LineString", "coordinates": [ [ 72.972514, 19.2270695 ], [ 72.9725723, 19.227051 ], [ 72.9726052, 19.2270405 ], [ 72.9726399, 19.2270296 ], [ 72.9727951, 19.2269803 ], [ 72.9732536, 19.2268464 ], [ 72.973318, 19.2268709 ], [ 72.973367, 19.2269129 ], [ 72.973438, 19.2271653 ], [ 72.9732878, 19.227583 ], [ 72.9730829, 19.227807 ], [ 72.9730255, 19.2278158 ], [ 72.9729712, 19.2278072 ], [ 72.9727309, 19.2276695 ], [ 72.9727218, 19.2276245 ], [ 72.9729215, 19.2273752 ], [ 72.9727951, 19.2269803 ] ] } },
{ "type": "Feature", "properties": { "name": "Victoria Avenue", "highway": "tertiary", "slope_pct": 0.6 }, "geometry": { "type": "LineString", "coordinates": [ [ 72.9732354, 19.2283901 ], [ 72.9729047, 19.2283749 ], [ 72.9726753, 19.2283671 ], [ 72.9726183, 19.2283652 ], [ 72.9724707, 19.2283548 ], [ 72.972185, 19.2283359 ], [ 72.9719063, 19.2283387 ], [ 72.9716229, 19.22836 ], [ 72.9712818, 19.2283621 ], [ 72.9712135, 19.2283619 ], [ 72.9707566, 19.2283148 ], [ 72.9706105, 19.2283118 ], [ 72.9705878, 19.2283113 ] ] } },
{ "type": "Feature", "properties": { "name": "North Avenue", "highway": "residential", "slope_pct": 0.6 }, "geometry": { "type": "LineString", "coordinates": [ [ 72.9733687, 19.2287038 ], [ 72.973354, 19.229222 ] ] } },
{ "type": "Feature", "properties": { "name": "East Gorge Roundabout", "highway": "tertiary", "slope_pct": 0.6 }, "geometry": { "type": "LineString", "coordinates": [ [ 72.9734224, 19.2284006 ], [ 72.9734109, 19.2283777 ], [ 72.9733935, 19.2283586 ], [ 72.9733721, 19.2283448 ], [ 72.9733478, 19.2283367 ], [ 72.973322, 19.2283347 ], [ 72.9732966, 19.2283389 ], [ 72.9732713, 19.2283503 ], [ 72.9732504, 19.2283678 ], [ 72.9732354, 19.2283901 ], [ 72.9732275, 19.2284154 ], [ 72.9732273, 19.2284418 ], [ 72.9732305, 19.2284647 ], [ 72.9732502, 19.2284905 ], [ 72.973272, 19.2285087 ], [ 72.9732984, 19.2285202 ], [ 72.9733179, 19.2285225 ], [ 72.9733346, 19.2285244 ], [ 72.9733538, 19.2285206 ], [ 72.9733784, 19.2285106 ], [ 72.9733993, 19.2284948 ], [ 72.973415, 19.2284743 ], [ 72.9734245, 19.2284507 ], [ 72.973427, 19.2284255 ], [ 72.9734224, 19.2284006 ] ] } },
{ "type": "Feature", "properties": { "name": "Victoria Avenue", "highway": "tertiary", "slope_pct": 0.6 }, "geometry": { "type": "LineString", "coordinates": [ [ 72.9705878, 19.2283113 ], [ 72.9701479, 19.2282949 ], [ 72.9700926, 19.228288 ], [ 72.9699226, 19.22827 ], [ 72.9698174, 19.2282589 ] ] } },
{ "type": "Feature", "properties": { "name": "Victoria Avenue", "highway": "tertiary", "slope_pct": 0.6 }, "geometry": { "type": "LineString", "coordinates": [ [ 72.9712896, 19.2284441 ], [ 72.971607, 19.2284434 ], [ 72.9719049, 19.228426 ], [ 72.9721838, 19.2284232 ], [ 72.9724616, 19.2284204 ], [ 72.9724985, 19.22842 ], [ 72.9726114, 19.2284269 ], [ 72.9726666, 19.2284303 ], [ 72.9729032, 19.2284447 ], [ 72.9732305, 19.2284647 ] ] } },
{ "type": "Feature", "properties": { "name": "Arterial Link", "highway": "residential", "slope_pct": 0.6 }, "geometry": { "type": "LineString", "coordinates": [ [ 72.9712155, 19.2295722 ], [ 72.9713158, 19.2295152 ] ] } },
{ "type": "Feature", "properties": { "name": "Arterial Link", "highway": "residential", "slope_pct": 0.6 }, "geometry": { "type": "LineString", "coordinates": [ [ 72.970875, 19.2307815 ], [ 72.9708966, 19.23097 ], [ 72.9709054, 19.230984 ], [ 72.9711043, 19.2309818 ], [ 72.9711122, 19.2309947 ], [ 72.971118, 19.2312266 ], [ 72.9711144, 19.2313406 ] ] } },
{ "type": "Feature", "properties": { "name": "Eden Woods Rd", "highway": "residential", "slope_pct": 0.6 }, "geometry": { "type": "LineString", "coordinates": [ [ 72.9702101, 19.2313206 ], [ 72.9703188, 19.2313094 ], [ 72.9704425, 19.2312966 ], [ 72.9706429, 19.2312761 ], [ 72.9708583, 19.2312546 ], [ 72.971118, 19.2312266 ] ] } },
{ "type": "Feature", "properties": { "name": "Arterial Link", "highway": "residential", "slope_pct": 0.6 }, "geometry": { "type": "LineString", "coordinates": [ [ 72.9704513, 19.2308875 ], [ 72.9706116, 19.2308884 ], [ 72.9706204, 19.2309006 ], [ 72.9706331, 19.2311127 ], [ 72.9706429, 19.2312761 ] ] } },
{ "type": "Feature", "properties": { "name": "Glady's Alwares Road", "highway": "residential", "slope_pct": 0.6 }, "geometry": { "type": "LineString", "coordinates": [ [ 72.970174, 19.2293527 ], [ 72.970001, 19.2293923 ] ] } },
{ "type": "Feature", "properties": { "name": "Arterial Link", "highway": "residential", "slope_pct": 0.6 }, "geometry": { "type": "LineString", "coordinates": [ [ 72.9728221, 19.2253845 ], [ 72.973566, 19.2253115 ] ] } },
{ "type": "Feature", "properties": { "name": "Glady's Alwares Avenue", "highway": "residential", "slope_pct": 0.6 }, "geometry": { "type": "LineString", "coordinates": [ [ 72.9698701, 19.2252579 ], [ 72.9700192, 19.2252224 ] ] } },
{ "type": "Feature", "properties": { "name": "Canberra Mews", "highway": "residential", "slope_pct": 0.6 }, "geometry": { "type": "LineString", "coordinates": [ [ 72.9724916, 19.2270481 ], [ 72.9725739, 19.2269778 ], [ 72.972879, 19.226717 ], [ 72.9730676, 19.2268135 ], [ 72.9731099, 19.2268053 ], [ 72.9734447, 19.2264516 ], [ 72.9734501, 19.2264286 ], [ 72.9732487, 19.2262556 ], [ 72.9732104, 19.2262584 ], [ 72.9729047, 19.226585 ], [ 72.9728703, 19.2266531 ], [ 72.972879, 19.226717 ] ] } },
{ "type": "Feature", "properties": { "name": "Flinton Street", "highway": "residential", "slope_pct": 0.6 }, "geometry": { "type": "LineString", "coordinates": [ [ 72.9710353, 19.2266989 ], [ 72.9710949, 19.226825 ], [ 72.9711227, 19.2268503 ], [ 72.9712439, 19.2268963 ], [ 72.9713284, 19.2269648 ], [ 72.9713433, 19.2270061 ], [ 72.9712966, 19.2271777 ], [ 72.9712628, 19.2271862 ], [ 72.9711485, 19.2271486 ], [ 72.9711029, 19.2271608 ], [ 72.9710442, 19.2271815 ], [ 72.9709896, 19.2271937 ], [ 72.9709479, 19.2271843 ], [ 72.9708339, 19.2270985 ], [ 72.9707807, 19.2270522 ], [ 72.9707894, 19.2270117 ], [ 72.9708398, 19.2269656 ], [ 72.9708464, 19.2269401 ], [ 72.9707938, 19.2268529 ], [ 72.9707979, 19.2268238 ], [ 72.9710353, 19.2266989 ] ] } },
{ "type": "Feature", "properties": { "name": "Flinton Street", "highway": "residential", "slope_pct": 0.6 }, "geometry": { "type": "LineString", "coordinates": [ [ 72.9716055, 19.2269581 ], [ 72.9715565, 19.2269152 ], [ 72.9715076, 19.2268723 ], [ 72.9714696, 19.2268623 ], [ 72.9713485, 19.226752 ], [ 72.9712583, 19.2267121 ], [ 72.9712112, 19.2267093 ], [ 72.9710353, 19.2266989 ], [ 72.9708984, 19.2265501 ], [ 72.9708893, 19.2264994 ], [ 72.9709412, 19.2264409 ], [ 72.9709426, 19.2264118 ], [ 72.9709062, 19.2263367 ], [ 72.9709162, 19.2262998 ], [ 72.9711114, 19.2262199 ], [ 72.9711416, 19.2262382 ], [ 72.9711723, 19.226325 ], [ 72.9712003, 19.2263401 ], [ 72.9713348, 19.2263836 ], [ 72.9713466, 19.22641 ], [ 72.9712583, 19.2267121 ] ] } },
{ "type": "Feature", "properties": { "name": "Upper Delta Avenue", "highway": "tertiary", "slope_pct": 0.6 }, "geometry": { "type": "LineString", "coordinates": [ [ 72.9734311, 19.2281323 ], [ 72.9732966, 19.2283389 ] ] } },
{ "type": "Feature", "properties": { "name": "Upper Delta Avenue", "highway": "tertiary", "slope_pct": 0.6 }, "geometry": { "type": "LineString", "coordinates": [ [ 72.9733935, 19.2283586 ], [ 72.9734312, 19.2282455 ], [ 72.9734311, 19.2281323 ] ] } },
{ "type": "Feature", "properties": { "name": "Arterial Link", "highway": "residential", "slope_pct": 0.6 }, "geometry": { "type": "LineString", "coordinates": [ [ 72.9727887, 19.2250813 ], [ 72.9734951, 19.2250069 ] ] } },
{ "type": "Feature", "properties": { "name": "Arterial Link", "highway": "residential", "slope_pct": 0.6 }, "geometry": { "type": "LineString", "coordinates": [ [ 72.9713226, 19.2288922 ], [ 72.9714313, 19.2289071 ], [ 72.9714625, 19.2288936 ], [ 72.97155, 19.2286204 ], [ 72.9716062, 19.2286057 ], [ 72.9719062, 19.2286702 ], [ 72.9719354, 19.2287078 ], [ 72.9718544, 19.2290053 ], [ 72.9717979, 19.2290458 ], [ 72.9714664, 19.2289673 ], [ 72.97133, 19.2289516 ], [ 72.9713187, 19.2289503 ], [ 72.9712977, 19.2289557 ], [ 72.9712644, 19.2289958 ], [ 72.9710583, 19.2292433 ], [ 72.9710104, 19.2292524 ], [ 72.9707268, 19.229119 ], [ 72.9707085, 19.229073 ], [ 72.9709224, 19.2287416 ], [ 72.9709711, 19.2287315 ], [ 72.9712618, 19.2288933 ], [ 72.9713226, 19.2288922 ] ] } },
{ "type": "Feature", "properties": { "name": "Arterial Link", "highway": "residential", "slope_pct": 0.6 }, "geometry": { "type": "LineString", "coordinates": [ [ 72.9703244, 19.2251654 ], [ 72.9703666, 19.2252045 ], [ 72.9703969, 19.2252154 ], [ 72.9704369, 19.2252071 ], [ 72.9704818, 19.2254479 ], [ 72.9704825, 19.225571 ], [ 72.9705215, 19.2258142 ] ] } },
{ "type": "Feature", "properties": { "name": "Arterial Link", "highway": "residential", "slope_pct": 0.6 }, "geometry": { "type": "LineString", "coordinates": [ [ 72.9713097, 19.2255009 ], [ 72.9713308, 19.2254255 ], [ 72.9713329, 19.2253722 ], [ 72.9713243, 19.2253151 ], [ 72.971303, 19.2252617 ], [ 72.9712741, 19.2252146 ], [ 72.9712287, 19.2251701 ], [ 72.9711837, 19.225139 ], [ 72.9711218, 19.225112 ], [ 72.9710617, 19.2251115 ], [ 72.9708807, 19.2251517 ] ] } },
{ "type": "Feature", "properties": { "name": "Arterial Link", "highway": "residential", "slope_pct": 0.6 }, "geometry": { "type": "LineString", "coordinates": [ [ 72.9713158, 19.2295152 ], [ 72.9714289, 19.2294509 ] ] } },
{ "type": "Feature", "properties": { "name": "Arterial Link", "highway": "residential", "slope_pct": 0.6 }, "geometry": { "type": "LineString", "coordinates": [ [ 72.9711259, 19.2295976 ], [ 72.9712155, 19.2295722 ] ] } },
{ "type": "Feature", "properties": { "name": "Arterial Link", "highway": "residential", "slope_pct": 0.6 }, "geometry": { "type": "LineString", "coordinates": [ [ 72.9710702, 19.2298356 ], [ 72.9711084, 19.229778 ], [ 72.9711218, 19.2296396 ], [ 72.9711259, 19.2295976 ] ] } },
{ "type": "Feature", "properties": { "name": "Arterial Link", "highway": "residential", "slope_pct": 0.6 }, "geometry": { "type": "LineString", "coordinates": [ [ 72.9709935, 19.2299138 ], [ 72.9710702, 19.2298356 ] ] } },
{ "type": "Feature", "properties": { "name": "Arterial Link", "highway": "residential", "slope_pct": 0.6 }, "geometry": { "type": "LineString", "coordinates": [ [ 72.970875, 19.2307815 ], [ 72.970697, 19.2307848 ], [ 72.9706705, 19.2307741 ], [ 72.9706635, 19.2307572 ], [ 72.9706467, 19.2305323 ] ] } },
{ "type": "Feature", "properties": { "name": "Arterial Link", "highway": "residential", "slope_pct": 0.6 }, "geometry": { "type": "LineString", "coordinates": [ [ 72.9706467, 19.2305323 ], [ 72.970875, 19.2307815 ] ] } },
{ "type": "Feature", "properties": { "name": "Glady's Alwares Avenue", "highway": "secondary", "slope_pct": 0.6 }, "geometry": { "type": "LineString", "coordinates": [ [ 72.9701887, 19.2306395 ], [ 72.9701869, 19.2305811 ] ] } },
{ "type": "Feature", "properties": { "name": "Arterial Link", "highway": "residential", "slope_pct": 0.6 }, "geometry": { "type": "LineString", "coordinates": [ [ 72.9707566, 19.2283148 ], [ 72.9707567, 19.2282767 ], [ 72.970757, 19.2282087 ], [ 72.9707556, 19.2279446 ], [ 72.9707689, 19.2279153 ], [ 72.9707966, 19.227904 ], [ 72.9711534, 19.2279136 ], [ 72.9711797, 19.2279262 ], [ 72.9711927, 19.2279504 ], [ 72.9711779, 19.2281805 ], [ 72.9711637, 19.2282032 ], [ 72.971136, 19.2282104 ], [ 72.970757, 19.2282087 ] ] } },
{ "type": "Feature", "properties": { "name": "Arterial Link", "highway": "residential", "slope_pct": 0.6 }, "geometry": { "type": "LineString", "coordinates": [ [ 72.9727042, 19.228155 ], [ 72.9730065, 19.2281896 ], [ 72.9730362, 19.2281701 ], [ 72.9730566, 19.227963 ], [ 72.9730459, 19.227939 ] ] } },
{ "type": "Feature", "properties": { "name": "Victoria Avenue", "highway": "tertiary", "slope_pct": 0.6 }, "geometry": { "type": "LineString", "coordinates": [ [ 72.9698003, 19.2283087 ], [ 72.9700085, 19.2283275 ], [ 72.9700954, 19.2283354 ], [ 72.9703203, 19.2283545 ], [ 72.9705863, 19.2283704 ], [ 72.970606, 19.2283724 ], [ 72.9710995, 19.2284214 ], [ 72.9712208, 19.228444 ], [ 72.9712896, 19.2284441 ] ] } },
{ "type": "Feature", "properties": { "name": "Arterial Link", "highway": "residential", "slope_pct": 0.6 }, "geometry": { "type": "LineString", "coordinates": [ [ 72.971286, 19.2286251 ], [ 72.9713226, 19.2288922 ], [ 72.97133, 19.2289516 ] ] } },
{ "type": "Feature", "properties": { "name": "Arterial Link", "highway": "residential", "slope_pct": 0.6 }, "geometry": { "type": "LineString", "coordinates": [ [ 72.9738404, 19.2289395 ], [ 72.9736763, 19.228885 ], [ 72.9736347, 19.2288643 ], [ 72.9736114, 19.2288278 ], [ 72.9735969, 19.2287925 ], [ 72.9736021, 19.2286567 ], [ 72.9736035, 19.2286194 ], [ 72.9735858, 19.2285792 ], [ 72.9735207, 19.2285645 ], [ 72.9734054, 19.2285665 ] ] } },
{ "type": "Feature", "properties": { "name": "Arterial Link", "highway": "residential", "slope_pct": 0.6 }, "geometry": { "type": "LineString", "coordinates": [ [ 72.9734084, 19.2286027 ], [ 72.9735209, 19.2286057 ], [ 72.9735497, 19.2286307 ], [ 72.973553, 19.2286542 ], [ 72.9735551, 19.2286697 ], [ 72.9735466, 19.2287818 ], [ 72.9735662, 19.2288635 ], [ 72.9736163, 19.2289281 ], [ 72.9737047, 19.2289583 ], [ 72.9738024, 19.2289476 ], [ 72.9738404, 19.2289395 ] ] } },
{ "type": "Feature", "properties": { "name": "Arterial Link", "highway": "residential", "slope_pct": 0.6 }, "geometry": { "type": "LineString", "coordinates": [ [ 72.9711984, 19.2259948 ], [ 72.9711595, 19.2259451 ], [ 72.9711458, 19.2259317 ], [ 72.9711304, 19.2259258 ], [ 72.9710403, 19.2259324 ], [ 72.9709475, 19.2259133 ], [ 72.9709101, 19.2258991 ], [ 72.9708848, 19.2258836 ], [ 72.9708723, 19.2258462 ], [ 72.9708703, 19.2258075 ], [ 72.9708787, 19.2257654 ], [ 72.9708874, 19.2257094 ], [ 72.970881, 19.2256259 ] ] } },
{ "type": "Feature", "properties": { "name": "Eden Woods Rd", "highway": "residential", "slope_pct": 0.6 }, "geometry": { "type": "LineString", "coordinates": [ [ 72.9701856, 19.2305396 ], [ 72.9702919, 19.230563 ], [ 72.9704325, 19.2305612 ], [ 72.9704919, 19.2305351 ] ] } },
{ "type": "Feature", "properties": { "name": "Arterial Link", "highway": "residential", "slope_pct": 0.6 }, "geometry": { "type": "LineString", "coordinates": [ [ 72.9706331, 19.2311127 ], [ 72.9708087, 19.2310985 ], [ 72.9708276, 19.2310983 ], [ 72.970839, 19.2311064 ], [ 72.9708583, 19.2312546 ] ] } },
{ "type": "Feature", "properties": { "name": "Arterial Link", "highway": "residential", "slope_pct": 0.6 }, "geometry": { "type": "LineString", "coordinates": [ [ 72.9704919, 19.2305351 ], [ 72.9704874, 19.2303736 ], [ 72.9704779, 19.23036 ], [ 72.9704005, 19.2303647 ] ] } },
{ "type": "Feature", "properties": { "name": "Arterial Link", "highway": "residential", "slope_pct": 0.6 }, "geometry": { "type": "LineString", "coordinates": [ [ 72.9709847, 19.2299212 ], [ 72.9709673, 19.2297512 ], [ 72.970956, 19.2297427 ], [ 72.9706958, 19.229742 ], [ 72.9707017, 19.2296559 ], [ 72.9707047, 19.2294514 ] ] } },
{ "type": "Feature", "properties": { "name": "Arterial Link", "highway": "residential", "slope_pct": 0.6 }, "geometry": { "type": "LineString", "coordinates": [ [ 72.9703427, 19.2296557 ], [ 72.9707017, 19.2296559 ] ] } },
{ "type": "Feature", "properties": { "name": "Arterial Link", "highway": "residential", "slope_pct": 0.6 }, "geometry": { "type": "LineString", "coordinates": [ [ 72.9703427, 19.2296557 ], [ 72.9703316, 19.2296713 ], [ 72.970324, 19.2298065 ], [ 72.9703378, 19.2298233 ], [ 72.970643, 19.2298307 ], [ 72.9706665, 19.2298276 ], [ 72.9706843, 19.2298123 ], [ 72.9706958, 19.229742 ] ] } },
{ "type": "Feature", "properties": { "name": "Arterial Link", "highway": "residential", "slope_pct": 0.6 }, "geometry": { "type": "LineString", "coordinates": [ [ 72.9718642, 19.2307598 ], [ 72.9718434, 19.2304808 ], [ 72.9716396, 19.2304906 ], [ 72.9716159, 19.2304815 ], [ 72.971607, 19.2303279 ], [ 72.9716142, 19.2302937 ], [ 72.9716486, 19.2302521 ], [ 72.9716762, 19.2302486 ], [ 72.9718434, 19.2304808 ] ] } },
{ "type": "Feature", "properties": { "name": "Arterial Link", "highway": "residential", "slope_pct": 0.6 }, "geometry": { "type": "LineString", "coordinates": [ [ 72.9723738, 19.231255 ], [ 72.972343, 19.2313259 ], [ 72.9723193, 19.2313371 ], [ 72.9722724, 19.2313461 ], [ 72.9722472, 19.2313658 ], [ 72.9722251, 19.2314579 ], [ 72.9722294, 19.231485 ], [ 72.9725652, 19.2315491 ], [ 72.9725795, 19.2315365 ], [ 72.9725983, 19.2314422 ], [ 72.9725971, 19.2314195 ], [ 72.9725265, 19.2313964 ], [ 72.9725234, 19.2313774 ], [ 72.9725429, 19.2312788 ], [ 72.9725346, 19.2312555 ], [ 72.9724321, 19.2311692 ] ] } },
{ "type": "Feature", "properties": { "name": "Arterial Link", "highway": "residential", "slope_pct": 0.6 }, "geometry": { "type": "LineString", "coordinates": [ [ 72.9722294, 19.231485 ], [ 72.9719051, 19.2314279 ], [ 72.9718699, 19.2314201 ], [ 72.9718561, 19.2314314 ], [ 72.9718417, 19.231524 ], [ 72.9718323, 19.2315351 ], [ 72.9718192, 19.2315476 ], [ 72.9717226, 19.2315248 ], [ 72.9717077, 19.2315004 ], [ 72.9717017, 19.2314723 ], [ 72.9717231, 19.2313902 ], [ 72.971722, 19.2313718 ], [ 72.9716146, 19.2313487 ], [ 72.9715946, 19.2313372 ], [ 72.9715861, 19.2313129 ], [ 72.9716093, 19.2312239 ], [ 72.9716246, 19.2312105 ], [ 72.9717544, 19.2312341 ], [ 72.9717678, 19.2312268 ], [ 72.9717948, 19.2311468 ] ] } },
{ "type": "Feature", "properties": { "name": "Eden Woods Rd", "highway": "residential", "slope_pct": 0.6 }, "geometry": { "type": "LineString", "coordinates": [ [ 72.9704919, 19.2305351 ], [ 72.9706467, 19.2305323 ] ] } },
{ "type": "Feature", "properties": { "name": "Arterial Link", "highway": "residential", "slope_pct": 0.6 }, "geometry": { "type": "LineString", "coordinates": [ [ 72.9704919, 19.2305351 ], [ 72.9704338, 19.2305127 ], [ 72.9702912, 19.2305117 ], [ 72.9701856, 19.2305396 ] ] } },
{ "type": "Feature", "properties": { "name": "Arterial Link", "highway": "residential", "slope_pct": 0.6 }, "geometry": { "type": "LineString", "coordinates": [ [ 72.973553, 19.2286542 ], [ 72.9736021, 19.2286567 ] ] } },
{ "type": "Feature", "properties": { "name": "Arterial Link", "highway": "residential", "slope_pct": 0.6 }, "geometry": { "type": "LineString", "coordinates": [ [ 72.9735858, 19.2285792 ], [ 72.973637, 19.2285834 ] ] } },
{ "type": "Feature", "properties": { "name": "Arterial Link", "highway": "residential", "slope_pct": 0.6 }, "geometry": { "type": "LineString", "coordinates": [ [ 72.9733179, 19.2285225 ], [ 72.9733687, 19.2287038 ] ] } },
{ "type": "Feature", "properties": { "name": "Arterial Link", "highway": "residential", "slope_pct": 0.6 }, "geometry": { "type": "LineString", "coordinates": [ [ 72.9733687, 19.2287038 ], [ 72.9734107, 19.2286296 ], [ 72.9734084, 19.2286027 ], [ 72.9734054, 19.2285665 ], [ 72.9733993, 19.2284948 ] ] } },
{ "type": "Feature", "properties": { "name": "Arterial Link", "highway": "residential", "slope_pct": 0.6 }, "geometry": { "type": "LineString", "coordinates": [ [ 72.9719049, 19.228426 ], [ 72.9719061, 19.2286157 ], [ 72.9719058, 19.2286317 ] ] } },
{ "type": "Feature", "properties": { "name": "Arterial Link", "highway": "residential", "slope_pct": 0.6 }, "geometry": { "type": "LineString", "coordinates": [ [ 72.9710995, 19.2284214 ], [ 72.9709687, 19.2286615 ], [ 72.9709609, 19.2286762 ] ] } },
{ "type": "Feature", "properties": { "name": "Arterial Link", "highway": "residential", "slope_pct": 0.6 }, "geometry": { "type": "LineString", "coordinates": [ [ 72.971607, 19.2284434 ], [ 72.9715678, 19.2285671 ], [ 72.9715629, 19.2285846 ] ] } },
{ "type": "Feature", "properties": { "name": "Arterial Link", "highway": "residential", "slope_pct": 0.6 }, "geometry": { "type": "LineString", "coordinates": [ [ 72.971286, 19.2286251 ], [ 72.9713152, 19.2285849 ], [ 72.9713075, 19.2285351 ], [ 72.9712896, 19.2284441 ] ] } },
{ "type": "Feature", "properties": { "name": "Arterial Link", "highway": "residential", "slope_pct": 0.6 }, "geometry": { "type": "LineString", "coordinates": [ [ 72.9712208, 19.228444 ], [ 72.9712353, 19.2285315 ], [ 72.9712483, 19.2285974 ], [ 72.971286, 19.2286251 ] ] } },
{ "type": "Feature", "properties": { "name": "Arterial Link", "highway": "residential", "slope_pct": 0.6 }, "geometry": { "type": "LineString", "coordinates": [ [ 72.9712896, 19.2284441 ], [ 72.9712818, 19.2283621 ] ] } },
{ "type": "Feature", "properties": { "name": "Arterial Link", "highway": "residential", "slope_pct": 0.6 }, "geometry": { "type": "LineString", "coordinates": [ [ 72.9712135, 19.2283619 ], [ 72.9712208, 19.228444 ] ] } },
{ "type": "Feature", "properties": { "name": "Arterial Link", "highway": "tertiary_link", "slope_pct": 0.6 }, "geometry": { "type": "LineString", "coordinates": [ [ 72.9700954, 19.2283354 ], [ 72.9700926, 19.228288 ] ] } },
{ "type": "Feature", "properties": { "name": "Arterial Link", "highway": "residential", "slope_pct": 0.6 }, "geometry": { "type": "LineString", "coordinates": [ [ 72.971607, 19.2284434 ], [ 72.9716229, 19.22836 ] ] } },
{ "type": "Feature", "properties": { "name": "Arterial Link", "highway": "residential", "slope_pct": 0.6 }, "geometry": { "type": "LineString", "coordinates": [ [ 72.9719049, 19.228426 ], [ 72.9719063, 19.2283387 ] ] } },
{ "type": "Feature", "properties": { "name": "Arterial Link", "highway": "tertiary_link", "slope_pct": 0.6 }, "geometry": { "type": "LineString", "coordinates": [ [ 72.9721838, 19.2284232 ], [ 72.972185, 19.2283359 ] ] } },
{ "type": "Feature", "properties": { "name": "Arterial Link", "highway": "residential", "slope_pct": 0.6 }, "geometry": { "type": "LineString", "coordinates": [ [ 72.9724707, 19.2283548 ], [ 72.9724616, 19.2284204 ] ] } },
{ "type": "Feature", "properties": { "name": "Arterial Link", "highway": "tertiary_link", "slope_pct": 0.6 }, "geometry": { "type": "LineString", "coordinates": [ [ 72.9729032, 19.2284447 ], [ 72.9729047, 19.2283749 ] ] } },
{ "type": "Feature", "properties": { "name": "Arterial Link", "highway": "residential", "slope_pct": 0.6 }, "geometry": { "type": "LineString", "coordinates": [ [ 72.9704369, 19.2252071 ], [ 72.9705644, 19.2251864 ] ] } },
{ "type": "Feature", "properties": { "name": "Arterial Link", "highway": "residential", "slope_pct": 0.6 }, "geometry": { "type": "LineString", "coordinates": [ [ 72.9707261, 19.2250951 ], [ 72.9707228, 19.2251447 ], [ 72.9706889, 19.225173 ], [ 72.9706282, 19.2252333 ], [ 72.9705959, 19.2252757 ], [ 72.9706038, 19.2253569 ] ] } },
{ "type": "Feature", "properties": { "name": "Arterial Link", "highway": "residential", "slope_pct": 0.6 }, "geometry": { "type": "LineString", "coordinates": [ [ 72.9700192, 19.2252224 ], [ 72.9701943, 19.2251832 ], [ 72.9703244, 19.2251654 ] ] } },
{ "type": "Feature", "properties": { "name": "Arterial Link", "highway": "residential", "slope_pct": 0.6 }, "geometry": { "type": "LineString", "coordinates": [ [ 72.9705215, 19.2258142 ], [ 72.9703241, 19.225846 ], [ 72.9703012, 19.2258498 ], [ 72.9701495, 19.2258662 ] ] } },
{ "type": "Feature", "properties": { "name": "Arterial Link", "highway": "secondary", "slope_pct": 0.6 }, "geometry": { "type": "LineString", "coordinates": [ [ 72.9695838, 19.2282885 ], [ 72.9695917, 19.2283012 ], [ 72.969603, 19.2283195 ], [ 72.9696314, 19.2283434 ], [ 72.9696661, 19.2283579 ], [ 72.9697039, 19.2283616 ], [ 72.9697415, 19.228354 ], [ 72.9697747, 19.2283358 ], [ 72.9698003, 19.2283087 ], [ 72.9698157, 19.2282755 ], [ 72.9698174, 19.2282589 ], [ 72.9698194, 19.2282393 ], [ 72.9698111, 19.2282039 ], [ 72.9697915, 19.2281727 ], [ 72.9697626, 19.2281488 ], [ 72.9697272, 19.2281346 ], [ 72.9696889, 19.2281314 ], [ 72.9696519, 19.2281395 ], [ 72.9696402, 19.2281461 ], [ 72.9696193, 19.2281579 ], [ 72.9695943, 19.2281848 ], [ 72.9695884, 19.2281977 ], [ 72.9695792, 19.2282178 ], [ 72.9695756, 19.2282535 ], [ 72.9695838, 19.2282885 ] ] } },
{ "type": "Feature", "properties": { "name": "Arterial Link", "highway": "secondary_link", "slope_pct": 0.6 }, "geometry": { "type": "LineString", "coordinates": [ [ 72.969666, 19.2280326 ], [ 72.9695285, 19.2281546 ], [ 72.9694754, 19.2282101 ] ] } },
{ "type": "Feature", "properties": { "name": "Arterial Link", "highway": "secondary_link", "slope_pct": 0.6 }, "geometry": { "type": "LineString", "coordinates": [ [ 72.9699226, 19.22827 ], [ 72.969825, 19.2280349 ] ] } },
{ "type": "Feature", "properties": { "name": "Arterial Link", "highway": "secondary_link", "slope_pct": 0.6 }, "geometry": { "type": "LineString", "coordinates": [ [ 72.9698826, 19.2284868 ], [ 72.9700085, 19.2283275 ] ] } },
{ "type": "Feature", "properties": { "name": "Arterial Link", "highway": "secondary_link", "slope_pct": 0.6 }, "geometry": { "type": "LineString", "coordinates": [ [ 72.9694728, 19.2283131 ], [ 72.9697017, 19.2285254 ] ] } },
{ "type": "Feature", "properties": { "name": "Arterial Link", "highway": "residential", "slope_pct": 0.6 }, "geometry": { "type": "LineString", "coordinates": [ [ 72.9715076, 19.2268723 ], [ 72.9715253, 19.2268461 ], [ 72.9715151, 19.2268206 ], [ 72.9714056, 19.2267241 ] ] } },
{ "type": "Feature", "properties": { "name": "Arterial Link", "highway": "residential", "slope_pct": 0.6 }, "geometry": { "type": "LineString", "coordinates": [ [ 72.971578, 19.2270028 ], [ 72.9715086, 19.2269523 ], [ 72.9714458, 19.2269378 ], [ 72.9714209, 19.2269171 ], [ 72.9713852, 19.2268826 ], [ 72.9713238, 19.2268309 ] ] } },
{ "type": "Feature", "properties": { "name": "Arterial Link", "highway": "residential", "slope_pct": 0.6 }, "geometry": { "type": "LineString", "coordinates": [ [ 72.9715076, 19.2268723 ], [ 72.9714458, 19.2269378 ] ] } },
{ "type": "Feature", "properties": { "name": "Arterial Link", "highway": "residential", "slope_pct": 0.6 }, "geometry": { "type": "LineString", "coordinates": [ [ 72.9726753, 19.2283671 ], [ 72.9726836, 19.2282948 ], [ 72.9727042, 19.228155 ] ] } },
{ "type": "Feature", "properties": { "name": "Arterial Link", "highway": "residential", "slope_pct": 0.6 }, "geometry": { "type": "LineString", "coordinates": [ [ 72.9726431, 19.2281494 ], [ 72.9726271, 19.22829 ], [ 72.9726183, 19.2283652 ] ] } },
{ "type": "Feature", "properties": { "name": "Arterial Link", "highway": "residential", "slope_pct": 0.6 }, "geometry": { "type": "LineString", "coordinates": [ [ 72.9730459, 19.227939 ], [ 72.9726875, 19.2279088 ], [ 72.9726641, 19.2279256 ], [ 72.9726431, 19.2281494 ] ] } },
{ "type": "Feature", "properties": { "name": "Arterial Link", "highway": "residential", "slope_pct": 0.6 }, "geometry": { "type": "LineString", "coordinates": [ [ 72.9727042, 19.228155 ], [ 72.9726431, 19.2281494 ] ] } },
{ "type": "Feature", "properties": { "name": "Arterial Link", "highway": "residential", "slope_pct": 0.6 }, "geometry": { "type": "LineString", "coordinates": [ [ 72.9726666, 19.2284303 ], [ 72.9726753, 19.2283671 ] ] } },
{ "type": "Feature", "properties": { "name": "Arterial Link", "highway": "residential", "slope_pct": 0.6 }, "geometry": { "type": "LineString", "coordinates": [ [ 72.9726183, 19.2283652 ], [ 72.9726114, 19.2284269 ] ] } },
{ "type": "Feature", "properties": { "name": "Arterial Link", "highway": "residential", "slope_pct": 0.6 }, "geometry": { "type": "LineString", "coordinates": [ [ 72.972538, 19.2271615 ], [ 72.972631, 19.2271259 ], [ 72.9726545, 19.2271176 ], [ 72.9727395, 19.2270874 ] ] } },
{ "type": "Feature", "properties": { "name": "Arterial Link", "highway": "residential", "slope_pct": 0.6 }, "geometry": { "type": "LineString", "coordinates": [ [ 72.9699954, 19.2251239 ], [ 72.9700875, 19.2251048 ], [ 72.9701446, 19.2250939 ], [ 72.9702044, 19.2250815 ] ] } },
{ "type": "Feature", "properties": { "name": "Kensington Way", "highway": "residential", "slope_pct": 0.6 }, "geometry": { "type": "LineString", "coordinates": [ [ 72.9743899, 19.2272321 ], [ 72.9746112, 19.2274271 ], [ 72.9746899, 19.2275177 ], [ 72.9747819, 19.2276953 ], [ 72.9749129, 19.2278496 ], [ 72.9750764, 19.227973 ], [ 72.9750932, 19.2279812 ], [ 72.9752262, 19.2280458 ], [ 72.9753479, 19.2280837 ], [ 72.975474, 19.2281049 ], [ 72.9760766, 19.2281529 ], [ 72.9767204, 19.2282043 ] ] } },
{ "type": "Feature", "properties": { "name": "Arterial Link", "highway": "residential", "slope_pct": 0.6 }, "geometry": { "type": "LineString", "coordinates": [ [ 72.9746899, 19.2275177 ], [ 72.9747456, 19.2274956 ], [ 72.9749022, 19.2274334 ], [ 72.97495, 19.2273955 ], [ 72.974968, 19.2273752 ], [ 72.9750457, 19.2272878 ], [ 72.9751663, 19.2269327 ], [ 72.9751968, 19.2269145 ], [ 72.975385, 19.2269466 ] ] } },
{ "type": "Feature", "properties": { "name": "Arterial Link", "highway": "residential", "slope_pct": 0.6 }, "geometry": { "type": "LineString", "coordinates": [ [ 72.9746138, 19.2267513 ], [ 72.9746506, 19.2265886 ], [ 72.9746769, 19.2265318 ], [ 72.9747199, 19.2264824 ], [ 72.9747802, 19.226471 ], [ 72.9748352, 19.2264698 ], [ 72.9755218, 19.2265728 ] ] } },
{ "type": "Feature", "properties": { "name": "Arterial Link", "highway": "residential", "slope_pct": 0.6 }, "geometry": { "type": "LineString", "coordinates": [ [ 72.97495, 19.2273955 ], [ 72.9752422, 19.2274564 ], [ 72.9752878, 19.2274281 ], [ 72.9754323, 19.2269935 ], [ 72.975385, 19.2269466 ] ] } },
{ "type": "Feature", "properties": { "name": "Arterial Link", "highway": "residential", "slope_pct": 0.6 }, "geometry": { "type": "LineString", "coordinates": [ [ 72.9755218, 19.2265728 ], [ 72.9757048, 19.2263672 ], [ 72.9757509, 19.2263502 ], [ 72.9758326, 19.2263485 ], [ 72.9759243, 19.2263414 ], [ 72.975975, 19.2263584 ], [ 72.9760544, 19.2263989 ], [ 72.976018, 19.2265703 ] ] } },
{ "type": "Feature", "properties": { "name": "Arterial Link", "highway": "residential", "slope_pct": 0.6 }, "geometry": { "type": "LineString", "coordinates": [ [ 72.9753267, 19.2314694 ], [ 72.9753631, 19.2309986 ], [ 72.9754504, 19.2311252 ], [ 72.9754854, 19.2311769 ], [ 72.9755029, 19.2312044 ], [ 72.9754804, 19.2314853 ] ] } },
{ "type": "Feature", "properties": { "name": "Arterial Link", "highway": "residential", "slope_pct": 0.6 }, "geometry": { "type": "LineString", "coordinates": [ [ 72.9752126, 19.2308487 ], [ 72.9753631, 19.2309986 ] ] } },
{ "type": "Feature", "properties": { "name": "Shri Gurudatta Maharaj Marg", "highway": "tertiary", "slope_pct": 0.6 }, "geometry": { "type": "LineString", "coordinates": [ [ 72.9703663, 19.2323188 ], [ 72.9702054, 19.2322522 ], [ 72.9700205, 19.2322201 ] ] } },
{ "type": "Feature", "properties": { "name": "Arterial Link", "highway": "residential", "slope_pct": 0.6 }, "geometry": { "type": "LineString", "coordinates": [ [ 72.9722632, 19.2363472 ], [ 72.972214, 19.2361332 ], [ 72.9721858, 19.2360107 ], [ 72.9721828, 19.2358925 ], [ 72.9721977, 19.2357799 ], [ 72.9722394, 19.2356645 ], [ 72.9723154, 19.2355444 ], [ 72.9723842, 19.2354719 ], [ 72.9729512, 19.2348742 ], [ 72.9729828, 19.2347718 ], [ 72.9729714, 19.2347057 ], [ 72.9729636, 19.2346605 ], [ 72.9728457, 19.2344298 ], [ 72.9727213, 19.2340805 ], [ 72.9727035, 19.2340009 ], [ 72.97262, 19.2336277 ], [ 72.9725884, 19.2330531 ], [ 72.9725998, 19.2329207 ] ] } },
{ "type": "Feature", "properties": { "name": "Arterial Link", "highway": "secondary", "slope_pct": 0.6 }, "geometry": { "type": "LineString", "coordinates": [ [ 72.9702054, 19.2322522 ], [ 72.9702093, 19.2321737 ], [ 72.9702021, 19.2319333 ] ] } },
{ "type": "Feature", "properties": { "name": "Arterial Link", "highway": "secondary_link", "slope_pct": 0.6 }, "geometry": { "type": "LineString", "coordinates": [ [ 72.9700058, 19.2318717 ], [ 72.969971, 19.2318901 ], [ 72.9698714, 19.2319606 ], [ 72.9697721, 19.2320015 ], [ 72.9695778, 19.2320494 ] ] } },
{ "type": "Feature", "properties": { "name": "Arterial Link", "highway": "tertiary", "slope_pct": 0.6 }, "geometry": { "type": "LineString", "coordinates": [ [ 72.9698785, 19.2321725 ], [ 72.9697581, 19.2320924 ], [ 72.9695778, 19.2320494 ] ] } },
{ "type": "Feature", "properties": { "name": "Shri Gurudatta Maharaj Marg", "highway": "tertiary", "slope_pct": 0.6 }, "geometry": { "type": "LineString", "coordinates": [ [ 72.9699992, 19.2323062 ], [ 72.9701124, 19.2323304 ], [ 72.970249, 19.2323324 ], [ 72.9703663, 19.2323188 ] ] } },
{ "type": "Feature", "properties": { "name": "Arterial Link", "highway": "tertiary", "slope_pct": 0.6 }, "geometry": { "type": "LineString", "coordinates": [ [ 72.9695778, 19.2320494 ], [ 72.9697115, 19.2322002 ], [ 72.9698387, 19.2322607 ] ] } },
{ "type": "Feature", "properties": { "name": "Khewra Circle", "highway": "secondary", "slope_pct": 0.6 }, "geometry": { "type": "LineString", "coordinates": [ [ 72.9698785, 19.2321725 ], [ 72.9698588, 19.2321895 ], [ 72.9698449, 19.2322111 ], [ 72.969838, 19.2322355 ], [ 72.9698387, 19.2322607 ], [ 72.969848, 19.2322866 ], [ 72.9698652, 19.2323086 ], [ 72.9698899, 19.2323251 ], [ 72.9699189, 19.2323333 ], [ 72.9699763, 19.232323 ], [ 72.9699992, 19.2323062 ], [ 72.9700227, 19.232263 ], [ 72.9700244, 19.2322414 ], [ 72.9700205, 19.2322201 ], [ 72.9700127, 19.2322027 ], [ 72.9700012, 19.2321873 ], [ 72.9699788, 19.2321698 ], [ 72.9699517, 19.2321596 ], [ 72.9699227, 19.2321577 ], [ 72.9698996, 19.2321625 ], [ 72.9698785, 19.2321725 ] ] } },
{ "type": "Feature", "properties": { "name": "Glady's Alwares Avenue", "highway": "secondary", "slope_pct": 0.6 }, "geometry": { "type": "LineString", "coordinates": [ [ 72.9697918, 19.2326406 ], [ 72.9697487, 19.2328783 ], [ 72.9696993, 19.2332648 ], [ 72.9696853, 19.23345 ], [ 72.9696772, 19.2344708 ], [ 72.9696757, 19.234667 ], [ 72.9696772, 19.2362679 ], [ 72.9696774, 19.2363278 ] ] } },
{ "type": "Feature", "properties": { "name": "Glady's Alwares Avenue", "highway": "secondary", "slope_pct": 0.6 }, "geometry": { "type": "LineString", "coordinates": [ [ 72.969803, 19.236283 ], [ 72.9698005, 19.2362545 ], [ 72.9698, 19.2361227 ], [ 72.9697972, 19.2354503 ], [ 72.9698095, 19.234667 ], [ 72.9698359, 19.2331441 ], [ 72.9698608, 19.2329965 ], [ 72.9699426, 19.2327033 ], [ 72.9699709, 19.2324329 ], [ 72.9699763, 19.232323 ] ] } },
{ "type": "Feature", "properties": { "name": "Arterial Link", "highway": "residential", "slope_pct": 0.6 }, "geometry": { "type": "LineString", "coordinates": [ [ 72.9714325, 19.2329545 ], [ 72.9714213, 19.2329783 ], [ 72.9713413, 19.2331473 ], [ 72.970846, 19.2341742 ], [ 72.9708097, 19.2342466 ], [ 72.9707726, 19.2342962 ], [ 72.9707257, 19.2343377 ], [ 72.9706709, 19.2343695 ], [ 72.9710396, 19.2364484 ] ] } },
{ "type": "Feature", "properties": { "name": "Arterial Link", "highway": "residential", "slope_pct": 0.6 }, "geometry": { "type": "LineString", "coordinates": [ [ 72.9717424, 19.2325666 ], [ 72.9717685, 19.2325676 ], [ 72.972065, 19.2326552 ], [ 72.9720996, 19.2326538 ], [ 72.973034, 19.2324049 ], [ 72.9730409, 19.232372 ], [ 72.9729081, 19.2318526 ] ] } },
{ "type": "Feature", "properties": { "name": "Arterial Link", "highway": "residential", "slope_pct": 0.6 }, "geometry": { "type": "LineString", "coordinates": [ [ 72.9717547, 19.2328298 ], [ 72.9717904, 19.2328285 ], [ 72.9719264, 19.2328682 ], [ 72.9719661, 19.2328853 ], [ 72.9720057, 19.2329601 ], [ 72.9720271, 19.2330277 ], [ 72.9720272, 19.2330733 ], [ 72.9720157, 19.2331558 ], [ 72.9719583, 19.2332295 ], [ 72.9719175, 19.2332849 ], [ 72.9718946, 19.2333355 ], [ 72.9718062, 19.2335574 ], [ 72.9717817, 19.2336443 ], [ 72.9717678, 19.2336855 ], [ 72.9717495, 19.2337122 ], [ 72.971721, 19.2337312 ], [ 72.9716971, 19.2337463 ], [ 72.9716691, 19.2337615 ], [ 72.9716355, 19.2337728 ], [ 72.971603, 19.2337803 ], [ 72.9715694, 19.2337878 ], [ 72.9715241, 19.2338011 ], [ 72.971365, 19.2337197 ], [ 72.9713168, 19.2336677 ], [ 72.971291, 19.2336193 ], [ 72.9712888, 19.2334525 ], [ 72.9713191, 19.2334033 ], [ 72.9714532, 19.2331939 ], [ 72.9714929, 19.2331319 ], [ 72.971548, 19.2330099 ], [ 72.9715871, 19.2329872 ], [ 72.9716631, 19.232938 ], [ 72.9717016, 19.2329126 ], [ 72.9717575, 19.2328994 ], [ 72.9718042, 19.2329157 ], [ 72.9719169, 19.2329724 ], [ 72.9719594, 19.233009 ], [ 72.9719682, 19.2331107 ], [ 72.9719457, 19.233139 ], [ 72.9718931, 19.2331603 ], [ 72.9718343, 19.2331662 ], [ 72.9717867, 19.2331792 ], [ 72.9717404, 19.2332111 ], [ 72.9716778, 19.2332927 ], [ 72.971654, 19.2333435 ], [ 72.9716303, 19.2333978 ], [ 72.971634, 19.2334652 ], [ 72.971664, 19.2335515 ], [ 72.9717003, 19.2336354 ], [ 72.9717028, 19.2336732 ], [ 72.9716365, 19.2337169 ], [ 72.9715439, 19.2337334 ], [ 72.9714951, 19.2337216 ], [ 72.9714675, 19.2336791 ], [ 72.9714413, 19.2336519 ], [ 72.9713824, 19.2336354 ], [ 72.9713524, 19.2336165 ], [ 72.9713361, 19.2334711 ], [ 72.9713191, 19.2334033 ] ] } },
{ "type": "Feature", "properties": { "name": "Glady's Alwares Avenue", "highway": "secondary", "slope_pct": 0.6 }, "geometry": { "type": "LineString", "coordinates": [ [ 72.9698652, 19.2323086 ], [ 72.9698392, 19.2324192 ], [ 72.9697918, 19.2326406 ] ] } },
{ "type": "Feature", "properties": { "name": "Arterial Link", "highway": "residential", "slope_pct": 0.6 }, "geometry": { "type": "LineString", "coordinates": [ [ 72.9726623, 19.2329367 ], [ 72.9726544, 19.233081 ], [ 72.9726521, 19.2332513 ], [ 72.9726618, 19.2332627 ], [ 72.9730099, 19.2332812 ] ] } },
{ "type": "Feature", "properties": { "name": "Arterial Link", "highway": "residential", "slope_pct": 0.6 }, "geometry": { "type": "LineString", "coordinates": [ [ 72.9735577, 19.2330557 ], [ 72.9735583, 19.2331493 ], [ 72.9735569, 19.2334673 ], [ 72.9736198, 19.2339949 ], [ 72.9736646, 19.2342714 ], [ 72.973679, 19.2344677 ], [ 72.9736875, 19.2346277 ], [ 72.9740211, 19.2346098 ], [ 72.9740907, 19.2346064 ] ] } },
{ "type": "Feature", "properties": { "name": "Arterial Link", "highway": "residential", "slope_pct": 0.6 }, "geometry": { "type": "LineString", "coordinates": [ [ 72.9699224, 19.2330285 ], [ 72.9699588, 19.2330325 ], [ 72.9700179, 19.2330403 ], [ 72.9701742, 19.2330239 ], [ 72.9702681, 19.233021 ], [ 72.9703865, 19.2330254 ], [ 72.9705034, 19.233038 ], [ 72.970576, 19.2330458 ], [ 72.970609, 19.233055 ], [ 72.9706239, 19.2330912 ], [ 72.9706347, 19.2332112 ], [ 72.9706324, 19.2332367 ], [ 72.9706035, 19.2332477 ], [ 72.9703149, 19.2332867 ], [ 72.9701657, 19.2333088 ] ] } },
{ "type": "Feature", "properties": { "name": "Arterial Link", "highway": "residential", "slope_pct": 0.6 }, "geometry": { "type": "LineString", "coordinates": [ [ 72.9702681, 19.233021 ], [ 72.9703149, 19.2332867 ] ] } },
{ "type": "Feature", "properties": { "name": "Arterial Link", "highway": "residential", "slope_pct": 0.6 }, "geometry": { "type": "LineString", "coordinates": [ [ 72.9703149, 19.2332867 ], [ 72.9703429, 19.2334616 ] ] } },
{ "type": "Feature", "properties": { "name": "Arterial Link", "highway": "residential", "slope_pct": 0.6 }, "geometry": { "type": "LineString", "coordinates": [ [ 72.9698608, 19.2329965 ], [ 72.9699224, 19.2330285 ] ] } },
{ "type": "Feature", "properties": { "name": "Arterial Link", "highway": "residential", "slope_pct": 0.6 }, "geometry": { "type": "LineString", "coordinates": [ [ 72.9713917, 19.2329004 ], [ 72.9714508, 19.2327488 ], [ 72.971501, 19.2326092 ] ] } },
{ "type": "Feature", "properties": { "name": "Arterial Link", "highway": "residential", "slope_pct": 0.6 }, "geometry": { "type": "LineString", "coordinates": [ [ 72.9716558, 19.2326521 ], [ 72.9716757, 19.2326021 ], [ 72.9716919, 19.2325616 ] ] } },
{ "type": "Feature", "properties": { "name": "Arterial Link", "highway": "residential", "slope_pct": 0.6 }, "geometry": { "type": "LineString", "coordinates": [ [ 72.9717424, 19.2325666 ], [ 72.9717224, 19.232613 ], [ 72.9716996, 19.2326645 ] ] } },
{ "type": "Feature", "properties": { "name": "Arterial Link", "highway": "residential", "slope_pct": 0.6 }, "geometry": { "type": "LineString", "coordinates": [ [ 72.9730164, 19.2331466 ], [ 72.9730196, 19.233116 ], [ 72.9730273, 19.2330066 ] ] } },
{ "type": "Feature", "properties": { "name": "Arterial Link", "highway": "residential", "slope_pct": 0.6 }, "geometry": { "type": "LineString", "coordinates": [ [ 72.9720436, 19.2327618 ], [ 72.9719902, 19.2328478 ], [ 72.9719661, 19.2328853 ], [ 72.9719411, 19.2329238 ] ] } },
{ "type": "Feature", "properties": { "name": "Arterial Link", "highway": "residential", "slope_pct": 0.6 }, "geometry": { "type": "LineString", "coordinates": [ [ 72.9713413, 19.2331473 ], [ 72.9714062, 19.2331729 ], [ 72.9714135, 19.2331762 ], [ 72.9714532, 19.2331939 ] ] } },
{ "type": "Feature", "properties": { "name": "Arterial Link", "highway": "residential", "slope_pct": 0.6 }, "geometry": { "type": "LineString", "coordinates": [ [ 72.9714325, 19.2329545 ], [ 72.9714669, 19.2329252 ], [ 72.9716159, 19.2326408 ] ] } },
{ "type": "Feature", "properties": { "name": "Arterial Link", "highway": "residential", "slope_pct": 0.6 }, "geometry": { "type": "LineString", "coordinates": [ [ 72.9715655, 19.2326265 ], [ 72.9714333, 19.2329144 ], [ 72.9714325, 19.2329545 ] ] } },
{ "type": "Feature", "properties": { "name": "Arterial Link", "highway": "residential", "slope_pct": 0.6 }, "geometry": { "type": "LineString", "coordinates": [ [ 72.9714213, 19.2329783 ], [ 72.9713777, 19.2329653 ], [ 72.9711114, 19.232886 ] ] } },
{ "type": "Feature", "properties": { "name": "Arterial Link", "highway": "residential", "slope_pct": 0.6 }, "geometry": { "type": "LineString", "coordinates": [ [ 72.9707823, 19.2324138 ], [ 72.9708041, 19.2323412 ], [ 72.9709386, 19.2318935 ] ] } },
{ "type": "Feature", "properties": { "name": "Arterial Link", "highway": "residential", "slope_pct": 0.6 }, "geometry": { "type": "LineString", "coordinates": [ [ 72.9756827, 19.2330624 ], [ 72.9756715, 19.2331612 ], [ 72.9756513, 19.2333245 ], [ 72.9756571, 19.2333433 ], [ 72.9756966, 19.2333857 ], [ 72.9757076, 19.2334106 ], [ 72.9756954, 19.2336561 ], [ 72.9756115, 19.2337162 ], [ 72.9756124, 19.2337738 ], [ 72.9757946, 19.2339516 ], [ 72.9758231, 19.2339654 ], [ 72.9759704, 19.2339644 ], [ 72.9760205, 19.2339692 ] ] } },
{ "type": "Feature", "properties": { "name": "Arterial Link", "highway": "residential", "slope_pct": 0.6 }, "geometry": { "type": "LineString", "coordinates": [ [ 72.9748787, 19.2330864 ], [ 72.9748798, 19.2329774 ], [ 72.9748831, 19.2329501 ] ] } },
{ "type": "Feature", "properties": { "name": "Arterial Link", "highway": "residential", "slope_pct": 0.6 }, "geometry": { "type": "LineString", "coordinates": [ [ 72.9749806, 19.2330901 ], [ 72.9749903, 19.2329824 ], [ 72.974993, 19.2329517 ] ] } },
{ "type": "Feature", "properties": { "name": "Khewra circle marg", "highway": "tertiary", "slope_pct": 0.6 }, "geometry": { "type": "LineString", "coordinates": [ [ 72.9761146, 19.2331107 ], [ 72.9756827, 19.2330624 ], [ 72.9750051, 19.233091 ], [ 72.9749806, 19.2330901 ], [ 72.9748787, 19.2330864 ], [ 72.9747998, 19.2330835 ], [ 72.9742974, 19.2330899 ], [ 72.9735577, 19.2330557 ], [ 72.9733209, 19.2330415 ], [ 72.9732707, 19.2330362 ], [ 72.9731958, 19.2330279 ], [ 72.9731288, 19.2330213 ], [ 72.9730851, 19.2330167 ], [ 72.9730568, 19.2330115 ], [ 72.9730273, 19.2330066 ], [ 72.9728549, 19.2329748 ], [ 72.9726623, 19.2329367 ], [ 72.9725998, 19.2329207 ], [ 72.9724995, 19.2328914 ], [ 72.9721239, 19.2327816 ], [ 72.9720436, 19.2327618 ], [ 72.9716996, 19.2326645 ], [ 72.9716558, 19.2326521 ], [ 72.9716159, 19.2326408 ], [ 72.9715655, 19.2326265 ], [ 72.971501, 19.2326092 ], [ 72.9711858, 19.2325268 ], [ 72.9707823, 19.2324138 ], [ 72.9703663, 19.2323188 ] ] } }
]
}
