{
"type": "FeatureCollection",
"name": "roads_19.022_72.844",
"crs": { "type": "name", "properties": { "name": "urn:ogc:def:crs:OGC:1.3:CRS84" } },
"features": [
{ "type": "Feature", "properties": { "name": "Senapati Bapat Marg", "highway": "secondary", "slope_pct": 0.6 }, "geometry": { "type": "LineString", "coordinates": [ [ 72.8432969, 19.0204525 ], [ 72.8436731, 19.0211173 ], [ 72.8439445, 19.0215969 ], [ 72.8439782, 19.0216656 ], [ 72.8440935, 19.0219089 ], [ 72.8443001, 19.0223447 ], [ 72.8443304, 19.0224042 ], [ 72.8446355, 19.0230044 ], [ 72.844766, 19.0232732 ], [ 72.8448127, 19.02339 ], [ 72.844906, 19.0236224 ], [ 72.8449718, 19.023788 ], [ 72.8449824, 19.0238145 ], [ 72.8449993, 19.0238568 ], [ 72.8451999, 19.0243585 ], [ 72.8453092, 19.0246229 ], [ 72.8455399, 19.0251812 ], [ 72.8459194, 19.0263362 ], [ 72.8460472, 19.0267215 ], [ 72.8463156, 19.0275301 ], [ 72.8463995, 19.0278205 ], [ 72.8464956, 19.0281482 ], [ 72.84652, 19.0282313 ], [ 72.8465548, 19.02835 ], [ 72.8465869, 19.0284595 ], [ 72.846671, 19.0287461 ], [ 72.8467367, 19.0289701 ], [ 72.8469558, 19.0297167 ], [ 72.8470726, 19.0301145 ], [ 72.8471527, 19.0303876 ], [ 72.8471802, 19.0304743 ], [ 72.8472325, 19.0306474 ], [ 72.8472824, 19.0308147 ], [ 72.8476658, 19.0326526 ], [ 72.8476872, 19.0330412 ], [ 72.8476894, 19.0330808 ], [ 72.8476936, 19.0331568 ], [ 72.8477073, 19.0334038 ], [ 72.8477234, 19.0336961 ], [ 72.8477344, 19.0338949 ], [ 72.8477466, 19.0341157 ], [ 72.8477477, 19.03436 ], [ 72.8477514, 19.0351547 ] ] } },
{ "type": "Feature", "properties": { "name": "Senapati Bapat Marg", "highway": "secondary", "slope_pct": 0.6 }, "geometry": { "type": "LineString", "coordinates": [ [ 72.8478376, 19.0351508 ], [ 72.8478363, 19.0349993 ], [ 72.8478288, 19.0341144 ], [ 72.8478267, 19.0338621 ], [ 72.847817, 19.0336931 ], [ 72.8477858, 19.0331526 ], [ 72.8477558, 19.0326323 ], [ 72.8473735, 19.0307825 ], [ 72.8473275, 19.0306254 ], [ 72.8472518, 19.0303667 ], [ 72.8471689, 19.030086 ], [ 72.8470512, 19.0296878 ], [ 72.8468326, 19.0289482 ], [ 72.8467644, 19.0287176 ], [ 72.8466856, 19.028451 ], [ 72.8466805, 19.0284338 ], [ 72.8465906, 19.0281269 ], [ 72.8464944, 19.0277988 ], [ 72.8464067, 19.0274978 ], [ 72.8463633, 19.027367 ], [ 72.8460105, 19.026304 ], [ 72.8456289, 19.0251444 ], [ 72.8453259, 19.0243998 ], [ 72.8449709, 19.0235221 ], [ 72.8448572, 19.023241 ], [ 72.844719, 19.0229656 ], [ 72.8444165, 19.0223627 ], [ 72.8443868, 19.0223034 ], [ 72.8440629, 19.0216202 ], [ 72.8440356, 19.0215646 ], [ 72.8433751, 19.0204086 ] ] } },
{ "type": "Feature", "properties": { "name": "Arterial Link", "highway": "residential", "slope_pct": 0.6 }, "geometry": { "type": "LineString", "coordinates": [ [ 72.8358649, 19.0147522 ], [ 72.8359301, 19.0146729 ], [ 72.8359385, 19.0146599 ], [ 72.8359453, 19.0146469 ], [ 72.8359628, 19.0146121 ], [ 72.8359914, 19.0145384 ] ] } },
{ "type": "Feature", "properties": { "name": "Arterial Link", "highway": "residential", "slope_pct": 0.6 }, "geometry": { "type": "LineString", "coordinates": [ [ 72.8359077, 19.0148372 ], [ 72.8360107, 19.0147704 ], [ 72.8360381, 19.0147514 ], [ 72.8360881, 19.0147088 ], [ 72.8361087, 19.0146875 ], [ 72.8361241, 19.0146676 ], [ 72.836164, 19.0146046 ] ] } },
{ "type": "Feature", "properties": { "name": "Arterial Link", "highway": "residential", "slope_pct": 0.6 }, "geometry": { "type": "LineString", "coordinates": [ [ 72.8360107, 19.0147704 ], [ 72.8360729, 19.0148543 ] ] } },
{ "type": "Feature", "properties": { "name": "Arterial Link", "highway": "residential", "slope_pct": 0.6 }, "geometry": { "type": "LineString", "coordinates": [ [ 72.836518, 19.0151846 ], [ 72.8364501, 19.0150943 ], [ 72.8363784, 19.0150105 ] ] } },
{ "type": "Feature", "properties": { "name": "Arterial Link", "highway": "residential", "slope_pct": 0.6 }, "geometry": { "type": "LineString", "coordinates": [ [ 72.8363682, 19.0151506 ], [ 72.8364501, 19.0150943 ], [ 72.8365575, 19.0150203 ] ] } },
{ "type": "Feature", "properties": { "name": "V. S. Matkar Marg", "highway": "residential", "slope_pct": 0.6 }, "geometry": { "type": "LineString", "coordinates": [ [ 72.8370347, 19.0131624 ], [ 72.8364608, 19.0136949 ], [ 72.8361798, 19.0139993 ], [ 72.835821, 19.014473 ], [ 72.8354307, 19.0147576 ], [ 72.8352106, 19.014918 ], [ 72.8351503, 19.0150021 ], [ 72.8349647, 19.0152611 ], [ 72.8348736, 19.0153883 ], [ 72.8346983, 19.0156328 ] ] } },
{ "type": "Feature", "properties": { "name": "Arterial Link", "highway": "residential", "slope_pct": 0.6 }, "geometry": { "type": "LineString", "coordinates": [ [ 72.8342351, 19.0118209 ], [ 72.8347738, 19.0122998 ], [ 72.8352111, 19.0126884 ], [ 72.8355998, 19.0130339 ], [ 72.8356658, 19.0130907 ], [ 72.8359426, 19.0133231 ], [ 72.8361905, 19.013428 ], [ 72.8364608, 19.0136949 ], [ 72.8374855, 19.0146763 ] ] } },
{ "type": "Feature", "properties": { "name": "Raobahadur S.K. Bole Marg", "highway": "primary", "slope_pct": 0.6 }, "geometry": { "type": "LineString", "coordinates": [ [ 72.8385763, 19.0201419 ], [ 72.8382855, 19.0201364 ], [ 72.8380749, 19.0200663 ], [ 72.8380101, 19.0200447 ], [ 72.8377724, 19.0199378 ], [ 72.8377474, 19.0199225 ], [ 72.8375597, 19.0198078 ], [ 72.837556, 19.0198055 ], [ 72.8371866, 19.0195435 ], [ 72.8369124, 19.019349 ], [ 72.8367816, 19.019256 ], [ 72.8365307, 19.0190864 ] ] } },
{ "type": "Feature", "properties": { "name": "D S Babrekar Marg", "highway": "tertiary", "slope_pct": 0.6 }, "geometry": { "type": "LineString", "coordinates": [ [ 72.8361502, 19.0217896 ], [ 72.8358184, 19.0217881 ], [ 72.8356191, 19.0218374 ], [ 72.8353197, 19.0219643 ], [ 72.8352611, 19.0220073 ], [ 72.8351757, 19.0220979 ], [ 72.8350392, 19.0222426 ], [ 72.834419, 19.0226594 ] ] } },
{ "type": "Feature", "properties": { "name": "Senapati Bapat Marg", "highway": "primary", "slope_pct": 0.6 }, "geometry": { "type": "LineString", "coordinates": [ [ 72.8410193, 19.017158 ], [ 72.8409814, 19.0171166 ], [ 72.840269, 19.0163393 ], [ 72.8399825, 19.0160266 ], [ 72.8395321, 19.0155508 ], [ 72.8394954, 19.015513 ], [ 72.8393671, 19.0153778 ], [ 72.8392049, 19.0152068 ], [ 72.8387172, 19.0146927 ], [ 72.8371642, 19.0130554 ], [ 72.836574, 19.0124473 ], [ 72.83649, 19.0123554 ], [ 72.836396, 19.0122525 ], [ 72.8363804, 19.0122355 ], [ 72.8362182, 19.0120581 ] ] } },
{ "type": "Feature", "properties": { "name": "Baburao Parulekar Marg", "highway": "residential", "slope_pct": 0.6 }, "geometry": { "type": "LineString", "coordinates": [ [ 72.8350047, 19.0160909 ], [ 72.8351488, 19.0161028 ], [ 72.835659, 19.0161451 ], [ 72.8360103, 19.0161607 ], [ 72.8362406, 19.0161051 ], [ 72.836467, 19.0160449 ], [ 72.8364935, 19.0160379 ], [ 72.8365167, 19.0160316 ], [ 72.8365664, 19.0160184 ], [ 72.8366209, 19.0160039 ], [ 72.8367866, 19.0159598 ], [ 72.8369049, 19.0159227 ], [ 72.8371605, 19.0158427 ] ] } },
{ "type": "Feature", "properties": { "name": "Senapati Bapat Marg", "highway": "primary", "slope_pct": 0.6 }, "geometry": { "type": "LineString", "coordinates": [ [ 72.8360819, 19.0121711 ], [ 72.8363772, 19.0124783 ], [ 72.8370347, 19.0131624 ], [ 72.8385995, 19.0147902 ], [ 72.8389904, 19.0151968 ], [ 72.8390943, 19.0153049 ], [ 72.839184, 19.0153983 ], [ 72.8392525, 19.0154695 ], [ 72.8393859, 19.0156083 ], [ 72.8395299, 19.0157581 ], [ 72.8398745, 19.0161166 ], [ 72.8401604, 19.0164247 ], [ 72.8401914, 19.0164582 ], [ 72.8403917, 19.0166504 ], [ 72.8407468, 19.0170164 ], [ 72.8409262, 19.0171634 ], [ 72.8409831, 19.01721 ] ] } },
{ "type": "Feature", "properties": { "name": "Bhawani Shankar Marg", "highway": "secondary", "slope_pct": 0.6 }, "geometry": { "type": "LineString", "coordinates": [ [ 72.8341858, 19.0137198 ], [ 72.8344601, 19.0138519 ], [ 72.8352127, 19.0142228 ], [ 72.835821, 19.014473 ], [ 72.8359914, 19.0145384 ], [ 72.836164, 19.0146046 ], [ 72.836397, 19.014694 ], [ 72.8365449, 19.0147747 ], [ 72.8365918, 19.0148124 ], [ 72.8367652, 19.0149519 ], [ 72.8368295, 19.0150038 ], [ 72.8370454, 19.015219 ], [ 72.8372333, 19.0155418 ], [ 72.8373702, 19.015777 ] ] } },
{ "type": "Feature", "properties": { "name": "Arterial Link", "highway": "residential", "slope_pct": 0.6 }, "geometry": { "type": "LineString", "coordinates": [ [ 72.835659, 19.0161451 ], [ 72.835682, 19.0160422 ], [ 72.8357051, 19.0159394 ], [ 72.8357085, 19.0158147 ], [ 72.8356647, 19.0156906 ], [ 72.8356018, 19.0155069 ], [ 72.8356004, 19.015503 ], [ 72.8355424, 19.0153933 ], [ 72.8355172, 19.0153457 ], [ 72.8354555, 19.0152722 ], [ 72.8353134, 19.0151201 ], [ 72.8352599, 19.0150783 ], [ 72.835228, 19.0150519 ], [ 72.8351503, 19.0150021 ] ] } },
{ "type": "Feature", "properties": { "name": "Arterial Link", "highway": "residential", "slope_pct": 0.6 }, "geometry": { "type": "LineString", "coordinates": [ [ 72.8368148, 19.0173236 ], [ 72.8367784, 19.0172074 ], [ 72.83667, 19.0168611 ] ] } },
{ "type": "Feature", "properties": { "name": "Arterial Link", "highway": "residential", "slope_pct": 0.6 }, "geometry": { "type": "LineString", "coordinates": [ [ 72.836956, 19.0207702 ], [ 72.8366796, 19.0209032 ] ] } },
{ "type": "Feature", "properties": { "name": "D S Babrekar Marg", "highway": "tertiary", "slope_pct": 0.6 }, "geometry": { "type": "LineString", "coordinates": [ [ 72.836347, 19.0217944 ], [ 72.8368856, 19.0217723 ], [ 72.8370917, 19.0217638 ], [ 72.8374135, 19.0217537 ], [ 72.8376082, 19.021783 ] ] } },
{ "type": "Feature", "properties": { "name": "Gokhale Road", "highway": "primary", "slope_pct": 0.6 }, "geometry": { "type": "LineString", "coordinates": [ [ 72.8385859, 19.0227708 ], [ 72.8382998, 19.0224304 ], [ 72.8379241, 19.0219832 ], [ 72.8377027, 19.0217004 ], [ 72.8376543, 19.0216357 ], [ 72.8375805, 19.021537 ], [ 72.8374586, 19.021344 ], [ 72.8373325, 19.0211443 ], [ 72.8371983, 19.0209318 ], [ 72.8371396, 19.0208388 ], [ 72.8371298, 19.0208232 ], [ 72.8370382, 19.0206838 ], [ 72.8366275, 19.0200375 ], [ 72.8364748, 19.0197258 ], [ 72.8362822, 19.0193323 ], [ 72.8360765, 19.0189086 ] ] } },
{ "type": "Feature", "properties": { "name": "HM Patil Road", "highway": "residential", "slope_pct": 0.6 }, "geometry": { "type": "LineString", "coordinates": [ [ 72.836347, 19.0217944 ], [ 72.8364487, 19.0219538 ] ] } },
{ "type": "Feature", "properties": { "name": "Professor V.S. Agashe Marg", "highway": "tertiary", "slope_pct": 0.6 }, "geometry": { "type": "LineString", "coordinates": [ [ 72.8380555, 19.0170238 ], [ 72.8378119, 19.0170948 ], [ 72.8377342, 19.0171174 ], [ 72.837228, 19.017265 ], [ 72.8368475, 19.0173721 ], [ 72.8368191, 19.0173801 ], [ 72.836642, 19.0174407 ], [ 72.8365811, 19.0174599 ], [ 72.8364045, 19.0175128 ], [ 72.8362867, 19.0175446 ], [ 72.8362525, 19.0175551 ], [ 72.8355669, 19.0177596 ] ] } },
{ "type": "Feature", "properties": { "name": "K,W, Chitale Marg", "highway": "residential", "slope_pct": 0.6 }, "geometry": { "type": "LineString", "coordinates": [ [ 72.8370951, 19.0183459 ], [ 72.8365307, 19.0190864 ] ] } },
{ "type": "Feature", "properties": { "name": "Gokhale Road", "highway": "primary", "slope_pct": 0.6 }, "geometry": { "type": "LineString", "coordinates": [ [ 72.836014, 19.0190416 ], [ 72.8361587, 19.0193426 ], [ 72.836366, 19.0197737 ], [ 72.8365112, 19.0200705 ], [ 72.8365992, 19.0202078 ], [ 72.836956, 19.0207702 ], [ 72.8373268, 19.0213537 ], [ 72.8374347, 19.0215235 ], [ 72.8374642, 19.0215699 ], [ 72.8376082, 19.021783 ] ] } },
{ "type": "Feature", "properties": { "name": "Arterial Link", "highway": "residential", "slope_pct": 0.6 }, "geometry": { "type": "LineString", "coordinates": [ [ 72.8367784, 19.0172074 ], [ 72.8365526, 19.0172617 ], [ 72.8365343, 19.0172702 ], [ 72.8365286, 19.0172761 ], [ 72.8365265, 19.0172884 ], [ 72.8365651, 19.01741 ], [ 72.83657, 19.0174254 ], [ 72.8365811, 19.0174599 ] ] } },
{ "type": "Feature", "properties": { "name": "Arterial Link", "highway": "residential", "slope_pct": 0.6 }, "geometry": { "type": "LineString", "coordinates": [ [ 72.8366561, 19.0174818 ], [ 72.8367556, 19.0177717 ] ] } },
{ "type": "Feature", "properties": { "name": "Swatantrya Veer Savarkar Marg", "highway": "secondary", "slope_pct": 0.6 }, "geometry": { "type": "LineString", "coordinates": [ [ 72.835778, 19.0252773 ], [ 72.8355208, 19.0248394 ], [ 72.8352582, 19.0243361 ], [ 72.8349367, 19.0236886 ], [ 72.8348, 19.0234134 ], [ 72.8346571, 19.0231255 ], [ 72.8345353, 19.0228803 ], [ 72.8344998, 19.0228129 ], [ 72.834419, 19.0226594 ], [ 72.8343444, 19.022535 ], [ 72.8329312, 19.020631 ], [ 72.8327775, 19.0204566 ], [ 72.8326971, 19.0203527 ], [ 72.8322861, 19.0198213 ] ] } },
{ "type": "Feature", "properties": { "name": "Arterial Link", "highway": "residential", "slope_pct": 0.6 }, "geometry": { "type": "LineString", "coordinates": [ [ 72.8365725, 19.0156479 ], [ 72.8366499, 19.0157844 ], [ 72.8366546, 19.0157892 ], [ 72.8366619, 19.0157913 ], [ 72.836671, 19.0157896 ], [ 72.8367941, 19.0157454 ], [ 72.8369969, 19.0156753 ], [ 72.837005, 19.0156655 ], [ 72.837005, 19.0156558 ], [ 72.8370028, 19.0156454 ], [ 72.8369232, 19.0154926 ], [ 72.8369201, 19.0154895 ], [ 72.8369161, 19.0154869 ], [ 72.8369112, 19.0154858 ], [ 72.8369063, 19.0154863 ], [ 72.8366916, 19.0155899 ] ] } },
{ "type": "Feature", "properties": { "name": "Arterial Link", "highway": "residential", "slope_pct": 0.6 }, "geometry": { "type": "LineString", "coordinates": [ [ 72.8367941, 19.0157454 ], [ 72.8366916, 19.0155899 ], [ 72.8366108, 19.0154672 ], [ 72.8366091, 19.0154597 ], [ 72.8366097, 19.015454 ], [ 72.8366123, 19.0154484 ], [ 72.836615, 19.0154447 ], [ 72.8366409, 19.0154298 ], [ 72.8368383, 19.0153206 ], [ 72.8368426, 19.0153163 ], [ 72.8368453, 19.0153083 ], [ 72.8368426, 19.0153017 ], [ 72.8368133, 19.0152493 ], [ 72.8368098, 19.0152453 ], [ 72.8368037, 19.0152438 ], [ 72.8367975, 19.0152442 ], [ 72.8365966, 19.0153619 ] ] } },
{ "type": "Feature", "properties": { "name": "Arterial Link", "highway": "residential", "slope_pct": 0.6 }, "geometry": { "type": "LineString", "coordinates": [ [ 72.8363358, 19.0153147 ], [ 72.8364781, 19.0152409 ], [ 72.8367631, 19.0150929 ] ] } },
{ "type": "Feature", "properties": { "name": "Arterial Link", "highway": "residential", "slope_pct": 0.6 }, "geometry": { "type": "LineString", "coordinates": [ [ 72.8364781, 19.0152409 ], [ 72.8365588, 19.0153761 ], [ 72.836561, 19.0153782 ], [ 72.8365639, 19.0153788 ], [ 72.8365669, 19.0153782 ], [ 72.8365695, 19.0153773 ], [ 72.8365966, 19.0153619 ], [ 72.8366409, 19.0154298 ] ] } },
{ "type": "Feature", "properties": { "name": "Arterial Link", "highway": "residential", "slope_pct": 0.6 }, "geometry": { "type": "LineString", "coordinates": [ [ 72.8368367, 19.0168256 ], [ 72.83667, 19.0168611 ], [ 72.8364809, 19.0169014 ], [ 72.8364751, 19.0169053 ], [ 72.836472, 19.0169122 ], [ 72.836472, 19.0169195 ], [ 72.8365054, 19.0170768 ], [ 72.8365526, 19.0172617 ] ] } },
{ "type": "Feature", "properties": { "name": "Arterial Link", "highway": "residential", "slope_pct": 0.6 }, "geometry": { "type": "LineString", "coordinates": [ [ 72.8365651, 19.01741 ], [ 72.8368086, 19.0173436 ] ] } },
{ "type": "Feature", "properties": { "name": "Arterial Link", "highway": "residential", "slope_pct": 0.6 }, "geometry": { "type": "LineString", "coordinates": [ [ 72.8367435, 19.0164949 ], [ 72.8366526, 19.0161311 ], [ 72.8366209, 19.0160039 ] ] } },
{ "type": "Feature", "properties": { "name": "Arterial Link", "highway": "residential", "slope_pct": 0.6 }, "geometry": { "type": "LineString", "coordinates": [ [ 72.8364878, 19.0149265 ], [ 72.8363784, 19.0150105 ], [ 72.8362295, 19.0151003 ], [ 72.8362223, 19.0151095 ], [ 72.8362223, 19.0151207 ], [ 72.8363021, 19.0152762 ], [ 72.8363129, 19.0152843 ], [ 72.8363285, 19.0152866 ], [ 72.8363412, 19.0152835 ], [ 72.836518, 19.0151846 ], [ 72.8367529, 19.0150483 ], [ 72.8368295, 19.0150038 ] ] } },
{ "type": "Feature", "properties": { "name": "Arterial Link", "highway": "residential", "slope_pct": 0.6 }, "geometry": { "type": "LineString", "coordinates": [ [ 72.8366318, 19.0179945 ], [ 72.8368192, 19.0179341 ], [ 72.836917, 19.0179026 ], [ 72.8369641, 19.0178874 ] ] } },
{ "type": "Feature", "properties": { "name": "Arterial Link", "highway": "residential", "slope_pct": 0.6 }, "geometry": { "type": "LineString", "coordinates": [ [ 72.8362209, 19.0214122 ], [ 72.8363602, 19.0213615 ], [ 72.8363808, 19.0213624 ], [ 72.8363939, 19.0213784 ], [ 72.8364548, 19.0215262 ], [ 72.8364688, 19.0215448 ], [ 72.8364922, 19.0215492 ], [ 72.8367806, 19.0215492 ], [ 72.8368019, 19.0215544 ], [ 72.8368106, 19.0215703 ], [ 72.8368856, 19.0217723 ] ] } },
{ "type": "Feature", "properties": { "name": "Arterial Link", "highway": "residential", "slope_pct": 0.6 }, "geometry": { "type": "LineString", "coordinates": [ [ 72.8361502, 19.0217896 ], [ 72.8361548, 19.0218344 ], [ 72.8361569, 19.0218576 ], [ 72.8361654, 19.0219799 ], [ 72.8361684, 19.021992 ], [ 72.8361758, 19.0219974 ], [ 72.8361881, 19.0219989 ], [ 72.8363302, 19.0219934 ], [ 72.8363508, 19.0219897 ], [ 72.8363873, 19.0219763 ], [ 72.8364095, 19.0219672 ], [ 72.8364487, 19.0219538 ] ] } },
{ "type": "Feature", "properties": { "name": "Arterial Link", "highway": "residential", "slope_pct": 0.6 }, "geometry": { "type": "LineString", "coordinates": [ [ 72.8356018, 19.0155069 ], [ 72.8358538, 19.015379 ], [ 72.8358603, 19.0153716 ], [ 72.8358623, 19.0153634 ], [ 72.8357934, 19.0152558 ], [ 72.8357809, 19.0152342 ] ] } },
{ "type": "Feature", "properties": { "name": "Arterial Link", "highway": "residential", "slope_pct": 0.6 }, "geometry": { "type": "LineString", "coordinates": [ [ 72.8356765, 19.0152482 ], [ 72.835701, 19.0152889 ], [ 72.8357092, 19.0152947 ], [ 72.8357215, 19.0152932 ], [ 72.8357934, 19.0152558 ] ] } },
{ "type": "Feature", "properties": { "name": "Arterial Link", "highway": "residential", "slope_pct": 0.6 }, "geometry": { "type": "LineString", "coordinates": [ [ 72.8355518, 19.0187984 ], [ 72.8355981, 19.0188042 ], [ 72.8356201, 19.0188188 ], [ 72.8356286, 19.0188382 ], [ 72.8356299, 19.0188678 ], [ 72.8355702, 19.0194145 ], [ 72.8355697, 19.0194554 ], [ 72.8355815, 19.0194938 ], [ 72.8357292, 19.0196791 ] ] } },
{ "type": "Feature", "properties": { "name": "Gokhale Road", "highway": "primary", "slope_pct": 0.6 }, "geometry": { "type": "LineString", "coordinates": [ [ 72.8360462, 19.018829 ], [ 72.835894, 19.0185126 ] ] } },
{ "type": "Feature", "properties": { "name": "V Manjrekar Marg", "highway": "residential", "slope_pct": 0.6 }, "geometry": { "type": "LineString", "coordinates": [ [ 72.8348138, 19.0205016 ], [ 72.8350242, 19.0203187 ], [ 72.8352274, 19.020142 ], [ 72.8352476, 19.0201244 ], [ 72.8355609, 19.019852 ], [ 72.8357292, 19.0196791 ], [ 72.8358069, 19.0195729 ], [ 72.8358884, 19.0194036 ] ] } },
{ "type": "Feature", "properties": { "name": "Raobahadur S.K. Bole Marg", "highway": "primary", "slope_pct": 0.6 }, "geometry": { "type": "LineString", "coordinates": [ [ 72.8357847, 19.0185365 ], [ 72.835894, 19.0185126 ] ] } },
{ "type": "Feature", "properties": { "name": "Raobahadur S.K. Bole Marg", "highway": "primary", "slope_pct": 0.6 }, "geometry": { "type": "LineString", "coordinates": [ [ 72.8365307, 19.0190864 ], [ 72.8364813, 19.0190421 ] ] } },
{ "type": "Feature", "properties": { "name": "Raobahadur S.K. Bole Marg", "highway": "primary", "slope_pct": 0.6 }, "geometry": { "type": "LineString", "coordinates": [ [ 72.8363769, 19.0189523 ], [ 72.8361502, 19.018842 ] ] } },
{ "type": "Feature", "properties": { "name": "K,W, Chitale Marg", "highway": "primary_link", "slope_pct": 0.6 }, "geometry": { "type": "LineString", "coordinates": [ [ 72.8362822, 19.0193323 ], [ 72.8363071, 19.0192763 ], [ 72.8363541, 19.0191951 ], [ 72.8363846, 19.0191544 ], [ 72.8364457, 19.0191117 ], [ 72.8365307, 19.0190864 ] ] } },
{ "type": "Feature", "properties": { "name": "Arterial Link", "highway": "residential", "slope_pct": 0.6 }, "geometry": { "type": "LineString", "coordinates": [ [ 72.836044, 19.0163832 ], [ 72.8360247, 19.0162558 ], [ 72.8360192, 19.0162189 ], [ 72.8360103, 19.0161607 ] ] } },
{ "type": "Feature", "properties": { "name": "Raobahadur S.K. Bole Marg", "highway": "primary", "slope_pct": 0.6 }, "geometry": { "type": "LineString", "coordinates": [ [ 72.8360462, 19.018829 ], [ 72.8359206, 19.0188309 ] ] } },
{ "type": "Feature", "properties": { "name": "Raobahadur S.K. Bole Marg", "highway": "primary", "slope_pct": 0.6 }, "geometry": { "type": "LineString", "coordinates": [ [ 72.8359669, 19.0189436 ], [ 72.8360765, 19.0189086 ] ] } },
{ "type": "Feature", "properties": { "name": "Gokhale Road", "highway": "primary", "slope_pct": 0.6 }, "geometry": { "type": "LineString", "coordinates": [ [ 72.8360765, 19.0189086 ], [ 72.8360462, 19.018829 ] ] } },
{ "type": "Feature", "properties": { "name": "Raobahadur S.K. Bole Marg", "highway": "primary", "slope_pct": 0.6 }, "geometry": { "type": "LineString", "coordinates": [ [ 72.8360765, 19.0189086 ], [ 72.8361415, 19.0189225 ], [ 72.8363487, 19.0190157 ], [ 72.8364813, 19.0190421 ] ] } },
{ "type": "Feature", "properties": { "name": "Raobahadur S.K. Bole Marg", "highway": "primary", "slope_pct": 0.6 }, "geometry": { "type": "LineString", "coordinates": [ [ 72.8364813, 19.0190421 ], [ 72.8363769, 19.0189523 ] ] } },
{ "type": "Feature", "properties": { "name": "Gokhale Road", "highway": "primary", "slope_pct": 0.6 }, "geometry": { "type": "LineString", "coordinates": [ [ 72.8359669, 19.0189436 ], [ 72.836014, 19.0190416 ] ] } },
{ "type": "Feature", "properties": { "name": "Gokhale Road", "highway": "primary", "slope_pct": 0.6 }, "geometry": { "type": "LineString", "coordinates": [ [ 72.8359206, 19.0188309 ], [ 72.8359669, 19.0189436 ] ] } },
{ "type": "Feature", "properties": { "name": "Gokhale Road", "highway": "primary", "slope_pct": 0.6 }, "geometry": { "type": "LineString", "coordinates": [ [ 72.8357847, 19.0185365 ], [ 72.8359206, 19.0188309 ] ] } },
{ "type": "Feature", "properties": { "name": "Gokhale Road", "highway": "primary", "slope_pct": 0.6 }, "geometry": { "type": "LineString", "coordinates": [ [ 72.8357879, 19.0182612 ], [ 72.8355669, 19.0177596 ], [ 72.8352842, 19.0170461 ], [ 72.8351767, 19.0167924 ], [ 72.8349158, 19.0161764 ], [ 72.8348704, 19.0160692 ], [ 72.8348437, 19.0160062 ] ] } },
{ "type": "Feature", "properties": { "name": "Gokhale Road", "highway": "primary", "slope_pct": 0.6 }, "geometry": { "type": "LineString", "coordinates": [ [ 72.8348156, 19.0161973 ], [ 72.8348767, 19.0163482 ], [ 72.8354625, 19.0177946 ], [ 72.8357426, 19.0184426 ], [ 72.8357847, 19.0185365 ] ] } },
{ "type": "Feature", "properties": { "name": "D S Babrekar Marg", "highway": "tertiary", "slope_pct": 0.6 }, "geometry": { "type": "LineString", "coordinates": [ [ 72.8361502, 19.0217896 ], [ 72.836347, 19.0217944 ] ] } },
{ "type": "Feature", "properties": { "name": "V Manjrekar Marg", "highway": "residential", "slope_pct": 0.6 }, "geometry": { "type": "LineString", "coordinates": [ [ 72.836014, 19.0190416 ], [ 72.8359947, 19.019119 ], [ 72.8358884, 19.0194036 ] ] } },
{ "type": "Feature", "properties": { "name": "V Manjrekar Marg", "highway": "residential", "slope_pct": 0.6 }, "geometry": { "type": "LineString", "coordinates": [ [ 72.8358884, 19.0194036 ], [ 72.8361587, 19.0193426 ] ] } },
{ "type": "Feature", "properties": { "name": "Arterial Link", "highway": "residential", "slope_pct": 0.6 }, "geometry": { "type": "LineString", "coordinates": [ [ 72.836366, 19.0197737 ], [ 72.8360958, 19.0200173 ], [ 72.8359793, 19.020155 ], [ 72.8359256, 19.0203147 ], [ 72.8359281, 19.0204726 ] ] } },
{ "type": "Feature", "properties": { "name": "Arterial Link", "highway": "residential", "slope_pct": 0.6 }, "geometry": { "type": "LineString", "coordinates": [ [ 72.8351767, 19.0167924 ], [ 72.8355059, 19.0167008 ], [ 72.8356915, 19.0166319 ], [ 72.8357815, 19.0165466 ] ] } },
{ "type": "Feature", "properties": { "name": "Arterial Link", "highway": "residential", "slope_pct": 0.6 }, "geometry": { "type": "LineString", "coordinates": [ [ 72.8362987, 19.0180496 ], [ 72.8363005, 19.0180536 ], [ 72.8363031, 19.0180567 ], [ 72.8363073, 19.0180588 ], [ 72.8363122, 19.0180593 ], [ 72.836417, 19.0180262 ], [ 72.8364221, 19.0180239 ], [ 72.8364247, 19.0180199 ], [ 72.8364248, 19.018015 ], [ 72.8364234, 19.018008 ], [ 72.8363575, 19.0178348 ], [ 72.836279, 19.0176236 ], [ 72.8362525, 19.0175551 ] ] } },
{ "type": "Feature", "properties": { "name": "Arterial Link", "highway": "residential", "slope_pct": 0.6 }, "geometry": { "type": "LineString", "coordinates": [ [ 72.8357879, 19.0182612 ], [ 72.8361476, 19.0181569 ], [ 72.8363439, 19.0181 ] ] } },
{ "type": "Feature", "properties": { "name": "Arterial Link", "highway": "residential", "slope_pct": 0.6 }, "geometry": { "type": "LineString", "coordinates": [ [ 72.836642, 19.0174407 ], [ 72.8366561, 19.0174818 ] ] } },
{ "type": "Feature", "properties": { "name": "Arterial Link", "highway": "residential", "slope_pct": 0.6 }, "geometry": { "type": "LineString", "coordinates": [ [ 72.8364045, 19.0175128 ], [ 72.8364297, 19.0175802 ], [ 72.836437, 19.017598 ], [ 72.8365143, 19.0178006 ], [ 72.8365861, 19.0179889 ], [ 72.8365867, 19.017995 ], [ 72.8365855, 19.0180001 ], [ 72.8365805, 19.0180045 ], [ 72.8364813, 19.0180378 ], [ 72.836471, 19.0180385 ], [ 72.8364614, 19.0180336 ], [ 72.836455, 19.0180243 ], [ 72.8363898, 19.0178391 ], [ 72.8363189, 19.0176374 ], [ 72.8363104, 19.0176135 ], [ 72.8362867, 19.0175446 ] ] } },
{ "type": "Feature", "properties": { "name": "Raobahadur S.K. Bole Marg", "highway": "primary", "slope_pct": 0.6 }, "geometry": { "type": "LineString", "coordinates": [ [ 72.8361502, 19.018842 ], [ 72.8360462, 19.018829 ] ] } },
{ "type": "Feature", "properties": { "name": "Raobahadur S.K. Bole Marg", "highway": "primary", "slope_pct": 0.6 }, "geometry": { "type": "LineString", "coordinates": [ [ 72.8355503, 19.0184959 ], [ 72.835599, 19.0185081 ], [ 72.8357847, 19.0185365 ] ] } },
{ "type": "Feature", "properties": { "name": "Gokhale Road", "highway": "primary", "slope_pct": 0.6 }, "geometry": { "type": "LineString", "coordinates": [ [ 72.835894, 19.0185126 ], [ 72.8358527, 19.0184236 ], [ 72.8357879, 19.0182612 ] ] } },
{ "type": "Feature", "properties": { "name": "Arterial Link", "highway": "residential", "slope_pct": 0.6 }, "geometry": { "type": "LineString", "coordinates": [ [ 72.8364728, 19.015693 ], [ 72.8365725, 19.0156479 ], [ 72.8366407, 19.0156183 ] ] } },
{ "type": "Feature", "properties": { "name": "Arterial Link", "highway": "residential", "slope_pct": 0.6 }, "geometry": { "type": "LineString", "coordinates": [ [ 72.836324, 19.0169104 ], [ 72.8362806, 19.0170098 ], [ 72.8362843, 19.0170244 ], [ 72.8362902, 19.0170369 ], [ 72.8363042, 19.0170459 ], [ 72.8365054, 19.0170768 ] ] } },
{ "type": "Feature", "properties": { "name": "Arterial Link", "highway": "residential", "slope_pct": 0.6 }, "geometry": { "type": "LineString", "coordinates": [ [ 72.8366457, 19.0167995 ], [ 72.8364981, 19.0161757 ], [ 72.8364945, 19.0161607 ], [ 72.836467, 19.0160449 ] ] } },
{ "type": "Feature", "properties": { "name": "Arterial Link", "highway": "residential", "slope_pct": 0.6 }, "geometry": { "type": "LineString", "coordinates": [ [ 72.8363065, 19.0165915 ], [ 72.8363023, 19.0165607 ], [ 72.8362796, 19.0163931 ], [ 72.8362406, 19.0161051 ] ] } },
{ "type": "Feature", "properties": { "name": "Arterial Link", "highway": "residential", "slope_pct": 0.6 }, "geometry": { "type": "LineString", "coordinates": [ [ 72.8362796, 19.0163931 ], [ 72.8364172, 19.016369 ] ] } },
{ "type": "Feature", "properties": { "name": "Arterial Link", "highway": "residential", "slope_pct": 0.6 }, "geometry": { "type": "LineString", "coordinates": [ [ 72.8363023, 19.0165607 ], [ 72.8364603, 19.0165341 ] ] } },
{ "type": "Feature", "properties": { "name": "Arterial Link", "highway": "residential", "slope_pct": 0.6 }, "geometry": { "type": "LineString", "coordinates": [ [ 72.8363426, 19.0158497 ], [ 72.8364363, 19.0158106 ], [ 72.8364409, 19.0158098 ], [ 72.836445, 19.0158103 ], [ 72.8364481, 19.0158123 ], [ 72.8364508, 19.0158159 ], [ 72.8365113, 19.0159514 ], [ 72.8365119, 19.0159562 ], [ 72.8365111, 19.0159607 ], [ 72.836509, 19.0159639 ], [ 72.8364913, 19.015971 ], [ 72.8364688, 19.0159799 ], [ 72.836442, 19.0159906 ], [ 72.8364235, 19.015998 ], [ 72.8364197, 19.0159988 ], [ 72.8364175, 19.0159984 ], [ 72.8364148, 19.0159974 ], [ 72.8364107, 19.01599 ] ] } },
{ "type": "Feature", "properties": { "name": "Arterial Link", "highway": "residential", "slope_pct": 0.6 }, "geometry": { "type": "LineString", "coordinates": [ [ 72.8364935, 19.0160379 ], [ 72.8364793, 19.0160046 ], [ 72.8364688, 19.0159799 ] ] } },
{ "type": "Feature", "properties": { "name": "Arterial Link", "highway": "residential", "slope_pct": 0.6 }, "geometry": { "type": "LineString", "coordinates": [ [ 72.836442, 19.0159906 ], [ 72.8364525, 19.0160134 ], [ 72.836467, 19.0160449 ] ] } },
{ "type": "Feature", "properties": { "name": "Arterial Link", "highway": "residential", "slope_pct": 0.6 }, "geometry": { "type": "LineString", "coordinates": [ [ 72.8364913, 19.015971 ], [ 72.8365018, 19.015996 ], [ 72.8365167, 19.0160316 ] ] } },
{ "type": "Feature", "properties": { "name": "Arterial Link", "highway": "residential", "slope_pct": 0.6 }, "geometry": { "type": "LineString", "coordinates": [ [ 72.8365664, 19.0160184 ], [ 72.8364662, 19.0157993 ], [ 72.8364599, 19.0157839 ], [ 72.8363955, 19.0156693 ] ] } },
{ "type": "Feature", "properties": { "name": "Arterial Link", "highway": "residential", "slope_pct": 0.6 }, "geometry": { "type": "LineString", "coordinates": [ [ 72.8362987, 19.0180496 ], [ 72.8362395, 19.0178796 ], [ 72.8362395, 19.0178719 ], [ 72.8362453, 19.0178657 ], [ 72.8363575, 19.0178348 ] ] } },
{ "type": "Feature", "properties": { "name": "Arterial Link", "highway": "residential", "slope_pct": 0.6 }, "geometry": { "type": "LineString", "coordinates": [ [ 72.8360646, 19.0179532 ], [ 72.8361476, 19.0181569 ] ] } },
{ "type": "Feature", "properties": { "name": "Arterial Link", "highway": "residential", "slope_pct": 0.6 }, "geometry": { "type": "LineString", "coordinates": [ [ 72.8362209, 19.0214122 ], [ 72.836347, 19.0217944 ] ] } },
{ "type": "Feature", "properties": { "name": "Arterial Link", "highway": "residential", "slope_pct": 0.6 }, "geometry": { "type": "LineString", "coordinates": [ [ 72.835378, 19.0156121 ], [ 72.8354015, 19.0156706 ], [ 72.8354263, 19.0157323 ], [ 72.835465, 19.0158283 ], [ 72.8354757, 19.0158376 ], [ 72.8354879, 19.0158404 ], [ 72.8357085, 19.0158147 ] ] } },
{ "type": "Feature", "properties": { "name": "Arterial Link", "highway": "residential", "slope_pct": 0.6 }, "geometry": { "type": "LineString", "coordinates": [ [ 72.8357051, 19.0159394 ], [ 72.8357971, 19.0159381 ], [ 72.835816, 19.0159323 ], [ 72.8358258, 19.0159202 ], [ 72.8358237, 19.0158331 ], [ 72.8358201, 19.0158176 ], [ 72.835816, 19.0158084 ], [ 72.8357991, 19.0158036 ], [ 72.8357085, 19.0158147 ] ] } },
{ "type": "Feature", "properties": { "name": "Arterial Link", "highway": "residential", "slope_pct": 0.6 }, "geometry": { "type": "LineString", "coordinates": [ [ 72.8363602, 19.020328 ], [ 72.8364959, 19.0202603 ], [ 72.8365992, 19.0202078 ] ] } },
{ "type": "Feature", "properties": { "name": "Arterial Link", "highway": "primary", "slope_pct": 0.6 }, "geometry": { "type": "LineString", "coordinates": [ [ 72.8357426, 19.0184426 ], [ 72.835626, 19.0184615 ], [ 72.8355503, 19.0184959 ] ] } },
{ "type": "Feature", "properties": { "name": "Arterial Link", "highway": "primary", "slope_pct": 0.6 }, "geometry": { "type": "LineString", "coordinates": [ [ 72.8358527, 19.0184236 ], [ 72.8357426, 19.0184426 ] ] } },
{ "type": "Feature", "properties": { "name": "Arterial Link", "highway": "residential", "slope_pct": 0.6 }, "geometry": { "type": "LineString", "coordinates": [ [ 72.8365143, 19.0178006 ], [ 72.8363898, 19.0178391 ] ] } },
{ "type": "Feature", "properties": { "name": "Arterial Link", "highway": "residential", "slope_pct": 0.6 }, "geometry": { "type": "LineString", "coordinates": [ [ 72.8363189, 19.0176374 ], [ 72.836437, 19.017598 ] ] } },
{ "type": "Feature", "properties": { "name": "Arterial Link", "highway": "residential", "slope_pct": 0.6 }, "geometry": { "type": "LineString", "coordinates": [ [ 72.8364981, 19.0161757 ], [ 72.8366094, 19.0161507 ] ] } },
{ "type": "Feature", "properties": { "name": "Arterial Link", "highway": "residential", "slope_pct": 0.6 }, "geometry": { "type": "LineString", "coordinates": [ [ 72.836044, 19.0163832 ], [ 72.8360662, 19.0165791 ], [ 72.8360681, 19.0167925 ], [ 72.8360375, 19.0168307 ], [ 72.8359227, 19.0168645 ], [ 72.8358957, 19.0168943 ], [ 72.835893, 19.0169182 ], [ 72.8359587, 19.0170674 ] ] } },
{ "type": "Feature", "properties": { "name": "Arterial Link", "highway": "residential", "slope_pct": 0.6 }, "geometry": { "type": "LineString", "coordinates": [ [ 72.8359227, 19.0168645 ], [ 72.8358682, 19.0168575 ], [ 72.8358535, 19.0168514 ], [ 72.8358102, 19.0167815 ], [ 72.8357843, 19.0167364 ], [ 72.835731, 19.0166428 ], [ 72.8357314, 19.016628 ], [ 72.8357408, 19.0166173 ], [ 72.836044, 19.0163832 ] ] } },
{ "type": "Feature", "properties": { "name": "Arterial Link", "highway": "residential", "slope_pct": 0.6 }, "geometry": { "type": "LineString", "coordinates": [ [ 72.8357843, 19.0167364 ], [ 72.8358458, 19.0167025 ], [ 72.8358565, 19.0167057 ], [ 72.8358762, 19.0167382 ], [ 72.8358742, 19.016747 ], [ 72.8358102, 19.0167815 ] ] } },
{ "type": "Feature", "properties": { "name": "Arterial Link", "highway": "residential", "slope_pct": 0.6 }, "geometry": { "type": "LineString", "coordinates": [ [ 72.8360662, 19.0165791 ], [ 72.8362476, 19.0165657 ], [ 72.8362654, 19.0165577 ], [ 72.8362673, 19.0165383 ], [ 72.8362298, 19.0162453 ], [ 72.8362251, 19.016232 ], [ 72.8362083, 19.0162231 ], [ 72.8360247, 19.0162558 ] ] } },
{ "type": "Feature", "properties": { "name": "Arterial Link", "highway": "residential", "slope_pct": 0.6 }, "geometry": { "type": "LineString", "coordinates": [ [ 72.8361179, 19.0170241 ], [ 72.8361312, 19.0169982 ], [ 72.8361395, 19.0169778 ], [ 72.8361435, 19.0169541 ], [ 72.836141, 19.0169245 ], [ 72.8361351, 19.0169045 ], [ 72.8361234, 19.0168883 ], [ 72.8361075, 19.0168717 ], [ 72.8360707, 19.0168676 ], [ 72.8360495, 19.016857 ], [ 72.8360375, 19.0168307 ] ] } },
{ "type": "Feature", "properties": { "name": "Arterial Link", "highway": "residential", "slope_pct": 0.6 }, "geometry": { "type": "LineString", "coordinates": [ [ 72.8364363, 19.0158106 ], [ 72.8364662, 19.0157993 ] ] } },
{ "type": "Feature", "properties": { "name": "Madhavdas Pasta Marg", "highway": "residential", "slope_pct": 0.6 }, "geometry": { "type": "LineString", "coordinates": [ [ 72.8436951, 19.0132483 ], [ 72.8439836, 19.0137702 ], [ 72.8443152, 19.014291 ], [ 72.8445778, 19.0146898 ], [ 72.8446851, 19.0148528 ], [ 72.8449014, 19.0151813 ] ] } },
{ "type": "Feature", "properties": { "name": "Mumbai Marathi Granth Sangrahalaya Marg", "highway": "tertiary", "slope_pct": 0.6 }, "geometry": { "type": "LineString", "coordinates": [ [ 72.8489718, 19.0127076 ], [ 72.8484286, 19.0128648 ], [ 72.8483425, 19.0128897 ], [ 72.8483179, 19.0128965 ], [ 72.8480142, 19.0129808 ], [ 72.8479589, 19.0129962 ], [ 72.8476114, 19.0131047 ], [ 72.8473981, 19.0131713 ], [ 72.8469249, 19.013578 ], [ 72.8468706, 19.0136416 ], [ 72.8466772, 19.0138409 ], [ 72.8465981, 19.0138962 ], [ 72.8461469, 19.0142119 ], [ 72.8460058, 19.0143147 ], [ 72.8459049, 19.0143883 ], [ 72.8455526, 19.0146451 ] ] } },
{ "type": "Feature", "properties": { "name": "Dr Babasaheb Ambedkar Marg (Vincent Road)", "highway": "trunk", "slope_pct": 0.6 }, "geometry": { "type": "LineString", "coordinates": [ [ 72.8455526, 19.0146451 ], [ 72.8454029, 19.014427 ], [ 72.8450016, 19.0138423 ], [ 72.8445734, 19.0132184 ], [ 72.844523, 19.013145 ], [ 72.8442467, 19.0128296 ] ] } },
{ "type": "Feature", "properties": { "name": "Mumbai Marathi Granth Sangrahalaya Marg", "highway": "tertiary", "slope_pct": 0.6 }, "geometry": { "type": "LineString", "coordinates": [ [ 72.8455526, 19.0146451 ], [ 72.8453833, 19.0148214 ] ] } },
{ "type": "Feature", "properties": { "name": "Dr Babasaheb Ambedkar Marg (Vincent Road)", "highway": "trunk", "slope_pct": 0.6 }, "geometry": { "type": "LineString", "coordinates": [ [ 72.8441292, 19.0129063 ], [ 72.8443238, 19.0132606 ], [ 72.8444749, 19.01349 ], [ 72.8446451, 19.0137488 ], [ 72.8447802, 19.0139524 ], [ 72.8453833, 19.0148214 ] ] } },
{ "type": "Feature", "properties": { "name": "Dr Babasaheb Ambedkar Marg (Vincent Road)", "highway": "trunk", "slope_pct": 0.6 }, "geometry": { "type": "LineString", "coordinates": [ [ 72.8453833, 19.0148214 ], [ 72.8454827, 19.014971 ] ] } },
{ "type": "Feature", "properties": { "name": "Arterial Link", "highway": "residential", "slope_pct": 0.6 }, "geometry": { "type": "LineString", "coordinates": [ [ 72.8445778, 19.0146898 ], [ 72.8446087, 19.0146708 ], [ 72.8449438, 19.014464 ] ] } },
{ "type": "Feature", "properties": { "name": "Arterial Link", "highway": "residential", "slope_pct": 0.6 }, "geometry": { "type": "LineString", "coordinates": [ [ 72.8446851, 19.0148528 ], [ 72.8450549, 19.014626 ] ] } },
{ "type": "Feature", "properties": { "name": "Arterial Link", "highway": "residential", "slope_pct": 0.6 }, "geometry": { "type": "LineString", "coordinates": [ [ 72.8459049, 19.0143883 ], [ 72.845868, 19.0143293 ], [ 72.8457849, 19.0141965 ] ] } },
{ "type": "Feature", "properties": { "name": "Arterial Link", "highway": "residential", "slope_pct": 0.6 }, "geometry": { "type": "LineString", "coordinates": [ [ 72.8457118, 19.0142406 ], [ 72.8457849, 19.0141965 ], [ 72.8459095, 19.0141287 ] ] } },
{ "type": "Feature", "properties": { "name": "Arterial Link", "highway": "residential", "slope_pct": 0.6 }, "geometry": { "type": "LineString", "coordinates": [ [ 72.8454029, 19.014427 ], [ 72.8454757, 19.0143831 ], [ 72.8455197, 19.0143565 ] ] } },
{ "type": "Feature", "properties": { "name": "Arterial Link", "highway": "residential", "slope_pct": 0.6 }, "geometry": { "type": "LineString", "coordinates": [ [ 72.8455197, 19.0143565 ], [ 72.8457118, 19.0142406 ] ] } },
{ "type": "Feature", "properties": { "name": "Arterial Link", "highway": "residential", "slope_pct": 0.6 }, "geometry": { "type": "LineString", "coordinates": [ [ 72.846686, 19.0140289 ], [ 72.8460858, 19.0144341 ], [ 72.8458637, 19.0145841 ], [ 72.8458488, 19.0146128 ], [ 72.8458495, 19.0146434 ], [ 72.8458592, 19.0146617 ], [ 72.8462624, 19.0152139 ], [ 72.8463005, 19.0152359 ], [ 72.846349, 19.0152481 ], [ 72.8464008, 19.0152432 ], [ 72.8464214, 19.0152334 ], [ 72.8471001, 19.014738 ], [ 72.8471131, 19.0147215 ], [ 72.847115, 19.0146885 ], [ 72.847106, 19.0146616 ], [ 72.8470904, 19.014639 ], [ 72.846686, 19.0140289 ], [ 72.8466556, 19.013983 ], [ 72.8465981, 19.0138962 ] ] } },
{ "type": "Feature", "properties": { "name": "Arterial Link", "highway": "residential", "slope_pct": 0.6 }, "geometry": { "type": "LineString", "coordinates": [ [ 72.8460858, 19.0144341 ], [ 72.8460491, 19.0143793 ], [ 72.8460058, 19.0143147 ] ] } },
{ "type": "Feature", "properties": { "name": "Dr Ghanti Road", "highway": "residential", "slope_pct": 0.6 }, "geometry": { "type": "LineString", "coordinates": [ [ 72.8513219, 19.0162331 ], [ 72.850939, 19.0164735 ], [ 72.8498663, 19.017143 ], [ 72.8492572, 19.0175248 ] ] } },
{ "type": "Feature", "properties": { "name": "Rajaram Keshav Vaidya Marg", "highway": "residential", "slope_pct": 0.6 }, "geometry": { "type": "LineString", "coordinates": [ [ 72.8421895, 19.0215258 ], [ 72.8421284, 19.0215551 ], [ 72.8414113, 19.0218993 ], [ 72.8413836, 19.0219126 ], [ 72.8412516, 19.021976 ], [ 72.8406924, 19.0221252 ], [ 72.8403854, 19.0222071 ], [ 72.8403112, 19.0222269 ], [ 72.840213, 19.022151 ], [ 72.8397466, 19.0218715 ], [ 72.8396797, 19.0218266 ], [ 72.8394911, 19.0217002 ], [ 72.8394162, 19.02165 ] ] } },
{ "type": "Feature", "properties": { "name": "Baburao Parulekar Marg", "highway": "residential", "slope_pct": 0.6 }, "geometry": { "type": "LineString", "coordinates": [ [ 72.8387172, 19.0146927 ], [ 72.8385995, 19.0147902 ], [ 72.8383185, 19.0150525 ], [ 72.8381212, 19.0152367 ], [ 72.8380796, 19.0152883 ], [ 72.8378926, 19.0154996 ], [ 72.837669, 19.015726 ], [ 72.8376364, 19.0157576 ] ] } },
{ "type": "Feature", "properties": { "name": "Dadasaheb Phalke Marg", "highway": "tertiary", "slope_pct": 0.6 }, "geometry": { "type": "LineString", "coordinates": [ [ 72.8432892, 19.0165631 ], [ 72.8431805, 19.016171 ], [ 72.8430855, 19.0158287 ], [ 72.8426478, 19.0142502 ], [ 72.8424749, 19.013576 ], [ 72.8423799, 19.0131616 ], [ 72.8423479, 19.0130223 ], [ 72.8421935, 19.0122698 ], [ 72.8421632, 19.0121223 ], [ 72.8419111, 19.0109536 ], [ 72.8418754, 19.0107879 ], [ 72.8416488, 19.0097376 ], [ 72.8416336, 19.0096484 ] ] } },
{ "type": "Feature", "properties": { "name": "Tilak Road", "highway": "primary", "slope_pct": 0.6 }, "geometry": { "type": "LineString", "coordinates": [ [ 72.8433646, 19.0206587 ], [ 72.8430353, 19.0208596 ], [ 72.842966, 19.0208916 ], [ 72.8428681, 19.0209368 ], [ 72.8426816, 19.0209956 ] ] } },
{ "type": "Feature", "properties": { "name": "Scheme 5 Road no.6", "highway": "residential", "slope_pct": 0.6 }, "geometry": { "type": "LineString", "coordinates": [ [ 72.8493161, 19.0217099 ], [ 72.8484973, 19.0222639 ], [ 72.8484847, 19.0222724 ] ] } },
{ "type": "Feature", "properties": { "name": "Arterial Link", "highway": "residential", "slope_pct": 0.6 }, "geometry": { "type": "LineString", "coordinates": [ [ 72.8444749, 19.01349 ], [ 72.8439836, 19.0137702 ], [ 72.8426478, 19.0142502 ] ] } },
{ "type": "Feature", "properties": { "name": "Dadar TT flyover", "highway": "trunk", "slope_pct": 0.6 }, "geometry": { "type": "LineString", "coordinates": [ [ 72.8443855, 19.0132249 ], [ 72.8450421, 19.014203 ], [ 72.8454831, 19.0148276 ], [ 72.8458191, 19.0152803 ], [ 72.8459596, 19.0154798 ], [ 72.8461937, 19.0158124 ], [ 72.846562, 19.016279 ], [ 72.847507, 19.017485 ], [ 72.8482378, 19.0184836 ], [ 72.8487359, 19.0191751 ], [ 72.8492472, 19.0198559 ] ] } },
{ "type": "Feature", "properties": { "name": "Dadar TT flyover", "highway": "trunk", "slope_pct": 0.6 }, "geometry": { "type": "LineString", "coordinates": [ [ 72.8493129, 19.0198005 ], [ 72.8490665, 19.0194777 ], [ 72.8488022, 19.0191315 ], [ 72.8483044, 19.0184404 ], [ 72.8475727, 19.0174406 ], [ 72.8466268, 19.0162334 ], [ 72.8462598, 19.0157684 ], [ 72.8458858, 19.0152372 ], [ 72.8455497, 19.0147845 ], [ 72.8451098, 19.0141614 ], [ 72.8444536, 19.013184 ] ] } },
{ "type": "Feature", "properties": { "name": "Khareghat Road", "highway": "residential", "slope_pct": 0.6 }, "geometry": { "type": "LineString", "coordinates": [ [ 72.8475336, 19.0216347 ], [ 72.8470831, 19.0219386 ], [ 72.8470677, 19.0219583 ], [ 72.8470608, 19.0219834 ], [ 72.8470603, 19.0220119 ], [ 72.847074, 19.0220417 ], [ 72.8473767, 19.0224861 ], [ 72.8476207, 19.0228444 ], [ 72.8478786, 19.0232004 ], [ 72.8480002, 19.0233791 ], [ 72.8480596, 19.0234664 ], [ 72.8481472, 19.023595 ], [ 72.848342, 19.023881 ], [ 72.8485708, 19.0242469 ], [ 72.848402, 19.0243412 ], [ 72.8485796, 19.0246117 ], [ 72.8487103, 19.0248087 ], [ 72.8487915, 19.024931 ], [ 72.8488346, 19.0250009 ], [ 72.8490025, 19.0252727 ], [ 72.8491804, 19.0251709 ] ] } },
{ "type": "Feature", "properties": { "name": "Tilak Road", "highway": "primary", "slope_pct": 0.6 }, "geometry": { "type": "LineString", "coordinates": [ [ 72.8512585, 19.0156116 ], [ 72.850998, 19.0157736 ], [ 72.8509731, 19.0157919 ], [ 72.8488065, 19.0171767 ], [ 72.8487738, 19.0171976 ] ] } },
{ "type": "Feature", "properties": { "name": "Arterial Link", "highway": "primary", "slope_pct": 0.6 }, "geometry": { "type": "LineString", "coordinates": [ [ 72.8433751, 19.0204086 ], [ 72.8432218, 19.0200689 ], [ 72.8427789, 19.0193284 ], [ 72.8427223, 19.0192339 ], [ 72.8424826, 19.018855 ], [ 72.842397, 19.01869 ], [ 72.8421884, 19.0183412 ], [ 72.8418398, 19.0179181 ], [ 72.8412767, 19.0173465 ], [ 72.8411393, 19.0172133 ], [ 72.8410193, 19.017158 ] ] } },
{ "type": "Feature", "properties": { "name": "King's Circle Flyover", "highway": "trunk", "slope_pct": 0.6 }, "geometry": { "type": "LineString", "coordinates": [ [ 72.8499525, 19.0206284 ], [ 72.8497851, 19.0203802 ] ] } },
{ "type": "Feature", "properties": { "name": "King's Circle Flyover", "highway": "trunk", "slope_pct": 0.6 }, "geometry": { "type": "LineString", "coordinates": [ [ 72.8496865, 19.0204234 ], [ 72.8498706, 19.0206863 ] ] } },
{ "type": "Feature", "properties": { "name": "N C Kelkar Marg", "highway": "primary", "slope_pct": 0.6 }, "geometry": { "type": "LineString", "coordinates": [ [ 72.8405952, 19.025077 ], [ 72.8409561, 19.0243779 ], [ 72.8410013, 19.0242903 ], [ 72.8410496, 19.0241965 ], [ 72.8411257, 19.0240519 ], [ 72.8412879, 19.0237747 ], [ 72.8419229, 19.023364 ], [ 72.8421798, 19.0231978 ], [ 72.8423662, 19.0230089 ], [ 72.8423987, 19.0229687 ], [ 72.8424691, 19.0228066 ], [ 72.8425272, 19.0225017 ], [ 72.8425577, 19.0221796 ], [ 72.8425586, 19.0221456 ], [ 72.8425581, 19.0220894 ], [ 72.8425572, 19.0219744 ], [ 72.842576, 19.0218605 ], [ 72.8426372, 19.0216853 ] ] } },
{ "type": "Feature", "properties": { "name": "Mumbai Marathi Granth Sangrahalaya Marg", "highway": "tertiary", "slope_pct": 0.6 }, "geometry": { "type": "LineString", "coordinates": [ [ 72.8432892, 19.0165631 ], [ 72.8435666, 19.0163308 ], [ 72.8437827, 19.0161499 ], [ 72.8441076, 19.0158662 ], [ 72.8445249, 19.0155168 ], [ 72.844829, 19.0152437 ], [ 72.8449014, 19.0151813 ], [ 72.8453833, 19.0148214 ] ] } },
{ "type": "Feature", "properties": { "name": "Arterial Link", "highway": "tertiary", "slope_pct": 0.6 }, "geometry": { "type": "LineString", "coordinates": [ [ 72.8441002, 19.0203041 ], [ 72.8449559, 19.0219515 ], [ 72.8451074, 19.0223369 ] ] } },
{ "type": "Feature", "properties": { "name": "Dr Babasaheb Ambedkar Marg (Vincent Road)", "highway": "trunk", "slope_pct": 0.6 }, "geometry": { "type": "LineString", "coordinates": [ [ 72.8496865, 19.0204234 ], [ 72.8497319, 19.0206153 ], [ 72.8497862, 19.0207318 ], [ 72.8499868, 19.0209878 ], [ 72.8506235, 19.0218044 ], [ 72.8507172, 19.0219372 ] ] } },
{ "type": "Feature", "properties": { "name": "Tilak Road", "highway": "primary", "slope_pct": 0.6 }, "geometry": { "type": "LineString", "coordinates": [ [ 72.8428459, 19.0212303 ], [ 72.8429198, 19.021102 ], [ 72.8429741, 19.0210358 ], [ 72.8430283, 19.0209697 ], [ 72.843036, 19.0209603 ], [ 72.8434006, 19.0207077 ] ] } },
{ "type": "Feature", "properties": { "name": "Ranade Road", "highway": "tertiary", "slope_pct": 0.6 }, "geometry": { "type": "LineString", "coordinates": [ [ 72.8394162, 19.02165 ], [ 72.8389868, 19.0220794 ], [ 72.8389689, 19.0221112 ], [ 72.8388933, 19.0222427 ], [ 72.8388321, 19.0223675 ], [ 72.8386956, 19.0225766 ], [ 72.8386458, 19.0226648 ], [ 72.8385859, 19.0227708 ] ] } },
{ "type": "Feature", "properties": { "name": "Jam-e-Jamshed Road", "highway": "residential", "slope_pct": 0.6 }, "geometry": { "type": "LineString", "coordinates": [ [ 72.8491592, 19.0176909 ], [ 72.8496615, 19.0183641 ], [ 72.8497182, 19.0184401 ], [ 72.8505775, 19.0195919 ], [ 72.8518224, 19.0212445 ] ] } },
{ "type": "Feature", "properties": { "name": "Mancherji Joshi Road", "highway": "residential", "slope_pct": 0.6 }, "geometry": { "type": "LineString", "coordinates": [ [ 72.8492809, 19.0175931 ], [ 72.8503512, 19.018142 ], [ 72.8505216, 19.018234 ], [ 72.850682, 19.0183205 ], [ 72.8507735, 19.0183699 ], [ 72.8508821, 19.0184285 ], [ 72.8509898, 19.0184866 ], [ 72.8510817, 19.0185401 ], [ 72.8512876, 19.0186599 ], [ 72.8514683, 19.0187592 ] ] } },
{ "type": "Feature", "properties": { "name": "Arterial Link", "highway": "residential", "slope_pct": 0.6 }, "geometry": { "type": "LineString", "coordinates": [ [ 72.8396797, 19.0218266 ], [ 72.839562, 19.022238 ], [ 72.8394869, 19.022375 ], [ 72.8393271, 19.022511 ] ] } },
{ "type": "Feature", "properties": { "name": "Arterial Link", "highway": "residential", "slope_pct": 0.6 }, "geometry": { "type": "LineString", "coordinates": [ [ 72.8373809, 19.0223633 ], [ 72.8370917, 19.0217638 ] ] } },
{ "type": "Feature", "properties": { "name": "Arterial Link", "highway": "residential", "slope_pct": 0.6 }, "geometry": { "type": "LineString", "coordinates": [ [ 72.8429911, 19.021452 ], [ 72.8431731, 19.0213648 ], [ 72.8432002, 19.0213513 ], [ 72.8433143, 19.0212949 ], [ 72.8433906, 19.0212571 ], [ 72.8434266, 19.0212393 ], [ 72.8434927, 19.0212066 ], [ 72.8436731, 19.0211173 ] ] } },
{ "type": "Feature", "properties": { "name": "Arterial Link", "highway": "residential", "slope_pct": 0.6 }, "geometry": { "type": "LineString", "coordinates": [ [ 72.844829, 19.0152437 ], [ 72.8452284, 19.0156785 ] ] } },
{ "type": "Feature", "properties": { "name": "N C Kelkar Marg", "highway": "primary", "slope_pct": 0.6 }, "geometry": { "type": "LineString", "coordinates": [ [ 72.8423074, 19.0217 ], [ 72.8424232, 19.0218712 ], [ 72.8424567, 19.0219857 ], [ 72.8424836, 19.0221474 ], [ 72.8424815, 19.0223832 ], [ 72.842466, 19.0224762 ], [ 72.8424455, 19.0226114 ], [ 72.8424034, 19.0227829 ], [ 72.8423559, 19.0228761 ], [ 72.8423084, 19.0229693 ], [ 72.8421376, 19.0231404 ], [ 72.8418912, 19.0232988 ], [ 72.8415288, 19.0235317 ], [ 72.8412324, 19.0237222 ], [ 72.8409084, 19.0242914 ], [ 72.8407565, 19.0245583 ], [ 72.8405398, 19.0250013 ] ] } },
{ "type": "Feature", "properties": { "name": "Sir Bhalchandra Road", "highway": "tertiary", "slope_pct": 0.6 }, "geometry": { "type": "LineString", "coordinates": [ [ 72.8487744, 19.0209899 ], [ 72.8493161, 19.0217099 ], [ 72.8499027, 19.022535 ], [ 72.8499194, 19.0225542 ] ] } },
{ "type": "Feature", "properties": { "name": "Dr Babasaheb Ambedkar Marg (Vincent Road)", "highway": "trunk", "slope_pct": 0.6 }, "geometry": { "type": "LineString", "coordinates": [ [ 72.8509738, 19.0217909 ], [ 72.8508932, 19.0216841 ], [ 72.8508728, 19.021657 ], [ 72.8505208, 19.021208 ], [ 72.8500306, 19.0205826 ], [ 72.8497851, 19.0203802 ] ] } },
{ "type": "Feature", "properties": { "name": "Arterial Link", "highway": "primary", "slope_pct": 0.6 }, "geometry": { "type": "LineString", "coordinates": [ [ 72.8409831, 19.01721 ], [ 72.8410378, 19.0173313 ], [ 72.8410627, 19.0173735 ], [ 72.8411376, 19.017469 ], [ 72.8413321, 19.0176668 ], [ 72.8416922, 19.018033 ], [ 72.8417187, 19.0180589 ], [ 72.842056, 19.0184445 ], [ 72.8422564, 19.0187783 ], [ 72.842639, 19.0194154 ], [ 72.8430781, 19.0201466 ], [ 72.8432969, 19.0204525 ] ] } },
{ "type": "Feature", "properties": { "name": "Gokhale Road", "highway": "primary", "slope_pct": 0.6 }, "geometry": { "type": "LineString", "coordinates": [ [ 72.8376082, 19.021783 ], [ 72.8378079, 19.0220161 ], [ 72.8380798, 19.0223397 ], [ 72.8381836, 19.0224633 ], [ 72.8382123, 19.0224974 ], [ 72.8385007, 19.0228406 ], [ 72.8385271, 19.022872 ] ] } },
{ "type": "Feature", "properties": { "name": "G.D. Ambedkar Marg", "highway": "secondary", "slope_pct": 0.6 }, "geometry": { "type": "LineString", "coordinates": [ [ 72.8492446, 19.0126874 ], [ 72.8496809, 19.0133346 ], [ 72.8497042, 19.0133676 ], [ 72.8499233, 19.013701 ], [ 72.8501808, 19.0140943 ], [ 72.8504319, 19.0144778 ], [ 72.8507847, 19.0149071 ], [ 72.8508784, 19.0150252 ], [ 72.8510462, 19.0151927 ], [ 72.8513327, 19.0154405 ] ] } },
{ "type": "Feature", "properties": { "name": "Dr Babasaheb Ambedkar Marg (Vincent Road)", "highway": "trunk", "slope_pct": 0.6 }, "geometry": { "type": "LineString", "coordinates": [ [ 72.8466987, 19.0161788 ], [ 72.8466753, 19.0161483 ], [ 72.8462344, 19.0155579 ], [ 72.8461006, 19.0153788 ], [ 72.8455526, 19.0146451 ] ] } },
{ "type": "Feature", "properties": { "name": "Dr Babasaheb Ambedkar Marg (Vincent Road)", "highway": "trunk", "slope_pct": 0.6 }, "geometry": { "type": "LineString", "coordinates": [ [ 72.8454827, 19.014971 ], [ 72.8458932, 19.0155253 ], [ 72.8460116, 19.0156851 ], [ 72.846291, 19.0160624 ], [ 72.8463982, 19.0162072 ], [ 72.8464754, 19.0163138 ] ] } },
{ "type": "Feature", "properties": { "name": "G.D. Ambedkar Marg", "highway": "secondary", "slope_pct": 0.6 }, "geometry": { "type": "LineString", "coordinates": [ [ 72.8514389, 19.0154587 ], [ 72.8512414, 19.0152595 ], [ 72.8511057, 19.0151415 ], [ 72.8509399, 19.0149701 ], [ 72.8506621, 19.0146538 ], [ 72.8504884, 19.0144299 ], [ 72.850253, 19.0140558 ], [ 72.8501914, 19.0139579 ], [ 72.8499881, 19.013665 ], [ 72.8497697, 19.0133254 ], [ 72.8496865, 19.0131961 ], [ 72.8496571, 19.0131503 ], [ 72.8493393, 19.0126485 ] ] } },
{ "type": "Feature", "properties": { "name": "Kavi Keshavsut Flyover", "highway": "primary", "slope_pct": 0.6 }, "geometry": { "type": "LineString", "coordinates": [ [ 72.8433751, 19.0204086 ], [ 72.84315, 19.0201077 ] ] } },
{ "type": "Feature", "properties": { "name": "Kavi Keshavsut Flyover", "highway": "primary", "slope_pct": 0.6 }, "geometry": { "type": "LineString", "coordinates": [ [ 72.84315, 19.0201077 ], [ 72.8432969, 19.0204525 ] ] } },
{ "type": "Feature", "properties": { "name": "Khareghat Road", "highway": "residential", "slope_pct": 0.6 }, "geometry": { "type": "LineString", "coordinates": [ [ 72.8514731, 19.0189867 ], [ 72.8513366, 19.0190799 ], [ 72.8512451, 19.0191416 ], [ 72.8509177, 19.0193624 ], [ 72.8505775, 19.0195919 ], [ 72.8496521, 19.0202154 ] ] } },
{ "type": "Feature", "properties": { "name": "Arterial Link", "highway": "residential", "slope_pct": 0.6 }, "geometry": { "type": "LineString", "coordinates": [ [ 72.8433143, 19.0212949 ], [ 72.8432964, 19.0212621 ], [ 72.8432011, 19.0210872 ] ] } },
{ "type": "Feature", "properties": { "name": "Lakhamasi Nappu Road", "highway": "tertiary", "slope_pct": 0.6 }, "geometry": { "type": "LineString", "coordinates": [ [ 72.8455226, 19.0195774 ], [ 72.8456396, 19.019748 ], [ 72.8459059, 19.0201266 ], [ 72.8461775, 19.0205125 ], [ 72.846461, 19.0209154 ], [ 72.8469795, 19.0212631 ], [ 72.8472996, 19.0214778 ], [ 72.8475336, 19.0216347 ], [ 72.8482648, 19.0221249 ], [ 72.8484847, 19.0222724 ], [ 72.848979, 19.0227074 ], [ 72.8490183, 19.0227439 ], [ 72.8490459, 19.0227793 ], [ 72.84905, 19.022789 ], [ 72.8492036, 19.0229465 ], [ 72.8494652, 19.0233391 ], [ 72.849588, 19.0234989 ], [ 72.8497246, 19.0240388 ], [ 72.8497815, 19.0242917 ], [ 72.849921, 19.0247887 ], [ 72.8500865, 19.0255502 ] ] } },
{ "type": "Feature", "properties": { "name": "Arterial Link", "highway": "residential", "slope_pct": 0.6 }, "geometry": { "type": "LineString", "coordinates": [ [ 72.8431941, 19.0214047 ], [ 72.8432677, 19.0215442 ], [ 72.8432677, 19.0215551 ], [ 72.8432626, 19.0215647 ], [ 72.8431503, 19.0216116 ], [ 72.8431381, 19.0216082 ], [ 72.8431309, 19.0216 ], [ 72.8431194, 19.0215789 ], [ 72.8431107, 19.0215776 ], [ 72.8430754, 19.0215946 ], [ 72.8430632, 19.0215946 ], [ 72.8430534, 19.0215893 ], [ 72.8430465, 19.0215805 ], [ 72.8429988, 19.0214708 ] ] } },
{ "type": "Feature", "properties": { "name": "Arterial Link", "highway": "residential", "slope_pct": 0.6 }, "geometry": { "type": "LineString", "coordinates": [ [ 72.8433906, 19.0212571 ], [ 72.8434062, 19.0212874 ], [ 72.8434117, 19.0212981 ], [ 72.8434677, 19.0214071 ], [ 72.8434699, 19.0214227 ], [ 72.8434634, 19.021435 ], [ 72.8434425, 19.0214452 ], [ 72.8434324, 19.021454 ], [ 72.8434295, 19.0214704 ], [ 72.8434382, 19.0214813 ], [ 72.8434411, 19.0214969 ], [ 72.8434346, 19.0215064 ], [ 72.8433539, 19.0215425 ], [ 72.8433439, 19.0215412 ], [ 72.8433345, 19.0215316 ], [ 72.843328, 19.0215207 ], [ 72.8433208, 19.0215173 ], [ 72.84331, 19.0215194 ], [ 72.8432999, 19.0215214 ], [ 72.8432891, 19.0215187 ], [ 72.8432841, 19.0215112 ], [ 72.8432263, 19.0213969 ], [ 72.8432258, 19.0213923 ], [ 72.8432264, 19.021388 ], [ 72.8432304, 19.0213831 ], [ 72.8434117, 19.0212981 ] ] } },
{ "type": "Feature", "properties": { "name": "P L K Marg", "highway": "residential", "slope_pct": 0.6 }, "geometry": { "type": "LineString", "coordinates": [ [ 72.8379241, 19.0219832 ], [ 72.8384163, 19.0215978 ] ] } },
{ "type": "Feature", "properties": { "name": "Arterial Link", "highway": "residential", "slope_pct": 0.6 }, "geometry": { "type": "LineString", "coordinates": [ [ 72.839184, 19.0153983 ], [ 72.8391306, 19.0154369 ], [ 72.8389526, 19.0155658 ], [ 72.8389302, 19.0155713 ], [ 72.838913, 19.0155661 ], [ 72.8388103, 19.0154518 ], [ 72.8388037, 19.0154379 ], [ 72.8388044, 19.0154261 ], [ 72.83885, 19.015385 ], [ 72.8388552, 19.015376 ], [ 72.8388515, 19.0153621 ], [ 72.8388353, 19.0153419 ], [ 72.8388287, 19.0153273 ], [ 72.8388331, 19.0153134 ], [ 72.8389412, 19.0152333 ], [ 72.8389904, 19.0151968 ] ] } },
{ "type": "Feature", "properties": { "name": "Arterial Link", "highway": "residential", "slope_pct": 0.6 }, "geometry": { "type": "LineString", "coordinates": [ [ 72.8445249, 19.0155168 ], [ 72.8444767, 19.0154467 ], [ 72.8442378, 19.0150911 ], [ 72.8442386, 19.015065 ], [ 72.8443648, 19.0149912 ] ] } },
{ "type": "Feature", "properties": { "name": "V R C Bhide Marg", "highway": "residential", "slope_pct": 0.6 }, "geometry": { "type": "LineString", "coordinates": [ [ 72.8368191, 19.0173801 ], [ 72.8369641, 19.0178874 ], [ 72.8370951, 19.0183459 ] ] } },
{ "type": "Feature", "properties": { "name": "Chhabildas Road", "highway": "residential", "slope_pct": 0.6 }, "geometry": { "type": "LineString", "coordinates": [ [ 72.8421063, 19.0197533 ], [ 72.8423656, 19.0201161 ], [ 72.8424558, 19.0202506 ], [ 72.8427036, 19.0206017 ], [ 72.8427242, 19.0206405 ] ] } },
{ "type": "Feature", "properties": { "name": "Ranade Road Extension", "highway": "tertiary", "slope_pct": 0.6 }, "geometry": { "type": "LineString", "coordinates": [ [ 72.841158, 19.0203509 ], [ 72.8411852, 19.0203354 ], [ 72.8421063, 19.0197533 ], [ 72.842639, 19.0194154 ] ] } },
{ "type": "Feature", "properties": { "name": "Dr D'Silva Marg", "highway": "residential", "slope_pct": 0.6 }, "geometry": { "type": "LineString", "coordinates": [ [ 72.8406901, 19.0197571 ], [ 72.8407203, 19.0197382 ], [ 72.8417843, 19.0190733 ], [ 72.84197, 19.0189573 ], [ 72.8422564, 19.0187783 ] ] } },
{ "type": "Feature", "properties": { "name": "Prof V.S. Agashe Marg", "highway": "secondary", "slope_pct": 0.6 }, "geometry": { "type": "LineString", "coordinates": [ [ 72.8399825, 19.0160266 ], [ 72.8398745, 19.0161166 ], [ 72.8395254, 19.0163232 ], [ 72.8394086, 19.0163898 ], [ 72.8387949, 19.0167399 ], [ 72.8380555, 19.0170238 ] ] } },
{ "type": "Feature", "properties": { "name": "K,W, Chitale Marg", "highway": "residential", "slope_pct": 0.6 }, "geometry": { "type": "LineString", "coordinates": [ [ 72.8389463, 19.0179653 ], [ 72.8385912, 19.0180883 ], [ 72.8383158, 19.0181773 ], [ 72.8382106, 19.0181978 ], [ 72.8380437, 19.0181835 ], [ 72.8376081, 19.0181724 ], [ 72.8375114, 19.0181913 ], [ 72.8373426, 19.0182629 ], [ 72.8373188, 19.0182699 ], [ 72.8372588, 19.0182917 ], [ 72.8371988, 19.0183134 ], [ 72.8370951, 19.0183459 ] ] } },
{ "type": "Feature", "properties": { "name": "D Vachanalaya Marg", "highway": "residential", "slope_pct": 0.6 }, "geometry": { "type": "LineString", "coordinates": [ [ 72.8423656, 19.0201161 ], [ 72.841487, 19.0206542 ], [ 72.8414592, 19.0206726 ] ] } },
{ "type": "Feature", "properties": { "name": "Arterial Link", "highway": "residential", "slope_pct": 0.6 }, "geometry": { "type": "LineString", "coordinates": [ [ 72.8367866, 19.0159598 ], [ 72.8368585, 19.0161755 ], [ 72.8369206, 19.0163559 ], [ 72.8369442, 19.0164258 ], [ 72.8369668, 19.0164927 ], [ 72.837228, 19.017265 ] ] } },
{ "type": "Feature", "properties": { "name": "Dr Narayan Joshi Rd", "highway": "residential", "slope_pct": 0.6 }, "geometry": { "type": "LineString", "coordinates": [ [ 72.8384814, 19.0162781 ], [ 72.8387949, 19.0167399 ] ] } },
{ "type": "Feature", "properties": { "name": "P L K Marg", "highway": "residential", "slope_pct": 0.6 }, "geometry": { "type": "LineString", "coordinates": [ [ 72.8394162, 19.02165 ], [ 72.8390269, 19.0214774 ], [ 72.838658, 19.0214871 ], [ 72.8384163, 19.0215978 ] ] } },
{ "type": "Feature", "properties": { "name": "Ashoka Vriksh Path", "highway": "residential", "slope_pct": 0.6 }, "geometry": { "type": "LineString", "coordinates": [ [ 72.8391985, 19.0199593 ], [ 72.8398476, 19.0213282 ] ] } },
{ "type": "Feature", "properties": { "name": "Deobai Lane", "highway": "residential", "slope_pct": 0.6 }, "geometry": { "type": "LineString", "coordinates": [ [ 72.840458, 19.0196383 ], [ 72.8402226, 19.0210485 ] ] } },
{ "type": "Feature", "properties": { "name": "Kabutarkhana", "highway": "primary", "slope_pct": 0.6 }, "geometry": { "type": "LineString", "coordinates": [ [ 72.8405557, 19.0188641 ], [ 72.8405385, 19.0188407 ], [ 72.8405152, 19.0188227 ], [ 72.8404875, 19.0188113 ], [ 72.8404577, 19.0188076 ], [ 72.8404279, 19.0188117 ], [ 72.8404004, 19.0188234 ] ] } },
{ "type": "Feature", "properties": { "name": "Kavi Keshavsut Flyover", "highway": "primary", "slope_pct": 0.6 }, "geometry": { "type": "LineString", "coordinates": [ [ 72.8410757, 19.0172673 ], [ 72.8417683, 19.0179771 ], [ 72.8421214, 19.0183934 ], [ 72.84315, 19.0201077 ] ] } },
{ "type": "Feature", "properties": { "name": "Arterial Link", "highway": "primary", "slope_pct": 0.6 }, "geometry": { "type": "LineString", "coordinates": [ [ 72.8423074, 19.0217 ], [ 72.842408, 19.0217545 ], [ 72.8424768, 19.0217667 ], [ 72.8425578, 19.0217378 ], [ 72.8426372, 19.0216853 ] ] } },
{ "type": "Feature", "properties": { "name": "Arterial Link", "highway": "primary", "slope_pct": 0.6 }, "geometry": { "type": "LineString", "coordinates": [ [ 72.8421558, 19.0210296 ], [ 72.8420325, 19.021066 ], [ 72.8419739, 19.0211232 ], [ 72.8419575, 19.0211817 ], [ 72.8419635, 19.0212516 ] ] } },
{ "type": "Feature", "properties": { "name": "Ranade Road", "highway": "tertiary", "slope_pct": 0.6 }, "geometry": { "type": "LineString", "coordinates": [ [ 72.8411019, 19.0203926 ], [ 72.841158, 19.0203509 ] ] } },
{ "type": "Feature", "properties": { "name": "Dr Ratnakar Bhaindarkar Rd", "highway": "residential", "slope_pct": 0.6 }, "geometry": { "type": "LineString", "coordinates": [ [ 72.8377474, 19.0199225 ], [ 72.8377904, 19.0198519 ], [ 72.8378671, 19.0197133 ], [ 72.8377582, 19.019623 ], [ 72.8376933, 19.0195507 ], [ 72.8376474, 19.0194658 ], [ 72.837634, 19.0193521 ], [ 72.8376455, 19.0192979 ], [ 72.837663, 19.0192513 ], [ 72.8377334, 19.0192166 ], [ 72.8378041, 19.0191859 ], [ 72.8378805, 19.0191642 ], [ 72.8380188, 19.0191426 ], [ 72.8381346, 19.0191245 ], [ 72.8382195, 19.0191138 ], [ 72.838277, 19.0191065 ], [ 72.8384195, 19.0190886 ], [ 72.8386074, 19.0190649 ], [ 72.838682, 19.0190554 ], [ 72.8386998, 19.0190532 ], [ 72.8387497, 19.0190468 ], [ 72.8388793, 19.0190284 ], [ 72.8390668, 19.0190053 ], [ 72.8392005, 19.0189836 ], [ 72.8392824, 19.0189568 ], [ 72.8393495, 19.0189349 ], [ 72.8394868, 19.0188757 ], [ 72.8395445, 19.018851 ], [ 72.8395635, 19.0188428 ], [ 72.8395987, 19.0188274 ], [ 72.8396134, 19.0188209 ], [ 72.8396898, 19.0187874 ], [ 72.8397455, 19.0187107 ], [ 72.8399545, 19.0185406 ] ] } },
{ "type": "Feature", "properties": { "name": "SJ Joshi Marg", "highway": "residential", "slope_pct": 0.6 }, "geometry": { "type": "LineString", "coordinates": [ [ 72.8384163, 19.0215978 ], [ 72.8384031, 19.0211052 ], [ 72.8384906, 19.0208057 ], [ 72.838517, 19.0207153 ], [ 72.8385406, 19.0206345 ], [ 72.8385627, 19.0203298 ], [ 72.8385763, 19.0201419 ] ] } },
{ "type": "Feature", "properties": { "name": "Arterial Link", "highway": "residential", "slope_pct": 0.6 }, "geometry": { "type": "LineString", "coordinates": [ [ 72.8394868, 19.0188757 ], [ 72.8393569, 19.0185994 ], [ 72.8392631, 19.0181367 ] ] } },
{ "type": "Feature", "properties": { "name": "Bhawani Shankar Marg", "highway": "primary", "slope_pct": 0.6 }, "geometry": { "type": "LineString", "coordinates": [ [ 72.8404158, 19.0194359 ], [ 72.8404667, 19.0190134 ] ] } },
{ "type": "Feature", "properties": { "name": "Arterial Link", "highway": "primary", "slope_pct": 0.6 }, "geometry": { "type": "LineString", "coordinates": [ [ 72.8403507, 19.0194211 ], [ 72.8403227, 19.019428 ], [ 72.8403151, 19.0194324 ], [ 72.8402981, 19.0194422 ], [ 72.8402788, 19.0194625 ], [ 72.8402665, 19.0194873 ], [ 72.8402623, 19.0195143 ], [ 72.8402666, 19.0195413 ] ] } },
{ "type": "Feature", "properties": { "name": "N C Kelkar Marg", "highway": "primary", "slope_pct": 0.6 }, "geometry": { "type": "LineString", "coordinates": [ [ 72.8403891, 19.0196041 ], [ 72.840458, 19.0196383 ], [ 72.8406489, 19.0198103 ], [ 72.8410359, 19.0203078 ] ] } },
{ "type": "Feature", "properties": { "name": "Arterial Link", "highway": "residential", "slope_pct": 0.6 }, "geometry": { "type": "LineString", "coordinates": [ [ 72.8384276, 19.0175301 ], [ 72.838648, 19.0174212 ], [ 72.839102, 19.0171969 ], [ 72.8392696, 19.0175506 ] ] } },
{ "type": "Feature", "properties": { "name": "Arterial Link", "highway": "primary_link", "slope_pct": 0.6 }, "geometry": { "type": "LineString", "coordinates": [ [ 72.8393859, 19.0156083 ], [ 72.8394954, 19.015513 ] ] } },
{ "type": "Feature", "properties": { "name": "Moreshwar Chintaman Jawle Marg", "highway": "primary_link", "slope_pct": 0.6 }, "geometry": { "type": "LineString", "coordinates": [ [ 72.8418398, 19.0179181 ], [ 72.8417187, 19.0180589 ] ] } },
{ "type": "Feature", "properties": { "name": "Arterial Link", "highway": "residential", "slope_pct": 0.6 }, "geometry": { "type": "LineString", "coordinates": [ [ 72.8410627, 19.0173735 ], [ 72.8410298, 19.0174052 ], [ 72.8410129, 19.01742 ], [ 72.840559, 19.0178388 ], [ 72.8405492, 19.0178526 ], [ 72.8405434, 19.0178701 ], [ 72.8405449, 19.0178879 ], [ 72.8405533, 19.0179084 ], [ 72.840745, 19.0181057 ], [ 72.8407631, 19.0181126 ], [ 72.8407852, 19.018114 ], [ 72.8407999, 19.0181107 ], [ 72.8408185, 19.0180996 ], [ 72.8412927, 19.0177001 ], [ 72.8413075, 19.0176875 ], [ 72.8413321, 19.0176668 ] ] } },
{ "type": "Feature", "properties": { "name": "Arterial Link", "highway": "residential", "slope_pct": 0.6 }, "geometry": { "type": "LineString", "coordinates": [ [ 72.8380477, 19.0204214 ], [ 72.8380018, 19.0204204 ], [ 72.8379662, 19.0204196 ], [ 72.8379384, 19.0203947 ], [ 72.8379256, 19.0203472 ], [ 72.8379473, 19.0203007 ], [ 72.8380293, 19.0201501 ], [ 72.8380749, 19.0200663 ] ] } },
{ "type": "Feature", "properties": { "name": "Arterial Link", "highway": "residential", "slope_pct": 0.6 }, "geometry": { "type": "LineString", "coordinates": [ [ 72.8416414, 19.0208405 ], [ 72.8416789, 19.0208129 ], [ 72.8418486, 19.0206773 ], [ 72.8418995, 19.0206532 ], [ 72.842043, 19.0206392 ], [ 72.8423836, 19.020683 ], [ 72.8425619, 19.0206846 ], [ 72.8427242, 19.0206405 ] ] } },
{ "type": "Feature", "properties": { "name": "Arterial Link", "highway": "residential", "slope_pct": 0.6 }, "geometry": { "type": "LineString", "coordinates": [ [ 72.8375114, 19.0181913 ], [ 72.8375058, 19.0180255 ], [ 72.8375059, 19.0180215 ], [ 72.8375073, 19.0179824 ], [ 72.8375072, 19.0179444 ], [ 72.837507, 19.017921 ], [ 72.8375035, 19.0178691 ], [ 72.8374981, 19.0178104 ], [ 72.8374937, 19.0177626 ], [ 72.8374837, 19.0176543 ], [ 72.8374823, 19.0176386 ] ] } },
{ "type": "Feature", "properties": { "name": "Arterial Link", "highway": "residential", "slope_pct": 0.6 }, "geometry": { "type": "LineString", "coordinates": [ [ 72.8383841, 19.018676 ], [ 72.8383675, 19.0185661 ], [ 72.8382461, 19.0185891 ], [ 72.8380124, 19.0186519 ], [ 72.837866, 19.0186912 ], [ 72.8377816, 19.0187149 ], [ 72.8373936, 19.0188238 ], [ 72.8373854, 19.0188236 ], [ 72.8373788, 19.0188218 ], [ 72.8373742, 19.0188182 ], [ 72.8373361, 19.0187119 ], [ 72.8373365, 19.0187064 ], [ 72.8373411, 19.0187031 ], [ 72.8377324, 19.0185906 ], [ 72.8377374, 19.0185913 ], [ 72.8377412, 19.0185957 ], [ 72.8377816, 19.0187149 ] ] } },
{ "type": "Feature", "properties": { "name": "Arterial Link", "highway": "residential", "slope_pct": 0.6 }, "geometry": { "type": "LineString", "coordinates": [ [ 72.8376784, 19.0163418 ], [ 72.8381771, 19.0160555 ] ] } },
{ "type": "Feature", "properties": { "name": "N C Kelkar Marg", "highway": "primary", "slope_pct": 0.6 }, "geometry": { "type": "LineString", "coordinates": [ [ 72.841158, 19.0203509 ], [ 72.8406901, 19.0197571 ], [ 72.8405121, 19.0195498 ], [ 72.840456, 19.0194865 ] ] } },
{ "type": "Feature", "properties": { "name": "N C Kelkar Marg", "highway": "primary", "slope_pct": 0.6 }, "geometry": { "type": "LineString", "coordinates": [ [ 72.8410359, 19.0203078 ], [ 72.8411019, 19.0203926 ] ] } },
{ "type": "Feature", "properties": { "name": "Ranade Road", "highway": "tertiary", "slope_pct": 0.6 }, "geometry": { "type": "LineString", "coordinates": [ [ 72.8410237, 19.0204509 ], [ 72.8411019, 19.0203926 ] ] } },
{ "type": "Feature", "properties": { "name": "Ranade Road", "highway": "tertiary", "slope_pct": 0.6 }, "geometry": { "type": "LineString", "coordinates": [ [ 72.8398476, 19.0213282 ], [ 72.8402226, 19.0210485 ], [ 72.8410237, 19.0204509 ] ] } },
{ "type": "Feature", "properties": { "name": "Dr D'Silva Marg", "highway": "residential", "slope_pct": 0.6 }, "geometry": { "type": "LineString", "coordinates": [ [ 72.842397, 19.01869 ], [ 72.8422564, 19.0187783 ] ] } },
{ "type": "Feature", "properties": { "name": "Bhawani Shankar Marg", "highway": "primary", "slope_pct": 0.6 }, "geometry": { "type": "LineString", "coordinates": [ [ 72.8403982, 19.0189965 ], [ 72.8403507, 19.0194211 ] ] } },
{ "type": "Feature", "properties": { "name": "Moreshwar Chintaman Jawle Marg", "highway": "primary", "slope_pct": 0.6 }, "geometry": { "type": "LineString", "coordinates": [ [ 72.8405557, 19.0188641 ], [ 72.8408179, 19.018724 ], [ 72.8415477, 19.0181864 ], [ 72.8417187, 19.0180589 ] ] } },
{ "type": "Feature", "properties": { "name": "Bhawani Shankar Marg", "highway": "secondary", "slope_pct": 0.6 }, "geometry": { "type": "LineString", "coordinates": [ [ 72.840099, 19.0186582 ], [ 72.8401147, 19.0187134 ], [ 72.840356, 19.0188756 ] ] } },
{ "type": "Feature", "properties": { "name": "Bhawani Shankar Marg", "highway": "secondary", "slope_pct": 0.6 }, "geometry": { "type": "LineString", "coordinates": [ [ 72.8404004, 19.0188234 ], [ 72.8401604, 19.0186573 ], [ 72.840099, 19.0186582 ] ] } },
{ "type": "Feature", "properties": { "name": "Bhawani Shankar Marg", "highway": "secondary", "slope_pct": 0.6 }, "geometry": { "type": "LineString", "coordinates": [ [ 72.8373702, 19.015777 ], [ 72.8374599, 19.0159285 ] ] } },
{ "type": "Feature", "properties": { "name": "Baburao Parulekar Marg", "highway": "residential", "slope_pct": 0.6 }, "geometry": { "type": "LineString", "coordinates": [ [ 72.8371605, 19.0158427 ], [ 72.8373702, 19.015777 ] ] } },
{ "type": "Feature", "properties": { "name": "Baburao Parulekar Marg", "highway": "residential", "slope_pct": 0.6 }, "geometry": { "type": "LineString", "coordinates": [ [ 72.8376364, 19.0157576 ], [ 72.8374599, 19.0159285 ] ] } },
{ "type": "Feature", "properties": { "name": "Bhawani Shankar Marg", "highway": "secondary", "slope_pct": 0.6 }, "geometry": { "type": "LineString", "coordinates": [ [ 72.8374599, 19.0159285 ], [ 72.8376784, 19.0163418 ], [ 72.8377813, 19.0165183 ], [ 72.8377915, 19.0165375 ], [ 72.8378728, 19.0166849 ], [ 72.8379045, 19.0167418 ], [ 72.8379364, 19.0167987 ], [ 72.8379467, 19.0168181 ], [ 72.8380555, 19.0170238 ], [ 72.8384276, 19.0175301 ], [ 72.8389463, 19.0179653 ], [ 72.8392631, 19.0181367 ], [ 72.8394713, 19.0182483 ], [ 72.8399211, 19.0185162 ], [ 72.8399545, 19.0185406 ], [ 72.8399777, 19.0185594 ], [ 72.840099, 19.0186582 ] ] } },
{ "type": "Feature", "properties": { "name": "Chhabildas Road", "highway": "residential", "slope_pct": 0.6 }, "geometry": { "type": "LineString", "coordinates": [ [ 72.8427242, 19.0206405 ], [ 72.8428116, 19.0208053 ] ] } },
{ "type": "Feature", "properties": { "name": "N C Kelkar Marg", "highway": "primary", "slope_pct": 0.6 }, "geometry": { "type": "LineString", "coordinates": [ [ 72.8421558, 19.0210296 ], [ 72.8419975, 19.0210114 ], [ 72.8418214, 19.0209547 ], [ 72.8416414, 19.0208405 ], [ 72.8415797, 19.0208013 ], [ 72.8414592, 19.0206726 ], [ 72.8412404, 19.0204389 ], [ 72.841158, 19.0203509 ] ] } },
{ "type": "Feature", "properties": { "name": "N C Kelkar Marg", "highway": "primary", "slope_pct": 0.6 }, "geometry": { "type": "LineString", "coordinates": [ [ 72.8411019, 19.0203926 ], [ 72.8415173, 19.02085 ], [ 72.8417528, 19.021062 ], [ 72.8419635, 19.0212516 ] ] } },
{ "type": "Feature", "properties": { "name": "V R C Bhide Marg", "highway": "residential", "slope_pct": 0.6 }, "geometry": { "type": "LineString", "coordinates": [ [ 72.8372956, 19.018744 ], [ 72.8367816, 19.019256 ] ] } },
{ "type": "Feature", "properties": { "name": "V R C Bhide Marg", "highway": "residential", "slope_pct": 0.6 }, "geometry": { "type": "LineString", "coordinates": [ [ 72.8370951, 19.0183459 ], [ 72.8372189, 19.018588 ], [ 72.8372521, 19.0186529 ], [ 72.8372956, 19.018744 ], [ 72.8373413, 19.0188273 ], [ 72.8373686, 19.0188806 ] ] } },
{ "type": "Feature", "properties": { "name": "Arterial Link", "highway": "residential", "slope_pct": 0.6 }, "geometry": { "type": "LineString", "coordinates": [ [ 72.8385912, 19.0180883 ], [ 72.838763, 19.0186659 ], [ 72.8387831, 19.0187333 ], [ 72.8388793, 19.0190284 ] ] } },
{ "type": "Feature", "properties": { "name": "N C Kelkar Marg", "highway": "primary", "slope_pct": 0.6 }, "geometry": { "type": "LineString", "coordinates": [ [ 72.8419635, 19.0212516 ], [ 72.8421895, 19.0215258 ], [ 72.8423074, 19.0217 ] ] } },
{ "type": "Feature", "properties": { "name": "N C Kelkar Marg", "highway": "primary", "slope_pct": 0.6 }, "geometry": { "type": "LineString", "coordinates": [ [ 72.8426816, 19.0209956 ], [ 72.8425668, 19.0210091 ], [ 72.8421558, 19.0210296 ] ] } },
{ "type": "Feature", "properties": { "name": "N C Kelkar Marg", "highway": "primary", "slope_pct": 0.6 }, "geometry": { "type": "LineString", "coordinates": [ [ 72.8428459, 19.0212303 ], [ 72.8428373, 19.0211109 ], [ 72.8428024, 19.0210487 ], [ 72.8427399, 19.0210095 ], [ 72.8426816, 19.0209956 ] ] } },
{ "type": "Feature", "properties": { "name": "N C Kelkar Marg", "highway": "primary", "slope_pct": 0.6 }, "geometry": { "type": "LineString", "coordinates": [ [ 72.8426372, 19.0216853 ], [ 72.8426953, 19.0215189 ], [ 72.842719, 19.0214508 ], [ 72.8428459, 19.0212303 ] ] } },
{ "type": "Feature", "properties": { "name": "Arterial Link", "highway": "primary", "slope_pct": 0.6 }, "geometry": { "type": "LineString", "coordinates": [ [ 72.8404158, 19.0194359 ], [ 72.8403846, 19.0194232 ], [ 72.8403507, 19.0194211 ] ] } },
{ "type": "Feature", "properties": { "name": "Arterial Link", "highway": "primary", "slope_pct": 0.6 }, "geometry": { "type": "LineString", "coordinates": [ [ 72.840456, 19.0194865 ], [ 72.8404405, 19.0194579 ], [ 72.8404158, 19.0194359 ] ] } },
{ "type": "Feature", "properties": { "name": "Kabutarkhana", "highway": "primary", "slope_pct": 0.6 }, "geometry": { "type": "LineString", "coordinates": [ [ 72.8403982, 19.0189965 ], [ 72.840431, 19.0190103 ], [ 72.8404667, 19.0190134 ] ] } },
{ "type": "Feature", "properties": { "name": "Kabutarkhana", "highway": "primary", "slope_pct": 0.6 }, "geometry": { "type": "LineString", "coordinates": [ [ 72.840356, 19.0188756 ], [ 72.8403495, 19.0189092 ], [ 72.8403549, 19.0189429 ], [ 72.8403718, 19.0189731 ], [ 72.8403982, 19.0189965 ] ] } },
{ "type": "Feature", "properties": { "name": "Kabutarkhana", "highway": "primary", "slope_pct": 0.6 }, "geometry": { "type": "LineString", "coordinates": [ [ 72.8404004, 19.0188234 ], [ 72.8403736, 19.018846 ], [ 72.840356, 19.0188756 ] ] } },
{ "type": "Feature", "properties": { "name": "Arterial Link", "highway": "primary", "slope_pct": 0.6 }, "geometry": { "type": "LineString", "coordinates": [ [ 72.8402666, 19.0195413 ], [ 72.8402799, 19.0195675 ], [ 72.8403012, 19.0195886 ], [ 72.8403283, 19.0196025 ], [ 72.8403586, 19.0196078 ], [ 72.8403891, 19.0196041 ] ] } },
{ "type": "Feature", "properties": { "name": "Kabutarkhana", "highway": "primary", "slope_pct": 0.6 }, "geometry": { "type": "LineString", "coordinates": [ [ 72.8404667, 19.0190134 ], [ 72.8405077, 19.0190025 ], [ 72.8405411, 19.0189777 ], [ 72.840562, 19.0189427 ], [ 72.8405671, 19.0189028 ], [ 72.8405557, 19.0188641 ] ] } },
{ "type": "Feature", "properties": { "name": "Arterial Link", "highway": "residential", "slope_pct": 0.6 }, "geometry": { "type": "LineString", "coordinates": [ [ 72.8380437, 19.0181835 ], [ 72.8380417, 19.0182165 ], [ 72.8380382, 19.0182696 ], [ 72.8380124, 19.0186519 ] ] } },
{ "type": "Feature", "properties": { "name": "Raobahadur S.K. Bole Marg", "highway": "primary", "slope_pct": 0.6 }, "geometry": { "type": "LineString", "coordinates": [ [ 72.8402666, 19.0195413 ], [ 72.8391985, 19.0199593 ], [ 72.8386686, 19.0201401 ], [ 72.8385763, 19.0201419 ] ] } },
{ "type": "Feature", "properties": { "name": "SJ Joshi Marg", "highway": "residential", "slope_pct": 0.6 }, "geometry": { "type": "LineString", "coordinates": [ [ 72.8386998, 19.0190532 ], [ 72.8387203, 19.019239 ], [ 72.8387288, 19.0193115 ], [ 72.8387494, 19.0194877 ], [ 72.8387476, 19.0195167 ], [ 72.8387349, 19.0195366 ], [ 72.8387083, 19.0195531 ], [ 72.8386544, 19.0195828 ], [ 72.838632, 19.0196068 ], [ 72.8386277, 19.0196297 ], [ 72.8386266, 19.0196586 ], [ 72.8386284, 19.0196917 ], [ 72.8386327, 19.0197391 ], [ 72.8386386, 19.0198055 ], [ 72.8386686, 19.0201401 ] ] } },
{ "type": "Feature", "properties": { "name": "Kavi Keshavsut Flyover", "highway": "primary", "slope_pct": 0.6 }, "geometry": { "type": "LineString", "coordinates": [ [ 72.8410757, 19.0172673 ], [ 72.8410193, 19.017158 ] ] } },
{ "type": "Feature", "properties": { "name": "Kavi Keshavsut Flyover", "highway": "primary", "slope_pct": 0.6 }, "geometry": { "type": "LineString", "coordinates": [ [ 72.8409831, 19.01721 ], [ 72.8410757, 19.0172673 ] ] } },
{ "type": "Feature", "properties": { "name": "Ranade Road", "highway": "tertiary", "slope_pct": 0.6 }, "geometry": { "type": "LineString", "coordinates": [ [ 72.8398476, 19.0213282 ], [ 72.8394162, 19.02165 ] ] } },
{ "type": "Feature", "properties": { "name": "Dr Narayan Joshi Rd", "highway": "residential", "slope_pct": 0.6 }, "geometry": { "type": "LineString", "coordinates": [ [ 72.8378926, 19.0154996 ], [ 72.8381526, 19.0157936 ], [ 72.8382984, 19.0160084 ] ] } },
{ "type": "Feature", "properties": { "name": "Dr Narayan Joshi Rd", "highway": "residential", "slope_pct": 0.6 }, "geometry": { "type": "LineString", "coordinates": [ [ 72.8382984, 19.0160084 ], [ 72.8384814, 19.0162781 ] ] } },
{ "type": "Feature", "properties": { "name": "Arterial Link", "highway": "residential", "slope_pct": 0.6 }, "geometry": { "type": "LineString", "coordinates": [ [ 72.8370382, 19.0206838 ], [ 72.8370596, 19.0206721 ], [ 72.8372215, 19.0205836 ], [ 72.8372293, 19.0205827 ], [ 72.8372367, 19.0205832 ], [ 72.8373116, 19.0207073 ], [ 72.8373126, 19.020718 ], [ 72.8373078, 19.0207265 ], [ 72.8371491, 19.0208127 ], [ 72.8371298, 19.0208232 ] ] } },
{ "type": "Feature", "properties": { "name": "Arterial Link", "highway": "residential", "slope_pct": 0.6 }, "geometry": { "type": "LineString", "coordinates": [ [ 72.8371396, 19.0208388 ], [ 72.8373814, 19.0206992 ], [ 72.8374658, 19.0206504 ], [ 72.8374694, 19.0206468 ], [ 72.8374707, 19.0206429 ], [ 72.8374694, 19.0206381 ], [ 72.8374673, 19.0206332 ], [ 72.837387, 19.0205133 ], [ 72.8373839, 19.0205109 ], [ 72.8373803, 19.0205104 ], [ 72.8373778, 19.0205112 ], [ 72.837298, 19.0205543 ], [ 72.8372962, 19.0205563 ], [ 72.8372947, 19.0205589 ], [ 72.8372943, 19.0205618 ], [ 72.8372953, 19.0205636 ], [ 72.8373814, 19.0206992 ] ] } },
{ "type": "Feature", "properties": { "name": "Arterial Link", "highway": "residential", "slope_pct": 0.6 }, "geometry": { "type": "LineString", "coordinates": [ [ 72.8371983, 19.0209318 ], [ 72.837218, 19.0209207 ], [ 72.837335, 19.0208547 ] ] } },
{ "type": "Feature", "properties": { "name": "Arterial Link", "highway": "residential", "slope_pct": 0.6 }, "geometry": { "type": "LineString", "coordinates": [ [ 72.8373325, 19.0211443 ], [ 72.8375673, 19.0210104 ] ] } },
{ "type": "Feature", "properties": { "name": "Arterial Link", "highway": "residential", "slope_pct": 0.6 }, "geometry": { "type": "LineString", "coordinates": [ [ 72.8376931, 19.0212051 ], [ 72.8375673, 19.0210104 ], [ 72.8374373, 19.0207975 ], [ 72.8374047, 19.0207477 ] ] } },
{ "type": "Feature", "properties": { "name": "Arterial Link", "highway": "residential", "slope_pct": 0.6 }, "geometry": { "type": "LineString", "coordinates": [ [ 72.837335, 19.0208547 ], [ 72.837398, 19.0208191 ] ] } },
{ "type": "Feature", "properties": { "name": "Arterial Link", "highway": "residential", "slope_pct": 0.6 }, "geometry": { "type": "LineString", "coordinates": [ [ 72.837398, 19.0208191 ], [ 72.8374067, 19.0208143 ], [ 72.8374373, 19.0207975 ] ] } },
{ "type": "Feature", "properties": { "name": "Arterial Link", "highway": "residential", "slope_pct": 0.6 }, "geometry": { "type": "LineString", "coordinates": [ [ 72.8367941, 19.0157454 ], [ 72.8368035, 19.0157594 ] ] } },
{ "type": "Feature", "properties": { "name": "Arterial Link", "highway": "residential", "slope_pct": 0.6 }, "geometry": { "type": "LineString", "coordinates": [ [ 72.8368035, 19.0157594 ], [ 72.8368786, 19.0158778 ] ] } },
{ "type": "Feature", "properties": { "name": "Arterial Link", "highway": "residential", "slope_pct": 0.6 }, "geometry": { "type": "LineString", "coordinates": [ [ 72.8368786, 19.0158778 ], [ 72.8368837, 19.0158865 ], [ 72.8369049, 19.0159227 ] ] } },
{ "type": "Feature", "properties": { "name": "Arterial Link", "highway": "residential", "slope_pct": 0.6 }, "geometry": { "type": "LineString", "coordinates": [ [ 72.8378728, 19.0166849 ], [ 72.837941, 19.016652 ], [ 72.8380738, 19.0165879 ], [ 72.838083, 19.016581 ], [ 72.8380884, 19.016573 ], [ 72.8380911, 19.0165661 ], [ 72.8380907, 19.0165566 ], [ 72.8380145, 19.0164244 ], [ 72.8380083, 19.0164186 ], [ 72.8380022, 19.0164161 ], [ 72.837996, 19.0164164 ], [ 72.8379785, 19.0164254 ], [ 72.8378436, 19.0165061 ], [ 72.8377915, 19.0165375 ] ] } },
{ "type": "Feature", "properties": { "name": "Arterial Link", "highway": "residential", "slope_pct": 0.6 }, "geometry": { "type": "LineString", "coordinates": [ [ 72.8380211, 19.0163851 ], [ 72.8380356, 19.0163779 ], [ 72.838319, 19.0162364 ] ] } },
{ "type": "Feature", "properties": { "name": "Arterial Link", "highway": "residential", "slope_pct": 0.6 }, "geometry": { "type": "LineString", "coordinates": [ [ 72.8379785, 19.0164254 ], [ 72.8379742, 19.016418 ], [ 72.83797, 19.0164106 ] ] } },
{ "type": "Feature", "properties": { "name": "Arterial Link", "highway": "residential", "slope_pct": 0.6 }, "geometry": { "type": "LineString", "coordinates": [ [ 72.8379467, 19.0168181 ], [ 72.8380124, 19.0167864 ], [ 72.8380906, 19.0167486 ], [ 72.8380956, 19.0167442 ], [ 72.8380972, 19.0167376 ], [ 72.8380969, 19.016733 ], [ 72.8380702, 19.0166826 ] ] } },
{ "type": "Feature", "properties": { "name": "Arterial Link", "highway": "residential", "slope_pct": 0.6 }, "geometry": { "type": "LineString", "coordinates": [ [ 72.8378119, 19.0170948 ], [ 72.837795, 19.0170654 ], [ 72.8377847, 19.0170475 ], [ 72.8377122, 19.0169384 ], [ 72.837711, 19.016935 ], [ 72.837711, 19.0169298 ], [ 72.837713, 19.0169251 ], [ 72.8377184, 19.0169201 ], [ 72.8378768, 19.0168316 ], [ 72.8379364, 19.0167987 ] ] } },
{ "type": "Feature", "properties": { "name": "Arterial Link", "highway": "residential", "slope_pct": 0.6 }, "geometry": { "type": "LineString", "coordinates": [ [ 72.8377847, 19.0170475 ], [ 72.8378877, 19.0169987 ] ] } },
{ "type": "Feature", "properties": { "name": "Arterial Link", "highway": "residential", "slope_pct": 0.6 }, "geometry": { "type": "LineString", "coordinates": [ [ 72.8379045, 19.0167418 ], [ 72.8378448, 19.016769 ], [ 72.8376766, 19.0168457 ], [ 72.8376711, 19.0168468 ], [ 72.8376657, 19.0168462 ], [ 72.8376608, 19.0168445 ], [ 72.8376576, 19.0168412 ], [ 72.8375575, 19.0166489 ], [ 72.8375555, 19.0166422 ], [ 72.8375567, 19.0166353 ], [ 72.8375601, 19.0166295 ], [ 72.8375655, 19.0166262 ], [ 72.8377173, 19.0165503 ], [ 72.8377813, 19.0165183 ] ] } },
{ "type": "Feature", "properties": { "name": "Arterial Link", "highway": "residential", "slope_pct": 0.6 }, "geometry": { "type": "LineString", "coordinates": [ [ 72.837669, 19.015726 ], [ 72.8377166, 19.0157898 ], [ 72.8378644, 19.0159877 ], [ 72.837877, 19.0159964 ], [ 72.8378932, 19.0159984 ], [ 72.8379093, 19.015995 ], [ 72.8379212, 19.0159884 ], [ 72.8380596, 19.0158755 ] ] } },
{ "type": "Feature", "properties": { "name": "Arterial Link", "highway": "residential", "slope_pct": 0.6 }, "geometry": { "type": "LineString", "coordinates": [ [ 72.837316, 19.0164766 ], [ 72.8374006, 19.0164551 ], [ 72.8375, 19.0164243 ], [ 72.8375102, 19.0164182 ], [ 72.8375167, 19.0164092 ], [ 72.8375233, 19.016403 ], [ 72.8375321, 19.0163971 ], [ 72.8376784, 19.0163418 ] ] } },
{ "type": "Feature", "properties": { "name": "Arterial Link", "highway": "residential", "slope_pct": 0.6 }, "geometry": { "type": "LineString", "coordinates": [ [ 72.8374432, 19.0165991 ], [ 72.8374006, 19.0164551 ] ] } },
{ "type": "Feature", "properties": { "name": "Arterial Link", "highway": "residential", "slope_pct": 0.6 }, "geometry": { "type": "LineString", "coordinates": [ [ 72.8374403, 19.0168628 ], [ 72.8376047, 19.0168176 ], [ 72.8376128, 19.0168191 ], [ 72.8376178, 19.0168231 ], [ 72.837622, 19.0168289 ], [ 72.8377245, 19.0170925 ], [ 72.8377342, 19.0171174 ] ] } },
{ "type": "Feature", "properties": { "name": "Arterial Link", "highway": "residential", "slope_pct": 0.6 }, "geometry": { "type": "LineString", "coordinates": [ [ 72.8377838, 19.0172416 ], [ 72.8378063, 19.0172978 ], [ 72.8378897, 19.0175011 ], [ 72.8378993, 19.0175095 ], [ 72.8379147, 19.0175109 ], [ 72.8380295, 19.0174817 ], [ 72.8380398, 19.0174747 ], [ 72.838042, 19.0174677 ], [ 72.8379736, 19.0172633 ], [ 72.8379633, 19.017255 ], [ 72.8379537, 19.0172529 ], [ 72.8378063, 19.0172978 ] ] } },
{ "type": "Feature", "properties": { "name": "Arterial Link", "highway": "residential", "slope_pct": 0.6 }, "geometry": { "type": "LineString", "coordinates": [ [ 72.8377342, 19.0171174 ], [ 72.8377838, 19.0172416 ] ] } },
{ "type": "Feature", "properties": { "name": "Arterial Link", "highway": "residential", "slope_pct": 0.6 }, "geometry": { "type": "LineString", "coordinates": [ [ 72.8367784, 19.0172074 ], [ 72.8368869, 19.017183 ] ] } },
{ "type": "Feature", "properties": { "name": "Arterial Link", "highway": "residential", "slope_pct": 0.6 }, "geometry": { "type": "LineString", "coordinates": [ [ 72.8369672, 19.0172694 ], [ 72.8369759, 19.0172988 ], [ 72.8369757, 19.0173021 ], [ 72.8369747, 19.0173045 ], [ 72.8369712, 19.0173062 ], [ 72.8368368, 19.0173371 ] ] } },
{ "type": "Feature", "properties": { "name": "Arterial Link", "highway": "residential", "slope_pct": 0.6 }, "geometry": { "type": "LineString", "coordinates": [ [ 72.8368475, 19.0173721 ], [ 72.8368406, 19.0173495 ], [ 72.8368368, 19.0173371 ], [ 72.8368148, 19.0173236 ] ] } },
{ "type": "Feature", "properties": { "name": "Arterial Link", "highway": "residential", "slope_pct": 0.6 }, "geometry": { "type": "LineString", "coordinates": [ [ 72.8368191, 19.0173801 ], [ 72.8368125, 19.017357 ], [ 72.8368086, 19.0173436 ], [ 72.8368148, 19.0173236 ] ] } },
{ "type": "Feature", "properties": { "name": "Arterial Link", "highway": "residential", "slope_pct": 0.6 }, "geometry": { "type": "LineString", "coordinates": [ [ 72.8371988, 19.0183134 ], [ 72.8372136, 19.0183517 ], [ 72.8372182, 19.0183637 ], [ 72.8372206, 19.01837 ] ] } },
{ "type": "Feature", "properties": { "name": "Arterial Link", "highway": "residential", "slope_pct": 0.6 }, "geometry": { "type": "LineString", "coordinates": [ [ 72.8372189, 19.018588 ], [ 72.8372414, 19.0185805 ], [ 72.8372542, 19.0185754 ], [ 72.8372627, 19.018572 ] ] } },
{ "type": "Feature", "properties": { "name": "Arterial Link", "highway": "residential", "slope_pct": 0.6 }, "geometry": { "type": "LineString", "coordinates": [ [ 72.8372831, 19.0186441 ], [ 72.8372542, 19.0185754 ], [ 72.8372136, 19.0184788 ], [ 72.8372142, 19.0184754 ], [ 72.8372167, 19.0184727 ], [ 72.8372205, 19.0184716 ] ] } },
{ "type": "Feature", "properties": { "name": "Arterial Link", "highway": "residential", "slope_pct": 0.6 }, "geometry": { "type": "LineString", "coordinates": [ [ 72.8372926, 19.0186412 ], [ 72.8372831, 19.0186441 ], [ 72.8372521, 19.0186529 ] ] } },
{ "type": "Feature", "properties": { "name": "Arterial Link", "highway": "residential", "slope_pct": 0.6 }, "geometry": { "type": "LineString", "coordinates": [ [ 72.8372029, 19.018375 ], [ 72.8372014, 19.0183721 ], [ 72.8372015, 19.01837 ], [ 72.8372035, 19.0183689 ], [ 72.8372182, 19.0183637 ], [ 72.8372407, 19.0183557 ], [ 72.8372433, 19.0183561 ], [ 72.837245, 19.0183574 ], [ 72.8372456, 19.0183593 ] ] } },
{ "type": "Feature", "properties": { "name": "Arterial Link", "highway": "residential", "slope_pct": 0.6 }, "geometry": { "type": "LineString", "coordinates": [ [ 72.8373811, 19.0186007 ], [ 72.8372826, 19.0183517 ], [ 72.8372588, 19.0182917 ] ] } },
{ "type": "Feature", "properties": { "name": "Arterial Link", "highway": "residential", "slope_pct": 0.6 }, "geometry": { "type": "LineString", "coordinates": [ [ 72.837464, 19.0185748 ], [ 72.8373667, 19.0183249 ], [ 72.8373426, 19.0182629 ] ] } },
{ "type": "Feature", "properties": { "name": "Arterial Link", "highway": "residential", "slope_pct": 0.6 }, "geometry": { "type": "LineString", "coordinates": [ [ 72.8374861, 19.0204868 ], [ 72.8376847, 19.0203734 ], [ 72.8377178, 19.0203665 ], [ 72.8377539, 19.0203658 ], [ 72.8377943, 19.0203662 ], [ 72.8378804, 19.0203554 ], [ 72.8379256, 19.0203472 ] ] } },
{ "type": "Feature", "properties": { "name": "Arterial Link", "highway": "residential", "slope_pct": 0.6 }, "geometry": { "type": "LineString", "coordinates": [ [ 72.8378046, 19.020662 ], [ 72.8378178, 19.0205292 ], [ 72.8378164, 19.0204972 ], [ 72.8377943, 19.0203662 ] ] } },
{ "type": "Feature", "properties": { "name": "Arterial Link", "highway": "residential", "slope_pct": 0.6 }, "geometry": { "type": "LineString", "coordinates": [ [ 72.838338, 19.0197201 ], [ 72.838566, 19.0196978 ], [ 72.8386284, 19.0196917 ] ] } },
{ "type": "Feature", "properties": { "name": "Arterial Link", "highway": "residential", "slope_pct": 0.6 }, "geometry": { "type": "LineString", "coordinates": [ [ 72.8383335, 19.0197388 ], [ 72.8385568, 19.0197284 ], [ 72.8385604, 19.0197293 ], [ 72.838563, 19.0197332 ], [ 72.8385638, 19.0197433 ], [ 72.8385673, 19.0197851 ] ] } },
{ "type": "Feature", "properties": { "name": "Arterial Link", "highway": "residential", "slope_pct": 0.6 }, "geometry": { "type": "LineString", "coordinates": [ [ 72.8385638, 19.0197433 ], [ 72.8385786, 19.0197424 ], [ 72.8386327, 19.0197391 ] ] } },
{ "type": "Feature", "properties": { "name": "Arterial Link", "highway": "residential", "slope_pct": 0.6 }, "geometry": { "type": "LineString", "coordinates": [ [ 72.8383649, 19.0198272 ], [ 72.8385797, 19.0198102 ], [ 72.8386386, 19.0198055 ] ] } },
{ "type": "Feature", "properties": { "name": "Arterial Link", "highway": "residential", "slope_pct": 0.6 }, "geometry": { "type": "LineString", "coordinates": [ [ 72.8372432, 19.0178334 ], [ 72.83748, 19.017812 ], [ 72.8374981, 19.0178104 ] ] } },
{ "type": "Feature", "properties": { "name": "Arterial Link", "highway": "residential", "slope_pct": 0.6 }, "geometry": { "type": "LineString", "coordinates": [ [ 72.8374937, 19.0177626 ], [ 72.8374589, 19.0177655 ], [ 72.8372454, 19.0177883 ], [ 72.837238, 19.0177863 ], [ 72.8372329, 19.0177786 ], [ 72.8372232, 19.0176961 ], [ 72.8372244, 19.0176924 ], [ 72.8372286, 19.0176899 ], [ 72.8374459, 19.017659 ], [ 72.8374837, 19.0176543 ] ] } },
{ "type": "Feature", "properties": { "name": "Arterial Link", "highway": "residential", "slope_pct": 0.6 }, "geometry": { "type": "LineString", "coordinates": [ [ 72.8374763, 19.0178987 ], [ 72.837475, 19.0178697 ], [ 72.8374735, 19.0178395 ] ] } },
{ "type": "Feature", "properties": { "name": "Arterial Link", "highway": "residential", "slope_pct": 0.6 }, "geometry": { "type": "LineString", "coordinates": [ [ 72.837475, 19.0178697 ], [ 72.8374854, 19.0178695 ], [ 72.8375035, 19.0178691 ] ] } },
{ "type": "Feature", "properties": { "name": "Arterial Link", "highway": "residential", "slope_pct": 0.6 }, "geometry": { "type": "LineString", "coordinates": [ [ 72.8373238, 19.017959 ], [ 72.8374616, 19.0179481 ], [ 72.8374797, 19.0179466 ], [ 72.8375072, 19.0179444 ] ] } },
{ "type": "Feature", "properties": { "name": "Arterial Link", "highway": "residential", "slope_pct": 0.6 }, "geometry": { "type": "LineString", "coordinates": [ [ 72.8374562, 19.0180262 ], [ 72.8374649, 19.0180261 ], [ 72.8375058, 19.0180255 ] ] } },
{ "type": "Feature", "properties": { "name": "Arterial Link", "highway": "residential", "slope_pct": 0.6 }, "geometry": { "type": "LineString", "coordinates": [ [ 72.8374649, 19.0180261 ], [ 72.8374616, 19.0179481 ] ] } },
{ "type": "Feature", "properties": { "name": "Arterial Link", "highway": "residential", "slope_pct": 0.6 }, "geometry": { "type": "LineString", "coordinates": [ [ 72.8380008, 19.0204967 ], [ 72.8380018, 19.0204204 ] ] } },
{ "type": "Feature", "properties": { "name": "Arterial Link", "highway": "residential", "slope_pct": 0.6 }, "geometry": { "type": "LineString", "coordinates": [ [ 72.8380188, 19.0191426 ], [ 72.8380069, 19.0190731 ], [ 72.8380019, 19.0190437 ], [ 72.8379756, 19.01889 ], [ 72.8379815, 19.0188796 ], [ 72.8379933, 19.018874 ], [ 72.8381529, 19.0188538 ], [ 72.8381632, 19.0188545 ], [ 72.8381698, 19.0188629 ], [ 72.838199, 19.01901 ], [ 72.8382059, 19.0190449 ], [ 72.8382195, 19.0191138 ] ] } },
{ "type": "Feature", "properties": { "name": "Arterial Link", "highway": "residential", "slope_pct": 0.6 }, "geometry": { "type": "LineString", "coordinates": [ [ 72.8380019, 19.0190437 ], [ 72.838199, 19.01901 ] ] } },
{ "type": "Feature", "properties": { "name": "Arterial Link", "highway": "residential", "slope_pct": 0.6 }, "geometry": { "type": "LineString", "coordinates": [ [ 72.8378041, 19.0191859 ], [ 72.837791, 19.0191455 ], [ 72.8377422, 19.0189953 ], [ 72.8377305, 19.018987 ], [ 72.8377172, 19.018987 ], [ 72.8376047, 19.0190169 ], [ 72.8375988, 19.0190259 ], [ 72.8375959, 19.0190363 ], [ 72.8376473, 19.0191993 ], [ 72.837663, 19.0192513 ] ] } },
{ "type": "Feature", "properties": { "name": "Arterial Link", "highway": "residential", "slope_pct": 0.6 }, "geometry": { "type": "LineString", "coordinates": [ [ 72.8382038, 19.0187792 ], [ 72.8382677, 19.0190651 ], [ 72.8382698, 19.0190745 ], [ 72.838277, 19.0191065 ] ] } },
{ "type": "Feature", "properties": { "name": "Arterial Link", "highway": "residential", "slope_pct": 0.6 }, "geometry": { "type": "LineString", "coordinates": [ [ 72.8381621, 19.0178557 ], [ 72.838307, 19.0180789 ], [ 72.8383077, 19.0180872 ], [ 72.8383048, 19.0181011 ], [ 72.8383037, 19.0181204 ], [ 72.8383158, 19.0181773 ] ] } },
{ "type": "Feature", "properties": { "name": "Arterial Link", "highway": "residential", "slope_pct": 0.6 }, "geometry": { "type": "LineString", "coordinates": [ [ 72.8382106, 19.0181978 ], [ 72.8381711, 19.0181289 ], [ 72.83804, 19.0179002 ], [ 72.8380348, 19.017887 ], [ 72.8380378, 19.0178737 ], [ 72.8380481, 19.0178605 ], [ 72.8381032, 19.0178355 ], [ 72.8381121, 19.0178258 ], [ 72.8381121, 19.0178132 ], [ 72.8380929, 19.0177444 ] ] } },
{ "type": "Feature", "properties": { "name": "Arterial Link", "highway": "residential", "slope_pct": 0.6 }, "geometry": { "type": "LineString", "coordinates": [ [ 72.837866, 19.0186912 ], [ 72.837898, 19.018784 ], [ 72.8379061, 19.0187896 ], [ 72.83792, 19.0187917 ], [ 72.8382665, 19.018711 ], [ 72.838276, 19.0187054 ], [ 72.838279, 19.0186978 ], [ 72.8382461, 19.0185891 ] ] } },
{ "type": "Feature", "properties": { "name": "Arterial Link", "highway": "residential", "slope_pct": 0.6 }, "geometry": { "type": "LineString", "coordinates": [ [ 72.8380382, 19.0182696 ], [ 72.838316, 19.0182952 ], [ 72.8383344, 19.0183015 ], [ 72.8383454, 19.0183112 ], [ 72.8383602, 19.0183293 ], [ 72.8383778, 19.0185198 ], [ 72.8383779, 19.0185363 ], [ 72.838374, 19.0185519 ], [ 72.8383675, 19.0185661 ] ] } },
{ "type": "Feature", "properties": { "name": "Arterial Link", "highway": "residential", "slope_pct": 0.6 }, "geometry": { "type": "LineString", "coordinates": [ [ 72.8392246, 19.018805 ], [ 72.8392824, 19.0189568 ] ] } },
{ "type": "Feature", "properties": { "name": "Arterial Link", "highway": "residential", "slope_pct": 0.6 }, "geometry": { "type": "LineString", "coordinates": [ [ 72.8391739, 19.0186728 ], [ 72.8393569, 19.0185994 ] ] } },
{ "type": "Feature", "properties": { "name": "Arterial Link", "highway": "residential", "slope_pct": 0.6 }, "geometry": { "type": "LineString", "coordinates": [ [ 72.8392631, 19.0181367 ], [ 72.8394095, 19.0180135 ], [ 72.8396788, 19.0178126 ], [ 72.8397644, 19.0177781 ], [ 72.8398192, 19.0177767 ] ] } },
{ "type": "Feature", "properties": { "name": "Arterial Link", "highway": "residential", "slope_pct": 0.6 }, "geometry": { "type": "LineString", "coordinates": [ [ 72.8400084, 19.0179301 ], [ 72.8402511, 19.0180748 ], [ 72.840268, 19.0180928 ], [ 72.8402761, 19.0181193 ], [ 72.8402798, 19.0181485 ], [ 72.8402717, 19.01817 ], [ 72.8400964, 19.0184009 ], [ 72.8399211, 19.0185162 ] ] } },
{ "type": "Feature", "properties": { "name": "Arterial Link", "highway": "residential", "slope_pct": 0.6 }, "geometry": { "type": "LineString", "coordinates": [ [ 72.8368026, 19.0163822 ], [ 72.836895, 19.0163616 ], [ 72.8369206, 19.0163559 ] ] } },
{ "type": "Feature", "properties": { "name": "Arterial Link", "highway": "residential", "slope_pct": 0.6 }, "geometry": { "type": "LineString", "coordinates": [ [ 72.8367566, 19.0164519 ], [ 72.8367801, 19.0165249 ], [ 72.8367875, 19.0165315 ], [ 72.8367983, 19.0165326 ], [ 72.8369221, 19.0165033 ], [ 72.8369404, 19.016499 ], [ 72.8369668, 19.0164927 ] ] } },
{ "type": "Feature", "properties": { "name": "Arterial Link", "highway": "residential", "slope_pct": 0.6 }, "geometry": { "type": "LineString", "coordinates": [ [ 72.8369221, 19.0165033 ], [ 72.8369026, 19.0164438 ], [ 72.8369026, 19.0164394 ], [ 72.8369057, 19.0164354 ], [ 72.8369183, 19.0164323 ], [ 72.8369442, 19.0164258 ] ] } },
{ "type": "Feature", "properties": { "name": "Arterial Link", "highway": "residential", "slope_pct": 0.6 }, "geometry": { "type": "LineString", "coordinates": [ [ 72.8383721, 19.0187243 ], [ 72.8386278, 19.0186861 ], [ 72.8386593, 19.0186814 ], [ 72.838763, 19.0186659 ] ] } },
{ "type": "Feature", "properties": { "name": "Arterial Link", "highway": "residential", "slope_pct": 0.6 }, "geometry": { "type": "LineString", "coordinates": [ [ 72.838682, 19.0190554 ], [ 72.8386766, 19.0190188 ], [ 72.8386743, 19.0190032 ], [ 72.8386512, 19.0188452 ], [ 72.8386278, 19.0186861 ] ] } },
{ "type": "Feature", "properties": { "name": "Arterial Link", "highway": "residential", "slope_pct": 0.6 }, "geometry": { "type": "LineString", "coordinates": [ [ 72.8384195, 19.0190886 ], [ 72.8384121, 19.0190576 ], [ 72.8384093, 19.0190461 ], [ 72.8383762, 19.0189079 ], [ 72.8383762, 19.0189003 ], [ 72.8383793, 19.0188934 ], [ 72.8383862, 19.0188894 ], [ 72.8386512, 19.0188452 ] ] } },
{ "type": "Feature", "properties": { "name": "Arterial Link", "highway": "residential", "slope_pct": 0.6 }, "geometry": { "type": "LineString", "coordinates": [ [ 72.8384093, 19.0190461 ], [ 72.8386743, 19.0190032 ] ] } },
{ "type": "Feature", "properties": { "name": "Arterial Link", "highway": "residential", "slope_pct": 0.6 }, "geometry": { "type": "LineString", "coordinates": [ [ 72.8381561, 19.0196078 ], [ 72.8381201, 19.0193889 ], [ 72.8381223, 19.0193791 ], [ 72.8381274, 19.0193687 ], [ 72.8381385, 19.0193631 ], [ 72.8386443, 19.0193189 ], [ 72.8387288, 19.0193115 ] ] } },
{ "type": "Feature", "properties": { "name": "Arterial Link", "highway": "residential", "slope_pct": 0.6 }, "geometry": { "type": "LineString", "coordinates": [ [ 72.8386074, 19.0190649 ], [ 72.8386194, 19.0191464 ], [ 72.8386202, 19.0191528 ], [ 72.8386274, 19.0191528 ], [ 72.838634, 19.0191554 ], [ 72.8386394, 19.0191605 ], [ 72.8386425, 19.0191685 ], [ 72.838654, 19.0192606 ], [ 72.8386513, 19.0192661 ], [ 72.8386386, 19.019273 ], [ 72.8386401, 19.0192835 ], [ 72.8386443, 19.0193189 ] ] } },
{ "type": "Feature", "properties": { "name": "Arterial Link", "highway": "residential", "slope_pct": 0.6 }, "geometry": { "type": "LineString", "coordinates": [ [ 72.8384549, 19.0191688 ], [ 72.8386202, 19.0191528 ] ] } },
{ "type": "Feature", "properties": { "name": "Arterial Link", "highway": "residential", "slope_pct": 0.6 }, "geometry": { "type": "LineString", "coordinates": [ [ 72.8384922, 19.0192845 ], [ 72.8386386, 19.019273 ] ] } },
{ "type": "Feature", "properties": { "name": "Arterial Link", "highway": "residential", "slope_pct": 0.6 }, "geometry": { "type": "LineString", "coordinates": [ [ 72.8397639, 19.0189501 ], [ 72.8397293, 19.0189008 ], [ 72.839719, 19.018889 ], [ 72.8397043, 19.0188841 ], [ 72.8396947, 19.0188834 ], [ 72.8396574, 19.0188954 ], [ 72.8396402, 19.0189076 ], [ 72.839606, 19.0189332 ], [ 72.8395677, 19.0189495 ] ] } },
{ "type": "Feature", "properties": { "name": "Arterial Link", "highway": "residential", "slope_pct": 0.6 }, "geometry": { "type": "LineString", "coordinates": [ [ 72.8396574, 19.0188954 ], [ 72.8396134, 19.0188209 ] ] } },
{ "type": "Feature", "properties": { "name": "Arterial Link", "highway": "residential", "slope_pct": 0.6 }, "geometry": { "type": "LineString", "coordinates": [ [ 72.8395879, 19.0187318 ], [ 72.8395049, 19.018772 ], [ 72.8395029, 19.0187748 ], [ 72.8395031, 19.0187789 ], [ 72.8395397, 19.0188427 ], [ 72.8395445, 19.018851 ] ] } },
{ "type": "Feature", "properties": { "name": "Arterial Link", "highway": "residential", "slope_pct": 0.6 }, "geometry": { "type": "LineString", "coordinates": [ [ 72.8395927, 19.0188164 ], [ 72.839595, 19.0188206 ], [ 72.8395987, 19.0188274 ] ] } },
{ "type": "Feature", "properties": { "name": "Arterial Link", "highway": "residential", "slope_pct": 0.6 }, "geometry": { "type": "LineString", "coordinates": [ [ 72.8385627, 19.0203298 ], [ 72.8387463, 19.0203453 ] ] } },
{ "type": "Feature", "properties": { "name": "Arterial Link", "highway": "residential", "slope_pct": 0.6 }, "geometry": { "type": "LineString", "coordinates": [ [ 72.8387463, 19.0203453 ], [ 72.8387633, 19.0203487 ], [ 72.8387684, 19.0203605 ], [ 72.8387633, 19.0204307 ] ] } },
{ "type": "Feature", "properties": { "name": "Arterial Link", "highway": "residential", "slope_pct": 0.6 }, "geometry": { "type": "LineString", "coordinates": [ [ 72.838517, 19.0207153 ], [ 72.8384375, 19.0207128 ], [ 72.838421, 19.0207123 ], [ 72.8381473, 19.0207037 ], [ 72.8381392, 19.0207086 ], [ 72.838137, 19.0207204 ], [ 72.8381311, 19.0207899 ], [ 72.8381406, 19.0207982 ], [ 72.8381568, 19.0208003 ], [ 72.8381951, 19.0207941 ], [ 72.8384118, 19.0208013 ], [ 72.8384256, 19.0208021 ], [ 72.8384906, 19.0208057 ] ] } },
{ "type": "Feature", "properties": { "name": "Arterial Link", "highway": "residential", "slope_pct": 0.6 }, "geometry": { "type": "LineString", "coordinates": [ [ 72.8384118, 19.0208013 ], [ 72.838421, 19.0207123 ] ] } },
{ "type": "Feature", "properties": { "name": "Arterial Link", "highway": "residential", "slope_pct": 0.6 }, "geometry": { "type": "LineString", "coordinates": [ [ 72.8371866, 19.0195435 ], [ 72.8370599, 19.0196825 ], [ 72.8370474, 19.0197019 ], [ 72.8370445, 19.0197228 ], [ 72.8370531, 19.0197796 ], [ 72.8370549, 19.0198296 ], [ 72.8370479, 19.0198567 ], [ 72.8369766, 19.019961 ], [ 72.8369736, 19.0199812 ], [ 72.836981, 19.0200118 ], [ 72.8370685, 19.0201154 ], [ 72.8370832, 19.0201244 ], [ 72.8371031, 19.0201258 ], [ 72.8373186, 19.0200417 ], [ 72.8373458, 19.0200306 ], [ 72.8374032, 19.0199902 ], [ 72.8375597, 19.0198078 ] ] } },
{ "type": "Feature", "properties": { "name": "Arterial Link", "highway": "residential", "slope_pct": 0.6 }, "geometry": { "type": "LineString", "coordinates": [ [ 72.8374586, 19.021344 ], [ 72.8376931, 19.0212051 ], [ 72.8377895, 19.021148 ] ] } },
{ "type": "Feature", "properties": { "name": "Arterial Link", "highway": "residential", "slope_pct": 0.6 }, "geometry": { "type": "LineString", "coordinates": [ [ 72.8380356, 19.0163779 ], [ 72.8381235, 19.0165144 ], [ 72.8381411, 19.0165224 ], [ 72.8381636, 19.0165204 ], [ 72.8383995, 19.0163916 ], [ 72.8384122, 19.0163843 ], [ 72.8384178, 19.0163737 ], [ 72.838415, 19.0163597 ], [ 72.8383405, 19.0162452 ], [ 72.8383313, 19.0162382 ], [ 72.838319, 19.0162364 ] ] } },
{ "type": "Feature", "properties": { "name": "Arterial Link", "highway": "residential", "slope_pct": 0.6 }, "geometry": { "type": "LineString", "coordinates": [ [ 72.8377813, 19.0165183 ], [ 72.83797, 19.0164106 ], [ 72.8380211, 19.0163851 ] ] } },
{ "type": "Feature", "properties": { "name": "Arterial Link", "highway": "residential", "slope_pct": 0.6 }, "geometry": { "type": "LineString", "coordinates": [ [ 72.8429988, 19.0214708 ], [ 72.8429911, 19.021452 ] ] } },
{ "type": "Feature", "properties": { "name": "Arterial Link", "highway": "residential", "slope_pct": 0.6 }, "geometry": { "type": "LineString", "coordinates": [ [ 72.8419635, 19.0193473 ], [ 72.8419746, 19.0193517 ], [ 72.8419868, 19.0193482 ], [ 72.8421468, 19.0192589 ], [ 72.8421528, 19.0192474 ], [ 72.842153, 19.019233 ], [ 72.8420064, 19.0190106 ], [ 72.84197, 19.0189573 ] ] } },
{ "type": "Feature", "properties": { "name": "Arterial Link", "highway": "primary_link", "slope_pct": 0.6 }, "geometry": { "type": "LineString", "coordinates": [ [ 72.8401604, 19.0164247 ], [ 72.840269, 19.0163393 ] ] } },
{ "type": "Feature", "properties": { "name": "Arterial Link", "highway": "residential", "slope_pct": 0.6 }, "geometry": { "type": "LineString", "coordinates": [ [ 72.8410129, 19.01742 ], [ 72.8412927, 19.0177001 ] ] } },
{ "type": "Feature", "properties": { "name": "Arterial Link", "highway": "primary_link", "slope_pct": 0.6 }, "geometry": { "type": "LineString", "coordinates": [ [ 72.8409262, 19.0171634 ], [ 72.8409814, 19.0171166 ] ] } },
{ "type": "Feature", "properties": { "name": "Arterial Link", "highway": "residential", "slope_pct": 0.6 }, "geometry": { "type": "LineString", "coordinates": [ [ 72.841825, 19.0191365 ], [ 72.8419635, 19.0193473 ] ] } },
{ "type": "Feature", "properties": { "name": "Arterial Link", "highway": "residential", "slope_pct": 0.6 }, "geometry": { "type": "LineString", "coordinates": [ [ 72.8417843, 19.0190733 ], [ 72.8418091, 19.0191123 ], [ 72.841825, 19.0191365 ] ] } },
{ "type": "Feature", "properties": { "name": "Arterial Link", "highway": "residential", "slope_pct": 0.6 }, "geometry": { "type": "LineString", "coordinates": [ [ 72.8428774, 19.0215069 ], [ 72.8429349, 19.0214791 ], [ 72.8429911, 19.021452 ] ] } },
{ "type": "Feature", "properties": { "name": "Arterial Link", "highway": "primary_link", "slope_pct": 0.6 }, "geometry": { "type": "LineString", "coordinates": [ [ 72.8392525, 19.0154695 ], [ 72.8393671, 19.0153778 ] ] } },
{ "type": "Feature", "properties": { "name": "Marg No 2", "highway": "residential", "slope_pct": 0.6 }, "geometry": { "type": "LineString", "coordinates": [ [ 72.8457515, 19.0180049 ], [ 72.8451546, 19.0170956 ] ] } },
{ "type": "Feature", "properties": { "name": "Scheme 5 Road no.5", "highway": "residential", "slope_pct": 0.6 }, "geometry": { "type": "LineString", "coordinates": [ [ 72.8483142, 19.0203695 ], [ 72.8470159, 19.0212387 ], [ 72.8469795, 19.0212631 ] ] } },
{ "type": "Feature", "properties": { "name": "Scheme 5 Road no.4", "highway": "residential", "slope_pct": 0.6 }, "geometry": { "type": "LineString", "coordinates": [ [ 72.8479681, 19.0198951 ], [ 72.8464932, 19.0208936 ], [ 72.846461, 19.0209154 ] ] } },
{ "type": "Feature", "properties": { "name": "Scheme 5 Road no.3", "highway": "residential", "slope_pct": 0.6 }, "geometry": { "type": "LineString", "coordinates": [ [ 72.8476913, 19.0195157 ], [ 72.8469528, 19.0200019 ], [ 72.8466957, 19.020173 ], [ 72.8461775, 19.0205125 ] ] } },
{ "type": "Feature", "properties": { "name": "Lokmanya Tilak Vasahat Road No. 1", "highway": "residential", "slope_pct": 0.6 }, "geometry": { "type": "LineString", "coordinates": [ [ 72.8448319, 19.0186076 ], [ 72.8453075, 19.0182959 ], [ 72.8456516, 19.0180704 ], [ 72.8457515, 19.0180049 ], [ 72.8462844, 19.0176556 ] ] } },
{ "type": "Feature", "properties": { "name": "Scheme 5 Road no.2", "highway": "residential", "slope_pct": 0.6 }, "geometry": { "type": "LineString", "coordinates": [ [ 72.8474151, 19.0191373 ], [ 72.846684, 19.0196203 ], [ 72.8464283, 19.0197877 ], [ 72.8459059, 19.0201266 ] ] } },
{ "type": "Feature", "properties": { "name": "Jam-e-Jamshed Lane", "highway": "residential", "slope_pct": 0.6 }, "geometry": { "type": "LineString", "coordinates": [ [ 72.8476506, 19.0157606 ], [ 72.8487738, 19.0171976 ] ] } },
{ "type": "Feature", "properties": { "name": "Jame Jamshed Road", "highway": "residential", "slope_pct": 0.6 }, "geometry": { "type": "LineString", "coordinates": [ [ 72.8490931, 19.0175028 ], [ 72.8490653, 19.0175314 ], [ 72.8490539, 19.0175702 ], [ 72.8490629, 19.0176111 ], [ 72.8490852, 19.0176472 ], [ 72.8491184, 19.0176747 ], [ 72.8491592, 19.0176909 ] ] } },
{ "type": "Feature", "properties": { "name": "D.V. Pradhan Road", "highway": "residential", "slope_pct": 0.6 }, "geometry": { "type": "LineString", "coordinates": [ [ 72.8471568, 19.0187833 ], [ 72.8465706, 19.019156 ], [ 72.8465002, 19.0192008 ], [ 72.8464618, 19.0192252 ], [ 72.8464184, 19.0192534 ], [ 72.8462859, 19.0193368 ], [ 72.8456396, 19.019748 ] ] } },
{ "type": "Feature", "properties": { "name": "Mancherji Joshi Road", "highway": "residential", "slope_pct": 0.6 }, "geometry": { "type": "LineString", "coordinates": [ [ 72.8492572, 19.0175248 ], [ 72.8492317, 19.017508 ], [ 72.8492031, 19.0174965 ], [ 72.8491727, 19.017491 ], [ 72.8491416, 19.0174915 ], [ 72.8491114, 19.0174981 ], [ 72.8490931, 19.0175028 ] ] } },
{ "type": "Feature", "properties": { "name": "Swami Gyan Jiwandas Marg", "highway": "tertiary", "slope_pct": 0.6 }, "geometry": { "type": "LineString", "coordinates": [ [ 72.8464754, 19.0163138 ], [ 72.8461406, 19.0165819 ], [ 72.8456614, 19.0168315 ], [ 72.8451546, 19.0170956 ], [ 72.8446026, 19.01729 ] ] } },
{ "type": "Feature", "properties": { "name": "Khodadad Circle", "highway": "trunk", "slope_pct": 0.6 }, "geometry": { "type": "LineString", "coordinates": [ [ 72.8481782, 19.0179453 ], [ 72.8482016, 19.0178783 ], [ 72.8482119, 19.0178084 ], [ 72.8482088, 19.0177379 ], [ 72.8481923, 19.0176691 ] ] } },
{ "type": "Feature", "properties": { "name": "Tilak Road", "highway": "primary", "slope_pct": 0.6 }, "geometry": { "type": "LineString", "coordinates": [ [ 72.8474218, 19.0179501 ], [ 72.8472769, 19.0181091 ], [ 72.8468531, 19.0183887 ] ] } },
{ "type": "Feature", "properties": { "name": "Dr Babasaheb Ambedkar Marg (Vincent Road)", "highway": "trunk", "slope_pct": 0.6 }, "geometry": { "type": "LineString", "coordinates": [ [ 72.8464754, 19.0163138 ], [ 72.846746, 19.0166735 ], [ 72.847004, 19.017018 ], [ 72.8470498, 19.0170808 ], [ 72.8472336, 19.0173374 ], [ 72.8472489, 19.0173587 ], [ 72.847347, 19.0174777 ], [ 72.8473903, 19.0175672 ], [ 72.84741, 19.0176564 ] ] } },
{ "type": "Feature", "properties": { "name": "Dr Babasaheb Ambedkar Marg (Vincent Road)", "highway": "trunk", "slope_pct": 0.6 }, "geometry": { "type": "LineString", "coordinates": [ [ 72.8495085, 19.0200374 ], [ 72.849466, 19.019851 ], [ 72.8490057, 19.0192541 ], [ 72.8489546, 19.0191841 ], [ 72.8488379, 19.0190287 ], [ 72.8484245, 19.0184746 ], [ 72.8483224, 19.018337 ], [ 72.8482748, 19.01827 ], [ 72.8482452, 19.0182284 ], [ 72.848202, 19.0181676 ], [ 72.848181, 19.0181383 ], [ 72.848167, 19.0180796 ], [ 72.8481782, 19.0179453 ] ] } },
{ "type": "Feature", "properties": { "name": "Jaganath Shankur Seth (Dadar TT) Flyover", "highway": "trunk", "slope_pct": 0.6 }, "geometry": { "type": "LineString", "coordinates": [ [ 72.8492472, 19.0198559 ], [ 72.8494579, 19.0201255 ] ] } },
{ "type": "Feature", "properties": { "name": "Dr Babasaheb Ambedkar Marg (Vincent Road)", "highway": "trunk", "slope_pct": 0.6 }, "geometry": { "type": "LineString", "coordinates": [ [ 72.8477426, 19.0174022 ], [ 72.8476451, 19.0173573 ], [ 72.8475888, 19.0173026 ], [ 72.8472665, 19.016872 ], [ 72.8466987, 19.0161788 ] ] } },
{ "type": "Feature", "properties": { "name": "Dr Babasaheb Ambedkar Marg (Vincent Road)", "highway": "trunk", "slope_pct": 0.6 }, "geometry": { "type": "LineString", "coordinates": [ [ 72.8477931, 19.0181805 ], [ 72.8479376, 19.0182502 ], [ 72.847979, 19.0182778 ], [ 72.8480043, 19.0183006 ], [ 72.8480485, 19.0183575 ], [ 72.8482853, 19.0186831 ], [ 72.8486161, 19.0191333 ], [ 72.848945, 19.0195809 ], [ 72.8491528, 19.0198637 ], [ 72.8492792, 19.0200318 ], [ 72.8493295, 19.0200938 ], [ 72.8494579, 19.0201255 ] ] } },
{ "type": "Feature", "properties": { "name": "Arterial Link", "highway": "tertiary", "slope_pct": 0.6 }, "geometry": { "type": "LineString", "coordinates": [ [ 72.8485414, 19.0209648 ], [ 72.8485781, 19.021003 ], [ 72.8486272, 19.0210263 ], [ 72.8486815, 19.0210313 ], [ 72.8487335, 19.0210175 ], [ 72.8487744, 19.0209899 ], [ 72.8488038, 19.0209495 ], [ 72.8488141, 19.0209201 ], [ 72.8488161, 19.0208723 ], [ 72.8488017, 19.0208274 ], [ 72.8487871, 19.0208052 ], [ 72.8487511, 19.0207734 ], [ 72.8487063, 19.0207542 ], [ 72.8486573, 19.0207499 ], [ 72.8486022, 19.0207641 ], [ 72.8485611, 19.0207924 ], [ 72.8485322, 19.0208326 ], [ 72.8485194, 19.020881 ], [ 72.8485254, 19.0209312 ], [ 72.8485414, 19.0209648 ] ] } },
{ "type": "Feature", "properties": { "name": "Sir Bhalchandra Road", "highway": "tertiary", "slope_pct": 0.6 }, "geometry": { "type": "LineString", "coordinates": [ [ 72.8486022, 19.0207641 ], [ 72.8483142, 19.0203695 ], [ 72.8479681, 19.0198951 ], [ 72.8476913, 19.0195157 ], [ 72.8474151, 19.0191373 ], [ 72.8471568, 19.0187833 ], [ 72.8469099, 19.0184448 ] ] } },
{ "type": "Feature", "properties": { "name": "Tilak Bridge", "highway": "primary", "slope_pct": 0.6 }, "geometry": { "type": "LineString", "coordinates": [ [ 72.8455885, 19.0192229 ], [ 72.8441792, 19.0201273 ], [ 72.8440772, 19.0201973 ] ] } },
{ "type": "Feature", "properties": { "name": "Sir Bhalchandra Road", "highway": "residential", "slope_pct": 0.6 }, "geometry": { "type": "LineString", "coordinates": [ [ 72.8456614, 19.0168315 ], [ 72.8462844, 19.0176556 ], [ 72.8464674, 19.0178919 ], [ 72.8468531, 19.0183887 ] ] } },
{ "type": "Feature", "properties": { "name": "Tilak Road", "highway": "primary", "slope_pct": 0.6 }, "geometry": { "type": "LineString", "coordinates": [ [ 72.8456217, 19.0192683 ], [ 72.8469099, 19.0184448 ], [ 72.8473231, 19.0181807 ], [ 72.8474738, 19.018135 ], [ 72.8475601, 19.0181088 ] ] } },
{ "type": "Feature", "properties": { "name": "Khareghat Road", "highway": "residential", "slope_pct": 0.6 }, "geometry": { "type": "LineString", "coordinates": [ [ 72.8495744, 19.0202773 ], [ 72.84946, 19.020354 ], [ 72.8487871, 19.0208052 ] ] } },
{ "type": "Feature", "properties": { "name": "Lakhamasi Nappu Road", "highway": "tertiary", "slope_pct": 0.6 }, "geometry": { "type": "LineString", "coordinates": [ [ 72.8442579, 19.0178125 ], [ 72.84451, 19.0181427 ], [ 72.8448319, 19.0186076 ] ] } },
{ "type": "Feature", "properties": { "name": "Swami Gyan Jiwandas Marg", "highway": "tertiary", "slope_pct": 0.6 }, "geometry": { "type": "LineString", "coordinates": [ [ 72.8446026, 19.01729 ], [ 72.8441739, 19.0174026 ], [ 72.8440508, 19.0174736 ] ] } },
{ "type": "Feature", "properties": { "name": "Tilak Road", "highway": "primary", "slope_pct": 0.6 }, "geometry": { "type": "LineString", "coordinates": [ [ 72.8483932, 19.0174305 ], [ 72.8481109, 19.017533 ] ] } },
{ "type": "Feature", "properties": { "name": "Tilak Road", "highway": "primary", "slope_pct": 0.6 }, "geometry": { "type": "LineString", "coordinates": [ [ 72.8481923, 19.0176691 ], [ 72.8483932, 19.0174305 ] ] } },
{ "type": "Feature", "properties": { "name": "Dr Babasaheb Ambedkar Marg (Vincent Road)", "highway": "trunk", "slope_pct": 0.6 }, "geometry": { "type": "LineString", "coordinates": [ [ 72.8497851, 19.0203802 ], [ 72.8496521, 19.0202154 ], [ 72.8495085, 19.0200374 ] ] } },
{ "type": "Feature", "properties": { "name": "Dr Babasaheb Ambedkar Marg (Vincent Road)", "highway": "trunk", "slope_pct": 0.6 }, "geometry": { "type": "LineString", "coordinates": [ [ 72.8494579, 19.0201255 ], [ 72.8495744, 19.0202773 ], [ 72.8496865, 19.0204234 ] ] } },
{ "type": "Feature", "properties": { "name": "Jaganath Shankur Seth (Dadar TT) Flyover", "highway": "trunk", "slope_pct": 0.6 }, "geometry": { "type": "LineString", "coordinates": [ [ 72.8495085, 19.0200374 ], [ 72.8493129, 19.0198005 ] ] } },
{ "type": "Feature", "properties": { "name": "Arterial Link", "highway": "trunk_link", "slope_pct": 0.6 }, "geometry": { "type": "LineString", "coordinates": [ [ 72.847004, 19.017018 ], [ 72.8472665, 19.016872 ] ] } },
{ "type": "Feature", "properties": { "name": "Arterial Link", "highway": "trunk_link", "slope_pct": 0.6 }, "geometry": { "type": "LineString", "coordinates": [ [ 72.8460116, 19.0156851 ], [ 72.8462344, 19.0155579 ] ] } },
{ "type": "Feature", "properties": { "name": "Jame Jamshed Road", "highway": "residential", "slope_pct": 0.6 }, "geometry": { "type": "LineString", "coordinates": [ [ 72.848752, 19.0172143 ], [ 72.8489056, 19.0173566 ], [ 72.8489611, 19.0173747 ] ] } },
{ "type": "Feature", "properties": { "name": "Arterial Link", "highway": "residential", "slope_pct": 0.6 }, "geometry": { "type": "LineString", "coordinates": [ [ 72.8491592, 19.0176909 ], [ 72.849203, 19.0176862 ], [ 72.8492415, 19.0176659 ], [ 72.8492689, 19.0176332 ], [ 72.8492809, 19.0175931 ] ] } },
{ "type": "Feature", "properties": { "name": "Arterial Link", "highway": "residential", "slope_pct": 0.6 }, "geometry": { "type": "LineString", "coordinates": [ [ 72.8446026, 19.01729 ], [ 72.8453075, 19.0182959 ] ] } },
{ "type": "Feature", "properties": { "name": "Arterial Link", "highway": "residential", "slope_pct": 0.6 }, "geometry": { "type": "LineString", "coordinates": [ [ 72.8441076, 19.0158662 ], [ 72.8442363, 19.0159993 ], [ 72.8443649, 19.0161323 ], [ 72.8443915, 19.0161536 ], [ 72.8444774, 19.0161396 ], [ 72.8445468, 19.0161032 ], [ 72.8445904, 19.0161035 ], [ 72.8447792, 19.0163482 ], [ 72.8449261, 19.0162622 ], [ 72.8449661, 19.0162597 ], [ 72.8451397, 19.0164382 ], [ 72.8451261, 19.0164682 ], [ 72.8448137, 19.0166223 ], [ 72.8447756, 19.0166196 ], [ 72.8446618, 19.0164736 ], [ 72.8446762, 19.0164231 ], [ 72.8447792, 19.0163482 ] ] } },
{ "type": "Feature", "properties": { "name": "Dadasaheb Phalke Marg", "highway": "tertiary", "slope_pct": 0.6 }, "geometry": { "type": "LineString", "coordinates": [ [ 72.8439863, 19.0175026 ], [ 72.8436934, 19.0172978 ], [ 72.8435622, 19.017079 ], [ 72.8432892, 19.0165631 ] ] } },
{ "type": "Feature", "properties": { "name": "Arterial Link", "highway": "residential", "slope_pct": 0.6 }, "geometry": { "type": "LineString", "coordinates": [ [ 72.8435666, 19.0163308 ], [ 72.8438039, 19.0164954 ], [ 72.8438837, 19.0164758 ], [ 72.8439042, 19.0164821 ], [ 72.84417, 19.0167628 ], [ 72.8441696, 19.0167808 ], [ 72.8438507, 19.0169938 ], [ 72.8438253, 19.0169878 ], [ 72.8437304, 19.0168069 ], [ 72.8437363, 19.0167898 ], [ 72.8437844, 19.0167453 ], [ 72.8437813, 19.0167286 ], [ 72.8437071, 19.0166456 ], [ 72.8437054, 19.0166284 ], [ 72.8438039, 19.0164954 ] ] } },
{ "type": "Feature", "properties": { "name": "Tilak Road", "highway": "primary", "slope_pct": 0.6 }, "geometry": { "type": "LineString", "coordinates": [ [ 72.8468531, 19.0183887 ], [ 72.8455885, 19.0192229 ] ] } },
{ "type": "Feature", "properties": { "name": "Arterial Link", "highway": "residential", "slope_pct": 0.6 }, "geometry": { "type": "LineString", "coordinates": [ [ 72.8452284, 19.0156785 ], [ 72.8453484, 19.0155897 ], [ 72.8455171, 19.0154649 ] ] } },
{ "type": "Feature", "properties": { "name": "Khodadad Circle", "highway": "trunk", "slope_pct": 0.6 }, "geometry": { "type": "LineString", "coordinates": [ [ 72.84741, 19.0176564 ], [ 72.847387, 19.0177542 ], [ 72.847391, 19.0178543 ], [ 72.8474218, 19.0179501 ] ] } },
{ "type": "Feature", "properties": { "name": "Khodadad Circle", "highway": "trunk", "slope_pct": 0.6 }, "geometry": { "type": "LineString", "coordinates": [ [ 72.8477426, 19.0174022 ], [ 72.8476347, 19.0174307 ], [ 72.8475389, 19.0174855 ], [ 72.8474621, 19.0175626 ], [ 72.84741, 19.0176564 ] ] } },
{ "type": "Feature", "properties": { "name": "Khodadad Circle", "highway": "trunk", "slope_pct": 0.6 }, "geometry": { "type": "LineString", "coordinates": [ [ 72.8477931, 19.0181805 ], [ 72.8479131, 19.0181653 ], [ 72.8480233, 19.018118 ], [ 72.8481142, 19.0180425 ], [ 72.8481782, 19.0179453 ] ] } },
{ "type": "Feature", "properties": { "name": "Khodadad Circle", "highway": "trunk", "slope_pct": 0.6 }, "geometry": { "type": "LineString", "coordinates": [ [ 72.8475601, 19.0181088 ], [ 72.8476709, 19.0181613 ], [ 72.8477931, 19.0181805 ] ] } },
{ "type": "Feature", "properties": { "name": "Khodadad Circle", "highway": "trunk", "slope_pct": 0.6 }, "geometry": { "type": "LineString", "coordinates": [ [ 72.8474218, 19.0179501 ], [ 72.8474797, 19.0180382 ], [ 72.8475601, 19.0181088 ] ] } },
{ "type": "Feature", "properties": { "name": "Khodadad Circle", "highway": "trunk", "slope_pct": 0.6 }, "geometry": { "type": "LineString", "coordinates": [ [ 72.8481923, 19.0176691 ], [ 72.8481589, 19.0175972 ], [ 72.8481109, 19.017533 ] ] } },
{ "type": "Feature", "properties": { "name": "Khodadad Circle", "highway": "trunk", "slope_pct": 0.6 }, "geometry": { "type": "LineString", "coordinates": [ [ 72.8481109, 19.017533 ], [ 72.848006, 19.0174511 ], [ 72.8478786, 19.0174059 ], [ 72.8477426, 19.0174022 ] ] } },
{ "type": "Feature", "properties": { "name": "Swami Gyan Jiwandas Marg", "highway": "tertiary", "slope_pct": 0.6 }, "geometry": { "type": "LineString", "coordinates": [ [ 72.8466987, 19.0161788 ], [ 72.8464754, 19.0163138 ] ] } },
{ "type": "Feature", "properties": { "name": "Arterial Link", "highway": "residential", "slope_pct": 0.6 }, "geometry": { "type": "LineString", "coordinates": [ [ 72.8492809, 19.0175931 ], [ 72.8492771, 19.0175557 ], [ 72.8492572, 19.0175248 ] ] } },
{ "type": "Feature", "properties": { "name": "Tilak Road", "highway": "primary", "slope_pct": 0.6 }, "geometry": { "type": "LineString", "coordinates": [ [ 72.8487738, 19.0171976 ], [ 72.848752, 19.0172143 ], [ 72.8484555, 19.0173923 ] ] } },
{ "type": "Feature", "properties": { "name": "Arterial Link", "highway": "trunk_link", "slope_pct": 0.6 }, "geometry": { "type": "LineString", "coordinates": [ [ 72.846291, 19.0160624 ], [ 72.8462962, 19.016243 ], [ 72.8462732, 19.0163369 ], [ 72.8462268, 19.016433 ], [ 72.8461756, 19.0165214 ] ] } },
{ "type": "Feature", "properties": { "name": "Arterial Link", "highway": "trunk_link", "slope_pct": 0.6 }, "geometry": { "type": "LineString", "coordinates": [ [ 72.8461406, 19.0165819 ], [ 72.8463155, 19.016571 ], [ 72.8464464, 19.0165748 ], [ 72.8465798, 19.0166113 ], [ 72.846746, 19.0166735 ] ] } },
{ "type": "Feature", "properties": { "name": "Arterial Link", "highway": "residential", "slope_pct": 0.6 }, "geometry": { "type": "LineString", "coordinates": [ [ 72.8455345, 19.0186491 ], [ 72.8458833, 19.0184149 ], [ 72.8462445, 19.0181725 ], [ 72.8464265, 19.0180503 ] ] } },
{ "type": "Feature", "properties": { "name": "Tilak Bridge", "highway": "primary", "slope_pct": 0.6 }, "geometry": { "type": "LineString", "coordinates": [ [ 72.8434006, 19.0207077 ], [ 72.8438453, 19.0204191 ], [ 72.8439809, 19.0203312 ], [ 72.8440743, 19.0202706 ] ] } },
{ "type": "Feature", "properties": { "name": "Tilak Bridge", "highway": "primary", "slope_pct": 0.6 }, "geometry": { "type": "LineString", "coordinates": [ [ 72.8439452, 19.0202854 ], [ 72.8438129, 19.0203694 ], [ 72.8433646, 19.0206587 ] ] } },
{ "type": "Feature", "properties": { "name": "Tilak Bridge", "highway": "primary", "slope_pct": 0.6 }, "geometry": { "type": "LineString", "coordinates": [ [ 72.8440743, 19.0202706 ], [ 72.8441156, 19.0202421 ], [ 72.8456217, 19.0192683 ] ] } },
{ "type": "Feature", "properties": { "name": "Tilak Road", "highway": "primary", "slope_pct": 0.6 }, "geometry": { "type": "LineString", "coordinates": [ [ 72.8484555, 19.0173923 ], [ 72.8483932, 19.0174305 ] ] } },
{ "type": "Feature", "properties": { "name": "Lakhamasi Nappu Road", "highway": "tertiary", "slope_pct": 0.6 }, "geometry": { "type": "LineString", "coordinates": [ [ 72.8448319, 19.0186076 ], [ 72.8452541, 19.0192018 ] ] } },
{ "type": "Feature", "properties": { "name": "Tilak Bridge", "highway": "primary", "slope_pct": 0.6 }, "geometry": { "type": "LineString", "coordinates": [ [ 72.8440393, 19.0202232 ], [ 72.8439452, 19.0202854 ] ] } },
{ "type": "Feature", "properties": { "name": "Lakhamasi Nappu Road", "highway": "tertiary", "slope_pct": 0.6 }, "geometry": { "type": "LineString", "coordinates": [ [ 72.8452541, 19.0192018 ], [ 72.8452564, 19.019297 ] ] } },
{ "type": "Feature", "properties": { "name": "Arterial Link", "highway": "residential", "slope_pct": 0.6 }, "geometry": { "type": "LineString", "coordinates": [ [ 72.8434266, 19.0212393 ], [ 72.8434905, 19.0213473 ], [ 72.8434962, 19.0213527 ], [ 72.8435049, 19.0213554 ], [ 72.8435185, 19.0213568 ], [ 72.8435898, 19.0213241 ], [ 72.8436013, 19.0213228 ], [ 72.8436107, 19.0213289 ], [ 72.8436352, 19.0213806 ] ] } },
{ "type": "Feature", "properties": { "name": "Arterial Link", "highway": "residential", "slope_pct": 0.6 }, "geometry": { "type": "LineString", "coordinates": [ [ 72.8434048, 19.0210593 ], [ 72.8434927, 19.0212066 ] ] } },
{ "type": "Feature", "properties": { "name": "Khareghat Road", "highway": "residential", "slope_pct": 0.6 }, "geometry": { "type": "LineString", "coordinates": [ [ 72.8475336, 19.0216347 ], [ 72.8475555, 19.0216202 ], [ 72.8485414, 19.0209648 ] ] } },
{ "type": "Feature", "properties": { "name": "Lakhamasi Nappu Road", "highway": "tertiary", "slope_pct": 0.6 }, "geometry": { "type": "LineString", "coordinates": [ [ 72.8452564, 19.019297 ], [ 72.8454385, 19.019536 ], [ 72.8455226, 19.0195774 ] ] } },
{ "type": "Feature", "properties": { "name": "Arterial Link", "highway": "tertiary", "slope_pct": 0.6 }, "geometry": { "type": "LineString", "coordinates": [ [ 72.8455226, 19.0195774 ], [ 72.8455159, 19.0194868 ], [ 72.8453277, 19.0192302 ], [ 72.8452541, 19.0192018 ] ] } },
{ "type": "Feature", "properties": { "name": "Arterial Link", "highway": "trunk_link", "slope_pct": 0.6 }, "geometry": { "type": "LineString", "coordinates": [ [ 72.8461756, 19.0165214 ], [ 72.8461699, 19.0165313 ], [ 72.8461406, 19.0165819 ] ] } },
{ "type": "Feature", "properties": { "name": "Jame Jamshed Road", "highway": "residential", "slope_pct": 0.6 }, "geometry": { "type": "LineString", "coordinates": [ [ 72.8489611, 19.0173747 ], [ 72.8490931, 19.0175028 ] ] } },
{ "type": "Feature", "properties": { "name": "Jame Jamshed Road", "highway": "residential", "slope_pct": 0.6 }, "geometry": { "type": "LineString", "coordinates": [ [ 72.8489611, 19.0173747 ], [ 72.8489439, 19.017319 ], [ 72.8488065, 19.0171767 ] ] } },
{ "type": "Feature", "properties": { "name": "Arterial Link", "highway": "residential", "slope_pct": 0.6 }, "geometry": { "type": "LineString", "coordinates": [ [ 72.8465706, 19.019156 ], [ 72.8465048, 19.0190703 ], [ 72.8464901, 19.0190512 ], [ 72.8463866, 19.0189163 ], [ 72.8463761, 19.0189081 ], [ 72.8463688, 19.0189076 ], [ 72.846363, 19.0189095 ], [ 72.8462786, 19.0189672 ], [ 72.8462758, 19.0189723 ], [ 72.8462758, 19.0189798 ], [ 72.8462792, 19.0189872 ], [ 72.8463857, 19.019126 ], [ 72.8464026, 19.019148 ], [ 72.8464618, 19.0192252 ] ] } },
{ "type": "Feature", "properties": { "name": "Arterial Link", "highway": "residential", "slope_pct": 0.6 }, "geometry": { "type": "LineString", "coordinates": [ [ 72.8462778, 19.0190555 ], [ 72.8463723, 19.0191866 ], [ 72.8464184, 19.0192534 ] ] } },
{ "type": "Feature", "properties": { "name": "Arterial Link", "highway": "residential", "slope_pct": 0.6 }, "geometry": { "type": "LineString", "coordinates": [ [ 72.8461447, 19.0191563 ], [ 72.846238, 19.0192739 ], [ 72.8462859, 19.0193368 ] ] } },
{ "type": "Feature", "properties": { "name": "Arterial Link", "highway": "residential", "slope_pct": 0.6 }, "geometry": { "type": "LineString", "coordinates": [ [ 72.8463105, 19.0193691 ], [ 72.8464411, 19.0192855 ] ] } },
{ "type": "Feature", "properties": { "name": "Arterial Link", "highway": "residential", "slope_pct": 0.6 }, "geometry": { "type": "LineString", "coordinates": [ [ 72.8463642, 19.0179661 ], [ 72.8464087, 19.0179338 ], [ 72.8464674, 19.0178919 ] ] } },
{ "type": "Feature", "properties": { "name": "Arterial Link", "highway": "residential", "slope_pct": 0.6 }, "geometry": { "type": "LineString", "coordinates": [ [ 72.8462826, 19.0178561 ], [ 72.8463642, 19.0179661 ], [ 72.8464265, 19.0180503 ], [ 72.8465915, 19.0182766 ] ] } },
{ "type": "Feature", "properties": { "name": "Arterial Link", "highway": "residential", "slope_pct": 0.6 }, "geometry": { "type": "LineString", "coordinates": [ [ 72.8456516, 19.0180704 ], [ 72.8456866, 19.0181223 ], [ 72.8457215, 19.0181743 ], [ 72.8458833, 19.0184149 ] ] } },
{ "type": "Feature", "properties": { "name": "Arterial Link", "highway": "residential", "slope_pct": 0.6 }, "geometry": { "type": "LineString", "coordinates": [ [ 72.8464274, 19.0184206 ], [ 72.8462445, 19.0181725 ] ] } },
{ "type": "Feature", "properties": { "name": "Dadasaheb Phalke Marg", "highway": "tertiary", "slope_pct": 0.6 }, "geometry": { "type": "LineString", "coordinates": [ [ 72.8442579, 19.0178125 ], [ 72.8440807, 19.0176141 ] ] } },
{ "type": "Feature", "properties": { "name": "Arterial Link", "highway": "tertiary", "slope_pct": 0.6 }, "geometry": { "type": "LineString", "coordinates": [ [ 72.8439863, 19.0175026 ], [ 72.8439746, 19.0175232 ], [ 72.8439704, 19.0175461 ], [ 72.8439739, 19.0175691 ], [ 72.8439848, 19.01759 ], [ 72.8440039, 19.0176077 ], [ 72.8440282, 19.0176183 ], [ 72.8440548, 19.0176206 ], [ 72.8440807, 19.0176141 ], [ 72.8441027, 19.0175998 ], [ 72.8441183, 19.0175793 ], [ 72.8441256, 19.0175549 ], [ 72.8441238, 19.0175297 ], [ 72.8441131, 19.0175065 ], [ 72.8440964, 19.0174894 ], [ 72.8440749, 19.0174781 ], [ 72.8440508, 19.0174736 ], [ 72.8440263, 19.0174766 ], [ 72.8440041, 19.0174866 ], [ 72.8439863, 19.0175026 ] ] } },
{ "type": "Feature", "properties": { "name": "Arterial Link", "highway": "residential", "slope_pct": 0.6 }, "geometry": { "type": "LineString", "coordinates": [ [ 72.8462859, 19.0193368 ], [ 72.8463048, 19.0193616 ], [ 72.8463105, 19.0193691 ], [ 72.8463789, 19.0194594 ] ] } },
{ "type": "Feature", "properties": { "name": "Arterial Link", "highway": "residential", "slope_pct": 0.6 }, "geometry": { "type": "LineString", "coordinates": [ [ 72.846504, 19.0193744 ], [ 72.8464411, 19.0192855 ], [ 72.8464365, 19.019279 ], [ 72.8464184, 19.0192534 ] ] } },
{ "type": "Feature", "properties": { "name": "Arterial Link", "highway": "tertiary", "slope_pct": 0.6 }, "geometry": { "type": "LineString", "coordinates": [ [ 72.8440743, 19.0202706 ], [ 72.8441002, 19.0203041 ] ] } },
{ "type": "Feature", "properties": { "name": "Tilak Bridge", "highway": "primary", "slope_pct": 0.6 }, "geometry": { "type": "LineString", "coordinates": [ [ 72.8440772, 19.0201973 ], [ 72.8440393, 19.0202232 ] ] } },
{ "type": "Feature", "properties": { "name": "Arterial Link", "highway": "trunk_link", "slope_pct": 0.6 }, "geometry": { "type": "LineString", "coordinates": [ [ 72.8480485, 19.0183575 ], [ 72.8482452, 19.0182284 ] ] } },
{ "type": "Feature", "properties": { "name": "Arterial Link", "highway": "residential", "slope_pct": 0.6 }, "geometry": { "type": "LineString", "coordinates": [ [ 72.8496615, 19.0183641 ], [ 72.8495988, 19.0184005 ], [ 72.849441, 19.0184921 ] ] } },
{ "type": "Feature", "properties": { "name": "Arterial Link", "highway": "residential", "slope_pct": 0.6 }, "geometry": { "type": "LineString", "coordinates": [ [ 72.8497182, 19.0184401 ], [ 72.8496637, 19.0184708 ], [ 72.8494666, 19.0185818 ] ] } },
{ "type": "Feature", "properties": { "name": "Balaram Khedekar Marg", "highway": "residential", "slope_pct": 0.6 }, "geometry": { "type": "LineString", "coordinates": [ [ 72.8499322, 19.0124147 ], [ 72.8501995, 19.0128231 ], [ 72.8503912, 19.013116 ], [ 72.8504901, 19.0132549 ], [ 72.850733, 19.0135838 ], [ 72.8508661, 19.013764 ], [ 72.8509831, 19.0139225 ], [ 72.8515182, 19.0146538 ], [ 72.8515245, 19.0146597 ], [ 72.8520138, 19.0151168 ], [ 72.8523358, 19.0154356 ], [ 72.8526852, 19.0157338 ], [ 72.8534426, 19.0163637 ] ] } },
{ "type": "Feature", "properties": { "name": "King's Circle Flyover", "highway": "trunk", "slope_pct": 0.6 }, "geometry": { "type": "LineString", "coordinates": [ [ 72.8498706, 19.0206863 ], [ 72.8506457, 19.0216837 ], [ 72.8509881, 19.0221478 ], [ 72.8513331, 19.0226015 ], [ 72.8518184, 19.0231947 ], [ 72.852267, 19.0237138 ], [ 72.852916, 19.0244453 ], [ 72.8537917, 19.0253503 ], [ 72.8543365, 19.0259081 ], [ 72.8551512, 19.0267375 ], [ 72.8560333, 19.0276587 ], [ 72.8568089, 19.0284767 ], [ 72.8572283, 19.0290922 ], [ 72.8575081, 19.0295873 ], [ 72.8578156, 19.0303412 ], [ 72.8579549, 19.0306896 ] ] } },
{ "type": "Feature", "properties": { "name": "King's Circle Flyover", "highway": "trunk", "slope_pct": 0.6 }, "geometry": { "type": "LineString", "coordinates": [ [ 72.8568779, 19.0284351 ], [ 72.8567025, 19.0282508 ], [ 72.8560846, 19.0275797 ], [ 72.8552352, 19.0266647 ], [ 72.8544202, 19.0258349 ], [ 72.8538751, 19.0252767 ], [ 72.8530228, 19.0243853 ], [ 72.8523447, 19.0236355 ], [ 72.8519065, 19.0231263 ], [ 72.8514371, 19.0225536 ], [ 72.850733, 19.021621 ], [ 72.8499525, 19.0206284 ] ] } },
{ "type": "Feature", "properties": { "name": "Tilak Road Extension", "highway": "secondary", "slope_pct": 0.6 }, "geometry": { "type": "LineString", "coordinates": [ [ 72.8528406, 19.0145881 ], [ 72.8520138, 19.0151168 ], [ 72.8516011, 19.0153884 ] ] } },
{ "type": "Feature", "properties": { "name": "Dr Babasaheb Ambedkar Marg (Vincent Road)", "highway": "trunk", "slope_pct": 0.6 }, "geometry": { "type": "LineString", "coordinates": [ [ 72.8510831, 19.0219392 ], [ 72.8509738, 19.0217909 ] ] } },
{ "type": "Feature", "properties": { "name": "Arterial Link", "highway": "residential", "slope_pct": 0.6 }, "geometry": { "type": "LineString", "coordinates": [ [ 72.8506235, 19.0218044 ], [ 72.8505699, 19.0218357 ], [ 72.8503105, 19.0219869 ] ] } },
{ "type": "Feature", "properties": { "name": "Lady Jehangir Road", "highway": "tertiary", "slope_pct": 0.6 }, "geometry": { "type": "LineString", "coordinates": [ [ 72.8511283, 19.0220005 ], [ 72.8512731, 19.0219057 ], [ 72.8512815, 19.0219002 ], [ 72.8513307, 19.0218175 ] ] } },
{ "type": "Feature", "properties": { "name": "Arterial Link", "highway": "residential", "slope_pct": 0.6 }, "geometry": { "type": "LineString", "coordinates": [ [ 72.8518925, 19.0219373 ], [ 72.8517312, 19.021738 ], [ 72.851632, 19.0216161 ] ] } },
{ "type": "Feature", "properties": { "name": "Arterial Link", "highway": "residential", "slope_pct": 0.6 }, "geometry": { "type": "LineString", "coordinates": [ [ 72.8514516, 19.0217358 ], [ 72.8515036, 19.021808 ], [ 72.8515509, 19.0218762 ], [ 72.8517393, 19.0221213 ], [ 72.8518626, 19.0222817 ], [ 72.8518704, 19.0222861 ], [ 72.8518805, 19.0222871 ], [ 72.8518888, 19.0222846 ], [ 72.8520405, 19.0221776 ], [ 72.8520512, 19.0221582 ], [ 72.8520485, 19.0221404 ], [ 72.8519341, 19.0220006 ], [ 72.8519277, 19.0219995 ], [ 72.8519216, 19.0220016 ], [ 72.8517393, 19.0221213 ] ] } },
{ "type": "Feature", "properties": { "name": "Arterial Link", "highway": "residential", "slope_pct": 0.6 }, "geometry": { "type": "LineString", "coordinates": [ [ 72.8515036, 19.021808 ], [ 72.8515734, 19.0218144 ], [ 72.8515886, 19.0218207 ], [ 72.851603, 19.0218381 ], [ 72.8516135, 19.0218508 ] ] } },
{ "type": "Feature", "properties": { "name": "Arterial Link", "highway": "residential", "slope_pct": 0.6 }, "geometry": { "type": "LineString", "coordinates": [ [ 72.8516026, 19.022054 ], [ 72.8514735, 19.0218693 ], [ 72.8514025, 19.0217683 ] ] } },
{ "type": "Feature", "properties": { "name": "Arterial Link", "highway": "tertiary", "slope_pct": 0.6 }, "geometry": { "type": "LineString", "coordinates": [ [ 72.8513307, 19.0218175 ], [ 72.8512229, 19.0218415 ], [ 72.8510831, 19.0219392 ] ] } },
{ "type": "Feature", "properties": { "name": "Parsi Colony Road No 4", "highway": "residential", "slope_pct": 0.6 }, "geometry": { "type": "LineString", "coordinates": [ [ 72.850998, 19.0157736 ], [ 72.8513219, 19.0162331 ], [ 72.8519218, 19.0170834 ], [ 72.8522919, 19.0176054 ] ] } },
{ "type": "Feature", "properties": { "name": "Parsi Colony Road No 5", "highway": "residential", "slope_pct": 0.6 }, "geometry": { "type": "LineString", "coordinates": [ [ 72.850939, 19.0164735 ], [ 72.851083, 19.0166703 ], [ 72.8513299, 19.0169841 ], [ 72.8515749, 19.0173151 ] ] } },
{ "type": "Feature", "properties": { "name": "Dinshaw Master Road", "highway": "residential", "slope_pct": 0.6 }, "geometry": { "type": "LineString", "coordinates": [ [ 72.8530862, 19.0170464 ], [ 72.8522919, 19.0176054 ], [ 72.8509898, 19.0184866 ] ] } },
{ "type": "Feature", "properties": { "name": "Khareghat Road", "highway": "residential", "slope_pct": 0.6 }, "geometry": { "type": "LineString", "coordinates": [ [ 72.8533223, 19.0177125 ], [ 72.852693, 19.0181731 ], [ 72.8521372, 19.0185405 ], [ 72.8520998, 19.0185652 ], [ 72.8518154, 19.0187497 ] ] } },
{ "type": "Feature", "properties": { "name": "Jehangir Vimadalal Road", "highway": "residential", "slope_pct": 0.6 }, "geometry": { "type": "LineString", "coordinates": [ [ 72.8519218, 19.0170834 ], [ 72.8515749, 19.0173151 ], [ 72.8509328, 19.0177508 ], [ 72.8503512, 19.018142 ] ] } },
{ "type": "Feature", "properties": { "name": "Parsi Colony Road No 6", "highway": "residential", "slope_pct": 0.6 }, "geometry": { "type": "LineString", "coordinates": [ [ 72.8513299, 19.0169841 ], [ 72.8507764, 19.017319 ], [ 72.8504846, 19.0174955 ] ] } },
{ "type": "Feature", "properties": { "name": "Parsi Colony Road No 7", "highway": "residential", "slope_pct": 0.6 }, "geometry": { "type": "LineString", "coordinates": [ [ 72.8498663, 19.017143 ], [ 72.850081, 19.0172686 ], [ 72.8502896, 19.0173859 ], [ 72.8504846, 19.0174955 ], [ 72.8509328, 19.0177508 ] ] } },
{ "type": "Feature", "properties": { "name": "Ardeshir B Homavazir Road", "highway": "residential", "slope_pct": 0.6 }, "geometry": { "type": "LineString", "coordinates": [ [ 72.8509177, 19.0193624 ], [ 72.8527739, 19.0203354 ] ] } },
{ "type": "Feature", "properties": { "name": "Lady Jehangir Road", "highway": "tertiary", "slope_pct": 0.6 }, "geometry": { "type": "LineString", "coordinates": [ [ 72.8517709, 19.0215158 ], [ 72.851632, 19.0216161 ], [ 72.8514516, 19.0217358 ], [ 72.8514025, 19.0217683 ], [ 72.8513307, 19.0218175 ] ] } },
{ "type": "Feature", "properties": { "name": "Arterial Link", "highway": "tertiary", "slope_pct": 0.6 }, "geometry": { "type": "LineString", "coordinates": [ [ 72.8520453, 19.0212692 ], [ 72.8520181, 19.0212537 ], [ 72.8519608, 19.0212288 ], [ 72.8519157, 19.0212228 ], [ 72.8518504, 19.0212328 ], [ 72.8518224, 19.0212445 ], [ 72.8517913, 19.0212647 ], [ 72.8517473, 19.0213159 ], [ 72.8517319, 19.0213519 ], [ 72.8517259, 19.0214189 ], [ 72.8517585, 19.0215014 ], [ 72.8517709, 19.0215158 ] ] } },
{ "type": "Feature", "properties": { "name": "Arterial Link", "highway": "secondary", "slope_pct": 0.6 }, "geometry": { "type": "LineString", "coordinates": [ [ 72.8513327, 19.0154405 ], [ 72.8513752, 19.0154771 ], [ 72.8513919, 19.015492 ] ] } },
{ "type": "Feature", "properties": { "name": "Katrak Road", "highway": "primary", "slope_pct": 0.6 }, "geometry": { "type": "LineString", "coordinates": [ [ 72.8558451, 19.0187406 ], [ 72.8557292, 19.0186042 ], [ 72.8556388, 19.0185269 ], [ 72.855575, 19.0184761 ], [ 72.8553381, 19.0182876 ], [ 72.8552402, 19.0182097 ], [ 72.8548754, 19.0180186 ], [ 72.8543416, 19.0177356 ], [ 72.8537783, 19.0174188 ], [ 72.8532705, 19.0170574 ], [ 72.8531857, 19.0169947 ], [ 72.8531534, 19.0169684 ], [ 72.852907, 19.0167855 ], [ 72.8527223, 19.0166483 ], [ 72.8526328, 19.0165698 ], [ 72.8522434, 19.016228 ], [ 72.8521525, 19.0161521 ], [ 72.8519747, 19.015991 ], [ 72.8516759, 19.0156949 ], [ 72.8514818, 19.0154993 ], [ 72.8514389, 19.0154587 ] ] } },
{ "type": "Feature", "properties": { "name": "Arterial Link", "highway": "tertiary", "slope_pct": 0.6 }, "geometry": { "type": "LineString", "coordinates": [ [ 72.8517709, 19.0215158 ], [ 72.8517948, 19.0215382 ], [ 72.8518828, 19.0215752 ], [ 72.8519477, 19.0215742 ], [ 72.8520068, 19.0215532 ], [ 72.8520848, 19.0214697 ], [ 72.8520999, 19.0214006 ], [ 72.8520947, 19.0213449 ], [ 72.8520807, 19.021313 ], [ 72.8520453, 19.0212692 ] ] } },
{ "type": "Feature", "properties": { "name": "Tilak Road Extension", "highway": "primary", "slope_pct": 0.6 }, "geometry": { "type": "LineString", "coordinates": [ [ 72.8514389, 19.0154587 ], [ 72.8514026, 19.0154846 ], [ 72.8513945, 19.0154904 ], [ 72.8513919, 19.015492 ] ] } },
{ "type": "Feature", "properties": { "name": "Katrak Road", "highway": "primary", "slope_pct": 0.6 }, "geometry": { "type": "LineString", "coordinates": [ [ 72.8513919, 19.015492 ], [ 72.8514334, 19.0155293 ], [ 72.8516276, 19.0157318 ], [ 72.8519297, 19.0160344 ], [ 72.8520989, 19.0162028 ], [ 72.8521816, 19.016279 ], [ 72.8525721, 19.0166273 ], [ 72.8526617, 19.0167072 ], [ 72.8528373, 19.0168475 ], [ 72.8530862, 19.0170464 ] ] } },
{ "type": "Feature", "properties": { "name": "Tilak Road Extension", "highway": "secondary", "slope_pct": 0.6 }, "geometry": { "type": "LineString", "coordinates": [ [ 72.8516011, 19.0153884 ], [ 72.8515398, 19.015394 ], [ 72.8514389, 19.0154587 ] ] } },
{ "type": "Feature", "properties": { "name": "Tilak Road", "highway": "primary", "slope_pct": 0.6 }, "geometry": { "type": "LineString", "coordinates": [ [ 72.8513919, 19.015492 ], [ 72.8512917, 19.0155627 ], [ 72.8512585, 19.0156116 ] ] } },
{ "type": "Feature", "properties": { "name": "Tilak Road", "highway": "primary", "slope_pct": 0.6 }, "geometry": { "type": "LineString", "coordinates": [ [ 72.8512585, 19.0156116 ], [ 72.8513281, 19.0155979 ], [ 72.8514334, 19.0155293 ] ] } },
{ "type": "Feature", "properties": { "name": "Arterial Link", "highway": "primary", "slope_pct": 0.6 }, "geometry": { "type": "LineString", "coordinates": [ [ 72.8514334, 19.0155293 ], [ 72.8514818, 19.0154993 ] ] } },
{ "type": "Feature", "properties": { "name": "Tilak Road Extension", "highway": "secondary", "slope_pct": 0.6 }, "geometry": { "type": "LineString", "coordinates": [ [ 72.8514818, 19.0154993 ], [ 72.8515114, 19.0154799 ], [ 72.8515853, 19.0154313 ], [ 72.8516011, 19.0153884 ] ] } },
{ "type": "Feature", "properties": { "name": "Arterial Link", "highway": "residential", "slope_pct": 0.6 }, "geometry": { "type": "LineString", "coordinates": [ [ 72.850899, 19.017511 ], [ 72.8508256, 19.017396 ], [ 72.8507764, 19.017319 ] ] } },
{ "type": "Feature", "properties": { "name": "Arterial Link", "highway": "residential", "slope_pct": 0.6 }, "geometry": { "type": "LineString", "coordinates": [ [ 72.8502896, 19.0173859 ], [ 72.8502526, 19.0174499 ], [ 72.8501753, 19.0175838 ], [ 72.8501748, 19.0176033 ], [ 72.8501851, 19.0176172 ], [ 72.8503415, 19.0176946 ], [ 72.8503523, 19.0176937 ], [ 72.8503626, 19.0176862 ], [ 72.85046, 19.0175339 ], [ 72.8504846, 19.0174955 ] ] } },
{ "type": "Feature", "properties": { "name": "Arterial Link", "highway": "residential", "slope_pct": 0.6 }, "geometry": { "type": "LineString", "coordinates": [ [ 72.8502335, 19.0184352 ], [ 72.8503197, 19.0182989 ], [ 72.850332, 19.0182906 ], [ 72.8503501, 19.0182896 ], [ 72.8504477, 19.0183435 ], [ 72.8506079, 19.0184318 ], [ 72.8506996, 19.0184824 ], [ 72.8508062, 19.0185412 ], [ 72.8509094, 19.0185981 ], [ 72.8510053, 19.0186509 ], [ 72.8511138, 19.0187107 ], [ 72.8512125, 19.0187651 ], [ 72.8513518, 19.0188419 ], [ 72.8513694, 19.0188728 ], [ 72.8513709, 19.0188951 ], [ 72.851365, 19.0189164 ], [ 72.8513542, 19.018934 ], [ 72.8512685, 19.0189877 ], [ 72.8511717, 19.0190484 ], [ 72.851087, 19.0191014 ] ] } },
{ "type": "Feature", "properties": { "name": "Arterial Link", "highway": "residential", "slope_pct": 0.6 }, "geometry": { "type": "LineString", "coordinates": [ [ 72.8505793, 19.0186658 ], [ 72.8506996, 19.0184824 ], [ 72.8507162, 19.0184572 ], [ 72.8507735, 19.0183699 ] ] } },
{ "type": "Feature", "properties": { "name": "Arterial Link", "highway": "residential", "slope_pct": 0.6 }, "geometry": { "type": "LineString", "coordinates": [ [ 72.850278, 19.0185025 ], [ 72.8505793, 19.0186658 ], [ 72.8507142, 19.0187389 ], [ 72.850864, 19.0188201 ] ] } },
{ "type": "Feature", "properties": { "name": "Arterial Link", "highway": "residential", "slope_pct": 0.6 }, "geometry": { "type": "LineString", "coordinates": [ [ 72.8505556, 19.0188743 ], [ 72.8507142, 19.0187389 ] ] } },
{ "type": "Feature", "properties": { "name": "Arterial Link", "highway": "residential", "slope_pct": 0.6 }, "geometry": { "type": "LineString", "coordinates": [ [ 72.8504477, 19.0183435 ], [ 72.8504709, 19.0183092 ], [ 72.8505216, 19.018234 ] ] } },
{ "type": "Feature", "properties": { "name": "Arterial Link", "highway": "residential", "slope_pct": 0.6 }, "geometry": { "type": "LineString", "coordinates": [ [ 72.8506079, 19.0184318 ], [ 72.8506293, 19.0183997 ], [ 72.850682, 19.0183205 ] ] } },
{ "type": "Feature", "properties": { "name": "Arterial Link", "highway": "residential", "slope_pct": 0.6 }, "geometry": { "type": "LineString", "coordinates": [ [ 72.8508062, 19.0185412 ], [ 72.8508243, 19.0185143 ], [ 72.8508821, 19.0184285 ] ] } },
{ "type": "Feature", "properties": { "name": "Arterial Link", "highway": "residential", "slope_pct": 0.6 }, "geometry": { "type": "LineString", "coordinates": [ [ 72.8509898, 19.0184866 ], [ 72.8509275, 19.0185731 ], [ 72.8509094, 19.0185981 ] ] } },
{ "type": "Feature", "properties": { "name": "Arterial Link", "highway": "residential", "slope_pct": 0.6 }, "geometry": { "type": "LineString", "coordinates": [ [ 72.8510053, 19.0186509 ], [ 72.8510256, 19.0186215 ], [ 72.8510817, 19.0185401 ] ] } },
{ "type": "Feature", "properties": { "name": "Arterial Link", "highway": "residential", "slope_pct": 0.6 }, "geometry": { "type": "LineString", "coordinates": [ [ 72.8512125, 19.0187651 ], [ 72.8512264, 19.0187457 ], [ 72.8512876, 19.0186599 ] ] } },
{ "type": "Feature", "properties": { "name": "Arterial Link", "highway": "residential", "slope_pct": 0.6 }, "geometry": { "type": "LineString", "coordinates": [ [ 72.8510567, 19.0188061 ], [ 72.8511138, 19.0187107 ] ] } },
{ "type": "Feature", "properties": { "name": "Arterial Link", "highway": "residential", "slope_pct": 0.6 }, "geometry": { "type": "LineString", "coordinates": [ [ 72.8512451, 19.0191416 ], [ 72.8512025, 19.0190875 ], [ 72.8511717, 19.0190484 ] ] } },
{ "type": "Feature", "properties": { "name": "Arterial Link", "highway": "residential", "slope_pct": 0.6 }, "geometry": { "type": "LineString", "coordinates": [ [ 72.8513366, 19.0190799 ], [ 72.8513, 19.0190303 ], [ 72.8512685, 19.0189877 ] ] } },
{ "type": "Feature", "properties": { "name": "Khareghat Road", "highway": "residential", "slope_pct": 0.6 }, "geometry": { "type": "LineString", "coordinates": [ [ 72.8514731, 19.0189867 ], [ 72.8515222, 19.0189797 ], [ 72.8516452, 19.0188985 ] ] } },
{ "type": "Feature", "properties": { "name": "Mancherji Joshi Road", "highway": "residential", "slope_pct": 0.6 }, "geometry": { "type": "LineString", "coordinates": [ [ 72.8516452, 19.0188985 ], [ 72.8517281, 19.0189396 ], [ 72.8518017, 19.0189455 ] ] } },
{ "type": "Feature", "properties": { "name": "Khareghat Road", "highway": "residential", "slope_pct": 0.6 }, "geometry": { "type": "LineString", "coordinates": [ [ 72.8516452, 19.0188985 ], [ 72.8517043, 19.0188576 ], [ 72.8517924, 19.0187965 ], [ 72.8518154, 19.0187497 ] ] } },
{ "type": "Feature", "properties": { "name": "Mancherji Joshi Road", "highway": "residential", "slope_pct": 0.6 }, "geometry": { "type": "LineString", "coordinates": [ [ 72.8514683, 19.0187592 ], [ 72.8514974, 19.0188125 ], [ 72.8515481, 19.0188424 ], [ 72.8515929, 19.0188683 ], [ 72.8516452, 19.0188985 ] ] } },
{ "type": "Feature", "properties": { "name": "Arterial Link", "highway": "residential", "slope_pct": 0.6 }, "geometry": { "type": "LineString", "coordinates": [ [ 72.8518154, 19.0187497 ], [ 72.8517565, 19.0187559 ], [ 72.851651, 19.0188285 ], [ 72.8515929, 19.0188683 ], [ 72.8514844, 19.0189433 ], [ 72.8514731, 19.0189867 ] ] } },
{ "type": "Feature", "properties": { "name": "Arterial Link", "highway": "residential", "slope_pct": 0.6 }, "geometry": { "type": "LineString", "coordinates": [ [ 72.8518017, 19.0189455 ], [ 72.8517676, 19.0188921 ], [ 72.8517043, 19.0188576 ], [ 72.851651, 19.0188285 ], [ 72.8515263, 19.0187606 ], [ 72.8514683, 19.0187592 ] ] } },
{ "type": "Feature", "properties": { "name": "Arterial Link", "highway": "primary_link", "slope_pct": 0.6 }, "geometry": { "type": "LineString", "coordinates": [ [ 72.8516276, 19.0157318 ], [ 72.8516759, 19.0156949 ] ] } },
{ "type": "Feature", "properties": { "name": "Mancherji Joshi Road", "highway": "residential", "slope_pct": 0.6 }, "geometry": { "type": "LineString", "coordinates": [ [ 72.8518017, 19.0189455 ], [ 72.8526314, 19.019424 ] ] } },
{ "type": "Feature", "properties": { "name": "Arterial Link", "highway": "residential", "slope_pct": 0.6 }, "geometry": { "type": "LineString", "coordinates": [ [ 72.8508932, 19.0216841 ], [ 72.8509911, 19.0216301 ], [ 72.8512085, 19.0215103 ], [ 72.8512254, 19.021511 ], [ 72.8512386, 19.021518 ], [ 72.8513319, 19.0216648 ], [ 72.8514025, 19.0217683 ] ] } },
{ "type": "Feature", "properties": { "name": "Arterial Link", "highway": "residential", "slope_pct": 0.6 }, "geometry": { "type": "LineString", "coordinates": [ [ 72.851421, 19.0213553 ], [ 72.8515566, 19.021523 ], [ 72.851632, 19.0216161 ] ] } },
{ "type": "Feature", "properties": { "name": "Dnanyeshwar Mandir Marg", "highway": "residential", "slope_pct": 0.6 }, "geometry": { "type": "LineString", "coordinates": [ [ 72.8357626, 19.0254641 ], [ 72.8354433, 19.0256453 ], [ 72.8349218, 19.0259361 ], [ 72.834508, 19.0261747 ], [ 72.83434, 19.0262716 ] ] } },
{ "type": "Feature", "properties": { "name": "Shankar Rao H. Parelkar Marg", "highway": "residential", "slope_pct": 0.6 }, "geometry": { "type": "LineString", "coordinates": [ [ 72.8352582, 19.0243361 ], [ 72.8361134, 19.0239929 ] ] } },
{ "type": "Feature", "properties": { "name": "Bhikoba Waman Pathare Marg", "highway": "residential", "slope_pct": 0.6 }, "geometry": { "type": "LineString", "coordinates": [ [ 72.8350392, 19.0222426 ], [ 72.8353974, 19.0227691 ], [ 72.836, 19.0238289 ], [ 72.8361134, 19.0239929 ] ] } },
{ "type": "Feature", "properties": { "name": "Dr V.J. Rath Path", "highway": "residential", "slope_pct": 0.6 }, "geometry": { "type": "LineString", "coordinates": [ [ 72.8365478, 19.0241028 ], [ 72.8363323, 19.0243049 ], [ 72.836199, 19.0244299 ], [ 72.8360971, 19.0245084 ], [ 72.8355208, 19.0248394 ] ] } },
{ "type": "Feature", "properties": { "name": "Swatantrya Veer Savarkar Marg", "highway": "secondary", "slope_pct": 0.6 }, "geometry": { "type": "LineString", "coordinates": [ [ 72.8356874, 19.0253366 ], [ 72.8357626, 19.0254641 ] ] } },
{ "type": "Feature", "properties": { "name": "Keluskar Road South", "highway": "residential", "slope_pct": 0.6 }, "geometry": { "type": "LineString", "coordinates": [ [ 72.8359843, 19.0263382 ], [ 72.8354491, 19.0265795 ], [ 72.8350557, 19.0267774 ] ] } },
{ "type": "Feature", "properties": { "name": "Keluskar Road South", "highway": "residential", "slope_pct": 0.6 }, "geometry": { "type": "LineString", "coordinates": [ [ 72.8362032, 19.0262395 ], [ 72.8359843, 19.0263382 ] ] } },
{ "type": "Feature", "properties": { "name": "Keluskar Road South", "highway": "residential", "slope_pct": 0.6 }, "geometry": { "type": "LineString", "coordinates": [ [ 72.8362797, 19.0261985 ], [ 72.8362032, 19.0262395 ] ] } },
{ "type": "Feature", "properties": { "name": "Keluskar Road South", "highway": "residential", "slope_pct": 0.6 }, "geometry": { "type": "LineString", "coordinates": [ [ 72.8365213, 19.0260594 ], [ 72.8362797, 19.0261985 ] ] } },
{ "type": "Feature", "properties": { "name": "Ranade Road", "highway": "tertiary", "slope_pct": 0.6 }, "geometry": { "type": "LineString", "coordinates": [ [ 72.8358579, 19.0254134 ], [ 72.8357626, 19.0254641 ] ] } },
{ "type": "Feature", "properties": { "name": "Ranade Road", "highway": "tertiary", "slope_pct": 0.6 }, "geometry": { "type": "LineString", "coordinates": [ [ 72.8360355, 19.0253088 ], [ 72.8358579, 19.0254134 ] ] } },
{ "type": "Feature", "properties": { "name": "Swatantrya Veer Savarkar Marg", "highway": "secondary", "slope_pct": 0.6 }, "geometry": { "type": "LineString", "coordinates": [ [ 72.8358579, 19.0254134 ], [ 72.835778, 19.0252773 ] ] } },
{ "type": "Feature", "properties": { "name": "Arterial Link", "highway": "residential", "slope_pct": 0.6 }, "geometry": { "type": "LineString", "coordinates": [ [ 72.8361569, 19.0218576 ], [ 72.8363181, 19.0218549 ], [ 72.8363279, 19.0218568 ], [ 72.8363354, 19.0218605 ], [ 72.8363437, 19.0218699 ], [ 72.8363494, 19.021883 ], [ 72.8363873, 19.0219763 ] ] } },
{ "type": "Feature", "properties": { "name": "Arterial Link", "highway": "residential", "slope_pct": 0.6 }, "geometry": { "type": "LineString", "coordinates": [ [ 72.8365398, 19.0243669 ], [ 72.8366418, 19.0242907 ], [ 72.8366486, 19.0242832 ], [ 72.8366684, 19.0242318 ], [ 72.8366722, 19.0242207 ], [ 72.8366929, 19.0241517 ] ] } },
{ "type": "Feature", "properties": { "name": "Arterial Link", "highway": "residential", "slope_pct": 0.6 }, "geometry": { "type": "LineString", "coordinates": [ [ 72.8364932, 19.0244072 ], [ 72.8364786, 19.0244141 ], [ 72.8364609, 19.0244203 ], [ 72.8364466, 19.0244178 ], [ 72.8363323, 19.0243049 ] ] } },
{ "type": "Feature", "properties": { "name": "Arterial Link", "highway": "residential", "slope_pct": 0.6 }, "geometry": { "type": "LineString", "coordinates": [ [ 72.8354433, 19.0256453 ], [ 72.8354924, 19.0257307 ], [ 72.835587, 19.0258956 ], [ 72.8356507, 19.0260094 ], [ 72.8356662, 19.02602 ], [ 72.8356804, 19.0260224 ], [ 72.8356951, 19.0260191 ], [ 72.8358995, 19.0259127 ], [ 72.8359905, 19.0258653 ] ] } },
{ "type": "Feature", "properties": { "name": "Arterial Link", "highway": "residential", "slope_pct": 0.6 }, "geometry": { "type": "LineString", "coordinates": [ [ 72.835587, 19.0258956 ], [ 72.8356942, 19.0258416 ] ] } },
{ "type": "Feature", "properties": { "name": "Keluskar Road South", "highway": "residential", "slope_pct": 0.6 }, "geometry": { "type": "LineString", "coordinates": [ [ 72.8400523, 19.0279534 ], [ 72.8400484, 19.0279167 ], [ 72.8400111, 19.0277196 ], [ 72.8399814, 19.0275628 ], [ 72.8398112, 19.0266636 ], [ 72.8395935, 19.026172 ], [ 72.8394384, 19.0259699 ], [ 72.8394105, 19.0259418 ], [ 72.8393987, 19.0259299 ], [ 72.8393744, 19.0259054 ], [ 72.838945, 19.0255798 ], [ 72.8386911, 19.025464 ], [ 72.8383623, 19.0253867 ], [ 72.8379118, 19.0253754 ], [ 72.8374257, 19.0255343 ], [ 72.8365213, 19.0260594 ] ] } },
{ "type": "Feature", "properties": { "name": "Shankar Rao H. Parelkar Marg", "highway": "residential", "slope_pct": 0.6 }, "geometry": { "type": "LineString", "coordinates": [ [ 72.8361134, 19.0239929 ], [ 72.8365478, 19.0241028 ], [ 72.8366929, 19.0241517 ], [ 72.8370395, 19.0242685 ], [ 72.8372043, 19.0243389 ] ] } },
{ "type": "Feature", "properties": { "name": "HM Patil Road", "highway": "residential", "slope_pct": 0.6 }, "geometry": { "type": "LineString", "coordinates": [ [ 72.8364487, 19.0219538 ], [ 72.8366027, 19.0221982 ], [ 72.8368683, 19.0227631 ], [ 72.8370288, 19.0230957 ], [ 72.8371507, 19.023369 ], [ 72.8372589, 19.0236145 ], [ 72.8374158, 19.0239725 ], [ 72.8374228, 19.0239888 ], [ 72.8374544, 19.024063 ], [ 72.8375469, 19.0242842 ] ] } },
{ "type": "Feature", "properties": { "name": "Ranade Road", "highway": "tertiary", "slope_pct": 0.6 }, "geometry": { "type": "LineString", "coordinates": [ [ 72.8373284, 19.024575 ], [ 72.8369654, 19.0247726 ], [ 72.8369461, 19.0247827 ], [ 72.8368029, 19.0248571 ], [ 72.8360355, 19.0253088 ] ] } },
{ "type": "Feature", "properties": { "name": "Arterial Link", "highway": "residential", "slope_pct": 0.6 }, "geometry": { "type": "LineString", "coordinates": [ [ 72.8368029, 19.0248571 ], [ 72.836723, 19.0247171 ], [ 72.8366318, 19.0245573 ], [ 72.8362343, 19.0247586 ], [ 72.8360971, 19.0245084 ] ] } },
{ "type": "Feature", "properties": { "name": "Swatantrya Veer Savarkar Marg", "highway": "secondary", "slope_pct": 0.6 }, "geometry": { "type": "LineString", "coordinates": [ [ 72.8378221, 19.0289695 ], [ 72.8372072, 19.0278374 ], [ 72.836766, 19.0269806 ], [ 72.8364439, 19.0264612 ], [ 72.8362797, 19.0261985 ], [ 72.8360923, 19.0258478 ], [ 72.8358579, 19.0254134 ] ] } },
{ "type": "Feature", "properties": { "name": "Keluskar Road North", "highway": "residential", "slope_pct": 0.6 }, "geometry": { "type": "LineString", "coordinates": [ [ 72.8378819, 19.0293116 ], [ 72.8370426, 19.029787 ], [ 72.8366775, 19.0299987 ] ] } },
{ "type": "Feature", "properties": { "name": "Swatantrya Veer Savarkar Marg", "highway": "secondary", "slope_pct": 0.6 }, "geometry": { "type": "LineString", "coordinates": [ [ 72.8357626, 19.0254641 ], [ 72.8359905, 19.0258653 ], [ 72.8362032, 19.0262395 ], [ 72.8363052, 19.0264257 ], [ 72.8366448, 19.0270453 ], [ 72.8370896, 19.0278912 ], [ 72.8371551, 19.0280111 ], [ 72.8373509, 19.0283683 ], [ 72.8373843, 19.028431 ], [ 72.8375367, 19.0287102 ], [ 72.8377237, 19.0290397 ] ] } },
{ "type": "Feature", "properties": { "name": "Dr Madhukar B. Raut Marg", "highway": "residential", "slope_pct": 0.6 }, "geometry": { "type": "LineString", "coordinates": [ [ 72.8360923, 19.0258478 ], [ 72.8372769, 19.0252321 ], [ 72.8377874, 19.0250015 ] ] } },
{ "type": "Feature", "properties": { "name": "Lady Jamshedji Road", "highway": "primary", "slope_pct": 0.6 }, "geometry": { "type": "LineString", "coordinates": [ [ 72.8404096, 19.0250959 ], [ 72.8404563, 19.0251787 ] ] } },
{ "type": "Feature", "properties": { "name": "Bai Padmabai Thakkar Marg", "highway": "tertiary", "slope_pct": 0.6 }, "geometry": { "type": "LineString", "coordinates": [ [ 72.8407153, 19.0252851 ], [ 72.8409827, 19.0253762 ], [ 72.841387, 19.0255138 ], [ 72.8414547, 19.0255368 ], [ 72.8415445, 19.0255645 ], [ 72.8419786, 19.025736 ], [ 72.8421775, 19.0258116 ], [ 72.8424167, 19.025891 ], [ 72.8427965, 19.0260352 ], [ 72.8430154, 19.0261096 ], [ 72.8431021, 19.0261321 ] ] } },
{ "type": "Feature", "properties": { "name": "J K Sawant Marg", "highway": "tertiary", "slope_pct": 0.6 }, "geometry": { "type": "LineString", "coordinates": [ [ 72.8424691, 19.0228066 ], [ 72.8425205, 19.0228961 ], [ 72.8426542, 19.0231881 ], [ 72.842866, 19.0236248 ], [ 72.8429023, 19.0236996 ], [ 72.8429798, 19.0239649 ], [ 72.8430286, 19.0241946 ], [ 72.8430447, 19.0242703 ], [ 72.843054, 19.0243588 ], [ 72.8430647, 19.0244614 ], [ 72.8430787, 19.0245952 ], [ 72.8430939, 19.0247406 ], [ 72.8431103, 19.0248967 ], [ 72.8431212, 19.0250013 ], [ 72.8431997, 19.0260491 ] ] } },
{ "type": "Feature", "properties": { "name": "Ganesh Peth Lane", "highway": "residential", "slope_pct": 0.6 }, "geometry": { "type": "LineString", "coordinates": [ [ 72.8412516, 19.021976 ], [ 72.8414742, 19.0224386 ], [ 72.8415111, 19.0225124 ], [ 72.8416711, 19.0228434 ], [ 72.8416802, 19.0228623 ], [ 72.8416904, 19.0228843 ], [ 72.8417009, 19.0229067 ], [ 72.8417109, 19.0229274 ], [ 72.8418659, 19.0232459 ], [ 72.8418912, 19.0232988 ] ] } },
{ "type": "Feature", "properties": { "name": "Arterial Link", "highway": "residential", "slope_pct": 0.6 }, "geometry": { "type": "LineString", "coordinates": [ [ 72.8398884, 19.0231373 ], [ 72.8396582, 19.0233371 ], [ 72.8393263, 19.023652 ] ] } },
{ "type": "Feature", "properties": { "name": "Ram Maruti Marg", "highway": "residential", "slope_pct": 0.6 }, "geometry": { "type": "LineString", "coordinates": [ [ 72.8403112, 19.0222269 ], [ 72.8408435, 19.0228133 ], [ 72.8408676, 19.0228399 ], [ 72.8408858, 19.0228599 ], [ 72.8409908, 19.0229756 ], [ 72.841128, 19.0233029 ], [ 72.8412324, 19.0237222 ] ] } },
{ "type": "Feature", "properties": { "name": "D L Vaidya Marg", "highway": "residential", "slope_pct": 0.6 }, "geometry": { "type": "LineString", "coordinates": [ [ 72.8389689, 19.0221112 ], [ 72.8393271, 19.022511 ], [ 72.8396919, 19.022918 ], [ 72.8397883, 19.0230256 ], [ 72.8398123, 19.0230524 ], [ 72.8398884, 19.0231373 ], [ 72.8400134, 19.0232789 ], [ 72.8402052, 19.0234962 ], [ 72.8404575, 19.0237816 ], [ 72.8409084, 19.0242914 ] ] } },
{ "type": "Feature", "properties": { "name": "Shiv Sena Bhavan Path", "highway": "residential", "slope_pct": 0.6 }, "geometry": { "type": "LineString", "coordinates": [ [ 72.8388321, 19.0223675 ], [ 72.8389596, 19.0225174 ], [ 72.8396582, 19.0233371 ], [ 72.8397766, 19.0234629 ], [ 72.8399594, 19.023657 ], [ 72.8407565, 19.0245583 ] ] } },
{ "type": "Feature", "properties": { "name": "Anant Patil Marg", "highway": "residential", "slope_pct": 0.6 }, "geometry": { "type": "LineString", "coordinates": [ [ 72.8370288, 19.0230957 ], [ 72.8382123, 19.0224974 ] ] } },
{ "type": "Feature", "properties": { "name": "Dr Madhukar B. Raut Marg", "highway": "residential", "slope_pct": 0.6 }, "geometry": { "type": "LineString", "coordinates": [ [ 72.8398478, 19.0256348 ], [ 72.8400331, 19.0258439 ], [ 72.8402182, 19.0261815 ], [ 72.8403056, 19.0265198 ], [ 72.8407414, 19.028208 ] ] } },
{ "type": "Feature", "properties": { "name": "Ram Maruti Marg", "highway": "residential", "slope_pct": 0.6 }, "geometry": { "type": "LineString", "coordinates": [ [ 72.8402052, 19.0234962 ], [ 72.8405587, 19.0234221 ], [ 72.841128, 19.0233029 ] ] } },
{ "type": "Feature", "properties": { "name": "D.V Deshpande Marg", "highway": "residential", "slope_pct": 0.6 }, "geometry": { "type": "LineString", "coordinates": [ [ 72.838276, 19.0244007 ], [ 72.8388173, 19.0235406 ], [ 72.8389373, 19.02335 ] ] } },
{ "type": "Feature", "properties": { "name": "Dada Rege Marg", "highway": "residential", "slope_pct": 0.6 }, "geometry": { "type": "LineString", "coordinates": [ [ 72.8379692, 19.0244195 ], [ 72.838276, 19.0244007 ], [ 72.8385755, 19.0244091 ], [ 72.8387226, 19.0244246 ], [ 72.8394192, 19.0245897 ], [ 72.8399659, 19.0248682 ], [ 72.8402122, 19.0249854 ], [ 72.84032, 19.0250741 ], [ 72.8403628, 19.0251311 ] ] } },
{ "type": "Feature", "properties": { "name": "Shivaji Park Road no.1", "highway": "residential", "slope_pct": 0.6 }, "geometry": { "type": "LineString", "coordinates": [ [ 72.837647, 19.0245504 ], [ 72.8377874, 19.0250015 ], [ 72.837899, 19.0253369 ], [ 72.8379118, 19.0253754 ] ] } },
{ "type": "Feature", "properties": { "name": "Arterial Link", "highway": "residential", "slope_pct": 0.6 }, "geometry": { "type": "LineString", "coordinates": [ [ 72.841041, 19.0265435 ], [ 72.841451, 19.0264622 ], [ 72.8415825, 19.0264326 ], [ 72.8418794, 19.026384 ], [ 72.8419572, 19.0263586 ], [ 72.8420002, 19.0262674 ], [ 72.8421775, 19.0258116 ] ] } },
{ "type": "Feature", "properties": { "name": "Arterial Link", "highway": "residential", "slope_pct": 0.6 }, "geometry": { "type": "LineString", "coordinates": [ [ 72.841451, 19.0264622 ], [ 72.8417254, 19.0277332 ] ] } },
{ "type": "Feature", "properties": { "name": "N C Kelkar Marg", "highway": "residential", "slope_pct": 0.6 }, "geometry": { "type": "LineString", "coordinates": [ [ 72.8394384, 19.0259699 ], [ 72.8394672, 19.0259463 ], [ 72.8398478, 19.0256348 ], [ 72.8402021, 19.0253498 ], [ 72.8403662, 19.0252388 ], [ 72.84041, 19.0252096 ], [ 72.8404563, 19.0251787 ] ] } },
{ "type": "Feature", "properties": { "name": "Bal Govind Das Road", "highway": "tertiary", "slope_pct": 0.6 }, "geometry": { "type": "LineString", "coordinates": [ [ 72.8431407, 19.0262257 ], [ 72.8417254, 19.0277332 ], [ 72.8415424, 19.0279506 ] ] } },
{ "type": "Feature", "properties": { "name": "Arterial Link", "highway": "tertiary", "slope_pct": 0.6 }, "geometry": { "type": "LineString", "coordinates": [ [ 72.8377044, 19.0242875 ], [ 72.8376584, 19.0242725 ], [ 72.8375964, 19.0242725 ], [ 72.8375469, 19.0242842 ], [ 72.8375133, 19.0242976 ], [ 72.8374743, 19.0243327 ], [ 72.8374513, 19.0243729 ], [ 72.8374442, 19.0244264 ], [ 72.8374584, 19.0244665 ], [ 72.8374843, 19.0245103 ], [ 72.8375563, 19.0245482 ], [ 72.837647, 19.0245504 ], [ 72.8377223, 19.024512 ], [ 72.8377723, 19.0244554 ], [ 72.8377761, 19.0243802 ] ] } },
{ "type": "Feature", "properties": { "name": "Ranade Road", "highway": "tertiary", "slope_pct": 0.6 }, "geometry": { "type": "LineString", "coordinates": [ [ 72.8385271, 19.022872 ], [ 72.8383133, 19.0232407 ], [ 72.8377044, 19.0242875 ] ] } },
{ "type": "Feature", "properties": { "name": "N C Kelkar Marg", "highway": "residential", "slope_pct": 0.6 }, "geometry": { "type": "LineString", "coordinates": [ [ 72.8403628, 19.0251311 ], [ 72.8397849, 19.0255655 ], [ 72.8394031, 19.0258816 ], [ 72.8393744, 19.0259054 ] ] } },
{ "type": "Feature", "properties": { "name": "Arterial Link", "highway": "tertiary", "slope_pct": 0.6 }, "geometry": { "type": "LineString", "coordinates": [ [ 72.8415424, 19.0279506 ], [ 72.841435, 19.0279553 ], [ 72.8413314, 19.0279598 ] ] } },
{ "type": "Feature", "properties": { "name": "Bal Govind Das Road", "highway": "tertiary", "slope_pct": 0.6 }, "geometry": { "type": "LineString", "coordinates": [ [ 72.8413737, 19.0281605 ], [ 72.8414713, 19.0280391 ], [ 72.8415424, 19.0279506 ] ] } },
{ "type": "Feature", "properties": { "name": "Arterial Link", "highway": "residential", "slope_pct": 0.6 }, "geometry": { "type": "LineString", "coordinates": [ [ 72.8415825, 19.0264326 ], [ 72.8415694, 19.0263955 ], [ 72.8415602, 19.0263766 ], [ 72.8414383, 19.0261255 ], [ 72.8414015, 19.026048 ], [ 72.8413901, 19.0260064 ], [ 72.8413331, 19.0257172 ], [ 72.8413352, 19.02571 ], [ 72.8413398, 19.025703 ], [ 72.8413467, 19.0257001 ], [ 72.8415166, 19.0256877 ] ] } },
{ "type": "Feature", "properties": { "name": "Gokhale Road", "highway": "primary", "slope_pct": 0.6 }, "geometry": { "type": "LineString", "coordinates": [ [ 72.8385271, 19.022872 ], [ 72.8388707, 19.0232809 ], [ 72.8389373, 19.02335 ], [ 72.8392101, 19.0236849 ], [ 72.8404096, 19.0250959 ] ] } },
{ "type": "Feature", "properties": { "name": "Gokhale Road", "highway": "primary", "slope_pct": 0.6 }, "geometry": { "type": "LineString", "coordinates": [ [ 72.8405398, 19.0250013 ], [ 72.8393263, 19.023652 ], [ 72.8390121, 19.023278 ], [ 72.8385859, 19.0227708 ] ] } },
{ "type": "Feature", "properties": { "name": "Ranade Road", "highway": "tertiary", "slope_pct": 0.6 }, "geometry": { "type": "LineString", "coordinates": [ [ 72.8385859, 19.0227708 ], [ 72.8385271, 19.022872 ] ] } },
{ "type": "Feature", "properties": { "name": "Dr Madhukar B. Raut Marg", "highway": "residential", "slope_pct": 0.6 }, "geometry": { "type": "LineString", "coordinates": [ [ 72.8377874, 19.0250015 ], [ 72.8380663, 19.0249454 ], [ 72.8382894, 19.0249199 ], [ 72.8385227, 19.0249162 ], [ 72.8385872, 19.0249154 ], [ 72.8387776, 19.0249491 ], [ 72.8389461, 19.0249887 ], [ 72.83912, 19.0250631 ], [ 72.8394447, 19.0252411 ], [ 72.8396346, 19.0254065 ], [ 72.8397849, 19.0255655 ] ] } },
{ "type": "Feature", "properties": { "name": "Dr Madhukar B. Raut Marg", "highway": "residential", "slope_pct": 0.6 }, "geometry": { "type": "LineString", "coordinates": [ [ 72.8397849, 19.0255655 ], [ 72.8398478, 19.0256348 ] ] } },
{ "type": "Feature", "properties": { "name": "Lady Jamshedji Road", "highway": "primary", "slope_pct": 0.6 }, "geometry": { "type": "LineString", "coordinates": [ [ 72.8407153, 19.0252851 ], [ 72.840642, 19.0251581 ] ] } },
{ "type": "Feature", "properties": { "name": "N C Kelkar Marg", "highway": "primary", "slope_pct": 0.6 }, "geometry": { "type": "LineString", "coordinates": [ [ 72.8405398, 19.0250013 ], [ 72.8404096, 19.0250959 ] ] } },
{ "type": "Feature", "properties": { "name": "N C Kelkar Marg", "highway": "primary", "slope_pct": 0.6 }, "geometry": { "type": "LineString", "coordinates": [ [ 72.8404563, 19.0251787 ], [ 72.8405952, 19.025077 ] ] } },
{ "type": "Feature", "properties": { "name": "Lady Jamshedji Road", "highway": "primary", "slope_pct": 0.6 }, "geometry": { "type": "LineString", "coordinates": [ [ 72.8405952, 19.025077 ], [ 72.8405398, 19.0250013 ] ] } },
{ "type": "Feature", "properties": { "name": "Arterial Link", "highway": "tertiary", "slope_pct": 0.6 }, "geometry": { "type": "LineString", "coordinates": [ [ 72.8377761, 19.0243802 ], [ 72.8377696, 19.0243604 ], [ 72.8377362, 19.0243193 ], [ 72.8377044, 19.0242875 ] ] } },
{ "type": "Feature", "properties": { "name": "Arterial Link", "highway": "residential", "slope_pct": 0.6 }, "geometry": { "type": "LineString", "coordinates": [ [ 72.8405587, 19.0234221 ], [ 72.8404963, 19.0232732 ] ] } },
{ "type": "Feature", "properties": { "name": "Arterial Link", "highway": "residential", "slope_pct": 0.6 }, "geometry": { "type": "LineString", "coordinates": [ [ 72.8415111, 19.0225124 ], [ 72.8412541, 19.0226244 ] ] } },
{ "type": "Feature", "properties": { "name": "Arterial Link", "highway": "residential", "slope_pct": 0.6 }, "geometry": { "type": "LineString", "coordinates": [ [ 72.8380818, 19.0233429 ], [ 72.8383133, 19.0232407 ] ] } },
{ "type": "Feature", "properties": { "name": "Arterial Link", "highway": "residential", "slope_pct": 0.6 }, "geometry": { "type": "LineString", "coordinates": [ [ 72.8374158, 19.0239725 ], [ 72.8373646, 19.0239918 ], [ 72.8373523, 19.0239964 ], [ 72.8373363, 19.0240024 ], [ 72.8371986, 19.0240542 ] ] } },
{ "type": "Feature", "properties": { "name": "Arterial Link", "highway": "residential", "slope_pct": 0.6 }, "geometry": { "type": "LineString", "coordinates": [ [ 72.8372105, 19.0240676 ], [ 72.8373449, 19.0240177 ], [ 72.8373615, 19.0240115 ], [ 72.8374228, 19.0239888 ] ] } },
{ "type": "Feature", "properties": { "name": "Arterial Link", "highway": "residential", "slope_pct": 0.6 }, "geometry": { "type": "LineString", "coordinates": [ [ 72.8373149, 19.0239599 ], [ 72.8373363, 19.0240024 ] ] } },
{ "type": "Feature", "properties": { "name": "Arterial Link", "highway": "residential", "slope_pct": 0.6 }, "geometry": { "type": "LineString", "coordinates": [ [ 72.8373449, 19.0240177 ], [ 72.8373807, 19.0240884 ] ] } },
{ "type": "Feature", "properties": { "name": "Arterial Link", "highway": "residential", "slope_pct": 0.6 }, "geometry": { "type": "LineString", "coordinates": [ [ 72.8373616, 19.024095 ], [ 72.8373807, 19.0240884 ], [ 72.8373951, 19.0240834 ], [ 72.8374544, 19.024063 ] ] } },
{ "type": "Feature", "properties": { "name": "Arterial Link", "highway": "residential", "slope_pct": 0.6 }, "geometry": { "type": "LineString", "coordinates": [ [ 72.8416003, 19.0228905 ], [ 72.8416281, 19.0228807 ], [ 72.8416402, 19.0228764 ], [ 72.8416802, 19.0228623 ] ] } },
{ "type": "Feature", "properties": { "name": "Arterial Link", "highway": "residential", "slope_pct": 0.6 }, "geometry": { "type": "LineString", "coordinates": [ [ 72.8416587, 19.0229565 ], [ 72.8416551, 19.0229474 ], [ 72.8416463, 19.0229259 ], [ 72.8416374, 19.0229037 ], [ 72.8416281, 19.0228807 ] ] } },
{ "type": "Feature", "properties": { "name": "Arterial Link", "highway": "residential", "slope_pct": 0.6 }, "geometry": { "type": "LineString", "coordinates": [ [ 72.8416261, 19.0229079 ], [ 72.8416374, 19.0229037 ], [ 72.8416484, 19.0228997 ], [ 72.8416904, 19.0228843 ] ] } },
{ "type": "Feature", "properties": { "name": "Arterial Link", "highway": "residential", "slope_pct": 0.6 }, "geometry": { "type": "LineString", "coordinates": [ [ 72.8416367, 19.0229292 ], [ 72.8416463, 19.0229259 ], [ 72.8416562, 19.0229224 ], [ 72.8417009, 19.0229067 ] ] } },
{ "type": "Feature", "properties": { "name": "Arterial Link", "highway": "residential", "slope_pct": 0.6 }, "geometry": { "type": "LineString", "coordinates": [ [ 72.8416465, 19.0229505 ], [ 72.8416551, 19.0229474 ], [ 72.8416672, 19.0229431 ], [ 72.8417109, 19.0229274 ] ] } },
{ "type": "Feature", "properties": { "name": "Arterial Link", "highway": "residential", "slope_pct": 0.6 }, "geometry": { "type": "LineString", "coordinates": [ [ 72.8400317, 19.0280196 ], [ 72.8406131, 19.0282439 ], [ 72.8407058, 19.0282816 ] ] } },
{ "type": "Feature", "properties": { "name": "Shivaji Park Road no.2", "highway": "residential", "slope_pct": 0.6 }, "geometry": { "type": "LineString", "coordinates": [ [ 72.8400523, 19.0279534 ], [ 72.8401336, 19.0279834 ], [ 72.8406425, 19.0281714 ], [ 72.8407414, 19.028208 ] ] } },
{ "type": "Feature", "properties": { "name": "Dr Madhukar B. Raut Marg", "highway": "residential", "slope_pct": 0.6 }, "geometry": { "type": "LineString", "coordinates": [ [ 72.8407058, 19.0282816 ], [ 72.8407414, 19.028208 ] ] } },
{ "type": "Feature", "properties": { "name": "Arterial Link", "highway": "primary_link", "slope_pct": 0.6 }, "geometry": { "type": "LineString", "coordinates": [ [ 72.8413164, 19.0283042 ], [ 72.8412775, 19.028351 ], [ 72.841259, 19.0283624 ], [ 72.8412338, 19.0283702 ], [ 72.8411912, 19.0283788 ] ] } },
{ "type": "Feature", "properties": { "name": "Arterial Link", "highway": "residential", "slope_pct": 0.6 }, "geometry": { "type": "LineString", "coordinates": [ [ 72.8383133, 19.0232407 ], [ 72.838375, 19.0232774 ], [ 72.8387572, 19.0235048 ], [ 72.8388173, 19.0235406 ] ] } },
{ "type": "Feature", "properties": { "name": "Arterial Link", "highway": "residential", "slope_pct": 0.6 }, "geometry": { "type": "LineString", "coordinates": [ [ 72.8414015, 19.026048 ], [ 72.8415615, 19.026018 ], [ 72.8415166, 19.0256877 ], [ 72.8415238, 19.0256562 ], [ 72.8415267, 19.0256433 ], [ 72.8415445, 19.0255645 ] ] } },
{ "type": "Feature", "properties": { "name": "Arterial Link", "highway": "residential", "slope_pct": 0.6 }, "geometry": { "type": "LineString", "coordinates": [ [ 72.8415615, 19.026018 ], [ 72.8416321, 19.0260043 ], [ 72.8416542, 19.0260084 ], [ 72.8416703, 19.0260182 ], [ 72.8417222, 19.02616 ], [ 72.8417233, 19.0261809 ], [ 72.8417226, 19.0261962 ], [ 72.8417218, 19.0262122 ], [ 72.8417424, 19.0262817 ], [ 72.8417487, 19.0263256 ], [ 72.8417346, 19.0263425 ], [ 72.8417131, 19.0263522 ], [ 72.8415602, 19.0263766 ] ] } },
{ "type": "Feature", "properties": { "name": "Arterial Link", "highway": "residential", "slope_pct": 0.6 }, "geometry": { "type": "LineString", "coordinates": [ [ 72.8417222, 19.02616 ], [ 72.8417946, 19.0260821 ] ] } },
{ "type": "Feature", "properties": { "name": "Arterial Link", "highway": "residential", "slope_pct": 0.6 }, "geometry": { "type": "LineString", "coordinates": [ [ 72.8369654, 19.0247726 ], [ 72.8369394, 19.0247309 ], [ 72.8369284, 19.024713 ], [ 72.8368585, 19.0246005 ] ] } },
{ "type": "Feature", "properties": { "name": "Arterial Link", "highway": "residential", "slope_pct": 0.6 }, "geometry": { "type": "LineString", "coordinates": [ [ 72.8368959, 19.0247068 ], [ 72.8369073, 19.024724 ], [ 72.8369185, 19.024741 ], [ 72.8369461, 19.0247827 ] ] } },
{ "type": "Feature", "properties": { "name": "Arterial Link", "highway": "residential", "slope_pct": 0.6 }, "geometry": { "type": "LineString", "coordinates": [ [ 72.8369073, 19.024724 ], [ 72.8369284, 19.024713 ] ] } },
{ "type": "Feature", "properties": { "name": "Arterial Link", "highway": "residential", "slope_pct": 0.6 }, "geometry": { "type": "LineString", "coordinates": [ [ 72.836723, 19.0247171 ], [ 72.836743, 19.0247066 ], [ 72.8367548, 19.0247005 ], [ 72.8367588, 19.0246984 ] ] } },
{ "type": "Feature", "properties": { "name": "Ranade Road", "highway": "tertiary", "slope_pct": 0.6 }, "geometry": { "type": "LineString", "coordinates": [ [ 72.8373284, 19.024575 ], [ 72.8373794, 19.0245707 ], [ 72.8374843, 19.0245103 ] ] } },
{ "type": "Feature", "properties": { "name": "Arterial Link", "highway": "tertiary", "slope_pct": 0.6 }, "geometry": { "type": "LineString", "coordinates": [ [ 72.8374584, 19.0244665 ], [ 72.8373358, 19.0245359 ], [ 72.8373284, 19.024575 ] ] } },
{ "type": "Feature", "properties": { "name": "Dada Rege Marg", "highway": "residential", "slope_pct": 0.6 }, "geometry": { "type": "LineString", "coordinates": [ [ 72.8377761, 19.0243802 ], [ 72.8379362, 19.0243914 ], [ 72.8379692, 19.0244195 ] ] } },
{ "type": "Feature", "properties": { "name": "Arterial Link", "highway": "residential", "slope_pct": 0.6 }, "geometry": { "type": "LineString", "coordinates": [ [ 72.8377723, 19.0244554 ], [ 72.8379154, 19.0244524 ], [ 72.8379692, 19.0244195 ] ] } },
{ "type": "Feature", "properties": { "name": "Shankar Rao H. Parelkar Marg", "highway": "residential", "slope_pct": 0.6 }, "geometry": { "type": "LineString", "coordinates": [ [ 72.8372043, 19.0243389 ], [ 72.8372526, 19.0243851 ], [ 72.8374442, 19.0244264 ] ] } },
{ "type": "Feature", "properties": { "name": "Arterial Link", "highway": "residential", "slope_pct": 0.6 }, "geometry": { "type": "LineString", "coordinates": [ [ 72.8374513, 19.0243729 ], [ 72.8372712, 19.0243307 ], [ 72.8372043, 19.0243389 ] ] } },
{ "type": "Feature", "properties": { "name": "Arterial Link", "highway": "residential", "slope_pct": 0.6 }, "geometry": { "type": "LineString", "coordinates": [ [ 72.8400111, 19.0277196 ], [ 72.8400595, 19.027711 ], [ 72.8400746, 19.0277083 ], [ 72.8402604, 19.0276751 ], [ 72.8402709, 19.0276678 ], [ 72.8402714, 19.0276544 ], [ 72.840243, 19.0275334 ], [ 72.8402346, 19.0275232 ], [ 72.8402209, 19.0275227 ], [ 72.8400464, 19.0275519 ], [ 72.8400271, 19.0275551 ], [ 72.8399814, 19.0275628 ] ] } },
{ "type": "Feature", "properties": { "name": "Arterial Link", "highway": "residential", "slope_pct": 0.6 }, "geometry": { "type": "LineString", "coordinates": [ [ 72.8431548, 19.0280396 ], [ 72.8431042, 19.027812 ], [ 72.8430636, 19.0276286 ] ] } },
{ "type": "Feature", "properties": { "name": "Arterial Link", "highway": "residential", "slope_pct": 0.6 }, "geometry": { "type": "LineString", "coordinates": [ [ 72.8429678, 19.0280637 ], [ 72.8429186, 19.0278516 ], [ 72.8429092, 19.0278113 ], [ 72.8428815, 19.027689 ], [ 72.8428832, 19.027681 ], [ 72.842889, 19.0276744 ], [ 72.8428992, 19.0276666 ], [ 72.8429134, 19.0276636 ] ] } },
{ "type": "Feature", "properties": { "name": "Arterial Link", "highway": "residential", "slope_pct": 0.6 }, "geometry": { "type": "LineString", "coordinates": [ [ 72.8427811, 19.0278408 ], [ 72.8429092, 19.0278113 ] ] } },
{ "type": "Feature", "properties": { "name": "Arterial Link", "highway": "residential", "slope_pct": 0.6 }, "geometry": { "type": "LineString", "coordinates": [ [ 72.8413836, 19.0219126 ], [ 72.8414377, 19.0220137 ], [ 72.841621, 19.0223572 ], [ 72.8416224, 19.0223688 ], [ 72.8416175, 19.0223762 ], [ 72.8415001, 19.0224273 ], [ 72.8414742, 19.0224386 ] ] } },
{ "type": "Feature", "properties": { "name": "Arterial Link", "highway": "residential", "slope_pct": 0.6 }, "geometry": { "type": "LineString", "coordinates": [ [ 72.8400355, 19.0264594 ], [ 72.8400649, 19.0265609 ], [ 72.8400752, 19.0265699 ], [ 72.8400943, 19.0265699 ], [ 72.840271, 19.026528 ], [ 72.8403056, 19.0265198 ] ] } },
{ "type": "Feature", "properties": { "name": "Arterial Link", "highway": "residential", "slope_pct": 0.6 }, "geometry": { "type": "LineString", "coordinates": [ [ 72.8398123, 19.0230524 ], [ 72.8398524, 19.0230185 ], [ 72.8398641, 19.0230082 ], [ 72.8399871, 19.0229033 ] ] } },
{ "type": "Feature", "properties": { "name": "Arterial Link", "highway": "residential", "slope_pct": 0.6 }, "geometry": { "type": "LineString", "coordinates": [ [ 72.840003, 19.0228828 ], [ 72.8399065, 19.022781 ], [ 72.8398819, 19.0227551 ] ] } },
{ "type": "Feature", "properties": { "name": "Arterial Link", "highway": "residential", "slope_pct": 0.6 }, "geometry": { "type": "LineString", "coordinates": [ [ 72.8396919, 19.022918 ], [ 72.8398819, 19.0227551 ], [ 72.8400155, 19.0226405 ], [ 72.8401227, 19.0225487 ] ] } },
{ "type": "Feature", "properties": { "name": "Arterial Link", "highway": "residential", "slope_pct": 0.6 }, "geometry": { "type": "LineString", "coordinates": [ [ 72.8400155, 19.0226405 ], [ 72.8400354, 19.0226618 ], [ 72.8400411, 19.0226679 ] ] } },
{ "type": "Feature", "properties": { "name": "Arterial Link", "highway": "residential", "slope_pct": 0.6 }, "geometry": { "type": "LineString", "coordinates": [ [ 72.8397766, 19.0234629 ], [ 72.8398015, 19.0234435 ], [ 72.8399915, 19.0232959 ], [ 72.8400134, 19.0232789 ] ] } },
{ "type": "Feature", "properties": { "name": "Arterial Link", "highway": "residential", "slope_pct": 0.6 }, "geometry": { "type": "LineString", "coordinates": [ [ 72.8398587, 19.023002 ], [ 72.8398409, 19.0229832 ], [ 72.839778, 19.0229163 ], [ 72.8397761, 19.0229104 ], [ 72.8397806, 19.0229024 ], [ 72.8398604, 19.0228328 ] ] } },
{ "type": "Feature", "properties": { "name": "Arterial Link", "highway": "residential", "slope_pct": 0.6 }, "geometry": { "type": "LineString", "coordinates": [ [ 72.8398641, 19.0230082 ], [ 72.8398587, 19.023002 ] ] } },
{ "type": "Feature", "properties": { "name": "Arterial Link", "highway": "residential", "slope_pct": 0.6 }, "geometry": { "type": "LineString", "coordinates": [ [ 72.8397883, 19.0230256 ], [ 72.8398259, 19.0229953 ], [ 72.8398409, 19.0229832 ] ] } },
{ "type": "Feature", "properties": { "name": "Arterial Link", "highway": "residential", "slope_pct": 0.6 }, "geometry": { "type": "LineString", "coordinates": [ [ 72.8408721, 19.0227908 ], [ 72.8410537, 19.0226427 ], [ 72.8410567, 19.0226422 ], [ 72.8410593, 19.0226429 ], [ 72.8411001, 19.0226893 ], [ 72.8410999, 19.0226921 ], [ 72.8410973, 19.022695 ], [ 72.8409128, 19.0228381 ] ] } },
{ "type": "Feature", "properties": { "name": "Arterial Link", "highway": "residential", "slope_pct": 0.6 }, "geometry": { "type": "LineString", "coordinates": [ [ 72.8408435, 19.0228133 ], [ 72.840863, 19.0227978 ], [ 72.8408721, 19.0227908 ] ] } },
{ "type": "Feature", "properties": { "name": "Arterial Link", "highway": "residential", "slope_pct": 0.6 }, "geometry": { "type": "LineString", "coordinates": [ [ 72.8409128, 19.0228381 ], [ 72.8409038, 19.022845 ], [ 72.8408858, 19.0228599 ] ] } },
{ "type": "Feature", "properties": { "name": "Arterial Link", "highway": "residential", "slope_pct": 0.6 }, "geometry": { "type": "LineString", "coordinates": [ [ 72.8408676, 19.0228399 ], [ 72.840885, 19.0228252 ], [ 72.8408948, 19.0228171 ] ] } },
{ "type": "Feature", "properties": { "name": "Arterial Link", "highway": "residential", "slope_pct": 0.6 }, "geometry": { "type": "LineString", "coordinates": [ [ 72.8409908, 19.0229756 ], [ 72.8410053, 19.0229614 ], [ 72.8410147, 19.022953 ], [ 72.8411527, 19.0228291 ] ] } },
{ "type": "Feature", "properties": { "name": "Arterial Link", "highway": "residential", "slope_pct": 0.6 }, "geometry": { "type": "LineString", "coordinates": [ [ 72.8405278, 19.0237319 ], [ 72.8406843, 19.0236213 ], [ 72.8406908, 19.0236114 ], [ 72.8406907, 19.0235996 ], [ 72.8406862, 19.0235893 ], [ 72.8405913, 19.0234692 ], [ 72.8405587, 19.0234221 ] ] } },
{ "type": "Feature", "properties": { "name": "Arterial Link", "highway": "residential", "slope_pct": 0.6 }, "geometry": { "type": "LineString", "coordinates": [ [ 72.8410147, 19.022953 ], [ 72.8410662, 19.0230092 ] ] } },
{ "type": "Feature", "properties": { "name": "Arterial Link", "highway": "residential", "slope_pct": 0.6 }, "geometry": { "type": "LineString", "coordinates": [ [ 72.8430786, 19.0283221 ], [ 72.8430955, 19.0283787 ] ] } },
{ "type": "Feature", "properties": { "name": "Dada Rege Marg", "highway": "residential", "slope_pct": 0.6 }, "geometry": { "type": "LineString", "coordinates": [ [ 72.8403628, 19.0251311 ], [ 72.84041, 19.0252096 ] ] } },
{ "type": "Feature", "properties": { "name": "N C Kelkar Marg", "highway": "residential", "slope_pct": 0.6 }, "geometry": { "type": "LineString", "coordinates": [ [ 72.8404096, 19.0250959 ], [ 72.8403628, 19.0251311 ] ] } },
{ "type": "Feature", "properties": { "name": "Lady Jamshedji Road", "highway": "primary", "slope_pct": 0.6 }, "geometry": { "type": "LineString", "coordinates": [ [ 72.840642, 19.0251581 ], [ 72.8405952, 19.025077 ] ] } },
{ "type": "Feature", "properties": { "name": "Bal Govind Das Road", "highway": "tertiary", "slope_pct": 0.6 }, "geometry": { "type": "LineString", "coordinates": [ [ 72.8456289, 19.0251444 ], [ 72.8455399, 19.0251812 ], [ 72.844978, 19.0254022 ], [ 72.8448676, 19.0254456 ], [ 72.844821, 19.0254639 ], [ 72.844775, 19.0254834 ], [ 72.8447463, 19.0254955 ], [ 72.8446813, 19.025523 ], [ 72.8442805, 19.0256926 ], [ 72.8441917, 19.0257302 ], [ 72.8439181, 19.0258475 ], [ 72.8438015, 19.025896 ], [ 72.8437088, 19.0259346 ], [ 72.843619, 19.0259726 ], [ 72.843301, 19.0261072 ] ] } },
{ "type": "Feature", "properties": { "name": "Arterial Link", "highway": "tertiary", "slope_pct": 0.6 }, "geometry": { "type": "LineString", "coordinates": [ [ 72.8451074, 19.0223369 ], [ 72.8456053, 19.0235912 ], [ 72.8457338, 19.0235693 ], [ 72.8459775, 19.0241804 ], [ 72.8463335, 19.0250831 ] ] } },
{ "type": "Feature", "properties": { "name": "Arterial Link", "highway": "residential", "slope_pct": 0.6 }, "geometry": { "type": "LineString", "coordinates": [ [ 72.8437866, 19.0237937 ], [ 72.8436737, 19.0235274 ], [ 72.8436781, 19.0235141 ], [ 72.8436851, 19.0235068 ], [ 72.8438818, 19.0234307 ] ] } },
{ "type": "Feature", "properties": { "name": "Arterial Link", "highway": "residential", "slope_pct": 0.6 }, "geometry": { "type": "LineString", "coordinates": [ [ 72.8443724, 19.0235319 ], [ 72.844414, 19.0235185 ], [ 72.8444599, 19.0235037 ], [ 72.8445008, 19.0234905 ], [ 72.8447206, 19.0234197 ], [ 72.8448127, 19.02339 ] ] } },
{ "type": "Feature", "properties": { "name": "Arterial Link", "highway": "residential", "slope_pct": 0.6 }, "geometry": { "type": "LineString", "coordinates": [ [ 72.8437866, 19.0237937 ], [ 72.8439016, 19.0240694 ], [ 72.843923, 19.0240886 ], [ 72.8439621, 19.0240861 ], [ 72.8441233, 19.0240338 ], [ 72.8442409, 19.0239957 ], [ 72.8442557, 19.0239833 ], [ 72.8442564, 19.0239681 ], [ 72.8441371, 19.0236925 ], [ 72.84413, 19.0236832 ], [ 72.8441223, 19.0236793 ], [ 72.8440014, 19.0237157 ] ] } },
{ "type": "Feature", "properties": { "name": "Arterial Link", "highway": "residential", "slope_pct": 0.6 }, "geometry": { "type": "LineString", "coordinates": [ [ 72.8463995, 19.0278205 ], [ 72.8464944, 19.0277988 ] ] } },
{ "type": "Feature", "properties": { "name": "Arterial Link", "highway": "residential", "slope_pct": 0.6 }, "geometry": { "type": "LineString", "coordinates": [ [ 72.8448676, 19.0254456 ], [ 72.8447212, 19.0250766 ], [ 72.8446688, 19.0249444 ] ] } },
{ "type": "Feature", "properties": { "name": "Arterial Link", "highway": "tertiary", "slope_pct": 0.6 }, "geometry": { "type": "LineString", "coordinates": [ [ 72.8494888, 19.0227313 ], [ 72.8492951, 19.0227433 ], [ 72.8490777, 19.0227438 ], [ 72.8490183, 19.0227439 ] ] } },
{ "type": "Feature", "properties": { "name": "Lady Jehangir Road", "highway": "tertiary", "slope_pct": 0.6 }, "geometry": { "type": "LineString", "coordinates": [ [ 72.8494652, 19.0233391 ], [ 72.8498021, 19.0232743 ] ] } },
{ "type": "Feature", "properties": { "name": "Lady Jehangir Road", "highway": "tertiary", "slope_pct": 0.6 }, "geometry": { "type": "LineString", "coordinates": [ [ 72.849588, 19.0234989 ], [ 72.8498021, 19.0232743 ] ] } },
{ "type": "Feature", "properties": { "name": "L J Marg", "highway": "tertiary", "slope_pct": 0.6 }, "geometry": { "type": "LineString", "coordinates": [ [ 72.8497825, 19.0226227 ], [ 72.8494888, 19.0227313 ], [ 72.8492596, 19.0228975 ], [ 72.8492036, 19.0229465 ] ] } },
{ "type": "Feature", "properties": { "name": "Arterial Link", "highway": "residential", "slope_pct": 0.6 }, "geometry": { "type": "LineString", "coordinates": [ [ 72.8460472, 19.0267215 ], [ 72.8459099, 19.0267547 ], [ 72.8457652, 19.0267781 ], [ 72.8456525, 19.0267892 ] ] } },
{ "type": "Feature", "properties": { "name": "Arterial Link", "highway": "residential", "slope_pct": 0.6 }, "geometry": { "type": "LineString", "coordinates": [ [ 72.848898, 19.0247027 ], [ 72.8487466, 19.0244992 ], [ 72.8485708, 19.0242469 ] ] } },
{ "type": "Feature", "properties": { "name": "Arterial Link", "highway": "residential", "slope_pct": 0.6 }, "geometry": { "type": "LineString", "coordinates": [ [ 72.8447212, 19.0250766 ], [ 72.8446298, 19.025113 ], [ 72.8443194, 19.0252366 ], [ 72.8442261, 19.0252198 ], [ 72.844162, 19.0251424 ], [ 72.8440397, 19.0247667 ] ] } },
{ "type": "Feature", "properties": { "name": "Arterial Link", "highway": "residential", "slope_pct": 0.6 }, "geometry": { "type": "LineString", "coordinates": [ [ 72.843815, 19.0233375 ], [ 72.8438347, 19.0233383 ], [ 72.8438432, 19.023347 ], [ 72.8438513, 19.0233596 ], [ 72.8438708, 19.0234052 ], [ 72.8438818, 19.0234307 ], [ 72.8439496, 19.0235886 ], [ 72.8440014, 19.0237157 ] ] } },
{ "type": "Feature", "properties": { "name": "Arterial Link", "highway": "residential", "slope_pct": 0.6 }, "geometry": { "type": "LineString", "coordinates": [ [ 72.8444048, 19.0280718 ], [ 72.8437927, 19.0282203 ] ] } },
{ "type": "Feature", "properties": { "name": "Arterial Link", "highway": "residential", "slope_pct": 0.6 }, "geometry": { "type": "LineString", "coordinates": [ [ 72.8463995, 19.0278205 ], [ 72.8463192, 19.0278439 ], [ 72.8462557, 19.0278533 ], [ 72.8460728, 19.0278643 ], [ 72.8459158, 19.0278764 ] ] } },
{ "type": "Feature", "properties": { "name": "Arterial Link", "highway": "residential", "slope_pct": 0.6 }, "geometry": { "type": "LineString", "coordinates": [ [ 72.843619, 19.0259726 ], [ 72.8437259, 19.0262688 ], [ 72.8437662, 19.0263906 ], [ 72.8437829, 19.0264431 ], [ 72.8438645, 19.0264917 ], [ 72.8438895, 19.0264107 ], [ 72.8438287, 19.0262436 ], [ 72.8437088, 19.0259346 ] ] } },
{ "type": "Feature", "properties": { "name": "Arterial Link", "highway": "residential", "slope_pct": 0.6 }, "geometry": { "type": "LineString", "coordinates": [ [ 72.8438645, 19.0264917 ], [ 72.8439234, 19.0265369 ], [ 72.8439707, 19.0265754 ], [ 72.843994, 19.0266214 ], [ 72.8441055, 19.0269029 ] ] } },
{ "type": "Feature", "properties": { "name": "Arterial Link", "highway": "residential", "slope_pct": 0.6 }, "geometry": { "type": "LineString", "coordinates": [ [ 72.8438645, 19.0264917 ], [ 72.8437042, 19.026528 ] ] } },
{ "type": "Feature", "properties": { "name": "Arterial Link", "highway": "residential", "slope_pct": 0.6 }, "geometry": { "type": "LineString", "coordinates": [ [ 72.8443158, 19.0250826 ], [ 72.8442162, 19.0248508 ], [ 72.8442125, 19.0248293 ], [ 72.8442206, 19.0248112 ], [ 72.8442339, 19.0247987 ], [ 72.8444192, 19.0247431 ], [ 72.8444368, 19.0247438 ], [ 72.8444582, 19.0247535 ], [ 72.8444751, 19.0247688 ], [ 72.8446068, 19.0250618 ], [ 72.8446298, 19.025113 ] ] } },
{ "type": "Feature", "properties": { "name": "Arterial Link", "highway": "residential", "slope_pct": 0.6 }, "geometry": { "type": "LineString", "coordinates": [ [ 72.8439307, 19.0264085 ], [ 72.8441176, 19.0263641 ], [ 72.8441338, 19.0263562 ], [ 72.8441407, 19.0263441 ], [ 72.8441436, 19.0263274 ], [ 72.8441382, 19.0263043 ], [ 72.8440271, 19.0260753 ], [ 72.8440063, 19.0260338 ], [ 72.8439181, 19.0258475 ] ] } },
{ "type": "Feature", "properties": { "name": "Arterial Link", "highway": "residential", "slope_pct": 0.6 }, "geometry": { "type": "LineString", "coordinates": [ [ 72.8438015, 19.025896 ], [ 72.8438803, 19.0260813 ], [ 72.843891, 19.0261063 ], [ 72.8438994, 19.0261161 ], [ 72.8439092, 19.0261175 ], [ 72.8440271, 19.0260753 ] ] } },
{ "type": "Feature", "properties": { "name": "Arterial Link", "highway": "residential", "slope_pct": 0.6 }, "geometry": { "type": "LineString", "coordinates": [ [ 72.844978, 19.0254022 ], [ 72.8450017, 19.0254641 ], [ 72.8450592, 19.0256186 ], [ 72.845086, 19.0256899 ], [ 72.8450884, 19.0257052 ], [ 72.845083, 19.0257126 ], [ 72.8449232, 19.0257714 ], [ 72.8449021, 19.0257756 ], [ 72.8448903, 19.0257668 ], [ 72.8448818, 19.0257479 ], [ 72.8447981, 19.0255407 ], [ 72.844775, 19.0254834 ] ] } },
{ "type": "Feature", "properties": { "name": "Arterial Link", "highway": "residential", "slope_pct": 0.6 }, "geometry": { "type": "LineString", "coordinates": [ [ 72.8446326, 19.0254099 ], [ 72.8447089, 19.025382 ], [ 72.8447241, 19.0253723 ], [ 72.8447295, 19.0253593 ], [ 72.8447315, 19.0253431 ], [ 72.8446555, 19.0251693 ], [ 72.8446437, 19.0251628 ], [ 72.8446315, 19.025162 ], [ 72.8445672, 19.0251953 ], [ 72.8445608, 19.0252115 ], [ 72.8445608, 19.025231 ], [ 72.8445633, 19.0252488 ], [ 72.8446326, 19.0254099 ], [ 72.844648, 19.0254456 ], [ 72.8446813, 19.025523 ] ] } },
{ "type": "Feature", "properties": { "name": "Arterial Link", "highway": "residential", "slope_pct": 0.6 }, "geometry": { "type": "LineString", "coordinates": [ [ 72.8434491, 19.0277368 ], [ 72.843401, 19.0275492 ] ] } },
{ "type": "Feature", "properties": { "name": "Arterial Link", "highway": "residential", "slope_pct": 0.6 }, "geometry": { "type": "LineString", "coordinates": [ [ 72.8460728, 19.0278643 ], [ 72.8460878, 19.0279264 ], [ 72.8461252, 19.0280803 ], [ 72.8461546, 19.0282017 ] ] } },
{ "type": "Feature", "properties": { "name": "Arterial Link", "highway": "residential", "slope_pct": 0.6 }, "geometry": { "type": "LineString", "coordinates": [ [ 72.8461252, 19.0280803 ], [ 72.8462804, 19.0280647 ] ] } },
{ "type": "Feature", "properties": { "name": "Arterial Link", "highway": "secondary_link", "slope_pct": 0.6 }, "geometry": { "type": "LineString", "coordinates": [ [ 72.8464956, 19.0281482 ], [ 72.8465906, 19.0281269 ] ] } },
{ "type": "Feature", "properties": { "name": "Arterial Link", "highway": "residential", "slope_pct": 0.6 }, "geometry": { "type": "LineString", "coordinates": [ [ 72.844569, 19.0236852 ], [ 72.8445008, 19.0234905 ] ] } },
{ "type": "Feature", "properties": { "name": "Arterial Link", "highway": "residential", "slope_pct": 0.6 }, "geometry": { "type": "LineString", "coordinates": [ [ 72.8443071, 19.0233531 ], [ 72.8443724, 19.0235319 ] ] } },
{ "type": "Feature", "properties": { "name": "Arterial Link", "highway": "residential", "slope_pct": 0.6 }, "geometry": { "type": "LineString", "coordinates": [ [ 72.8443724, 19.0235319 ], [ 72.844096, 19.0236208 ], [ 72.8440806, 19.0236222 ], [ 72.8440681, 19.0236181 ], [ 72.8440607, 19.0236055 ], [ 72.8440026, 19.0234199 ] ] } },
{ "type": "Feature", "properties": { "name": "Arterial Link", "highway": "residential", "slope_pct": 0.6 }, "geometry": { "type": "LineString", "coordinates": [ [ 72.8444599, 19.0235037 ], [ 72.8444074, 19.0233405 ], [ 72.8444082, 19.0233268 ], [ 72.844416, 19.0233139 ], [ 72.8444351, 19.0233055 ] ] } },
{ "type": "Feature", "properties": { "name": "Arterial Link", "highway": "residential", "slope_pct": 0.6 }, "geometry": { "type": "LineString", "coordinates": [ [ 72.8444815, 19.0237072 ], [ 72.844414, 19.0235185 ] ] } },
{ "type": "Feature", "properties": { "name": "Arterial Link", "highway": "residential", "slope_pct": 0.6 }, "geometry": { "type": "LineString", "coordinates": [ [ 72.8444395, 19.0239616 ], [ 72.8446473, 19.0238938 ], [ 72.8448154, 19.0238494 ], [ 72.8449718, 19.023788 ] ] } },
{ "type": "Feature", "properties": { "name": "Arterial Link", "highway": "residential", "slope_pct": 0.6 }, "geometry": { "type": "LineString", "coordinates": [ [ 72.8443806, 19.0237965 ], [ 72.844586, 19.0237284 ], [ 72.8448396, 19.0236444 ], [ 72.844906, 19.0236224 ] ] } },
{ "type": "Feature", "properties": { "name": "Arterial Link", "highway": "residential", "slope_pct": 0.6 }, "geometry": { "type": "LineString", "coordinates": [ [ 72.8446473, 19.0238938 ], [ 72.844586, 19.0237284 ] ] } },
{ "type": "Feature", "properties": { "name": "Arterial Link", "highway": "residential", "slope_pct": 0.6 }, "geometry": { "type": "LineString", "coordinates": [ [ 72.843839, 19.0236263 ], [ 72.8439496, 19.0235886 ] ] } },
{ "type": "Feature", "properties": { "name": "Arterial Link", "highway": "residential", "slope_pct": 0.6 }, "geometry": { "type": "LineString", "coordinates": [ [ 72.8440014, 19.0237157 ], [ 72.8437866, 19.0237937 ] ] } },
{ "type": "Feature", "properties": { "name": "Arterial Link", "highway": "residential", "slope_pct": 0.6 }, "geometry": { "type": "LineString", "coordinates": [ [ 72.8440014, 19.0237157 ], [ 72.8441233, 19.0240338 ] ] } },
{ "type": "Feature", "properties": { "name": "Arterial Link", "highway": "residential", "slope_pct": 0.6 }, "geometry": { "type": "LineString", "coordinates": [ [ 72.8490025, 19.0252727 ], [ 72.8491972, 19.0255479 ], [ 72.8492298, 19.0255634 ], [ 72.8492547, 19.0255627 ], [ 72.8493696, 19.0254902 ] ] } },
{ "type": "Feature", "properties": { "name": "Arterial Link", "highway": "residential", "slope_pct": 0.6 }, "geometry": { "type": "LineString", "coordinates": [ [ 72.8487103, 19.0248087 ], [ 72.848898, 19.0247027 ] ] } },
{ "type": "Feature", "properties": { "name": "Arterial Link", "highway": "residential", "slope_pct": 0.6 }, "geometry": { "type": "LineString", "coordinates": [ [ 72.8485796, 19.0246117 ], [ 72.8487466, 19.0244992 ] ] } },
{ "type": "Feature", "properties": { "name": "Arterial Link", "highway": "residential", "slope_pct": 0.6 }, "geometry": { "type": "LineString", "coordinates": [ [ 72.8483003, 19.0242147 ], [ 72.8481796, 19.024071 ], [ 72.8481803, 19.0240489 ], [ 72.8482023, 19.0239985 ], [ 72.848232, 19.0239508 ], [ 72.848342, 19.023881 ] ] } },
{ "type": "Feature", "properties": { "name": "Arterial Link", "highway": "residential", "slope_pct": 0.6 }, "geometry": { "type": "LineString", "coordinates": [ [ 72.8483003, 19.0242147 ], [ 72.848402, 19.0243412 ] ] } },
{ "type": "Feature", "properties": { "name": "Arterial Link", "highway": "residential", "slope_pct": 0.6 }, "geometry": { "type": "LineString", "coordinates": [ [ 72.8481472, 19.023595 ], [ 72.8479822, 19.0236877 ], [ 72.8479758, 19.0237152 ], [ 72.8479772, 19.0237434 ], [ 72.8481058, 19.0239495 ], [ 72.8481278, 19.0239556 ], [ 72.8481704, 19.0239482 ], [ 72.8481981, 19.0239408 ], [ 72.848232, 19.0239508 ] ] } },
{ "type": "Feature", "properties": { "name": "Arterial Link", "highway": "residential", "slope_pct": 0.6 }, "geometry": { "type": "LineString", "coordinates": [ [ 72.8480596, 19.0234664 ], [ 72.8479155, 19.0235595 ], [ 72.8478736, 19.0235602 ], [ 72.8478388, 19.0235494 ], [ 72.8478253, 19.0235367 ], [ 72.8477166, 19.0233688 ], [ 72.8477173, 19.0233507 ], [ 72.8477351, 19.0233218 ], [ 72.8477507, 19.0232668 ], [ 72.8478786, 19.0232004 ] ] } },
{ "type": "Feature", "properties": { "name": "Arterial Link", "highway": "residential", "slope_pct": 0.6 }, "geometry": { "type": "LineString", "coordinates": [ [ 72.8477507, 19.0232668 ], [ 72.8476953, 19.0232574 ], [ 72.8476669, 19.0232608 ], [ 72.8476357, 19.0232591 ], [ 72.847613, 19.0232426 ], [ 72.8474856, 19.0229806 ], [ 72.8474859, 19.0229645 ], [ 72.8474927, 19.0229521 ], [ 72.8475069, 19.022941 ], [ 72.8475394, 19.0228891 ], [ 72.8476207, 19.0228444 ] ] } },
{ "type": "Feature", "properties": { "name": "Arterial Link", "highway": "residential", "slope_pct": 0.6 }, "geometry": { "type": "LineString", "coordinates": [ [ 72.8475394, 19.0228891 ], [ 72.847433, 19.0228981 ], [ 72.8474157, 19.0228919 ], [ 72.8474045, 19.0228767 ], [ 72.8472542, 19.0226516 ], [ 72.8472334, 19.0226134 ], [ 72.8472257, 19.0225797 ], [ 72.8472281, 19.022564 ], [ 72.8472477, 19.0225483 ], [ 72.8473767, 19.0224861 ] ] } },
{ "type": "Feature", "properties": { "name": "Arterial Link", "highway": "residential", "slope_pct": 0.6 }, "geometry": { "type": "LineString", "coordinates": [ [ 72.8495499, 19.0258931 ], [ 72.8493696, 19.0254902 ], [ 72.8491804, 19.0251709 ] ] } },
{ "type": "Feature", "properties": { "name": "Arterial Link", "highway": "residential", "slope_pct": 0.6 }, "geometry": { "type": "LineString", "coordinates": [ [ 72.8434246, 19.0283366 ], [ 72.8434128, 19.0282744 ] ] } },
{ "type": "Feature", "properties": { "name": "L J Marg", "highway": "tertiary", "slope_pct": 0.6 }, "geometry": { "type": "LineString", "coordinates": [ [ 72.8499194, 19.0225542 ], [ 72.8498814, 19.0225266 ], [ 72.8498336, 19.022524 ], [ 72.8497926, 19.0225474 ], [ 72.8497726, 19.0225885 ], [ 72.8497825, 19.0226227 ] ] } },
{ "type": "Feature", "properties": { "name": "Lt Dilip Gupte Marg", "highway": "residential", "slope_pct": 0.6 }, "geometry": { "type": "LineString", "coordinates": [ [ 72.839862, 19.029441 ], [ 72.8398703, 19.0295032 ], [ 72.839944, 19.0300532 ], [ 72.8399567, 19.0301482 ], [ 72.8399958, 19.0304574 ], [ 72.8400158, 19.0307277 ], [ 72.8400155, 19.030758 ], [ 72.8400144, 19.0308833 ], [ 72.8400112, 19.0312331 ], [ 72.8400143, 19.0312781 ], [ 72.8401031, 19.0319608 ], [ 72.8401256, 19.0321154 ], [ 72.8401473, 19.0322656 ], [ 72.8401535, 19.0323081 ], [ 72.8401812, 19.0324994 ], [ 72.8402508, 19.0330147 ], [ 72.8402959, 19.0333133 ], [ 72.8403436, 19.034113 ], [ 72.8403477, 19.0341807 ], [ 72.8403502, 19.0342221 ], [ 72.8403538, 19.0342832 ], [ 72.8403596, 19.0343801 ], [ 72.8404203, 19.0349696 ], [ 72.8404838, 19.0355864 ] ] } },
{ "type": "Feature", "properties": { "name": "Keluskar Road North", "highway": "residential", "slope_pct": 0.6 }, "geometry": { "type": "LineString", "coordinates": [ [ 72.8400523, 19.0279534 ], [ 72.8400317, 19.0280196 ], [ 72.8397408, 19.0282321 ], [ 72.8382214, 19.0291103 ] ] } },
{ "type": "Feature", "properties": { "name": "Bhagat Gully", "highway": "residential", "slope_pct": 0.6 }, "geometry": { "type": "LineString", "coordinates": [ [ 72.8427876, 19.0292998 ], [ 72.8428634, 19.0295075 ], [ 72.8428914, 19.0295911 ], [ 72.8428982, 19.0296116 ], [ 72.8429817, 19.0298611 ], [ 72.8430858, 19.0301619 ], [ 72.8431771, 19.0304262 ], [ 72.8432681, 19.03069 ], [ 72.8434468, 19.0312074 ], [ 72.8436634, 19.032023 ] ] } },
{ "type": "Feature", "properties": { "name": "Manmala Tank Path", "highway": "tertiary", "slope_pct": 0.6 }, "geometry": { "type": "LineString", "coordinates": [ [ 72.8437927, 19.0282203 ], [ 72.8442383, 19.02906 ], [ 72.8442906, 19.0291586 ], [ 72.8444966, 19.0295439 ], [ 72.8448651, 19.0297799 ], [ 72.8449551, 19.0298419 ], [ 72.8451691, 19.029987 ], [ 72.8453823, 19.03021 ], [ 72.8455303, 19.0304474 ] ] } },
{ "type": "Feature", "properties": { "name": "Taikalwadi Marg", "highway": "residential", "slope_pct": 0.6 }, "geometry": { "type": "LineString", "coordinates": [ [ 72.8437927, 19.0282203 ], [ 72.8434128, 19.0282744 ], [ 72.8430786, 19.0283221 ], [ 72.8425839, 19.0283926 ], [ 72.8425285, 19.0284005 ], [ 72.8420793, 19.0284646 ], [ 72.841461, 19.0285527 ] ] } },
{ "type": "Feature", "properties": { "name": "Shivaji Park Road no.2", "highway": "residential", "slope_pct": 0.6 }, "geometry": { "type": "LineString", "coordinates": [ [ 72.8414431, 19.0284721 ], [ 72.84134, 19.0284333 ], [ 72.8411912, 19.0283788 ], [ 72.8411233, 19.028353 ], [ 72.8407414, 19.028208 ] ] } },
{ "type": "Feature", "properties": { "name": "Lady Jamshedji Road", "highway": "primary", "slope_pct": 0.6 }, "geometry": { "type": "LineString", "coordinates": [ [ 72.8420862, 19.031514 ], [ 72.8417638, 19.0299868 ], [ 72.841461, 19.0285527 ], [ 72.8414431, 19.0284721 ], [ 72.8413737, 19.0281605 ], [ 72.8413314, 19.0279598 ], [ 72.841041, 19.0265435 ], [ 72.8408682, 19.0256017 ], [ 72.8407153, 19.0252851 ] ] } },
{ "type": "Feature", "properties": { "name": "Arterial Link", "highway": "tertiary", "slope_pct": 0.6 }, "geometry": { "type": "LineString", "coordinates": [ [ 72.843103, 19.0261682 ], [ 72.8431165, 19.0262001 ], [ 72.8431407, 19.0262257 ], [ 72.8431726, 19.0262419 ], [ 72.8431954, 19.0262465 ], [ 72.8432315, 19.0262438 ], [ 72.8432646, 19.0262297 ], [ 72.8432906, 19.0262057 ], [ 72.8433002, 19.0261904 ], [ 72.8433098, 19.0261572 ], [ 72.8433068, 19.0261228 ], [ 72.843301, 19.0261072 ], [ 72.843287, 19.0260857 ], [ 72.8432595, 19.0260631 ], [ 72.8432255, 19.0260507 ], [ 72.8431997, 19.0260491 ], [ 72.843189, 19.0260502 ], [ 72.8431685, 19.0260553 ], [ 72.8431372, 19.0260729 ], [ 72.8431141, 19.0260996 ], [ 72.8431021, 19.0261321 ], [ 72.843103, 19.0261682 ] ] } },
{ "type": "Feature", "properties": { "name": "Arterial Link", "highway": "residential", "slope_pct": 0.6 }, "geometry": { "type": "LineString", "coordinates": [ [ 72.8444966, 19.0295439 ], [ 72.8437091, 19.0298888 ], [ 72.8434626, 19.0299968 ], [ 72.8430858, 19.0301619 ] ] } },
{ "type": "Feature", "properties": { "name": "J K Sawant Marg", "highway": "tertiary", "slope_pct": 0.6 }, "geometry": { "type": "LineString", "coordinates": [ [ 72.8432315, 19.0262438 ], [ 72.8433525, 19.0266699 ], [ 72.8435895, 19.0275048 ], [ 72.8436434, 19.0276945 ], [ 72.8437927, 19.0282203 ] ] } },
{ "type": "Feature", "properties": { "name": "Arterial Link", "highway": "tertiary", "slope_pct": 0.6 }, "geometry": { "type": "LineString", "coordinates": [ [ 72.8463335, 19.0250831 ], [ 72.8464903, 19.0259208 ], [ 72.8466468, 19.0264518 ], [ 72.8470105, 19.0276341 ], [ 72.8472955, 19.0286214 ], [ 72.8473683, 19.0288195 ], [ 72.8474977, 19.0291717 ], [ 72.8476398, 19.0295583 ], [ 72.8476998, 19.0297936 ], [ 72.8477614, 19.030035 ], [ 72.8478263, 19.0300895 ], [ 72.8478507, 19.0300933 ], [ 72.848174, 19.0301617 ], [ 72.8484335, 19.0303607 ], [ 72.8485845, 19.0305437 ], [ 72.8487689, 19.0307922 ], [ 72.848772, 19.0308232 ], [ 72.8487613, 19.0308593 ], [ 72.8487499, 19.0309241 ], [ 72.8487145, 19.0309917 ] ] } },
{ "type": "Feature", "properties": { "name": "Matunga Road", "highway": "residential", "slope_pct": 0.6 }, "geometry": { "type": "LineString", "coordinates": [ [ 72.8478263, 19.0300895 ], [ 72.8480735, 19.0308257 ], [ 72.8483546, 19.0323793 ], [ 72.8484651, 19.0339141 ], [ 72.8484785, 19.0343527 ], [ 72.8484736, 19.0345762 ], [ 72.8484685, 19.0352366 ], [ 72.8483954, 19.0361707 ], [ 72.8483766, 19.0363279 ], [ 72.8483685, 19.0364496 ], [ 72.8483551, 19.036584 ], [ 72.8483417, 19.0367513 ] ] } },
{ "type": "Feature", "properties": { "name": "Arterial Link", "highway": "residential", "slope_pct": 0.6 }, "geometry": { "type": "LineString", "coordinates": [ [ 72.8436434, 19.0276945 ], [ 72.8436004, 19.0277039 ], [ 72.8434491, 19.0277368 ], [ 72.8433788, 19.0277522 ], [ 72.8432723, 19.0277754 ], [ 72.8431042, 19.027812 ], [ 72.8429186, 19.0278516 ] ] } },
{ "type": "Feature", "properties": { "name": "Arterial Link", "highway": "tertiary", "slope_pct": 0.6 }, "geometry": { "type": "LineString", "coordinates": [ [ 72.8497825, 19.0226227 ], [ 72.8500245, 19.0229302 ] ] } },
{ "type": "Feature", "properties": { "name": "Lady Jehangir Road", "highway": "tertiary", "slope_pct": 0.6 }, "geometry": { "type": "LineString", "coordinates": [ [ 72.8498021, 19.0232743 ], [ 72.8500245, 19.0229302 ] ] } },
{ "type": "Feature", "properties": { "name": "Lady Jamshedji Road", "highway": "primary", "slope_pct": 0.6 }, "geometry": { "type": "LineString", "coordinates": [ [ 72.8404563, 19.0251787 ], [ 72.8406363, 19.0254694 ], [ 72.8407445, 19.0256393 ], [ 72.8409478, 19.0265614 ], [ 72.8412489, 19.0280023 ], [ 72.8413164, 19.0283042 ], [ 72.84134, 19.0284333 ], [ 72.8413672, 19.0285586 ], [ 72.8415283, 19.0292999 ], [ 72.8415767, 19.0295415 ], [ 72.8416753, 19.0299994 ], [ 72.8417561, 19.0303778 ], [ 72.8417948, 19.0305593 ], [ 72.8418113, 19.0306365 ], [ 72.8420022, 19.0315329 ] ] } },
{ "type": "Feature", "properties": { "name": "Arterial Link", "highway": "residential", "slope_pct": 0.6 }, "geometry": { "type": "LineString", "coordinates": [ [ 72.8429023, 19.0236996 ], [ 72.843815, 19.0233375 ] ] } },
{ "type": "Feature", "properties": { "name": "Lt Dilip Gupte Marg", "highway": "residential", "slope_pct": 0.6 }, "geometry": { "type": "LineString", "coordinates": [ [ 72.8397408, 19.0282321 ], [ 72.8398093, 19.0288555 ], [ 72.8398284, 19.0290675 ], [ 72.839862, 19.029441 ] ] } },
{ "type": "Feature", "properties": { "name": "Arterial Link", "highway": "residential", "slope_pct": 0.6 }, "geometry": { "type": "LineString", "coordinates": [ [ 72.8407058, 19.0282816 ], [ 72.841092, 19.0284286 ], [ 72.841125, 19.0284578 ], [ 72.8411367, 19.0284863 ], [ 72.8411382, 19.0285162 ], [ 72.841141, 19.0286083 ] ] } },
{ "type": "Feature", "properties": { "name": "Arterial Link", "highway": "residential", "slope_pct": 0.6 }, "geometry": { "type": "LineString", "coordinates": [ [ 72.841092, 19.0284286 ], [ 72.8411233, 19.028353 ] ] } },
{ "type": "Feature", "properties": { "name": "Arterial Link", "highway": "residential", "slope_pct": 0.6 }, "geometry": { "type": "LineString", "coordinates": [ [ 72.8406425, 19.0281714 ], [ 72.8406131, 19.0282439 ], [ 72.8405931, 19.0283191 ], [ 72.8405274, 19.0284031 ], [ 72.8404931, 19.0284662 ] ] } },
{ "type": "Feature", "properties": { "name": "Dr Madhukar B. Raut Marg", "highway": "residential", "slope_pct": 0.6 }, "geometry": { "type": "LineString", "coordinates": [ [ 72.8404931, 19.0284662 ], [ 72.8405759, 19.0284384 ], [ 72.8406431, 19.0283905 ], [ 72.8407058, 19.0282816 ] ] } },
{ "type": "Feature", "properties": { "name": "Arterial Link", "highway": "residential", "slope_pct": 0.6 }, "geometry": { "type": "LineString", "coordinates": [ [ 72.8433581, 19.0306656 ], [ 72.8432737, 19.0303994 ], [ 72.8432222, 19.0302369 ], [ 72.8432252, 19.0302133 ], [ 72.8432781, 19.030135 ], [ 72.8432958, 19.0301238 ], [ 72.8433983, 19.0300946 ], [ 72.8434169, 19.0300956 ], [ 72.8434287, 19.0301095 ], [ 72.8434929, 19.0303386 ], [ 72.8435172, 19.0304252 ], [ 72.8435437, 19.0305198 ], [ 72.843563, 19.0305886 ], [ 72.8435591, 19.030603 ], [ 72.8435513, 19.0306132 ], [ 72.8433581, 19.0306656 ], [ 72.8432681, 19.03069 ] ] } },
{ "type": "Feature", "properties": { "name": "Arterial Link", "highway": "residential", "slope_pct": 0.6 }, "geometry": { "type": "LineString", "coordinates": [ [ 72.8429134, 19.0276636 ], [ 72.8430636, 19.0276286 ], [ 72.8432271, 19.0275901 ], [ 72.843401, 19.0275492 ], [ 72.8435458, 19.0275151 ], [ 72.8435895, 19.0275048 ] ] } },
{ "type": "Feature", "properties": { "name": "Arterial Link", "highway": "residential", "slope_pct": 0.6 }, "geometry": { "type": "LineString", "coordinates": [ [ 72.842786, 19.0280872 ], [ 72.8429678, 19.0280637 ], [ 72.8431548, 19.0280396 ], [ 72.8433308, 19.028017 ], [ 72.8434322, 19.0280039 ], [ 72.8434459, 19.0280005 ], [ 72.8434502, 19.027992 ], [ 72.8433788, 19.0277522 ] ] } },
{ "type": "Feature", "properties": { "name": "Arterial Link", "highway": "residential", "slope_pct": 0.6 }, "geometry": { "type": "LineString", "coordinates": [ [ 72.8433308, 19.028017 ], [ 72.8432723, 19.0277754 ], [ 72.8432271, 19.0275901 ] ] } },
{ "type": "Feature", "properties": { "name": "Arterial Link", "highway": "residential", "slope_pct": 0.6 }, "geometry": { "type": "LineString", "coordinates": [ [ 72.8406431, 19.0283905 ], [ 72.8405931, 19.0283191 ] ] } },
{ "type": "Feature", "properties": { "name": "Arterial Link", "highway": "residential", "slope_pct": 0.6 }, "geometry": { "type": "LineString", "coordinates": [ [ 72.8501543, 19.0258449 ], [ 72.8501169, 19.025854 ], [ 72.8496829, 19.0259981 ], [ 72.8496672, 19.0259966 ], [ 72.8496604, 19.0259924 ], [ 72.8495762, 19.025804 ], [ 72.8495787, 19.025794 ], [ 72.8495937, 19.0257848 ], [ 72.8500537, 19.025648 ], [ 72.8500807, 19.0256463 ] ] } },
{ "type": "Feature", "properties": { "name": "Arterial Link", "highway": "residential", "slope_pct": 0.6 }, "geometry": { "type": "LineString", "coordinates": [ [ 72.8501765, 19.0258797 ], [ 72.8501452, 19.0258881 ], [ 72.8499974, 19.0259544 ], [ 72.8498571, 19.0260173 ], [ 72.8497202, 19.0260787 ], [ 72.8497138, 19.0260914 ], [ 72.8497138, 19.0261082 ], [ 72.8498132, 19.0262848 ], [ 72.8498302, 19.0262942 ], [ 72.8498487, 19.0262942 ], [ 72.8502504, 19.0260896 ], [ 72.8502924, 19.0260706 ] ] } },
{ "type": "Feature", "properties": { "name": "Arterial Link", "highway": "residential", "slope_pct": 0.6 }, "geometry": { "type": "LineString", "coordinates": [ [ 72.8430955, 19.0283787 ], [ 72.843106, 19.028414 ], [ 72.843193, 19.0287061 ], [ 72.8432063, 19.0287585 ], [ 72.8434993, 19.0287332 ], [ 72.8434306, 19.0283688 ], [ 72.8434246, 19.0283366 ] ] } },
{ "type": "Feature", "properties": { "name": "Arterial Link", "highway": "residential", "slope_pct": 0.6 }, "geometry": { "type": "LineString", "coordinates": [ [ 72.843106, 19.028414 ], [ 72.8432385, 19.0283955 ], [ 72.8434306, 19.0283688 ] ] } },
{ "type": "Feature", "properties": { "name": "Pandurang Naik Marg", "highway": "residential", "slope_pct": 0.6 }, "geometry": { "type": "LineString", "coordinates": [ [ 72.839862, 19.029441 ], [ 72.840391, 19.0291357 ], [ 72.8406851, 19.028966 ], [ 72.8409126, 19.0288249 ], [ 72.8411436, 19.0286816 ], [ 72.8413672, 19.0285586 ] ] } },
{ "type": "Feature", "properties": { "name": "Gopi Tank Marg", "highway": "residential", "slope_pct": 0.6 }, "geometry": { "type": "LineString", "coordinates": [ [ 72.8406851, 19.028966 ], [ 72.8407266, 19.0294387 ], [ 72.8407753, 19.0300271 ], [ 72.84085, 19.0305593 ], [ 72.840859, 19.0307508 ], [ 72.84088, 19.0309622 ], [ 72.8408828, 19.0309907 ], [ 72.8409006, 19.0311708 ], [ 72.8409208, 19.0313757 ], [ 72.8409595, 19.0317678 ] ] } },
{ "type": "Feature", "properties": { "name": "Khot Gali", "highway": "residential", "slope_pct": 0.6 }, "geometry": { "type": "LineString", "coordinates": [ [ 72.8415767, 19.0295415 ], [ 72.8412649, 19.0297279 ], [ 72.8407753, 19.0300271 ], [ 72.8405601, 19.0301102 ], [ 72.8404655, 19.0301162 ], [ 72.8399567, 19.0301482 ] ] } },
{ "type": "Feature", "properties": { "name": "MN Marg", "highway": "residential", "slope_pct": 0.6 }, "geometry": { "type": "LineString", "coordinates": [ [ 72.8420793, 19.0284646 ], [ 72.8422603, 19.0293183 ], [ 72.8423576, 19.0293978 ], [ 72.8427876, 19.0292998 ] ] } },
{ "type": "Feature", "properties": { "name": "Bhagat Gully", "highway": "residential", "slope_pct": 0.6 }, "geometry": { "type": "LineString", "coordinates": [ [ 72.8425285, 19.0284005 ], [ 72.8427876, 19.0292998 ] ] } },
{ "type": "Feature", "properties": { "name": "Pandurang Naik Marg", "highway": "residential", "slope_pct": 0.6 }, "geometry": { "type": "LineString", "coordinates": [ [ 72.839862, 19.029441 ], [ 72.8391872, 19.0298309 ], [ 72.8390459, 19.0299124 ], [ 72.8387201, 19.0301007 ], [ 72.8385262, 19.0302127 ], [ 72.8384989, 19.0302284 ] ] } },
{ "type": "Feature", "properties": { "name": "Arterial Link", "highway": "residential", "slope_pct": 0.6 }, "geometry": { "type": "LineString", "coordinates": [ [ 72.8407266, 19.0294387 ], [ 72.8412505, 19.0293601 ] ] } },
{ "type": "Feature", "properties": { "name": "Arterial Link", "highway": "residential", "slope_pct": 0.6 }, "geometry": { "type": "LineString", "coordinates": [ [ 72.8397398, 19.0301363 ], [ 72.8394241, 19.0301615 ], [ 72.8392265, 19.0302706 ], [ 72.8392192, 19.0302893 ], [ 72.8392382, 19.0303234 ], [ 72.8393098, 19.0304334 ], [ 72.8395151, 19.0303256 ], [ 72.8395875, 19.0303154 ], [ 72.839752, 19.0303145 ] ] } },
{ "type": "Feature", "properties": { "name": "Arterial Link", "highway": "residential", "slope_pct": 0.6 }, "geometry": { "type": "LineString", "coordinates": [ [ 72.839944, 19.0300532 ], [ 72.8398383, 19.0300784 ], [ 72.8397562, 19.0300875 ], [ 72.8397398, 19.0301363 ], [ 72.839752, 19.0303145 ], [ 72.8397625, 19.0305042 ], [ 72.8397652, 19.0305538 ] ] } },
{ "type": "Feature", "properties": { "name": "Pandurang Naik Marg", "highway": "residential", "slope_pct": 0.6 }, "geometry": { "type": "LineString", "coordinates": [ [ 72.8384121, 19.0302829 ], [ 72.8383814, 19.0303007 ], [ 72.8375272, 19.0307967 ], [ 72.8372574, 19.0309534 ] ] } },
{ "type": "Feature", "properties": { "name": "Dr Madhukar B. Raut Marg", "highway": "residential", "slope_pct": 0.6 }, "geometry": { "type": "LineString", "coordinates": [ [ 72.8381662, 19.0298187 ], [ 72.8369215, 19.0305191 ] ] } },
{ "type": "Feature", "properties": { "name": "Keluskar Road North", "highway": "residential", "slope_pct": 0.6 }, "geometry": { "type": "LineString", "coordinates": [ [ 72.8379836, 19.0292478 ], [ 72.8378819, 19.0293116 ] ] } },
{ "type": "Feature", "properties": { "name": "Swatantrya Veer Savarkar Marg", "highway": "secondary", "slope_pct": 0.6 }, "geometry": { "type": "LineString", "coordinates": [ [ 72.838715, 19.0320653 ], [ 72.8387156, 19.0320429 ], [ 72.8387248, 19.0318448 ], [ 72.838719, 19.0313967 ], [ 72.8387087, 19.0312955 ], [ 72.8386924, 19.0311351 ], [ 72.8386613, 19.030829 ], [ 72.8385518, 19.0303658 ], [ 72.8385117, 19.0302617 ], [ 72.8384989, 19.0302284 ] ] } },
{ "type": "Feature", "properties": { "name": "Pandurang Naik Marg", "highway": "residential", "slope_pct": 0.6 }, "geometry": { "type": "LineString", "coordinates": [ [ 72.8384989, 19.0302284 ], [ 72.8384121, 19.0302829 ] ] } },
{ "type": "Feature", "properties": { "name": "Swatantrya Veer Savarkar Marg", "highway": "secondary", "slope_pct": 0.6 }, "geometry": { "type": "LineString", "coordinates": [ [ 72.8378819, 19.0293116 ], [ 72.8381662, 19.0298187 ], [ 72.8383575, 19.0301723 ], [ 72.8383981, 19.0302546 ], [ 72.8384121, 19.0302829 ], [ 72.8384269, 19.0303151 ], [ 72.8384695, 19.0304082 ], [ 72.8385922, 19.030859 ], [ 72.8386106, 19.0311442 ], [ 72.8386258, 19.0313049 ], [ 72.8386369, 19.0314026 ], [ 72.8386302, 19.031849 ], [ 72.8386211, 19.0320461 ] ] } },
{ "type": "Feature", "properties": { "name": "Swatantrya Veer Savarkar Marg", "highway": "secondary", "slope_pct": 0.6 }, "geometry": { "type": "LineString", "coordinates": [ [ 72.8377237, 19.0290397 ], [ 72.8378819, 19.0293116 ] ] } },
{ "type": "Feature", "properties": { "name": "Swatantrya Veer Savarkar Marg", "highway": "secondary", "slope_pct": 0.6 }, "geometry": { "type": "LineString", "coordinates": [ [ 72.8384989, 19.0302284 ], [ 72.8384829, 19.0301997 ], [ 72.8384436, 19.030129 ], [ 72.8382575, 19.0297666 ], [ 72.8379836, 19.0292478 ] ] } },
{ "type": "Feature", "properties": { "name": "Keluskar Road North", "highway": "residential", "slope_pct": 0.6 }, "geometry": { "type": "LineString", "coordinates": [ [ 72.8382214, 19.0291103 ], [ 72.8379836, 19.0292478 ] ] } },
{ "type": "Feature", "properties": { "name": "Swatantrya Veer Savarkar Marg", "highway": "secondary", "slope_pct": 0.6 }, "geometry": { "type": "LineString", "coordinates": [ [ 72.8379836, 19.0292478 ], [ 72.8378221, 19.0289695 ] ] } },
{ "type": "Feature", "properties": { "name": "Arterial Link", "highway": "residential", "slope_pct": 0.6 }, "geometry": { "type": "LineString", "coordinates": [ [ 72.8402687, 19.0289302 ], [ 72.8403659, 19.0290935 ], [ 72.840391, 19.0291357 ] ] } },
{ "type": "Feature", "properties": { "name": "Dr Madhukar B. Raut Marg", "highway": "residential", "slope_pct": 0.6 }, "geometry": { "type": "LineString", "coordinates": [ [ 72.8404931, 19.0284662 ], [ 72.8404404, 19.0285045 ], [ 72.8398809, 19.028811 ], [ 72.8398093, 19.0288555 ], [ 72.8382575, 19.0297666 ] ] } },
{ "type": "Feature", "properties": { "name": "Arterial Link", "highway": "residential", "slope_pct": 0.6 }, "geometry": { "type": "LineString", "coordinates": [ [ 72.8387056, 19.0298865 ], [ 72.8386166, 19.0299401 ], [ 72.8386122, 19.0299512 ], [ 72.8386144, 19.0299602 ], [ 72.8386979, 19.0300712 ], [ 72.8387201, 19.0301007 ] ] } },
{ "type": "Feature", "properties": { "name": "Arterial Link", "highway": "residential", "slope_pct": 0.6 }, "geometry": { "type": "LineString", "coordinates": [ [ 72.838935, 19.029753 ], [ 72.8390134, 19.0298656 ], [ 72.839021, 19.0298767 ], [ 72.8390459, 19.0299124 ] ] } },
{ "type": "Feature", "properties": { "name": "Arterial Link", "highway": "residential", "slope_pct": 0.6 }, "geometry": { "type": "LineString", "coordinates": [ [ 72.8390674, 19.0296522 ], [ 72.8391551, 19.029783 ], [ 72.8391652, 19.0297981 ], [ 72.8391872, 19.0298309 ] ] } },
{ "type": "Feature", "properties": { "name": "Arterial Link", "highway": "residential", "slope_pct": 0.6 }, "geometry": { "type": "LineString", "coordinates": [ [ 72.8390134, 19.0298656 ], [ 72.8391551, 19.029783 ] ] } },
{ "type": "Feature", "properties": { "name": "Arterial Link", "highway": "residential", "slope_pct": 0.6 }, "geometry": { "type": "LineString", "coordinates": [ [ 72.8428634, 19.0295075 ], [ 72.8429199, 19.0294905 ], [ 72.8429387, 19.0294848 ], [ 72.8431943, 19.0294111 ] ] } },
{ "type": "Feature", "properties": { "name": "Arterial Link", "highway": "residential", "slope_pct": 0.6 }, "geometry": { "type": "LineString", "coordinates": [ [ 72.8428982, 19.0296116 ], [ 72.8429541, 19.0295952 ], [ 72.8429721, 19.0295899 ], [ 72.8432367, 19.0295123 ], [ 72.8432496, 19.029504 ], [ 72.8432541, 19.0294896 ], [ 72.843229, 19.0294148 ], [ 72.8432191, 19.0294083 ], [ 72.843207, 19.0294083 ], [ 72.8431943, 19.0294111 ] ] } },
{ "type": "Feature", "properties": { "name": "Arterial Link", "highway": "residential", "slope_pct": 0.6 }, "geometry": { "type": "LineString", "coordinates": [ [ 72.8429721, 19.0295899 ], [ 72.8429387, 19.0294848 ] ] } },
{ "type": "Feature", "properties": { "name": "Arterial Link", "highway": "residential", "slope_pct": 0.6 }, "geometry": { "type": "LineString", "coordinates": [ [ 72.8427841, 19.0296233 ], [ 72.8428587, 19.0296009 ], [ 72.8428914, 19.0295911 ] ] } },
{ "type": "Feature", "properties": { "name": "Arterial Link", "highway": "residential", "slope_pct": 0.6 }, "geometry": { "type": "LineString", "coordinates": [ [ 72.8404655, 19.0301162 ], [ 72.8404675, 19.0301789 ], [ 72.8404742, 19.0303651 ] ] } },
{ "type": "Feature", "properties": { "name": "Arterial Link", "highway": "residential", "slope_pct": 0.6 }, "geometry": { "type": "LineString", "coordinates": [ [ 72.8406271, 19.0302684 ], [ 72.840629, 19.0303607 ], [ 72.8404742, 19.0303651 ], [ 72.8403219, 19.0303697 ] ] } },
{ "type": "Feature", "properties": { "name": "Arterial Link", "highway": "residential", "slope_pct": 0.6 }, "geometry": { "type": "LineString", "coordinates": [ [ 72.840155, 19.0302285 ], [ 72.8401646, 19.0303531 ], [ 72.8401864, 19.0306644 ], [ 72.8401908, 19.0306737 ], [ 72.8402046, 19.0306797 ], [ 72.8403262, 19.0306695 ], [ 72.840336, 19.0306649 ], [ 72.8403384, 19.0306528 ], [ 72.8403219, 19.0303697 ], [ 72.8403208, 19.0303497 ], [ 72.8403129, 19.0303409 ], [ 72.8402997, 19.0303395 ], [ 72.8401646, 19.0303531 ] ] } },
{ "type": "Feature", "properties": { "name": "Arterial Link", "highway": "residential", "slope_pct": 0.6 }, "geometry": { "type": "LineString", "coordinates": [ [ 72.8407122, 19.0284848 ], [ 72.8406883, 19.0284513 ], [ 72.8406431, 19.0283905 ] ] } },
{ "type": "Feature", "properties": { "name": "Arterial Link", "highway": "residential", "slope_pct": 0.6 }, "geometry": { "type": "LineString", "coordinates": [ [ 72.8404404, 19.0285045 ], [ 72.8404851, 19.0285648 ], [ 72.8405099, 19.0285983 ] ] } },
{ "type": "Feature", "properties": { "name": "Arterial Link", "highway": "residential", "slope_pct": 0.6 }, "geometry": { "type": "LineString", "coordinates": [ [ 72.840841, 19.0287269 ], [ 72.8408834, 19.0287849 ], [ 72.8409126, 19.0288249 ] ] } },
{ "type": "Feature", "properties": { "name": "Arterial Link", "highway": "residential", "slope_pct": 0.6 }, "geometry": { "type": "LineString", "coordinates": [ [ 72.8399338, 19.0288929 ], [ 72.8399245, 19.0288784 ], [ 72.8398809, 19.028811 ] ] } },
{ "type": "Feature", "properties": { "name": "Arterial Link", "highway": "residential", "slope_pct": 0.6 }, "geometry": { "type": "LineString", "coordinates": [ [ 72.8398284, 19.0290675 ], [ 72.8399178, 19.0290289 ], [ 72.8399289, 19.0290242 ] ] } },
{ "type": "Feature", "properties": { "name": "Taikalwadi Marg", "highway": "residential", "slope_pct": 0.6 }, "geometry": { "type": "LineString", "coordinates": [ [ 72.841461, 19.0285527 ], [ 72.8413672, 19.0285586 ] ] } },
{ "type": "Feature", "properties": { "name": "Takandas H. Kataria Marg", "highway": "secondary", "slope_pct": 0.6 }, "geometry": { "type": "LineString", "coordinates": [ [ 72.8483386, 19.030429 ], [ 72.8481719, 19.0303368 ], [ 72.8480703, 19.0302969 ], [ 72.8479755, 19.0302871 ], [ 72.8477699, 19.0303204 ], [ 72.8459261, 19.0306878 ] ] } },
{ "type": "Feature", "properties": { "name": "Arterial Link", "highway": "residential", "slope_pct": 0.6 }, "geometry": { "type": "LineString", "coordinates": [ [ 72.8449551, 19.0298419 ], [ 72.844862, 19.0299364 ], [ 72.8447226, 19.03002 ] ] } },
{ "type": "Feature", "properties": { "name": "Arterial Link", "highway": "residential", "slope_pct": 0.6 }, "geometry": { "type": "LineString", "coordinates": [ [ 72.8444104, 19.0310028 ], [ 72.844382, 19.030716 ], [ 72.8443831, 19.0306711 ], [ 72.8444001, 19.0305875 ], [ 72.8444151, 19.0305057 ], [ 72.8444265, 19.0304391 ], [ 72.844425, 19.0303475 ], [ 72.8443879, 19.0301015 ], [ 72.8443585, 19.0299641 ], [ 72.8443462, 19.0299453 ], [ 72.8443336, 19.0299358 ], [ 72.8443164, 19.0299339 ] ] } },
{ "type": "Feature", "properties": { "name": "Arterial Link", "highway": "secondary_link", "slope_pct": 0.6 }, "geometry": { "type": "LineString", "coordinates": [ [ 72.8469558, 19.0297167 ], [ 72.8470512, 19.0296878 ] ] } },
{ "type": "Feature", "properties": { "name": "Arterial Link", "highway": "residential", "slope_pct": 0.6 }, "geometry": { "type": "LineString", "coordinates": [ [ 72.8439298, 19.0302122 ], [ 72.8443879, 19.0301015 ] ] } },
{ "type": "Feature", "properties": { "name": "Arterial Link", "highway": "residential", "slope_pct": 0.6 }, "geometry": { "type": "LineString", "coordinates": [ [ 72.8442383, 19.02906 ], [ 72.8440795, 19.0291092 ], [ 72.8439354, 19.0291658 ], [ 72.8438552, 19.029187 ], [ 72.843789, 19.0291832 ], [ 72.8437089, 19.0291444 ], [ 72.8435872, 19.0290779 ] ] } },
{ "type": "Feature", "properties": { "name": "Arterial Link", "highway": "residential", "slope_pct": 0.6 }, "geometry": { "type": "LineString", "coordinates": [ [ 72.8435974, 19.0303475 ], [ 72.8435815, 19.030344 ], [ 72.8435697, 19.0303272 ], [ 72.8434859, 19.0300677 ], [ 72.8434774, 19.0300418 ], [ 72.8434626, 19.0299968 ] ] } },
{ "type": "Feature", "properties": { "name": "Arterial Link", "highway": "residential", "slope_pct": 0.6 }, "geometry": { "type": "LineString", "coordinates": [ [ 72.8434859, 19.0300677 ], [ 72.8437382, 19.0299655 ] ] } },
{ "type": "Feature", "properties": { "name": "Arterial Link", "highway": "secondary_link", "slope_pct": 0.6 }, "geometry": { "type": "LineString", "coordinates": [ [ 72.8465869, 19.0284595 ], [ 72.8466805, 19.0284338 ] ] } },
{ "type": "Feature", "properties": { "name": "Arterial Link", "highway": "secondary_link", "slope_pct": 0.6 }, "geometry": { "type": "LineString", "coordinates": [ [ 72.846671, 19.0287461 ], [ 72.8467644, 19.0287176 ] ] } },
{ "type": "Feature", "properties": { "name": "Arterial Link", "highway": "secondary_link", "slope_pct": 0.6 }, "geometry": { "type": "LineString", "coordinates": [ [ 72.8467367, 19.0289701 ], [ 72.8468326, 19.0289482 ] ] } },
{ "type": "Feature", "properties": { "name": "Arterial Link", "highway": "residential", "slope_pct": 0.6 }, "geometry": { "type": "LineString", "coordinates": [ [ 72.8470726, 19.0301145 ], [ 72.8471689, 19.030086 ] ] } },
{ "type": "Feature", "properties": { "name": "Arterial Link", "highway": "residential", "slope_pct": 0.6 }, "geometry": { "type": "LineString", "coordinates": [ [ 72.8437475, 19.0299901 ], [ 72.8437382, 19.0299655 ], [ 72.8437279, 19.0299384 ], [ 72.8437091, 19.0298888 ] ] } },
{ "type": "Feature", "properties": { "name": "Arterial Link", "highway": "residential", "slope_pct": 0.6 }, "geometry": { "type": "LineString", "coordinates": [ [ 72.844425, 19.0303475 ], [ 72.8443205, 19.0303604 ], [ 72.8443033, 19.0303512 ], [ 72.8442905, 19.0303345 ], [ 72.8442675, 19.030322 ], [ 72.8441675, 19.0303391 ], [ 72.8441444, 19.0303493 ], [ 72.8441336, 19.0303609 ], [ 72.8441356, 19.0303864 ], [ 72.8441356, 19.0303985 ], [ 72.8441287, 19.0304068 ], [ 72.8440204, 19.0304314 ], [ 72.8440052, 19.03043 ], [ 72.8439919, 19.0304226 ], [ 72.8439749, 19.0304035 ], [ 72.8439298, 19.0302122 ], [ 72.8438946, 19.0300635 ], [ 72.8438984, 19.0300452 ], [ 72.8439088, 19.0300333 ], [ 72.8440058, 19.0300089 ], [ 72.8440191, 19.0300095 ], [ 72.8440254, 19.0300135 ], [ 72.8440405, 19.030055 ], [ 72.844047, 19.0300621 ], [ 72.8440558, 19.0300646 ], [ 72.8442051, 19.0300299 ], [ 72.8442123, 19.0300264 ], [ 72.8442157, 19.0300201 ], [ 72.8442058, 19.0299804 ], [ 72.8442066, 19.0299715 ], [ 72.8442117, 19.029965 ], [ 72.8443164, 19.0299339 ] ] } },
{ "type": "Feature", "properties": { "name": "Sir Bhalchandra Road", "highway": "residential", "slope_pct": 0.6 }, "geometry": { "type": "LineString", "coordinates": [ [ 72.8540381, 19.0269092 ], [ 72.8538841, 19.0267643 ], [ 72.85369, 19.0265818 ], [ 72.853411, 19.0263159 ], [ 72.853344, 19.0262511 ], [ 72.8531317, 19.0260462 ], [ 72.8529157, 19.0258378 ], [ 72.8527171, 19.0256459 ], [ 72.8524874, 19.0254241 ], [ 72.8520222, 19.0249747 ], [ 72.8515848, 19.0244706 ], [ 72.8506628, 19.023407 ], [ 72.850623, 19.0233611 ], [ 72.8505078, 19.0232386 ], [ 72.8502809, 19.0229972 ], [ 72.85016, 19.0228708 ] ] } },
{ "type": "Feature", "properties": { "name": "Bhimani Street", "highway": "residential", "slope_pct": 0.6 }, "geometry": { "type": "LineString", "coordinates": [ [ 72.8521201, 19.0265554 ], [ 72.8519025, 19.0267434 ], [ 72.8517408, 19.026883 ], [ 72.851171, 19.0274235 ] ] } },
{ "type": "Feature", "properties": { "name": "Matunga Station Road", "highway": "residential", "slope_pct": 0.6 }, "geometry": { "type": "LineString", "coordinates": [ [ 72.8516943, 19.026087 ], [ 72.8514905, 19.0262628 ], [ 72.8513042, 19.0264236 ], [ 72.8509847, 19.0267038 ], [ 72.8508153, 19.0268524 ] ] } },
{ "type": "Feature", "properties": { "name": "Deodhar Road", "highway": "residential", "slope_pct": 0.6 }, "geometry": { "type": "LineString", "coordinates": [ [ 72.852717, 19.0243793 ], [ 72.8526677, 19.0244225 ], [ 72.8523886, 19.0246504 ], [ 72.8520222, 19.0249747 ], [ 72.851349, 19.0255788 ] ] } },
{ "type": "Feature", "properties": { "name": "U Bhat Marg", "highway": "residential", "slope_pct": 0.6 }, "geometry": { "type": "LineString", "coordinates": [ [ 72.8515848, 19.0244706 ], [ 72.8507918, 19.0251382 ] ] } },
{ "type": "Feature", "properties": { "name": "Bhandarkar Road", "highway": "tertiary", "slope_pct": 0.6 }, "geometry": { "type": "LineString", "coordinates": [ [ 72.8500744, 19.0256042 ], [ 72.8500807, 19.0256463 ] ] } },
{ "type": "Feature", "properties": { "name": "Dr Babasaheb Ambedkar Marg (Vincent Road)", "highway": "trunk", "slope_pct": 0.6 }, "geometry": { "type": "LineString", "coordinates": [ [ 72.8551039, 19.0263695 ], [ 72.8549772, 19.0262428 ], [ 72.8546684, 19.025944 ], [ 72.8541663, 19.0254253 ], [ 72.8539831, 19.0252363 ], [ 72.8539362, 19.0251872 ], [ 72.853775, 19.0250138 ], [ 72.8537472, 19.0249858 ], [ 72.8535717, 19.0248088 ], [ 72.8533625, 19.0245937 ], [ 72.8530999, 19.0243236 ], [ 72.8530589, 19.0242837 ], [ 72.8526997, 19.0238917 ], [ 72.8526702, 19.0238595 ], [ 72.8524796, 19.0236514 ], [ 72.8521922, 19.0233262 ], [ 72.8521028, 19.0232335 ], [ 72.8520732, 19.0231971 ], [ 72.8519209, 19.0230022 ], [ 72.8517244, 19.022771 ], [ 72.8517024, 19.0227441 ], [ 72.8515398, 19.022532 ], [ 72.8511283, 19.0220005 ] ] } },
{ "type": "Feature", "properties": { "name": "Arterial Link", "highway": "residential", "slope_pct": 0.6 }, "geometry": { "type": "LineString", "coordinates": [ [ 72.8516929, 19.0283746 ], [ 72.8521716, 19.0279968 ] ] } },
{ "type": "Feature", "properties": { "name": "Lady Jehangir Road", "highway": "tertiary", "slope_pct": 0.6 }, "geometry": { "type": "LineString", "coordinates": [ [ 72.8500245, 19.0229302 ], [ 72.8500572, 19.0229521 ], [ 72.8500972, 19.0229556 ], [ 72.8501335, 19.0229396 ], [ 72.8501565, 19.0229086 ], [ 72.85016, 19.0228708 ] ] } },
{ "type": "Feature", "properties": { "name": "U Bhat Marg", "highway": "residential", "slope_pct": 0.6 }, "geometry": { "type": "LineString", "coordinates": [ [ 72.8507918, 19.0251382 ], [ 72.8501834, 19.0257219 ] ] } },
{ "type": "Feature", "properties": { "name": "Lady Jehangir Road", "highway": "tertiary", "slope_pct": 0.6 }, "geometry": { "type": "LineString", "coordinates": [ [ 72.8507184, 19.0222284 ], [ 72.8500692, 19.0226462 ] ] } },
{ "type": "Feature", "properties": { "name": "Bhandarkar Road", "highway": "tertiary", "slope_pct": 0.6 }, "geometry": { "type": "LineString", "coordinates": [ [ 72.854823, 19.0270457 ], [ 72.8547217, 19.0270791 ], [ 72.8541692, 19.0272611 ], [ 72.854133, 19.027274 ], [ 72.8534155, 19.0275308 ], [ 72.8532241, 19.0275993 ], [ 72.8529032, 19.0277142 ], [ 72.8525886, 19.0278184 ], [ 72.8516856, 19.0281023 ] ] } },
{ "type": "Feature", "properties": { "name": "Arterial Link", "highway": "residential", "slope_pct": 0.6 }, "geometry": { "type": "LineString", "coordinates": [ [ 72.8505531, 19.0228096 ], [ 72.8510417, 19.0224831 ], [ 72.8510963, 19.0224462 ] ] } },
{ "type": "Feature", "properties": { "name": "Arterial Link", "highway": "residential", "slope_pct": 0.6 }, "geometry": { "type": "LineString", "coordinates": [ [ 72.8519851, 19.0225855 ], [ 72.8518265, 19.0223963 ], [ 72.8518257, 19.022362 ], [ 72.8518464, 19.022348 ] ] } },
{ "type": "Feature", "properties": { "name": "Lakhamsi Nappu Road", "highway": "tertiary", "slope_pct": 0.6 }, "geometry": { "type": "LineString", "coordinates": [ [ 72.8516856, 19.0281023 ], [ 72.8516188, 19.0280435 ], [ 72.8514885, 19.0279063 ], [ 72.851171, 19.0274235 ], [ 72.8509721, 19.0271316 ], [ 72.8508153, 19.0268524 ], [ 72.8504982, 19.0262748 ], [ 72.8501834, 19.0257219 ] ] } },
{ "type": "Feature", "properties": { "name": "Sir Bhalchandra Road", "highway": "tertiary", "slope_pct": 0.6 }, "geometry": { "type": "LineString", "coordinates": [ [ 72.85016, 19.0228708 ], [ 72.8501188, 19.0228125 ], [ 72.8500344, 19.0226988 ], [ 72.8499194, 19.0225542 ] ] } },
{ "type": "Feature", "properties": { "name": "Lady Jehangir Road", "highway": "tertiary", "slope_pct": 0.6 }, "geometry": { "type": "LineString", "coordinates": [ [ 72.8508854, 19.0221655 ], [ 72.8511283, 19.0220005 ] ] } },
{ "type": "Feature", "properties": { "name": "Dr Babasaheb Ambedkar Marg (Vincent Road)", "highway": "trunk", "slope_pct": 0.6 }, "geometry": { "type": "LineString", "coordinates": [ [ 72.8508854, 19.0221655 ], [ 72.8510963, 19.0224462 ], [ 72.8514038, 19.0228535 ], [ 72.8516033, 19.0230738 ], [ 72.851928, 19.0234851 ], [ 72.8521369, 19.023729 ], [ 72.8524718, 19.0241201 ], [ 72.852717, 19.0243793 ], [ 72.8535737, 19.025266 ], [ 72.8539879, 19.0256912 ], [ 72.8541121, 19.0258131 ], [ 72.8541996, 19.0258991 ], [ 72.8544126, 19.0261114 ], [ 72.8546859, 19.0263979 ], [ 72.854729, 19.0264636 ], [ 72.8548297, 19.0266746 ] ] } },
{ "type": "Feature", "properties": { "name": "Chandavarkar Marg", "highway": "residential", "slope_pct": 0.6 }, "geometry": { "type": "LineString", "coordinates": [ [ 72.8525219, 19.0269659 ], [ 72.8514885, 19.0279063 ] ] } },
{ "type": "Feature", "properties": { "name": "Matunga Station Road", "highway": "residential", "slope_pct": 0.6 }, "geometry": { "type": "LineString", "coordinates": [ [ 72.8524874, 19.0254241 ], [ 72.8521001, 19.0257509 ], [ 72.8519031, 19.0259141 ], [ 72.8516943, 19.026087 ] ] } },
{ "type": "Feature", "properties": { "name": "Arterial Link", "highway": "residential", "slope_pct": 0.6 }, "geometry": { "type": "LineString", "coordinates": [ [ 72.8504368, 19.0263241 ], [ 72.8504982, 19.0262748 ] ] } },
{ "type": "Feature", "properties": { "name": "Arterial Link", "highway": "residential", "slope_pct": 0.6 }, "geometry": { "type": "LineString", "coordinates": [ [ 72.8521369, 19.023729 ], [ 72.8520923, 19.0237611 ], [ 72.8517562, 19.0239708 ] ] } },
{ "type": "Feature", "properties": { "name": "Arterial Link", "highway": "residential", "slope_pct": 0.6 }, "geometry": { "type": "LineString", "coordinates": [ [ 72.8517244, 19.022771 ], [ 72.8517881, 19.0227254 ], [ 72.8519851, 19.0225855 ] ] } },
{ "type": "Feature", "properties": { "name": "Arterial Link", "highway": "residential", "slope_pct": 0.6 }, "geometry": { "type": "LineString", "coordinates": [ [ 72.8515398, 19.022532 ], [ 72.8515767, 19.022507 ], [ 72.8516363, 19.0224644 ], [ 72.8518023, 19.0223544 ], [ 72.8518089, 19.0223382 ], [ 72.8518049, 19.022321 ], [ 72.8516844, 19.0221748 ], [ 72.8516677, 19.0221725 ], [ 72.8516542, 19.0221763 ], [ 72.8515075, 19.0222827 ], [ 72.8515019, 19.0222962 ], [ 72.8515035, 19.0223105 ], [ 72.8516363, 19.0224644 ] ] } },
{ "type": "Feature", "properties": { "name": "Telang Road", "highway": "residential", "slope_pct": 0.6 }, "geometry": { "type": "LineString", "coordinates": [ [ 72.850623, 19.0233611 ], [ 72.8503968, 19.0235277 ], [ 72.8507918, 19.0251382 ], [ 72.8512062, 19.0255757 ] ] } },
{ "type": "Feature", "properties": { "name": "Arterial Link", "highway": "residential", "slope_pct": 0.6 }, "geometry": { "type": "LineString", "coordinates": [ [ 72.8514905, 19.0262628 ], [ 72.8514957, 19.0263834 ], [ 72.8515442, 19.0264886 ], [ 72.8516131, 19.026591 ], [ 72.8517335, 19.0266834 ], [ 72.8519025, 19.0267434 ] ] } },
{ "type": "Feature", "properties": { "name": "Telang Road", "highway": "residential", "slope_pct": 0.6 }, "geometry": { "type": "LineString", "coordinates": [ [ 72.8512734, 19.0256466 ], [ 72.8516943, 19.026087 ], [ 72.851999, 19.0264134 ], [ 72.8521201, 19.0265554 ] ] } },
{ "type": "Feature", "properties": { "name": "Telang Road", "highway": "residential", "slope_pct": 0.6 }, "geometry": { "type": "LineString", "coordinates": [ [ 72.8512062, 19.0255757 ], [ 72.8512734, 19.0256466 ] ] } },
{ "type": "Feature", "properties": { "name": "Deodhar Road", "highway": "residential", "slope_pct": 0.6 }, "geometry": { "type": "LineString", "coordinates": [ [ 72.8512734, 19.0256466 ], [ 72.8504982, 19.0262748 ] ] } },
{ "type": "Feature", "properties": { "name": "Deodhar Road", "highway": "residential", "slope_pct": 0.6 }, "geometry": { "type": "LineString", "coordinates": [ [ 72.851349, 19.0255788 ], [ 72.8512734, 19.0256466 ] ] } },
{ "type": "Feature", "properties": { "name": "Dr Babasaheb Ambedkar Marg (Vincent Road)", "highway": "trunk", "slope_pct": 0.6 }, "geometry": { "type": "LineString", "coordinates": [ [ 72.8507172, 19.0219372 ], [ 72.850841, 19.0221052 ] ] } },
{ "type": "Feature", "properties": { "name": "Lady Jehangir Road", "highway": "tertiary", "slope_pct": 0.6 }, "geometry": { "type": "LineString", "coordinates": [ [ 72.8507184, 19.0222284 ], [ 72.8508085, 19.0222153 ], [ 72.8508388, 19.0221972 ], [ 72.8508854, 19.0221655 ] ] } },
{ "type": "Feature", "properties": { "name": "Arterial Link", "highway": "tertiary", "slope_pct": 0.6 }, "geometry": { "type": "LineString", "coordinates": [ [ 72.8510831, 19.0219392 ], [ 72.850841, 19.0221052 ] ] } },
{ "type": "Feature", "properties": { "name": "Arterial Link", "highway": "residential", "slope_pct": 0.6 }, "geometry": { "type": "LineString", "coordinates": [ [ 72.8498571, 19.0260173 ], [ 72.8498799, 19.0260666 ], [ 72.8498892, 19.0260766 ], [ 72.8499069, 19.0260813 ], [ 72.8500184, 19.0260357 ], [ 72.8500284, 19.026025 ], [ 72.8500284, 19.0260135 ], [ 72.8499974, 19.0259544 ] ] } },
{ "type": "Feature", "properties": { "name": "Lakhamsi Nappu Road", "highway": "tertiary", "slope_pct": 0.6 }, "geometry": { "type": "LineString", "coordinates": [ [ 72.8501331, 19.0255863 ], [ 72.8500865, 19.0255502 ] ] } },
{ "type": "Feature", "properties": { "name": "Bhandarkar Road", "highway": "tertiary", "slope_pct": 0.6 }, "geometry": { "type": "LineString", "coordinates": [ [ 72.8500865, 19.0255502 ], [ 72.8500744, 19.0256042 ] ] } },
{ "type": "Feature", "properties": { "name": "Bhandarkar Road", "highway": "tertiary", "slope_pct": 0.6 }, "geometry": { "type": "LineString", "coordinates": [ [ 72.8516649, 19.0281875 ], [ 72.8521716, 19.0279968 ], [ 72.8526208, 19.0278507 ], [ 72.852923, 19.0277491 ], [ 72.8541653, 19.0273062 ], [ 72.8547336, 19.0271153 ], [ 72.8548364, 19.0270808 ] ] } },
{ "type": "Feature", "properties": { "name": "U Bhat Marg", "highway": "residential", "slope_pct": 0.6 }, "geometry": { "type": "LineString", "coordinates": [ [ 72.8501834, 19.0257219 ], [ 72.850134, 19.0257877 ] ] } },
{ "type": "Feature", "properties": { "name": "Lakhamsi Nappu Road", "highway": "tertiary", "slope_pct": 0.6 }, "geometry": { "type": "LineString", "coordinates": [ [ 72.8501834, 19.0257219 ], [ 72.8501331, 19.0255863 ] ] } },
{ "type": "Feature", "properties": { "name": "Bhandarkar Road", "highway": "tertiary", "slope_pct": 0.6 }, "geometry": { "type": "LineString", "coordinates": [ [ 72.8500807, 19.0256463 ], [ 72.850134, 19.0257877 ] ] } },
{ "type": "Feature", "properties": { "name": "Bhandarkar Road", "highway": "tertiary", "slope_pct": 0.6 }, "geometry": { "type": "LineString", "coordinates": [ [ 72.850134, 19.0257877 ], [ 72.8501543, 19.0258449 ], [ 72.8501765, 19.0258797 ], [ 72.8502924, 19.0260706 ], [ 72.8504368, 19.0263241 ], [ 72.8505795, 19.0265881 ], [ 72.850806, 19.0270012 ], [ 72.8508858, 19.0271247 ], [ 72.8513099, 19.0278458 ], [ 72.851545, 19.0281562 ], [ 72.85159, 19.028183 ], [ 72.8516649, 19.0281875 ] ] } },
{ "type": "Feature", "properties": { "name": "Laxmi Narayan Lane", "highway": "residential", "slope_pct": 0.6 }, "geometry": { "type": "LineString", "coordinates": [ [ 72.8516856, 19.0281023 ], [ 72.8516649, 19.0281875 ] ] } },
{ "type": "Feature", "properties": { "name": "Arterial Link", "highway": "residential", "slope_pct": 0.6 }, "geometry": { "type": "LineString", "coordinates": [ [ 72.8509847, 19.0267038 ], [ 72.8509555, 19.0266568 ], [ 72.8509262, 19.0266098 ] ] } },
{ "type": "Feature", "properties": { "name": "Dr Babasaheb Ambedkar Marg (Vincent Road)", "highway": "trunk", "slope_pct": 0.6 }, "geometry": { "type": "LineString", "coordinates": [ [ 72.850841, 19.0221052 ], [ 72.8508854, 19.0221655 ] ] } },
{ "type": "Feature", "properties": { "name": "Arterial Link", "highway": "tertiary", "slope_pct": 0.6 }, "geometry": { "type": "LineString", "coordinates": [ [ 72.850841, 19.0221052 ], [ 72.8507919, 19.0221391 ], [ 72.8507671, 19.0221562 ], [ 72.8507184, 19.0222284 ] ] } },
{ "type": "Feature", "properties": { "name": "Dr Babasaheb Ambedkar Marg (Vincent Road)", "highway": "trunk", "slope_pct": 0.6 }, "geometry": { "type": "LineString", "coordinates": [ [ 72.8511283, 19.0220005 ], [ 72.8510831, 19.0219392 ] ] } },
{ "type": "Feature", "properties": { "name": "Laxmi Narayan Lane", "highway": "residential", "slope_pct": 0.6 }, "geometry": { "type": "LineString", "coordinates": [ [ 72.8516649, 19.0281875 ], [ 72.8516929, 19.0283746 ], [ 72.8521548, 19.0291074 ], [ 72.8522953, 19.0292274 ], [ 72.8523961, 19.0292758 ], [ 72.8525885, 19.0293682 ], [ 72.8528326, 19.0295345 ], [ 72.8528783, 19.0295656 ], [ 72.8529322, 19.0296335 ], [ 72.8529605, 19.029669 ], [ 72.8533551, 19.0303407 ] ] } },
{ "type": "Feature", "properties": { "name": "Arterial Link", "highway": "residential", "slope_pct": 0.6 }, "geometry": { "type": "LineString", "coordinates": [ [ 72.8516929, 19.0283746 ], [ 72.851267, 19.0286448 ] ] } },
{ "type": "Feature", "properties": { "name": "Scheme 6 Road no.1", "highway": "residential", "slope_pct": 0.6 }, "geometry": { "type": "LineString", "coordinates": [ [ 72.8539747, 19.030099 ], [ 72.8533551, 19.0303407 ], [ 72.8529891, 19.0305177 ], [ 72.8526692, 19.0306701 ], [ 72.8522654, 19.0301012 ], [ 72.8522204, 19.0300378 ], [ 72.8521979, 19.0300061 ], [ 72.8519996, 19.029716 ], [ 72.8518828, 19.0295453 ], [ 72.851267, 19.0286448 ] ] } }
]
}
