{
"type": "FeatureCollection",
"name": "roads_27.13_78.04",
"crs": { "type": "name", "properties": { "name": "urn:ogc:def:crs:OGC:1.3:CRS84" } },
"features": [
{ "type": "Feature", "properties": { "name": "Maruti City Road", "highway": "residential", "slope_pct": 0.6 }, "geometry": { "type": "LineString", "coordinates": [ [ 78.0410034, 27.1263786 ], [ 78.0417668, 27.1272029 ], [ 78.0419181, 27.1273663 ], [ 78.0422907, 27.1277686 ], [ 78.042353, 27.1278357 ], [ 78.0423697, 27.1278608 ], [ 78.042726, 27.1283958 ], [ 78.0427631, 27.1284515 ], [ 78.0429518, 27.1287349 ], [ 78.0430397, 27.1288669 ], [ 78.043654, 27.1297725 ], [ 78.0439625, 27.1302631 ], [ 78.0440534, 27.1304078 ], [ 78.0442046, 27.1306481 ], [ 78.044349, 27.1308778 ], [ 78.0445771, 27.1312406 ], [ 78.0447268, 27.1314786 ], [ 78.0447666, 27.1315526 ], [ 78.0451143, 27.132199 ], [ 78.045184, 27.1323014 ], [ 78.0453871, 27.1325997 ], [ 78.0455337, 27.1328151 ], [ 78.0457051, 27.1330669 ], [ 78.0457494, 27.1331319 ], [ 78.0461299, 27.1338764 ], [ 78.0462005, 27.1339847 ], [ 78.0463898, 27.1342749 ], [ 78.0466474, 27.1345512 ], [ 78.0468472, 27.1348364 ], [ 78.0469929, 27.1350895 ], [ 78.0472248, 27.1354922 ], [ 78.0474248, 27.1358797 ], [ 78.0476221, 27.1362026 ], [ 78.0476831, 27.1362828 ], [ 78.0478277, 27.1365131 ], [ 78.0483008, 27.1370349 ], [ 78.0485419, 27.1372617 ] ] } },
{ "type": "Feature", "properties": { "name": "Shamsabad Road", "highway": "secondary", "slope_pct": 0.6 }, "geometry": { "type": "LineString", "coordinates": [ [ 78.064863, 27.1132189 ], [ 78.0643597, 27.1140498 ], [ 78.0636326, 27.1152462 ], [ 78.0627817, 27.1166557 ], [ 78.0609048, 27.1197555 ], [ 78.0607512, 27.1200092 ], [ 78.060534, 27.1203622 ], [ 78.0601383, 27.1210054 ], [ 78.0600349, 27.12119 ], [ 78.0599662, 27.1212851 ], [ 78.059766, 27.121584 ], [ 78.059467, 27.1220305 ], [ 78.0591109, 27.1225621 ], [ 78.0590314, 27.1226755 ], [ 78.058698, 27.1231508 ], [ 78.0585667, 27.123325 ], [ 78.0584444, 27.1234906 ], [ 78.0582077, 27.1238131 ], [ 78.0577233, 27.1245405 ], [ 78.0576712, 27.1246148 ], [ 78.0576179, 27.1246774 ], [ 78.0574981, 27.124826 ], [ 78.0573399, 27.1250392 ], [ 78.0572371, 27.1251918 ], [ 78.056932, 27.1256419 ], [ 78.0568922, 27.1256958 ], [ 78.0560441, 27.1268455 ], [ 78.0559555, 27.1269611 ], [ 78.0554138, 27.1276972 ], [ 78.0545309, 27.1288969 ], [ 78.0542538, 27.1292783 ], [ 78.0540942, 27.1294979 ], [ 78.0539997, 27.1296353 ], [ 78.0538068, 27.1299158 ], [ 78.0533681, 27.1305535 ], [ 78.0531123, 27.1309254 ], [ 78.0517575, 27.1328254 ], [ 78.0517059, 27.1328977 ], [ 78.0513392, 27.1334216 ], [ 78.0513023, 27.1334672 ], [ 78.0512831, 27.1334965 ], [ 78.0502287, 27.1349693 ], [ 78.0497113, 27.135695 ], [ 78.0493207, 27.1362427 ], [ 78.0488061, 27.1368956 ], [ 78.0485419, 27.1372617 ], [ 78.0480408, 27.1379496 ], [ 78.0477537, 27.1383506 ], [ 78.0475114, 27.1386689 ], [ 78.047221, 27.1390643 ], [ 78.0469255, 27.1394696 ], [ 78.0468477, 27.1395784 ], [ 78.0465875, 27.1399187 ], [ 78.0463504, 27.1402453 ], [ 78.0461853, 27.1404708 ], [ 78.0461171, 27.1405677 ], [ 78.0458292, 27.1409903 ], [ 78.0455484, 27.1413671 ], [ 78.0454623, 27.1414815 ], [ 78.0451249, 27.1419011 ], [ 78.0445997, 27.1424602 ], [ 78.0443822, 27.1426803 ], [ 78.0435303, 27.1434422 ], [ 78.042786, 27.1439848 ], [ 78.0423168, 27.1443368 ], [ 78.0421094, 27.1444878 ], [ 78.0419148, 27.1446525 ], [ 78.041873, 27.1446881 ], [ 78.0418259, 27.1447274 ], [ 78.0416042, 27.1449007 ], [ 78.0407047, 27.1456384 ], [ 78.0403892, 27.1459003 ], [ 78.0398827, 27.1463074 ], [ 78.0395109, 27.1466192 ], [ 78.0392705, 27.1468246 ], [ 78.038828, 27.1471895 ], [ 78.0386315, 27.1473467 ], [ 78.0375883, 27.1481948 ], [ 78.0374823, 27.1482906 ], [ 78.0374254, 27.1483358 ], [ 78.0373317, 27.1484102 ], [ 78.0369332, 27.1487716 ], [ 78.0364578, 27.1491651 ], [ 78.0362254, 27.1493575 ], [ 78.0359927, 27.14955 ], [ 78.0354179, 27.1500453 ], [ 78.0349483, 27.1504234 ], [ 78.0349085, 27.1504554 ] ] } },
{ "type": "Feature", "properties": { "name": "Urban Corridor", "highway": "residential", "slope_pct": 0.6 }, "geometry": { "type": "LineString", "coordinates": [ [ 78.0517059, 27.1328977 ], [ 78.0512974, 27.132401 ], [ 78.0511628, 27.1322372 ], [ 78.0507385, 27.1317212 ], [ 78.0500629, 27.1308996 ], [ 78.0499682, 27.1307844 ], [ 78.0491959, 27.1297589 ], [ 78.0489486, 27.1294306 ], [ 78.0501614, 27.1287022 ], [ 78.0501855, 27.1286784 ], [ 78.0501895, 27.1286503 ], [ 78.0501828, 27.128605 ], [ 78.0497597, 27.1280458 ] ] } },
{ "type": "Feature", "properties": { "name": "Urban Corridor", "highway": "residential", "slope_pct": 0.6 }, "geometry": { "type": "LineString", "coordinates": [ [ 78.0488058, 27.1208982 ], [ 78.0491289, 27.1207008 ], [ 78.0494346, 27.1205159 ], [ 78.0497273, 27.1203294 ], [ 78.0500446, 27.1207524 ], [ 78.0500755, 27.1207725 ], [ 78.0501128, 27.1207787 ], [ 78.0501551, 27.1207599 ], [ 78.0504197, 27.1205867 ], [ 78.0504514, 27.1205845 ], [ 78.0504776, 27.120589 ], [ 78.0504971, 27.1205996 ], [ 78.0507237, 27.120858 ], [ 78.0507669, 27.1209114 ], [ 78.051169, 27.1213716 ], [ 78.0515965, 27.1219212 ] ] } },
{ "type": "Feature", "properties": { "name": "Urban Corridor", "highway": "residential", "slope_pct": 0.6 }, "geometry": { "type": "LineString", "coordinates": [ [ 78.0559555, 27.1269611 ], [ 78.0557723, 27.1267522 ], [ 78.0554822, 27.1263696 ], [ 78.0547502, 27.1254979 ], [ 78.0543116, 27.1249756 ], [ 78.0541343, 27.1247712 ], [ 78.0530096, 27.1254503 ], [ 78.05274, 27.1256131 ], [ 78.052618, 27.1256904 ], [ 78.0524799, 27.125778 ], [ 78.0524082, 27.1258225 ], [ 78.0516729, 27.1262898 ], [ 78.0511665, 27.1266051 ] ] } },
{ "type": "Feature", "properties": { "name": "Urban Corridor", "highway": "residential", "slope_pct": 0.6 }, "geometry": { "type": "LineString", "coordinates": [ [ 78.0553416, 27.1239798 ], [ 78.0556822, 27.1236652 ], [ 78.0559404, 27.1235144 ], [ 78.0562025, 27.1234199 ], [ 78.0562443, 27.1234121 ], [ 78.0562671, 27.1234158 ], [ 78.0562889, 27.1234233 ], [ 78.0563467, 27.1234669 ], [ 78.0563557, 27.1234715 ], [ 78.056366, 27.1234725 ], [ 78.0563875, 27.12347 ], [ 78.0564659, 27.1234594 ], [ 78.0565491, 27.1234349 ], [ 78.0566563, 27.1233908 ], [ 78.0567462, 27.12334 ], [ 78.0568274, 27.1232925 ], [ 78.0572401, 27.1230423 ], [ 78.0573028, 27.1230126 ], [ 78.0573333, 27.1230026 ], [ 78.0573632, 27.1230017 ], [ 78.0573886, 27.1230166 ], [ 78.0574609, 27.1230886 ], [ 78.0577434, 27.1233606 ], [ 78.0580116, 27.1236302 ], [ 78.0582077, 27.1238131 ] ] } },
{ "type": "Feature", "properties": { "name": "Urban Corridor", "highway": "residential", "slope_pct": 0.6 }, "geometry": { "type": "LineString", "coordinates": [ [ 78.0606976, 27.1111449 ], [ 78.0601425, 27.1108361 ], [ 78.0601029, 27.1108207 ], [ 78.0600642, 27.1108198 ], [ 78.0600246, 27.1108297 ], [ 78.0591096, 27.1113155 ], [ 78.0586435, 27.1115521 ], [ 78.0580144, 27.1118434 ], [ 78.0572754, 27.1121915 ], [ 78.0567548, 27.1124708 ], [ 78.0559352, 27.1128808 ], [ 78.0549801, 27.1133731 ], [ 78.0537908, 27.1139545 ], [ 78.0536415, 27.1140293 ], [ 78.0528681, 27.1144166 ], [ 78.051802, 27.114939 ], [ 78.0507106, 27.115466 ], [ 78.0504972, 27.1155739 ], [ 78.0501543, 27.115749 ], [ 78.049703, 27.1159794 ], [ 78.0492199, 27.116219 ], [ 78.0491571, 27.116271 ], [ 78.049119, 27.1163324 ], [ 78.0490889, 27.1164002 ], [ 78.0490382, 27.1166183 ], [ 78.0490356, 27.1166436 ], [ 78.0490428, 27.1166649 ], [ 78.049057, 27.1166818 ], [ 78.0494888, 27.1169463 ], [ 78.0495232, 27.1169588 ], [ 78.0495512, 27.1169614 ], [ 78.0497275, 27.1169074 ], [ 78.0498104, 27.1169084 ], [ 78.0498501, 27.1169188 ], [ 78.0499041, 27.1169451 ], [ 78.0504293, 27.1175933 ], [ 78.0510988, 27.118476 ], [ 78.0519929, 27.1196018 ], [ 78.0524698, 27.120211 ], [ 78.0530483, 27.1209501 ], [ 78.053874, 27.1219705 ], [ 78.0543278, 27.1225879 ], [ 78.0547185, 27.1230732 ], [ 78.0552977, 27.1239339 ], [ 78.0553416, 27.1239798 ], [ 78.0553683, 27.1240077 ], [ 78.0560177, 27.1246837 ], [ 78.0566244, 27.1253153 ], [ 78.056932, 27.1256419 ] ] } },
{ "type": "Feature", "properties": { "name": "Urban Corridor", "highway": "residential", "slope_pct": 0.6 }, "geometry": { "type": "LineString", "coordinates": [ [ 78.0495512, 27.1169614 ], [ 78.0492871, 27.1173514 ], [ 78.0488365, 27.1181604 ], [ 78.0487546, 27.1183208 ], [ 78.048595, 27.118658 ], [ 78.0484674, 27.118831 ], [ 78.0482955, 27.1190282 ], [ 78.0482074, 27.1191293 ], [ 78.0479711, 27.1194212 ], [ 78.0477062, 27.1197044 ], [ 78.0475558, 27.1198673 ], [ 78.0465312, 27.1207814 ], [ 78.0459759, 27.1212754 ], [ 78.0456576, 27.1216044 ], [ 78.0456319, 27.1216309 ], [ 78.0456097, 27.1216483 ], [ 78.0449687, 27.1221499 ], [ 78.0445286, 27.1225184 ], [ 78.0433409, 27.1235129 ], [ 78.0432511, 27.1235845 ], [ 78.0427487, 27.124007 ], [ 78.0425693, 27.1242342 ], [ 78.0424938, 27.1243599 ], [ 78.0419306, 27.1252977 ], [ 78.0418843, 27.125354 ], [ 78.0410034, 27.1263786 ], [ 78.0409042, 27.1264945 ], [ 78.0406821, 27.126719 ], [ 78.0403741, 27.1270328 ], [ 78.0400028, 27.1273704 ], [ 78.0396231, 27.1277476 ], [ 78.0392905, 27.128078 ], [ 78.0389824, 27.1283546 ], [ 78.0387129, 27.1285998 ], [ 78.0385423, 27.1287501 ] ] } },
{ "type": "Feature", "properties": { "name": "Urban Corridor", "highway": "residential", "slope_pct": 0.6 }, "geometry": { "type": "LineString", "coordinates": [ [ 78.0507419, 27.1224498 ], [ 78.05101, 27.1227975 ] ] } },
{ "type": "Feature", "properties": { "name": "Urban Corridor", "highway": "residential", "slope_pct": 0.6 }, "geometry": { "type": "LineString", "coordinates": [ [ 78.0507927, 27.1238234 ], [ 78.0502403, 27.1241952 ] ] } },
{ "type": "Feature", "properties": { "name": "Urban Corridor", "highway": "residential", "slope_pct": 0.6 }, "geometry": { "type": "LineString", "coordinates": [ [ 78.0524459, 27.1273571 ], [ 78.0536875, 27.1289808 ], [ 78.0540942, 27.1294979 ] ] } },
{ "type": "Feature", "properties": { "name": "Urban Corridor", "highway": "residential", "slope_pct": 0.6 }, "geometry": { "type": "LineString", "coordinates": [ [ 78.0489486, 27.1294306 ], [ 78.0482818, 27.1298701 ], [ 78.0482617, 27.1298767 ], [ 78.0482483, 27.1298761 ], [ 78.0482201, 27.1298701 ], [ 78.048194, 27.1298546 ] ] } },
{ "type": "Feature", "properties": { "name": "Urban Corridor", "highway": "residential", "slope_pct": 0.6 }, "geometry": { "type": "LineString", "coordinates": [ [ 78.0441114, 27.1264649 ], [ 78.0440788, 27.1264846 ], [ 78.0440707, 27.126518 ], [ 78.0440734, 27.1265371 ], [ 78.0440868, 27.1265538 ], [ 78.044111, 27.1265681 ], [ 78.0441485, 27.1265681 ], [ 78.0442183, 27.126524 ], [ 78.0445482, 27.1263043 ], [ 78.0450551, 27.1259678 ], [ 78.0455634, 27.1256694 ], [ 78.0458857, 27.1254862 ], [ 78.0460534, 27.1253766 ], [ 78.0466309, 27.1250421 ], [ 78.0467109, 27.1249621 ] ] } },
{ "type": "Feature", "properties": { "name": "Urban Corridor", "highway": "residential", "slope_pct": 0.6 }, "geometry": { "type": "LineString", "coordinates": [ [ 78.0525513, 27.1231958 ], [ 78.052264, 27.1228277 ] ] } },
{ "type": "Feature", "properties": { "name": "Urban Corridor", "highway": "residential", "slope_pct": 0.6 }, "geometry": { "type": "LineString", "coordinates": [ [ 78.0520368, 27.1252321 ], [ 78.0515883, 27.125498 ] ] } },
{ "type": "Feature", "properties": { "name": "Urban Corridor", "highway": "residential", "slope_pct": 0.6 }, "geometry": { "type": "LineString", "coordinates": [ [ 78.0480684, 27.1290845 ], [ 78.0472791, 27.1279984 ], [ 78.0472492, 27.1279897 ], [ 78.0472116, 27.1279957 ], [ 78.0471459, 27.1280279 ], [ 78.0470078, 27.1281162 ], [ 78.0469947, 27.1281263 ], [ 78.046985, 27.1281401 ], [ 78.046985, 27.1281495 ], [ 78.0469879, 27.1281611 ] ] } },
{ "type": "Feature", "properties": { "name": "Urban Corridor", "highway": "residential", "slope_pct": 0.6 }, "geometry": { "type": "LineString", "coordinates": [ [ 78.0475572, 27.1267432 ], [ 78.0471872, 27.1270013 ] ] } },
{ "type": "Feature", "properties": { "name": "Urban Corridor", "highway": "residential", "slope_pct": 0.6 }, "geometry": { "type": "LineString", "coordinates": [ [ 78.0517881, 27.1242248 ], [ 78.0515427, 27.1239703 ] ] } },
{ "type": "Feature", "properties": { "name": "Urban Corridor", "highway": "residential", "slope_pct": 0.6 }, "geometry": { "type": "LineString", "coordinates": [ [ 78.0553683, 27.1240077 ], [ 78.0541343, 27.1247712 ] ] } },
{ "type": "Feature", "properties": { "name": "Urban Corridor", "highway": "residential", "slope_pct": 0.6 }, "geometry": { "type": "LineString", "coordinates": [ [ 78.0491637, 27.1251076 ], [ 78.0493559, 27.1253376 ] ] } },
{ "type": "Feature", "properties": { "name": "Urban Corridor", "highway": "residential", "slope_pct": 0.6 }, "geometry": { "type": "LineString", "coordinates": [ [ 78.0513723, 27.1244876 ], [ 78.0507927, 27.1238234 ] ] } },
{ "type": "Feature", "properties": { "name": "Urban Corridor", "highway": "residential", "slope_pct": 0.6 }, "geometry": { "type": "LineString", "coordinates": [ [ 78.0529114, 27.1220349 ], [ 78.0526866, 27.121722 ] ] } },
{ "type": "Feature", "properties": { "name": "Urban Corridor", "highway": "residential", "slope_pct": 0.6 }, "geometry": { "type": "LineString", "coordinates": [ [ 78.0522425, 27.1233898 ], [ 78.0519459, 27.1230282 ] ] } },
{ "type": "Feature", "properties": { "name": "Urban Corridor", "highway": "residential", "slope_pct": 0.6 }, "geometry": { "type": "LineString", "coordinates": [ [ 78.0519068, 27.1250463 ], [ 78.0514575, 27.1253265 ] ] } },
{ "type": "Feature", "properties": { "name": "Urban Corridor", "highway": "residential", "slope_pct": 0.6 }, "geometry": { "type": "LineString", "coordinates": [ [ 78.0517022, 27.1242791 ], [ 78.0522028, 27.1249225 ], [ 78.05274, 27.1256131 ] ] } },
{ "type": "Feature", "properties": { "name": "Urban Corridor", "highway": "residential", "slope_pct": 0.6 }, "geometry": { "type": "LineString", "coordinates": [ [ 78.0504, 27.1319071 ], [ 78.0508519, 27.1325235 ] ] } },
{ "type": "Feature", "properties": { "name": "Urban Corridor", "highway": "residential", "slope_pct": 0.6 }, "geometry": { "type": "LineString", "coordinates": [ [ 78.0518734, 27.122685 ], [ 78.0516495, 27.1223826 ] ] } },
{ "type": "Feature", "properties": { "name": "Urban Corridor", "highway": "residential", "slope_pct": 0.6 }, "geometry": { "type": "LineString", "coordinates": [ [ 78.0504653, 27.1306918 ], [ 78.0495806, 27.1295144 ] ] } },
{ "type": "Feature", "properties": { "name": "Urban Corridor", "highway": "residential", "slope_pct": 0.6 }, "geometry": { "type": "LineString", "coordinates": [ [ 78.0488305, 27.1219449 ], [ 78.046916, 27.1231368 ] ] } },
{ "type": "Feature", "properties": { "name": "Urban Corridor", "highway": "residential", "slope_pct": 0.6 }, "geometry": { "type": "LineString", "coordinates": [ [ 78.0482065, 27.1248814 ], [ 78.0501728, 27.1236817 ] ] } },
{ "type": "Feature", "properties": { "name": "Urban Corridor", "highway": "residential", "slope_pct": 0.6 }, "geometry": { "type": "LineString", "coordinates": [ [ 78.052618, 27.1256904 ], [ 78.0527369, 27.1258422 ] ] } },
{ "type": "Feature", "properties": { "name": "Urban Corridor", "highway": "residential", "slope_pct": 0.6 }, "geometry": { "type": "LineString", "coordinates": [ [ 78.0473417, 27.1264951 ], [ 78.0469663, 27.1267426 ] ] } },
{ "type": "Feature", "properties": { "name": "Urban Corridor", "highway": "residential", "slope_pct": 0.6 }, "geometry": { "type": "LineString", "coordinates": [ [ 78.0530315, 27.1228907 ], [ 78.0527529, 27.1225161 ] ] } },
{ "type": "Feature", "properties": { "name": "Urban Corridor", "highway": "residential", "slope_pct": 0.6 }, "geometry": { "type": "LineString", "coordinates": [ [ 78.0530096, 27.1254503 ], [ 78.0525202, 27.1247668 ], [ 78.0520248, 27.1240751 ] ] } },
{ "type": "Feature", "properties": { "name": "Urban Corridor", "highway": "residential", "slope_pct": 0.6 }, "geometry": { "type": "LineString", "coordinates": [ [ 78.0514859, 27.1281214 ], [ 78.0513141, 27.1278715 ], [ 78.0513154, 27.1278321 ], [ 78.0513275, 27.1278035 ] ] } },
{ "type": "Feature", "properties": { "name": "Urban Corridor", "highway": "residential", "slope_pct": 0.6 }, "geometry": { "type": "LineString", "coordinates": [ [ 78.0495492, 27.1248649 ], [ 78.0495706, 27.1248583 ], [ 78.0495927, 27.1248679 ], [ 78.0496048, 27.1248744 ], [ 78.0498181, 27.1251798 ] ] } },
{ "type": "Feature", "properties": { "name": "Urban Corridor", "highway": "residential", "slope_pct": 0.6 }, "geometry": { "type": "LineString", "coordinates": [ [ 78.0494348, 27.1311265 ], [ 78.0486613, 27.1301309 ] ] } },
{ "type": "Feature", "properties": { "name": "Urban Corridor", "highway": "residential", "slope_pct": 0.6 }, "geometry": { "type": "LineString", "coordinates": [ [ 78.0510049, 27.1313437 ], [ 78.0514213, 27.1310511 ] ] } },
{ "type": "Feature", "properties": { "name": "Urban Corridor", "highway": "residential", "slope_pct": 0.6 }, "geometry": { "type": "LineString", "coordinates": [ [ 78.0510118, 27.1308496 ], [ 78.0507495, 27.1310192 ], [ 78.0506078, 27.1311109 ] ] } },
{ "type": "Feature", "properties": { "name": "Urban Corridor", "highway": "residential", "slope_pct": 0.6 }, "geometry": { "type": "LineString", "coordinates": [ [ 78.0529963, 27.1222632 ], [ 78.0530518, 27.1223354 ], [ 78.0532551, 27.1225996 ] ] } },
{ "type": "Feature", "properties": { "name": "Urban Corridor", "highway": "residential", "slope_pct": 0.6 }, "geometry": { "type": "LineString", "coordinates": [ [ 78.0507495, 27.1310192 ], [ 78.0510049, 27.1313437 ], [ 78.0514195, 27.1318713 ] ] } },
{ "type": "Feature", "properties": { "name": "Urban Corridor", "highway": "residential", "slope_pct": 0.6 }, "geometry": { "type": "LineString", "coordinates": [ [ 78.0507385, 27.1317212 ], [ 78.0504, 27.1319071 ], [ 78.0501097, 27.132111 ] ] } },
{ "type": "Feature", "properties": { "name": "Urban Corridor", "highway": "residential", "slope_pct": 0.6 }, "geometry": { "type": "LineString", "coordinates": [ [ 78.0513275, 27.1278035 ], [ 78.0518143, 27.1275039 ], [ 78.0518502, 27.1274929 ], [ 78.05188, 27.1274991 ], [ 78.0519068, 27.1275242 ], [ 78.0520476, 27.1276925 ], [ 78.0520543, 27.1277199 ], [ 78.0520476, 27.127745 ], [ 78.0520235, 27.1277677 ] ] } },
{ "type": "Feature", "properties": { "name": "Urban Corridor", "highway": "residential", "slope_pct": 0.6 }, "geometry": { "type": "LineString", "coordinates": [ [ 78.0484377, 27.1204206 ], [ 78.0488058, 27.1208982 ], [ 78.0490918, 27.1212693 ] ] } },
{ "type": "Feature", "properties": { "name": "Urban Corridor", "highway": "residential", "slope_pct": 0.6 }, "geometry": { "type": "LineString", "coordinates": [ [ 78.0481524, 27.1274282 ], [ 78.0484052, 27.1272652 ], [ 78.0484421, 27.1272598 ], [ 78.0484615, 27.1272723 ], [ 78.0492747, 27.1283321 ] ] } },
{ "type": "Feature", "properties": { "name": "Urban Corridor", "highway": "residential", "slope_pct": 0.6 }, "geometry": { "type": "LineString", "coordinates": [ [ 78.0507927, 27.1238234 ], [ 78.0505858, 27.1234938 ], [ 78.0503884, 27.1232333 ], [ 78.0503837, 27.1232147 ], [ 78.0503861, 27.1231965 ], [ 78.0503947, 27.123181 ] ] } },
{ "type": "Feature", "properties": { "name": "Urban Corridor", "highway": "residential", "slope_pct": 0.6 }, "geometry": { "type": "LineString", "coordinates": [ [ 78.0512182, 27.1233225 ], [ 78.0517003, 27.1238061 ], [ 78.051701, 27.1238282 ], [ 78.0516902, 27.1238473 ], [ 78.0516574, 27.123876 ], [ 78.0515427, 27.1239703 ] ] } },
{ "type": "Feature", "properties": { "name": "Urban Corridor", "highway": "residential", "slope_pct": 0.6 }, "geometry": { "type": "LineString", "coordinates": [ [ 78.0495054, 27.121216 ], [ 78.0491289, 27.1207008 ], [ 78.0487641, 27.1202017 ] ] } },
{ "type": "Feature", "properties": { "name": "Urban Corridor", "highway": "residential", "slope_pct": 0.6 }, "geometry": { "type": "LineString", "coordinates": [ [ 78.0560589, 27.1258148 ], [ 78.0554418, 27.1250646 ] ] } },
{ "type": "Feature", "properties": { "name": "Urban Corridor", "highway": "residential", "slope_pct": 0.6 }, "geometry": { "type": "LineString", "coordinates": [ [ 78.0475239, 27.1272097 ], [ 78.0477303, 27.1274269 ], [ 78.04774, 27.1274335 ], [ 78.0477554, 27.127438 ], [ 78.0477745, 27.1274391 ], [ 78.0478034, 27.1274326 ], [ 78.0480243, 27.1272825 ] ] } },
{ "type": "Feature", "properties": { "name": "Urban Corridor", "highway": "residential", "slope_pct": 0.6 }, "geometry": { "type": "LineString", "coordinates": [ [ 78.0510278, 27.1284233 ], [ 78.0514859, 27.1281214 ], [ 78.0520235, 27.1277677 ] ] } },
{ "type": "Feature", "properties": { "name": "Urban Corridor", "highway": "residential", "slope_pct": 0.6 }, "geometry": { "type": "LineString", "coordinates": [ [ 78.0525808, 27.1222455 ], [ 78.0523313, 27.1219522 ], [ 78.0520636, 27.1216487 ] ] } },
{ "type": "Feature", "properties": { "name": "Urban Corridor", "highway": "residential", "slope_pct": 0.6 }, "geometry": { "type": "LineString", "coordinates": [ [ 78.0515427, 27.1239703 ], [ 78.0514951, 27.1239977 ], [ 78.0514656, 27.1239995 ], [ 78.0514441, 27.1239912 ], [ 78.0514079, 27.1239559 ], [ 78.0509514, 27.123478 ] ] } },
{ "type": "Feature", "properties": { "name": "Urban Corridor", "highway": "residential", "slope_pct": 0.6 }, "geometry": { "type": "LineString", "coordinates": [ [ 78.0498087, 27.1210147 ], [ 78.0494346, 27.1205159 ], [ 78.0490383, 27.1199875 ] ] } },
{ "type": "Feature", "properties": { "name": "Urban Corridor", "highway": "residential", "slope_pct": 0.6 }, "geometry": { "type": "LineString", "coordinates": [ [ 78.0560177, 27.1246837 ], [ 78.0557137, 27.1248622 ], [ 78.0554418, 27.1250646 ], [ 78.0549008, 27.1254081 ], [ 78.0547502, 27.1254979 ] ] } },
{ "type": "Feature", "properties": { "name": "Urban Corridor", "highway": "residential", "slope_pct": 0.6 }, "geometry": { "type": "LineString", "coordinates": [ [ 78.0477985, 27.1270209 ], [ 78.0475239, 27.1272097 ], [ 78.0474169, 27.1272833 ] ] } },
{ "type": "Feature", "properties": { "name": "Urban Corridor", "highway": "residential", "slope_pct": 0.6 }, "geometry": { "type": "LineString", "coordinates": [ [ 78.0511463, 27.1227142 ], [ 78.0513792, 27.1229985 ], [ 78.0516104, 27.12322 ], [ 78.0518804, 27.1235506 ], [ 78.0519094, 27.1235662 ], [ 78.0519445, 27.1235698 ], [ 78.0519751, 27.1235632 ] ] } },
{ "type": "Feature", "properties": { "name": "Urban Corridor", "highway": "residential", "slope_pct": 0.6 }, "geometry": { "type": "LineString", "coordinates": [ [ 78.0429518, 27.1287349 ], [ 78.0439869, 27.1280932 ], [ 78.04427, 27.1279177 ], [ 78.0447282, 27.1276336 ], [ 78.0452495, 27.1273105 ], [ 78.0457339, 27.1270102 ], [ 78.0462081, 27.1267162 ], [ 78.046539, 27.1265111 ], [ 78.0467994, 27.1263497 ], [ 78.0470623, 27.1261735 ], [ 78.0477609, 27.1257053 ], [ 78.048475, 27.1252267 ] ] } },
{ "type": "Feature", "properties": { "name": "Urban Corridor", "highway": "residential", "slope_pct": 0.6 }, "geometry": { "type": "LineString", "coordinates": [ [ 78.0533948, 27.1265383 ], [ 78.0532774, 27.126592 ], [ 78.0532318, 27.1265956 ], [ 78.0531876, 27.1265562 ], [ 78.0527175, 27.1259272 ], [ 78.0527048, 27.1258938 ], [ 78.0527115, 27.1258681 ], [ 78.0527369, 27.1258422 ] ] } },
{ "type": "Feature", "properties": { "name": "Urban Corridor", "highway": "residential", "slope_pct": 0.6 }, "geometry": { "type": "LineString", "coordinates": [ [ 78.0497719, 27.1357395 ], [ 78.0497113, 27.135695 ], [ 78.0494009, 27.1354384 ], [ 78.0490608, 27.1349823 ], [ 78.0488435, 27.1346909 ], [ 78.0480691, 27.1336523 ], [ 78.047719, 27.1331829 ], [ 78.0476649, 27.1331103 ], [ 78.047633, 27.1330675 ], [ 78.0470559, 27.1323318 ], [ 78.0470354, 27.1323057 ], [ 78.0467491, 27.1319406 ], [ 78.0466747, 27.131845 ], [ 78.046404, 27.1314974 ], [ 78.0463723, 27.1314567 ], [ 78.0461288, 27.1311758 ], [ 78.0458795, 27.1308657 ], [ 78.0458098, 27.130779 ], [ 78.0456692, 27.1305562 ], [ 78.0445771, 27.1312406 ] ] } },
{ "type": "Feature", "properties": { "name": "Urban Corridor", "highway": "residential", "slope_pct": 0.6 }, "geometry": { "type": "LineString", "coordinates": [ [ 78.0486359, 27.1254338 ], [ 78.0491637, 27.1251076 ], [ 78.0495492, 27.1248649 ] ] } },
{ "type": "Feature", "properties": { "name": "Urban Corridor", "highway": "residential", "slope_pct": 0.6 }, "geometry": { "type": "LineString", "coordinates": [ [ 78.048194, 27.1298546 ], [ 78.0480179, 27.1296289 ], [ 78.0477518, 27.1292738 ], [ 78.0469879, 27.1281611 ] ] } },
{ "type": "Feature", "properties": { "name": "Urban Corridor", "highway": "residential", "slope_pct": 0.6 }, "geometry": { "type": "LineString", "coordinates": [ [ 78.0521224, 27.1306659 ], [ 78.0525879, 27.130335 ] ] } },
{ "type": "Feature", "properties": { "name": "Urban Corridor", "highway": "residential", "slope_pct": 0.6 }, "geometry": { "type": "LineString", "coordinates": [ [ 78.0511628, 27.1322372 ], [ 78.0514195, 27.1318713 ], [ 78.0517687, 27.1314223 ], [ 78.0517888, 27.1313674 ], [ 78.0517942, 27.1313424 ], [ 78.0517794, 27.1313042 ], [ 78.0515434, 27.1310583 ], [ 78.0515125, 27.1310416 ], [ 78.0514656, 27.1310344 ], [ 78.0514213, 27.1310511 ] ] } },
{ "type": "Feature", "properties": { "name": "Urban Corridor", "highway": "residential", "slope_pct": 0.6 }, "geometry": { "type": "LineString", "coordinates": [ [ 78.0499682, 27.1307844 ], [ 78.0494348, 27.1311265 ], [ 78.0493104, 27.1312051 ] ] } },
{ "type": "Feature", "properties": { "name": "Urban Corridor", "highway": "residential", "slope_pct": 0.6 }, "geometry": { "type": "LineString", "coordinates": [ [ 78.053874, 27.1219705 ], [ 78.054614, 27.1214961 ], [ 78.0557193, 27.1207877 ], [ 78.0558315, 27.1209401 ], [ 78.0561568, 27.1213902 ], [ 78.0564922, 27.121862 ] ] } },
{ "type": "Feature", "properties": { "name": "Urban Corridor", "highway": "residential", "slope_pct": 0.6 }, "geometry": { "type": "LineString", "coordinates": [ [ 78.0519829, 27.1296539 ], [ 78.0512556, 27.1302195 ], [ 78.0507909, 27.1305236 ], [ 78.0504653, 27.1306918 ], [ 78.0500629, 27.1308996 ] ] } },
{ "type": "Feature", "properties": { "name": "Urban Corridor", "highway": "residential", "slope_pct": 0.6 }, "geometry": { "type": "LineString", "coordinates": [ [ 78.0554822, 27.1263696 ], [ 78.0560589, 27.1258148 ], [ 78.0566244, 27.1253153 ] ] } },
{ "type": "Feature", "properties": { "name": "Urban Corridor", "highway": "residential", "slope_pct": 0.6 }, "geometry": { "type": "LineString", "coordinates": [ [ 78.0516104, 27.12322 ], [ 78.0519459, 27.1230282 ], [ 78.052264, 27.1228277 ], [ 78.0527529, 27.1225161 ], [ 78.0530518, 27.1223354 ] ] } },
{ "type": "Feature", "properties": { "name": "Urban Corridor", "highway": "residential", "slope_pct": 0.6 }, "geometry": { "type": "LineString", "coordinates": [ [ 78.0531649, 27.1228143 ], [ 78.0530315, 27.1228907 ], [ 78.0525513, 27.1231958 ], [ 78.0522425, 27.1233898 ], [ 78.0519751, 27.1235632 ] ] } },
{ "type": "Feature", "properties": { "name": "Urban Corridor", "highway": "residential", "slope_pct": 0.6 }, "geometry": { "type": "LineString", "coordinates": [ [ 78.0502287, 27.1349693 ], [ 78.0502801, 27.1350239 ], [ 78.0504657, 27.1352189 ], [ 78.0506315, 27.1355762 ], [ 78.0508449, 27.1360363 ], [ 78.0509531, 27.1362714 ], [ 78.0510918, 27.1365328 ], [ 78.051201, 27.1367424 ], [ 78.0512813, 27.1368876 ], [ 78.0516128, 27.1374871 ], [ 78.0516867, 27.1376117 ], [ 78.0517251, 27.1376953 ], [ 78.0517682, 27.1377891 ], [ 78.052013, 27.1383221 ], [ 78.0520362, 27.1383727 ], [ 78.0523446, 27.1389591 ], [ 78.0526832, 27.1396028 ], [ 78.0528621, 27.1399429 ], [ 78.0531514, 27.1404931 ], [ 78.0532652, 27.1407094 ], [ 78.0534347, 27.1410316 ], [ 78.0537859, 27.1416073 ], [ 78.053817, 27.1416614 ], [ 78.0542694, 27.1423644 ], [ 78.054364, 27.1425106 ], [ 78.0543989, 27.142533 ] ] } },
{ "type": "Feature", "properties": { "name": "Urban Corridor", "highway": "residential", "slope_pct": 0.6 }, "geometry": { "type": "LineString", "coordinates": [ [ 78.0505858, 27.1234938 ], [ 78.0513792, 27.1229985 ], [ 78.0518734, 27.122685 ], [ 78.0525808, 27.1222455 ], [ 78.0529114, 27.1220349 ], [ 78.0530545, 27.1219449 ] ] } },
{ "type": "Feature", "properties": { "name": "Urban Corridor", "highway": "residential", "slope_pct": 0.6 }, "geometry": { "type": "LineString", "coordinates": [ [ 78.0491938, 27.131778 ], [ 78.0493601, 27.1319821 ], [ 78.0493926, 27.1319955 ], [ 78.0494459, 27.1319976 ], [ 78.0498804, 27.1317923 ], [ 78.0501097, 27.132111 ], [ 78.0503029, 27.1323784 ], [ 78.0508234, 27.1330895 ], [ 78.0512121, 27.1333934 ], [ 78.0512537, 27.1334281 ] ] } },
{ "type": "Feature", "properties": { "name": "Urban Corridor", "highway": "residential", "slope_pct": 0.6 }, "geometry": { "type": "LineString", "coordinates": [ [ 78.0527369, 27.1258422 ], [ 78.0528148, 27.1257947 ], [ 78.0528473, 27.1257853 ], [ 78.0528885, 27.1257923 ], [ 78.0529287, 27.1258198 ], [ 78.0534216, 27.1264524 ], [ 78.0534243, 27.1264786 ], [ 78.0534142, 27.1265192 ], [ 78.0533948, 27.1265383 ], [ 78.05383, 27.1270933 ], [ 78.0539158, 27.1271983 ] ] } },
{ "type": "Feature", "properties": { "name": "Urban Corridor", "highway": "residential", "slope_pct": 0.6 }, "geometry": { "type": "LineString", "coordinates": [ [ 78.0490002, 27.1285211 ], [ 78.0481524, 27.1274282 ], [ 78.0480243, 27.1272825 ], [ 78.0477985, 27.1270209 ], [ 78.0475572, 27.1267432 ], [ 78.0473417, 27.1264951 ], [ 78.0470623, 27.1261735 ] ] } },
{ "type": "Feature", "properties": { "name": "Urban Corridor", "highway": "residential", "slope_pct": 0.6 }, "geometry": { "type": "LineString", "coordinates": [ [ 78.0493104, 27.1312051 ], [ 78.0492836, 27.1312051 ], [ 78.049242, 27.1311717 ], [ 78.0485715, 27.1302968 ], [ 78.0485594, 27.1302539 ], [ 78.0485742, 27.1302073 ], [ 78.0486613, 27.1301309 ], [ 78.0491959, 27.1297589 ], [ 78.0495806, 27.1295144 ], [ 78.049849, 27.1293438 ] ] } },
{ "type": "Feature", "properties": { "name": "Urban Corridor", "highway": "residential", "slope_pct": 0.6 }, "geometry": { "type": "LineString", "coordinates": [ [ 78.0514496, 27.1249275 ], [ 78.0513067, 27.1250242 ], [ 78.0512839, 27.1250457 ], [ 78.0512772, 27.125069 ], [ 78.0512819, 27.1250964 ], [ 78.0514575, 27.1253265 ], [ 78.0515883, 27.125498 ], [ 78.0517928, 27.1257237 ], [ 78.0518089, 27.1257308 ], [ 78.0518304, 27.1257368 ], [ 78.0518525, 27.125738 ], [ 78.051876, 27.125732 ], [ 78.0522509, 27.1254959 ] ] } },
{ "type": "Feature", "properties": { "name": "Urban Corridor", "highway": "residential", "slope_pct": 0.6 }, "geometry": { "type": "LineString", "coordinates": [ [ 78.0490444, 27.1259591 ], [ 78.0511952, 27.1245996 ], [ 78.0513723, 27.1244876 ], [ 78.0517022, 27.1242791 ], [ 78.0517881, 27.1242248 ], [ 78.0520248, 27.1240751 ], [ 78.0523647, 27.1238556 ], [ 78.0526991, 27.1236397 ], [ 78.0543278, 27.1225879 ] ] } },
{ "type": "Feature", "properties": { "name": "Urban Corridor", "highway": "residential", "slope_pct": 0.6 }, "geometry": { "type": "LineString", "coordinates": [ [ 78.0524799, 27.125778 ], [ 78.0522509, 27.1254959 ], [ 78.0520368, 27.1252321 ], [ 78.0519068, 27.1250463 ], [ 78.0517365, 27.124798 ], [ 78.0517238, 27.1247933 ], [ 78.0516916, 27.1247873 ], [ 78.0516688, 27.1247921 ], [ 78.0514496, 27.1249275 ], [ 78.0511952, 27.1245996 ] ] } },
{ "type": "Feature", "properties": { "name": "Urban Corridor", "highway": "residential", "slope_pct": 0.6 }, "geometry": { "type": "LineString", "coordinates": [ [ 78.0528074, 27.1216448 ], [ 78.0526866, 27.121722 ], [ 78.0523313, 27.1219522 ], [ 78.0516495, 27.1223826 ], [ 78.0511463, 27.1227142 ], [ 78.05101, 27.1227975 ], [ 78.0503947, 27.123181 ] ] } },
{ "type": "Feature", "properties": { "name": "Urban Corridor", "highway": "residential", "slope_pct": 0.6 }, "geometry": { "type": "LineString", "coordinates": [ [ 78.0530483, 27.1209501 ], [ 78.0520636, 27.1216487 ], [ 78.0515965, 27.1219212 ], [ 78.0507419, 27.1224498 ], [ 78.0499282, 27.1229558 ], [ 78.047782, 27.1242868 ] ] } },
{ "type": "Feature", "properties": { "name": "Urban Corridor", "highway": "residential", "slope_pct": 0.6 }, "geometry": { "type": "LineString", "coordinates": [ [ 78.0456692, 27.1305562 ], [ 78.0461965, 27.1302138 ], [ 78.0463996, 27.1300819 ], [ 78.0468051, 27.1298395 ], [ 78.0473636, 27.1295058 ], [ 78.0477518, 27.1292738 ], [ 78.0480684, 27.1290845 ], [ 78.0489281, 27.1285708 ], [ 78.0490002, 27.1285211 ], [ 78.0492747, 27.1283321 ], [ 78.0497597, 27.1280458 ], [ 78.0503846, 27.1276454 ] ] } },
{ "type": "Feature", "properties": { "name": "Urban Corridor", "highway": "residential", "slope_pct": 0.6 }, "geometry": { "type": "LineString", "coordinates": [ [ 78.0547185, 27.1230732 ], [ 78.0549739, 27.1229445 ], [ 78.055226, 27.1227475 ], [ 78.0554406, 27.1225641 ], [ 78.0556039, 27.1224213 ], [ 78.0560549, 27.1221446 ], [ 78.0563823, 27.1219431 ], [ 78.0564922, 27.121862 ], [ 78.0566436, 27.1217666 ], [ 78.0570155, 27.1215354 ], [ 78.0572469, 27.1213915 ], [ 78.0578394, 27.120993 ], [ 78.0578706, 27.1209756 ], [ 78.0581214, 27.1208333 ], [ 78.0583088, 27.1207285 ], [ 78.0599161, 27.1196283 ] ] } },
{ "type": "Feature", "properties": { "name": "Urban Corridor", "highway": "residential", "slope_pct": 0.6 }, "geometry": { "type": "LineString", "coordinates": [ [ 78.0534206, 27.1305908 ], [ 78.0543268, 27.1312263 ], [ 78.0554151, 27.1319901 ], [ 78.0554802, 27.1320125 ], [ 78.0555479, 27.1320269 ], [ 78.0556009, 27.132009 ], [ 78.0556411, 27.1319887 ], [ 78.0559451, 27.1317432 ], [ 78.0563675, 27.1322274 ], [ 78.0564461, 27.1322998 ], [ 78.0570974, 27.1329001 ], [ 78.0574739, 27.1332599 ], [ 78.0578106, 27.1336198 ], [ 78.057912, 27.1336391 ], [ 78.0579605, 27.1336403 ], [ 78.0581286, 27.1335517 ], [ 78.0591182, 27.1329535 ], [ 78.0608602, 27.1318818 ], [ 78.0613692, 27.1315816 ], [ 78.0615108, 27.1314981 ], [ 78.0630597, 27.1305347 ], [ 78.0630873, 27.1305062 ], [ 78.0630859, 27.1304772 ], [ 78.0627294, 27.1300047 ], [ 78.0623067, 27.1294685 ], [ 78.0623015, 27.1294527 ] ] } },
{ "type": "Feature", "properties": { "name": "Urban Corridor", "highway": "residential", "slope_pct": 0.6 }, "geometry": { "type": "LineString", "coordinates": [ [ 78.0524082, 27.1258225 ], [ 78.0528281, 27.1263381 ] ] } },
{ "type": "Feature", "properties": { "name": "Urban Corridor", "highway": "residential", "slope_pct": 0.6 }, "geometry": { "type": "LineString", "coordinates": [ [ 78.0496091, 27.1286258 ], [ 78.0480179, 27.1296289 ] ] } },
{ "type": "Feature", "properties": { "name": "Urban Corridor", "highway": "residential", "slope_pct": 0.6 }, "geometry": { "type": "LineString", "coordinates": [ [ 78.0536875, 27.1289808 ], [ 78.0544044, 27.1280657 ] ] } },
{ "type": "Feature", "properties": { "name": "Urban Corridor", "highway": "residential", "slope_pct": 0.6 }, "geometry": { "type": "LineString", "coordinates": [ [ 78.0526877, 27.1288955 ], [ 78.0517963, 27.1294214 ] ] } },
{ "type": "Feature", "properties": { "name": "Urban Corridor", "highway": "residential", "slope_pct": 0.6 }, "geometry": { "type": "LineString", "coordinates": [ [ 78.055226, 27.1227475 ], [ 78.055496, 27.1229513 ], [ 78.0556365, 27.123061 ] ] } },
{ "type": "Feature", "properties": { "name": "Urban Corridor", "highway": "residential", "slope_pct": 0.6 }, "geometry": { "type": "LineString", "coordinates": [ [ 78.052185, 27.1288214 ], [ 78.0516109, 27.1291806 ] ] } },
{ "type": "Feature", "properties": { "name": "Urban Corridor", "highway": "residential", "slope_pct": 0.6 }, "geometry": { "type": "LineString", "coordinates": [ [ 78.0554659, 27.129941 ], [ 78.0550913, 27.1302772 ] ] } },
{ "type": "Feature", "properties": { "name": "Urban Corridor", "highway": "residential", "slope_pct": 0.6 }, "geometry": { "type": "LineString", "coordinates": [ [ 78.0528196, 27.1290256 ], [ 78.0528483, 27.1290579 ], [ 78.0528657, 27.1290949 ], [ 78.0528711, 27.1291236 ], [ 78.052859, 27.129151 ], [ 78.0528322, 27.1291761 ], [ 78.0527517, 27.1292262 ], [ 78.052469, 27.1293947 ], [ 78.0520203, 27.129696 ] ] } },
{ "type": "Feature", "properties": { "name": "Urban Corridor", "highway": "residential", "slope_pct": 0.6 }, "geometry": { "type": "LineString", "coordinates": [ [ 78.0501988, 27.1316129 ], [ 78.0498804, 27.1317923 ] ] } },
{ "type": "Feature", "properties": { "name": "Urban Corridor", "highway": "residential", "slope_pct": 0.6 }, "geometry": { "type": "LineString", "coordinates": [ [ 78.0559404, 27.1235144 ], [ 78.0557827, 27.1234027 ], [ 78.0555595, 27.1232445 ] ] } },
{ "type": "Feature", "properties": { "name": "Urban Corridor", "highway": "residential", "slope_pct": 0.6 }, "geometry": { "type": "LineString", "coordinates": [ [ 78.0518136, 27.1328782 ], [ 78.05269, 27.1341944 ], [ 78.0529852, 27.1346378 ] ] } },
{ "type": "Feature", "properties": { "name": "Urban Corridor", "highway": "residential", "slope_pct": 0.6 }, "geometry": { "type": "LineString", "coordinates": [ [ 78.0501921, 27.1290621 ], [ 78.0506697, 27.1295658 ], [ 78.0506921, 27.1295962 ], [ 78.0506968, 27.1296165 ], [ 78.0506945, 27.129638 ], [ 78.050678, 27.1296559 ], [ 78.0506378, 27.1296786 ], [ 78.0506086, 27.1296914 ], [ 78.0505724, 27.1296941 ], [ 78.0505335, 27.1296857 ], [ 78.0504692, 27.1296607 ], [ 78.0503806, 27.1296034 ] ] } },
{ "type": "Feature", "properties": { "name": "Urban Corridor", "highway": "residential", "slope_pct": 0.6 }, "geometry": { "type": "LineString", "coordinates": [ [ 78.0514138, 27.129588 ], [ 78.0512989, 27.1294522 ], [ 78.0508822, 27.1289207 ], [ 78.050852, 27.1289048 ], [ 78.0508323, 27.1288995 ], [ 78.0508099, 27.1289002 ], [ 78.050665, 27.1289959 ] ] } },
{ "type": "Feature", "properties": { "name": "Urban Corridor", "highway": "residential", "slope_pct": 0.6 }, "geometry": { "type": "LineString", "coordinates": [ [ 78.0517489, 27.1293599 ], [ 78.0514138, 27.129588 ], [ 78.0512631, 27.1296833 ], [ 78.0512296, 27.1296953 ], [ 78.0511934, 27.1296929 ], [ 78.0511464, 27.1296559 ], [ 78.0506623, 27.1290973 ], [ 78.0506489, 27.1290675 ], [ 78.0506475, 27.1290257 ], [ 78.050665, 27.1289959 ] ] } },
{ "type": "Feature", "properties": { "name": "Urban Corridor", "highway": "residential", "slope_pct": 0.6 }, "geometry": { "type": "LineString", "coordinates": [ [ 78.0563167, 27.1224611 ], [ 78.0560438, 27.1226765 ], [ 78.0558567, 27.1228242 ], [ 78.0558355, 27.1228342 ], [ 78.055812, 27.1228301 ], [ 78.0557866, 27.1228205 ], [ 78.0554406, 27.1225641 ] ] } },
{ "type": "Feature", "properties": { "name": "Urban Corridor", "highway": "residential", "slope_pct": 0.6 }, "geometry": { "type": "LineString", "coordinates": [ [ 78.0548114, 27.1339336 ], [ 78.0544938, 27.1335618 ], [ 78.0542591, 27.1332838 ], [ 78.0541974, 27.1332699 ], [ 78.0541116, 27.1332938 ], [ 78.054007, 27.1333499 ], [ 78.053842, 27.133468 ], [ 78.0535644, 27.1336638 ], [ 78.0532736, 27.1338897 ] ] } },
{ "type": "Feature", "properties": { "name": "Urban Corridor", "highway": "residential", "slope_pct": 0.6 }, "geometry": { "type": "LineString", "coordinates": [ [ 78.049205, 27.1278721 ], [ 78.0497563, 27.1275086 ], [ 78.0500797, 27.1272953 ] ] } },
{ "type": "Feature", "properties": { "name": "Urban Corridor", "highway": "residential", "slope_pct": 0.6 }, "geometry": { "type": "LineString", "coordinates": [ [ 78.0524432, 27.1329883 ], [ 78.0526942, 27.1331316 ], [ 78.0532671, 27.1335135 ], [ 78.0533015, 27.1335479 ], [ 78.0533122, 27.1335899 ], [ 78.0532736, 27.1338897 ], [ 78.0532471, 27.1339502 ], [ 78.0532101, 27.1339798 ], [ 78.05269, 27.1341944 ] ] } },
{ "type": "Feature", "properties": { "name": "Urban Corridor", "highway": "residential", "slope_pct": 0.6 }, "geometry": { "type": "LineString", "coordinates": [ [ 78.04992, 27.1313323 ], [ 78.0491938, 27.131778 ], [ 78.049002, 27.131895 ], [ 78.0486022, 27.1321106 ] ] } },
{ "type": "Feature", "properties": { "name": "Urban Corridor", "highway": "residential", "slope_pct": 0.6 }, "geometry": { "type": "LineString", "coordinates": [ [ 78.0523372, 27.1285009 ], [ 78.0526877, 27.1288955 ], [ 78.0528196, 27.1290256 ] ] } },
{ "type": "Feature", "properties": { "name": "Urban Corridor", "highway": "residential", "slope_pct": 0.6 }, "geometry": { "type": "LineString", "coordinates": [ [ 78.0523079, 27.1289725 ], [ 78.052185, 27.1288214 ], [ 78.0520766, 27.1286676 ] ] } },
{ "type": "Feature", "properties": { "name": "Urban Corridor", "highway": "residential", "slope_pct": 0.6 }, "geometry": { "type": "LineString", "coordinates": [ [ 78.0497563, 27.1275086 ], [ 78.0496404, 27.1273583 ], [ 78.0496169, 27.1273481 ], [ 78.0495847, 27.1273541 ], [ 78.049058, 27.1276251 ] ] } },
{ "type": "Feature", "properties": { "name": "Urban Corridor", "highway": "residential", "slope_pct": 0.6 }, "geometry": { "type": "LineString", "coordinates": [ [ 78.051473, 27.1290015 ], [ 78.0517814, 27.1288109 ], [ 78.0517982, 27.1287912 ], [ 78.0518103, 27.1287691 ], [ 78.0518129, 27.1287464 ], [ 78.0518083, 27.1287261 ], [ 78.0517707, 27.1286652 ], [ 78.0517694, 27.128645 ], [ 78.0517781, 27.1286157 ], [ 78.0517989, 27.1285942 ], [ 78.0522289, 27.1282976 ] ] } },
{ "type": "Feature", "properties": { "name": "Urban Corridor", "highway": "residential", "slope_pct": 0.6 }, "geometry": { "type": "LineString", "coordinates": [ [ 78.0546456, 27.130356 ], [ 78.0544978, 27.130532 ], [ 78.0544844, 27.1305642 ], [ 78.0544992, 27.1306036 ], [ 78.0548076, 27.1308471 ], [ 78.0548586, 27.1308566 ], [ 78.0549069, 27.1308411 ], [ 78.0550272, 27.130739 ] ] } },
{ "type": "Feature", "properties": { "name": "Urban Corridor", "highway": "residential", "slope_pct": 0.6 }, "geometry": { "type": "LineString", "coordinates": [ [ 78.0543111, 27.1293431 ], [ 78.0546987, 27.1297917 ], [ 78.0550913, 27.1302772 ], [ 78.0557688, 27.131072 ] ] } },
{ "type": "Feature", "properties": { "name": "Urban Corridor", "highway": "residential", "slope_pct": 0.6 }, "geometry": { "type": "LineString", "coordinates": [ [ 78.0503806, 27.1296034 ], [ 78.0500132, 27.1292256 ], [ 78.0500118, 27.1292071 ], [ 78.0500152, 27.1291832 ], [ 78.0500333, 27.1291665 ], [ 78.0501921, 27.1290621 ], [ 78.0504615, 27.1288768 ], [ 78.0510852, 27.1284979 ] ] } },
{ "type": "Feature", "properties": { "name": "Urban Corridor", "highway": "residential", "slope_pct": 0.6 }, "geometry": { "type": "LineString", "coordinates": [ [ 78.0528281, 27.1263381 ], [ 78.0530541, 27.1265896 ], [ 78.0530649, 27.1266171 ], [ 78.0530649, 27.1266296 ], [ 78.0530541, 27.1266475 ], [ 78.0530394, 27.1266696 ], [ 78.0530327, 27.1266875 ], [ 78.0530367, 27.1267048 ], [ 78.0530675, 27.1267633 ], [ 78.0530696, 27.1267794 ], [ 78.0530629, 27.1267925 ], [ 78.0530508, 27.1268068 ], [ 78.052849, 27.1269589 ], [ 78.0526263, 27.1271554 ], [ 78.0524734, 27.1272735 ], [ 78.0524493, 27.1273046 ], [ 78.0524419, 27.1273284 ], [ 78.0524459, 27.1273571 ] ] } },
{ "type": "Feature", "properties": { "name": "Urban Corridor", "highway": "residential", "slope_pct": 0.6 }, "geometry": { "type": "LineString", "coordinates": [ [ 78.0559451, 27.1317432 ], [ 78.0555419, 27.1312145 ], [ 78.0552204, 27.1309427 ], [ 78.0550272, 27.130739 ], [ 78.0547751, 27.1304967 ], [ 78.0546456, 27.130356 ], [ 78.0543973, 27.130122 ], [ 78.0543758, 27.1301106 ], [ 78.0543463, 27.1301106 ], [ 78.0542779, 27.1301441 ], [ 78.0542558, 27.1301452 ], [ 78.0542115, 27.1301339 ], [ 78.0538659, 27.1299507 ] ] } },
{ "type": "Feature", "properties": { "name": "Urban Corridor", "highway": "residential", "slope_pct": 0.6 }, "geometry": { "type": "LineString", "coordinates": [ [ 78.0524734, 27.1348672 ], [ 78.0526325, 27.1347793 ], [ 78.0527389, 27.1347304 ], [ 78.0529852, 27.1346378 ], [ 78.0534961, 27.1344729 ], [ 78.0546618, 27.1340023 ], [ 78.0548114, 27.1339336 ], [ 78.0550282, 27.1338334 ], [ 78.0557525, 27.1335067 ], [ 78.0558784, 27.1334499 ], [ 78.0560957, 27.1333519 ], [ 78.0563259, 27.1332481 ], [ 78.0566461, 27.1331036 ], [ 78.0570974, 27.1329001 ] ] } },
{ "type": "Feature", "properties": { "name": "Urban Corridor", "highway": "residential", "slope_pct": 0.6 }, "geometry": { "type": "LineString", "coordinates": [ [ 78.0546764, 27.1367679 ], [ 78.0554822, 27.1364721 ], [ 78.0555238, 27.1364458 ], [ 78.055568, 27.1364005 ], [ 78.0556726, 27.1362799 ], [ 78.0557357, 27.1362334 ], [ 78.0557987, 27.1362023 ], [ 78.0582274, 27.1351986 ], [ 78.0591381, 27.134806 ], [ 78.0591649, 27.1348549 ], [ 78.0599057, 27.1363152 ], [ 78.0602109, 27.1369268 ], [ 78.0603987, 27.1372275 ], [ 78.0608733, 27.1381405 ], [ 78.0609137, 27.1382181 ], [ 78.0612034, 27.1388005 ] ] } },
{ "type": "Feature", "properties": { "name": "Urban Corridor", "highway": "residential", "slope_pct": 0.6 }, "geometry": { "type": "LineString", "coordinates": [ [ 78.0476831, 27.1362828 ], [ 78.046896, 27.1371981 ] ] } },
{ "type": "Feature", "properties": { "name": "Urban Corridor", "highway": "residential", "slope_pct": 0.6 }, "geometry": { "type": "LineString", "coordinates": [ [ 78.0471402, 27.1362052 ], [ 78.046623, 27.1353197 ] ] } },
{ "type": "Feature", "properties": { "name": "Urban Corridor", "highway": "residential", "slope_pct": 0.6 }, "geometry": { "type": "LineString", "coordinates": [ [ 78.0483453, 27.1350026 ], [ 78.0483053, 27.1350303 ], [ 78.0482778, 27.1350405 ], [ 78.048251, 27.1350435 ], [ 78.0482315, 27.1350381 ], [ 78.0481879, 27.1349784 ], [ 78.0481698, 27.1349641 ], [ 78.0481477, 27.1349617 ], [ 78.0481216, 27.1349718 ], [ 78.0479569, 27.1350736 ], [ 78.0472248, 27.1354922 ] ] } },
{ "type": "Feature", "properties": { "name": "Urban Corridor", "highway": "residential", "slope_pct": 0.6 }, "geometry": { "type": "LineString", "coordinates": [ [ 78.048344, 27.1354044 ], [ 78.0490608, 27.1349823 ] ] } },
{ "type": "Feature", "properties": { "name": "Urban Corridor", "highway": "residential", "slope_pct": 0.6 }, "geometry": { "type": "LineString", "coordinates": [ [ 78.0480691, 27.1336523 ], [ 78.0477628, 27.1338332 ], [ 78.0472488, 27.1341569 ], [ 78.0466474, 27.1345512 ], [ 78.0459589, 27.1349932 ] ] } },
{ "type": "Feature", "properties": { "name": "Urban Corridor", "highway": "residential", "slope_pct": 0.6 }, "geometry": { "type": "LineString", "coordinates": [ [ 78.0478277, 27.1365131 ], [ 78.0486315, 27.1360121 ] ] } },
{ "type": "Feature", "properties": { "name": "Urban Corridor", "highway": "residential", "slope_pct": 0.6 }, "geometry": { "type": "LineString", "coordinates": [ [ 78.0483208, 27.1357976 ], [ 78.0476221, 27.1362026 ] ] } },
{ "type": "Feature", "properties": { "name": "Urban Corridor", "highway": "residential", "slope_pct": 0.6 }, "geometry": { "type": "LineString", "coordinates": [ [ 78.0514187, 27.1352822 ], [ 78.051101, 27.134663 ] ] } },
{ "type": "Feature", "properties": { "name": "Urban Corridor", "highway": "residential", "slope_pct": 0.6 }, "geometry": { "type": "LineString", "coordinates": [ [ 78.0483453, 27.1350026 ], [ 78.0488435, 27.1346909 ] ] } },
{ "type": "Feature", "properties": { "name": "Urban Corridor", "highway": "residential", "slope_pct": 0.6 }, "geometry": { "type": "LineString", "coordinates": [ [ 78.0474369, 27.1349098 ], [ 78.047394, 27.134911 ], [ 78.0473672, 27.1349014 ], [ 78.047158, 27.134646 ] ] } },
{ "type": "Feature", "properties": { "name": "Urban Corridor", "highway": "residential", "slope_pct": 0.6 }, "geometry": { "type": "LineString", "coordinates": [ [ 78.0474369, 27.1349098 ], [ 78.0479148, 27.1346103 ] ] } },
{ "type": "Feature", "properties": { "name": "Urban Corridor", "highway": "residential", "slope_pct": 0.6 }, "geometry": { "type": "LineString", "coordinates": [ [ 78.0474248, 27.1358797 ], [ 78.0471402, 27.1362052 ], [ 78.0468476, 27.1365687 ], [ 78.0466275, 27.1368563 ] ] } },
{ "type": "Feature", "properties": { "name": "Urban Corridor", "highway": "residential", "slope_pct": 0.6 }, "geometry": { "type": "LineString", "coordinates": [ [ 78.0478979, 27.1342002 ], [ 78.047158, 27.134646 ], [ 78.0468472, 27.1348364 ] ] } },
{ "type": "Feature", "properties": { "name": "Urban Corridor", "highway": "residential", "slope_pct": 0.6 }, "geometry": { "type": "LineString", "coordinates": [ [ 78.0492125, 27.1371118 ], [ 78.0496337, 27.1368776 ], [ 78.0503526, 27.1365615 ] ] } },
{ "type": "Feature", "properties": { "name": "Urban Corridor", "highway": "residential", "slope_pct": 0.6 }, "geometry": { "type": "LineString", "coordinates": [ [ 78.0489007, 27.1369426 ], [ 78.0492125, 27.1371118 ], [ 78.0493346, 27.1371786 ], [ 78.0494298, 27.1372359 ], [ 78.0495572, 27.1373445 ], [ 78.0497181, 27.1375856 ] ] } },
{ "type": "Feature", "properties": { "name": "Urban Corridor", "highway": "residential", "slope_pct": 0.6 }, "geometry": { "type": "LineString", "coordinates": [ [ 78.045182, 27.1419494 ], [ 78.0453436, 27.1420754 ], [ 78.0454717, 27.1422064 ], [ 78.0455481, 27.1422855 ], [ 78.0456979, 27.1424925 ], [ 78.0457923, 27.1426141 ], [ 78.0460449, 27.1428976 ] ] } },
{ "type": "Feature", "properties": { "name": "Urban Corridor", "highway": "residential", "slope_pct": 0.6 }, "geometry": { "type": "LineString", "coordinates": [ [ 78.0466331, 27.1459703 ], [ 78.0466545, 27.144728 ], [ 78.046694, 27.1444795 ], [ 78.0467824, 27.1436895 ], [ 78.0468641, 27.1431375 ], [ 78.0468967, 27.1429168 ], [ 78.0470812, 27.1413437 ], [ 78.0471096, 27.1409955 ], [ 78.0471198, 27.1408707 ], [ 78.0471251, 27.1408062 ], [ 78.047104, 27.139856 ], [ 78.0471151, 27.1396795 ], [ 78.047113, 27.1396449 ], [ 78.0470987, 27.1396097 ], [ 78.0470715, 27.1395775 ], [ 78.047033, 27.1395442 ], [ 78.046994, 27.139511 ] ] } },
{ "type": "Feature", "properties": { "name": "Urban Corridor", "highway": "residential", "slope_pct": 0.6 }, "geometry": { "type": "LineString", "coordinates": [ [ 78.0461853, 27.1404708 ], [ 78.0462592, 27.1405192 ], [ 78.0468611, 27.1408512 ], [ 78.0471096, 27.1409955 ] ] } },
{ "type": "Feature", "properties": { "name": "Urban Corridor", "highway": "tertiary", "slope_pct": 0.6 }, "geometry": { "type": "LineString", "coordinates": [ [ 78.0512831, 27.1334965 ], [ 78.0513358, 27.1335525 ], [ 78.0519984, 27.134407 ], [ 78.0522498, 27.1346605 ], [ 78.0524734, 27.1348672 ], [ 78.0526528, 27.1350608 ], [ 78.0533115, 27.1356706 ], [ 78.0535339, 27.1358765 ], [ 78.0545382, 27.1368062 ], [ 78.0546341, 27.1368949 ], [ 78.0549861, 27.1372254 ], [ 78.0563693, 27.1385242 ], [ 78.0564221, 27.1385667 ], [ 78.05652, 27.1386455 ], [ 78.0567126, 27.1388244 ], [ 78.0573929, 27.1394228 ], [ 78.0581272, 27.1400746 ], [ 78.0581689, 27.1401166 ], [ 78.0585372, 27.1404632 ], [ 78.0590789, 27.1409656 ], [ 78.0596575, 27.1415117 ], [ 78.0602595, 27.1420434 ], [ 78.0606243, 27.1423924 ] ] } },
{ "type": "Feature", "properties": { "name": "Urban Corridor", "highway": "tertiary", "slope_pct": 0.6 }, "geometry": { "type": "LineString", "coordinates": [ [ 78.0565997, 27.1385262 ], [ 78.0565794, 27.1385079 ], [ 78.0556075, 27.1376304 ], [ 78.0546764, 27.1367679 ], [ 78.053844, 27.1359815 ], [ 78.052805, 27.1349397 ], [ 78.0526325, 27.1347793 ], [ 78.0525575, 27.134732 ], [ 78.0522684, 27.1344954 ], [ 78.0521994, 27.1344202 ], [ 78.0519241, 27.1341231 ], [ 78.0513894, 27.1334691 ], [ 78.0513392, 27.1334216 ] ] } },
{ "type": "Feature", "properties": { "name": "Urban Corridor", "highway": "residential", "slope_pct": 0.6 }, "geometry": { "type": "LineString", "coordinates": [ [ 78.0406721, 27.1351894 ], [ 78.0403763, 27.1348481 ], [ 78.0401416, 27.1345731 ], [ 78.0399873, 27.1343848 ], [ 78.0398909, 27.1342645 ], [ 78.0396876, 27.1340309 ], [ 78.0391211, 27.1333155 ], [ 78.0385094, 27.1326229 ], [ 78.0382971, 27.1323824 ], [ 78.0376407, 27.1315948 ], [ 78.0374497, 27.1313655 ], [ 78.0372222, 27.1311015 ], [ 78.0369967, 27.1308338 ], [ 78.0363991, 27.1301522 ], [ 78.0361087, 27.1298351 ], [ 78.0360026, 27.1297022 ], [ 78.0358774, 27.1295506 ], [ 78.0357083, 27.1293198 ], [ 78.0355579, 27.1291289 ], [ 78.0354382, 27.128977 ], [ 78.0351213, 27.1285106 ], [ 78.035033, 27.1283806 ], [ 78.0347846, 27.1280198 ], [ 78.0346801, 27.1278589 ], [ 78.0344589, 27.12751 ], [ 78.0343006, 27.1272896 ], [ 78.0341167, 27.1270628 ], [ 78.0339517, 27.1268596 ], [ 78.0338365, 27.126718 ], [ 78.0337327, 27.1265904 ], [ 78.0335807, 27.1263975 ], [ 78.0334061, 27.1261632 ], [ 78.0330134, 27.125611 ], [ 78.0327193, 27.1251973 ] ] } },
{ "type": "Feature", "properties": { "name": "Urban Corridor", "highway": "residential", "slope_pct": 0.6 }, "geometry": { "type": "LineString", "coordinates": [ [ 78.0471525, 27.1235129 ], [ 78.047782, 27.1242868 ], [ 78.0482065, 27.1248814 ], [ 78.048475, 27.1252267 ], [ 78.0486359, 27.1254338 ], [ 78.0488455, 27.1257033 ], [ 78.0490444, 27.1259591 ], [ 78.0496556, 27.126748 ], [ 78.0500797, 27.1272953 ], [ 78.0503846, 27.1276454 ], [ 78.0507623, 27.1280785 ], [ 78.0510278, 27.1284233 ], [ 78.0510852, 27.1284979 ], [ 78.051473, 27.1290015 ], [ 78.0516109, 27.1291806 ], [ 78.0517489, 27.1293599 ], [ 78.0517963, 27.1294214 ], [ 78.0519258, 27.1295896 ], [ 78.0519829, 27.1296539 ], [ 78.0520203, 27.129696 ], [ 78.0525879, 27.130335 ], [ 78.0531123, 27.1309254 ] ] } },
{ "type": "Feature", "properties": { "name": "Urban Corridor", "highway": "residential", "slope_pct": 0.6 }, "geometry": { "type": "LineString", "coordinates": [ [ 78.0407628, 27.1239334 ], [ 78.0414538, 27.1233347 ], [ 78.0417271, 27.1230593 ] ] } },
{ "type": "Feature", "properties": { "name": "Urban Corridor", "highway": "residential", "slope_pct": 0.6 }, "geometry": { "type": "LineString", "coordinates": [ [ 78.043654, 27.1297725 ], [ 78.0423336, 27.1306894 ], [ 78.0421136, 27.1308422 ], [ 78.0417578, 27.1310575 ] ] } },
{ "type": "Feature", "properties": { "name": "Urban Corridor", "highway": "residential", "slope_pct": 0.6 }, "geometry": { "type": "LineString", "coordinates": [ [ 78.0461299, 27.1338764 ], [ 78.0456959, 27.1341854 ], [ 78.0453244, 27.1344499 ], [ 78.0451203, 27.1345952 ], [ 78.045096, 27.134613 ], [ 78.0444478, 27.1350888 ], [ 78.0442505, 27.1352336 ] ] } },
{ "type": "Feature", "properties": { "name": "Urban Corridor", "highway": "residential", "slope_pct": 0.6 }, "geometry": { "type": "LineString", "coordinates": [ [ 78.0392359, 27.1217549 ], [ 78.0398779, 27.121427 ], [ 78.0403229, 27.1211997 ], [ 78.0405524, 27.1210825 ], [ 78.0407552, 27.1209789 ], [ 78.0420932, 27.1202948 ], [ 78.0425176, 27.1200452 ], [ 78.0427607, 27.1199035 ], [ 78.0430177, 27.1197537 ], [ 78.0430876, 27.1197197 ], [ 78.0431319, 27.1197121 ], [ 78.0431797, 27.1197149 ], [ 78.0433571, 27.1197874 ], [ 78.0433898, 27.1197941 ], [ 78.0434102, 27.1197941 ], [ 78.0434353, 27.1197837 ], [ 78.0436542, 27.1196065 ], [ 78.0438025, 27.1194954 ], [ 78.0438196, 27.1194792 ], [ 78.0438303, 27.1194597 ], [ 78.0438454, 27.1193425 ], [ 78.04385, 27.11933 ], [ 78.0438615, 27.1193193 ], [ 78.0438796, 27.1193049 ], [ 78.043998, 27.1192075 ] ] } },
{ "type": "Feature", "properties": { "name": "Urban Corridor", "highway": "residential", "slope_pct": 0.6 }, "geometry": { "type": "LineString", "coordinates": [ [ 78.0417672, 27.1230842 ], [ 78.0418024, 27.1230898 ], [ 78.0418376, 27.1230839 ], [ 78.0418681, 27.1230672 ], [ 78.04189, 27.123042 ], [ 78.0419003, 27.1230115 ], [ 78.0418978, 27.1229797 ], [ 78.0418828, 27.1229508 ], [ 78.0418571, 27.1229286 ] ] } },
{ "type": "Feature", "properties": { "name": "Urban Corridor", "highway": "residential", "slope_pct": 0.6 }, "geometry": { "type": "LineString", "coordinates": [ [ 78.0451143, 27.132199 ], [ 78.0447754, 27.132431 ], [ 78.0440672, 27.1329159 ], [ 78.0436282, 27.1332165 ], [ 78.0433839, 27.1333838 ], [ 78.043282, 27.133449 ], [ 78.0429746, 27.1336457 ], [ 78.0425976, 27.1338868 ], [ 78.0420089, 27.1342634 ], [ 78.0419569, 27.1342967 ], [ 78.0414856, 27.1346521 ], [ 78.0413745, 27.1347367 ], [ 78.0406721, 27.1351894 ], [ 78.0402558, 27.1354715 ], [ 78.0400021, 27.1356374 ], [ 78.039696, 27.1358477 ], [ 78.0395412, 27.1359564 ], [ 78.039383, 27.1360674 ], [ 78.0393313, 27.1360955 ], [ 78.0391081, 27.1362452 ], [ 78.0388619, 27.136394 ], [ 78.0386378, 27.1365613 ], [ 78.0385827, 27.136595 ], [ 78.0383969, 27.1367236 ], [ 78.0381471, 27.1368966 ], [ 78.0380966, 27.1369426 ], [ 78.0379325, 27.1370524 ], [ 78.0377711, 27.1371648 ], [ 78.0374011, 27.137403 ], [ 78.0370556, 27.1376281 ], [ 78.0366254, 27.1379311 ] ] } },
{ "type": "Feature", "properties": { "name": "Urban Corridor", "highway": "residential", "slope_pct": 0.6 }, "geometry": { "type": "LineString", "coordinates": [ [ 78.0436282, 27.1332165 ], [ 78.04285, 27.1323525 ], [ 78.0424564, 27.1319155 ], [ 78.0423888, 27.1318405 ], [ 78.0420233, 27.1313812 ], [ 78.0419387, 27.131278 ], [ 78.0417578, 27.1310575 ], [ 78.0410762, 27.1302302 ], [ 78.0410115, 27.1301634 ], [ 78.0407882, 27.1298885 ], [ 78.0405671, 27.1296163 ], [ 78.0401978, 27.1291617 ], [ 78.0399323, 27.1288535 ], [ 78.0392905, 27.128078 ], [ 78.0386642, 27.1276727 ], [ 78.0380614, 27.1273037 ], [ 78.0378576, 27.1271616 ], [ 78.0377642, 27.1271147 ], [ 78.0377144, 27.1270897 ], [ 78.0373448, 27.1269893 ], [ 78.0371809, 27.1269407 ], [ 78.0370262, 27.1268732 ], [ 78.0369122, 27.1267949 ] ] } },
{ "type": "Feature", "properties": { "name": "Urban Corridor", "highway": "residential", "slope_pct": 0.6 }, "geometry": { "type": "LineString", "coordinates": [ [ 78.0417672, 27.1230842 ], [ 78.0417271, 27.1230593 ], [ 78.0417052, 27.1230199 ], [ 78.0417074, 27.1229759 ], [ 78.0417332, 27.1229384 ], [ 78.0417762, 27.1229167 ], [ 78.0418256, 27.1229162 ], [ 78.0418571, 27.1229286 ] ] } },
{ "type": "Feature", "properties": { "name": "Urban Corridor", "highway": "residential", "slope_pct": 0.6 }, "geometry": { "type": "LineString", "coordinates": [ [ 78.0502271, 27.1408803 ], [ 78.0496084, 27.1410965 ], [ 78.0492224, 27.1412619 ] ] } },
{ "type": "Feature", "properties": { "name": "Urban Corridor", "highway": "residential", "slope_pct": 0.6 }, "geometry": { "type": "LineString", "coordinates": [ [ 78.0489977, 27.1413421 ], [ 78.0491113, 27.1413084 ], [ 78.0492224, 27.1412619 ], [ 78.0485339, 27.1397612 ], [ 78.0485152, 27.1397052 ], [ 78.0485125, 27.1396646 ], [ 78.0485407, 27.139618 ], [ 78.048805, 27.1393578 ] ] } },
{ "type": "Feature", "properties": { "name": "Urban Corridor", "highway": "residential", "slope_pct": 0.6 }, "geometry": { "type": "LineString", "coordinates": [ [ 78.0487552, 27.1390328 ], [ 78.0489934, 27.1388914 ], [ 78.0492607, 27.1387585 ], [ 78.0497277, 27.1385264 ], [ 78.0498545, 27.1384634 ], [ 78.0499819, 27.1384 ], [ 78.0500534, 27.1383673 ], [ 78.0501236, 27.1383419 ], [ 78.0502226, 27.1383012 ], [ 78.0505869, 27.1381584 ], [ 78.0509879, 27.1379944 ], [ 78.0513619, 27.1378416 ], [ 78.0514296, 27.1378139 ], [ 78.0517251, 27.1376953 ] ] } },
{ "type": "Feature", "properties": { "name": "Urban Corridor", "highway": "residential", "slope_pct": 0.6 }, "geometry": { "type": "LineString", "coordinates": [ [ 78.053817, 27.1416614 ], [ 78.0528093, 27.1421132 ], [ 78.0524895, 27.1422478 ], [ 78.0520769, 27.1424215 ], [ 78.0506572, 27.1430192 ], [ 78.0501177, 27.143243 ], [ 78.0500133, 27.1432863 ], [ 78.0493943, 27.1435508 ], [ 78.0490723, 27.1436877 ], [ 78.0486472, 27.1438659 ], [ 78.0483357, 27.1439965 ], [ 78.047376, 27.1443969 ], [ 78.0470144, 27.1445628 ], [ 78.0466545, 27.144728 ] ] } },
{ "type": "Feature", "properties": { "name": "Urban Corridor", "highway": "residential", "slope_pct": 0.6 }, "geometry": { "type": "LineString", "coordinates": [ [ 78.0478148, 27.1383793 ], [ 78.0483699, 27.138755 ], [ 78.0487104, 27.1389832 ], [ 78.0487552, 27.1390328 ], [ 78.0487804, 27.1391185 ], [ 78.0487922, 27.1392615 ], [ 78.048805, 27.1393578 ], [ 78.0488389, 27.1394541 ], [ 78.0489039, 27.139617 ], [ 78.0496084, 27.1410965 ], [ 78.0497829, 27.1414629 ] ] } },
{ "type": "Feature", "properties": { "name": "Urban Corridor", "highway": "residential", "slope_pct": 0.6 }, "geometry": { "type": "LineString", "coordinates": [ [ 78.0512026, 27.1394314 ], [ 78.0514371, 27.1398757 ] ] } },
{ "type": "Feature", "properties": { "name": "Urban Corridor", "highway": "residential", "slope_pct": 0.6 }, "geometry": { "type": "LineString", "coordinates": [ [ 78.0489934, 27.1388914 ], [ 78.0486999, 27.1383029 ] ] } },
{ "type": "Feature", "properties": { "name": "Urban Corridor", "highway": "residential", "slope_pct": 0.6 }, "geometry": { "type": "LineString", "coordinates": [ [ 78.0500271, 27.139673 ], [ 78.0503368, 27.1402995 ] ] } },
{ "type": "Feature", "properties": { "name": "Urban Corridor", "highway": "residential", "slope_pct": 0.6 }, "geometry": { "type": "LineString", "coordinates": [ [ 78.0507805, 27.138492 ], [ 78.0511349, 27.1391629 ] ] } },
{ "type": "Feature", "properties": { "name": "Urban Corridor", "highway": "residential", "slope_pct": 0.6 }, "geometry": { "type": "LineString", "coordinates": [ [ 78.0506671, 27.1401872 ], [ 78.0503368, 27.1402995 ] ] } },
{ "type": "Feature", "properties": { "name": "Urban Corridor", "highway": "residential", "slope_pct": 0.6 }, "geometry": { "type": "LineString", "coordinates": [ [ 78.0486738, 27.1383277 ], [ 78.048105, 27.1379837 ], [ 78.0480408, 27.1379496 ] ] } },
{ "type": "Feature", "properties": { "name": "Urban Corridor", "highway": "residential", "slope_pct": 0.6 }, "geometry": { "type": "LineString", "coordinates": [ [ 78.0510445, 27.1400177 ], [ 78.0508715, 27.1396598 ], [ 78.0508661, 27.1396156 ], [ 78.0508715, 27.1395715 ], [ 78.0509023, 27.1395488 ] ] } },
{ "type": "Feature", "properties": { "name": "Urban Corridor", "highway": "residential", "slope_pct": 0.6 }, "geometry": { "type": "LineString", "coordinates": [ [ 78.0503352, 27.1395341 ], [ 78.0506671, 27.1401872 ] ] } },
{ "type": "Feature", "properties": { "name": "Urban Corridor", "highway": "residential", "slope_pct": 0.6 }, "geometry": { "type": "LineString", "coordinates": [ [ 78.0523446, 27.1389591 ], [ 78.0512026, 27.1394314 ], [ 78.0509023, 27.1395488 ] ] } },
{ "type": "Feature", "properties": { "name": "Urban Corridor", "highway": "residential", "slope_pct": 0.6 }, "geometry": { "type": "LineString", "coordinates": [ [ 78.0471198, 27.1408707 ], [ 78.0477735, 27.14062 ], [ 78.0480935, 27.1404985 ] ] } },
{ "type": "Feature", "properties": { "name": "Urban Corridor", "highway": "residential", "slope_pct": 0.6 }, "geometry": { "type": "LineString", "coordinates": [ [ 78.047984, 27.1393487 ], [ 78.0487552, 27.1390328 ] ] } },
{ "type": "Feature", "properties": { "name": "Urban Corridor", "highway": "residential", "slope_pct": 0.6 }, "geometry": { "type": "LineString", "coordinates": [ [ 78.0497181, 27.1375856 ], [ 78.0497911, 27.1377069 ], [ 78.0501236, 27.1383419 ] ] } },
{ "type": "Feature", "properties": { "name": "Urban Corridor", "highway": "residential", "slope_pct": 0.6 }, "geometry": { "type": "LineString", "coordinates": [ [ 78.0502226, 27.1383012 ], [ 78.0503992, 27.1386484 ], [ 78.0507508, 27.1393053 ] ] } },
{ "type": "Feature", "properties": { "name": "Urban Corridor", "highway": "residential", "slope_pct": 0.6 }, "geometry": { "type": "LineString", "coordinates": [ [ 78.048692, 27.1416388 ], [ 78.0483891, 27.1410557 ], [ 78.0480935, 27.1404985 ] ] } },
{ "type": "Feature", "properties": { "name": "Urban Corridor", "highway": "residential", "slope_pct": 0.6 }, "geometry": { "type": "LineString", "coordinates": [ [ 78.0503992, 27.1386484 ], [ 78.0507805, 27.138492 ], [ 78.050962, 27.1384176 ], [ 78.0510387, 27.1383788 ] ] } },
{ "type": "Feature", "properties": { "name": "Urban Corridor", "highway": "residential", "slope_pct": 0.6 }, "geometry": { "type": "LineString", "coordinates": [ [ 78.0484967, 27.1403235 ], [ 78.0480935, 27.1404985 ] ] } },
{ "type": "Feature", "properties": { "name": "Urban Corridor", "highway": "residential", "slope_pct": 0.6 }, "geometry": { "type": "LineString", "coordinates": [ [ 78.047984, 27.1393487 ], [ 78.0484967, 27.1403235 ], [ 78.0489977, 27.1413421 ], [ 78.0490771, 27.1415037 ], [ 78.0492184, 27.1417911 ] ] } },
{ "type": "Feature", "properties": { "name": "Urban Corridor", "highway": "residential", "slope_pct": 0.6 }, "geometry": { "type": "LineString", "coordinates": [ [ 78.0510445, 27.1400177 ], [ 78.0510889, 27.1400274 ], [ 78.051141, 27.1400142 ], [ 78.0514068, 27.1399092 ], [ 78.0514371, 27.1398757 ] ] } },
{ "type": "Feature", "properties": { "name": "Urban Corridor", "highway": "residential", "slope_pct": 0.6 }, "geometry": { "type": "LineString", "coordinates": [ [ 78.0483699, 27.138755 ], [ 78.0486527, 27.138353 ], [ 78.0486738, 27.1383277 ], [ 78.0486999, 27.1383029 ], [ 78.0488638, 27.138141 ] ] } },
{ "type": "Feature", "properties": { "name": "Urban Corridor", "highway": "residential", "slope_pct": 0.6 }, "geometry": { "type": "LineString", "coordinates": [ [ 78.0528621, 27.1399429 ], [ 78.052048, 27.1402473 ], [ 78.0511986, 27.1405649 ], [ 78.0508966, 27.1406247 ] ] } },
{ "type": "Feature", "properties": { "name": "Urban Corridor", "highway": "residential", "slope_pct": 0.6 }, "geometry": { "type": "LineString", "coordinates": [ [ 78.0475917, 27.138696 ], [ 78.047984, 27.1393487 ] ] } },
{ "type": "Feature", "properties": { "name": "Urban Corridor", "highway": "residential", "slope_pct": 0.6 }, "geometry": { "type": "LineString", "coordinates": [ [ 78.0500534, 27.1383673 ], [ 78.0499944, 27.1382718 ], [ 78.049926, 27.1381549 ], [ 78.0496839, 27.1377127 ], [ 78.0496836, 27.1376781 ], [ 78.0496927, 27.1376375 ], [ 78.0497181, 27.1375856 ] ] } },
{ "type": "Feature", "properties": { "name": "Urban Corridor", "highway": "residential", "slope_pct": 0.6 }, "geometry": { "type": "LineString", "coordinates": [ [ 78.0497202, 27.1398621 ], [ 78.0497369, 27.1398269 ], [ 78.0497906, 27.1397863 ], [ 78.0500271, 27.139673 ], [ 78.0502699, 27.1395636 ], [ 78.0503352, 27.1395341 ], [ 78.0503991, 27.1395054 ], [ 78.0504999, 27.1394599 ], [ 78.050724, 27.1393638 ], [ 78.0507481, 27.1393352 ], [ 78.0507508, 27.1393053 ] ] } },
{ "type": "Feature", "properties": { "name": "Urban Corridor", "highway": "residential", "slope_pct": 0.6 }, "geometry": { "type": "LineString", "coordinates": [ [ 78.0551778, 27.1390612 ], [ 78.0553587, 27.1394262 ], [ 78.0554289, 27.1394792 ], [ 78.0556968, 27.1396041 ], [ 78.0559647, 27.1397782 ], [ 78.0561774, 27.1399939 ], [ 78.0562858, 27.1401112 ], [ 78.0564176, 27.1403307 ], [ 78.0566015, 27.1407628 ] ] } },
{ "type": "Feature", "properties": { "name": "Urban Corridor", "highway": "residential", "slope_pct": 0.6 }, "geometry": { "type": "LineString", "coordinates": [ [ 78.053817, 27.1416614 ], [ 78.0538607, 27.1415977 ], [ 78.0539497, 27.1414536 ], [ 78.0539845, 27.1414045 ], [ 78.0541046, 27.1412749 ], [ 78.0544001, 27.1410043 ], [ 78.0545171, 27.1408907 ], [ 78.0545639, 27.1407659 ], [ 78.0546244, 27.1405608 ], [ 78.0546298, 27.1405426 ], [ 78.0547536, 27.1403765 ], [ 78.0547661, 27.1403597 ], [ 78.0548388, 27.1402624 ], [ 78.0549846, 27.1401593 ], [ 78.0552628, 27.1400255 ], [ 78.0552859, 27.1400116 ], [ 78.0553695, 27.1399613 ], [ 78.0555078, 27.1398462 ], [ 78.0556968, 27.1396041 ] ] } },
{ "type": "Feature", "properties": { "name": "Urban Corridor", "highway": "residential", "slope_pct": 0.6 }, "geometry": { "type": "LineString", "coordinates": [ [ 78.0538219, 27.1392039 ], [ 78.0538514, 27.1391765 ], [ 78.0538662, 27.1391371 ], [ 78.0538501, 27.1390977 ], [ 78.0535483, 27.1385141 ] ] } },
{ "type": "Feature", "properties": { "name": "Urban Corridor", "highway": "residential", "slope_pct": 0.6 }, "geometry": { "type": "LineString", "coordinates": [ [ 78.0543881, 27.1418405 ], [ 78.0549563, 27.1415662 ] ] } },
{ "type": "Feature", "properties": { "name": "Urban Corridor", "highway": "residential", "slope_pct": 0.6 }, "geometry": { "type": "LineString", "coordinates": [ [ 78.0533643, 27.1377323 ], [ 78.0529568, 27.1379462 ], [ 78.05249, 27.1381389 ], [ 78.052013, 27.1383221 ] ] } },
{ "type": "Feature", "properties": { "name": "Urban Corridor", "highway": "residential", "slope_pct": 0.6 }, "geometry": { "type": "LineString", "coordinates": [ [ 78.0520769, 27.1424215 ], [ 78.0518156, 27.1419524 ], [ 78.0516815, 27.1417053 ], [ 78.0516574, 27.1416827 ], [ 78.0516306, 27.1416624 ], [ 78.0515783, 27.1416493 ] ] } },
{ "type": "Feature", "properties": { "name": "Urban Corridor", "highway": "residential", "slope_pct": 0.6 }, "geometry": { "type": "LineString", "coordinates": [ [ 78.0552859, 27.1400116 ], [ 78.0551019, 27.1397713 ], [ 78.0550297, 27.1396522 ] ] } },
{ "type": "Feature", "properties": { "name": "Urban Corridor", "highway": "residential", "slope_pct": 0.6 }, "geometry": { "type": "LineString", "coordinates": [ [ 78.0538219, 27.1392039 ], [ 78.0526832, 27.1396028 ] ] } },
{ "type": "Feature", "properties": { "name": "Urban Corridor", "highway": "residential", "slope_pct": 0.6 }, "geometry": { "type": "LineString", "coordinates": [ [ 78.0547661, 27.1403597 ], [ 78.0545799, 27.1402684 ], [ 78.054281, 27.1401219 ], [ 78.0541629, 27.1400236 ] ] } },
{ "type": "Feature", "properties": { "name": "Urban Corridor", "highway": "residential", "slope_pct": 0.6 }, "geometry": { "type": "LineString", "coordinates": [ [ 78.0559712, 27.1418695 ], [ 78.0556866, 27.1413922 ], [ 78.0556016, 27.1412144 ], [ 78.0555949, 27.1411767 ], [ 78.0556056, 27.141148 ], [ 78.0556391, 27.1411253 ], [ 78.0557571, 27.1410681 ], [ 78.0559945, 27.1409571 ], [ 78.0561286, 27.1408795 ], [ 78.0562279, 27.1408413 ], [ 78.0562989, 27.1408318 ], [ 78.0564317, 27.1408258 ], [ 78.0565108, 27.1408079 ], [ 78.0565761, 27.1408113 ] ] } },
{ "type": "Feature", "properties": { "name": "Urban Corridor", "highway": "residential", "slope_pct": 0.6 }, "geometry": { "type": "LineString", "coordinates": [ [ 78.0550219, 27.1406319 ], [ 78.0549256, 27.1405196 ], [ 78.0548084, 27.1404152 ], [ 78.0547536, 27.1403765 ] ] } },
{ "type": "Feature", "properties": { "name": "Urban Corridor", "highway": "residential", "slope_pct": 0.6 }, "geometry": { "type": "LineString", "coordinates": [ [ 78.0510579, 27.1418271 ], [ 78.0515783, 27.1416493 ] ] } },
{ "type": "Feature", "properties": { "name": "Urban Corridor", "highway": "residential", "slope_pct": 0.6 }, "geometry": { "type": "LineString", "coordinates": [ [ 78.0565849, 27.1407795 ], [ 78.0565761, 27.1408113 ], [ 78.0565824, 27.140843 ], [ 78.0568653, 27.1414815 ], [ 78.0568642, 27.1415129 ], [ 78.0568412, 27.1415417 ], [ 78.0567936, 27.1415618 ], [ 78.0562392, 27.1417543 ], [ 78.0559712, 27.1418695 ], [ 78.0558507, 27.1419172 ], [ 78.0546954, 27.1424131 ], [ 78.0544519, 27.1425191 ], [ 78.0543989, 27.142533 ] ] } },
{ "type": "Feature", "properties": { "name": "Urban Corridor", "highway": "residential", "slope_pct": 0.6 }, "geometry": { "type": "LineString", "coordinates": [ [ 78.0565794, 27.1385079 ], [ 78.0564221, 27.1385667 ], [ 78.055537, 27.1389244 ], [ 78.0551778, 27.1390612 ], [ 78.0550423, 27.1391128 ], [ 78.05426, 27.1394141 ], [ 78.0528621, 27.1399429 ] ] } },
{ "type": "Feature", "properties": { "name": "Urban Corridor", "highway": "residential", "slope_pct": 0.6 }, "geometry": { "type": "LineString", "coordinates": [ [ 78.0518156, 27.1419524 ], [ 78.0512432, 27.1421675 ], [ 78.0512081, 27.1421675 ], [ 78.0511719, 27.1421486 ], [ 78.0510364, 27.1418987 ], [ 78.0510338, 27.1418653 ], [ 78.0510579, 27.1418271 ] ] } },
{ "type": "Feature", "properties": { "name": "Urban Corridor", "highway": "residential", "slope_pct": 0.6 }, "geometry": { "type": "LineString", "coordinates": [ [ 78.0546244, 27.1405608 ], [ 78.0544193, 27.1404751 ], [ 78.0540659, 27.1403292 ], [ 78.0539923, 27.1402383 ], [ 78.0539243, 27.1401343 ] ] } },
{ "type": "Feature", "properties": { "name": "Urban Corridor", "highway": "residential", "slope_pct": 0.6 }, "geometry": { "type": "LineString", "coordinates": [ [ 78.0540901, 27.1389673 ], [ 78.053684, 27.1383068 ], [ 78.0535677, 27.138078 ], [ 78.0533643, 27.1377323 ], [ 78.0532569, 27.1374639 ], [ 78.0532533, 27.1373946 ], [ 78.0532815, 27.1373493 ], [ 78.0533431, 27.1373135 ], [ 78.0535255, 27.1372383 ], [ 78.0540177, 27.1370211 ], [ 78.0545382, 27.1368062 ], [ 78.0546764, 27.1367679 ] ] } },
{ "type": "Feature", "properties": { "name": "Urban Corridor", "highway": "residential", "slope_pct": 0.6 }, "geometry": { "type": "LineString", "coordinates": [ [ 78.0539845, 27.1414045 ], [ 78.0541127, 27.1415674 ], [ 78.0542095, 27.141674 ], [ 78.0542988, 27.1417459 ], [ 78.0543881, 27.1418405 ], [ 78.0546954, 27.1424131 ] ] } },
{ "type": "Feature", "properties": { "name": "Urban Corridor", "highway": "residential", "slope_pct": 0.6 }, "geometry": { "type": "LineString", "coordinates": [ [ 78.0531514, 27.1404931 ], [ 78.0536767, 27.1402493 ], [ 78.0539243, 27.1401343 ], [ 78.0541629, 27.1400236 ], [ 78.0544268, 27.1399011 ], [ 78.0545015, 27.1398717 ], [ 78.0546854, 27.1397994 ], [ 78.0550297, 27.1396522 ], [ 78.0552583, 27.1395546 ], [ 78.0554289, 27.1394792 ] ] } },
{ "type": "Feature", "properties": { "name": "Urban Corridor", "highway": "residential", "slope_pct": 0.6 }, "geometry": { "type": "LineString", "coordinates": [ [ 78.0479964, 27.1412197 ], [ 78.048291, 27.1418045 ] ] } },
{ "type": "Feature", "properties": { "name": "Urban Corridor", "highway": "residential", "slope_pct": 0.6 }, "geometry": { "type": "LineString", "coordinates": [ [ 78.0474679, 27.1424683 ], [ 78.0475442, 27.1413675 ] ] } },
{ "type": "Feature", "properties": { "name": "Urban Corridor", "highway": "residential", "slope_pct": 0.6 }, "geometry": { "type": "LineString", "coordinates": [ [ 78.0502479, 27.1391627 ], [ 78.0502492, 27.13918 ], [ 78.0502425, 27.139195 ], [ 78.0502291, 27.1392057 ], [ 78.0499292, 27.1393302 ], [ 78.0497148, 27.1394243 ], [ 78.0496725, 27.1394295 ], [ 78.049643, 27.1394187 ], [ 78.0496176, 27.1393889 ], [ 78.0495371, 27.139229 ], [ 78.0494057, 27.1390034 ], [ 78.0492607, 27.1387585 ] ] } },
{ "type": "Feature", "properties": { "name": "Urban Corridor", "highway": "residential", "slope_pct": 0.6 }, "geometry": { "type": "LineString", "coordinates": [ [ 78.0474454, 27.1429167 ], [ 78.0474679, 27.1424683 ] ] } },
{ "type": "Feature", "properties": { "name": "Urban Corridor", "highway": "residential", "slope_pct": 0.6 }, "geometry": { "type": "LineString", "coordinates": [ [ 78.0480063, 27.1422428 ], [ 78.0474679, 27.1424683 ] ] } },
{ "type": "Feature", "properties": { "name": "Urban Corridor", "highway": "residential", "slope_pct": 0.6 }, "geometry": { "type": "LineString", "coordinates": [ [ 78.048692, 27.1416388 ], [ 78.049031, 27.1422713 ] ] } },
{ "type": "Feature", "properties": { "name": "Urban Corridor", "highway": "residential", "slope_pct": 0.6 }, "geometry": { "type": "LineString", "coordinates": [ [ 78.0478606, 27.1419706 ], [ 78.048291, 27.1418045 ], [ 78.048692, 27.1416388 ] ] } },
{ "type": "Feature", "properties": { "name": "Urban Corridor", "highway": "residential", "slope_pct": 0.6 }, "geometry": { "type": "LineString", "coordinates": [ [ 78.0498545, 27.1384634 ], [ 78.0502479, 27.1391627 ] ] } },
{ "type": "Feature", "properties": { "name": "Urban Corridor", "highway": "residential", "slope_pct": 0.6 }, "geometry": { "type": "LineString", "coordinates": [ [ 78.0481987, 27.1426022 ], [ 78.0480063, 27.1422428 ], [ 78.0478606, 27.1419706 ], [ 78.0475755, 27.1413581 ] ] } },
{ "type": "Feature", "properties": { "name": "Urban Corridor", "highway": "residential", "slope_pct": 0.6 }, "geometry": { "type": "LineString", "coordinates": [ [ 78.0470812, 27.1413437 ], [ 78.0474779, 27.1413698 ], [ 78.0475442, 27.1413675 ], [ 78.0475755, 27.1413581 ], [ 78.0476075, 27.1413484 ], [ 78.0479964, 27.1412197 ], [ 78.0483891, 27.1410557 ] ] } },
{ "type": "Feature", "properties": { "name": "Urban Corridor", "highway": "residential", "slope_pct": 0.6 }, "geometry": { "type": "LineString", "coordinates": [ [ 78.0506426, 27.1417619 ], [ 78.0502271, 27.1408803 ], [ 78.0501337, 27.1407042 ], [ 78.0501083, 27.1406546 ], [ 78.0497219, 27.139901 ], [ 78.0497202, 27.1398621 ] ] } },
{ "type": "Feature", "properties": { "name": "Urban Corridor", "highway": "residential", "slope_pct": 0.6 }, "geometry": { "type": "LineString", "coordinates": [ [ 78.0532652, 27.1407094 ], [ 78.05284, 27.14088 ], [ 78.052428, 27.1410453 ], [ 78.0510346, 27.1416045 ], [ 78.0506426, 27.1417619 ], [ 78.0494186, 27.1422463 ] ] } },
{ "type": "Feature", "properties": { "name": "Urban Corridor", "highway": "residential", "slope_pct": 0.6 }, "geometry": { "type": "LineString", "coordinates": [ [ 78.0493823, 27.1421447 ], [ 78.049031, 27.1422713 ], [ 78.0486187, 27.1424301 ], [ 78.0481987, 27.1426022 ], [ 78.0481424, 27.1426253 ], [ 78.0474454, 27.1429167 ], [ 78.0468641, 27.1431375 ] ] } },
{ "type": "Feature", "properties": { "name": "Urban Corridor", "highway": "residential", "slope_pct": 0.6 }, "geometry": { "type": "LineString", "coordinates": [ [ 78.0365463, 27.1379876 ], [ 78.0374928, 27.1389641 ], [ 78.0378269, 27.1393622 ], [ 78.0379108, 27.1394365 ], [ 78.0379871, 27.1394879 ], [ 78.0380583, 27.1395004 ], [ 78.038088, 27.1394956 ], [ 78.0381195, 27.1394816 ], [ 78.0381679, 27.1394551 ], [ 78.0382899, 27.1393711 ], [ 78.0385588, 27.1391967 ] ] } },
{ "type": "Feature", "properties": { "name": "Urban Corridor", "highway": "residential", "slope_pct": 0.6 }, "geometry": { "type": "LineString", "coordinates": [ [ 78.0396183, 27.1382556 ], [ 78.0403005, 27.1390823 ] ] } },
{ "type": "Feature", "properties": { "name": "Urban Corridor", "highway": "residential", "slope_pct": 0.6 }, "geometry": { "type": "LineString", "coordinates": [ [ 78.0394038, 27.1379932 ], [ 78.0396183, 27.1382556 ] ] } },
{ "type": "Feature", "properties": { "name": "Urban Corridor", "highway": "residential", "slope_pct": 0.6 }, "geometry": { "type": "LineString", "coordinates": [ [ 78.0393674, 27.1385654 ], [ 78.0398137, 27.1390957 ] ] } },
{ "type": "Feature", "properties": { "name": "Urban Corridor", "highway": "residential", "slope_pct": 0.6 }, "geometry": { "type": "LineString", "coordinates": [ [ 78.0396183, 27.1382556 ], [ 78.0394355, 27.1383956 ], [ 78.039353, 27.1384617 ], [ 78.0393368, 27.1384914 ], [ 78.0393402, 27.1385236 ], [ 78.0393674, 27.1385654 ] ] } },
{ "type": "Feature", "properties": { "name": "Urban Corridor", "highway": "residential", "slope_pct": 0.6 }, "geometry": { "type": "LineString", "coordinates": [ [ 78.0380966, 27.1369426 ], [ 78.0384865, 27.1373678 ], [ 78.0392065, 27.1381468 ], [ 78.0394355, 27.1383956 ] ] } },
{ "type": "Feature", "properties": { "name": "Urban Corridor", "highway": "residential", "slope_pct": 0.6 }, "geometry": { "type": "LineString", "coordinates": [ [ 78.0374011, 27.137403 ], [ 78.0381731, 27.1381968 ], [ 78.038376, 27.1384269 ], [ 78.038409, 27.1384685 ], [ 78.0385596, 27.1386581 ], [ 78.0388204, 27.1390115 ], [ 78.0390378, 27.1392554 ] ] } },
{ "type": "Feature", "properties": { "name": "Urban Corridor", "highway": "residential", "slope_pct": 0.6 }, "geometry": { "type": "LineString", "coordinates": [ [ 78.0391717, 27.1388255 ], [ 78.0394584, 27.1391336 ], [ 78.0394718, 27.1391496 ], [ 78.0395083, 27.1391628 ], [ 78.0395493, 27.1391615 ], [ 78.0397812, 27.1391038 ], [ 78.0398137, 27.1390957 ] ] } },
{ "type": "Feature", "properties": { "name": "Urban Corridor", "highway": "residential", "slope_pct": 0.6 }, "geometry": { "type": "LineString", "coordinates": [ [ 78.0370556, 27.1376281 ], [ 78.0380823, 27.1386995 ], [ 78.0385588, 27.1391967 ], [ 78.038717, 27.139381 ] ] } },
{ "type": "Feature", "properties": { "name": "Urban Corridor", "highway": "residential", "slope_pct": 0.6 }, "geometry": { "type": "LineString", "coordinates": [ [ 78.0463504, 27.1402453 ], [ 78.0457671, 27.1399034 ], [ 78.0452498, 27.1396002 ], [ 78.0447872, 27.1393232 ], [ 78.0447355, 27.1392923 ], [ 78.0444345, 27.1391175 ], [ 78.0442877, 27.1390241 ], [ 78.0442283, 27.1389842 ], [ 78.0438732, 27.1387461 ], [ 78.0437376, 27.1386551 ], [ 78.0435744, 27.138564 ], [ 78.043345, 27.1383599 ], [ 78.0432779, 27.1382822 ], [ 78.0429497, 27.1379023 ], [ 78.0428287, 27.137769 ], [ 78.0426483, 27.1375701 ] ] } },
{ "type": "Feature", "properties": { "name": "Urban Corridor", "highway": "residential", "slope_pct": 0.6 }, "geometry": { "type": "LineString", "coordinates": [ [ 78.0413745, 27.1347367 ], [ 78.0416556, 27.135093 ], [ 78.0417865, 27.1352759 ], [ 78.0420438, 27.1356354 ], [ 78.0426031, 27.1363634 ], [ 78.0426352, 27.1364052 ], [ 78.0427332, 27.1365328 ], [ 78.0428269, 27.1366335 ], [ 78.0430016, 27.1368212 ], [ 78.043131, 27.1369601 ], [ 78.0431908, 27.1370416 ], [ 78.0432352, 27.1371082 ], [ 78.0432547, 27.1371362 ], [ 78.0432118, 27.137166 ], [ 78.0429775, 27.1373304 ], [ 78.0426483, 27.1375701 ], [ 78.0416981, 27.1382655 ], [ 78.0413687, 27.1384881 ], [ 78.041183, 27.1386203 ], [ 78.041041, 27.1387117 ], [ 78.0408348, 27.1388627 ], [ 78.0406277, 27.139026 ], [ 78.0405793, 27.1390518 ], [ 78.0405243, 27.1390715 ], [ 78.0404738, 27.1390791 ], [ 78.0404334, 27.1390802 ], [ 78.0403005, 27.1390823 ], [ 78.0400469, 27.1390733 ], [ 78.0398137, 27.1390957 ] ] } },
{ "type": "Feature", "properties": { "name": "Urban Corridor", "highway": "residential", "slope_pct": 0.6 }, "geometry": { "type": "LineString", "coordinates": [ [ 78.0360316, 27.1383127 ], [ 78.0363183, 27.1386116 ], [ 78.0365904, 27.1389172 ], [ 78.0363839, 27.1392975 ], [ 78.0363526, 27.1393684 ], [ 78.0366635, 27.1394526 ], [ 78.03701, 27.1395746 ], [ 78.0374075, 27.1397031 ], [ 78.0375467, 27.1397466 ], [ 78.037637, 27.1397864 ], [ 78.0377681, 27.139847 ], [ 78.0378966, 27.139912 ], [ 78.0380059, 27.1399717 ], [ 78.0381203, 27.1400495 ], [ 78.0384575, 27.1403447 ], [ 78.038834, 27.1406309 ], [ 78.0390508, 27.1408288 ], [ 78.0392897, 27.1410526 ], [ 78.0393973, 27.141156 ], [ 78.0398905, 27.1416834 ], [ 78.039839, 27.1417341 ], [ 78.0401313, 27.1420204 ], [ 78.0404706, 27.1423628 ], [ 78.0407812, 27.1427015 ] ] } },
{ "type": "Feature", "properties": { "name": "Urban Corridor", "highway": "residential", "slope_pct": 0.6 }, "geometry": { "type": "LineString", "coordinates": [ [ 78.03701, 27.1395746 ], [ 78.0368716, 27.1398658 ], [ 78.0367694, 27.1400421 ] ] } },
{ "type": "Feature", "properties": { "name": "Urban Corridor", "highway": "residential", "slope_pct": 0.6 }, "geometry": { "type": "LineString", "coordinates": [ [ 78.036205, 27.1396896 ], [ 78.0364214, 27.1397835 ], [ 78.0364609, 27.1398051 ], [ 78.0364738, 27.139826 ], [ 78.036476, 27.1398564 ], [ 78.0364834, 27.1398696 ], [ 78.0365068, 27.1398855 ], [ 78.0367231, 27.1400142 ], [ 78.0367694, 27.1400421 ], [ 78.0371969, 27.140306 ], [ 78.0376139, 27.1406024 ], [ 78.0380712, 27.1409431 ], [ 78.0384959, 27.1413127 ], [ 78.0385942, 27.1414066 ], [ 78.0388764, 27.1416912 ], [ 78.0393081, 27.1421316 ], [ 78.0394829, 27.1423002 ] ] } },
{ "type": "Feature", "properties": { "name": "Urban Corridor", "highway": "residential", "slope_pct": 0.6 }, "geometry": { "type": "LineString", "coordinates": [ [ 78.0528093, 27.1421132 ], [ 78.0532881, 27.1429456 ] ] } },
{ "type": "Feature", "properties": { "name": "Urban Corridor", "highway": "residential", "slope_pct": 0.6 }, "geometry": { "type": "LineString", "coordinates": [ [ 78.0530448, 27.1415096 ], [ 78.0522619, 27.1418134 ] ] } },
{ "type": "Feature", "properties": { "name": "Urban Corridor", "highway": "residential", "slope_pct": 0.6 }, "geometry": { "type": "LineString", "coordinates": [ [ 78.0524895, 27.1422478 ], [ 78.0522619, 27.1418134 ], [ 78.0521536, 27.1416331 ], [ 78.0521502, 27.1416146 ], [ 78.0521583, 27.1415902 ], [ 78.0521811, 27.1415675 ], [ 78.0530072, 27.1412566 ], [ 78.0530944, 27.1414064 ], [ 78.0530964, 27.1414374 ], [ 78.053091, 27.1414643 ], [ 78.0530743, 27.1414858 ], [ 78.0530448, 27.1415096 ] ] } },
{ "type": "Feature", "properties": { "name": "Urban Corridor", "highway": "residential", "slope_pct": 0.6 }, "geometry": { "type": "LineString", "coordinates": [ [ 78.0529568, 27.1379462 ], [ 78.0532343, 27.138443 ] ] } },
{ "type": "Feature", "properties": { "name": "Urban Corridor", "highway": "residential", "slope_pct": 0.6 }, "geometry": { "type": "LineString", "coordinates": [ [ 78.0497277, 27.1385264 ], [ 78.0495423, 27.1382227 ], [ 78.0494442, 27.138063 ], [ 78.0494059, 27.1379949 ] ] } },
{ "type": "Feature", "properties": { "name": "Urban Corridor", "highway": "residential", "slope_pct": 0.6 }, "geometry": { "type": "LineString", "coordinates": [ [ 78.0509879, 27.1379944 ], [ 78.0509405, 27.1378649 ], [ 78.05091, 27.1377625 ], [ 78.0508187, 27.1375849 ], [ 78.0507767, 27.1374809 ] ] } },
{ "type": "Feature", "properties": { "name": "Urban Corridor", "highway": "residential", "slope_pct": 0.6 }, "geometry": { "type": "LineString", "coordinates": [ [ 78.0499292, 27.1393302 ], [ 78.0497998, 27.1390695 ] ] } },
{ "type": "Feature", "properties": { "name": "Urban Corridor", "highway": "residential", "slope_pct": 0.6 }, "geometry": { "type": "LineString", "coordinates": [ [ 78.0508966, 27.1406247 ], [ 78.0502271, 27.1408803 ] ] } },
{ "type": "Feature", "properties": { "name": "Urban Corridor", "highway": "residential", "slope_pct": 0.6 }, "geometry": { "type": "LineString", "coordinates": [ [ 78.0508966, 27.1406247 ], [ 78.0508296, 27.1405111 ], [ 78.05076, 27.140393 ], [ 78.0507278, 27.1403385 ], [ 78.0507089, 27.1402954 ], [ 78.0506671, 27.1401872 ] ] } },
{ "type": "Feature", "properties": { "name": "Urban Corridor", "highway": "residential", "slope_pct": 0.6 }, "geometry": { "type": "LineString", "coordinates": [ [ 78.0457821, 27.1367737 ], [ 78.0460602, 27.1370883 ], [ 78.0457912, 27.1372772 ], [ 78.0457328, 27.1373173 ], [ 78.045452, 27.1375103 ] ] } },
{ "type": "Feature", "properties": { "name": "Urban Corridor", "highway": "residential", "slope_pct": 0.6 }, "geometry": { "type": "LineString", "coordinates": [ [ 78.0450858, 27.1376637 ], [ 78.0447778, 27.1378744 ], [ 78.0446769, 27.1379412 ], [ 78.044626, 27.1379508 ], [ 78.0445951, 27.1379341 ] ] } },
{ "type": "Feature", "properties": { "name": "Urban Corridor", "highway": "residential", "slope_pct": 0.6 }, "geometry": { "type": "LineString", "coordinates": [ [ 78.0447778, 27.1378744 ], [ 78.0450913, 27.1382014 ], [ 78.0451208, 27.1382205 ], [ 78.0451705, 27.1382217 ], [ 78.0452134, 27.1382074 ] ] } },
{ "type": "Feature", "properties": { "name": "Urban Corridor", "highway": "residential", "slope_pct": 0.6 }, "geometry": { "type": "LineString", "coordinates": [ [ 78.0448516, 27.1373991 ], [ 78.0450858, 27.1376637 ], [ 78.0454371, 27.1380607 ] ] } },
{ "type": "Feature", "properties": { "name": "Urban Corridor", "highway": "residential", "slope_pct": 0.6 }, "geometry": { "type": "LineString", "coordinates": [ [ 78.0464834, 27.1373361 ], [ 78.0457625, 27.1378393 ], [ 78.0454371, 27.1380607 ], [ 78.0452134, 27.1382074 ] ] } },
{ "type": "Feature", "properties": { "name": "Urban Corridor", "highway": "residential", "slope_pct": 0.6 }, "geometry": { "type": "LineString", "coordinates": [ [ 78.0457625, 27.1378393 ], [ 78.045452, 27.1375103 ], [ 78.0451596, 27.1372006 ], [ 78.0448516, 27.1373991 ], [ 78.0444624, 27.1376596 ], [ 78.0444409, 27.1376858 ], [ 78.0444342, 27.1377228 ], [ 78.0444543, 27.1377574 ], [ 78.0445951, 27.1379341 ] ] } },
{ "type": "Feature", "properties": { "name": "Urban Corridor", "highway": "residential", "slope_pct": 0.6 }, "geometry": { "type": "LineString", "coordinates": [ [ 78.0444931, 27.1382351 ], [ 78.0443207, 27.1380231 ] ] } },
{ "type": "Feature", "properties": { "name": "Urban Corridor", "highway": "residential", "slope_pct": 0.6 }, "geometry": { "type": "LineString", "coordinates": [ [ 78.0447872, 27.1393232 ], [ 78.0451795, 27.1388282 ], [ 78.0453825, 27.1385873 ] ] } },
{ "type": "Feature", "properties": { "name": "Urban Corridor", "highway": "residential", "slope_pct": 0.6 }, "geometry": { "type": "LineString", "coordinates": [ [ 78.0432779, 27.1382822 ], [ 78.0434965, 27.1381363 ], [ 78.0435846, 27.1380791 ] ] } },
{ "type": "Feature", "properties": { "name": "Urban Corridor", "highway": "residential", "slope_pct": 0.6 }, "geometry": { "type": "LineString", "coordinates": [ [ 78.0452498, 27.1396002 ], [ 78.0454111, 27.1393827 ], [ 78.045507, 27.1392545 ], [ 78.0456049, 27.1391166 ] ] } },
{ "type": "Feature", "properties": { "name": "Urban Corridor", "highway": "residential", "slope_pct": 0.6 }, "geometry": { "type": "LineString", "coordinates": [ [ 78.0439104, 27.1383836 ], [ 78.0438171, 27.1382857 ], [ 78.0437489, 27.1381841 ], [ 78.0436523, 27.1380791 ], [ 78.0436362, 27.1380707 ], [ 78.0436087, 27.1380683 ], [ 78.0435846, 27.1380791 ] ] } },
{ "type": "Feature", "properties": { "name": "Urban Corridor", "highway": "residential", "slope_pct": 0.6 }, "geometry": { "type": "LineString", "coordinates": [ [ 78.0438732, 27.1387461 ], [ 78.0440344, 27.1385939 ], [ 78.0443288, 27.1383621 ], [ 78.0444931, 27.1382351 ], [ 78.0446366, 27.1381243 ] ] } },
{ "type": "Feature", "properties": { "name": "Urban Corridor", "highway": "residential", "slope_pct": 0.6 }, "geometry": { "type": "LineString", "coordinates": [ [ 78.0442283, 27.1389842 ], [ 78.0444196, 27.1388197 ], [ 78.0445655, 27.1387111 ], [ 78.0448047, 27.1385152 ], [ 78.0449124, 27.1384109 ] ] } },
{ "type": "Feature", "properties": { "name": "Urban Corridor", "highway": "residential", "slope_pct": 0.6 }, "geometry": { "type": "LineString", "coordinates": [ [ 78.0440638, 27.1381999 ], [ 78.0441053, 27.1381677 ], [ 78.0441482, 27.1381389 ], [ 78.0442269, 27.1380861 ], [ 78.0442698, 27.1380573 ], [ 78.0443207, 27.1380231 ] ] } },
{ "type": "Feature", "properties": { "name": "Urban Corridor", "highway": "residential", "slope_pct": 0.6 }, "geometry": { "type": "LineString", "coordinates": [ [ 78.0443207, 27.1380231 ], [ 78.0441862, 27.1378852 ], [ 78.0440522, 27.1377489 ], [ 78.0439594, 27.1375981 ], [ 78.0439326, 27.1375551 ], [ 78.0439313, 27.1375265 ], [ 78.0439447, 27.1374931 ], [ 78.0440131, 27.1374268 ], [ 78.0442101, 27.1373104 ], [ 78.0443201, 27.1372295 ] ] } },
{ "type": "Feature", "properties": { "name": "Urban Corridor", "highway": "residential", "slope_pct": 0.6 }, "geometry": { "type": "LineString", "coordinates": [ [ 78.0469255, 27.1394696 ], [ 78.0468124, 27.1393806 ], [ 78.0466702, 27.1392686 ], [ 78.0465069, 27.1391401 ], [ 78.0464165, 27.1390689 ], [ 78.0462648, 27.1389493 ], [ 78.0461746, 27.1388783 ], [ 78.0460882, 27.1388103 ], [ 78.0457149, 27.1385162 ] ] } },
{ "type": "Feature", "properties": { "name": "Urban Corridor", "highway": "residential", "slope_pct": 0.6 }, "geometry": { "type": "LineString", "coordinates": [ [ 78.0465875, 27.1399187 ], [ 78.0465077, 27.1398696 ], [ 78.0464186, 27.1398149 ], [ 78.0463017, 27.139743 ], [ 78.0461777, 27.1396668 ], [ 78.0460464, 27.1395861 ], [ 78.0459259, 27.139512 ], [ 78.0456807, 27.1393612 ], [ 78.045507, 27.1392545 ] ] } },
{ "type": "Feature", "properties": { "name": "Urban Corridor", "highway": "residential", "slope_pct": 0.6 }, "geometry": { "type": "LineString", "coordinates": [ [ 78.0458292, 27.1409903 ], [ 78.0455335, 27.1407793 ] ] } },
{ "type": "Feature", "properties": { "name": "Urban Corridor", "highway": "residential", "slope_pct": 0.6 }, "geometry": { "type": "LineString", "coordinates": [ [ 78.0455484, 27.1413671 ], [ 78.0453157, 27.1411986 ], [ 78.0451482, 27.1410645 ], [ 78.0449497, 27.1408984 ], [ 78.044917, 27.1408294 ], [ 78.0449197, 27.140784 ], [ 78.0449894, 27.1407076 ], [ 78.0452375, 27.1404976 ], [ 78.0455835, 27.1401539 ], [ 78.0457671, 27.1399034 ] ] } },
{ "type": "Feature", "properties": { "name": "Urban Corridor", "highway": "residential", "slope_pct": 0.6 }, "geometry": { "type": "LineString", "coordinates": [ [ 78.0461171, 27.1405677 ], [ 78.0459394, 27.1404723 ], [ 78.0457601, 27.1403488 ], [ 78.0455842, 27.1402555 ] ] } },
{ "type": "Feature", "properties": { "name": "Urban Corridor", "highway": "residential", "slope_pct": 0.6 }, "geometry": { "type": "LineString", "coordinates": [ [ 78.0447355, 27.1392923 ], [ 78.0442475, 27.1398981 ], [ 78.0438371, 27.1402635 ], [ 78.0437278, 27.1401866 ], [ 78.0436863, 27.1401574 ], [ 78.0436073, 27.1401018 ], [ 78.0434105, 27.1399566 ], [ 78.0433623, 27.1399153 ], [ 78.0431383, 27.1397236 ], [ 78.0431239, 27.1397168 ], [ 78.0430995, 27.139709 ], [ 78.0430612, 27.139715 ] ] } },
{ "type": "Feature", "properties": { "name": "Urban Corridor", "highway": "residential", "slope_pct": 0.6 }, "geometry": { "type": "LineString", "coordinates": [ [ 78.0468611, 27.1408512 ], [ 78.0462971, 27.1416616 ] ] } },
{ "type": "Feature", "properties": { "name": "Urban Corridor", "highway": "residential", "slope_pct": 0.6 }, "geometry": { "type": "LineString", "coordinates": [ [ 78.0442475, 27.1398981 ], [ 78.0441373, 27.1398115 ], [ 78.0439956, 27.1397075 ], [ 78.0437506, 27.1395208 ], [ 78.0437184, 27.1394996 ], [ 78.0434391, 27.1392886 ], [ 78.0432084, 27.1391072 ], [ 78.0431803, 27.1390893 ], [ 78.0431387, 27.1390796 ], [ 78.0430824, 27.1390834 ], [ 78.0427516, 27.1392306 ], [ 78.0424476, 27.1393617 ], [ 78.0423171, 27.139418 ] ] } },
{ "type": "Feature", "properties": { "name": "Urban Corridor", "highway": "residential", "slope_pct": 0.6 }, "geometry": { "type": "LineString", "coordinates": [ [ 78.0418927, 27.1406732 ], [ 78.0420964, 27.1404769 ], [ 78.0423918, 27.1402291 ], [ 78.0425462, 27.1401059 ], [ 78.0428501, 27.1398636 ], [ 78.0430317, 27.1397261 ], [ 78.0430612, 27.139715 ] ] } },
{ "type": "Feature", "properties": { "name": "Urban Corridor", "highway": "residential", "slope_pct": 0.6 }, "geometry": { "type": "LineString", "coordinates": [ [ 78.0434105, 27.1399566 ], [ 78.0431579, 27.1401829 ] ] } },
{ "type": "Feature", "properties": { "name": "Urban Corridor", "highway": "residential", "slope_pct": 0.6 }, "geometry": { "type": "LineString", "coordinates": [ [ 78.0439956, 27.1397075 ], [ 78.0437986, 27.1399192 ] ] } },
{ "type": "Feature", "properties": { "name": "Urban Corridor", "highway": "residential", "slope_pct": 0.6 }, "geometry": { "type": "LineString", "coordinates": [ [ 78.042962, 27.1400098 ], [ 78.0431579, 27.1401829 ], [ 78.0434351, 27.1403932 ] ] } },
{ "type": "Feature", "properties": { "name": "Urban Corridor", "highway": "residential", "slope_pct": 0.6 }, "geometry": { "type": "LineString", "coordinates": [ [ 78.0444345, 27.1391175 ], [ 78.0442474, 27.1393232 ], [ 78.044059, 27.1395316 ] ] } },
{ "type": "Feature", "properties": { "name": "Urban Corridor", "highway": "residential", "slope_pct": 0.6 }, "geometry": { "type": "LineString", "coordinates": [ [ 78.0434342, 27.1413679 ], [ 78.0431765, 27.1411189 ], [ 78.0429939, 27.1409652 ] ] } },
{ "type": "Feature", "properties": { "name": "Urban Corridor", "highway": "residential", "slope_pct": 0.6 }, "geometry": { "type": "LineString", "coordinates": [ [ 78.0428759, 27.1403948 ], [ 78.042406, 27.1408357 ], [ 78.0422295, 27.1409747 ] ] } },
{ "type": "Feature", "properties": { "name": "Urban Corridor", "highway": "residential", "slope_pct": 0.6 }, "geometry": { "type": "LineString", "coordinates": [ [ 78.0437506, 27.1395208 ], [ 78.04351, 27.1397748 ], [ 78.0434043, 27.1398808 ], [ 78.0433623, 27.1399153 ] ] } },
{ "type": "Feature", "properties": { "name": "Urban Corridor", "highway": "residential", "slope_pct": 0.6 }, "geometry": { "type": "LineString", "coordinates": [ [ 78.0434279, 27.1409155 ], [ 78.0433371, 27.1408225 ], [ 78.0428759, 27.1403948 ], [ 78.0425462, 27.1401059 ] ] } },
{ "type": "Feature", "properties": { "name": "Urban Corridor", "highway": "residential", "slope_pct": 0.6 }, "geometry": { "type": "LineString", "coordinates": [ [ 78.0437638, 27.1406606 ], [ 78.0436579, 27.1407409 ], [ 78.043555, 27.1408191 ], [ 78.0434279, 27.1409155 ] ] } },
{ "type": "Feature", "properties": { "name": "Urban Corridor", "highway": "residential", "slope_pct": 0.6 }, "geometry": { "type": "LineString", "coordinates": [ [ 78.0438371, 27.1402635 ], [ 78.0438175, 27.1403029 ], [ 78.0440178, 27.14046 ], [ 78.0440675, 27.1404999 ], [ 78.0441774, 27.1406261 ] ] } },
{ "type": "Feature", "properties": { "name": "Urban Corridor", "highway": "residential", "slope_pct": 0.6 }, "geometry": { "type": "LineString", "coordinates": [ [ 78.0434279, 27.1409155 ], [ 78.0433083, 27.1410189 ], [ 78.0431765, 27.1411189 ], [ 78.0431039, 27.1411808 ], [ 78.0428625, 27.1413775 ], [ 78.0427897, 27.1414369 ], [ 78.0425089, 27.1412052 ], [ 78.0422295, 27.1409747 ], [ 78.0418927, 27.1406732 ] ] } },
{ "type": "Feature", "properties": { "name": "Urban Corridor", "highway": "residential", "slope_pct": 0.6 }, "geometry": { "type": "LineString", "coordinates": [ [ 78.0439126, 27.1408 ], [ 78.0438522, 27.1407435 ], [ 78.0437638, 27.1406606 ], [ 78.0436845, 27.1405862 ], [ 78.0436362, 27.140537 ], [ 78.0436282, 27.1405155 ], [ 78.0436376, 27.1404869 ], [ 78.0436919, 27.1404146 ], [ 78.0437513, 27.1403603 ], [ 78.0438175, 27.1403029 ] ] } },
{ "type": "Feature", "properties": { "name": "Urban Corridor", "highway": "residential", "slope_pct": 0.6 }, "geometry": { "type": "LineString", "coordinates": [ [ 78.0415978, 27.1393925 ], [ 78.0415817, 27.1394223 ], [ 78.0415884, 27.1394557 ], [ 78.042102, 27.139945 ], [ 78.0421109, 27.139957 ], [ 78.0421134, 27.1399665 ], [ 78.042104, 27.139991 ] ] } },
{ "type": "Feature", "properties": { "name": "Urban Corridor", "highway": "residential", "slope_pct": 0.6 }, "geometry": { "type": "LineString", "coordinates": [ [ 78.0416746, 27.1398826 ], [ 78.0413659, 27.1401906 ] ] } },
{ "type": "Feature", "properties": { "name": "Urban Corridor", "highway": "residential", "slope_pct": 0.6 }, "geometry": { "type": "LineString", "coordinates": [ [ 78.0418927, 27.1406732 ], [ 78.0416068, 27.140414 ], [ 78.0413659, 27.1401906 ] ] } },
{ "type": "Feature", "properties": { "name": "Urban Corridor", "highway": "residential", "slope_pct": 0.6 }, "geometry": { "type": "LineString", "coordinates": [ [ 78.0417853, 27.1392275 ], [ 78.0420732, 27.1394837 ], [ 78.042366, 27.1397741 ] ] } },
{ "type": "Feature", "properties": { "name": "Urban Corridor", "highway": "residential", "slope_pct": 0.6 }, "geometry": { "type": "LineString", "coordinates": [ [ 78.042104, 27.139991 ], [ 78.0419652, 27.1400947 ], [ 78.0416068, 27.140414 ] ] } },
{ "type": "Feature", "properties": { "name": "Urban Corridor", "highway": "residential", "slope_pct": 0.6 }, "geometry": { "type": "LineString", "coordinates": [ [ 78.0417421, 27.1385314 ], [ 78.0416768, 27.1385752 ], [ 78.0413685, 27.1387574 ], [ 78.0410495, 27.1389865 ], [ 78.0409696, 27.1390439 ], [ 78.0408746, 27.1390966 ], [ 78.040771, 27.139152 ], [ 78.0406011, 27.1392095 ], [ 78.04051, 27.139234 ], [ 78.0404461, 27.1392509 ], [ 78.0403316, 27.1392629 ], [ 78.0401198, 27.1392817 ], [ 78.0399876, 27.1393088 ], [ 78.0398436, 27.1393555 ], [ 78.0397445, 27.1393915 ], [ 78.0395421, 27.1394764 ] ] } },
{ "type": "Feature", "properties": { "name": "Urban Corridor", "highway": "residential", "slope_pct": 0.6 }, "geometry": { "type": "LineString", "coordinates": [ [ 78.0411686, 27.1396431 ], [ 78.0411195, 27.1396871 ], [ 78.0410062, 27.1397844 ], [ 78.0408922, 27.1398868 ], [ 78.0408113, 27.1399653 ], [ 78.0407293, 27.140045 ] ] } },
{ "type": "Feature", "properties": { "name": "Urban Corridor", "highway": "residential", "slope_pct": 0.6 }, "geometry": { "type": "LineString", "coordinates": [ [ 78.0426988, 27.1422925 ], [ 78.0429945, 27.1421081 ], [ 78.0430113, 27.1420795 ], [ 78.0430046, 27.1420526 ], [ 78.0429308, 27.1419631 ], [ 78.0428266, 27.1418583 ], [ 78.0427147, 27.1417405 ], [ 78.0425883, 27.1416073 ], [ 78.0424936, 27.1415043 ], [ 78.0424748, 27.1414989 ], [ 78.0424574, 27.1415007 ], [ 78.0423076, 27.1415941 ], [ 78.0421757, 27.141707 ], [ 78.0420916, 27.1417677 ], [ 78.0420678, 27.1417698 ], [ 78.0420494, 27.141765 ], [ 78.0418825, 27.1416207 ] ] } },
{ "type": "Feature", "properties": { "name": "Urban Corridor", "highway": "residential", "slope_pct": 0.6 }, "geometry": { "type": "LineString", "coordinates": [ [ 78.0421757, 27.141707 ], [ 78.0423036, 27.141853 ], [ 78.0424044, 27.1419747 ], [ 78.0425099, 27.1420942 ], [ 78.0426988, 27.1422925 ], [ 78.0423396, 27.1425447 ], [ 78.0421068, 27.1427112 ], [ 78.0414697, 27.1432311 ] ] } },
{ "type": "Feature", "properties": { "name": "Urban Corridor", "highway": "residential", "slope_pct": 0.6 }, "geometry": { "type": "LineString", "coordinates": [ [ 78.0424044, 27.1419747 ], [ 78.0421236, 27.1421647 ], [ 78.0418261, 27.1423611 ], [ 78.0419365, 27.1425084 ], [ 78.0421068, 27.1427112 ] ] } },
{ "type": "Feature", "properties": { "name": "Urban Corridor", "highway": "residential", "slope_pct": 0.6 }, "geometry": { "type": "LineString", "coordinates": [ [ 78.0428625, 27.1413775 ], [ 78.0429864, 27.1414742 ], [ 78.0430732, 27.1415489 ], [ 78.0431856, 27.1416641 ], [ 78.0432399, 27.1417101 ], [ 78.043258, 27.1417161 ], [ 78.0432741, 27.1417173 ], [ 78.0432943, 27.1417137 ], [ 78.0433814, 27.1416528 ], [ 78.0434485, 27.1416063 ], [ 78.0434659, 27.1416021 ], [ 78.043484, 27.1416117 ], [ 78.0435612, 27.1417135 ], [ 78.0436471, 27.1417863 ], [ 78.0436818, 27.1418253 ], [ 78.0436822, 27.1418401 ], [ 78.0436771, 27.1418533 ], [ 78.0435541, 27.14193 ], [ 78.0434602, 27.1419958 ], [ 78.0433578, 27.1420756 ], [ 78.0432311, 27.1421491 ], [ 78.0431187, 27.1422301 ], [ 78.0430173, 27.1423021 ], [ 78.0430119, 27.14232 ], [ 78.0430207, 27.1423373 ], [ 78.0431088, 27.1424288 ], [ 78.0433054, 27.1426393 ], [ 78.0434369, 27.1427905 ] ] } },
{ "type": "Feature", "properties": { "name": "Urban Corridor", "highway": "residential", "slope_pct": 0.6 }, "geometry": { "type": "LineString", "coordinates": [ [ 78.0401192, 27.1409349 ], [ 78.0403943, 27.1406893 ], [ 78.0405087, 27.1405939 ], [ 78.0407591, 27.1403762 ], [ 78.0408459, 27.1402944 ], [ 78.0409108, 27.1402301 ], [ 78.0409242, 27.1402109 ], [ 78.0409057, 27.1401871 ], [ 78.0407706, 27.1400791 ], [ 78.0407293, 27.140045 ], [ 78.0406133, 27.1399483 ], [ 78.0405033, 27.1398452 ], [ 78.0404343, 27.1397788 ] ] } },
{ "type": "Feature", "properties": { "name": "Urban Corridor", "highway": "residential", "slope_pct": 0.6 }, "geometry": { "type": "LineString", "coordinates": [ [ 78.0411901, 27.1407621 ], [ 78.0409435, 27.1409856 ] ] } },
{ "type": "Feature", "properties": { "name": "Urban Corridor", "highway": "residential", "slope_pct": 0.6 }, "geometry": { "type": "LineString", "coordinates": [ [ 78.0394422, 27.1407065 ], [ 78.039546, 27.1408137 ] ] } },
{ "type": "Feature", "properties": { "name": "Urban Corridor", "highway": "residential", "slope_pct": 0.6 }, "geometry": { "type": "LineString", "coordinates": [ [ 78.0423076, 27.1415941 ], [ 78.0419415, 27.1412361 ], [ 78.041537, 27.1408761 ] ] } },
{ "type": "Feature", "properties": { "name": "Urban Corridor", "highway": "residential", "slope_pct": 0.6 }, "geometry": { "type": "LineString", "coordinates": [ [ 78.0403478, 27.1411337 ], [ 78.0405581, 27.1409342 ], [ 78.0409571, 27.1405605 ] ] } },
{ "type": "Feature", "properties": { "name": "Urban Corridor", "highway": "residential", "slope_pct": 0.6 }, "geometry": { "type": "LineString", "coordinates": [ [ 78.0406764, 27.1418074 ], [ 78.0409146, 27.1415877 ], [ 78.0410911, 27.1414248 ], [ 78.0410925, 27.1414086 ], [ 78.0410812, 27.1413895 ], [ 78.0410511, 27.1413518 ], [ 78.0409245, 27.1412386 ], [ 78.0405581, 27.1409342 ] ] } },
{ "type": "Feature", "properties": { "name": "Urban Corridor", "highway": "residential", "slope_pct": 0.6 }, "geometry": { "type": "LineString", "coordinates": [ [ 78.0393106, 27.1401112 ], [ 78.0395486, 27.1399346 ], [ 78.0395813, 27.1399266 ], [ 78.0396246, 27.139925 ], [ 78.0396607, 27.1399474 ], [ 78.0400076, 27.1403248 ], [ 78.0401376, 27.1404491 ], [ 78.0402628, 27.1405642 ], [ 78.0403943, 27.1406893 ] ] } },
{ "type": "Feature", "properties": { "name": "Urban Corridor", "highway": "residential", "slope_pct": 0.6 }, "geometry": { "type": "LineString", "coordinates": [ [ 78.0401313, 27.1420204 ], [ 78.0402846, 27.1418831 ], [ 78.0404194, 27.1417653 ], [ 78.0405157, 27.1416817 ] ] } },
{ "type": "Feature", "properties": { "name": "Urban Corridor", "highway": "residential", "slope_pct": 0.6 }, "geometry": { "type": "LineString", "coordinates": [ [ 78.0412766, 27.1423205 ], [ 78.0414435, 27.1422173 ], [ 78.0414519, 27.1422021 ], [ 78.0414546, 27.1421899 ], [ 78.0414549, 27.1421648 ], [ 78.0414569, 27.1421556 ], [ 78.0414636, 27.1421469 ], [ 78.0415634, 27.1420652 ], [ 78.0418016, 27.14187 ], [ 78.0418083, 27.1418462 ], [ 78.0418003, 27.1418175 ], [ 78.0415173, 27.1415586 ], [ 78.0413175, 27.1413988 ] ] } },
{ "type": "Feature", "properties": { "name": "Urban Corridor", "highway": "residential", "slope_pct": 0.6 }, "geometry": { "type": "LineString", "coordinates": [ [ 78.0411686, 27.1396431 ], [ 78.0411877, 27.1396149 ], [ 78.0411884, 27.1396052 ], [ 78.0411807, 27.1395894 ], [ 78.0410282, 27.1394395 ], [ 78.0409722, 27.1393789 ], [ 78.0409174, 27.1393216 ], [ 78.0408728, 27.1392693 ], [ 78.040771, 27.139152 ] ] } },
{ "type": "Feature", "properties": { "name": "Urban Corridor", "highway": "residential", "slope_pct": 0.6 }, "geometry": { "type": "LineString", "coordinates": [ [ 78.0396741, 27.1405193 ], [ 78.039839, 27.1406676 ], [ 78.0400076, 27.1408304 ], [ 78.0401192, 27.1409349 ], [ 78.040258, 27.1410576 ], [ 78.0403478, 27.1411337 ], [ 78.0409146, 27.1415877 ] ] } },
{ "type": "Feature", "properties": { "name": "Urban Corridor", "highway": "residential", "slope_pct": 0.6 }, "geometry": { "type": "LineString", "coordinates": [ [ 78.0407591, 27.1403762 ], [ 78.0409571, 27.1405605 ], [ 78.0411901, 27.1407621 ], [ 78.0413207, 27.1408826 ], [ 78.0413909, 27.1409435 ], [ 78.0414364, 27.1409872 ], [ 78.0415513, 27.1410975 ] ] } },
{ "type": "Feature", "properties": { "name": "Urban Corridor", "highway": "residential", "slope_pct": 0.6 }, "geometry": { "type": "LineString", "coordinates": [ [ 78.0403881, 27.1415703 ], [ 78.0405157, 27.1416817 ], [ 78.0406764, 27.1418074 ], [ 78.0407974, 27.1419024 ], [ 78.0412766, 27.1423205 ], [ 78.0412573, 27.1423374 ], [ 78.0409605, 27.1425656 ], [ 78.0407812, 27.1427015 ] ] } },
{ "type": "Feature", "properties": { "name": "Urban Corridor", "highway": "residential", "slope_pct": 0.6 }, "geometry": { "type": "LineString", "coordinates": [ [ 78.0392897, 27.1410526 ], [ 78.039546, 27.1408137 ], [ 78.0397107, 27.1409752 ], [ 78.0399711, 27.1412393 ], [ 78.040162, 27.1414282 ], [ 78.0401761, 27.1414511 ], [ 78.0401738, 27.1414728 ], [ 78.0401205, 27.1415136 ], [ 78.0400223, 27.1415866 ], [ 78.0398905, 27.1416834 ] ] } },
{ "type": "Feature", "properties": { "name": "Urban Corridor", "highway": "residential", "slope_pct": 0.6 }, "geometry": { "type": "LineString", "coordinates": [ [ 78.0361889, 27.1392402 ], [ 78.0358972, 27.1387281 ] ] } },
{ "type": "Feature", "properties": { "name": "Urban Corridor", "highway": "residential", "slope_pct": 0.6 }, "geometry": { "type": "LineString", "coordinates": [ [ 78.0382758, 27.1397551 ], [ 78.0384864, 27.1399148 ], [ 78.0386446, 27.1400412 ], [ 78.0388195, 27.1401759 ], [ 78.0390739, 27.1403859 ] ] } },
{ "type": "Feature", "properties": { "name": "Urban Corridor", "highway": "residential", "slope_pct": 0.6 }, "geometry": { "type": "LineString", "coordinates": [ [ 78.0392312, 27.1402325 ], [ 78.0390739, 27.1403859 ], [ 78.038834, 27.1406309 ] ] } },
{ "type": "Feature", "properties": { "name": "Urban Corridor", "highway": "residential", "slope_pct": 0.6 }, "geometry": { "type": "LineString", "coordinates": [ [ 78.0366635, 27.1394526 ], [ 78.0368608, 27.139061 ], [ 78.0370034, 27.1389477 ], [ 78.0370133, 27.138928 ] ] } },
{ "type": "Feature", "properties": { "name": "Urban Corridor", "highway": "residential", "slope_pct": 0.6 }, "geometry": { "type": "LineString", "coordinates": [ [ 78.0363839, 27.1392975 ], [ 78.0361889, 27.1392402 ], [ 78.0358456, 27.1391503 ] ] } },
{ "type": "Feature", "properties": { "name": "Urban Corridor", "highway": "residential", "slope_pct": 0.6 }, "geometry": { "type": "LineString", "coordinates": [ [ 78.0394718, 27.1391496 ], [ 78.039449, 27.1392443 ], [ 78.0394526, 27.1392916 ], [ 78.0394673, 27.1393401 ], [ 78.0395421, 27.1394764 ], [ 78.0396309, 27.139605 ], [ 78.0400581, 27.140148 ] ] } },
{ "type": "Feature", "properties": { "name": "Urban Corridor", "highway": "residential", "slope_pct": 0.6 }, "geometry": { "type": "LineString", "coordinates": [ [ 78.0413687, 27.1384881 ], [ 78.0412439, 27.1383485 ], [ 78.0405306, 27.1375018 ] ] } },
{ "type": "Feature", "properties": { "name": "Urban Corridor", "highway": "residential", "slope_pct": 0.6 }, "geometry": { "type": "LineString", "coordinates": [ [ 78.0365463, 27.1379876 ], [ 78.0362158, 27.138195 ], [ 78.0360316, 27.1383127 ], [ 78.0358405, 27.1384499 ] ] } },
{ "type": "Feature", "properties": { "name": "Urban Corridor", "highway": "residential", "slope_pct": 0.6 }, "geometry": { "type": "LineString", "coordinates": [ [ 78.0396309, 27.139605 ], [ 78.0394164, 27.1397339 ], [ 78.0391964, 27.139868 ], [ 78.0389357, 27.140068 ], [ 78.0388195, 27.1401759 ] ] } },
{ "type": "Feature", "properties": { "name": "Urban Corridor", "highway": "residential", "slope_pct": 0.6 }, "geometry": { "type": "LineString", "coordinates": [ [ 78.0365904, 27.1389172 ], [ 78.0368608, 27.139061 ], [ 78.0372338, 27.1392433 ], [ 78.037535, 27.1393793 ], [ 78.037551, 27.1394064 ], [ 78.0375482, 27.1394387 ], [ 78.0374075, 27.1397031 ] ] } },
{ "type": "Feature", "properties": { "name": "Urban Corridor", "highway": "residential", "slope_pct": 0.6 }, "geometry": { "type": "LineString", "coordinates": [ [ 78.0374928, 27.1389641 ], [ 78.0375641, 27.1389125 ], [ 78.03765, 27.1388534 ], [ 78.0377129, 27.138815 ], [ 78.0377437, 27.1388119 ], [ 78.037773, 27.1388286 ], [ 78.0380187, 27.1390852 ], [ 78.0382899, 27.1393711 ] ] } },
{ "type": "Feature", "properties": { "name": "Urban Corridor", "highway": "residential", "slope_pct": 0.6 }, "geometry": { "type": "LineString", "coordinates": [ [ 78.0365316, 27.1384221 ], [ 78.0368109, 27.1387093 ], [ 78.0369307, 27.1388238 ], [ 78.0370041, 27.138906 ], [ 78.0370133, 27.138928 ] ] } },
{ "type": "Feature", "properties": { "name": "Urban Corridor", "highway": "residential", "slope_pct": 0.6 }, "geometry": { "type": "LineString", "coordinates": [ [ 78.0395421, 27.1394764 ], [ 78.0392083, 27.1396495 ], [ 78.0389712, 27.1397894 ], [ 78.0388434, 27.1398645 ], [ 78.0387922, 27.1399067 ], [ 78.038714, 27.1399759 ], [ 78.0386446, 27.1400412 ] ] } },
{ "type": "Feature", "properties": { "name": "Urban Corridor", "highway": "residential", "slope_pct": 0.6 }, "geometry": { "type": "LineString", "coordinates": [ [ 78.0368716, 27.1398658 ], [ 78.037294, 27.1400528 ], [ 78.0373674, 27.1400852 ], [ 78.0376905, 27.1402328 ], [ 78.0378532, 27.1403102 ], [ 78.0380831, 27.140454 ], [ 78.0382208, 27.1405434 ], [ 78.0383554, 27.1406464 ], [ 78.0388166, 27.141044 ], [ 78.0390861, 27.1413152 ], [ 78.0392208, 27.1414576 ], [ 78.0393482, 27.1415898 ], [ 78.0395344, 27.1417833 ], [ 78.039635, 27.1418823 ] ] } },
{ "type": "Feature", "properties": { "name": "Urban Corridor", "highway": "residential", "slope_pct": 0.6 }, "geometry": { "type": "LineString", "coordinates": [ [ 78.0378966, 27.139912 ], [ 78.0380605, 27.139611 ], [ 78.0380848, 27.139551 ], [ 78.038088, 27.1394956 ] ] } },
{ "type": "Feature", "properties": { "name": "Urban Corridor", "highway": "residential", "slope_pct": 0.6 }, "geometry": { "type": "LineString", "coordinates": [ [ 78.0390508, 27.1408288 ], [ 78.0388166, 27.141044 ], [ 78.0384959, 27.1413127 ] ] } },
{ "type": "Feature", "properties": { "name": "Urban Corridor", "highway": "residential", "slope_pct": 0.6 }, "geometry": { "type": "LineString", "coordinates": [ [ 78.039839, 27.1417341 ], [ 78.039635, 27.1418823 ], [ 78.0393081, 27.1421316 ], [ 78.0390126, 27.1423612 ] ] } },
{ "type": "Feature", "properties": { "name": "Urban Corridor", "highway": "residential", "slope_pct": 0.6 }, "geometry": { "type": "LineString", "coordinates": [ [ 78.0378562, 27.1426764 ], [ 78.0382007, 27.1425232 ], [ 78.0382147, 27.1424938 ] ] } },
{ "type": "Feature", "properties": { "name": "Urban Corridor", "highway": "residential", "slope_pct": 0.6 }, "geometry": { "type": "LineString", "coordinates": [ [ 78.0383469, 27.1443058 ], [ 78.0380759, 27.1438685 ], [ 78.0376963, 27.1431994 ], [ 78.0375785, 27.1429822 ], [ 78.0374467, 27.1427574 ], [ 78.0374427, 27.1427183 ], [ 78.037456, 27.142678 ], [ 78.037486, 27.1426539 ], [ 78.0377508, 27.1425027 ] ] } },
{ "type": "Feature", "properties": { "name": "Urban Corridor", "highway": "residential", "slope_pct": 0.6 }, "geometry": { "type": "LineString", "coordinates": [ [ 78.0379675, 27.1420525 ], [ 78.0378086, 27.1421448 ], [ 78.0377748, 27.142154 ], [ 78.0377505, 27.1421535 ], [ 78.0377274, 27.1421417 ], [ 78.0369973, 27.1413152 ], [ 78.0367506, 27.1410393 ] ] } },
{ "type": "Feature", "properties": { "name": "Urban Corridor", "highway": "residential", "slope_pct": 0.6 }, "geometry": { "type": "LineString", "coordinates": [ [ 78.0377542, 27.1417364 ], [ 78.0379675, 27.1420525 ], [ 78.0381003, 27.1422799 ], [ 78.0382037, 27.1424552 ], [ 78.0382147, 27.1424938 ] ] } },
{ "type": "Feature", "properties": { "name": "Urban Corridor", "highway": "residential", "slope_pct": 0.6 }, "geometry": { "type": "LineString", "coordinates": [ [ 78.0384667, 27.1436961 ], [ 78.0382649, 27.1433842 ], [ 78.0382225, 27.1433129 ], [ 78.037971, 27.1428836 ], [ 78.0378562, 27.1426764 ], [ 78.0377508, 27.1425027 ], [ 78.0376553, 27.1423452 ] ] } },
{ "type": "Feature", "properties": { "name": "Urban Corridor", "highway": "residential", "slope_pct": 0.6 }, "geometry": { "type": "LineString", "coordinates": [ [ 78.0400045, 27.1438702 ], [ 78.0399735, 27.1438229 ], [ 78.0398346, 27.1436111 ], [ 78.0398123, 27.1435747 ], [ 78.0397752, 27.1435227 ], [ 78.0396022, 27.1432604 ], [ 78.0392619, 27.1427539 ], [ 78.0390207, 27.1424408 ], [ 78.0390033, 27.1424086 ], [ 78.0390042, 27.1423811 ], [ 78.0390126, 27.1423612 ] ] } },
{ "type": "Feature", "properties": { "name": "Urban Corridor", "highway": "residential", "slope_pct": 0.6 }, "geometry": { "type": "LineString", "coordinates": [ [ 78.0385298, 27.1422734 ], [ 78.0387861, 27.1426949 ], [ 78.0389264, 27.1429057 ], [ 78.0389421, 27.1429159 ] ] } },
{ "type": "Feature", "properties": { "name": "Urban Corridor", "highway": "residential", "slope_pct": 0.6 }, "geometry": { "type": "LineString", "coordinates": [ [ 78.0363526, 27.1393684 ], [ 78.0362431, 27.1395977 ], [ 78.036205, 27.1396896 ], [ 78.0360824, 27.1398893 ], [ 78.0359776, 27.1400363 ], [ 78.0357888, 27.1402883 ], [ 78.0356907, 27.1404205 ], [ 78.0355806, 27.140569 ], [ 78.0354631, 27.140702 ] ] } },
{ "type": "Feature", "properties": { "name": "Urban Corridor", "highway": "residential", "slope_pct": 0.6 }, "geometry": { "type": "LineString", "coordinates": [ [ 78.0367231, 27.1400142 ], [ 78.0366122, 27.1401606 ], [ 78.0364741, 27.1403178 ], [ 78.0363435, 27.1404641 ], [ 78.0362098, 27.140597 ] ] } },
{ "type": "Feature", "properties": { "name": "Urban Corridor", "highway": "residential", "slope_pct": 0.6 }, "geometry": { "type": "LineString", "coordinates": [ [ 78.0377542, 27.1417364 ], [ 78.0380347, 27.1415301 ], [ 78.0380473, 27.141504 ] ] } },
{ "type": "Feature", "properties": { "name": "Urban Corridor", "highway": "residential", "slope_pct": 0.6 }, "geometry": { "type": "LineString", "coordinates": [ [ 78.036811, 27.1421255 ], [ 78.036486, 27.1423311 ], [ 78.0363113, 27.1424299 ], [ 78.0360925, 27.1425605 ], [ 78.0354547, 27.1429459 ] ] } },
{ "type": "Feature", "properties": { "name": "Urban Corridor", "highway": "residential", "slope_pct": 0.6 }, "geometry": { "type": "LineString", "coordinates": [ [ 78.0374493, 27.140982 ], [ 78.0372451, 27.1411627 ], [ 78.0369973, 27.1413152 ], [ 78.0367399, 27.1414823 ], [ 78.0367247, 27.1415038 ], [ 78.0367248, 27.1415318 ], [ 78.0367432, 27.1415626 ], [ 78.036918, 27.1417606 ], [ 78.0369301, 27.1417946 ], [ 78.0369334, 27.1418204 ] ] } },
{ "type": "Feature", "properties": { "name": "Urban Corridor", "highway": "residential", "slope_pct": 0.6 }, "geometry": { "type": "LineString", "coordinates": [ [ 78.0372451, 27.1411627 ], [ 78.0374626, 27.1414172 ], [ 78.0376069, 27.1415844 ], [ 78.0377542, 27.1417364 ] ] } },
{ "type": "Feature", "properties": { "name": "Urban Corridor", "highway": "residential", "slope_pct": 0.6 }, "geometry": { "type": "LineString", "coordinates": [ [ 78.0380473, 27.141504 ], [ 78.038038, 27.1414783 ], [ 78.0376796, 27.141167 ], [ 78.0374493, 27.140982 ], [ 78.037332, 27.1408878 ], [ 78.0372022, 27.1407843 ], [ 78.0370443, 27.140645 ] ] } },
{ "type": "Feature", "properties": { "name": "Urban Corridor", "highway": "residential", "slope_pct": 0.6 }, "geometry": { "type": "LineString", "coordinates": [ [ 78.0369334, 27.1418204 ], [ 78.0369214, 27.1418456 ], [ 78.0369034, 27.1418567 ], [ 78.0365771, 27.1420504 ], [ 78.036473, 27.1421122 ] ] } },
{ "type": "Feature", "properties": { "name": "Urban Corridor", "highway": "residential", "slope_pct": 0.6 }, "geometry": { "type": "LineString", "coordinates": [ [ 78.0364795, 27.1410584 ], [ 78.036341, 27.1411701 ], [ 78.0362063, 27.1412761 ], [ 78.0360955, 27.1413907 ], [ 78.0360796, 27.1414059 ], [ 78.0359637, 27.1415178 ], [ 78.0359086, 27.1415703 ], [ 78.0358468, 27.1416126 ], [ 78.0357685, 27.1416606 ], [ 78.035515, 27.1418165 ] ] } },
{ "type": "Feature", "properties": { "name": "Urban Corridor", "highway": "residential", "slope_pct": 0.6 }, "geometry": { "type": "LineString", "coordinates": [ [ 78.0372954, 27.1422317 ], [ 78.0369222, 27.1424511 ], [ 78.0367044, 27.142571 ], [ 78.0365291, 27.1426675 ], [ 78.0362497, 27.1428626 ], [ 78.0361185, 27.1429275 ], [ 78.0359747, 27.1430228 ], [ 78.0359582, 27.1430449 ], [ 78.0359552, 27.1430746 ], [ 78.0359646, 27.1430982 ], [ 78.0361596, 27.1433833 ] ] } },
{ "type": "Feature", "properties": { "name": "Urban Corridor", "highway": "residential", "slope_pct": 0.6 }, "geometry": { "type": "LineString", "coordinates": [ [ 78.0455481, 27.1422855 ], [ 78.0457894, 27.1420653 ] ] } },
{ "type": "Feature", "properties": { "name": "Urban Corridor", "highway": "residential", "slope_pct": 0.6 }, "geometry": { "type": "LineString", "coordinates": [ [ 78.0457923, 27.1426141 ], [ 78.0461026, 27.1424164 ] ] } },
{ "type": "Feature", "properties": { "name": "Urban Corridor", "highway": "residential", "slope_pct": 0.6 }, "geometry": { "type": "LineString", "coordinates": [ [ 78.034826, 27.1414987 ], [ 78.0347185, 27.1416284 ], [ 78.0344835, 27.1419429 ] ] } },
{ "type": "Feature", "properties": { "name": "Urban Corridor", "highway": "residential", "slope_pct": 0.6 }, "geometry": { "type": "LineString", "coordinates": [ [ 78.0344835, 27.1419429 ], [ 78.0347593, 27.1421769 ], [ 78.0348194, 27.1422368 ], [ 78.0350875, 27.1425039 ], [ 78.0351942, 27.1426273 ], [ 78.0354547, 27.1429459 ], [ 78.035614, 27.1431576 ], [ 78.0359, 27.1435707 ] ] } },
{ "type": "Feature", "properties": { "name": "Urban Corridor", "highway": "residential", "slope_pct": 0.6 }, "geometry": { "type": "LineString", "coordinates": [ [ 78.034826, 27.1414987 ], [ 78.0351054, 27.1411656 ], [ 78.0353205, 27.140887 ], [ 78.0354631, 27.140702 ], [ 78.035409, 27.1406218 ], [ 78.0352178, 27.1403426 ], [ 78.0351343, 27.1401977 ], [ 78.0351, 27.1401186 ], [ 78.0350734, 27.1400289 ], [ 78.0350559, 27.139946 ], [ 78.0350354, 27.1398576 ], [ 78.0349952, 27.1396977 ], [ 78.0349774, 27.1395835 ], [ 78.0349706, 27.1395511 ], [ 78.0349597, 27.139527 ], [ 78.0349452, 27.139518 ], [ 78.0349232, 27.1395169 ], [ 78.0343907, 27.1395615 ], [ 78.0340887, 27.1395898 ], [ 78.0337494, 27.1396235 ], [ 78.0335152, 27.1396474 ] ] } },
{ "type": "Feature", "properties": { "name": "Urban Corridor", "highway": "residential", "slope_pct": 0.6 }, "geometry": { "type": "LineString", "coordinates": [ [ 78.0336967, 27.1404606 ], [ 78.0344962, 27.1402906 ], [ 78.0347155, 27.1402435 ], [ 78.0347773, 27.1402306 ], [ 78.0348028, 27.1402328 ], [ 78.034822, 27.1402487 ], [ 78.0349176, 27.1405598 ] ] } },
{ "type": "Feature", "properties": { "name": "Urban Corridor", "highway": "residential", "slope_pct": 0.6 }, "geometry": { "type": "LineString", "coordinates": [ [ 78.0343137, 27.1382161 ], [ 78.0344048, 27.1386707 ] ] } },
{ "type": "Feature", "properties": { "name": "Urban Corridor", "highway": "residential", "slope_pct": 0.6 }, "geometry": { "type": "LineString", "coordinates": [ [ 78.0357521, 27.1385133 ], [ 78.0358437, 27.1386458 ], [ 78.0358972, 27.1387281 ] ] } },
{ "type": "Feature", "properties": { "name": "Urban Corridor", "highway": "residential", "slope_pct": 0.6 }, "geometry": { "type": "LineString", "coordinates": [ [ 78.0362431, 27.1395977 ], [ 78.035528, 27.1394075 ], [ 78.0353905, 27.1393814 ], [ 78.035253, 27.1393625 ], [ 78.0349629, 27.1393299 ], [ 78.0349389, 27.1393159 ], [ 78.0349327, 27.1392849 ], [ 78.034956, 27.1389683 ] ] } },
{ "type": "Feature", "properties": { "name": "Urban Corridor", "highway": "residential", "slope_pct": 0.6 }, "geometry": { "type": "LineString", "coordinates": [ [ 78.0350344, 27.1389669 ], [ 78.0353154, 27.1388254 ], [ 78.0354596, 27.1387436 ], [ 78.0355823, 27.1386618 ], [ 78.0357521, 27.1385133 ], [ 78.0358405, 27.1384499 ] ] } },
{ "type": "Feature", "properties": { "name": "Urban Corridor", "highway": "residential", "slope_pct": 0.6 }, "geometry": { "type": "LineString", "coordinates": [ [ 78.0328068, 27.1384797 ], [ 78.0335348, 27.1383618 ], [ 78.0339335, 27.1382972 ], [ 78.0342752, 27.1382469 ], [ 78.0342984, 27.138233 ], [ 78.0343137, 27.1382161 ], [ 78.0343176, 27.138188 ], [ 78.0342698, 27.1379278 ] ] } },
{ "type": "Feature", "properties": { "name": "Urban Corridor", "highway": "residential", "slope_pct": 0.6 }, "geometry": { "type": "LineString", "coordinates": [ [ 78.0340156, 27.1425497 ], [ 78.0344311, 27.1426718 ], [ 78.0346848, 27.1427388 ], [ 78.0347038, 27.1427426 ], [ 78.0347243, 27.1427431 ], [ 78.0347389, 27.142739 ], [ 78.0350875, 27.1425039 ] ] } },
{ "type": "Feature", "properties": { "name": "Urban Corridor", "highway": "residential", "slope_pct": 0.6 }, "geometry": { "type": "LineString", "coordinates": [ [ 78.03403, 27.1333292 ], [ 78.0349205, 27.1343036 ] ] } },
{ "type": "Feature", "properties": { "name": "Urban Corridor", "highway": "residential", "slope_pct": 0.6 }, "geometry": { "type": "LineString", "coordinates": [ [ 78.0344317, 27.1282393 ], [ 78.0340302, 27.1276879 ] ] } },
{ "type": "Feature", "properties": { "name": "Urban Corridor", "highway": "residential", "slope_pct": 0.6 }, "geometry": { "type": "LineString", "coordinates": [ [ 78.0346801, 27.1278589 ], [ 78.0363749, 27.1270477 ], [ 78.0369122, 27.1267949 ], [ 78.0370085, 27.1267496 ], [ 78.0374519, 27.126541 ], [ 78.0383276, 27.126129 ], [ 78.0384151, 27.1260835 ], [ 78.0384432, 27.1260585 ], [ 78.0384508, 27.1260267 ], [ 78.0383462, 27.1257497 ] ] } },
{ "type": "Feature", "properties": { "name": "Urban Corridor", "highway": "residential", "slope_pct": 0.6 }, "geometry": { "type": "LineString", "coordinates": [ [ 78.0347846, 27.1280198 ], [ 78.0344317, 27.1282393 ], [ 78.0340903, 27.128474 ], [ 78.0337295, 27.128694 ] ] } },
{ "type": "Feature", "properties": { "name": "Urban Corridor", "highway": "residential", "slope_pct": 0.6 }, "geometry": { "type": "LineString", "coordinates": [ [ 78.0316754, 27.1331739 ], [ 78.0324295, 27.1330194 ], [ 78.0327729, 27.1329609 ], [ 78.0330762, 27.1329086 ], [ 78.0331303, 27.132895 ], [ 78.0331716, 27.1328723 ], [ 78.0332164, 27.1328444 ], [ 78.0332486, 27.1328284 ], [ 78.0332586, 27.1328234 ], [ 78.0333058, 27.1328121 ], [ 78.0333646, 27.1328202 ], [ 78.0333909, 27.1328463 ], [ 78.0335632, 27.1330755 ], [ 78.0335911, 27.1330951 ], [ 78.0336332, 27.1331085 ], [ 78.0336766, 27.1330958 ], [ 78.0341555, 27.1328304 ] ] } },
{ "type": "Feature", "properties": { "name": "Urban Corridor", "highway": "residential", "slope_pct": 0.6 }, "geometry": { "type": "LineString", "coordinates": [ [ 78.0317159, 27.1285517 ], [ 78.0320726, 27.1283526 ], [ 78.0322535, 27.128229 ], [ 78.0325249, 27.1280533 ], [ 78.0326014, 27.1280029 ], [ 78.0330716, 27.1276929 ], [ 78.0332686, 27.1275673 ], [ 78.0335489, 27.1273832 ], [ 78.0337383, 27.1272726 ], [ 78.0341167, 27.1270628 ] ] } },
{ "type": "Feature", "properties": { "name": "Urban Corridor", "highway": "residential", "slope_pct": 0.6 }, "geometry": { "type": "LineString", "coordinates": [ [ 78.0369967, 27.1308338 ], [ 78.0359808, 27.1315229 ], [ 78.0355304, 27.1318286 ], [ 78.035069, 27.1321418 ], [ 78.0347432, 27.1323787 ], [ 78.0346798, 27.1324233 ], [ 78.0341696, 27.1327826 ], [ 78.0341643, 27.1327943 ], [ 78.034158, 27.132808 ], [ 78.0341555, 27.1328304 ], [ 78.0341751, 27.1328673 ], [ 78.034392, 27.1330799 ] ] } },
{ "type": "Feature", "properties": { "name": "Urban Corridor", "highway": "residential", "slope_pct": 0.6 }, "geometry": { "type": "LineString", "coordinates": [ [ 78.0417117, 27.1305451 ], [ 78.0412043, 27.1300162 ], [ 78.0405415, 27.1291887 ], [ 78.0408982, 27.1289567 ], [ 78.0415545, 27.1297595 ], [ 78.0421141, 27.1304042 ], [ 78.0427023, 27.1299823 ] ] } },
{ "type": "Feature", "properties": { "name": "Urban Corridor", "highway": "residential", "slope_pct": 0.6 }, "geometry": { "type": "LineString", "coordinates": [ [ 78.0411417, 27.1287583 ], [ 78.0415327, 27.128511 ] ] } },
{ "type": "Feature", "properties": { "name": "Urban Corridor", "highway": "residential", "slope_pct": 0.6 }, "geometry": { "type": "LineString", "coordinates": [ [ 78.0421141, 27.1304042 ], [ 78.0418613, 27.1305845 ], [ 78.0418083, 27.1305952 ], [ 78.0417795, 27.1305922 ], [ 78.0417386, 27.1305743 ], [ 78.0417117, 27.1305451 ] ] } },
{ "type": "Feature", "properties": { "name": "Urban Corridor", "highway": "residential", "slope_pct": 0.6 }, "geometry": { "type": "LineString", "coordinates": [ [ 78.0412115, 27.136638 ], [ 78.040673, 27.1359889 ], [ 78.0402558, 27.1354715 ] ] } },
{ "type": "Feature", "properties": { "name": "Urban Corridor", "highway": "residential", "slope_pct": 0.6 }, "geometry": { "type": "LineString", "coordinates": [ [ 78.0457328, 27.1373173 ], [ 78.0454431, 27.1370062 ] ] } },
{ "type": "Feature", "properties": { "name": "Urban Corridor", "highway": "residential", "slope_pct": 0.6 }, "geometry": { "type": "LineString", "coordinates": [ [ 78.0462762, 27.1369418 ], [ 78.0464888, 27.1372299 ], [ 78.0465049, 27.1372586 ], [ 78.0465049, 27.1372968 ], [ 78.0464834, 27.1373361 ] ] } },
{ "type": "Feature", "properties": { "name": "Urban Corridor", "highway": "residential", "slope_pct": 0.6 }, "geometry": { "type": "LineString", "coordinates": [ [ 78.0387129, 27.1285998 ], [ 78.037599, 27.1279119 ] ] } },
{ "type": "Feature", "properties": { "name": "Urban Corridor", "highway": "residential", "slope_pct": 0.6 }, "geometry": { "type": "LineString", "coordinates": [ [ 78.039383, 27.1360674 ], [ 78.0405306, 27.1375018 ] ] } },
{ "type": "Feature", "properties": { "name": "Urban Corridor", "highway": "residential", "slope_pct": 0.6 }, "geometry": { "type": "LineString", "coordinates": [ [ 78.0384423, 27.1298887 ], [ 78.0386496, 27.1301476 ], [ 78.0390042, 27.1305905 ] ] } },
{ "type": "Feature", "properties": { "name": "Urban Corridor", "highway": "residential", "slope_pct": 0.6 }, "geometry": { "type": "LineString", "coordinates": [ [ 78.0381471, 27.1368966 ], [ 78.037591, 27.1362377 ] ] } },
{ "type": "Feature", "properties": { "name": "Urban Corridor", "highway": "residential", "slope_pct": 0.6 }, "geometry": { "type": "LineString", "coordinates": [ [ 78.039696, 27.1358477 ], [ 78.0406727, 27.1371561 ] ] } },
{ "type": "Feature", "properties": { "name": "Urban Corridor", "highway": "residential", "slope_pct": 0.6 }, "geometry": { "type": "LineString", "coordinates": [ [ 78.0358462, 27.1369342 ], [ 78.0361174, 27.1369043 ], [ 78.0364511, 27.136889 ], [ 78.037242, 27.1368561 ] ] } },
{ "type": "Feature", "properties": { "name": "Urban Corridor", "highway": "residential", "slope_pct": 0.6 }, "geometry": { "type": "LineString", "coordinates": [ [ 78.037035, 27.1320276 ], [ 78.0376407, 27.1315948 ], [ 78.0381895, 27.1312479 ], [ 78.0384671, 27.1310614 ], [ 78.0389415, 27.1307469 ], [ 78.039008, 27.1306945 ], [ 78.0390285, 27.13064 ], [ 78.0390042, 27.1305905 ] ] } },
{ "type": "Feature", "properties": { "name": "Urban Corridor", "highway": "residential", "slope_pct": 0.6 }, "geometry": { "type": "LineString", "coordinates": [ [ 78.0389824, 27.1283546 ], [ 78.0378256, 27.1276154 ] ] } },
{ "type": "Feature", "properties": { "name": "Urban Corridor", "highway": "residential", "slope_pct": 0.6 }, "geometry": { "type": "LineString", "coordinates": [ [ 78.0391081, 27.1362452 ], [ 78.0400167, 27.1373905 ] ] } },
{ "type": "Feature", "properties": { "name": "Urban Corridor", "highway": "residential", "slope_pct": 0.6 }, "geometry": { "type": "LineString", "coordinates": [ [ 78.0399873, 27.1343848 ], [ 78.0395969, 27.1346326 ], [ 78.0392122, 27.1348916 ], [ 78.0388662, 27.1351245 ] ] } },
{ "type": "Feature", "properties": { "name": "Urban Corridor", "highway": "residential", "slope_pct": 0.6 }, "geometry": { "type": "LineString", "coordinates": [ [ 78.0418356, 27.1295533 ], [ 78.0411417, 27.1287583 ], [ 78.0408982, 27.1289567 ] ] } },
{ "type": "Feature", "properties": { "name": "Urban Corridor", "highway": "residential", "slope_pct": 0.6 }, "geometry": { "type": "LineString", "coordinates": [ [ 78.0407326, 27.1303514 ], [ 78.0414221, 27.1311741 ], [ 78.0414489, 27.1312003 ], [ 78.0414838, 27.1312147 ], [ 78.0415227, 27.1312147 ], [ 78.0417578, 27.1310575 ] ] } },
{ "type": "Feature", "properties": { "name": "Urban Corridor", "highway": "residential", "slope_pct": 0.6 }, "geometry": { "type": "LineString", "coordinates": [ [ 78.0457051, 27.1330669 ], [ 78.0463208, 27.1327326 ], [ 78.0466696, 27.1325242 ], [ 78.0470354, 27.1323057 ] ] } },
{ "type": "Feature", "properties": { "name": "Urban Corridor", "highway": "residential", "slope_pct": 0.6 }, "geometry": { "type": "LineString", "coordinates": [ [ 78.0460602, 27.1370883 ], [ 78.0462762, 27.1369418 ], [ 78.0461039, 27.1366236 ], [ 78.0460663, 27.1366045 ], [ 78.0460207, 27.1366177 ] ] } },
{ "type": "Feature", "properties": { "name": "Urban Corridor", "highway": "residential", "slope_pct": 0.6 }, "geometry": { "type": "LineString", "coordinates": [ [ 78.0388619, 27.136394 ], [ 78.0398402, 27.137544 ] ] } },
{ "type": "Feature", "properties": { "name": "Urban Corridor", "highway": "residential", "slope_pct": 0.6 }, "geometry": { "type": "LineString", "coordinates": [ [ 78.0468476, 27.1365687 ], [ 78.0466096, 27.1361378 ], [ 78.0463466, 27.1356617 ], [ 78.0463265, 27.1356235 ], [ 78.0463158, 27.1355805 ], [ 78.0463359, 27.1355435 ], [ 78.0463587, 27.1355089 ], [ 78.046623, 27.1353197 ] ] } },
{ "type": "Feature", "properties": { "name": "Urban Corridor", "highway": "residential", "slope_pct": 0.6 }, "geometry": { "type": "LineString", "coordinates": [ [ 78.0462005, 27.1339847 ], [ 78.0472675, 27.1333431 ], [ 78.0476649, 27.1331103 ] ] } },
{ "type": "Feature", "properties": { "name": "Urban Corridor", "highway": "residential", "slope_pct": 0.6 }, "geometry": { "type": "LineString", "coordinates": [ [ 78.0382971, 27.1323824 ], [ 78.0388264, 27.1320251 ], [ 78.0390728, 27.1318621 ], [ 78.0391002, 27.1318284 ], [ 78.0390999, 27.1317947 ], [ 78.0390874, 27.1317678 ], [ 78.0389118, 27.1315696 ], [ 78.0384671, 27.1310614 ], [ 78.038061, 27.1305628 ], [ 78.0378343, 27.1302845 ] ] } },
{ "type": "Feature", "properties": { "name": "Urban Corridor", "highway": "residential", "slope_pct": 0.6 }, "geometry": { "type": "LineString", "coordinates": [ [ 78.0441634, 27.1351348 ], [ 78.0438862, 27.1347481 ], [ 78.0436652, 27.1344397 ], [ 78.0436318, 27.1343931 ], [ 78.0435744, 27.1343277 ], [ 78.0432031, 27.1339047 ], [ 78.0429746, 27.1336457 ] ] } },
{ "type": "Feature", "properties": { "name": "Urban Corridor", "highway": "residential", "slope_pct": 0.6 }, "geometry": { "type": "LineString", "coordinates": [ [ 78.0414856, 27.1346521 ], [ 78.0412752, 27.1343339 ], [ 78.0412645, 27.134313 ], [ 78.0412678, 27.1342868 ], [ 78.0412813, 27.1342671 ], [ 78.0417176, 27.1340171 ], [ 78.0419569, 27.1342967 ] ] } },
{ "type": "Feature", "properties": { "name": "Urban Corridor", "highway": "residential", "slope_pct": 0.6 }, "geometry": { "type": "LineString", "coordinates": [ [ 78.0451596, 27.1372006 ], [ 78.0454431, 27.1370062 ], [ 78.0457821, 27.1367737 ], [ 78.0460207, 27.1366177 ] ] } },
{ "type": "Feature", "properties": { "name": "Urban Corridor", "highway": "residential", "slope_pct": 0.6 }, "geometry": { "type": "LineString", "coordinates": [ [ 78.0446745, 27.1360292 ], [ 78.0449049, 27.1358777 ], [ 78.0448426, 27.1358156 ], [ 78.0443487, 27.1353546 ], [ 78.0442505, 27.1352336 ], [ 78.0441634, 27.1351348 ], [ 78.0437381, 27.1353821 ] ] } },
{ "type": "Feature", "properties": { "name": "Urban Corridor", "highway": "residential", "slope_pct": 0.6 }, "geometry": { "type": "LineString", "coordinates": [ [ 78.0400021, 27.1356374 ], [ 78.0403763, 27.1361776 ], [ 78.040673, 27.1359889 ], [ 78.0411633, 27.135651 ], [ 78.0417865, 27.1352759 ] ] } },
{ "type": "Feature", "properties": { "name": "Urban Corridor", "highway": "residential", "slope_pct": 0.6 }, "geometry": { "type": "LineString", "coordinates": [ [ 78.0402203, 27.1298389 ], [ 78.0399578, 27.1300101 ], [ 78.0399266, 27.130023 ], [ 78.0398889, 27.1300264 ], [ 78.0398533, 27.1300075 ], [ 78.0395501, 27.1296692 ], [ 78.0395387, 27.1296121 ], [ 78.0395617, 27.1295774 ], [ 78.0398374, 27.1293883 ] ] } },
{ "type": "Feature", "properties": { "name": "Urban Corridor", "highway": "residential", "slope_pct": 0.6 }, "geometry": { "type": "LineString", "coordinates": [ [ 78.0379325, 27.1370524 ], [ 78.0367468, 27.1356746 ], [ 78.0364917, 27.1353558 ], [ 78.0363066, 27.1351366 ], [ 78.0355566, 27.134249 ] ] } },
{ "type": "Feature", "properties": { "name": "Urban Corridor", "highway": "residential", "slope_pct": 0.6 }, "geometry": { "type": "LineString", "coordinates": [ [ 78.0431908, 27.1370416 ], [ 78.0436661, 27.1367251 ], [ 78.0440441, 27.1364703 ], [ 78.0442458, 27.1363344 ], [ 78.0443191, 27.1362821 ], [ 78.0446745, 27.1360292 ], [ 78.0440953, 27.1357466 ], [ 78.0439611, 27.1356812 ], [ 78.0436376, 27.1355459 ], [ 78.0436087, 27.1355268 ], [ 78.0436054, 27.1355071 ], [ 78.0436141, 27.1354797 ], [ 78.0437381, 27.1353821 ] ] } },
{ "type": "Feature", "properties": { "name": "Urban Corridor", "highway": "residential", "slope_pct": 0.6 }, "geometry": { "type": "LineString", "coordinates": [ [ 78.0428269, 27.1366335 ], [ 78.042462, 27.1368648 ], [ 78.0421034, 27.1370921 ], [ 78.0419321, 27.1372007 ], [ 78.0416943, 27.1373666 ], [ 78.0416729, 27.1373719 ], [ 78.0416467, 27.1373749 ], [ 78.0416152, 27.1373642 ], [ 78.0415201, 27.1372503 ], [ 78.0413255, 27.1370175 ], [ 78.0413081, 27.1369793 ], [ 78.0413081, 27.1369459 ], [ 78.041351, 27.1369053 ], [ 78.0417278, 27.1366797 ], [ 78.041752, 27.1366735 ], [ 78.0417734, 27.1366773 ], [ 78.0417885, 27.1366854 ], [ 78.0419738, 27.1369247 ], [ 78.0421034, 27.1370921 ] ] } },
{ "type": "Feature", "properties": { "name": "Urban Corridor", "highway": "residential", "slope_pct": 0.6 }, "geometry": { "type": "LineString", "coordinates": [ [ 78.0399323, 27.1288535 ], [ 78.0395966, 27.1290968 ], [ 78.0392038, 27.1293475 ], [ 78.0389171, 27.1295497 ], [ 78.0385595, 27.129805 ], [ 78.0384423, 27.1298887 ], [ 78.0380764, 27.1301269 ], [ 78.0378343, 27.1302845 ], [ 78.0374376, 27.1305385 ], [ 78.0369967, 27.1308338 ] ] } },
{ "type": "Feature", "properties": { "name": "Urban Corridor", "highway": "residential", "slope_pct": 0.6 }, "geometry": { "type": "LineString", "coordinates": [ [ 78.0429518, 27.1287349 ], [ 78.0425353, 27.1290403 ], [ 78.04215, 27.1293228 ], [ 78.0418356, 27.1295533 ], [ 78.0415545, 27.1297595 ], [ 78.0412043, 27.1300162 ], [ 78.0410115, 27.1301634 ], [ 78.0407326, 27.1303514 ], [ 78.0404354, 27.1305496 ], [ 78.0404051, 27.1305753 ], [ 78.0403983, 27.1306047 ], [ 78.0404127, 27.1306384 ], [ 78.0406738, 27.1309237 ], [ 78.0407967, 27.1310653 ], [ 78.0408357, 27.1311173 ], [ 78.0407937, 27.1311572 ], [ 78.0406905, 27.131249 ], [ 78.0406723, 27.1312787 ], [ 78.0406845, 27.1313192 ], [ 78.0412256, 27.1319045 ] ] } },
{ "type": "Feature", "properties": { "name": "Urban Corridor", "highway": "residential", "slope_pct": 0.6 }, "geometry": { "type": "LineString", "coordinates": [ [ 78.0416556, 27.135093 ], [ 78.0420652, 27.1348146 ], [ 78.0422569, 27.1346961 ], [ 78.0422931, 27.1346687 ], [ 78.0422992, 27.1346496 ], [ 78.0423005, 27.1346251 ], [ 78.0422891, 27.1346001 ], [ 78.0420089, 27.1342634 ] ] } },
{ "type": "Feature", "properties": { "name": "Urban Corridor", "highway": "residential", "slope_pct": 0.6 }, "geometry": { "type": "LineString", "coordinates": [ [ 78.0443191, 27.1362821 ], [ 78.0439212, 27.1359949 ] ] } },
{ "type": "Feature", "properties": { "name": "Urban Corridor", "highway": "residential", "slope_pct": 0.6 }, "geometry": { "type": "LineString", "coordinates": [ [ 78.0432547, 27.1371362 ], [ 78.0433559, 27.1372514 ], [ 78.0434364, 27.1373421 ], [ 78.0434767, 27.1373695 ], [ 78.0435214, 27.1373538 ], [ 78.0439889, 27.1369495 ], [ 78.0440104, 27.1369339 ], [ 78.0440498, 27.1369295 ], [ 78.0440895, 27.1369447 ], [ 78.0443651, 27.1371906 ], [ 78.0443201, 27.1372295 ] ] } },
{ "type": "Feature", "properties": { "name": "Urban Corridor", "highway": "residential", "slope_pct": 0.6 }, "geometry": { "type": "LineString", "coordinates": [ [ 78.0352659, 27.121165 ], [ 78.0352331, 27.1211296 ], [ 78.035017, 27.1208183 ], [ 78.0346251, 27.121038 ], [ 78.0342696, 27.1212373 ], [ 78.0338886, 27.121451 ], [ 78.0335526, 27.1216394 ], [ 78.033503, 27.121667 ], [ 78.0331521, 27.121862 ], [ 78.0326662, 27.1221322 ], [ 78.0323282, 27.1223201 ], [ 78.0326035, 27.1226862 ] ] } },
{ "type": "Feature", "properties": { "name": "Urban Corridor", "highway": "residential", "slope_pct": 0.6 }, "geometry": { "type": "LineString", "coordinates": [ [ 78.0342696, 27.1212373 ], [ 78.0333595, 27.1200318 ] ] } },
{ "type": "Feature", "properties": { "name": "Urban Corridor", "highway": "residential", "slope_pct": 0.6 }, "geometry": { "type": "LineString", "coordinates": [ [ 78.0346251, 27.121038 ], [ 78.0337481, 27.1198079 ] ] } },
{ "type": "Feature", "properties": { "name": "Urban Corridor", "highway": "residential", "slope_pct": 0.6 }, "geometry": { "type": "LineString", "coordinates": [ [ 78.0304067, 27.1243555 ], [ 78.0306667, 27.1241958 ], [ 78.0306876, 27.1241568 ], [ 78.0306896, 27.1241242 ], [ 78.0306756, 27.1240709 ], [ 78.0305849, 27.1238946 ], [ 78.0309999, 27.1236453 ], [ 78.0313004, 27.1234554 ], [ 78.0319617, 27.1230846 ], [ 78.0323159, 27.1228513 ], [ 78.0325512, 27.1227169 ], [ 78.0326035, 27.1226862 ], [ 78.0327619, 27.1225934 ], [ 78.0332848, 27.1222873 ], [ 78.0337979, 27.1219868 ], [ 78.0343701, 27.1216517 ], [ 78.0345163, 27.1215661 ], [ 78.0352659, 27.121165 ], [ 78.0355366, 27.1210202 ], [ 78.036131, 27.1206659 ], [ 78.0362456, 27.1205889 ] ] } },
{ "type": "Feature", "properties": { "name": "Urban Corridor", "highway": "residential", "slope_pct": 0.6 }, "geometry": { "type": "LineString", "coordinates": [ [ 78.0332848, 27.1222873 ], [ 78.0335738, 27.1226627 ], [ 78.0344169, 27.1237646 ], [ 78.0344566, 27.1237929 ], [ 78.0345296, 27.1237744 ], [ 78.0348148, 27.1235952 ], [ 78.0339333, 27.1224147 ], [ 78.0343174, 27.1222224 ], [ 78.0351782, 27.123364 ], [ 78.0355178, 27.1231808 ], [ 78.0346792, 27.1220209 ], [ 78.0357452, 27.1214416 ], [ 78.0357681, 27.1214043 ], [ 78.0357613, 27.1213449 ], [ 78.0355876, 27.1210934 ], [ 78.0355366, 27.1210202 ] ] } },
{ "type": "Feature", "properties": { "name": "Urban Corridor", "highway": "residential", "slope_pct": 0.6 }, "geometry": { "type": "LineString", "coordinates": [ [ 78.0348148, 27.1235952 ], [ 78.0351782, 27.123364 ] ] } },
{ "type": "Feature", "properties": { "name": "Urban Corridor", "highway": "residential", "slope_pct": 0.6 }, "geometry": { "type": "LineString", "coordinates": [ [ 78.0343701, 27.1216517 ], [ 78.0346792, 27.1220209 ], [ 78.0343174, 27.1222224 ] ] } },
{ "type": "Feature", "properties": { "name": "Urban Corridor", "highway": "residential", "slope_pct": 0.6 }, "geometry": { "type": "LineString", "coordinates": [ [ 78.0343639, 27.1254712 ], [ 78.0336732, 27.1245858 ], [ 78.0334165, 27.124288 ], [ 78.0329924, 27.1237399 ], [ 78.0327745, 27.1234528 ], [ 78.0323159, 27.1228513 ] ] } },
{ "type": "Feature", "properties": { "name": "Urban Corridor", "highway": "residential", "slope_pct": 0.6 }, "geometry": { "type": "LineString", "coordinates": [ [ 78.032169, 27.1255174 ], [ 78.0327193, 27.1251973 ], [ 78.0334464, 27.1247312 ], [ 78.0336732, 27.1245858 ], [ 78.0339802, 27.12441 ], [ 78.0341048, 27.1243377 ], [ 78.0348894, 27.1239146 ], [ 78.0352959, 27.123716 ], [ 78.0357227, 27.1234901 ], [ 78.0358277, 27.1234342 ], [ 78.0361467, 27.1232751 ], [ 78.0364477, 27.123123 ], [ 78.0367296, 27.122982 ], [ 78.0370784, 27.1227812 ], [ 78.0380172, 27.1223233 ], [ 78.0381284, 27.1222691 ], [ 78.0383415, 27.1221652 ], [ 78.0392359, 27.1217549 ] ] } },
{ "type": "Feature", "properties": { "name": "Urban Corridor", "highway": "residential", "slope_pct": 0.6 }, "geometry": { "type": "LineString", "coordinates": [ [ 78.0446831, 27.1233717 ], [ 78.0452422, 27.1229317 ], [ 78.0449885, 27.122715 ], [ 78.0449714, 27.1227104 ], [ 78.0449522, 27.1227104 ], [ 78.0449298, 27.1227159 ], [ 78.0444701, 27.1230877 ], [ 78.0441556, 27.1233727 ], [ 78.0447558, 27.1241755 ], [ 78.044431, 27.1244217 ], [ 78.0438641, 27.1236291 ], [ 78.0435829, 27.1238611 ], [ 78.0441625, 27.1246242 ], [ 78.0438538, 27.1248379 ], [ 78.0442853, 27.1254235 ], [ 78.0440077, 27.1256001 ], [ 78.0439869, 27.1256085 ], [ 78.0439635, 27.1256133 ], [ 78.0439413, 27.1256079 ], [ 78.0439219, 27.1255954 ], [ 78.0430032, 27.1243922 ], [ 78.0429925, 27.12436 ], [ 78.0430032, 27.1243218 ], [ 78.0430301, 27.1242884 ], [ 78.0432902, 27.1240914 ] ] } },
{ "type": "Feature", "properties": { "name": "Urban Corridor", "highway": "residential", "slope_pct": 0.6 }, "geometry": { "type": "LineString", "coordinates": [ [ 78.0403741, 27.1270328 ], [ 78.0405859, 27.1272919 ], [ 78.0406127, 27.1273253 ], [ 78.0412222, 27.1280819 ], [ 78.0412708, 27.1281377 ], [ 78.0412733, 27.1281718 ], [ 78.0412453, 27.1282127 ], [ 78.0410039, 27.1283976 ], [ 78.0407962, 27.1285568 ], [ 78.0405349, 27.1287599 ], [ 78.040506, 27.1287713 ], [ 78.0404652, 27.1287655 ], [ 78.0404377, 27.1287402 ], [ 78.0398538, 27.1280281 ], [ 78.0396231, 27.1277476 ] ] } },
{ "type": "Feature", "properties": { "name": "Urban Corridor", "highway": "residential", "slope_pct": 0.6 }, "geometry": { "type": "LineString", "coordinates": [ [ 78.0366968, 27.1251804 ], [ 78.0370374, 27.1249854 ] ] } },
{ "type": "Feature", "properties": { "name": "Urban Corridor", "highway": "residential", "slope_pct": 0.6 }, "geometry": { "type": "LineString", "coordinates": [ [ 78.0435829, 27.1238611 ], [ 78.0432511, 27.1235845 ] ] } },
{ "type": "Feature", "properties": { "name": "Urban Corridor", "highway": "residential", "slope_pct": 0.6 }, "geometry": { "type": "LineString", "coordinates": [ [ 78.0438641, 27.1236291 ], [ 78.0441556, 27.1233727 ] ] } },
{ "type": "Feature", "properties": { "name": "Urban Corridor", "highway": "residential", "slope_pct": 0.6 }, "geometry": { "type": "LineString", "coordinates": [ [ 78.0360814, 27.1241462 ], [ 78.0358016, 27.1242912 ], [ 78.035768, 27.1243266 ], [ 78.0357722, 27.1243735 ], [ 78.0361892, 27.1251068 ], [ 78.0362266, 27.1251425 ], [ 78.0362745, 27.1251653 ], [ 78.0363239, 27.1251606 ], [ 78.0365977, 27.125027 ] ] } },
{ "type": "Feature", "properties": { "name": "Urban Corridor", "highway": "residential", "slope_pct": 0.6 }, "geometry": { "type": "LineString", "coordinates": [ [ 78.044431, 27.1244217 ], [ 78.0441625, 27.1246242 ] ] } },
{ "type": "Feature", "properties": { "name": "Urban Corridor", "highway": "residential", "slope_pct": 0.6 }, "geometry": { "type": "LineString", "coordinates": [ [ 78.0432902, 27.1240914 ], [ 78.0435829, 27.1238611 ] ] } },
{ "type": "Feature", "properties": { "name": "Urban Corridor", "highway": "residential", "slope_pct": 0.6 }, "geometry": { "type": "LineString", "coordinates": [ [ 78.0447558, 27.1241755 ], [ 78.045111, 27.1239653 ], [ 78.0448897, 27.1236736 ] ] } },
{ "type": "Feature", "properties": { "name": "Urban Corridor", "highway": "residential", "slope_pct": 0.6 }, "geometry": { "type": "LineString", "coordinates": [ [ 78.0452422, 27.1229317 ], [ 78.0453701, 27.1228309 ], [ 78.0453884, 27.1228278 ], [ 78.0454057, 27.122829 ], [ 78.0454206, 27.1228311 ], [ 78.0457168, 27.1230858 ] ] } },
{ "type": "Feature", "properties": { "name": "Urban Corridor", "highway": "residential", "slope_pct": 0.6 }, "geometry": { "type": "LineString", "coordinates": [ [ 78.0365074, 27.1239539 ], [ 78.0361467, 27.1232751 ] ] } },
{ "type": "Feature", "properties": { "name": "Urban Corridor", "highway": "residential", "slope_pct": 0.6 }, "geometry": { "type": "LineString", "coordinates": [ [ 78.0442853, 27.1254235 ], [ 78.0445066, 27.1252791 ], [ 78.0445267, 27.1252277 ], [ 78.0445173, 27.1251931 ], [ 78.0441625, 27.1246242 ] ] } },
{ "type": "Feature", "properties": { "name": "Urban Corridor", "highway": "residential", "slope_pct": 0.6 }, "geometry": { "type": "LineString", "coordinates": [ [ 78.045719, 27.1225385 ], [ 78.0460202, 27.1229091 ], [ 78.0462152, 27.1231676 ], [ 78.0462203, 27.1231818 ], [ 78.0462205, 27.1231998 ], [ 78.0462136, 27.1232219 ], [ 78.045111, 27.1239653 ] ] } },
{ "type": "Feature", "properties": { "name": "Urban Corridor", "highway": "residential", "slope_pct": 0.6 }, "geometry": { "type": "LineString", "coordinates": [ [ 78.0353749, 27.1238501 ], [ 78.0359267, 27.1235924 ] ] } },
{ "type": "Feature", "properties": { "name": "Urban Corridor", "highway": "residential", "slope_pct": 0.6 }, "geometry": { "type": "LineString", "coordinates": [ [ 78.0467994, 27.1263497 ], [ 78.0465282, 27.1259873 ], [ 78.0464936, 27.125941 ], [ 78.0463402, 27.1257432 ], [ 78.0461883, 27.1255473 ], [ 78.0460534, 27.1253766 ], [ 78.046014, 27.1253101 ] ] } },
{ "type": "Feature", "properties": { "name": "Urban Corridor", "highway": "residential", "slope_pct": 0.6 }, "geometry": { "type": "LineString", "coordinates": [ [ 78.0400383, 27.1255652 ], [ 78.0396914, 27.1257497 ], [ 78.0394418, 27.1258835 ], [ 78.0394252, 27.1259036 ], [ 78.0394219, 27.1259366 ], [ 78.0400126, 27.1267588 ], [ 78.0401123, 27.1269063 ] ] } },
{ "type": "Feature", "properties": { "name": "Urban Corridor", "highway": "residential", "slope_pct": 0.6 }, "geometry": { "type": "LineString", "coordinates": [ [ 78.0370085, 27.1267496 ], [ 78.0368206, 27.1264307 ], [ 78.0367828, 27.1263666 ], [ 78.0367744, 27.1263317 ], [ 78.0367886, 27.1262878 ], [ 78.0368152, 27.1262531 ], [ 78.0373394, 27.1259864 ], [ 78.0377039, 27.125786 ], [ 78.0387564, 27.1252603 ], [ 78.0402907, 27.1244469 ], [ 78.0409011, 27.1241324 ] ] } },
{ "type": "Feature", "properties": { "name": "Urban Corridor", "highway": "residential", "slope_pct": 0.6 }, "geometry": { "type": "LineString", "coordinates": [ [ 78.0409042, 27.1264945 ], [ 78.0406254, 27.1261519 ], [ 78.0406093, 27.1261236 ], [ 78.0406093, 27.126088 ], [ 78.0406327, 27.1260613 ], [ 78.0407133, 27.125977 ], [ 78.040725, 27.1259349 ], [ 78.0407272, 27.1258924 ], [ 78.0404279, 27.1253939 ], [ 78.0403956, 27.1253759 ], [ 78.0403563, 27.1253763 ], [ 78.0400383, 27.1255652 ] ] } },
{ "type": "Feature", "properties": { "name": "Urban Corridor", "highway": "residential", "slope_pct": 0.6 }, "geometry": { "type": "LineString", "coordinates": [ [ 78.0373394, 27.1259864 ], [ 78.0366968, 27.1251804 ], [ 78.0365977, 27.125027 ], [ 78.0364987, 27.1248737 ], [ 78.0363427, 27.1246037 ], [ 78.0360814, 27.1241462 ] ] } },
{ "type": "Feature", "properties": { "name": "Urban Corridor", "highway": "residential", "slope_pct": 0.6 }, "geometry": { "type": "LineString", "coordinates": [ [ 78.0407193, 27.1333463 ], [ 78.0409794, 27.1331886 ], [ 78.0409971, 27.13316 ], [ 78.0409813, 27.1331173 ], [ 78.0408722, 27.1329836 ], [ 78.0405012, 27.1325293 ], [ 78.0404759, 27.1324814 ], [ 78.0404898, 27.1324368 ], [ 78.0406036, 27.132341 ], [ 78.0408423, 27.132156 ], [ 78.0410913, 27.1319926 ], [ 78.0412256, 27.1319045 ], [ 78.0413825, 27.1318015 ], [ 78.0414847, 27.1317345 ], [ 78.0416863, 27.1316022 ], [ 78.0420233, 27.1313812 ] ] } },
{ "type": "Feature", "properties": { "name": "Urban Corridor", "highway": "residential", "slope_pct": 0.6 }, "geometry": { "type": "LineString", "coordinates": [ [ 78.0351951, 27.1249025 ], [ 78.0355193, 27.12542 ] ] } },
{ "type": "Feature", "properties": { "name": "Urban Corridor", "highway": "residential", "slope_pct": 0.6 }, "geometry": { "type": "LineString", "coordinates": [ [ 78.0339802, 27.12441 ], [ 78.0345676, 27.1251963 ] ] } },
{ "type": "Feature", "properties": { "name": "Urban Corridor", "highway": "residential", "slope_pct": 0.6 }, "geometry": { "type": "LineString", "coordinates": [ [ 78.034986, 27.1252515 ], [ 78.0351981, 27.1255831 ], [ 78.0352854, 27.1257101 ] ] } },
{ "type": "Feature", "properties": { "name": "Urban Corridor", "highway": "residential", "slope_pct": 0.6 }, "geometry": { "type": "LineString", "coordinates": [ [ 78.0351981, 27.1255831 ], [ 78.0355193, 27.12542 ], [ 78.0358246, 27.1252819 ], [ 78.0358498, 27.1252522 ], [ 78.0358557, 27.1252136 ], [ 78.035848, 27.125178 ], [ 78.0355207, 27.124736 ] ] } },
{ "type": "Feature", "properties": { "name": "Urban Corridor", "highway": "residential", "slope_pct": 0.6 }, "geometry": { "type": "LineString", "coordinates": [ [ 78.0348894, 27.1239146 ], [ 78.0355207, 27.124736 ], [ 78.0351951, 27.1249025 ], [ 78.0349263, 27.1250405 ], [ 78.0349072, 27.1250728 ], [ 78.0349057, 27.1251114 ], [ 78.0349157, 27.1251421 ], [ 78.034986, 27.1252515 ] ] } },
{ "type": "Feature", "properties": { "name": "Urban Corridor", "highway": "residential", "slope_pct": 0.6 }, "geometry": { "type": "LineString", "coordinates": [ [ 78.0344962, 27.1402906 ], [ 78.0343907, 27.1395615 ] ] } },
{ "type": "Feature", "properties": { "name": "Urban Corridor", "highway": "residential", "slope_pct": 0.6 }, "geometry": { "type": "LineString", "coordinates": [ [ 78.0342284, 27.1407921 ], [ 78.0347185, 27.1416284 ] ] } },
{ "type": "Feature", "properties": { "name": "Urban Corridor", "highway": "residential", "slope_pct": 0.6 }, "geometry": { "type": "LineString", "coordinates": [ [ 78.0342028, 27.140151 ], [ 78.0340887, 27.1395898 ] ] } },
{ "type": "Feature", "properties": { "name": "Urban Corridor", "highway": "residential", "slope_pct": 0.6 }, "geometry": { "type": "LineString", "coordinates": [ [ 78.0356907, 27.1404205 ], [ 78.0352905, 27.1398652 ] ] } },
{ "type": "Feature", "properties": { "name": "Urban Corridor", "highway": "residential", "slope_pct": 0.6 }, "geometry": { "type": "LineString", "coordinates": [ [ 78.0350734, 27.1400289 ], [ 78.0352905, 27.1398652 ], [ 78.0354485, 27.1397415 ] ] } },
{ "type": "Feature", "properties": { "name": "Urban Corridor", "highway": "residential", "slope_pct": 0.6 }, "geometry": { "type": "LineString", "coordinates": [ [ 78.0343017, 27.14217 ], [ 78.0338211, 27.1409178 ] ] } },
{ "type": "Feature", "properties": { "name": "Urban Corridor", "highway": "residential", "slope_pct": 0.6 }, "geometry": { "type": "LineString", "coordinates": [ [ 78.0357521, 27.1385133 ], [ 78.0356931, 27.1384217 ], [ 78.0356857, 27.1383798 ], [ 78.0356921, 27.1383321 ], [ 78.0357415, 27.1382338 ], [ 78.0357564, 27.1382005 ], [ 78.0357657, 27.1381269 ], [ 78.035649, 27.1374959 ], [ 78.0355383, 27.1368153 ], [ 78.0354755, 27.1365122 ], [ 78.035416, 27.1362678 ], [ 78.035369, 27.1360944 ], [ 78.0352795, 27.135813 ] ] } },
{ "type": "Feature", "properties": { "name": "Urban Corridor", "highway": "residential", "slope_pct": 0.6 }, "geometry": { "type": "LineString", "coordinates": [ [ 78.0353855, 27.1381943 ], [ 78.0350517, 27.1382336 ], [ 78.0350282, 27.1382227 ], [ 78.0350131, 27.1381973 ], [ 78.0350076, 27.1381744 ], [ 78.0348649, 27.1374327 ], [ 78.0348103, 27.1371963 ], [ 78.0346647, 27.1365596 ], [ 78.0346106, 27.1363553 ], [ 78.0346134, 27.1363228 ], [ 78.034627, 27.1362911 ], [ 78.0346742, 27.136259 ], [ 78.0349903, 27.1360131 ] ] } },
{ "type": "Feature", "properties": { "name": "Urban Corridor", "highway": "residential", "slope_pct": 0.6 }, "geometry": { "type": "LineString", "coordinates": [ [ 78.0360805, 27.1362251 ], [ 78.0361174, 27.1369043 ], [ 78.0361689, 27.1374271 ] ] } },
{ "type": "Feature", "properties": { "name": "Urban Corridor", "highway": "residential", "slope_pct": 0.6 }, "geometry": { "type": "LineString", "coordinates": [ [ 78.0388408, 27.1383306 ], [ 78.0377711, 27.1371648 ] ] } },
{ "type": "Feature", "properties": { "name": "Urban Corridor", "highway": "residential", "slope_pct": 0.6 }, "geometry": { "type": "LineString", "coordinates": [ [ 78.0355823, 27.1386618 ], [ 78.0355149, 27.1385575 ], [ 78.0354688, 27.1384655 ], [ 78.0354118, 27.1383177 ], [ 78.0353855, 27.1381943 ], [ 78.0352784, 27.1375482 ], [ 78.0352401, 27.1373704 ], [ 78.0351536, 27.1368126 ], [ 78.0349903, 27.1360131 ] ] } },
{ "type": "Feature", "properties": { "name": "Urban Corridor", "highway": "residential", "slope_pct": 0.6 }, "geometry": { "type": "LineString", "coordinates": [ [ 78.0364714, 27.137209 ], [ 78.0371599, 27.1371439 ] ] } },
{ "type": "Feature", "properties": { "name": "Urban Corridor", "highway": "residential", "slope_pct": 0.6 }, "geometry": { "type": "LineString", "coordinates": [ [ 78.0359516, 27.1374596 ], [ 78.0358462, 27.1369342 ], [ 78.0357168, 27.1362108 ], [ 78.0355873, 27.1356229 ] ] } },
{ "type": "Feature", "properties": { "name": "Urban Corridor", "highway": "residential", "slope_pct": 0.6 }, "geometry": { "type": "LineString", "coordinates": [ [ 78.0366549, 27.1365842 ], [ 78.0366562, 27.1364135 ], [ 78.0366447, 27.1362474 ], [ 78.0366122, 27.1361671 ], [ 78.036544, 27.1360642 ], [ 78.036433, 27.1359263 ], [ 78.0359527, 27.135365 ] ] } },
{ "type": "Feature", "properties": { "name": "Urban Corridor", "highway": "residential", "slope_pct": 0.6 }, "geometry": { "type": "LineString", "coordinates": [ [ 78.0364953, 27.1375739 ], [ 78.0371599, 27.1371439 ], [ 78.0373364, 27.1370278 ] ] } },
{ "type": "Feature", "properties": { "name": "Urban Corridor", "highway": "residential", "slope_pct": 0.6 }, "geometry": { "type": "LineString", "coordinates": [ [ 78.0364509, 27.1365991 ], [ 78.0366549, 27.1365842 ], [ 78.0372165, 27.1365482 ] ] } },
{ "type": "Feature", "properties": { "name": "Urban Corridor", "highway": "residential", "slope_pct": 0.6 }, "geometry": { "type": "LineString", "coordinates": [ [ 78.0360805, 27.1362251 ], [ 78.0360917, 27.1361719 ], [ 78.0361123, 27.1361472 ], [ 78.0361537, 27.1361129 ], [ 78.0363891, 27.1359576 ], [ 78.036433, 27.1359263 ], [ 78.0367468, 27.1356746 ] ] } },
{ "type": "Feature", "properties": { "name": "Urban Corridor", "highway": "residential", "slope_pct": 0.6 }, "geometry": { "type": "LineString", "coordinates": [ [ 78.0352784, 27.1375482 ], [ 78.035649, 27.1374959 ], [ 78.0359516, 27.1374596 ], [ 78.0361689, 27.1374271 ], [ 78.036253, 27.1374163 ] ] } },
{ "type": "Feature", "properties": { "name": "Urban Corridor", "highway": "residential", "slope_pct": 0.6 }, "geometry": { "type": "LineString", "coordinates": [ [ 78.0348103, 27.1371963 ], [ 78.0342622, 27.1373035 ], [ 78.0342317, 27.1373234 ], [ 78.0342175, 27.1373435 ], [ 78.034212, 27.1373867 ] ] } },
{ "type": "Feature", "properties": { "name": "Urban Corridor", "highway": "residential", "slope_pct": 0.6 }, "geometry": { "type": "LineString", "coordinates": [ [ 78.0388874, 27.1355652 ], [ 78.0385526, 27.1357718 ] ] } },
{ "type": "Feature", "properties": { "name": "Urban Corridor", "highway": "residential", "slope_pct": 0.6 }, "geometry": { "type": "LineString", "coordinates": [ [ 78.0385827, 27.136595 ], [ 78.038065, 27.1359217 ] ] } },
{ "type": "Feature", "properties": { "name": "Urban Corridor", "highway": "residential", "slope_pct": 0.6 }, "geometry": { "type": "LineString", "coordinates": [ [ 78.0387468, 27.1360217 ], [ 78.0390792, 27.1357968 ] ] } },
{ "type": "Feature", "properties": { "name": "Urban Corridor", "highway": "residential", "slope_pct": 0.6 }, "geometry": { "type": "LineString", "coordinates": [ [ 78.0348649, 27.1374327 ], [ 78.0352401, 27.1373704 ] ] } },
{ "type": "Feature", "properties": { "name": "Urban Corridor", "highway": "residential", "slope_pct": 0.6 }, "geometry": { "type": "LineString", "coordinates": [ [ 78.0393313, 27.1360955 ], [ 78.0390792, 27.1357968 ], [ 78.0388874, 27.1355652 ], [ 78.0387667, 27.1354194 ] ] } },
{ "type": "Feature", "properties": { "name": "Urban Corridor", "highway": "residential", "slope_pct": 0.6 }, "geometry": { "type": "LineString", "coordinates": [ [ 78.0386378, 27.1365613 ], [ 78.0395646, 27.137651 ] ] } },
{ "type": "Feature", "properties": { "name": "Urban Corridor", "highway": "residential", "slope_pct": 0.6 }, "geometry": { "type": "LineString", "coordinates": [ [ 78.0398222, 27.13287 ], [ 78.0403912, 27.1335707 ] ] } },
{ "type": "Feature", "properties": { "name": "Urban Corridor", "highway": "residential", "slope_pct": 0.6 }, "geometry": { "type": "LineString", "coordinates": [ [ 78.0401416, 27.1345731 ], [ 78.0414799, 27.1337343 ] ] } },
{ "type": "Feature", "properties": { "name": "Urban Corridor", "highway": "residential", "slope_pct": 0.6 }, "geometry": { "type": "LineString", "coordinates": [ [ 78.0398909, 27.1342645 ], [ 78.0412282, 27.133435 ] ] } },
{ "type": "Feature", "properties": { "name": "Urban Corridor", "highway": "residential", "slope_pct": 0.6 }, "geometry": { "type": "LineString", "coordinates": [ [ 78.0395021, 27.13307 ], [ 78.0400579, 27.1337852 ] ] } },
{ "type": "Feature", "properties": { "name": "Urban Corridor", "highway": "residential", "slope_pct": 0.6 }, "geometry": { "type": "LineString", "coordinates": [ [ 78.0395969, 27.1346326 ], [ 78.0393402, 27.1343164 ], [ 78.0389976, 27.1338944 ], [ 78.0389466, 27.1338331 ], [ 78.0388917, 27.1337588 ] ] } },
{ "type": "Feature", "properties": { "name": "Urban Corridor", "highway": "residential", "slope_pct": 0.6 }, "geometry": { "type": "LineString", "coordinates": [ [ 78.0403763, 27.1348481 ], [ 78.0410184, 27.13443 ] ] } },
{ "type": "Feature", "properties": { "name": "Urban Corridor", "highway": "residential", "slope_pct": 0.6 }, "geometry": { "type": "LineString", "coordinates": [ [ 78.0396876, 27.1340309 ], [ 78.0400579, 27.1337852 ], [ 78.0403912, 27.1335707 ], [ 78.0407193, 27.1333463 ], [ 78.0401517, 27.132664 ] ] } },
{ "type": "Feature", "properties": { "name": "Urban Corridor", "highway": "residential", "slope_pct": 0.6 }, "geometry": { "type": "LineString", "coordinates": [ [ 78.0353749, 27.1238501 ], [ 78.0352959, 27.123716 ] ] } },
{ "type": "Feature", "properties": { "name": "Urban Corridor", "highway": "residential", "slope_pct": 0.6 }, "geometry": { "type": "LineString", "coordinates": [ [ 78.0365463, 27.1379876 ], [ 78.0366254, 27.1379311 ] ] } },
{ "type": "Feature", "properties": { "name": "Urban Corridor", "highway": "residential", "slope_pct": 0.6 }, "geometry": { "type": "LineString", "coordinates": [ [ 78.0391211, 27.1333155 ], [ 78.0395021, 27.13307 ], [ 78.0398222, 27.13287 ], [ 78.0401517, 27.132664 ] ] } },
{ "type": "Feature", "properties": { "name": "Urban Corridor", "highway": "residential", "slope_pct": 0.6 }, "geometry": { "type": "LineString", "coordinates": [ [ 78.0372222, 27.1311015 ], [ 78.0377059, 27.1307655 ], [ 78.0377474, 27.1307479 ], [ 78.0377984, 27.1307518 ], [ 78.0378392, 27.1307757 ], [ 78.0381895, 27.1312479 ], [ 78.0388264, 27.1320251 ] ] } },
{ "type": "Feature", "properties": { "name": "Urban Corridor", "highway": "residential", "slope_pct": 0.6 }, "geometry": { "type": "LineString", "coordinates": [ [ 78.0418843, 27.125354 ], [ 78.0411342, 27.1244421 ], [ 78.0410011, 27.1242652 ], [ 78.0409011, 27.1241324 ], [ 78.0407628, 27.1239334 ], [ 78.0404021, 27.1233614 ], [ 78.040034, 27.1228561 ], [ 78.0392359, 27.1217549 ], [ 78.0383716, 27.1205545 ], [ 78.0378432, 27.119817 ], [ 78.0376912, 27.1196048 ], [ 78.0376101, 27.1195021 ], [ 78.0371477, 27.1187209 ], [ 78.0369302, 27.1183156 ], [ 78.0365605, 27.1177341 ], [ 78.0361412, 27.1170745 ], [ 78.0364927, 27.1169682 ], [ 78.0371654, 27.1167982 ], [ 78.0372357, 27.11677 ], [ 78.0372888, 27.1167266 ], [ 78.0373049, 27.1166721 ], [ 78.0373145, 27.1165833 ], [ 78.0372963, 27.1164831 ], [ 78.0371407, 27.1163264 ], [ 78.0368983, 27.1161861 ], [ 78.0364821, 27.1160707 ], [ 78.0363436, 27.1160247 ], [ 78.0361559, 27.1158805 ], [ 78.0357009, 27.1154164 ], [ 78.0355498, 27.1152042 ], [ 78.0352893, 27.1147917 ], [ 78.0350526, 27.1144669 ] ] } },
{ "type": "Feature", "properties": { "name": "Urban Corridor", "highway": "residential", "slope_pct": 0.6 }, "geometry": { "type": "LineString", "coordinates": [ [ 78.0430016, 27.1368212 ], [ 78.0435491, 27.1361904 ], [ 78.0435819, 27.1361761 ], [ 78.0436094, 27.1361868 ], [ 78.0436731, 27.1362226 ], [ 78.0440441, 27.1364703 ] ] } },
{ "type": "Feature", "properties": { "name": "Urban Corridor", "highway": "residential", "slope_pct": 0.6 }, "geometry": { "type": "LineString", "coordinates": [ [ 78.049002, 27.131895 ], [ 78.0489175, 27.1318401 ], [ 78.048829, 27.1317899 ], [ 78.0487338, 27.131735 ], [ 78.0486077, 27.1316837 ], [ 78.0485272, 27.1316181 ], [ 78.0484682, 27.131556 ], [ 78.048314, 27.1313627 ], [ 78.0480739, 27.1310547 ], [ 78.0478521, 27.1307652 ], [ 78.047746, 27.1306268 ], [ 78.0476924, 27.1305875 ], [ 78.0476046, 27.1305332 ], [ 78.0475375, 27.1304938 ], [ 78.0474181, 27.1304233 ], [ 78.0466693, 27.1308226 ], [ 78.0461288, 27.1311758 ], [ 78.0458289, 27.1313818 ], [ 78.0456492, 27.131482 ], [ 78.04555, 27.1315417 ], [ 78.0454588, 27.1315536 ], [ 78.045381, 27.1315417 ], [ 78.0453005, 27.1315083 ], [ 78.0452415, 27.1314581 ], [ 78.0451986, 27.1313985 ], [ 78.0451383, 27.1313231 ] ] } },
{ "type": "Feature", "properties": { "name": "Urban Corridor", "highway": "residential", "slope_pct": 0.6 }, "geometry": { "type": "LineString", "coordinates": [ [ 78.0509531, 27.1362714 ], [ 78.052165, 27.1357483 ], [ 78.0527665, 27.1368408 ], [ 78.0527852, 27.1369387 ], [ 78.0527651, 27.1369948 ], [ 78.0527262, 27.1370378 ], [ 78.0516128, 27.1374871 ] ] } },
{ "type": "Feature", "properties": { "name": "Urban Corridor", "highway": "residential", "slope_pct": 0.6 }, "geometry": { "type": "LineString", "coordinates": [ [ 78.035033, 27.1283806 ], [ 78.0340254, 27.1290301 ], [ 78.0337888, 27.1292046 ], [ 78.0337731, 27.1292246 ], [ 78.0337642, 27.1292443 ], [ 78.0337698, 27.1292647 ], [ 78.0337831, 27.1292907 ], [ 78.0338682, 27.1293964 ] ] } },
{ "type": "Feature", "properties": { "name": "Urban Corridor", "highway": "residential", "slope_pct": 0.6 }, "geometry": { "type": "LineString", "coordinates": [ [ 78.0337295, 27.128694 ], [ 78.0340254, 27.1290301 ], [ 78.034445, 27.1296084 ], [ 78.0350225, 27.1303922 ], [ 78.0350894, 27.1304818 ] ] } },
{ "type": "Feature", "properties": { "name": "Urban Corridor", "highway": "residential", "slope_pct": 0.6 }, "geometry": { "type": "LineString", "coordinates": [ [ 78.034445, 27.1296084 ], [ 78.034797, 27.1293846 ], [ 78.035067, 27.129213 ], [ 78.0354382, 27.128977 ] ] } },
{ "type": "Feature", "properties": { "name": "Urban Corridor", "highway": "residential", "slope_pct": 0.6 }, "geometry": { "type": "LineString", "coordinates": [ [ 78.0358456, 27.1391503 ], [ 78.0356525, 27.139092 ], [ 78.0354464, 27.1390452 ], [ 78.0352705, 27.1390022 ], [ 78.0350344, 27.1389669 ], [ 78.034956, 27.1389683 ], [ 78.0344305, 27.1389858 ], [ 78.0340641, 27.1390047 ], [ 78.0336448, 27.1390497 ], [ 78.0333744, 27.1390428 ], [ 78.0332824, 27.1390298 ], [ 78.0331782, 27.1390113 ], [ 78.0329627, 27.1389991 ] ] } },
{ "type": "Feature", "properties": { "name": "Urban Corridor", "highway": "residential", "slope_pct": 0.6 }, "geometry": { "type": "LineString", "coordinates": [ [ 78.0506315, 27.1355762 ], [ 78.0514187, 27.1352822 ], [ 78.0524734, 27.1348672 ] ] } },
{ "type": "Feature", "properties": { "name": "Urban Corridor", "highway": "residential", "slope_pct": 0.6 }, "geometry": { "type": "LineString", "coordinates": [ [ 78.0486187, 27.1424301 ], [ 78.048291, 27.1418045 ] ] } },
{ "type": "Feature", "properties": { "name": "Urban Corridor", "highway": "residential", "slope_pct": 0.6 }, "geometry": { "type": "LineString", "coordinates": [ [ 78.055277, 27.1313631 ], [ 78.0555419, 27.1312145 ], [ 78.0557688, 27.131072 ], [ 78.0562511, 27.130769 ], [ 78.0562758, 27.1307653 ], [ 78.0563013, 27.1307725 ], [ 78.0563251, 27.1307877 ] ] } },
{ "type": "Feature", "properties": { "name": "Urban Corridor", "highway": "residential", "slope_pct": 0.6 }, "geometry": { "type": "LineString", "coordinates": [ [ 78.0546618, 27.1340023 ], [ 78.0551011, 27.1347406 ], [ 78.0552195, 27.1349414 ] ] } },
{ "type": "Feature", "properties": { "name": "Urban Corridor", "highway": "residential", "slope_pct": 0.6 }, "geometry": { "type": "LineString", "coordinates": [ [ 78.0550282, 27.1338334 ], [ 78.0554635, 27.134574 ], [ 78.0555793, 27.1347711 ] ] } },
{ "type": "Feature", "properties": { "name": "Urban Corridor", "highway": "residential", "slope_pct": 0.6 }, "geometry": { "type": "LineString", "coordinates": [ [ 78.0551011, 27.1347406 ], [ 78.0554635, 27.134574 ] ] } },
{ "type": "Feature", "properties": { "name": "Urban Corridor", "highway": "residential", "slope_pct": 0.6 }, "geometry": { "type": "LineString", "coordinates": [ [ 78.0358142, 27.1203876 ], [ 78.036131, 27.1206659 ], [ 78.0362338, 27.1207563 ], [ 78.0380172, 27.1223233 ] ] } },
{ "type": "Feature", "properties": { "name": "Urban Corridor", "highway": "residential", "slope_pct": 0.6 }, "geometry": { "type": "LineString", "coordinates": [ [ 78.0359258, 27.1203035 ], [ 78.036026, 27.1203998 ], [ 78.0362456, 27.1205889 ], [ 78.0381284, 27.1222691 ] ] } },
{ "type": "Feature", "properties": { "name": "Urban Corridor", "highway": "residential", "slope_pct": 0.6 }, "geometry": { "type": "LineString", "coordinates": [ [ 78.0355876, 27.1210934 ], [ 78.0362338, 27.1207563 ] ] } },
{ "type": "Feature", "properties": { "name": "Urban Corridor", "highway": "residential", "slope_pct": 0.6 }, "geometry": { "type": "LineString", "coordinates": [ [ 78.0366292, 27.120058 ], [ 78.0371886, 27.1205549 ], [ 78.0377391, 27.1210438 ], [ 78.0381269, 27.1213891 ], [ 78.0383668, 27.1216026 ] ] } },
{ "type": "Feature", "properties": { "name": "Urban Corridor", "highway": "residential", "slope_pct": 0.6 }, "geometry": { "type": "LineString", "coordinates": [ [ 78.0381269, 27.1213891 ], [ 78.0383045, 27.1212594 ], [ 78.0385965, 27.1210461 ] ] } },
{ "type": "Feature", "properties": { "name": "Urban Corridor", "highway": "residential", "slope_pct": 0.6 }, "geometry": { "type": "LineString", "coordinates": [ [ 78.0376344, 27.1203284 ], [ 78.0383045, 27.1212594 ] ] } },
{ "type": "Feature", "properties": { "name": "Urban Corridor", "highway": "residential", "slope_pct": 0.6 }, "geometry": { "type": "LineString", "coordinates": [ [ 78.0395438, 27.1208709 ], [ 78.0396639, 27.1210754 ], [ 78.0398779, 27.121427 ] ] } },
{ "type": "Feature", "properties": { "name": "Urban Corridor", "highway": "residential", "slope_pct": 0.6 }, "geometry": { "type": "LineString", "coordinates": [ [ 78.0396639, 27.1210754 ], [ 78.0399955, 27.1209209 ] ] } },
{ "type": "Feature", "properties": { "name": "Urban Corridor", "highway": "residential", "slope_pct": 0.6 }, "geometry": { "type": "LineString", "coordinates": [ [ 78.0403229, 27.1211997 ], [ 78.0400082, 27.1206847 ], [ 78.039998, 27.1206392 ], [ 78.039998, 27.1206097 ], [ 78.0400312, 27.1205825 ], [ 78.0403578, 27.1204417 ], [ 78.0405415, 27.120344 ], [ 78.0409243, 27.1201396 ] ] } },
{ "type": "Feature", "properties": { "name": "Urban Corridor", "highway": "residential", "slope_pct": 0.6 }, "geometry": { "type": "LineString", "coordinates": [ [ 78.037592, 27.1241415 ], [ 78.0381034, 27.1238694 ], [ 78.0385008, 27.1236575 ], [ 78.0386375, 27.1235846 ], [ 78.0390854, 27.1233459 ], [ 78.0391883, 27.123282 ], [ 78.039669, 27.12304 ], [ 78.040034, 27.1228561 ] ] } },
{ "type": "Feature", "properties": { "name": "Urban Corridor", "highway": "residential", "slope_pct": 0.6 }, "geometry": { "type": "LineString", "coordinates": [ [ 78.0384855, 27.1227853 ], [ 78.0390854, 27.1233459 ], [ 78.0392, 27.1234531 ] ] } },
{ "type": "Feature", "properties": { "name": "Urban Corridor", "highway": "residential", "slope_pct": 0.6 }, "geometry": { "type": "LineString", "coordinates": [ [ 78.0385774, 27.1227104 ], [ 78.0391883, 27.123282 ], [ 78.039274, 27.1233622 ] ] } },
{ "type": "Feature", "properties": { "name": "Urban Corridor", "highway": "residential", "slope_pct": 0.6 }, "geometry": { "type": "LineString", "coordinates": [ [ 78.0367296, 27.122982 ], [ 78.0371034, 27.1235851 ], [ 78.0376193, 27.1244494 ], [ 78.0376494, 27.1244977 ], [ 78.0377635, 27.1246765 ] ] } },
{ "type": "Feature", "properties": { "name": "Urban Corridor", "highway": "residential", "slope_pct": 0.6 }, "geometry": { "type": "LineString", "coordinates": [ [ 78.0372344, 27.1235538 ], [ 78.0377028, 27.1233155 ], [ 78.0381313, 27.1230976 ], [ 78.038421, 27.1229503 ] ] } },
{ "type": "Feature", "properties": { "name": "Urban Corridor", "highway": "residential", "slope_pct": 0.6 }, "geometry": { "type": "LineString", "coordinates": [ [ 78.0381034, 27.1238694 ], [ 78.037901, 27.1235953 ], [ 78.0377028, 27.1233155 ] ] } },
{ "type": "Feature", "properties": { "name": "Urban Corridor", "highway": "residential", "slope_pct": 0.6 }, "geometry": { "type": "LineString", "coordinates": [ [ 78.0381313, 27.1230976 ], [ 78.0384572, 27.1235914 ], [ 78.0385008, 27.1236575 ] ] } },
{ "type": "Feature", "properties": { "name": "Urban Corridor", "highway": "residential", "slope_pct": 0.6 }, "geometry": { "type": "LineString", "coordinates": [ [ 78.0388726, 27.1227287 ], [ 78.0392181, 27.1225282 ], [ 78.0392632, 27.1225167 ], [ 78.0393082, 27.1225205 ], [ 78.0393512, 27.1225511 ], [ 78.039669, 27.12304 ] ] } },
{ "type": "Feature", "properties": { "name": "Urban Corridor", "highway": "residential", "slope_pct": 0.6 }, "geometry": { "type": "LineString", "coordinates": [ [ 78.0406989, 27.1211251 ], [ 78.0410565, 27.121691 ], [ 78.0411646, 27.1218621 ], [ 78.0413149, 27.1221001 ], [ 78.0418256, 27.1229162 ] ] } },
{ "type": "Feature", "properties": { "name": "Urban Corridor", "highway": "residential", "slope_pct": 0.6 }, "geometry": { "type": "LineString", "coordinates": [ [ 78.0406018, 27.1229563 ], [ 78.0402225, 27.1224242 ], [ 78.0402195, 27.1223621 ], [ 78.040265, 27.1222999 ], [ 78.0407786, 27.12205 ], [ 78.0411646, 27.1218621 ] ] } },
{ "type": "Feature", "properties": { "name": "Urban Corridor", "highway": "residential", "slope_pct": 0.6 }, "geometry": { "type": "LineString", "coordinates": [ [ 78.0411845, 27.1226943 ], [ 78.0407786, 27.12205 ] ] } },
{ "type": "Feature", "properties": { "name": "Urban Corridor", "highway": "residential", "slope_pct": 0.6 }, "geometry": { "type": "LineString", "coordinates": [ [ 78.0405524, 27.1210825 ], [ 78.0402478, 27.1206058 ] ] } },
{ "type": "Feature", "properties": { "name": "Urban Corridor", "highway": "residential", "slope_pct": 0.6 }, "geometry": { "type": "LineString", "coordinates": [ [ 78.0358277, 27.1234342 ], [ 78.0359267, 27.1235924 ] ] } },
{ "type": "Feature", "properties": { "name": "Urban Corridor", "highway": "residential", "slope_pct": 0.6 }, "geometry": { "type": "LineString", "coordinates": [ [ 78.0364477, 27.123123 ], [ 78.0367405, 27.1236034 ], [ 78.0372856, 27.1246079 ] ] } },
{ "type": "Feature", "properties": { "name": "Urban Corridor", "highway": "residential", "slope_pct": 0.6 }, "geometry": { "type": "LineString", "coordinates": [ [ 78.0355178, 27.1231808 ], [ 78.0357227, 27.1234901 ] ] } },
{ "type": "Feature", "properties": { "name": "Urban Corridor", "highway": "residential", "slope_pct": 0.6 }, "geometry": { "type": "LineString", "coordinates": [ [ 78.0403763, 27.1361776 ], [ 78.0409757, 27.1369538 ] ] } },
{ "type": "Feature", "properties": { "name": "Urban Corridor", "highway": "residential", "slope_pct": 0.6 }, "geometry": { "type": "LineString", "coordinates": [ [ 78.0327846, 27.1341763 ], [ 78.0329073, 27.1342801 ], [ 78.0330167, 27.1343985 ], [ 78.0332742, 27.1346964 ], [ 78.0335561, 27.13501 ], [ 78.0336284, 27.135081 ], [ 78.0337075, 27.1350969 ], [ 78.0337586, 27.1350878 ], [ 78.03383, 27.1350515 ], [ 78.0339142, 27.1349811 ], [ 78.0339568, 27.1349412 ], [ 78.0341121, 27.1348121 ], [ 78.0342438, 27.1347201 ], [ 78.034593, 27.1344997 ], [ 78.0348701, 27.1343338 ], [ 78.0349205, 27.1343036 ], [ 78.035355, 27.1340416 ] ] } },
{ "type": "Feature", "properties": { "name": "Urban Corridor", "highway": "residential", "slope_pct": 0.6 }, "geometry": { "type": "LineString", "coordinates": [ [ 78.0355566, 27.134249 ], [ 78.035355, 27.1340416 ], [ 78.0346504, 27.1333408 ], [ 78.034392, 27.1330799 ] ] } },
{ "type": "Feature", "properties": { "name": "Urban Corridor", "highway": "residential", "slope_pct": 0.6 }, "geometry": { "type": "LineString", "coordinates": [ [ 78.0355566, 27.134249 ], [ 78.0360879, 27.1338839 ], [ 78.0363912, 27.1336809 ], [ 78.0368009, 27.1333974 ], [ 78.0382971, 27.1323824 ] ] } },
{ "type": "Feature", "properties": { "name": "Urban Corridor", "highway": "residential", "slope_pct": 0.6 }, "geometry": { "type": "LineString", "coordinates": [ [ 78.0417176, 27.1340171 ], [ 78.0414799, 27.1337343 ], [ 78.041397, 27.1336357 ], [ 78.0412282, 27.133435 ], [ 78.0409971, 27.13316 ] ] } },
{ "type": "Feature", "properties": { "name": "Urban Corridor", "highway": "residential", "slope_pct": 0.6 }, "geometry": { "type": "LineString", "coordinates": [ [ 78.0385094, 27.1326229 ], [ 78.0394737, 27.1319517 ], [ 78.0395356, 27.1319081 ], [ 78.0399434, 27.1316219 ], [ 78.039985, 27.1316106 ], [ 78.040012, 27.1316202 ], [ 78.0400336, 27.1316443 ], [ 78.0406036, 27.132341 ] ] } },
{ "type": "Feature", "properties": { "name": "Urban Corridor", "highway": "residential", "slope_pct": 0.6 }, "geometry": { "type": "LineString", "coordinates": [ [ 78.0401517, 27.132664 ], [ 78.0398398, 27.1322769 ], [ 78.0395356, 27.1319081 ] ] } },
{ "type": "Feature", "properties": { "name": "Urban Corridor", "highway": "residential", "slope_pct": 0.6 }, "geometry": { "type": "LineString", "coordinates": [ [ 78.0408722, 27.1329836 ], [ 78.0415543, 27.1325353 ], [ 78.0418081, 27.1323685 ], [ 78.0418473, 27.1323411 ], [ 78.0421438, 27.1321339 ], [ 78.0424564, 27.1319155 ] ] } },
{ "type": "Feature", "properties": { "name": "Urban Corridor", "highway": "residential", "slope_pct": 0.6 }, "geometry": { "type": "LineString", "coordinates": [ [ 78.0395412, 27.1359564 ], [ 78.0388662, 27.1351245 ], [ 78.0387522, 27.1349841 ], [ 78.0386146, 27.1348189 ], [ 78.0383946, 27.1345547 ], [ 78.0383753, 27.1345203 ], [ 78.038371, 27.1344821 ], [ 78.0383796, 27.1344344 ], [ 78.0384397, 27.1343618 ], [ 78.0388761, 27.1338954 ], [ 78.0389466, 27.1338331 ] ] } },
{ "type": "Feature", "properties": { "name": "Urban Corridor", "highway": "residential", "slope_pct": 0.6 }, "geometry": { "type": "LineString", "coordinates": [ [ 78.0360925, 27.1425605 ], [ 78.035722, 27.1420885 ], [ 78.035515, 27.1418165 ], [ 78.0353117, 27.1415767 ] ] } },
{ "type": "Feature", "properties": { "name": "Urban Corridor", "highway": "residential", "slope_pct": 0.6 }, "geometry": { "type": "LineString", "coordinates": [ [ 78.0350875, 27.1425039 ], [ 78.0352233, 27.1424052 ], [ 78.0354203, 27.1422788 ], [ 78.035722, 27.1420885 ] ] } },
{ "type": "Feature", "properties": { "name": "Urban Corridor", "highway": "residential", "slope_pct": 0.6 }, "geometry": { "type": "LineString", "coordinates": [ [ 78.0354203, 27.1422788 ], [ 78.0352167, 27.1419789 ], [ 78.0351502, 27.1418854 ], [ 78.0349892, 27.141704 ] ] } },
{ "type": "Feature", "properties": { "name": "Urban Corridor", "highway": "residential", "slope_pct": 0.6 }, "geometry": { "type": "LineString", "coordinates": [ [ 78.0360879, 27.1338839 ], [ 78.0357625, 27.1335089 ], [ 78.0356245, 27.1333416 ], [ 78.0347432, 27.1323787 ] ] } },
{ "type": "Feature", "properties": { "name": "Urban Corridor", "highway": "residential", "slope_pct": 0.6 }, "geometry": { "type": "LineString", "coordinates": [ [ 78.0342438, 27.1347201 ], [ 78.0339311, 27.1343693 ], [ 78.0334875, 27.1338716 ] ] } },
{ "type": "Feature", "properties": { "name": "Urban Corridor", "highway": "residential", "slope_pct": 0.6 }, "geometry": { "type": "LineString", "coordinates": [ [ 78.0363991, 27.1301522 ], [ 78.0368543, 27.129755 ], [ 78.0371359, 27.1295093 ], [ 78.0371883, 27.1294636 ], [ 78.0373436, 27.1293193 ], [ 78.0373969, 27.1292744 ], [ 78.0375135, 27.1291762 ], [ 78.0377138, 27.1290466 ], [ 78.037837, 27.1289709 ], [ 78.0379123, 27.1289246 ], [ 78.0380185, 27.1288611 ], [ 78.0380528, 27.1288248 ], [ 78.0380549, 27.1287885 ], [ 78.0380456, 27.1287652 ], [ 78.0375136, 27.128132 ], [ 78.0374943, 27.1280994 ], [ 78.0374943, 27.1280657 ], [ 78.0375156, 27.1280211 ], [ 78.0375445, 27.1279833 ], [ 78.037599, 27.1279119 ], [ 78.0378256, 27.1276154 ], [ 78.0378638, 27.1275655 ], [ 78.0380614, 27.1273037 ] ] } },
{ "type": "Feature", "properties": { "name": "Urban Corridor", "highway": "residential", "slope_pct": 0.6 }, "geometry": { "type": "LineString", "coordinates": [ [ 78.0392038, 27.1293475 ], [ 78.0388184, 27.1290022 ], [ 78.038606, 27.1288055 ], [ 78.0385423, 27.1287501 ], [ 78.0385137, 27.1287252 ], [ 78.0384064, 27.1286469 ], [ 78.0377659, 27.1282453 ], [ 78.0376505, 27.1281769 ], [ 78.0374943, 27.1280994 ] ] } },
{ "type": "Feature", "properties": { "name": "Urban Corridor", "highway": "residential", "slope_pct": 0.6 }, "geometry": { "type": "LineString", "coordinates": [ [ 78.0351213, 27.1285106 ], [ 78.0355115, 27.1283159 ], [ 78.0355954, 27.1282741 ], [ 78.0357774, 27.1281904 ], [ 78.0359747, 27.1280716 ], [ 78.0361104, 27.1280088 ], [ 78.0362022, 27.1279664 ], [ 78.0363068, 27.127896 ], [ 78.036414, 27.127812 ], [ 78.0368069, 27.1274827 ], [ 78.0369394, 27.1273727 ], [ 78.0369719, 27.1273598 ], [ 78.0370008, 27.1273711 ], [ 78.0370621, 27.1274562 ], [ 78.0372786, 27.1277854 ], [ 78.03734, 27.1278689 ], [ 78.0373887, 27.1279123 ], [ 78.0374591, 27.127946 ], [ 78.0375445, 27.1279833 ] ] } },
{ "type": "Feature", "properties": { "name": "Urban Corridor", "highway": "residential", "slope_pct": 0.6 }, "geometry": { "type": "LineString", "coordinates": [ [ 78.0373969, 27.1292744 ], [ 78.0370663, 27.1288756 ], [ 78.036977, 27.1287643 ], [ 78.0369208, 27.1286757 ], [ 78.0368851, 27.1285872 ], [ 78.0368366, 27.1284486 ], [ 78.0367856, 27.1283623 ], [ 78.036414, 27.127812 ] ] } },
{ "type": "Feature", "properties": { "name": "Urban Corridor", "highway": "residential", "slope_pct": 0.6 }, "geometry": { "type": "LineString", "coordinates": [ [ 78.0355579, 27.1291289 ], [ 78.0358703, 27.1289366 ], [ 78.0358855, 27.1289042 ], [ 78.0358825, 27.128861 ], [ 78.0355115, 27.1283159 ] ] } },
{ "type": "Feature", "properties": { "name": "Urban Corridor", "highway": "residential", "slope_pct": 0.6 }, "geometry": { "type": "LineString", "coordinates": [ [ 78.0361104, 27.1280088 ], [ 78.036524, 27.128627 ], [ 78.0365393, 27.1286725 ], [ 78.0365189, 27.128752 ], [ 78.036482, 27.1288244 ], [ 78.0364066, 27.1289722 ], [ 78.0363772, 27.1289908 ], [ 78.0363427, 27.1289958 ], [ 78.0363085, 27.128976 ], [ 78.0357774, 27.1281904 ] ] } },
{ "type": "Feature", "properties": { "name": "Urban Corridor", "highway": "residential", "slope_pct": 0.6 }, "geometry": { "type": "LineString", "coordinates": [ [ 78.036482, 27.1288244 ], [ 78.0365884, 27.1288809 ], [ 78.0366354, 27.128916 ], [ 78.0367113, 27.1289889 ], [ 78.036995, 27.1293225 ], [ 78.0371359, 27.1295093 ] ] } },
{ "type": "Feature", "properties": { "name": "Urban Corridor", "highway": "residential", "slope_pct": 0.6 }, "geometry": { "type": "LineString", "coordinates": [ [ 78.0363912, 27.1336809 ], [ 78.0357149, 27.1328734 ], [ 78.035069, 27.1321418 ] ] } },
{ "type": "Feature", "properties": { "name": "Urban Corridor", "highway": "residential", "slope_pct": 0.6 }, "geometry": { "type": "LineString", "coordinates": [ [ 78.0355304, 27.1318286 ], [ 78.0357482, 27.1320704 ], [ 78.0357728, 27.1320885 ], [ 78.0358071, 27.1320917 ], [ 78.0358396, 27.1320757 ], [ 78.0359262, 27.1320114 ], [ 78.0359515, 27.1320082 ], [ 78.0359749, 27.1320211 ], [ 78.0366206, 27.1327593 ] ] } },
{ "type": "Feature", "properties": { "name": "Urban Corridor", "highway": "residential", "slope_pct": 0.6 }, "geometry": { "type": "LineString", "coordinates": [ [ 78.0357728, 27.1320885 ], [ 78.0356829, 27.1322181 ], [ 78.0356749, 27.1322319 ], [ 78.0356723, 27.1322477 ], [ 78.0356766, 27.1322692 ], [ 78.0362083, 27.132864 ], [ 78.0364258, 27.1331314 ] ] } },
{ "type": "Feature", "properties": { "name": "Urban Corridor", "highway": "residential", "slope_pct": 0.6 }, "geometry": { "type": "LineString", "coordinates": [ [ 78.0402203, 27.1298389 ], [ 78.0405671, 27.1296163 ] ] } },
{ "type": "Feature", "properties": { "name": "Urban Corridor", "highway": "residential", "slope_pct": 0.6 }, "geometry": { "type": "LineString", "coordinates": [ [ 78.0407882, 27.1298885 ], [ 78.0395829, 27.1307125 ], [ 78.0394093, 27.1308311 ], [ 78.0393781, 27.130857 ], [ 78.0393631, 27.1308818 ], [ 78.0393674, 27.1309142 ], [ 78.0395461, 27.1311409 ], [ 78.0397708, 27.131426 ] ] } },
{ "type": "Feature", "properties": { "name": "Urban Corridor", "highway": "residential", "slope_pct": 0.6 }, "geometry": { "type": "LineString", "coordinates": [ [ 78.0389118, 27.1315696 ], [ 78.0395461, 27.1311409 ] ] } },
{ "type": "Feature", "properties": { "name": "Urban Corridor", "highway": "residential", "slope_pct": 0.6 }, "geometry": { "type": "LineString", "coordinates": [ [ 78.0389171, 27.1295497 ], [ 78.0395746, 27.130296 ], [ 78.0396103, 27.1303551 ], [ 78.0396281, 27.1304368 ], [ 78.0396154, 27.1305595 ], [ 78.0395829, 27.1307125 ] ] } },
{ "type": "Feature", "properties": { "name": "Urban Corridor", "highway": "residential", "slope_pct": 0.6 }, "geometry": { "type": "LineString", "coordinates": [ [ 78.0398538, 27.1280281 ], [ 78.0401313, 27.1277732 ], [ 78.040333, 27.1275774 ], [ 78.0405859, 27.1272919 ] ] } },
{ "type": "Feature", "properties": { "name": "Urban Corridor", "highway": "residential", "slope_pct": 0.6 }, "geometry": { "type": "LineString", "coordinates": [ [ 78.040333, 27.1275774 ], [ 78.0410039, 27.1283976 ] ] } },
{ "type": "Feature", "properties": { "name": "Urban Corridor", "highway": "residential", "slope_pct": 0.6 }, "geometry": { "type": "LineString", "coordinates": [ [ 78.0401313, 27.1277732 ], [ 78.0407962, 27.1285568 ] ] } },
{ "type": "Feature", "properties": { "name": "Urban Corridor", "highway": "residential", "slope_pct": 0.6 }, "geometry": { "type": "LineString", "coordinates": [ [ 78.0395966, 27.1290968 ], [ 78.0389824, 27.1283546 ] ] } },
{ "type": "Feature", "properties": { "name": "Urban Corridor", "highway": "residential", "slope_pct": 0.6 }, "geometry": { "type": "LineString", "coordinates": [ [ 78.039004, 27.1259995 ], [ 78.0394722, 27.126642 ], [ 78.0396199, 27.126851 ], [ 78.0397525, 27.1270386 ], [ 78.0397793, 27.1270742 ], [ 78.0400028, 27.1273704 ] ] } },
{ "type": "Feature", "properties": { "name": "Urban Corridor", "highway": "residential", "slope_pct": 0.6 }, "geometry": { "type": "LineString", "coordinates": [ [ 78.0360026, 27.1297022 ], [ 78.0355989, 27.12999 ], [ 78.0353561, 27.130168 ], [ 78.0350225, 27.1303922 ] ] } },
{ "type": "Feature", "properties": { "name": "Urban Corridor", "highway": "residential", "slope_pct": 0.6 }, "geometry": { "type": "LineString", "coordinates": [ [ 78.0428287, 27.137769 ], [ 78.0424534, 27.1380323 ], [ 78.0420008, 27.1383499 ], [ 78.0417421, 27.1385314 ] ] } },
{ "type": "Feature", "properties": { "name": "Urban Corridor", "highway": "residential", "slope_pct": 0.6 }, "geometry": { "type": "LineString", "coordinates": [ [ 78.0418261, 27.1423611 ], [ 78.0415634, 27.1420652 ] ] } },
{ "type": "Feature", "properties": { "name": "Urban Corridor", "highway": "residential", "slope_pct": 0.6 }, "geometry": { "type": "LineString", "coordinates": [ [ 78.0461965, 27.1302138 ], [ 78.0464217, 27.1305152 ], [ 78.0466693, 27.1308226 ] ] } },
{ "type": "Feature", "properties": { "name": "Urban Corridor", "highway": "residential", "slope_pct": 0.6 }, "geometry": { "type": "LineString", "coordinates": [ [ 78.0447666, 27.1315526 ], [ 78.0451383, 27.1313231 ], [ 78.0458795, 27.1308657 ], [ 78.0464217, 27.1305152 ], [ 78.0469725, 27.1301741 ], [ 78.0471271, 27.1300784 ], [ 78.047158, 27.130076 ], [ 78.0471888, 27.130088 ], [ 78.0474181, 27.1304233 ] ] } },
{ "type": "Feature", "properties": { "name": "Urban Corridor", "highway": "residential", "slope_pct": 0.6 }, "geometry": { "type": "LineString", "coordinates": [ [ 78.0496556, 27.126748 ], [ 78.0489215, 27.1271566 ] ] } },
{ "type": "Feature", "properties": { "name": "Urban Corridor", "highway": "residential", "slope_pct": 0.6 }, "geometry": { "type": "LineString", "coordinates": [ [ 78.046539, 27.1265111 ], [ 78.0471651, 27.1272356 ], [ 78.0475858, 27.1277223 ] ] } },
{ "type": "Feature", "properties": { "name": "Urban Corridor", "highway": "residential", "slope_pct": 0.6 }, "geometry": { "type": "LineString", "coordinates": [ [ 78.0439869, 27.1280932 ], [ 78.0448969, 27.1290126 ] ] } },
{ "type": "Feature", "properties": { "name": "Urban Corridor", "highway": "residential", "slope_pct": 0.6 }, "geometry": { "type": "LineString", "coordinates": [ [ 78.0462081, 27.1267162 ], [ 78.0468066, 27.1274156 ], [ 78.0468401, 27.1274335 ], [ 78.0468817, 27.1274251 ], [ 78.0471651, 27.1272356 ] ] } },
{ "type": "Feature", "properties": { "name": "Urban Corridor", "highway": "residential", "slope_pct": 0.6 }, "geometry": { "type": "LineString", "coordinates": [ [ 78.0457056, 27.1283979 ], [ 78.0466309, 27.1278035 ] ] } },
{ "type": "Feature", "properties": { "name": "Urban Corridor", "highway": "residential", "slope_pct": 0.6 }, "geometry": { "type": "LineString", "coordinates": [ [ 78.04427, 27.1279177 ], [ 78.0446769, 27.1282928 ], [ 78.0447882, 27.1284086 ], [ 78.0448768, 27.1285149 ], [ 78.0449773, 27.128608 ], [ 78.0450243, 27.128639 ], [ 78.0450565, 27.1286461 ], [ 78.0451061, 27.128645 ], [ 78.0452134, 27.1286235 ], [ 78.0453354, 27.1285912 ], [ 78.0454212, 27.1285709 ], [ 78.0454776, 27.1285495 ], [ 78.0456358, 27.1284444 ], [ 78.0457056, 27.1283979 ], [ 78.0461535, 27.1289947 ], [ 78.0468051, 27.1298395 ], [ 78.0469725, 27.1301741 ] ] } },
{ "type": "Feature", "properties": { "name": "Urban Corridor", "highway": "residential", "slope_pct": 0.6 }, "geometry": { "type": "LineString", "coordinates": [ [ 78.04215, 27.1293228 ], [ 78.0415327, 27.128511 ], [ 78.0418499, 27.1283322 ], [ 78.0418982, 27.1283263 ], [ 78.0419277, 27.1283346 ], [ 78.0419679, 27.1283645 ], [ 78.0425353, 27.1290403 ] ] } },
{ "type": "Feature", "properties": { "name": "Urban Corridor", "highway": "residential", "slope_pct": 0.6 }, "geometry": { "type": "LineString", "coordinates": [ [ 78.0425353, 27.1290403 ], [ 78.0430971, 27.1296499 ], [ 78.0431132, 27.1296881 ], [ 78.0430998, 27.1297311 ], [ 78.043077, 27.1297585 ], [ 78.0427023, 27.1299823 ], [ 78.04215, 27.1293228 ] ] } },
{ "type": "Feature", "properties": { "name": "Urban Corridor", "highway": "residential", "slope_pct": 0.6 }, "geometry": { "type": "LineString", "coordinates": [ [ 78.0423716, 27.1329668 ], [ 78.0427149, 27.1327758 ] ] } },
{ "type": "Feature", "properties": { "name": "Urban Corridor", "highway": "residential", "slope_pct": 0.6 }, "geometry": { "type": "LineString", "coordinates": [ [ 78.0416863, 27.1316022 ], [ 78.0421438, 27.1321339 ], [ 78.0427149, 27.1327758 ], [ 78.043282, 27.133449 ] ] } },
{ "type": "Feature", "properties": { "name": "Urban Corridor", "highway": "residential", "slope_pct": 0.6 }, "geometry": { "type": "LineString", "coordinates": [ [ 78.0413825, 27.1318015 ], [ 78.0418473, 27.1323411 ], [ 78.0423716, 27.1329668 ], [ 78.041397, 27.1336357 ] ] } },
{ "type": "Feature", "properties": { "name": "Urban Corridor", "highway": "residential", "slope_pct": 0.6 }, "geometry": { "type": "LineString", "coordinates": [ [ 78.0556822, 27.1236652 ], [ 78.0552923, 27.123328 ] ] } },
{ "type": "Feature", "properties": { "name": "Urban Corridor", "highway": "residential", "slope_pct": 0.6 }, "geometry": { "type": "LineString", "coordinates": [ [ 78.054614, 27.1214961 ], [ 78.0549759, 27.1220354 ], [ 78.0549814, 27.1220528 ], [ 78.0549827, 27.1220623 ], [ 78.0549814, 27.1220723 ], [ 78.0549458, 27.1221127 ], [ 78.0549412, 27.1221229 ], [ 78.0549404, 27.122133 ], [ 78.0549444, 27.1221554 ], [ 78.0549541, 27.1221756 ], [ 78.055096, 27.1223792 ] ] } },
{ "type": "Feature", "properties": { "name": "Urban Corridor", "highway": "residential", "slope_pct": 0.6 }, "geometry": { "type": "LineString", "coordinates": [ [ 78.0455627, 27.1215525 ], [ 78.0456097, 27.1216483 ], [ 78.0456908, 27.1217404 ], [ 78.0458293, 27.1218984 ], [ 78.0464245, 27.1226476 ], [ 78.0465491, 27.1228142 ], [ 78.0470832, 27.1234809 ], [ 78.0471525, 27.1235129 ] ] } },
{ "type": "Feature", "properties": { "name": "Urban Corridor", "highway": "residential", "slope_pct": 0.6 }, "geometry": { "type": "LineString", "coordinates": [ [ 78.0471525, 27.1235129 ], [ 78.0471383, 27.1234515 ], [ 78.046916, 27.1231368 ], [ 78.0465183, 27.1225882 ], [ 78.0457485, 27.1216957 ], [ 78.0456576, 27.1216044 ], [ 78.0455627, 27.1215525 ] ] } },
{ "type": "Feature", "properties": { "name": "Urban Corridor", "highway": "residential", "slope_pct": 0.6 }, "geometry": { "type": "LineString", "coordinates": [ [ 78.0489822, 27.1217957 ], [ 78.0492631, 27.1216195 ], [ 78.0493672, 27.1215542 ] ] } },
{ "type": "Feature", "properties": { "name": "Urban Corridor", "highway": "residential", "slope_pct": 0.6 }, "geometry": { "type": "LineString", "coordinates": [ [ 78.0493186, 27.1222128 ], [ 78.0495706, 27.1220485 ], [ 78.049579, 27.1220369 ], [ 78.049579, 27.1220163 ], [ 78.049569, 27.1219951 ], [ 78.0492968, 27.1216602 ], [ 78.0492631, 27.1216195 ] ] } },
{ "type": "Feature", "properties": { "name": "Urban Corridor", "highway": "residential", "slope_pct": 0.6 }, "geometry": { "type": "LineString", "coordinates": [ [ 78.0499282, 27.1229558 ], [ 78.0493186, 27.1222128 ], [ 78.0489822, 27.1217957 ], [ 78.0489033, 27.1216978 ] ] } },
{ "type": "Feature", "properties": { "name": "Urban Corridor", "highway": "residential", "slope_pct": 0.6 }, "geometry": { "type": "LineString", "coordinates": [ [ 78.0474018, 27.1216087 ], [ 78.0478817, 27.1213069 ] ] } },
{ "type": "Feature", "properties": { "name": "Urban Corridor", "highway": "residential", "slope_pct": 0.6 }, "geometry": { "type": "LineString", "coordinates": [ [ 78.0480421, 27.1208671 ], [ 78.0486157, 27.1216343 ] ] } },
{ "type": "Feature", "properties": { "name": "Urban Corridor", "highway": "residential", "slope_pct": 0.6 }, "geometry": { "type": "LineString", "coordinates": [ [ 78.0477135, 27.1210887 ], [ 78.0478817, 27.1213069 ], [ 78.0481153, 27.1216098 ], [ 78.0482886, 27.1218346 ] ] } },
{ "type": "Feature", "properties": { "name": "Urban Corridor", "highway": "residential", "slope_pct": 0.6 }, "geometry": { "type": "LineString", "coordinates": [ [ 78.0476192, 27.1219147 ], [ 78.0477822, 27.1221445 ], [ 78.0478208, 27.1222017 ] ] } },
{ "type": "Feature", "properties": { "name": "Urban Corridor", "highway": "residential", "slope_pct": 0.6 }, "geometry": { "type": "LineString", "coordinates": [ [ 78.0471985, 27.1213287 ], [ 78.0472478, 27.1213918 ], [ 78.0474018, 27.1216087 ], [ 78.0476192, 27.1219147 ] ] } },
{ "type": "Feature", "properties": { "name": "Urban Corridor", "highway": "residential", "slope_pct": 0.6 }, "geometry": { "type": "LineString", "coordinates": [ [ 78.0477822, 27.1221445 ], [ 78.0482886, 27.1218346 ], [ 78.0486157, 27.1216343 ], [ 78.0487512, 27.1215514 ], [ 78.048783, 27.1215201 ], [ 78.0487947, 27.12149 ], [ 78.0487924, 27.1214651 ], [ 78.0487784, 27.1214401 ], [ 78.048218, 27.1207823 ], [ 78.0481995, 27.1207768 ], [ 78.0481733, 27.1207802 ], [ 78.0481464, 27.1207967 ], [ 78.0480421, 27.1208671 ], [ 78.0477135, 27.1210887 ], [ 78.0472478, 27.1213918 ] ] } },
{ "type": "Feature", "properties": { "name": "Urban Corridor", "highway": "residential", "slope_pct": 0.6 }, "geometry": { "type": "LineString", "coordinates": [ [ 78.0465183, 27.1225882 ], [ 78.0476192, 27.1219147 ], [ 78.0480686, 27.1216385 ], [ 78.0481153, 27.1216098 ] ] } },
{ "type": "Feature", "properties": { "name": "Urban Corridor", "highway": "residential", "slope_pct": 0.6 }, "geometry": { "type": "LineString", "coordinates": [ [ 78.0418571, 27.1229286 ], [ 78.0423377, 27.1225182 ], [ 78.0426612, 27.1222373 ] ] } },
{ "type": "Feature", "properties": { "name": "Urban Corridor", "highway": "residential", "slope_pct": 0.6 }, "geometry": { "type": "LineString", "coordinates": [ [ 78.0427487, 27.124007 ], [ 78.0418056, 27.1231735 ], [ 78.0417952, 27.1231565 ], [ 78.0417854, 27.1231347 ], [ 78.0417672, 27.1230842 ] ] } },
{ "type": "Feature", "properties": { "name": "Urban Corridor", "highway": "residential", "slope_pct": 0.6 }, "geometry": { "type": "LineString", "coordinates": [ [ 78.0465183, 27.1225882 ], [ 78.0464245, 27.1226476 ], [ 78.0460202, 27.1229091 ], [ 78.0457168, 27.1230858 ], [ 78.0448897, 27.1236736 ], [ 78.0446831, 27.1233717 ], [ 78.0444701, 27.1230877 ] ] } },
{ "type": "Feature", "properties": { "name": "Urban Corridor", "highway": "residential", "slope_pct": 0.6 }, "geometry": { "type": "LineString", "coordinates": [ [ 78.0471383, 27.1234515 ], [ 78.0470832, 27.1234809 ], [ 78.0468079, 27.1236382 ], [ 78.0467858, 27.123639 ], [ 78.0467617, 27.1236343 ], [ 78.0467429, 27.1236199 ], [ 78.0466446, 27.1235047 ], [ 78.0466243, 27.1234947 ], [ 78.0465964, 27.1234934 ], [ 78.0465674, 27.1235029 ], [ 78.0465328, 27.123525 ], [ 78.0447879, 27.1246809 ] ] } },
{ "type": "Feature", "properties": { "name": "Urban Corridor", "highway": "residential", "slope_pct": 0.6 }, "geometry": { "type": "LineString", "coordinates": [ [ 78.0455627, 27.1215525 ], [ 78.0443736, 27.1197549 ] ] } },
{ "type": "Feature", "properties": { "name": "Urban Corridor", "highway": "residential", "slope_pct": 0.6 }, "geometry": { "type": "LineString", "coordinates": [ [ 78.0338211, 27.1409178 ], [ 78.0342284, 27.1407921 ], [ 78.0346603, 27.1406496 ], [ 78.0346901, 27.1406432 ], [ 78.0347158, 27.140647 ], [ 78.0347405, 27.1406623 ], [ 78.0349315, 27.1409267 ], [ 78.0351054, 27.1411656 ] ] } },
{ "type": "Feature", "properties": { "name": "Urban Corridor", "highway": "residential", "slope_pct": 0.6 }, "geometry": { "type": "LineString", "coordinates": [ [ 78.0339398, 27.1426205 ], [ 78.0340156, 27.1425497 ], [ 78.0343017, 27.14217 ], [ 78.0344835, 27.1419429 ] ] } },
{ "type": "Feature", "properties": { "name": "Urban Corridor", "highway": "residential", "slope_pct": 0.6 }, "geometry": { "type": "LineString", "coordinates": [ [ 78.0365771, 27.1420504 ], [ 78.0360796, 27.1414059 ] ] } },
{ "type": "Feature", "properties": { "name": "Urban Corridor", "highway": "residential", "slope_pct": 0.6 }, "geometry": { "type": "LineString", "coordinates": [ [ 78.0335348, 27.1383618 ], [ 78.0334416, 27.1377803 ], [ 78.0334492, 27.137748 ], [ 78.0334637, 27.1377236 ], [ 78.0334826, 27.137715 ], [ 78.0341781, 27.1375564 ], [ 78.0341996, 27.1375439 ], [ 78.0342194, 27.1375168 ], [ 78.034212, 27.1373867 ] ] } },
{ "type": "Feature", "properties": { "name": "Urban Corridor", "highway": "residential", "slope_pct": 0.6 }, "geometry": { "type": "LineString", "coordinates": [ [ 78.0349903, 27.1360131 ], [ 78.0352795, 27.135813 ], [ 78.0355873, 27.1356229 ], [ 78.035779, 27.1354876 ], [ 78.0359527, 27.135365 ], [ 78.0363066, 27.1351366 ] ] } },
{ "type": "Feature", "properties": { "name": "Urban Corridor", "highway": "residential", "slope_pct": 0.6 }, "geometry": { "type": "LineString", "coordinates": [ [ 78.0366254, 27.1379311 ], [ 78.0365205, 27.1377785 ], [ 78.036504, 27.1377186 ], [ 78.0365009, 27.1376621 ], [ 78.0364953, 27.1375739 ], [ 78.0364714, 27.137209 ], [ 78.0364511, 27.136889 ], [ 78.0364509, 27.1365991 ], [ 78.0363891, 27.1359576 ] ] } },
{ "type": "Feature", "properties": { "name": "Urban Corridor", "highway": "residential", "slope_pct": 0.6 }, "geometry": { "type": "LineString", "coordinates": [ [ 78.0334331, 27.1332623 ], [ 78.0336574, 27.1335179 ], [ 78.0336891, 27.1335541 ], [ 78.033722, 27.1335915 ], [ 78.0341516, 27.1340295 ], [ 78.034593, 27.1344997 ] ] } },
{ "type": "Feature", "properties": { "name": "Urban Corridor", "highway": "residential", "slope_pct": 0.6 }, "geometry": { "type": "LineString", "coordinates": [ [ 78.0385588, 27.1391967 ], [ 78.0388204, 27.1390115 ], [ 78.0390754, 27.1388057 ], [ 78.0391, 27.1388008 ], [ 78.0391343, 27.1388077 ], [ 78.0391717, 27.1388255 ] ] } },
{ "type": "Feature", "properties": { "name": "Urban Corridor", "highway": "residential", "slope_pct": 0.6 }, "geometry": { "type": "LineString", "coordinates": [ [ 78.0383094, 27.1357533 ], [ 78.0388619, 27.136394 ] ] } },
{ "type": "Feature", "properties": { "name": "Urban Corridor", "highway": "residential", "slope_pct": 0.6 }, "geometry": { "type": "LineString", "coordinates": [ [ 78.041183, 27.1386203 ], [ 78.0408918, 27.1382464 ] ] } },
{ "type": "Feature", "properties": { "name": "Urban Corridor", "highway": "residential", "slope_pct": 0.6 }, "geometry": { "type": "LineString", "coordinates": [ [ 78.0380823, 27.1386995 ], [ 78.038409, 27.1384685 ] ] } },
{ "type": "Feature", "properties": { "name": "Urban Corridor", "highway": "residential", "slope_pct": 0.6 }, "geometry": { "type": "LineString", "coordinates": [ [ 78.0392122, 27.1348916 ], [ 78.0395646, 27.1353138 ], [ 78.0395949, 27.1353306 ], [ 78.0396237, 27.1353315 ], [ 78.0396603, 27.1353162 ], [ 78.0399399, 27.1351371 ], [ 78.0399591, 27.1351099 ], [ 78.039957, 27.1350792 ], [ 78.0399454, 27.1350517 ], [ 78.0395969, 27.1346326 ] ] } },
{ "type": "Feature", "properties": { "name": "Urban Corridor", "highway": "residential", "slope_pct": 0.6 }, "geometry": { "type": "LineString", "coordinates": [ [ 78.0386146, 27.1348189 ], [ 78.0393402, 27.1343164 ] ] } },
{ "type": "Feature", "properties": { "name": "Urban Corridor", "highway": "residential", "slope_pct": 0.6 }, "geometry": { "type": "LineString", "coordinates": [ [ 78.034392, 27.1330799 ], [ 78.03403, 27.1333292 ], [ 78.0336891, 27.1335541 ] ] } },
{ "type": "Feature", "properties": { "name": "Urban Corridor", "highway": "residential", "slope_pct": 0.6 }, "geometry": { "type": "LineString", "coordinates": [ [ 78.0341643, 27.1327943 ], [ 78.0341019, 27.1327761 ], [ 78.0340814, 27.1327545 ], [ 78.0335403, 27.1322491 ], [ 78.0335088, 27.132232 ], [ 78.0334679, 27.132232 ], [ 78.0331585, 27.1322881 ], [ 78.0329569, 27.1323246 ] ] } },
{ "type": "Feature", "properties": { "name": "Urban Corridor", "highway": "residential", "slope_pct": 0.6 }, "geometry": { "type": "LineString", "coordinates": [ [ 78.0338682, 27.1293964 ], [ 78.0343018, 27.1299772 ], [ 78.034309, 27.1300103 ], [ 78.0343028, 27.1300417 ], [ 78.0342847, 27.1300687 ], [ 78.0340268, 27.1302199 ], [ 78.0340151, 27.1302357 ], [ 78.0340061, 27.1302641 ], [ 78.0340108, 27.1302915 ], [ 78.034026, 27.1303195 ], [ 78.0340477, 27.1303476 ] ] } },
{ "type": "Feature", "properties": { "name": "Urban Corridor", "highway": "residential", "slope_pct": 0.6 }, "geometry": { "type": "LineString", "coordinates": [ [ 78.0344822, 27.1309272 ], [ 78.0340477, 27.1303476 ] ] } },
{ "type": "Feature", "properties": { "name": "Urban Corridor", "highway": "residential", "slope_pct": 0.6 }, "geometry": { "type": "LineString", "coordinates": [ [ 78.035067, 27.129213 ], [ 78.0355989, 27.12999 ] ] } },
{ "type": "Feature", "properties": { "name": "Urban Corridor", "highway": "residential", "slope_pct": 0.6 }, "geometry": { "type": "LineString", "coordinates": [ [ 78.034797, 27.1293846 ], [ 78.0353561, 27.130168 ] ] } },
{ "type": "Feature", "properties": { "name": "Urban Corridor", "highway": "residential", "slope_pct": 0.6 }, "geometry": { "type": "LineString", "coordinates": [ [ 78.0346798, 27.1324233 ], [ 78.0340961, 27.1317859 ], [ 78.0340855, 27.1317362 ], [ 78.0340996, 27.1317082 ], [ 78.0341368, 27.1316703 ], [ 78.0352092, 27.1307436 ], [ 78.0352439, 27.1307328 ], [ 78.0352816, 27.1307296 ], [ 78.0353199, 27.1307423 ], [ 78.0353363, 27.1307548 ], [ 78.0356553, 27.1312618 ] ] } },
{ "type": "Feature", "properties": { "name": "Urban Corridor", "highway": "residential", "slope_pct": 0.6 }, "geometry": { "type": "LineString", "coordinates": [ [ 78.0345676, 27.1251963 ], [ 78.0346205, 27.1252786 ], [ 78.0346274, 27.125309 ], [ 78.0346104, 27.1253403 ], [ 78.034564, 27.1253739 ], [ 78.0343639, 27.1254712 ], [ 78.0340037, 27.1256804 ], [ 78.0339712, 27.1257072 ], [ 78.0339651, 27.1257354 ], [ 78.0339748, 27.1257654 ], [ 78.0341842, 27.1260688 ] ] } },
{ "type": "Feature", "properties": { "name": "Urban Corridor", "highway": "residential", "slope_pct": 0.6 }, "geometry": { "type": "LineString", "coordinates": [ [ 78.0344589, 27.12751 ], [ 78.0348195, 27.1273379 ], [ 78.0351933, 27.1271595 ], [ 78.0352855, 27.127098 ], [ 78.035309, 27.1270547 ], [ 78.0353005, 27.1270096 ], [ 78.0351591, 27.1267724 ], [ 78.0348121, 27.1261902 ], [ 78.0346633, 27.1259314 ] ] } },
{ "type": "Feature", "properties": { "name": "Urban Corridor", "highway": "residential", "slope_pct": 0.6 }, "geometry": { "type": "LineString", "coordinates": [ [ 78.0335807, 27.1263975 ], [ 78.0341842, 27.1260688 ], [ 78.0348374, 27.1257582 ] ] } },
{ "type": "Feature", "properties": { "name": "Urban Corridor", "highway": "residential", "slope_pct": 0.6 }, "geometry": { "type": "LineString", "coordinates": [ [ 78.0338365, 27.126718 ], [ 78.0342018, 27.1264985 ], [ 78.0342246, 27.1264848 ], [ 78.0344057, 27.1263853 ], [ 78.0348121, 27.1261902 ] ] } },
{ "type": "Feature", "properties": { "name": "Urban Corridor", "highway": "residential", "slope_pct": 0.6 }, "geometry": { "type": "LineString", "coordinates": [ [ 78.035779, 27.1354876 ], [ 78.0348701, 27.1343338 ] ] } },
{ "type": "Feature", "properties": { "name": "Urban Corridor", "highway": "residential", "slope_pct": 0.6 }, "geometry": { "type": "LineString", "coordinates": [ [ 78.0400126, 27.1267588 ], [ 78.0402155, 27.1266474 ], [ 78.0402388, 27.1266227 ], [ 78.0402508, 27.126583 ], [ 78.0402279, 27.1265361 ], [ 78.0396914, 27.1257497 ] ] } },
{ "type": "Feature", "properties": { "name": "Urban Corridor", "highway": "residential", "slope_pct": 0.6 }, "geometry": { "type": "LineString", "coordinates": [ [ 78.0400383, 27.1255652 ], [ 78.0403828, 27.1260951 ], [ 78.0404164, 27.1261181 ], [ 78.0404642, 27.1261274 ], [ 78.0406093, 27.126088 ] ] } },
{ "type": "Feature", "properties": { "name": "Urban Corridor", "highway": "residential", "slope_pct": 0.6 }, "geometry": { "type": "LineString", "coordinates": [ [ 78.0359267, 27.1235924 ], [ 78.03603, 27.1237359 ], [ 78.036045, 27.1237797 ], [ 78.0360406, 27.1238062 ], [ 78.0360114, 27.1238375 ], [ 78.0355236, 27.1240431 ], [ 78.0354953, 27.1240329 ], [ 78.0354697, 27.1240133 ], [ 78.0353749, 27.1238501 ] ] } },
{ "type": "Feature", "properties": { "name": "Urban Corridor", "highway": "residential", "slope_pct": 0.6 }, "geometry": { "type": "LineString", "coordinates": [ [ 78.0365074, 27.1239539 ], [ 78.037073, 27.1249036 ] ] } },
{ "type": "Feature", "properties": { "name": "Urban Corridor", "highway": "residential", "slope_pct": 0.6 }, "geometry": { "type": "LineString", "coordinates": [ [ 78.0360814, 27.1241462 ], [ 78.0365074, 27.1239539 ] ] } },
{ "type": "Feature", "properties": { "name": "Urban Corridor", "highway": "residential", "slope_pct": 0.6 }, "geometry": { "type": "LineString", "coordinates": [ [ 78.0348195, 27.1273379 ], [ 78.0346246, 27.1270147 ], [ 78.0345311, 27.1268977 ], [ 78.0342018, 27.1264985 ] ] } },
{ "type": "Feature", "properties": { "name": "Urban Corridor", "highway": "residential", "slope_pct": 0.6 }, "geometry": { "type": "LineString", "coordinates": [ [ 78.0346246, 27.1270147 ], [ 78.0351591, 27.1267724 ] ] } },
{ "type": "Feature", "properties": { "name": "Urban Corridor", "highway": "residential", "slope_pct": 0.6 }, "geometry": { "type": "LineString", "coordinates": [ [ 78.038061, 27.1305628 ], [ 78.0386496, 27.1301476 ] ] } },
{ "type": "Feature", "properties": { "name": "Urban Corridor", "highway": "residential", "slope_pct": 0.6 }, "geometry": { "type": "LineString", "coordinates": [ [ 78.0335768, 27.1304925 ], [ 78.0342451, 27.1312629 ] ] } },
{ "type": "Feature", "properties": { "name": "Urban Corridor", "highway": "residential", "slope_pct": 0.6 }, "geometry": { "type": "LineString", "coordinates": [ [ 78.0371406, 27.1250135 ], [ 78.0377039, 27.125786 ] ] } },
{ "type": "Feature", "properties": { "name": "Urban Corridor", "highway": "residential", "slope_pct": 0.6 }, "geometry": { "type": "LineString", "coordinates": [ [ 78.0370785, 27.1250206 ], [ 78.0370997, 27.125024 ], [ 78.0371211, 27.1250215 ], [ 78.0371406, 27.1250135 ], [ 78.0371565, 27.1250005 ], [ 78.0371672, 27.1249839 ], [ 78.0371719, 27.1249652 ], [ 78.03717, 27.1249462 ], [ 78.0371601, 27.1249262 ], [ 78.0371431, 27.1249105 ], [ 78.0371212, 27.1249008 ] ] } },
{ "type": "Feature", "properties": { "name": "Urban Corridor", "highway": "residential", "slope_pct": 0.6 }, "geometry": { "type": "LineString", "coordinates": [ [ 78.0371212, 27.1249008 ], [ 78.0370968, 27.1248985 ], [ 78.037073, 27.1249036 ], [ 78.0370527, 27.1249157 ], [ 78.0370381, 27.1249333 ], [ 78.0370312, 27.1249542 ], [ 78.0370328, 27.124976 ], [ 78.0370374, 27.1249854 ], [ 78.0370426, 27.1249959 ], [ 78.0370595, 27.1250117 ], [ 78.0370785, 27.1250206 ] ] } },
{ "type": "Feature", "properties": { "name": "Urban Corridor", "highway": "residential", "slope_pct": 0.6 }, "geometry": { "type": "LineString", "coordinates": [ [ 78.0371601, 27.1249262 ], [ 78.0376727, 27.1246777 ], [ 78.0376961, 27.1246708 ], [ 78.0377214, 27.1246708 ], [ 78.0377635, 27.1246765 ], [ 78.0377902, 27.1246754 ], [ 78.0378082, 27.1246709 ], [ 78.0387651, 27.1242008 ], [ 78.0387919, 27.1241752 ], [ 78.0387984, 27.1241522 ], [ 78.0387953, 27.1241244 ], [ 78.0386975, 27.1239682 ], [ 78.0386003, 27.1238227 ] ] } },
{ "type": "Feature", "properties": { "name": "Urban Corridor", "highway": "residential", "slope_pct": 0.6 }, "geometry": { "type": "LineString", "coordinates": [ [ 78.0376494, 27.1244977 ], [ 78.038596, 27.1240219 ], [ 78.0386975, 27.1239682 ] ] } },
{ "type": "Feature", "properties": { "name": "Urban Corridor", "highway": "residential", "slope_pct": 0.6 }, "geometry": { "type": "LineString", "coordinates": [ [ 78.0380764, 27.1301269 ], [ 78.0378511, 27.1298446 ], [ 78.0378217, 27.129821 ], [ 78.0377916, 27.1298191 ], [ 78.0377474, 27.1298392 ], [ 78.0375268, 27.1300165 ] ] } },
{ "type": "Feature", "properties": { "name": "Urban Corridor", "highway": "residential", "slope_pct": 0.6 }, "geometry": { "type": "LineString", "coordinates": [ [ 78.037837, 27.1289709 ], [ 78.0385595, 27.129805 ] ] } },
{ "type": "Feature", "properties": { "name": "Urban Corridor", "highway": "residential", "slope_pct": 0.6 }, "geometry": { "type": "LineString", "coordinates": [ [ 78.0368206, 27.1264307 ], [ 78.0359005, 27.1268857 ] ] } },
{ "type": "Feature", "properties": { "name": "Urban Corridor", "highway": "residential", "slope_pct": 0.6 }, "geometry": { "type": "LineString", "coordinates": [ [ 78.0397793, 27.1270742 ], [ 78.0393964, 27.1274004 ], [ 78.0393579, 27.1274278 ], [ 78.039324, 27.1274346 ], [ 78.0392678, 27.1274335 ], [ 78.0390122, 27.1273205 ], [ 78.0389985, 27.1272995 ], [ 78.0390017, 27.1272734 ], [ 78.0390202, 27.1272423 ], [ 78.0396199, 27.126851 ] ] } },
{ "type": "Feature", "properties": { "name": "Urban Corridor", "highway": "residential", "slope_pct": 0.6 }, "geometry": { "type": "LineString", "coordinates": [ [ 78.0368543, 27.129755 ], [ 78.0365021, 27.129314 ] ] } },
{ "type": "Feature", "properties": { "name": "Urban Corridor", "highway": "residential", "slope_pct": 0.6 }, "geometry": { "type": "LineString", "coordinates": [ [ 78.0395966, 27.1290968 ], [ 78.0398374, 27.1293883 ], [ 78.0402203, 27.1298389 ] ] } },
{ "type": "Feature", "properties": { "name": "Urban Corridor", "highway": "residential", "slope_pct": 0.6 }, "geometry": { "type": "LineString", "coordinates": [ [ 78.0374519, 27.126541 ], [ 78.0377642, 27.1271147 ] ] } },
{ "type": "Feature", "properties": { "name": "Urban Corridor", "highway": "residential", "slope_pct": 0.6 }, "geometry": { "type": "LineString", "coordinates": [ [ 78.0398436, 27.1393555 ], [ 78.0397812, 27.1391038 ] ] } },
{ "type": "Feature", "properties": { "name": "Urban Corridor", "highway": "residential", "slope_pct": 0.6 }, "geometry": { "type": "LineString", "coordinates": [ [ 78.0348194, 27.1422368 ], [ 78.0347011, 27.1423492 ], [ 78.0346019, 27.1424667 ], [ 78.0344311, 27.1426718 ] ] } },
{ "type": "Feature", "properties": { "name": "Urban Corridor", "highway": "residential", "slope_pct": 0.6 }, "geometry": { "type": "LineString", "coordinates": [ [ 78.0436085, 27.1312632 ], [ 78.0439374, 27.131092 ], [ 78.044349, 27.1308778 ] ] } },
{ "type": "Feature", "properties": { "name": "Urban Corridor", "highway": "residential", "slope_pct": 0.6 }, "geometry": { "type": "LineString", "coordinates": [ [ 78.0423336, 27.1306894 ], [ 78.0424762, 27.1309318 ], [ 78.0426867, 27.131229 ], [ 78.0427323, 27.1312696 ], [ 78.0427699, 27.1312803 ], [ 78.042798, 27.1312791 ], [ 78.0428316, 27.1312588 ], [ 78.0430475, 27.1311132 ], [ 78.0432426, 27.1309604 ], [ 78.0433278, 27.1309181 ], [ 78.0433586, 27.1309181 ], [ 78.0433928, 27.130927 ], [ 78.0434069, 27.1309497 ], [ 78.0436085, 27.1312632 ], [ 78.0438521, 27.1316419 ] ] } },
{ "type": "Feature", "properties": { "name": "Urban Corridor", "highway": "residential", "slope_pct": 0.6 }, "geometry": { "type": "LineString", "coordinates": [ [ 78.0425089, 27.1412052 ], [ 78.0429161, 27.1408843 ] ] } },
{ "type": "Feature", "properties": { "name": "Urban Corridor", "highway": "residential", "slope_pct": 0.6 }, "geometry": { "type": "LineString", "coordinates": [ [ 78.0429995, 27.1394542 ], [ 78.0427516, 27.1392306 ] ] } },
{ "type": "Feature", "properties": { "name": "Urban Corridor", "highway": "residential", "slope_pct": 0.6 }, "geometry": { "type": "LineString", "coordinates": [ [ 78.0413685, 27.1387574 ], [ 78.0416654, 27.1390396 ], [ 78.0417853, 27.1392275 ], [ 78.0415978, 27.1393925 ] ] } },
{ "type": "Feature", "properties": { "name": "Urban Corridor", "highway": "residential", "slope_pct": 0.6 }, "geometry": { "type": "LineString", "coordinates": [ [ 78.0413659, 27.1401906 ], [ 78.0412397, 27.1400536 ], [ 78.0411847, 27.1399999 ], [ 78.0411471, 27.1399916 ], [ 78.0411109, 27.1400011 ], [ 78.0409242, 27.1402109 ] ] } },
{ "type": "Feature", "properties": { "name": "Urban Corridor", "highway": "residential", "slope_pct": 0.6 }, "geometry": { "type": "LineString", "coordinates": [ [ 78.0510918, 27.1365328 ], [ 78.0503887, 27.1368767 ] ] } },
{ "type": "Feature", "properties": { "name": "Urban Corridor", "highway": "residential", "slope_pct": 0.6 }, "geometry": { "type": "LineString", "coordinates": [ [ 78.0512813, 27.1368876 ], [ 78.0504557, 27.1372586 ] ] } },
{ "type": "Feature", "properties": { "name": "Urban Corridor", "highway": "residential", "slope_pct": 0.6 }, "geometry": { "type": "LineString", "coordinates": [ [ 78.048692, 27.1416388 ], [ 78.0490771, 27.1415037 ] ] } },
{ "type": "Feature", "properties": { "name": "Urban Corridor", "highway": "residential", "slope_pct": 0.6 }, "geometry": { "type": "LineString", "coordinates": [ [ 78.0500133, 27.1432863 ], [ 78.0496079, 27.1425773 ], [ 78.0494186, 27.1422463 ], [ 78.0493823, 27.1421447 ], [ 78.0492184, 27.1417911 ] ] } },
{ "type": "Feature", "properties": { "name": "Urban Corridor", "highway": "residential", "slope_pct": 0.6 }, "geometry": { "type": "LineString", "coordinates": [ [ 78.0432902, 27.1240914 ], [ 78.0438538, 27.1248379 ] ] } },
{ "type": "Feature", "properties": { "name": "Urban Corridor", "highway": "residential", "slope_pct": 0.6 }, "geometry": { "type": "LineString", "coordinates": [ [ 78.0503368, 27.1402995 ], [ 78.050272, 27.1403568 ], [ 78.0502345, 27.1404236 ], [ 78.0501822, 27.1405239 ], [ 78.0501083, 27.1406546 ] ] } },
{ "type": "Feature", "properties": { "name": "Urban Corridor", "highway": "residential", "slope_pct": 0.6 }, "geometry": { "type": "LineString", "coordinates": [ [ 78.0530072, 27.1412566 ], [ 78.05284, 27.14088 ] ] } },
{ "type": "Feature", "properties": { "name": "Urban Corridor", "highway": "residential", "slope_pct": 0.6 }, "geometry": { "type": "LineString", "coordinates": [ [ 78.0542694, 27.1423644 ], [ 78.0535859, 27.1426362 ] ] } },
{ "type": "Feature", "properties": { "name": "Urban Corridor", "highway": "residential", "slope_pct": 0.6 }, "geometry": { "type": "LineString", "coordinates": [ [ 78.0442046, 27.1306481 ], [ 78.0449009, 27.1302383 ] ] } },
{ "type": "Feature", "properties": { "name": "Urban Corridor", "highway": "residential", "slope_pct": 0.6 }, "geometry": { "type": "LineString", "coordinates": [ [ 78.0453871, 27.1325997 ], [ 78.0462575, 27.1320058 ] ] } },
{ "type": "Feature", "properties": { "name": "Urban Corridor", "highway": "residential", "slope_pct": 0.6 }, "geometry": { "type": "LineString", "coordinates": [ [ 78.0455337, 27.1328151 ], [ 78.0464452, 27.1322419 ] ] } },
{ "type": "Feature", "properties": { "name": "Urban Corridor", "highway": "residential", "slope_pct": 0.6 }, "geometry": { "type": "LineString", "coordinates": [ [ 78.0460426, 27.1317355 ], [ 78.0462575, 27.1320058 ], [ 78.0464452, 27.1322419 ], [ 78.0466696, 27.1325242 ] ] } },
{ "type": "Feature", "properties": { "name": "Urban Corridor", "highway": "residential", "slope_pct": 0.6 }, "geometry": { "type": "LineString", "coordinates": [ [ 78.045184, 27.1323014 ], [ 78.0460426, 27.1317355 ], [ 78.046404, 27.1314974 ] ] } },
{ "type": "Feature", "properties": { "name": "Urban Corridor", "highway": "residential", "slope_pct": 0.6 }, "geometry": { "type": "LineString", "coordinates": [ [ 78.046623, 27.1353197 ], [ 78.0469929, 27.1350895 ] ] } },
{ "type": "Feature", "properties": { "name": "Urban Corridor", "highway": "residential", "slope_pct": 0.6 }, "geometry": { "type": "LineString", "coordinates": [ [ 78.0436652, 27.1344397 ], [ 78.0446514, 27.1337449 ] ] } },
{ "type": "Feature", "properties": { "name": "Urban Corridor", "highway": "residential", "slope_pct": 0.6 }, "geometry": { "type": "LineString", "coordinates": [ [ 78.0443651, 27.1371906 ], [ 78.0449948, 27.1366929 ] ] } },
{ "type": "Feature", "properties": { "name": "Urban Corridor", "highway": "residential", "slope_pct": 0.6 }, "geometry": { "type": "LineString", "coordinates": [ [ 78.0423126, 27.1366881 ], [ 78.0422676, 27.1366248 ], [ 78.0422676, 27.1366129 ], [ 78.042273, 27.1365962 ], [ 78.0426031, 27.1363634 ] ] } },
{ "type": "Feature", "properties": { "name": "Urban Corridor", "highway": "residential", "slope_pct": 0.6 }, "geometry": { "type": "LineString", "coordinates": [ [ 78.0415201, 27.1372503 ], [ 78.0419738, 27.1369247 ], [ 78.0423126, 27.1366881 ], [ 78.042462, 27.1368648 ] ] } },
{ "type": "Feature", "properties": { "name": "Urban Corridor", "highway": "secondary_link", "slope_pct": 0.6 }, "geometry": { "type": "LineString", "coordinates": [ [ 78.0554138, 27.1276972 ], [ 78.0554842, 27.1277351 ] ] } },
{ "type": "Feature", "properties": { "name": "Urban Corridor", "highway": "residential", "slope_pct": 0.6 }, "geometry": { "type": "LineString", "coordinates": [ [ 78.0485956, 27.1323879 ], [ 78.0481464, 27.1326791 ], [ 78.0479492, 27.1327937 ], [ 78.0479331, 27.1328176 ], [ 78.0479358, 27.132845 ], [ 78.0480512, 27.1329871 ] ] } },
{ "type": "Feature", "properties": { "name": "Urban Corridor", "highway": "residential", "slope_pct": 0.6 }, "geometry": { "type": "LineString", "coordinates": [ [ 78.047719, 27.1331829 ], [ 78.0480512, 27.1329871 ], [ 78.0482134, 27.1328916 ], [ 78.0488665, 27.1324703 ] ] } },
{ "type": "Feature", "properties": { "name": "Urban Corridor", "highway": "residential", "slope_pct": 0.6 }, "geometry": { "type": "LineString", "coordinates": [ [ 78.0436054, 27.1355071 ], [ 78.0435249, 27.1355388 ], [ 78.0434552, 27.135602 ], [ 78.0433613, 27.1356844 ], [ 78.043309, 27.1357369 ], [ 78.0432889, 27.1357786 ], [ 78.0432473, 27.1358288 ], [ 78.0431749, 27.135898 ], [ 78.0430247, 27.1360209 ], [ 78.0428919, 27.136114 ], [ 78.0428396, 27.1361653 ], [ 78.0428222, 27.1362059 ], [ 78.0427954, 27.1362584 ], [ 78.042735, 27.1363217 ], [ 78.0426352, 27.1364052 ] ] } },
{ "type": "Feature", "properties": { "name": "Urban Corridor", "highway": "residential", "slope_pct": 0.6 }, "geometry": { "type": "LineString", "coordinates": [ [ 78.0434767, 27.1373695 ], [ 78.0434994, 27.1374638 ], [ 78.0435209, 27.1375617 ], [ 78.0435477, 27.1376333 ], [ 78.0435786, 27.1376906 ], [ 78.0436496, 27.1377777 ], [ 78.0437972, 27.1379567 ], [ 78.0439045, 27.1380844 ], [ 78.0440097, 27.1381978 ], [ 78.0440258, 27.138208 ], [ 78.0440406, 27.1382098 ], [ 78.0440638, 27.1381999 ] ] } },
{ "type": "Feature", "properties": { "name": "Urban Corridor", "highway": "residential", "slope_pct": 0.6 }, "geometry": { "type": "LineString", "coordinates": [ [ 78.042726, 27.1283958 ], [ 78.0434659, 27.1279372 ] ] } },
{ "type": "Feature", "properties": { "name": "Urban Corridor", "highway": "residential", "slope_pct": 0.6 }, "geometry": { "type": "LineString", "coordinates": [ [ 78.0461562, 27.1261945 ], [ 78.0465282, 27.1259873 ], [ 78.0470091, 27.1256741 ] ] } },
{ "type": "Feature", "properties": { "name": "Urban Corridor", "highway": "residential", "slope_pct": 0.6 }, "geometry": { "type": "LineString", "coordinates": [ [ 78.0458477, 27.1260418 ], [ 78.0463402, 27.1257432 ], [ 78.0468723, 27.1254211 ] ] } },
{ "type": "Feature", "properties": { "name": "Urban Corridor", "highway": "residential", "slope_pct": 0.6 }, "geometry": { "type": "LineString", "coordinates": [ [ 78.0437663, 27.1325645 ], [ 78.0439648, 27.1324201 ] ] } },
{ "type": "Feature", "properties": { "name": "Urban Corridor", "highway": "residential", "slope_pct": 0.6 }, "geometry": { "type": "LineString", "coordinates": [ [ 78.0432364, 27.1320762 ], [ 78.043478, 27.1323604 ], [ 78.0435745, 27.1324559 ], [ 78.0436738, 27.1325144 ], [ 78.0437663, 27.1325645 ], [ 78.043832, 27.1326063 ], [ 78.0438736, 27.1326624 ], [ 78.0439071, 27.1327233 ], [ 78.0439541, 27.1327865 ], [ 78.0440672, 27.1329159 ] ] } },
{ "type": "Feature", "properties": { "name": "Urban Corridor", "highway": "residential", "slope_pct": 0.6 }, "geometry": { "type": "LineString", "coordinates": [ [ 78.04285, 27.1323525 ], [ 78.0432364, 27.1320762 ], [ 78.0432862, 27.1320406 ], [ 78.0434954, 27.1319069 ], [ 78.0435249, 27.1319069 ], [ 78.0435692, 27.1319236 ], [ 78.0436362, 27.1319845 ], [ 78.0439648, 27.1324201 ], [ 78.044107, 27.1323366 ], [ 78.0442545, 27.1322375 ], [ 78.0443309, 27.1322172 ], [ 78.044406, 27.132216 ], [ 78.0445348, 27.1322721 ], [ 78.0446608, 27.1323473 ], [ 78.0447754, 27.132431 ] ] } },
{ "type": "Feature", "properties": { "name": "Urban Corridor", "highway": "residential", "slope_pct": 0.6 }, "geometry": { "type": "LineString", "coordinates": [ [ 78.0440534, 27.1304078 ], [ 78.0437046, 27.1306465 ], [ 78.0437019, 27.1306943 ], [ 78.0437368, 27.1307659 ], [ 78.0439374, 27.131092 ], [ 78.0442142, 27.1315202 ] ] } },
{ "type": "Feature", "properties": { "name": "Urban Corridor", "highway": "residential", "slope_pct": 0.6 }, "geometry": { "type": "LineString", "coordinates": [ [ 78.0467109, 27.1249621 ], [ 78.046584, 27.1249842 ], [ 78.0464941, 27.1250248 ], [ 78.046014, 27.1253101 ], [ 78.0455661, 27.1255715 ], [ 78.045514, 27.1256028 ], [ 78.0452777, 27.1257446 ], [ 78.0449317, 27.1259606 ], [ 78.0445616, 27.1262029 ], [ 78.0442733, 27.1263772 ], [ 78.0441284, 27.1264547 ], [ 78.0441114, 27.1264649 ] ] } },
{ "type": "Feature", "properties": { "name": "Urban Corridor", "highway": "residential", "slope_pct": 0.6 }, "geometry": { "type": "LineString", "coordinates": [ [ 78.0441114, 27.1264649 ], [ 78.0439018, 27.126185 ], [ 78.0433345, 27.1254414 ], [ 78.0430019, 27.1250033 ], [ 78.0427028, 27.1246142 ], [ 78.0424938, 27.1243599 ] ] } },
{ "type": "Feature", "properties": { "name": "Urban Corridor", "highway": "residential", "slope_pct": 0.6 }, "geometry": { "type": "LineString", "coordinates": [ [ 78.0467109, 27.1249621 ], [ 78.047782, 27.1242868 ] ] } },
{ "type": "Feature", "properties": { "name": "Urban Corridor", "highway": "residential", "slope_pct": 0.6 }, "geometry": { "type": "LineString", "coordinates": [ [ 78.0410913, 27.1319926 ], [ 78.0415543, 27.1325353 ] ] } },
{ "type": "Feature", "properties": { "name": "Urban Corridor", "highway": "residential", "slope_pct": 0.6 }, "geometry": { "type": "LineString", "coordinates": [ [ 78.0439625, 27.1302631 ], [ 78.0449626, 27.1296631 ] ] } },
{ "type": "Feature", "properties": { "name": "Urban Corridor", "highway": "residential", "slope_pct": 0.6 }, "geometry": { "type": "LineString", "coordinates": [ [ 78.0424534, 27.1380323 ], [ 78.0426626, 27.1382575 ], [ 78.042672, 27.1382861 ], [ 78.042672, 27.1383124 ], [ 78.0426291, 27.138347 ], [ 78.0422656, 27.1385714 ], [ 78.0422401, 27.1385797 ], [ 78.042216, 27.1385797 ], [ 78.0421905, 27.1385618 ], [ 78.0421449, 27.1385189 ], [ 78.0420008, 27.1383499 ] ] } },
{ "type": "Feature", "properties": { "name": "Urban Corridor", "highway": "residential", "slope_pct": 0.6 }, "geometry": { "type": "LineString", "coordinates": [ [ 78.0540659, 27.1403292 ], [ 78.0542108, 27.1406408 ], [ 78.0544001, 27.1410043 ] ] } },
{ "type": "Feature", "properties": { "name": "Urban Corridor", "highway": "residential", "slope_pct": 0.6 }, "geometry": { "type": "LineString", "coordinates": [ [ 78.0536767, 27.1402493 ], [ 78.0540177, 27.1410132 ] ] } },
{ "type": "Feature", "properties": { "name": "Urban Corridor", "highway": "residential", "slope_pct": 0.6 }, "geometry": { "type": "LineString", "coordinates": [ [ 78.0538782, 27.137767 ], [ 78.0540982, 27.1376667 ], [ 78.0549861, 27.1372254 ] ] } },
{ "type": "Feature", "properties": { "name": "Urban Corridor", "highway": "residential", "slope_pct": 0.6 }, "geometry": { "type": "LineString", "coordinates": [ [ 78.052428, 27.1410453 ], [ 78.052048, 27.1402473 ] ] } },
{ "type": "Feature", "properties": { "name": "Urban Corridor", "highway": "residential", "slope_pct": 0.6 }, "geometry": { "type": "LineString", "coordinates": [ [ 78.0517682, 27.1377891 ], [ 78.0525988, 27.137428 ], [ 78.0526793, 27.1374185 ], [ 78.0527249, 27.1374471 ], [ 78.0527651, 27.1374758 ], [ 78.0528161, 27.1374805 ], [ 78.0529019, 27.1374567 ], [ 78.0530602, 27.1373731 ] ] } },
{ "type": "Feature", "properties": { "name": "Urban Corridor", "highway": "residential", "slope_pct": 0.6 }, "geometry": { "type": "LineString", "coordinates": [ [ 78.0419181, 27.1273663 ], [ 78.0425178, 27.1269954 ] ] } },
{ "type": "Feature", "properties": { "name": "Urban Corridor", "highway": "residential", "slope_pct": 0.6 }, "geometry": { "type": "LineString", "coordinates": [ [ 78.0423697, 27.1278608 ], [ 78.0430435, 27.1274335 ] ] } },
{ "type": "Feature", "properties": { "name": "Urban Corridor", "highway": "residential", "slope_pct": 0.6 }, "geometry": { "type": "LineString", "coordinates": [ [ 78.0407998, 27.1268558 ], [ 78.0413657, 27.1274908 ], [ 78.0418271, 27.127973 ] ] } },
{ "type": "Feature", "properties": { "name": "Urban Corridor", "highway": "residential", "slope_pct": 0.6 }, "geometry": { "type": "LineString", "coordinates": [ [ 78.0417668, 27.1272029 ], [ 78.0413657, 27.1274908 ] ] } },
{ "type": "Feature", "properties": { "name": "Urban Corridor", "highway": "residential", "slope_pct": 0.6 }, "geometry": { "type": "LineString", "coordinates": [ [ 78.0455634, 27.1256694 ], [ 78.045514, 27.1256028 ] ] } },
{ "type": "Feature", "properties": { "name": "Urban Corridor", "highway": "residential", "slope_pct": 0.6 }, "geometry": { "type": "LineString", "coordinates": [ [ 78.0535339, 27.1358765 ], [ 78.0535027, 27.1358908 ], [ 78.0531202, 27.1360622 ], [ 78.0529033, 27.1361594 ], [ 78.0528805, 27.1361868 ], [ 78.0528778, 27.136225 ], [ 78.0528939, 27.1362811 ], [ 78.0531044, 27.1366869 ] ] } },
{ "type": "Feature", "properties": { "name": "Urban Corridor", "highway": "residential", "slope_pct": 0.6 }, "geometry": { "type": "LineString", "coordinates": [ [ 78.0539997, 27.1296353 ], [ 78.05383, 27.1295115 ], [ 78.0536556, 27.1293742 ], [ 78.0534317, 27.1291856 ], [ 78.0533512, 27.1290997 ], [ 78.0531755, 27.1289051 ], [ 78.0529314, 27.1286044 ], [ 78.052741, 27.128368 ], [ 78.0526122, 27.1282129 ] ] } },
{ "type": "Feature", "properties": { "name": "Urban Corridor", "highway": "residential", "slope_pct": 0.6 }, "geometry": { "type": "LineString", "coordinates": [ [ 78.0449049, 27.1358777 ], [ 78.0450726, 27.1357703 ], [ 78.0453207, 27.135602 ], [ 78.0455071, 27.1354624 ], [ 78.0456774, 27.1353585 ], [ 78.0458598, 27.1352619 ], [ 78.0461468, 27.1350972 ] ] } },
{ "type": "Feature", "properties": { "name": "Urban Corridor", "highway": "residential", "slope_pct": 0.6 }, "geometry": { "type": "LineString", "coordinates": [ [ 78.0457339, 27.1270102 ], [ 78.0452764, 27.1263855 ] ] } },
{ "type": "Feature", "properties": { "name": "Urban Corridor", "highway": "residential", "slope_pct": 0.6 }, "geometry": { "type": "LineString", "coordinates": [ [ 78.0477609, 27.1257053 ], [ 78.048082, 27.1261014 ], [ 78.0481169, 27.1261325 ], [ 78.0481732, 27.1261372 ], [ 78.0482241, 27.1261014 ], [ 78.0488455, 27.1257033 ] ] } },
{ "type": "Feature", "properties": { "name": "Urban Corridor", "highway": "residential", "slope_pct": 0.6 }, "geometry": { "type": "LineString", "coordinates": [ [ 78.0512537, 27.1334281 ], [ 78.0512831, 27.1334965 ] ] } },
{ "type": "Feature", "properties": { "name": "Urban Corridor", "highway": "residential", "slope_pct": 0.6 }, "geometry": { "type": "LineString", "coordinates": [ [ 78.0513392, 27.1334216 ], [ 78.0512537, 27.1334281 ] ] } },
{ "type": "Feature", "properties": { "name": "Urban Corridor", "highway": "residential", "slope_pct": 0.6 }, "geometry": { "type": "LineString", "coordinates": [ [ 78.0522028, 27.1249225 ], [ 78.0525202, 27.1247668 ] ] } },
{ "type": "Feature", "properties": { "name": "Urban Corridor", "highway": "residential", "slope_pct": 0.6 }, "geometry": { "type": "LineString", "coordinates": [ [ 78.0523647, 27.1238556 ], [ 78.0530682, 27.1248553 ], [ 78.0531138, 27.1248864 ], [ 78.0531728, 27.1248673 ], [ 78.0533901, 27.1247336 ], [ 78.0534169, 27.1246978 ], [ 78.0534115, 27.1246667 ], [ 78.053374, 27.1246094 ], [ 78.0526991, 27.1236397 ] ] } },
{ "type": "Feature", "properties": { "name": "Urban Corridor", "highway": "residential", "slope_pct": 0.6 }, "geometry": { "type": "LineString", "coordinates": [ [ 78.0408357, 27.1311173 ], [ 78.0408856, 27.1311132 ], [ 78.0409285, 27.1311192 ], [ 78.0409674, 27.131149 ], [ 78.0411485, 27.131346 ], [ 78.0414847, 27.1317345 ] ] } },
{ "type": "Feature", "properties": { "name": "Urban Corridor", "highway": "residential", "slope_pct": 0.6 }, "geometry": { "type": "LineString", "coordinates": [ [ 78.0545015, 27.1398717 ], [ 78.05426, 27.1394141 ] ] } },
{ "type": "Feature", "properties": { "name": "Urban Corridor", "highway": "residential", "slope_pct": 0.6 }, "geometry": { "type": "LineString", "coordinates": [ [ 78.052165, 27.1357483 ], [ 78.0520554, 27.1355525 ], [ 78.0520406, 27.135537 ], [ 78.0520168, 27.135534 ], [ 78.0519859, 27.1355376 ], [ 78.0519457, 27.1355513 ], [ 78.0508449, 27.1360363 ] ] } },
{ "type": "Feature", "properties": { "name": "Urban Corridor", "highway": "residential", "slope_pct": 0.6 }, "geometry": { "type": "LineString", "coordinates": [ [ 78.0456959, 27.1341854 ], [ 78.0461166, 27.1347177 ] ] } },
{ "type": "Feature", "properties": { "name": "Urban Corridor", "highway": "residential", "slope_pct": 0.6 }, "geometry": { "type": "LineString", "coordinates": [ [ 78.0452495, 27.1273105 ], [ 78.0458279, 27.1280289 ] ] } },
{ "type": "Feature", "properties": { "name": "Urban Corridor", "highway": "residential", "slope_pct": 0.6 }, "geometry": { "type": "LineString", "coordinates": [ [ 78.0447282, 27.1276336 ], [ 78.0441997, 27.1269455 ] ] } },
{ "type": "Feature", "properties": { "name": "Urban Corridor", "highway": "residential", "slope_pct": 0.6 }, "geometry": { "type": "LineString", "coordinates": [ [ 78.0509531, 27.1362714 ], [ 78.0503526, 27.1365615 ] ] } },
{ "type": "Feature", "properties": { "name": "Urban Corridor", "highway": "residential", "slope_pct": 0.6 }, "geometry": { "type": "LineString", "coordinates": [ [ 78.0531123, 27.1309254 ], [ 78.0531577, 27.1309661 ] ] } },
{ "type": "Feature", "properties": { "name": "Shamsabad Road", "highway": "secondary", "slope_pct": 0.6 }, "geometry": { "type": "LineString", "coordinates": [ [ 78.0339523, 27.1525364 ], [ 78.0339461, 27.1523723 ], [ 78.0339496, 27.1523387 ], [ 78.0339582, 27.1522571 ], [ 78.0340058, 27.1519635 ], [ 78.034046, 27.1517368 ], [ 78.0340586, 27.1516816 ], [ 78.0340809, 27.1515841 ], [ 78.0341198, 27.1514421 ], [ 78.0341694, 27.1513335 ], [ 78.034282, 27.1511807 ], [ 78.0343826, 27.1510662 ], [ 78.034557, 27.1508776 ], [ 78.0347514, 27.1506891 ], [ 78.03488, 27.1505739 ], [ 78.0349445, 27.150516 ], [ 78.0349896, 27.1504794 ], [ 78.0353589, 27.1501795 ], [ 78.0356674, 27.1499349 ], [ 78.0357925, 27.1498267 ], [ 78.0360898, 27.1495697 ], [ 78.0363715, 27.1493454 ], [ 78.0368476, 27.1489301 ], [ 78.0371855, 27.1486425 ], [ 78.0374762, 27.1483991 ], [ 78.0377769, 27.1481473 ], [ 78.0380291, 27.1479396 ], [ 78.0385159, 27.1475351 ], [ 78.0386744, 27.1474041 ], [ 78.0388721, 27.1472406 ], [ 78.0389115, 27.1472081 ], [ 78.0393071, 27.1468811 ], [ 78.0395687, 27.1466687 ], [ 78.0396759, 27.1465816 ], [ 78.0399495, 27.1463495 ], [ 78.0401051, 27.1462176 ], [ 78.040458, 27.145932 ], [ 78.0408172, 27.1456412 ], [ 78.0412719, 27.1452653 ], [ 78.0416462, 27.1449564 ], [ 78.041752, 27.1448691 ], [ 78.0418645, 27.1447739 ], [ 78.0419567, 27.1446959 ], [ 78.0419961, 27.1446626 ], [ 78.0422683, 27.1444478 ], [ 78.0426478, 27.1441674 ], [ 78.0428224, 27.1440422 ], [ 78.0430005, 27.1439144 ], [ 78.0433975, 27.1436172 ], [ 78.0436993, 27.1433773 ], [ 78.0438897, 27.1432234 ], [ 78.0440842, 27.1430467 ], [ 78.0443148, 27.1428486 ], [ 78.0444308, 27.1427333 ], [ 78.0445898, 27.1425753 ], [ 78.044917, 27.14224 ], [ 78.0451477, 27.1419894 ], [ 78.045182, 27.1419494 ], [ 78.0452871, 27.1418271 ], [ 78.0455111, 27.1415407 ], [ 78.0457297, 27.1412542 ], [ 78.0459644, 27.1409416 ], [ 78.0461629, 27.1406468 ], [ 78.0462592, 27.1405192 ], [ 78.0463332, 27.1404212 ], [ 78.0465639, 27.140093 ], [ 78.0467838, 27.139797 ], [ 78.0469294, 27.1396042 ], [ 78.0469863, 27.1395214 ], [ 78.046994, 27.139511 ], [ 78.047276, 27.1391335 ], [ 78.0474718, 27.1388614 ], [ 78.0475917, 27.138696 ], [ 78.0476542, 27.1386072 ], [ 78.0478148, 27.1383793 ], [ 78.0478822, 27.1382837 ], [ 78.048105, 27.1379837 ], [ 78.0481853, 27.1378756 ], [ 78.048369, 27.1376297 ], [ 78.0486345, 27.13728 ], [ 78.0488424, 27.1370127 ], [ 78.0489007, 27.1369426 ], [ 78.0490342, 27.1367752 ], [ 78.0493118, 27.1363897 ], [ 78.0495264, 27.1360901 ], [ 78.0497719, 27.1357395 ], [ 78.049808, 27.1356879 ], [ 78.0500025, 27.1354039 ], [ 78.0501138, 27.135244 ], [ 78.0502801, 27.1350239 ], [ 78.0503431, 27.1349456 ], [ 78.0506623, 27.1344849 ], [ 78.0508943, 27.1341507 ], [ 78.051251, 27.133665 ], [ 78.0513358, 27.1335525 ], [ 78.0513894, 27.1334691 ], [ 78.0514455, 27.1333809 ], [ 78.0517083, 27.1330111 ], [ 78.0518136, 27.1328782 ], [ 78.0519471, 27.1326791 ], [ 78.0521643, 27.1323593 ], [ 78.0524634, 27.1319499 ], [ 78.0526726, 27.1316515 ], [ 78.0531577, 27.1309661 ], [ 78.0533954, 27.1306262 ], [ 78.0534206, 27.1305908 ], [ 78.0535872, 27.1303553 ], [ 78.0538487, 27.1299746 ], [ 78.0538659, 27.1299507 ], [ 78.053944, 27.1298421 ], [ 78.0543111, 27.1293431 ], [ 78.0543637, 27.1292716 ], [ 78.0547366, 27.1287631 ], [ 78.0549712, 27.1284516 ], [ 78.0552931, 27.1279957 ], [ 78.0554514, 27.1277808 ], [ 78.0554842, 27.1277351 ], [ 78.0559221, 27.1271243 ], [ 78.0561219, 27.126845 ], [ 78.0564532, 27.126413 ], [ 78.0566476, 27.1261456 ], [ 78.0569091, 27.1257851 ], [ 78.0569414, 27.1257433 ], [ 78.0570433, 27.1256109 ], [ 78.0573027, 27.125238 ], [ 78.0573986, 27.1251 ], [ 78.057553, 27.12488 ], [ 78.057577, 27.1248458 ], [ 78.0576749, 27.124714 ], [ 78.0577799, 27.1245727 ], [ 78.0579123, 27.1243946 ], [ 78.0580759, 27.1241487 ], [ 78.0582529, 27.1239136 ], [ 78.0584742, 27.1235865 ], [ 78.0585117, 27.1235391 ], [ 78.0585576, 27.1234712 ], [ 78.0586627, 27.123344 ], [ 78.0587834, 27.1231694 ], [ 78.0588149, 27.1231222 ], [ 78.0590495, 27.1227928 ], [ 78.0591353, 27.1226744 ], [ 78.0592655, 27.1225075 ], [ 78.0594049, 27.1223153 ], [ 78.0597107, 27.1218474 ], [ 78.0598837, 27.121592 ], [ 78.0601734, 27.121142 ], [ 78.0602542, 27.1209953 ], [ 78.0603223, 27.1208937 ], [ 78.0605154, 27.1205816 ], [ 78.0606602, 27.1203518 ], [ 78.0608976, 27.1199865 ], [ 78.0610052, 27.1197771 ], [ 78.0611028, 27.1195986 ], [ 78.0613911, 27.1191354 ], [ 78.0616754, 27.1186436 ], [ 78.0618498, 27.1183488 ], [ 78.0622387, 27.1177018 ], [ 78.0624962, 27.1172638 ], [ 78.0627054, 27.1169367 ], [ 78.062827, 27.1167311 ], [ 78.0629991, 27.1164401 ], [ 78.0632579, 27.1160247 ], [ 78.0635154, 27.1155759 ], [ 78.0636777, 27.1152992 ], [ 78.0638562, 27.115016 ], [ 78.064076, 27.1146675 ], [ 78.064227, 27.1144289 ], [ 78.0643389, 27.114252 ], [ 78.0645119, 27.1139811 ], [ 78.0647814, 27.1135155 ], [ 78.0649289, 27.1132708 ], [ 78.0649562, 27.1132279 ] ] } },
{ "type": "Feature", "properties": { "name": "Urban Corridor", "highway": "residential", "slope_pct": 0.6 }, "geometry": { "type": "LineString", "coordinates": [ [ 78.0460663, 27.1366045 ], [ 78.0462176, 27.1365013 ], [ 78.046227, 27.1364662 ], [ 78.046227, 27.1364294 ], [ 78.046227, 27.1364043 ], [ 78.0462627, 27.1363591 ], [ 78.0466096, 27.1361378 ] ] } }
]
}
