{
"type": "FeatureCollection",
"name": "roads_28.635_77.215",
"crs": { "type": "name", "properties": { "name": "urn:ogc:def:crs:OGC:1.3:CRS84" } },
"features": [
{ "type": "Feature", "properties": { "name": "Ashoka Road", "highway": "secondary", "slope_pct": 0.6 }, "geometry": { "type": "LineString", "coordinates": [ [ 77.2073144, 28.6267676 ], [ 77.2073524, 28.626692 ], [ 77.2073974, 28.6266215 ], [ 77.2074197, 28.6265949 ], [ 77.2074549, 28.6265593 ], [ 77.2075131, 28.6265139 ], [ 77.2075965, 28.6264678 ], [ 77.2085785, 28.625897 ], [ 77.2089927, 28.6256562 ], [ 77.209104, 28.6255915 ] ] } },
{ "type": "Feature", "properties": { "name": "Sansad Marg", "highway": "secondary", "slope_pct": 0.6 }, "geometry": { "type": "LineString", "coordinates": [ [ 77.2129097, 28.6237991 ], [ 77.2130542, 28.6238697 ], [ 77.2131117, 28.6239194 ], [ 77.2131561, 28.6239756 ], [ 77.2133154, 28.6241953 ], [ 77.2133939, 28.6243036 ], [ 77.2134541, 28.6243867 ], [ 77.213741, 28.6247825 ], [ 77.2138113, 28.6248795 ], [ 77.2139809, 28.6251135 ], [ 77.2142151, 28.6254366 ], [ 77.2142769, 28.6255219 ], [ 77.2146413, 28.6260718 ], [ 77.2149372, 28.6265184 ], [ 77.2149546, 28.6265389 ], [ 77.2150807, 28.6266867 ], [ 77.2152509, 28.6268862 ], [ 77.2152956, 28.6269395 ], [ 77.2153592, 28.6270239 ], [ 77.2154047, 28.6270801 ], [ 77.2155756, 28.6272785 ] ] } },
{ "type": "Feature", "properties": { "name": "Baba Kharak Singh Marg", "highway": "secondary", "slope_pct": 0.6 }, "geometry": { "type": "LineString", "coordinates": [ [ 77.2087482, 28.6279397 ], [ 77.2088493, 28.6279857 ], [ 77.2089338, 28.6280242 ], [ 77.2094503, 28.6282595 ], [ 77.2094901, 28.6282776 ], [ 77.2102342, 28.6286164 ], [ 77.2102833, 28.6286388 ], [ 77.2104276, 28.6287045 ], [ 77.2105607, 28.6287651 ], [ 77.2118078, 28.6293103 ], [ 77.2145916, 28.6305415 ], [ 77.2159299, 28.6311799 ], [ 77.2161249, 28.6312729 ] ] } },
{ "type": "Feature", "properties": { "name": "Baba Kharak Singh Marg", "highway": "secondary", "slope_pct": 0.6 }, "geometry": { "type": "LineString", "coordinates": [ [ 77.2167421, 28.6314291 ], [ 77.2165448, 28.6313349 ], [ 77.2161964, 28.6311684 ], [ 77.2161049, 28.631128 ], [ 77.2160983, 28.6311251 ], [ 77.2156806, 28.6309426 ], [ 77.2151812, 28.6307244 ], [ 77.2148855, 28.630596 ], [ 77.2141649, 28.6302742 ], [ 77.2137216, 28.6300762 ], [ 77.2126948, 28.6296176 ], [ 77.2125849, 28.6295685 ], [ 77.2123345, 28.6294567 ], [ 77.2122494, 28.6294187 ], [ 77.2120317, 28.6293215 ], [ 77.2114802, 28.6290751 ], [ 77.2110572, 28.6288861 ], [ 77.21087, 28.6288025 ], [ 77.2106225, 28.628692 ], [ 77.208997, 28.6279508 ], [ 77.2088192, 28.6278692 ], [ 77.2087948, 28.627858 ], [ 77.2087143, 28.627821 ], [ 77.2085677, 28.6277537 ], [ 77.2082794, 28.6276215 ], [ 77.2082287, 28.6275982 ], [ 77.2075964, 28.627308 ], [ 77.2075005, 28.6272566 ], [ 77.2074934, 28.6272528 ], [ 77.2073157, 28.6271648 ] ] } },
{ "type": "Feature", "properties": { "name": "Jai Singh Road", "highway": "tertiary", "slope_pct": 0.6 }, "geometry": { "type": "LineString", "coordinates": [ [ 77.2147019, 28.627188 ], [ 77.2144444, 28.6270742 ], [ 77.2144069, 28.6270576 ], [ 77.2141083, 28.6269256 ], [ 77.2137483, 28.6267696 ], [ 77.2134952, 28.6266567 ], [ 77.2130518, 28.6264589 ], [ 77.2130022, 28.6264357 ], [ 77.2129492, 28.626411 ], [ 77.212613, 28.6262669 ], [ 77.2125411, 28.6262408 ], [ 77.212459, 28.6262081 ], [ 77.2122843, 28.626142 ], [ 77.2121708, 28.6261036 ], [ 77.2117344, 28.625943 ], [ 77.21156, 28.6258548 ], [ 77.2114352, 28.6257292 ], [ 77.2110542, 28.6252681 ], [ 77.2108438, 28.6249697 ], [ 77.2107998, 28.6249073 ], [ 77.2106381, 28.6246947 ] ] } },
{ "type": "Feature", "properties": { "name": "Hanuman Road", "highway": "residential", "slope_pct": 0.6 }, "geometry": { "type": "LineString", "coordinates": [ [ 77.2171227, 28.6293694 ], [ 77.2169268, 28.6295622 ], [ 77.2168101, 28.6296771 ], [ 77.2165965, 28.6298785 ], [ 77.216565, 28.6298935 ], [ 77.2165342, 28.6299017 ], [ 77.216502, 28.6299035 ], [ 77.2164735, 28.629899 ], [ 77.216186, 28.6297712 ], [ 77.2161416, 28.6297515 ], [ 77.2160289, 28.6297026 ], [ 77.2158039, 28.6296033 ], [ 77.2148357, 28.6291694 ], [ 77.2129287, 28.6283371 ], [ 77.212842, 28.6282844 ], [ 77.2127844, 28.6282337 ], [ 77.2127589, 28.6281959 ], [ 77.2122322, 28.6274881 ], [ 77.2121465, 28.6273813 ], [ 77.2118507, 28.6270127 ], [ 77.2117102, 28.6268375 ], [ 77.2115964, 28.6267638 ], [ 77.2114205, 28.6267391 ], [ 77.2113018, 28.6267448 ], [ 77.2107525, 28.626771 ] ] } },
{ "type": "Feature", "properties": { "name": "Arterial Link", "highway": "residential", "slope_pct": 0.6 }, "geometry": { "type": "LineString", "coordinates": [ [ 77.2083499, 28.6299956 ], [ 77.2090837, 28.6299083 ], [ 77.2098072, 28.6298502 ], [ 77.2099131, 28.6297946 ], [ 77.2100204, 28.629658 ], [ 77.2101138, 28.6295075 ], [ 77.2101718, 28.6294188 ], [ 77.2101813, 28.6294043 ], [ 77.2104831, 28.6288958 ], [ 77.2105607, 28.6287651 ] ] } },
{ "type": "Feature", "properties": { "name": "Arterial Link", "highway": "residential", "slope_pct": 0.6 }, "geometry": { "type": "LineString", "coordinates": [ [ 77.2148357, 28.6291694 ], [ 77.2146565, 28.629467 ], [ 77.2144904, 28.6297429 ], [ 77.2144827, 28.6297556 ], [ 77.2142771, 28.6300841 ], [ 77.2141649, 28.6302742 ] ] } },
{ "type": "Feature", "properties": { "name": "Hanuman Lane", "highway": "residential", "slope_pct": 0.6 }, "geometry": { "type": "LineString", "coordinates": [ [ 77.2144904, 28.6297429 ], [ 77.2129992, 28.6290829 ], [ 77.212442, 28.6288448 ], [ 77.2124259, 28.6288368 ], [ 77.212415, 28.628826 ], [ 77.2124081, 28.6288111 ], [ 77.2124072, 28.6287963 ], [ 77.2124128, 28.6287798 ], [ 77.2127589, 28.6281959 ] ] } },
{ "type": "Feature", "properties": { "name": "Arterial Link", "highway": "residential", "slope_pct": 0.6 }, "geometry": { "type": "LineString", "coordinates": [ [ 77.2161416, 28.6297515 ], [ 77.2163268, 28.6293757 ], [ 77.2163295, 28.6293585 ], [ 77.2163269, 28.6293433 ], [ 77.2163173, 28.6293259 ], [ 77.2162988, 28.6293105 ], [ 77.2137095, 28.6281504 ], [ 77.2129548, 28.6278123 ], [ 77.212884, 28.6277595 ], [ 77.2128099, 28.6276781 ], [ 77.2125057, 28.6272405 ] ] } },
{ "type": "Feature", "properties": { "name": "Arterial Link", "highway": "residential", "slope_pct": 0.6 }, "geometry": { "type": "LineString", "coordinates": [ [ 77.2114389, 28.6299742 ], [ 77.2109891, 28.6297677 ], [ 77.2104759, 28.6295358 ], [ 77.2101813, 28.6294043 ] ] } },
{ "type": "Feature", "properties": { "name": "Arterial Link", "highway": "residential", "slope_pct": 0.6 }, "geometry": { "type": "LineString", "coordinates": [ [ 77.2082759, 28.6288297 ], [ 77.2084788, 28.6289045 ], [ 77.2084908, 28.6289089 ], [ 77.2088744, 28.6290504 ], [ 77.2092008, 28.6291708 ], [ 77.2097543, 28.6293749 ], [ 77.2097847, 28.6293861 ], [ 77.2101138, 28.6295075 ] ] } },
{ "type": "Feature", "properties": { "name": "Sansad Marg", "highway": "secondary", "slope_pct": 0.6 }, "geometry": { "type": "LineString", "coordinates": [ [ 77.2153661, 28.6269024 ], [ 77.2153221, 28.6268468 ], [ 77.2151697, 28.6266478 ], [ 77.215048, 28.6264888 ], [ 77.2150364, 28.6264736 ], [ 77.2149337, 28.6263101 ], [ 77.2146385, 28.62584 ], [ 77.2145456, 28.6256919 ], [ 77.2142058, 28.6252021 ], [ 77.2138409, 28.6247208 ], [ 77.213487, 28.624254 ], [ 77.2132512, 28.623943 ], [ 77.2131615, 28.6237755 ], [ 77.2131594, 28.6235884 ] ] } },
{ "type": "Feature", "properties": { "name": "Arterial Link", "highway": "residential", "slope_pct": 0.6 }, "geometry": { "type": "LineString", "coordinates": [ [ 77.2098199, 28.6292728 ], [ 77.2101718, 28.6294188 ] ] } },
{ "type": "Feature", "properties": { "name": "Bangla Sahib Road", "highway": "tertiary", "slope_pct": 0.6 }, "geometry": { "type": "LineString", "coordinates": [ [ 77.2086619, 28.6279006 ], [ 77.2085417, 28.6281188 ], [ 77.2082957, 28.6285467 ], [ 77.2082067, 28.628757 ], [ 77.2082012, 28.6289464 ], [ 77.2081998, 28.6289944 ], [ 77.208244, 28.6296196 ], [ 77.2082512, 28.6297216 ], [ 77.2083094, 28.6305329 ], [ 77.2083353, 28.6311697 ], [ 77.2083795, 28.6319387 ], [ 77.2083961, 28.6321597 ], [ 77.2084196, 28.632474 ], [ 77.2084881, 28.6334242 ], [ 77.2084952, 28.6335228 ] ] } },
{ "type": "Feature", "properties": { "name": "Baba Kharak Singh Marg", "highway": "secondary", "slope_pct": 0.6 }, "geometry": { "type": "LineString", "coordinates": [ [ 77.2072094, 28.6273431 ], [ 77.2073834, 28.627365 ], [ 77.2074126, 28.6273734 ], [ 77.2076452, 28.6274399 ], [ 77.2076632, 28.6274481 ], [ 77.2083542, 28.6277612 ], [ 77.2085166, 28.6278348 ], [ 77.2086329, 28.6278875 ], [ 77.2086619, 28.6279006 ] ] } },
{ "type": "Feature", "properties": { "name": "Bangla Sahib Road", "highway": "tertiary", "slope_pct": 0.6 }, "geometry": { "type": "LineString", "coordinates": [ [ 77.2085003, 28.6324712 ], [ 77.2084641, 28.6319346 ], [ 77.2084102, 28.63116 ], [ 77.2083499, 28.6299956 ], [ 77.2083236, 28.6296203 ], [ 77.2082728, 28.6289321 ], [ 77.2082759, 28.6288297 ], [ 77.2083305, 28.6287263 ], [ 77.208669, 28.6280889 ], [ 77.2087086, 28.6280143 ], [ 77.2087342, 28.6279661 ], [ 77.2087482, 28.6279397 ] ] } },
{ "type": "Feature", "properties": { "name": "Arterial Link", "highway": "residential", "slope_pct": 0.6 }, "geometry": { "type": "LineString", "coordinates": [ [ 77.2114963, 28.6298604 ], [ 77.2117262, 28.6294544 ], [ 77.2118078, 28.6293103 ] ] } },
{ "type": "Feature", "properties": { "name": "Gol Dakkhana Roundabout", "highway": "secondary", "slope_pct": 0.6 }, "geometry": { "type": "LineString", "coordinates": [ [ 77.2059915, 28.627225 ], [ 77.2060418, 28.6273062 ], [ 77.2061052, 28.62738 ], [ 77.2061803, 28.6274448 ], [ 77.2062655, 28.6274992 ], [ 77.206359, 28.6275419 ], [ 77.2064585, 28.627572 ], [ 77.2065621, 28.6275889 ], [ 77.206617, 28.6275946 ], [ 77.206772, 28.6275819 ], [ 77.2068738, 28.6275581 ], [ 77.2069704, 28.6275214 ], [ 77.2070599, 28.6274726 ], [ 77.2071401, 28.6274127 ], [ 77.2072094, 28.6273431 ] ] } },
{ "type": "Feature", "properties": { "name": "Gol Dakkhana Roundabout", "highway": "secondary", "slope_pct": 0.6 }, "geometry": { "type": "LineString", "coordinates": [ [ 77.2073157, 28.6271648 ], [ 77.2073316, 28.6271162 ], [ 77.207343, 28.6270667 ], [ 77.2073498, 28.6270166 ], [ 77.207352, 28.6269661 ], [ 77.2073495, 28.6269156 ], [ 77.2073423, 28.6268655 ], [ 77.2073306, 28.6268161 ], [ 77.2073144, 28.6267676 ] ] } },
{ "type": "Feature", "properties": { "name": "Gol Dakkhana Roundabout", "highway": "secondary", "slope_pct": 0.6 }, "geometry": { "type": "LineString", "coordinates": [ [ 77.2073144, 28.6267676 ], [ 77.2072738, 28.6266833 ], [ 77.2072196, 28.6266051 ], [ 77.2071529, 28.6265346 ], [ 77.2070753, 28.6264735 ] ] } },
{ "type": "Feature", "properties": { "name": "Gol Dakkhana Roundabout", "highway": "secondary", "slope_pct": 0.6 }, "geometry": { "type": "LineString", "coordinates": [ [ 77.2072094, 28.6273431 ], [ 77.2072421, 28.6273015 ], [ 77.2072708, 28.6272577 ], [ 77.2072954, 28.6272121 ], [ 77.2073157, 28.6271648 ] ] } },
{ "type": "Feature", "properties": { "name": "Bangla Sahib Lane", "highway": "residential", "slope_pct": 0.6 }, "geometry": { "type": "LineString", "coordinates": [ [ 77.2106225, 28.628692 ], [ 77.2107848, 28.6285704 ], [ 77.2108189, 28.6285136 ], [ 77.2108261, 28.6284412 ], [ 77.2108177, 28.6282509 ], [ 77.2108071, 28.6280106 ], [ 77.2107962, 28.6277627 ], [ 77.2107865, 28.6275429 ], [ 77.2107826, 28.6274534 ], [ 77.2107755, 28.6272935 ], [ 77.210765, 28.6270557 ], [ 77.2107525, 28.626771 ], [ 77.2107401, 28.6265323 ], [ 77.2107233, 28.626211 ], [ 77.2107216, 28.6261776 ], [ 77.2110586, 28.6259608 ], [ 77.2112537, 28.6258408 ], [ 77.2114352, 28.6257292 ] ] } },
{ "type": "Feature", "properties": { "name": "Arterial Link", "highway": "residential", "slope_pct": 0.6 }, "geometry": { "type": "LineString", "coordinates": [ [ 77.2127589, 28.6281959 ], [ 77.2129548, 28.6278123 ] ] } },
{ "type": "Feature", "properties": { "name": "Arterial Link", "highway": "residential", "slope_pct": 0.6 }, "geometry": { "type": "LineString", "coordinates": [ [ 77.2104831, 28.6288958 ], [ 77.2105499, 28.6289249 ], [ 77.2106855, 28.6289868 ], [ 77.2116841, 28.6294079 ] ] } },
{ "type": "Feature", "properties": { "name": "Arterial Link", "highway": "residential", "slope_pct": 0.6 }, "geometry": { "type": "LineString", "coordinates": [ [ 77.2106855, 28.6289868 ], [ 77.2106093, 28.6291275 ], [ 77.2105084, 28.6293137 ] ] } },
{ "type": "Feature", "properties": { "name": "Arterial Link", "highway": "residential", "slope_pct": 0.6 }, "geometry": { "type": "LineString", "coordinates": [ [ 77.2106093, 28.6291275 ], [ 77.2106477, 28.6291451 ], [ 77.2106768, 28.6291585 ], [ 77.2107276, 28.6291818 ], [ 77.2108437, 28.6292351 ], [ 77.2107701, 28.629365 ], [ 77.2107382, 28.6293763 ], [ 77.2105865, 28.629339 ], [ 77.21056, 28.629297 ], [ 77.2106477, 28.6291451 ] ] } },
{ "type": "Feature", "properties": { "name": "Arterial Link", "highway": "residential", "slope_pct": 0.6 }, "geometry": { "type": "LineString", "coordinates": [ [ 77.2107276, 28.6291818 ], [ 77.2107542, 28.6291359 ], [ 77.2107071, 28.6291113 ], [ 77.2106768, 28.6291585 ] ] } },
{ "type": "Feature", "properties": { "name": "Arterial Link", "highway": "residential", "slope_pct": 0.6 }, "geometry": { "type": "LineString", "coordinates": [ [ 77.2087295, 28.6280741 ], [ 77.2089608, 28.6281872 ], [ 77.2094145, 28.6284091 ], [ 77.2097607, 28.6285784 ], [ 77.2101523, 28.6287545 ] ] } },
{ "type": "Feature", "properties": { "name": "Arterial Link", "highway": "residential", "slope_pct": 0.6 }, "geometry": { "type": "LineString", "coordinates": [ [ 77.2102342, 28.6286164 ], [ 77.2101523, 28.6287545 ], [ 77.2098199, 28.6292728 ], [ 77.2097543, 28.6293749 ] ] } },
{ "type": "Feature", "properties": { "name": "Arterial Link", "highway": "residential", "slope_pct": 0.6 }, "geometry": { "type": "LineString", "coordinates": [ [ 77.2089608, 28.6281872 ], [ 77.2086637, 28.6287095 ], [ 77.2089701, 28.628865 ], [ 77.2091147, 28.6289383 ], [ 77.2092442, 28.629004 ], [ 77.209627, 28.6291463 ] ] } },
{ "type": "Feature", "properties": { "name": "Arterial Link", "highway": "residential", "slope_pct": 0.6 }, "geometry": { "type": "LineString", "coordinates": [ [ 77.2094901, 28.6282776 ], [ 77.2094145, 28.6284091 ], [ 77.2091147, 28.6289383 ] ] } },
{ "type": "Feature", "properties": { "name": "Arterial Link", "highway": "residential", "slope_pct": 0.6 }, "geometry": { "type": "LineString", "coordinates": [ [ 77.2089701, 28.628865 ], [ 77.2088744, 28.6290504 ] ] } },
{ "type": "Feature", "properties": { "name": "Arterial Link", "highway": "residential", "slope_pct": 0.6 }, "geometry": { "type": "LineString", "coordinates": [ [ 77.2086637, 28.6287095 ], [ 77.2085862, 28.6287215 ], [ 77.2084788, 28.6289045 ] ] } },
{ "type": "Feature", "properties": { "name": "Arterial Link", "highway": "residential", "slope_pct": 0.6 }, "geometry": { "type": "LineString", "coordinates": [ [ 77.2108177, 28.6282509 ], [ 77.2111574, 28.6282302 ] ] } },
{ "type": "Feature", "properties": { "name": "Arterial Link", "highway": "residential", "slope_pct": 0.6 }, "geometry": { "type": "LineString", "coordinates": [ [ 77.2108071, 28.6280106 ], [ 77.2110516, 28.6280003 ], [ 77.2110538, 28.6280531 ] ] } },
{ "type": "Feature", "properties": { "name": "Arterial Link", "highway": "residential", "slope_pct": 0.6 }, "geometry": { "type": "LineString", "coordinates": [ [ 77.2107962, 28.6277627 ], [ 77.2110342, 28.6277662 ], [ 77.2110406, 28.6278882 ] ] } },
{ "type": "Feature", "properties": { "name": "Arterial Link", "highway": "residential", "slope_pct": 0.6 }, "geometry": { "type": "LineString", "coordinates": [ [ 77.2107865, 28.6275429 ], [ 77.2111201, 28.6275343 ], [ 77.2111239, 28.6276761 ] ] } },
{ "type": "Feature", "properties": { "name": "Arterial Link", "highway": "residential", "slope_pct": 0.6 }, "geometry": { "type": "LineString", "coordinates": [ [ 77.2107755, 28.6272935 ], [ 77.2110194, 28.6272936 ] ] } },
{ "type": "Feature", "properties": { "name": "Arterial Link", "highway": "residential", "slope_pct": 0.6 }, "geometry": { "type": "LineString", "coordinates": [ [ 77.210765, 28.6270557 ], [ 77.2109934, 28.6270468 ], [ 77.2109947, 28.6271633 ], [ 77.2112244, 28.6271622 ], [ 77.2112139, 28.6269905 ], [ 77.2112115, 28.6269507 ], [ 77.2110771, 28.6269579 ] ] } },
{ "type": "Feature", "properties": { "name": "Arterial Link", "highway": "residential", "slope_pct": 0.6 }, "geometry": { "type": "LineString", "coordinates": [ [ 77.2113018, 28.6267448 ], [ 77.2113064, 28.6269833 ] ] } },
{ "type": "Feature", "properties": { "name": "Arterial Link", "highway": "residential", "slope_pct": 0.6 }, "geometry": { "type": "LineString", "coordinates": [ [ 77.2112139, 28.6269905 ], [ 77.2113064, 28.6269833 ], [ 77.2114165, 28.6269881 ], [ 77.2114938, 28.6269569 ], [ 77.2115767, 28.6268998 ] ] } },
{ "type": "Feature", "properties": { "name": "Arterial Link", "highway": "residential", "slope_pct": 0.6 }, "geometry": { "type": "LineString", "coordinates": [ [ 77.2118507, 28.6270127 ], [ 77.2116854, 28.6271161 ], [ 77.2118066, 28.6272695 ], [ 77.2119176, 28.6272029 ] ] } },
{ "type": "Feature", "properties": { "name": "Arterial Link", "highway": "tertiary", "slope_pct": 0.6 }, "geometry": { "type": "LineString", "coordinates": [ [ 77.2087143, 28.627821 ], [ 77.2086619, 28.6279006 ] ] } },
{ "type": "Feature", "properties": { "name": "Bangla Sahib Road", "highway": "tertiary", "slope_pct": 0.6 }, "geometry": { "type": "LineString", "coordinates": [ [ 77.2087948, 28.627858 ], [ 77.2087482, 28.6279397 ] ] } },
{ "type": "Feature", "properties": { "name": "Baba Kharak Singh Marg", "highway": "secondary", "slope_pct": 0.6 }, "geometry": { "type": "LineString", "coordinates": [ [ 77.2086619, 28.6279006 ], [ 77.2087482, 28.6279397 ] ] } },
{ "type": "Feature", "properties": { "name": "Barakhamba Road", "highway": "secondary", "slope_pct": 0.6 }, "geometry": { "type": "LineString", "coordinates": [ [ 77.2264166, 28.6288475 ], [ 77.2263068, 28.6289171 ], [ 77.2261345, 28.6290186 ], [ 77.2257948, 28.6292208 ], [ 77.2251378, 28.6295894 ], [ 77.2240555, 28.6302257 ], [ 77.2238678, 28.6303372 ], [ 77.2237855, 28.6303821 ], [ 77.2236052, 28.630485 ], [ 77.2232549, 28.6306849 ], [ 77.2227, 28.63101 ], [ 77.2226401, 28.6310426 ], [ 77.2226098, 28.6310541 ], [ 77.2225727, 28.6310647 ], [ 77.2225349, 28.6310656 ], [ 77.2223791, 28.6310419 ], [ 77.222269, 28.6310064 ] ] } },
{ "type": "Feature", "properties": { "name": "Connaught Lane", "highway": "residential", "slope_pct": 0.6 }, "geometry": { "type": "LineString", "coordinates": [ [ 77.2217071, 28.6293982 ], [ 77.2217646, 28.6294249 ], [ 77.2224536, 28.6297455 ], [ 77.2226204, 28.6298231 ], [ 77.2227138, 28.6298827 ], [ 77.2227876, 28.6299523 ], [ 77.2228522, 28.6300671 ], [ 77.2231208, 28.6304823 ], [ 77.2232032, 28.6306096 ], [ 77.2232248, 28.6306411 ], [ 77.2232549, 28.6306849 ] ] } },
{ "type": "Feature", "properties": { "name": "Connaught Lane", "highway": "residential", "slope_pct": 0.6 }, "geometry": { "type": "LineString", "coordinates": [ [ 77.2195265, 28.6289849 ], [ 77.2196387, 28.628983 ], [ 77.2197649, 28.6289808 ], [ 77.2200133, 28.6289765 ], [ 77.2202722, 28.6289646 ], [ 77.2205492, 28.6289518 ], [ 77.2205559, 28.6289521 ], [ 77.2206897, 28.6289586 ], [ 77.2208378, 28.6289946 ], [ 77.2209547, 28.629037 ], [ 77.2211879, 28.6291214 ], [ 77.221429, 28.6292263 ], [ 77.2216652, 28.6293291 ] ] } },
{ "type": "Feature", "properties": { "name": "Janpath", "highway": "secondary", "slope_pct": 0.6 }, "geometry": { "type": "LineString", "coordinates": [ [ 77.219272, 28.6265854 ], [ 77.219285, 28.6269079 ], [ 77.2193008, 28.6271445 ], [ 77.2193459, 28.6278168 ], [ 77.2193779, 28.6282883 ], [ 77.2193823, 28.6283589 ], [ 77.2194243, 28.6289846 ], [ 77.2194654, 28.629595 ], [ 77.2194853, 28.6298938 ] ] } },
{ "type": "Feature", "properties": { "name": "Kasturba Gandhi Marg", "highway": "secondary", "slope_pct": 0.6 }, "geometry": { "type": "LineString", "coordinates": [ [ 77.221374, 28.6299829 ], [ 77.2214174, 28.6299066 ], [ 77.2215207, 28.6297253 ], [ 77.2217071, 28.6293982 ], [ 77.2217266, 28.6293617 ], [ 77.2219121, 28.6290312 ], [ 77.2219373, 28.6289882 ], [ 77.2221341, 28.6286515 ], [ 77.2227392, 28.6276116 ], [ 77.2228478, 28.6274252 ], [ 77.2230553, 28.6270601 ], [ 77.2232575, 28.6267042 ], [ 77.223376, 28.6264956 ] ] } },
{ "type": "Feature", "properties": { "name": "Barakhamba Road", "highway": "secondary", "slope_pct": 0.6 }, "geometry": { "type": "LineString", "coordinates": [ [ 77.2225605, 28.631405 ], [ 77.2225942, 28.6312649 ], [ 77.2226091, 28.6312208 ], [ 77.222632, 28.6311723 ], [ 77.222658, 28.6311245 ], [ 77.2227449, 28.6310743 ], [ 77.223352, 28.6307237 ], [ 77.2235256, 28.6306258 ], [ 77.2235899, 28.6305895 ], [ 77.2236585, 28.6305508 ], [ 77.2238139, 28.6304632 ], [ 77.2238821, 28.6304248 ], [ 77.2239182, 28.6304042 ], [ 77.2251209, 28.6297162 ], [ 77.2258554, 28.6292961 ], [ 77.2260813, 28.6291518 ], [ 77.2263538, 28.628979 ], [ 77.2263907, 28.6289525 ], [ 77.2264549, 28.6289144 ] ] } },
{ "type": "Feature", "properties": { "name": "Kasturba Gandhi Marg", "highway": "secondary", "slope_pct": 0.6 }, "geometry": { "type": "LineString", "coordinates": [ [ 77.2233409, 28.6263783 ], [ 77.2232972, 28.626468 ], [ 77.2231705, 28.6266901 ], [ 77.2230097, 28.6269721 ], [ 77.2229649, 28.6270506 ], [ 77.2229373, 28.6270989 ], [ 77.2227747, 28.627384 ], [ 77.2227547, 28.6274191 ], [ 77.2225438, 28.6277888 ], [ 77.2225051, 28.6278566 ], [ 77.2223311, 28.6281616 ], [ 77.2221173, 28.6285365 ], [ 77.2220725, 28.628615 ], [ 77.2218713, 28.6289678 ], [ 77.2216918, 28.6292825 ], [ 77.2216652, 28.6293291 ], [ 77.2213212, 28.6299216 ], [ 77.2212686, 28.6299754 ] ] } },
{ "type": "Feature", "properties": { "name": "Janpath", "highway": "secondary", "slope_pct": 0.6 }, "geometry": { "type": "LineString", "coordinates": [ [ 77.2195711, 28.6296845 ], [ 77.2195503, 28.6295917 ], [ 77.2195265, 28.6289849 ], [ 77.2195038, 28.6286294 ], [ 77.219487, 28.6283662 ], [ 77.2194854, 28.6283415 ], [ 77.2194826, 28.6282868 ], [ 77.2194767, 28.628173 ], [ 77.2194221, 28.627349 ], [ 77.2194214, 28.6273383 ], [ 77.2194099, 28.6271569 ], [ 77.2194064, 28.6271021 ], [ 77.2193689, 28.6266548 ], [ 77.2193691, 28.6265855 ] ] } },
{ "type": "Feature", "properties": { "name": "Tolstoy Lane", "highway": "residential", "slope_pct": 0.6 }, "geometry": { "type": "LineString", "coordinates": [ [ 77.2205815, 28.6281249 ], [ 77.2208051, 28.6280585 ], [ 77.2208772, 28.6277566 ], [ 77.2210572, 28.6276036 ], [ 77.2213776, 28.6273954 ], [ 77.2215299, 28.6272441 ], [ 77.221629, 28.6271122 ], [ 77.2216382, 28.6270981 ], [ 77.2218381, 28.6267903 ], [ 77.2219479, 28.6266057 ], [ 77.2220229, 28.6264769 ], [ 77.2221119, 28.626326 ] ] } },
{ "type": "Feature", "properties": { "name": "Arterial Link", "highway": "residential", "slope_pct": 0.6 }, "geometry": { "type": "LineString", "coordinates": [ [ 77.225744, 28.6280493 ], [ 77.2256538, 28.6281067 ], [ 77.2253653, 28.6282902 ], [ 77.2251771, 28.6284 ], [ 77.2248053, 28.6285861 ], [ 77.2243903, 28.6288236 ], [ 77.2243117, 28.6288686 ], [ 77.2239782, 28.6290464 ], [ 77.2236434, 28.6292249 ], [ 77.2235388, 28.6292508 ], [ 77.2234288, 28.629239 ], [ 77.2233121, 28.6291654 ], [ 77.2231658, 28.6293677 ], [ 77.2230476, 28.6294858 ], [ 77.2228908, 28.6296146 ], [ 77.2226204, 28.6298231 ] ] } },
{ "type": "Feature", "properties": { "name": "Sansad Marg", "highway": "secondary", "slope_pct": 0.6 }, "geometry": { "type": "LineString", "coordinates": [ [ 77.2167229, 28.6288256 ], [ 77.2171227, 28.6293694 ], [ 77.2176728, 28.6300813 ] ] } },
{ "type": "Feature", "properties": { "name": "Sansad Marg", "highway": "secondary", "slope_pct": 0.6 }, "geometry": { "type": "LineString", "coordinates": [ [ 77.2177443, 28.6300101 ], [ 77.2172711, 28.6293363 ], [ 77.2172213, 28.6292699 ], [ 77.2169405, 28.6288764 ] ] } },
{ "type": "Feature", "properties": { "name": "Sansad Marg", "highway": "secondary", "slope_pct": 0.6 }, "geometry": { "type": "LineString", "coordinates": [ [ 77.2165741, 28.6283967 ], [ 77.2164816, 28.6282755 ], [ 77.2158122, 28.6274574 ], [ 77.2155913, 28.6271877 ], [ 77.2154732, 28.6270431 ], [ 77.2154323, 28.6269871 ], [ 77.2153661, 28.6269024 ] ] } },
{ "type": "Feature", "properties": { "name": "Tolstoy Marg", "highway": "secondary", "slope_pct": 0.6 }, "geometry": { "type": "LineString", "coordinates": [ [ 77.2154323, 28.6269871 ], [ 77.2155136, 28.6269417 ], [ 77.2156953, 28.6268283 ], [ 77.2158523, 28.6266977 ], [ 77.2158793, 28.6266526 ], [ 77.2158904, 28.6266116 ], [ 77.2159148, 28.6263224 ], [ 77.215924, 28.6262714 ], [ 77.2159392, 28.6262207 ], [ 77.2159548, 28.6261796 ], [ 77.2160312, 28.6261089 ], [ 77.2162119, 28.6260333 ], [ 77.2164188, 28.6259806 ], [ 77.2166035, 28.6259539 ], [ 77.2168399, 28.6259606 ], [ 77.2170628, 28.6260002 ], [ 77.2172962, 28.6260795 ], [ 77.2175777, 28.6262047 ], [ 77.2178624, 28.6263215 ], [ 77.2179814, 28.6263703 ], [ 77.2181234, 28.6264127 ], [ 77.2182065, 28.626435 ], [ 77.2182676, 28.6264431 ], [ 77.219034, 28.6264434 ], [ 77.2192551, 28.6264435 ] ] } },
{ "type": "Feature", "properties": { "name": "Arterial Link", "highway": "residential", "slope_pct": 0.6 }, "geometry": { "type": "LineString", "coordinates": [ [ 77.2174125, 28.6284041 ], [ 77.2177507, 28.6283909 ], [ 77.2178041, 28.6284221 ], [ 77.2178224, 28.628476 ], [ 77.2178119, 28.6289197 ], [ 77.2178088, 28.6289602 ], [ 77.2177866, 28.6290006 ], [ 77.2177243, 28.6290735 ], [ 77.2172711, 28.6293363 ] ] } },
{ "type": "Feature", "properties": { "name": "Arterial Link", "highway": "residential", "slope_pct": 0.6 }, "geometry": { "type": "LineString", "coordinates": [ [ 77.2177243, 28.6290735 ], [ 77.2180543, 28.6290069 ], [ 77.2185187, 28.6289842 ], [ 77.2191234, 28.6289902 ] ] } },
{ "type": "Feature", "properties": { "name": "Janpath Lane", "highway": "residential", "slope_pct": 0.6 }, "geometry": { "type": "LineString", "coordinates": [ [ 77.2171881, 28.6271708 ], [ 77.217497, 28.6271785 ], [ 77.2175566, 28.627177 ], [ 77.2184035, 28.6271546 ], [ 77.2192695, 28.6271449 ], [ 77.2193008, 28.6271445 ] ] } },
{ "type": "Feature", "properties": { "name": "Arterial Link", "highway": "residential", "slope_pct": 0.6 }, "geometry": { "type": "LineString", "coordinates": [ [ 77.2184035, 28.6271546 ], [ 77.2184091, 28.6283893 ], [ 77.2190857, 28.6283535 ], [ 77.2191234, 28.6289902 ] ] } },
{ "type": "Feature", "properties": { "name": "Arterial Link", "highway": "residential", "slope_pct": 0.6 }, "geometry": { "type": "LineString", "coordinates": [ [ 77.2171943, 28.6276126 ], [ 77.2171881, 28.6271708 ] ] } },
{ "type": "Feature", "properties": { "name": "Arterial Link", "highway": "residential", "slope_pct": 0.6 }, "geometry": { "type": "LineString", "coordinates": [ [ 77.2175777, 28.6262047 ], [ 77.2175623, 28.6268052 ], [ 77.2175566, 28.627177 ] ] } },
{ "type": "Feature", "properties": { "name": "Tolstoy Marg", "highway": "secondary", "slope_pct": 0.6 }, "geometry": { "type": "LineString", "coordinates": [ [ 77.2192455, 28.6263138 ], [ 77.2191257, 28.6263181 ], [ 77.2191226, 28.6263183 ], [ 77.21892, 28.6263256 ], [ 77.2182626, 28.6263494 ], [ 77.2182015, 28.6263413 ], [ 77.2181184, 28.6263189 ], [ 77.2179764, 28.6262766 ], [ 77.2179285, 28.6262569 ], [ 77.2175727, 28.6261109 ], [ 77.2172912, 28.6259858 ], [ 77.2170578, 28.6259065 ], [ 77.2168349, 28.6258669 ], [ 77.2167112, 28.6258582 ], [ 77.2165985, 28.6258602 ], [ 77.216502, 28.62587 ], [ 77.2164138, 28.6258869 ], [ 77.2163008, 28.6259123 ], [ 77.2162069, 28.6259396 ], [ 77.2160996, 28.6259806 ], [ 77.2160262, 28.6260152 ], [ 77.2159468, 28.6260595 ], [ 77.2159061, 28.6260917 ], [ 77.2158836, 28.6261306 ], [ 77.2158602, 28.6261922 ], [ 77.2158059, 28.6264459 ], [ 77.2157843, 28.6265581 ], [ 77.215759, 28.6266257 ], [ 77.2157201, 28.6266857 ], [ 77.2156713, 28.6267223 ], [ 77.2154528, 28.6268539 ], [ 77.2153661, 28.6269024 ] ] } },
{ "type": "Feature", "properties": { "name": "Tolstoy Marg", "highway": "secondary", "slope_pct": 0.6 }, "geometry": { "type": "LineString", "coordinates": [ [ 77.2153661, 28.6269024 ], [ 77.2152956, 28.6269395 ] ] } },
{ "type": "Feature", "properties": { "name": "Arterial Link", "highway": "secondary_link", "slope_pct": 0.6 }, "geometry": { "type": "LineString", "coordinates": [ [ 77.219034, 28.6264434 ], [ 77.219272, 28.6265854 ] ] } },
{ "type": "Feature", "properties": { "name": "Arterial Link", "highway": "secondary_link", "slope_pct": 0.6 }, "geometry": { "type": "LineString", "coordinates": [ [ 77.216396, 28.6283808 ], [ 77.2163799, 28.6284897 ], [ 77.2163799, 28.628503 ], [ 77.216384, 28.6285162 ], [ 77.2163947, 28.6285312 ], [ 77.216569, 28.6287764 ], [ 77.2165845, 28.6287911 ], [ 77.2166039, 28.6287981 ], [ 77.2167229, 28.6288256 ] ] } },
{ "type": "Feature", "properties": { "name": "Arterial Link", "highway": "secondary_link", "slope_pct": 0.6 }, "geometry": { "type": "LineString", "coordinates": [ [ 77.2169405, 28.6288764 ], [ 77.2169185, 28.6287318 ], [ 77.2166664, 28.6283922 ], [ 77.2165741, 28.6283967 ] ] } },
{ "type": "Feature", "properties": { "name": "Janpath", "highway": "secondary", "slope_pct": 0.6 }, "geometry": { "type": "LineString", "coordinates": [ [ 77.2193691, 28.6265855 ], [ 77.2193638, 28.6264348 ] ] } },
{ "type": "Feature", "properties": { "name": "Janpath", "highway": "secondary", "slope_pct": 0.6 }, "geometry": { "type": "LineString", "coordinates": [ [ 77.2192551, 28.6264435 ], [ 77.219272, 28.6265854 ] ] } },
{ "type": "Feature", "properties": { "name": "Arterial Link", "highway": "secondary_link", "slope_pct": 0.6 }, "geometry": { "type": "LineString", "coordinates": [ [ 77.2193689, 28.6266548 ], [ 77.2194495, 28.6265762 ], [ 77.2195313, 28.6265015 ], [ 77.2196132, 28.6264269 ] ] } },
{ "type": "Feature", "properties": { "name": "Arterial Link", "highway": "residential", "slope_pct": 0.6 }, "geometry": { "type": "LineString", "coordinates": [ [ 77.2178041, 28.6284221 ], [ 77.2184091, 28.6283893 ] ] } },
{ "type": "Feature", "properties": { "name": "Arterial Link", "highway": "secondary_link", "slope_pct": 0.6 }, "geometry": { "type": "LineString", "coordinates": [ [ 77.2155913, 28.6271877 ], [ 77.2155751, 28.6270942 ], [ 77.2155854, 28.6270051 ], [ 77.2156143, 28.626949 ], [ 77.2156503, 28.6268926 ], [ 77.2156953, 28.6268283 ] ] } },
{ "type": "Feature", "properties": { "name": "Sansad Marg", "highway": "secondary", "slope_pct": 0.6 }, "geometry": { "type": "LineString", "coordinates": [ [ 77.216396, 28.6283808 ], [ 77.2167229, 28.6288256 ] ] } },
{ "type": "Feature", "properties": { "name": "Sansad Marg", "highway": "secondary", "slope_pct": 0.6 }, "geometry": { "type": "LineString", "coordinates": [ [ 77.2155756, 28.6272785 ], [ 77.215768, 28.6275177 ], [ 77.216396, 28.6283808 ] ] } },
{ "type": "Feature", "properties": { "name": "Jai Singh Road", "highway": "tertiary", "slope_pct": 0.6 }, "geometry": { "type": "LineString", "coordinates": [ [ 77.215061, 28.6271859 ], [ 77.2152839, 28.6270657 ], [ 77.2152911, 28.6270625 ], [ 77.2153592, 28.6270239 ] ] } },
{ "type": "Feature", "properties": { "name": "Arterial Link", "highway": "tertiary", "slope_pct": 0.6 }, "geometry": { "type": "LineString", "coordinates": [ [ 77.215061, 28.6271859 ], [ 77.2151602, 28.6271719 ], [ 77.2152206, 28.627166 ], [ 77.2152816, 28.6271666 ], [ 77.2153177, 28.6271718 ], [ 77.2153513, 28.6271813 ], [ 77.2154313, 28.6272153 ], [ 77.2155756, 28.6272785 ] ] } },
{ "type": "Feature", "properties": { "name": "Jai Singh Road", "highway": "tertiary", "slope_pct": 0.6 }, "geometry": { "type": "LineString", "coordinates": [ [ 77.2147019, 28.627188 ], [ 77.2147629, 28.6272169 ], [ 77.2148419, 28.6272315 ], [ 77.2149222, 28.6272319 ], [ 77.2150032, 28.6272154 ], [ 77.215061, 28.6271859 ] ] } },
{ "type": "Feature", "properties": { "name": "Jai Singh Road", "highway": "tertiary", "slope_pct": 0.6 }, "geometry": { "type": "LineString", "coordinates": [ [ 77.2152956, 28.6269395 ], [ 77.2152261, 28.6269806 ], [ 77.2151849, 28.6270043 ], [ 77.2150514, 28.6270749 ], [ 77.2149671, 28.6271195 ], [ 77.2148994, 28.6271378 ], [ 77.2148397, 28.6271519 ], [ 77.2147592, 28.6271719 ], [ 77.2147019, 28.627188 ] ] } },
{ "type": "Feature", "properties": { "name": "Tolstoy Marg", "highway": "secondary", "slope_pct": 0.6 }, "geometry": { "type": "LineString", "coordinates": [ [ 77.2153592, 28.6270239 ], [ 77.2154323, 28.6269871 ] ] } },
{ "type": "Feature", "properties": { "name": "Arterial Link", "highway": "tertiary", "slope_pct": 0.6 }, "geometry": { "type": "LineString", "coordinates": [ [ 77.2150807, 28.6266867 ], [ 77.2150886, 28.6268835 ], [ 77.2150895, 28.6269281 ], [ 77.2150514, 28.6270749 ] ] } },
{ "type": "Feature", "properties": { "name": "Arterial Link", "highway": "secondary", "slope_pct": 0.6 }, "geometry": { "type": "LineString", "coordinates": [ [ 77.2157201, 28.6266857 ], [ 77.215532, 28.6267358 ], [ 77.2154727, 28.6267429 ], [ 77.2154256, 28.626741 ], [ 77.2153886, 28.6267337 ], [ 77.2153243, 28.6267099 ], [ 77.2151697, 28.6266478 ] ] } },
{ "type": "Feature", "properties": { "name": "Sansad Marg", "highway": "secondary", "slope_pct": 0.6 }, "geometry": { "type": "LineString", "coordinates": [ [ 77.2169405, 28.6288764 ], [ 77.2165741, 28.6283967 ] ] } },
{ "type": "Feature", "properties": { "name": "Arterial Link", "highway": "residential", "slope_pct": 0.6 }, "geometry": { "type": "LineString", "coordinates": [ [ 77.2191234, 28.6289902 ], [ 77.2194243, 28.6289846 ] ] } },
{ "type": "Feature", "properties": { "name": "Arterial Link", "highway": "residential", "slope_pct": 0.6 }, "geometry": { "type": "LineString", "coordinates": [ [ 77.2228478, 28.6274252 ], [ 77.2230865, 28.6275262 ], [ 77.2236953, 28.6277839 ], [ 77.2237478, 28.6278061 ], [ 77.2238029, 28.6278294 ], [ 77.2240264, 28.6274559 ], [ 77.2242838, 28.6270258 ], [ 77.2243353, 28.6269423 ] ] } },
{ "type": "Feature", "properties": { "name": "Arterial Link", "highway": "residential", "slope_pct": 0.6 }, "geometry": { "type": "LineString", "coordinates": [ [ 77.2076482, 28.6325042 ], [ 77.2076957, 28.633106 ], [ 77.2077197, 28.6335941 ] ] } },
{ "type": "Feature", "properties": { "name": "Arterial Link", "highway": "residential", "slope_pct": 0.6 }, "geometry": { "type": "LineString", "coordinates": [ [ 77.2073247, 28.6325141 ], [ 77.2073803, 28.6331311 ], [ 77.2074085, 28.6336164 ] ] } },
{ "type": "Feature", "properties": { "name": "Arterial Link", "highway": "residential", "slope_pct": 0.6 }, "geometry": { "type": "LineString", "coordinates": [ [ 77.2071026, 28.6336384 ], [ 77.207063, 28.6331596 ], [ 77.2070108, 28.632526 ] ] } },
{ "type": "Feature", "properties": { "name": "Arterial Link", "highway": "residential", "slope_pct": 0.6 }, "geometry": { "type": "LineString", "coordinates": [ [ 77.2075157, 28.6354641 ], [ 77.2071298, 28.6349166 ], [ 77.2066733, 28.6343052 ] ] } },
{ "type": "Feature", "properties": { "name": "Arterial Link", "highway": "residential", "slope_pct": 0.6 }, "geometry": { "type": "LineString", "coordinates": [ [ 77.2072272, 28.635851 ], [ 77.2071183, 28.6356648 ] ] } },
{ "type": "Feature", "properties": { "name": "Arterial Link", "highway": "residential", "slope_pct": 0.6 }, "geometry": { "type": "LineString", "coordinates": [ [ 77.2085003, 28.6324712 ], [ 77.209005, 28.6324316 ], [ 77.2092478, 28.6324154 ], [ 77.210326, 28.6323433 ], [ 77.2111775, 28.632285 ], [ 77.2112144, 28.6322825 ], [ 77.2116394, 28.6322534 ], [ 77.211866, 28.6322379 ], [ 77.2121318, 28.6322273 ], [ 77.2122221, 28.6322487 ], [ 77.2122909, 28.6323324 ], [ 77.2123614, 28.6324029 ], [ 77.2123913, 28.6324366 ], [ 77.2125192, 28.6325808 ], [ 77.2126325, 28.6327235 ], [ 77.2126994, 28.6327368 ], [ 77.2127179, 28.6327399 ], [ 77.2127513, 28.6327454 ], [ 77.212823, 28.6327368 ] ] } },
{ "type": "Feature", "properties": { "name": "Arya School Lane", "highway": "residential", "slope_pct": 0.6 }, "geometry": { "type": "LineString", "coordinates": [ [ 77.2129482, 28.6305163 ], [ 77.2124424, 28.6302867 ], [ 77.2114963, 28.6298604 ] ] } },
{ "type": "Feature", "properties": { "name": "Doctor Lane", "highway": "residential", "slope_pct": 0.6 }, "geometry": { "type": "LineString", "coordinates": [ [ 77.2082242, 28.6342085 ], [ 77.2084605, 28.634587 ] ] } },
{ "type": "Feature", "properties": { "name": "Bangla Sahib Lane", "highway": "residential", "slope_pct": 0.6 }, "geometry": { "type": "LineString", "coordinates": [ [ 77.210326, 28.6323433 ], [ 77.2102943, 28.6319777 ], [ 77.2102047, 28.6309433 ], [ 77.2101355, 28.6300373 ], [ 77.2101135, 28.6299795 ], [ 77.2100687, 28.6299488 ], [ 77.2098072, 28.6298502 ] ] } },
{ "type": "Feature", "properties": { "name": "Arterial Link", "highway": "residential", "slope_pct": 0.6 }, "geometry": { "type": "LineString", "coordinates": [ [ 77.2114963, 28.6298604 ], [ 77.2114389, 28.6299742 ], [ 77.2112006, 28.6303714 ], [ 77.2111536, 28.6304466 ], [ 77.2109136, 28.6308305 ], [ 77.2108469, 28.6308988 ], [ 77.2107364, 28.630931 ], [ 77.2102047, 28.6309433 ] ] } },
{ "type": "Feature", "properties": { "name": "Arterial Link", "highway": "residential", "slope_pct": 0.6 }, "geometry": { "type": "LineString", "coordinates": [ [ 77.2090213, 28.6327294 ], [ 77.2090528, 28.6327272 ], [ 77.2090929, 28.6327244 ], [ 77.209517, 28.632695 ], [ 77.2098727, 28.6326704 ], [ 77.2102645, 28.6326432 ] ] } },
{ "type": "Feature", "properties": { "name": "Arterial Link", "highway": "residential", "slope_pct": 0.6 }, "geometry": { "type": "LineString", "coordinates": [ [ 77.209005, 28.6324316 ], [ 77.2090213, 28.6327294 ], [ 77.209032, 28.6329263 ], [ 77.2090734, 28.6333808 ], [ 77.2090799, 28.6334518 ] ] } },
{ "type": "Feature", "properties": { "name": "Arterial Link", "highway": "residential", "slope_pct": 0.6 }, "geometry": { "type": "LineString", "coordinates": [ [ 77.2092478, 28.6324154 ], [ 77.2091668, 28.6311782 ], [ 77.2091457, 28.6308559 ], [ 77.2090906, 28.6300133 ], [ 77.2090894, 28.6299955 ], [ 77.2090837, 28.6299083 ] ] } },
{ "type": "Feature", "properties": { "name": "Arterial Link", "highway": "residential", "slope_pct": 0.6 }, "geometry": { "type": "LineString", "coordinates": [ [ 77.2096294, 28.6349125 ], [ 77.2093927, 28.6350428 ], [ 77.2092336, 28.6351305 ], [ 77.2092269, 28.6352017 ], [ 77.2094753, 28.6355564 ], [ 77.2097221, 28.6354414 ], [ 77.2099327, 28.6353236 ] ] } },
{ "type": "Feature", "properties": { "name": "Arterial Link", "highway": "residential", "slope_pct": 0.6 }, "geometry": { "type": "LineString", "coordinates": [ [ 77.212541, 28.6316806 ], [ 77.2126321, 28.6317034 ], [ 77.212723, 28.6317142 ], [ 77.2128108, 28.6317142 ], [ 77.2131636, 28.6316817 ] ] } },
{ "type": "Feature", "properties": { "name": "Arterial Link", "highway": "residential", "slope_pct": 0.6 }, "geometry": { "type": "LineString", "coordinates": [ [ 77.2132927, 28.6321715 ], [ 77.2136004, 28.6315753 ], [ 77.213636, 28.6314809 ], [ 77.2136439, 28.631386 ], [ 77.2136161, 28.6312962 ], [ 77.2133095, 28.630675 ] ] } },
{ "type": "Feature", "properties": { "name": "Arterial Link", "highway": "residential", "slope_pct": 0.6 }, "geometry": { "type": "LineString", "coordinates": [ [ 77.2116394, 28.6322534 ], [ 77.211636, 28.6322109 ], [ 77.2116176, 28.6319796 ], [ 77.2116045, 28.631944 ], [ 77.2115747, 28.6319231 ], [ 77.2115316, 28.6319118 ], [ 77.2111919, 28.6319299 ], [ 77.2110378, 28.6319381 ], [ 77.2103392, 28.6319753 ], [ 77.2102943, 28.6319777 ] ] } },
{ "type": "Feature", "properties": { "name": "Arterial Link", "highway": "residential", "slope_pct": 0.6 }, "geometry": { "type": "LineString", "coordinates": [ [ 77.2143196, 28.6311235 ], [ 77.2140292, 28.6316107 ] ] } },
{ "type": "Feature", "properties": { "name": "Arterial Link", "highway": "residential", "slope_pct": 0.6 }, "geometry": { "type": "LineString", "coordinates": [ [ 77.2091668, 28.6311782 ], [ 77.2089507, 28.631189 ], [ 77.2089053, 28.6312352 ], [ 77.2088437, 28.6312596 ], [ 77.2084674, 28.6312523 ], [ 77.2084095, 28.6303788 ], [ 77.208851, 28.6303541 ], [ 77.2088791, 28.6308177 ], [ 77.2089301, 28.6308693 ], [ 77.2089383, 28.6308688 ], [ 77.2091457, 28.6308559 ] ] } },
{ "type": "Feature", "properties": { "name": "Arterial Link", "highway": "residential", "slope_pct": 0.6 }, "geometry": { "type": "LineString", "coordinates": [ [ 77.2089507, 28.631189 ], [ 77.2089441, 28.6310194 ], [ 77.2089383, 28.6308688 ] ] } },
{ "type": "Feature", "properties": { "name": "Arterial Link", "highway": "residential", "slope_pct": 0.6 }, "geometry": { "type": "LineString", "coordinates": [ [ 77.2089441, 28.6310194 ], [ 77.2085957, 28.6310432 ] ] } },
{ "type": "Feature", "properties": { "name": "Arterial Link", "highway": "residential", "slope_pct": 0.6 }, "geometry": { "type": "LineString", "coordinates": [ [ 77.2088791, 28.6308177 ], [ 77.2084856, 28.630831 ] ] } },
{ "type": "Feature", "properties": { "name": "Arterial Link", "highway": "residential", "slope_pct": 0.6 }, "geometry": { "type": "LineString", "coordinates": [ [ 77.208851, 28.6303541 ], [ 77.2088326, 28.6300221 ], [ 77.2089947, 28.6299986 ], [ 77.2090894, 28.6299955 ] ] } },
{ "type": "Feature", "properties": { "name": "Arterial Link", "highway": "residential", "slope_pct": 0.6 }, "geometry": { "type": "LineString", "coordinates": [ [ 77.2101135, 28.6299795 ], [ 77.2111536, 28.6304466 ] ] } },
{ "type": "Feature", "properties": { "name": "Arterial Link", "highway": "residential", "slope_pct": 0.6 }, "geometry": { "type": "LineString", "coordinates": [ [ 77.2140058, 28.6309842 ], [ 77.2141811, 28.6307057 ] ] } },
{ "type": "Feature", "properties": { "name": "Arterial Link", "highway": "residential", "slope_pct": 0.6 }, "geometry": { "type": "LineString", "coordinates": [ [ 77.2096031, 28.6334335 ], [ 77.2095979, 28.6333415 ], [ 77.2095954, 28.6332976 ], [ 77.2095825, 28.632975 ], [ 77.2095799, 28.6329525 ], [ 77.2095727, 28.632937 ], [ 77.2095439, 28.6329006 ], [ 77.2095336, 28.6328882 ], [ 77.2095294, 28.6328726 ], [ 77.209517, 28.632695 ] ] } },
{ "type": "Feature", "properties": { "name": "Arterial Link", "highway": "residential", "slope_pct": 0.6 }, "geometry": { "type": "LineString", "coordinates": [ [ 77.2093927, 28.6350428 ], [ 77.2093416, 28.6349561 ], [ 77.2092452, 28.6349532 ], [ 77.2091742, 28.6348591 ] ] } },
{ "type": "Feature", "properties": { "name": "Arterial Link", "highway": "residential", "slope_pct": 0.6 }, "geometry": { "type": "LineString", "coordinates": [ [ 77.2112144, 28.6322825 ], [ 77.2112119, 28.632243 ], [ 77.2111919, 28.6319299 ] ] } },
{ "type": "Feature", "properties": { "name": "Arterial Link", "highway": "residential", "slope_pct": 0.6 }, "geometry": { "type": "LineString", "coordinates": [ [ 77.2110378, 28.6319381 ], [ 77.2110229, 28.6316591 ] ] } },
{ "type": "Feature", "properties": { "name": "Arterial Link", "highway": "residential", "slope_pct": 0.6 }, "geometry": { "type": "LineString", "coordinates": [ [ 77.2098818, 28.6334156 ], [ 77.20988, 28.6333253 ], [ 77.2098786, 28.6332679 ], [ 77.2098727, 28.6326704 ] ] } },
{ "type": "Feature", "properties": { "name": "Bangla Sahib Road", "highway": "tertiary", "slope_pct": 0.6 }, "geometry": { "type": "LineString", "coordinates": [ [ 77.2085801, 28.6335138 ], [ 77.2085003, 28.6324712 ] ] } },
{ "type": "Feature", "properties": { "name": "Bangla Sahib Road", "highway": "tertiary", "slope_pct": 0.6 }, "geometry": { "type": "LineString", "coordinates": [ [ 77.2084952, 28.6335228 ], [ 77.2086109, 28.6336032 ], [ 77.2085863, 28.6335325 ], [ 77.2085801, 28.6335138 ] ] } },
{ "type": "Feature", "properties": { "name": "Raja Bazar Road", "highway": "residential", "slope_pct": 0.6 }, "geometry": { "type": "LineString", "coordinates": [ [ 77.2122221, 28.6322487 ], [ 77.2123494, 28.6320131 ], [ 77.212541, 28.6316806 ], [ 77.2125564, 28.6315856 ], [ 77.2125462, 28.6314802 ], [ 77.2125147, 28.631358 ], [ 77.2125133, 28.63127 ], [ 77.2125431, 28.631186 ], [ 77.2129482, 28.6305163 ] ] } },
{ "type": "Feature", "properties": { "name": "Bangla Sahib Road", "highway": "tertiary", "slope_pct": 0.6 }, "geometry": { "type": "LineString", "coordinates": [ [ 77.2116232, 28.6376045 ], [ 77.2115075, 28.6374535 ], [ 77.211442, 28.637364 ], [ 77.2111703, 28.6369928 ], [ 77.2107627, 28.6364401 ], [ 77.210526, 28.6361181 ], [ 77.2099327, 28.6353236 ], [ 77.2096568, 28.6349485 ], [ 77.2096294, 28.6349125 ], [ 77.2093151, 28.6344946 ], [ 77.2092274, 28.6343804 ], [ 77.209065, 28.6341492 ], [ 77.2088301, 28.6338319 ], [ 77.2086109, 28.6336032 ] ] } },
{ "type": "Feature", "properties": { "name": "Basant Road", "highway": "residential", "slope_pct": 0.6 }, "geometry": { "type": "LineString", "coordinates": [ [ 77.2170228, 28.6403487 ], [ 77.2167311, 28.6399883 ], [ 77.2165379, 28.6397497 ], [ 77.216243, 28.6393854 ], [ 77.2160105, 28.6390935 ], [ 77.2155295, 28.638486 ], [ 77.215087, 28.6378947 ], [ 77.2149349, 28.6376914 ], [ 77.2147056, 28.6373862 ], [ 77.2140997, 28.6364741 ] ] } },
{ "type": "Feature", "properties": { "name": "Arya Nagar Road;Sang Trashan Marg", "highway": "residential", "slope_pct": 0.6 }, "geometry": { "type": "LineString", "coordinates": [ [ 77.2127098, 28.6410398 ], [ 77.2127392, 28.6413992 ], [ 77.2127425, 28.6415405 ], [ 77.2127221, 28.6417065 ], [ 77.2126884, 28.6420278 ], [ 77.2126596, 28.6423054 ], [ 77.2126419, 28.6424831 ], [ 77.2126363, 28.6425784 ], [ 77.2125822, 28.6429663 ], [ 77.2125208, 28.6432264 ], [ 77.2123954, 28.6436371 ], [ 77.2123856, 28.6436962 ], [ 77.2123467, 28.6438333 ], [ 77.2124001, 28.6440508 ], [ 77.2124303, 28.6442542 ], [ 77.2124486, 28.6444579 ], [ 77.2125024, 28.6446832 ], [ 77.2125531, 28.6449207 ], [ 77.2126245, 28.6451895 ] ] } },
{ "type": "Feature", "properties": { "name": "Rajguru Marg", "highway": "residential", "slope_pct": 0.6 }, "geometry": { "type": "LineString", "coordinates": [ [ 77.2107854, 28.640635 ], [ 77.2106816, 28.6409907 ], [ 77.2104986, 28.6418596 ], [ 77.2104218, 28.6422565 ], [ 77.210403, 28.6424026 ], [ 77.21042, 28.6425796 ], [ 77.2104566, 28.6427229 ], [ 77.2104772, 28.6428032 ], [ 77.210536, 28.6430208 ], [ 77.2105766, 28.6432229 ], [ 77.2106154, 28.6434358 ], [ 77.2106573, 28.6436553 ], [ 77.2107027, 28.643877 ], [ 77.2107446, 28.6440925 ], [ 77.2107842, 28.6442955 ], [ 77.2108324, 28.6445211 ], [ 77.2108782, 28.6447271 ], [ 77.2109271, 28.6449455 ], [ 77.210977, 28.6451683 ], [ 77.2110464, 28.6454785 ] ] } },
{ "type": "Feature", "properties": { "name": "Arterial Link", "highway": "residential", "slope_pct": 0.6 }, "geometry": { "type": "LineString", "coordinates": [ [ 77.2087776, 28.6406969 ], [ 77.2089442, 28.6413694 ], [ 77.2091289, 28.6422156 ], [ 77.2092089, 28.6425823 ], [ 77.2093361, 28.642996 ], [ 77.2093885, 28.6432217 ], [ 77.2094383, 28.6434366 ], [ 77.2094869, 28.6436456 ], [ 77.2095233, 28.6438381 ] ] } },
{ "type": "Feature", "properties": { "name": "Arterial Link", "highway": "residential", "slope_pct": 0.6 }, "geometry": { "type": "LineString", "coordinates": [ [ 77.2125822, 28.6429663 ], [ 77.2129227, 28.6429772 ], [ 77.2131173, 28.6429904 ], [ 77.2132686, 28.6429932 ], [ 77.2133411, 28.6429868 ], [ 77.2133889, 28.6429826 ], [ 77.2135025, 28.6429607 ], [ 77.2136535, 28.6429013 ], [ 77.2137859, 28.6428174 ], [ 77.2139153, 28.6427323 ], [ 77.2140648, 28.6426687 ], [ 77.2142504, 28.6426095 ], [ 77.2142862, 28.6425826 ], [ 77.2142912, 28.6425422 ], [ 77.2142648, 28.6424283 ], [ 77.2142671, 28.6423323 ], [ 77.2142903, 28.6422548 ], [ 77.2145104, 28.642247 ], [ 77.2146255, 28.6422435 ], [ 77.2147622, 28.6422289 ], [ 77.2149185, 28.6422009 ], [ 77.2152628, 28.6421431 ], [ 77.21551, 28.6421077 ], [ 77.2159896, 28.6420329 ], [ 77.2165368, 28.6419743 ], [ 77.2168591, 28.6419656 ], [ 77.2170233, 28.6419662 ], [ 77.2171617, 28.6419864 ], [ 77.2173384, 28.6420414 ], [ 77.2179478, 28.642295 ] ] } },
{ "type": "Feature", "properties": { "name": "Arterial Link", "highway": "residential", "slope_pct": 0.6 }, "geometry": { "type": "LineString", "coordinates": [ [ 77.2157564, 28.6404267 ], [ 77.215513, 28.6404448 ], [ 77.215304, 28.6404399 ], [ 77.215013, 28.6404098 ], [ 77.2150106, 28.6403732 ], [ 77.215019, 28.6401852 ], [ 77.2149871, 28.6401457 ], [ 77.2149362, 28.6401011 ], [ 77.2146666, 28.6399442 ], [ 77.2144196, 28.6398123 ], [ 77.2142069, 28.6397133 ], [ 77.2139662, 28.639656 ], [ 77.2138802, 28.6396386 ], [ 77.2134884, 28.6395868 ], [ 77.2131038, 28.6395647 ] ] } },
{ "type": "Feature", "properties": { "name": "Ramakrishna Ashram Marg", "highway": "tertiary", "slope_pct": 0.6 }, "geometry": { "type": "LineString", "coordinates": [ [ 77.2080356, 28.6396588 ], [ 77.2079346, 28.6395114 ], [ 77.2078904, 28.6394404 ], [ 77.2078265, 28.6393612 ], [ 77.2077869, 28.639283 ], [ 77.2077432, 28.6392071 ], [ 77.2077037, 28.6391124 ], [ 77.2076963, 28.6390264 ], [ 77.2077097, 28.6389329 ], [ 77.2078845, 28.6384696 ], [ 77.2078918, 28.6383928 ], [ 77.2078938, 28.6382983 ], [ 77.2078621, 28.6381692 ], [ 77.2076585, 28.6378871 ], [ 77.2075275, 28.6377056 ], [ 77.2070615, 28.6370637 ], [ 77.2065094, 28.6362961 ], [ 77.2062588, 28.6359477 ], [ 77.2058015, 28.6353721 ], [ 77.2056914, 28.6351277 ], [ 77.2056248, 28.634748 ], [ 77.2055854, 28.6343064 ], [ 77.2056001, 28.6341805 ], [ 77.2056365, 28.6339965 ] ] } },
{ "type": "Feature", "properties": { "name": "Jain Mandir Marg", "highway": "residential", "slope_pct": 0.6 }, "geometry": { "type": "LineString", "coordinates": [ [ 77.2156013, 28.6320191 ], [ 77.2154844, 28.6320315 ], [ 77.2146322, 28.63207 ], [ 77.2141041, 28.6321031 ], [ 77.2136103, 28.6321402 ], [ 77.2132927, 28.6321715 ], [ 77.2131763, 28.6322203 ], [ 77.2130758, 28.6323071 ], [ 77.2129828, 28.6324485 ], [ 77.2129494, 28.6324993 ], [ 77.212823, 28.6327368 ], [ 77.2127584, 28.6328452 ], [ 77.2127254, 28.6329552 ], [ 77.2127246, 28.6330544 ], [ 77.2127429, 28.6331686 ], [ 77.2127579, 28.6332621 ] ] } },
{ "type": "Feature", "properties": { "name": "Arterial Link", "highway": "residential", "slope_pct": 0.6 }, "geometry": { "type": "LineString", "coordinates": [ [ 77.2084735, 28.6410574 ], [ 77.2079248, 28.6413567 ], [ 77.2076603, 28.641501 ], [ 77.2075875, 28.6415407 ], [ 77.2073303, 28.641681 ], [ 77.2070623, 28.6418272 ], [ 77.2068568, 28.6419393 ], [ 77.2067422, 28.6420076 ], [ 77.2061518, 28.6423239 ] ] } },
{ "type": "Feature", "properties": { "name": "Panchkuian Road", "highway": "secondary", "slope_pct": 0.6 }, "geometry": { "type": "LineString", "coordinates": [ [ 77.2088992, 28.639169 ], [ 77.2098386, 28.638627 ], [ 77.2109513, 28.6379895 ], [ 77.2114376, 28.6377108 ], [ 77.2115246, 28.637661 ], [ 77.2116232, 28.6376045 ], [ 77.2117214, 28.6375484 ], [ 77.2137395, 28.6363948 ], [ 77.2138972, 28.6363046 ], [ 77.2142417, 28.636105 ], [ 77.2170018, 28.6345059 ], [ 77.2170779, 28.6344607 ], [ 77.2171312, 28.6344291 ] ] } },
{ "type": "Feature", "properties": { "name": "Ramakrishna Ashram Marg", "highway": "tertiary", "slope_pct": 0.6 }, "geometry": { "type": "LineString", "coordinates": [ [ 77.2054873, 28.6339823 ], [ 77.2054741, 28.634257 ], [ 77.2054739, 28.6347032 ], [ 77.2054739, 28.6347419 ], [ 77.2055306, 28.6351111 ], [ 77.2056157, 28.6353643 ], [ 77.2059365, 28.6357911 ], [ 77.2063255, 28.6363087 ], [ 77.2069434, 28.6371307 ], [ 77.2073365, 28.6377302 ], [ 77.207697, 28.6382118 ], [ 77.2077489, 28.6383445 ], [ 77.2077613, 28.6384676 ], [ 77.2075864, 28.6389958 ], [ 77.2075766, 28.639094 ], [ 77.2075884, 28.6391991 ], [ 77.2076259, 28.6392814 ] ] } },
{ "type": "Feature", "properties": { "name": "Arterial Link", "highway": "residential", "slope_pct": 0.6 }, "geometry": { "type": "LineString", "coordinates": [ [ 77.2113023, 28.6411049 ], [ 77.2109042, 28.642833 ] ] } },
{ "type": "Feature", "properties": { "name": "Arterial Link", "highway": "residential", "slope_pct": 0.6 }, "geometry": { "type": "LineString", "coordinates": [ [ 77.2097497, 28.6408206 ], [ 77.2096399, 28.6414636 ], [ 77.2093697, 28.6425984 ] ] } },
{ "type": "Feature", "properties": { "name": "Arterial Link", "highway": "residential", "slope_pct": 0.6 }, "geometry": { "type": "LineString", "coordinates": [ [ 77.2101863, 28.6409149 ], [ 77.2098256, 28.6426672 ] ] } },
{ "type": "Feature", "properties": { "name": "Panchkuian Road", "highway": "secondary", "slope_pct": 0.6 }, "geometry": { "type": "LineString", "coordinates": [ [ 77.2170406, 28.6343031 ], [ 77.2168596, 28.634322 ], [ 77.2158058, 28.6349454 ], [ 77.2145241, 28.6356958 ], [ 77.2144632, 28.6357313 ], [ 77.2116287, 28.6373829 ], [ 77.2116086, 28.6373946 ], [ 77.2115075, 28.6374535 ], [ 77.2113219, 28.6375602 ], [ 77.2086072, 28.6391215 ], [ 77.2082904, 28.6393037 ], [ 77.2079346, 28.6395114 ], [ 77.20782, 28.6395687 ], [ 77.2076279, 28.6397089 ] ] } },
{ "type": "Feature", "properties": { "name": "Doctor Lane", "highway": "residential", "slope_pct": 0.6 }, "geometry": { "type": "LineString", "coordinates": [ [ 77.2088301, 28.6338319 ], [ 77.2082242, 28.6342085 ], [ 77.2066733, 28.6343052 ], [ 77.2062512, 28.634336 ], [ 77.2059622, 28.6343571 ], [ 77.2059056, 28.6343709 ] ] } },
{ "type": "Feature", "properties": { "name": "Main Bazar Road", "highway": "tertiary", "slope_pct": 0.6 }, "geometry": { "type": "LineString", "coordinates": [ [ 77.2184547, 28.6418752 ], [ 77.2182268, 28.6418392 ], [ 77.2181178, 28.6418203 ], [ 77.21661, 28.6415745 ], [ 77.2162558, 28.6415219 ], [ 77.2157907, 28.6414496 ], [ 77.2157339, 28.6414373 ], [ 77.2155636, 28.641404 ], [ 77.2153277, 28.6413673 ], [ 77.2151812, 28.6413435 ], [ 77.2151093, 28.6413328 ], [ 77.2147921, 28.6412837 ], [ 77.2142663, 28.6411861 ], [ 77.2137121, 28.6411016 ], [ 77.2136769, 28.6410963 ], [ 77.2134834, 28.6410775 ], [ 77.2132657, 28.6410851 ], [ 77.2131911, 28.6410854 ], [ 77.212903, 28.6410705 ], [ 77.2127098, 28.6410398 ], [ 77.2124938, 28.6409572 ], [ 77.2123593, 28.640924 ], [ 77.2120076, 28.6408235 ], [ 77.2119315, 28.6408085 ], [ 77.2116673, 28.6407563 ], [ 77.2107854, 28.640635 ], [ 77.2105423, 28.6406012 ], [ 77.2098797, 28.6404972 ], [ 77.209791, 28.6404831 ], [ 77.209372, 28.6404143 ], [ 77.2092599, 28.6403957 ], [ 77.2084071, 28.6404094 ] ] } },
{ "type": "Feature", "properties": { "name": "Arterial Link", "highway": "residential", "slope_pct": 0.6 }, "geometry": { "type": "LineString", "coordinates": [ [ 77.2065782, 28.642943 ], [ 77.2069493, 28.6427358 ], [ 77.2071198, 28.6426406 ], [ 77.2072877, 28.6425469 ], [ 77.2075062, 28.6424249 ], [ 77.2079829, 28.6421587 ], [ 77.2086471, 28.6417877 ] ] } },
{ "type": "Feature", "properties": { "name": "Doctor Lane", "highway": "residential", "slope_pct": 0.6 }, "geometry": { "type": "LineString", "coordinates": [ [ 77.2084605, 28.634587 ], [ 77.2084816, 28.6346513 ], [ 77.2084905, 28.6348343 ], [ 77.2084795, 28.6348785 ], [ 77.2084451, 28.63492 ], [ 77.2080681, 28.6351459 ], [ 77.2075157, 28.6354641 ], [ 77.2072081, 28.6356412 ], [ 77.2071639, 28.6356595 ], [ 77.2071183, 28.6356648 ], [ 77.2069714, 28.6356483 ], [ 77.2068071, 28.6356389 ] ] } },
{ "type": "Feature", "properties": { "name": "Arterial Link", "highway": "residential", "slope_pct": 0.6 }, "geometry": { "type": "LineString", "coordinates": [ [ 77.2105801, 28.637301 ], [ 77.2105193, 28.637255 ], [ 77.2102754, 28.636926 ], [ 77.2100388, 28.6366428 ], [ 77.2096247, 28.6361453 ], [ 77.2092578, 28.6357011 ], [ 77.2091398, 28.6355612 ], [ 77.2087254, 28.6349955 ], [ 77.2088741, 28.6348511 ], [ 77.2087868, 28.6346354 ], [ 77.2092274, 28.6343804 ] ] } },
{ "type": "Feature", "properties": { "name": "Arterial Link", "highway": "residential", "slope_pct": 0.6 }, "geometry": { "type": "LineString", "coordinates": [ [ 77.2069434, 28.6371307 ], [ 77.2070615, 28.6370637 ], [ 77.207623, 28.6367488 ], [ 77.2080881, 28.6364879 ] ] } },
{ "type": "Feature", "properties": { "name": "Arterial Link", "highway": "residential", "slope_pct": 0.6 }, "geometry": { "type": "LineString", "coordinates": [ [ 77.2075275, 28.6377056 ], [ 77.208086, 28.6373797 ], [ 77.2086205, 28.6370945 ] ] } },
{ "type": "Feature", "properties": { "name": "Panchkuian Road", "highway": "secondary", "slope_pct": 0.6 }, "geometry": { "type": "LineString", "coordinates": [ [ 77.2079363, 28.6397138 ], [ 77.2080356, 28.6396588 ], [ 77.2082355, 28.6395452 ] ] } },
{ "type": "Feature", "properties": { "name": "Shaheed Bhagat Singh Marg", "highway": "tertiary", "slope_pct": 0.6 }, "geometry": { "type": "LineString", "coordinates": [ [ 77.215682, 28.6330539 ], [ 77.2153832, 28.6330752 ], [ 77.2147323, 28.6331222 ], [ 77.2145354, 28.6331356 ], [ 77.2140507, 28.6331701 ], [ 77.2127579, 28.6332621 ], [ 77.2106486, 28.633376 ], [ 77.2098818, 28.6334156 ], [ 77.2096031, 28.6334335 ], [ 77.2090799, 28.6334518 ], [ 77.2086517, 28.6335117 ], [ 77.2085801, 28.6335138 ] ] } },
{ "type": "Feature", "properties": { "name": "Arya School Lane", "highway": "residential", "slope_pct": 0.6 }, "geometry": { "type": "LineString", "coordinates": [ [ 77.2129482, 28.6305163 ], [ 77.2133095, 28.630675 ], [ 77.2137867, 28.6308869 ], [ 77.2140058, 28.6309842 ], [ 77.2143196, 28.6311235 ], [ 77.2158251, 28.6317918 ] ] } },
{ "type": "Feature", "properties": { "name": "Arterial Link", "highway": "residential", "slope_pct": 0.6 }, "geometry": { "type": "LineString", "coordinates": [ [ 77.207063, 28.6331596 ], [ 77.2072099, 28.6331445 ], [ 77.2073803, 28.6331311 ], [ 77.2075322, 28.6331178 ], [ 77.2076957, 28.633106 ], [ 77.2078394, 28.6331024 ], [ 77.2080004, 28.6330929 ] ] } },
{ "type": "Feature", "properties": { "name": "Arterial Link", "highway": "residential", "slope_pct": 0.6 }, "geometry": { "type": "LineString", "coordinates": [ [ 77.2079602, 28.63249 ], [ 77.2080004, 28.6330929 ], [ 77.2080323, 28.6335717 ] ] } },
{ "type": "Feature", "properties": { "name": "Arterial Link", "highway": "residential", "slope_pct": 0.6 }, "geometry": { "type": "LineString", "coordinates": [ [ 77.2138802, 28.6396386 ], [ 77.2140201, 28.6393028 ], [ 77.2140413, 28.6392709 ], [ 77.2140705, 28.6392523 ], [ 77.2141172, 28.6392508 ], [ 77.2149811, 28.6394324 ], [ 77.2150635, 28.6394315 ] ] } },
{ "type": "Feature", "properties": { "name": "Arterial Link", "highway": "residential", "slope_pct": 0.6 }, "geometry": { "type": "LineString", "coordinates": [ [ 77.2143423, 28.6403224 ], [ 77.2143939, 28.6403159 ], [ 77.2145546, 28.6403319 ], [ 77.2147639, 28.6403635 ], [ 77.215013, 28.6404098 ] ] } },
{ "type": "Feature", "properties": { "name": "Arterial Link", "highway": "residential", "slope_pct": 0.6 }, "geometry": { "type": "LineString", "coordinates": [ [ 77.2091398, 28.6355612 ], [ 77.2089286, 28.6356709 ], [ 77.2080883, 28.636107 ] ] } },
{ "type": "Feature", "properties": { "name": "Chitragupta Road", "highway": "tertiary", "slope_pct": 0.6 }, "geometry": { "type": "LineString", "coordinates": [ [ 77.2096952, 28.6457241 ], [ 77.2096078, 28.6454248 ], [ 77.2094821, 28.6449409 ], [ 77.2093432, 28.6443873 ], [ 77.209238, 28.643899 ], [ 77.2090304, 28.6431038 ], [ 77.2089354, 28.6426464 ], [ 77.2087374, 28.6417716 ], [ 77.2085635, 28.6410402 ], [ 77.2084899, 28.6406968 ], [ 77.2084071, 28.6404094 ] ] } },
{ "type": "Feature", "properties": { "name": "Arterial Link", "highway": "residential", "slope_pct": 0.6 }, "geometry": { "type": "LineString", "coordinates": [ [ 77.2073288, 28.6372185 ], [ 77.2077826, 28.6369663 ], [ 77.2082606, 28.6366827 ], [ 77.2082984, 28.6366812 ], [ 77.2083132, 28.6366824 ], [ 77.208329, 28.6366903 ], [ 77.2085264, 28.6369478 ], [ 77.2086205, 28.6370945 ], [ 77.2091991, 28.637837 ] ] } },
{ "type": "Feature", "properties": { "name": "Arterial Link", "highway": "residential", "slope_pct": 0.6 }, "geometry": { "type": "LineString", "coordinates": [ [ 77.2080681, 28.6351459 ], [ 77.2077222, 28.6346676 ], [ 77.2077003, 28.6346587 ], [ 77.2076748, 28.6346619 ], [ 77.2071298, 28.6349166 ] ] } },
{ "type": "Feature", "properties": { "name": "Arterial Link", "highway": "residential", "slope_pct": 0.6 }, "geometry": { "type": "LineString", "coordinates": [ [ 77.2078338, 28.6379995 ], [ 77.208085, 28.6378614 ], [ 77.2083368, 28.6377281 ] ] } },
{ "type": "Feature", "properties": { "name": "Arterial Link", "highway": "residential", "slope_pct": 0.6 }, "geometry": { "type": "LineString", "coordinates": [ [ 77.2076585, 28.6378871 ], [ 77.2079785, 28.6376973 ], [ 77.2082157, 28.6375567 ] ] } },
{ "type": "Feature", "properties": { "name": "Arterial Link", "highway": "residential", "slope_pct": 0.6 }, "geometry": { "type": "LineString", "coordinates": [ [ 77.2079829, 28.6421587 ], [ 77.2075875, 28.6415407 ] ] } },
{ "type": "Feature", "properties": { "name": "Arterial Link", "highway": "tertiary_link", "slope_pct": 0.6 }, "geometry": { "type": "LineString", "coordinates": [ [ 77.2076823, 28.6398541 ], [ 77.2077596, 28.6398444 ], [ 77.2079445, 28.6398333 ], [ 77.2079965, 28.6398477 ], [ 77.2080662, 28.6398859 ] ] } },
{ "type": "Feature", "properties": { "name": "Arterial Link", "highway": "residential", "slope_pct": 0.6 }, "geometry": { "type": "LineString", "coordinates": [ [ 77.2072877, 28.6425469 ], [ 77.2072407, 28.6424807 ], [ 77.2071182, 28.6423099 ], [ 77.2068875, 28.6419826 ], [ 77.2068568, 28.6419393 ] ] } },
{ "type": "Feature", "properties": { "name": "Baird Lane", "highway": "residential", "slope_pct": 0.6 }, "geometry": { "type": "LineString", "coordinates": [ [ 77.2055004, 28.6326289 ], [ 77.2061098, 28.6326 ], [ 77.2068342, 28.6325352 ], [ 77.2068833, 28.6325357 ], [ 77.2070108, 28.632526 ], [ 77.2071608, 28.6325197 ], [ 77.2073247, 28.6325141 ], [ 77.2074935, 28.6325078 ], [ 77.2076482, 28.6325042 ], [ 77.2078147, 28.6324992 ], [ 77.2079602, 28.63249 ], [ 77.2084196, 28.632474 ], [ 77.2085003, 28.6324712 ] ] } },
{ "type": "Feature", "properties": { "name": "Arterial Link", "highway": "residential", "slope_pct": 0.6 }, "geometry": { "type": "LineString", "coordinates": [ [ 77.2107627, 28.6364401 ], [ 77.2105627, 28.6365548 ], [ 77.2103647, 28.6362806 ], [ 77.2097221, 28.6354414 ] ] } },
{ "type": "Feature", "properties": { "name": "Arterial Link", "highway": "residential", "slope_pct": 0.6 }, "geometry": { "type": "LineString", "coordinates": [ [ 77.2081315, 28.6406953 ], [ 77.2077731, 28.6407499 ], [ 77.2076417, 28.6407785 ], [ 77.2075636, 28.6407955 ], [ 77.2071885, 28.640877 ], [ 77.2069667, 28.6409829 ] ] } },
{ "type": "Feature", "properties": { "name": "Arterial Link", "highway": "residential", "slope_pct": 0.6 }, "geometry": { "type": "LineString", "coordinates": [ [ 77.2078049, 28.641011 ], [ 77.2081322, 28.6409372 ], [ 77.2082033, 28.6409223 ] ] } },
{ "type": "Feature", "properties": { "name": "Arterial Link", "highway": "residential", "slope_pct": 0.6 }, "geometry": { "type": "LineString", "coordinates": [ [ 77.2076417, 28.6407785 ], [ 77.2076069, 28.6406167 ], [ 77.2076038, 28.6406047 ], [ 77.2080946, 28.6404941 ] ] } },
{ "type": "Feature", "properties": { "name": "Arterial Link", "highway": "residential", "slope_pct": 0.6 }, "geometry": { "type": "LineString", "coordinates": [ [ 77.2071182, 28.6423099 ], [ 77.2066836, 28.642546 ] ] } },
{ "type": "Feature", "properties": { "name": "Shaheed Bhagat Singh Marg", "highway": "tertiary", "slope_pct": 0.6 }, "geometry": { "type": "LineString", "coordinates": [ [ 77.2085801, 28.6335138 ], [ 77.2084952, 28.6335228 ], [ 77.2080323, 28.6335717 ], [ 77.2078716, 28.6335832 ], [ 77.2077197, 28.6335941 ], [ 77.2075767, 28.6336065 ], [ 77.2074085, 28.6336164 ], [ 77.2072497, 28.6336278 ], [ 77.2071026, 28.6336384 ], [ 77.2069336, 28.6336505 ], [ 77.206175, 28.6337049 ], [ 77.2058886, 28.6337254 ] ] } },
{ "type": "Feature", "properties": { "name": "Chitragupta Road", "highway": "tertiary", "slope_pct": 0.6 }, "geometry": { "type": "LineString", "coordinates": [ [ 77.2079363, 28.6397138 ], [ 77.2080662, 28.6398859 ], [ 77.2082179, 28.640087 ], [ 77.2082394, 28.6401381 ], [ 77.2082535, 28.6401858 ], [ 77.2082676, 28.6402382 ], [ 77.2083092, 28.640413 ] ] } },
{ "type": "Feature", "properties": { "name": "Arterial Link", "highway": "residential", "slope_pct": 0.6 }, "geometry": { "type": "LineString", "coordinates": [ [ 77.2084928, 28.6384735 ], [ 77.2086404, 28.6383938 ], [ 77.2086639, 28.6383685 ], [ 77.208676, 28.6383355 ], [ 77.2086753, 28.6383055 ], [ 77.2086592, 28.6382755 ], [ 77.2086345, 28.6382355 ], [ 77.2083368, 28.6377281 ], [ 77.2082157, 28.6375567 ], [ 77.208086, 28.6373797 ], [ 77.2080027, 28.6372662 ], [ 77.2077826, 28.6369663 ], [ 77.207623, 28.6367488 ] ] } },
{ "type": "Feature", "properties": { "name": "Nalwa Street", "highway": "residential", "slope_pct": 0.6 }, "geometry": { "type": "LineString", "coordinates": [ [ 77.211451, 28.6429258 ], [ 77.2118453, 28.6413893 ], [ 77.2118555, 28.641287 ], [ 77.2118419, 28.6412279 ] ] } },
{ "type": "Feature", "properties": { "name": "Panchkuian Road", "highway": "secondary", "slope_pct": 0.6 }, "geometry": { "type": "LineString", "coordinates": [ [ 77.2076279, 28.6397089 ], [ 77.2070375, 28.6400336 ], [ 77.206524, 28.6403103 ], [ 77.2064343, 28.6403587 ], [ 77.206141, 28.6405168 ], [ 77.2060557, 28.6405628 ], [ 77.2052898, 28.6409715 ], [ 77.2052337, 28.6410017 ] ] } },
{ "type": "Feature", "properties": { "name": "Panchkuian Road", "highway": "secondary", "slope_pct": 0.6 }, "geometry": { "type": "LineString", "coordinates": [ [ 77.2054196, 28.6411042 ], [ 77.2066641, 28.6404166 ], [ 77.2076823, 28.6398541 ], [ 77.2079363, 28.6397138 ] ] } },
{ "type": "Feature", "properties": { "name": "Arterial Link", "highway": "tertiary", "slope_pct": 0.6 }, "geometry": { "type": "LineString", "coordinates": [ [ 77.2076259, 28.6392814 ], [ 77.2077724, 28.6395116 ], [ 77.20782, 28.6395687 ], [ 77.2079363, 28.6397138 ] ] } },
{ "type": "Feature", "properties": { "name": "Arterial Link", "highway": "residential", "slope_pct": 0.6 }, "geometry": { "type": "LineString", "coordinates": [ [ 77.2069667, 28.6409829 ], [ 77.2068893, 28.6407831 ], [ 77.2068765, 28.6407761 ], [ 77.2068541, 28.6407778 ], [ 77.2062774, 28.6410921 ], [ 77.2061706, 28.641151 ], [ 77.2061597, 28.64117 ], [ 77.2061638, 28.6411962 ], [ 77.2062976, 28.6413389 ] ] } },
{ "type": "Feature", "properties": { "name": "Ramakrishna Ashram Marg", "highway": "secondary", "slope_pct": 0.6 }, "geometry": { "type": "LineString", "coordinates": [ [ 77.2076259, 28.6392814 ], [ 77.2076102, 28.6395066 ], [ 77.2076279, 28.6397089 ] ] } },
{ "type": "Feature", "properties": { "name": "Arterial Link", "highway": "residential", "slope_pct": 0.6 }, "geometry": { "type": "LineString", "coordinates": [ [ 77.2070122, 28.6412706 ], [ 77.2064565, 28.6415687 ] ] } },
{ "type": "Feature", "properties": { "name": "Arterial Link", "highway": "residential", "slope_pct": 0.6 }, "geometry": { "type": "LineString", "coordinates": [ [ 77.2071478, 28.6414664 ], [ 77.2065892, 28.6417738 ] ] } },
{ "type": "Feature", "properties": { "name": "Arterial Link", "highway": "residential", "slope_pct": 0.6 }, "geometry": { "type": "LineString", "coordinates": [ [ 77.2069667, 28.6409829 ], [ 77.2068722, 28.6410355 ], [ 77.2062976, 28.6413389 ] ] } },
{ "type": "Feature", "properties": { "name": "Arterial Link", "highway": "residential", "slope_pct": 0.6 }, "geometry": { "type": "LineString", "coordinates": [ [ 77.2056795, 28.6400251 ], [ 77.2058117, 28.6400113 ], [ 77.2065319, 28.6398957 ], [ 77.2065805, 28.6398827 ], [ 77.2065963, 28.6398735 ], [ 77.2066382, 28.6398492 ], [ 77.2069828, 28.6395791 ] ] } },
{ "type": "Feature", "properties": { "name": "Arterial Link", "highway": "residential", "slope_pct": 0.6 }, "geometry": { "type": "LineString", "coordinates": [ [ 77.2073303, 28.641681 ], [ 77.2072791, 28.6416208 ], [ 77.2071478, 28.6414664 ], [ 77.2070122, 28.6412706 ], [ 77.2068722, 28.6410355 ] ] } },
{ "type": "Feature", "properties": { "name": "Arterial Link", "highway": "residential", "slope_pct": 0.6 }, "geometry": { "type": "LineString", "coordinates": [ [ 77.2067746, 28.6405736 ], [ 77.2072311, 28.6403068 ] ] } },
{ "type": "Feature", "properties": { "name": "Arterial Link", "highway": "residential", "slope_pct": 0.6 }, "geometry": { "type": "LineString", "coordinates": [ [ 77.2079248, 28.6413567 ], [ 77.2078953, 28.6412715 ], [ 77.2078354, 28.6410987 ], [ 77.2078049, 28.641011 ] ] } },
{ "type": "Feature", "properties": { "name": "Arterial Link", "highway": "residential", "slope_pct": 0.6 }, "geometry": { "type": "LineString", "coordinates": [ [ 77.2078049, 28.641011 ], [ 77.2076651, 28.6410368 ], [ 77.2076374, 28.6410304 ], [ 77.207621, 28.6410106 ], [ 77.2075636, 28.6407955 ] ] } },
{ "type": "Feature", "properties": { "name": "Arterial Link", "highway": "residential", "slope_pct": 0.6 }, "geometry": { "type": "LineString", "coordinates": [ [ 77.2076038, 28.6406047 ], [ 77.2071932, 28.6406814 ], [ 77.2071698, 28.6406889 ] ] } },
{ "type": "Feature", "properties": { "name": "Arterial Link", "highway": "residential", "slope_pct": 0.6 }, "geometry": { "type": "LineString", "coordinates": [ [ 77.2078354, 28.6410987 ], [ 77.2075886, 28.6411491 ], [ 77.2074586, 28.6411806 ] ] } },
{ "type": "Feature", "properties": { "name": "Arterial Link", "highway": "residential", "slope_pct": 0.6 }, "geometry": { "type": "LineString", "coordinates": [ [ 77.2075062, 28.6424249 ], [ 77.2074462, 28.6423441 ], [ 77.2070916, 28.6418666 ], [ 77.2070623, 28.6418272 ] ] } },
{ "type": "Feature", "properties": { "name": "Lakshmi Narayan Street", "highway": "residential", "slope_pct": 0.6 }, "geometry": { "type": "LineString", "coordinates": [ [ 77.2118419, 28.6412279 ], [ 77.2118147, 28.6411951 ], [ 77.2117682, 28.6411756 ], [ 77.2113023, 28.6411049 ], [ 77.2106816, 28.6409907 ], [ 77.2101863, 28.6409149 ], [ 77.2097497, 28.6408206 ], [ 77.2094618, 28.6407552 ], [ 77.2087776, 28.6406969 ] ] } },
{ "type": "Feature", "properties": { "name": "Arterial Link", "highway": "residential", "slope_pct": 0.6 }, "geometry": { "type": "LineString", "coordinates": [ [ 77.213282, 28.6414723 ], [ 77.2130226, 28.6415068 ], [ 77.2129513, 28.6415125 ], [ 77.2128301, 28.6415274 ], [ 77.2127425, 28.6415405 ] ] } },
{ "type": "Feature", "properties": { "name": "Arterial Link", "highway": "residential", "slope_pct": 0.6 }, "geometry": { "type": "LineString", "coordinates": [ [ 77.2089442, 28.6413694 ], [ 77.209307, 28.6414241 ], [ 77.2096399, 28.6414636 ] ] } },
{ "type": "Feature", "properties": { "name": "Arterial Link", "highway": "residential", "slope_pct": 0.6 }, "geometry": { "type": "LineString", "coordinates": [ [ 77.2106379, 28.6400908 ], [ 77.2100441, 28.6400104 ], [ 77.2099996, 28.6400263 ], [ 77.2099775, 28.6400587 ], [ 77.2098988, 28.6404115 ], [ 77.2098797, 28.6404972 ] ] } },
{ "type": "Feature", "properties": { "name": "Arterial Link", "highway": "residential", "slope_pct": 0.6 }, "geometry": { "type": "LineString", "coordinates": [ [ 77.2091289, 28.6422156 ], [ 77.209307, 28.6414241 ], [ 77.2094618, 28.6407552 ] ] } },
{ "type": "Feature", "properties": { "name": "Arterial Link", "highway": "residential", "slope_pct": 0.6 }, "geometry": { "type": "LineString", "coordinates": [ [ 77.2134999, 28.6413875 ], [ 77.2135345, 28.641337 ], [ 77.2135906, 28.6412662 ], [ 77.2136481, 28.6411812 ], [ 77.2136769, 28.6410963 ] ] } },
{ "type": "Feature", "properties": { "name": "Arterial Link", "highway": "residential", "slope_pct": 0.6 }, "geometry": { "type": "LineString", "coordinates": [ [ 77.2134999, 28.6413875 ], [ 77.21329, 28.6413828 ], [ 77.2132655, 28.641391 ], [ 77.2132619, 28.641417 ], [ 77.213282, 28.6414723 ], [ 77.2133155, 28.6415076 ], [ 77.2133347, 28.6415596 ] ] } },
{ "type": "Feature", "properties": { "name": "Arterial Link", "highway": "residential", "slope_pct": 0.6 }, "geometry": { "type": "LineString", "coordinates": [ [ 77.2135975, 28.640835 ], [ 77.2136662, 28.6406872 ], [ 77.2136796, 28.6405855 ], [ 77.2134805, 28.6405766 ], [ 77.2132133, 28.6405565 ] ] } },
{ "type": "Feature", "properties": { "name": "Arterial Link", "highway": "residential", "slope_pct": 0.6 }, "geometry": { "type": "LineString", "coordinates": [ [ 77.2136796, 28.6405855 ], [ 77.2136961, 28.6404912 ], [ 77.213756, 28.6401828 ], [ 77.2137665, 28.6401679 ], [ 77.2137865, 28.6401616 ], [ 77.213972, 28.6401935 ], [ 77.2139907, 28.6401874 ], [ 77.2139981, 28.6401729 ], [ 77.2139991, 28.6401295 ], [ 77.2139927, 28.6400007 ], [ 77.2139759, 28.6398463 ], [ 77.2139619, 28.6397062 ], [ 77.2139662, 28.639656 ] ] } },
{ "type": "Feature", "properties": { "name": "Arterial Link", "highway": "residential", "slope_pct": 0.6 }, "geometry": { "type": "LineString", "coordinates": [ [ 77.2105801, 28.637301 ], [ 77.2106618, 28.637297 ], [ 77.2111703, 28.6369928 ] ] } },
{ "type": "Feature", "properties": { "name": "Ramdwara Road", "highway": "tertiary", "slope_pct": 0.6 }, "geometry": { "type": "LineString", "coordinates": [ [ 77.2137121, 28.6411016 ], [ 77.2136292, 28.6410159 ], [ 77.2135975, 28.640835 ], [ 77.2135483, 28.6407752 ], [ 77.2134152, 28.6407102 ], [ 77.2133286, 28.6406799 ], [ 77.2132804, 28.640634 ], [ 77.2132133, 28.6405565 ], [ 77.2131524, 28.6404655 ], [ 77.2131435, 28.6403745 ], [ 77.2131246, 28.6402548 ], [ 77.2131304, 28.6401317 ], [ 77.213169, 28.639811 ], [ 77.213148, 28.6396487 ], [ 77.2131038, 28.6395647 ], [ 77.212982, 28.6393946 ], [ 77.2125593, 28.6388371 ], [ 77.2117693, 28.6377953 ], [ 77.2116802, 28.6376789 ], [ 77.2116232, 28.6376045 ] ] } },
{ "type": "Feature", "properties": { "name": "Arterial Link", "highway": "residential", "slope_pct": 0.6 }, "geometry": { "type": "LineString", "coordinates": [ [ 77.2106379, 28.6400908 ], [ 77.21056, 28.6405065 ], [ 77.2105423, 28.6406012 ] ] } },
{ "type": "Feature", "properties": { "name": "Panchkuian Road", "highway": "secondary", "slope_pct": 0.6 }, "geometry": { "type": "LineString", "coordinates": [ [ 77.2082925, 28.6395128 ], [ 77.2086578, 28.6393058 ], [ 77.2088992, 28.639169 ] ] } },
{ "type": "Feature", "properties": { "name": "Basant Road", "highway": "residential", "slope_pct": 0.6 }, "geometry": { "type": "LineString", "coordinates": [ [ 77.2140997, 28.6364741 ], [ 77.2141121, 28.6364311 ], [ 77.2141644, 28.6362875 ], [ 77.2142087, 28.6361827 ], [ 77.2142417, 28.636105 ] ] } },
{ "type": "Feature", "properties": { "name": "Basant Road", "highway": "residential", "slope_pct": 0.6 }, "geometry": { "type": "LineString", "coordinates": [ [ 77.2137395, 28.6363948 ], [ 77.2137849, 28.6364016 ], [ 77.2138453, 28.6364146 ], [ 77.2140997, 28.6364741 ] ] } },
{ "type": "Feature", "properties": { "name": "Arterial Link", "highway": "residential", "slope_pct": 0.6 }, "geometry": { "type": "LineString", "coordinates": [ [ 77.2133657, 28.6423091 ], [ 77.213687, 28.6422856 ], [ 77.2140223, 28.642262 ], [ 77.2142903, 28.6422548 ] ] } },
{ "type": "Feature", "properties": { "name": "Arterial Link", "highway": "residential", "slope_pct": 0.6 }, "geometry": { "type": "LineString", "coordinates": [ [ 77.2138977, 28.6378811 ], [ 77.21349, 28.6373327 ] ] } },
{ "type": "Feature", "properties": { "name": "Arterial Link", "highway": "residential", "slope_pct": 0.6 }, "geometry": { "type": "LineString", "coordinates": [ [ 77.2080027, 28.6372662 ], [ 77.2085264, 28.6369478 ] ] } },
{ "type": "Feature", "properties": { "name": "Arterial Link", "highway": "residential", "slope_pct": 0.6 }, "geometry": { "type": "LineString", "coordinates": [ [ 77.2095108, 28.6374015 ], [ 77.2099721, 28.6380954 ] ] } },
{ "type": "Feature", "properties": { "name": "Arterial Link", "highway": "residential", "slope_pct": 0.6 }, "geometry": { "type": "LineString", "coordinates": [ [ 77.2086345, 28.6382355 ], [ 77.2088858, 28.6380883 ], [ 77.2088959, 28.6380804 ], [ 77.2089455, 28.6380133 ], [ 77.2089566, 28.6380001 ], [ 77.208971, 28.6379892 ], [ 77.2091259, 28.6379 ], [ 77.2091554, 28.6378777 ], [ 77.2091991, 28.637837 ], [ 77.2093619, 28.6376858 ], [ 77.2093738, 28.6376726 ], [ 77.2093847, 28.6376575 ], [ 77.2095108, 28.6374015 ], [ 77.2095309, 28.6373733 ], [ 77.2095571, 28.6373521 ], [ 77.2102754, 28.636926 ] ] } },
{ "type": "Feature", "properties": { "name": "Arterial Link", "highway": "residential", "slope_pct": 0.6 }, "geometry": { "type": "LineString", "coordinates": [ [ 77.2079785, 28.6376973 ], [ 77.208085, 28.6378614 ], [ 77.2081375, 28.6379424 ] ] } },
{ "type": "Feature", "properties": { "name": "Arterial Link", "highway": "residential", "slope_pct": 0.6 }, "geometry": { "type": "LineString", "coordinates": [ [ 77.2133347, 28.6415596 ], [ 77.213336, 28.6416408 ], [ 77.2134068, 28.6416335 ], [ 77.2134347, 28.6416243 ], [ 77.2134517, 28.641604 ], [ 77.2134999, 28.6413875 ] ] } },
{ "type": "Feature", "properties": { "name": "Arterial Link", "highway": "residential", "slope_pct": 0.6 }, "geometry": { "type": "LineString", "coordinates": [ [ 77.2133391, 28.6421668 ], [ 77.2135015, 28.6421403 ], [ 77.2136626, 28.6421239 ], [ 77.2138564, 28.6421096 ], [ 77.214037, 28.6421171 ] ] } },
{ "type": "Feature", "properties": { "name": "Arterial Link", "highway": "residential", "slope_pct": 0.6 }, "geometry": { "type": "LineString", "coordinates": [ [ 77.2136559, 28.6387573 ], [ 77.2133468, 28.6383494 ] ] } },
{ "type": "Feature", "properties": { "name": "Arterial Link", "highway": "residential", "slope_pct": 0.6 }, "geometry": { "type": "LineString", "coordinates": [ [ 77.2138695, 28.6386311 ], [ 77.2135657, 28.6382124 ] ] } },
{ "type": "Feature", "properties": { "name": "Arterial Link", "highway": "residential", "slope_pct": 0.6 }, "geometry": { "type": "LineString", "coordinates": [ [ 77.2143827, 28.6383448 ], [ 77.2139763, 28.6378358 ] ] } },
{ "type": "Feature", "properties": { "name": "Arterial Link", "highway": "tertiary_link", "slope_pct": 0.6 }, "geometry": { "type": "LineString", "coordinates": [ [ 77.2082082, 28.6399137 ], [ 77.2081879, 28.6397168 ], [ 77.2081904, 28.6396722 ], [ 77.2082355, 28.6395452 ] ] } },
{ "type": "Feature", "properties": { "name": "Arterial Link", "highway": "residential", "slope_pct": 0.6 }, "geometry": { "type": "LineString", "coordinates": [ [ 77.2137168, 28.6372002 ], [ 77.2134228, 28.6367902 ], [ 77.2121567, 28.6375539 ] ] } },
{ "type": "Feature", "properties": { "name": "Arterial Link", "highway": "residential", "slope_pct": 0.6 }, "geometry": { "type": "LineString", "coordinates": [ [ 77.2119315, 28.6408085 ], [ 77.2119656, 28.6406843 ], [ 77.2119933, 28.6406547 ], [ 77.2121831, 28.6406665 ] ] } },
{ "type": "Feature", "properties": { "name": "Lakshmi Narayan Street", "highway": "residential", "slope_pct": 0.6 }, "geometry": { "type": "LineString", "coordinates": [ [ 77.2087776, 28.6406969 ], [ 77.2084899, 28.6406968 ] ] } },
{ "type": "Feature", "properties": { "name": "Arterial Link", "highway": "residential", "slope_pct": 0.6 }, "geometry": { "type": "LineString", "coordinates": [ [ 77.2136961, 28.6404912 ], [ 77.2142534, 28.640586 ] ] } },
{ "type": "Feature", "properties": { "name": "Main Bazar Road", "highway": "tertiary", "slope_pct": 0.6 }, "geometry": { "type": "LineString", "coordinates": [ [ 77.2084071, 28.6404094 ], [ 77.2083092, 28.640413 ] ] } },
{ "type": "Feature", "properties": { "name": "Chitragupta Road", "highway": "tertiary", "slope_pct": 0.6 }, "geometry": { "type": "LineString", "coordinates": [ [ 77.2084071, 28.6404094 ], [ 77.2083575, 28.6402204 ], [ 77.2083429, 28.6401664 ], [ 77.2083274, 28.6401139 ], [ 77.2083006, 28.6400501 ], [ 77.2082082, 28.6399137 ] ] } },
{ "type": "Feature", "properties": { "name": "Chitragupta Road", "highway": "tertiary", "slope_pct": 0.6 }, "geometry": { "type": "LineString", "coordinates": [ [ 77.2083092, 28.640413 ], [ 77.2083796, 28.6407147 ] ] } },
{ "type": "Feature", "properties": { "name": "Arterial Link", "highway": "residential", "slope_pct": 0.6 }, "geometry": { "type": "LineString", "coordinates": [ [ 77.2083796, 28.6407147 ], [ 77.2084899, 28.6406968 ] ] } },
{ "type": "Feature", "properties": { "name": "Panchkuian Road", "highway": "secondary", "slope_pct": 0.6 }, "geometry": { "type": "LineString", "coordinates": [ [ 77.2082355, 28.6395452 ], [ 77.2082925, 28.6395128 ] ] } },
{ "type": "Feature", "properties": { "name": "Chitragupta Road", "highway": "tertiary", "slope_pct": 0.6 }, "geometry": { "type": "LineString", "coordinates": [ [ 77.2082082, 28.6399137 ], [ 77.2080356, 28.6396588 ] ] } },
{ "type": "Feature", "properties": { "name": "Arterial Link", "highway": "residential", "slope_pct": 0.6 }, "geometry": { "type": "LineString", "coordinates": [ [ 77.2098988, 28.6404115 ], [ 77.21056, 28.6405065 ] ] } },
{ "type": "Feature", "properties": { "name": "Inner Circle", "highway": "tertiary", "slope_pct": 0.6 }, "geometry": { "type": "LineString", "coordinates": [ [ 77.2206283, 28.6335703 ], [ 77.220695, 28.6335031 ], [ 77.2207554, 28.6334314 ], [ 77.2208092, 28.6333557 ], [ 77.2208941, 28.6331974 ], [ 77.22095, 28.6330295 ], [ 77.2209582, 28.6329679 ], [ 77.2209768, 28.6328285 ], [ 77.2209621, 28.6326265 ], [ 77.2209516, 28.6325893 ], [ 77.2208801, 28.6323608 ], [ 77.2207567, 28.6321678 ], [ 77.2206473, 28.6320329 ], [ 77.2205163, 28.6319161 ], [ 77.2203727, 28.6318222 ], [ 77.2202627, 28.6317719 ], [ 77.2201604, 28.6317257 ], [ 77.2199834, 28.6316743 ], [ 77.2198229, 28.6316541 ], [ 77.2197049, 28.6316372 ], [ 77.2195809, 28.6316347 ], [ 77.2193911, 28.6316773 ], [ 77.2191965, 28.6317464 ], [ 77.2189724, 28.6318698 ], [ 77.2188463, 28.6319587 ], [ 77.2186847, 28.632107 ], [ 77.2185744, 28.6322574 ], [ 77.2185397, 28.6323119 ], [ 77.2185101, 28.6323706 ], [ 77.2184612, 28.6324954 ], [ 77.2184292, 28.6326243 ], [ 77.2184138, 28.6327868 ], [ 77.2184244, 28.6329374 ], [ 77.2184253, 28.6329495 ], [ 77.2184634, 28.6331091 ], [ 77.2185004, 28.6331973 ], [ 77.2185275, 28.6332621 ], [ 77.2186161, 28.6334054 ], [ 77.2187978, 28.6336009 ], [ 77.2190004, 28.633744 ], [ 77.2190729, 28.6337821 ], [ 77.2190881, 28.6337889 ], [ 77.219146, 28.6338151 ], [ 77.2193018, 28.6338694 ], [ 77.2194307, 28.6338979 ], [ 77.2194644, 28.6339053 ], [ 77.2195654, 28.633918 ], [ 77.2195791, 28.6339187 ], [ 77.2196672, 28.6339235 ], [ 77.2197696, 28.6339283 ], [ 77.2199011, 28.6339092 ], [ 77.2200307, 28.6338846 ], [ 77.2201568, 28.6338484 ], [ 77.2202779, 28.6338009 ], [ 77.2203928, 28.6337427 ], [ 77.2205164, 28.6336627 ], [ 77.2205701, 28.6336184 ], [ 77.2206283, 28.6335703 ] ] } },
{ "type": "Feature", "properties": { "name": "Outer Circle", "highway": "secondary", "slope_pct": 0.6 }, "geometry": { "type": "LineString", "coordinates": [ [ 77.2209174, 28.6300832 ], [ 77.2208552, 28.6300608 ], [ 77.220815, 28.6300478 ], [ 77.2206518, 28.6299952 ], [ 77.2205331, 28.6299741 ], [ 77.2202029, 28.6299163 ], [ 77.2200819, 28.6299063 ], [ 77.2198676, 28.6298886 ], [ 77.2197987, 28.6298842 ], [ 77.2197655, 28.629882 ], [ 77.2194853, 28.6298938 ] ] } },
{ "type": "Feature", "properties": { "name": "Radial Road 1", "highway": "tertiary", "slope_pct": 0.6 }, "geometry": { "type": "LineString", "coordinates": [ [ 77.2194853, 28.6298938 ], [ 77.2194961, 28.6300779 ], [ 77.2195014, 28.6301679 ], [ 77.2195053, 28.630235 ], [ 77.2195281, 28.6306228 ], [ 77.2195322, 28.6306928 ], [ 77.2195553, 28.6311044 ], [ 77.2195662, 28.631324 ], [ 77.2195719, 28.6314124 ], [ 77.2195737, 28.6314455 ], [ 77.2195814, 28.6315893 ], [ 77.2195809, 28.6316347 ] ] } },
{ "type": "Feature", "properties": { "name": "Radial Road 4", "highway": "tertiary", "slope_pct": 0.6 }, "geometry": { "type": "LineString", "coordinates": [ [ 77.2198833, 28.6357191 ], [ 77.2198719, 28.6355209 ], [ 77.2198689, 28.6354683 ], [ 77.2198418, 28.6349975 ], [ 77.2198366, 28.6349075 ], [ 77.2198021, 28.6343002 ], [ 77.2197924, 28.6341262 ], [ 77.2197696, 28.6339283 ] ] } },
{ "type": "Feature", "properties": { "name": "Radial Road 3", "highway": "tertiary", "slope_pct": 0.6 }, "geometry": { "type": "LineString", "coordinates": [ [ 77.2186161, 28.6334054 ], [ 77.2182722, 28.6336029 ], [ 77.2176776, 28.63394 ], [ 77.2172568, 28.634179 ], [ 77.2172211, 28.6341993 ], [ 77.2171298, 28.6342511 ], [ 77.2170406, 28.6343031 ] ] } },
{ "type": "Feature", "properties": { "name": "Radial Road 2", "highway": "tertiary", "slope_pct": 0.6 }, "geometry": { "type": "LineString", "coordinates": [ [ 77.2185744, 28.6322574 ], [ 77.2184809, 28.6322214 ], [ 77.2182548, 28.6321267 ], [ 77.2182071, 28.6321067 ], [ 77.2181956, 28.6321017 ], [ 77.2180698, 28.6320468 ], [ 77.2177412, 28.6319034 ], [ 77.2175751, 28.6318278 ], [ 77.2172822, 28.6316826 ], [ 77.2170792, 28.6315818 ], [ 77.2169733, 28.6315337 ], [ 77.2167421, 28.6314291 ] ] } },
{ "type": "Feature", "properties": { "name": "Arterial Link", "highway": "tertiary", "slope_pct": 0.6 }, "geometry": { "type": "LineString", "coordinates": [ [ 77.2164245, 28.6329636 ], [ 77.216192, 28.6330133 ] ] } },
{ "type": "Feature", "properties": { "name": "Arterial Link", "highway": "tertiary", "slope_pct": 0.6 }, "geometry": { "type": "LineString", "coordinates": [ [ 77.2179008, 28.6303392 ], [ 77.218028, 28.6305031 ], [ 77.2181438, 28.6306523 ], [ 77.2182679, 28.6308122 ], [ 77.2186158, 28.6312879 ], [ 77.218698, 28.63142 ], [ 77.2187588, 28.6315202 ], [ 77.2187982, 28.6315839 ], [ 77.2189724, 28.6318698 ] ] } },
{ "type": "Feature", "properties": { "name": "Outer Circle", "highway": "secondary", "slope_pct": 0.6 }, "geometry": { "type": "LineString", "coordinates": [ [ 77.2164245, 28.6329636 ], [ 77.2164376, 28.6330471 ], [ 77.2164752, 28.633187 ], [ 77.2165136, 28.6332886 ], [ 77.2165784, 28.6334225 ], [ 77.2166735, 28.6336388 ], [ 77.2168133, 28.6339187 ], [ 77.2169271, 28.6341025 ], [ 77.2169647, 28.6341784 ], [ 77.2170406, 28.6343031 ] ] } },
{ "type": "Feature", "properties": { "name": "Outer Circle", "highway": "secondary", "slope_pct": 0.6 }, "geometry": { "type": "LineString", "coordinates": [ [ 77.2194853, 28.6298938 ], [ 77.2193141, 28.6299109 ], [ 77.2192426, 28.6299181 ], [ 77.2189581, 28.6299672 ], [ 77.2186797, 28.6300383 ], [ 77.2184123, 28.6301347 ], [ 77.2182836, 28.630181 ], [ 77.2181923, 28.6302174 ] ] } },
{ "type": "Feature", "properties": { "name": "Outer Circle", "highway": "secondary", "slope_pct": 0.6 }, "geometry": { "type": "LineString", "coordinates": [ [ 77.2181923, 28.6302174 ], [ 77.2180411, 28.6302682 ], [ 77.2179008, 28.6303392 ], [ 77.2178158, 28.6303962 ], [ 77.217738, 28.6304606 ], [ 77.2176681, 28.6305317 ] ] } },
{ "type": "Feature", "properties": { "name": "Outer Circle", "highway": "secondary", "slope_pct": 0.6 }, "geometry": { "type": "LineString", "coordinates": [ [ 77.2166601, 28.6316729 ], [ 77.2165819, 28.6319608 ], [ 77.2164923, 28.6323795 ], [ 77.2164715, 28.6325014 ], [ 77.2164221, 28.6327899 ], [ 77.2164245, 28.6329636 ] ] } },
{ "type": "Feature", "properties": { "name": "Outer Circle", "highway": "secondary", "slope_pct": 0.6 }, "geometry": { "type": "LineString", "coordinates": [ [ 77.2176681, 28.6305317 ], [ 77.2173364, 28.6308523 ], [ 77.217031, 28.6311388 ], [ 77.2168729, 28.6312977 ], [ 77.2167421, 28.6314291 ] ] } },
{ "type": "Feature", "properties": { "name": "Sansad Marg", "highway": "secondary", "slope_pct": 0.6 }, "geometry": { "type": "LineString", "coordinates": [ [ 77.2181923, 28.6302174 ], [ 77.2181247, 28.6302198 ], [ 77.218057, 28.6302159 ], [ 77.2179911, 28.6302022 ], [ 77.2179285, 28.6301792 ], [ 77.2178711, 28.6301476 ], [ 77.2178204, 28.6301081 ], [ 77.2177886, 28.6300736 ], [ 77.2177778, 28.6300619 ], [ 77.2177443, 28.6300101 ] ] } },
{ "type": "Feature", "properties": { "name": "Sansad Marg", "highway": "secondary", "slope_pct": 0.6 }, "geometry": { "type": "LineString", "coordinates": [ [ 77.2176728, 28.6300813 ], [ 77.2176977, 28.6301219 ], [ 77.2177049, 28.6301337 ], [ 77.2177282, 28.6301897 ], [ 77.2177421, 28.6302479 ], [ 77.2177465, 28.6303074 ], [ 77.2177413, 28.6303667 ], [ 77.2177264, 28.6304249 ], [ 77.2177023, 28.6304805 ], [ 77.2176681, 28.6305317 ] ] } },
{ "type": "Feature", "properties": { "name": "Outer Circle", "highway": "secondary", "slope_pct": 0.6 }, "geometry": { "type": "LineString", "coordinates": [ [ 77.2170406, 28.6343031 ], [ 77.2171312, 28.6344291 ] ] } },
{ "type": "Feature", "properties": { "name": "Outer Circle", "highway": "secondary", "slope_pct": 0.6 }, "geometry": { "type": "LineString", "coordinates": [ [ 77.2167421, 28.6314291 ], [ 77.2166601, 28.6316729 ] ] } },
{ "type": "Feature", "properties": { "name": "Outer Circle", "highway": "secondary", "slope_pct": 0.6 }, "geometry": { "type": "LineString", "coordinates": [ [ 77.2171312, 28.6344291 ], [ 77.2175564, 28.6348446 ], [ 77.2180055, 28.6352571 ] ] } },
{ "type": "Feature", "properties": { "name": "Janpath", "highway": "secondary", "slope_pct": 0.6 }, "geometry": { "type": "LineString", "coordinates": [ [ 77.2197655, 28.629882 ], [ 77.2197184, 28.6298631 ], [ 77.2196757, 28.6298375 ], [ 77.2196386, 28.6298058 ], [ 77.2196083, 28.629769 ], [ 77.2195855, 28.6297281 ], [ 77.2195711, 28.6296845 ] ] } },
{ "type": "Feature", "properties": { "name": "Arterial Link", "highway": "residential", "slope_pct": 0.6 }, "geometry": { "type": "LineString", "coordinates": [ [ 77.2170525, 28.6299309 ], [ 77.2167228, 28.6302235 ], [ 77.2164988, 28.6304222 ], [ 77.2164754, 28.630457 ], [ 77.2164683, 28.6304981 ], [ 77.2164907, 28.6305382 ], [ 77.2166062, 28.6306315 ], [ 77.2166253, 28.6306546 ], [ 77.216632, 28.6306841 ], [ 77.2166259, 28.6307098 ], [ 77.2165764, 28.6307529 ] ] } },
{ "type": "Feature", "properties": { "name": "Arterial Link", "highway": "residential", "slope_pct": 0.6 }, "geometry": { "type": "LineString", "coordinates": [ [ 77.2168101, 28.6296771 ], [ 77.2170525, 28.6299309 ], [ 77.2172108, 28.6301408 ], [ 77.2172466, 28.6301883 ] ] } },
{ "type": "Feature", "properties": { "name": "Baba Kharak Singh Marg", "highway": "secondary", "slope_pct": 0.6 }, "geometry": { "type": "LineString", "coordinates": [ [ 77.2161249, 28.6312729 ], [ 77.2164747, 28.6314483 ], [ 77.2165478, 28.6315 ], [ 77.2165816, 28.6315384 ], [ 77.2165999, 28.6315591 ], [ 77.2166601, 28.6316729 ] ] } },
{ "type": "Feature", "properties": { "name": "Arterial Link", "highway": "residential", "slope_pct": 0.6 }, "geometry": { "type": "LineString", "coordinates": [ [ 77.2161249, 28.6312729 ], [ 77.2160337, 28.631437 ], [ 77.2159983, 28.6315006 ] ] } },
{ "type": "Feature", "properties": { "name": "Arterial Link", "highway": "secondary_link", "slope_pct": 0.6 }, "geometry": { "type": "LineString", "coordinates": [ [ 77.2170792, 28.6315818 ], [ 77.2170049, 28.6315838 ], [ 77.2169469, 28.6315844 ], [ 77.2168909, 28.631585 ], [ 77.2168024, 28.6315909 ], [ 77.2167528, 28.6316062 ], [ 77.2166601, 28.6316729 ] ] } },
{ "type": "Feature", "properties": { "name": "Outer Circle", "highway": "secondary", "slope_pct": 0.6 }, "geometry": { "type": "LineString", "coordinates": [ [ 77.2180055, 28.6352571 ], [ 77.218109, 28.6353093 ], [ 77.2182027, 28.6353565 ], [ 77.2183626, 28.6354345 ], [ 77.21862, 28.6355299 ], [ 77.2188663, 28.6355861 ] ] } },
{ "type": "Feature", "properties": { "name": "Arterial Link", "highway": "residential", "slope_pct": 0.6 }, "geometry": { "type": "LineString", "coordinates": [ [ 77.2163011, 28.630796 ], [ 77.2162691, 28.6307693 ], [ 77.2162427, 28.6307398 ], [ 77.2162254, 28.6306952 ], [ 77.2162213, 28.6306569 ], [ 77.2162274, 28.6305413 ], [ 77.2162173, 28.6305068 ], [ 77.2161959, 28.6304854 ], [ 77.2154744, 28.6301745 ], [ 77.215569, 28.6300028 ], [ 77.2157794, 28.6296433 ], [ 77.2158039, 28.6296033 ] ] } },
{ "type": "Feature", "properties": { "name": "hanuman lane", "highway": "residential", "slope_pct": 0.6 }, "geometry": { "type": "LineString", "coordinates": [ [ 77.2161049, 28.631128 ], [ 77.2163011, 28.630796 ], [ 77.2163337, 28.6307411 ], [ 77.2163516, 28.6307262 ], [ 77.2163746, 28.6307216 ], [ 77.2164091, 28.6307317 ], [ 77.2165153, 28.6307783 ], [ 77.2165386, 28.6307806 ], [ 77.2165573, 28.6307739 ], [ 77.2165764, 28.6307529 ] ] } },
{ "type": "Feature", "properties": { "name": "Arterial Link", "highway": "residential", "slope_pct": 0.6 }, "geometry": { "type": "LineString", "coordinates": [ [ 77.2207434, 28.6308967 ], [ 77.220915, 28.6305647 ] ] } },
{ "type": "Feature", "properties": { "name": "Arterial Link", "highway": "residential", "slope_pct": 0.6 }, "geometry": { "type": "LineString", "coordinates": [ [ 77.215569, 28.6300028 ], [ 77.2153176, 28.6298907 ], [ 77.215251, 28.6298838 ], [ 77.2152012, 28.6299585 ] ] } },
{ "type": "Feature", "properties": { "name": "Arterial Link", "highway": "residential", "slope_pct": 0.6 }, "geometry": { "type": "LineString", "coordinates": [ [ 77.2159299, 28.6311799 ], [ 77.215848, 28.6312951 ], [ 77.2153413, 28.6310583 ], [ 77.2150791, 28.6309565 ], [ 77.2150413, 28.6309897 ], [ 77.2149783, 28.6309831 ], [ 77.2148951, 28.6309388 ], [ 77.2147993, 28.6308835 ], [ 77.2146657, 28.6308149 ] ] } },
{ "type": "Feature", "properties": { "name": "Arterial Link", "highway": "secondary_link", "slope_pct": 0.6 }, "geometry": { "type": "LineString", "coordinates": [ [ 77.2176977, 28.6301219 ], [ 77.2177886, 28.6300736 ] ] } },
{ "type": "Feature", "properties": { "name": "Shaheed Bhagat Singh Marg", "highway": "tertiary", "slope_pct": 0.6 }, "geometry": { "type": "LineString", "coordinates": [ [ 77.216192, 28.6330133 ], [ 77.2160868, 28.6330299 ], [ 77.2158749, 28.6330435 ], [ 77.2157846, 28.6330477 ], [ 77.2157793, 28.6330473 ], [ 77.215682, 28.6330539 ] ] } },
{ "type": "Feature", "properties": { "name": "Arterial Link", "highway": "secondary_link", "slope_pct": 0.6 }, "geometry": { "type": "LineString", "coordinates": [ [ 77.2182675, 28.6357466 ], [ 77.2183568, 28.6357504 ] ] } },
{ "type": "Feature", "properties": { "name": "Jain Mandir Marg", "highway": "residential", "slope_pct": 0.6 }, "geometry": { "type": "LineString", "coordinates": [ [ 77.2159983, 28.6315006 ], [ 77.2158251, 28.6317918 ], [ 77.2157151, 28.6319419 ], [ 77.2156626, 28.6319895 ], [ 77.2156013, 28.6320191 ] ] } },
{ "type": "Feature", "properties": { "name": "Chelmsford Road", "highway": "secondary", "slope_pct": 0.6 }, "geometry": { "type": "LineString", "coordinates": [ [ 77.2180055, 28.6352571 ], [ 77.218057, 28.6353777 ], [ 77.218061, 28.635387 ], [ 77.2181403, 28.6355015 ], [ 77.2182243, 28.6356272 ] ] } },
{ "type": "Feature", "properties": { "name": "Chelmsford Road", "highway": "secondary", "slope_pct": 0.6 }, "geometry": { "type": "LineString", "coordinates": [ [ 77.2182574, 28.6357188 ], [ 77.2182675, 28.6357466 ] ] } },
{ "type": "Feature", "properties": { "name": "Chelmsford Road", "highway": "secondary", "slope_pct": 0.6 }, "geometry": { "type": "LineString", "coordinates": [ [ 77.2183568, 28.6357504 ], [ 77.218387, 28.6356953 ] ] } },
{ "type": "Feature", "properties": { "name": "Chelmsford Road", "highway": "secondary", "slope_pct": 0.6 }, "geometry": { "type": "LineString", "coordinates": [ [ 77.2182243, 28.6356272 ], [ 77.2182574, 28.6357188 ] ] } },
{ "type": "Feature", "properties": { "name": "Chelmsford Road", "highway": "secondary", "slope_pct": 0.6 }, "geometry": { "type": "LineString", "coordinates": [ [ 77.218387, 28.6356953 ], [ 77.2184337, 28.6356574 ], [ 77.2184407, 28.6356517 ], [ 77.2185066, 28.6356214 ], [ 77.2186267, 28.6356037 ], [ 77.2188663, 28.6355861 ] ] } },
{ "type": "Feature", "properties": { "name": "Outer Circle", "highway": "secondary", "slope_pct": 0.6 }, "geometry": { "type": "LineString", "coordinates": [ [ 77.2225605, 28.631405 ], [ 77.2224344, 28.631252 ] ] } },
{ "type": "Feature", "properties": { "name": "Kasturba Gandhi Marg", "highway": "secondary", "slope_pct": 0.6 }, "geometry": { "type": "LineString", "coordinates": [ [ 77.221405, 28.630292 ], [ 77.2213818, 28.630257 ], [ 77.2213639, 28.6302198 ], [ 77.2213513, 28.6301809 ], [ 77.2213444, 28.6301409 ], [ 77.2213433, 28.6301005 ], [ 77.2213479, 28.6300603 ], [ 77.2213555, 28.6300312 ], [ 77.2213582, 28.6300209 ], [ 77.221374, 28.6299829 ] ] } },
{ "type": "Feature", "properties": { "name": "Outer Circle", "highway": "secondary", "slope_pct": 0.6 }, "geometry": { "type": "LineString", "coordinates": [ [ 77.222269, 28.6310064 ], [ 77.2221276, 28.630872 ], [ 77.2220729, 28.6308199 ], [ 77.2218948, 28.6306564 ], [ 77.2218249, 28.6306137 ], [ 77.221746, 28.6305485 ], [ 77.22162, 28.6304581 ], [ 77.2215938, 28.6304378 ], [ 77.2215698, 28.6304193 ], [ 77.221405, 28.630292 ] ] } },
{ "type": "Feature", "properties": { "name": "Outer Circle", "highway": "secondary", "slope_pct": 0.6 }, "geometry": { "type": "LineString", "coordinates": [ [ 77.2215437, 28.6352119 ], [ 77.2215809, 28.6351806 ], [ 77.2218034, 28.6349934 ], [ 77.2220831, 28.6347379 ], [ 77.2221191, 28.634705 ], [ 77.2223826, 28.6344225 ], [ 77.2224071, 28.6343881 ], [ 77.2224848, 28.634279 ], [ 77.2225404, 28.6341977 ], [ 77.2227221, 28.6338984 ], [ 77.2228204, 28.6336759 ], [ 77.2228973, 28.633447 ], [ 77.2228984, 28.6334419 ], [ 77.2229662, 28.6331305 ], [ 77.222974, 28.6330403 ], [ 77.2229795, 28.632977 ], [ 77.2229941, 28.6328092 ], [ 77.222985, 28.6325867 ], [ 77.2229809, 28.6324873 ], [ 77.2229265, 28.6321686 ], [ 77.2228317, 28.6318574 ], [ 77.2226226, 28.6315087 ], [ 77.2225605, 28.631405 ] ] } },
{ "type": "Feature", "properties": { "name": "Outer Circle", "highway": "secondary", "slope_pct": 0.6 }, "geometry": { "type": "LineString", "coordinates": [ [ 77.221439, 28.6352759 ], [ 77.221495, 28.6352447 ], [ 77.2215437, 28.6352119 ] ] } },
{ "type": "Feature", "properties": { "name": "Outer Circle", "highway": "secondary", "slope_pct": 0.6 }, "geometry": { "type": "LineString", "coordinates": [ [ 77.2224344, 28.631252 ], [ 77.222269, 28.6310064 ] ] } },
{ "type": "Feature", "properties": { "name": "Arterial Link", "highway": "secondary", "slope_pct": 0.6 }, "geometry": { "type": "LineString", "coordinates": [ [ 77.2224344, 28.631252 ], [ 77.222658, 28.6311245 ] ] } },
{ "type": "Feature", "properties": { "name": "Radial Road 7", "highway": "tertiary", "slope_pct": 0.6 }, "geometry": { "type": "LineString", "coordinates": [ [ 77.2217092, 28.631635 ], [ 77.2222317, 28.6313427 ], [ 77.2222428, 28.6313365 ], [ 77.2224344, 28.631252 ] ] } },
{ "type": "Feature", "properties": { "name": "Middle Circle", "highway": "residential", "slope_pct": 0.6 }, "geometry": { "type": "LineString", "coordinates": [ [ 77.2195322, 28.6306928 ], [ 77.2197362, 28.6306881 ], [ 77.2197441, 28.6306879 ], [ 77.2199556, 28.6306994 ], [ 77.2200739, 28.6307132 ], [ 77.2201652, 28.6307271 ], [ 77.2203711, 28.630771 ], [ 77.2205719, 28.6308305 ], [ 77.2207434, 28.6308967 ], [ 77.2207659, 28.6309054 ], [ 77.2209517, 28.6309949 ], [ 77.2211278, 28.6310984 ], [ 77.2212929, 28.631205 ], [ 77.2214484, 28.6313298 ], [ 77.221582, 28.6314584 ], [ 77.2217092, 28.631635 ], [ 77.2218192, 28.6317961 ], [ 77.2218375, 28.6318251 ], [ 77.2219124, 28.6319651 ], [ 77.2219756, 28.6321115 ], [ 77.2219882, 28.6321408 ], [ 77.2220459, 28.6323216 ], [ 77.2220743, 28.6324555 ], [ 77.222085, 28.6325062 ], [ 77.2221005, 28.6326494 ], [ 77.2221053, 28.6326932 ], [ 77.2221065, 28.6328501 ], [ 77.2221067, 28.632881 ], [ 77.222089, 28.6330682 ], [ 77.2220524, 28.6332532 ], [ 77.2219973, 28.6334347 ], [ 77.2219474, 28.6335548 ], [ 77.221924, 28.6336111 ], [ 77.2218332, 28.6337812 ], [ 77.2217344, 28.6339312 ], [ 77.2217209, 28.6339483 ], [ 77.221622, 28.6340736 ], [ 77.2215063, 28.6341971 ], [ 77.2214967, 28.6342074 ], [ 77.2213593, 28.6343318 ], [ 77.2212215, 28.6344376 ], [ 77.2212107, 28.6344459 ], [ 77.2210037, 28.6345795 ], [ 77.2209104, 28.6346269 ], [ 77.2207766, 28.6346899 ], [ 77.2207631, 28.6346962 ], [ 77.2206106, 28.6347563 ], [ 77.2204537, 28.6348069 ], [ 77.2202932, 28.6348479 ], [ 77.2201298, 28.634879 ], [ 77.2199644, 28.6349001 ], [ 77.2198366, 28.6349075 ], [ 77.2196441, 28.6349121 ], [ 77.2195578, 28.6349079 ], [ 77.2194908, 28.6349046 ], [ 77.2193384, 28.6348886 ], [ 77.2191875, 28.634864 ], [ 77.2190386, 28.634831 ], [ 77.2188924, 28.6347898 ], [ 77.2187906, 28.6347546 ], [ 77.2187496, 28.6347405 ], [ 77.2186106, 28.6346833 ], [ 77.2184742, 28.6346175 ], [ 77.218343, 28.6345441 ], [ 77.2182175, 28.6344634 ], [ 77.2180982, 28.6343758 ], [ 77.2179855, 28.6342816 ], [ 77.2178801, 28.6341812 ], [ 77.2178323, 28.6341288 ], [ 77.2177822, 28.634075 ], [ 77.2176776, 28.63394 ], [ 77.2176204, 28.6338616 ], [ 77.2175675, 28.6337761 ], [ 77.2175552, 28.6337563 ], [ 77.2174968, 28.6336479 ], [ 77.2174456, 28.6335367 ], [ 77.2174016, 28.6334232 ], [ 77.217365, 28.6333077 ], [ 77.217336, 28.6331905 ], [ 77.2173146, 28.6330721 ], [ 77.2173009, 28.6329528 ], [ 77.2172949, 28.632833 ], [ 77.2172966, 28.6327131 ], [ 77.2173061, 28.6325935 ], [ 77.2173233, 28.6324745 ], [ 77.2173482, 28.6323566 ], [ 77.2173807, 28.6322402 ], [ 77.2174206, 28.6321255 ], [ 77.217476, 28.6319913 ], [ 77.2175224, 28.6319031 ], [ 77.2175751, 28.6318278 ] ] } },
{ "type": "Feature", "properties": { "name": "Radial Road 7", "highway": "tertiary", "slope_pct": 0.6 }, "geometry": { "type": "LineString", "coordinates": [ [ 77.2207567, 28.6321678 ], [ 77.221105, 28.6319768 ], [ 77.2212982, 28.6318649 ], [ 77.2217092, 28.631635 ] ] } },
{ "type": "Feature", "properties": { "name": "Radial Road 6", "highway": "tertiary", "slope_pct": 0.6 }, "geometry": { "type": "LineString", "coordinates": [ [ 77.2225404, 28.6341977 ], [ 77.222516, 28.634119 ], [ 77.2224949, 28.6340854 ], [ 77.2224685, 28.6340597 ], [ 77.2224339, 28.6340366 ], [ 77.222397, 28.6340157 ], [ 77.2223711, 28.6340049 ], [ 77.2218332, 28.6337812 ], [ 77.2211753, 28.6335124 ], [ 77.2208092, 28.6333557 ] ] } },
{ "type": "Feature", "properties": { "name": "Vivekanand Marg", "highway": "secondary", "slope_pct": 0.6 }, "geometry": { "type": "LineString", "coordinates": [ [ 77.2258197, 28.6409537 ], [ 77.2251623, 28.6400943 ], [ 77.2244473, 28.6391336 ], [ 77.2235225, 28.6379931 ], [ 77.2234861, 28.6379377 ], [ 77.2233195, 28.637684 ], [ 77.2232788, 28.637622 ], [ 77.2232695, 28.6376078 ], [ 77.2232308, 28.6375495 ], [ 77.2231954, 28.6374963 ], [ 77.2231056, 28.6373668 ], [ 77.2230364, 28.6372715 ], [ 77.2228843, 28.637062 ], [ 77.2223329, 28.6363052 ], [ 77.2216843, 28.6353997 ], [ 77.2215968, 28.6352776 ], [ 77.2215437, 28.6352119 ] ] } },
{ "type": "Feature", "properties": { "name": "Chelmsford Road", "highway": "secondary", "slope_pct": 0.6 }, "geometry": { "type": "LineString", "coordinates": [ [ 77.2182675, 28.6357466 ], [ 77.2182896, 28.6358681 ], [ 77.2183298, 28.6363056 ], [ 77.2183452, 28.6365293 ], [ 77.2183747, 28.6369594 ], [ 77.2183874, 28.6371377 ], [ 77.2183923, 28.637273 ], [ 77.2184057, 28.6376461 ], [ 77.2184561, 28.6383126 ], [ 77.2184857, 28.6388892 ], [ 77.2185261, 28.6394258 ], [ 77.2185643, 28.6399033 ], [ 77.2185989, 28.6408926 ], [ 77.2185189, 28.6414122 ], [ 77.2184547, 28.6418752 ] ] } },
{ "type": "Feature", "properties": { "name": "Basant Lane", "highway": "residential", "slope_pct": 0.6 }, "geometry": { "type": "LineString", "coordinates": [ [ 77.2147056, 28.6373862 ], [ 77.2164119, 28.6364347 ], [ 77.2164582, 28.6364089 ], [ 77.2169391, 28.6361495 ], [ 77.2175588, 28.6358152 ], [ 77.2181403, 28.6355015 ] ] } },
{ "type": "Feature", "properties": { "name": "Arterial Link", "highway": "residential", "slope_pct": 0.6 }, "geometry": { "type": "LineString", "coordinates": [ [ 77.2177668, 28.6427753 ], [ 77.2178592, 28.6425251 ], [ 77.2179478, 28.642295 ], [ 77.2181178, 28.6418203 ] ] } },
{ "type": "Feature", "properties": { "name": "Radial Road 5", "highway": "tertiary", "slope_pct": 0.6 }, "geometry": { "type": "LineString", "coordinates": [ [ 77.2203928, 28.6337427 ], [ 77.2206138, 28.634046 ], [ 77.2207802, 28.6342737 ], [ 77.2210037, 28.6345795 ], [ 77.2213324, 28.6350104 ], [ 77.2213471, 28.6350297 ], [ 77.2213842, 28.6350783 ], [ 77.2214219, 28.6351136 ], [ 77.2214718, 28.6351402 ], [ 77.2215809, 28.6351806 ] ] } },
{ "type": "Feature", "properties": { "name": "Outer Circle", "highway": "secondary", "slope_pct": 0.6 }, "geometry": { "type": "LineString", "coordinates": [ [ 77.2188663, 28.6355861 ], [ 77.2191658, 28.6356418 ], [ 77.2194699, 28.6356738 ], [ 77.2196659, 28.6357004 ], [ 77.2197623, 28.6357135 ], [ 77.21982, 28.6357191 ], [ 77.2198833, 28.6357191 ], [ 77.2199296, 28.6357173 ], [ 77.2199976, 28.6357078 ], [ 77.2200349, 28.6356967 ], [ 77.2204439, 28.6355749 ], [ 77.2210487, 28.6353948 ], [ 77.2213076, 28.6353155 ], [ 77.2213537, 28.6353014 ], [ 77.221439, 28.6352759 ] ] } },
{ "type": "Feature", "properties": { "name": "Outer Circle", "highway": "secondary", "slope_pct": 0.6 }, "geometry": { "type": "LineString", "coordinates": [ [ 77.221405, 28.630292 ], [ 77.221227, 28.6302052 ], [ 77.2210434, 28.6301283 ], [ 77.2209174, 28.6300832 ] ] } },
{ "type": "Feature", "properties": { "name": "Kasturba Gandhi Marg", "highway": "secondary", "slope_pct": 0.6 }, "geometry": { "type": "LineString", "coordinates": [ [ 77.2212686, 28.6299754 ], [ 77.2212607, 28.6299818 ], [ 77.2212246, 28.6300107 ], [ 77.2211742, 28.6300497 ], [ 77.2211151, 28.6300775 ], [ 77.2210495, 28.6300946 ], [ 77.2209832, 28.6300947 ], [ 77.2209174, 28.6300832 ] ] } },
{ "type": "Feature", "properties": { "name": "Vivekanand Marg", "highway": "secondary", "slope_pct": 0.6 }, "geometry": { "type": "LineString", "coordinates": [ [ 77.221439, 28.6352759 ], [ 77.221488, 28.6353413 ], [ 77.2215743, 28.6354598 ], [ 77.2222342, 28.6363652 ], [ 77.2227287, 28.6370455 ], [ 77.2229782, 28.6373845 ], [ 77.2230935, 28.637544 ], [ 77.2231437, 28.6376085 ], [ 77.2231944, 28.6376764 ], [ 77.2233108, 28.6378324 ], [ 77.2234325, 28.6380016 ], [ 77.2243133, 28.6391778 ] ] } },
{ "type": "Feature", "properties": { "name": "State Entry Road", "highway": "residential", "slope_pct": 0.6 }, "geometry": { "type": "LineString", "coordinates": [ [ 77.2198833, 28.6357191 ], [ 77.2198894, 28.6358178 ], [ 77.2199077, 28.6361156 ], [ 77.2199334, 28.6365354 ], [ 77.2199557, 28.6370997 ] ] } },
{ "type": "Feature", "properties": { "name": "Chelmsford Road", "highway": "secondary", "slope_pct": 0.6 }, "geometry": { "type": "LineString", "coordinates": [ [ 77.2185325, 28.6418874 ], [ 77.2185748, 28.6416689 ], [ 77.2186323, 28.6413925 ], [ 77.2187085, 28.640951 ], [ 77.2187112, 28.6407432 ], [ 77.2186753, 28.6401746 ], [ 77.2186592, 28.6398874 ], [ 77.218552, 28.6385032 ], [ 77.2184815, 28.6372739 ], [ 77.2184745, 28.6371513 ], [ 77.2184469, 28.636961 ], [ 77.218391, 28.6361585 ], [ 77.2183633, 28.6358779 ], [ 77.2183568, 28.6357504 ] ] } },
{ "type": "Feature", "properties": { "name": "Babu Ram Solanki Marg", "highway": "secondary", "slope_pct": 0.6 }, "geometry": { "type": "LineString", "coordinates": [ [ 77.2178703, 28.6485677 ], [ 77.2178971, 28.6483794 ], [ 77.2179103, 28.648086 ], [ 77.2179145, 28.6479938 ], [ 77.2179234, 28.647781 ], [ 77.2179413, 28.6473535 ], [ 77.2179508, 28.6466959 ], [ 77.2179704, 28.6463196 ], [ 77.2179749, 28.6462279 ], [ 77.2179749, 28.6459478 ], [ 77.2179615, 28.6456418 ], [ 77.2179547, 28.6455753 ], [ 77.2179454, 28.6454841 ], [ 77.2179454, 28.6453758 ], [ 77.2179508, 28.6452887 ], [ 77.2179829, 28.6451004 ], [ 77.2180017, 28.6449239 ], [ 77.2180259, 28.6446908 ], [ 77.2180665, 28.6445146 ], [ 77.2180837, 28.6444156 ], [ 77.2181144, 28.6442883 ], [ 77.2181117, 28.6441729 ], [ 77.2181099, 28.6441158 ], [ 77.2181049, 28.6439551 ], [ 77.2181066, 28.6438916 ], [ 77.218109, 28.6437987 ], [ 77.2181975, 28.6433867 ], [ 77.2182289, 28.6432488 ], [ 77.218278, 28.6429583 ], [ 77.2184067, 28.642431 ], [ 77.2184839, 28.6421003 ], [ 77.2184972, 28.6420214 ], [ 77.2185325, 28.6418874 ] ] } },
{ "type": "Feature", "properties": { "name": "Arterial Link", "highway": "residential", "slope_pct": 0.6 }, "geometry": { "type": "LineString", "coordinates": [ [ 77.218502, 28.6405835 ], [ 77.2184621, 28.6399081 ], [ 77.2183782, 28.6386708 ], [ 77.2183458, 28.6380406 ], [ 77.2182916, 28.6371278 ], [ 77.2182492, 28.6367794 ], [ 77.2182227, 28.6361335 ], [ 77.2182284, 28.6359084 ], [ 77.2182438, 28.6357914 ], [ 77.2182574, 28.6357188 ] ] } },
{ "type": "Feature", "properties": { "name": "Arterial Link", "highway": "residential", "slope_pct": 0.6 }, "geometry": { "type": "LineString", "coordinates": [ [ 77.2179481, 28.6433809 ], [ 77.2180907, 28.6428155 ], [ 77.2182277, 28.6421943 ], [ 77.2183999, 28.6421355 ] ] } },
{ "type": "Feature", "properties": { "name": "Arterial Link", "highway": "residential", "slope_pct": 0.6 }, "geometry": { "type": "LineString", "coordinates": [ [ 77.218387, 28.6356953 ], [ 77.2184567, 28.6357804 ], [ 77.2185033, 28.6364078 ], [ 77.2185591, 28.6371586 ], [ 77.2187454, 28.6400798 ] ] } },
{ "type": "Feature", "properties": { "name": "Babu Ram Solanki Marg", "highway": "secondary", "slope_pct": 0.6 }, "geometry": { "type": "LineString", "coordinates": [ [ 77.2184547, 28.6418752 ], [ 77.2184321, 28.6420101 ], [ 77.2184124, 28.6420809 ], [ 77.2183999, 28.6421355 ], [ 77.2183471, 28.6423661 ], [ 77.2182369, 28.6428336 ], [ 77.2182287, 28.6429108 ], [ 77.2181595, 28.6432361 ], [ 77.2180927, 28.6434785 ], [ 77.2180283, 28.6437936 ], [ 77.2180229, 28.6439381 ], [ 77.2180218, 28.6439669 ], [ 77.218022, 28.6441051 ] ] } },
{ "type": "Feature", "properties": { "name": "Arterial Link", "highway": "residential", "slope_pct": 0.6 }, "geometry": { "type": "LineString", "coordinates": [ [ 77.2157564, 28.6404267 ], [ 77.2159115, 28.6404233 ], [ 77.2160802, 28.6404131 ], [ 77.2162286, 28.6404062 ], [ 77.2164658, 28.6404027 ], [ 77.2167362, 28.640419 ], [ 77.2169071, 28.64043 ], [ 77.216991, 28.6404223 ], [ 77.2170631, 28.6404112 ] ] } },
{ "type": "Feature", "properties": { "name": "Arterial Link", "highway": "residential", "slope_pct": 0.6 }, "geometry": { "type": "LineString", "coordinates": [ [ 77.2153208, 28.6401572 ], [ 77.2157567, 28.6401322 ] ] } },
{ "type": "Feature", "properties": { "name": "Arterial Link", "highway": "residential", "slope_pct": 0.6 }, "geometry": { "type": "LineString", "coordinates": [ [ 77.2164658, 28.6404027 ], [ 77.2164206, 28.6401403 ], [ 77.2164195, 28.6401158 ], [ 77.2164282, 28.6400958 ], [ 77.2164477, 28.6400816 ], [ 77.2167311, 28.6399883 ] ] } },
{ "type": "Feature", "properties": { "name": "Arterial Link", "highway": "residential", "slope_pct": 0.6 }, "geometry": { "type": "LineString", "coordinates": [ [ 77.2157907, 28.6414496 ], [ 77.2158256, 28.6413316 ], [ 77.2158564, 28.6412545 ], [ 77.2159026, 28.6411788 ], [ 77.2159812, 28.6410612 ] ] } },
{ "type": "Feature", "properties": { "name": "Arterial Link", "highway": "residential", "slope_pct": 0.6 }, "geometry": { "type": "LineString", "coordinates": [ [ 77.2167362, 28.640419 ], [ 77.2167335, 28.6406448 ], [ 77.216721, 28.64078 ], [ 77.2167032, 28.6408669 ], [ 77.2166804, 28.6410404 ], [ 77.2166732, 28.6410984 ], [ 77.2166426, 28.6413881 ] ] } },
{ "type": "Feature", "properties": { "name": "Arterial Link", "highway": "residential", "slope_pct": 0.6 }, "geometry": { "type": "LineString", "coordinates": [ [ 77.2157339, 28.6414373 ], [ 77.2156044, 28.6418009 ] ] } },
{ "type": "Feature", "properties": { "name": "Basant Road", "highway": "residential", "slope_pct": 0.6 }, "geometry": { "type": "LineString", "coordinates": [ [ 77.2182268, 28.6418392 ], [ 77.2176978, 28.6411448 ], [ 77.2176094, 28.6410406 ], [ 77.2173757, 28.6407655 ], [ 77.2170631, 28.6404112 ], [ 77.2170228, 28.6403487 ] ] } },
{ "type": "Feature", "properties": { "name": "Arterial Link", "highway": "residential", "slope_pct": 0.6 }, "geometry": { "type": "LineString", "coordinates": [ [ 77.2192025, 28.6368634 ], [ 77.2192061, 28.6371128 ], [ 77.2192067, 28.6371506 ], [ 77.2192193, 28.6375307 ] ] } },
{ "type": "Feature", "properties": { "name": "Arterial Link", "highway": "secondary", "slope_pct": 0.6 }, "geometry": { "type": "LineString", "coordinates": [ [ 77.2222342, 28.6363652 ], [ 77.2223329, 28.6363052 ] ] } },
{ "type": "Feature", "properties": { "name": "Arterial Link", "highway": "secondary_link", "slope_pct": 0.6 }, "geometry": { "type": "LineString", "coordinates": [ [ 77.2234908, 28.6373343 ], [ 77.2234087, 28.6373456 ], [ 77.2233255, 28.6373445 ], [ 77.2232437, 28.6373339 ], [ 77.2231767, 28.6373174 ], [ 77.2230364, 28.6372715 ] ] } },
{ "type": "Feature", "properties": { "name": "Arterial Link", "highway": "residential", "slope_pct": 0.6 }, "geometry": { "type": "LineString", "coordinates": [ [ 77.2222188, 28.6374021 ], [ 77.2223827, 28.6376552 ], [ 77.2224396, 28.6377268 ], [ 77.2224948, 28.6377698 ], [ 77.2226179, 28.6377746 ], [ 77.2227793, 28.6377395 ] ] } },
{ "type": "Feature", "properties": { "name": "Arterial Link", "highway": "residential", "slope_pct": 0.6 }, "geometry": { "type": "LineString", "coordinates": [ [ 77.2222218, 28.6380389 ], [ 77.2222729, 28.6386015 ] ] } },
{ "type": "Feature", "properties": { "name": "Arterial Link", "highway": "residential", "slope_pct": 0.6 }, "geometry": { "type": "LineString", "coordinates": [ [ 77.2224981, 28.6380177 ], [ 77.2225495, 28.6385846 ] ] } },
{ "type": "Feature", "properties": { "name": "Arterial Link", "highway": "residential", "slope_pct": 0.6 }, "geometry": { "type": "LineString", "coordinates": [ [ 77.2227636, 28.6379895 ], [ 77.2224981, 28.6380177 ], [ 77.2222218, 28.6380389 ], [ 77.2220482, 28.6380574 ], [ 77.2220134, 28.6380745 ], [ 77.2219998, 28.6381072 ], [ 77.2220394, 28.6385945 ], [ 77.2220532, 28.6386119 ], [ 77.2220837, 28.6386216 ], [ 77.2222729, 28.6386015 ], [ 77.2225495, 28.6385846 ], [ 77.2228119, 28.6385686 ] ] } },
{ "type": "Feature", "properties": { "name": "Arterial Link", "highway": "residential", "slope_pct": 0.6 }, "geometry": { "type": "LineString", "coordinates": [ [ 77.2228422, 28.6389127 ], [ 77.2228119, 28.6385686 ], [ 77.2227636, 28.6379895 ], [ 77.2227663, 28.6379165 ], [ 77.2227793, 28.6377395 ], [ 77.2228473, 28.637721 ] ] } },
{ "type": "Feature", "properties": { "name": "Arterial Link", "highway": "residential", "slope_pct": 0.6 }, "geometry": { "type": "LineString", "coordinates": [ [ 77.222858, 28.6390768 ], [ 77.2229685, 28.6401371 ], [ 77.2229336, 28.6402319 ] ] } },
{ "type": "Feature", "properties": { "name": "Arterial Link", "highway": "residential", "slope_pct": 0.6 }, "geometry": { "type": "LineString", "coordinates": [ [ 77.2224948, 28.6377698 ], [ 77.2220534, 28.6378178 ] ] } },
{ "type": "Feature", "properties": { "name": "Arterial Link", "highway": "residential", "slope_pct": 0.6 }, "geometry": { "type": "LineString", "coordinates": [ [ 77.2228473, 28.637721 ], [ 77.2228798, 28.6377125 ], [ 77.2230101, 28.6376948 ], [ 77.2230817, 28.6376865 ] ] } },
{ "type": "Feature", "properties": { "name": "Arterial Link", "highway": "residential", "slope_pct": 0.6 }, "geometry": { "type": "LineString", "coordinates": [ [ 77.2233543, 28.6389568 ], [ 77.2228494, 28.6389947 ] ] } },
{ "type": "Feature", "properties": { "name": "Arterial Link", "highway": "residential", "slope_pct": 0.6 }, "geometry": { "type": "LineString", "coordinates": [ [ 77.2228494, 28.6389947 ], [ 77.222858, 28.6390768 ] ] } },
{ "type": "Feature", "properties": { "name": "Arterial Link", "highway": "residential", "slope_pct": 0.6 }, "geometry": { "type": "LineString", "coordinates": [ [ 77.2228494, 28.6389947 ], [ 77.2228422, 28.6389127 ] ] } },
{ "type": "Feature", "properties": { "name": "Arterial Link", "highway": "secondary", "slope_pct": 0.6 }, "geometry": { "type": "LineString", "coordinates": [ [ 77.2231437, 28.6376085 ], [ 77.2230966, 28.6376494 ], [ 77.2230817, 28.6376865 ] ] } },
{ "type": "Feature", "properties": { "name": "Arterial Link", "highway": "secondary", "slope_pct": 0.6 }, "geometry": { "type": "LineString", "coordinates": [ [ 77.2230817, 28.6376865 ], [ 77.2231371, 28.6376913 ], [ 77.2231944, 28.6376764 ] ] } },
{ "type": "Feature", "properties": { "name": "Tilak Gali", "highway": "residential", "slope_pct": 0.6 }, "geometry": { "type": "LineString", "coordinates": [ [ 77.2092089, 28.6425823 ], [ 77.2093697, 28.6425984 ], [ 77.2098256, 28.6426672 ], [ 77.2104566, 28.6427229 ], [ 77.2109042, 28.642833 ], [ 77.2112621, 28.6428937 ], [ 77.211451, 28.6429258 ], [ 77.211869, 28.6429803 ], [ 77.2119181, 28.6430094 ], [ 77.2119487, 28.6430692 ], [ 77.2119669, 28.6432124 ], [ 77.2119978, 28.6434197 ], [ 77.2120531, 28.6436195 ] ] } },
{ "type": "Feature", "properties": { "name": "Arterial Link", "highway": "residential", "slope_pct": 0.6 }, "geometry": { "type": "LineString", "coordinates": [ [ 77.2092089, 28.6425823 ], [ 77.209031, 28.642624 ], [ 77.2089354, 28.6426464 ] ] } }
]
}
