{
"type": "FeatureCollection",
"name": "roads_28.54_77.19",
"crs": { "type": "name", "properties": { "name": "urn:ogc:def:crs:OGC:1.3:CRS84" } },
"features": [
{ "type": "Feature", "properties": { "name": "Shaheed Jeet Singh Marg", "highway": "secondary", "slope_pct": 0.6 }, "geometry": { "type": "LineString", "coordinates": [ [ 77.1969809, 28.5364272 ], [ 77.1965624, 28.536615 ], [ 77.1958932, 28.5368777 ], [ 77.1949249, 28.5372347 ], [ 77.1945736, 28.5373537 ], [ 77.1940465, 28.5375481 ], [ 77.1932432, 28.5378344 ], [ 77.1923621, 28.5381525 ], [ 77.1915869, 28.5384152 ], [ 77.1907434, 28.538731 ], [ 77.1899615, 28.5390043 ], [ 77.1896611, 28.5391021 ], [ 77.1891461, 28.5392888 ], [ 77.1888741, 28.5393895 ], [ 77.1885802, 28.539485 ], [ 77.1882846, 28.5395912 ] ] } },
{ "type": "Feature", "properties": { "name": "Urban Corridor", "highway": "secondary", "slope_pct": 0.6 }, "geometry": { "type": "LineString", "coordinates": [ [ 77.1837566, 28.5508821 ], [ 77.1839109, 28.5507821 ], [ 77.1839527, 28.550755 ], [ 77.1840132, 28.5507158 ], [ 77.1841068, 28.5506605 ], [ 77.1843963, 28.5504811 ], [ 77.1845565, 28.550383 ], [ 77.1850707, 28.5501507 ], [ 77.1855827, 28.5499535 ], [ 77.1877396, 28.5491226 ], [ 77.1878334, 28.5490072 ] ] } },
{ "type": "Feature", "properties": { "name": "Urban Corridor", "highway": "secondary", "slope_pct": 0.6 }, "geometry": { "type": "LineString", "coordinates": [ [ 77.1880371, 28.5487927 ], [ 77.1878944, 28.5487801 ], [ 77.1875247, 28.5489003 ], [ 77.1854541, 28.5497261 ], [ 77.1849927, 28.5499028 ], [ 77.1844335, 28.5501585 ], [ 77.1842323, 28.550281 ], [ 77.1839292, 28.5504482 ], [ 77.1838702, 28.5504777 ], [ 77.183799, 28.5505182 ], [ 77.1837656, 28.5505392 ] ] } },
{ "type": "Feature", "properties": { "name": "Gamal Abdel Nasser Marg", "highway": "tertiary", "slope_pct": 0.6 }, "geometry": { "type": "LineString", "coordinates": [ [ 77.2012989, 28.544581 ], [ 77.2007133, 28.5447847 ], [ 77.2006081, 28.544818 ], [ 77.2000659, 28.5449566 ], [ 77.1995736, 28.5450681 ], [ 77.1982544, 28.5453675 ], [ 77.1977023, 28.5456036 ] ] } },
{ "type": "Feature", "properties": { "name": "IIT Flyover", "highway": "primary", "slope_pct": 0.6 }, "geometry": { "type": "LineString", "coordinates": [ [ 77.2039706, 28.5438049 ], [ 77.203636, 28.543864 ], [ 77.2032731, 28.5439528 ], [ 77.2029186, 28.5440648 ], [ 77.2010056, 28.5447663 ], [ 77.2006347, 28.5448896 ], [ 77.2001435, 28.5450349 ], [ 77.1996173, 28.5451582 ], [ 77.1985605, 28.5453954 ] ] } },
{ "type": "Feature", "properties": { "name": "Aurobindo Marg", "highway": "trunk", "slope_pct": 0.6 }, "geometry": { "type": "LineString", "coordinates": [ [ 77.1974134, 28.5363349 ], [ 77.1974705, 28.5364407 ] ] } },
{ "type": "Feature", "properties": { "name": "IIT Flyover", "highway": "primary", "slope_pct": 0.6 }, "geometry": { "type": "LineString", "coordinates": [ [ 77.1986016, 28.5454711 ], [ 77.1996542, 28.5452274 ], [ 77.2001755, 28.5451086 ], [ 77.2006817, 28.5449765 ], [ 77.2010827, 28.5448488 ], [ 77.2029691, 28.5441304 ], [ 77.2031841, 28.5440574 ], [ 77.2034036, 28.5439954 ], [ 77.2036267, 28.5439445 ], [ 77.2038528, 28.543905 ], [ 77.20399, 28.5438867 ] ] } },
{ "type": "Feature", "properties": { "name": "Hauz Khas Village Road", "highway": "residential", "slope_pct": 0.6 }, "geometry": { "type": "LineString", "coordinates": [ [ 77.2015773, 28.5531608 ], [ 77.2010099, 28.5532825 ], [ 77.200913, 28.5533095 ], [ 77.1994577, 28.553715 ], [ 77.1965857, 28.5545419 ] ] } },
{ "type": "Feature", "properties": { "name": "Hauz Khas Village Road", "highway": "residential", "slope_pct": 0.6 }, "geometry": { "type": "LineString", "coordinates": [ [ 77.1941134, 28.5535112 ], [ 77.1941189, 28.5535214 ], [ 77.1941996, 28.5536715 ], [ 77.1942354, 28.5537342 ], [ 77.1942517, 28.5537667 ], [ 77.1942726, 28.5538038 ], [ 77.1943558, 28.5540284 ], [ 77.1944167, 28.5541637 ], [ 77.1944503, 28.5542121 ], [ 77.194487, 28.5542493 ], [ 77.1946156, 28.5543599 ], [ 77.1947845, 28.5544644 ], [ 77.195093, 28.5546245 ], [ 77.1951885, 28.5546794 ], [ 77.195244, 28.5547001 ] ] } },
{ "type": "Feature", "properties": { "name": "USO Marg", "highway": "residential", "slope_pct": 0.6 }, "geometry": { "type": "LineString", "coordinates": [ [ 77.1794867, 28.5437523 ], [ 77.179269, 28.5432662 ], [ 77.1792238, 28.5431653 ], [ 77.1791829, 28.5430971 ], [ 77.1791155, 28.5430001 ], [ 77.1790624, 28.5429414 ], [ 77.1784749, 28.5420097 ] ] } },
{ "type": "Feature", "properties": { "name": "Urban Corridor", "highway": "residential", "slope_pct": 0.6 }, "geometry": { "type": "LineString", "coordinates": [ [ 77.1796565, 28.541436 ], [ 77.1796272, 28.5414417 ], [ 77.1796014, 28.5414497 ], [ 77.1784749, 28.5420097 ], [ 77.1783431, 28.5420767 ], [ 77.177571, 28.5424693 ], [ 77.1774154, 28.5425483 ], [ 77.1770479, 28.5427352 ] ] } },
{ "type": "Feature", "properties": { "name": "Aurobindo Marg", "highway": "trunk", "slope_pct": 0.6 }, "geometry": { "type": "LineString", "coordinates": [ [ 77.1974153, 28.536086 ], [ 77.1972135, 28.535679 ], [ 77.1967857, 28.5346822 ], [ 77.1965076, 28.5339251 ], [ 77.1963597, 28.5335754 ], [ 77.1962333, 28.5333793 ], [ 77.1959268, 28.5329873 ], [ 77.1956147, 28.5325928 ], [ 77.1951125, 28.5320017 ] ] } },
{ "type": "Feature", "properties": { "name": "Urban Corridor", "highway": "residential", "slope_pct": 0.6 }, "geometry": { "type": "LineString", "coordinates": [ [ 77.1832701, 28.556044 ], [ 77.1824674, 28.556198 ], [ 77.1822917, 28.5562257 ], [ 77.1822451, 28.5562286 ], [ 77.1822093, 28.5562219 ], [ 77.182165, 28.5562063 ], [ 77.1821268, 28.5561862 ], [ 77.1820886, 28.5561521 ], [ 77.1820397, 28.5560999 ], [ 77.1819019, 28.5559527 ], [ 77.1818109, 28.5558512 ], [ 77.1816221, 28.5556406 ], [ 77.1811861, 28.5551496 ] ] } },
{ "type": "Feature", "properties": { "name": "Urban Corridor", "highway": "residential", "slope_pct": 0.6 }, "geometry": { "type": "LineString", "coordinates": [ [ 77.1833881, 28.5538374 ], [ 77.1834096, 28.5538314 ], [ 77.1835879, 28.553782 ], [ 77.1837696, 28.5537313 ], [ 77.1840984, 28.5536415 ], [ 77.1842826, 28.5535871 ], [ 77.1844549, 28.5535343 ], [ 77.1846338, 28.5534796 ], [ 77.1847887, 28.5534271 ], [ 77.1852009, 28.5533061 ] ] } },
{ "type": "Feature", "properties": { "name": "Urban Corridor", "highway": "residential", "slope_pct": 0.6 }, "geometry": { "type": "LineString", "coordinates": [ [ 77.180809, 28.5562171 ], [ 77.1808204, 28.5562087 ], [ 77.181067, 28.5560333 ], [ 77.1811918, 28.5559451 ], [ 77.181482, 28.5557397 ], [ 77.1815044, 28.5557238 ], [ 77.1815268, 28.555708 ] ] } },
{ "type": "Feature", "properties": { "name": "Urban Corridor", "highway": "residential", "slope_pct": 0.6 }, "geometry": { "type": "LineString", "coordinates": [ [ 77.1802211, 28.5556414 ], [ 77.1809551, 28.5552669 ], [ 77.1811861, 28.5551496 ], [ 77.182023, 28.5546964 ], [ 77.1821389, 28.5546337 ] ] } },
{ "type": "Feature", "properties": { "name": "Urban Corridor", "highway": "residential", "slope_pct": 0.6 }, "geometry": { "type": "LineString", "coordinates": [ [ 77.1814831, 28.5535193 ], [ 77.1804152, 28.5537846 ], [ 77.1803542, 28.5537897 ] ] } },
{ "type": "Feature", "properties": { "name": "Urban Corridor", "highway": "residential", "slope_pct": 0.6 }, "geometry": { "type": "LineString", "coordinates": [ [ 77.1834692, 28.5559989 ], [ 77.1833391, 28.555748 ], [ 77.1833043, 28.555685 ], [ 77.1832553, 28.5556302 ], [ 77.1831942, 28.5555753 ], [ 77.1822837, 28.5548092 ], [ 77.1822277, 28.5547577 ], [ 77.1821918, 28.5547132 ], [ 77.1821389, 28.5546337 ], [ 77.1820711, 28.5544811 ], [ 77.1820329, 28.5543816 ], [ 77.1820182, 28.5543445 ], [ 77.1820007, 28.5543121 ], [ 77.1817406, 28.5539198 ], [ 77.1814831, 28.5535193 ] ] } },
{ "type": "Feature", "properties": { "name": "Urban Corridor", "highway": "residential", "slope_pct": 0.6 }, "geometry": { "type": "LineString", "coordinates": [ [ 77.1860932, 28.5379514 ], [ 77.1856952, 28.5380729 ], [ 77.1851965, 28.5382252 ], [ 77.1846916, 28.5383669 ], [ 77.1846113, 28.5383953 ], [ 77.1841299, 28.5385658 ], [ 77.1838965, 28.5386528 ], [ 77.1833106, 28.5388523 ], [ 77.183101, 28.5389193 ], [ 77.1825943, 28.5390832 ] ] } },
{ "type": "Feature", "properties": { "name": "Palam Marg", "highway": "primary", "slope_pct": 0.6 }, "geometry": { "type": "LineString", "coordinates": [ [ 77.1757299, 28.556008 ], [ 77.1768598, 28.5552315 ], [ 77.1777886, 28.5546314 ], [ 77.1778377, 28.5545993 ], [ 77.1781521, 28.5543937 ], [ 77.1786579, 28.5540718 ], [ 77.1787254, 28.5540288 ], [ 77.1794754, 28.5535515 ] ] } },
{ "type": "Feature", "properties": { "name": "Vedant Deshika Marg", "highway": "secondary", "slope_pct": 0.6 }, "geometry": { "type": "LineString", "coordinates": [ [ 77.1822525, 28.5515211 ], [ 77.182077, 28.5513106 ], [ 77.181129, 28.5501731 ], [ 77.1808562, 28.5498305 ], [ 77.1807213, 28.5496875 ], [ 77.1805766, 28.5495149 ], [ 77.1804561, 28.5493297 ], [ 77.1804052, 28.5492481 ], [ 77.180299, 28.5490631 ], [ 77.1802417, 28.548944 ], [ 77.1801698, 28.5487947 ], [ 77.1799769, 28.5482235 ], [ 77.1798529, 28.5478875 ], [ 77.1795735, 28.5470727 ] ] } },
{ "type": "Feature", "properties": { "name": "Aruna Asaf Ali Marg", "highway": "secondary", "slope_pct": 0.6 }, "geometry": { "type": "LineString", "coordinates": [ [ 77.1781615, 28.5445126 ], [ 77.1781994, 28.5445733 ], [ 77.1784423, 28.5449527 ], [ 77.1787439, 28.5454091 ], [ 77.1788356, 28.5455494 ], [ 77.1789293, 28.5457147 ], [ 77.1791181, 28.5460332 ], [ 77.1791273, 28.5460546 ], [ 77.1791414, 28.5460875 ], [ 77.1791829, 28.5461844 ], [ 77.1792276, 28.5462886 ], [ 77.1793737, 28.5467521 ], [ 77.1794235, 28.5469103 ], [ 77.1794586, 28.5470183 ], [ 77.1794808, 28.5470774 ], [ 77.1794929, 28.5471118 ] ] } },
{ "type": "Feature", "properties": { "name": "Urban Corridor", "highway": "secondary_link", "slope_pct": 0.6 }, "geometry": { "type": "LineString", "coordinates": [ [ 77.1825568, 28.5513316 ], [ 77.1824383, 28.5513563 ], [ 77.1822919, 28.5513544 ], [ 77.182165, 28.5513317 ], [ 77.182077, 28.5513106 ] ] } },
{ "type": "Feature", "properties": { "name": "Urban Corridor", "highway": "secondary_link", "slope_pct": 0.6 }, "geometry": { "type": "LineString", "coordinates": [ [ 77.1819349, 28.5512891 ], [ 77.1819626, 28.5513865 ], [ 77.1819626, 28.5515472 ], [ 77.181954, 28.5516758 ], [ 77.1819368, 28.5517293 ] ] } },
{ "type": "Feature", "properties": { "name": "Urban Corridor", "highway": "residential", "slope_pct": 0.6 }, "geometry": { "type": "LineString", "coordinates": [ [ 77.2000076, 28.5390968 ], [ 77.1999707, 28.5390148 ], [ 77.1999636, 28.5389927 ], [ 77.1999531, 28.5389595 ], [ 77.199855, 28.5386923 ], [ 77.1996653, 28.5384523 ], [ 77.199521, 28.5381606 ], [ 77.1994104, 28.5376853 ], [ 77.1994257, 28.5373278 ] ] } },
{ "type": "Feature", "properties": { "name": "Urban Corridor", "highway": "residential", "slope_pct": 0.6 }, "geometry": { "type": "LineString", "coordinates": [ [ 77.1994257, 28.5373278 ], [ 77.1996658, 28.5372857 ], [ 77.1999897, 28.5372288 ], [ 77.2003932, 28.537155 ], [ 77.2006225, 28.5371102 ], [ 77.2009231, 28.5370533 ], [ 77.2011953, 28.5370018 ], [ 77.2013575, 28.5369714 ], [ 77.2018466, 28.5368438 ], [ 77.2020643, 28.5368043 ], [ 77.2023118, 28.5367476 ], [ 77.2026133, 28.5366785 ], [ 77.2032753, 28.5365181 ], [ 77.2035196, 28.5364746 ], [ 77.2037701, 28.53643 ], [ 77.2040266, 28.5363758 ] ] } },
{ "type": "Feature", "properties": { "name": "Urban Corridor", "highway": "residential", "slope_pct": 0.6 }, "geometry": { "type": "LineString", "coordinates": [ [ 77.2033793, 28.5382208 ], [ 77.2030556, 28.5381687 ], [ 77.2027409, 28.5381195 ], [ 77.2024341, 28.5380743 ], [ 77.2021701, 28.5380413 ], [ 77.2018209, 28.5380064 ], [ 77.2017887, 28.5380085 ], [ 77.2014287, 28.5380367 ], [ 77.2011678, 28.5380853 ], [ 77.2008521, 28.5381441 ], [ 77.2006436, 28.5381892 ], [ 77.2005527, 28.5382103 ], [ 77.2002351, 28.5382901 ], [ 77.1999441, 28.5383729 ], [ 77.1996653, 28.5384523 ] ] } },
{ "type": "Feature", "properties": { "name": "Satsang Vihar Marg", "highway": "residential", "slope_pct": 0.6 }, "geometry": { "type": "LineString", "coordinates": [ [ 77.1796565, 28.541436 ], [ 77.1796844, 28.5414439 ], [ 77.1797066, 28.5414585 ], [ 77.1797283, 28.5414827 ], [ 77.1802632, 28.5423375 ], [ 77.1803874, 28.5425131 ], [ 77.1806839, 28.5429638 ], [ 77.1807446, 28.5430558 ] ] } },
{ "type": "Feature", "properties": { "name": "Urban Corridor", "highway": "residential", "slope_pct": 0.6 }, "geometry": { "type": "LineString", "coordinates": [ [ 77.1880997, 28.5376478 ], [ 77.1881182, 28.53766 ], [ 77.1881383, 28.5376695 ], [ 77.1881571, 28.537673 ], [ 77.1881758, 28.5376706 ], [ 77.1888404, 28.537455 ], [ 77.1889044, 28.5374147 ], [ 77.1889319, 28.5373708 ], [ 77.1889369, 28.5373381 ], [ 77.1889322, 28.5373107 ], [ 77.1885225, 28.5362733 ] ] } },
{ "type": "Feature", "properties": { "name": "Urban Corridor", "highway": "residential", "slope_pct": 0.6 }, "geometry": { "type": "LineString", "coordinates": [ [ 77.1880997, 28.5376478 ], [ 77.1880492, 28.5375298 ], [ 77.1879681, 28.53734 ], [ 77.1878886, 28.5371543 ], [ 77.1878078, 28.5369654 ], [ 77.1876608, 28.5366216 ] ] } },
{ "type": "Feature", "properties": { "name": "Urban Corridor", "highway": "residential", "slope_pct": 0.6 }, "geometry": { "type": "LineString", "coordinates": [ [ 77.1817214, 28.5370956 ], [ 77.1817187, 28.537132 ], [ 77.1817268, 28.5371665 ], [ 77.1819237, 28.5375912 ], [ 77.1820163, 28.5377729 ], [ 77.1822652, 28.5383402 ], [ 77.1823373, 28.5385005 ], [ 77.1824981, 28.5388651 ], [ 77.1825943, 28.5390832 ], [ 77.1827937, 28.5395353 ], [ 77.1829401, 28.5398671 ], [ 77.1835633, 28.5412979 ], [ 77.1835831, 28.5413274 ] ] } },
{ "type": "Feature", "properties": { "name": "Urban Corridor", "highway": "residential", "slope_pct": 0.6 }, "geometry": { "type": "LineString", "coordinates": [ [ 77.1915869, 28.5384152 ], [ 77.1907655, 28.5366731 ], [ 77.1905582, 28.5362334 ], [ 77.1905342, 28.5361826 ], [ 77.189867, 28.535382 ], [ 77.1898311, 28.53537 ], [ 77.1897959, 28.5353655 ], [ 77.1897416, 28.5353708 ], [ 77.1897007, 28.5353826 ], [ 77.1896511, 28.5354109 ], [ 77.1889559, 28.5359813 ], [ 77.1886479, 28.5361944 ], [ 77.1885225, 28.5362733 ], [ 77.1884717, 28.5362998 ], [ 77.1883716, 28.5363428 ], [ 77.1877131, 28.5366095 ], [ 77.1876608, 28.5366216 ], [ 77.1875793, 28.5366251 ], [ 77.186775, 28.5366297 ], [ 77.1857389, 28.5366356 ] ] } },
{ "type": "Feature", "properties": { "name": "Urban Corridor", "highway": "residential", "slope_pct": 0.6 }, "geometry": { "type": "LineString", "coordinates": [ [ 77.1854514, 28.5366372 ], [ 77.1840666, 28.5366632 ], [ 77.1836811, 28.5366705 ], [ 77.1834574, 28.5366901 ], [ 77.1834027, 28.5366921 ], [ 77.1830196, 28.5367061 ], [ 77.1829386, 28.5367205 ], [ 77.1825166, 28.5368204 ], [ 77.1821183, 28.5369433 ], [ 77.1818116, 28.5370373 ], [ 77.1817726, 28.5370522 ], [ 77.1817375, 28.5370744 ], [ 77.1817214, 28.5370956 ] ] } },
{ "type": "Feature", "properties": { "name": "Baba Gang Nath Marg", "highway": "tertiary", "slope_pct": 0.6 }, "geometry": { "type": "LineString", "coordinates": [ [ 77.1696783, 28.5515724 ], [ 77.1699988, 28.5513747 ], [ 77.1701572, 28.5512803 ], [ 77.1704223, 28.5511224 ], [ 77.1706234, 28.5510083 ], [ 77.1706893, 28.5509669 ], [ 77.1708097, 28.5508983 ], [ 77.1709808, 28.5508193 ], [ 77.1711799, 28.5507309 ], [ 77.1714153, 28.5506379 ], [ 77.1715907, 28.5505629 ], [ 77.1716717, 28.5505292 ], [ 77.1725834, 28.5501643 ], [ 77.1726062, 28.5501549 ], [ 77.1730515, 28.5499655 ], [ 77.1735624, 28.5497482 ], [ 77.1735905, 28.5497362 ], [ 77.1740892, 28.5495229 ], [ 77.1742713, 28.5494451 ], [ 77.1744516, 28.549368 ], [ 77.1751489, 28.5490759 ], [ 77.1752045, 28.5490485 ], [ 77.1754386, 28.5489416 ], [ 77.1755607, 28.5488741 ], [ 77.1756438, 28.5488269 ], [ 77.1757377, 28.5487727 ], [ 77.1758892, 28.54868 ], [ 77.1761502, 28.548529 ], [ 77.1762272, 28.5484845 ], [ 77.1766966, 28.54823 ], [ 77.1767514, 28.5482065 ], [ 77.1770479, 28.5480415 ], [ 77.1771426, 28.5479962 ], [ 77.1772531, 28.5479434 ], [ 77.1774208, 28.5478578 ], [ 77.1776139, 28.5477776 ], [ 77.1777842, 28.5477031 ], [ 77.1779182, 28.5476522 ], [ 77.1780289, 28.5476101 ], [ 77.1781584, 28.5475609 ], [ 77.1782606, 28.5475206 ], [ 77.1785285, 28.5474148 ], [ 77.1788718, 28.5473041 ], [ 77.1794351, 28.5471314 ], [ 77.1794929, 28.5471118 ], [ 77.1795735, 28.5470727 ] ] } },
{ "type": "Feature", "properties": { "name": "Urban Corridor", "highway": "residential", "slope_pct": 0.6 }, "geometry": { "type": "LineString", "coordinates": [ [ 77.2022011, 28.5481658 ], [ 77.2015621, 28.5484067 ], [ 77.2009009, 28.5486718 ], [ 77.2006595, 28.548786 ], [ 77.2003792, 28.5489357 ], [ 77.1999067, 28.5492103 ] ] } },
{ "type": "Feature", "properties": { "name": "Urban Corridor", "highway": "residential", "slope_pct": 0.6 }, "geometry": { "type": "LineString", "coordinates": [ [ 77.2001747, 28.5470378 ], [ 77.1997797, 28.54693 ], [ 77.1994063, 28.546819 ], [ 77.1993627, 28.5468128 ], [ 77.1993332, 28.5468128 ], [ 77.1992936, 28.5468181 ], [ 77.1990006, 28.5469071 ], [ 77.1987163, 28.5469636 ], [ 77.1981637, 28.5470897 ], [ 77.1974543, 28.5472204 ], [ 77.1971056, 28.5472887 ], [ 77.1965527, 28.5474087 ] ] } },
{ "type": "Feature", "properties": { "name": "Urban Corridor", "highway": "residential", "slope_pct": 0.6 }, "geometry": { "type": "LineString", "coordinates": [ [ 77.1993627, 28.5468128 ], [ 77.1991582, 28.5460979 ], [ 77.1991035, 28.5459007 ] ] } },
{ "type": "Feature", "properties": { "name": "Urban Corridor", "highway": "residential", "slope_pct": 0.6 }, "geometry": { "type": "LineString", "coordinates": [ [ 77.1995181, 28.5460163 ], [ 77.1997502, 28.5459638 ], [ 77.2009465, 28.5456927 ] ] } },
{ "type": "Feature", "properties": { "name": "Urban Corridor", "highway": "residential", "slope_pct": 0.6 }, "geometry": { "type": "LineString", "coordinates": [ [ 77.1987163, 28.5469636 ], [ 77.198701, 28.5469213 ], [ 77.1985218, 28.5464276 ], [ 77.1985101, 28.5464114 ], [ 77.1984876, 28.5463981 ], [ 77.1984413, 28.5463922 ], [ 77.1983394, 28.5464017 ], [ 77.1972563, 28.5465975 ] ] } },
{ "type": "Feature", "properties": { "name": "Urban Corridor", "highway": "residential", "slope_pct": 0.6 }, "geometry": { "type": "LineString", "coordinates": [ [ 77.1972639, 28.5466221 ], [ 77.1969436, 28.5466972 ], [ 77.1963782, 28.5468304 ] ] } },
{ "type": "Feature", "properties": { "name": "Urban Corridor", "highway": "residential", "slope_pct": 0.6 }, "geometry": { "type": "LineString", "coordinates": [ [ 77.1974543, 28.5472204 ], [ 77.1973295, 28.5468348 ], [ 77.1972639, 28.5466221 ], [ 77.1972563, 28.5465975 ], [ 77.1971815, 28.5463769 ], [ 77.1970419, 28.5459744 ] ] } },
{ "type": "Feature", "properties": { "name": "Urban Corridor", "highway": "residential", "slope_pct": 0.6 }, "geometry": { "type": "LineString", "coordinates": [ [ 77.1969436, 28.5466972 ], [ 77.1969142, 28.5465488 ], [ 77.19689, 28.5465221 ], [ 77.1968546, 28.5465159 ], [ 77.1967986, 28.5465302 ], [ 77.1963254, 28.5466467 ] ] } },
{ "type": "Feature", "properties": { "name": "Urban Corridor", "highway": "residential", "slope_pct": 0.6 }, "geometry": { "type": "LineString", "coordinates": [ [ 77.1981637, 28.5470897 ], [ 77.1982617, 28.547434 ], [ 77.1983126, 28.5476127 ], [ 77.1975361, 28.5478106 ], [ 77.1974908, 28.5478357 ], [ 77.1974697, 28.5478648 ], [ 77.197457, 28.5478996 ], [ 77.1974548, 28.5479283 ], [ 77.1974603, 28.5479585 ], [ 77.197528, 28.5481116 ], [ 77.1976739, 28.5483796 ], [ 77.1976808, 28.5483878 ], [ 77.1976943, 28.5483985 ], [ 77.1977018, 28.5483996 ], [ 77.1977111, 28.5483993 ], [ 77.198424, 28.5482398 ], [ 77.1987565, 28.5481699 ] ] } },
{ "type": "Feature", "properties": { "name": "Urban Corridor", "highway": "residential", "slope_pct": 0.6 }, "geometry": { "type": "LineString", "coordinates": [ [ 77.197528, 28.5481116 ], [ 77.1988186, 28.5478289 ] ] } },
{ "type": "Feature", "properties": { "name": "Urban Corridor", "highway": "residential", "slope_pct": 0.6 }, "geometry": { "type": "LineString", "coordinates": [ [ 77.1976943, 28.5483985 ], [ 77.1973591, 28.5485186 ], [ 77.1972544, 28.5485575 ], [ 77.1970551, 28.548632 ] ] } },
{ "type": "Feature", "properties": { "name": "Urban Corridor", "highway": "residential", "slope_pct": 0.6 }, "geometry": { "type": "LineString", "coordinates": [ [ 77.1973591, 28.5485186 ], [ 77.1970237, 28.5477862 ], [ 77.1970224, 28.547747 ], [ 77.1970338, 28.5477164 ], [ 77.197063, 28.5476949 ], [ 77.1971103, 28.5476799 ], [ 77.1982617, 28.547434 ] ] } },
{ "type": "Feature", "properties": { "name": "Vaishali Apartments Road", "highway": "residential", "slope_pct": 0.6 }, "geometry": { "type": "LineString", "coordinates": [ [ 77.1826924, 28.5456772 ], [ 77.1815452, 28.5461651 ] ] } },
{ "type": "Feature", "properties": { "name": "Urban Corridor", "highway": "residential", "slope_pct": 0.6 }, "geometry": { "type": "LineString", "coordinates": [ [ 77.1815452, 28.5461651 ], [ 77.1811786, 28.5462954 ], [ 77.1811322, 28.5463243 ], [ 77.1811008, 28.5463577 ], [ 77.1810579, 28.5464892 ], [ 77.1810265, 28.5465291 ], [ 77.1809878, 28.5465552 ], [ 77.1809435, 28.5465596 ], [ 77.1808592, 28.5465565 ], [ 77.1805624, 28.5464971 ], [ 77.1804714, 28.5464568 ], [ 77.180436, 28.5464222 ], [ 77.1804052, 28.5463592 ], [ 77.1801055, 28.5457466 ] ] } },
{ "type": "Feature", "properties": { "name": "Urban Corridor", "highway": "residential", "slope_pct": 0.6 }, "geometry": { "type": "LineString", "coordinates": [ [ 77.1815452, 28.5461651 ], [ 77.1816151, 28.546336 ], [ 77.1816283, 28.5464033 ], [ 77.1816191, 28.5464682 ], [ 77.1815729, 28.5465981 ] ] } },
{ "type": "Feature", "properties": { "name": "Urban Corridor", "highway": "residential", "slope_pct": 0.6 }, "geometry": { "type": "LineString", "coordinates": [ [ 77.2019366, 28.5387025 ], [ 77.2019071, 28.5387004 ], [ 77.2018545, 28.5387041 ], [ 77.2006534, 28.5389444 ], [ 77.2000076, 28.5390968 ], [ 77.199696, 28.5391938 ], [ 77.1990944, 28.5393248 ], [ 77.1989711, 28.539366 ] ] } },
{ "type": "Feature", "properties": { "name": "Indrajeet Verma Marg", "highway": "residential", "slope_pct": 0.6 }, "geometry": { "type": "LineString", "coordinates": [ [ 77.1972135, 28.535679 ], [ 77.19775, 28.535479 ], [ 77.1983949, 28.5352386 ], [ 77.1984066, 28.5352343 ], [ 77.1987124, 28.5351203 ], [ 77.199799, 28.5347152 ], [ 77.2004977, 28.5344547 ], [ 77.2016935, 28.5340501 ], [ 77.2017513, 28.5340394 ], [ 77.2018739, 28.5340318 ], [ 77.2019497, 28.5340271 ], [ 77.2020627, 28.5340412 ], [ 77.2027122, 28.5341677 ], [ 77.2028241, 28.5341803 ], [ 77.20293, 28.5341773 ], [ 77.2029924, 28.5341709 ], [ 77.2030574, 28.5341514 ], [ 77.2034356, 28.533947 ], [ 77.2034654, 28.5339205 ], [ 77.2034953, 28.5338851 ], [ 77.2035208, 28.5338377 ], [ 77.2035369, 28.5337785 ], [ 77.2038452, 28.5325132 ] ] } },
{ "type": "Feature", "properties": { "name": "Urban Corridor", "highway": "residential", "slope_pct": 0.6 }, "geometry": { "type": "LineString", "coordinates": [ [ 77.1952084, 28.554901 ], [ 77.1952192, 28.5548407 ], [ 77.195244, 28.5547001 ] ] } },
{ "type": "Feature", "properties": { "name": "Hauz Khas Village Road", "highway": "residential", "slope_pct": 0.6 }, "geometry": { "type": "LineString", "coordinates": [ [ 77.195244, 28.5547001 ], [ 77.1953163, 28.5547242 ], [ 77.195686, 28.5547515 ], [ 77.1957998, 28.5547431 ], [ 77.1960277, 28.5546908 ] ] } },
{ "type": "Feature", "properties": { "name": "Urban Corridor", "highway": "residential", "slope_pct": 0.6 }, "geometry": { "type": "LineString", "coordinates": [ [ 77.1802211, 28.5556414 ], [ 77.1801751, 28.5556243 ], [ 77.1801441, 28.5556148 ], [ 77.1801332, 28.5556114 ], [ 77.1798992, 28.5555548 ], [ 77.1798546, 28.5555378 ], [ 77.1798033, 28.5555077 ], [ 77.1797678, 28.5554771 ], [ 77.1794432, 28.5551284 ], [ 77.1787204, 28.5542926 ] ] } },
{ "type": "Feature", "properties": { "name": "Urban Corridor", "highway": "residential", "slope_pct": 0.6 }, "geometry": { "type": "LineString", "coordinates": [ [ 77.1817406, 28.5539198 ], [ 77.1816502, 28.5539609 ], [ 77.181518, 28.5540209 ], [ 77.1812119, 28.5541862 ], [ 77.1811246, 28.5542334 ], [ 77.1810429, 28.5542775 ], [ 77.1808643, 28.5543728 ], [ 77.1807654, 28.5544297 ], [ 77.1805054, 28.5545662 ], [ 77.1804959, 28.5545713 ], [ 77.1804786, 28.5545805 ], [ 77.18035, 28.5546491 ], [ 77.1802472, 28.5547039 ], [ 77.1801631, 28.5547488 ], [ 77.180085, 28.5547904 ], [ 77.1798831, 28.5548981 ], [ 77.1794432, 28.5551284 ] ] } },
{ "type": "Feature", "properties": { "name": "Urban Corridor", "highway": "residential", "slope_pct": 0.6 }, "geometry": { "type": "LineString", "coordinates": [ [ 77.1837377, 28.5516083 ], [ 77.1835927, 28.5517036 ], [ 77.1833766, 28.5518362 ], [ 77.1832021, 28.5519428 ], [ 77.1829613, 28.5520904 ], [ 77.1827337, 28.5522399 ], [ 77.1825189, 28.552381 ], [ 77.1823537, 28.5524896 ], [ 77.1821798, 28.5526016 ], [ 77.1821026, 28.5526402 ] ] } },
{ "type": "Feature", "properties": { "name": "Urban Corridor", "highway": "residential", "slope_pct": 0.6 }, "geometry": { "type": "LineString", "coordinates": [ [ 77.182905, 28.5546122 ], [ 77.1829462, 28.5547256 ], [ 77.1830032, 28.5548802 ], [ 77.1830074, 28.5548866 ], [ 77.1830143, 28.5548919 ], [ 77.1830233, 28.554894 ], [ 77.1830314, 28.5548944 ], [ 77.1832482, 28.5548444 ], [ 77.1835645, 28.5547582 ], [ 77.1837412, 28.5547101 ], [ 77.1841369, 28.5545892 ], [ 77.1843775, 28.5545047 ], [ 77.1843938, 28.5545032 ], [ 77.1844099, 28.5545057 ], [ 77.1844197, 28.5545146 ], [ 77.1846141, 28.5551127 ], [ 77.1846242, 28.5551437 ] ] } },
{ "type": "Feature", "properties": { "name": "Urban Corridor", "highway": "residential", "slope_pct": 0.6 }, "geometry": { "type": "LineString", "coordinates": [ [ 77.181518, 28.5540209 ], [ 77.1815401, 28.5540571 ], [ 77.1818499, 28.5545642 ] ] } },
{ "type": "Feature", "properties": { "name": "Urban Corridor", "highway": "residential", "slope_pct": 0.6 }, "geometry": { "type": "LineString", "coordinates": [ [ 77.1802524, 28.5553973 ], [ 77.1799192, 28.5549469 ], [ 77.1798831, 28.5548981 ] ] } },
{ "type": "Feature", "properties": { "name": "Urban Corridor", "highway": "residential", "slope_pct": 0.6 }, "geometry": { "type": "LineString", "coordinates": [ [ 77.1810429, 28.5542775 ], [ 77.1813933, 28.5547849 ] ] } },
{ "type": "Feature", "properties": { "name": "Urban Corridor", "highway": "residential", "slope_pct": 0.6 }, "geometry": { "type": "LineString", "coordinates": [ [ 77.1857075, 28.5552634 ], [ 77.1856015, 28.5552922 ], [ 77.1851356, 28.5554188 ] ] } },
{ "type": "Feature", "properties": { "name": "Urban Corridor", "highway": "residential", "slope_pct": 0.6 }, "geometry": { "type": "LineString", "coordinates": [ [ 77.1807001, 28.5556234 ], [ 77.181067, 28.5560333 ] ] } },
{ "type": "Feature", "properties": { "name": "Urban Corridor", "highway": "residential", "slope_pct": 0.6 }, "geometry": { "type": "LineString", "coordinates": [ [ 77.1808643, 28.5543728 ], [ 77.1808492, 28.5543517 ], [ 77.1807646, 28.5542337 ] ] } },
{ "type": "Feature", "properties": { "name": "Urban Corridor", "highway": "residential", "slope_pct": 0.6 }, "geometry": { "type": "LineString", "coordinates": [ [ 77.1837412, 28.5547101 ], [ 77.1839442, 28.5553131 ], [ 77.1839538, 28.555346 ] ] } },
{ "type": "Feature", "properties": { "name": "Urban Corridor", "highway": "residential", "slope_pct": 0.6 }, "geometry": { "type": "LineString", "coordinates": [ [ 77.1847564, 28.5543711 ], [ 77.1854912, 28.5541493 ] ] } },
{ "type": "Feature", "properties": { "name": "Urban Corridor", "highway": "residential", "slope_pct": 0.6 }, "geometry": { "type": "LineString", "coordinates": [ [ 77.1833766, 28.5518362 ], [ 77.1830764, 28.5514775 ] ] } },
{ "type": "Feature", "properties": { "name": "Urban Corridor", "highway": "residential", "slope_pct": 0.6 }, "geometry": { "type": "LineString", "coordinates": [ [ 77.1841369, 28.5545892 ], [ 77.1843508, 28.55521 ], [ 77.1843558, 28.5552247 ] ] } },
{ "type": "Feature", "properties": { "name": "Urban Corridor", "highway": "residential", "slope_pct": 0.6 }, "geometry": { "type": "LineString", "coordinates": [ [ 77.1837696, 28.5537313 ], [ 77.18395, 28.5542514 ] ] } },
{ "type": "Feature", "properties": { "name": "Urban Corridor", "highway": "residential", "slope_pct": 0.6 }, "geometry": { "type": "LineString", "coordinates": [ [ 77.1832482, 28.5548444 ], [ 77.1834698, 28.5554601 ], [ 77.1834802, 28.555489 ] ] } },
{ "type": "Feature", "properties": { "name": "Urban Corridor", "highway": "residential", "slope_pct": 0.6 }, "geometry": { "type": "LineString", "coordinates": [ [ 77.1837656, 28.5567817 ], [ 77.1839334, 28.5567232 ], [ 77.1842528, 28.5566077 ], [ 77.1844362, 28.556545 ], [ 77.1849568, 28.5563686 ], [ 77.1851527, 28.5563073 ], [ 77.1859367, 28.5561128 ], [ 77.1860914, 28.556049 ], [ 77.186107, 28.5560271 ], [ 77.1861112, 28.5559976 ], [ 77.186104, 28.5559553 ], [ 77.1859693, 28.555538 ], [ 77.1858485, 28.5551871 ], [ 77.185726, 28.5548315 ], [ 77.1856156, 28.5545107 ], [ 77.1854912, 28.5541493 ], [ 77.1853494, 28.5537376 ], [ 77.1852009, 28.5533061 ], [ 77.1850657, 28.5529501 ], [ 77.1847222, 28.5521021 ], [ 77.1846039, 28.5518867 ], [ 77.1845152, 28.5518126 ] ] } },
{ "type": "Feature", "properties": { "name": "Urban Corridor", "highway": "residential", "slope_pct": 0.6 }, "geometry": { "type": "LineString", "coordinates": [ [ 77.1814909, 28.5523529 ], [ 77.1815713, 28.5524172 ], [ 77.1818857, 28.5526685 ], [ 77.1819187, 28.5526792 ] ] } },
{ "type": "Feature", "properties": { "name": "Urban Corridor", "highway": "residential", "slope_pct": 0.6 }, "geometry": { "type": "LineString", "coordinates": [ [ 77.1844082, 28.5517239 ], [ 77.1842499, 28.5515339 ], [ 77.1838756, 28.5510783 ] ] } },
{ "type": "Feature", "properties": { "name": "Urban Corridor", "highway": "residential", "slope_pct": 0.6 }, "geometry": { "type": "LineString", "coordinates": [ [ 77.181229, 28.5525229 ], [ 77.1812846, 28.552586 ], [ 77.181656, 28.553008 ] ] } },
{ "type": "Feature", "properties": { "name": "Urban Corridor", "highway": "residential", "slope_pct": 0.6 }, "geometry": { "type": "LineString", "coordinates": [ [ 77.1830129, 28.552668 ], [ 77.1832032, 28.5525503 ], [ 77.1844082, 28.5517239 ] ] } },
{ "type": "Feature", "properties": { "name": "Urban Corridor", "highway": "residential", "slope_pct": 0.6 }, "geometry": { "type": "LineString", "coordinates": [ [ 77.1808204, 28.5562087 ], [ 77.1804551, 28.5557934 ], [ 77.1807001, 28.5556234 ], [ 77.1807857, 28.5555559 ], [ 77.1807956, 28.5555504 ], [ 77.1808031, 28.5555488 ], [ 77.1808112, 28.555549 ], [ 77.1808156, 28.5555502 ], [ 77.1808226, 28.5555543 ], [ 77.1811918, 28.5559451 ] ] } },
{ "type": "Feature", "properties": { "name": "Urban Corridor", "highway": "residential", "slope_pct": 0.6 }, "geometry": { "type": "LineString", "coordinates": [ [ 77.1843811, 28.5531685 ], [ 77.1844572, 28.5531818 ], [ 77.1845572, 28.5532046 ], [ 77.1846274, 28.5532263 ], [ 77.1846867, 28.5532521 ], [ 77.1847431, 28.5532857 ] ] } },
{ "type": "Feature", "properties": { "name": "Urban Corridor", "highway": "residential", "slope_pct": 0.6 }, "geometry": { "type": "LineString", "coordinates": [ [ 77.1819679, 28.5537249 ], [ 77.1825546, 28.5535611 ], [ 77.1825761, 28.5535626 ], [ 77.1825878, 28.5535676 ], [ 77.1826009, 28.5535767 ], [ 77.1827864, 28.5539878 ], [ 77.1828022, 28.5540227 ] ] } },
{ "type": "Feature", "properties": { "name": "Urban Corridor", "highway": "residential", "slope_pct": 0.6 }, "geometry": { "type": "LineString", "coordinates": [ [ 77.1846338, 28.5534796 ], [ 77.1847739, 28.5538965 ], [ 77.1851819, 28.5537854 ], [ 77.1853494, 28.5537376 ] ] } },
{ "type": "Feature", "properties": { "name": "Urban Corridor", "highway": "residential", "slope_pct": 0.6 }, "geometry": { "type": "LineString", "coordinates": [ [ 77.1852422, 28.5557233 ], [ 77.1857384, 28.5555938 ], [ 77.185894, 28.5555562 ], [ 77.1859693, 28.555538 ] ] } },
{ "type": "Feature", "properties": { "name": "Urban Corridor", "highway": "residential", "slope_pct": 0.6 }, "geometry": { "type": "LineString", "coordinates": [ [ 77.1847894, 28.5550969 ], [ 77.1849388, 28.5555946 ], [ 77.1849807, 28.555718 ], [ 77.1850881, 28.5560922 ], [ 77.1851527, 28.5563073 ] ] } },
{ "type": "Feature", "properties": { "name": "Urban Corridor", "highway": "residential", "slope_pct": 0.6 }, "geometry": { "type": "LineString", "coordinates": [ [ 77.18035, 28.5546491 ], [ 77.1804119, 28.5547504 ], [ 77.1806638, 28.5551623 ], [ 77.1806641, 28.5551694 ], [ 77.1806626, 28.5551766 ], [ 77.1806601, 28.5551813 ], [ 77.1806514, 28.5551881 ], [ 77.1805032, 28.5552671 ], [ 77.1804209, 28.555311 ], [ 77.1802524, 28.5553973 ], [ 77.1801102, 28.5554895 ], [ 77.1801276, 28.5555536 ] ] } },
{ "type": "Feature", "properties": { "name": "Urban Corridor", "highway": "residential", "slope_pct": 0.6 }, "geometry": { "type": "LineString", "coordinates": [ [ 77.1835879, 28.553782 ], [ 77.183773, 28.5542738 ], [ 77.1837784, 28.5542809 ], [ 77.1837852, 28.5542855 ], [ 77.1837955, 28.5542893 ], [ 77.183806, 28.5542897 ], [ 77.18395, 28.5542514 ], [ 77.1843036, 28.5541616 ], [ 77.1844685, 28.5541098 ], [ 77.1845726, 28.5540859 ], [ 77.1845941, 28.5540889 ], [ 77.1846088, 28.5540942 ], [ 77.1846246, 28.554108 ], [ 77.1847564, 28.5543711 ], [ 77.184887, 28.5546979 ], [ 77.1854044, 28.554565 ], [ 77.1856156, 28.5545107 ] ] } },
{ "type": "Feature", "properties": { "name": "Urban Corridor", "highway": "residential", "slope_pct": 0.6 }, "geometry": { "type": "LineString", "coordinates": [ [ 77.1820711, 28.5544811 ], [ 77.1819605, 28.5545227 ], [ 77.1818499, 28.5545642 ], [ 77.1816882, 28.554639 ], [ 77.1815659, 28.5546995 ], [ 77.1813933, 28.5547849 ], [ 77.1811333, 28.5549374 ], [ 77.1809962, 28.5550153 ] ] } },
{ "type": "Feature", "properties": { "name": "Urban Corridor", "highway": "residential", "slope_pct": 0.6 }, "geometry": { "type": "LineString", "coordinates": [ [ 77.1801303, 28.5545365 ], [ 77.1797721, 28.5541148 ], [ 77.1797638, 28.554109 ], [ 77.1797579, 28.554107 ], [ 77.1797497, 28.5541074 ], [ 77.1797369, 28.5541118 ], [ 77.179625, 28.5541737 ], [ 77.1796201, 28.554181 ], [ 77.1796183, 28.554194 ], [ 77.1796223, 28.5542081 ], [ 77.179911, 28.5546104 ] ] } },
{ "type": "Feature", "properties": { "name": "Urban Corridor", "highway": "residential", "slope_pct": 0.6 }, "geometry": { "type": "LineString", "coordinates": [ [ 77.1831942, 28.5555753 ], [ 77.1832532, 28.5555575 ], [ 77.1834802, 28.555489 ], [ 77.1837763, 28.5553996 ], [ 77.1839538, 28.555346 ], [ 77.1843558, 28.5552247 ], [ 77.1846242, 28.5551437 ], [ 77.1847894, 28.5550969 ], [ 77.1848604, 28.5550768 ], [ 77.185726, 28.5548315 ] ] } },
{ "type": "Feature", "properties": { "name": "Urban Corridor", "highway": "residential", "slope_pct": 0.6 }, "geometry": { "type": "LineString", "coordinates": [ [ 77.1833881, 28.5538374 ], [ 77.1833689, 28.5537777 ], [ 77.1832439, 28.5533884 ], [ 77.1832301, 28.5533563 ], [ 77.1830948, 28.5530443 ], [ 77.1830129, 28.552668 ], [ 77.1829979, 28.5523479 ], [ 77.1829613, 28.5520904 ], [ 77.1826781, 28.5517532 ] ] } },
{ "type": "Feature", "properties": { "name": "Urban Corridor", "highway": "residential", "slope_pct": 0.6 }, "geometry": { "type": "LineString", "coordinates": [ [ 77.1850657, 28.5529501 ], [ 77.185018, 28.5529598 ], [ 77.1848309, 28.5529979 ], [ 77.1846623, 28.5530214 ], [ 77.1846195, 28.5530193 ], [ 77.1845773, 28.5529975 ], [ 77.1845565, 28.5529713 ], [ 77.1843543, 28.552519 ], [ 77.1843276, 28.5524807 ], [ 77.1842888, 28.5524506 ], [ 77.1842215, 28.5524245 ], [ 77.1841621, 28.5524316 ], [ 77.1841155, 28.5524455 ], [ 77.1838889, 28.5526095 ], [ 77.1834913, 28.5528855 ], [ 77.1833429, 28.5527188 ], [ 77.1832032, 28.5525503 ] ] } },
{ "type": "Feature", "properties": { "name": "Urban Corridor", "highway": "residential", "slope_pct": 0.6 }, "geometry": { "type": "LineString", "coordinates": [ [ 77.1771477, 28.5513038 ], [ 77.1772669, 28.5512281 ], [ 77.1773108, 28.5512112 ], [ 77.1773527, 28.5512079 ], [ 77.1773938, 28.5512301 ], [ 77.1774297, 28.5512676 ], [ 77.1776722, 28.5515429 ], [ 77.1777605, 28.5516542 ], [ 77.177816, 28.5517338 ], [ 77.1779398, 28.5518989 ], [ 77.1779718, 28.5519294 ], [ 77.1780283, 28.5519678 ], [ 77.1782774, 28.5520831 ], [ 77.1784606, 28.5521847 ], [ 77.1786449, 28.5522642 ], [ 77.1787117, 28.5522917 ], [ 77.178757, 28.5523066 ], [ 77.1787938, 28.5523116 ], [ 77.178876, 28.5523141 ], [ 77.1789467, 28.5523141 ], [ 77.1790062, 28.5523166 ], [ 77.1790331, 28.5523191 ], [ 77.1790628, 28.5523278 ], [ 77.1790968, 28.5523464 ], [ 77.1791987, 28.5524173 ], [ 77.1792568, 28.5524496 ], [ 77.1793969, 28.5525093 ], [ 77.1797368, 28.5526397 ], [ 77.1797586, 28.5526505 ], [ 77.179775, 28.552672 ], [ 77.1797733, 28.5526927 ], [ 77.1797683, 28.5527149 ], [ 77.1797716, 28.5527386 ], [ 77.1797851, 28.5527622 ], [ 77.179812, 28.5527903 ], [ 77.1800762, 28.5529656 ] ] } },
{ "type": "Feature", "properties": { "name": "Urban Corridor", "highway": "residential", "slope_pct": 0.6 }, "geometry": { "type": "LineString", "coordinates": [ [ 77.1752045, 28.5490485 ], [ 77.1753472, 28.5493457 ], [ 77.1756374, 28.5499006 ], [ 77.1756719, 28.5499875 ], [ 77.1756852, 28.5500311 ], [ 77.1757086, 28.5500834 ], [ 77.1757584, 28.5501016 ], [ 77.1760489, 28.550353 ], [ 77.1766074, 28.5508362 ], [ 77.1771477, 28.5513038 ], [ 77.177144, 28.5517138 ], [ 77.1771422, 28.5521061 ], [ 77.1771479, 28.5521736 ], [ 77.1771604, 28.5522195 ], [ 77.1771925, 28.5522544 ], [ 77.1772921, 28.552306 ], [ 77.177497, 28.5524275 ], [ 77.1778601, 28.5526428 ], [ 77.1786695, 28.5531204 ], [ 77.1788259, 28.5532454 ], [ 77.1790847, 28.5534357 ], [ 77.1791602, 28.5534924 ], [ 77.1792369, 28.5535672 ] ] } },
{ "type": "Feature", "properties": { "name": "Urban Corridor", "highway": "residential", "slope_pct": 0.6 }, "geometry": { "type": "LineString", "coordinates": [ [ 77.1797817, 28.5531582 ], [ 77.1796309, 28.5530861 ], [ 77.1795572, 28.5530675 ], [ 77.1794847, 28.5530512 ], [ 77.1794483, 28.5530425 ], [ 77.1794138, 28.5530255 ], [ 77.1793275, 28.5529589 ], [ 77.1792625, 28.5529183 ], [ 77.1792358, 28.5529091 ], [ 77.1791708, 28.5529044 ], [ 77.1789906, 28.5528885 ], [ 77.1788238, 28.5528963 ], [ 77.1786714, 28.5529108 ], [ 77.178626, 28.5529226 ], [ 77.1786001, 28.5529281 ], [ 77.178524, 28.5529247 ], [ 77.1785097, 28.5529185 ], [ 77.1784811, 28.5529049 ], [ 77.1783228, 28.5528155 ], [ 77.17808, 28.5526856 ], [ 77.1779065, 28.5525858 ] ] } },
{ "type": "Feature", "properties": { "name": "Urban Corridor", "highway": "residential", "slope_pct": 0.6 }, "geometry": { "type": "LineString", "coordinates": [ [ 77.1811979, 28.5487955 ], [ 77.1810168, 28.5485838 ], [ 77.1808809, 28.5483697 ], [ 77.1806969, 28.5480066 ], [ 77.1806821, 28.5479866 ], [ 77.180662, 28.5479768 ], [ 77.1806094, 28.5479817 ], [ 77.1804004, 28.5480552 ], [ 77.1799769, 28.5482235 ] ] } },
{ "type": "Feature", "properties": { "name": "Urban Corridor", "highway": "residential", "slope_pct": 0.6 }, "geometry": { "type": "LineString", "coordinates": [ [ 77.1815697, 28.5493303 ], [ 77.1816469, 28.5492811 ], [ 77.1816855, 28.5492635 ], [ 77.1817157, 28.5492527 ], [ 77.1817411, 28.5492535 ], [ 77.1817685, 28.5492639 ], [ 77.1817906, 28.5492663 ], [ 77.1818154, 28.5492637 ], [ 77.181846, 28.5492492 ], [ 77.1819852, 28.549168 ] ] } },
{ "type": "Feature", "properties": { "name": "Urban Corridor", "highway": "residential", "slope_pct": 0.6 }, "geometry": { "type": "LineString", "coordinates": [ [ 77.1807894, 28.5493757 ], [ 77.1813475, 28.5490295 ] ] } },
{ "type": "Feature", "properties": { "name": "Urban Corridor", "highway": "residential", "slope_pct": 0.6 }, "geometry": { "type": "LineString", "coordinates": [ [ 77.1808809, 28.5483697 ], [ 77.1805544, 28.5484891 ] ] } },
{ "type": "Feature", "properties": { "name": "Urban Corridor", "highway": "residential", "slope_pct": 0.6 }, "geometry": { "type": "LineString", "coordinates": [ [ 77.1815842, 28.5480689 ], [ 77.1817791, 28.547981 ], [ 77.1818837, 28.5479422 ], [ 77.1819675, 28.5479045 ], [ 77.1820482, 28.5478585 ] ] } },
{ "type": "Feature", "properties": { "name": "Urban Corridor", "highway": "residential", "slope_pct": 0.6 }, "geometry": { "type": "LineString", "coordinates": [ [ 77.1798529, 28.5478875 ], [ 77.1801177, 28.5477918 ], [ 77.1803906, 28.5476932 ], [ 77.1804239, 28.5476844 ], [ 77.1804432, 28.5476812 ], [ 77.1804618, 28.5476699 ] ] } },
{ "type": "Feature", "properties": { "name": "Urban Corridor", "highway": "residential", "slope_pct": 0.6 }, "geometry": { "type": "LineString", "coordinates": [ [ 77.1802417, 28.548944 ], [ 77.1805318, 28.5488478 ], [ 77.1806032, 28.548814 ], [ 77.1806702, 28.5487804 ], [ 77.1810168, 28.5485838 ] ] } },
{ "type": "Feature", "properties": { "name": "Urban Corridor", "highway": "residential", "slope_pct": 0.6 }, "geometry": { "type": "LineString", "coordinates": [ [ 77.1804004, 28.5480552 ], [ 77.1805544, 28.5484891 ], [ 77.1806702, 28.5487804 ] ] } },
{ "type": "Feature", "properties": { "name": "Urban Corridor", "highway": "residential", "slope_pct": 0.6 }, "geometry": { "type": "LineString", "coordinates": [ [ 77.1807213, 28.5496875 ], [ 77.181484, 28.5492158 ], [ 77.1819461, 28.5489654 ] ] } },
{ "type": "Feature", "properties": { "name": "Urban Corridor", "highway": "residential", "slope_pct": 0.6 }, "geometry": { "type": "LineString", "coordinates": [ [ 77.1815125, 28.5482971 ], [ 77.1817547, 28.5481937 ], [ 77.1818909, 28.5481519 ], [ 77.1820706, 28.5480799 ], [ 77.1821492, 28.5480467 ], [ 77.1824096, 28.547903 ] ] } },
{ "type": "Feature", "properties": { "name": "Urban Corridor", "highway": "residential", "slope_pct": 0.6 }, "geometry": { "type": "LineString", "coordinates": [ [ 77.181129, 28.5501731 ], [ 77.1818463, 28.5496854 ], [ 77.1819151, 28.5496506 ], [ 77.1827002, 28.5491361 ], [ 77.1827238, 28.5490981 ], [ 77.1827142, 28.5490476 ], [ 77.1826923, 28.5490035 ], [ 77.1824813, 28.548731 ] ] } },
{ "type": "Feature", "properties": { "name": "Urban Corridor", "highway": "residential", "slope_pct": 0.6 }, "geometry": { "type": "LineString", "coordinates": [ [ 77.1808724, 28.5475667 ], [ 77.1810175, 28.5476786 ], [ 77.1810697, 28.5477176 ], [ 77.1811045, 28.5477336 ], [ 77.181144, 28.5477387 ], [ 77.1811709, 28.5477358 ], [ 77.1812094, 28.5477594 ], [ 77.1812684, 28.5477976 ], [ 77.1813154, 28.5478323 ], [ 77.1814079, 28.5479383 ], [ 77.1814585, 28.5480008 ], [ 77.1814849, 28.548023 ], [ 77.1815276, 28.5480401 ], [ 77.1815842, 28.5480689 ], [ 77.1816075, 28.5480839 ], [ 77.1817547, 28.5481937 ] ] } },
{ "type": "Feature", "properties": { "name": "Urban Corridor", "highway": "residential", "slope_pct": 0.6 }, "geometry": { "type": "LineString", "coordinates": [ [ 77.1804052, 28.5492481 ], [ 77.1811979, 28.5487955 ] ] } },
{ "type": "Feature", "properties": { "name": "Urban Corridor", "highway": "residential", "slope_pct": 0.6 }, "geometry": { "type": "LineString", "coordinates": [ [ 77.1878212, 28.5420213 ], [ 77.1878201, 28.542034 ], [ 77.1878161, 28.5420433 ], [ 77.1874717, 28.5423145 ], [ 77.187423, 28.5423383 ], [ 77.1873611, 28.5423615 ], [ 77.1872947, 28.5423747 ], [ 77.187207, 28.5423906 ], [ 77.1871696, 28.5423927 ], [ 77.1871327, 28.5423947 ], [ 77.1870876, 28.5423942 ], [ 77.1870364, 28.5424027 ], [ 77.1869402, 28.5424248 ], [ 77.186795, 28.5424638 ], [ 77.1865122, 28.5425551 ], [ 77.1864531, 28.5425925 ], [ 77.1864008, 28.5426149 ], [ 77.1863508, 28.5426272 ], [ 77.1863141, 28.5426299 ], [ 77.1862873, 28.5426268 ], [ 77.1862527, 28.5426193 ], [ 77.1862195, 28.5426178 ], [ 77.186185, 28.5426231 ], [ 77.1859498, 28.5427023 ], [ 77.1858581, 28.5427331 ], [ 77.1858203, 28.5427543 ], [ 77.1857243, 28.5427702 ] ] } },
{ "type": "Feature", "properties": { "name": "Urban Corridor", "highway": "residential", "slope_pct": 0.6 }, "geometry": { "type": "LineString", "coordinates": [ [ 77.1975742, 28.5363585 ], [ 77.1976655, 28.5363558 ], [ 77.1982298, 28.5363979 ], [ 77.198244, 28.5363991 ], [ 77.1982573, 28.5364021 ], [ 77.198265, 28.5364085 ], [ 77.1983984, 28.5365803 ], [ 77.1984138, 28.5365951 ], [ 77.1984299, 28.5366041 ], [ 77.1984624, 28.5366112 ], [ 77.1985174, 28.5366177 ], [ 77.1993669, 28.5366692 ] ] } },
{ "type": "Feature", "properties": { "name": "Urban Corridor", "highway": "residential", "slope_pct": 0.6 }, "geometry": { "type": "LineString", "coordinates": [ [ 77.1897002, 28.5411444 ], [ 77.1897922, 28.5412457 ], [ 77.1898019, 28.5412672 ], [ 77.1897999, 28.5412776 ], [ 77.1897924, 28.5412921 ], [ 77.1897697, 28.5413152 ], [ 77.1892192, 28.5416709 ], [ 77.1887463, 28.5419639 ], [ 77.188733, 28.5419666 ], [ 77.1887096, 28.5419697 ], [ 77.1886868, 28.5419667 ], [ 77.1886647, 28.5419505 ], [ 77.1885936, 28.541869 ], [ 77.1885078, 28.5417252 ], [ 77.1884286, 28.541588 ], [ 77.1883598, 28.5414622 ] ] } },
{ "type": "Feature", "properties": { "name": "Urban Corridor", "highway": "residential", "slope_pct": 0.6 }, "geometry": { "type": "LineString", "coordinates": [ [ 77.1876959, 28.5404519 ], [ 77.1877887, 28.5408102 ], [ 77.1878372, 28.5409849 ], [ 77.1878868, 28.5411293 ], [ 77.1879891, 28.541489 ], [ 77.1880032, 28.5415161 ], [ 77.1880206, 28.5415335 ], [ 77.1880431, 28.5415429 ], [ 77.1880797, 28.5415421 ], [ 77.1883598, 28.5414622 ], [ 77.1884625, 28.5414219 ], [ 77.1884721, 28.5414147 ], [ 77.1884789, 28.541403 ], [ 77.1884814, 28.5413942 ], [ 77.1884118, 28.5412208 ] ] } },
{ "type": "Feature", "properties": { "name": "Urban Corridor", "highway": "residential", "slope_pct": 0.6 }, "geometry": { "type": "LineString", "coordinates": [ [ 77.1974748, 28.5379373 ], [ 77.1974355, 28.5382185 ] ] } },
{ "type": "Feature", "properties": { "name": "Urban Corridor", "highway": "residential", "slope_pct": 0.6 }, "geometry": { "type": "LineString", "coordinates": [ [ 77.1856297, 28.5414498 ], [ 77.1861818, 28.5413916 ] ] } },
{ "type": "Feature", "properties": { "name": "Urban Corridor", "highway": "residential", "slope_pct": 0.6 }, "geometry": { "type": "LineString", "coordinates": [ [ 77.1878372, 28.5409849 ], [ 77.1873082, 28.5410943 ] ] } },
{ "type": "Feature", "properties": { "name": "Urban Corridor", "highway": "residential", "slope_pct": 0.6 }, "geometry": { "type": "LineString", "coordinates": [ [ 77.187423, 28.5423383 ], [ 77.1875618, 28.5424758 ], [ 77.1876827, 28.5424633 ] ] } },
{ "type": "Feature", "properties": { "name": "Urban Corridor", "highway": "residential", "slope_pct": 0.6 }, "geometry": { "type": "LineString", "coordinates": [ [ 77.1878868, 28.5411293 ], [ 77.187423, 28.5412181 ] ] } },
{ "type": "Feature", "properties": { "name": "Urban Corridor", "highway": "residential", "slope_pct": 0.6 }, "geometry": { "type": "LineString", "coordinates": [ [ 77.1885078, 28.5417252 ], [ 77.1890281, 28.5414036 ], [ 77.1894545, 28.541151 ] ] } },
{ "type": "Feature", "properties": { "name": "Urban Corridor", "highway": "residential", "slope_pct": 0.6 }, "geometry": { "type": "LineString", "coordinates": [ [ 77.1846446, 28.541862 ], [ 77.1847145, 28.5417729 ], [ 77.1847024, 28.5417127 ], [ 77.1846751, 28.5416468 ] ] } },
{ "type": "Feature", "properties": { "name": "Urban Corridor", "highway": "residential", "slope_pct": 0.6 }, "geometry": { "type": "LineString", "coordinates": [ [ 77.1884721, 28.5414147 ], [ 77.1884927, 28.5414158 ], [ 77.1885151, 28.5414135 ], [ 77.188543, 28.5414057 ], [ 77.1889309, 28.5412616 ], [ 77.189346, 28.5410531 ] ] } },
{ "type": "Feature", "properties": { "name": "Urban Corridor", "highway": "residential", "slope_pct": 0.6 }, "geometry": { "type": "LineString", "coordinates": [ [ 77.1865177, 28.5400591 ], [ 77.1865566, 28.5401535 ], [ 77.1865868, 28.5402898 ], [ 77.1866296, 28.5404828 ], [ 77.1866722, 28.5406785 ], [ 77.1867637, 28.541067 ], [ 77.1874692, 28.5408879 ], [ 77.1877887, 28.5408102 ] ] } },
{ "type": "Feature", "properties": { "name": "Urban Corridor", "highway": "residential", "slope_pct": 0.6 }, "geometry": { "type": "LineString", "coordinates": [ [ 77.1860801, 28.5444642 ], [ 77.1858844, 28.5441555 ] ] } },
{ "type": "Feature", "properties": { "name": "Urban Corridor", "highway": "residential", "slope_pct": 0.6 }, "geometry": { "type": "LineString", "coordinates": [ [ 77.1833499, 28.5416066 ], [ 77.18347, 28.5417727 ], [ 77.1835891, 28.5419403 ], [ 77.1836959, 28.5420907 ], [ 77.1837681, 28.5421984 ], [ 77.1839304, 28.5423863 ], [ 77.183952, 28.5424211 ], [ 77.1839645, 28.5424511 ] ] } },
{ "type": "Feature", "properties": { "name": "Urban Corridor", "highway": "residential", "slope_pct": 0.6 }, "geometry": { "type": "LineString", "coordinates": [ [ 77.1889309, 28.5412616 ], [ 77.1890281, 28.5414036 ], [ 77.189116, 28.5415208 ], [ 77.1892192, 28.5416709 ] ] } },
{ "type": "Feature", "properties": { "name": "Urban Corridor", "highway": "residential", "slope_pct": 0.6 }, "geometry": { "type": "LineString", "coordinates": [ [ 77.1866722, 28.5406785 ], [ 77.1876959, 28.5404519 ], [ 77.187834, 28.5404057 ] ] } },
{ "type": "Feature", "properties": { "name": "Urban Corridor", "highway": "residential", "slope_pct": 0.6 }, "geometry": { "type": "LineString", "coordinates": [ [ 77.184759, 28.5435877 ], [ 77.1846958, 28.5433423 ], [ 77.1845597, 28.5429521 ], [ 77.1845061, 28.5427178 ], [ 77.1844854, 28.5425679 ] ] } },
{ "type": "Feature", "properties": { "name": "Urban Corridor", "highway": "residential", "slope_pct": 0.6 }, "geometry": { "type": "LineString", "coordinates": [ [ 77.1985056, 28.5385162 ], [ 77.1977493, 28.538764 ], [ 77.1975991, 28.5388005 ], [ 77.1975049, 28.5388064 ], [ 77.1974543, 28.5388058 ], [ 77.1973765, 28.5387952 ], [ 77.1972886, 28.5387722 ], [ 77.1972249, 28.5387398 ], [ 77.1971874, 28.5386945 ], [ 77.1969192, 28.5382114 ] ] } },
{ "type": "Feature", "properties": { "name": "Urban Corridor", "highway": "residential", "slope_pct": 0.6 }, "geometry": { "type": "LineString", "coordinates": [ [ 77.1781731, 28.5427756 ], [ 77.1783125, 28.5427061 ], [ 77.1785944, 28.5425679 ], [ 77.1786143, 28.5425556 ], [ 77.1786271, 28.5425354 ], [ 77.1786261, 28.5425139 ], [ 77.1783431, 28.5420767 ] ] } },
{ "type": "Feature", "properties": { "name": "Urban Corridor", "highway": "residential", "slope_pct": 0.6 }, "geometry": { "type": "LineString", "coordinates": [ [ 77.1802632, 28.5423375 ], [ 77.1800167, 28.5424467 ], [ 77.1796232, 28.5426619 ], [ 77.1792453, 28.5428606 ], [ 77.1790624, 28.5429414 ], [ 77.1789053, 28.5429949 ], [ 77.1778309, 28.543562 ] ] } },
{ "type": "Feature", "properties": { "name": "Urban Corridor", "highway": "residential", "slope_pct": 0.6 }, "geometry": { "type": "LineString", "coordinates": [ [ 77.1806839, 28.5429638 ], [ 77.1802591, 28.5431901 ], [ 77.1796304, 28.5435244 ] ] } },
{ "type": "Feature", "properties": { "name": "Urban Corridor", "highway": "residential", "slope_pct": 0.6 }, "geometry": { "type": "LineString", "coordinates": [ [ 77.1969192, 28.5382114 ], [ 77.1967787, 28.5379618 ], [ 77.1970134, 28.5378621 ], [ 77.1970288, 28.5378594 ], [ 77.1970379, 28.5378603 ], [ 77.1970483, 28.537865 ], [ 77.1970814, 28.5379298 ], [ 77.1970922, 28.5379431 ], [ 77.1971053, 28.5379491 ], [ 77.1971163, 28.5379515 ], [ 77.1974748, 28.5379373 ], [ 77.1976154, 28.5379318 ] ] } },
{ "type": "Feature", "properties": { "name": "Urban Corridor", "highway": "residential", "slope_pct": 0.6 }, "geometry": { "type": "LineString", "coordinates": [ [ 77.1852612, 28.540392 ], [ 77.1853017, 28.5404868 ], [ 77.1855363, 28.5410028 ], [ 77.1855977, 28.5411291 ], [ 77.185613, 28.5411607 ], [ 77.1856288, 28.5412204 ], [ 77.1856297, 28.5414498 ], [ 77.1856318, 28.541591 ], [ 77.1856342, 28.5417201 ], [ 77.1856465, 28.5418896 ], [ 77.1856447, 28.5419931 ], [ 77.1856408, 28.5420706 ], [ 77.1856365, 28.5421031 ], [ 77.1856186, 28.5421367 ], [ 77.1855701, 28.5421704 ], [ 77.1854374, 28.5421847 ] ] } },
{ "type": "Feature", "properties": { "name": "Urban Corridor", "highway": "residential", "slope_pct": 0.6 }, "geometry": { "type": "LineString", "coordinates": [ [ 77.1847786, 28.542121 ], [ 77.1847784, 28.5420974 ], [ 77.1847731, 28.5420713 ], [ 77.1846446, 28.541862 ], [ 77.1846177, 28.5418489 ], [ 77.1845754, 28.5418466 ], [ 77.1845432, 28.54185 ], [ 77.183775, 28.5419979 ] ] } },
{ "type": "Feature", "properties": { "name": "Urban Corridor", "highway": "residential", "slope_pct": 0.6 }, "geometry": { "type": "LineString", "coordinates": [ [ 77.1875759, 28.5417359 ], [ 77.1875026, 28.541772 ], [ 77.1871083, 28.5419322 ], [ 77.1870756, 28.5419519 ], [ 77.1869836, 28.5420762 ], [ 77.186965, 28.5420968 ], [ 77.1869217, 28.5421151 ], [ 77.1864597, 28.5422079 ], [ 77.1864096, 28.5422127 ], [ 77.1863843, 28.542205 ], [ 77.1863583, 28.5421778 ], [ 77.1861806, 28.5418733 ], [ 77.1861493, 28.5418025 ], [ 77.1862148, 28.5417701 ], [ 77.1862544, 28.5417487 ], [ 77.18632, 28.5417065 ], [ 77.1863064, 28.5416876 ], [ 77.1862838, 28.5416477 ], [ 77.1862302, 28.541506 ], [ 77.186197, 28.5414448 ], [ 77.1861818, 28.5413916 ], [ 77.1862644, 28.541379 ], [ 77.1863339, 28.5413766 ], [ 77.1867039, 28.5414708 ], [ 77.1868478, 28.5415035 ] ] } },
{ "type": "Feature", "properties": { "name": "Urban Corridor", "highway": "residential", "slope_pct": 0.6 }, "geometry": { "type": "LineString", "coordinates": [ [ 77.1983281, 28.5520782 ], [ 77.1988554, 28.5518987 ], [ 77.1988708, 28.5518834 ], [ 77.1988807, 28.5518691 ], [ 77.1988896, 28.5518424 ], [ 77.1988913, 28.5517585 ], [ 77.1988889, 28.5517243 ], [ 77.1988792, 28.5516528 ], [ 77.1988705, 28.5515927 ], [ 77.1988571, 28.5515247 ], [ 77.1988256, 28.5513624 ], [ 77.1988195, 28.5512587 ], [ 77.1988184, 28.5511946 ] ] } },
{ "type": "Feature", "properties": { "name": "Urban Corridor", "highway": "residential", "slope_pct": 0.6 }, "geometry": { "type": "LineString", "coordinates": [ [ 77.1985003, 28.5490799 ], [ 77.1975955, 28.5493259 ] ] } },
{ "type": "Feature", "properties": { "name": "Urban Corridor", "highway": "residential", "slope_pct": 0.6 }, "geometry": { "type": "LineString", "coordinates": [ [ 77.198449, 28.5528796 ], [ 77.1990653, 28.5527134 ] ] } },
{ "type": "Feature", "properties": { "name": "Urban Corridor", "highway": "residential", "slope_pct": 0.6 }, "geometry": { "type": "LineString", "coordinates": [ [ 77.1984708, 28.5485711 ], [ 77.1978036, 28.5487165 ] ] } },
{ "type": "Feature", "properties": { "name": "Urban Corridor", "highway": "residential", "slope_pct": 0.6 }, "geometry": { "type": "LineString", "coordinates": [ [ 77.1971056, 28.5472887 ], [ 77.197058, 28.5470152 ] ] } },
{ "type": "Feature", "properties": { "name": "Urban Corridor", "highway": "residential", "slope_pct": 0.6 }, "geometry": { "type": "LineString", "coordinates": [ [ 77.1992975, 28.5505388 ], [ 77.1990784, 28.5504553 ], [ 77.198366, 28.5500879 ] ] } },
{ "type": "Feature", "properties": { "name": "Urban Corridor", "highway": "residential", "slope_pct": 0.6 }, "geometry": { "type": "LineString", "coordinates": [ [ 77.1995051, 28.5512373 ], [ 77.1995696, 28.5521094 ] ] } },
{ "type": "Feature", "properties": { "name": "Urban Corridor", "highway": "residential", "slope_pct": 0.6 }, "geometry": { "type": "LineString", "coordinates": [ [ 77.1973295, 28.5468348 ], [ 77.1969652, 28.5469379 ] ] } },
{ "type": "Feature", "properties": { "name": "Urban Corridor", "highway": "residential", "slope_pct": 0.6 }, "geometry": { "type": "LineString", "coordinates": [ [ 77.1997502, 28.5459638 ], [ 77.1998857, 28.5463469 ], [ 77.1999162, 28.5463846 ], [ 77.1999843, 28.5464291 ], [ 77.2000272, 28.5464523 ], [ 77.20008, 28.5464668 ], [ 77.2001113, 28.5464656 ], [ 77.2001509, 28.5464567 ], [ 77.2007366, 28.54617 ], [ 77.201133, 28.545976 ] ] } },
{ "type": "Feature", "properties": { "name": "Urban Corridor", "highway": "residential", "slope_pct": 0.6 }, "geometry": { "type": "LineString", "coordinates": [ [ 77.1982845, 28.5516968 ], [ 77.1981812, 28.5513649 ], [ 77.1981799, 28.551356 ], [ 77.1981825, 28.5513481 ], [ 77.198191, 28.5513396 ], [ 77.1982039, 28.551329 ], [ 77.1983659, 28.5512578 ], [ 77.1983946, 28.5512418 ], [ 77.1984152, 28.5512269 ], [ 77.1985513, 28.5510925 ] ] } },
{ "type": "Feature", "properties": { "name": "Urban Corridor", "highway": "residential", "slope_pct": 0.6 }, "geometry": { "type": "LineString", "coordinates": [ [ 77.198424, 28.5482398 ], [ 77.1984708, 28.5485711 ], [ 77.1985057, 28.5488414 ], [ 77.197351, 28.5492066 ] ] } },
{ "type": "Feature", "properties": { "name": "Urban Corridor", "highway": "residential", "slope_pct": 0.6 }, "geometry": { "type": "LineString", "coordinates": [ [ 77.1994577, 28.553715 ], [ 77.1990653, 28.5527134 ], [ 77.1989886, 28.5525177 ], [ 77.1989232, 28.5523405 ], [ 77.1984831, 28.5524568 ], [ 77.1983281, 28.5520782 ] ] } },
{ "type": "Feature", "properties": { "name": "Urban Corridor", "highway": "residential", "slope_pct": 0.6 }, "geometry": { "type": "LineString", "coordinates": [ [ 77.1985057, 28.5488414 ], [ 77.1985003, 28.5490799 ], [ 77.1984755, 28.549282 ], [ 77.1984588, 28.5493185 ], [ 77.1984346, 28.549348 ], [ 77.1983957, 28.5493639 ], [ 77.1975062, 28.5495827 ] ] } },
{ "type": "Feature", "properties": { "name": "Urban Corridor", "highway": "residential", "slope_pct": 0.6 }, "geometry": { "type": "LineString", "coordinates": [ [ 77.1976947, 28.5500028 ], [ 77.1982864, 28.5498616 ], [ 77.1983629, 28.5498433 ], [ 77.1984038, 28.5498363 ], [ 77.1984286, 28.5498354 ], [ 77.1984581, 28.5498386 ], [ 77.1993741, 28.5503213 ], [ 77.1993794, 28.550329 ], [ 77.1993838, 28.5503469 ], [ 77.1993808, 28.5503708 ], [ 77.1992975, 28.5505388 ], [ 77.1991955, 28.5506934 ], [ 77.1991818, 28.5507018 ], [ 77.1991632, 28.5507051 ], [ 77.1991471, 28.5507021 ], [ 77.1983827, 28.5503369 ], [ 77.1983498, 28.5503293 ], [ 77.1983196, 28.5503304 ], [ 77.1982321, 28.5503481 ], [ 77.1978707, 28.5504606 ] ] } },
{ "type": "Feature", "properties": { "name": "Urban Corridor", "highway": "residential", "slope_pct": 0.6 }, "geometry": { "type": "LineString", "coordinates": [ [ 77.1837681, 28.5421984 ], [ 77.184343, 28.542067 ] ] } },
{ "type": "Feature", "properties": { "name": "Urban Corridor", "highway": "residential", "slope_pct": 0.6 }, "geometry": { "type": "LineString", "coordinates": [ [ 77.1836959, 28.5420907 ], [ 77.183775, 28.5419979 ], [ 77.1839249, 28.5418219 ], [ 77.1840711, 28.5416504 ], [ 77.1844034, 28.5412398 ], [ 77.1843712, 28.5411851 ], [ 77.1843456, 28.5411501 ], [ 77.1842553, 28.541032 ] ] } },
{ "type": "Feature", "properties": { "name": "Outer Ring Road", "highway": "primary", "slope_pct": 0.6 }, "geometry": { "type": "LineString", "coordinates": [ [ 77.1878334, 28.5490072 ], [ 77.1880476, 28.54891 ], [ 77.1881317, 28.5488719 ], [ 77.1881985, 28.5488456 ], [ 77.1895379, 28.5483175 ], [ 77.1906182, 28.5478916 ], [ 77.1920293, 28.5473127 ], [ 77.1929038, 28.5470492 ], [ 77.1946272, 28.54653 ], [ 77.1951462, 28.5463837 ], [ 77.1954386, 28.5463012 ], [ 77.1961453, 28.5460951 ], [ 77.1962017, 28.5460828 ], [ 77.1965884, 28.545989 ], [ 77.1970304, 28.5458818 ], [ 77.1972204, 28.5458362 ], [ 77.1975629, 28.5457509 ], [ 77.197755, 28.5457133 ] ] } },
{ "type": "Feature", "properties": { "name": "IIT Flyover", "highway": "primary", "slope_pct": 0.6 }, "geometry": { "type": "LineString", "coordinates": [ [ 77.1799808, 28.5532263 ], [ 77.1806669, 28.5527905 ], [ 77.1840862, 28.5505857 ], [ 77.1845553, 28.5503047 ], [ 77.1850637, 28.5500905 ], [ 77.1862743, 28.549617 ], [ 77.1876762, 28.5490687 ], [ 77.1877082, 28.5490562 ] ] } },
{ "type": "Feature", "properties": { "name": "Outer Ring Road", "highway": "primary", "slope_pct": 0.6 }, "geometry": { "type": "LineString", "coordinates": [ [ 77.1977023, 28.5456036 ], [ 77.1965405, 28.5458875 ], [ 77.1961097, 28.5459853 ], [ 77.1954276, 28.5461871 ], [ 77.1947388, 28.5463909 ], [ 77.1947093, 28.5463996 ], [ 77.1920747, 28.5471992 ], [ 77.1919815, 28.5472275 ], [ 77.1905578, 28.5477982 ], [ 77.1904069, 28.5478586 ], [ 77.1900546, 28.5479997 ], [ 77.188519, 28.548615 ], [ 77.1883818, 28.5486654 ], [ 77.1880371, 28.5487927 ] ] } },
{ "type": "Feature", "properties": { "name": "IIT Flyover", "highway": "primary", "slope_pct": 0.6 }, "geometry": { "type": "LineString", "coordinates": [ [ 77.1876072, 28.5489692 ], [ 77.1862268, 28.549533 ], [ 77.1849934, 28.5500265 ], [ 77.1845064, 28.5502272 ], [ 77.1840128, 28.5504877 ], [ 77.1806035, 28.5527086 ], [ 77.1799047, 28.5531405 ] ] } },
{ "type": "Feature", "properties": { "name": "Palam Marg", "highway": "primary", "slope_pct": 0.6 }, "geometry": { "type": "LineString", "coordinates": [ [ 77.1794152, 28.553443 ], [ 77.1792369, 28.5535672 ], [ 77.179005, 28.5537207 ], [ 77.1781771, 28.5542686 ], [ 77.1780847, 28.5543298 ], [ 77.1780042, 28.5543803 ], [ 77.1776959, 28.5545736 ] ] } },
{ "type": "Feature", "properties": { "name": "Urban Corridor", "highway": "residential", "slope_pct": 0.6 }, "geometry": { "type": "LineString", "coordinates": [ [ 77.1892982, 28.5470114 ], [ 77.1895238, 28.5469365 ], [ 77.189635, 28.5468741 ], [ 77.1896692, 28.5468452 ], [ 77.1896819, 28.546824 ], [ 77.1896859, 28.5467839 ], [ 77.1896469, 28.5465414 ], [ 77.1896323, 28.5464708 ], [ 77.1896197, 28.5464168 ], [ 77.1896099, 28.5463676 ], [ 77.1895707, 28.5459644 ] ] } },
{ "type": "Feature", "properties": { "name": "Urban Corridor", "highway": "residential", "slope_pct": 0.6 }, "geometry": { "type": "LineString", "coordinates": [ [ 77.1961795, 28.5461865 ], [ 77.1966272, 28.5460764 ], [ 77.1970419, 28.5459744 ], [ 77.1972349, 28.5459423 ], [ 77.1975841, 28.5458626 ], [ 77.1975629, 28.5457509 ] ] } },
{ "type": "Feature", "properties": { "name": "Aurobindo Marg", "highway": "trunk", "slope_pct": 0.6 }, "geometry": { "type": "LineString", "coordinates": [ [ 77.2012785, 28.5441651 ], [ 77.2011846, 28.5440041 ], [ 77.2009446, 28.5435177 ], [ 77.2008299, 28.5432809 ], [ 77.2001391, 28.5418747 ], [ 77.1997006, 28.5409883 ], [ 77.1995249, 28.5405536 ], [ 77.1990944, 28.5393248 ], [ 77.1986009, 28.5384596 ], [ 77.1984173, 28.5381446 ], [ 77.198291, 28.5378202 ], [ 77.1982717, 28.5377707 ], [ 77.1982122, 28.5376515 ], [ 77.1977768, 28.5367784 ], [ 77.1975742, 28.5363585 ] ] } },
{ "type": "Feature", "properties": { "name": "Palam Marg", "highway": "secondary", "slope_pct": 0.6 }, "geometry": { "type": "LineString", "coordinates": [ [ 77.1794754, 28.5535515 ], [ 77.1795744, 28.5535427 ], [ 77.1796158, 28.5535343 ], [ 77.1796513, 28.5535197 ], [ 77.1798008, 28.5534282 ], [ 77.1798952, 28.5533705 ], [ 77.1801879, 28.5531914 ], [ 77.1803869, 28.5530697 ], [ 77.180568, 28.5529521 ], [ 77.181229, 28.5525229 ], [ 77.1814909, 28.5523529 ], [ 77.1817482, 28.5521853 ], [ 77.1818181, 28.5521404 ], [ 77.1821144, 28.5519491 ], [ 77.182393, 28.5517693 ] ] } },
{ "type": "Feature", "properties": { "name": "Shaheed Jeet Singh Marg", "highway": "secondary", "slope_pct": 0.6 }, "geometry": { "type": "LineString", "coordinates": [ [ 77.1785095, 28.5444075 ], [ 77.1787351, 28.5442798 ], [ 77.1788368, 28.5442288 ], [ 77.1795609, 28.5438598 ], [ 77.1801943, 28.5435224 ], [ 77.1804373, 28.5433826 ], [ 77.180818, 28.5431637 ], [ 77.1808534, 28.5431446 ], [ 77.1809313, 28.543097 ], [ 77.1819975, 28.5424451 ], [ 77.1823066, 28.5422581 ], [ 77.1823168, 28.5422519 ], [ 77.1831444, 28.5417341 ], [ 77.1832383, 28.5416759 ], [ 77.1833499, 28.5416066 ], [ 77.1835562, 28.5414736 ], [ 77.1836695, 28.5414024 ], [ 77.1839682, 28.5412142 ], [ 77.1841071, 28.5411242 ], [ 77.1842553, 28.541032 ], [ 77.184605, 28.5408297 ], [ 77.1848039, 28.5407187 ], [ 77.1848275, 28.5407055 ], [ 77.1849684, 28.5406291 ], [ 77.185129, 28.5405523 ], [ 77.1853017, 28.5404868 ], [ 77.1855567, 28.5403979 ], [ 77.1857651, 28.5403426 ], [ 77.1861532, 28.5402438 ], [ 77.1862879, 28.5402136 ], [ 77.1865566, 28.5401535 ], [ 77.187164, 28.5400267 ], [ 77.1877467, 28.539868 ] ] } },
{ "type": "Feature", "properties": { "name": "Palam Marg", "highway": "secondary", "slope_pct": 0.6 }, "geometry": { "type": "LineString", "coordinates": [ [ 77.1819368, 28.5517293 ], [ 77.1815881, 28.5519594 ], [ 77.1814908, 28.5520236 ], [ 77.180202, 28.5528824 ], [ 77.1800762, 28.5529656 ], [ 77.1800597, 28.5529765 ], [ 77.1797942, 28.5531498 ], [ 77.1797817, 28.5531582 ], [ 77.1795048, 28.553345 ], [ 77.179467, 28.5533782 ], [ 77.1794152, 28.553443 ] ] } },
{ "type": "Feature", "properties": { "name": "Vedant Deshika Marg", "highway": "secondary", "slope_pct": 0.6 }, "geometry": { "type": "LineString", "coordinates": [ [ 77.1821747, 28.5515725 ], [ 77.182393, 28.5517693 ] ] } },
{ "type": "Feature", "properties": { "name": "Aurobindo Marg", "highway": "trunk", "slope_pct": 0.6 }, "geometry": { "type": "LineString", "coordinates": [ [ 77.1958975, 28.5332704 ], [ 77.1961212, 28.5335576 ], [ 77.1961714, 28.5336492 ], [ 77.1963385, 28.5339888 ], [ 77.1964648, 28.5342945 ], [ 77.1965978, 28.5345959 ], [ 77.1966621, 28.5347418 ], [ 77.1970318, 28.5355657 ], [ 77.197144, 28.5358157 ] ] } },
{ "type": "Feature", "properties": { "name": "Urban Corridor", "highway": "secondary_link", "slope_pct": 0.6 }, "geometry": { "type": "LineString", "coordinates": [ [ 77.1784421, 28.5447707 ], [ 77.178427, 28.5447246 ], [ 77.1784187, 28.5446772 ], [ 77.1784172, 28.5446292 ], [ 77.1784226, 28.5445815 ], [ 77.1784348, 28.5445347 ], [ 77.1784535, 28.5444896 ], [ 77.1784786, 28.544447 ], [ 77.1785095, 28.5444075 ] ] } },
{ "type": "Feature", "properties": { "name": "Shaheed Jeet Singh Marg", "highway": "secondary", "slope_pct": 0.6 }, "geometry": { "type": "LineString", "coordinates": [ [ 77.1973711, 28.5362704 ], [ 77.1969809, 28.5364272 ] ] } },
{ "type": "Feature", "properties": { "name": "Shaheed Jeet Singh Marg", "highway": "secondary", "slope_pct": 0.6 }, "geometry": { "type": "LineString", "coordinates": [ [ 77.1972337, 28.5364034 ], [ 77.1974134, 28.5363349 ] ] } },
{ "type": "Feature", "properties": { "name": "Urban Corridor", "highway": "secondary_link", "slope_pct": 0.6 }, "geometry": { "type": "LineString", "coordinates": [ [ 77.197144, 28.5358157 ], [ 77.1971374, 28.5359842 ], [ 77.1971313, 28.5360449 ], [ 77.1971056, 28.5361367 ], [ 77.1970815, 28.5362001 ], [ 77.1970484, 28.5362793 ], [ 77.1969809, 28.5364272 ] ] } },
{ "type": "Feature", "properties": { "name": "Urban Corridor", "highway": "residential", "slope_pct": 0.6 }, "geometry": { "type": "LineString", "coordinates": [ [ 77.1835831, 28.5413274 ], [ 77.1836695, 28.5414024 ] ] } },
{ "type": "Feature", "properties": { "name": "Gamal Abdel Nasser Marg", "highway": "tertiary", "slope_pct": 0.6 }, "geometry": { "type": "LineString", "coordinates": [ [ 77.197755, 28.5457133 ], [ 77.1983346, 28.5456624 ], [ 77.1989873, 28.5455198 ], [ 77.1996498, 28.5453735 ], [ 77.2001635, 28.5452515 ], [ 77.2005036, 28.5451326 ], [ 77.200634, 28.5450932 ], [ 77.2007087, 28.5450693 ], [ 77.2011066, 28.5449419 ], [ 77.201132, 28.5449338 ] ] } },
{ "type": "Feature", "properties": { "name": "Vedant Deshika Marg", "highway": "secondary", "slope_pct": 0.6 }, "geometry": { "type": "LineString", "coordinates": [ [ 77.1794929, 28.5471118 ], [ 77.179756, 28.5479152 ], [ 77.1798651, 28.5482435 ], [ 77.1799065, 28.5483672 ], [ 77.180073, 28.5488268 ], [ 77.1802538, 28.5491992 ], [ 77.1804324, 28.549496 ], [ 77.1807487, 28.5498967 ], [ 77.1810384, 28.5502288 ], [ 77.1815408, 28.5508232 ], [ 77.1819349, 28.5512891 ] ] } },
{ "type": "Feature", "properties": { "name": "Palam Marg", "highway": "secondary", "slope_pct": 0.6 }, "geometry": { "type": "LineString", "coordinates": [ [ 77.1821747, 28.5515725 ], [ 77.1819368, 28.5517293 ] ] } },
{ "type": "Feature", "properties": { "name": "Vedant Deshika Marg", "highway": "secondary", "slope_pct": 0.6 }, "geometry": { "type": "LineString", "coordinates": [ [ 77.1819349, 28.5512891 ], [ 77.1821747, 28.5515725 ] ] } },
{ "type": "Feature", "properties": { "name": "Aurobindo Marg", "highway": "trunk", "slope_pct": 0.6 }, "geometry": { "type": "LineString", "coordinates": [ [ 77.1973711, 28.5362704 ], [ 77.1974134, 28.5363349 ] ] } },
{ "type": "Feature", "properties": { "name": "Urban Corridor", "highway": "secondary", "slope_pct": 0.6 }, "geometry": { "type": "LineString", "coordinates": [ [ 77.1974134, 28.5363349 ], [ 77.1975141, 28.5362463 ] ] } },
{ "type": "Feature", "properties": { "name": "Urban Corridor", "highway": "tertiary", "slope_pct": 0.6 }, "geometry": { "type": "LineString", "coordinates": [ [ 77.1915869, 28.5384152 ], [ 77.1916211, 28.5384871 ] ] } },
{ "type": "Feature", "properties": { "name": "Aurobindo Marg", "highway": "trunk", "slope_pct": 0.6 }, "geometry": { "type": "LineString", "coordinates": [ [ 77.1973033, 28.5361353 ], [ 77.1973711, 28.5362704 ] ] } },
{ "type": "Feature", "properties": { "name": "Vaishali Apartments Road", "highway": "residential", "slope_pct": 0.6 }, "geometry": { "type": "LineString", "coordinates": [ [ 77.1815452, 28.5461651 ], [ 77.1810883, 28.5453273 ] ] } },
{ "type": "Feature", "properties": { "name": "Urban Corridor", "highway": "secondary_link", "slope_pct": 0.6 }, "geometry": { "type": "LineString", "coordinates": [ [ 77.1817482, 28.5521853 ], [ 77.1817754, 28.5521643 ], [ 77.1817972, 28.552139 ], [ 77.1818114, 28.5521098 ], [ 77.1818174, 28.5520785 ], [ 77.1818146, 28.5520468 ], [ 77.1818034, 28.5520167 ], [ 77.1817843, 28.5519897 ], [ 77.1817585, 28.5519675 ], [ 77.1817274, 28.5519514 ], [ 77.1816928, 28.5519422 ], [ 77.1816567, 28.5519405 ], [ 77.1816212, 28.5519464 ], [ 77.1815881, 28.5519594 ] ] } },
{ "type": "Feature", "properties": { "name": "Africa Avenue", "highway": "secondary", "slope_pct": 0.6 }, "geometry": { "type": "LineString", "coordinates": [ [ 77.1864408, 28.5561842 ], [ 77.1863896, 28.5560475 ], [ 77.1858832, 28.5546949 ], [ 77.1854016, 28.5532445 ], [ 77.1852234, 28.5526759 ], [ 77.1850182, 28.5520979 ], [ 77.1847731, 28.5516187 ], [ 77.1844898, 28.5512299 ], [ 77.1842819, 28.5509795 ], [ 77.1840518, 28.5507537 ], [ 77.1840132, 28.5507158 ], [ 77.183799, 28.5505182 ] ] } },
{ "type": "Feature", "properties": { "name": "Africa Avenue", "highway": "secondary", "slope_pct": 0.6 }, "geometry": { "type": "LineString", "coordinates": [ [ 77.1841961, 28.5510877 ], [ 77.1844036, 28.5513714 ], [ 77.1844134, 28.5513848 ], [ 77.1845836, 28.5516186 ], [ 77.1846219, 28.5516712 ], [ 77.1847084, 28.55179 ], [ 77.1849015, 28.5521717 ], [ 77.1851349, 28.5528031 ], [ 77.1853709, 28.5535947 ], [ 77.1857786, 28.5547892 ], [ 77.1861139, 28.555675 ], [ 77.1862695, 28.5560874 ], [ 77.1863216, 28.5562257 ], [ 77.1863551, 28.5563241 ], [ 77.1863774, 28.5563975 ], [ 77.1864607, 28.5565601 ] ] } },
{ "type": "Feature", "properties": { "name": "Aurobindo Marg", "highway": "trunk", "slope_pct": 0.6 }, "geometry": { "type": "LineString", "coordinates": [ [ 77.197144, 28.5358157 ], [ 77.1973033, 28.5361353 ] ] } },
{ "type": "Feature", "properties": { "name": "Vedant Deshika Marg", "highway": "secondary", "slope_pct": 0.6 }, "geometry": { "type": "LineString", "coordinates": [ [ 77.1824385, 28.5517375 ], [ 77.1822525, 28.5515211 ] ] } },
{ "type": "Feature", "properties": { "name": "Shaheed Jeet Singh Marg", "highway": "secondary", "slope_pct": 0.6 }, "geometry": { "type": "LineString", "coordinates": [ [ 77.1782743, 28.5445315 ], [ 77.1783891, 28.5444664 ], [ 77.1785095, 28.5444075 ] ] } },
{ "type": "Feature", "properties": { "name": "Aruna Asaf Ali Marg", "highway": "secondary", "slope_pct": 0.6 }, "geometry": { "type": "LineString", "coordinates": [ [ 77.1784421, 28.5447707 ], [ 77.1782743, 28.5445315 ] ] } },
{ "type": "Feature", "properties": { "name": "Narendra Kumar Pandey Marg", "highway": "residential", "slope_pct": 0.6 }, "geometry": { "type": "LineString", "coordinates": [ [ 77.1988184, 28.5511946 ], [ 77.1986937, 28.5511502 ], [ 77.1985513, 28.5510925 ], [ 77.1982609, 28.5509465 ], [ 77.1981604, 28.5508879 ], [ 77.1980973, 28.5508411 ], [ 77.1980041, 28.5507481 ], [ 77.1979518, 28.5506603 ], [ 77.1978707, 28.5504606 ], [ 77.1978412, 28.5503776 ], [ 77.1976947, 28.5500028 ], [ 77.1976006, 28.5497816 ], [ 77.1975062, 28.5495827 ], [ 77.197351, 28.5492066 ], [ 77.1970551, 28.548632 ], [ 77.1966938, 28.5478706 ], [ 77.1965527, 28.5474087 ], [ 77.1963782, 28.5468304 ], [ 77.1963254, 28.5466467 ], [ 77.1961988, 28.5462487 ], [ 77.1961795, 28.5461865 ], [ 77.1961617, 28.5461289 ], [ 77.1961453, 28.5460951 ] ] } },
{ "type": "Feature", "properties": { "name": "Baba Gang Nath Marg", "highway": "tertiary", "slope_pct": 0.6 }, "geometry": { "type": "LineString", "coordinates": [ [ 77.1795735, 28.5470727 ], [ 77.1794808, 28.5470774 ], [ 77.1794225, 28.5470954 ], [ 77.1790914, 28.5471928 ], [ 77.1788551, 28.5472623 ], [ 77.1785095, 28.5473738 ], [ 77.178138, 28.5475203 ], [ 77.1780071, 28.5475701 ], [ 77.1777629, 28.5476629 ], [ 77.1775919, 28.5477378 ], [ 77.1775392, 28.5477597 ], [ 77.1773973, 28.5478185 ], [ 77.1772284, 28.5479048 ], [ 77.1770227, 28.5480031 ], [ 77.176671, 28.5481886 ], [ 77.1762001, 28.5484471 ], [ 77.1758609, 28.5486433 ], [ 77.175858, 28.5486451 ], [ 77.1757094, 28.548736 ], [ 77.1756163, 28.5487898 ], [ 77.1755335, 28.5488367 ], [ 77.175413, 28.5489034 ], [ 77.1752836, 28.548966 ], [ 77.1751267, 28.5490361 ], [ 77.1744297, 28.5493281 ], [ 77.1740504, 28.5494691 ], [ 77.1735494, 28.549675 ], [ 77.173091, 28.5498663 ], [ 77.1725514, 28.5501003 ], [ 77.1716385, 28.5504712 ], [ 77.1713253, 28.5505978 ], [ 77.1710736, 28.5507148 ], [ 77.1709088, 28.5507879 ], [ 77.1707439, 28.5508729 ], [ 77.1705936, 28.5509536 ], [ 77.1703555, 28.5510981 ], [ 77.1699411, 28.5513515 ], [ 77.1697354, 28.5514937 ], [ 77.1696496, 28.5515335 ] ] } },
{ "type": "Feature", "properties": { "name": "Aruna Asaf Ali Marg", "highway": "secondary", "slope_pct": 0.6 }, "geometry": { "type": "LineString", "coordinates": [ [ 77.1795735, 28.5470727 ], [ 77.1795099, 28.54689 ], [ 77.1793224, 28.5463015 ], [ 77.1792181, 28.5460542 ], [ 77.1791734, 28.5459682 ], [ 77.1790131, 28.5456746 ], [ 77.178805, 28.5453319 ], [ 77.1784421, 28.5447707 ] ] } },
{ "type": "Feature", "properties": { "name": "Urban Corridor", "highway": "residential", "slope_pct": 0.6 }, "geometry": { "type": "LineString", "coordinates": [ [ 77.1984269, 28.5495908 ], [ 77.1976006, 28.5497816 ] ] } },
{ "type": "Feature", "properties": { "name": "Urban Corridor", "highway": "secondary_link", "slope_pct": 0.6 }, "geometry": { "type": "LineString", "coordinates": [ [ 77.1842323, 28.550281 ], [ 77.1842471, 28.5503446 ], [ 77.1842672, 28.5504353 ], [ 77.1843141, 28.5504789 ], [ 77.1843963, 28.5504811 ] ] } },
{ "type": "Feature", "properties": { "name": "Urban Corridor", "highway": "residential", "slope_pct": 0.6 }, "geometry": { "type": "LineString", "coordinates": [ [ 77.1966272, 28.5460764 ], [ 77.1965884, 28.545989 ] ] } },
{ "type": "Feature", "properties": { "name": "Urban Corridor", "highway": "secondary_link", "slope_pct": 0.6 }, "geometry": { "type": "LineString", "coordinates": [ [ 77.1842819, 28.5509795 ], [ 77.1841907, 28.5508205 ], [ 77.1841068, 28.5506605 ] ] } },
{ "type": "Feature", "properties": { "name": "Himadri Circle", "highway": "residential", "slope_pct": 0.6 }, "geometry": { "type": "LineString", "coordinates": [ [ 77.1943479, 28.5449383 ], [ 77.1944043, 28.5449583 ], [ 77.1944473, 28.5449751 ], [ 77.1944861, 28.5449901 ], [ 77.1945245, 28.5449756 ], [ 77.1945572, 28.5449527 ], [ 77.1945817, 28.544923 ], [ 77.1945969, 28.5448864 ], [ 77.1945998, 28.5448475 ], [ 77.1945901, 28.5448095 ], [ 77.1945699, 28.5447769 ], [ 77.1945405, 28.5447503 ], [ 77.1945041, 28.5447315 ], [ 77.1944633, 28.5447221 ], [ 77.194413, 28.5447238 ], [ 77.1943661, 28.5447395 ], [ 77.1943272, 28.5447675 ], [ 77.1943005, 28.5448049 ], [ 77.194289, 28.5448444 ], [ 77.1942913, 28.5448851 ], [ 77.1943071, 28.5449234 ], [ 77.1943479, 28.5449383 ] ] } },
{ "type": "Feature", "properties": { "name": "Urban Corridor", "highway": "residential", "slope_pct": 0.6 }, "geometry": { "type": "LineString", "coordinates": [ [ 77.1892982, 28.5470114 ], [ 77.1902441, 28.5477335 ], [ 77.1904069, 28.5478586 ] ] } },
{ "type": "Feature", "properties": { "name": "Urban Corridor", "highway": "secondary_link", "slope_pct": 0.6 }, "geometry": { "type": "LineString", "coordinates": [ [ 77.1837566, 28.5508821 ], [ 77.1838215, 28.5508835 ], [ 77.1838796, 28.5509011 ], [ 77.1839358, 28.5509301 ], [ 77.1839997, 28.550967 ], [ 77.1841961, 28.5510877 ] ] } },
{ "type": "Feature", "properties": { "name": "Palam Marg", "highway": "secondary", "slope_pct": 0.6 }, "geometry": { "type": "LineString", "coordinates": [ [ 77.1837656, 28.5505392 ], [ 77.183742, 28.5505547 ], [ 77.183178, 28.5509447 ], [ 77.1829208, 28.5511049 ], [ 77.1827363, 28.5512198 ], [ 77.1825568, 28.5513316 ], [ 77.1822525, 28.5515211 ], [ 77.1821747, 28.5515725 ] ] } },
{ "type": "Feature", "properties": { "name": "Africa Avenue", "highway": "secondary", "slope_pct": 0.6 }, "geometry": { "type": "LineString", "coordinates": [ [ 77.183742, 28.5505547 ], [ 77.1839527, 28.550755 ], [ 77.1841961, 28.5510877 ] ] } },
{ "type": "Feature", "properties": { "name": "Palam Marg", "highway": "secondary", "slope_pct": 0.6 }, "geometry": { "type": "LineString", "coordinates": [ [ 77.182393, 28.5517693 ], [ 77.1824385, 28.5517375 ], [ 77.1832186, 28.5512312 ], [ 77.1833728, 28.5511311 ], [ 77.1835998, 28.5509837 ], [ 77.183716, 28.5509084 ], [ 77.1837566, 28.5508821 ] ] } },
{ "type": "Feature", "properties": { "name": "Urban Corridor", "highway": "residential", "slope_pct": 0.6 }, "geometry": { "type": "LineString", "coordinates": [ [ 77.1830948, 28.5530443 ], [ 77.1832398, 28.5530181 ], [ 77.1832999, 28.5530034 ], [ 77.1833561, 28.5529736 ], [ 77.1834913, 28.5528855 ] ] } },
{ "type": "Feature", "properties": { "name": "Urban Corridor", "highway": "residential", "slope_pct": 0.6 }, "geometry": { "type": "LineString", "coordinates": [ [ 77.1868478, 28.5415035 ], [ 77.1875026, 28.541772 ] ] } },
{ "type": "Feature", "properties": { "name": "Urban Corridor", "highway": "residential", "slope_pct": 0.6 }, "geometry": { "type": "LineString", "coordinates": [ [ 77.1864096, 28.5422127 ], [ 77.1864371, 28.5423563 ], [ 77.1864659, 28.542456 ], [ 77.1865122, 28.5425551 ] ] } },
{ "type": "Feature", "properties": { "name": "Urban Corridor", "highway": "residential", "slope_pct": 0.6 }, "geometry": { "type": "LineString", "coordinates": [ [ 77.1875874, 28.5417669 ], [ 77.1878453, 28.5416298 ], [ 77.1880206, 28.5415335 ] ] } },
{ "type": "Feature", "properties": { "name": "Urban Corridor", "highway": "residential", "slope_pct": 0.6 }, "geometry": { "type": "LineString", "coordinates": [ [ 77.1866296, 28.5404828 ], [ 77.1870429, 28.5403767 ], [ 77.1876292, 28.54025 ] ] } },
{ "type": "Feature", "properties": { "name": "Urban Corridor", "highway": "residential", "slope_pct": 0.6 }, "geometry": { "type": "LineString", "coordinates": [ [ 77.1973778, 28.5343941 ], [ 77.1970788, 28.5336978 ], [ 77.1968419, 28.5331618 ], [ 77.1968171, 28.5331103 ], [ 77.1966528, 28.5327203 ] ] } },
{ "type": "Feature", "properties": { "name": "Satsang Vihar Marg", "highway": "residential", "slope_pct": 0.6 }, "geometry": { "type": "LineString", "coordinates": [ [ 77.1807446, 28.5430558 ], [ 77.180818, 28.5431637 ] ] } },
{ "type": "Feature", "properties": { "name": "Urban Corridor", "highway": "residential", "slope_pct": 0.6 }, "geometry": { "type": "LineString", "coordinates": [ [ 77.1796844, 28.5414439 ], [ 77.1794877, 28.5410996 ], [ 77.1794209, 28.5409929 ], [ 77.1793997, 28.5409769 ], [ 77.1793739, 28.5409769 ], [ 77.1793101, 28.5409983 ], [ 77.179029, 28.5411152 ] ] } },
{ "type": "Feature", "properties": { "name": "Urban Corridor", "highway": "residential", "slope_pct": 0.6 }, "geometry": { "type": "LineString", "coordinates": [ [ 77.1810384, 28.5502288 ], [ 77.181129, 28.5501731 ] ] } },
{ "type": "Feature", "properties": { "name": "Urban Corridor", "highway": "residential", "slope_pct": 0.6 }, "geometry": { "type": "LineString", "coordinates": [ [ 77.1812296, 28.5395594 ], [ 77.1811509, 28.5395791 ], [ 77.1810973, 28.5395848 ], [ 77.1809127, 28.5395489 ], [ 77.180857, 28.5395282 ], [ 77.180666, 28.539434 ], [ 77.1804128, 28.5393039 ], [ 77.1803484, 28.5392718 ], [ 77.1803055, 28.5392398 ], [ 77.1802819, 28.5392002 ], [ 77.1802647, 28.5391531 ], [ 77.1802518, 28.5390758 ], [ 77.1802455, 28.5388627 ] ] } },
{ "type": "Feature", "properties": { "name": "Urban Corridor", "highway": "residential", "slope_pct": 0.6 }, "geometry": { "type": "LineString", "coordinates": [ [ 77.1832796, 28.5415103 ], [ 77.1833499, 28.5416066 ] ] } },
{ "type": "Feature", "properties": { "name": "Urban Corridor", "highway": "residential", "slope_pct": 0.6 }, "geometry": { "type": "LineString", "coordinates": [ [ 77.1847786, 28.542121 ], [ 77.1847565, 28.5421387 ], [ 77.184724, 28.5421532 ], [ 77.1842393, 28.5423433 ], [ 77.1841632, 28.5423732 ], [ 77.1839645, 28.5424511 ] ] } },
{ "type": "Feature", "properties": { "name": "Urban Corridor", "highway": "residential", "slope_pct": 0.6 }, "geometry": { "type": "LineString", "coordinates": [ [ 77.1868549, 28.5426648 ], [ 77.1871403, 28.5425479 ], [ 77.1871703, 28.5425253 ], [ 77.1871811, 28.5424989 ], [ 77.1871789, 28.5424536 ], [ 77.1871696, 28.5423927 ] ] } },
{ "type": "Feature", "properties": { "name": "Urban Corridor", "highway": "residential", "slope_pct": 0.6 }, "geometry": { "type": "LineString", "coordinates": [ [ 77.179756, 28.5479152 ], [ 77.1798529, 28.5478875 ] ] } },
{ "type": "Feature", "properties": { "name": "Urban Corridor", "highway": "residential", "slope_pct": 0.6 }, "geometry": { "type": "LineString", "coordinates": [ [ 77.1808562, 28.5498305 ], [ 77.1807487, 28.5498967 ] ] } },
{ "type": "Feature", "properties": { "name": "Urban Corridor", "highway": "residential", "slope_pct": 0.6 }, "geometry": { "type": "LineString", "coordinates": [ [ 77.1821026, 28.5526402 ], [ 77.1818163, 28.5523056 ] ] } },
{ "type": "Feature", "properties": { "name": "Urban Corridor", "highway": "residential", "slope_pct": 0.6 }, "geometry": { "type": "LineString", "coordinates": [ [ 77.179911, 28.5546104 ], [ 77.1799215, 28.5546185 ], [ 77.1799343, 28.5546223 ], [ 77.1799544, 28.5546225 ], [ 77.1799706, 28.5546187 ], [ 77.1801303, 28.5545365 ] ] } },
{ "type": "Feature", "properties": { "name": "Urban Corridor", "highway": "residential", "slope_pct": 0.6 }, "geometry": { "type": "LineString", "coordinates": [ [ 77.1801303, 28.5545365 ], [ 77.1803809, 28.5544063 ], [ 77.1804735, 28.5545391 ], [ 77.1804959, 28.5545713 ] ] } },
{ "type": "Feature", "properties": { "name": "Urban Corridor", "highway": "residential", "slope_pct": 0.6 }, "geometry": { "type": "LineString", "coordinates": [ [ 77.1885936, 28.541869 ], [ 77.189116, 28.5415208 ], [ 77.1896675, 28.5411457 ], [ 77.1896814, 28.5411421 ], [ 77.1896941, 28.5411423 ], [ 77.1897002, 28.5411444 ] ] } },
{ "type": "Feature", "properties": { "name": "Central Avenue", "highway": "residential", "slope_pct": 0.6 }, "geometry": { "type": "LineString", "coordinates": [ [ 77.1969232, 28.5437922 ], [ 77.1970546, 28.5437392 ] ] } },
{ "type": "Feature", "properties": { "name": "Urban Corridor", "highway": "residential", "slope_pct": 0.6 }, "geometry": { "type": "LineString", "coordinates": [ [ 77.1892977, 28.5460063 ], [ 77.1895707, 28.5459644 ], [ 77.1898737, 28.5459155 ] ] } },
{ "type": "Feature", "properties": { "name": "Urban Corridor", "highway": "residential", "slope_pct": 0.6 }, "geometry": { "type": "LineString", "coordinates": [ [ 77.1892982, 28.5470114 ], [ 77.1891127, 28.5470514 ], [ 77.1890329, 28.5470686 ] ] } },
{ "type": "Feature", "properties": { "name": "Urban Corridor", "highway": "residential", "slope_pct": 0.6 }, "geometry": { "type": "LineString", "coordinates": [ [ 77.1811333, 28.5549374 ], [ 77.1807654, 28.5544297 ] ] } },
{ "type": "Feature", "properties": { "name": "Urban Corridor", "highway": "residential", "slope_pct": 0.6 }, "geometry": { "type": "LineString", "coordinates": [ [ 77.1844685, 28.5541098 ], [ 77.1842826, 28.5535871 ] ] } },
{ "type": "Feature", "properties": { "name": "Urban Corridor", "highway": "residential", "slope_pct": 0.6 }, "geometry": { "type": "LineString", "coordinates": [ [ 77.1840984, 28.5536415 ], [ 77.1843036, 28.5541616 ] ] } },
{ "type": "Feature", "properties": { "name": "Urban Corridor", "highway": "residential", "slope_pct": 0.6 }, "geometry": { "type": "LineString", "coordinates": [ [ 77.1807646, 28.5542337 ], [ 77.1807629, 28.5542258 ], [ 77.1807636, 28.5542184 ], [ 77.1807676, 28.5542087 ], [ 77.1807753, 28.5541999 ], [ 77.1809721, 28.5540936 ], [ 77.1809851, 28.554088 ], [ 77.1809951, 28.5540869 ], [ 77.181011, 28.5540889 ], [ 77.1810182, 28.5540925 ], [ 77.1810244, 28.5540989 ], [ 77.1811076, 28.5542106 ], [ 77.1811246, 28.5542334 ] ] } },
{ "type": "Feature", "properties": { "name": "Urban Corridor", "highway": "residential", "slope_pct": 0.6 }, "geometry": { "type": "LineString", "coordinates": [ [ 77.1852108, 28.5562499 ], [ 77.1858518, 28.5560796 ], [ 77.185874, 28.5560663 ], [ 77.1858903, 28.5560458 ], [ 77.1858893, 28.5560242 ], [ 77.1857974, 28.5557621 ], [ 77.1857384, 28.5555938 ] ] } },
{ "type": "Feature", "properties": { "name": "Urban Corridor", "highway": "residential", "slope_pct": 0.6 }, "geometry": { "type": "LineString", "coordinates": [ [ 77.1842393, 28.5423433 ], [ 77.184352, 28.5424904 ], [ 77.1844854, 28.5425679 ], [ 77.1847658, 28.5424015 ], [ 77.1848227, 28.5423902 ], [ 77.1849084, 28.5423732 ], [ 77.1850509, 28.542349 ], [ 77.1851603, 28.5423427 ], [ 77.1851946, 28.542325 ], [ 77.1852097, 28.5422095 ], [ 77.185226, 28.5421976 ], [ 77.1854374, 28.5421847 ] ] } },
{ "type": "Feature", "properties": { "name": "Urban Corridor", "highway": "residential", "slope_pct": 0.6 }, "geometry": { "type": "LineString", "coordinates": [ [ 77.1848227, 28.5423902 ], [ 77.1849084, 28.5427812 ], [ 77.1849957, 28.5428014 ], [ 77.185175, 28.542765 ], [ 77.1852933, 28.5427346 ], [ 77.1855521, 28.5426681 ], [ 77.1854374, 28.5421847 ] ] } },
{ "type": "Feature", "properties": { "name": "Urban Corridor", "highway": "residential", "slope_pct": 0.6 }, "geometry": { "type": "LineString", "coordinates": [ [ 77.1804618, 28.5476699 ], [ 77.1805826, 28.5475964 ], [ 77.1806746, 28.5475578 ], [ 77.1807402, 28.5475463 ], [ 77.1808724, 28.5475667 ] ] } },
{ "type": "Feature", "properties": { "name": "Urban Corridor", "highway": "residential", "slope_pct": 0.6 }, "geometry": { "type": "LineString", "coordinates": [ [ 77.1790847, 28.5534357 ], [ 77.1791988, 28.5533778 ], [ 77.1792766, 28.5533302 ], [ 77.1794183, 28.5532733 ], [ 77.1795025, 28.5532082 ], [ 77.1795083, 28.5531521 ], [ 77.1794517, 28.5530921 ], [ 77.1793514, 28.5530513 ], [ 77.1791423, 28.5529505 ], [ 77.1790101, 28.5529364 ], [ 77.1789056, 28.5529607 ], [ 77.1786695, 28.5531204 ] ] } },
{ "type": "Feature", "properties": { "name": "Urban Corridor", "highway": "residential", "slope_pct": 0.6 }, "geometry": { "type": "LineString", "coordinates": [ [ 77.1858254, 28.5440812 ], [ 77.1857176, 28.5439191 ], [ 77.1856019, 28.5437517 ] ] } },
{ "type": "Feature", "properties": { "name": "Aurobindo Marg", "highway": "trunk", "slope_pct": 0.6 }, "geometry": { "type": "LineString", "coordinates": [ [ 77.1974705, 28.5364407 ], [ 77.1981304, 28.5378219 ], [ 77.198158, 28.5378797 ], [ 77.1983246, 28.5381708 ], [ 77.1984233, 28.5383561 ], [ 77.1984702, 28.5384441 ], [ 77.1985056, 28.5385162 ], [ 77.1986732, 28.5388342 ], [ 77.1989711, 28.539366 ], [ 77.1990234, 28.5395003 ], [ 77.1994404, 28.5406066 ], [ 77.1995558, 28.5409259 ], [ 77.2004242, 28.5427226 ], [ 77.2009379, 28.5438321 ], [ 77.2010647, 28.544106 ] ] } },
{ "type": "Feature", "properties": { "name": "Urban Corridor", "highway": "residential", "slope_pct": 0.6 }, "geometry": { "type": "LineString", "coordinates": [ [ 77.1891127, 28.5470514 ], [ 77.1888553, 28.5460742 ] ] } },
{ "type": "Feature", "properties": { "name": "Urban Corridor", "highway": "residential", "slope_pct": 0.6 }, "geometry": { "type": "LineString", "coordinates": [ [ 77.1878189, 28.5420096 ], [ 77.1882354, 28.542175 ] ] } },
{ "type": "Feature", "properties": { "name": "Urban Corridor", "highway": "residential", "slope_pct": 0.6 }, "geometry": { "type": "LineString", "coordinates": [ [ 77.1865868, 28.5402898 ], [ 77.1876788, 28.5400344 ], [ 77.187834, 28.5404057 ] ] } },
{ "type": "Feature", "properties": { "name": "Urban Corridor", "highway": "secondary_link", "slope_pct": 0.6 }, "geometry": { "type": "LineString", "coordinates": [ [ 77.1793737, 28.5467521 ], [ 77.1793048, 28.5469121 ], [ 77.1792126, 28.5470567 ], [ 77.1790914, 28.5471928 ] ] } },
{ "type": "Feature", "properties": { "name": "Urban Corridor", "highway": "trunk", "slope_pct": 0.6 }, "geometry": { "type": "LineString", "coordinates": [ [ 77.1975141, 28.5362463 ], [ 77.1974153, 28.536086 ] ] } },
{ "type": "Feature", "properties": { "name": "Urban Corridor", "highway": "trunk", "slope_pct": 0.6 }, "geometry": { "type": "LineString", "coordinates": [ [ 77.1975742, 28.5363585 ], [ 77.1975141, 28.5362463 ] ] } },
{ "type": "Feature", "properties": { "name": "Urban Corridor", "highway": "secondary", "slope_pct": 0.6 }, "geometry": { "type": "LineString", "coordinates": [ [ 77.1975141, 28.5362463 ], [ 77.1973711, 28.5362704 ] ] } },
{ "type": "Feature", "properties": { "name": "Urban Corridor", "highway": "residential", "slope_pct": 0.6 }, "geometry": { "type": "LineString", "coordinates": [ [ 77.1856019, 28.5437517 ], [ 77.1855912, 28.5433965 ] ] } },
{ "type": "Feature", "properties": { "name": "Urban Corridor", "highway": "residential", "slope_pct": 0.6 }, "geometry": { "type": "LineString", "coordinates": [ [ 77.1825943, 28.5390832 ], [ 77.1820942, 28.5392577 ], [ 77.18191, 28.539322 ], [ 77.1817209, 28.5393872 ], [ 77.1812947, 28.5395366 ], [ 77.1812296, 28.5395594 ] ] } },
{ "type": "Feature", "properties": { "name": "Urban Corridor", "highway": "residential", "slope_pct": 0.6 }, "geometry": { "type": "LineString", "coordinates": [ [ 77.1855977, 28.5411291 ], [ 77.1859537, 28.5410102 ] ] } },
{ "type": "Feature", "properties": { "name": "Urban Corridor", "highway": "residential", "slope_pct": 0.6 }, "geometry": { "type": "LineString", "coordinates": [ [ 77.1862879, 28.5402136 ], [ 77.1865238, 28.5410539 ], [ 77.186582, 28.5411076 ], [ 77.1867187, 28.5410717 ], [ 77.1867637, 28.541067 ] ] } },
{ "type": "Feature", "properties": { "name": "Urban Corridor", "highway": "residential", "slope_pct": 0.6 }, "geometry": { "type": "LineString", "coordinates": [ [ 77.2001747, 28.5470378 ], [ 77.2001064, 28.5470726 ], [ 77.2000862, 28.5470829 ], [ 77.2000553, 28.5471036 ], [ 77.1999863, 28.5471671 ], [ 77.1998595, 28.5474054 ], [ 77.1997392, 28.5476513 ], [ 77.1997405, 28.5476722 ], [ 77.199743, 28.5476847 ], [ 77.1997482, 28.5477005 ], [ 77.2001311, 28.5481599 ], [ 77.2002149, 28.5482524 ], [ 77.200282, 28.5483125 ], [ 77.2003429, 28.5483595 ] ] } },
{ "type": "Feature", "properties": { "name": "Urban Corridor", "highway": "residential", "slope_pct": 0.6 }, "geometry": { "type": "LineString", "coordinates": [ [ 77.1793593, 28.5438172 ], [ 77.1792833, 28.5436795 ], [ 77.1787635, 28.5439511 ], [ 77.17865, 28.5440103 ], [ 77.1785559, 28.5438613 ] ] } },
{ "type": "Feature", "properties": { "name": "Urban Corridor", "highway": "residential", "slope_pct": 0.6 }, "geometry": { "type": "LineString", "coordinates": [ [ 77.179269, 28.5432662 ], [ 77.1788537, 28.5434819 ] ] } },
{ "type": "Feature", "properties": { "name": "Urban Corridor", "highway": "residential", "slope_pct": 0.6 }, "geometry": { "type": "LineString", "coordinates": [ [ 77.186989, 28.5467492 ], [ 77.1874177, 28.5468673 ], [ 77.1875279, 28.5464942 ] ] } },
{ "type": "Feature", "properties": { "name": "Urban Corridor", "highway": "residential", "slope_pct": 0.6 }, "geometry": { "type": "LineString", "coordinates": [ [ 77.1994104, 28.5376853 ], [ 77.1990457, 28.5376884 ], [ 77.1990679, 28.5380085 ], [ 77.1991468, 28.5382789 ], [ 77.1996369, 28.5390809 ], [ 77.1996489, 28.5391008 ], [ 77.199696, 28.5391938 ] ] } },
{ "type": "Feature", "properties": { "name": "Urban Corridor", "highway": "residential", "slope_pct": 0.6 }, "geometry": { "type": "LineString", "coordinates": [ [ 77.1981304, 28.5378219 ], [ 77.1977584, 28.5378828 ], [ 77.1977336, 28.5379495 ], [ 77.1978316, 28.5383902 ], [ 77.1978683, 28.5385549 ] ] } },
{ "type": "Feature", "properties": { "name": "Urban Corridor", "highway": "residential", "slope_pct": 0.6 }, "geometry": { "type": "LineString", "coordinates": [ [ 77.1984233, 28.5383561 ], [ 77.1978316, 28.5383902 ] ] } },
{ "type": "Feature", "properties": { "name": "Urban Corridor", "highway": "residential", "slope_pct": 0.6 }, "geometry": { "type": "LineString", "coordinates": [ [ 77.1966712, 28.5380029 ], [ 77.1967787, 28.5379618 ] ] } },
{ "type": "Feature", "properties": { "name": "Shaheed Jeet Singh Marg", "highway": "secondary", "slope_pct": 0.6 }, "geometry": { "type": "LineString", "coordinates": [ [ 77.188347, 28.5396643 ], [ 77.1885869, 28.5395875 ], [ 77.1889293, 28.5394587 ], [ 77.189187, 28.5393578 ], [ 77.1897711, 28.5391445 ], [ 77.1902297, 28.5389813 ], [ 77.1907943, 28.5387846 ], [ 77.1916211, 28.5384871 ], [ 77.1923675, 28.5382267 ], [ 77.1932606, 28.5379004 ], [ 77.1942598, 28.5375387 ], [ 77.1960508, 28.5368972 ], [ 77.1967381, 28.5366303 ], [ 77.1972337, 28.5364034 ] ] } },
{ "type": "Feature", "properties": { "name": "Urban Corridor", "highway": "residential", "slope_pct": 0.6 }, "geometry": { "type": "LineString", "coordinates": [ [ 77.1883582, 28.541053 ], [ 77.1883133, 28.5409753 ], [ 77.1882949, 28.5409332 ], [ 77.188265, 28.5408811 ], [ 77.1881222, 28.5407088 ], [ 77.188096, 28.5407008 ], [ 77.1880746, 28.5407017 ], [ 77.1880558, 28.5407056 ], [ 77.1877887, 28.5408102 ] ] } },
{ "type": "Feature", "properties": { "name": "Shaheed Jeet Singh Marg", "highway": "secondary", "slope_pct": 0.6 }, "geometry": { "type": "LineString", "coordinates": [ [ 77.1877467, 28.539868 ], [ 77.1879681, 28.5397856 ], [ 77.1882834, 28.5396847 ] ] } },
{ "type": "Feature", "properties": { "name": "Shaheed Jeet Singh Marg", "highway": "secondary", "slope_pct": 0.6 }, "geometry": { "type": "LineString", "coordinates": [ [ 77.1882834, 28.5396847 ], [ 77.188347, 28.5396643 ] ] } },
{ "type": "Feature", "properties": { "name": "Urban Corridor", "highway": "residential", "slope_pct": 0.6 }, "geometry": { "type": "LineString", "coordinates": [ [ 77.1988184, 28.5511946 ], [ 77.1988309, 28.5511009 ], [ 77.1988433, 28.5510482 ], [ 77.1988584, 28.5510099 ], [ 77.1989258, 28.5508717 ], [ 77.1989307, 28.5508579 ], [ 77.1989318, 28.5508467 ], [ 77.1989289, 28.5508395 ], [ 77.1989236, 28.5508348 ], [ 77.1984094, 28.5505802 ], [ 77.1982978, 28.5505457 ], [ 77.1982888, 28.5505369 ], [ 77.1982811, 28.5505231 ], [ 77.1982713, 28.5504992 ], [ 77.1982321, 28.5503481 ] ] } },
{ "type": "Feature", "properties": { "name": "Narendra Kumar Pandey Marg", "highway": "residential", "slope_pct": 0.6 }, "geometry": { "type": "LineString", "coordinates": [ [ 77.2029565, 28.5515573 ], [ 77.202937, 28.5515261 ], [ 77.2029045, 28.5514937 ], [ 77.2027604, 28.5514182 ], [ 77.202238, 28.5511445 ], [ 77.2019041, 28.550976 ], [ 77.2018337, 28.5509492 ], [ 77.2017572, 28.5509371 ], [ 77.2016663, 28.5509315 ], [ 77.2015581, 28.5509342 ], [ 77.2012686, 28.5509675 ], [ 77.2009251, 28.5510231 ], [ 77.2002079, 28.5511415 ], [ 77.1998454, 28.5512016 ], [ 77.1995051, 28.5512373 ], [ 77.1993288, 28.5512558 ], [ 77.1991689, 28.5512581 ], [ 77.1991029, 28.551252 ] ] } },
{ "type": "Feature", "properties": { "name": "Shaheed Jeet Singh Marg", "highway": "secondary", "slope_pct": 0.6 }, "geometry": { "type": "LineString", "coordinates": [ [ 77.1847528, 28.5406235 ], [ 77.1845314, 28.5407496 ], [ 77.1841968, 28.5409461 ], [ 77.1837781, 28.5411946 ], [ 77.1837142, 28.5412375 ], [ 77.1836465, 28.5412835 ], [ 77.1835831, 28.5413274 ], [ 77.1832796, 28.5415103 ], [ 77.183071, 28.5416262 ], [ 77.1822332, 28.5421502 ], [ 77.1819241, 28.5423372 ], [ 77.1812249, 28.5427647 ], [ 77.1811184, 28.5428299 ], [ 77.1808579, 28.5429891 ], [ 77.18078, 28.5430367 ], [ 77.1807446, 28.5430558 ], [ 77.1801219, 28.5434176 ], [ 77.1794867, 28.5437523 ], [ 77.1793593, 28.5438172 ], [ 77.1787634, 28.5441209 ], [ 77.1786617, 28.5441719 ], [ 77.1783143, 28.5443455 ], [ 77.1781948, 28.5444197 ] ] } },
{ "type": "Feature", "properties": { "name": "Shaheed Jeet Singh Marg", "highway": "secondary", "slope_pct": 0.6 }, "geometry": { "type": "LineString", "coordinates": [ [ 77.1882222, 28.5396136 ], [ 77.1881718, 28.5396317 ], [ 77.1876975, 28.5397726 ], [ 77.1870905, 28.5399388 ], [ 77.1865177, 28.5400591 ], [ 77.1860764, 28.5401612 ], [ 77.1856709, 28.5402641 ], [ 77.1855256, 28.5402958 ], [ 77.1852612, 28.540392 ], [ 77.1850582, 28.5404727 ], [ 77.1848909, 28.5405506 ], [ 77.1847528, 28.5406235 ] ] } },
{ "type": "Feature", "properties": { "name": "Shaheed Jeet Singh Marg", "highway": "secondary", "slope_pct": 0.6 }, "geometry": { "type": "LineString", "coordinates": [ [ 77.1882846, 28.5395912 ], [ 77.1882222, 28.5396136 ] ] } },
{ "type": "Feature", "properties": { "name": "Hauz Khas Village Road", "highway": "residential", "slope_pct": 0.6 }, "geometry": { "type": "LineString", "coordinates": [ [ 77.1965857, 28.5545419 ], [ 77.1960277, 28.5546908 ] ] } },
{ "type": "Feature", "properties": { "name": "Urban Corridor", "highway": "residential", "slope_pct": 0.6 }, "geometry": { "type": "LineString", "coordinates": [ [ 77.1986009, 28.5384596 ], [ 77.1988824, 28.538358 ] ] } },
{ "type": "Feature", "properties": { "name": "Urban Corridor", "highway": "residential", "slope_pct": 0.6 }, "geometry": { "type": "LineString", "coordinates": [ [ 77.1856663, 28.536636 ], [ 77.1854514, 28.5366372 ] ] } },
{ "type": "Feature", "properties": { "name": "Urban Corridor", "highway": "residential", "slope_pct": 0.6 }, "geometry": { "type": "LineString", "coordinates": [ [ 77.1857389, 28.5366356 ], [ 77.1856663, 28.536636 ] ] } },
{ "type": "Feature", "properties": { "name": "Urban Corridor", "highway": "residential", "slope_pct": 0.6 }, "geometry": { "type": "LineString", "coordinates": [ [ 77.1867637, 28.541067 ], [ 77.1867872, 28.5411459 ], [ 77.1868063, 28.5412538 ], [ 77.186768, 28.5414197 ], [ 77.1867039, 28.5414708 ] ] } },
{ "type": "Feature", "properties": { "name": "Urban Corridor", "highway": "residential", "slope_pct": 0.6 }, "geometry": { "type": "LineString", "coordinates": [ [ 77.1875759, 28.5417359 ], [ 77.1875874, 28.5417669 ], [ 77.1878114, 28.541999 ], [ 77.1878189, 28.5420096 ], [ 77.1878212, 28.5420213 ] ] } },
{ "type": "Feature", "properties": { "name": "Urban Corridor", "highway": "residential", "slope_pct": 0.6 }, "geometry": { "type": "LineString", "coordinates": [ [ 77.187423, 28.5412181 ], [ 77.1874458, 28.5414569 ] ] } },
{ "type": "Feature", "properties": { "name": "Urban Corridor", "highway": "residential", "slope_pct": 0.6 }, "geometry": { "type": "LineString", "coordinates": [ [ 77.1987028, 28.5475408 ], [ 77.1983126, 28.5476127 ] ] } },
{ "type": "Feature", "properties": { "name": "Urban Corridor", "highway": "residential", "slope_pct": 0.6 }, "geometry": { "type": "LineString", "coordinates": [ [ 77.1825189, 28.552381 ], [ 77.1821981, 28.5520193 ] ] } },
{ "type": "Feature", "properties": { "name": "Urban Corridor", "highway": "residential", "slope_pct": 0.6 }, "geometry": { "type": "LineString", "coordinates": [ [ 77.1838863, 28.5517679 ], [ 77.1837377, 28.5516083 ] ] } },
{ "type": "Feature", "properties": { "name": "Urban Corridor", "highway": "residential", "slope_pct": 0.6 }, "geometry": { "type": "LineString", "coordinates": [ [ 77.1834255, 28.5512195 ], [ 77.1837377, 28.5516083 ] ] } },
{ "type": "Feature", "properties": { "name": "Urban Corridor", "highway": "residential", "slope_pct": 0.6 }, "geometry": { "type": "LineString", "coordinates": [ [ 77.1803542, 28.5537897 ], [ 77.1803136, 28.5537773 ], [ 77.1802834, 28.5537649 ], [ 77.1802566, 28.5537467 ], [ 77.1802251, 28.5537172 ], [ 77.1798952, 28.5533705 ] ] } },
{ "type": "Feature", "properties": { "name": "Urban Corridor", "highway": "residential", "slope_pct": 0.6 }, "geometry": { "type": "LineString", "coordinates": [ [ 77.1830948, 28.5530443 ], [ 77.181851, 28.5534109 ] ] } },
{ "type": "Feature", "properties": { "name": "Urban Corridor", "highway": "residential", "slope_pct": 0.6 }, "geometry": { "type": "LineString", "coordinates": [ [ 77.1820007, 28.5543121 ], [ 77.1820579, 28.5542912 ], [ 77.1826928, 28.5540621 ], [ 77.1828022, 28.5540227 ] ] } },
{ "type": "Feature", "properties": { "name": "Urban Corridor", "highway": "residential", "slope_pct": 0.6 }, "geometry": { "type": "LineString", "coordinates": [ [ 77.1826928, 28.5540621 ], [ 77.182905, 28.5546122 ] ] } },
{ "type": "Feature", "properties": { "name": "Urban Corridor", "highway": "residential", "slope_pct": 0.6 }, "geometry": { "type": "LineString", "coordinates": [ [ 77.1832188, 28.553892 ], [ 77.1833775, 28.5544124 ], [ 77.183365, 28.5544267 ], [ 77.1832997, 28.5544546 ], [ 77.1831951, 28.554477 ], [ 77.1831833, 28.5544649 ], [ 77.1830106, 28.5539576 ] ] } },
{ "type": "Feature", "properties": { "name": "Urban Corridor", "highway": "residential", "slope_pct": 0.6 }, "geometry": { "type": "LineString", "coordinates": [ [ 77.1830759, 28.5534167 ], [ 77.1829854, 28.5534522 ], [ 77.182975, 28.5534598 ], [ 77.1829697, 28.5534769 ], [ 77.1829714, 28.5534984 ], [ 77.1831469, 28.5538868 ], [ 77.1831581, 28.5539116 ] ] } },
{ "type": "Feature", "properties": { "name": "Urban Corridor", "highway": "residential", "slope_pct": 0.6 }, "geometry": { "type": "LineString", "coordinates": [ [ 77.1828022, 28.5540227 ], [ 77.1830106, 28.5539576 ], [ 77.1831581, 28.5539116 ] ] } },
{ "type": "Feature", "properties": { "name": "Urban Corridor", "highway": "residential", "slope_pct": 0.6 }, "geometry": { "type": "LineString", "coordinates": [ [ 77.1832439, 28.5533884 ], [ 77.1839515, 28.5531915 ] ] } },
{ "type": "Feature", "properties": { "name": "Urban Corridor", "highway": "residential", "slope_pct": 0.6 }, "geometry": { "type": "LineString", "coordinates": [ [ 77.1847431, 28.5532857 ], [ 77.1847887, 28.5534271 ] ] } },
{ "type": "Feature", "properties": { "name": "Urban Corridor", "highway": "residential", "slope_pct": 0.6 }, "geometry": { "type": "LineString", "coordinates": [ [ 77.184887, 28.5546979 ], [ 77.1849483, 28.5548596 ], [ 77.1854056, 28.5547383 ], [ 77.1854257, 28.5547277 ], [ 77.1854418, 28.5547065 ], [ 77.1854365, 28.5546829 ], [ 77.1854044, 28.554565 ] ] } },
{ "type": "Feature", "properties": { "name": "Urban Corridor", "highway": "residential", "slope_pct": 0.6 }, "geometry": { "type": "LineString", "coordinates": [ [ 77.1837763, 28.5553996 ], [ 77.1837645, 28.5553639 ], [ 77.1835645, 28.5547582 ] ] } },
{ "type": "Feature", "properties": { "name": "Urban Corridor", "highway": "residential", "slope_pct": 0.6 }, "geometry": { "type": "LineString", "coordinates": [ [ 77.1856015, 28.5552922 ], [ 77.1855426, 28.555134 ], [ 77.1850823, 28.5552693 ], [ 77.1851356, 28.5554188 ] ] } },
{ "type": "Feature", "properties": { "name": "Urban Corridor", "highway": "residential", "slope_pct": 0.6 }, "geometry": { "type": "LineString", "coordinates": [ [ 77.1857974, 28.5557621 ], [ 77.1853882, 28.5558701 ], [ 77.1853373, 28.5558795 ], [ 77.1853171, 28.5558783 ], [ 77.185297, 28.5558689 ], [ 77.1852876, 28.55585 ], [ 77.1852422, 28.5557233 ] ] } },
{ "type": "Feature", "properties": { "name": "Urban Corridor", "highway": "residential", "slope_pct": 0.6 }, "geometry": { "type": "LineString", "coordinates": [ [ 77.1852422, 28.5557233 ], [ 77.1851356, 28.5554188 ] ] } },
{ "type": "Feature", "properties": { "name": "Urban Corridor", "highway": "residential", "slope_pct": 0.6 }, "geometry": { "type": "LineString", "coordinates": [ [ 77.1815268, 28.555708 ], [ 77.1816221, 28.5556406 ] ] } },
{ "type": "Feature", "properties": { "name": "Urban Corridor", "highway": "residential", "slope_pct": 0.6 }, "geometry": { "type": "LineString", "coordinates": [ [ 77.1849388, 28.5555946 ], [ 77.1834692, 28.5559989 ] ] } },
{ "type": "Feature", "properties": { "name": "Urban Corridor", "highway": "residential", "slope_pct": 0.6 }, "geometry": { "type": "LineString", "coordinates": [ [ 77.1812119, 28.5541862 ], [ 77.1815659, 28.5546995 ] ] } },
{ "type": "Feature", "properties": { "name": "Urban Corridor", "highway": "residential", "slope_pct": 0.6 }, "geometry": { "type": "LineString", "coordinates": [ [ 77.1801631, 28.5547488 ], [ 77.1802245, 28.5548425 ], [ 77.1805032, 28.5552671 ] ] } },
{ "type": "Feature", "properties": { "name": "Urban Corridor", "highway": "residential", "slope_pct": 0.6 }, "geometry": { "type": "LineString", "coordinates": [ [ 77.1802245, 28.5548425 ], [ 77.1804119, 28.5547504 ] ] } },
{ "type": "Feature", "properties": { "name": "Urban Corridor", "highway": "residential", "slope_pct": 0.6 }, "geometry": { "type": "LineString", "coordinates": [ [ 77.181244, 28.5562493 ], [ 77.181057, 28.5563618 ], [ 77.1810294, 28.5563768 ], [ 77.1809806, 28.5563952 ], [ 77.1809459, 28.5563927 ], [ 77.1809191, 28.556385 ], [ 77.180895, 28.5563719 ], [ 77.1808591, 28.5563417 ], [ 77.1807696, 28.5562463 ], [ 77.1804102, 28.5558246 ], [ 77.1802774, 28.5556859 ], [ 77.1802513, 28.5556615 ], [ 77.1802211, 28.5556414 ] ] } },
{ "type": "Feature", "properties": { "name": "Urban Corridor", "highway": "residential", "slope_pct": 0.6 }, "geometry": { "type": "LineString", "coordinates": [ [ 77.1802472, 28.5547039 ], [ 77.1802274, 28.5546756 ], [ 77.1801303, 28.5545365 ] ] } },
{ "type": "Feature", "properties": { "name": "Urban Corridor", "highway": "residential", "slope_pct": 0.6 }, "geometry": { "type": "LineString", "coordinates": [ [ 77.1831581, 28.5539116 ], [ 77.1832188, 28.553892 ], [ 77.1833881, 28.5538374 ] ] } },
{ "type": "Feature", "properties": { "name": "Urban Corridor", "highway": "residential", "slope_pct": 0.6 }, "geometry": { "type": "LineString", "coordinates": [ [ 77.1995181, 28.5460163 ], [ 77.1996756, 28.5464878 ], [ 77.1997077, 28.5465245 ], [ 77.1997569, 28.5465554 ], [ 77.1998679, 28.546601 ] ] } },
{ "type": "Feature", "properties": { "name": "Urban Corridor", "highway": "residential", "slope_pct": 0.6 }, "geometry": { "type": "LineString", "coordinates": [ [ 77.1991582, 28.5460979 ], [ 77.1992801, 28.5460703 ], [ 77.1995181, 28.5460163 ] ] } },
{ "type": "Feature", "properties": { "name": "Urban Corridor", "highway": "residential", "slope_pct": 0.6 }, "geometry": { "type": "LineString", "coordinates": [ [ 77.1991035, 28.5459007 ], [ 77.1990302, 28.5456604 ], [ 77.1989873, 28.5455198 ] ] } },
{ "type": "Feature", "properties": { "name": "Urban Corridor", "highway": "residential", "slope_pct": 0.6 }, "geometry": { "type": "LineString", "coordinates": [ [ 77.1987124, 28.5351203 ], [ 77.1987283, 28.5351528 ], [ 77.1989049, 28.5355137 ], [ 77.1989972, 28.5357024 ], [ 77.1990286, 28.5357244 ], [ 77.1990641, 28.5357288 ], [ 77.1993145, 28.5356857 ] ] } },
{ "type": "Feature", "properties": { "name": "Urban Corridor", "highway": "residential", "slope_pct": 0.6 }, "geometry": { "type": "LineString", "coordinates": [ [ 77.1989049, 28.5355137 ], [ 77.1994113, 28.5353097 ] ] } },
{ "type": "Feature", "properties": { "name": "Urban Corridor", "highway": "residential", "slope_pct": 0.6 }, "geometry": { "type": "LineString", "coordinates": [ [ 77.1977132, 28.5354014 ], [ 77.1979855, 28.5352881 ], [ 77.1982703, 28.5351696 ], [ 77.1982962, 28.5351451 ], [ 77.1982972, 28.5351231 ], [ 77.1981943, 28.5349406 ], [ 77.1981608, 28.534928 ], [ 77.1981177, 28.5349339 ], [ 77.1978641, 28.5350359 ], [ 77.1975584, 28.5351588 ], [ 77.1972886, 28.5352673 ], [ 77.1972869, 28.5352971 ], [ 77.1973839, 28.5354899 ], [ 77.1974151, 28.5355091 ], [ 77.1974976, 28.5354973 ], [ 77.197668, 28.5354215 ], [ 77.1977132, 28.5354014 ], [ 77.1977316, 28.5354402 ], [ 77.19775, 28.535479 ] ] } },
{ "type": "Feature", "properties": { "name": "Urban Corridor", "highway": "residential", "slope_pct": 0.6 }, "geometry": { "type": "LineString", "coordinates": [ [ 77.1984066, 28.5352343 ], [ 77.1983767, 28.5351828 ], [ 77.198106, 28.5347247 ] ] } },
{ "type": "Feature", "properties": { "name": "Urban Corridor", "highway": "residential", "slope_pct": 0.6 }, "geometry": { "type": "LineString", "coordinates": [ [ 77.1979855, 28.5352881 ], [ 77.1978641, 28.5350359 ] ] } },
{ "type": "Feature", "properties": { "name": "Urban Corridor", "highway": "residential", "slope_pct": 0.6 }, "geometry": { "type": "LineString", "coordinates": [ [ 77.197668, 28.5354215 ], [ 77.1975584, 28.5351588 ] ] } },
{ "type": "Feature", "properties": { "name": "IIT Flyover", "highway": "primary", "slope_pct": 0.6 }, "geometry": { "type": "LineString", "coordinates": [ [ 77.1799047, 28.5531405 ], [ 77.1794152, 28.553443 ] ] } },
{ "type": "Feature", "properties": { "name": "IIT Flyover", "highway": "primary", "slope_pct": 0.6 }, "geometry": { "type": "LineString", "coordinates": [ [ 77.1794754, 28.5535515 ], [ 77.1799808, 28.5532263 ] ] } },
{ "type": "Feature", "properties": { "name": "IIT Flyover", "highway": "primary", "slope_pct": 0.6 }, "geometry": { "type": "LineString", "coordinates": [ [ 77.1880371, 28.5487927 ], [ 77.1876072, 28.5489692 ] ] } },
{ "type": "Feature", "properties": { "name": "IIT Flyover", "highway": "primary", "slope_pct": 0.6 }, "geometry": { "type": "LineString", "coordinates": [ [ 77.1877082, 28.5490562 ], [ 77.1877579, 28.5490367 ], [ 77.1878334, 28.5490072 ] ] } },
{ "type": "Feature", "properties": { "name": "IIT Flyover", "highway": "primary", "slope_pct": 0.6 }, "geometry": { "type": "LineString", "coordinates": [ [ 77.197755, 28.5457133 ], [ 77.198319, 28.5455618 ], [ 77.1986016, 28.5454711 ] ] } },
{ "type": "Feature", "properties": { "name": "IIT Flyover", "highway": "primary", "slope_pct": 0.6 }, "geometry": { "type": "LineString", "coordinates": [ [ 77.1985605, 28.5453954 ], [ 77.198264, 28.545462 ], [ 77.1977023, 28.5456036 ] ] } },
{ "type": "Feature", "properties": { "name": "Urban Corridor", "highway": "residential", "slope_pct": 0.6 }, "geometry": { "type": "LineString", "coordinates": [ [ 77.1844376, 28.5436687 ], [ 77.1844589, 28.5436634 ], [ 77.184759, 28.5435877 ], [ 77.1850924, 28.5435694 ], [ 77.185178, 28.5435724 ], [ 77.1852406, 28.5435611 ], [ 77.1853279, 28.5435329 ], [ 77.1855452, 28.5434267 ], [ 77.1855912, 28.5433965 ] ] } },
{ "type": "Feature", "properties": { "name": "Urban Corridor", "highway": "residential", "slope_pct": 0.6 }, "geometry": { "type": "LineString", "coordinates": [ [ 77.1993669, 28.5366692 ], [ 77.1994063, 28.536662 ], [ 77.2002585, 28.5365074 ], [ 77.2012186, 28.5363414 ], [ 77.2016948, 28.5362645 ], [ 77.2031559, 28.535973 ], [ 77.2038788, 28.5358394 ] ] } },
{ "type": "Feature", "properties": { "name": "Urban Corridor", "highway": "residential", "slope_pct": 0.6 }, "geometry": { "type": "LineString", "coordinates": [ [ 77.1844034, 28.5412398 ], [ 77.1844652, 28.5412225 ], [ 77.1845099, 28.5412125 ], [ 77.1845546, 28.5412025 ], [ 77.1846681, 28.541167 ], [ 77.184771, 28.5411196 ], [ 77.1848189, 28.5410961 ] ] } },
{ "type": "Feature", "properties": { "name": "Urban Corridor", "highway": "residential", "slope_pct": 0.6 }, "geometry": { "type": "LineString", "coordinates": [ [ 77.1845099, 28.5412125 ], [ 77.184473, 28.5412555 ], [ 77.1844183, 28.5413328 ], [ 77.1843488, 28.5414214 ], [ 77.1843977, 28.5414849 ], [ 77.1844488, 28.5415429 ], [ 77.1845125, 28.5415444 ] ] } },
{ "type": "Feature", "properties": { "name": "Urban Corridor", "highway": "residential", "slope_pct": 0.6 }, "geometry": { "type": "LineString", "coordinates": [ [ 77.1841071, 28.5411242 ], [ 77.184138, 28.5411863 ], [ 77.183967, 28.5414295 ], [ 77.1838024, 28.5416495 ], [ 77.1836548, 28.5418527 ], [ 77.1835891, 28.5419403 ] ] } },
{ "type": "Feature", "properties": { "name": "Urban Corridor", "highway": "residential", "slope_pct": 0.6 }, "geometry": { "type": "LineString", "coordinates": [ [ 77.1814357, 28.5486032 ], [ 77.1815365, 28.5485217 ], [ 77.1815436, 28.5485087 ], [ 77.1815411, 28.548496 ], [ 77.1814919, 28.548438 ], [ 77.181477, 28.5484202 ], [ 77.1814687, 28.5484004 ], [ 77.1814748, 28.5483669 ], [ 77.1814897, 28.548339 ], [ 77.1815059, 28.5483158 ], [ 77.1815125, 28.5482971 ], [ 77.1815013, 28.5482784 ], [ 77.1814837, 28.5482601 ], [ 77.1814085, 28.5482076 ], [ 77.1813678, 28.5481752 ], [ 77.1813328, 28.5481448 ], [ 77.1812772, 28.5480977 ], [ 77.1812356, 28.5480794 ], [ 77.1811763, 28.5480733 ], [ 77.1811069, 28.5480731 ] ] } },
{ "type": "Feature", "properties": { "name": "Urban Corridor", "highway": "residential", "slope_pct": 0.6 }, "geometry": { "type": "LineString", "coordinates": [ [ 77.1818463, 28.5496854 ], [ 77.1815697, 28.5493303 ], [ 77.181484, 28.5492158 ], [ 77.1813475, 28.5490295 ], [ 77.1811979, 28.5487955 ] ] } },
{ "type": "Feature", "properties": { "name": "Anmol Path", "highway": "residential", "slope_pct": 0.6 }, "geometry": { "type": "LineString", "coordinates": [ [ 77.1811979, 28.5487955 ], [ 77.1814357, 28.5486032 ] ] } },
{ "type": "Feature", "properties": { "name": "Narendra Kumar Pandey Marg", "highway": "residential", "slope_pct": 0.6 }, "geometry": { "type": "LineString", "coordinates": [ [ 77.1991029, 28.551252 ], [ 77.1990368, 28.5512458 ], [ 77.1988184, 28.5511946 ] ] } },
{ "type": "Feature", "properties": { "name": "Urban Corridor", "highway": "residential", "slope_pct": 0.6 }, "geometry": { "type": "LineString", "coordinates": [ [ 77.1982864, 28.5498616 ], [ 77.198366, 28.5500879 ], [ 77.1981353, 28.5501558 ] ] } },
{ "type": "Feature", "properties": { "name": "Urban Corridor", "highway": "secondary_link", "slope_pct": 0.6 }, "geometry": { "type": "LineString", "coordinates": [ [ 77.1819368, 28.5517293 ], [ 77.1821144, 28.5519491 ] ] } }
]
}
