{
"type": "FeatureCollection",
"name": "roads_26.809_75.542",
"crs": { "type": "name", "properties": { "name": "urn:ogc:def:crs:OGC:1.3:CRS84" } },
"features": [
{ "type": "Feature", "properties": { "name": "Arterial Link", "highway": "secondary", "slope_pct": 0.6 }, "geometry": { "type": "LineString", "coordinates": [ [ 75.4621838, 26.7321075 ], [ 75.4624934, 26.7322822 ], [ 75.465595, 26.7340242 ], [ 75.4677404, 26.7352242 ], [ 75.4700407, 26.7367354 ], [ 75.473574, 26.7392934 ], [ 75.4767977, 26.741639 ], [ 75.4790869, 26.7432932 ], [ 75.4811881, 26.7447894 ], [ 75.481267, 26.7448508 ], [ 75.4818737, 26.7453227 ], [ 75.4823106, 26.7455745 ], [ 75.4835602, 26.7461325 ], [ 75.4844947, 26.7463794 ], [ 75.4854126, 26.7466461 ], [ 75.4857775, 26.7467843 ], [ 75.4862807, 26.7469769 ], [ 75.4878843, 26.7477867 ], [ 75.4897809, 26.7487397 ], [ 75.491025, 26.7497075 ], [ 75.4925567, 26.751011 ], [ 75.4939735, 26.7517589 ], [ 75.4952696, 26.7523797 ], [ 75.4978187, 26.7534144 ], [ 75.4992521, 26.7542574 ], [ 75.5004194, 26.7549855 ], [ 75.5013378, 26.7555987 ], [ 75.5021446, 26.7560432 ], [ 75.5034321, 26.7567483 ], [ 75.505183, 26.7577139 ], [ 75.5070026, 26.7589632 ], [ 75.5094402, 26.7606339 ], [ 75.5107534, 26.7616532 ], [ 75.5115087, 26.7623735 ], [ 75.5124099, 26.7632625 ], [ 75.5136166, 26.7647889 ], [ 75.5139549, 26.7652167 ], [ 75.5146673, 26.7660137 ], [ 75.5149849, 26.7662896 ], [ 75.5159118, 26.7669716 ], [ 75.5173195, 26.7679372 ], [ 75.5179632, 26.7684353 ], [ 75.5186443, 26.7690641 ], [ 75.518976, 26.7693703 ], [ 75.5193972, 26.769719 ], [ 75.5194481, 26.7697611 ], [ 75.5195512, 26.769834 ], [ 75.5204485, 26.7704453 ], [ 75.5205209, 26.7705197 ], [ 75.5210953, 26.7708593 ], [ 75.5212138, 26.7709293 ], [ 75.5217655, 26.7712554 ], [ 75.5223749, 26.7717228 ], [ 75.5229217, 26.7722032 ], [ 75.5234564, 26.772673 ], [ 75.5241172, 26.7733474 ], [ 75.5245636, 26.7740907 ], [ 75.5250871, 26.7753474 ], [ 75.5259556, 26.7773998 ], [ 75.5261926, 26.7779092 ], [ 75.5263781, 26.7782633 ], [ 75.5272672, 26.7799603 ], [ 75.5276706, 26.7807878 ], [ 75.5280569, 26.7811403 ], [ 75.5283368, 26.7813993 ], [ 75.5285289, 26.7815771 ], [ 75.5288723, 26.7819985 ], [ 75.5299194, 26.783508 ], [ 75.5301941, 26.7839983 ], [ 75.5306747, 26.7849944 ], [ 75.5314815, 26.7870172 ], [ 75.5320394, 26.7883887 ], [ 75.5339105, 26.7927559 ], [ 75.5350435, 26.7951233 ], [ 75.536494, 26.7977052 ], [ 75.5377472, 26.8001721 ], [ 75.5380476, 26.8008923 ], [ 75.538142, 26.8013443 ], [ 75.5381248, 26.8020644 ], [ 75.5381218, 26.8022966 ], [ 75.5381365, 26.8024246 ], [ 75.5381808, 26.8025144 ], [ 75.538229, 26.8025886 ], [ 75.5383095, 26.8026772 ], [ 75.5384329, 26.8027754 ], [ 75.5385737, 26.8028855 ], [ 75.5393086, 26.8034337 ] ] } },
{ "type": "Feature", "properties": { "name": "Arterial Link", "highway": "secondary", "slope_pct": 0.6 }, "geometry": { "type": "LineString", "coordinates": [ [ 75.5335557, 26.7091708 ], [ 75.5339799, 26.7103135 ], [ 75.5341453, 26.7108893 ], [ 75.534596, 26.7124995 ], [ 75.5350352, 26.7141046 ], [ 75.535155, 26.7145836 ], [ 75.535406, 26.7152002 ], [ 75.5357197, 26.7157097 ], [ 75.5360392, 26.716632 ], [ 75.5363529, 26.7175135 ], [ 75.5367237, 26.7184969 ], [ 75.5370204, 26.7193632 ], [ 75.537066, 26.7196791 ], [ 75.5371459, 26.7212892 ], [ 75.5372029, 26.7225171 ], [ 75.5378076, 26.7240711 ], [ 75.5383894, 26.7254978 ], [ 75.5388458, 26.7264913 ], [ 75.5393421, 26.7277192 ], [ 75.5395189, 26.7284987 ], [ 75.5397471, 26.7294718 ], [ 75.5398151, 26.7299762 ], [ 75.5398238, 26.7300024 ], [ 75.5397723, 26.7303431 ], [ 75.5397789, 26.7305998 ], [ 75.5397865, 26.7308984 ], [ 75.5398036, 26.7312245 ], [ 75.5398179, 26.7316244 ], [ 75.5398396, 26.7317972 ], [ 75.539855, 26.7319199 ], [ 75.5399944, 26.7322087 ], [ 75.5401773, 26.7326357 ], [ 75.5402115, 26.7329847 ], [ 75.5402961, 26.7333163 ], [ 75.5403513, 26.7335324 ], [ 75.5407078, 26.7345513 ], [ 75.5409388, 26.7350812 ], [ 75.5412611, 26.7360695 ], [ 75.5414152, 26.7365637 ], [ 75.5415464, 26.7373916 ], [ 75.541669, 26.7377915 ], [ 75.5418687, 26.7389199 ], [ 75.5419343, 26.7397758 ], [ 75.5420255, 26.7404381 ], [ 75.5422737, 26.7411844 ], [ 75.5424619, 26.7416709 ], [ 75.5427985, 26.7425497 ], [ 75.5429639, 26.7431635 ], [ 75.5429752, 26.7432126 ], [ 75.543155, 26.7439913 ], [ 75.5432976, 26.7456368 ], [ 75.5433718, 26.746243 ], [ 75.5432976, 26.747137 ], [ 75.5431636, 26.7480437 ], [ 75.5431778, 26.7486626 ], [ 75.5433433, 26.7492663 ], [ 75.5434688, 26.7498725 ], [ 75.5435429, 26.7501552 ], [ 75.543754, 26.7511485 ], [ 75.5438538, 26.7516961 ], [ 75.5440535, 26.7526104 ], [ 75.5441961, 26.7533185 ], [ 75.5443187, 26.7537871 ], [ 75.544507, 26.7544187 ], [ 75.544815, 26.7552439 ], [ 75.5448721, 26.7554044 ], [ 75.5448521, 26.755575 ], [ 75.5448008, 26.7557813 ], [ 75.5449091, 26.7560589 ], [ 75.5452885, 26.7571362 ], [ 75.5454596, 26.7575743 ], [ 75.5456279, 26.757885 ], [ 75.5458957, 26.7586383 ], [ 75.5461496, 26.7591349 ], [ 75.546218, 26.7593437 ], [ 75.5463093, 26.7598556 ], [ 75.5463578, 26.7601714 ], [ 75.5463236, 26.7602682 ], [ 75.5461068, 26.7603573 ], [ 75.5459243, 26.7604719 ], [ 75.5458444, 26.7605432 ], [ 75.5458472, 26.7606451 ], [ 75.5458786, 26.7607572 ], [ 75.54593, 26.7608947 ], [ 75.5459613, 26.76105 ], [ 75.5460897, 26.7615008 ], [ 75.5461696, 26.761618 ], [ 75.546258, 26.7616791 ], [ 75.5465004, 26.7617428 ], [ 75.5468883, 26.7618675 ], [ 75.5470737, 26.7619338 ], [ 75.5471422, 26.7620382 ], [ 75.5473333, 26.7623922 ], [ 75.5474552, 26.7626931 ], [ 75.5474919, 26.7627478 ], [ 75.5476413, 26.7629703 ], [ 75.547918, 26.7632479 ], [ 75.5480977, 26.7635585 ], [ 75.548145, 26.7636148 ], [ 75.548303, 26.763803 ], [ 75.5489562, 26.7644448 ], [ 75.549056, 26.7645441 ], [ 75.5491268, 26.7645558 ], [ 75.5492557, 26.7645772 ], [ 75.5493983, 26.7645568 ], [ 75.5501199, 26.7642869 ], [ 75.5507759, 26.7640246 ], [ 75.5512608, 26.7638361 ], [ 75.5514462, 26.7638692 ], [ 75.5523617, 26.7641417 ], [ 75.5537536, 26.7644957 ], [ 75.554461, 26.7646842 ], [ 75.5546264, 26.7650076 ], [ 75.5548574, 26.7654074 ], [ 75.5549915, 26.7658403 ], [ 75.555108, 26.7660498 ], [ 75.5552026, 26.7662198 ], [ 75.5554165, 26.7664337 ], [ 75.5556732, 26.7666222 ], [ 75.5557987, 26.7668233 ], [ 75.5559413, 26.7672563 ], [ 75.556169, 26.7677835 ], [ 75.5562151, 26.7678904 ], [ 75.5562505, 26.7680179 ], [ 75.5563092, 26.7682291 ], [ 75.5563174, 26.7682855 ], [ 75.5563634, 26.7686009 ], [ 75.5564718, 26.7693954 ], [ 75.5566743, 26.7702994 ], [ 75.5566914, 26.770689 ], [ 75.5566258, 26.771183 ], [ 75.556603, 26.771593 ], [ 75.5565089, 26.771863 ], [ 75.5564461, 26.7719699 ], [ 75.5562379, 26.7723544 ], [ 75.5559898, 26.7727542 ], [ 75.5558158, 26.773126 ], [ 75.5558358, 26.7733119 ], [ 75.555879, 26.773612 ], [ 75.5559099, 26.7738263 ], [ 75.5560554, 26.7742948 ], [ 75.5562151, 26.7747354 ], [ 75.5565631, 26.7756954 ], [ 75.556684, 26.7760167 ], [ 75.5569367, 26.7766885 ], [ 75.557127, 26.7772048 ], [ 75.5571535, 26.7772767 ], [ 75.557356, 26.7776815 ], [ 75.5573332, 26.7777936 ], [ 75.5572476, 26.7778802 ], [ 75.557017, 26.7780118 ], [ 75.5569396, 26.7780559 ], [ 75.5562607, 26.7784123 ], [ 75.5559984, 26.7785269 ], [ 75.5557416, 26.778639 ], [ 75.5551341, 26.7788656 ], [ 75.5543612, 26.7790795 ], [ 75.5538535, 26.7791381 ], [ 75.5530965, 26.7793334 ], [ 75.552975, 26.7793647 ], [ 75.5527317, 26.7794457 ], [ 75.5522334, 26.7796117 ], [ 75.55197, 26.7796927 ], [ 75.551546, 26.779823 ], [ 75.5513064, 26.7798841 ], [ 75.5512123, 26.7799529 ], [ 75.5512066, 26.7800802 ], [ 75.5512351, 26.7802355 ], [ 75.5513692, 26.7813228 ], [ 75.5514405, 26.7818677 ], [ 75.5514462, 26.7823566 ], [ 75.5513321, 26.7824279 ], [ 75.5511096, 26.782438 ], [ 75.5509699, 26.7824533 ], [ 75.5508729, 26.7825119 ], [ 75.5508529, 26.7827232 ], [ 75.5509071, 26.7832834 ], [ 75.5508187, 26.7834489 ], [ 75.5507331, 26.7835584 ], [ 75.550619, 26.7838334 ], [ 75.5504279, 26.7843197 ], [ 75.550194, 26.7849461 ], [ 75.5500001, 26.7855037 ], [ 75.5498204, 26.7859467 ], [ 75.5494154, 26.7867411 ], [ 75.5491872, 26.7872351 ], [ 75.5488849, 26.7879735 ], [ 75.5484627, 26.7888595 ], [ 75.547898, 26.7899594 ], [ 75.5474875, 26.7907653 ], [ 75.5472534, 26.7912248 ], [ 75.546825, 26.7923314 ], [ 75.546432, 26.7934933 ], [ 75.5460954, 26.7948554 ], [ 75.5458045, 26.7956141 ], [ 75.5455307, 26.7963728 ], [ 75.5450914, 26.7974574 ], [ 75.5449174, 26.7979666 ], [ 75.5446465, 26.7987253 ], [ 75.5443555, 26.7992803 ], [ 75.5440732, 26.7998073 ], [ 75.5440094, 26.7999594 ], [ 75.5439077, 26.8002019 ], [ 75.5433547, 26.800871 ], [ 75.5428527, 26.8013394 ], [ 75.5426816, 26.8019097 ], [ 75.5426246, 26.8023781 ], [ 75.5423964, 26.8030604 ], [ 75.5423946, 26.8031032 ], [ 75.5423838, 26.8035163 ] ] } },
{ "type": "Feature", "properties": { "name": "Arterial Link", "highway": "residential", "slope_pct": 0.6 }, "geometry": { "type": "LineString", "coordinates": [ [ 75.5383095, 26.8026772 ], [ 75.5380547, 26.8027083 ], [ 75.5374217, 26.8026605 ], [ 75.5369389, 26.8026317 ], [ 75.5365795, 26.8025695 ], [ 75.5357534, 26.8023636 ], [ 75.5353671, 26.8022631 ], [ 75.5343479, 26.8021242 ], [ 75.5333555, 26.8019901 ], [ 75.5326313, 26.8019279 ], [ 75.5312514, 26.8017913 ], [ 75.5302119, 26.8016885 ], [ 75.5300349, 26.8016837 ], [ 75.5299222, 26.8017316 ], [ 75.529874, 26.8018273 ], [ 75.5298632, 26.8019231 ], [ 75.5298625, 26.8020236 ], [ 75.5298579, 26.8026796 ] ] } },
{ "type": "Feature", "properties": { "name": "Arterial Link", "highway": "residential", "slope_pct": 0.6 }, "geometry": { "type": "LineString", "coordinates": [ [ 75.5298625, 26.8020236 ], [ 75.5303299, 26.8023014 ], [ 75.5304989, 26.8023564 ], [ 75.5307618, 26.8024354 ], [ 75.5309871, 26.8025408 ], [ 75.5310631, 26.8025985 ], [ 75.5314806, 26.8027634 ], [ 75.531832, 26.8028783 ], [ 75.5318674, 26.8028877 ], [ 75.5321297, 26.8029573 ], [ 75.5323657, 26.8030267 ], [ 75.5325723, 26.8030674 ], [ 75.5328727, 26.8031129 ], [ 75.5332535, 26.8031871 ], [ 75.5333891, 26.8032194 ], [ 75.5335754, 26.8032638 ], [ 75.533841, 26.8033499 ], [ 75.5340877, 26.8034266 ], [ 75.5342996, 26.8034888 ], [ 75.5345088, 26.803575 ], [ 75.5345488, 26.8035912 ], [ 75.53471, 26.8036564 ], [ 75.5349219, 26.8037234 ], [ 75.5350941, 26.8037545 ], [ 75.5352828, 26.8037887 ], [ 75.5353457, 26.8038 ], [ 75.5356032, 26.8038264 ], [ 75.5359304, 26.8038838 ], [ 75.5362093, 26.8039676 ], [ 75.5363461, 26.8040238 ] ] } },
{ "type": "Feature", "properties": { "name": "Arterial Link", "highway": "residential", "slope_pct": 0.6 }, "geometry": { "type": "LineString", "coordinates": [ [ 75.5298767, 26.8038119 ], [ 75.5303412, 26.8038215 ], [ 75.5308078, 26.8038359 ], [ 75.531081, 26.8038551 ], [ 75.5311658, 26.8038634 ], [ 75.5312526, 26.8038718 ], [ 75.5314457, 26.803879 ], [ 75.5320305, 26.803879 ], [ 75.5320572, 26.8038796 ], [ 75.5322584, 26.8038838 ], [ 75.5323255, 26.8038814 ], [ 75.5323791, 26.8038694 ], [ 75.5325025, 26.8038072 ], [ 75.5325803, 26.8037737 ], [ 75.5326527, 26.803745 ], [ 75.5327708, 26.803721 ], [ 75.53287, 26.8037186 ], [ 75.5330972, 26.8037496 ], [ 75.5332911, 26.8037761 ], [ 75.5333733, 26.8037878 ], [ 75.5336559, 26.8038383 ], [ 75.5337663, 26.8038565 ], [ 75.5339321, 26.8038838 ], [ 75.5341253, 26.8039101 ], [ 75.5343237, 26.8039221 ], [ 75.5348009, 26.8039659 ], [ 75.5349229, 26.8039754 ], [ 75.5350689, 26.8039868 ], [ 75.535123, 26.8039915 ], [ 75.535279, 26.8040006 ], [ 75.5356193, 26.8040203 ], [ 75.5360806, 26.8040203 ], [ 75.5363461, 26.8040238 ], [ 75.5364427, 26.8040251 ], [ 75.5370837, 26.8040275 ], [ 75.5371964, 26.8040275 ], [ 75.5372795, 26.8040275 ], [ 75.537478, 26.8040562 ], [ 75.5376872, 26.8040945 ], [ 75.5378616, 26.804116 ], [ 75.5381379, 26.80414 ], [ 75.5387145, 26.8041855 ], [ 75.538971, 26.8041931 ], [ 75.5391437, 26.8041974 ], [ 75.539251, 26.8041797 ], [ 75.5392885, 26.8041735 ], [ 75.5394495, 26.804116 ], [ 75.5397204, 26.8040227 ], [ 75.539825, 26.8039987 ], [ 75.5399403, 26.8039724 ], [ 75.5400757, 26.8039461 ] ] } },
{ "type": "Feature", "properties": { "name": "Arterial Link", "highway": "residential", "slope_pct": 0.6 }, "geometry": { "type": "LineString", "coordinates": [ [ 75.5361235, 26.8074724 ], [ 75.5361462, 26.8076928 ], [ 75.5361654, 26.8078798 ] ] } },
{ "type": "Feature", "properties": { "name": "Arterial Link", "highway": "residential", "slope_pct": 0.6 }, "geometry": { "type": "LineString", "coordinates": [ [ 75.5356809, 26.8072785 ], [ 75.5357641, 26.8079149 ] ] } },
{ "type": "Feature", "properties": { "name": "Arterial Link", "highway": "residential", "slope_pct": 0.6 }, "geometry": { "type": "LineString", "coordinates": [ [ 75.5355495, 26.8066417 ], [ 75.5353752, 26.8068452 ], [ 75.5353215, 26.8069361 ], [ 75.5352759, 26.807075 ], [ 75.5352625, 26.8071612 ], [ 75.5352625, 26.8072976 ], [ 75.5353065, 26.8076003 ], [ 75.5353572, 26.8079498 ] ] } },
{ "type": "Feature", "properties": { "name": "Arterial Link", "highway": "residential", "slope_pct": 0.6 }, "geometry": { "type": "LineString", "coordinates": [ [ 75.5366987, 26.808815 ], [ 75.5365674, 26.8078446 ], [ 75.5365352, 26.8076007 ], [ 75.5365124, 26.8074281 ] ] } },
{ "type": "Feature", "properties": { "name": "Arterial Link", "highway": "residential", "slope_pct": 0.6 }, "geometry": { "type": "LineString", "coordinates": [ [ 75.5345263, 26.8071839 ], [ 75.5346403, 26.8080139 ], [ 75.5346563, 26.8081307 ], [ 75.5347046, 26.8085975 ], [ 75.5347046, 26.8086634 ], [ 75.5346872, 26.808722 ], [ 75.5346592, 26.8087897 ] ] } },
{ "type": "Feature", "properties": { "name": "Arterial Link", "highway": "residential", "slope_pct": 0.6 }, "geometry": { "type": "LineString", "coordinates": [ [ 75.5347998, 26.8070439 ], [ 75.5348092, 26.8070678 ], [ 75.5348361, 26.8071061 ], [ 75.534883, 26.8071731 ], [ 75.5348977, 26.8072103 ], [ 75.5349098, 26.8072533 ], [ 75.5349509, 26.8076199 ], [ 75.5349702, 26.807792 ], [ 75.5349903, 26.8079799 ] ] } },
{ "type": "Feature", "properties": { "name": "Arterial Link", "highway": "residential", "slope_pct": 0.6 }, "geometry": { "type": "LineString", "coordinates": [ [ 75.5348009, 26.8039659 ], [ 75.5347958, 26.8040562 ], [ 75.534777, 26.8041112 ], [ 75.5347449, 26.8041424 ], [ 75.5347046, 26.8041567 ], [ 75.5346161, 26.8041783 ], [ 75.5344337, 26.8041783 ], [ 75.5341145, 26.8041376 ] ] } },
{ "type": "Feature", "properties": { "name": "Arterial Link", "highway": "residential", "slope_pct": 0.6 }, "geometry": { "type": "LineString", "coordinates": [ [ 75.5333903, 26.803539 ], [ 75.5336076, 26.8035079 ], [ 75.533739, 26.8035175 ], [ 75.5338651, 26.8035439 ], [ 75.5340314, 26.8035846 ], [ 75.5342057, 26.8036109 ], [ 75.5343613, 26.8036324 ], [ 75.534431, 26.803642 ], [ 75.5344847, 26.8036372 ], [ 75.5345488, 26.8035912 ] ] } },
{ "type": "Feature", "properties": { "name": "Arterial Link", "highway": "residential", "slope_pct": 0.6 }, "geometry": { "type": "LineString", "coordinates": [ [ 75.5350941, 26.8037545 ], [ 75.5350689, 26.8039868 ] ] } },
{ "type": "Feature", "properties": { "name": "Arterial Link", "highway": "residential", "slope_pct": 0.6 }, "geometry": { "type": "LineString", "coordinates": [ [ 75.5348273, 26.8053669 ], [ 75.5348086, 26.8053693 ], [ 75.5347958, 26.8053801 ], [ 75.5347878, 26.8054016 ], [ 75.5347636, 26.8069577 ], [ 75.5347717, 26.8070032 ], [ 75.5347998, 26.8070439 ] ] } },
{ "type": "Feature", "properties": { "name": "Arterial Link", "highway": "residential", "slope_pct": 0.6 }, "geometry": { "type": "LineString", "coordinates": [ [ 75.5347998, 26.8070439 ], [ 75.5348173, 26.8070151 ], [ 75.5348307, 26.8069697 ], [ 75.5348387, 26.8067614 ], [ 75.5348582, 26.8054016 ], [ 75.5348548, 26.8053849 ], [ 75.5348468, 26.8053723 ], [ 75.5348273, 26.8053669 ] ] } },
{ "type": "Feature", "properties": { "name": "Arterial Link", "highway": "residential", "slope_pct": 0.6 }, "geometry": { "type": "LineString", "coordinates": [ [ 75.5352828, 26.8037887 ], [ 75.5352813, 26.8038742 ], [ 75.535279, 26.8040006 ] ] } },
{ "type": "Feature", "properties": { "name": "Arterial Link", "highway": "residential", "slope_pct": 0.6 }, "geometry": { "type": "LineString", "coordinates": [ [ 75.5349229, 26.8039754 ], [ 75.5349326, 26.8042262 ] ] } },
{ "type": "Feature", "properties": { "name": "Arterial Link", "highway": "tertiary", "slope_pct": 0.6 }, "geometry": { "type": "LineString", "coordinates": [ [ 75.5408254, 26.806048 ], [ 75.5407155, 26.8062012 ], [ 75.5405921, 26.8063903 ], [ 75.5404901, 26.8065986 ], [ 75.5403587, 26.8069529 ], [ 75.54023, 26.8074006 ], [ 75.5401415, 26.8077238 ], [ 75.5401173, 26.8077884 ] ] } },
{ "type": "Feature", "properties": { "name": "Arterial Link", "highway": "residential", "slope_pct": 0.6 }, "geometry": { "type": "LineString", "coordinates": [ [ 75.5408254, 26.806048 ], [ 75.5409005, 26.8064382 ], [ 75.5409247, 26.8066154 ], [ 75.5409783, 26.8067446 ], [ 75.5410695, 26.8069026 ], [ 75.5411902, 26.8071372 ], [ 75.5412224, 26.8072498 ], [ 75.5412412, 26.8073718 ], [ 75.5412546, 26.8075251 ], [ 75.5412667, 26.8076629 ], [ 75.5412362, 26.8077753 ], [ 75.5411956, 26.8079727 ], [ 75.5411366, 26.8080972 ], [ 75.5409059, 26.8083797 ] ] } },
{ "type": "Feature", "properties": { "name": "Arterial Link", "highway": "residential", "slope_pct": 0.6 }, "geometry": { "type": "LineString", "coordinates": [ [ 75.5424169, 26.8082021 ], [ 75.5424455, 26.8080972 ], [ 75.5424562, 26.8079895 ], [ 75.5424482, 26.8076974 ], [ 75.5424562, 26.8074891 ], [ 75.5424991, 26.8071181 ], [ 75.5422979, 26.8070726 ], [ 75.5421478, 26.8070558 ], [ 75.5418715, 26.8070391 ], [ 75.5416739, 26.8070475 ], [ 75.5414593, 26.8070782 ], [ 75.5411902, 26.8071372 ] ] } },
{ "type": "Feature", "properties": { "name": "Arterial Link", "highway": "tertiary", "slope_pct": 0.6 }, "geometry": { "type": "LineString", "coordinates": [ [ 75.5448422, 26.8058584 ], [ 75.5447479, 26.8059697 ], [ 75.5447258, 26.8059958 ], [ 75.5445108, 26.8062638 ], [ 75.5442821, 26.8065489 ], [ 75.544228, 26.8066163 ], [ 75.54419, 26.8067634 ], [ 75.5441433, 26.8070223 ], [ 75.5440789, 26.8072186 ], [ 75.5439998, 26.8074345 ], [ 75.5439824, 26.807482 ], [ 75.5439261, 26.8076543 ], [ 75.5438644, 26.8077429 ], [ 75.5438433, 26.8077589 ], [ 75.5437645, 26.8078191 ], [ 75.5435409, 26.8079463 ], [ 75.5434598, 26.8080029 ] ] } },
{ "type": "Feature", "properties": { "name": "Arterial Link", "highway": "residential", "slope_pct": 0.6 }, "geometry": { "type": "LineString", "coordinates": [ [ 75.5428976, 26.808271 ], [ 75.5428584, 26.8079602 ], [ 75.542862, 26.8076569 ], [ 75.5428549, 26.8073442 ], [ 75.5428526, 26.8073166 ], [ 75.5428373, 26.8071313 ], [ 75.542823, 26.8069588 ], [ 75.5427983, 26.806763 ], [ 75.5427754, 26.8066345 ], [ 75.5427727, 26.8065435 ], [ 75.5428076, 26.806431 ], [ 75.5428344, 26.8062227 ], [ 75.5428146, 26.8062032 ], [ 75.5427808, 26.806182 ], [ 75.5426064, 26.8060695 ], [ 75.5423704, 26.8059379 ], [ 75.5421022, 26.8058385 ] ] } },
{ "type": "Feature", "properties": { "name": "Arterial Link", "highway": "residential", "slope_pct": 0.6 }, "geometry": { "type": "LineString", "coordinates": [ [ 75.5428344, 26.8062227 ], [ 75.5430061, 26.8062778 ], [ 75.5430838, 26.8062898 ], [ 75.5431293, 26.8062844 ], [ 75.5431643, 26.8062802 ], [ 75.5432571, 26.8062441 ], [ 75.5432689, 26.8062395 ], [ 75.5434486, 26.8061581 ], [ 75.5436015, 26.8060983 ], [ 75.5437164, 26.8060571 ], [ 75.5437452, 26.8060509 ], [ 75.5437812, 26.8060432 ] ] } },
{ "type": "Feature", "properties": { "name": "Arterial Link", "highway": "residential", "slope_pct": 0.6 }, "geometry": { "type": "LineString", "coordinates": [ [ 75.5439877, 26.8065495 ], [ 75.5439666, 26.8065563 ], [ 75.5438089, 26.8066066 ], [ 75.5435246, 26.806676 ], [ 75.5433948, 26.806674 ], [ 75.5433664, 26.8066736 ], [ 75.5431813, 26.8066952 ], [ 75.5430633, 26.8067144 ], [ 75.5429453, 26.8067382 ], [ 75.5427983, 26.806763 ] ] } },
{ "type": "Feature", "properties": { "name": "Arterial Link", "highway": "residential", "slope_pct": 0.6 }, "geometry": { "type": "LineString", "coordinates": [ [ 75.5437164, 26.8060571 ], [ 75.543589, 26.80574 ], [ 75.5435656, 26.8056676 ], [ 75.5435193, 26.8055245 ], [ 75.5434227, 26.8052181 ], [ 75.5434066, 26.805151 ], [ 75.5432269, 26.8051462 ], [ 75.5430901, 26.8051439 ], [ 75.5430154, 26.8051413 ] ] } },
{ "type": "Feature", "properties": { "name": "Arterial Link", "highway": "secondary", "slope_pct": 0.6 }, "geometry": { "type": "LineString", "coordinates": [ [ 75.5421532, 26.8054505 ], [ 75.5421022, 26.8058385 ], [ 75.5420861, 26.8060001 ], [ 75.5420847, 26.8062024 ], [ 75.5420499, 26.8063676 ], [ 75.5420271, 26.8064406 ], [ 75.5420069, 26.8064915 ], [ 75.5419529, 26.8066073 ], [ 75.5419171, 26.8067362 ], [ 75.5419037, 26.8068488 ], [ 75.5418715, 26.8070391 ], [ 75.5418245, 26.8073694 ], [ 75.5417937, 26.8075011 ], [ 75.5417468, 26.8076244 ], [ 75.5417065, 26.8077261 ], [ 75.5416234, 26.8078949 ], [ 75.541555, 26.8080757 ], [ 75.5415237, 26.8081854 ], [ 75.5415201, 26.8082791 ], [ 75.5415495, 26.8083616 ], [ 75.5416185, 26.8084877 ], [ 75.5417297, 26.808691 ], [ 75.5417611, 26.8088284 ], [ 75.5418155, 26.8090663 ], [ 75.5418375, 26.8093117 ], [ 75.5418499, 26.8094494 ], [ 75.5418718, 26.8098843 ], [ 75.5418876, 26.8101272 ], [ 75.5419184, 26.8102386 ], [ 75.5419546, 26.8103439 ], [ 75.5420215, 26.8104988 ], [ 75.5423979, 26.8113176 ], [ 75.5424335, 26.8113951 ], [ 75.5424908, 26.8115087 ], [ 75.5425093, 26.8115403 ] ] } },
{ "type": "Feature", "properties": { "name": "Arterial Link", "highway": "residential", "slope_pct": 0.6 }, "geometry": { "type": "LineString", "coordinates": [ [ 75.5479805, 26.8049392 ], [ 75.5482431, 26.8060193 ], [ 75.5482793, 26.8060606 ], [ 75.5483484, 26.806106 ], [ 75.5483758, 26.8061557 ], [ 75.5484426, 26.8065655 ], [ 75.5485734, 26.8073679 ], [ 75.5486575, 26.8078841 ], [ 75.5486691, 26.8079609 ], [ 75.5487259, 26.8081475 ], [ 75.5487835, 26.809079 ], [ 75.5487792, 26.8091006 ], [ 75.5487678, 26.8091155 ], [ 75.5487326, 26.8091314 ], [ 75.5485421, 26.8091361 ] ] } },
{ "type": "Feature", "properties": { "name": "Arterial Link", "highway": "tertiary", "slope_pct": 0.6 }, "geometry": { "type": "LineString", "coordinates": [ [ 75.547638, 26.8050128 ], [ 75.5478534, 26.8049532 ], [ 75.5479805, 26.8049392 ], [ 75.5483262, 26.8048962 ], [ 75.548442, 26.8048925 ], [ 75.5486066, 26.8048887 ], [ 75.5489494, 26.8048384 ], [ 75.5490192, 26.8048424 ], [ 75.5496392, 26.8048761 ], [ 75.5503929, 26.8048725 ], [ 75.5506262, 26.8048869 ], [ 75.550755, 26.8049084 ], [ 75.5510487, 26.8050018 ], [ 75.5511144, 26.8050353 ], [ 75.5514302, 26.805085 ], [ 75.5515864, 26.8051215 ], [ 75.5516877, 26.8051604 ], [ 75.5517648, 26.8052101 ], [ 75.5518265, 26.8052652 ], [ 75.552198, 26.8054722 ], [ 75.5523569, 26.8055381 ], [ 75.5524233, 26.8054956 ], [ 75.5524615, 26.8054758 ], [ 75.5525447, 26.8054148 ], [ 75.5525715, 26.8054028 ], [ 75.552666, 26.805398 ], [ 75.5528177, 26.8053911 ], [ 75.5529959, 26.8053831 ], [ 75.5531247, 26.8053633 ], [ 75.5533359, 26.8053035 ], [ 75.5534083, 26.8052957 ], [ 75.5534962, 26.8052945 ], [ 75.5536236, 26.8052993 ], [ 75.5545449, 26.8054267 ], [ 75.5547689, 26.8054411 ], [ 75.5550489, 26.8054531 ], [ 75.5552436, 26.8054615 ], [ 75.5576569, 26.8054786 ] ] } },
{ "type": "Feature", "properties": { "name": "Arterial Link", "highway": "residential", "slope_pct": 0.6 }, "geometry": { "type": "LineString", "coordinates": [ [ 75.5489494, 26.8048384 ], [ 75.5489606, 26.8045517 ], [ 75.5490062, 26.804353 ], [ 75.5491054, 26.8041304 ], [ 75.549151, 26.8040035 ], [ 75.5493119, 26.8039101 ], [ 75.5495131, 26.8038335 ], [ 75.5501823, 26.8035534 ], [ 75.5505015, 26.8034876 ], [ 75.5507456, 26.8033882 ], [ 75.5514362, 26.8031465 ], [ 75.5515972, 26.8030998 ], [ 75.5517165, 26.803089 ], [ 75.5518131, 26.8031105 ], [ 75.5519472, 26.803174 ], [ 75.5523321, 26.8033069 ] ] } },
{ "type": "Feature", "properties": { "name": "Arterial Link", "highway": "tertiary", "slope_pct": 0.6 }, "geometry": { "type": "LineString", "coordinates": [ [ 75.5602741, 26.803968 ], [ 75.5602837, 26.8034259 ], [ 75.5602634, 26.8026652 ], [ 75.5572164, 26.8026557 ], [ 75.554384, 26.8025408 ], [ 75.5533326, 26.8025695 ], [ 75.5524179, 26.80267 ], [ 75.5516347, 26.8027443 ], [ 75.5513853, 26.8027682 ], [ 75.5500254, 26.8027993 ], [ 75.5497652, 26.8027993 ], [ 75.5495721, 26.8027778 ], [ 75.5490866, 26.8026676 ], [ 75.5486494, 26.8025288 ], [ 75.5485395, 26.8024761 ], [ 75.5484617, 26.8023971 ], [ 75.5483946, 26.802287 ], [ 75.5483356, 26.8021984 ], [ 75.548282, 26.8021769 ], [ 75.5482283, 26.8021793 ], [ 75.5481532, 26.8022223 ], [ 75.5479816, 26.8023636 ], [ 75.5477267, 26.802591 ], [ 75.547311, 26.8030627 ], [ 75.5468497, 26.8035798 ], [ 75.5466834, 26.8037569 ], [ 75.5464742, 26.8037904 ], [ 75.5462301, 26.8038479 ], [ 75.5460075, 26.8038886 ], [ 75.545868, 26.8039125 ], [ 75.5457929, 26.8039078 ], [ 75.545648, 26.8038742 ], [ 75.5452403, 26.8037378 ], [ 75.5446342, 26.8035175 ], [ 75.5443177, 26.8034098 ], [ 75.5438805, 26.8032973 ], [ 75.5433521, 26.8031871 ], [ 75.5429739, 26.8031321 ], [ 75.5426896, 26.8031081 ], [ 75.5423946, 26.8031032 ] ] } },
{ "type": "Feature", "properties": { "name": "Arterial Link", "highway": "residential", "slope_pct": 0.6 }, "geometry": { "type": "LineString", "coordinates": [ [ 75.5393423, 26.8060901 ], [ 75.5394689, 26.8068834 ], [ 75.5395487, 26.8073838 ], [ 75.5395755, 26.8075251 ], [ 75.539597, 26.8075921 ], [ 75.5396265, 26.8076352 ] ] } },
{ "type": "Feature", "properties": { "name": "Arterial Link", "highway": "residential", "slope_pct": 0.6 }, "geometry": { "type": "LineString", "coordinates": [ [ 75.5387157, 26.8078416 ], [ 75.5390847, 26.8077812 ], [ 75.539149, 26.8077381 ], [ 75.5391732, 26.8076687 ], [ 75.5391732, 26.8075729 ], [ 75.5390734, 26.806926 ], [ 75.5389613, 26.8061988 ], [ 75.5389508, 26.8061266 ], [ 75.5389345, 26.8060145 ], [ 75.538846, 26.8053561 ] ] } },
{ "type": "Feature", "properties": { "name": "Arterial Link", "highway": "residential", "slope_pct": 0.6 }, "geometry": { "type": "LineString", "coordinates": [ [ 75.5388191, 26.8083318 ], [ 75.5387333, 26.8079464 ], [ 75.5387157, 26.8078416 ], [ 75.5385751, 26.8070032 ], [ 75.5384304, 26.8061667 ], [ 75.5383846, 26.805902 ], [ 75.5383444, 26.8056243 ], [ 75.5383015, 26.8054351 ], [ 75.5382585, 26.8052675 ], [ 75.538272, 26.8051981 ], [ 75.5383041, 26.8051646 ], [ 75.5383842, 26.8051386 ] ] } },
{ "type": "Feature", "properties": { "name": "Arterial Link", "highway": "residential", "slope_pct": 0.6 }, "geometry": { "type": "LineString", "coordinates": [ [ 75.5373976, 26.8054184 ], [ 75.5374432, 26.8057559 ], [ 75.5374378, 26.8058182 ], [ 75.5374244, 26.8058541 ], [ 75.53736, 26.8059043 ], [ 75.5373332, 26.8059403 ], [ 75.5373225, 26.8059929 ], [ 75.5373466, 26.8061964 ], [ 75.53736, 26.806297 ], [ 75.5373493, 26.8063688 ], [ 75.5372822, 26.8065651 ], [ 75.5372635, 26.8066513 ], [ 75.5372554, 26.8068212 ], [ 75.5372527, 26.8074724 ], [ 75.5372795, 26.8075155 ], [ 75.5373332, 26.8075514 ], [ 75.5374485, 26.8075945 ], [ 75.5379152, 26.8076831 ], [ 75.5381861, 26.8077453 ], [ 75.5383256, 26.8078099 ], [ 75.5384088, 26.8078794 ], [ 75.5384704, 26.8079655 ], [ 75.5385053, 26.80809 ], [ 75.5385053, 26.8081834 ], [ 75.5385134, 26.8083964 ], [ 75.5385241, 26.8084635 ], [ 75.5385429, 26.8084946 ] ] } },
{ "type": "Feature", "properties": { "name": "Arterial Link", "highway": "residential", "slope_pct": 0.6 }, "geometry": { "type": "LineString", "coordinates": [ [ 75.5447479, 26.8059697 ], [ 75.5450334, 26.8059788 ], [ 75.545176, 26.8059833 ], [ 75.5452403, 26.8059929 ], [ 75.5452806, 26.8060169 ], [ 75.5452993, 26.8060623 ], [ 75.5453066, 26.8065579 ], [ 75.5453101, 26.8067997 ], [ 75.5453047, 26.8068524 ], [ 75.5452752, 26.806905 ], [ 75.5451569, 26.8070394 ], [ 75.545117, 26.8070846 ], [ 75.5449855, 26.807233 ], [ 75.5449077, 26.8073695 ], [ 75.5448648, 26.8075083 ], [ 75.5448735, 26.8077404 ], [ 75.5448943, 26.8082959 ], [ 75.5448819, 26.8086339 ], [ 75.544874, 26.8088015 ], [ 75.5448702, 26.8088824 ], [ 75.5448782, 26.8089111 ], [ 75.5449131, 26.8089399 ], [ 75.5449668, 26.8089471 ], [ 75.5453042, 26.8089156 ] ] } },
{ "type": "Feature", "properties": { "name": "Arterial Link", "highway": "residential", "slope_pct": 0.6 }, "geometry": { "type": "LineString", "coordinates": [ [ 75.5428373, 26.8071313 ], [ 75.542998, 26.8071085 ], [ 75.5431375, 26.8070989 ], [ 75.5432394, 26.8071037 ], [ 75.5433145, 26.8071181 ], [ 75.5433789, 26.8071324 ], [ 75.5434647, 26.8071396 ] ] } },
{ "type": "Feature", "properties": { "name": "Arterial Link", "highway": "residential", "slope_pct": 0.6 }, "geometry": { "type": "LineString", "coordinates": [ [ 75.5431293, 26.8062844 ], [ 75.5432045, 26.8063879 ], [ 75.543285, 26.806467 ], [ 75.5433279, 26.8065531 ], [ 75.5433708, 26.8066154 ], [ 75.5433948, 26.806674 ] ] } },
{ "type": "Feature", "properties": { "name": "Arterial Link", "highway": "residential", "slope_pct": 0.6 }, "geometry": { "type": "LineString", "coordinates": [ [ 75.5423074, 26.8048607 ], [ 75.5426616, 26.804887 ], [ 75.5429175, 26.8049061 ], [ 75.5429517, 26.8049088 ], [ 75.5432153, 26.80493 ], [ 75.5433633, 26.8049323 ], [ 75.543391, 26.80493 ] ] } },
{ "type": "Feature", "properties": { "name": "Arterial Link", "highway": "residential", "slope_pct": 0.6 }, "geometry": { "type": "LineString", "coordinates": [ [ 75.5434066, 26.805151 ], [ 75.5433633, 26.8049323 ], [ 75.5432421, 26.8043195 ], [ 75.5431911, 26.8041711 ], [ 75.5431241, 26.804128 ], [ 75.5430034, 26.8040705 ], [ 75.5428907, 26.8040346 ], [ 75.5423757, 26.8039053 ] ] } },
{ "type": "Feature", "properties": { "name": "Arterial Link", "highway": "residential", "slope_pct": 0.6 }, "geometry": { "type": "LineString", "coordinates": [ [ 75.5432571, 26.8062441 ], [ 75.5433226, 26.8063712 ], [ 75.5433346, 26.8063939 ], [ 75.5433574, 26.8064107 ], [ 75.543391, 26.8064095 ], [ 75.5438161, 26.8062946 ], [ 75.5438805, 26.806279 ] ] } },
{ "type": "Feature", "properties": { "name": "Arterial Link", "highway": "residential", "slope_pct": 0.6 }, "geometry": { "type": "LineString", "coordinates": [ [ 75.5428526, 26.8073166 ], [ 75.543057, 26.8072809 ], [ 75.5431348, 26.8072857 ], [ 75.5431831, 26.807312 ], [ 75.5432099, 26.8073575 ], [ 75.5432555, 26.8075538 ], [ 75.5432636, 26.8076352 ] ] } },
{ "type": "Feature", "properties": { "name": "Arterial Link", "highway": "residential", "slope_pct": 0.6 }, "geometry": { "type": "LineString", "coordinates": [ [ 75.5433789, 26.8077908 ], [ 75.5435613, 26.8076328 ], [ 75.5436712, 26.8075658 ], [ 75.5437705, 26.8075275 ], [ 75.5439998, 26.8074345 ] ] } },
{ "type": "Feature", "properties": { "name": "Arterial Link", "highway": "residential", "slope_pct": 0.6 }, "geometry": { "type": "LineString", "coordinates": [ [ 75.5464465, 26.8052656 ], [ 75.5464634, 26.8056937 ], [ 75.5464681, 26.8058973 ], [ 75.5464715, 26.8060408 ], [ 75.5464527, 26.8062898 ], [ 75.546432, 26.806572 ], [ 75.5464259, 26.8066561 ], [ 75.5463964, 26.8067973 ], [ 75.546366, 26.8068889 ], [ 75.5463615, 26.8069026 ], [ 75.5463374, 26.8070056 ], [ 75.5463293, 26.8070846 ], [ 75.5463859, 26.8075718 ], [ 75.5464366, 26.8080086 ], [ 75.5464473, 26.8081523 ], [ 75.5464339, 26.8082025 ], [ 75.5464044, 26.8082265 ], [ 75.5463427, 26.8082624 ], [ 75.5463132, 26.8082887 ], [ 75.5462918, 26.8083318 ], [ 75.5462542, 26.808576 ], [ 75.5455783, 26.8086047 ], [ 75.5454951, 26.8086239 ], [ 75.5454308, 26.8086646 ], [ 75.5452707, 26.8088297 ] ] } },
{ "type": "Feature", "properties": { "name": "Arterial Link", "highway": "residential", "slope_pct": 0.6 }, "geometry": { "type": "LineString", "coordinates": [ [ 75.5481705, 26.8082005 ], [ 75.5482069, 26.8079967 ], [ 75.548239, 26.807932 ], [ 75.5483142, 26.8076543 ], [ 75.5483651, 26.8075298 ], [ 75.5484134, 26.8074676 ], [ 75.548467, 26.8074221 ], [ 75.5485734, 26.8073679 ] ] } },
{ "type": "Feature", "properties": { "name": "Arterial Link", "highway": "residential", "slope_pct": 0.6 }, "geometry": { "type": "LineString", "coordinates": [ [ 75.5482793, 26.8060606 ], [ 75.5481774, 26.8061294 ], [ 75.5481425, 26.8061653 ], [ 75.5481371, 26.8062227 ], [ 75.5481908, 26.8066082 ], [ 75.5481666, 26.8066465 ], [ 75.548121, 26.8066608 ], [ 75.547834, 26.8066824 ], [ 75.5477697, 26.8067111 ], [ 75.547708, 26.8067638 ], [ 75.5476025, 26.8069083 ], [ 75.5474773, 26.8070798 ], [ 75.5474451, 26.8071444 ], [ 75.5474371, 26.8072115 ], [ 75.5474677, 26.8074771 ], [ 75.5475175, 26.8079081 ], [ 75.5475551, 26.8079799 ], [ 75.5476087, 26.8080086 ], [ 75.5476758, 26.8080206 ], [ 75.5477536, 26.808023 ], [ 75.5479494, 26.8079703 ], [ 75.5480942, 26.8079512 ], [ 75.548239, 26.807932 ] ] } },
{ "type": "Feature", "properties": { "name": "Arterial Link", "highway": "residential", "slope_pct": 0.6 }, "geometry": { "type": "LineString", "coordinates": [ [ 75.5434598, 26.8080029 ], [ 75.5433923, 26.8078554 ], [ 75.5433789, 26.8077908 ], [ 75.5433789, 26.8077309 ], [ 75.5434057, 26.8076735 ], [ 75.5434889, 26.8075825 ], [ 75.543521, 26.8075203 ], [ 75.5435264, 26.8074772 ], [ 75.5435103, 26.8074293 ], [ 75.5434567, 26.807233 ], [ 75.5434486, 26.8071684 ], [ 75.5434647, 26.8071396 ], [ 75.5434942, 26.8071157 ], [ 75.543545, 26.8070935 ] ] } },
{ "type": "Feature", "properties": { "name": "Arterial Link", "highway": "residential", "slope_pct": 0.6 }, "geometry": { "type": "LineString", "coordinates": [ [ 75.5389345, 26.8060145 ], [ 75.5391517, 26.8057439 ], [ 75.5391866, 26.8057104 ], [ 75.5392602, 26.8056771 ], [ 75.5393596, 26.8056555 ], [ 75.5397513, 26.8056303 ], [ 75.5398197, 26.8056261 ], [ 75.5400825, 26.8056099 ], [ 75.540329, 26.8055947 ], [ 75.540495, 26.8055845 ], [ 75.5409273, 26.8055548 ] ] } },
{ "type": "Feature", "properties": { "name": "Arterial Link", "highway": "residential", "slope_pct": 0.6 }, "geometry": { "type": "LineString", "coordinates": [ [ 75.540989, 26.8053609 ], [ 75.5411956, 26.8056458 ], [ 75.5413538, 26.8058469 ], [ 75.5414182, 26.805969 ], [ 75.5414515, 26.8060467 ], [ 75.5415013, 26.8061629 ], [ 75.5415711, 26.8063879 ], [ 75.5420271, 26.8064406 ] ] } },
{ "type": "Feature", "properties": { "name": "Arterial Link", "highway": "secondary", "slope_pct": 0.6 }, "geometry": { "type": "LineString", "coordinates": [ [ 75.5423777, 26.8042207 ], [ 75.5423074, 26.8048607 ], [ 75.542298, 26.8049468 ], [ 75.542247, 26.8051933 ], [ 75.5422041, 26.8053106 ], [ 75.5421726, 26.8053896 ], [ 75.5421532, 26.8054505 ] ] } },
{ "type": "Feature", "properties": { "name": "Arterial Link", "highway": "residential", "slope_pct": 0.6 }, "geometry": { "type": "LineString", "coordinates": [ [ 75.5404901, 26.8065986 ], [ 75.5409247, 26.8066154 ] ] } },
{ "type": "Feature", "properties": { "name": "Arterial Link", "highway": "residential", "slope_pct": 0.6 }, "geometry": { "type": "LineString", "coordinates": [ [ 75.5393596, 26.8056555 ], [ 75.5393591, 26.8056033 ], [ 75.5393555, 26.8055432 ], [ 75.539352, 26.8054864 ], [ 75.5393431, 26.8053995 ], [ 75.5393343, 26.8053142 ], [ 75.5393219, 26.8052574 ], [ 75.5393113, 26.8051879 ], [ 75.5393128, 26.8050825 ] ] } },
{ "type": "Feature", "properties": { "name": "Arterial Link", "highway": "residential", "slope_pct": 0.6 }, "geometry": { "type": "LineString", "coordinates": [ [ 75.540989, 26.8053609 ], [ 75.5409139, 26.805325 ], [ 75.5408683, 26.8053011 ], [ 75.5408227, 26.8052604 ], [ 75.5407825, 26.8052221 ], [ 75.5407315, 26.8052053 ], [ 75.5406723, 26.8051878 ], [ 75.5405671, 26.80518 ], [ 75.5402426, 26.8051821 ], [ 75.5400355, 26.8051936 ], [ 75.539949, 26.8051897 ], [ 75.5398848, 26.8051725 ], [ 75.5397966, 26.8051445 ], [ 75.5397452, 26.8051268 ], [ 75.5396191, 26.8050894 ], [ 75.5395014, 26.8050785 ] ] } },
{ "type": "Feature", "properties": { "name": "Arterial Link", "highway": "residential", "slope_pct": 0.6 }, "geometry": { "type": "LineString", "coordinates": [ [ 75.539949, 26.8051897 ], [ 75.5398853, 26.8049278 ], [ 75.5398667, 26.8047986 ], [ 75.5398583, 26.8047598 ], [ 75.539827, 26.8046152 ], [ 75.5397943, 26.8044047 ] ] } },
{ "type": "Feature", "properties": { "name": "Arterial Link", "highway": "residential", "slope_pct": 0.6 }, "geometry": { "type": "LineString", "coordinates": [ [ 75.539251, 26.8041797 ], [ 75.5393529, 26.8042645 ], [ 75.5394581, 26.8043525 ], [ 75.5394816, 26.8043722 ], [ 75.5395369, 26.8043963 ], [ 75.5396389, 26.8044041 ], [ 75.5397943, 26.8044047 ], [ 75.5399362, 26.8043973 ], [ 75.5401041, 26.8043959 ], [ 75.540232, 26.804389 ], [ 75.5402859, 26.8043878 ], [ 75.5403706, 26.8043491 ], [ 75.5405036, 26.804225 ] ] } },
{ "type": "Feature", "properties": { "name": "Arterial Link", "highway": "residential", "slope_pct": 0.6 }, "geometry": { "type": "LineString", "coordinates": [ [ 75.5395014, 26.8050785 ], [ 75.5393128, 26.8050825 ], [ 75.5391821, 26.8050647 ], [ 75.5390644, 26.805069 ], [ 75.5390265, 26.805072 ], [ 75.5388061, 26.805093 ], [ 75.5385858, 26.8051188 ], [ 75.5383842, 26.8051386 ] ] } },
{ "type": "Feature", "properties": { "name": "Arterial Link", "highway": "residential", "slope_pct": 0.6 }, "geometry": { "type": "LineString", "coordinates": [ [ 75.5390644, 26.805069 ], [ 75.5390645, 26.80493 ], [ 75.5390525, 26.8048527 ], [ 75.5390457, 26.8048093 ], [ 75.5390268, 26.8046325 ], [ 75.5390142, 26.8044332 ], [ 75.5389891, 26.8042761 ], [ 75.538971, 26.8041931 ] ] } },
{ "type": "Feature", "properties": { "name": "Arterial Link", "highway": "residential", "slope_pct": 0.6 }, "geometry": { "type": "LineString", "coordinates": [ [ 75.5424991, 26.8071181 ], [ 75.5425246, 26.8070128 ], [ 75.5425576, 26.8067472 ], [ 75.5425662, 26.8066249 ], [ 75.5425876, 26.8065914 ], [ 75.5426198, 26.8065723 ], [ 75.5427727, 26.8065435 ] ] } },
{ "type": "Feature", "properties": { "name": "Arterial Link", "highway": "tertiary", "slope_pct": 0.6 }, "geometry": { "type": "LineString", "coordinates": [ [ 75.5411111, 26.8046882 ], [ 75.540989, 26.8053609 ], [ 75.5409273, 26.8055548 ], [ 75.5408549, 26.8059331 ], [ 75.5408254, 26.806048 ] ] } },
{ "type": "Feature", "properties": { "name": "Arterial Link", "highway": "residential", "slope_pct": 0.6 }, "geometry": { "type": "LineString", "coordinates": [ [ 75.540495, 26.8055845 ], [ 75.540517, 26.8058708 ] ] } },
{ "type": "Feature", "properties": { "name": "Arterial Link", "highway": "residential", "slope_pct": 0.6 }, "geometry": { "type": "LineString", "coordinates": [ [ 75.5390525, 26.8048527 ], [ 75.5392563, 26.8046092 ], [ 75.5393636, 26.8044895 ], [ 75.5394173, 26.8044201 ], [ 75.5394581, 26.8043525 ] ] } },
{ "type": "Feature", "properties": { "name": "Arterial Link", "highway": "residential", "slope_pct": 0.6 }, "geometry": { "type": "LineString", "coordinates": [ [ 75.5398583, 26.8047598 ], [ 75.5400503, 26.8047409 ], [ 75.5401093, 26.8047313 ], [ 75.5401656, 26.8046978 ], [ 75.5402085, 26.8046427 ], [ 75.5402461, 26.8045589 ], [ 75.5402859, 26.8043878 ] ] } },
{ "type": "Feature", "properties": { "name": "Arterial Link", "highway": "residential", "slope_pct": 0.6 }, "geometry": { "type": "LineString", "coordinates": [ [ 75.540926, 26.804535 ], [ 75.540863, 26.8046379 ], [ 75.5408496, 26.8046954 ], [ 75.5408549, 26.80476 ], [ 75.5408764, 26.8049013 ], [ 75.5408764, 26.8049779 ], [ 75.540871, 26.8050521 ], [ 75.5408227, 26.8052604 ] ] } },
{ "type": "Feature", "properties": { "name": "Arterial Link", "highway": "residential", "slope_pct": 0.6 }, "geometry": { "type": "LineString", "coordinates": [ [ 75.5390734, 26.806926 ], [ 75.5394689, 26.8068834 ], [ 75.5396667, 26.8068643 ], [ 75.5397069, 26.8068763 ], [ 75.5397472, 26.8069074 ], [ 75.5398357, 26.8070199 ] ] } },
{ "type": "Feature", "properties": { "name": "Arterial Link", "highway": "residential", "slope_pct": 0.6 }, "geometry": { "type": "LineString", "coordinates": [ [ 75.5390578, 26.8053418 ], [ 75.5393343, 26.8053142 ] ] } },
{ "type": "Feature", "properties": { "name": "Arterial Link", "highway": "residential", "slope_pct": 0.6 }, "geometry": { "type": "LineString", "coordinates": [ [ 75.5402943, 26.805337 ], [ 75.540329, 26.8055947 ] ] } },
{ "type": "Feature", "properties": { "name": "Arterial Link", "highway": "residential", "slope_pct": 0.6 }, "geometry": { "type": "LineString", "coordinates": [ [ 75.5397981, 26.8053633 ], [ 75.5398197, 26.8056261 ] ] } },
{ "type": "Feature", "properties": { "name": "Arterial Link", "highway": "residential", "slope_pct": 0.6 }, "geometry": { "type": "LineString", "coordinates": [ [ 75.5384304, 26.8061667 ], [ 75.5389508, 26.8061266 ], [ 75.5393423, 26.8060901 ], [ 75.5395621, 26.8060695 ], [ 75.5397452, 26.8060536 ], [ 75.5400315, 26.8060288 ], [ 75.540069, 26.8060097 ], [ 75.5400959, 26.8059762 ], [ 75.5401066, 26.8059139 ], [ 75.5400825, 26.8056099 ] ] } },
{ "type": "Feature", "properties": { "name": "Arterial Link", "highway": "residential", "slope_pct": 0.6 }, "geometry": { "type": "LineString", "coordinates": [ [ 75.5414557, 26.8049216 ], [ 75.5414906, 26.8047959 ], [ 75.5415094, 26.8047313 ], [ 75.5415282, 26.8046379 ], [ 75.5415443, 26.8045206 ] ] } },
{ "type": "Feature", "properties": { "name": "Arterial Link", "highway": "residential", "slope_pct": 0.6 }, "geometry": { "type": "LineString", "coordinates": [ [ 75.5415268, 26.8038028 ], [ 75.5414611, 26.8038718 ], [ 75.5414262, 26.8039317 ], [ 75.5414021, 26.8039987 ], [ 75.5413836, 26.804144 ], [ 75.541327, 26.8043722 ], [ 75.541276, 26.8045134 ], [ 75.5412251, 26.804614 ], [ 75.5411902, 26.8047445 ] ] } },
{ "type": "Feature", "properties": { "name": "Arterial Link", "highway": "residential", "slope_pct": 0.6 }, "geometry": { "type": "LineString", "coordinates": [ [ 75.5418283, 26.8039654 ], [ 75.541783, 26.8042208 ] ] } },
{ "type": "Feature", "properties": { "name": "Arterial Link", "highway": "residential", "slope_pct": 0.6 }, "geometry": { "type": "LineString", "coordinates": [ [ 75.5409216, 26.8040478 ], [ 75.541327, 26.804128 ], [ 75.5413836, 26.804144 ], [ 75.541437, 26.8041591 ], [ 75.5415255, 26.8041807 ], [ 75.541783, 26.8042208 ], [ 75.5419251, 26.8042429 ] ] } },
{ "type": "Feature", "properties": { "name": "Arterial Link", "highway": "residential", "slope_pct": 0.6 }, "geometry": { "type": "LineString", "coordinates": [ [ 75.54098, 26.8037202 ], [ 75.5409216, 26.8040478 ], [ 75.5409086, 26.8041208 ], [ 75.5408657, 26.8042573 ], [ 75.5407624, 26.8044153 ] ] } },
{ "type": "Feature", "properties": { "name": "Arterial Link", "highway": "residential", "slope_pct": 0.6 }, "geometry": { "type": "LineString", "coordinates": [ [ 75.5420825, 26.8040371 ], [ 75.542078, 26.8043291 ] ] } },
{ "type": "Feature", "properties": { "name": "Arterial Link", "highway": "residential", "slope_pct": 0.6 }, "geometry": { "type": "LineString", "coordinates": [ [ 75.541504, 26.8037665 ], [ 75.5415268, 26.8038028 ], [ 75.541555, 26.8038479 ], [ 75.5416194, 26.8038982 ], [ 75.541724, 26.8039365 ], [ 75.5418283, 26.8039654 ], [ 75.5419922, 26.8040107 ], [ 75.5420825, 26.8040371 ], [ 75.5421478, 26.8040562 ], [ 75.5422497, 26.8040729 ], [ 75.5423769, 26.804097 ] ] } },
{ "type": "Feature", "properties": { "name": "Arterial Link", "highway": "residential", "slope_pct": 0.6 }, "geometry": { "type": "LineString", "coordinates": [ [ 75.539947, 26.8038623 ], [ 75.5401388, 26.8037928 ], [ 75.5403399, 26.803733 ], [ 75.540576, 26.8036995 ], [ 75.5407852, 26.8036947 ], [ 75.54098, 26.8037202 ], [ 75.5412599, 26.8037569 ], [ 75.5414155, 26.8037665 ], [ 75.541504, 26.8037665 ], [ 75.5415577, 26.8037665 ], [ 75.5417293, 26.8037689 ], [ 75.5418661, 26.8037857 ], [ 75.5423757, 26.8039053 ] ] } },
{ "type": "Feature", "properties": { "name": "Arterial Link", "highway": "residential", "slope_pct": 0.6 }, "geometry": { "type": "LineString", "coordinates": [ [ 75.5420324, 26.8030223 ], [ 75.54196, 26.8033906 ] ] } },
{ "type": "Feature", "properties": { "name": "Arterial Link", "highway": "residential", "slope_pct": 0.6 }, "geometry": { "type": "LineString", "coordinates": [ [ 75.5414933, 26.802943 ], [ 75.5419788, 26.8030172 ], [ 75.5420324, 26.8030223 ], [ 75.5421531, 26.8030339 ], [ 75.5423964, 26.8030604 ] ] } },
{ "type": "Feature", "properties": { "name": "Arterial Link", "highway": "residential", "slope_pct": 0.6 }, "geometry": { "type": "LineString", "coordinates": [ [ 75.5421726, 26.8053896 ], [ 75.5423328, 26.8054184 ], [ 75.5424347, 26.8054255 ], [ 75.5427405, 26.8054375 ] ] } },
{ "type": "Feature", "properties": { "name": "Arterial Link", "highway": "residential", "slope_pct": 0.6 }, "geometry": { "type": "LineString", "coordinates": [ [ 75.5426815, 26.804675 ], [ 75.5426616, 26.804887 ], [ 75.5426413, 26.8051227 ] ] } },
{ "type": "Feature", "properties": { "name": "Arterial Link", "highway": "residential", "slope_pct": 0.6 }, "geometry": { "type": "LineString", "coordinates": [ [ 75.5429685, 26.804705 ], [ 75.5429517, 26.8049088 ], [ 75.5429605, 26.8051065 ], [ 75.5429725, 26.8051281 ], [ 75.542992, 26.8051383 ], [ 75.5430154, 26.8051413 ] ] } },
{ "type": "Feature", "properties": { "name": "Arterial Link", "highway": "residential", "slope_pct": 0.6 }, "geometry": { "type": "LineString", "coordinates": [ [ 75.5429846, 26.8065292 ], [ 75.543167, 26.8064909 ], [ 75.543285, 26.806467 ] ] } },
{ "type": "Feature", "properties": { "name": "Arterial Link", "highway": "residential", "slope_pct": 0.6 }, "geometry": { "type": "LineString", "coordinates": [ [ 75.542823, 26.8069588 ], [ 75.5431482, 26.8069266 ], [ 75.5431911, 26.8069074 ], [ 75.5432048, 26.8068708 ], [ 75.5431813, 26.8066952 ] ] } },
{ "type": "Feature", "properties": { "name": "Arterial Link", "highway": "residential", "slope_pct": 0.6 }, "geometry": { "type": "LineString", "coordinates": [ [ 75.5420069, 26.8064915 ], [ 75.5420485, 26.8066489 ], [ 75.5420753, 26.8066896 ], [ 75.5421182, 26.8067159 ], [ 75.542188, 26.8067422 ], [ 75.542306, 26.8067877 ], [ 75.5423436, 26.8068141 ], [ 75.5423892, 26.8068595 ] ] } },
{ "type": "Feature", "properties": { "name": "Arterial Link", "highway": "secondary", "slope_pct": 0.6 }, "geometry": { "type": "LineString", "coordinates": [ [ 75.5423824, 26.8036025 ], [ 75.5423757, 26.8039053 ], [ 75.5423769, 26.804097 ], [ 75.5423777, 26.8042207 ] ] } },
{ "type": "Feature", "properties": { "name": "Arterial Link", "highway": "secondary", "slope_pct": 0.6 }, "geometry": { "type": "LineString", "coordinates": [ [ 75.5423838, 26.8035163 ], [ 75.5423824, 26.8036025 ] ] } },
{ "type": "Feature", "properties": { "name": "Arterial Link", "highway": "residential", "slope_pct": 0.6 }, "geometry": { "type": "LineString", "coordinates": [ [ 75.5415805, 26.8050138 ], [ 75.5415818, 26.8052149 ], [ 75.5415979, 26.8052915 ], [ 75.5416247, 26.8053777 ], [ 75.5416381, 26.8054327 ] ] } },
{ "type": "Feature", "properties": { "name": "Arterial Link", "highway": "residential", "slope_pct": 0.6 }, "geometry": { "type": "LineString", "coordinates": [ [ 75.5415711, 26.8063879 ], [ 75.5415603, 26.806601 ], [ 75.5415657, 26.8066776 ], [ 75.5415872, 26.8067135 ], [ 75.5416274, 26.8067327 ], [ 75.5416784, 26.8067422 ], [ 75.5419171, 26.8067362 ] ] } },
{ "type": "Feature", "properties": { "name": "Arterial Link", "highway": "residential", "slope_pct": 0.6 }, "geometry": { "type": "LineString", "coordinates": [ [ 75.5403706, 26.8043491 ], [ 75.5403882, 26.8044512 ], [ 75.5404124, 26.8045015 ], [ 75.5404794, 26.8046092 ] ] } },
{ "type": "Feature", "properties": { "name": "Arterial Link", "highway": "residential", "slope_pct": 0.6 }, "geometry": { "type": "LineString", "coordinates": [ [ 75.5397452, 26.8060536 ], [ 75.5397619, 26.8063221 ] ] } },
{ "type": "Feature", "properties": { "name": "Arterial Link", "highway": "residential", "slope_pct": 0.6 }, "geometry": { "type": "LineString", "coordinates": [ [ 75.5409005, 26.8064382 ], [ 75.5409971, 26.8063927 ], [ 75.541032, 26.8063568 ], [ 75.541091, 26.8062658 ], [ 75.5411285, 26.8062251 ], [ 75.5412197, 26.8061677 ], [ 75.5413565, 26.8060887 ], [ 75.5414515, 26.8060467 ] ] } },
{ "type": "Feature", "properties": { "name": "Arterial Link", "highway": "secondary", "slope_pct": 0.6 }, "geometry": { "type": "LineString", "coordinates": [ [ 75.5394629, 26.8035403 ], [ 75.539947, 26.8038623 ], [ 75.5400757, 26.8039461 ], [ 75.5405036, 26.804225 ], [ 75.5407624, 26.8044153 ], [ 75.540926, 26.804535 ], [ 75.5411111, 26.8046882 ], [ 75.5411902, 26.8047445 ], [ 75.5412827, 26.8048043 ], [ 75.5414557, 26.8049216 ], [ 75.5415805, 26.8050138 ], [ 75.5421532, 26.8054505 ] ] } },
{ "type": "Feature", "properties": { "name": "Arterial Link", "highway": "secondary", "slope_pct": 0.6 }, "geometry": { "type": "LineString", "coordinates": [ [ 75.5393086, 26.8034337 ], [ 75.5394629, 26.8035403 ] ] } },
{ "type": "Feature", "properties": { "name": "Arterial Link", "highway": "residential", "slope_pct": 0.6 }, "geometry": { "type": "LineString", "coordinates": [ [ 75.543545, 26.8070935 ], [ 75.5437821, 26.806981 ], [ 75.5440427, 26.8068099 ] ] } },
{ "type": "Feature", "properties": { "name": "Arterial Link", "highway": "residential", "slope_pct": 0.6 }, "geometry": { "type": "LineString", "coordinates": [ [ 75.5487332, 26.8065274 ], [ 75.5487198, 26.8063221 ], [ 75.5487158, 26.8062485 ], [ 75.5487319, 26.8061479 ], [ 75.5488117, 26.8059271 ], [ 75.5488419, 26.8057134 ], [ 75.5488553, 26.8056512 ], [ 75.5489049, 26.8055686 ], [ 75.5490719, 26.8052819 ], [ 75.5490927, 26.8052185 ], [ 75.5490933, 26.8051796 ], [ 75.5490885, 26.8051344 ], [ 75.5490839, 26.8050922 ], [ 75.5490192, 26.8048424 ] ] } },
{ "type": "Feature", "properties": { "name": "Arterial Link", "highway": "residential", "slope_pct": 0.6 }, "geometry": { "type": "LineString", "coordinates": [ [ 75.5484426, 26.8065655 ], [ 75.5487332, 26.8065274 ], [ 75.5487835, 26.8065292 ], [ 75.5487949, 26.8065441 ], [ 75.5488586, 26.8071324 ] ] } },
{ "type": "Feature", "properties": { "name": "Arterial Link", "highway": "residential", "slope_pct": 0.6 }, "geometry": { "type": "LineString", "coordinates": [ [ 75.549151, 26.8040035 ], [ 75.5483678, 26.8042812 ], [ 75.5482028, 26.8043722 ], [ 75.5481688, 26.8044082 ], [ 75.548117, 26.8044632 ], [ 75.5480205, 26.8046188 ], [ 75.5478534, 26.8049532 ] ] } },
{ "type": "Feature", "properties": { "name": "Arterial Link", "highway": "residential", "slope_pct": 0.6 }, "geometry": { "type": "LineString", "coordinates": [ [ 75.5442821, 26.8065489 ], [ 75.5444947, 26.8065603 ], [ 75.5446959, 26.8065723 ], [ 75.544897, 26.8065675 ], [ 75.5453066, 26.8065579 ] ] } },
{ "type": "Feature", "properties": { "name": "Arterial Link", "highway": "residential", "slope_pct": 0.6 }, "geometry": { "type": "LineString", "coordinates": [ [ 75.5457526, 26.8030746 ], [ 75.5457661, 26.8033308 ], [ 75.5457875, 26.8033739 ], [ 75.5458412, 26.8034266 ], [ 75.5460048, 26.8035726 ], [ 75.5460826, 26.8036468 ], [ 75.5461496, 26.803721 ], [ 75.5461818, 26.8037689 ], [ 75.5462301, 26.8038479 ] ] } },
{ "type": "Feature", "properties": { "name": "Arterial Link", "highway": "residential", "slope_pct": 0.6 }, "geometry": { "type": "LineString", "coordinates": [ [ 75.5465601, 26.803919 ], [ 75.5466834, 26.8039556 ], [ 75.5467853, 26.803982 ], [ 75.5470616, 26.8040275 ], [ 75.5472198, 26.8040275 ], [ 75.5473888, 26.8040251 ], [ 75.5475551, 26.8040131 ], [ 75.5477375, 26.8040059 ], [ 75.5479842, 26.8040107 ], [ 75.5480432, 26.804037 ], [ 75.5480728, 26.804061 ], [ 75.5481157, 26.8041328 ], [ 75.5481532, 26.8043052 ], [ 75.5481688, 26.8044082 ] ] } },
{ "type": "Feature", "properties": { "name": "Arterial Link", "highway": "residential", "slope_pct": 0.6 }, "geometry": { "type": "LineString", "coordinates": [ [ 75.5463427, 26.8042764 ], [ 75.5462864, 26.8043506 ], [ 75.5461979, 26.8044416 ], [ 75.545774, 26.8048865 ], [ 75.5457553, 26.8049061 ], [ 75.5455568, 26.8050928 ], [ 75.5454442, 26.8052316 ], [ 75.5453664, 26.8053489 ], [ 75.5453453, 26.8054485 ] ] } },
{ "type": "Feature", "properties": { "name": "Arterial Link", "highway": "residential", "slope_pct": 0.6 }, "geometry": { "type": "LineString", "coordinates": [ [ 75.5464151, 26.8041639 ], [ 75.5463427, 26.8042764 ] ] } },
{ "type": "Feature", "properties": { "name": "Arterial Link", "highway": "residential", "slope_pct": 0.6 }, "geometry": { "type": "LineString", "coordinates": [ [ 75.5440763, 26.8065196 ], [ 75.5441031, 26.8065531 ], [ 75.5441594, 26.8065842 ], [ 75.544228, 26.8066163 ] ] } },
{ "type": "Feature", "properties": { "name": "Arterial Link", "highway": "residential", "slope_pct": 0.6 }, "geometry": { "type": "LineString", "coordinates": [ [ 75.5438706, 26.8060112 ], [ 75.5439, 26.8059983 ], [ 75.544037, 26.8059385 ] ] } },
{ "type": "Feature", "properties": { "name": "Arterial Link", "highway": "residential", "slope_pct": 0.6 }, "geometry": { "type": "LineString", "coordinates": [ [ 75.5437812, 26.8060432 ], [ 75.5438706, 26.8060112 ] ] } },
{ "type": "Feature", "properties": { "name": "Arterial Link", "highway": "residential", "slope_pct": 0.6 }, "geometry": { "type": "LineString", "coordinates": [ [ 75.543391, 26.80493 ], [ 75.543458, 26.8049252 ] ] } },
{ "type": "Feature", "properties": { "name": "Arterial Link", "highway": "residential", "slope_pct": 0.6 }, "geometry": { "type": "LineString", "coordinates": [ [ 75.543458, 26.8049252 ], [ 75.5436753, 26.8048881 ], [ 75.5439033, 26.8048582 ], [ 75.5440982, 26.8048298 ], [ 75.5442318, 26.8048103 ], [ 75.5442801, 26.8047911 ], [ 75.5443096, 26.8047552 ], [ 75.5443203, 26.8046954 ], [ 75.544323, 26.8040873 ] ] } },
{ "type": "Feature", "properties": { "name": "Arterial Link", "highway": "residential", "slope_pct": 0.6 }, "geometry": { "type": "LineString", "coordinates": [ [ 75.5437452, 26.8060509 ], [ 75.5438805, 26.806279 ], [ 75.5439287, 26.8063831 ], [ 75.5439502, 26.8064574 ], [ 75.5439666, 26.8065563 ] ] } },
{ "type": "Feature", "properties": { "name": "Arterial Link", "highway": "residential", "slope_pct": 0.6 }, "geometry": { "type": "LineString", "coordinates": [ [ 75.5440427, 26.8065316 ], [ 75.5439877, 26.8065495 ] ] } },
{ "type": "Feature", "properties": { "name": "Arterial Link", "highway": "residential", "slope_pct": 0.6 }, "geometry": { "type": "LineString", "coordinates": [ [ 75.5439, 26.8059983 ], [ 75.5439457, 26.8061733 ], [ 75.5440763, 26.8065196 ], [ 75.5440427, 26.8065316 ] ] } },
{ "type": "Feature", "properties": { "name": "Arterial Link", "highway": "residential", "slope_pct": 0.6 }, "geometry": { "type": "LineString", "coordinates": [ [ 75.5441359, 26.8067799 ], [ 75.54419, 26.8067634 ] ] } },
{ "type": "Feature", "properties": { "name": "Arterial Link", "highway": "residential", "slope_pct": 0.6 }, "geometry": { "type": "LineString", "coordinates": [ [ 75.5440427, 26.8068099 ], [ 75.5441359, 26.8067799 ] ] } },
{ "type": "Feature", "properties": { "name": "Arterial Link", "highway": "residential", "slope_pct": 0.6 }, "geometry": { "type": "LineString", "coordinates": [ [ 75.5473521, 26.8067055 ], [ 75.5473164, 26.8068859 ], [ 75.5473003, 26.806996 ], [ 75.5472979, 26.8071588 ] ] } },
{ "type": "Feature", "properties": { "name": "Arterial Link", "highway": "residential", "slope_pct": 0.6 }, "geometry": { "type": "LineString", "coordinates": [ [ 75.546729, 26.8072521 ], [ 75.5466968, 26.8068811 ], [ 75.5466592, 26.8065268 ] ] } },
{ "type": "Feature", "properties": { "name": "Arterial Link", "highway": "residential", "slope_pct": 0.6 }, "geometry": { "type": "LineString", "coordinates": [ [ 75.546366, 26.8068889 ], [ 75.5466968, 26.8068811 ] ] } },
{ "type": "Feature", "properties": { "name": "Arterial Link", "highway": "residential", "slope_pct": 0.6 }, "geometry": { "type": "LineString", "coordinates": [ [ 75.5469516, 26.8063807 ], [ 75.5470508, 26.8063664 ], [ 75.5471233, 26.8063377 ], [ 75.5472171, 26.806285 ], [ 75.5473083, 26.8062132 ], [ 75.5474585, 26.8060959 ], [ 75.5475175, 26.8060576 ], [ 75.54759, 26.8060408 ], [ 75.5477321, 26.8060145 ] ] } },
{ "type": "Feature", "properties": { "name": "Arterial Link", "highway": "residential", "slope_pct": 0.6 }, "geometry": { "type": "LineString", "coordinates": [ [ 75.5464681, 26.8058973 ], [ 75.5468684, 26.8059187 ], [ 75.5469435, 26.8059331 ], [ 75.5470052, 26.8059666 ], [ 75.5473083, 26.8062132 ] ] } },
{ "type": "Feature", "properties": { "name": "Arterial Link", "highway": "residential", "slope_pct": 0.6 }, "geometry": { "type": "LineString", "coordinates": [ [ 75.5460101, 26.8053502 ], [ 75.5459786, 26.8060153 ] ] } },
{ "type": "Feature", "properties": { "name": "Arterial Link", "highway": "residential", "slope_pct": 0.6 }, "geometry": { "type": "LineString", "coordinates": [ [ 75.545708, 26.8063215 ], [ 75.5462718, 26.8063091 ] ] } },
{ "type": "Feature", "properties": { "name": "Arterial Link", "highway": "residential", "slope_pct": 0.6 }, "geometry": { "type": "LineString", "coordinates": [ [ 75.5457326, 26.8066416 ], [ 75.5461094, 26.8066393 ], [ 75.5461791, 26.8066297 ], [ 75.5462623, 26.8066082 ], [ 75.5463293, 26.8065818 ], [ 75.5463937, 26.8065723 ], [ 75.546432, 26.806572 ] ] } },
{ "type": "Feature", "properties": { "name": "Arterial Link", "highway": "residential", "slope_pct": 0.6 }, "geometry": { "type": "LineString", "coordinates": [ [ 75.54575, 26.8068667 ], [ 75.5457326, 26.8066416 ], [ 75.545708, 26.8063215 ], [ 75.5456936, 26.8061342 ], [ 75.5457044, 26.8060743 ], [ 75.5457312, 26.8060384 ], [ 75.5457795, 26.8060217 ], [ 75.5459786, 26.8060153 ], [ 75.5461523, 26.8060097 ], [ 75.5462167, 26.8060288 ], [ 75.5462489, 26.8060528 ], [ 75.5462649, 26.8060983 ], [ 75.546273, 26.8062706 ], [ 75.5462718, 26.8063091 ], [ 75.5462623, 26.8066082 ] ] } },
{ "type": "Feature", "properties": { "name": "Arterial Link", "highway": "residential", "slope_pct": 0.6 }, "geometry": { "type": "LineString", "coordinates": [ [ 75.5451569, 26.8070394 ], [ 75.5454898, 26.806929 ], [ 75.54575, 26.8068667 ], [ 75.5460155, 26.8068284 ], [ 75.5462542, 26.8068045 ], [ 75.5463964, 26.8067973 ] ] } },
{ "type": "Feature", "properties": { "name": "Arterial Link", "highway": "residential", "slope_pct": 0.6 }, "geometry": { "type": "LineString", "coordinates": [ [ 75.5464527, 26.8062898 ], [ 75.5467612, 26.8063041 ], [ 75.5468765, 26.8063329 ], [ 75.5469516, 26.8063807 ], [ 75.5473521, 26.8067055 ], [ 75.5474505, 26.8067853 ], [ 75.5476025, 26.8069083 ] ] } },
{ "type": "Feature", "properties": { "name": "Arterial Link", "highway": "residential", "slope_pct": 0.6 }, "geometry": { "type": "LineString", "coordinates": [ [ 75.5469301, 26.8071947 ], [ 75.5472979, 26.8071588 ], [ 75.5474451, 26.8071444 ] ] } },
{ "type": "Feature", "properties": { "name": "Arterial Link", "highway": "residential", "slope_pct": 0.6 }, "geometry": { "type": "LineString", "coordinates": [ [ 75.5475428, 26.8050423 ], [ 75.5475864, 26.8051649 ], [ 75.5476072, 26.8052351 ], [ 75.5476237, 26.8053007 ], [ 75.5477026, 26.8058517 ], [ 75.5477321, 26.8060145 ], [ 75.5478126, 26.8065388 ], [ 75.547834, 26.8066824 ] ] } },
{ "type": "Feature", "properties": { "name": "Arterial Link", "highway": "residential", "slope_pct": 0.6 }, "geometry": { "type": "LineString", "coordinates": [ [ 75.5449821, 26.8057245 ], [ 75.5450334, 26.8059788 ] ] } },
{ "type": "Feature", "properties": { "name": "Arterial Link", "highway": "tertiary", "slope_pct": 0.6 }, "geometry": { "type": "LineString", "coordinates": [ [ 75.5475428, 26.8050423 ], [ 75.547638, 26.8050128 ] ] } },
{ "type": "Feature", "properties": { "name": "Arterial Link", "highway": "tertiary", "slope_pct": 0.6 }, "geometry": { "type": "LineString", "coordinates": [ [ 75.5448422, 26.8058584 ], [ 75.5449821, 26.8057245 ], [ 75.5452255, 26.8055151 ], [ 75.5453066, 26.8054673 ], [ 75.5453453, 26.8054485 ], [ 75.5453933, 26.8054346 ], [ 75.5455107, 26.8054192 ], [ 75.545885, 26.8053648 ], [ 75.5460101, 26.8053502 ], [ 75.5461608, 26.8053113 ], [ 75.5464465, 26.8052656 ], [ 75.5468878, 26.8051965 ], [ 75.5475428, 26.8050423 ] ] } },
{ "type": "Feature", "properties": { "name": "Arterial Link", "highway": "residential", "slope_pct": 0.6 }, "geometry": { "type": "LineString", "coordinates": [ [ 75.5466834, 26.8037569 ], [ 75.5465601, 26.803919 ], [ 75.5465358, 26.8039508 ], [ 75.5464151, 26.8041639 ] ] } },
{ "type": "Feature", "properties": { "name": "Arterial Link", "highway": "residential", "slope_pct": 0.6 }, "geometry": { "type": "LineString", "coordinates": [ [ 75.5499235, 26.8054399 ], [ 75.5503727, 26.8053382 ], [ 75.5504834, 26.8053087 ], [ 75.5505793, 26.8052831 ], [ 75.5508804, 26.8051838 ], [ 75.5509716, 26.8051484 ], [ 75.551048, 26.8050964 ], [ 75.5511144, 26.8050353 ] ] } },
{ "type": "Feature", "properties": { "name": "Arterial Link", "highway": "tertiary", "slope_pct": 0.6 }, "geometry": { "type": "LineString", "coordinates": [ [ 75.5179262, 26.8076505 ], [ 75.5186087, 26.8077477 ], [ 75.5189922, 26.8078315 ], [ 75.5191344, 26.8079057 ], [ 75.5192658, 26.8079991 ], [ 75.519378, 26.8081575 ], [ 75.519467, 26.808169 ], [ 75.5195528, 26.8081978 ], [ 75.5197486, 26.8082193 ], [ 75.5204004, 26.8082911 ], [ 75.5212989, 26.8084252 ], [ 75.5216059, 26.8085063 ], [ 75.5219032, 26.8085933 ], [ 75.5223143, 26.8086737 ], [ 75.5227958, 26.8086303 ], [ 75.5233082, 26.8085694 ], [ 75.5243292, 26.8085115 ], [ 75.5249592, 26.8084761 ], [ 75.5264331, 26.8083769 ], [ 75.5278157, 26.8083032 ], [ 75.5285892, 26.8082289 ], [ 75.5289164, 26.8082313 ], [ 75.5292678, 26.8082337 ], [ 75.5296433, 26.8082049 ], [ 75.5301087, 26.8082185 ], [ 75.5302629, 26.8082121 ], [ 75.5305284, 26.8082815 ], [ 75.5308878, 26.8083845 ], [ 75.5310407, 26.808418 ], [ 75.5312714, 26.8084467 ], [ 75.5316925, 26.8084898 ], [ 75.5318373, 26.8085138 ], [ 75.5320197, 26.8085784 ], [ 75.5322665, 26.8086789 ], [ 75.5324838, 26.8087388 ], [ 75.5327868, 26.8087771 ], [ 75.5334198, 26.808801 ], [ 75.533803, 26.8088136 ], [ 75.5339321, 26.8088178 ], [ 75.5342433, 26.8088178 ], [ 75.5343772, 26.8088082 ], [ 75.5344766, 26.808801 ], [ 75.5346592, 26.8087897 ] ] } },
{ "type": "Feature", "properties": { "name": "Arterial Link", "highway": "residential", "slope_pct": 0.6 }, "geometry": { "type": "LineString", "coordinates": [ [ 75.5347046, 26.8085975 ], [ 75.5348361, 26.8084012 ], [ 75.5349085, 26.8083151 ], [ 75.5349836, 26.8082648 ], [ 75.5351193, 26.8082139 ] ] } },
{ "type": "Feature", "properties": { "name": "Arterial Link", "highway": "residential", "slope_pct": 0.6 }, "geometry": { "type": "LineString", "coordinates": [ [ 75.5349509, 26.8076199 ], [ 75.5353065, 26.8076003 ] ] } },
{ "type": "Feature", "properties": { "name": "Arterial Link", "highway": "residential", "slope_pct": 0.6 }, "geometry": { "type": "LineString", "coordinates": [ [ 75.5361462, 26.8076928 ], [ 75.5365352, 26.8076007 ] ] } },
{ "type": "Feature", "properties": { "name": "Arterial Link", "highway": "residential", "slope_pct": 0.6 }, "geometry": { "type": "LineString", "coordinates": [ [ 75.5361932, 26.8088238 ], [ 75.5360687, 26.8078883 ] ] } },
{ "type": "Feature", "properties": { "name": "Arterial Link", "highway": "residential", "slope_pct": 0.6 }, "geometry": { "type": "LineString", "coordinates": [ [ 75.5357089, 26.8087993 ], [ 75.5355719, 26.8079317 ] ] } },
{ "type": "Feature", "properties": { "name": "Arterial Link", "highway": "residential", "slope_pct": 0.6 }, "geometry": { "type": "LineString", "coordinates": [ [ 75.5350939, 26.8079714 ], [ 75.5351193, 26.8082139 ], [ 75.5351458, 26.808418 ], [ 75.5351713, 26.8085138 ], [ 75.5352035, 26.8085999 ], [ 75.5352277, 26.8086789 ], [ 75.5352437, 26.8087706 ] ] } },
{ "type": "Feature", "properties": { "name": "Arterial Link", "highway": "residential", "slope_pct": 0.6 }, "geometry": { "type": "LineString", "coordinates": [ [ 75.5346403, 26.8080139 ], [ 75.5349903, 26.8079799 ], [ 75.5350939, 26.8079714 ], [ 75.5353572, 26.8079498 ], [ 75.5354865, 26.8079392 ], [ 75.5355719, 26.8079317 ], [ 75.5357641, 26.8079149 ], [ 75.5360687, 26.8078883 ], [ 75.5361654, 26.8078798 ], [ 75.5365674, 26.8078446 ] ] } },
{ "type": "Feature", "properties": { "name": "Arterial Link", "highway": "tertiary", "slope_pct": 0.6 }, "geometry": { "type": "LineString", "coordinates": [ [ 75.526711, 26.8173517 ], [ 75.5268834, 26.8172911 ], [ 75.5277112, 26.8170003 ], [ 75.52834, 26.8167794 ], [ 75.5288829, 26.8165887 ], [ 75.5293412, 26.8164652 ], [ 75.5295883, 26.8164528 ], [ 75.5298186, 26.8164627 ], [ 75.5299478, 26.8164822 ], [ 75.5300323, 26.8164949 ], [ 75.5304209, 26.8165692 ], [ 75.5306041, 26.8165494 ], [ 75.5309177, 26.8164924 ], [ 75.5312524, 26.8163985 ], [ 75.5312863, 26.816389 ], [ 75.531359, 26.8163686 ], [ 75.5322555, 26.8161902 ], [ 75.5323148, 26.8161597 ], [ 75.5323443, 26.8161022 ], [ 75.5323838, 26.8159101 ], [ 75.5324109, 26.8158583 ], [ 75.5324623, 26.8158353 ], [ 75.5325163, 26.8158236 ], [ 75.5329576, 26.8157642 ], [ 75.5337486, 26.8156032 ], [ 75.5340789, 26.8154967 ], [ 75.5346232, 26.8152627 ], [ 75.5348725, 26.8151861 ], [ 75.5348964, 26.8151799 ], [ 75.5353932, 26.8150501 ], [ 75.5355222, 26.8150285 ], [ 75.5356666, 26.8149715 ], [ 75.5357203, 26.8149298 ], [ 75.5358302, 26.814875 ], [ 75.5364436, 26.8145133 ], [ 75.5366266, 26.8143983 ], [ 75.5370625, 26.8141244 ], [ 75.5374471, 26.8138773 ], [ 75.537529, 26.8137731 ], [ 75.5376232, 26.8136043 ], [ 75.5377091, 26.8134299 ], [ 75.5377647, 26.8133169 ], [ 75.5379159, 26.8132282 ], [ 75.5380352, 26.8131581 ], [ 75.5386001, 26.8128265 ], [ 75.5391714, 26.8124923 ], [ 75.5393089, 26.8124119 ], [ 75.5393328, 26.8123979 ], [ 75.5398286, 26.8119196 ], [ 75.5399565, 26.8118404 ], [ 75.5402864, 26.8116361 ], [ 75.5406332, 26.8114213 ], [ 75.5406697, 26.8113987 ], [ 75.5409751, 26.8112429 ], [ 75.5412985, 26.811078 ], [ 75.5415335, 26.8109675 ], [ 75.5415738, 26.8109651 ], [ 75.5416086, 26.8109747 ], [ 75.5416355, 26.811001 ], [ 75.5416542, 26.8110417 ], [ 75.5416971, 26.8111758 ], [ 75.5418634, 26.811408 ], [ 75.5419251, 26.811475 ], [ 75.5419922, 26.8115061 ], [ 75.54207, 26.8115277 ], [ 75.5422014, 26.811542 ], [ 75.5424908, 26.8115087 ] ] } },
{ "type": "Feature", "properties": { "name": "Arterial Link", "highway": "tertiary", "slope_pct": 0.6 }, "geometry": { "type": "LineString", "coordinates": [ [ 75.5264515, 26.8189291 ], [ 75.5265943, 26.8187549 ], [ 75.52665, 26.818624 ], [ 75.5266982, 26.8184577 ], [ 75.5267356, 26.8182662 ], [ 75.5267465, 26.8180388 ], [ 75.5267356, 26.8177659 ], [ 75.5267128, 26.8173828 ], [ 75.526711, 26.8173517 ], [ 75.5266835, 26.8170405 ], [ 75.5266761, 26.8169571 ], [ 75.5267898, 26.8167749 ], [ 75.527059, 26.8165866 ], [ 75.5274281, 26.8163761 ], [ 75.5277362, 26.8161853 ], [ 75.5279993, 26.8159214 ], [ 75.528183, 26.815737 ], [ 75.5284524, 26.8154032 ], [ 75.5285221, 26.8153338 ], [ 75.5290961, 26.814776 ], [ 75.5291927, 26.8146971 ], [ 75.5292731, 26.8146444 ], [ 75.5295011, 26.8145199 ], [ 75.53, 26.814283 ], [ 75.5305477, 26.8139858 ], [ 75.5309978, 26.8137539 ], [ 75.5312204, 26.8136151 ], [ 75.5315691, 26.8134475 ], [ 75.5317408, 26.8133542 ], [ 75.5318695, 26.8132464 ], [ 75.5321914, 26.8129233 ], [ 75.5326554, 26.8124613 ], [ 75.5328056, 26.8123248 ], [ 75.5330235, 26.8121906 ], [ 75.5331289, 26.812123 ], [ 75.5334397, 26.8119719 ], [ 75.5337524, 26.8118436 ], [ 75.5339804, 26.8117263 ], [ 75.5342218, 26.8115779 ], [ 75.5345544, 26.8113601 ], [ 75.5348575, 26.811159 ], [ 75.535191, 26.8109762 ], [ 75.5354449, 26.8108526 ], [ 75.5357128, 26.8107111 ], [ 75.5359116, 26.8105941 ], [ 75.5361852, 26.8104025 ], [ 75.5364507, 26.8102278 ], [ 75.536701, 26.8100895 ], [ 75.5367615, 26.8100557 ], [ 75.5367887, 26.8100411 ], [ 75.5370596, 26.8098639 ], [ 75.537242, 26.8097203 ], [ 75.5375102, 26.8094833 ], [ 75.5376934, 26.8093119 ], [ 75.5378965, 26.8091218 ], [ 75.538081, 26.808922 ], [ 75.5381218, 26.8088633 ], [ 75.5382988, 26.8086741 ], [ 75.5385037, 26.8085234 ], [ 75.5385429, 26.8084946 ], [ 75.5386582, 26.8084156 ], [ 75.5388191, 26.8083318 ], [ 75.5392964, 26.8080817 ], [ 75.539597, 26.8079679 ], [ 75.5400491, 26.8078428 ], [ 75.5401173, 26.8077884 ] ] } },
{ "type": "Feature", "properties": { "name": "Arterial Link", "highway": "residential", "slope_pct": 0.6 }, "geometry": { "type": "LineString", "coordinates": [ [ 75.5366266, 26.8143983 ], [ 75.5365178, 26.8140149 ], [ 75.5364883, 26.8137707 ], [ 75.5364883, 26.8136247 ], [ 75.5365232, 26.8134547 ], [ 75.5365661, 26.8133063 ], [ 75.53666, 26.8131052 ], [ 75.5367887, 26.8129496 ], [ 75.536904, 26.8127892 ], [ 75.536955, 26.8127294 ], [ 75.5370355, 26.8126911 ], [ 75.5371615, 26.8126623 ], [ 75.5372688, 26.812648 ], [ 75.5374044, 26.8126252 ] ] } },
{ "type": "Feature", "properties": { "name": "Arterial Link", "highway": "residential", "slope_pct": 0.6 }, "geometry": { "type": "LineString", "coordinates": [ [ 75.5380352, 26.8131581 ], [ 75.5379233, 26.8128419 ], [ 75.5378509, 26.8126767 ], [ 75.5377925, 26.8125788 ], [ 75.5377838, 26.8125642 ], [ 75.5377141, 26.8124708 ], [ 75.5376121, 26.8123703 ], [ 75.5374619, 26.8121477 ], [ 75.5374029, 26.8120232 ], [ 75.5373278, 26.8118532 ], [ 75.5371723, 26.811408 ], [ 75.5371401, 26.8113121 ], [ 75.5369255, 26.8106204 ], [ 75.5369094, 26.8105605 ], [ 75.536701, 26.8100895 ] ] } },
{ "type": "Feature", "properties": { "name": "Arterial Link", "highway": "residential", "slope_pct": 0.6 }, "geometry": { "type": "LineString", "coordinates": [ [ 75.5367615, 26.8100557 ], [ 75.5368222, 26.8100524 ], [ 75.5368839, 26.8100482 ], [ 75.5369865, 26.8100285 ], [ 75.5371132, 26.809998 ], [ 75.5372866, 26.8099494 ], [ 75.5374405, 26.8099118 ], [ 75.5378911, 26.8098041 ], [ 75.5379921, 26.8097708 ], [ 75.538079, 26.8097423 ], [ 75.5381969, 26.8097035 ], [ 75.5384356, 26.8096245 ], [ 75.5386555, 26.809524 ], [ 75.538803, 26.8094378 ], [ 75.5389237, 26.8093875 ], [ 75.5389988, 26.8093612 ], [ 75.5390847, 26.8093301 ], [ 75.5391242, 26.8093253 ], [ 75.5391524, 26.8093295 ], [ 75.5391626, 26.8093354 ], [ 75.5391752, 26.8093426 ], [ 75.5392094, 26.8093791 ], [ 75.539318, 26.8095398 ], [ 75.539541, 26.8098698 ] ] } },
{ "type": "Feature", "properties": { "name": "Arterial Link", "highway": "residential", "slope_pct": 0.6 }, "geometry": { "type": "LineString", "coordinates": [ [ 75.5359827, 26.8162231 ], [ 75.535984, 26.8162363 ], [ 75.5360015, 26.8163895 ], [ 75.5360229, 26.8165128 ], [ 75.5360863, 26.816794 ], [ 75.5361557, 26.8171016 ], [ 75.5361919, 26.8172488 ], [ 75.5362308, 26.817426 ], [ 75.5362469, 26.8175277 ], [ 75.5362938, 26.8177168 ], [ 75.5363408, 26.8178126 ], [ 75.5363739, 26.8178664 ], [ 75.5364427, 26.8180232 ], [ 75.5365258, 26.8181596 ], [ 75.5365969, 26.8182434 ], [ 75.5367308, 26.8183846 ], [ 75.536833, 26.8184924 ], [ 75.5369429, 26.8186157 ], [ 75.5369951, 26.8186669 ], [ 75.5370489, 26.8187198 ], [ 75.5371803, 26.8188466 ] ] } },
{ "type": "Feature", "properties": { "name": "Arterial Link", "highway": "residential", "slope_pct": 0.6 }, "geometry": { "type": "LineString", "coordinates": [ [ 75.5374471, 26.8138773 ], [ 75.5374914, 26.8139981 ], [ 75.5375263, 26.8140268 ], [ 75.5375558, 26.8140316 ], [ 75.5375907, 26.814022 ], [ 75.5377516, 26.8139215 ], [ 75.5378374, 26.813876 ], [ 75.5379501, 26.8138233 ], [ 75.5381298, 26.8137539 ], [ 75.5382639, 26.8137324 ], [ 75.5383578, 26.8140723 ], [ 75.5383927, 26.8142542 ], [ 75.5384329, 26.8144864 ], [ 75.5385026, 26.8148599 ], [ 75.538559, 26.8149556 ], [ 75.5386153, 26.8150346 ], [ 75.5387011, 26.8151112 ], [ 75.538736, 26.8151639 ], [ 75.5387735, 26.8152644 ], [ 75.5388299, 26.815566 ], [ 75.5388835, 26.8157863 ], [ 75.538964, 26.8160998 ], [ 75.5390686, 26.8164733 ], [ 75.5391125, 26.8166376 ], [ 75.5391249, 26.8166839 ], [ 75.5391249, 26.816739 ], [ 75.5390874, 26.8167701 ], [ 75.5390552, 26.8167797 ], [ 75.5387253, 26.8168563 ], [ 75.5386502, 26.8168587 ], [ 75.5385804, 26.8168587 ], [ 75.5384329, 26.8168419 ], [ 75.5383337, 26.8168395 ], [ 75.5383055, 26.8168463 ], [ 75.5382639, 26.8168563 ], [ 75.5381674, 26.8169065 ], [ 75.5380091, 26.8170095 ], [ 75.5378562, 26.8171244 ], [ 75.5377623, 26.8172153 ], [ 75.5376846, 26.8172871 ], [ 75.5376255, 26.8173518 ], [ 75.5375612, 26.8173996 ], [ 75.5372661, 26.8175816 ], [ 75.5371374, 26.8176725 ], [ 75.5370703, 26.8177348 ], [ 75.5370389, 26.8177689 ], [ 75.5370086, 26.8178018 ], [ 75.5369523, 26.8178329 ], [ 75.5369094, 26.8178473 ], [ 75.5368048, 26.8178664 ], [ 75.5364561, 26.8178736 ], [ 75.5363739, 26.8178664 ], [ 75.5362925, 26.8178592 ], [ 75.5361637, 26.8178353 ], [ 75.5360511, 26.8177922 ], [ 75.5359867, 26.8177348 ], [ 75.5359116, 26.8176199 ], [ 75.5357963, 26.8174403 ], [ 75.5357507, 26.8173087 ], [ 75.5357292, 26.8171603 ], [ 75.5356565, 26.8168592 ], [ 75.5355817, 26.8165499 ], [ 75.5354436, 26.8158602 ], [ 75.535402, 26.8156522 ] ] } },
{ "type": "Feature", "properties": { "name": "Arterial Link", "highway": "residential", "slope_pct": 0.6 }, "geometry": { "type": "LineString", "coordinates": [ [ 75.5344981, 26.8144362 ], [ 75.5346617, 26.8146133 ], [ 75.534718, 26.8147162 ], [ 75.5347609, 26.8148551 ], [ 75.5348725, 26.8151861 ] ] } },
{ "type": "Feature", "properties": { "name": "Arterial Link", "highway": "residential", "slope_pct": 0.6 }, "geometry": { "type": "LineString", "coordinates": [ [ 75.5356565, 26.8168592 ], [ 75.5360863, 26.816794 ] ] } },
{ "type": "Feature", "properties": { "name": "Arterial Link", "highway": "residential", "slope_pct": 0.6 }, "geometry": { "type": "LineString", "coordinates": [ [ 75.5363228, 26.8156213 ], [ 75.5366372, 26.8155624 ] ] } },
{ "type": "Feature", "properties": { "name": "Arterial Link", "highway": "residential", "slope_pct": 0.6 }, "geometry": { "type": "LineString", "coordinates": [ [ 75.5362388, 26.8153709 ], [ 75.5363228, 26.8156213 ], [ 75.5363488, 26.8156989 ], [ 75.5365017, 26.8161836 ] ] } },
{ "type": "Feature", "properties": { "name": "Arterial Link", "highway": "residential", "slope_pct": 0.6 }, "geometry": { "type": "LineString", "coordinates": [ [ 75.5354436, 26.8158602 ], [ 75.5358643, 26.8157892 ], [ 75.5359228, 26.8157788 ], [ 75.5363488, 26.8156989 ] ] } },
{ "type": "Feature", "properties": { "name": "Arterial Link", "highway": "residential", "slope_pct": 0.6 }, "geometry": { "type": "LineString", "coordinates": [ [ 75.5359827, 26.8162231 ], [ 75.5359948, 26.8161286 ], [ 75.535976, 26.8160017 ], [ 75.5359228, 26.8157788 ], [ 75.5357203, 26.8149298 ] ] } },
{ "type": "Feature", "properties": { "name": "Arterial Link", "highway": "residential", "slope_pct": 0.6 }, "geometry": { "type": "LineString", "coordinates": [ [ 75.5356666, 26.8149715 ], [ 75.5358285, 26.8156307 ], [ 75.5358643, 26.8157892 ], [ 75.5359411, 26.8161286 ], [ 75.5359827, 26.8162231 ] ] } },
{ "type": "Feature", "properties": { "name": "Arterial Link", "highway": "residential", "slope_pct": 0.6 }, "geometry": { "type": "LineString", "coordinates": [ [ 75.5384638, 26.8111076 ], [ 75.5386015, 26.8110627 ], [ 75.5393268, 26.8108343 ], [ 75.5393887, 26.8108141 ], [ 75.5395646, 26.8107572 ], [ 75.5396851, 26.8107237 ], [ 75.5398822, 26.8106721 ], [ 75.540102, 26.810596 ], [ 75.540129, 26.8105867 ], [ 75.5404285, 26.8104492 ], [ 75.5405369, 26.810416 ], [ 75.5406562, 26.8103749 ], [ 75.5407804, 26.8103279 ], [ 75.5409443, 26.810265 ], [ 75.5409873, 26.8100198 ], [ 75.5410197, 26.8098407 ], [ 75.5410302, 26.8097824 ], [ 75.5410403, 26.8097181 ], [ 75.5410883, 26.8094139 ], [ 75.5411178, 26.8093516 ], [ 75.5411661, 26.8093109 ], [ 75.5412197, 26.809299 ], [ 75.5413054, 26.8093007 ], [ 75.5413379, 26.809299 ], [ 75.5416224, 26.8092844 ], [ 75.5418375, 26.8093117 ] ] } },
{ "type": "Feature", "properties": { "name": "Arterial Link", "highway": "residential", "slope_pct": 0.6 }, "geometry": { "type": "LineString", "coordinates": [ [ 75.5409443, 26.810265 ], [ 75.5410216, 26.8103037 ], [ 75.5412791, 26.8104565 ], [ 75.5413534, 26.8104889 ], [ 75.5414422, 26.8105484 ], [ 75.5414829, 26.8105893 ], [ 75.5415362, 26.8106994 ], [ 75.5416086, 26.8109747 ] ] } },
{ "type": "Feature", "properties": { "name": "Arterial Link", "highway": "residential", "slope_pct": 0.6 }, "geometry": { "type": "LineString", "coordinates": [ [ 75.5401495, 26.8084192 ], [ 75.540112, 26.8087914 ], [ 75.5401066, 26.8089746 ], [ 75.5401294, 26.8092858 ], [ 75.5401415, 26.8095802 ], [ 75.5401535, 26.8097789 ], [ 75.5401872, 26.8099025 ], [ 75.540239, 26.8100456 ], [ 75.5403292, 26.8102134 ], [ 75.5403842, 26.8103511 ], [ 75.5404285, 26.8104492 ] ] } },
{ "type": "Feature", "properties": { "name": "Arterial Link", "highway": "residential", "slope_pct": 0.6 }, "geometry": { "type": "LineString", "coordinates": [ [ 75.5398822, 26.8106721 ], [ 75.5396829, 26.8102366 ], [ 75.5396305, 26.8100918 ], [ 75.539541, 26.8098698 ], [ 75.5396211, 26.8098292 ], [ 75.5397123, 26.8097897 ], [ 75.5397893, 26.8097723 ], [ 75.539829, 26.8097634 ], [ 75.5398974, 26.8097598 ], [ 75.5401535, 26.8097789 ], [ 75.5403607, 26.8097747 ], [ 75.5405839, 26.8097977 ], [ 75.540807, 26.8098053 ], [ 75.5410302, 26.8097824 ] ] } },
{ "type": "Feature", "properties": { "name": "Arterial Link", "highway": "residential", "slope_pct": 0.6 }, "geometry": { "type": "LineString", "coordinates": [ [ 75.5400174, 26.8084188 ], [ 75.5401495, 26.8084192 ], [ 75.5402765, 26.8083929 ], [ 75.5406059, 26.8083761 ], [ 75.5409059, 26.8083797 ], [ 75.5409703, 26.8085544 ], [ 75.5410641, 26.8088058 ], [ 75.5412304, 26.8091529 ], [ 75.5413054, 26.8093007 ] ] } },
{ "type": "Feature", "properties": { "name": "Arterial Link", "highway": "residential", "slope_pct": 0.6 }, "geometry": { "type": "LineString", "coordinates": [ [ 75.5433387, 26.8087268 ], [ 75.5432528, 26.808655 ], [ 75.5431992, 26.8085975 ], [ 75.5431804, 26.8085329 ], [ 75.5431545, 26.8084192 ], [ 75.543122, 26.8082536 ] ] } },
{ "type": "Feature", "properties": { "name": "Arterial Link", "highway": "residential", "slope_pct": 0.6 }, "geometry": { "type": "LineString", "coordinates": [ [ 75.5406697, 26.8113987 ], [ 75.5404171, 26.8110737 ], [ 75.5403779, 26.8110233 ], [ 75.540102, 26.810596 ] ] } },
{ "type": "Feature", "properties": { "name": "Arterial Link", "highway": "residential", "slope_pct": 0.6 }, "geometry": { "type": "LineString", "coordinates": [ [ 75.5406332, 26.8114213 ], [ 75.5407211, 26.8117231 ], [ 75.5407473, 26.8118131 ], [ 75.5408044, 26.8120327 ], [ 75.540875, 26.8123043 ], [ 75.5409887, 26.812742 ] ] } },
{ "type": "Feature", "properties": { "name": "Arterial Link", "highway": "residential", "slope_pct": 0.6 }, "geometry": { "type": "LineString", "coordinates": [ [ 75.5408044, 26.8120327 ], [ 75.5404254, 26.8121148 ] ] } },
{ "type": "Feature", "properties": { "name": "Arterial Link", "highway": "residential", "slope_pct": 0.6 }, "geometry": { "type": "LineString", "coordinates": [ [ 75.5407211, 26.8117231 ], [ 75.5404362, 26.811794 ] ] } },
{ "type": "Feature", "properties": { "name": "Arterial Link", "highway": "residential", "slope_pct": 0.6 }, "geometry": { "type": "LineString", "coordinates": [ [ 75.540875, 26.8123043 ], [ 75.5410048, 26.8122823 ], [ 75.5414715, 26.8122177 ], [ 75.5415134, 26.8122087 ], [ 75.5415362, 26.8121955 ], [ 75.541551, 26.8121704 ], [ 75.541559, 26.8121429 ], [ 75.5415751, 26.8121297 ] ] } },
{ "type": "Feature", "properties": { "name": "Arterial Link", "highway": "residential", "slope_pct": 0.6 }, "geometry": { "type": "LineString", "coordinates": [ [ 75.5420388, 26.8120556 ], [ 75.5416331, 26.812116 ], [ 75.5415751, 26.8121297 ] ] } },
{ "type": "Feature", "properties": { "name": "Arterial Link", "highway": "residential", "slope_pct": 0.6 }, "geometry": { "type": "LineString", "coordinates": [ [ 75.5416331, 26.812116 ], [ 75.5414856, 26.8114774 ] ] } },
{ "type": "Feature", "properties": { "name": "Arterial Link", "highway": "residential", "slope_pct": 0.6 }, "geometry": { "type": "LineString", "coordinates": [ [ 75.5410754, 26.8115666 ], [ 75.5414123, 26.8114871 ], [ 75.5414856, 26.8114774 ], [ 75.5416301, 26.8114582 ], [ 75.5416918, 26.8114415 ], [ 75.5417213, 26.8114223 ], [ 75.541724, 26.8113816 ], [ 75.5417031, 26.8112266 ], [ 75.5416971, 26.8111758 ] ] } },
{ "type": "Feature", "properties": { "name": "Arterial Link", "highway": "residential", "slope_pct": 0.6 }, "geometry": { "type": "LineString", "coordinates": [ [ 75.5411585, 26.8119376 ], [ 75.5410754, 26.8115666 ], [ 75.5409751, 26.8112429 ] ] } },
{ "type": "Feature", "properties": { "name": "Arterial Link", "highway": "residential", "slope_pct": 0.6 }, "geometry": { "type": "LineString", "coordinates": [ [ 75.5406562, 26.8103749 ], [ 75.5408278, 26.810601 ], [ 75.5410159, 26.8108837 ], [ 75.5410534, 26.810922 ], [ 75.541099, 26.8109316 ], [ 75.5411419, 26.8109244 ], [ 75.5415362, 26.8106994 ] ] } },
{ "type": "Feature", "properties": { "name": "Arterial Link", "highway": "residential", "slope_pct": 0.6 }, "geometry": { "type": "LineString", "coordinates": [ [ 75.5404171, 26.8110737 ], [ 75.5397606, 26.811487 ], [ 75.5398464, 26.8116617 ], [ 75.5399027, 26.8117431 ], [ 75.5399565, 26.8118404 ] ] } },
{ "type": "Feature", "properties": { "name": "Arterial Link", "highway": "residential", "slope_pct": 0.6 }, "geometry": { "type": "LineString", "coordinates": [ [ 75.5396851, 26.8107237 ], [ 75.5398008, 26.8109843 ], [ 75.5397955, 26.8110441 ], [ 75.5397713, 26.81108 ], [ 75.5397418, 26.8110944 ], [ 75.5396294, 26.8111357 ], [ 75.5392081, 26.8112907 ], [ 75.5387494, 26.8114391 ], [ 75.5386015, 26.8110627 ] ] } },
{ "type": "Feature", "properties": { "name": "Arterial Link", "highway": "residential", "slope_pct": 0.6 }, "geometry": { "type": "LineString", "coordinates": [ [ 75.5387494, 26.8114391 ], [ 75.5389291, 26.8117862 ], [ 75.5390418, 26.8119466 ], [ 75.5393328, 26.8123979 ] ] } },
{ "type": "Feature", "properties": { "name": "Arterial Link", "highway": "residential", "slope_pct": 0.6 }, "geometry": { "type": "LineString", "coordinates": [ [ 75.5392081, 26.8112907 ], [ 75.5393619, 26.8117145 ] ] } },
{ "type": "Feature", "properties": { "name": "Arterial Link", "highway": "residential", "slope_pct": 0.6 }, "geometry": { "type": "LineString", "coordinates": [ [ 75.5393268, 26.8108343 ], [ 75.5391862, 26.8104553 ], [ 75.5390962, 26.8101828 ], [ 75.538803, 26.8094378 ] ] } },
{ "type": "Feature", "properties": { "name": "Arterial Link", "highway": "residential", "slope_pct": 0.6 }, "geometry": { "type": "LineString", "coordinates": [ [ 75.5391862, 26.8104553 ], [ 75.5379506, 26.8108175 ] ] } },
{ "type": "Feature", "properties": { "name": "Arterial Link", "highway": "residential", "slope_pct": 0.6 }, "geometry": { "type": "LineString", "coordinates": [ [ 75.5396829, 26.8102366 ], [ 75.540239, 26.8100456 ] ] } },
{ "type": "Feature", "properties": { "name": "Arterial Link", "highway": "residential", "slope_pct": 0.6 }, "geometry": { "type": "LineString", "coordinates": [ [ 75.5412667, 26.8076629 ], [ 75.541511, 26.8076786 ], [ 75.5417065, 26.8077261 ] ] } },
{ "type": "Feature", "properties": { "name": "Arterial Link", "highway": "residential", "slope_pct": 0.6 }, "geometry": { "type": "LineString", "coordinates": [ [ 75.5413379, 26.809299 ], [ 75.5413565, 26.8093619 ], [ 75.5413894, 26.8094474 ], [ 75.5414182, 26.8095132 ], [ 75.5414303, 26.8095563 ], [ 75.5414236, 26.8095838 ], [ 75.5414061, 26.8096173 ], [ 75.5413578, 26.8096628 ], [ 75.541335, 26.809688 ], [ 75.541335, 26.8097107 ], [ 75.5413565, 26.8097394 ], [ 75.5414551, 26.8098163 ], [ 75.5415317, 26.8098651 ], [ 75.5415724, 26.8098783 ], [ 75.5415966, 26.8098855 ], [ 75.5416522, 26.8098847 ], [ 75.5417253, 26.8098843 ], [ 75.5417883, 26.8098819 ], [ 75.5418718, 26.8098843 ] ] } },
{ "type": "Feature", "properties": { "name": "Arterial Link", "highway": "residential", "slope_pct": 0.6 }, "geometry": { "type": "LineString", "coordinates": [ [ 75.5410197, 26.8098407 ], [ 75.5410668, 26.8099719 ], [ 75.5411352, 26.8101087 ], [ 75.5411927, 26.8102211 ], [ 75.5412611, 26.8103359 ], [ 75.5413534, 26.8104889 ] ] } },
{ "type": "Feature", "properties": { "name": "Arterial Link", "highway": "residential", "slope_pct": 0.6 }, "geometry": { "type": "LineString", "coordinates": [ [ 75.5401173, 26.8077884 ], [ 75.5401711, 26.8078107 ], [ 75.5403373, 26.8078195 ], [ 75.5408335, 26.8077884 ], [ 75.5412362, 26.8077753 ] ] } },
{ "type": "Feature", "properties": { "name": "Arterial Link", "highway": "residential", "slope_pct": 0.6 }, "geometry": { "type": "LineString", "coordinates": [ [ 75.5401711, 26.8078107 ], [ 75.5402765, 26.8083929 ] ] } },
{ "type": "Feature", "properties": { "name": "Arterial Link", "highway": "residential", "slope_pct": 0.6 }, "geometry": { "type": "LineString", "coordinates": [ [ 75.5419479, 26.8078554 ], [ 75.54196, 26.8079009 ], [ 75.5419801, 26.8079248 ], [ 75.5420203, 26.8079464 ], [ 75.5420525, 26.8079727 ], [ 75.5420646, 26.808011 ], [ 75.5420713, 26.8080529 ], [ 75.542079, 26.8081558 ] ] } },
{ "type": "Feature", "properties": { "name": "Arterial Link", "highway": "residential", "slope_pct": 0.6 }, "geometry": { "type": "LineString", "coordinates": [ [ 75.5419353, 26.8087781 ], [ 75.5420244, 26.8090476 ], [ 75.5420485, 26.809105 ], [ 75.5420646, 26.8091745 ] ] } },
{ "type": "Feature", "properties": { "name": "Arterial Link", "highway": "residential", "slope_pct": 0.6 }, "geometry": { "type": "LineString", "coordinates": [ [ 75.5421863, 26.8081645 ], [ 75.5420727, 26.8086694 ], [ 75.5420378, 26.8087268 ], [ 75.542011, 26.8087531 ], [ 75.5419353, 26.8087781 ], [ 75.5418876, 26.8087938 ], [ 75.5417611, 26.8088284 ] ] } },
{ "type": "Feature", "properties": { "name": "Arterial Link", "highway": "residential", "slope_pct": 0.6 }, "geometry": { "type": "LineString", "coordinates": [ [ 75.5416185, 26.8084877 ], [ 75.5418017, 26.8084874 ], [ 75.5418339, 26.8084802 ], [ 75.5418554, 26.8084659 ], [ 75.5418661, 26.80843 ], [ 75.5419171, 26.8082432 ], [ 75.5419466, 26.8081834 ], [ 75.5419922, 26.8081595 ], [ 75.5420351, 26.8081523 ], [ 75.542079, 26.8081558 ], [ 75.5421863, 26.8081645 ], [ 75.5422485, 26.8081695 ] ] } },
{ "type": "Feature", "properties": { "name": "Arterial Link", "highway": "residential", "slope_pct": 0.6 }, "geometry": { "type": "LineString", "coordinates": [ [ 75.5426761, 26.808271 ], [ 75.5426601, 26.8083414 ], [ 75.5426252, 26.8083988 ], [ 75.5425689, 26.8084826 ], [ 75.5425394, 26.8085568 ], [ 75.5425322, 26.8085871 ], [ 75.5425206, 26.8086358 ], [ 75.5425206, 26.8087053 ], [ 75.5425635, 26.8088633 ] ] } },
{ "type": "Feature", "properties": { "name": "Arterial Link", "highway": "residential", "slope_pct": 0.6 }, "geometry": { "type": "LineString", "coordinates": [ [ 75.5424212, 26.8093012 ], [ 75.5424079, 26.8090787 ], [ 75.5424267, 26.8090213 ], [ 75.5424562, 26.8089638 ], [ 75.5425206, 26.808904 ], [ 75.5425635, 26.8088633 ], [ 75.5426118, 26.808825 ], [ 75.5428398, 26.8087292 ], [ 75.5428988, 26.8087005 ], [ 75.5429202, 26.8086813 ], [ 75.5429256, 26.808655 ], [ 75.5429363, 26.8086023 ], [ 75.5429658, 26.8085449 ], [ 75.5430061, 26.8085066 ], [ 75.5430517, 26.8084826 ], [ 75.5431545, 26.8084192 ] ] } },
{ "type": "Feature", "properties": { "name": "Arterial Link", "highway": "residential", "slope_pct": 0.6 }, "geometry": { "type": "LineString", "coordinates": [ [ 75.5422604, 26.8085497 ], [ 75.5425322, 26.8085871 ] ] } },
{ "type": "Feature", "properties": { "name": "Arterial Link", "highway": "residential", "slope_pct": 0.6 }, "geometry": { "type": "LineString", "coordinates": [ [ 75.5428907, 26.8111336 ], [ 75.542931, 26.8112404 ], [ 75.5429631, 26.8112667 ], [ 75.5430195, 26.8112739 ], [ 75.5430892, 26.8112619 ], [ 75.5432729, 26.8112045 ], [ 75.5433011, 26.8111829 ], [ 75.5433199, 26.811147 ], [ 75.5433226, 26.8110992 ], [ 75.5432964, 26.8109687 ] ] } },
{ "type": "Feature", "properties": { "name": "Arterial Link", "highway": "residential", "slope_pct": 0.6 }, "geometry": { "type": "LineString", "coordinates": [ [ 75.5429202, 26.8099716 ], [ 75.5429497, 26.8100722 ], [ 75.5429758, 26.8101628 ] ] } },
{ "type": "Feature", "properties": { "name": "Arterial Link", "highway": "residential", "slope_pct": 0.6 }, "geometry": { "type": "LineString", "coordinates": [ [ 75.5420801, 26.8096102 ], [ 75.5422068, 26.8096221 ], [ 75.5422711, 26.8096365 ], [ 75.5423087, 26.8096652 ], [ 75.5423731, 26.8097586 ], [ 75.5424422, 26.8098925 ] ] } },
{ "type": "Feature", "properties": { "name": "Arterial Link", "highway": "residential", "slope_pct": 0.6 }, "geometry": { "type": "LineString", "coordinates": [ [ 75.5423462, 26.809919 ], [ 75.5424422, 26.8098925 ], [ 75.5425286, 26.8098687 ], [ 75.5428398, 26.8097753 ], [ 75.5430071, 26.8097296 ] ] } },
{ "type": "Feature", "properties": { "name": "Arterial Link", "highway": "residential", "slope_pct": 0.6 }, "geometry": { "type": "LineString", "coordinates": [ [ 75.5424646, 26.8093037 ], [ 75.5424884, 26.8094929 ], [ 75.5424938, 26.8095599 ], [ 75.5425286, 26.8096652 ] ] } },
{ "type": "Feature", "properties": { "name": "Arterial Link", "highway": "residential", "slope_pct": 0.6 }, "geometry": { "type": "LineString", "coordinates": [ [ 75.5420781, 26.8093045 ], [ 75.5420801, 26.8096102 ], [ 75.5420807, 26.8097083 ], [ 75.5420887, 26.8098783 ], [ 75.5421424, 26.8100435 ], [ 75.5422068, 26.810156 ], [ 75.5422696, 26.8102415 ] ] } },
{ "type": "Feature", "properties": { "name": "Arterial Link", "highway": "residential", "slope_pct": 0.6 }, "geometry": { "type": "LineString", "coordinates": [ [ 75.5406618, 26.8109507 ], [ 75.5405331, 26.810764 ], [ 75.5404928, 26.8106898 ], [ 75.540466, 26.8106204 ], [ 75.5404446, 26.8105342 ], [ 75.5404285, 26.8104492 ] ] } },
{ "type": "Feature", "properties": { "name": "Arterial Link", "highway": "residential", "slope_pct": 0.6 }, "geometry": { "type": "LineString", "coordinates": [ [ 75.5376934, 26.8093119 ], [ 75.5376819, 26.8094091 ], [ 75.537647, 26.8095024 ], [ 75.5376095, 26.8095719 ], [ 75.5372866, 26.8099494 ], [ 75.5371901, 26.8100866 ], [ 75.5371428, 26.8101632 ], [ 75.5370408, 26.810314 ], [ 75.5369389, 26.8105103 ], [ 75.5369094, 26.8105605 ] ] } },
{ "type": "Feature", "properties": { "name": "Arterial Link", "highway": "residential", "slope_pct": 0.6 }, "geometry": { "type": "LineString", "coordinates": [ [ 75.5371401, 26.8113121 ], [ 75.5375867, 26.8112076 ] ] } },
{ "type": "Feature", "properties": { "name": "Arterial Link", "highway": "residential", "slope_pct": 0.6 }, "geometry": { "type": "LineString", "coordinates": [ [ 75.5414123, 26.8114871 ], [ 75.5412985, 26.811078 ] ] } },
{ "type": "Feature", "properties": { "name": "Arterial Link", "highway": "residential", "slope_pct": 0.6 }, "geometry": { "type": "LineString", "coordinates": [ [ 75.5414879, 26.8101488 ], [ 75.541563, 26.810132 ], [ 75.541614, 26.8101392 ], [ 75.5416515, 26.810156 ], [ 75.5416784, 26.8102015 ], [ 75.5417663, 26.8104488 ] ] } },
{ "type": "Feature", "properties": { "name": "Arterial Link", "highway": "residential", "slope_pct": 0.6 }, "geometry": { "type": "LineString", "coordinates": [ [ 75.5414829, 26.8105893 ], [ 75.5416542, 26.8105222 ], [ 75.541732, 26.8104744 ], [ 75.5417663, 26.8104488 ], [ 75.5417964, 26.8104265 ], [ 75.5418768, 26.8103834 ], [ 75.5419546, 26.8103439 ] ] } },
{ "type": "Feature", "properties": { "name": "Arterial Link", "highway": "residential", "slope_pct": 0.6 }, "geometry": { "type": "LineString", "coordinates": [ [ 75.5398652, 26.8094187 ], [ 75.5398169, 26.8095479 ], [ 75.5397981, 26.8096245 ], [ 75.5397893, 26.8097723 ] ] } },
{ "type": "Feature", "properties": { "name": "Arterial Link", "highway": "residential", "slope_pct": 0.6 }, "geometry": { "type": "LineString", "coordinates": [ [ 75.539318, 26.8095398 ], [ 75.5395594, 26.8093756 ], [ 75.5396426, 26.8093349 ], [ 75.5396935, 26.8093181 ], [ 75.5398169, 26.8092822 ], [ 75.5399054, 26.809275 ], [ 75.5400154, 26.8092774 ], [ 75.5401294, 26.8092858 ] ] } },
{ "type": "Feature", "properties": { "name": "Arterial Link", "highway": "residential", "slope_pct": 0.6 }, "geometry": { "type": "LineString", "coordinates": [ [ 75.5397606, 26.811487 ], [ 75.5396748, 26.8112643 ], [ 75.5396294, 26.8111357 ] ] } },
{ "type": "Feature", "properties": { "name": "Arterial Link", "highway": "residential", "slope_pct": 0.6 }, "geometry": { "type": "LineString", "coordinates": [ [ 75.5380574, 26.8101608 ], [ 75.5382237, 26.810302 ], [ 75.5383015, 26.8103211 ], [ 75.53839, 26.8103211 ], [ 75.5385026, 26.8103044 ], [ 75.5390962, 26.8101828 ] ] } },
{ "type": "Feature", "properties": { "name": "Arterial Link", "highway": "residential", "slope_pct": 0.6 }, "geometry": { "type": "LineString", "coordinates": [ [ 75.538079, 26.8097423 ], [ 75.5380574, 26.8101608 ], [ 75.5380198, 26.8102685 ], [ 75.5379662, 26.8103451 ], [ 75.5378213, 26.8104576 ] ] } },
{ "type": "Feature", "properties": { "name": "Arterial Link", "highway": "residential", "slope_pct": 0.6 }, "geometry": { "type": "LineString", "coordinates": [ [ 75.5376223, 26.8113206 ], [ 75.5380776, 26.8112027 ], [ 75.5384638, 26.8111076 ] ] } },
{ "type": "Feature", "properties": { "name": "Arterial Link", "highway": "residential", "slope_pct": 0.6 }, "geometry": { "type": "LineString", "coordinates": [ [ 75.5371901, 26.8100866 ], [ 75.5372688, 26.8101201 ], [ 75.5373151, 26.810138 ], [ 75.5373707, 26.8101679 ], [ 75.5374727, 26.8102421 ], [ 75.537529, 26.8102781 ], [ 75.537639, 26.8103164 ], [ 75.5377141, 26.8103427 ], [ 75.5377597, 26.810381 ], [ 75.5378213, 26.8104576 ], [ 75.5379179, 26.8107185 ], [ 75.5379506, 26.8108175 ], [ 75.5380776, 26.8112027 ], [ 75.5381271, 26.8113529 ], [ 75.5381405, 26.8114439 ], [ 75.5381271, 26.8115109 ], [ 75.5380842, 26.8115684 ], [ 75.5380011, 26.811633 ], [ 75.5377714, 26.8117411 ], [ 75.5373278, 26.8118532 ] ] } },
{ "type": "Feature", "properties": { "name": "Arterial Link", "highway": "residential", "slope_pct": 0.6 }, "geometry": { "type": "LineString", "coordinates": [ [ 75.5377141, 26.8124708 ], [ 75.5378026, 26.8123057 ], [ 75.5378455, 26.8121453 ], [ 75.5378509, 26.8120423 ], [ 75.5378294, 26.8119035 ], [ 75.5377714, 26.8117411 ], [ 75.5376309, 26.8113481 ], [ 75.5376223, 26.8113206 ], [ 75.5375867, 26.8112076 ], [ 75.5373493, 26.8104528 ], [ 75.53736, 26.8103978 ], [ 75.5373815, 26.8103475 ], [ 75.5374163, 26.8102852 ], [ 75.5374727, 26.8102421 ], [ 75.5376953, 26.8101703 ], [ 75.5377999, 26.8101105 ], [ 75.5378857, 26.8100267 ], [ 75.5379233, 26.8099501 ], [ 75.5379921, 26.8097708 ], [ 75.538044, 26.809287 ], [ 75.5380547, 26.8091218 ], [ 75.5380681, 26.8090165 ], [ 75.538081, 26.808922 ] ] } },
{ "type": "Feature", "properties": { "name": "Arterial Link", "highway": "residential", "slope_pct": 0.6 }, "geometry": { "type": "LineString", "coordinates": [ [ 75.5377925, 26.8125788 ], [ 75.5381271, 26.8124589 ], [ 75.5383095, 26.8124325 ], [ 75.5385482, 26.8124325 ], [ 75.5389157, 26.812466 ], [ 75.5391714, 26.8124923 ] ] } },
{ "type": "Feature", "properties": { "name": "Arterial Link", "highway": "residential", "slope_pct": 0.6 }, "geometry": { "type": "LineString", "coordinates": [ [ 75.5374619, 26.8121477 ], [ 75.5374002, 26.8122674 ], [ 75.5373815, 26.8123775 ], [ 75.5373895, 26.8125618 ], [ 75.5374044, 26.8126252 ], [ 75.5374244, 26.8127102 ], [ 75.5376255, 26.8132393 ], [ 75.5377091, 26.8134299 ] ] } },
{ "type": "Feature", "properties": { "name": "Arterial Link", "highway": "residential", "slope_pct": 0.6 }, "geometry": { "type": "LineString", "coordinates": [ [ 75.5385037, 26.8085234 ], [ 75.538677, 26.8087053 ], [ 75.5387548, 26.8088034 ], [ 75.5388218, 26.808904 ], [ 75.5389988, 26.8093612 ] ] } },
{ "type": "Feature", "properties": { "name": "Arterial Link", "highway": "residential", "slope_pct": 0.6 }, "geometry": { "type": "LineString", "coordinates": [ [ 75.5394334, 26.8090644 ], [ 75.5394146, 26.8089949 ], [ 75.5393985, 26.8088704 ], [ 75.539538, 26.8088321 ], [ 75.5396613, 26.8088178 ], [ 75.5397713, 26.8088154 ], [ 75.5398115, 26.808801 ], [ 75.5398411, 26.8087747 ], [ 75.5398571, 26.8087388 ], [ 75.5399296, 26.8083941 ] ] } },
{ "type": "Feature", "properties": { "name": "Arterial Link", "highway": "residential", "slope_pct": 0.6 }, "geometry": { "type": "LineString", "coordinates": [ [ 75.5392964, 26.8080817 ], [ 75.5393261, 26.8081834 ], [ 75.5393475, 26.808248 ], [ 75.5393931, 26.8085497 ], [ 75.5393931, 26.8086502 ], [ 75.5393904, 26.8087627 ], [ 75.5393985, 26.8088704 ], [ 75.5392966, 26.8089806 ], [ 75.5392429, 26.8090572 ], [ 75.5392134, 26.809129 ], [ 75.5391893, 26.8092104 ], [ 75.5391759, 26.8092774 ], [ 75.5391626, 26.8093354 ] ] } },
{ "type": "Feature", "properties": { "name": "Arterial Link", "highway": "residential", "slope_pct": 0.6 }, "geometry": { "type": "LineString", "coordinates": [ [ 75.5393475, 26.808248 ], [ 75.5396345, 26.8082361 ], [ 75.5397123, 26.8082361 ], [ 75.5397767, 26.8082672 ], [ 75.5398196, 26.8082959 ], [ 75.5398813, 26.8083629 ], [ 75.5399296, 26.8083941 ], [ 75.5399725, 26.8084084 ], [ 75.5400174, 26.8084188 ] ] } },
{ "type": "Feature", "properties": { "name": "Arterial Link", "highway": "residential", "slope_pct": 0.6 }, "geometry": { "type": "LineString", "coordinates": [ [ 75.5402864, 26.8116361 ], [ 75.5402273, 26.8119992 ], [ 75.5402246, 26.8121884 ], [ 75.5402675, 26.8122961 ], [ 75.5403185, 26.8123894 ], [ 75.5404741, 26.8126408 ], [ 75.5405036, 26.8126911 ], [ 75.5405223, 26.8127366 ] ] } },
{ "type": "Feature", "properties": { "name": "Arterial Link", "highway": "residential", "slope_pct": 0.6 }, "geometry": { "type": "LineString", "coordinates": [ [ 75.5410403, 26.8097181 ], [ 75.541213, 26.809688 ], [ 75.5412894, 26.8096856 ], [ 75.541335, 26.809688 ] ] } },
{ "type": "Feature", "properties": { "name": "Arterial Link", "highway": "residential", "slope_pct": 0.6 }, "geometry": { "type": "LineString", "coordinates": [ [ 75.5379159, 26.8132282 ], [ 75.5380064, 26.8134667 ], [ 75.5381298, 26.8137539 ] ] } },
{ "type": "Feature", "properties": { "name": "Arterial Link", "highway": "residential", "slope_pct": 0.6 }, "geometry": { "type": "LineString", "coordinates": [ [ 75.5452539, 26.8127477 ], [ 75.5452244, 26.8123605 ], [ 75.5452101, 26.8121724 ], [ 75.5451683, 26.8119485 ], [ 75.5451415, 26.8118047 ], [ 75.5446716, 26.8118223 ], [ 75.5445462, 26.811827 ], [ 75.5443873, 26.811833 ], [ 75.5439743, 26.8118484 ] ] } },
{ "type": "Feature", "properties": { "name": "Arterial Link", "highway": "residential", "slope_pct": 0.6 }, "geometry": { "type": "LineString", "coordinates": [ [ 75.5469266, 26.8125628 ], [ 75.5468238, 26.8125784 ], [ 75.5460263, 26.8126819 ], [ 75.5459397, 26.8126933 ], [ 75.5452539, 26.8127477 ], [ 75.5451672, 26.8127546 ], [ 75.5447207, 26.8127241 ], [ 75.5444214, 26.8127037 ], [ 75.5440602, 26.8126791 ] ] } },
{ "type": "Feature", "properties": { "name": "Arterial Link", "highway": "residential", "slope_pct": 0.6 }, "geometry": { "type": "LineString", "coordinates": [ [ 75.5440736, 26.812806 ], [ 75.5440602, 26.8126791 ], [ 75.5439743, 26.8118484 ], [ 75.5439395, 26.811712 ], [ 75.5438322, 26.8113864 ], [ 75.5438001, 26.8112587 ], [ 75.5438027, 26.8110968 ], [ 75.5437996, 26.8109961 ], [ 75.5437973, 26.8109196 ], [ 75.5437713, 26.8108082 ], [ 75.5436364, 26.8105342 ], [ 75.5436015, 26.8103978 ], [ 75.5435868, 26.8101853 ] ] } },
{ "type": "Feature", "properties": { "name": "Arterial Link", "highway": "residential", "slope_pct": 0.6 }, "geometry": { "type": "LineString", "coordinates": [ [ 75.5442242, 26.8083498 ], [ 75.5441298, 26.808393 ], [ 75.5440569, 26.8084555 ], [ 75.5439929, 26.8085184 ], [ 75.5438923, 26.8086092 ], [ 75.5438496, 26.8086695 ], [ 75.5437939, 26.8087482 ], [ 75.5437939, 26.8088872 ], [ 75.5437939, 26.8091006 ], [ 75.5438067, 26.8091805 ], [ 75.543854, 26.8094759 ] ] } },
{ "type": "Feature", "properties": { "name": "Arterial Link", "highway": "residential", "slope_pct": 0.6 }, "geometry": { "type": "LineString", "coordinates": [ [ 75.548353, 26.808187 ], [ 75.5484027, 26.808971 ], [ 75.5484248, 26.8090392 ], [ 75.548457, 26.8090883 ], [ 75.5485421, 26.8091361 ] ] } },
{ "type": "Feature", "properties": { "name": "Arterial Link", "highway": "residential", "slope_pct": 0.6 }, "geometry": { "type": "LineString", "coordinates": [ [ 75.5487259, 26.8081475 ], [ 75.548353, 26.808187 ], [ 75.5481705, 26.8082005 ], [ 75.5480459, 26.8082097 ], [ 75.5479883, 26.8082378 ], [ 75.5479715, 26.8082708 ], [ 75.5480115, 26.8086475 ], [ 75.5480486, 26.8089973 ], [ 75.5480728, 26.809038 ], [ 75.548121, 26.8090691 ], [ 75.548172, 26.8090763 ], [ 75.5485421, 26.8091361 ] ] } },
{ "type": "Feature", "properties": { "name": "Arterial Link", "highway": "residential", "slope_pct": 0.6 }, "geometry": { "type": "LineString", "coordinates": [ [ 75.5492918, 26.8103235 ], [ 75.5493134, 26.8105139 ], [ 75.54932, 26.8105725 ], [ 75.5493388, 26.8108622 ], [ 75.5494246, 26.8115612 ], [ 75.5495426, 26.8123176 ], [ 75.5496221, 26.8127482 ], [ 75.5496214, 26.8127793 ], [ 75.5495959, 26.8127964 ], [ 75.5495775, 26.8127961 ], [ 75.5493884, 26.8127354 ], [ 75.5493441, 26.812733 ], [ 75.5493361, 26.8127533 ], [ 75.5493173, 26.8130789 ], [ 75.5493052, 26.8131351 ], [ 75.5492851, 26.8131447 ], [ 75.5488989, 26.8131746 ] ] } },
{ "type": "Feature", "properties": { "name": "Arterial Link", "highway": "residential", "slope_pct": 0.6 }, "geometry": { "type": "LineString", "coordinates": [ [ 75.5484668, 26.8108907 ], [ 75.5493388, 26.8108622 ] ] } },
{ "type": "Feature", "properties": { "name": "Arterial Link", "highway": "residential", "slope_pct": 0.6 }, "geometry": { "type": "LineString", "coordinates": [ [ 75.5484939, 26.8114726 ], [ 75.5484668, 26.8108907 ], [ 75.548459, 26.8107233 ], [ 75.5484489, 26.8106071 ], [ 75.5484268, 26.8103535 ], [ 75.5483839, 26.8100004 ], [ 75.5483752, 26.8099345 ], [ 75.5483805, 26.809831 ], [ 75.5484201, 26.809664 ], [ 75.5484299, 26.8094721 ] ] } },
{ "type": "Feature", "properties": { "name": "Arterial Link", "highway": "residential", "slope_pct": 0.6 }, "geometry": { "type": "LineString", "coordinates": [ [ 75.5484489, 26.8106071 ], [ 75.54932, 26.8105725 ] ] } },
{ "type": "Feature", "properties": { "name": "Arterial Link", "highway": "residential", "slope_pct": 0.6 }, "geometry": { "type": "LineString", "coordinates": [ [ 75.5438617, 26.8078098 ], [ 75.5441567, 26.8077692 ], [ 75.544264, 26.8077668 ], [ 75.5443443, 26.8077789 ] ] } },
{ "type": "Feature", "properties": { "name": "Arterial Link", "highway": "residential", "slope_pct": 0.6 }, "geometry": { "type": "LineString", "coordinates": [ [ 75.5438433, 26.8077589 ], [ 75.5438617, 26.8078098 ], [ 75.5439395, 26.8080254 ], [ 75.5440119, 26.8081954 ], [ 75.5440709, 26.8083079 ], [ 75.5441298, 26.808393 ] ] } },
{ "type": "Feature", "properties": { "name": "Arterial Link", "highway": "residential", "slope_pct": 0.6 }, "geometry": { "type": "LineString", "coordinates": [ [ 75.5443069, 26.8076567 ], [ 75.5443443, 26.8077789 ], [ 75.5444679, 26.8081834 ], [ 75.5444679, 26.8082169 ], [ 75.5444598, 26.8082456 ], [ 75.5444384, 26.8082648 ], [ 75.5442242, 26.8083498 ] ] } },
{ "type": "Feature", "properties": { "name": "Arterial Link", "highway": "residential", "slope_pct": 0.6 }, "geometry": { "type": "LineString", "coordinates": [ [ 75.5453291, 26.809008 ], [ 75.5458948, 26.808971 ], [ 75.5461389, 26.8089423 ], [ 75.546332, 26.8089183 ], [ 75.5464098, 26.8089111 ], [ 75.5464929, 26.8089111 ] ] } },
{ "type": "Feature", "properties": { "name": "Arterial Link", "highway": "residential", "slope_pct": 0.6 }, "geometry": { "type": "LineString", "coordinates": [ [ 75.5438067, 26.8091805 ], [ 75.5442399, 26.8091601 ], [ 75.5444947, 26.8091457 ], [ 75.5447414, 26.8091386 ], [ 75.5453449, 26.8090667 ] ] } },
{ "type": "Feature", "properties": { "name": "Arterial Link", "highway": "residential", "slope_pct": 0.6 }, "geometry": { "type": "LineString", "coordinates": [ [ 75.5438496, 26.8086695 ], [ 75.5441835, 26.8087196 ], [ 75.5443659, 26.8087412 ], [ 75.544874, 26.8088015 ] ] } },
{ "type": "Feature", "properties": { "name": "Arterial Link", "highway": "tertiary", "slope_pct": 0.6 }, "geometry": { "type": "LineString", "coordinates": [ [ 75.5453932, 26.8093061 ], [ 75.5453449, 26.8090667 ], [ 75.5453291, 26.809008 ], [ 75.5453042, 26.8089156 ], [ 75.545294, 26.8088776 ], [ 75.5452707, 26.8088297 ], [ 75.5452591, 26.8088058 ], [ 75.5451867, 26.8087316 ], [ 75.5450606, 26.8086765 ], [ 75.5448819, 26.8086339 ], [ 75.5447897, 26.8086119 ], [ 75.5444491, 26.8085616 ], [ 75.5441138, 26.8085257 ], [ 75.5439929, 26.8085184 ], [ 75.5438617, 26.8084395 ], [ 75.5437383, 26.8083414 ], [ 75.5436471, 26.8082432 ], [ 75.5434598, 26.8080029 ] ] } },
{ "type": "Feature", "properties": { "name": "Arterial Link", "highway": "residential", "slope_pct": 0.6 }, "geometry": { "type": "LineString", "coordinates": [ [ 75.5469559, 26.8093725 ], [ 75.5470052, 26.8097418 ], [ 75.5470113, 26.8098018 ], [ 75.5470213, 26.8098998 ], [ 75.5470279, 26.8099982 ], [ 75.5470382, 26.8101516 ], [ 75.5470428, 26.8102206 ], [ 75.5470496, 26.8103787 ], [ 75.547076, 26.8109957 ], [ 75.5470855, 26.8112188 ], [ 75.5470911, 26.8113481 ], [ 75.5471072, 26.8117192 ], [ 75.5470964, 26.8117814 ], [ 75.5470709, 26.8118245 ], [ 75.5470347, 26.8118436 ], [ 75.5469865, 26.8118484 ], [ 75.5468523, 26.8118508 ], [ 75.5466163, 26.8118221 ], [ 75.546442, 26.8117599 ], [ 75.5463052, 26.8116857 ], [ 75.5461818, 26.8116019 ], [ 75.5460826, 26.8115013 ], [ 75.5460182, 26.8113888 ], [ 75.5460007, 26.8113721 ], [ 75.5459779, 26.8113721 ], [ 75.5459565, 26.811378 ], [ 75.5459471, 26.8114044 ], [ 75.5459404, 26.8114762 ], [ 75.5459243, 26.8114882 ], [ 75.5458961, 26.8114941 ], [ 75.5458197, 26.8114989 ], [ 75.5455493, 26.8115133 ], [ 75.5451119, 26.8115365 ] ] } },
{ "type": "Feature", "properties": { "name": "Arterial Link", "highway": "residential", "slope_pct": 0.6 }, "geometry": { "type": "LineString", "coordinates": [ [ 75.5485421, 26.8091361 ], [ 75.5484904, 26.8094768 ] ] } },
{ "type": "Feature", "properties": { "name": "Arterial Link", "highway": "residential", "slope_pct": 0.6 }, "geometry": { "type": "LineString", "coordinates": [ [ 75.5475997, 26.8086721 ], [ 75.5480115, 26.8086475 ] ] } },
{ "type": "Feature", "properties": { "name": "Arterial Link", "highway": "residential", "slope_pct": 0.6 }, "geometry": { "type": "LineString", "coordinates": [ [ 75.5475792, 26.8082145 ], [ 75.5475997, 26.8086721 ], [ 75.5476331, 26.8094183 ] ] } },
{ "type": "Feature", "properties": { "name": "Arterial Link", "highway": "residential", "slope_pct": 0.6 }, "geometry": { "type": "LineString", "coordinates": [ [ 75.5448735, 26.8077404 ], [ 75.5453637, 26.8076783 ], [ 75.5463859, 26.8075718 ] ] } },
{ "type": "Feature", "properties": { "name": "Arterial Link", "highway": "residential", "slope_pct": 0.6 }, "geometry": { "type": "LineString", "coordinates": [ [ 75.5451518, 26.8080302 ], [ 75.545353, 26.8081331 ], [ 75.5454093, 26.8081882 ], [ 75.5454335, 26.8082504 ], [ 75.5454549, 26.8083534 ], [ 75.5454951, 26.8086239 ] ] } },
{ "type": "Feature", "properties": { "name": "Arterial Link", "highway": "residential", "slope_pct": 0.6 }, "geometry": { "type": "LineString", "coordinates": [ [ 75.5478555, 26.8097107 ], [ 75.5478566, 26.8099342 ] ] } },
{ "type": "Feature", "properties": { "name": "Arterial Link", "highway": "residential", "slope_pct": 0.6 }, "geometry": { "type": "LineString", "coordinates": [ [ 75.5476007, 26.8096078 ], [ 75.547539, 26.8096293 ], [ 75.5475122, 26.8096485 ], [ 75.5474853, 26.8097011 ], [ 75.5474542, 26.8099657 ] ] } },
{ "type": "Feature", "properties": { "name": "Arterial Link", "highway": "residential", "slope_pct": 0.6 }, "geometry": { "type": "LineString", "coordinates": [ [ 75.5470279, 26.8099982 ], [ 75.5474542, 26.8099657 ], [ 75.5477214, 26.8099453 ], [ 75.5478566, 26.8099342 ], [ 75.5480701, 26.8099166 ], [ 75.5480996, 26.8099022 ], [ 75.548121, 26.8098831 ], [ 75.5481318, 26.8098136 ] ] } },
{ "type": "Feature", "properties": { "name": "Arterial Link", "highway": "residential", "slope_pct": 0.6 }, "geometry": { "type": "LineString", "coordinates": [ [ 75.5475172, 26.8103689 ], [ 75.5475524, 26.8113493 ], [ 75.5475363, 26.811554 ], [ 75.5475149, 26.8116402 ], [ 75.5474961, 26.8117096 ], [ 75.5474719, 26.8117886 ], [ 75.5474505, 26.8119155 ] ] } },
{ "type": "Feature", "properties": { "name": "Arterial Link", "highway": "residential", "slope_pct": 0.6 }, "geometry": { "type": "LineString", "coordinates": [ [ 75.5470496, 26.8103787 ], [ 75.5475172, 26.8103689 ], [ 75.5479646, 26.8103595 ] ] } },
{ "type": "Feature", "properties": { "name": "Arterial Link", "highway": "residential", "slope_pct": 0.6 }, "geometry": { "type": "LineString", "coordinates": [ [ 75.5478448, 26.8122075 ], [ 75.5478662, 26.8121046 ], [ 75.5478957, 26.8120088 ], [ 75.5479655, 26.8117216 ], [ 75.5479816, 26.8115971 ], [ 75.5479896, 26.8114822 ], [ 75.5480057, 26.8113505 ], [ 75.5479681, 26.8108574 ], [ 75.5479646, 26.8103595 ], [ 75.5479628, 26.8101081 ] ] } },
{ "type": "Feature", "properties": { "name": "Arterial Link", "highway": "residential", "slope_pct": 0.6 }, "geometry": { "type": "LineString", "coordinates": [ [ 75.5470911, 26.8113481 ], [ 75.5475524, 26.8113493 ], [ 75.5480057, 26.8113505 ] ] } },
{ "type": "Feature", "properties": { "name": "Arterial Link", "highway": "residential", "slope_pct": 0.6 }, "geometry": { "type": "LineString", "coordinates": [ [ 75.5460508, 26.8093182 ], [ 75.5460557, 26.8094115 ], [ 75.5460557, 26.8094713 ], [ 75.546037, 26.8095336 ], [ 75.5460101, 26.8096916 ], [ 75.5460101, 26.8097586 ], [ 75.5460262, 26.8098041 ], [ 75.5460477, 26.8098328 ], [ 75.5460879, 26.8098424 ], [ 75.5470113, 26.8098018 ] ] } },
{ "type": "Feature", "properties": { "name": "Arterial Link", "highway": "residential", "slope_pct": 0.6 }, "geometry": { "type": "LineString", "coordinates": [ [ 75.5466458, 26.8107712 ], [ 75.5466297, 26.8101707 ] ] } },
{ "type": "Feature", "properties": { "name": "Arterial Link", "highway": "residential", "slope_pct": 0.6 }, "geometry": { "type": "LineString", "coordinates": [ [ 75.5467048, 26.8113194 ], [ 75.5468309, 26.8112595 ], [ 75.5469167, 26.8112356 ], [ 75.5469784, 26.811226 ], [ 75.5470855, 26.8112188 ] ] } },
{ "type": "Feature", "properties": { "name": "Arterial Link", "highway": "residential", "slope_pct": 0.6 }, "geometry": { "type": "LineString", "coordinates": [ [ 75.5462623, 26.8101967 ], [ 75.5462971, 26.8107066 ], [ 75.5463266, 26.8107999 ], [ 75.5463588, 26.810855 ], [ 75.5465117, 26.8109531 ], [ 75.5465922, 26.8109843 ], [ 75.5467075, 26.8109962 ], [ 75.547076, 26.8109957 ] ] } },
{ "type": "Feature", "properties": { "name": "Arterial Link", "highway": "residential", "slope_pct": 0.6 }, "geometry": { "type": "LineString", "coordinates": [ [ 75.5456451, 26.8102899 ], [ 75.5460262, 26.8102254 ], [ 75.5462623, 26.8101967 ], [ 75.5465358, 26.8101751 ], [ 75.5466297, 26.8101707 ], [ 75.5470382, 26.8101516 ] ] } },
{ "type": "Feature", "properties": { "name": "Arterial Link", "highway": "residential", "slope_pct": 0.6 }, "geometry": { "type": "LineString", "coordinates": [ [ 75.5452244, 26.8123605 ], [ 75.5459619, 26.8122602 ], [ 75.5467987, 26.8121453 ], [ 75.5468389, 26.8121548 ], [ 75.5468711, 26.8121979 ], [ 75.5468819, 26.8122386 ], [ 75.5469266, 26.8125628 ], [ 75.5469543, 26.8127629 ] ] } },
{ "type": "Feature", "properties": { "name": "Arterial Link", "highway": "residential", "slope_pct": 0.6 }, "geometry": { "type": "LineString", "coordinates": [ [ 75.5451683, 26.8119485 ], [ 75.5457821, 26.8118508 ], [ 75.5458358, 26.8118628 ], [ 75.545876, 26.8118891 ], [ 75.5458975, 26.8119346 ], [ 75.5459619, 26.8122602 ] ] } },
{ "type": "Feature", "properties": { "name": "Arterial Link", "highway": "residential", "slope_pct": 0.6 }, "geometry": { "type": "LineString", "coordinates": [ [ 75.5451415, 26.8118047 ], [ 75.5451119, 26.8115365 ], [ 75.5450821, 26.8112667 ] ] } },
{ "type": "Feature", "properties": { "name": "Arterial Link", "highway": "residential", "slope_pct": 0.6 }, "geometry": { "type": "LineString", "coordinates": [ [ 75.5445462, 26.811827 ], [ 75.5445027, 26.8112739 ] ] } },
{ "type": "Feature", "properties": { "name": "Arterial Link", "highway": "residential", "slope_pct": 0.6 }, "geometry": { "type": "LineString", "coordinates": [ [ 75.5446716, 26.8118223 ], [ 75.5447207, 26.8127241 ] ] } },
{ "type": "Feature", "properties": { "name": "Arterial Link", "highway": "residential", "slope_pct": 0.6 }, "geometry": { "type": "LineString", "coordinates": [ [ 75.5443873, 26.811833 ], [ 75.5444214, 26.8127037 ] ] } },
{ "type": "Feature", "properties": { "name": "Arterial Link", "highway": "residential", "slope_pct": 0.6 }, "geometry": { "type": "LineString", "coordinates": [ [ 75.5453691, 26.8135528 ], [ 75.5452457, 26.8131914 ], [ 75.5452108, 26.8131291 ], [ 75.5451733, 26.8130956 ], [ 75.5451196, 26.8130717 ], [ 75.5441996, 26.8129472 ], [ 75.5441433, 26.8129209 ], [ 75.5441004, 26.812885 ], [ 75.5440736, 26.812806 ] ] } },
{ "type": "Feature", "properties": { "name": "Arterial Link", "highway": "residential", "slope_pct": 0.6 }, "geometry": { "type": "LineString", "coordinates": [ [ 75.5444606, 26.809461 ], [ 75.544492, 26.8098112 ], [ 75.5444974, 26.8098974 ], [ 75.5444974, 26.8099788 ] ] } },
{ "type": "Feature", "properties": { "name": "Arterial Link", "highway": "residential", "slope_pct": 0.6 }, "geometry": { "type": "LineString", "coordinates": [ [ 75.5448017, 26.8103771 ], [ 75.5447978, 26.8102733 ], [ 75.5448058, 26.8102421 ], [ 75.5448407, 26.8102254 ], [ 75.5449051, 26.8102206 ], [ 75.5451987, 26.8102039 ] ] } },
{ "type": "Feature", "properties": { "name": "Arterial Link", "highway": "residential", "slope_pct": 0.6 }, "geometry": { "type": "LineString", "coordinates": [ [ 75.5447012, 26.8103816 ], [ 75.5448017, 26.8103771 ], [ 75.5449802, 26.810369 ], [ 75.5451974, 26.8103523 ] ] } },
{ "type": "Feature", "properties": { "name": "Arterial Link", "highway": "residential", "slope_pct": 0.6 }, "geometry": { "type": "LineString", "coordinates": [ [ 75.5452001, 26.8100722 ], [ 75.5451987, 26.8102039 ], [ 75.5451974, 26.8103259 ], [ 75.5451974, 26.8103523 ], [ 75.5451974, 26.8104504 ], [ 75.5451955, 26.8105673 ] ] } },
{ "type": "Feature", "properties": { "name": "Arterial Link", "highway": "residential", "slope_pct": 0.6 }, "geometry": { "type": "LineString", "coordinates": [ [ 75.5447505, 26.8094359 ], [ 75.5447549, 26.8096628 ], [ 75.5447414, 26.809737 ], [ 75.5447039, 26.8098543 ], [ 75.5446717, 26.8099764 ], [ 75.5446663, 26.8100722 ], [ 75.5446637, 26.8101655 ], [ 75.5447012, 26.8103816 ], [ 75.5447443, 26.8106297 ] ] } },
{ "type": "Feature", "properties": { "name": "Arterial Link", "highway": "residential", "slope_pct": 0.6 }, "geometry": { "type": "LineString", "coordinates": [ [ 75.5443347, 26.8094683 ], [ 75.5443633, 26.8098065 ], [ 75.5443633, 26.8099118 ], [ 75.5443579, 26.8099764 ], [ 75.5443445, 26.810156 ], [ 75.5443498, 26.8104911 ], [ 75.5443552, 26.8107185 ] ] } },
{ "type": "Feature", "properties": { "name": "Arterial Link", "highway": "residential", "slope_pct": 0.6 }, "geometry": { "type": "LineString", "coordinates": [ [ 75.5436578, 26.8096485 ], [ 75.543682, 26.8098831 ], [ 75.5437061, 26.8099357 ], [ 75.5437356, 26.8099669 ], [ 75.5438688, 26.8100382 ] ] } },
{ "type": "Feature", "properties": { "name": "Arterial Link", "highway": "residential", "slope_pct": 0.6 }, "geometry": { "type": "LineString", "coordinates": [ [ 75.5467799, 26.8136247 ], [ 75.5468309, 26.8138377 ], [ 75.5468711, 26.8138904 ], [ 75.5469462, 26.8139359 ], [ 75.5470508, 26.8139598 ], [ 75.5471125, 26.8139837 ], [ 75.5471664, 26.814008 ] ] } },
{ "type": "Feature", "properties": { "name": "Arterial Link", "highway": "residential", "slope_pct": 0.6 }, "geometry": { "type": "LineString", "coordinates": [ [ 75.5444354, 26.8133848 ], [ 75.5445376, 26.813663 ], [ 75.5445725, 26.8137108 ], [ 75.5446315, 26.8137204 ], [ 75.5446878, 26.8137132 ], [ 75.5453691, 26.8135528 ] ] } },
{ "type": "Feature", "properties": { "name": "Arterial Link", "highway": "residential", "slope_pct": 0.6 }, "geometry": { "type": "LineString", "coordinates": [ [ 75.5469865, 26.8118484 ], [ 75.5469114, 26.8119107 ], [ 75.5468819, 26.8119633 ], [ 75.5468577, 26.8120423 ], [ 75.5468389, 26.8121548 ] ] } },
{ "type": "Feature", "properties": { "name": "Arterial Link", "highway": "tertiary", "slope_pct": 0.6 }, "geometry": { "type": "LineString", "coordinates": [ [ 75.5585917, 26.811753 ], [ 75.5582547, 26.8117364 ], [ 75.5578638, 26.8117171 ], [ 75.557037, 26.8116763 ], [ 75.5565263, 26.8116511 ], [ 75.5563013, 26.8116435 ], [ 75.5561301, 26.8116378 ], [ 75.555199, 26.8115008 ], [ 75.5547239, 26.8114309 ], [ 75.5542298, 26.8113002 ], [ 75.5541271, 26.8112643 ], [ 75.5536724, 26.8111053 ], [ 75.5533996, 26.8109747 ], [ 75.5531534, 26.8108154 ], [ 75.5528297, 26.810606 ], [ 75.5527344, 26.8105713 ], [ 75.5523066, 26.8105318 ], [ 75.5521712, 26.8104929 ], [ 75.5521248, 26.8104759 ], [ 75.551752, 26.8103393 ], [ 75.5515497, 26.8102841 ], [ 75.5512866, 26.8102123 ], [ 75.5508127, 26.810083 ], [ 75.550581, 26.8100198 ], [ 75.5499325, 26.8097607 ], [ 75.5497164, 26.8096744 ], [ 75.5494982, 26.8096143 ], [ 75.5487726, 26.8095123 ], [ 75.5484904, 26.8094768 ], [ 75.5484299, 26.8094721 ], [ 75.5481885, 26.809453 ], [ 75.5476331, 26.8094183 ], [ 75.5473302, 26.8093993 ], [ 75.5469559, 26.8093725 ], [ 75.5464312, 26.8093349 ], [ 75.5460508, 26.8093182 ], [ 75.5456132, 26.809299 ], [ 75.5454764, 26.8092942 ], [ 75.5454337, 26.8093003 ], [ 75.5453932, 26.8093061 ], [ 75.5452779, 26.8093373 ], [ 75.5449185, 26.8094115 ], [ 75.5447505, 26.8094359 ], [ 75.5446556, 26.8094498 ], [ 75.5444606, 26.809461 ], [ 75.5443347, 26.8094683 ], [ 75.543854, 26.8094759 ], [ 75.5436417, 26.8094809 ], [ 75.5433279, 26.8094809 ], [ 75.5431588, 26.8094683 ], [ 75.5430129, 26.80943 ], [ 75.542981, 26.8094183 ], [ 75.5427593, 26.8093373 ], [ 75.5426332, 26.8093133 ], [ 75.5424646, 26.8093037 ], [ 75.5424212, 26.8093012 ], [ 75.5423409, 26.8092966 ], [ 75.5420781, 26.8093045 ], [ 75.5418375, 26.8093117 ] ] } },
{ "type": "Feature", "properties": { "name": "Arterial Link", "highway": "residential", "slope_pct": 0.6 }, "geometry": { "type": "LineString", "coordinates": [ [ 75.543854, 26.8094759 ], [ 75.5438644, 26.8098831 ], [ 75.5438688, 26.8100382 ], [ 75.5438188, 26.8100865 ], [ 75.5437544, 26.8101368 ], [ 75.5436954, 26.8101655 ], [ 75.5435868, 26.8101853 ], [ 75.5434055, 26.8101805 ], [ 75.5431244, 26.810173 ], [ 75.5429758, 26.8101628 ], [ 75.5429013, 26.8101577 ], [ 75.5425236, 26.810219 ], [ 75.5422919, 26.8102343 ], [ 75.5422696, 26.8102415 ], [ 75.5419546, 26.8103439 ] ] } },
{ "type": "Feature", "properties": { "name": "Arterial Link", "highway": "residential", "slope_pct": 0.6 }, "geometry": { "type": "LineString", "coordinates": [ [ 75.5407468, 26.8181328 ], [ 75.540736, 26.8180706 ], [ 75.5406898, 26.8178044 ], [ 75.5406789, 26.8177081 ], [ 75.5406725, 26.8176517 ], [ 75.5406389, 26.8173544 ], [ 75.5406452, 26.817074 ], [ 75.5406496, 26.816878 ], [ 75.5406536, 26.8168129 ], [ 75.5406925, 26.8161742 ], [ 75.540714, 26.816046 ], [ 75.5407664, 26.815815 ], [ 75.5408174, 26.815669 ], [ 75.5409017, 26.8154872 ], [ 75.5412102, 26.8150683 ], [ 75.5414484, 26.8147798 ], [ 75.5416024, 26.8145296 ], [ 75.5417904, 26.8142106 ], [ 75.5419013, 26.8139109 ], [ 75.5419413, 26.8134984 ], [ 75.54198, 26.8129068 ], [ 75.5419822, 26.8123558 ], [ 75.5420388, 26.8120556 ], [ 75.5420601, 26.8119426 ], [ 75.54207, 26.8115277 ] ] } },
{ "type": "Feature", "properties": { "name": "Arterial Link", "highway": "residential", "slope_pct": 0.6 }, "geometry": { "type": "LineString", "coordinates": [ [ 75.5464918, 26.8141693 ], [ 75.5463984, 26.8138491 ], [ 75.5460263, 26.8126819 ] ] } },
{ "type": "Feature", "properties": { "name": "Arterial Link", "highway": "residential", "slope_pct": 0.6 }, "geometry": { "type": "LineString", "coordinates": [ [ 75.5434754, 26.8108406 ], [ 75.543454, 26.8108837 ], [ 75.5434111, 26.8109148 ], [ 75.5433467, 26.8109459 ], [ 75.5432964, 26.8109687 ], [ 75.5431244, 26.8110463 ], [ 75.542957, 26.8111088 ], [ 75.5428907, 26.8111336 ], [ 75.5423979, 26.8113176 ] ] } },
{ "type": "Feature", "properties": { "name": "Arterial Link", "highway": "tertiary", "slope_pct": 0.6 }, "geometry": { "type": "LineString", "coordinates": [ [ 75.5497164, 26.8096744 ], [ 75.5506497, 26.8095953 ], [ 75.5509421, 26.8094999 ], [ 75.5512454, 26.8094023 ], [ 75.5514199, 26.8093462 ], [ 75.5517965, 26.8092251 ], [ 75.5524259, 26.8090421 ], [ 75.553738, 26.8086938 ], [ 75.5541577, 26.8086008 ], [ 75.5545085, 26.8084861 ], [ 75.5549874, 26.8083296 ], [ 75.5554705, 26.8081315 ], [ 75.555633, 26.8080649 ], [ 75.5559326, 26.8080026 ], [ 75.555998, 26.8079886 ], [ 75.5561019, 26.807982 ], [ 75.5566881, 26.8079446 ], [ 75.5572849, 26.8079582 ] ] } },
{ "type": "Feature", "properties": { "name": "Arterial Link", "highway": "residential", "slope_pct": 0.6 }, "geometry": { "type": "LineString", "coordinates": [ [ 75.5432779, 26.816827 ], [ 75.5440359, 26.8167849 ], [ 75.5446479, 26.8167501 ], [ 75.5452828, 26.8167141 ], [ 75.5453492, 26.8178192 ] ] } },
{ "type": "Feature", "properties": { "name": "Arterial Link", "highway": "residential", "slope_pct": 0.6 }, "geometry": { "type": "LineString", "coordinates": [ [ 75.5451029, 26.8186075 ], [ 75.5462439, 26.8184109 ], [ 75.5472724, 26.8183268 ], [ 75.5473985, 26.8183165 ], [ 75.5478, 26.8182918 ], [ 75.5484322, 26.8182745 ], [ 75.5485663, 26.8182434 ], [ 75.5489029, 26.8181357 ], [ 75.5494072, 26.8179777 ], [ 75.549672, 26.817946 ], [ 75.5497652, 26.8179227 ], [ 75.5502443, 26.8177143 ], [ 75.550079, 26.8172058 ], [ 75.5500476, 26.8169862 ], [ 75.5501017, 26.8163703 ], [ 75.5501127, 26.816246 ], [ 75.5501618, 26.8157039 ], [ 75.5501686, 26.8154433 ], [ 75.5501477, 26.8152541 ], [ 75.550137, 26.8151575 ], [ 75.5501413, 26.8148935 ], [ 75.550112, 26.8143999 ] ] } },
{ "type": "Feature", "properties": { "name": "Arterial Link", "highway": "residential", "slope_pct": 0.6 }, "geometry": { "type": "LineString", "coordinates": [ [ 75.5501686, 26.8154433 ], [ 75.5498376, 26.8154643 ], [ 75.5498014, 26.8154487 ], [ 75.5497679, 26.8154188 ], [ 75.5497276, 26.8149306 ], [ 75.5496876, 26.8143567 ] ] } },
{ "type": "Feature", "properties": { "name": "Arterial Link", "highway": "residential", "slope_pct": 0.6 }, "geometry": { "type": "LineString", "coordinates": [ [ 75.5497276, 26.8149306 ], [ 75.5501413, 26.8148935 ] ] } },
{ "type": "Feature", "properties": { "name": "Arterial Link", "highway": "residential", "slope_pct": 0.6 }, "geometry": { "type": "LineString", "coordinates": [ [ 75.5501618, 26.8157039 ], [ 75.5497925, 26.8157246 ], [ 75.5496431, 26.8157438 ], [ 75.5493006, 26.8157556 ], [ 75.5488976, 26.8157695 ], [ 75.5484198, 26.815786 ], [ 75.5479578, 26.8158135 ], [ 75.5472843, 26.8158526 ], [ 75.5471586, 26.8158605 ], [ 75.5466847, 26.8158923 ], [ 75.5460625, 26.815934 ], [ 75.5459771, 26.8159397 ], [ 75.5456731, 26.8159481 ] ] } },
{ "type": "Feature", "properties": { "name": "Arterial Link", "highway": "residential", "slope_pct": 0.6 }, "geometry": { "type": "LineString", "coordinates": [ [ 75.5473151, 26.8165105 ], [ 75.5479969, 26.8164711 ], [ 75.5480667, 26.8164671 ], [ 75.5484583, 26.8164484 ], [ 75.5489192, 26.8164265 ], [ 75.5493005, 26.8164084 ], [ 75.5498151, 26.8163839 ], [ 75.5501017, 26.8163703 ] ] } },
{ "type": "Feature", "properties": { "name": "Arterial Link", "highway": "residential", "slope_pct": 0.6 }, "geometry": { "type": "LineString", "coordinates": [ [ 75.5486691, 26.8079609 ], [ 75.5488908, 26.8079039 ], [ 75.5489358, 26.8078862 ], [ 75.54897, 26.8078626 ], [ 75.5490156, 26.8078399 ], [ 75.5490893, 26.8078255 ], [ 75.5499798, 26.8077118 ] ] } },
{ "type": "Feature", "properties": { "name": "Arterial Link", "highway": "residential", "slope_pct": 0.6 }, "geometry": { "type": "LineString", "coordinates": [ [ 75.5499852, 26.8104528 ], [ 75.5500583, 26.811074 ], [ 75.5500495, 26.8111123 ], [ 75.5500314, 26.8111339 ], [ 75.5498819, 26.8111746 ], [ 75.5498484, 26.8112009 ], [ 75.5498417, 26.8112452 ], [ 75.5499744, 26.8121309 ], [ 75.5500513, 26.8125899 ], [ 75.5501059, 26.8129161 ] ] } },
{ "type": "Feature", "properties": { "name": "Arterial Link", "highway": "residential", "slope_pct": 0.6 }, "geometry": { "type": "LineString", "coordinates": [ [ 75.5493134, 26.8105139 ], [ 75.5499852, 26.8104528 ], [ 75.5499325, 26.8097607 ] ] } },
{ "type": "Feature", "properties": { "name": "Arterial Link", "highway": "residential", "slope_pct": 0.6 }, "geometry": { "type": "LineString", "coordinates": [ [ 75.5433682, 26.8082097 ], [ 75.5434084, 26.8083749 ], [ 75.5434218, 26.8084731 ], [ 75.543395, 26.8085904 ], [ 75.5433387, 26.8087268 ], [ 75.5433387, 26.8087843 ], [ 75.5433467, 26.8088369 ], [ 75.5433789, 26.8088776 ], [ 75.5434272, 26.8088992 ], [ 75.5435076, 26.8089016 ], [ 75.5437939, 26.8088872 ] ] } },
{ "type": "Feature", "properties": { "name": "Arterial Link", "highway": "residential", "slope_pct": 0.6 }, "geometry": { "type": "LineString", "coordinates": [ [ 75.5425068, 26.811611 ], [ 75.5425487, 26.8115929 ], [ 75.5429444, 26.8114726 ], [ 75.5433708, 26.8113792 ], [ 75.5436511, 26.8113134 ], [ 75.5438001, 26.8112587 ], [ 75.5439475, 26.8111351 ], [ 75.5441782, 26.8108693 ], [ 75.5442774, 26.8107616 ], [ 75.5443552, 26.8107185 ], [ 75.5445161, 26.8106539 ], [ 75.5446878, 26.8106324 ], [ 75.5447443, 26.8106297 ], [ 75.5451955, 26.8105673 ], [ 75.5454522, 26.8105318 ], [ 75.5455622, 26.8104887 ], [ 75.5456239, 26.8104289 ], [ 75.545648, 26.8103379 ], [ 75.5456451, 26.8102899 ], [ 75.5456427, 26.8102493 ], [ 75.5454337, 26.8093003 ] ] } },
{ "type": "Feature", "properties": { "name": "Arterial Link", "highway": "residential", "slope_pct": 0.6 }, "geometry": { "type": "LineString", "coordinates": [ [ 75.542957, 26.8111088 ], [ 75.5428103, 26.810685 ], [ 75.5428103, 26.81063 ], [ 75.5428398, 26.8105917 ], [ 75.54288, 26.8105725 ], [ 75.5431643, 26.8105438 ], [ 75.5432448, 26.8105677 ], [ 75.5433065, 26.8106156 ], [ 75.5433762, 26.8107185 ], [ 75.5434272, 26.8108095 ], [ 75.5434754, 26.8108406 ], [ 75.5435425, 26.8108789 ], [ 75.5435747, 26.8109172 ], [ 75.5436149, 26.8109483 ], [ 75.5436686, 26.8109699 ], [ 75.5437996, 26.8109961 ] ] } },
{ "type": "Feature", "properties": { "name": "Arterial Link", "highway": "residential", "slope_pct": 0.6 }, "geometry": { "type": "LineString", "coordinates": [ [ 75.542981, 26.8094183 ], [ 75.5429953, 26.8096916 ], [ 75.5430071, 26.8097296 ], [ 75.5430248, 26.8097873 ], [ 75.5430597, 26.8098376 ], [ 75.5431348, 26.8098807 ], [ 75.543285, 26.8099357 ], [ 75.543336, 26.8099812 ], [ 75.5433762, 26.8100459 ], [ 75.5433869, 26.8100961 ], [ 75.5434055, 26.8101805 ] ] } },
{ "type": "Feature", "properties": { "name": "Arterial Link", "highway": "residential", "slope_pct": 0.6 }, "geometry": { "type": "LineString", "coordinates": [ [ 75.5432045, 26.8155756 ], [ 75.543336, 26.8155708 ], [ 75.5434459, 26.8155924 ], [ 75.5434835, 26.8156187 ], [ 75.543521, 26.8156666 ], [ 75.5435452, 26.815748 ], [ 75.5435747, 26.815949 ], [ 75.5435988, 26.8164637 ] ] } },
{ "type": "Feature", "properties": { "name": "Arterial Link", "highway": "residential", "slope_pct": 0.6 }, "geometry": { "type": "LineString", "coordinates": [ [ 75.5431026, 26.8142734 ], [ 75.5435935, 26.8142231 ], [ 75.5441138, 26.814192 ], [ 75.5444545, 26.8141441 ], [ 75.5445296, 26.8141441 ], [ 75.5446342, 26.81418 ], [ 75.5447629, 26.8142877 ], [ 75.5449158, 26.8144194 ], [ 75.5450526, 26.8145798 ], [ 75.5451786, 26.8147402 ], [ 75.5452913, 26.8148575 ], [ 75.5453771, 26.8149412 ] ] } },
{ "type": "Feature", "properties": { "name": "Arterial Link", "highway": "residential", "slope_pct": 0.6 }, "geometry": { "type": "LineString", "coordinates": [ [ 75.5431227, 26.8146265 ], [ 75.5438697, 26.8145678 ], [ 75.5445913, 26.814472 ] ] } },
{ "type": "Feature", "properties": { "name": "Arterial Link", "highway": "residential", "slope_pct": 0.6 }, "geometry": { "type": "LineString", "coordinates": [ [ 75.5462161, 26.8142118 ], [ 75.5464918, 26.8141693 ], [ 75.5465466, 26.8141609 ], [ 75.5469087, 26.8141082 ], [ 75.5470508, 26.8140747 ], [ 75.5471233, 26.8140364 ], [ 75.5471664, 26.814008 ], [ 75.5472252, 26.8139694 ], [ 75.5473056, 26.813943 ], [ 75.5475819, 26.813888 ] ] } },
{ "type": "Feature", "properties": { "name": "Arterial Link", "highway": "residential", "slope_pct": 0.6 }, "geometry": { "type": "LineString", "coordinates": [ [ 75.5455182, 26.8141275 ], [ 75.5460423, 26.8139957 ], [ 75.5461201, 26.8139981 ], [ 75.5461657, 26.8140316 ], [ 75.5461872, 26.8140651 ], [ 75.5462006, 26.8141345 ], [ 75.5462161, 26.8142118 ], [ 75.5462569, 26.8144146 ], [ 75.546273, 26.8145678 ], [ 75.5462837, 26.8146157 ], [ 75.5463132, 26.8146468 ] ] } },
{ "type": "Feature", "properties": { "name": "Arterial Link", "highway": "residential", "slope_pct": 0.6 }, "geometry": { "type": "LineString", "coordinates": [ [ 75.5453691, 26.8135528 ], [ 75.545471, 26.813955 ], [ 75.5455182, 26.8141275 ], [ 75.5456132, 26.8144745 ], [ 75.5456454, 26.8146971 ], [ 75.5456668, 26.8148982 ], [ 75.5456888, 26.8152382 ], [ 75.545691, 26.8152716 ], [ 75.5456749, 26.8153314 ], [ 75.5456454, 26.8153937 ], [ 75.5455998, 26.8154703 ], [ 75.5455729, 26.8155565 ], [ 75.5455649, 26.8156307 ], [ 75.5455941, 26.8159558 ] ] } },
{ "type": "Feature", "properties": { "name": "Arterial Link", "highway": "residential", "slope_pct": 0.6 }, "geometry": { "type": "LineString", "coordinates": [ [ 75.5452457, 26.8131914 ], [ 75.5444354, 26.8133848 ], [ 75.5441728, 26.8134475 ], [ 75.5436042, 26.8135624 ], [ 75.5433869, 26.8135864 ], [ 75.5430758, 26.8136187 ] ] } },
{ "type": "Feature", "properties": { "name": "Arterial Link", "highway": "secondary", "slope_pct": 0.6 }, "geometry": { "type": "LineString", "coordinates": [ [ 75.5425093, 26.8115403 ], [ 75.5425068, 26.811611 ], [ 75.54254, 26.811712 ], [ 75.5426842, 26.8120543 ], [ 75.5428961, 26.8125091 ], [ 75.5429457, 26.8126863 ], [ 75.5429645, 26.8128167 ], [ 75.5429859, 26.8129915 ], [ 75.542994, 26.8132728 ], [ 75.543002, 26.8136187 ], [ 75.5430208, 26.8140041 ], [ 75.5430664, 26.8146313 ], [ 75.5430986, 26.8150611 ], [ 75.5431242, 26.8153388 ], [ 75.5431429, 26.8157108 ], [ 75.5431799, 26.8161259 ], [ 75.5432086, 26.8164972 ], [ 75.5432555, 26.8171962 ], [ 75.5433078, 26.817882 ], [ 75.5433411, 26.8183764 ], [ 75.5433721, 26.8190091 ], [ 75.5433883, 26.8193362 ], [ 75.5434144, 26.8197634 ], [ 75.5434308, 26.8201828 ], [ 75.5434607, 26.820588 ], [ 75.5434956, 26.8211218 ], [ 75.5435211, 26.8215268 ], [ 75.5435434, 26.8219623 ], [ 75.5435814, 26.8220302 ] ] } },
{ "type": "Feature", "properties": { "name": "Arterial Link", "highway": "secondary", "slope_pct": 0.6 }, "geometry": { "type": "LineString", "coordinates": [ [ 75.5435814, 26.8220302 ], [ 75.5436002, 26.8219524 ], [ 75.5435774, 26.821518 ], [ 75.5435693, 26.8213935 ], [ 75.543568, 26.8212846 ], [ 75.543509, 26.8205378 ], [ 75.5434829, 26.8201751 ], [ 75.5434728, 26.8197598 ], [ 75.5434701, 26.819627 ], [ 75.5434339, 26.819007 ], [ 75.5434138, 26.8187377 ], [ 75.5433963, 26.8183715 ], [ 75.5432832, 26.8168951 ], [ 75.5432779, 26.816827 ], [ 75.5432337, 26.816123 ], [ 75.5432045, 26.8155756 ], [ 75.5431911, 26.8153374 ], [ 75.5431657, 26.8150585 ], [ 75.5431348, 26.8147426 ], [ 75.5431227, 26.8146265 ], [ 75.5431026, 26.8142734 ], [ 75.5430852, 26.8138377 ], [ 75.5430758, 26.8136187 ], [ 75.5430691, 26.8133805 ], [ 75.543061, 26.8131435 ], [ 75.5430329, 26.8128862 ], [ 75.5430007, 26.8126982 ], [ 75.5429511, 26.8125283 ], [ 75.5427781, 26.8121309 ], [ 75.5425487, 26.8115929 ], [ 75.5425093, 26.8115403 ] ] } },
{ "type": "Feature", "properties": { "name": "Arterial Link", "highway": "residential", "slope_pct": 0.6 }, "geometry": { "type": "LineString", "coordinates": [ [ 75.5434598, 26.8080029 ], [ 75.543404, 26.8081408 ], [ 75.5433682, 26.8082097 ], [ 75.5432924, 26.8082404 ], [ 75.543122, 26.8082536 ], [ 75.5428976, 26.808271 ], [ 75.5426761, 26.808271 ], [ 75.5426058, 26.808271 ], [ 75.5424169, 26.8082021 ], [ 75.5422485, 26.8081695 ] ] } },
{ "type": "Feature", "properties": { "name": "Arterial Link", "highway": "residential", "slope_pct": 0.6 }, "geometry": { "type": "LineString", "coordinates": [ [ 75.5391125, 26.8166376 ], [ 75.5399618, 26.8165044 ], [ 75.5400717, 26.8164685 ], [ 75.5401522, 26.8164134 ], [ 75.5402327, 26.8163416 ], [ 75.5403158, 26.8162123 ], [ 75.5403882, 26.8161429 ], [ 75.540466, 26.8161142 ], [ 75.540714, 26.816046 ] ] } },
{ "type": "Feature", "properties": { "name": "Arterial Link", "highway": "residential", "slope_pct": 0.6 }, "geometry": { "type": "LineString", "coordinates": [ [ 75.5383055, 26.8168463 ], [ 75.5384037, 26.8171304 ], [ 75.5384812, 26.8173542 ], [ 75.5384919, 26.8174236 ], [ 75.5384731, 26.8174643 ], [ 75.5384463, 26.817493 ], [ 75.5383122, 26.8176247 ], [ 75.5382907, 26.8176821 ], [ 75.5382907, 26.81773 ], [ 75.5383149, 26.8178497 ], [ 75.5383471, 26.8179167 ], [ 75.5384114, 26.8180005 ], [ 75.5384919, 26.8180747 ], [ 75.5385643, 26.8182039 ], [ 75.5385854, 26.8182537 ], [ 75.538626, 26.81835 ], [ 75.5386636, 26.8185223 ], [ 75.5387118, 26.8188694 ], [ 75.5387762, 26.8194798 ], [ 75.5388245, 26.8197551 ], [ 75.5388701, 26.8200638 ], [ 75.538862, 26.8201189 ], [ 75.5388325, 26.8201404 ], [ 75.5387843, 26.8201524 ], [ 75.5384937, 26.8201953 ], [ 75.5384114, 26.8202075 ], [ 75.5380977, 26.8202463 ], [ 75.538044, 26.8202529 ], [ 75.5378482, 26.820275 ], [ 75.537709, 26.8202906 ], [ 75.5374485, 26.82032 ], [ 75.5374083, 26.8203056 ], [ 75.5373627, 26.8202553 ], [ 75.5373439, 26.8201955 ], [ 75.537309, 26.8200255 ] ] } },
{ "type": "Feature", "properties": { "name": "Arterial Link", "highway": "residential", "slope_pct": 0.6 }, "geometry": { "type": "LineString", "coordinates": [ [ 75.544162, 26.8195022 ], [ 75.5441542, 26.8192691 ], [ 75.5441393, 26.8188288 ], [ 75.5441247, 26.8183936 ], [ 75.5440957, 26.817869 ], [ 75.5440359, 26.8167849 ] ] } },
{ "type": "Feature", "properties": { "name": "Arterial Link", "highway": "residential", "slope_pct": 0.6 }, "geometry": { "type": "LineString", "coordinates": [ [ 75.5446479, 26.8167501 ], [ 75.544748, 26.8178407 ] ] } },
{ "type": "Feature", "properties": { "name": "Arterial Link", "highway": "residential", "slope_pct": 0.6 }, "geometry": { "type": "LineString", "coordinates": [ [ 75.5452828, 26.8167141 ], [ 75.5452216, 26.8161046 ], [ 75.5452484, 26.8160496 ], [ 75.5453047, 26.8160137 ], [ 75.5454066, 26.8159849 ], [ 75.5455941, 26.8159558 ], [ 75.5456731, 26.8159481 ] ] } },
{ "type": "Feature", "properties": { "name": "Arterial Link", "highway": "residential", "slope_pct": 0.6 }, "geometry": { "type": "LineString", "coordinates": [ [ 75.5473527, 26.8173113 ], [ 75.546759, 26.817295 ], [ 75.5463427, 26.8172943 ], [ 75.5462301, 26.8172823 ], [ 75.5461657, 26.817244 ], [ 75.5461308, 26.8171866 ], [ 75.5460625, 26.815934 ] ] } },
{ "type": "Feature", "properties": { "name": "Arterial Link", "highway": "residential", "slope_pct": 0.6 }, "geometry": { "type": "LineString", "coordinates": [ [ 75.546759, 26.817295 ], [ 75.5466847, 26.8158923 ] ] } },
{ "type": "Feature", "properties": { "name": "Arterial Link", "highway": "residential", "slope_pct": 0.6 }, "geometry": { "type": "LineString", "coordinates": [ [ 75.5473776, 26.8178433 ], [ 75.5473527, 26.8173113 ], [ 75.5473151, 26.8165105 ], [ 75.5472979, 26.8161431 ], [ 75.5472843, 26.8158526 ], [ 75.5472537, 26.8151993 ], [ 75.5478765, 26.815176 ], [ 75.5480318, 26.8151702 ], [ 75.5483904, 26.8151569 ], [ 75.5484198, 26.815786 ] ] } },
{ "type": "Feature", "properties": { "name": "Arterial Link", "highway": "residential", "slope_pct": 0.6 }, "geometry": { "type": "LineString", "coordinates": [ [ 75.5498151, 26.8163839 ], [ 75.5497925, 26.8157246 ] ] } },
{ "type": "Feature", "properties": { "name": "Arterial Link", "highway": "residential", "slope_pct": 0.6 }, "geometry": { "type": "LineString", "coordinates": [ [ 75.5493005, 26.8164084 ], [ 75.5493006, 26.8157556 ] ] } },
{ "type": "Feature", "properties": { "name": "Arterial Link", "highway": "residential", "slope_pct": 0.6 }, "geometry": { "type": "LineString", "coordinates": [ [ 75.5489192, 26.8164265 ], [ 75.5488976, 26.8157695 ] ] } },
{ "type": "Feature", "properties": { "name": "Arterial Link", "highway": "residential", "slope_pct": 0.6 }, "geometry": { "type": "LineString", "coordinates": [ [ 75.5484583, 26.8164484 ], [ 75.5484198, 26.815786 ] ] } },
{ "type": "Feature", "properties": { "name": "Arterial Link", "highway": "residential", "slope_pct": 0.6 }, "geometry": { "type": "LineString", "coordinates": [ [ 75.5479969, 26.8164711 ], [ 75.5479578, 26.8158135 ], [ 75.5478765, 26.815176 ] ] } },
{ "type": "Feature", "properties": { "name": "Arterial Link", "highway": "residential", "slope_pct": 0.6 }, "geometry": { "type": "LineString", "coordinates": [ [ 75.5466847, 26.8158923 ], [ 75.5466405, 26.8153602 ], [ 75.5466272, 26.8149456 ], [ 75.5466136, 26.8148024 ], [ 75.5466029, 26.8147593 ], [ 75.5465814, 26.8147162 ], [ 75.5465332, 26.8146827 ], [ 75.5463749, 26.814666 ], [ 75.5463132, 26.8146468 ] ] } },
{ "type": "Feature", "properties": { "name": "Arterial Link", "highway": "residential", "slope_pct": 0.6 }, "geometry": { "type": "LineString", "coordinates": [ [ 75.5466272, 26.8149456 ], [ 75.5461995, 26.815002 ] ] } },
{ "type": "Feature", "properties": { "name": "Arterial Link", "highway": "residential", "slope_pct": 0.6 }, "geometry": { "type": "LineString", "coordinates": [ [ 75.5466405, 26.8153602 ], [ 75.5463655, 26.8153889 ], [ 75.5463293, 26.8153997 ], [ 75.5462985, 26.8154224 ], [ 75.5462904, 26.8154619 ], [ 75.5463017, 26.8156138 ] ] } },
{ "type": "Feature", "properties": { "name": "Arterial Link", "highway": "residential", "slope_pct": 0.6 }, "geometry": { "type": "LineString", "coordinates": [ [ 75.5483904, 26.8151569 ], [ 75.5483624, 26.8146636 ] ] } },
{ "type": "Feature", "properties": { "name": "Arterial Link", "highway": "residential", "slope_pct": 0.6 }, "geometry": { "type": "LineString", "coordinates": [ [ 75.5480111, 26.8146875 ], [ 75.5480318, 26.8151702 ] ] } },
{ "type": "Feature", "properties": { "name": "Arterial Link", "highway": "residential", "slope_pct": 0.6 }, "geometry": { "type": "LineString", "coordinates": [ [ 75.549792, 26.8142064 ], [ 75.5496311, 26.8142351 ], [ 75.549489, 26.814247 ], [ 75.5492637, 26.814271 ], [ 75.5490464, 26.8143117 ], [ 75.5489391, 26.8143476 ], [ 75.5488318, 26.8143859 ], [ 75.5486789, 26.814429 ], [ 75.5486333, 26.8144529 ], [ 75.5486092, 26.8144912 ], [ 75.5485824, 26.8145678 ], [ 75.5485582, 26.8146085 ], [ 75.548526, 26.8146301 ], [ 75.5484751, 26.8146444 ], [ 75.5483624, 26.8146636 ], [ 75.5480111, 26.8146875 ], [ 75.5477455, 26.8146947 ], [ 75.5476974, 26.8147028 ], [ 75.54759, 26.814721 ], [ 75.5475175, 26.8147378 ], [ 75.5474558, 26.8147713 ], [ 75.5473888, 26.8148096 ], [ 75.5473056, 26.8148407 ], [ 75.547193, 26.8148694 ], [ 75.5470481, 26.8148982 ], [ 75.5469194, 26.8149149 ], [ 75.5466272, 26.8149456 ] ] } },
{ "type": "Feature", "properties": { "name": "Arterial Link", "highway": "residential", "slope_pct": 0.6 }, "geometry": { "type": "LineString", "coordinates": [ [ 75.5472537, 26.8151993 ], [ 75.547193, 26.8148694 ] ] } },
{ "type": "Feature", "properties": { "name": "Arterial Link", "highway": "residential", "slope_pct": 0.6 }, "geometry": { "type": "LineString", "coordinates": [ [ 75.5456888, 26.8152382 ], [ 75.5460331, 26.8152192 ] ] } },
{ "type": "Feature", "properties": { "name": "Arterial Link", "highway": "residential", "slope_pct": 0.6 }, "geometry": { "type": "LineString", "coordinates": [ [ 75.5456132, 26.8144745 ], [ 75.5462569, 26.8144146 ] ] } },
{ "type": "Feature", "properties": { "name": "Arterial Link", "highway": "residential", "slope_pct": 0.6 }, "geometry": { "type": "LineString", "coordinates": [ [ 75.5456454, 26.8153937 ], [ 75.545935, 26.8153913 ], [ 75.5459967, 26.8153865 ], [ 75.5460289, 26.8153697 ], [ 75.546045, 26.8153386 ], [ 75.5460331, 26.8152192 ], [ 75.545986, 26.814745 ], [ 75.5459672, 26.8147114 ], [ 75.5459243, 26.8146947 ], [ 75.5458653, 26.8146947 ], [ 75.5456454, 26.8146971 ] ] } },
{ "type": "Feature", "properties": { "name": "Arterial Link", "highway": "residential", "slope_pct": 0.6 }, "geometry": { "type": "LineString", "coordinates": [ [ 75.550575, 26.8084001 ], [ 75.5502963, 26.8084383 ], [ 75.5502695, 26.8084647 ], [ 75.5502775, 26.8085532 ], [ 75.5503245, 26.8088058 ], [ 75.5503649, 26.808962 ], [ 75.5503902, 26.8090596 ], [ 75.5505243, 26.8093612 ], [ 75.5506497, 26.8095953 ] ] } },
{ "type": "Feature", "properties": { "name": "Arterial Link", "highway": "residential", "slope_pct": 0.6 }, "geometry": { "type": "LineString", "coordinates": [ [ 75.5506396, 26.8088633 ], [ 75.5503649, 26.808962 ] ] } },
{ "type": "Feature", "properties": { "name": "Arterial Link", "highway": "residential", "slope_pct": 0.6 }, "geometry": { "type": "LineString", "coordinates": [ [ 75.5500513, 26.8125899 ], [ 75.5504639, 26.8125833 ], [ 75.5505162, 26.8125702 ], [ 75.5505431, 26.8125355 ], [ 75.5505525, 26.8124852 ], [ 75.550535, 26.8120615 ], [ 75.5505364, 26.8120148 ], [ 75.5505578, 26.8119789 ], [ 75.5506115, 26.8119574 ], [ 75.5509434, 26.8119228 ], [ 75.5514282, 26.8118724 ] ] } }
]
}
